/*--------------------------------*- C++ -*----------------------------------*\
| =========                 |                                                 |
| \\      /  F ield         | OpenFOAM: The Open Source CFD Toolbox           |
|  \\    /   O peration     | Version:  2412                                  |
|   \\  /    A nd           | Website:  www.openfoam.com                      |
|    \\/     M anipulation  |                                                 |
\*---------------------------------------------------------------------------*/
FoamFile
{
    version     2.0;
    format      ascii;
    arch        "LSB;label=32;scalar=64";
    class       surfaceScalarField;
    location    "400";
    object      phi;
}
// * * * * * * * * * * * * * * * * * * * * * * * * * * * * * * * * * * * * * //

dimensions      [0 3 -1 0 0 0 0];

oriented        oriented;

internalField   nonuniform List<scalar> 
21254
(
-0.189039
0.206379
-0.0173398
0.225518
-0.0191397
0.241923
-0.0164045
0.25629
-0.0143686
0.269438
-0.0131477
0.279357
-0.00991834
0.286324
-0.00696599
0.29078
-0.004455
0.291387
-0.000607736
0.287794
0.00359316
0.278937
0.00885583
0.263081
0.0158551
0.238444
0.0246367
0.201923
0.0365206
0.150574
0.0513499
0.0860131
0.0645612
0.0219079
0.0641065
-0.0220226
0.0439323
-0.0362263
0.0142063
-0.0357149
-0.000506932
-0.0386437
0.00293451
-0.0419327
0.00329224
-0.0465476
0.00462671
-0.0510542
0.0045029
-0.0553288
0.00424549
-0.0600751
0.00483778
-0.0649652
0.00507775
-0.0688859
0.00381277
-0.0714896
0.00221464
-0.0738067
0.00205824
-0.0768134
0.00346054
-0.0814398
0.00495341
-0.0865403
0.00480572
-0.090197
0.00351116
-0.0920661
0.00207322
-0.0888992
-0.00308992
-0.0925844
0.00363459
-0.0459834
-0.0466275
0.0773458
-0.124022
-0.168676
-0.0203637
-0.147258
-0.0214174
-0.120997
-0.0262613
-0.0921713
-0.028825
-0.0617507
-0.030421
-0.0303933
-0.0313578
0.000181326
-0.0305744
0.0288559
-0.0286738
0.0553749
-0.0265185
0.0787963
-0.0234209
0.0989334
-0.0201368
0.11603
-0.0170964
0.130438
-0.0144079
0.142535
-0.0120966
0.153015
-0.01048
0.162143
-0.00912816
0.170371
-0.00822817
0.177905
-0.00753449
0.185041
-0.00713597
0.191884
-0.00684269
0.198597
-0.00671384
0.205161
-0.00656379
0.211496
-0.00633527
0.216923
-0.0054261
0.221254
-0.00433089
0.224834
-0.00357949
0.227723
-0.00288745
0.230161
-0.00243645
0.232277
-0.0021157
0.234138
-0.00185729
0.235683
-0.0015415
0.236898
-0.00121211
0.237791
-0.000888555
0.238464
-0.00066609
0.239046
-0.000576338
0.239708
-0.000659976
0.240948
-0.00123204
0.24284
-0.00203509
0.252814
-0.00976728
-0.17302
0.191685
-0.0360037
0.210618
-0.0380729
0.230159
-0.0359459
0.24811
-0.0323201
0.265291
-0.0303282
0.280795
-0.0254218
0.294259
-0.0204293
0.305854
-0.0160488
0.315653
-0.0104065
0.324426
-0.00518058
0.332109
0.00117163
0.338135
0.00982877
0.341066
0.0217052
0.338019
0.0395673
0.323222
0.0661471
0.28752
0.100263
0.222751
0.128876
0.134646
0.132038
0.0430752
0.105778
-0.0139579
0.0565277
-0.0313255
0.020304
-0.0392315
0.0111983
-0.0461664
0.0115652
-0.0525807
0.0109117
-0.0586509
0.0102999
-0.0640603
0.0102817
-0.0683025
0.00942061
-0.0714506
0.00694318
-0.0742778
0.00487025
-0.0777906
0.00544222
-0.0819867
0.00790595
-0.0865211
0.00965249
-0.0903276
0.00845343
-0.0924483
0.00555057
-0.092908
0.00263309
-0.0892669
-0.00669858
-0.0832426
-0.00242444
-0.0455762
-0.0843244
0.0672634
-0.237239
-0.153795
-0.0395888
-0.133022
-0.04219
-0.10848
-0.0508034
-0.0823237
-0.0549819
-0.0543141
-0.058431
-0.0247621
-0.06091
0.00514536
-0.0604816
0.0334703
-0.0569983
0.0591123
-0.05216
0.0821142
-0.0464224
0.102276
-0.0402988
0.119929
-0.0347488
0.13541
-0.029889
0.148899
-0.0255857
0.160838
-0.0224187
0.171504
-0.0197941
0.181172
-0.0178959
0.190139
-0.0165017
0.198655
-0.0156515
0.206821
-0.0150089
0.214801
-0.0146933
0.222665
-0.0144272
0.230343
-0.0140127
0.237358
-0.0124402
0.24342
-0.0103908
0.248722
-0.0088802
0.25317
-0.00733314
0.256686
-0.00595046
0.259259
-0.00468909
0.260984
-0.00357677
0.26201
-0.00256359
0.262571
-0.00176948
0.262842
-0.00115548
0.263042
-0.000858733
0.263339
-0.000866628
0.263927
-0.00123967
0.265209
-0.00250716
0.26746
-0.00444973
0.278458
-0.0205275
-0.169142
0.188169
-0.0550318
0.207151
-0.0570543
0.227324
-0.0561197
0.245431
-0.0504259
0.262246
-0.0471438
0.277815
-0.040989
0.291016
-0.0336293
0.302103
-0.0271353
0.310477
-0.0187806
0.316248
-0.010952
0.319666
-0.0022478
0.321794
0.00770024
0.32387
0.0196281
0.328175
0.0352617
0.335528
0.0587945
0.342023
0.0937678
0.332074
0.138825
0.287302
0.17681
0.202145
0.190935
0.0960633
0.162611
0.0157506
0.100619
-0.0195427
0.046495
-0.0329863
0.0250175
-0.0431444
0.0210701
-0.0517876
0.018932
-0.0589012
0.0174533
-0.0640749
0.014724
-0.0675137
0.0103014
-0.070418
0.00752017
-0.0741848
0.00905375
-0.0788495
0.0128384
-0.083758
0.0147574
-0.0878158
0.0123356
-0.0901708
0.00782142
-0.0909388
0.00352052
-0.0876772
-0.00991436
-0.0784649
-0.0116539
-0.0451733
-0.117616
0.0538117
-0.336377
-0.149802
-0.0589282
-0.128513
-0.0634788
-0.102846
-0.0764703
-0.075941
-0.0818876
-0.0476125
-0.0867599
-0.0180034
-0.0905189
0.0114563
-0.089941
0.0390633
-0.0846048
0.0644449
-0.0775412
0.0875293
-0.0695064
0.107961
-0.0607299
0.125932
-0.0527202
0.141781
-0.0457381
0.15575
-0.0395545
0.168134
-0.0348023
0.179267
-0.0309272
0.189402
-0.0280312
0.1988
-0.0258993
0.207662
-0.0245138
0.21615
-0.0234973
0.224453
-0.0229961
0.232582
-0.0225562
0.240437
-0.0218679
0.247705
-0.0197089
0.254084
-0.0167697
0.259691
-0.0144863
0.2646
-0.0122421
0.268862
-0.0102105
0.272558
-0.00838531
0.275707
-0.00672263
0.278387
-0.00524132
0.280615
-0.00399379
0.282489
-0.00302566
0.284087
-0.0024507
0.28556
-0.00233537
0.287095
-0.00277579
0.289029
-0.00443182
0.292314
-0.00783575
0.299909
-0.0279808
-0.164508
0.184382
-0.074905
0.20412
-0.0767932
0.225484
-0.0774827
0.244622
-0.0695642
0.262767
-0.065287
0.279643
-0.0578636
0.294551
-0.0485358
0.307275
-0.0398595
0.317911
-0.0294171
0.326273
-0.0193152
0.332499
-0.00847486
0.336337
0.00386182
0.337809
0.0181547
0.337627
0.0354438
0.338647
0.0577747
0.344945
0.0874699
0.35571
0.12806
0.355832
0.176688
0.322602
0.224165
0.240058
0.245155
0.12747
0.213206
0.0362663
0.137699
-0.00888533
0.0701709
-0.0285306
0.0407118
-0.042053
0.0324436
-0.0521078
0.0275252
-0.058814
0.0214793
-0.0628116
0.0142956
-0.0659799
0.0106084
-0.0702241
0.0132331
-0.075568
0.0183156
-0.0810115
0.0202799
-0.085406
0.0166477
-0.0881087
0.0104847
-0.089461
0.00492098
-0.0871276
-0.012236
-0.0767887
-0.0220146
-0.0463437
-0.148078
0.0402208
-0.423118
-0.144643
-0.0787931
-0.123181
-0.0849412
-0.0968845
-0.102767
-0.0696384
-0.109134
-0.0409962
-0.115402
-0.0109939
-0.120521
0.0186212
-0.119556
0.0461689
-0.112152
0.0714392
-0.102811
0.0944342
-0.0925011
0.114812
-0.0811079
0.132832
-0.0707395
0.148888
-0.0617945
0.163201
-0.0538667
0.176077
-0.0476788
0.187733
-0.0425834
0.198466
-0.0387638
0.208446
-0.0358792
0.217905
-0.0339724
0.22698
-0.0325728
0.235785
-0.0318006
0.244388
-0.0311588
0.252731
-0.0302097
0.26048
-0.0274575
0.267374
-0.0236622
0.273478
-0.0205879
0.278849
-0.0176115
0.283551
-0.0149102
0.287629
-0.0124625
0.29118
-0.0102687
0.294269
-0.00832686
0.296978
-0.00669848
0.299397
-0.00543952
0.301669
-0.00471547
0.303916
-0.00457398
0.30633
-0.0051794
0.309093
-0.00718425
0.313573
-0.0124577
0.319282
-0.033456
-0.163032
0.183733
-0.0956053
0.204323
-0.0973838
0.226955
-0.100115
0.246777
-0.0893848
0.265783
-0.0842908
0.283547
-0.0756265
0.299153
-0.0641409
0.312631
-0.0533375
0.32417
-0.0409572
0.33323
-0.0283761
0.340063
-0.0153089
0.34467
-0.000746699
0.347487
0.0153369
0.348469
0.034461
0.348396
0.0578479
0.349466
0.0863994
0.355896
0.121629
0.367935
0.164649
0.372793
0.219307
0.343116
0.274833
0.258039
0.298283
0.140539
0.255201
0.0456576
0.165057
-0.00330352
0.089675
-0.027042
0.0561762
-0.0423974
0.0429352
-0.0519576
0.031139
-0.0572915
0.0195801
-0.0611657
0.0142785
-0.066137
0.0180921
-0.0722614
0.0246425
-0.0782636
0.0264351
-0.0830047
0.021261
-0.0861092
0.0135239
-0.0881674
0.0070622
-0.0869775
-0.0133874
-0.0766796
-0.0323226
-0.0486504
-0.176101
0.0268908
-0.498725
-0.142146
-0.0996789
-0.119932
-0.107156
-0.0923692
-0.13033
-0.0641856
-0.137318
-0.0346928
-0.144895
-0.00388524
-0.151329
0.0263699
-0.149811
0.0542423
-0.140024
0.0796477
-0.128216
0.102718
-0.115571
0.123124
-0.101513
0.141202
-0.0888178
0.157418
-0.0780099
0.171963
-0.0684122
0.185147
-0.0608628
0.197233
-0.0546687
0.208396
-0.0499274
0.218825
-0.0463079
0.228719
-0.0438661
0.238221
-0.0420749
0.247428
-0.0410078
0.256386
-0.0401173
0.265064
-0.0388879
0.273179
-0.0355729
0.280456
-0.0309395
0.286929
-0.027061
0.292645
-0.0233269
0.297668
-0.0199327
0.302035
-0.0168293
0.305809
-0.0140411
0.309071
-0.0115871
0.311939
-0.00956377
0.314507
-0.00800432
0.316907
-0.00710916
0.319346
-0.00701067
0.322024
-0.00786181
0.325136
-0.0102834
0.329982
-0.017365
0.335885
-0.0392715
-0.162362
0.184041
-0.117283
0.205843
-0.119186
0.229718
-0.123989
0.250599
-0.110265
0.270484
-0.104174
0.289403
-0.0945436
0.305823
-0.0805603
0.320391
-0.0679055
0.332807
-0.053375
0.343009
-0.0385795
0.351161
-0.0234617
0.357181
-0.00676754
0.361363
0.0111542
0.363863
0.0319602
0.364893
0.0568177
0.365233
0.0860595
0.366072
0.12079
0.371062
0.159659
0.382791
0.207578
0.38827
0.269354
0.35463
0.331923
0.261479
0.348351
0.139763
0.286773
0.0466406
0.182795
-0.00211275
0.104923
-0.0273635
0.0681976
-0.0421812
0.0459907
-0.050189
0.0275872
-0.0554578
0.019499
-0.0615113
0.0241055
-0.0686414
0.0318645
-0.0753403
0.0331797
-0.0804922
0.0263606
-0.0840204
0.0170304
-0.0868472
0.00991684
-0.0869377
-0.0132939
-0.0774285
-0.0418514
-0.0518673
-0.201675
0.0138321
-0.564531
-0.140517
-0.121524
-0.117445
-0.130228
-0.08853
-0.159246
-0.059121
-0.166727
-0.02849
-0.175526
0.00341202
-0.18323
0.0346064
-0.181005
0.0630995
-0.168517
0.0888722
-0.153988
0.112152
-0.138851
0.132662
-0.122023
0.150775
-0.106931
0.167057
-0.0942918
0.181753
-0.0831082
0.195157
-0.0742671
0.20753
-0.0670413
0.219038
-0.0614354
0.229887
-0.0571563
0.240208
-0.0541876
0.250142
-0.0520087
0.259789
-0.050654
0.269177
-0.0495053
0.27826
-0.0479707
0.286853
-0.0441646
0.29461
-0.0386946
0.301518
-0.0339673
0.307681
-0.0294879
0.313105
-0.025355
0.317852
-0.0215743
0.321982
-0.0181676
0.325579
-0.0151798
0.328734
-0.0127142
0.331553
-0.0108186
0.334229
-0.00977736
0.336863
-0.00963543
0.339756
-0.0107433
0.343049
-0.0135629
0.347905
-0.0223129
0.35345
-0.0446246
-0.162923
0.185874
-0.140235
0.208685
-0.141996
0.234
-0.149303
0.256033
-0.132296
0.277025
-0.125164
0.296873
-0.11439
0.314292
-0.097979
0.329584
-0.0831978
0.342913
-0.0667048
0.353967
-0.0496347
0.362931
-0.0324274
0.36996
-0.0137983
0.375082
0.00603178
0.378575
0.0284667
0.380921
0.0544715
0.382332
0.0846478
0.383021
0.120102
0.38346
0.15922
0.388012
0.203025
0.399966
0.2574
0.402781
0.329109
0.358787
0.392345
0.253739
0.391824
0.130664
0.305869
0.0430652
0.192523
-0.00314745
0.114451
-0.027382
0.0703159
-0.0403316
0.0404983
-0.0481307
0.0271023
-0.0558635
0.0317358
-0.0643902
0.0405709
-0.0720508
0.0409768
-0.0777492
0.0319462
-0.0817271
0.02095
-0.0853191
0.0135782
-0.0868105
-0.0117677
-0.0786533
-0.0500151
-0.0557701
-0.224549
0.00097349
-0.621304
-0.139887
-0.14456
-0.115693
-0.154423
-0.0852815
-0.189657
-0.0544756
-0.197533
-0.0225037
-0.207498
0.0107904
-0.216524
0.0431656
-0.213379
0.0725587
-0.197909
0.0989309
-0.18036
0.122618
-0.162537
0.143324
-0.142729
0.161535
-0.125141
0.177894
-0.110651
0.192684
-0.0978983
0.20623
-0.0878128
0.218816
-0.0796273
0.230626
-0.0732449
0.241808
-0.068339
0.252511
-0.0648898
0.262838
-0.0623359
0.272873
-0.0606896
0.282643
-0.0592749
0.292134
-0.0574622
0.301103
-0.0531341
0.309311
-0.0469029
0.316675
-0.0413315
0.323231
-0.0360438
0.329046
-0.031169
0.334133
-0.0266628
0.338589
-0.0226235
0.342458
-0.019048
0.345868
-0.016122
0.34893
-0.0138784
0.351767
-0.0126086
0.354601
-0.0124697
0.357636
-0.0137852
0.361088
-0.0170012
0.36593
-0.0271797
0.371396
-0.050059
-0.164236
0.188484
-0.164482
0.212651
-0.166163
0.239523
-0.176174
0.26266
-0.155431
0.284805
-0.147308
0.305749
-0.135333
0.324054
-0.116283
0.340398
-0.0995431
0.354443
-0.0807511
0.366355
-0.0615481
0.376311
-0.0423845
0.384234
-0.0217224
0.390305
-4.04548e-05
0.394817
0.0239553
0.398002
0.0512861
0.40025
0.0823998
0.401841
0.11851
0.402215
0.158846
0.401948
0.203292
0.406835
0.252513
0.419321
0.316623
0.415575
0.396092
0.355704
0.451695
0.238907
0.422666
0.118422
0.313003
0.0381575
0.194722
-0.00420142
0.112701
-0.0259457
0.0622461
-0.0381955
0.0393155
-0.0485477
0.0420599
-0.0590919
0.0511912
-0.0681482
0.0500609
-0.0746063
0.0383636
-0.0791018
0.025433
-0.083449
0.0179446
-0.0864193
-0.00879948
-0.080088
-0.0563659
-0.0602354
-0.244412
-0.0117551
-0.669853
-0.139975
-0.168822
-0.114591
-0.179807
-0.0824343
-0.221814
-0.0500281
-0.22994
-0.0165047
-0.241022
0.0183339
-0.251363
0.0521374
-0.247183
0.0826234
-0.228395
0.109778
-0.207514
0.134013
-0.186772
0.15504
-0.163756
0.173407
-0.143509
0.189858
-0.127101
0.20472
-0.11276
0.218357
-0.10145
0.231122
-0.0923926
0.243137
-0.0852594
0.254597
-0.0797992
0.265614
-0.0759071
0.276299
-0.0730203
0.286696
-0.0710863
0.296866
-0.0694448
0.30676
-0.0673559
0.316177
-0.0625507
0.324842
-0.0555661
0.332666
-0.0491536
0.339675
-0.0430509
0.345917
-0.0374088
0.3514
-0.0321436
0.356201
-0.027421
0.360415
-0.0232579
0.364118
-0.0198199
0.367448
-0.0172031
0.370546
-0.0156978
0.373577
-0.0154921
0.376811
-0.0170064
0.380469
-0.0206423
0.385321
-0.0320791
0.390551
-0.0551439
-0.166409
0.192001
-0.190073
0.217559
-0.19172
0.246025
-0.204638
0.27045
-0.179855
0.293927
-0.170784
0.316078
-0.157483
0.335459
-0.135663
0.352579
-0.116664
0.367611
-0.0957839
0.380286
-0.0742251
0.390923
-0.0530225
0.399652
-0.0304524
0.406596
-0.00698514
0.41191
0.01864
0.415864
0.0473326
0.418828
0.0794346
0.421021
0.116317
0.422337
0.157529
0.42192
0.203708
0.421348
0.253085
0.428068
0.309902
0.440128
0.384031
0.424813
0.46701
0.346403
0.501075
0.221179
0.438226
0.106223
0.3097
0.0337036
0.185279
-0.00419702
0.100106
-0.0242464
0.059177
-0.0387434
0.0564371
-0.0522072
0.0648257
-0.0632935
0.0612818
-0.0708701
0.0458349
-0.0759836
0.0304884
-0.0810921
0.0231146
-0.0855995
-0.00425579
-0.081509
-0.0604618
-0.0651039
-0.260806
-0.0244023
-0.710564
-0.14068
-0.194551
-0.113922
-0.206566
-0.0799424
-0.255794
-0.045875
-0.264008
-0.0105852
-0.276311
0.0260081
-0.287956
0.06148
-0.282654
0.0932386
-0.260153
0.121347
-0.235622
0.146289
-0.211714
0.167754
-0.18522
0.186373
-0.162128
0.202962
-0.14369
0.217906
-0.127703
0.231625
-0.115168
0.244481
-0.105249
0.256674
-0.0974529
0.268348
-0.0914733
0.27963
-0.0871888
0.290629
-0.0840191
0.301398
-0.081855
0.311919
-0.0799665
0.322198
-0.0776354
0.332051
-0.0724031
0.341193
-0.0647087
0.349461
-0.057422
0.356924
-0.0505141
0.36357
-0.0440553
0.369467
-0.0380426
0.374646
-0.0326
0.379184
-0.0277967
0.383199
-0.023834
0.386787
-0.0207895
0.390127
-0.0190335
0.393396
-0.0187637
0.396825
-0.020445
0.400626
-0.0244274
0.405467
-0.0369289
0.410543
-0.0602234
-0.169107
0.196273
-0.217239
0.223329
-0.218775
0.253579
-0.234887
0.279366
-0.20564
0.30403
-0.195447
0.327505
-0.180956
0.347933
-0.15609
0.366062
-0.134795
0.381971
-0.111693
0.395445
-0.0877009
0.40688
-0.0644588
0.416456
-0.0400294
0.424118
-0.0146477
0.430145
0.012613
0.434908
0.0425688
0.438397
0.0759454
0.441002
0.113713
0.44278
0.155751
0.443499
0.202989
0.442278
0.254305
0.442354
0.309826
0.452048
0.374337
0.46106
0.457999
0.429603
0.532531
0.332668
0.535158
0.202684
0.439687
0.0949094
0.29307
0.029987
0.165038
-0.00412832
0.0932683
-0.0253256
0.0776105
-0.0430091
0.0825809
-0.0570252
0.0753177
-0.066242
0.0550165
-0.0721761
0.0364146
-0.0780797
0.0290333
-0.0841784
0.00183771
-0.0826997
-0.0619603
-0.0702446
-0.273269
-0.036987
-0.743867
-0.141997
-0.221662
-0.113748
-0.234814
-0.0777612
-0.291782
-0.0417532
-0.300016
-0.00463994
-0.313425
0.0339571
-0.326553
0.0711785
-0.319875
0.104396
-0.29337
0.133631
-0.264857
0.159444
-0.237527
0.181462
-0.207238
0.200403
-0.181068
0.217193
-0.160481
0.232239
-0.142749
0.246028
-0.128957
0.258975
-0.118195
0.271279
-0.109757
0.283114
-0.103309
0.29464
-0.0987146
0.305911
-0.0952898
0.316959
-0.0929027
0.32785
-0.0908572
0.338526
-0.0883114
0.348803
-0.0826793
0.358391
-0.074296
0.367148
-0.0661777
0.375052
-0.0584161
0.38216
-0.0511608
0.388467
-0.0443477
0.394036
-0.0381649
0.398953
-0.0327094
0.403278
-0.0281538
0.407177
-0.0246824
0.410791
-0.0226389
0.414292
-0.022255
0.417914
-0.0240537
0.421927
-0.0284212
0.426779
-0.0417968
0.431575
-0.0649091
-0.172498
0.201218
-0.245959
0.229812
-0.247368
0.261898
-0.266972
0.289263
-0.233003
0.31542
-0.221602
0.340233
-0.205768
0.361688
-0.177545
0.380916
-0.154024
0.397751
-0.12853
0.412079
-0.10203
0.424245
-0.0766253
0.434426
-0.050212
0.44286
-0.023082
0.449699
0.00577329
0.454984
0.0372837
0.4591
0.0718291
0.46213
0.110682
0.464298
0.153583
0.465568
0.201718
0.465427
0.254446
0.463588
0.311663
0.466039
0.371886
0.478558
0.445478
0.480274
0.530813
0.428955
0.586471
0.314914
0.553736
0.183407
0.424599
0.0836803
0.264731
0.0259694
0.15081
-0.00671594
0.11016
-0.0305161
0.106557
-0.0486976
0.0936493
-0.0603348
0.0665522
-0.0674221
0.0434419
-0.0741985
0.0358693
-0.081962
0.00963853
-0.0834176
-0.0605093
-0.0753898
-0.281282
-0.0494591
-0.769801
-0.143722
-0.250437
-0.11393
-0.264606
-0.0758107
-0.329901
-0.0377719
-0.338055
0.00143404
-0.352631
0.0420855
-0.367204
0.081283
-0.359072
0.116118
-0.328204
0.146648
-0.295386
0.173418
-0.264296
0.196126
-0.229946
0.21549
-0.200432
0.232552
-0.177543
0.247736
-0.157933
0.261608
-0.142829
0.274619
-0.131206
0.287013
-0.12215
0.298992
-0.115288
0.310673
-0.110395
0.322172
-0.106789
0.333532
-0.104263
0.344747
-0.102073
0.355781
-0.099345
0.36649
-0.0933883
0.376536
-0.0843429
0.385756
-0.0753979
0.394144
-0.0668051
0.401697
-0.0587134
0.408452
-0.0511052
0.414425
-0.0441393
0.419697
-0.0379829
0.424392
-0.0328487
0.428592
-0.0288828
0.432491
-0.0265348
0.436236
-0.0260054
0.440087
-0.0279147
0.444267
-0.0325867
0.449088
-0.0466202
0.453647
-0.0694908
-0.176324
0.206821
-0.276454
0.23713
-0.277676
0.271168
-0.301008
0.300051
-0.261885
0.327711
-0.24926
0.353975
-0.232032
0.376795
-0.200365
0.397042
-0.174272
0.414836
-0.146325
0.42998
-0.117176
0.442973
-0.0896196
0.453963
-0.0612027
0.462981
-0.0321008
0.470397
-0.00164254
0.476379
0.0313016
0.481034
0.0671736
0.484489
0.107227
0.486903
0.151169
0.488412
0.200209
0.489121
0.253737
0.488139
0.312645
0.486819
0.373207
0.493202
0.439095
0.506678
0.517337
0.495537
0.59761
0.421091
0.628185
0.291915
0.553785
0.161846
0.394814
0.0715023
0.241144
0.0197456
0.161901
-0.0134085
0.139779
-0.0374203
0.117678
-0.0525903
0.0816899
-0.0613697
0.0522167
-0.0691912
0.0437049
-0.078717
0.0191576
-0.0834096
-0.0558371
-0.0803143
-0.284384
-0.0617546
-0.788392
-0.1459
-0.280861
-0.114352
-0.296154
-0.0740271
-0.370226
-0.0337911
-0.378291
0.00760185
-0.394024
0.0504892
-0.410092
0.0918494
-0.400432
0.12842
-0.364774
0.160362
-0.327328
0.188268
-0.292202
0.211774
-0.253452
0.231663
-0.220321
0.249032
-0.194911
0.264411
-0.173311
0.278385
-0.156804
0.291472
-0.144292
0.303925
-0.134604
0.315998
-0.127361
0.327841
-0.122238
0.339526
-0.118474
0.351122
-0.115859
0.36263
-0.11358
0.374049
-0.110764
0.385172
-0.104511
0.395673
-0.0948432
0.405366
-0.0850898
0.414218
-0.0756555
0.42225
-0.0667433
0.429428
-0.0582815
0.435837
-0.0505455
0.441512
-0.0436527
0.446556
-0.0378876
0.451107
-0.0334271
0.455285
-0.0307035
0.459307
-0.0300169
0.463372
-0.031966
0.467725
-0.0369169
0.472588
-0.0514792
0.476895
-0.0737125
-0.180763
0.212966
-0.308656
0.245098
-0.309806
0.281212
-0.33712
0.311858
-0.292529
0.341159
-0.278559
0.368934
-0.259806
0.39305
-0.224481
0.414505
-0.195727
0.433248
-0.165069
0.449281
-0.133211
0.463027
-0.103366
0.474689
-0.0728658
0.484473
-0.0418853
0.492541
-0.00971077
0.49905
0.0247922
0.504158
0.0620654
0.508069
0.103315
0.510881
0.148356
0.512647
0.198442
0.513563
0.252819
0.513632
0.312574
0.51212
0.374717
0.512805
0.438407
0.523571
0.506566
0.533837
0.587337
0.503232
0.658787
0.403174
0.653849
0.261958
0.535999
0.137692
0.365282
0.0580837
0.241385
0.0102691
0.18775
-0.021961
0.150056
-0.0422272
0.10186
-0.0535468
0.0634727
-0.0627127
0.0529299
-0.0741481
0.0306326
-0.0823827
-0.0476059
-0.0846836
-0.282067
-0.0737206
-0.799356
-0.14842
-0.313205
-0.115162
-0.329413
-0.0724004
-0.412988
-0.0298604
-0.420831
0.0139282
-0.437812
0.0592759
-0.455439
0.102838
-0.443994
0.14135
-0.403286
0.174836
-0.360813
0.20399
-0.321355
0.228397
-0.277859
0.248898
-0.240821
0.26669
-0.212702
0.282314
-0.188936
0.296421
-0.17091
0.309586
-0.157458
0.322103
-0.147121
0.334248
-0.139505
0.346189
-0.134179
0.358042
-0.130328
0.369847
-0.127664
0.381645
-0.125377
0.393392
-0.122511
0.404931
-0.11605
0.415874
-0.105787
0.426034
-0.0952507
0.435363
-0.0849846
0.443842
-0.075223
0.451493
-0.065936
0.45834
-0.0573938
0.464434
-0.0497487
0.469876
-0.0433303
0.474767
-0.0383198
0.479271
-0.0352059
0.483558
-0.0343123
0.487876
-0.0362955
0.492411
-0.0414367
0.497215
-0.0562868
0.501295
-0.0778244
-0.185592
0.219731
-0.342794
0.253794
-0.343868
0.292129
-0.375454
0.324584
-0.324982
0.355564
-0.309538
0.384969
-0.289209
0.410505
-0.250018
0.433144
-0.218367
0.452998
-0.184924
0.469925
-0.150139
0.484546
-0.117988
0.496919
-0.0852395
0.507346
-0.0523123
0.516018
-0.0183832
0.522972
0.0178377
0.52863
0.0564072
0.532955
0.0989897
0.536092
0.145218
0.538194
0.19634
0.539333
0.251679
0.539859
0.312048
0.539469
0.375107
0.538346
0.439531
0.542601
0.50231
0.556126
0.573811
0.556237
0.658679
0.498848
0.711247
0.372692
0.662168
0.225844
0.512132
0.113188
0.354035
0.0435155
0.257478
-0.000619635
0.194204
-0.0281414
0.129352
-0.0433125
0.078641
-0.0543386
0.0639699
-0.0679032
0.0441901
-0.0799752
-0.035554
-0.0881516
-0.273895
-0.0852016
-0.802325
-0.151444
-0.347354
-0.116108
-0.364748
-0.0708791
-0.458217
-0.0258447
-0.465865
0.0204238
-0.484081
0.068316
-0.503331
0.114378
-0.490056
0.154931
-0.443839
0.190139
-0.396021
0.22065
-0.351865
0.246073
-0.303281
0.267262
-0.262011
0.285534
-0.230974
0.301449
-0.204851
0.315718
-0.185178
0.328992
-0.170732
0.341581
-0.15971
0.353769
-0.151692
0.365797
-0.146207
0.377786
-0.142317
0.38978
-0.139658
0.401815
-0.137412
0.413898
-0.134594
0.425823
-0.127975
0.437197
-0.11716
0.447817
-0.105869
0.45762
-0.0947866
0.466589
-0.0841908
0.47471
-0.0740558
0.482008
-0.0646889
0.488526
-0.0562625
0.494356
-0.0491541
0.499624
-0.0435807
0.504458
-0.0400306
0.50904
-0.0388839
0.513597
-0.0408375
0.518312
-0.046128
0.523158
-0.0611159
0.526943
-0.0815422
-0.190888
0.227127
-0.379032
0.263187
-0.379927
0.303865
-0.416129
0.338196
-0.359312
0.371003
-0.342342
0.40223
-0.320436
0.429168
-0.276956
0.453126
-0.242325
0.47421
-0.206009
0.492127
-0.168058
0.507539
-0.133401
0.520677
-0.0983787
0.531648
-0.0632832
0.540923
-0.0276588
0.548535
0.0102251
0.554619
0.0503226
0.559365
0.094243
0.562838
0.141744
0.565103
0.194073
0.566447
0.250333
0.567159
0.311334
0.567405
0.374858
0.56687
0.440062
0.567252
0.501922
0.575356
0.565698
0.587558
0.64647
0.568678
0.730125
0.478317
0.752505
0.330765
0.659597
0.188728
0.495975
0.0904886
0.35584
0.0290565
0.255765
-0.00877658
0.167104
-0.0297576
0.0995478
-0.0435111
0.0777834
-0.0595375
0.0602594
-0.0757835
-0.0193139
-0.0902913
-0.259368
-0.0959212
-0.796694
-0.154715
-0.383526
-0.117444
-0.40202
-0.0694653
-0.506195
-0.0218162
-0.513515
0.027117
-0.533014
0.0777961
-0.55401
0.126408
-0.538667
0.169204
-0.486635
0.206203
-0.433019
0.238234
-0.383897
0.264754
-0.329801
0.286764
-0.28402
0.305593
-0.249802
0.321868
-0.221127
0.33636
-0.19967
0.349743
-0.184115
0.362395
-0.172361
0.374658
-0.163956
0.386751
-0.158301
0.398835
-0.1544
0.410985
-0.151808
0.423262
-0.149689
0.435645
-0.146977
0.447942
-0.140272
0.459755
-0.128974
0.470823
-0.116938
0.481096
-0.10506
0.49053
-0.0936259
0.499128
-0.082656
0.506876
-0.0724389
0.513846
-0.0632342
0.520111
-0.0554206
0.525745
-0.0492175
0.530943
-0.0452289
0.535838
-0.0437887
0.540641
-0.045653
0.545539
-0.0510121
0.550347
-0.0659306
0.553872
-0.0851044
-0.196715
0.235117
-0.417433
0.273285
-0.418094
0.31641
-0.459253
0.352734
-0.395634
0.387554
-0.377161
0.420609
-0.35349
0.449125
-0.305471
0.474502
-0.267704
0.496753
-0.228262
0.515652
-0.186958
0.531948
-0.149698
0.545862
-0.112293
0.557627
-0.0750487
0.567431
-0.0374636
0.575531
0.00212474
0.582063
0.0437902
0.587181
0.0891251
0.590973
0.137952
0.593639
0.191407
0.595188
0.248783
0.595948
0.310575
0.596445
0.374361
0.596738
0.439769
0.596574
0.502086
0.599031
0.563241
0.609746
0.635759
0.613922
0.725958
0.565975
0.800464
0.441659
0.783918
0.284692
0.652945
0.155789
0.484781
0.0706335
0.340931
0.0180712
0.219643
-0.0115815
0.129198
-0.0294977
0.0957136
-0.0485253
0.0792802
-0.0693136
0.00145449
-0.0906099
-0.238073
-0.105497
-0.781815
-0.158351
-0.421889
-0.118879
-0.441492
-0.0680962
-0.556978
-0.0176762
-0.563935
0.0340867
-0.584777
0.0876885
-0.607612
0.139069
-0.590047
0.184219
-0.531785
0.223194
-0.471994
0.256821
-0.417523
0.284582
-0.357562
0.307461
-0.306899
0.326912
-0.269252
0.343613
-0.237828
0.35836
-0.214417
0.371907
-0.197662
0.384639
-0.185093
0.396955
-0.176271
0.409108
-0.170453
0.421284
-0.166576
0.433566
-0.16409
0.446032
-0.162155
0.458704
-0.159649
0.471382
-0.15295
0.483598
-0.14119
0.495101
-0.128441
0.505836
-0.115795
0.515747
-0.103536
0.524825
-0.091733
0.533058
-0.0806696
0.540482
-0.0706542
0.547155
-0.0620881
0.553217
-0.0552721
0.558768
-0.0507701
0.56399
-0.0490003
0.569055
-0.0507042
0.574119
-0.0560501
0.578935
-0.0707235
0.582237
-0.0883513
-0.202938
0.243569
-0.458063
0.284046
-0.45857
0.329794
-0.504999
0.368273
-0.434112
0.405157
-0.414043
0.440116
-0.388448
0.470356
-0.335712
0.497214
-0.294562
0.520704
-0.251754
0.540708
-0.206964
0.558028
-0.16702
0.572691
-0.126957
0.585115
-0.0874735
0.59555
-0.0478988
0.604131
-0.00645776
0.611135
0.036786
0.616607
0.0836521
0.620749
0.133809
0.623603
0.188551
0.625443
0.246942
0.626349
0.309667
0.626838
0.373869
0.627498
0.439106
0.628076
0.501503
0.628315
0.562995
0.632955
0.631112
0.643649
0.71526
0.630284
0.813815
0.545698
0.868448
0.39585
0.802729
0.242637
0.638076
0.128678
0.454982
0.055535
0.292716
0.0131036
0.17156
-0.0112844
0.120159
-0.0342046
0.102246
-0.0599677
0.0272094
-0.0885089
-0.209513
-0.113442
-0.756881
-0.162318
-0.462509
-0.120573
-0.483237
-0.0668096
-0.610742
-0.0134057
-0.617339
0.0413282
-0.639511
0.0979896
-0.664273
0.152361
-0.644418
0.199992
-0.579415
0.241092
-0.513094
0.276442
-0.452872
0.305511
-0.38663
0.32936
-0.330748
0.349537
-0.289429
0.366715
-0.255006
0.381771
-0.229473
0.395519
-0.21141
0.408366
-0.19794
0.420749
-0.188653
0.432956
-0.182661
0.445196
-0.178815
0.457602
-0.176496
0.470246
-0.174799
0.483184
-0.172587
0.496197
-0.165964
0.508802
-0.153795
0.520749
-0.140388
0.531936
-0.126982
0.542332
-0.113933
0.551878
-0.101281
0.560591
-0.0893841
0.568479
-0.0785445
0.575618
-0.0692297
0.582082
-0.0617386
0.588003
-0.056693
0.593571
-0.0545796
0.598894
-0.0560394
0.604154
-0.061298
0.608947
-0.075527
0.611956
-0.0913985
-0.209681
0.252727
-0.501108
0.295631
-0.501473
0.344008
-0.553374
0.384883
-0.474984
0.423828
-0.452988
0.460935
-0.425553
0.492889
-0.367666
0.52132
-0.322995
0.546212
-0.276647
0.567398
-0.228152
0.585566
-0.185189
0.601151
-0.142543
0.614219
-0.100543
0.625259
-0.0589383
0.634461
-0.0156609
0.64185
0.0293967
0.647749
0.0777528
0.652188
0.12937
0.655359
0.185379
0.657355
0.244946
0.658429
0.308592
0.659039
0.37326
0.659614
0.438531
0.660722
0.500395
0.661104
0.562614
0.661449
0.630771
0.66873
0.707988
0.674326
0.808231
0.632667
0.910113
0.51216
0.923243
0.350566
0.799695
0.207805
0.597749
0.107822
0.392684
0.0470247
0.232355
0.0125967
0.1546
-0.0157592
0.130595
-0.0470306
0.0584621
-0.0832899
-0.173251
-0.119055
-0.721117
-0.166681
-0.505509
-0.122486
-0.527432
-0.06552
-0.667709
-0.00904427
-0.673815
0.0488919
-0.697447
0.108828
-0.724209
0.166245
-0.701835
0.216614
-0.629784
0.259929
-0.556408
0.297167
-0.49011
0.327667
-0.41713
0.352584
-0.355665
0.373539
-0.310384
0.391261
-0.272728
0.406685
-0.244896
0.420646
-0.225371
0.433649
-0.210943
0.446097
-0.201101
0.458359
-0.194923
0.470664
-0.19112
0.483169
-0.189002
0.495976
-0.187605
0.509166
-0.185777
0.522511
-0.179309
0.535504
-0.166788
0.547856
-0.15274
0.559481
-0.138607
0.570327
-0.12478
0.580367
-0.111319
0.58955
-0.0985649
0.597925
-0.0869164
0.605502
-0.0768011
0.612412
-0.0686421
0.618748
-0.0630198
0.62463
-0.060452
0.630268
-0.0616636
0.635676
-0.0666799
0.640521
-0.0803471
0.643301
-0.0941316
-0.216867
0.26246
-0.5467
0.307824
-0.546835
0.359217
-0.604765
0.40233
-0.518095
0.443701
-0.494357
0.482941
-0.464792
0.516872
-0.401598
0.546882
-0.353005
0.573213
-0.30298
0.595585
-0.250525
0.614904
-0.204509
0.631281
-0.158921
0.645187
-0.114449
0.656853
-0.0706046
0.666558
-0.0253667
0.674435
0.0215187
0.68068
0.0715077
0.685392
0.124657
0.688748
0.182022
0.690945
0.242748
0.69222
0.307315
0.692833
0.372644
0.693348
0.438014
0.694549
0.49919
0.695707
0.56145
0.694991
0.631482
0.696689
0.706287
0.706459
0.798455
0.698042
0.918495
0.62109
1.00016
0.473504
0.947325
0.310609
0.760695
0.179836
0.52341
0.0938783
0.318253
0.0442393
0.204288
0.00793816
0.166944
-0.0296326
0.0960184
-0.074138
-0.128725
-0.121482
-0.673773
-0.171355
-0.551021
-0.124582
-0.574204
-0.0642663
-0.728024
-0.00454897
-0.733533
0.0567517
-0.758747
0.120157
-0.787613
0.1809
-0.762578
0.234074
-0.682957
0.279785
-0.602119
0.318991
-0.529316
0.351042
-0.44918
0.377123
-0.381746
0.398934
-0.332195
0.417281
-0.291075
0.433122
-0.260737
0.447363
-0.239612
0.46052
-0.2241
0.473075
-0.213656
0.485397
-0.207246
0.497786
-0.203509
0.510367
-0.201583
0.523337
-0.200575
0.53675
-0.19919
0.550407
-0.192966
0.563772
-0.180154
0.576509
-0.165477
0.588583
-0.150682
0.599885
-0.136082
0.610373
-0.121809
0.620066
-0.10826
0.628908
-0.0957598
0.636961
-0.0848567
0.644288
-0.0759718
0.651027
-0.0697628
0.657297
-0.0667327
0.6632
-0.0675793
0.668809
-0.0722786
0.673642
-0.0851931
0.676201
-0.0967308
-0.22457
0.272801
-0.594931
0.32083
-0.594863
0.375227
-0.65916
0.420994
-0.563859
0.464704
-0.538066
0.506348
-0.506434
0.542151
-0.437401
0.573971
-0.384827
0.60184
-0.330851
0.625556
-0.274243
0.645906
-0.224861
0.663308
-0.176323
0.677956
-0.129098
0.690292
-0.0829409
0.700498
-0.0355734
0.70887
0.0131467
0.715444
0.0649335
0.720451
0.119649
0.724106
0.178366
0.726443
0.240412
0.72778
0.305978
0.728512
0.371913
0.729007
0.43752
0.730043
0.498155
0.731588
0.559906
0.731589
0.631486
0.730106
0.707779
0.735962
0.79261
0.744756
0.909708
0.711943
1.03298
0.599744
1.05954
0.434888
0.925556
0.275756
0.682533
0.158305
0.435704
0.0865973
0.276006
0.0384905
0.215045
-0.00671521
0.141207
-0.0600674
-0.0753657
-0.11975
-0.614087
-0.17636
-0.599231
-0.126876
-0.623688
-0.0630217
-0.791879
0.00018045
-0.796735
0.0649768
-0.823544
0.132041
-0.854678
0.19627
-0.826805
0.252464
-0.739151
0.300724
-0.650379
0.342069
-0.570661
0.375783
-0.482893
0.403067
-0.40903
0.425838
-0.354965
0.444854
-0.310091
0.461165
-0.277048
0.475737
-0.254183
0.489087
-0.237451
0.501773
-0.226341
0.514183
-0.219655
0.526623
-0.215949
0.539304
-0.214264
0.552385
-0.213657
0.566032
-0.212837
0.579998
-0.206931
0.593697
-0.193853
0.606835
-0.178616
0.619304
-0.163151
0.631047
-0.147825
0.642029
-0.132791
0.652165
-0.118394
0.661491
-0.105083
0.670028
-0.0933886
0.677828
-0.0837647
0.684979
-0.0769054
0.691593
-0.073338
0.697804
-0.0737775
0.703588
-0.0780391
0.708429
-0.0900094
0.710791
-0.0990512
-0.23267
0.283784
-0.646044
0.334666
-0.645743
0.392281
-0.716773
0.440667
-0.612245
0.487002
-0.584398
0.531023
-0.550455
0.568982
-0.47536
0.602652
-0.418497
0.632155
-0.360356
0.657129
-0.299219
0.678712
-0.246445
0.697019
-0.194631
0.712496
-0.144575
0.725595
-0.0960398
0.736372
-0.0463507
0.745198
0.00432017
0.752205
0.0579257
0.75757
0.114284
0.761362
0.174574
0.763886
0.237887
0.765292
0.304571
0.76608
0.371124
0.766649
0.436949
0.767421
0.49738
0.768928
0.558397
0.769876
0.630537
0.768116
0.70954
0.76897
0.791754
0.78065
0.89801
0.780069
1.03353
0.71493
1.1247
0.571619
1.06889
0.396354
0.857768
0.24507
0.586944
0.143648
0.37747
0.0781999
0.280536
0.0230461
0.19634
-0.0400029
-0.0122967
-0.112715
-0.541375
-0.181716
-0.650184
-0.129366
-0.676038
-0.0618156
-0.85943
0.00506343
-0.863614
0.073623
-0.892103
0.14455
-0.925604
0.212493
-0.894748
0.271869
-0.798528
0.3228
-0.701308
0.366374
-0.614235
0.401869
-0.518387
0.430527
-0.437688
0.454305
-0.378744
0.474061
-0.329847
0.490888
-0.293875
0.505818
-0.269113
0.519418
-0.25105
0.532228
-0.239151
0.544746
-0.232173
0.557265
-0.228468
0.570043
-0.227042
0.583273
-0.226887
0.597114
-0.226679
0.611363
-0.221181
0.625418
-0.207907
0.638902
-0.192101
0.651771
-0.17602
0.663955
-0.160009
0.675382
-0.144218
0.686008
-0.129022
0.695816
-0.114893
0.70483
-0.102404
0.713067
-0.0920043
0.720647
-0.0844893
0.727657
-0.0803593
0.734139
-0.0802708
0.740123
-0.0840165
0.745019
-0.0949186
0.747149
-0.101218
-0.241384
0.295441
-0.7001
0.34926
-0.699561
0.410289
-0.7778
0.46153
-0.663483
0.510535
-0.633402
0.557177
-0.597097
0.597315
-0.515498
0.633022
-0.454206
0.664191
-0.391527
0.690702
-0.325731
0.713437
-0.269181
0.732828
-0.214023
0.749186
-0.160933
0.762865
-0.109719
0.774356
-0.0578416
0.783641
-0.00496497
0.791031
0.0505364
0.796661
0.108654
0.80068
0.170556
0.803335
0.235232
0.804875
0.303032
0.805595
0.370405
0.806214
0.436331
0.807009
0.496587
0.808217
0.55719
0.809586
0.629173
0.809094
0.710039
0.807469
0.793388
0.814756
0.890729
0.828952
1.01934
0.80776
1.1459
0.706036
1.17062
0.536143
1.02766
0.357047
0.766043
0.220062
0.514464
0.130143
0.370451
0.06136
0.265107
-0.0125955
0.0616708
-0.098955
-0.455008
-0.187439
-0.704129
-0.132087
-0.73139
-0.0605905
-0.930927
0.0101288
-0.934333
0.0826776
-0.964652
0.157696
-1.00062
0.2295
-0.966551
0.292261
-0.861288
0.346055
-0.755102
0.392072
-0.660252
0.429403
-0.555718
0.459505
-0.467789
0.484378
-0.403617
0.504939
-0.350408
0.522372
-0.311307
0.537708
-0.28445
0.551579
-0.264921
0.564611
-0.252183
0.577236
-0.244798
0.589834
-0.241066
0.602701
-0.239909
0.616055
-0.240241
0.630105
-0.240728
0.64465
-0.235726
0.659004
-0.222261
0.672846
-0.205943
0.686112
-0.189286
0.698706
-0.172603
0.710565
-0.156077
0.721659
-0.140114
0.731937
-0.125168
0.741414
-0.111877
0.750139
-0.100723
0.758139
-0.0924822
0.765513
-0.0877245
0.772335
-0.0870815
0.778476
-0.090136
0.783395
-0.0998165
0.785449
-0.103237
-0.250595
0.307758
-0.757262
0.364765
-0.756566
0.42934
-0.842372
0.483485
-0.717627
0.535472
-0.685387
0.584788
-0.646412
0.627302
-0.558013
0.664976
-0.491881
0.698081
-0.424633
0.726051
-0.353702
0.750153
-0.293284
0.770609
-0.234479
0.787859
-0.178183
0.802385
-0.124245
0.814408
-0.0698649
0.824236
-0.0147925
0.832024
0.0427488
0.837939
0.102738
0.842195
0.1663
0.84499
0.232437
0.846643
0.301379
0.847412
0.369635
0.847832
0.435912
0.848609
0.495809
0.849804
0.555995
0.851139
0.627838
0.851744
0.709438
0.850226
0.794907
0.852631
0.888314
0.867753
1.00421
0.875411
1.13825
0.822429
1.22362
0.682287
1.16778
0.492286
0.956019
0.319926
0.68685
0.198255
0.492156
0.110474
0.352861
0.0237336
0.148429
-0.0768968
-0.354381
-0.193457
-0.761267
-0.134931
-0.789916
-0.0593485
-1.00651
0.0155051
-1.00919
0.0921957
-1.04134
0.171524
-1.07995
0.247465
-1.04249
0.313743
-0.927566
0.370592
-0.81195
0.419116
-0.708776
0.458476
-0.595078
0.490101
-0.499413
0.516194
-0.429709
0.537649
-0.371864
0.555681
-0.329339
0.571487
-0.300255
0.585677
-0.279111
0.598903
-0.265408
0.611682
-0.257577
0.624412
-0.253796
0.637366
-0.252862
0.650864
-0.25374
0.665132
-0.254996
0.679909
-0.250504
0.694588
-0.23694
0.708846
-0.220201
0.72234
-0.20278
0.735363
-0.185628
0.747717
-0.168431
0.759219
-0.151616
0.769956
-0.135907
0.779992
-0.121914
0.789163
-0.109896
0.797566
-0.100889
0.805326
-0.0954935
0.81244
-0.0942063
0.818791
-0.0964824
0.823772
-0.104814
0.825666
-0.105169
-0.260328
0.320819
-0.817752
0.381093
-0.816839
0.449455
-0.910732
0.506814
-0.774983
0.561717
-0.740289
0.613947
-0.698641
0.658933
-0.602998
0.698902
-0.531853
0.733772
-0.459504
0.76339
-0.383321
0.78883
-0.318725
0.810526
-0.256174
0.82876
-0.196417
0.844108
-0.139593
0.856778
-0.0825346
0.867044
-0.0250583
0.875341
0.0344518
0.88158
0.0964998
0.886089
0.161792
0.8889
0.229627
0.890622
0.299658
0.891424
0.368835
0.891796
0.435542
0.892618
0.494989
0.8937
0.554915
0.894845
0.626696
0.895941
0.708349
0.89576
0.795095
0.895837
0.888242
0.905845
0.994206
0.923966
1.12014
0.912106
1.23549
0.818615
1.26127
0.642121
1.13252
0.444554
0.884425
0.286801
0.649906
0.173449
0.466201
0.0710049
0.25089
-0.0445936
-0.238773
-0.199966
-0.82163
-0.138012
-0.85187
-0.058
-1.08652
0.021121
-1.08831
0.102182
-1.1224
0.186046
-1.16381
0.266305
-1.12275
0.336432
-0.997693
0.39645
-0.871967
0.447701
-0.760027
0.489178
-0.636555
0.522443
-0.532678
0.54977
-0.457036
0.572173
-0.394267
0.59093
-0.348096
0.607241
-0.316566
0.621797
-0.293667
0.635282
-0.278894
0.648222
-0.270517
0.661107
-0.266682
0.674208
-0.265963
0.687779
-0.267311
0.702198
-0.269414
0.717375
-0.26568
0.732316
-0.251882
0.746806
-0.23469
0.760884
-0.216857
0.774171
-0.198914
0.786793
-0.181053
0.798897
-0.163719
0.810114
-0.147121
0.820367
-0.132163
0.830013
-0.119537
0.839037
-0.109906
0.847133
-0.103582
0.854573
-0.101636
0.861135
-0.103026
0.866147
-0.109809
0.867954
-0.106947
-0.270611
0.334653
-0.881793
0.398386
-0.88057
0.470713
-0.983057
0.53141
-0.835679
0.589492
-0.798369
0.644791
-0.75394
0.692391
-0.650599
0.734595
-0.574057
0.771569
-0.496479
0.802885
-0.414639
0.829818
-0.345658
0.85268
-0.279036
0.871871
-0.215608
0.888081
-0.155803
0.901438
-0.0958906
0.912381
-0.0360006
0.920984
0.0258493
0.927453
0.0900318
0.932223
0.157022
0.935248
0.226603
0.936899
0.298007
0.937703
0.368031
0.938075
0.435171
0.938757
0.494308
0.939907
0.553765
0.941056
0.62555
0.942223
0.707186
0.943152
0.794169
0.943474
0.887916
0.948262
0.989409
0.964754
1.10365
0.975939
1.22431
0.931264
1.30594
0.792379
1.27139
0.589949
1.08687
0.399155
0.840722
0.254161
0.611166
0.131757
0.37331
-3.03525e-05
-0.106991
-0.206716
-0.885524
-0.1413
-0.917286
-0.0567112
-1.17111
0.0269501
-1.17197
0.11266
-1.20811
0.201362
-1.25252
0.286248
-1.20763
0.36032
-1.07176
0.423721
-0.935368
0.477803
-0.814108
0.521558
-0.680311
0.556564
-0.567683
0.58526
-0.485732
0.608681
-0.417688
0.62816
-0.367575
0.645116
-0.333521
0.66003
-0.308582
0.673839
-0.292702
0.686974
-0.283652
0.699892
-0.279599
0.713113
-0.279184
0.726953
-0.281151
0.741742
-0.284203
0.756962
-0.2809
0.772333
-0.267253
0.787077
-0.249433
0.801446
-0.231226
0.815201
-0.21267
0.828352
-0.194204
0.840635
-0.176002
0.852334
-0.158821
0.863225
-0.143055
0.873249
-0.129563
0.882514
-0.119174
0.891159
-0.112233
0.898831
-0.109316
0.905639
-0.109833
0.91071
-0.114897
0.91245
-0.108724
-0.281514
0.349207
-0.949484
0.416588
-0.947949
0.493105
-1.05957
0.557294
-0.899865
0.618758
-0.859833
0.677248
-0.812429
0.727618
-0.700968
0.772289
-0.61873
0.811406
-0.535597
0.844483
-0.447717
0.87297
-0.374144
0.897173
-0.303239
0.917498
-0.235932
0.934584
-0.172888
0.94869
-0.109996
0.960194
-0.0475032
0.969131
0.0169126
0.976149
0.0830153
0.980947
0.152226
0.984202
0.223349
0.985815
0.296395
0.986555
0.367294
0.98693
0.434797
0.987397
0.493843
0.988556
0.552609
0.98957
0.62454
0.990847
0.705914
0.992269
0.792752
0.993647
0.886541
0.996177
0.986883
1.00637
1.09347
1.0238
1.20688
1.0159
1.31385
0.927322
1.35997
0.746366
1.26783
0.535383
1.0517
0.356547
0.789992
0.209074
0.520803
0.0593745
0.0427216
-0.213989
-0.953049
-0.14478
-0.986496
-0.055351
-1.26054
0.0330984
-1.26042
0.123723
-1.29874
0.217453
-1.34625
0.307183
-1.29736
0.385495
-1.15008
0.452483
-1.00236
0.509592
-0.871217
0.555714
-0.726432
0.592602
-0.604571
0.622775
-0.515904
0.647316
-0.442228
0.667663
-0.387922
0.685058
-0.350917
0.700551
-0.324074
0.714603
-0.306755
0.728011
-0.29706
0.741181
-0.292768
0.754636
-0.292639
0.768641
-0.295155
0.783411
-0.298973
0.799134
-0.296623
0.814703
-0.282822
0.829805
-0.264536
0.844326
-0.245747
0.858406
-0.22675
0.87193
-0.207727
0.88477
-0.18884
0.8968
-0.170848
0.908185
-0.154436
0.918716
-0.140089
0.928342
-0.128794
0.937312
-0.121196
0.945339
-0.117333
0.952285
-0.116763
0.957567
-0.120165
0.959291
-0.110425
-0.293017
0.36456
-1.02103
0.435895
-1.01928
0.516809
-1.14048
0.584705
-0.96776
0.649712
-0.924837
0.711565
-0.874282
0.764826
-0.754231
0.812078
-0.665981
0.853474
-0.576993
0.888467
-0.482711
0.918546
-0.404224
0.94405
-0.328742
0.965583
-0.257464
0.983453
-0.190757
0.998506
-0.125048
1.01056
-0.0595591
1.02013
0.0073434
1.02732
0.0758259
1.03238
0.147172
1.03569
0.220042
1.03741
0.294668
1.03804
0.366667
1.03821
0.434632
1.03889
0.493162
1.0397
0.5518
1.04089
0.623358
1.04184
0.704968
1.04352
0.791075
1.0455
0.88456
1.04816
0.984219
1.05376
1.08786
1.06689
1.19376
1.07731
1.30343
1.0373
1.39997
0.899633
1.40551
0.690945
1.2604
0.48347
0.99744
0.306471
0.697816
0.136496
0.212692
-0.221623
-1.02444
-0.148487
-1.05963
-0.0538928
-1.35513
0.0395687
-1.35388
0.135369
-1.39454
0.234455
-1.44533
0.329283
-1.39219
0.412025
-1.23282
0.482809
-1.07314
0.543096
-0.931504
0.591777
-0.775113
0.63059
-0.643384
0.662303
-0.547617
0.687948
-0.467873
0.709206
-0.409179
0.727431
-0.369142
0.743264
-0.339907
0.757758
-0.321249
0.771377
-0.310679
0.78493
-0.306321
0.798409
-0.306118
0.812448
-0.309194
0.82766
-0.314184
0.843533
-0.312495
0.859439
-0.298728
0.874884
-0.27998
0.889918
-0.260781
0.904308
-0.241139
0.918063
-0.221482
0.931176
-0.201954
0.943785
-0.183457
0.955516
-0.166167
0.966407
-0.150981
0.976658
-0.139047
0.985821
-0.130364
0.994255
-0.125773
1.00152
-0.124032
1.00674
-0.125399
1.00847
-0.112189
-0.305188
0.38084
-1.09668
0.456149
-1.09459
0.541793
-1.22613
0.613528
-1.03949
0.682281
-0.99359
0.747731
-0.93973
0.803983
-0.810482
0.854012
-0.716012
0.897734
-0.620716
0.934753
-0.519731
0.966499
-0.43597
0.993615
-0.355858
1.01608
-0.279927
1.03531
-0.209983
1.05088
-0.14062
1.06366
-0.0723348
1.07369
-0.00269287
1.08122
0.068295
1.08661
0.141786
1.08988
0.21678
1.09181
0.292733
1.09231
0.366168
1.09248
0.434469
1.09279
0.49285
1.09369
0.55091
1.09466
0.622384
1.09588
0.703754
1.09724
0.78972
1.09944
0.882362
1.10249
0.981176
1.10619
1.08416
1.11359
1.18637
1.1264
1.29061
1.12039
1.40599
1.03681
1.48909
0.856068
1.44115
0.63437
1.21913
0.427527
0.90468
0.234474
0.405757
-0.229677
-1.09996
-0.152361
-1.13695
-0.0524166
-1.45508
0.0463877
-1.45268
0.14763
-1.49578
0.252353
-1.55005
0.352587
-1.49242
0.440003
-1.32023
0.514758
-1.14789
0.578436
-0.995181
0.629857
-0.826534
0.670717
-0.684244
0.704052
-0.580951
0.731025
-0.494846
0.753152
-0.431307
0.772067
-0.388056
0.788562
-0.356401
0.803344
-0.336031
0.817387
-0.324721
0.830991
-0.319925
0.844773
-0.319899
0.859208
-0.323629
0.874526
-0.329502
0.89082
-0.328789
0.90703
-0.314938
0.922696
-0.295646
0.937855
-0.275939
0.952663
-0.255947
0.966885
-0.235702
0.980514
-0.215582
0.993158
-0.196098
1.00535
-0.178357
1.01686
-0.162484
1.02732
-0.149506
1.03708
-0.140113
1.04579
-0.134477
1.05298
-0.131204
1.0585
-0.130915
1.0603
-0.113966
-0.317965
0.397942
-1.17665
0.477611
-1.17426
0.568109
-1.31662
0.643949
-1.11533
0.716618
-1.06626
0.785825
-1.00894
0.845382
-0.87004
0.898235
-0.768865
0.944463
-0.666944
0.983723
-0.558992
1.01731
-0.469561
1.0457
-0.38424
1.0698
-0.30403
1.08972
-0.229904
1.10631
-0.15721
1.11965
-0.0856712
1.13018
-0.0132198
1.13815
0.0603223
1.14386
0.136082
1.14735
0.213292
1.14893
0.291149
1.14963
0.365476
1.14938
0.434714
1.14953
0.492703
1.15035
0.550088
1.15115
0.621589
1.15229
0.702623
1.15375
0.788254
1.15574
0.880378
1.15883
0.978079
1.1625
1.0805
1.16613
1.18275
1.17441
1.28232
1.18339
1.397
1.14911
1.52338
1.01724
1.57303
0.804689
1.43165
0.574508
1.13488
0.356486
0.623777
-0.238205
-1.17971
-0.156532
-1.21862
-0.0508936
-1.56072
0.0535441
-1.55712
0.160514
-1.60275
0.27121
-1.66075
0.377109
-1.59832
0.469479
-1.4126
0.5485
-1.22691
0.615763
-1.06244
0.669871
-0.880642
0.713112
-0.727485
0.748145
-0.615984
0.776494
-0.523195
0.799647
-0.45446
0.819346
-0.407754
0.836336
-0.373392
0.851755
-0.35145
0.866047
-0.339014
0.879987
-0.333864
0.893936
-0.333848
0.908574
-0.338267
0.924241
-0.345168
0.940823
-0.34537
0.957257
-0.331371
0.973375
-0.311764
0.988904
-0.291467
1.00387
-0.270908
1.01828
-0.250115
1.03214
-0.229447
1.04559
-0.209543
1.05796
-0.190728
1.0698
-0.174323
1.08073
-0.16044
1.09067
-0.150054
1.09964
-0.143457
1.10734
-0.138903
1.11287
-0.136459
1.11488
-0.116011
-0.331501
0.416005
-1.26115
0.500207
-1.25846
0.595848
-1.41226
0.676057
-1.19554
0.752902
-1.1431
0.826027
-1.08206
0.889011
-0.933023
0.944891
-0.824747
0.993777
-0.71583
1.03502
-0.600239
1.07067
-0.50521
1.10081
-0.414372
1.12604
-0.32926
1.14726
-0.251129
1.1647
-0.174646
1.17883
-0.0997988
1.19002
-0.0244132
1.19828
0.0520706
1.204
0.130362
1.20764
0.209651
1.20941
0.289378
1.20968
0.365215
1.20962
0.434773
1.20969
0.492631
1.21005
0.549728
1.21092
0.620721
1.21177
0.701782
1.21301
0.787018
1.215
0.878392
1.21789
0.975184
1.22165
1.07674
1.2241
1.1803
1.22686
1.27956
1.2372
1.38667
1.23575
1.52483
1.16136
1.64742
0.983253
1.60976
0.746195
1.37195
0.50552
0.864464
-0.247229
-1.26399
-0.160876
-1.30497
-0.0492259
-1.67237
0.0611138
-1.66746
0.17413
-1.71576
0.291103
-1.77772
0.402975
-1.71019
0.500598
-1.51022
0.583996
-1.31031
0.655008
-1.13346
0.712361
-0.937996
0.757787
-0.77291
0.794633
-0.652831
0.824341
-0.552902
0.848678
-0.478797
0.86913
-0.428205
0.886958
-0.39122
0.902705
-0.367196
0.917379
-0.353688
0.931652
-0.348137
0.946034
-0.348231
0.960889
-0.353122
0.976829
-0.361108
0.993717
-0.362257
1.01059
-0.348239
1.02693
-0.328109
1.0427
-0.307233
1.05805
-0.286262
1.0729
-0.264962
1.08711
-0.243657
1.10055
-0.222981
1.11348
-0.203651
1.12549
-0.186334
1.13688
-0.171825
1.14726
-0.160428
1.15653
-0.152718
1.16442
-0.146774
1.17018
-0.14221
1.17228
-0.118091
-0.345735
0.435041
-1.35046
0.523989
-1.34741
0.62512
-1.51339
0.709847
-1.28026
0.791049
-1.2243
0.86839
-1.1594
0.934937
-0.99957
0.993995
-0.883806
1.04565
-0.767488
1.08947
-0.644063
1.12694
-0.542671
1.15881
-0.446251
1.18551
-0.355952
1.20788
-0.273506
1.22629
-0.193049
1.24105
-0.114559
1.2527
-0.036057
1.26151
0.0432542
1.26759
0.124283
1.27122
0.206023
1.27295
0.287651
1.27335
0.364816
1.27277
0.435359
1.27252
0.492881
1.27308
0.549166
1.27349
0.620312
1.27413
0.701144
1.27535
0.7858
1.27689
0.876855
1.27929
0.972782
1.28274
1.0733
1.28579
1.17725
1.28599
1.27936
1.29089
1.38177
1.30318
1.51254
1.27942
1.67118
1.15622
1.73294
0.935968
1.59222
0.68228
1.11816
-0.256662
-1.35306
-0.165504
-1.39613
-0.04751
-1.79036
0.0690429
-1.78402
0.188474
-1.83519
0.312002
-1.90125
0.430287
-1.82848
0.533412
-1.61335
0.621481
-1.39838
0.696545
-1.20852
0.756812
-0.998262
0.804776
-0.820873
0.843826
-0.691881
0.875005
-0.584081
0.900459
-0.504251
0.921894
-0.449639
0.940183
-0.40951
0.956624
-0.383636
0.971815
-0.368879
0.98634
-0.362662
1.00097
-0.362865
1.01606
-0.368202
1.03238
-0.377433
1.04972
-0.379597
1.06692
-0.365435
1.0835
-0.344689
1.09975
-0.323484
1.11536
-0.301875
1.13037
-0.279973
1.14479
-0.258068
1.15872
-0.236913
1.17204
-0.216976
1.18449
-0.19878
1.19605
-0.183383
1.20686
-0.171243
1.2164
-0.162257
1.2244
-0.15478
1.23036
-0.148187
1.23247
-0.120226
-0.360772
0.455098
-1.44478
0.549111
-1.44142
0.655956
-1.62023
0.74548
-1.36978
0.831297
-1.31012
0.913028
-1.24113
0.983327
-1.06987
1.04575
-0.946232
1.10044
-0.822178
1.14658
-0.690206
1.18633
-0.582417
1.21986
-0.47978
1.24806
-0.384154
1.27164
-0.297083
1.29104
-0.212445
1.30679
-0.130315
1.31897
-0.0482298
1.32808
0.0341436
1.33432
0.11804
1.33828
0.202066
1.33982
0.28611
1.34004
0.364599
1.33955
0.435853
1.33903
0.493398
1.33911
0.549094
1.33941
0.620009
1.33992
0.700641
1.34062
0.785097
1.34211
0.875373
1.34403
0.970858
1.347
1.07034
1.35
1.17425
1.35042
1.27895
1.35036
1.38183
1.36206
1.50084
1.36989
1.66335
1.30805
1.79477
1.13112
1.76917
0.883347
1.36594
-0.266656
-1.44717
-0.170318
-1.49247
-0.0457361
-1.91494
0.0774367
-1.90719
0.20358
-1.96134
0.334121
-2.03179
0.459008
-1.95336
0.567988
-1.72233
0.661097
-1.49149
0.740335
-1.28776
0.804077
-1.062
0.854609
-0.871404
0.895482
-0.732754
0.928408
-0.617006
0.955021
-0.530864
0.977457
-0.472075
0.996692
-0.428745
1.01352
-0.40046
1.02917
-0.38453
1.0442
-0.37769
1.05906
-0.377725
1.07464
-0.383783
1.09126
-0.394053
1.10894
-0.397275
1.12666
-0.383159
1.14357
-0.361598
1.15994
-0.339851
1.17581
-0.31774
1.19109
-0.29526
1.20607
-0.273044
1.22022
-0.251064
1.23366
-0.230411
1.24651
-0.211623
1.25848
-0.195356
1.26945
-0.182201
1.27926
-0.172066
1.28767
-0.163172
1.2939
-0.154414
1.29617
-0.12247
-0.376596
0.476271
-1.54446
0.575578
-1.54072
0.688443
-1.73309
0.783053
-1.46439
0.873732
-1.40079
0.960093
-1.32749
1.03444
-1.14422
1.1004
-1.01219
1.15807
-0.879846
1.20686
-0.738995
1.24882
-0.624378
1.28435
-0.515314
1.31406
-0.413867
1.339
-0.322017
1.35936
-0.232807
1.3759
-0.146856
1.38873
-0.0610588
1.39829
0.0245822
1.40499
0.111341
1.40874
0.198324
1.41049
0.284361
1.41057
0.364514
1.40956
0.436873
1.40886
0.494095
1.40859
0.549367
1.40863
0.619966
1.40882
0.700457
1.40936
0.78455
1.41028
0.87446
1.41191
0.969223
1.41405
1.0682
1.41706
1.17124
1.41835
1.27767
1.41649
1.38369
1.42163
1.4957
1.44062
1.64436
1.42872
1.80666
1.31343
1.88448
1.09811
1.58126
-0.277201
-1.54657
-0.175461
-1.59421
-0.0438045
-2.0466
0.0862691
-2.03726
0.21953
-2.0946
0.357431
-2.16969
0.489435
-2.08537
0.604442
-1.83733
0.702719
-1.58977
0.786388
-1.37143
0.853665
-1.12928
0.907019
-0.924758
0.95025
-0.775985
0.984764
-0.65152
1.01276
-0.558864
1.03622
-0.495533
1.05614
-0.448663
1.07374
-0.418059
1.08985
-0.400637
1.10518
-0.393023
1.12058
-0.393127
1.13646
-0.399659
1.15351
-0.4111
1.17167
-0.415443
1.18961
-0.401096
1.20704
-0.379029
1.22365
-0.356458
1.23977
-0.333857
1.25546
-0.310944
1.27047
-0.288059
1.28494
-0.265535
1.29874
-0.244204
1.31183
-0.224718
1.32407
-0.207598
1.3353
-0.193433
1.34565
-0.182416
1.35415
-0.171676
1.36041
-0.160676
1.36318
-0.125268
-0.393267
0.498564
-1.64975
0.603463
-1.64562
0.722722
-1.85235
0.822654
-1.56432
0.91841
-1.49655
1.00968
-1.41876
1.08817
-1.2227
1.15792
-1.08194
1.21885
-0.940781
1.27051
-0.790658
1.31467
-0.668532
1.35213
-0.552776
1.38356
-0.445295
1.40985
-0.348308
1.43144
-0.254396
1.44866
-0.164075
1.4622
-0.0745979
1.47231
0.0144679
1.47904
0.104619
1.48321
0.194155
1.48475
0.282816
1.48458
0.364688
1.48356
0.437895
1.48244
0.495215
1.4819
0.549909
1.48155
0.620312
1.48121
0.7008
1.4814
0.784364
1.48195
0.873903
1.48312
0.968058
1.48482
1.0665
1.48704
1.16903
1.48896
1.27574
1.48782
1.38483
1.48761
1.49591
1.50259
1.62938
1.5189
1.79035
1.46633
1.93707
1.30667
1.74093
-0.288271
-1.65156
-0.180824
-1.70166
-0.0417717
-2.18565
0.0956115
-2.17464
0.236347
-2.23533
0.381979
-2.31532
0.521306
-2.22469
0.642895
-1.95892
0.746751
-1.69362
0.83506
-1.45973
0.906101
-1.20032
0.962412
-0.981069
1.00777
-0.821339
1.04415
-0.687901
1.07354
-0.588253
1.09818
-0.520171
1.11889
-0.469375
1.13728
-0.436452
1.15388
-0.417237
1.16991
-0.409056
1.18549
-0.408707
1.20178
-0.415945
1.21945
-0.428773
1.2379
-0.433888
1.25636
-0.419555
1.27404
-0.396707
1.29114
-0.373564
1.30764
-0.350354
1.32346
-0.326767
1.33863
-0.303226
1.35341
-0.280313
1.36741
-0.258198
1.38073
-0.238035
1.39334
-0.220212
1.40497
-0.205051
1.41515
-0.19259
1.4241
-0.180614
1.43068
-0.167252
1.43353
-0.128102
-0.410891
0.522039
-1.7609
0.63284
-1.75642
0.758792
-1.9783
0.86435
-1.66988
0.965513
-1.59771
1.06188
-1.51513
1.14485
-1.30567
1.21835
-1.15543
1.2829
-1.00533
1.33729
-0.845047
1.38411
-0.715358
1.42369
-0.592349
1.45683
-0.478443
1.48443
-0.375901
1.50714
-0.277105
1.52556
-0.182496
1.53975
-0.08879
1.55016
0.00406454
1.55736
0.0974215
1.56138
0.190132
1.56304
0.281154
1.56257
0.365161
1.56108
0.439388
1.55981
0.496479
1.55881
0.550914
1.55799
0.621129
1.55735
0.701447
1.55696
0.78475
1.55725
0.873618
1.55788
0.967427
1.5589
1.06548
1.56042
1.16751
1.56225
1.27392
1.56233
1.38475
1.56041
1.49784
1.56679
1.62299
1.58851
1.76862
1.58117
1.94442
1.48509
1.83703
-0.3
-1.76246
-0.186511
-1.81515
-0.0396674
-2.3325
0.105411
-2.31972
0.254042
-2.38396
0.407929
-2.4692
0.555053
-2.37181
0.683421
-2.08729
0.793066
-1.80327
0.886276
-1.55294
0.961311
-1.27536
1.02063
-1.04039
1.0687
-0.869411
1.10688
-0.726077
1.13786
-0.619234
1.16342
-0.545724
1.18529
-0.491251
1.20428
-0.455441
1.22151
-0.434465
1.23792
-0.425471
1.2542
-0.424981
1.27095
-0.432697
1.28883
-0.446656
1.30796
-0.453008
1.32684
-0.438442
1.34492
-0.414781
1.36242
-0.391062
1.37904
-0.36698
1.39513
-0.342849
1.41083
-0.318926
1.42564
-0.295124
1.43995
-0.272507
1.45347
-0.251559
1.46618
-0.232922
1.47804
-0.216912
1.48877
-0.203321
1.49768
-0.189527
1.50475
-0.174326
1.50792
-0.131298
-0.429364
0.546807
-1.87834
0.66378
-1.87339
0.796837
-2.11136
0.908317
-1.78136
1.01516
-1.70455
1.11694
-1.61691
1.20445
-1.39318
1.28228
-1.23327
1.35043
-1.07349
1.40788
-0.902499
1.4571
-0.764583
1.49907
-0.634312
1.53404
-0.513415
1.56328
-0.405138
1.58716
-0.300989
1.60637
-0.2017
1.62135
-0.103767
1.63232
-0.00691392
1.6397
0.0900471
1.6439
0.185933
1.64529
0.279767
1.64479
0.365659
1.64307
0.441113
1.64114
0.498405
1.63985
0.552207
1.63861
0.622365
1.63746
0.7026
1.6366
0.785612
1.63613
0.874091
1.63614
0.967414
1.63676
1.06486
1.63765
1.16662
1.63876
1.27281
1.63972
1.38379
1.63805
1.4995
1.63811
1.62293
1.65168
1.75504
1.66421
1.93191
1.61747
1.88378
-0.312282
-1.87954
-0.192472
-1.93496
-0.0373669
-2.4876
0.115835
-2.47292
0.272803
-2.54093
0.435155
-2.63156
0.590693
-2.52735
0.726141
-2.22273
0.841962
-1.91909
0.940454
-1.65144
1.01954
-1.35444
1.08227
-1.10312
1.1327
-0.919846
1.17308
-0.766449
1.20553
-0.651692
1.23252
-0.572708
1.25522
-0.513955
1.27494
-0.475159
1.29298
-0.452503
1.31001
-0.4425
1.32663
-0.441605
1.34389
-0.449954
1.3623
-0.465071
1.38209
-0.472798
1.40146
-0.457813
1.41995
-0.43327
1.4376
-0.40871
1.45462
-0.384
1.4711
-0.359323
1.48681
-0.334633
1.5019
-0.310214
1.5165
-0.287107
1.53034
-0.265396
1.54325
-0.245832
1.55533
-0.228993
1.56618
-0.214161
1.57553
-0.198872
1.58258
-0.181368
1.58605
-0.134749
-0.44887
0.572864
-2.00234
0.69638
-1.9969
0.836855
-2.25183
0.954588
-1.89909
1.06739
-1.81735
1.17489
-1.7244
1.26744
-1.48573
1.34964
-1.31547
1.42136
-1.1452
1.48216
-0.963306
1.5343
-0.816719
1.57836
-0.67837
1.61517
-0.55023
1.64603
-0.435994
1.67119
-0.326149
1.69149
-0.222004
1.70709
-0.119367
1.7187
-0.0185181
1.72625
0.0824923
1.73051
0.181679
1.73208
0.278201
1.73115
0.366585
1.72901
0.443258
1.72679
0.500625
1.72492
0.554077
1.72324
0.62404
1.72152
0.704322
1.72011
0.78702
1.71896
0.875242
1.71845
0.967931
1.71843
1.06487
1.7186
1.16645
1.71916
1.27226
1.71965
1.3833
1.71891
1.50023
1.71646
1.62538
1.71952
1.75197
1.73125
1.92019
1.70931
1.90573
-0.325244
-2.00316
-0.198725
-2.06148
-0.0349984
-2.65133
0.126775
-2.6347
0.292455
-2.70661
0.464033
-2.80313
0.628155
-2.69147
0.77133
-2.36591
0.893626
-2.04138
0.99752
-1.75533
1.08106
-1.43798
1.14705
-1.16911
1.20045
-0.973243
1.24282
-0.808825
1.27687
-0.685735
1.30533
-0.601167
1.32901
-0.537642
1.34974
-0.495886
1.36839
-0.471151
1.3858
-0.459914
1.40322
-0.459026
1.42098
-0.467709
1.44009
-0.484178
1.46026
-0.492967
1.48018
-0.477734
1.49913
-0.452224
1.51733
-0.426905
1.53463
-0.401299
1.55137
-0.376064
1.56722
-0.350478
1.58271
-0.325701
1.59733
-0.301732
1.6112
-0.27927
1.62443
-0.259059
1.63659
-0.241153
1.64769
-0.225262
1.65718
-0.208366
1.66477
-0.188955
1.6686
-0.138603
-0.46947
0.60036
-2.13322
0.730759
-2.1273
0.87914
-2.40021
1.0034
-2.02334
1.12253
-1.93648
1.23608
-1.83795
1.33376
-1.58341
1.42039
-1.4021
1.49624
-1.22105
1.56039
-1.02746
1.61542
-0.871743
1.6619
-0.724847
1.7009
-0.589234
1.73322
-0.468313
1.75997
-0.352899
1.78108
-0.243117
1.79763
-0.135908
1.8096
-0.0304894
1.81771
0.0743783
1.82198
0.177415
1.82319
0.276992
1.82207
0.367706
1.8195
0.445822
1.81699
0.503143
1.81458
0.556488
1.81223
0.626382
1.80989
0.706665
1.80788
0.789032
1.80613
0.876993
1.80488
0.96918
1.80386
1.06589
1.80353
1.16678
1.80325
1.27254
1.80306
1.3835
1.80245
1.50084
1.79943
1.6284
1.79492
1.75648
1.79696
1.91817
1.78122
1.92147
-0.338894
-2.13374
-0.205387
-2.19498
-0.032466
-2.82425
0.138313
-2.80547
0.313328
-2.88162
0.494391
-2.98419
0.667755
-2.86483
0.818855
-2.51701
0.947864
-2.17039
1.05769
-1.86516
1.14589
-1.52618
1.21554
-1.23876
1.27171
-1.02942
1.3164
-0.853515
1.35234
-0.721673
1.38196
-0.630783
1.40703
-0.562715
1.42847
-0.517325
1.44794
-0.490616
1.46621
-0.478187
1.48404
-0.476849
1.50232
-0.485998
1.52204
-0.503895
1.54283
-0.513753
1.56342
-0.49833
1.58296
-0.471757
1.60135
-0.445297
1.61907
-0.419017
1.63596
-0.392955
1.6522
-0.366721
1.6677
-0.341194
1.68259
-0.316621
1.69674
-0.293422
1.71014
-0.272451
1.7225
-0.25351
1.7338
-0.236566
1.74362
-0.218173
1.75139
-0.196724
1.75545
-0.142647
-0.491101
0.629274
-2.27139
0.766994
-2.26502
0.92359
-2.5568
1.05477
-2.15452
1.18059
-2.0623
1.30038
-1.95774
1.40355
-1.68658
1.49499
-1.49354
1.57516
-1.30122
1.64282
-1.09512
1.70083
-0.929759
1.74999
-0.774008
1.79086
-0.630098
1.82526
-0.502713
1.85309
-0.380727
1.87551
-0.265532
1.89278
-0.15318
1.9054
-0.0431099
1.91367
0.0661103
1.91814
0.172945
1.91918
0.275949
1.91787
0.369023
1.91498
0.448713
1.9116
0.506517
1.90869
0.559401
1.90585
0.629226
1.90281
0.709698
1.89998
0.791863
1.89744
0.87954
1.89539
0.971229
1.89386
1.06742
1.8925
1.16815
1.89136
1.27368
1.8903
1.38456
1.88883
1.5023
1.88568
1.63155
1.87781
1.76434
1.86988
1.92612
1.8512
1.94017
-0.353327
-2.27151
-0.212307
-2.336
-0.02982
-3.00674
0.150508
-2.9858
0.335248
-3.06636
0.526359
-3.1753
0.709387
-3.04786
0.868982
-2.6766
1.00524
-2.30665
1.12121
-1.98112
1.21415
-1.61912
1.28781
-1.31242
1.34702
-1.08862
1.3941
-0.900592
1.43185
-0.759429
1.463
-0.66193
1.48905
-0.588759
1.51169
-0.539973
1.53182
-0.510744
1.5508
-0.497166
1.56931
-0.495354
1.58819
-0.504883
1.60866
-0.52436
1.63025
-0.535341
1.65139
-0.519469
1.67131
-0.491677
1.69029
-0.464283
1.70833
-0.437052
1.72551
-0.410137
1.74202
-0.383235
1.75765
-0.356822
1.77268
-0.331644
1.78697
-0.307713
1.80039
-0.285871
1.81306
-0.26618
1.82449
-0.247999
1.83448
-0.228168
1.84254
-0.204783
1.84715
-0.147282
-0.5139
0.659782
-2.41728
0.805101
-2.41033
0.970455
-2.72215
1.10894
-2.29301
1.24166
-2.19502
1.36825
-2.08433
1.47696
-1.79529
1.57367
-1.59025
1.65812
-1.38567
1.72955
-1.16655
1.79082
-0.991029
1.84268
-0.825863
1.88598
-0.673402
1.92191
-0.53864
1.95149
-0.410302
1.97504
-0.289081
1.9931
-0.171239
2.0062
-0.0562124
2.01477
0.0575402
2.0194
0.168313
2.02028
0.275069
2.01846
0.370848
2.01497
0.452206
2.01119
0.510293
2.00781
0.562783
2.00416
0.632877
2.00051
0.713346
1.99681
0.79557
1.99352
0.882823
1.99047
0.974285
1.98794
1.06995
1.98587
1.17022
1.98391
1.27564
1.9818
1.38667
1.97906
1.50504
1.97494
1.63566
1.96542
1.77387
1.95094
1.94061
1.92812
1.963
-0.368415
-2.417
-0.219614
-2.4848
-0.0269156
-3.19944
0.163408
-3.17613
0.358368
-3.26132
0.560286
-3.37722
0.753419
-3.24099
0.921843
-2.84502
1.06575
-2.45055
1.18798
-2.10335
1.28625
-1.71739
1.36376
-1.38993
1.42625
-1.15112
1.47585
-0.950194
1.51562
-0.799194
1.54851
-0.694826
1.57588
-0.616123
1.59939
-0.563483
1.62046
-0.531816
1.64018
-0.516889
1.65931
-0.514483
1.67896
-0.524529
1.69991
-0.545317
1.72237
-0.557793
1.74418
-0.541288
1.76467
-0.512161
1.78416
-0.483772
1.80253
-0.455421
1.82002
-0.427627
1.83669
-0.399906
1.85271
-0.372844
1.86773
-0.346666
1.88216
-0.322135
1.89585
-0.299564
1.90856
-0.278891
1.92022
-0.259653
1.93038
-0.238329
1.93894
-0.213333
1.94383
-0.152162
-0.537926
0.691894
-2.57124
0.845317
-2.56375
1.01985
-2.89668
1.16601
-2.43917
1.30618
-2.33518
1.43967
-2.21782
1.55461
-1.91023
1.65659
-1.69222
1.74577
-1.47486
1.82111
-1.24189
1.8857
-1.05561
1.94031
-0.880478
1.98597
-0.719065
2.02396
-0.576629
2.0549
-0.441242
2.07973
-0.31391
2.09877
-0.190272
2.11245
-0.0698911
2.12142
0.0485687
2.12573
0.164003
2.12663
0.274167
2.12439
0.373088
2.12057
0.456027
2.11616
0.514704
2.11189
0.567053
2.10755
0.637221
2.10309
0.717805
2.09858
0.800087
2.09435
0.887046
2.0905
0.97814
2.08703
1.07342
2.08373
1.17352
2.08085
1.27853
2.07761
1.38991
2.07335
1.5093
2.06781
1.6412
2.0571
1.78457
2.03863
1.95909
2.01329
1.98837
-0.384392
-2.57053
-0.227272
-2.64192
-0.023937
-3.40277
0.177014
-3.37708
0.382812
-3.46712
0.595796
-3.5902
0.799885
-3.44508
0.977592
-3.02273
1.12953
-2.60249
1.25865
-2.23247
1.36222
-1.82096
1.44413
-1.47184
1.50993
-1.21692
1.56219
-1.00245
1.6041
-0.841103
1.63851
-0.729242
1.66714
-0.644752
1.69185
-0.588187
1.714
-0.553969
1.73441
-0.537296
1.7543
-0.534372
1.77479
-0.545021
1.79662
-0.56715
1.81956
-0.580731
1.84227
-0.563996
1.86344
-0.533327
1.88332
-0.50366
1.90219
-0.474282
1.92001
-0.445447
1.93698
-0.416876
1.95289
-0.388755
1.9683
-0.362078
1.98285
-0.336683
1.99655
-0.313264
2.00943
-0.291775
2.02119
-0.271411
2.03168
-0.248817
2.04049
-0.222151
2.0458
-0.157482
-0.563235
0.725778
-2.73378
0.887676
-2.72565
1.07188
-3.08088
1.22617
-2.59346
1.37408
-2.48309
1.515
-2.35874
1.63618
-2.03141
1.74378
-1.79982
1.83797
-1.56904
1.9174
-1.32133
1.98558
-1.12378
2.04321
-0.938112
2.09129
-0.767148
2.13131
-0.616645
2.16393
-0.473862
2.18992
-0.339897
2.2098
-0.210157
2.2242
-0.0842882
2.23331
0.0394576
2.23798
0.159336
2.2386
0.273553
2.23604
0.375647
2.23139
0.460678
2.22634
0.519751
2.22145
0.571945
2.21626
0.642412
2.21092
0.723151
2.20566
0.805342
2.20043
0.892283
2.19541
0.983153
2.19079
1.07804
2.1866
1.1777
2.18239
1.28274
2.17793
1.39436
2.17257
1.51466
2.16509
1.64867
2.1527
1.79696
2.13196
1.97984
2.10553
2.0148
-0.401178
-2.73259
-0.235422
-2.80768
-0.020703
-3.61749
0.191279
-3.58906
0.408557
-3.6844
0.633497
-3.81514
0.848729
-3.66031
1.03651
-3.21051
1.19664
-2.76262
1.33291
-2.36874
1.44234
-1.93039
1.52868
-1.55819
1.59825
-1.28649
1.65327
-1.05747
1.6973
-0.885134
1.73352
-0.765462
1.76373
-0.674957
1.78949
-0.613951
1.8124
-0.576875
1.83385
-0.558743
1.85466
-0.555184
1.87577
-0.566134
1.89845
-0.589825
1.92243
-0.604714
1.94567
-0.587236
1.96758
-0.555231
1.98804
-0.524129
2.0073
-0.493541
2.02548
-0.463624
2.04264
-0.434032
2.05897
-0.405087
2.07439
-0.3775
2.08907
-0.35136
2.1029
-0.327101
2.11582
-0.304689
2.12779
-0.283386
2.13851
-0.259535
2.14753
-0.231172
2.15331
-0.163246
-0.589921
0.76142
-2.90528
0.932334
-2.89656
1.12671
-3.27526
1.28957
-2.75631
1.44555
-2.63906
1.59433
-2.50752
1.72229
-2.15937
1.83587
-1.9134
1.93507
-1.66824
2.01904
-1.4053
2.09081
-1.19555
2.15157
-0.998873
2.20221
-0.817787
2.2444
-0.658832
2.27876
-0.508217
2.30596
-0.367097
2.32683
-0.231034
2.34178
-0.0992366
2.35131
0.0299309
2.35607
0.154574
2.35623
0.273399
2.35326
0.378617
2.3481
0.465841
2.34227
0.525577
2.3367
0.577512
2.33079
0.648327
2.32436
0.72958
2.31802
0.81168
2.3117
0.898606
2.30574
0.989111
2.29988
1.08391
2.29444
1.18313
2.28894
1.28824
2.28331
1.4
2.2764
1.52157
2.26697
1.6581
2.25304
1.81089
2.22987
2.00303
2.20312
2.04157
-0.418866
-2.90364
-0.243899
-2.98265
-0.0173467
-3.84404
0.206516
-3.81292
0.435822
-3.9137
0.673268
-4.05258
0.900377
-3.88742
1.09833
-3.40847
1.26771
-2.93199
1.41146
-2.51249
1.5269
-2.04582
1.6179
-1.64919
1.69123
-1.35981
1.74926
-1.1155
1.7957
-0.931574
1.83379
-0.803555
1.86534
-0.706508
1.89245
-0.641059
1.91652
-0.600942
1.93888
-0.581103
1.96041
-0.576712
1.98232
-0.588047
2.00588
-0.613382
2.03088
-0.629713
2.05506
-0.611422
2.07763
-0.577801
2.09857
-0.545064
2.11839
-0.513359
2.13694
-0.482179
2.15445
-0.451535
2.17096
-0.421595
2.18653
-0.393071
2.20134
-0.366174
2.21519
-0.340945
2.22827
-0.317769
2.24033
-0.295448
2.25138
-0.270584
2.26085
-0.240644
2.26679
-0.169205
-0.617998
0.799013
-3.08629
0.979338
-3.07688
1.1845
-3.48042
1.35625
-2.92806
1.52103
-2.80384
1.67796
-2.66445
1.81287
-2.29428
1.93262
-2.03316
2.03753
-1.77315
2.12588
-1.49366
2.20173
-1.2714
2.26563
-1.06277
2.31914
-0.8713
2.36346
-0.703157
2.39961
-0.544362
2.42834
-0.395825
2.45026
-0.252959
2.46573
-0.114702
2.47568
0.0199816
2.48015
0.150112
2.48024
0.273301
2.47673
0.382131
2.47079
0.471783
2.46437
0.532001
2.45785
0.58403
2.45096
0.655211
2.44365
0.736892
2.43617
0.819167
2.42883
0.905942
2.42143
0.996512
2.41453
1.0908
2.40763
1.19003
2.40107
1.29481
2.39388
1.40718
2.38549
1.52996
2.37443
1.66914
2.3585
1.82683
2.33352
2.02803
2.30609
2.069
-0.437507
-3.08413
-0.252843
-3.16731
-0.0137716
-4.08312
0.222427
-4.04912
0.464445
-4.15572
0.714897
-4.30304
0.954721
-4.12724
1.16394
-3.61769
1.34241
-3.11046
1.49414
-2.66421
1.61593
-2.16762
1.71213
-1.74538
1.78926
-1.43694
1.85059
-1.17684
1.89924
-0.98022
1.9394
-0.843714
1.9727
-0.739812
2.00113
-0.669482
2.02627
-0.626084
2.04948
-0.604309
2.07201
-0.599243
2.09497
-0.611007
2.11938
-0.637791
2.14523
-0.655566
2.17045
-0.636648
2.1937
-0.601052
2.21541
-0.566772
2.23557
-0.533515
2.25455
-0.501159
2.27242
-0.469408
2.28913
-0.438303
2.305
-0.40894
2.31983
-0.381005
2.33382
-0.354933
2.34694
-0.330894
2.35927
-0.307773
2.3704
-0.281714
2.38012
-0.25037
2.38672
-0.175793
-0.647601
0.838607
-3.2773
1.0289
-3.26717
1.24543
-3.69695
1.42676
-3.10938
1.60052
-2.97759
1.76598
-2.82991
1.90854
-2.43684
2.03477
-2.15938
2.14523
-1.88361
2.23857
-1.587
2.31843
-1.35126
2.38599
-1.13033
2.44222
-0.927525
2.48896
-0.749893
2.5269
-0.582308
2.55691
-0.425829
2.57984
-0.275896
2.59628
-0.131134
2.60635
0.00991206
2.61097
0.145496
2.61075
0.273519
2.6067
0.386181
2.60015
0.478331
2.59276
0.539387
2.58529
0.591506
2.57743
0.663067
2.56903
0.745289
2.56046
0.82774
2.5519
0.914501
2.54341
1.005
2.535
1.09922
2.52698
1.19805
2.51858
1.30322
2.50993
1.41583
2.50002
1.53987
2.48748
1.68168
2.46948
1.84482
2.4426
2.05491
2.41492
2.09669
-0.457137
-3.27459
-0.262279
-3.36217
-0.00995104
-4.33544
0.239314
-4.29839
0.494749
-4.41115
0.759155
-4.56744
1.01224
-4.38033
1.23281
-3.83825
1.42122
-3.29888
1.58145
-2.82444
1.70979
-2.29595
1.81128
-1.84688
1.89278
-1.51844
1.95725
-1.24131
2.00869
-1.03166
2.05084
-0.885858
2.08584
-0.774815
2.11559
-0.699233
2.14195
-0.652438
2.16624
-0.628604
2.18969
-0.622693
2.21356
-0.634875
2.23921
-0.66344
2.26611
-0.682466
2.29214
-0.662678
2.31629
-0.625202
2.33869
-0.589172
2.35948
-0.554309
2.37892
-0.520593
2.39707
-0.487559
2.41413
-0.455368
2.42993
-0.424741
2.44493
-0.396003
2.45921
-0.369211
2.47238
-0.344064
2.48483
-0.320223
2.49604
-0.292918
2.50625
-0.260589
2.51313
-0.182686
-0.678818
0.880367
-3.47885
1.08116
-3.46796
1.30956
-3.92535
1.5008
-3.30062
1.68419
-3.16098
1.85888
-3.00459
2.00902
-2.58697
2.14233
-2.2927
2.259
-2.00028
2.35735
-1.68535
2.44162
-1.43553
2.51273
-1.20144
2.57181
-0.986606
2.62097
-0.79905
2.66099
-0.622327
2.69268
-0.457516
2.71659
-0.29981
2.73352
-0.148058
2.74403
-0.000595653
2.74862
0.140902
2.74796
0.274182
2.74329
0.390855
2.73606
0.485564
2.7277
0.547743
2.71945
0.59976
2.71057
0.671946
2.70101
0.754842
2.6913
0.837455
2.68131
0.924489
2.67139
1.01492
2.66181
1.1088
2.65206
1.2078
2.64246
1.31281
2.63231
1.42598
2.62074
1.55144
2.60618
1.69624
2.58691
1.8641
2.55809
2.08375
2.53001
2.12477
-0.47782
-3.47559
-0.27223
-3.56776
-0.005922
-4.60175
0.257147
-4.56145
0.52659
-4.68059
0.805556
-4.84641
1.07268
-4.64745
1.30553
-4.07109
1.50435
-3.4977
1.6734
-2.99349
1.80899
-2.43154
1.91593
-1.95382
2.00184
-1.60435
2.06988
-1.30935
2.12404
-1.08582
2.16843
-0.930245
2.20508
-0.811462
2.23629
-0.730446
2.26398
-0.680126
2.2895
-0.654124
2.31401
-0.647198
2.33885
-0.65972
2.36544
-0.690025
2.39358
-0.710607
2.42058
-0.689682
2.44565
-0.650266
2.46879
-0.61232
2.49027
-0.575786
2.5102
-0.540522
2.52866
-0.506021
2.54586
-0.472569
2.56213
-0.441017
2.57719
-0.411056
2.59138
-0.383404
2.60488
-0.357559
2.6173
-0.33265
2.62892
-0.304531
2.6393
-0.270975
2.64654
-0.189921
-0.711663
0.92434
-3.69152
1.13617
-3.67979
1.37723
-4.1664
1.57907
-3.50246
1.77236
-3.35427
1.95676
-3.18899
2.11517
-2.74539
2.25584
-2.43338
2.37857
-2.12301
2.48233
-1.78911
2.57115
-1.52435
2.64599
-1.27629
2.70842
-1.04903
2.76022
-0.850858
2.80211
-0.664213
2.83531
-0.490717
2.86053
-0.325023
2.87817
-0.165702
2.88882
-0.0112436
2.89349
0.13623
2.89257
0.275105
2.88737
0.396063
2.87904
0.493892
2.86995
0.556831
2.8606
0.609112
2.85048
0.682067
2.83984
0.765478
2.82876
0.84853
2.81756
0.935696
2.80628
1.0262
2.79493
1.12015
2.78395
1.21878
2.7727
1.32407
2.76089
1.43779
2.7478
1.56452
2.73172
1.71232
2.71057
1.88525
2.68009
2.11424
2.65172
2.15315
-0.499592
-3.68766
-0.282636
-3.78472
-0.00161953
-4.88277
0.275854
-4.83893
0.560328
-4.96507
0.854705
-5.14078
1.13656
-4.92931
1.38228
-4.31681
1.59206
-3.70748
1.77037
-3.1718
1.91349
-2.57466
2.02623
-2.06655
2.11694
-1.69506
2.18854
-1.38096
2.2457
-1.14299
2.29234
-0.97688
2.33104
-0.850166
2.36382
-0.763218
2.39277
-0.709076
2.41933
-0.68069
2.44496
-0.672826
2.4711
-0.685859
2.49873
-0.717655
2.52809
-0.739962
2.55636
-0.71795
2.58228
-0.676188
2.60622
-0.636264
2.6283
-0.597859
2.64877
-0.560996
2.66759
-0.524837
2.68534
-0.490321
2.70161
-0.457286
2.717
-0.42645
2.73126
-0.397665
2.74473
-0.371025
2.75743
-0.345351
2.76918
-0.316282
2.78007
-0.281864
2.78746
-0.197323
-0.7463
0.970681
-3.9159
1.19421
-3.90332
1.44851
-4.42069
1.66137
-3.71532
1.86546
-3.55836
2.0598
-3.38333
2.22702
-2.9126
2.37524
-2.5816
2.50489
-2.25266
2.61411
-1.89833
2.70771
-1.61796
2.78665
-1.35522
2.85234
-1.11472
2.9069
-0.905417
2.95093
-0.70824
2.98588
-0.525666
3.01205
-0.351193
3.03043
-0.184076
3.04162
-0.0224322
3.04611
0.131736
3.04484
0.276372
3.03867
0.402239
3.02975
0.502808
3.01948
0.567103
3.00908
0.619514
2.99794
0.693203
2.98602
0.777399
2.97353
0.861021
2.96077
0.948451
2.94808
1.03889
2.93545
1.13278
2.92251
1.23173
2.90985
1.33673
2.8965
1.45114
2.88161
1.57941
2.86402
1.72991
2.84139
1.90788
2.80942
2.14621
2.78074
2.18184
-0.522554
-3.91141
-0.293666
-4.01361
0.00282314
-5.17926
0.295671
-5.13178
0.595822
-5.26521
0.906527
-5.45148
1.20394
-5.22672
1.46324
-4.5761
1.68456
-3.9288
1.87269
-3.35993
2.02364
-2.72561
2.14268
-2.1856
2.2382
-1.79058
2.31369
-1.45644
2.37387
-1.20317
2.42313
-1.02615
2.46369
-0.890718
2.49818
-0.797714
2.52855
-0.739441
2.55652
-0.708657
2.58331
-0.699617
2.61035
-0.712903
2.63943
-0.746736
2.66999
-0.770518
2.6994
-0.747359
2.72632
-0.703108
2.75123
-0.661174
2.77408
-0.620716
2.79502
-0.581929
2.81449
-0.544309
2.83232
-0.508156
2.849
-0.473966
2.86439
-0.441833
2.87887
-0.41215
2.89241
-0.384558
2.9053
-0.358243
2.91718
-0.328163
2.92843
-0.293118
2.93633
-0.205225
-0.782855
1.01956
-4.15261
1.25539
-4.13914
1.52367
-4.68897
1.74823
-3.93987
1.96344
-3.77357
2.16854
-3.58843
2.34478
-3.08884
2.50113
-2.73794
2.63767
-2.3892
2.75301
-2.01367
2.85158
-1.71654
2.93493
-1.43857
3.00399
-1.18378
3.06123
-0.962654
3.10771
-0.754723
3.14412
-0.562072
3.1717
-0.378768
3.19095
-0.203323
3.20243
-0.0339171
3.20667
0.127503
3.20489
0.278148
3.19837
0.408758
3.18815
0.513028
3.17702
0.578238
3.16541
0.631125
3.15309
0.705524
3.1398
0.790682
3.12597
0.874852
3.11188
0.962542
3.09745
1.05332
3.08309
1.14714
3.06883
1.24598
3.05419
1.35137
3.03915
1.46617
3.02291
1.59565
3.00364
1.74918
2.97937
1.93215
2.94622
2.17937
2.91714
2.21093
-0.546739
-4.14752
-0.305209
-4.25514
0.00755507
-5.49202
0.316716
-5.44094
0.633274
-5.58177
0.961232
-5.77944
1.27501
-5.54049
1.54848
-4.84957
1.78211
-4.16243
1.98061
-3.55843
2.13978
-2.88478
2.2653
-2.31113
2.36612
-1.8914
2.4458
-1.53612
2.5092
-1.26656
2.56095
-1.0779
2.60364
-0.933408
2.6399
-0.833972
2.67169
-0.771232
2.701
-0.737969
2.72917
-0.727793
2.75759
-0.741323
2.78783
-0.776972
2.81969
-0.802374
2.85045
-0.77812
2.87865
-0.731307
2.90419
-0.686716
2.92775
-0.644279
2.94946
-0.603631
2.96937
-0.564225
2.98759
-0.526373
3.00459
-0.490973
3.02026
-0.457496
3.03487
-0.42676
3.04857
-0.398256
3.06146
-0.371136
3.07378
-0.340484
3.08518
-0.304516
3.09341
-0.213464
-0.8213
1.07107
-4.40238
1.31985
-4.38791
1.60287
-4.97199
1.83975
-4.17675
2.06685
-4.00067
2.28312
-3.80469
2.46896
-3.27468
2.63377
-2.90276
2.77787
-2.5333
2.89944
-2.13524
3.00334
-1.82044
3.09081
-1.52604
3.16373
-1.2567
3.22401
-1.02293
3.27275
-0.803463
3.3111
-0.600423
3.33992
-0.407589
3.35988
-0.223285
3.37163
-0.045659
3.37597
0.123157
3.37374
0.280379
3.36628
0.416222
3.35521
0.524099
3.34269
0.590762
3.33008
0.643737
3.31642
0.719175
3.30172
0.805383
3.28648
0.890095
3.27058
0.978439
3.25478
1.06913
3.23877
1.16314
3.22277
1.26198
3.20668
1.36746
3.18996
1.48289
3.17179
1.61383
3.151
1.76997
3.12556
1.9576
3.09071
2.21423
3.06171
2.23994
-0.572185
-4.39664
-0.317372
-4.50995
0.0126326
-5.82203
0.338721
-5.76702
0.672734
-5.91578
1.01869
-6.1254
1.34981
-5.87161
1.63847
-5.13823
1.88484
-4.4088
2.09429
-3.76788
2.2622
-3.05268
2.39482
-2.44374
2.501
-1.99758
2.58502
-1.62013
2.65176
-1.3333
2.70647
-1.13261
2.75127
-0.978209
2.78949
-0.872188
2.82297
-0.804707
2.85359
-0.768597
2.88286
-0.757057
2.91254
-0.771004
2.94443
-0.808869
2.97776
-0.835697
3.0098
-0.810163
3.03896
-0.760463
3.06574
-0.713497
3.09019
-0.66873
3.11245
-0.625898
3.13287
-0.584642
3.15177
-0.545276
3.16889
-0.508094
3.18475
-0.473348
3.19952
-0.441533
3.21349
-0.412226
3.22652
-0.38417
3.23889
-0.352847
3.25081
-0.316445
3.25938
-0.222029
-0.861836
1.12531
-4.66585
1.38779
-4.6504
1.68629
-5.27048
1.93628
-4.42674
2.17572
-4.24011
2.40371
-4.03268
2.59976
-3.47073
2.77371
-3.07671
2.92568
-2.68527
3.05361
-2.26318
3.16316
-1.92998
3.25538
-1.61826
3.33204
-1.33336
3.39546
-1.08635
3.44673
-0.854737
3.48696
-0.640653
3.51717
-0.437801
3.53782
-0.243935
3.54993
-0.0577642
3.55418
0.118913
3.5515
0.283053
3.54305
0.424672
3.53107
0.536083
3.51756
0.604271
3.50352
0.657774
3.48848
0.734221
3.47229
0.821575
3.45545
0.906935
3.43811
0.995778
3.42046
1.08678
3.40266
1.18094
3.38501
1.27963
3.36718
1.38529
3.34881
1.50126
3.32919
1.63344
3.3069
1.79227
3.27974
1.98476
3.24377
2.2502
3.2145
2.26921
-0.599098
-4.65938
-0.330276
-4.77877
0.0179841
-6.17029
0.362013
-6.11106
0.714605
-6.26837
1.07942
-6.49021
1.42887
-6.22105
1.73328
-5.44264
1.99341
-4.66893
2.21437
-3.98883
2.39153
-3.22985
2.53114
-2.58335
2.64336
-2.1098
2.73191
-1.70869
2.80229
-1.40368
2.85969
-1.19001
2.90701
-1.02553
2.94697
-0.912148
2.98214
-0.839868
3.01431
-0.80077
3.04526
-0.788005
3.07633
-0.802074
3.10952
-0.842058
3.14447
-0.870653
3.17791
-0.8436
3.20846
-0.791011
3.23623
-0.741272
3.26151
-0.694003
3.28465
-0.649043
3.30562
-0.605611
3.32475
-0.564405
3.34229
-0.525632
3.35863
-0.489693
3.3736
-0.456505
3.38751
-0.426138
3.40076
-0.397418
3.41348
-0.365564
3.42561
-0.328584
3.43433
-0.230751
-0.904625
1.18259
-4.94381
1.45942
-4.92722
1.77445
-5.5855
2.03795
-4.69024
2.29046
-4.49263
2.53114
-4.27335
2.73776
-3.67735
2.92111
-3.26006
3.08114
-2.8453
3.21611
-2.39814
3.33149
-2.04536
3.42872
-1.71549
3.50946
-1.4141
3.57616
-1.15305
3.63002
-0.908598
3.67228
-0.682907
3.70368
-0.469208
3.72529
-0.26554
3.73787
-0.0703402
3.74199
0.114794
3.73858
0.286459
3.72952
0.433732
3.71618
0.549421
3.70136
0.619092
3.68596
0.673175
3.66964
0.750542
3.65203
0.839185
3.63354
0.925431
3.61456
1.01475
3.59518
1.10616
3.5758
1.20032
3.55622
1.29921
3.53652
1.40499
3.51644
1.52134
3.49529
1.65458
3.4714
1.81616
3.44302
2.01315
3.40544
2.28778
3.37622
2.29844
-0.62733
-4.93667
-0.343733
-5.06237
0.0236524
-6.53768
0.386501
-6.4739
0.75846
-6.64033
1.14365
-6.8754
1.51209
-6.58948
1.83347
-5.76402
2.10767
-4.94314
2.34082
-4.22198
2.52779
-3.41682
2.67514
-2.7307
2.79338
-2.22804
2.88667
-1.80197
2.96085
-1.47785
3.02144
-1.2506
3.07126
-1.07536
3.11331
-0.954199
3.15023
-0.876787
3.18408
-0.834615
3.21628
-0.820203
3.24894
-0.834733
3.28374
-0.876861
3.32023
-0.907148
3.35523
-0.878597
3.38706
-0.82284
3.41605
-0.770258
3.4422
-0.720159
3.46604
-0.672875
3.48787
-0.627443
3.50753
-0.58407
3.52553
-0.543636
3.54191
-0.506065
3.55712
-0.471719
3.57127
-0.44029
3.58492
-0.411067
3.59763
-0.378271
3.61022
-0.341189
3.61926
-0.239778
-0.949654
1.2429
-5.23706
1.53498
-5.2193
1.86716
-5.91768
2.14515
-4.96823
2.41165
-4.75911
2.66528
-4.52699
2.8833
-3.89537
3.07638
-3.45314
3.24526
-3.01418
3.38753
-2.54041
3.50907
-2.1669
3.61146
-1.81789
3.69645
-1.49909
3.76655
-1.22315
3.82303
-0.965073
3.86745
-0.727331
3.90042
-0.502169
3.92293
-0.288049
3.93576
-0.0831784
3.93974
0.110823
3.93588
0.290315
3.9257
0.443914
3.91126
0.563862
3.89509
0.635259
3.87853
0.689741
3.86071
0.768363
3.84135
0.858541
3.82127
0.945511
3.80048
1.03555
3.77931
1.12733
3.75807
1.22156
3.73668
1.3206
3.71536
1.4263
3.69364
1.54306
3.67082
1.67741
3.64526
1.84172
3.61546
2.04296
3.57678
2.32646
3.54726
2.32797
-0.657208
-5.22911
-0.358007
-5.36157
0.0296703
-6.92535
0.412552
-6.85679
0.804968
-7.03275
1.21121
-7.28164
1.60003
-6.97831
1.93891
-6.10289
2.22829
-5.23252
2.47421
-4.4679
2.67139
-3.614
2.82688
-2.88618
2.95149
-2.35266
3.05001
-1.90049
3.12822
-1.55606
3.19185
-1.31424
3.24433
-1.12784
3.2887
-0.998568
3.32744
-0.915526
3.36293
-0.870108
3.39677
-0.854035
3.43104
-0.869012
3.4674
-0.913219
3.50567
-0.945415
3.54223
-0.915157
3.57551
-0.856117
3.60567
-0.800418
3.63303
-0.747521
3.65773
-0.69758
3.68011
-0.649818
3.70037
-0.604331
3.71877
-0.562037
3.7356
-0.522899
3.7511
-0.487221
3.7655
-0.454695
3.7791
-0.424663
3.79218
-0.391353
3.80503
-0.354041
3.81428
-0.24903
-0.997175
1.3065
-5.54638
1.61458
-5.52738
1.96501
-6.2681
2.25832
-5.26154
2.5392
-5.03999
2.80667
-4.79445
3.03661
-4.12531
3.24033
-3.65687
3.41821
-3.19205
3.56797
-2.69018
3.6962
-2.29513
3.80395
-1.92565
3.89335
-1.58849
3.9672
-1.29701
4.02674
-1.02461
4.07311
-0.773694
4.10765
-0.536712
4.13116
-0.31156
4.1443
-0.0963128
4.14801
0.107112
4.14369
0.294638
4.1325
0.455102
4.11679
0.579575
4.0993
0.652747
4.08119
0.707846
4.0618
0.787762
4.04102
0.879312
4.01904
0.967499
3.99652
1.05807
3.97354
1.15031
3.9504
1.2447
3.92731
1.34369
3.90425
1.44936
3.88076
1.56654
3.85607
1.70209
3.82929
1.8685
3.79794
2.07431
3.75779
2.36661
3.72802
2.35774
-0.688666
-5.53762
-0.372995
-5.67724
0.035959
-7.33431
0.439881
-7.26071
0.853897
-7.44676
1.28242
-7.71016
1.69271
-7.38859
2.05031
-6.46049
2.3556
-5.53781
2.61505
-4.72735
2.82301
-3.82196
2.98693
-3.05011
3.11852
-2.48424
3.2222
-2.00417
3.30461
-1.63847
3.37185
-1.38148
3.42691
-1.18289
3.4735
-1.04516
3.51438
-0.956405
3.55152
-0.907249
3.5872
-0.889721
3.62292
-0.904731
3.66119
-0.951481
3.7013
-0.985523
3.73964
-0.953506
3.77434
-0.890816
3.80571
-0.831782
3.83422
-0.776027
3.85986
-0.723226
3.88297
-0.67293
3.90389
-0.625249
3.92287
-0.58102
3.93996
-0.539992
3.95568
-0.502935
3.97031
-0.469335
3.98419
-0.438538
3.99766
-0.404828
4.01076
-0.367139
4.02031
-0.258576
-1.04727
1.37359
-5.8727
1.69855
-5.85233
2.06818
-6.63773
2.37747
-5.57082
2.67368
-5.3362
2.95575
-5.07652
3.19803
-4.36759
3.41284
-3.87167
3.60041
-3.37963
3.75842
-2.84819
3.89328
-2.42998
4.00688
-2.03925
4.10092
-1.68252
4.17865
-1.37473
4.24102
-1.08698
4.28986
-0.822537
4.326
-0.572857
4.35046
-0.336013
4.36395
-0.109802
4.36774
0.103322
4.36257
0.299803
4.3504
0.467272
4.33337
0.59661
4.31442
0.671697
4.29488
0.727383
4.27383
0.808812
4.25132
0.901829
4.22777
0.991045
4.2032
1.08263
4.1785
1.17501
4.15331
1.26989
4.12837
1.36862
4.10329
1.47444
4.07814
1.59169
4.05202
1.72822
4.02357
1.89695
3.99085
2.10703
3.94917
2.4083
3.91936
2.38756
-0.721751
-5.86314
-0.388777
-6.01022
0.0425874
-7.76567
0.468837
-7.68696
0.905602
-7.88353
1.35771
-8.16227
1.7904
-7.82128
2.1676
-6.83769
2.48981
-5.86002
2.76346
-5.00099
2.98285
-4.04136
3.15581
-3.22306
3.29435
-2.62278
3.4038
-2.11362
3.49062
-1.72529
3.56138
-1.45224
3.61953
-1.24105
3.66848
-1.0941
3.71134
-0.999267
3.75051
-0.946421
3.78781
-0.927017
3.82553
-0.942457
3.86543
-0.991375
3.90766
-1.02776
3.94779
-0.993628
3.98401
-0.92704
4.01692
-0.864689
4.04638
-0.805495
4.07318
-0.750018
4.09709
-0.696846
4.11874
-0.646893
4.13798
-0.600266
4.15565
-0.557661
4.17176
-0.519042
4.18674
-0.484317
4.20082
-0.452617
4.21443
-0.418446
4.22798
-0.380689
4.23774
-0.268328
-1.10007
1.44427
-6.2169
1.78703
-6.19508
2.17692
-7.02762
2.50304
-5.89694
2.8155
-5.64865
3.1131
-5.37412
3.36858
-4.62308
3.59501
-4.0981
3.79265
-3.57727
3.95915
-3.01469
4.10129
-2.57212
4.22082
-2.15879
4.31987
-1.78158
4.40157
-1.45644
4.46719
-1.15259
4.5183
-0.873654
4.55618
-0.610732
4.58173
-0.36156
4.5957
-0.123777
4.5992
0.0998238
4.59341
0.305598
4.58002
0.480662
4.56169
0.614937
4.54125
0.692136
4.52015
0.748488
4.4975
0.831464
4.47301
0.926312
4.44759
1.01647
4.42133
1.10889
4.39447
1.20188
4.36759
1.29677
4.34066
1.39555
4.31382
1.50128
4.28678
1.61873
4.25908
1.75592
4.22891
1.92711
4.19472
2.14122
4.15161
2.45141
4.12136
2.41782
-0.75675
-6.20645
-0.405493
-6.36147
0.0496381
-8.22081
0.499278
-8.1366
0.960027
-8.34427
1.43701
-8.63925
1.89358
-8.27785
2.29145
-7.23555
2.63114
-6.19971
2.91993
-5.28978
3.15148
-4.27291
3.33366
-3.40524
3.47997
-2.76908
3.5953
-2.22895
3.68674
-1.81674
3.76127
-1.52676
3.82243
-1.30221
3.87404
-1.14572
3.91911
-1.04434
3.96022
-0.987532
3.99941
-0.966206
4.03884
-0.981885
4.08103
-1.03357
4.12499
-1.07172
4.16721
-1.03584
4.20522
-0.965057
4.2394
-0.898867
4.27043
-0.83652
4.29805
-0.777641
4.32298
-0.721772
4.34528
-0.669202
4.36537
-0.620354
4.38342
-0.575712
4.39973
-0.535345
4.41498
-0.499572
4.4295
-0.467138
4.44328
-0.43223
4.45721
-0.394618
4.46702
-0.278134
-1.15574
1.51881
-6.57997
1.88038
-6.55666
2.29158
-7.43882
2.63557
-6.24093
2.96513
-5.97821
3.27875
-5.68774
3.5481
-4.89243
3.78681
-4.33681
3.99523
-3.7857
4.17061
-3.19007
4.32033
-2.72184
4.44618
-2.28464
4.55061
-1.88601
4.63641
-1.54224
4.7055
-1.22168
4.75917
-0.927322
4.79878
-0.65034
4.82525
-0.388032
4.83978
-0.138302
4.84307
0.096538
4.8365
0.312164
4.82224
0.494923
4.80235
0.634826
4.78026
0.714235
4.7577
0.771048
4.73322
0.855939
4.70704
0.952489
4.67954
1.04398
4.65127
1.13716
4.62247
1.23067
4.59362
1.32563
4.56467
1.4245
4.53593
1.53003
4.5071
1.64755
4.47768
1.78534
4.44596
1.95883
4.4104
2.17678
4.36565
2.49617
4.335
2.44846
-0.793545
-6.56864
-0.422971
-6.73205
0.0570046
-8.70078
0.531362
-8.61096
1.01742
-8.83033
1.52075
-9.14257
2.00227
-8.75936
2.42214
-7.65543
2.78054
-6.55812
3.08514
-5.59437
3.32917
-4.51694
3.52149
-3.59756
3.67559
-2.92318
3.79707
-2.35043
3.89361
-1.91328
3.97199
-1.60514
4.03645
-1.36666
4.09073
-1.2
4.13817
-1.09177
4.18135
-1.03071
4.2225
-1.00736
4.26402
-1.0234
4.30807
-1.07762
4.35453
-1.11819
4.39844
-1.07975
4.43842
-1.00503
4.4743
-0.934746
4.50644
-0.868669
4.53537
-0.806567
4.56125
-0.747653
4.5843
-0.692252
4.60491
-0.640967
4.62354
-0.594338
4.64047
-0.552275
4.65599
-0.51509
4.6706
-0.48175
4.68483
-0.446468
4.69913
-0.40892
4.70926
-0.288264
-1.21445
1.59745
-6.96297
1.97882
-6.93802
2.41257
-7.87256
2.77529
-6.60365
3.12275
-6.32567
3.45347
-6.01845
3.73755
-5.17651
3.98921
-4.58848
4.20868
-4.00517
4.39341
-3.3748
4.55124
-2.87967
4.68393
-2.41733
4.7936
-1.99568
4.88404
-1.63268
4.95648
-1.29412
5.013
-0.983841
5.05453
-0.691869
5.08208
-0.415585
5.09701
-0.15323
5.10013
0.0934154
5.09292
0.319378
5.07729
0.510549
5.05594
0.656183
5.03229
0.737883
5.00784
0.795496
4.98181
0.881968
4.95364
0.980664
4.92427
1.07335
4.89394
1.16748
4.86304
1.26158
4.83204
1.35664
4.80119
1.45534
4.77055
1.56068
4.73994
1.67815
4.70874
1.81655
4.67544
1.99214
4.63818
2.21404
4.59178
2.54257
4.56073
2.47952
-0.832413
-6.95068
-0.441576
-7.12288
0.0650382
-9.2074
0.565339
-9.11126
1.07818
-9.34317
1.60893
-9.67332
2.11692
-9.26735
2.55983
-8.09834
2.93795
-6.93623
3.25914
-5.91557
3.51656
-4.77436
3.71933
-3.80033
3.88185
-3.0857
4.00995
-2.47854
4.1115
-2.01482
4.19422
-1.68786
4.262
-1.43445
4.31921
-1.25721
4.36896
-1.14152
4.4145
-1.07625
4.45775
-1.05061
4.50129
-1.06694
4.5476
-1.12393
4.59628
-1.16687
4.64268
-1.12616
4.68428
-1.04663
4.72184
-0.9723
4.75545
-0.902284
4.78576
-0.836873
4.81255
-0.774443
4.83654
-0.716246
4.85788
-0.662303
4.87702
-0.613481
4.8943
-0.569552
4.91018
-0.530975
4.92537
-0.496937
4.9398
-0.460904
4.95443
-0.423548
4.96467
-0.298501
-1.27632
1.68031
-7.36695
2.08255
-7.34025
2.53988
-8.32989
2.92262
-6.98639
3.28898
-6.69201
3.63775
-6.36723
3.9372
-5.47596
4.20234
-4.85362
4.43379
-4.23661
4.62866
-3.56968
4.79467
-3.04568
4.93438
-2.55705
5.04989
-2.11118
5.14516
-1.72795
5.22132
-1.37028
5.28045
-1.04297
5.32392
-0.735341
5.35298
-0.444637
5.36824
-0.168497
5.37114
0.0905231
5.36323
0.327281
5.34623
0.527559
5.32338
0.679031
5.29805
0.76321
5.2719
0.821653
5.24389
0.909978
5.21386
1.01069
5.18242
1.1048
5.14998
1.19992
5.11693
1.29463
5.08375
1.38981
5.05084
1.48825
5.01826
1.59326
4.98584
1.71058
4.95273
1.84965
4.91789
2.02698
4.87893
2.253
4.83083
2.59067
4.79916
2.51119
-0.873319
-7.35369
-0.460919
-7.53529
0.0731854
-9.7415
0.601134
-9.63921
1.14203
-9.88406
1.70193
-10.2332
2.2379
-9.80332
2.70514
-8.56557
3.10407
-7.33516
3.44285
-6.25435
3.71422
-5.04573
3.92799
-4.01411
4.09927
-3.25697
4.23432
-2.61359
4.34137
-2.12187
4.42852
-1.77502
4.4998
-1.50572
4.55994
-1.31735
4.61245
-1.19402
4.66029
-1.12409
4.70571
-1.09603
4.75145
-1.11267
4.8003
-1.17278
4.8513
-1.21787
4.89986
-1.17472
4.9437
-1.09047
4.98303
-1.01163
5.01819
-0.937452
5.04958
-0.868259
5.07774
-0.802603
5.1025
-0.741003
5.12476
-0.684567
5.14435
-0.633072
5.16224
-0.58744
5.17862
-0.547357
5.19397
-0.512287
5.20885
-0.475787
5.22389
-0.438588
5.23422
-0.308827
-1.34166
1.76772
-7.79302
2.19205
-7.76458
2.67447
-8.81231
3.0779
-7.38982
3.46427
-7.07838
3.83198
-6.73494
4.14762
-5.7916
4.42721
-5.13321
4.67117
-4.48058
4.87625
-3.77476
5.05154
-3.22098
5.19854
-2.70405
5.32024
-2.23288
5.42013
-1.82784
5.50035
-1.4505
5.5625
-1.10512
5.60809
-0.78093
5.63818
-0.474727
5.65398
-0.1843
5.65679
0.087714
5.648
0.336082
5.62988
0.545672
5.60521
0.703703
5.57823
0.790185
5.55022
0.849667
5.52032
0.93988
5.48819
1.04282
5.45462
1.13837
5.42002
1.23453
5.3849
1.32975
5.34964
1.42507
5.31464
1.52325
5.27982
1.62808
5.24536
1.74505
5.21056
1.88445
5.17384
2.0637
5.13328
2.29357
5.08332
2.64063
5.05097
2.54355
-0.916534
-7.77881
-0.481629
-7.97019
0.0820351
-10.3052
0.638897
-10.1961
1.20964
-10.4548
1.80024
-10.8238
2.36561
-10.3687
2.85836
-9.05832
3.27902
-7.75582
3.63631
-6.61164
3.92252
-5.33194
4.14796
-4.23955
4.32851
-3.43752
4.47069
-2.75577
4.58351
-2.23469
4.67532
-1.86683
4.7506
-1.581
4.81391
-1.38066
4.86924
-1.24935
4.91935
-1.17421
4.96726
-1.14394
5.01532
-1.16073
5.06647
-1.22392
5.12025
-1.27165
5.17122
-1.22569
5.21714
-1.13638
5.25832
-1.05281
5.29525
-0.974389
5.32806
-0.901063
5.35729
-0.831834
5.38314
-0.766858
5.40602
-0.707445
5.42652
-0.653576
5.44486
-0.605775
5.46162
-0.564116
5.47741
-0.528087
5.49258
-0.490958
5.50803
-0.454035
5.51862
-0.319413
-1.41045
1.85988
-8.24245
2.30737
-8.21206
2.81622
-9.32115
3.24162
-7.81521
3.64913
-7.48589
4.03677
-7.12259
4.3696
-6.12443
4.66439
-5.428
4.92137
-4.73756
5.13759
-3.99098
5.32194
-3.40534
5.4768
-2.8589
5.6049
-2.36098
5.71023
-1.93317
5.79454
-1.53481
5.85976
-1.17034
5.90751
-0.828678
5.93906
-0.506277
5.95541
-0.200651
5.9581
0.0850296
5.9484
0.345781
5.92891
0.565165
5.90265
0.729965
5.87365
0.819185
5.84379
0.879527
5.81187
0.971795
5.77755
1.07714
5.74191
1.17401
5.70494
1.2715
5.66758
1.36711
5.63006
1.4626
5.5928
1.56051
5.55613
1.66475
5.51969
1.78149
5.48308
1.92107
5.44449
2.10229
5.40213
2.33593
5.34996
2.6928
5.31705
2.57647
-0.962059
-8.2272
-0.503221
-8.42903
0.0913374
-10.8997
0.678659
-10.7834
1.28071
-11.0568
1.90387
-11.447
2.50013
-10.9649
3.02014
-9.57832
3.4638
-8.19948
3.84054
-6.98837
4.14229
-5.63369
4.37983
-4.47709
4.57009
-3.62778
4.72017
-2.90584
4.83908
-2.35359
4.93578
-1.96353
5.01491
-1.66013
5.08162
-1.44737
5.13965
-1.30738
5.19271
-1.22727
5.24279
-1.19402
5.29349
-1.21144
5.34722
-1.27765
5.40358
-1.32801
5.45725
-1.27936
5.5054
-1.18454
5.54866
-1.09607
5.5872
-1.01293
5.62165
-0.935505
5.65203
-0.862213
5.67905
-0.793887
5.70275
-0.73114
5.72397
-0.674795
5.74282
-0.624623
5.76005
-0.581349
5.77614
-0.54418
5.79185
-0.506668
5.80766
-0.469847
5.8184
-0.330151
-1.48294
1.95699
-8.71649
2.42885
-8.68392
2.96561
-9.8579
3.41434
-8.26395
3.84391
-7.91545
4.2527
-7.53138
4.60349
-6.47522
4.91414
-5.73865
5.18502
-5.00845
5.41292
-4.21888
5.60725
-3.59968
5.77044
-3.0221
5.90521
-2.49575
6.016
-2.04396
6.10453
-1.62334
6.17328
-1.23908
6.22323
-0.878633
6.25622
-0.539259
6.27321
-0.21764
6.27553
0.0827122
6.26499
0.356318
6.24413
0.586033
6.21602
0.758072
6.1851
0.850101
6.15334
0.911292
6.11937
1.00577
6.08295
1.11356
6.0449
1.21206
6.00577
1.31063
5.96583
1.40705
5.92614
1.50229
5.88658
1.60006
5.84765
1.70369
5.80921
1.81993
5.77047
1.95981
5.73017
2.14259
5.68578
2.38032
5.63166
2.74692
5.59782
2.61031
-1.01007
-8.70007
-0.526179
-8.91292
0.100947
-11.5269
0.720785
-11.4032
1.35578
-11.6918
2.01299
-12.1042
2.64212
-11.5941
3.19055
-10.1268
3.65851
-8.66744
4.05577
-7.38563
4.37384
-5.95176
4.62425
-4.7275
4.82493
-3.82845
4.98294
-3.06385
5.10822
-2.47887
5.21015
-2.06547
5.29366
-1.74364
5.36385
-1.51756
5.42502
-1.36855
5.4806
-1.28285
5.53345
-1.24686
5.58656
-1.26455
5.64321
-1.33429
5.70252
-1.38732
5.75876
-1.3356
5.80937
-1.23515
5.85466
-1.14136
5.89499
-1.05327
5.9309
-0.971411
5.96277
-0.894085
5.9908
-0.821917
6.01565
-0.75599
6.03741
-0.696556
6.05699
-0.644203
6.07471
-0.599066
6.09145
-0.560921
6.10738
-0.522596
6.12374
-0.48621
6.13449
-0.340901
-1.55962
2.0598
-9.21667
2.55731
-9.18143
3.12322
-10.4238
3.59633
-8.73706
4.04959
-8.3687
4.48038
-7.96217
4.85033
-6.84517
5.17773
-6.06605
5.46318
-5.2939
5.70327
-4.45897
5.90793
-3.80434
6.07974
-3.19391
6.22163
-2.63764
6.33823
-2.16055
6.43142
-1.71654
6.50337
-1.31104
6.5561
-0.931361
6.59038
-0.573539
6.60807
-0.23532
6.61024
0.0805361
6.59889
0.367668
6.57646
0.608473
6.54661
0.787921
6.51375
0.882959
6.47997
0.94507
6.44363
1.04211
6.405
1.15218
6.36447
1.25259
6.32297
1.35213
6.2808
1.44922
6.23848
1.54461
6.19671
1.64184
6.15557
1.74483
6.11493
1.86057
6.07434
2.00041
6.03185
2.18508
5.98567
2.42649
5.92909
2.80351
5.89424
2.64516
-1.06055
-9.19914
-0.54997
-9.4235
0.111429
-12.1883
0.76508
-12.0569
1.43499
-12.3617
2.12809
-12.7973
2.79184
-12.2578
3.37042
-10.7053
3.86386
-9.16088
4.28262
-7.80439
4.61809
-6.28723
4.88198
-4.99139
5.09352
-4.03999
5.26015
-3.23049
5.39214
-2.61086
5.49939
-2.17272
5.58727
-1.83151
5.6612
-1.59149
5.72553
-1.43288
5.7841
-1.34142
5.8398
-1.30256
5.8957
-1.32046
5.95504
-1.39363
6.01733
-1.44961
6.07651
-1.39477
6.12957
-1.28821
6.17702
-1.18881
6.21942
-1.09567
6.25702
-1.00901
6.29022
-0.927288
6.31947
-0.85117
6.3453
-0.781818
6.36807
-0.719321
6.38815
-0.664288
6.40649
-0.617401
6.42369
-0.578127
6.44013
-0.539036
6.45686
-0.502935
6.46787
-0.351906
-1.64022
2.1675
-9.74395
2.6927
-9.70662
3.28935
-11.0205
3.78853
-9.23623
4.26588
-8.84606
4.72033
-8.41662
5.1103
-7.23513
5.45546
-6.41121
5.75641
-5.59486
6.00943
-4.71199
6.22501
-4.01992
6.4059
-3.3748
6.5554
-2.78714
6.67811
-2.28326
6.7761
-1.81452
6.85186
-1.3868
6.90689
-0.986393
6.94293
-0.609579
6.96125
-0.253638
6.96322
0.0785761
6.95093
0.379959
6.92698
0.63242
6.8951
0.8198
6.86014
0.917915
6.82413
0.981084
6.78583
1.08041
6.74473
1.19328
6.70189
1.29543
6.65768
1.39633
6.61294
1.49397
6.5682
1.58935
6.52389
1.68615
6.48039
1.78834
6.43771
1.90324
6.39489
2.04323
6.35034
2.22964
6.30202
2.47481
6.24313
2.8624
6.20731
2.68099
-1.11399
-9.72537
-0.57572
-9.96177
0.122396
-12.8864
0.811953
-12.7464
1.5185
-13.0683
2.24971
-13.5285
2.94975
-12.9578
3.55994
-11.3155
4.0804
-9.68134
4.52188
-8.24587
4.87536
-6.64071
5.15384
-5.26987
5.37666
-4.26281
5.55218
-3.406
5.69127
-2.74995
5.80441
-2.28586
5.89686
-1.92396
5.97465
-1.66928
6.04244
-1.50067
6.10392
-1.40291
6.16237
-1.361
6.22114
-1.37923
6.2837
-1.45619
6.34928
-1.51519
6.41143
-1.45692
6.46708
-1.34386
6.51691
-1.23864
6.56133
-1.14009
6.60072
-1.0484
6.63548
-0.962047
6.66605
-0.881738
6.69282
-0.808595
6.71642
-0.742921
6.73737
-0.685232
6.75637
-0.636399
6.77389
-0.595645
6.79091
-0.556061
6.80816
-0.520183
6.81933
-0.363074
-1.72532
2.28153
-10.3002
2.83539
-10.2605
3.4647
-11.6498
3.99091
-9.76244
4.49419
-9.34933
4.97377
-8.8962
5.3845
-7.64587
5.74826
-6.77497
6.06539
-5.91199
6.33198
-4.97859
6.55906
-4.247
6.74961
-3.56536
6.90703
-2.94455
7.03617
-2.4124
7.13942
-1.91777
7.21897
-1.46635
7.27689
-1.04432
7.31461
-0.647303
7.33292
-0.27194
7.33557
0.0759287
7.32236
0.393165
7.29633
0.658458
7.2631
0.853024
7.22518
0.955835
7.1875
1.01876
7.14651
1.12141
7.10276
1.23702
7.0579
1.34029
7.01078
1.44346
6.96391
1.54083
6.91629
1.63698
6.86965
1.73278
6.82385
1.83414
6.77812
1.94898
6.7329
2.08845
6.68649
2.27604
6.63569
2.52562
6.57452
2.92357
6.53747
2.71804
-1.17042
-10.2803
-0.602116
-10.5301
0.133745
-13.6222
0.861036
-13.4737
1.60628
-13.8135
2.37797
-14.3002
3.11645
-13.6963
3.76008
-11.9591
4.30851
-10.2298
4.77412
-8.71147
5.14684
-7.01343
5.44013
-5.56315
5.67512
-4.49781
5.86019
-3.59106
6.00656
-2.89632
6.1256
-2.40491
6.22305
-2.0214
6.30503
-1.75126
6.37614
-1.57178
6.44142
-1.46819
6.50273
-1.42232
6.56409
-1.44058
6.62942
-1.52152
6.69931
-1.58508
6.76364
-1.52125
6.82242
-1.40264
6.87509
-1.29132
6.92168
-1.18668
6.96299
-1.0897
6.99865
-0.997713
7.03128
-0.914369
7.05924
-0.836548
7.08389
-0.767576
7.10581
-0.70715
7.12545
-0.656043
7.14359
-0.613779
7.16117
-0.573647
7.17802
-0.537029
7.1898
-0.37485
-1.81518
2.40193
-10.8869
2.98538
-10.8439
3.64934
-12.3137
4.20412
-10.3172
4.73534
-9.88056
5.24006
-9.40091
5.67351
-8.07932
6.05707
-7.15854
6.39133
-6.24626
6.67218
-5.25945
6.91156
-4.48638
7.11222
-3.76602
7.27807
-3.1104
7.41394
-2.54827
7.52245
-2.02628
7.60611
-1.55002
7.66668
-1.10488
7.70652
-0.687145
7.72658
-0.291994
7.72798
0.0745321
7.71342
0.407718
7.68631
0.685574
7.64976
0.889571
7.61179
0.993809
7.57037
1.06018
7.52729
1.16449
7.48112
1.2832
7.43232
1.38909
7.38335
1.49242
7.33297
1.59121
7.28383
1.68613
7.23325
1.78336
7.18494
1.88244
7.13857
1.99536
7.0908
2.13622
7.04165
2.3252
6.98832
2.57894
6.92426
2.98764
6.88563
2.75667
-1.22977
-10.8657
-0.63086
-11.129
0.145705
-14.3988
0.913217
-14.2412
1.69965
-14.6
2.51303
-15.1135
3.29222
-14.4755
3.971
-12.6379
4.54934
-10.8081
5.04002
-9.20215
5.43294
-7.40636
5.74216
-5.87238
5.98968
-4.74532
6.18485
-3.78623
6.33943
-3.0509
6.46384
-2.52932
6.56703
-2.12459
6.65239
-1.83663
6.728
-1.64739
6.7959
-1.53608
6.86094
-1.48736
6.92545
-1.5051
6.99484
-1.59091
7.06689
-1.65712
7.13595
-1.59031
7.1981
-1.46478
7.25207
-1.34528
7.30151
-1.23612
7.34395
-1.13215
7.38307
-1.03683
7.41622
-0.947515
7.44468
-0.865008
7.47114
-0.794043
7.49334
-0.729344
7.51319
-0.675894
7.53189
-0.632474
7.55075
-0.59251
7.56968
-0.555959
7.58026
-0.385437
-1.90977
2.52834
-11.5055
3.14466
-11.4602
3.84423
-13.0133
4.42923
-10.9022
4.98908
-10.4404
5.52179
-9.93362
5.97856
-8.5361
6.38271
-7.56269
6.73511
-6.59866
7.03077
-5.55511
7.28291
-4.73852
7.49446
-3.97757
7.6689
-3.28484
7.8121
-2.69147
7.92658
-2.14075
8.01367
-1.63711
8.07787
-1.16908
8.11944
-0.728718
8.14059
-0.313136
8.1408
0.0743194
8.12526
0.423264
8.09739
0.713449
8.05932
0.927639
8.01645
1.03668
7.97458
1.10206
7.92854
1.21053
7.87964
1.3321
7.82954
1.43919
7.77683
1.54514
7.72416
1.64387
7.67028
1.74001
7.61904
1.83461
7.56768
1.9338
7.51711
2.04592
7.46791
2.18543
7.41607
2.37704
7.36141
2.6336
7.29333
3.05572
7.25401
2.796
-1.29219
-11.4832
-0.660282
-11.7609
0.158679
-15.2178
0.968104
-15.0507
1.79729
-15.4292
2.65596
-15.9722
3.47734
-15.2969
4.19336
-13.3539
4.803
-11.4177
5.32035
-9.71949
5.73455
-7.82056
6.06056
-6.19838
6.32045
-5.00522
6.52533
-3.99111
6.68772
-3.21328
6.8214
-2.663
6.92905
-2.23224
7.02034
-1.92792
7.09867
-1.72572
7.16972
-1.60714
7.238
-1.55563
7.3071
-1.5742
7.38005
-1.66386
7.45591
-1.73299
7.52883
-1.66323
7.59222
-1.52817
7.65107
-1.40413
7.70155
-1.2866
7.74743
-1.17803
7.7873
-1.0767
7.82107
-0.981281
7.85259
-0.896526
7.87813
-0.819581
7.90186
-0.753076
7.92315
-0.697183
7.94328
-0.652604
7.96111
-0.610343
7.98048
-0.575328
7.99288
-0.397845
-1.37891
1.82991
-11.9565
2.31099
-11.9413
2.92465
-13.627
3.52344
-11.501
4.20717
-11.1241
5.00702
-10.7335
5.86794
-9.39701
6.83507
-8.52983
7.92032
-7.68391
9.53023
-7.16502
9.04731
-4.2556
8.53013
-3.46039
8.09017
-2.84488
7.70746
-2.30876
7.37541
-1.8087
7.08576
-1.34747
6.83135
-0.914669
6.60907
-0.506433
6.41537
-0.119432
6.2511
0.238592
6.11027
0.56409
5.99405
0.829673
5.9012
1.0205
5.8313
1.10658
5.77662
1.15675
5.72905
1.25809
5.69395
1.3672
5.6556
1.47754
5.61784
1.5829
5.62053
1.64118
5.608
1.75254
5.60212
1.84049
5.60002
1.9359
5.60272
2.04322
5.61086
2.17729
5.62316
2.36474
5.63823
2.61853
5.65856
3.0354
5.67721
2.77735
-0.943011
-11.9191
-0.494477
-12.2094
0.11728
-15.8295
0.791897
-15.7253
1.60537
-16.2426
2.65424
-17.0211
3.97304
-16.6157
5.29775
-14.6786
5.41808
-11.5381
5.42984
-9.73124
5.42512
-7.81584
5.41689
-6.19015
5.41042
-4.99874
5.40738
-3.98807
5.40553
-3.21143
5.4063
-2.66377
5.40783
-2.23378
5.4121
-1.9322
5.41642
-1.73004
5.42165
-1.61236
5.42695
-1.56094
5.43571
-1.58296
5.44885
-1.677
5.46653
-1.75066
5.4878
-1.6845
5.5146
-1.55497
5.54204
-1.43158
5.57288
-1.31744
5.60722
-1.21237
5.64257
-1.11205
5.68156
-1.02027
5.72301
-0.937979
5.76584
-0.862408
5.81163
-0.798868
5.86229
-0.747851
5.91635
-0.706667
5.97897
-0.672966
6.05626
-0.652621
6.12065
-0.462235
-1.5144
2.01058
-12.4527
2.5393
-12.47
3.21382
-14.3015
3.87187
-12.159
4.62317
-11.8754
5.50147
-11.6118
6.44754
-10.3431
7.50926
-9.59155
8.70131
-8.87596
10.4686
-8.93229
9.93826
-3.72529
9.37068
-2.89281
8.88768
-2.36188
8.46925
-1.89033
8.10411
-1.44356
7.78563
-1.02899
7.5066
-0.635636
7.26222
-0.26205
7.05133
0.0914576
6.86829
0.421626
6.71464
0.717745
6.58784
0.956472
6.48649
1.12185
6.40778
1.18529
6.34764
1.21689
6.29488
1.31085
6.25476
1.40733
6.21551
1.51679
6.17444
1.62397
6.1752
1.64042
6.16224
1.7655
6.15476
1.84797
6.15257
1.93809
6.15654
2.03925
6.16468
2.16915
6.17697
2.35245
6.19565
2.59985
6.21648
3.01457
6.23706
2.75678
-1.03445
-12.3991
-0.540869
-12.703
0.132113
-16.5025
0.873925
-16.4671
1.76899
-17.1377
2.92339
-18.1755
4.37561
-18.0679
5.83296
-16.136
5.96422
-11.6693
5.97628
-9.7433
5.97049
-7.81004
5.95962
-6.17928
5.95236
-4.99149
5.94703
-3.98273
5.94732
-3.21172
5.94764
-2.66409
5.95022
-2.23636
5.95218
-1.93416
5.95634
-1.7342
5.96239
-1.61841
5.9697
-1.56824
5.97918
-1.59245
5.99339
-1.69121
6.01247
-1.76975
6.03767
-1.70969
6.06434
-1.58165
6.09532
-1.46256
6.12945
-1.35158
6.16567
-1.24859
6.2053
-1.15168
6.24839
-1.06337
6.29253
-0.982122
6.34048
-0.91036
6.39129
-0.849677
6.44435
-0.800913
6.50471
-0.76704
6.57382
-0.742077
6.65815
-0.736953
6.72976
-0.53385
-1.66275
2.2082
-12.9981
2.78922
-13.051
3.53126
-15.0435
4.25411
-12.8819
5.07976
-12.7011
6.04543
-12.5774
7.08393
-11.3816
8.24982
-10.7574
9.55853
-10.1847
11.4996
-10.8734
10.9164
-3.14207
10.295
-2.27141
9.76517
-1.83204
9.30517
-1.43032
8.90523
-1.04363
8.5553
-0.679052
8.24912
-0.329456
7.98163
0.00543954
7.74879
0.324292
7.54738
0.623041
7.37895
0.886176
7.23822
1.09721
7.12525
1.23482
7.04114
1.26941
6.97508
1.28295
6.91681
1.36913
6.8739
1.45024
6.82952
1.56118
6.78223
1.67126
6.78593
1.63672
6.77096
1.78047
6.76167
1.85726
6.76035
1.93941
6.76405
2.03555
6.77323
2.15996
6.78785
2.33783
6.80605
2.58164
6.83098
2.98965
6.85316
2.7346
-1.13537
-12.9265
-0.592573
-13.2458
0.147989
-17.2431
0.964918
-17.284
1.94979
-18.1226
3.22053
-19.4462
4.81848
-19.6658
6.42171
-17.7392
6.56306
-11.8107
6.57645
-9.75668
6.56702
-7.80061
6.5566
-6.16886
6.54839
-4.98327
6.54301
-3.97735
6.54108
-3.2098
6.5415
-2.6645
6.54431
-2.23917
6.54829
-1.93814
6.55259
-1.73849
6.5585
-1.62432
6.56681
-1.57656
6.5761
-1.60174
6.59051
-1.70562
6.61257
-1.79181
6.6395
-1.73662
6.66892
-1.61107
6.70241
-1.49605
6.74018
-1.38935
6.77983
-1.28824
6.82398
-1.19583
6.87014
-1.10953
6.91847
-1.03045
6.97044
-0.962336
7.02647
-0.905716
7.08595
-0.860392
7.15284
-0.833932
7.22739
-0.816634
7.32027
-0.829835
7.39663
-0.610214
-1.82552
2.42546
-13.5981
3.0646
-13.6902
3.87954
-15.8584
4.67454
-13.6769
5.58155
-13.6081
6.64213
-13.638
7.78299
-12.5224
9.06383
-12.0383
10.5003
-11.6211
12.6312
-13.0044
11.9919
-2.50273
11.3107
-1.59019
10.727
-1.24841
10.2223
-0.925566
9.78447
-0.605808
9.39912
-0.293704
9.06326
0.00640074
8.7689
0.299799
8.51312
0.58007
8.29375
0.84241
8.10708
1.07285
7.95307
1.25121
7.83173
1.35617
7.73649
1.36464
7.66406
1.35538
7.59978
1.43341
7.55372
1.4963
7.50252
1.61237
7.45257
1.72121
7.45497
1.63432
7.43895
1.79649
7.43007
1.86614
7.42678
1.9427
7.43123
2.0311
7.44128
2.14991
7.45654
2.32257
7.47915
2.55903
7.50387
2.96493
7.53146
2.70701
-1.2452
-13.5068
-0.648288
-13.8427
0.166449
-18.0578
1.06474
-18.1823
2.14864
-19.2065
3.54723
-20.8448
5.30581
-21.4244
7.07075
-19.5041
7.22502
-11.965
7.23617
-9.76782
7.22666
-7.7911
7.21329
-6.15549
7.20294
-4.97293
7.19718
-3.97158
7.19383
-3.20645
7.19498
-2.66565
7.19728
-2.24148
7.20238
-1.94324
7.20726
-1.74337
7.21334
-1.63039
7.22037
-1.58359
7.23366
-1.61503
7.24975
-1.72171
7.27271
-1.81477
7.3017
-1.76562
7.33423
-1.6436
7.37188
-1.5337
7.41097
-1.42844
7.4556
-1.33287
7.50325
-1.24348
7.55401
-1.16029
7.60802
-1.08446
7.66424
-1.01856
7.72437
-0.965843
7.78924
-0.925271
7.86154
-0.906227
7.94426
-0.899356
8.04476
-0.930335
8.13106
-0.696517
-2.00413
2.66362
-14.2575
3.36689
-14.3934
4.26237
-16.7539
5.13608
-14.5506
6.13257
-14.6046
7.29777
-14.8032
8.55108
-13.7757
9.95761
-13.4448
11.5357
-13.1992
13.8757
-15.3443
13.175
-1.80208
12.4246
-0.839783
11.7873
-0.611116
11.2331
-0.371362
10.7492
-0.121907
10.3294
0.126155
9.95854
0.377212
9.63612
0.622222
9.35493
0.861257
9.11405
1.0833
8.90825
1.27865
8.74008
1.41939
8.60316
1.4931
8.5014
1.4664
8.42084
1.43594
8.35013
1.50412
8.29785
1.54858
8.24462
1.6656
8.18902
1.77682
8.19102
1.63232
8.17234
1.81518
8.16226
1.87622
8.16059
1.94438
8.16416
2.02753
8.17465
2.13943
8.19301
2.30421
8.21708
2.53497
8.24644
2.93557
8.27392
2.67953
-1.36621
-14.1447
-0.709332
-14.4996
0.186493
-18.9536
1.17548
-19.1713
2.36779
-20.3988
3.90691
-22.3839
5.8418
-23.3593
7.78142
-21.4437
7.95005
-12.1336
7.96186
-9.77964
7.95081
-7.78004
7.93636
-6.14104
7.92274
-4.95929
7.91645
-3.96528
7.91372
-3.20372
7.91496
-2.66689
7.91728
-2.2438
7.92017
-1.94613
7.92588
-1.74907
7.93253
-1.63705
7.94122
-1.59228
7.95365
-1.62746
7.97062
-1.73868
7.99735
-1.8415
8.02747
-1.79574
8.06472
-1.68084
8.10427
-1.57326
8.14889
-1.47305
8.19752
-1.3815
8.24896
-1.29492
8.30331
-1.21463
8.36199
-1.14315
8.42528
-1.08184
8.48981
-1.03037
8.56279
-0.998254
8.64071
-0.984141
8.73197
-0.990617
8.84283
-1.04119
8.93554
-0.78922
-2.20004
2.9253
-14.9828
3.69783
-15.166
4.6831
-17.7392
5.64259
-15.5101
6.73799
-15.7
8.01783
-16.0831
9.39514
-15.1531
10.9399
-14.9896
12.6722
-14.9315
15.2419
-17.914
14.4721
-1.03226
13.6504
-0.0181434
12.9502
0.0891348
12.3413
0.237492
11.8119
0.407556
11.348
0.590012
10.9432
0.781971
10.5874
0.978025
10.2784
1.17028
10.0123
1.34943
9.78763
1.50331
9.6019
1.60512
9.45383
1.64117
9.33975
1.58048
9.25177
1.52392
9.17407
1.58183
9.11644
1.60621
9.05683
1.72521
8.99643
1.83722
9.00021
1.62854
8.97971
1.83568
8.96811
1.88783
8.96505
1.94744
8.96998
2.0226
8.98197
2.12743
9.0017
2.28449
9.02686
2.50981
9.06032
2.90211
9.09128
2.64857
-1.49824
-14.8465
-0.77643
-15.2214
0.20953
-19.9396
1.29696
-20.2588
2.60912
-21.7109
4.30272
-24.0775
6.43268
-25.4892
8.56636
-23.5774
8.74869
-12.3159
8.75939
-9.79033
8.746
-7.76665
8.72866
-6.12367
8.71574
-4.94637
8.70741
-3.95694
8.70362
-3.19993
8.70309
-2.66635
8.70594
-2.24664
8.71075
-1.95095
8.71659
-1.7549
8.72276
-1.64322
8.73343
-1.60295
8.74414
-1.63817
8.76482
-1.75937
8.7919
-1.86857
8.82622
-1.83006
8.86477
-1.71939
8.90912
-1.61761
8.95709
-1.52101
9.0101
-1.43452
9.06699
-1.3518
9.12783
-1.27547
9.19154
-1.20685
9.25965
-1.14995
9.33269
-1.1034
9.40903
-1.07459
9.49686
-1.07197
9.59564
-1.08939
9.71622
-1.16176
9.8194
-0.892395
-2.41533
3.21283
-15.7803
4.06193
-16.0151
5.14412
-18.8214
6.19916
-16.5651
7.40269
-16.9035
8.80921
-17.4896
10.3216
-16.6655
12.0194
-16.6874
13.923
-16.835
16.7465
-20.7376
15.9007
-0.186522
14.9985
0.884095
14.2281
0.85957
13.5597
0.905865
12.9786
0.98865
12.4688
1.0998
12.0219
1.22889
11.6325
1.36738
11.2942
1.5086
11.0016
1.64206
10.7544
1.75045
10.5502
1.80941
10.3875
1.80386
10.2616
1.70634
10.1643
1.62119
10.0805
1.66566
10.0169
1.66981
9.95175
1.79038
9.88354
1.90543
9.88605
1.62603
9.86468
1.85705
9.85238
1.90013
9.84889
1.95092
9.85487
2.01662
9.86926
2.11304
9.88997
2.26378
9.91843
2.48135
9.95438
2.86616
9.98871
2.61423
-1.64378
-15.618
-0.849436
-16.0158
0.235005
-21.0241
1.4311
-21.4549
2.87458
-23.1544
4.7378
-25.9407
7.08054
-27.8319
9.42649
-25.9233
9.62628
-12.5157
9.63765
-9.80171
9.62105
-7.75004
9.60154
-6.10416
9.58575
-4.93055
9.57524
-3.94643
9.57239
-3.19706
9.57072
-2.66469
9.5733
-2.2492
9.57682
-1.95447
9.58172
-1.7598
9.59049
-1.65199
9.59965
-1.6121
9.61409
-1.65261
9.63522
-1.78049
9.66446
-1.89781
9.7022
-1.86779
9.74512
-1.76232
9.79242
-1.6649
9.84552
-1.57411
9.90347
-1.49246
9.96507
-1.4134
10.0317
-1.34209
10.1022
-1.2774
10.1758
-1.22347
10.2553
-1.18296
10.342
-1.16127
10.4365
-1.1664
10.5447
-1.19768
10.6796
-1.29665
10.7914
-1.00414
-2.65098
3.52778
-16.6571
4.46111
-16.9484
5.65128
-20.0115
6.81059
-17.7244
8.13285
-18.2257
9.67839
-19.0351
11.3403
-18.3274
13.205
-18.5521
15.296
-18.926
18.4005
-23.8421
17.4688
0.745165
16.478
1.87483
15.6327
1.70489
14.8981
1.64045
14.2597
1.62705
13.7004
1.65912
13.2107
1.71857
12.7822
1.79592
12.4092
1.88156
12.0888
1.96252
11.8166
2.02264
11.5927
2.03335
11.4119
1.98459
11.2748
1.84344
11.1689
1.72715
11.0742
1.7603
11.0054
1.7386
10.9328
1.863
10.8588
1.97944
10.8621
1.62275
10.838
1.88112
10.8246
1.91355
10.8202
1.95536
10.8255
2.01131
10.8405
2.098
10.8644
2.23992
10.8969
2.44886
10.9357
2.82735
10.9751
2.5748
-1.80281
-16.4662
-0.929444
-16.8891
0.262869
-22.2164
1.57848
-22.7705
3.16622
-24.7421
5.21665
-27.9912
7.79297
-30.4082
10.3724
-28.5027
10.5922
-12.7355
10.6027
-9.81216
10.5832
-7.73046
10.5596
-6.0806
10.5411
-4.91201
10.5308
-3.93607
10.5235
-3.18981
10.524
-2.66517
10.5245
-2.24967
10.5284
-1.95842
10.5356
-1.76697
10.5423
-1.65867
10.5531
-1.62291
10.5681
-1.66757
10.5903
-1.8027
10.6238
-1.93134
10.6646
-1.90856
10.7115
-1.80926
10.7638
-1.71717
10.8217
-1.63198
10.8854
-1.55623
10.9539
-1.48186
11.0272
-1.41535
11.1054
-1.35566
11.1878
-1.3058
11.276
-1.27121
11.3701
-1.25536
11.4747
-1.27101
11.5949
-1.3179
11.7427
-1.44445
11.8665
-1.12794
-2.91001
3.87355
-17.6206
4.89961
-17.9744
6.207
-21.3189
7.48131
-18.9987
8.93447
-19.6789
10.6332
-20.7338
12.4598
-20.154
14.5093
-20.6016
16.8076
-21.2243
20.2187
-27.2531
19.1972
1.76665
18.1077
2.9643
17.1788
2.63377
16.3723
2.44697
15.6696
2.32979
15.0543
2.27438
14.5158
2.25711
14.0435
2.26822
13.6341
2.29095
13.2817
2.31498
12.9818
2.32254
12.7357
2.27943
12.5383
2.18195
12.3879
1.99388
12.27
1.84503
12.1681
1.86226
12.0909
1.81575
12.0117
1.94222
11.9302
2.06093
11.9351
1.61782
11.908
1.90831
11.8917
1.92978
11.8887
1.95841
11.8955
2.00448
11.9122
2.08127
11.9376
2.21454
11.9727
2.41381
12.0172
2.78281
12.0598
2.53218
-1.97729
-17.3989
-1.01729
-17.8491
0.293831
-23.5275
1.74084
-24.2175
3.48703
-26.4883
5.74261
-30.2467
8.57366
-33.2392
11.4145
-31.3435
11.655
-12.976
11.6644
-9.82167
11.6419
-7.70794
11.6122
-6.05085
11.5909
-4.89065
11.5755
-3.92067
11.5688
-3.18308
11.5663
-2.6627
11.5697
-2.25301
11.5739
-1.96267
11.5792
-1.77223
11.5873
-1.66681
11.5994
-1.635
11.6159
-1.68401
11.6416
-1.82841
11.6769
-1.96664
11.7233
-1.95505
11.7757
-1.8616
11.8343
-1.77581
11.8996
-1.69728
11.9693
-1.6259
12.046
-1.55852
12.1272
-1.49656
12.2144
-1.4429
12.3068
-1.39819
12.4037
-1.36809
12.5089
-1.36059
12.6262
-1.38828
12.7596
-1.45132
12.9234
-1.60826
13.0604
-1.26495
-3.19363
4.25275
-18.6798
5.38055
-19.1022
6.81773
-22.7561
8.2181
-20.3991
9.81534
-21.2761
11.6817
-22.6002
13.6893
-22.1616
15.9414
-22.8537
18.4694
-23.7523
22.2209
-31.0046
21.0969
2.8907
19.8991
4.16202
18.8774
3.6555
17.9899
3.33446
17.217
3.10269
16.5422
2.94926
15.9497
2.84956
15.4316
2.78638
14.9813
2.74122
14.5926
2.70371
14.2647
2.65038
13.9925
2.55166
13.7748
2.39965
13.6086
2.16012
13.4803
1.97329
13.366
1.97657
13.2821
1.89962
13.1953
2.02901
13.1054
2.15085
13.1085
1.61474
13.08
1.93682
13.0641
1.94568
13.0591
1.96342
13.0667
1.9968
13.0844
2.0636
13.1131
2.18582
13.1509
2.37607
13.1986
2.73508
13.2459
2.48489
-2.16835
-18.4242
-1.11306
-18.9044
0.328379
-24.9689
1.91891
-25.808
3.83895
-28.4083
6.31744
-32.7252
9.43234
-36.354
12.5566
-34.4679
12.8236
-13.2429
12.8305
-9.82851
12.8026
-7.68005
12.7692
-6.0174
12.7422
-4.86361
12.7248
-3.90327
12.7163
-3.17452
12.7147
-2.66111
12.716
-2.25429
12.7208
-1.96745
12.7296
-1.78107
12.7396
-1.67676
12.7533
-1.64874
12.7743
-1.70497
12.8028
-1.85691
12.8442
-2.00803
12.8956
-2.00643
12.9537
-1.91975
13.0204
-1.84253
13.0934
-1.77027
13.1743
-1.7068
13.2594
-1.64356
13.3512
-1.58837
13.4475
-1.53917
13.5498
-1.50049
13.6589
-1.47727
13.7763
-1.47799
13.9059
-1.51786
14.0547
-1.60011
14.2379
-1.79149
14.3903
-1.41735
-3.50501
4.66904
-19.8438
5.90848
-20.3417
7.48778
-24.3354
9.02656
-21.9378
10.7823
-23.0319
12.8346
-24.6525
15.0412
-24.3681
17.519
-25.3315
20.2979
-26.5311
24.426
-35.1328
23.1888
4.12784
21.8721
5.47873
20.7479
4.77976
19.7712
4.31112
18.9218
3.95217
18.1781
3.69293
17.525
3.50261
16.9559
3.35555
16.4599
3.23723
16.0343
3.12932
15.6717
3.01297
15.3735
2.8499
15.1358
2.63737
14.9532
2.34263
14.8117
2.11479
14.6876
2.10075
14.5956
1.99164
14.4986
2.126
14.4029
2.2465
14.4068
1.61083
14.3745
1.9692
14.3563
1.96385
14.3532
1.96651
14.3605
1.98953
14.3805
2.04363
14.4129
2.15342
14.4582
2.33076
14.5128
2.6805
14.567
2.43064
-2.37828
-19.5509
-1.21802
-20.0647
0.366103
-26.5531
2.11419
-27.5561
4.22447
-30.5186
6.94881
-35.4494
10.3728
-39.778
13.8149
-37.9098
14.1084
-13.5362
14.1148
-9.83481
14.0795
-7.64463
14.0417
-5.97948
14.0115
-4.83331
13.9941
-3.88589
13.9863
-3.16662
13.9846
-2.65941
13.9882
-2.25787
13.9962
-1.97544
14.0047
-1.78954
14.019
-1.691
14.0358
-1.66557
14.0579
-1.72704
14.0924
-1.89137
14.142
-2.05764
14.2002
-2.06461
14.2684
-1.98793
14.3433
-1.91737
14.4265
-1.85341
14.5144
-1.79473
14.611
-1.74017
14.7126
-1.68995
14.8207
-1.64725
14.9346
-1.6143
15.0549
-1.59756
15.1846
-1.60765
15.3289
-1.66221
15.4926
-1.76376
15.6915
-1.99041
15.8564
-1.58223
-3.84527
5.12446
-21.1229
6.48674
-21.7039
8.22284
-26.0715
9.91447
-23.6294
11.8447
-24.9621
14.101
-26.9088
16.5277
-26.7949
19.253
-28.0568
22.3107
-29.5889
26.8537
-39.6757
25.492
5.48955
24.0424
6.92828
22.8054
6.01683
21.7321
5.38443
20.7972
4.88708
19.976
4.51415
19.2599
4.21871
18.6315
3.98397
18.0869
3.78176
17.6154
3.60088
17.2182
3.41021
16.8887
3.1794
16.6244
2.90165
16.4229
2.5441
16.2658
2.27193
16.1294
2.23712
16.027
2.09409
15.9214
2.23157
15.8112
2.35678
15.8161
1.60595
15.7802
2.00506
15.7604
1.98368
15.7534
1.9735
15.7622
1.98076
15.7851
2.02079
15.8185
2.11998
15.8634
2.28593
15.919
2.62489
15.9735
2.37621
-2.6076
-20.7886
-1.33347
-21.3388
0.407059
-28.2936
2.32748
-29.4765
4.64691
-32.838
7.64182
-38.4443
11.4065
-43.5425
15.2008
-41.704
15.5293
-13.8645
15.5401
-9.84553
15.4989
-7.60328
15.4545
-5.9349
15.4219
-4.80056
15.406
-3.86989
15.4
-3.16058
15.4027
-2.662
15.4114
-2.2666
15.4206
-1.98448
15.4343
-1.80326
15.4486
-1.70519
15.4684
-1.6853
15.4948
-1.75341
15.5339
-1.93037
15.5888
-2.11252
15.6576
-2.1333
15.7327
-2.06298
15.8161
-2.00069
15.9081
-1.94538
16.0067
-1.89322
16.1132
-1.84656
16.2251
-1.8018
16.3428
-1.76485
16.4666
-1.73809
16.5989
-1.72979
16.7402
-1.74887
16.8954
-1.81735
17.0755
-1.94373
17.299
-2.21384
17.4861
-1.76928
-4.21837
5.62338
7.12028
9.0285
10.8889
13.0116
15.4941
18.1652
21.1632
24.5287
29.5298
28.0308
26.4345
25.0727
23.8885
22.8588
21.958
21.1672
20.4769
19.8756
19.3597
18.9228
18.5649
18.2781
18.0595
17.8908
17.7426
17.6329
17.5201
17.4068
17.4131
17.3768
17.358
17.3563
17.3696
17.3973
17.4402
17.4986
17.574
17.6455
-2.85853
-1.45884
0.451731
2.56072
5.10626
8.39435
12.5367
16.7042
17.0889
17.1171
17.0846
17.0437
17.0101
16.9881
16.9803
16.9822
16.991
17.0068
17.025
17.0487
17.0749
17.1091
17.1514
17.2062
17.2725
17.3489
17.4347
17.528
17.6315
17.7418
17.8602
17.9857
18.1189
18.2592
18.4105
18.5778
18.7648
18.9874
19.1774
-1.0314
0.905037
0.203985
0.786258
0.186144
0.672873
0.167283
0.564846
0.148314
0.462301
0.129503
0.365218
0.110961
0.273535
0.0927128
0.187088
0.0747257
0.105788
0.0569465
0.0294253
0.0394031
-0.0420314
0.0220375
-0.108629
0.0048612
-0.17021
-0.0121103
-0.226609
-0.0287922
-0.277485
-0.0450231
-0.322463
-0.0605157
-0.361022
-0.0748657
-0.3926
-0.0874783
-0.41652
-0.0975475
-0.432188
-0.104086
-0.439019
-0.105872
-0.436618
-0.101362
-0.424676
-0.088827
-0.403003
-0.0662713
-0.371566
-0.0314551
-0.330347
0.0181518
-0.278911
0.0850723
-0.216699
0.172263
-0.142925
0.282724
-0.0569261
0.419526
0.0406966
0.584667
0.146518
0.777536
0.252351
0.992287
0.345268
1.21376
0.413558
1.41681
0.457025
1.57402
0.486938
1.6794
0.5138
1.75438
0.541916
1.82308
0.57155
1.89849
0.601471
1.98337
0.630646
2.07637
0.658433
2.17533
0.684747
2.27979
0.709623
2.39005
0.733109
2.50653
0.755213
2.62962
0.775936
2.76001
0.795293
2.89778
0.813304
3.04369
0.829981
3.19783
0.845442
3.36075
0.859656
3.53305
0.872696
3.71498
0.884621
3.90744
0.895483
4.1105
0.905342
4.32515
0.914254
4.55182
0.922278
4.79114
0.929433
5.04382
0.935873
5.31061
0.941553
5.59215
0.946556
5.88924
0.95093
6.20294
0.954719
6.53368
0.957966
6.88238
0.960721
7.25125
0.962462
5.67547
0.96401
6.23551
0.965311
6.85186
0.966459
7.53031
0.967288
8.2731
0.967942
9.09063
0.968274
9.98838
0.96836
10.975
0.968153
12.06
0.967562
13.2465
0.966963
14.5676
0.965214
15.9752
17.6469
-1.03577
0.257353
-1.03702
0.279862
-1.03283
0.295873
-1.02549
0.312033
-1.01786
0.328367
-1.01001
0.345651
-1.00229
0.363755
-0.994563
0.382839
-0.986873
0.40291
-0.979231
0.423937
-0.971697
0.446153
-0.964253
0.469448
-0.956876
0.493948
-0.949647
0.519709
-0.942513
0.546761
-0.935509
0.575227
-0.928687
0.605154
-0.92201
0.636619
-0.915465
0.669673
-0.909103
0.704424
-0.902886
0.740948
-0.896862
0.77942
-0.890998
0.819816
-0.885337
0.862286
-0.879851
0.906978
-0.874593
0.954025
-0.869534
1.00342
-0.864729
1.05549
-0.860158
1.11032
-0.855879
1.16799
-0.851875
1.22848
-0.848176
1.29246
-0.844857
1.35987
-0.841888
1.43055
-0.839284
1.50533
-0.837098
1.58385
-0.835317
1.66682
-0.833983
1.7541
-0.83308
1.84626
-0.83264
1.94338
-0.832641
2.0458
-0.833104
2.15376
-0.834
2.26769
-0.835307
2.38801
-0.837049
2.51488
-0.83922
2.6487
-0.841723
2.78996
-0.844568
2.93917
-0.847714
3.09655
-0.851132
3.26279
-0.854777
3.43798
-0.858625
3.6231
-0.86263
3.81829
-0.866766
4.02444
-0.870994
4.24197
-0.875285
4.47131
-0.879605
4.71359
-0.883924
4.96899
-0.888208
5.23851
-0.892429
5.52284
-0.89653
5.8225
-0.900583
6.13855
-0.904485
6.47177
-0.908257
6.8231
-0.911897
7.19344
-0.915398
7.58376
-0.918742
7.99622
-0.921071
6.12297
-0.923393
6.73208
-0.92563
7.39886
-0.927841
8.13327
-0.929941
8.93764
-0.93209
9.82155
-0.93458
10.7939
-0.937873
11.8698
-0.942154
13.0647
-0.947282
14.3955
-0.95301
15.8622
-0.954573
17.4877
19.1851
-1.16643
1.14718
0.22327
1.10885
0.22448
1.05502
0.221133
0.988996
0.214345
0.91359
0.204926
0.831068
0.193495
0.743398
0.180398
0.652265
0.165871
0.558984
0.150242
0.464815
0.133584
0.370807
0.116057
0.277885
0.0977948
0.186913
0.0788718
0.0986535
0.0594772
0.0138341
0.0398027
-0.066815
0.0201425
-0.142563
0.000885356
-0.212563
-0.0174694
-0.275883
-0.0342272
-0.331482
-0.0484791
-0.37829
-0.0590663
-0.415159
-0.0644831
-0.440961
-0.0630298
-0.45464
-0.0525821
-0.455217
-0.0308845
-0.441682
0.004626
-0.413283
0.0566677
-0.369361
0.12835
-0.309317
0.222676
-0.232503
0.342717
-0.138534
0.490697
-0.0285579
0.66756
0.0923838
0.871345
0.213004
1.09314
0.316688
1.31312
0.391055
1.49964
0.441166
1.62929
0.480403
1.71513
0.517037
1.78645
0.55372
1.8618
0.590286
1.9468
0.625759
2.04089
0.659445
2.14164
0.691076
2.24815
0.720703
2.36041
0.748432
2.4788
0.774329
2.60372
0.798448
2.73589
0.820832
2.87539
0.841554
3.02298
0.860702
3.17868
0.878273
3.34319
0.894419
3.51691
0.909193
3.70021
0.922665
3.89397
0.93491
4.09825
0.946002
4.31406
0.956012
4.54182
0.965008
4.78215
0.973091
5.03574
0.980258
5.30344
0.986571
5.58583
0.992155
5.88365
0.997032
6.19806
1.00126
6.52946
1.00487
6.87877
1.00794
7.24819
1.00987
5.67354
1.0116
6.23378
1.01313
6.85033
1.01434
7.5291
1.01535
8.27209
1.01601
9.08996
1.0164
9.98799
1.01655
10.9749
1.01633
12.0603
1.0157
13.2471
1.01508
14.5683
1.01333
15.977
17.6485
-1.16713
0.258063
-1.16182
0.274564
-1.15495
0.289019
-1.14735
0.304438
-1.13964
0.320669
-1.13175
0.337767
-1.12376
0.355775
-1.11561
0.374694
-1.10735
0.394656
-1.09899
0.415586
-1.09046
0.437623
-1.08185
0.460848
-1.07316
0.485259
-1.06439
0.510943
-1.05556
0.537934
-1.04671
0.566392
-1.03779
0.596228
-1.02889
0.62773
-1.02004
0.660809
-1.01121
0.695612
-1.00249
0.732216
-0.993855
0.770799
-0.985382
0.811334
-0.977056
0.853974
-0.968952
0.898865
-0.961059
0.946145
-0.953448
0.995801
-0.946107
1.04816
-0.939107
1.10331
-0.932438
1.16133
-0.926167
1.2222
-0.920313
1.28661
-0.914848
1.35439
-0.909854
1.42557
-0.905354
1.50082
-0.901339
1.57984
-0.897856
1.66333
-0.89489
1.75115
-0.89248
1.84384
-0.890605
1.94151
-0.88929
2.04448
-0.888511
2.15299
-0.888279
2.26745
-0.888592
2.38833
-0.889388
2.51567
-0.89063
2.64994
-0.892358
2.79169
-0.894502
2.94131
-0.897034
3.09908
-0.899902
3.26566
-0.903084
3.44115
-0.906524
3.62655
-0.910196
3.82196
-0.914049
4.02829
-0.918054
4.24597
-0.922168
4.47542
-0.926386
4.7178
-0.93061
4.97321
-0.934803
5.2427
-0.93899
5.52703
-0.943145
5.82666
-0.947151
6.14255
-0.951085
6.4757
-0.954938
6.82695
-0.958609
7.19711
-0.962181
7.58734
-0.965602
7.99964
-0.968018
6.12539
-0.970364
6.73442
-0.972721
7.40122
-0.974921
8.13547
-0.977086
8.93981
-0.97933
9.8238
-0.981974
10.7965
-0.985487
11.8733
-0.990056
13.0693
-0.995457
14.4009
-1.00142
15.8681
-1.00341
17.4897
19.1926
-1.2514
1.25096
0.223596
1.24209
0.233295
1.22245
0.240734
1.19137
0.245386
1.14897
0.247284
1.09613
0.246301
1.03389
0.242602
0.963377
0.236362
0.885929
0.227658
0.80282
0.216683
0.715242
0.20361
0.624384
0.188651
0.5313
0.171938
0.437032
0.153747
0.342544
0.13428
0.248773
0.113918
0.156664
0.0929883
0.0671843
0.0720139
-0.018676
0.0516319
-0.0997404
0.0325871
-0.174672
0.0158681
-0.241842
0.0026854
-0.299454
-0.00541259
-0.345548
-0.00649287
-0.378207
0.00178156
-0.395681
0.0220915
-0.396557
0.0575496
-0.379487
0.11127
-0.343389
0.18658
-0.287441
0.286756
-0.211294
0.414547
-0.115387
0.57164
-0.00192349
0.757872
0.122607
0.968595
0.244356
1.19136
0.343894
1.40009
0.413486
1.55968
0.464939
1.66367
0.51008
1.74129
0.553256
1.81861
0.595199
1.90484
0.635513
2.00056
0.673551
2.10359
0.709016
2.21267
0.742012
2.32741
0.772742
2.44806
0.801331
2.57513
0.827901
2.70932
0.852531
2.85077
0.875262
3.00024
0.896246
3.1577
0.91554
3.32389
0.93324
3.49921
0.949457
3.68399
0.964219
3.87921
0.977636
4.08484
0.98979
4.30191
1.00073
4.53088
1.01059
4.77229
1.01941
5.02692
1.02726
5.29559
1.03425
5.57885
1.04034
5.87757
1.04568
6.19272
1.05031
6.52484
1.05431
6.87477
1.05764
7.24486
1.05976
5.67142
1.06165
6.23189
1.06329
6.84869
1.06466
7.52773
1.06574
8.27102
1.06651
9.08919
1.06699
9.98751
1.06707
10.9748
1.06691
12.0604
1.06626
13.2478
1.06562
14.5689
1.06381
15.9788
17.6502
-1.2478
0.254376
-1.2414
0.26811
-1.23487
0.282412
-1.22808
0.297618
-1.2211
0.313627
-1.21384
0.330494
-1.20639
0.348275
-1.19871
0.36701
-1.19076
0.386684
-1.18263
0.407446
-1.17434
0.429324
-1.16581
0.452325
-1.15712
0.476563
-1.14822
0.502048
-1.13922
0.52893
-1.13008
0.557258
-1.12086
0.587016
-1.11148
0.618356
-1.10206
0.651401
-1.0926
0.686159
-1.08315
0.72278
-1.07366
0.761307
-1.06423
0.801924
-1.05494
0.844679
-1.04571
0.889658
-1.03664
0.937066
-1.02778
0.986959
-1.01918
1.03956
-1.01086
1.095
-1.00288
1.15335
-0.995262
1.21459
-0.988071
1.27942
-0.981311
1.34765
-0.975081
1.41933
-0.969317
1.49507
-0.964108
1.57463
-0.959447
1.65868
-0.955379
1.74707
-0.951863
1.84033
-0.949018
1.93866
-0.946707
2.04217
-0.945037
2.15131
-0.943982
2.2664
-0.943454
2.3878
-0.943512
2.51573
-0.944111
2.65054
-0.945244
2.79282
-0.946825
2.94289
-0.948834
3.1011
-0.951221
3.26805
-0.953988
3.44393
-0.957108
3.62966
-0.960436
3.82529
-0.964032
4.03188
-0.967847
4.24978
-0.971755
4.47933
-0.975802
4.72185
-0.97992
4.97733
-0.984065
5.24685
-0.988204
5.53117
-0.992302
5.83076
-0.996333
6.14659
-1.00028
6.47965
-1.00413
6.8308
-1.00791
7.20089
-1.01154
7.59096
-1.01499
8.00309
-1.01742
6.12781
-1.01988
6.73687
-1.02221
7.40355
-1.02452
8.13778
-1.02671
8.942
-1.02908
9.82617
-1.03188
10.7993
-1.03563
11.8771
-1.04047
13.0741
-1.04617
14.4066
-1.05227
15.8742
-1.05465
17.4921
19.1998
-1.34095
1.34656
0.2178
1.35003
0.229761
1.34909
0.241596
1.34171
0.252718
1.32659
0.262369
1.3029
0.269957
1.27036
0.275117
1.22902
0.27768
1.17918
0.277475
1.12131
0.274532
1.056
0.268912
0.983879
0.260758
0.905675
0.250135
0.822134
0.237276
0.733965
0.222445
0.642021
0.205856
0.547137
0.18787
0.450229
0.168921
0.352307
0.149553
0.254503
0.130394
0.158178
0.11219
0.0649205
0.0959494
-0.0233693
0.0828729
-0.104351
0.0744966
-0.175294
0.0727188
-0.233099
0.0799048
-0.274456
0.0989
-0.296194
0.133014
-0.2955
0.185879
-0.270045
0.261304
-0.218328
0.362822
-0.140156
0.493465
-0.0372708
0.654978
0.0853387
0.845978
0.217058
1.05963
0.338218
1.27892
0.427314
1.47058
0.485832
1.60513
0.532373
1.69474
0.57694
1.77403
0.620674
1.8611
0.66273
1.9585
0.702535
2.06379
0.739815
2.17539
0.774534
2.29269
0.806815
2.41578
0.836859
2.54509
0.864823
2.68137
0.890795
2.8248
0.91489
2.97616
0.937089
3.1355
0.957576
3.30341
0.97643
3.48035
0.993657
3.66677
1.00942
3.86345
1.02378
4.07049
1.0368
4.28888
1.0486
4.51908
1.05917
4.76173
1.06866
5.01743
1.07712
5.28713
1.08463
5.57135
1.09126
5.87093
1.09701
6.18698
1.10201
6.51983
1.10629
6.87049
1.10993
7.24123
1.11223
5.66912
1.11428
6.22984
1.11606
6.84691
1.11755
7.52624
1.11872
8.26985
1.11958
9.08833
1.12005
9.98705
1.12017
10.9747
1.12001
12.0606
1.11929
13.2485
1.11864
14.5696
1.11683
15.9806
17.6521
-1.33437
0.247748
-1.32739
0.261069
-1.32018
0.27519
-1.31276
0.290167
-1.30504
0.30591
-1.29707
0.322511
-1.28882
0.340029
-1.28031
0.358508
-1.27156
0.377933
-1.26256
0.398455
-1.25334
0.420106
-1.24389
0.442894
-1.23426
0.466936
-1.22444
0.492246
-1.21452
0.519009
-1.20438
0.547133
-1.19419
0.576823
-1.1839
0.608087
-1.17359
0.641084
-1.16323
0.675827
-1.15293
0.712466
-1.14268
0.751079
-1.13248
0.791714
-1.1224
0.834626
-1.11252
0.879763
-1.1028
0.927367
-1.09334
0.977493
-1.08413
1.03037
-1.07525
1.08612
-1.0667
1.14481
-1.05855
1.20643
-1.0508
1.27168
-1.04352
1.34036
-1.0367
1.41253
-1.03042
1.48878
-1.02466
1.56888
-1.01948
1.65349
-1.01487
1.74247
-1.0109
1.83635
-1.00746
1.93523
-1.00467
2.03938
-1.00248
2.14913
-1.0009
2.26482
-0.999916
2.38681
-0.999507
2.51531
-0.999649
2.65068
-1.00032
2.79349
-1.00148
2.94406
-1.00311
3.10272
-1.00516
3.2701
-1.00761
3.44637
-1.01039
3.63245
-1.01349
3.82838
-1.01684
4.03524
-1.02043
4.25336
-1.02422
4.48312
-1.0281
4.72572
-1.0321
4.98133
-1.03618
5.25093
-1.04025
5.53524
-1.04428
5.83478
-1.04828
6.1506
-1.05223
6.48359
-1.05609
6.83467
-1.05987
7.20466
-1.06354
7.59463
-1.06706
8.00662
-1.06952
6.13027
-1.07197
6.73932
-1.07437
7.40594
-1.07667
8.14009
-1.07895
8.94427
-1.08138
9.8286
-1.08435
10.8023
-1.08834
11.8811
-1.09352
13.0793
-1.09948
14.4125
-1.10576
15.8805
-1.10854
17.4949
19.2067
-1.38786
1.39437
0.211611
1.40113
0.223143
1.40747
0.235378
1.41204
0.248223
1.41332
0.261177
1.40992
0.273395
1.40096
0.28413
1.38568
0.292982
1.3636
0.299604
1.33432
0.30383
1.29755
0.305722
1.25329
0.305027
1.20149
0.301968
1.14237
0.296407
1.07619
0.288646
1.00331
0.278744
0.924276
0.266924
0.839567
0.253625
0.750025
0.239115
0.656412
0.224002
0.559794
0.208824
0.461341
0.194398
0.362596
0.181632
0.265397
0.171692
0.172136
0.165992
0.0856892
0.166349
0.00958451
0.175016
-0.0521886
0.194786
-0.095225
0.228923
-0.115109
0.28119
-0.10767
0.355389
-0.069639
0.455438
0.000487826
0.584853
0.101245
0.745227
0.226063
0.934813
0.359519
1.14547
0.474097
1.356
0.548439
1.5308
0.593025
1.65015
0.630651
1.73642
0.670319
1.82143
0.710735
1.91809
0.7495
2.02502
0.785902
2.139
0.820038
2.25855
0.852117
2.38371
0.882211
2.51501
0.910376
2.65321
0.936684
2.7985
0.961189
2.95165
0.983957
3.11274
1.00504
3.28233
1.0245
3.46089
1.04241
3.64886
1.05883
3.84702
1.07384
4.05548
1.0875
4.27522
1.09988
4.5067
1.11106
4.75056
1.12109
5.00739
1.13006
5.27817
1.13802
5.56339
1.14504
5.86391
1.15119
6.18083
1.15652
6.5145
1.16109
6.86592
1.16501
7.23731
1.16743
5.6667
1.16965
6.22762
1.17153
6.84504
1.17312
7.52465
1.17437
8.2686
1.17526
9.08744
1.17578
9.98652
1.17591
10.9745
1.17574
12.0607
1.175
13.2493
1.17426
14.5703
1.17251
15.9824
17.6543
-1.38059
0.240655
-1.37333
0.253902
-1.36582
0.267828
-1.35818
0.282587
-1.35027
0.298121
-1.34228
0.314552
-1.33394
0.331792
-1.32554
0.350109
-1.31686
0.369343
-1.30809
0.389682
-1.29907
0.411158
-1.28997
0.433784
-1.28065
0.457677
-1.27131
0.482888
-1.26171
0.509461
-1.25212
0.537523
-1.24238
0.567135
-1.23266
0.598343
-1.22284
0.63131
-1.21308
0.666049
-1.2033
0.702713
-1.19362
0.741381
-1.18398
0.782104
-1.17451
0.825135
-1.16515
0.870428
-1.15602
0.918219
-1.14708
0.968569
-1.13843
1.0217
-1.13004
1.07774
-1.122
1.13675
-1.11429
1.19874
-1.10699
1.26437
-1.10009
1.33346
-1.09365
1.40608
-1.08766
1.48279
-1.08217
1.56339
-1.07719
1.64851
-1.07274
1.73801
-1.06883
1.83244
-1.06548
1.93187
-1.06269
2.03659
-1.0605
2.14693
-1.0588
2.26312
-1.05769
2.3857
-1.05713
2.51474
-1.05709
2.65064
-1.05755
2.79396
-1.0585
2.94501
-1.0599
3.10413
-1.06173
3.27193
-1.06397
3.44861
-1.06651
3.63498
-1.06939
3.83126
-1.07256
4.0384
-1.07597
4.25676
-1.07957
4.48672
-1.08334
4.72949
-1.08722
4.98521
-1.09117
5.25489
-1.09517
5.53923
-1.09916
5.83877
-1.10315
6.1546
-1.10704
6.48748
-1.1109
6.83853
-1.11469
7.20844
-1.11838
7.59831
-1.12193
8.01016
-1.1244
6.13275
-1.12687
6.74178
-1.12928
7.40834
-1.1316
8.14241
-1.13392
8.94659
-1.13645
9.83113
-1.13959
10.8054
-1.14385
11.8853
-1.14934
13.0848
-1.15559
14.4188
-1.16198
15.8869
-1.16519
17.4981
19.2132
-1.36977
1.37347
0.208339
1.37732
0.219505
1.3816
0.231288
1.38614
0.243889
1.39031
0.257132
1.3933
0.270556
1.39419
0.283306
1.39214
0.295128
1.38621
0.30556
1.37562
0.314498
1.3597
0.321646
1.33785
0.326934
1.30965
0.330167
1.27472
0.331369
1.23289
0.330469
1.18416
0.327506
1.12841
0.322662
1.06599
0.316065
0.997122
0.307973
0.922331
0.298811
0.842079
0.289065
0.75725
0.279241
0.668723
0.270148
0.57777
0.262657
0.485858
0.257897
0.395088
0.257128
0.308046
0.262053
0.228152
0.274686
0.159589
0.297486
0.107199
0.333583
0.0763153
0.386276
0.072361
0.459394
0.100201
0.55702
0.162959
0.682469
0.260033
0.83775
0.384127
1.02137
0.515686
1.22445
0.622119
1.42437
0.684089
1.58821
0.716702
1.70381
0.744754
1.7934
0.777736
1.88511
0.81329
1.98949
0.847648
2.10464
0.879633
2.22659
0.909636
2.35372
0.93818
2.48648
0.965321
2.62608
0.990959
2.77286
1.01505
2.92757
1.03761
3.09017
1.05864
3.2613
1.07816
3.44137
1.09626
3.63076
1.11295
3.83033
1.12828
4.04015
1.14229
4.26121
1.15506
4.49394
1.16664
4.73896
1.17706
4.99698
1.18636
5.26887
1.19467
5.55508
1.20202
5.85656
1.2085
6.17436
1.2141
6.50891
1.21887
6.86114
1.22296
7.23323
1.22558
5.66409
1.22785
6.22534
1.22986
6.84303
1.23157
7.52294
1.23289
8.26729
1.23378
9.08654
1.23433
9.98598
1.23445
10.9744
1.23429
12.0609
1.23346
13.2501
1.23269
14.5711
1.23087
15.9842
17.6566
-1.36436
0.235353
-1.3587
0.248448
-1.35306
0.262244
-1.34711
0.276807
-1.34115
0.292185
-1.33487
0.308426
-1.32866
0.32559
-1.32211
0.34369
-1.31563
0.362856
-1.30887
0.383027
-1.30207
0.404343
-1.29508
0.42689
-1.28811
0.450676
-1.28093
0.475792
-1.27378
0.502282
-1.26647
0.530275
-1.2592
0.55983
-1.25184
0.591033
-1.2445
0.623942
-1.23709
0.658676
-1.22973
0.695318
-1.22236
0.734052
-1.21515
0.774861
-1.20789
0.817901
-1.20082
0.863323
-1.19385
0.911268
-1.18703
0.96173
-1.18035
1.01503
-1.1739
1.07127
-1.16764
1.13051
-1.16166
1.19274
-1.15593
1.25864
-1.15052
1.32804
-1.14539
1.40094
-1.14065
1.47804
-1.13627
1.55901
-1.13229
1.64452
-1.12871
1.73444
-1.12557
1.82929
-1.12287
1.92917
-1.12066
2.03437
-1.11885
2.14511
-1.11753
2.2618
-1.11672
2.38488
-1.11634
2.51436
-1.1164
2.65072
-1.1169
2.79445
-1.11784
2.94596
-1.1192
3.10549
-1.12098
3.27371
-1.12306
3.45069
-1.12551
3.63743
-1.12829
3.83404
-1.13132
4.04142
-1.13455
4.26
-1.13803
4.49019
-1.14167
4.73312
-1.14543
4.98898
-1.14929
5.25874
-1.15318
5.54314
-1.1571
5.84269
-1.16101
6.1585
-1.16492
6.49139
-1.16872
6.84233
-1.1725
7.21222
-1.17618
7.602
-1.17977
8.01375
-1.18222
6.13519
-1.18468
6.74424
-1.18709
7.41074
-1.18942
8.14475
-1.19181
8.94898
-1.1944
9.83372
-1.19774
10.8088
-1.20226
11.8899
-1.2081
13.0906
-1.2146
14.4253
-1.22109
15.8934
-1.22471
17.5018
19.2193
-1.29783
1.29777
0.209157
1.29691
0.220664
1.29563
0.232807
1.294
0.245644
1.2923
0.258939
1.2904
0.272503
1.28793
0.285825
1.2843
0.298777
1.27894
0.310952
1.2712
0.322232
1.26056
0.33231
1.24642
0.341062
1.22835
0.348248
1.2059
0.353811
1.17877
0.357616
1.14665
0.359612
1.10944
0.359885
1.06702
0.358471
1.01947
0.355531
0.96689
0.351377
0.909572
0.34639
0.847847
0.340956
0.782246
0.335755
0.713394
0.331499
0.642167
0.329128
0.56966
0.329628
0.497366
0.334348
0.427265
0.344783
0.362049
0.362699
0.305186
0.390447
0.261015
0.430443
0.234715
0.485698
0.232001
0.559728
0.258552
0.655927
0.318599
0.777696
0.412871
0.927114
0.534405
1.10291
0.662136
1.29666
0.763096
1.48724
0.81949
1.64743
0.845297
1.76759
0.865107
1.86532
0.890801
1.96379
0.921014
2.07444
0.951049
2.19656
0.978887
2.32589
1.00489
2.46049
1.02979
2.60118
1.05378
2.74887
1.0767
2.90465
1.09838
3.0685
1.11875
3.24092
1.13785
3.42228
1.15567
3.61294
1.17222
3.81378
1.18752
4.02485
1.2016
4.24713
1.21447
4.48106
1.2262
4.72724
1.23681
4.98637
1.24635
5.25932
1.25488
5.54655
1.26244
5.849
1.26909
6.16771
1.27488
6.50311
1.27987
6.85616
1.28411
7.22899
1.28679
5.66141
1.28919
6.22294
1.2913
6.84092
1.293
7.52124
1.29436
8.26594
1.29531
9.0856
1.29585
9.98543
1.29595
10.9743
1.29572
12.0611
1.29487
13.2509
1.29398
14.572
1.29217
15.986
17.6592
-1.29562
0.233553
-1.29344
0.246553
-1.29111
0.260258
-1.28883
0.274731
-1.28639
0.290018
-1.28401
0.306167
-1.28145
0.323236
-1.27894
0.341243
-1.27624
0.360312
-1.27358
0.380388
-1.27073
0.401612
-1.26791
0.424062
-1.2649
0.447756
-1.26191
0.47278
-1.25874
0.499183
-1.25558
0.527092
-1.25227
0.556565
-1.24895
0.58769
-1.2455
0.620531
-1.24205
0.655201
-1.2385
0.69179
-1.23494
0.730476
-1.23131
0.77125
-1.2277
0.814267
-1.22404
0.859678
-1.22041
0.907625
-1.21678
0.958107
-1.21321
1.01144
-1.20967
1.06773
-1.20621
1.12704
-1.20284
1.18936
-1.19959
1.25538
-1.19646
1.32491
-1.1935
1.39797
-1.19071
1.47525
-1.18812
1.55642
-1.18576
1.64216
-1.18365
1.73232
-1.18181
1.82744
-1.18025
1.9276
-1.179
2.03311
-1.17808
2.14418
-1.17749
2.2612
-1.17724
2.38462
-1.17732
2.51446
-1.17777
2.65117
-1.17856
2.79525
-1.17972
2.94711
-1.1812
3.10698
-1.18302
3.27552
-1.18515
3.45281
-1.18757
3.63984
-1.19026
3.83673
-1.19321
4.04436
-1.19638
4.26316
-1.19975
4.49355
-1.20328
4.73665
-1.20693
4.99263
-1.21068
5.26248
-1.21448
5.54694
-1.21834
5.84655
-1.22214
6.1623
-1.22596
6.49521
-1.22975
6.84612
-1.23349
7.21596
-1.23716
7.60566
-1.24069
8.01728
-1.24316
6.13765
-1.2456
6.74668
-1.24799
7.41313
-1.25032
8.14707
-1.2527
8.95136
-1.25543
9.83645
-1.25897
10.8123
-1.26377
11.8947
-1.2699
13.0967
-1.27669
14.4321
-1.2833
15.9
-1.28718
17.5057
19.225
-1.22169
1.21787
0.212907
1.21327
0.225261
1.20771
0.238406
1.20128
0.252095
1.19403
0.266227
1.18608
0.280479
1.17725
0.294681
1.16738
0.308667
1.15621
0.322144
1.14353
0.334928
1.12904
0.346812
1.11249
0.357631
1.09361
0.367136
1.07219
0.375235
1.04807
0.381741
1.02103
0.386659
0.99105
0.389869
0.958086
0.391438
0.922087
0.391533
0.883204
0.390262
0.841589
0.388008
0.797414
0.38513
0.751008
0.382165
0.702727
0.379777
0.653123
0.378736
0.602731
0.380016
0.552427
0.384659
0.503192
0.394011
0.456499
0.409401
0.414221
0.432716
0.378998
0.465676
0.354147
0.510538
0.343949
0.569937
0.353347
0.646518
0.387674
0.74338
0.451362
0.863414
0.545878
1.00841
0.665156
1.17736
0.789638
1.36277
0.889656
1.5474
0.947573
1.70968
0.972476
1.8404
0.986869
1.9494
1.00574
2.05558
1.03047
2.17184
1.05655
2.29982
1.08093
2.43611
1.1035
2.57863
1.12506
2.72731
1.14602
2.88371
1.16626
3.04825
1.18555
3.22164
1.20377
3.40407
1.22092
3.59579
1.23695
3.79774
1.25189
4.00992
1.26572
4.2333
1.27842
4.46836
1.29008
4.71559
1.30068
4.97577
1.3103
5.24971
1.31889
5.53795
1.32652
5.84138
1.33327
6.16096
1.33916
6.49722
1.34428
6.85105
1.34857
7.2247
1.35131
5.65867
1.35376
6.2205
1.35588
6.8388
1.35764
7.51949
1.35901
8.26457
1.35995
9.08465
1.36051
9.98487
1.36056
10.9743
1.36024
12.0615
1.35935
13.2518
1.35833
14.573
1.35649
15.9879
17.6619
-1.22332
0.235081
-1.22487
0.248001
-1.22644
0.261718
-1.22798
0.276166
-1.22949
0.291427
-1.23096
0.307544
-1.23237
0.324575
-1.23378
0.342571
-1.23505
0.361532
-1.23631
0.381588
-1.23752
0.402786
-1.23864
0.425142
-1.23968
0.448769
-1.24063
0.473689
-1.2415
0.500046
-1.24234
0.527902
-1.24305
0.557257
-1.24364
0.58826
-1.24416
0.621037
-1.24459
0.65561
-1.24494
0.69213
-1.24513
0.730654
-1.24525
0.771358
-1.2453
0.814305
-1.24522
0.859589
-1.24502
0.907411
-1.24475
0.957836
-1.24442
1.01109
-1.244
1.06731
-1.24352
1.12655
-1.24299
1.18883
-1.24244
1.25481
-1.24185
1.32432
-1.2413
1.39741
-1.24073
1.47467
-1.24021
1.55588
-1.23973
1.64168
-1.23935
1.73193
-1.23903
1.82712
-1.23891
1.92747
-1.23887
2.03307
-1.23904
2.14433
-1.23941
2.26158
-1.23992
2.38515
-1.24069
2.51523
-1.24169
2.65218
-1.24297
2.79653
-1.24446
2.94861
-1.24621
3.10872
-1.24817
3.27748
-1.25041
3.45504
-1.25291
3.64234
-1.25558
3.83939
-1.25849
4.04727
-1.26164
4.2663
-1.26489
4.4968
-1.26835
4.74011
-1.2719
4.99618
-1.2755
5.26609
-1.2792
5.55063
-1.28292
5.85028
-1.28666
6.16604
-1.2904
6.49894
-1.29415
6.84987
-1.29784
7.21965
-1.30146
7.60928
-1.30492
8.02074
-1.30738
6.1401
-1.30979
6.74909
-1.31214
7.41548
-1.31445
8.14938
-1.31683
8.95374
-1.31969
9.83932
-1.32344
10.8161
-1.32854
11.8998
-1.33494
13.1031
-1.34202
14.4391
-1.34864
15.9066
-1.35281
17.5099
19.2303
-1.18758
1.18245
0.217494
1.17727
0.230276
1.17151
0.244016
1.16494
0.258579
1.15737
0.27369
1.14866
0.289139
1.13854
0.30473
1.12688
0.320302
1.11341
0.335558
1.09805
0.350278
1.08049
0.364338
1.06075
0.377369
1.03857
0.389286
1.01405
0.399759
0.987019
0.40875
0.957647
0.41604
0.925964
0.421533
0.892113
0.4253
0.856331
0.427298
0.818853
0.427751
0.780006
0.42684
0.740196
0.424951
0.699797
0.42255
0.659331
0.420253
0.619274
0.418781
0.580261
0.419037
0.542848
0.422059
0.507851
0.429017
0.476087
0.44115
0.448685
0.460127
0.426953
0.487391
0.412786
0.524713
0.408483
0.574224
0.417216
0.637794
0.442723
0.717858
0.489256
0.816891
0.560519
0.937129
0.657908
1.07999
0.776174
1.24448
0.898943
1.42464
1.00138
1.60722
1.06597
1.77581
1.09561
1.91977
1.10853
2.04266
1.12181
2.15858
1.14094
2.28071
1.16308
2.41399
1.18455
2.55716
1.20433
2.70754
1.22306
2.86498
1.24125
3.03006
1.25902
3.20387
1.27603
3.38706
1.29212
3.57969
1.30732
3.78254
1.32159
3.99565
1.3349
4.22
1.34727
4.45599
1.35863
4.70422
1.36899
4.9654
1.37843
5.24026
1.38695
5.52944
1.39459
5.83374
1.40129
6.15426
1.40718
6.49133
1.41228
6.84596
1.41665
7.22032
1.4194
5.65592
1.42185
6.21805
1.42394
6.83672
1.42569
7.51774
1.42704
8.26322
1.42798
9.08371
1.42842
9.98443
1.42839
10.9743
1.42802
12.0618
1.42702
13.2528
1.42592
14.5741
1.42407
15.9898
17.665
-1.19124
0.238412
-1.19493
0.251442
-1.19862
0.26515
-1.20228
0.27967
-1.20602
0.29497
-1.20971
0.311149
-1.21344
0.32815
-1.2171
0.346196
-1.22087
0.365174
-1.22453
0.385236
-1.22828
0.406434
-1.23192
0.428783
-1.23563
0.452392
-1.23924
0.477317
-1.24288
0.503608
-1.24634
0.53139
-1.24987
0.560719
-1.25324
0.591658
-1.25662
0.624359
-1.25983
0.658848
-1.26301
0.695272
-1.26605
0.733725
-1.26899
0.774256
-1.27177
0.817115
-1.27449
0.862273
-1.27702
0.909967
-1.27947
0.960255
-1.28173
1.01337
-1.2839
1.06945
-1.28589
1.12857
-1.28782
1.19074
-1.28953
1.25653
-1.29118
1.32596
-1.2927
1.39894
-1.29415
1.47611
-1.29549
1.55724
-1.2968
1.64297
-1.29803
1.73317
-1.2993
1.82837
-1.30047
1.92866
-1.30175
2.03433
-1.30302
2.14561
-1.3043
2.26289
-1.30571
2.38656
-1.3072
2.51675
-1.30884
2.65381
-1.3106
2.7983
-1.31251
2.95051
-1.31457
3.11078
-1.3168
3.2797
-1.31923
3.45747
-1.32177
3.64487
-1.32455
3.84216
-1.32746
4.05018
-1.3305
4.26933
-1.33375
4.50004
-1.33705
4.74341
-1.34049
4.99961
-1.34404
5.26963
-1.34761
5.5542
-1.35119
5.85384
-1.35485
6.16969
-1.35845
6.50254
-1.36208
6.8535
-1.36569
7.22325
-1.36924
7.61283
-1.37269
8.02418
-1.37503
6.14244
-1.37737
6.75143
-1.37967
7.41777
-1.38195
8.15166
-1.38441
8.9562
-1.38732
9.84222
-1.39128
10.82
-1.39668
11.9052
-1.40342
13.1099
-1.41069
14.4464
-1.41739
15.9133
-1.42177
17.5143
19.2351
-1.2082
1.20383
0.221324
1.1998
0.234091
1.19598
0.247725
1.19201
0.262418
1.18765
0.278
1.18229
0.294422
1.17567
0.311324
1.16728
0.328632
1.15686
0.34597
1.1439
0.363193
1.12828
0.379957
1.10956
0.39605
1.08773
0.411126
1.06247
0.424982
1.03391
0.437328
1.00199
0.447926
0.966885
0.45665
0.928823
0.463332
0.888219
0.467917
0.845458
0.470485
0.801112
0.471201
0.755816
0.470223
0.710287
0.468092
0.665304
0.465214
0.621705
0.462392
0.580343
0.460379
0.542159
0.460254
0.508003
0.463153
0.478864
0.4703
0.455627
0.483345
0.439368
0.50366
0.431106
0.532958
0.43222
0.573122
0.444271
0.625727
0.469396
0.692749
0.510105
0.776165
0.569361
0.877895
0.649596
0.999729
0.751535
1.14256
0.870569
1.30558
0.993691
1.48411
1.101
1.66853
1.17531
1.84547
1.21378
2.00423
1.22913
2.14323
1.2388
2.27106
1.25264
2.40015
1.27073
2.53908
1.28953
2.68875
1.30704
2.84748
1.32338
3.01372
1.33912
3.18814
1.35452
3.37165
1.36939
3.56483
1.38353
3.7684
1.39689
3.9823
1.40943
4.20746
1.42114
4.44428
1.432
4.69337
1.44202
4.95538
1.45111
5.23117
1.45938
5.52118
1.4668
5.82633
1.47342
6.14764
1.47921
6.48555
1.48418
6.84099
1.48845
7.21605
1.49115
5.65321
1.49356
6.21564
1.49566
6.83462
1.49735
7.51605
1.49864
8.26194
1.49944
9.08291
1.49982
9.98404
1.4997
10.9744
1.49926
12.0623
1.49811
13.254
1.49691
14.5753
1.495
15.9917
17.6682
-1.21212
0.242129
-1.2162
0.255262
-1.22027
0.269088
-1.22448
0.28367
-1.22864
0.299056
-1.23297
0.315289
-1.23727
0.332424
-1.24172
0.350486
-1.24614
0.369587
-1.25073
0.389682
-1.25519
0.410906
-1.25986
0.433329
-1.26442
0.456977
-1.26914
0.48193
-1.27375
0.508242
-1.27849
0.536033
-1.2831
0.565362
-1.28784
0.596317
-1.29242
0.628967
-1.29707
0.663419
-1.30153
0.699768
-1.30606
0.738189
-1.31045
0.778679
-1.31479
0.821394
-1.31897
0.866488
-1.32316
0.914104
-1.32713
0.964249
-1.33104
1.01724
-1.33475
1.07319
-1.33838
1.13216
-1.34178
1.19416
-1.34515
1.25987
-1.34829
1.32912
-1.35131
1.40193
-1.35416
1.47899
-1.35693
1.55999
-1.35953
1.6456
-1.36206
1.73569
-1.36446
1.83079
-1.3668
1.93099
-1.36905
2.0366
-1.37124
2.14782
-1.37341
2.26507
-1.37559
2.38876
-1.37777
2.51892
-1.37996
2.656
-1.38218
2.8005
-1.38448
2.95281
-1.38685
3.11315
-1.38935
3.28219
-1.39188
3.45999
-1.39456
3.64754
-1.39735
3.84494
-1.40027
4.05308
-1.40331
4.27236
-1.40644
4.50318
-1.40968
4.74665
-1.41301
5.00293
-1.41639
5.27301
-1.41983
5.55762
-1.42333
5.85734
-1.42679
6.17315
-1.43033
6.50608
-1.43381
6.85698
-1.43731
7.22676
-1.44076
7.61627
-1.44407
8.02749
-1.44636
6.14472
-1.44862
6.75369
-1.45087
7.42002
-1.45306
8.15385
-1.45551
8.95864
-1.45856
9.84528
-1.46275
10.8242
-1.46846
11.9109
-1.47553
13.117
-1.48296
14.4538
-1.48972
15.9201
-1.49424
17.5189
19.2395
-1.27662
1.27337
0.224089
1.27049
0.236738
1.26787
0.250125
1.26569
0.264453
1.26375
0.279788
1.26195
0.296159
1.25964
0.313525
1.25643
0.331811
1.25158
0.350741
1.24467
0.370092
1.23499
0.389574
1.22213
0.408908
1.20552
0.427687
1.1849
0.445615
1.1598
0.462385
1.13014
0.477592
1.09582
0.490931
1.05703
0.502136
1.01388
0.511036
0.966885
0.517496
0.916607
0.52145
0.863817
0.52303
0.809414
0.52247
0.754465
0.520178
0.700132
0.516703
0.647709
0.512818
0.598466
0.509477
0.553832
0.507802
0.515101
0.509013
0.483645
0.514817
0.460651
0.526641
0.447373
0.546252
0.444846
0.57564
0.454168
0.616424
0.476425
0.670483
0.512995
0.739616
0.565354
0.825522
0.635251
0.929851
0.723892
1.05391
0.831049
1.19844
0.952536
1.36264
1.07805
1.54302
1.19155
1.73198
1.27677
1.91901
1.32659
2.09341
1.34796
2.24968
1.35669
2.39144
1.366
2.52977
1.37992
2.67483
1.39603
2.83136
1.41155
2.99821
1.42586
3.17383
1.4395
3.35801
1.45277
3.55156
1.46564
3.75554
1.47791
3.97003
1.48951
4.19586
1.50039
4.43339
1.51052
4.68324
1.51992
4.94597
1.52859
5.2225
1.53645
5.51331
1.54354
5.81924
1.54982
6.14136
1.55538
6.47999
1.56022
6.83615
1.5643
7.21197
1.5669
5.65061
1.56919
6.21335
1.57115
6.83266
1.57274
7.51446
1.57391
8.26076
1.57466
9.08216
1.57493
9.98377
1.57467
10.9747
1.57402
12.0629
1.57281
13.2552
1.57142
14.5767
1.56916
15.994
17.6716
-1.27996
0.24523
-1.28331
0.258474
-1.2868
0.272384
-1.29031
0.287105
-1.29402
0.3026
-1.29773
0.318969
-1.3016
0.336153
-1.3055
0.354374
-1.30955
0.373518
-1.3136
0.393736
-1.31789
0.415079
-1.3221
0.43756
-1.32651
0.461287
-1.33084
0.486285
-1.33541
0.51272
-1.33989
0.540541
-1.34454
0.569919
-1.34908
0.600887
-1.35378
0.633596
-1.3584
0.668069
-1.36316
0.704457
-1.36779
0.742847
-1.37246
0.783294
-1.37708
0.826044
-1.38172
0.87107
-1.38619
0.918607
-1.39071
0.96872
-1.39508
1.02164
-1.39944
1.0775
-1.40363
1.13638
-1.40777
1.19828
-1.41175
1.26388
-1.41566
1.33301
-1.41942
1.40573
-1.42308
1.48263
-1.42656
1.56349
-1.42996
1.64898
-1.4332
1.73894
-1.43635
1.83393
-1.43937
1.93402
-1.44224
2.03949
-1.44507
2.15065
-1.44785
2.26785
-1.45051
2.39142
-1.45316
2.52156
-1.45577
2.65861
-1.45839
2.80311
-1.46098
2.95539
-1.46359
3.11575
-1.4662
3.28478
-1.46888
3.46266
-1.47165
3.65031
-1.47444
3.84771
-1.47733
4.05597
-1.48033
4.27536
-1.48338
4.50622
-1.48651
4.74976
-1.48969
5.0061
-1.4929
5.27619
-1.4962
5.56091
-1.49947
5.8606
-1.50282
6.17651
-1.50615
6.5094
-1.50955
6.86039
-1.51292
7.23012
-1.51622
7.61958
-1.51936
8.03062
-1.52157
6.14693
-1.52372
6.75584
-1.5258
7.4221
-1.528
8.15605
-1.53042
8.96106
-1.53364
9.84848
-1.53806
10.8286
-1.54407
11.9169
-1.55135
13.1242
-1.55901
14.4615
-1.5657
15.9268
-1.57029
17.5235
19.2433
-1.37824
1.3767
0.225511
1.37519
0.238183
1.37371
0.251525
1.37247
0.26565
1.3716
0.280576
1.3712
0.296532
1.3712
0.313465
1.3714
0.3316
1.3713
0.350791
1.37033
0.371061
1.36771
0.39215
1.36276
0.413868
1.35459
0.435812
1.34255
0.457674
1.32589
0.479
1.30416
0.499342
1.27673
0.518323
1.24342
0.535468
1.20405
0.550369
1.15883
0.562737
1.1079
0.572339
1.05204
0.578917
0.991925
0.582552
0.928759
0.583363
0.863686
0.581747
0.798368
0.578153
0.734374
0.573444
0.673595
0.568596
0.617846
0.564737
0.569093
0.563587
0.529128
0.566583
0.499748
0.57565
0.482427
0.592937
0.478602
0.620269
0.489265
0.659795
0.515411
0.713488
0.557798
0.783114
0.617275
0.87039
0.694464
0.976699
0.789637
1.10328
0.901641
1.25062
1.02656
1.4181
1.15586
1.60267
1.27628
1.79859
1.37266
1.99701
1.43496
2.18739
1.46475
2.36163
1.47502
2.5195
1.48108
2.66877
1.491
2.82144
1.50438
2.98483
1.51807
3.16014
1.53061
3.34546
1.54234
3.53985
1.55366
3.74422
1.56465
3.95904
1.57516
4.18535
1.58508
4.42346
1.59442
4.6739
1.60305
4.93734
1.61104
5.2145
1.61835
5.506
1.62496
5.81263
1.6309
6.13542
1.63611
6.47479
1.64058
6.83167
1.64446
7.20809
1.64689
5.64819
1.64902
6.21122
1.65077
6.8309
1.65222
7.51302
1.65323
8.25975
1.65375
9.08164
1.65385
9.98367
1.65349
10.975
1.65257
12.0638
1.65126
13.2565
1.64969
14.5783
1.64756
15.9961
17.6753
-1.38039
0.247311
-1.38259
0.260665
-1.38499
0.274715
-1.3874
0.289521
-1.39
0.305128
-1.3926
0.321582
-1.39546
0.338934
-1.39828
0.357211
-1.40136
0.376523
-1.40443
0.396822
-1.40767
0.418244
-1.41096
0.440859
-1.41443
0.464688
-1.41794
0.489814
-1.42158
0.516286
-1.42524
0.544225
-1.42908
0.573688
-1.43293
0.604763
-1.43692
0.637514
-1.44088
0.672051
-1.44496
0.708464
-1.44901
0.746932
-1.45323
0.787445
-1.45732
0.830163
-1.46155
0.875236
-1.46572
0.92281
-1.46994
0.972886
-1.47407
1.02579
-1.47824
1.08163
-1.4823
1.14047
-1.48638
1.20232
-1.4903
1.26783
-1.49428
1.33695
-1.49805
1.40953
-1.50184
1.48638
-1.50547
1.56715
-1.50907
1.65255
-1.51252
1.74241
-1.51593
1.83729
-1.51917
1.93729
-1.5224
2.0427
-1.52548
2.15374
-1.52847
2.27082
-1.53139
2.39434
-1.53429
2.52444
-1.53709
2.6614
-1.53981
2.80583
-1.54254
2.9581
-1.54524
3.11844
-1.54797
3.2875
-1.55068
3.46536
-1.55339
3.653
-1.55619
3.85051
-1.55899
4.05878
-1.56183
4.27818
-1.56475
4.50913
-1.56772
4.75272
-1.57074
5.00909
-1.57381
5.27926
-1.57685
5.56394
-1.57995
5.8637
-1.58309
6.17964
-1.58629
6.5126
-1.58945
6.86354
-1.59264
7.23331
-1.59577
7.62271
-1.59879
8.03363
-1.6008
6.14894
-1.60281
6.75785
-1.60481
7.42409
-1.6069
8.15814
-1.60939
8.96355
-1.61267
9.85175
-1.61734
10.8333
-1.62365
11.9232
-1.63125
13.1318
-1.63897
14.4692
-1.64564
15.9335
-1.65033
17.5282
19.2467
-1.50084
1.50063
0.2257
1.50042
0.238348
1.50023
0.251681
1.50011
0.265691
1.50009
0.280553
1.50033
0.296211
1.50097
0.312782
1.50208
0.33041
1.50373
0.34912
1.50569
0.369032
1.50765
0.390189
1.50887
0.412593
1.50867
0.436022
1.50599
0.460312
1.49996
0.485041
1.48939
0.509872
1.47354
0.534192
1.45148
0.557492
1.42258
0.57929
1.38637
0.598921
1.34273
0.616003
1.29158
0.630035
1.23344
0.640711
1.16891
0.647861
1.09923
0.651453
1.02561
0.651745
0.949958
0.649118
0.874119
0.64441
0.800455
0.638421
0.731248
0.632771
0.669113
0.628736
0.616433
0.628308
0.57565
0.633739
0.548803
0.647094
0.537773
0.670844
0.543853
0.707386
0.568056
0.758929
0.610915
0.82751
0.672794
0.914836
0.753623
1.02243
0.85286
1.1514
0.968704
1.30224
1.09724
1.47414
1.23095
1.66487
1.35839
1.86957
1.46545
2.08032
1.54027
2.2868
1.57994
2.47982
1.59385
2.65485
1.59811
2.81716
1.60441
2.97852
1.61491
3.14963
1.62676
3.33364
1.63776
3.52885
1.64778
3.7342
1.65732
3.9495
1.66659
4.17607
1.67541
4.41463
1.68376
4.66554
1.69158
4.92951
1.6988
5.20728
1.70539
5.49942
1.71139
5.80663
1.71676
6.13005
1.72149
6.47005
1.72562
6.82754
1.72907
7.20463
1.73125
5.64601
1.73314
6.20933
1.73473
6.82932
1.73588
7.51186
1.73667
8.25897
1.73707
9.08124
1.73702
9.98372
1.73628
10.9758
1.73527
12.0648
1.73366
13.2581
1.73189
14.58
1.72963
15.9984
17.6792
-1.50186
0.248358
-1.50296
0.261749
-1.50415
0.275926
-1.50548
0.290831
-1.50687
0.306539
-1.50841
0.323095
-1.51
0.340552
-1.51179
0.358963
-1.51357
0.378321
-1.51554
0.398755
-1.51756
0.420283
-1.51977
0.443033
-1.52201
0.466938
-1.52437
0.492137
-1.52681
0.518741
-1.52944
0.54681
-1.53208
0.576341
-1.53484
0.607481
-1.53766
0.640353
-1.54064
0.674977
-1.54366
0.711503
-1.54676
0.749987
-1.5499
0.790602
-1.55317
0.833384
-1.55646
0.878546
-1.55981
0.926109
-1.56316
0.976259
-1.56661
1.0292
-1.57002
1.08506
-1.57351
1.14392
-1.57693
1.20577
-1.58046
1.2713
-1.58383
1.34035
-1.58729
1.41294
-1.59064
1.48976
-1.59403
1.5705
-1.5973
1.65585
-1.60061
1.74569
-1.60375
1.84046
-1.60691
1.94042
-1.60995
2.04576
-1.61298
2.15674
-1.61593
2.27379
-1.61882
2.39721
-1.62159
2.52722
-1.62435
2.66415
-1.62706
2.80853
-1.62976
2.96079
-1.6324
3.12107
-1.63498
3.29008
-1.6376
3.46797
-1.64022
3.65561
-1.64285
3.85314
-1.6455
4.06143
-1.64821
4.28086
-1.65093
4.51185
-1.65373
4.75548
-1.65651
5.01186
-1.65929
5.28202
-1.66212
5.56678
-1.66503
5.86659
-1.6679
6.18251
-1.67085
6.51554
-1.67385
6.86655
-1.67684
7.23628
-1.67972
7.62559
-1.68247
8.03638
-1.68438
6.15085
-1.68623
6.7597
-1.68807
7.42595
-1.69004
8.1601
-1.69252
8.96603
-1.696
9.85522
-1.70092
10.8382
-1.70752
11.9298
-1.71528
13.1396
-1.72301
14.4769
-1.72967
15.9401
-1.73424
17.5328
19.2496
-1.63422
1.63505
0.225027
1.63597
0.237517
1.637
0.250703
1.63811
0.264657
1.63933
0.279371
1.64071
0.29489
1.64224
0.311277
1.64406
0.328636
1.64623
0.346953
1.64898
0.36632
1.6522
0.386965
1.65597
0.40885
1.65988
0.432096
1.66347
0.456744
1.66573
0.482759
1.66577
0.509853
1.66225
0.537689
1.65398
0.56579
1.63963
0.593608
1.61811
0.620468
1.58848
0.645603
1.55017
0.668372
1.50273
0.688118
1.4463
0.704311
1.38123
0.716499
1.3085
0.724493
1.22929
0.728306
1.14552
0.728202
1.05929
0.72463
0.973228
0.718849
0.890077
0.711865
0.813022
0.70538
0.745089
0.70165
0.689437
0.702762
0.64885
0.71141
0.625857
0.730396
0.622292
0.762474
0.639482
0.810336
0.677985
0.876314
0.737887
0.96255
0.818683
1.07059
0.919288
1.20165
1.03738
1.35603
1.16895
1.53333
1.30701
1.73149
1.44119
1.94615
1.55798
2.17
1.64452
2.39329
1.69438
2.60499
1.71327
2.79827
1.71696
2.97483
1.72021
3.1464
1.72797
3.32588
1.73794
3.51887
1.74747
3.72466
1.75597
3.94099
1.76387
4.16816
1.77153
4.40697
1.77879
4.65829
1.78562
4.92267
1.79195
5.20094
1.7978
5.49357
1.80307
5.80136
1.80775
6.12536
1.8119
6.4659
1.81547
6.82396
1.81852
7.20159
1.82034
5.64418
1.82182
6.20786
1.82317
6.82797
1.82419
7.51085
1.82448
8.25868
1.82454
9.08119
1.82415
9.9841
1.82324
10.9767
1.82198
12.0661
1.82014
13.26
1.81812
14.5821
1.81604
16.0005
17.6834
-1.63424
0.248435
-1.63442
0.26196
-1.63461
0.276154
-1.63494
0.291169
-1.63535
0.30696
-1.63588
0.323631
-1.63644
0.341114
-1.63713
0.359645
-1.63791
0.379094
-1.63878
0.399622
-1.63979
0.421273
-1.64082
0.444059
-1.642
0.46809
-1.64325
0.493386
-1.64466
0.520117
-1.64607
0.548223
-1.64765
0.57788
-1.64928
0.609116
-1.65105
0.642082
-1.65286
0.6768
-1.65482
0.713417
-1.65684
0.75202
-1.65894
0.792659
-1.66112
0.835585
-1.66338
0.880763
-1.66568
0.928431
-1.66812
0.978648
-1.67054
1.03165
-1.6731
1.08757
-1.67563
1.14648
-1.67828
1.20837
-1.6809
1.27395
-1.68361
1.34303
-1.68632
1.41567
-1.68907
1.49247
-1.69176
1.57322
-1.69452
1.65857
-1.69718
1.74838
-1.69995
1.84319
-1.70261
1.9431
-1.70526
2.04839
-1.7079
2.1594
-1.71049
2.27635
-1.71303
2.39977
-1.71558
2.52974
-1.71805
2.66664
-1.72055
2.81101
-1.72293
2.96318
-1.72534
3.12347
-1.72773
3.29247
-1.73014
3.47038
-1.73252
3.65799
-1.73488
3.8555
-1.7373
4.06384
-1.73977
4.28332
-1.74225
4.51429
-1.74469
4.75792
-1.74719
5.01435
-1.74974
5.28457
-1.7523
5.56932
-1.75485
5.86914
-1.75752
6.18516
-1.76016
6.51819
-1.76289
6.86926
-1.7656
7.23901
-1.76829
7.62826
-1.77074
8.03884
-1.77241
6.15252
-1.77406
6.76136
-1.77575
7.42763
-1.77768
8.16204
-1.78014
8.96848
-1.78363
9.85871
-1.78888
10.8435
-1.79592
11.9368
-1.80391
13.1476
-1.81189
14.4849
-1.81802
15.9463
-1.82236
17.5372
19.252
-1.77403
1.77521
0.223613
1.77663
0.235962
1.77825
0.249009
1.78005
0.262754
1.78212
0.277248
1.78429
0.292635
1.78676
0.308787
1.7894
0.325926
1.79239
0.343957
1.79558
0.363065
1.79933
0.383227
1.80352
0.404607
1.80841
0.427224
1.81382
0.451278
1.81977
0.476832
1.82565
0.503937
1.83071
0.532655
1.83368
0.56278
1.83334
0.593978
1.82797
0.62581
1.81596
0.657631
1.79585
0.688456
1.76636
0.717639
1.72659
0.744048
1.67605
0.767068
1.6147
0.785813
1.54313
0.799907
1.46228
0.809021
1.37392
0.813019
1.28011
0.812635
1.1837
0.808295
1.08774
0.801311
0.995847
0.793565
0.911744
0.786845
0.839309
0.783862
0.782163
0.787522
0.743645
0.801007
0.726385
0.827577
0.732284
0.87043
0.76223
0.932585
0.816336
1.0165
0.893826
1.12414
0.993221
1.25665
1.11184
1.41469
1.24544
1.59791
1.38722
1.80436
1.52736
2.02987
1.65284
2.2678
1.74988
2.50796
1.80933
2.73882
1.8337
2.95047
1.83779
3.14231
1.83856
3.32511
1.84371
3.51371
1.85187
3.71651
1.85997
3.93288
1.86706
4.16107
1.87351
4.40053
1.87966
4.65214
1.88545
4.91688
1.89079
5.1956
1.89571
5.48865
1.90014
5.79691
1.90406
6.12144
1.9076
6.46234
1.91037
6.8212
1.91284
7.19911
1.91431
5.64271
1.91577
6.2064
1.9163
6.82745
1.91681
7.51034
1.91729
8.25821
1.917
9.08148
1.91594
9.98515
1.91472
10.9779
1.91349
12.0673
1.91136
13.2621
1.90875
14.5847
1.90612
16.0031
17.6878
-1.77351
0.247805
-1.77304
0.261377
-1.77263
0.27565
-1.77227
0.290687
-1.77193
0.306533
-1.77166
0.323232
-1.77148
0.340839
-1.77134
0.359373
-1.77127
0.378951
-1.77129
0.399518
-1.77129
0.421211
-1.77144
0.444103
-1.7716
0.468212
-1.77192
0.493618
-1.7722
0.52037
-1.77267
0.548622
-1.7731
0.578303
-1.77374
0.609688
-1.77437
0.642711
-1.77514
0.677517
-1.77591
0.714192
-1.77686
0.752916
-1.77787
0.793676
-1.77896
0.836627
-1.78011
0.881924
-1.78144
0.929708
-1.78276
0.979979
-1.78422
1.03306
-1.7857
1.08906
-1.78731
1.14804
-1.78894
1.21001
-1.79068
1.27565
-1.79244
1.34479
-1.79427
1.41746
-1.79612
1.49434
-1.79808
1.57513
-1.80002
1.66052
-1.80204
1.75036
-1.80404
1.8452
-1.80611
1.94513
-1.80817
2.05046
-1.81022
2.16141
-1.81225
2.2784
-1.81436
2.40185
-1.81639
2.53178
-1.81845
2.66867
-1.82042
2.81301
-1.82246
2.9652
-1.82446
3.12548
-1.82652
3.29451
-1.82849
3.47237
-1.83052
3.66002
-1.83261
3.85758
-1.83467
4.0659
-1.83675
4.28537
-1.83885
4.51639
-1.84099
4.76004
-1.84313
5.0165
-1.84531
5.28674
-1.84752
5.57152
-1.84981
5.87142
-1.85209
6.18744
-1.8545
6.52058
-1.85688
6.87165
-1.8593
7.24141
-1.86162
7.6306
-1.86382
8.04102
-1.86539
6.1541
-1.86675
6.76272
-1.86809
7.42897
-1.86986
8.16381
-1.87246
8.97108
-1.87641
9.86265
-1.88185
10.8489
-1.88866
11.9436
-1.89678
13.1557
-1.9046
14.4927
-1.91122
15.9529
-1.91496
17.541
19.254
-1.91671
1.9185
0.221874
1.92047
0.234037
1.92258
0.246899
1.92492
0.260446
1.92744
0.274726
1.93025
0.289852
1.9332
0.305825
1.9365
0.322641
1.93997
0.340464
1.9438
0.35925
1.94791
0.379091
1.95244
0.400095
1.95739
0.422251
1.96295
0.445732
1.96916
0.470597
1.97616
0.496952
1.98378
0.525006
1.9918
0.554777
1.99932
0.586434
2.00538
0.619773
2.00831
0.654671
2.00623
0.690562
1.99712
0.726721
1.97898
0.762206
1.95013
0.795891
1.9094
0.826565
1.85602
0.853265
1.79006
0.875
1.71202
0.891044
1.62326
0.901408
1.52581
0.905722
1.42243
0.904718
1.31632
0.899646
1.21148
0.89171
1.1121
0.883214
1.02272
0.876921
0.94782
0.875887
0.891682
0.88373
0.857863
0.904229
0.849143
0.941319
0.866983
0.998636
0.911826
1.07931
0.982856
1.1856
1.07841
1.31915
1.19549
1.48081
1.32966
1.6702
1.47411
1.88541
1.61917
2.12275
1.75194
2.37518
1.85795
2.63282
1.92589
2.88252
1.95544
3.11278
1.96039
3.32016
1.95944
3.51466
1.96252
3.71342
1.9691
3.9263
1.97587
4.1543
1.98149
4.3949
1.98638
4.64725
1.99104
4.91222
1.99534
5.1913
1.99951
5.48446
2.00293
5.79349
2.00594
6.11842
2.0086
6.4597
2.01112
6.81866
2.01255
7.19769
2.01388
5.64138
2.01427
6.20602
2.01502
6.8267
2.01475
7.51061
2.01446
8.2585
2.01376
9.08218
2.01298
9.98592
2.01139
10.9795
2.00913
12.0696
2.00667
13.2646
2.00444
14.5869
2.00122
16.0064
17.6925
-1.91565
0.246759
-1.91454
0.260288
-1.91351
0.27462
-1.91252
0.289687
-1.91156
0.305565
-1.91062
0.322301
-1.90973
0.339948
-1.90887
0.358524
-1.90807
0.37815
-1.90731
0.398766
-1.90662
0.420511
-1.90597
0.44346
-1.9054
0.467627
-1.90488
0.493096
-1.90444
0.519911
-1.90405
0.54823
-1.90375
0.577978
-1.9035
0.609435
-1.90335
0.64253
-1.90324
0.67741
-1.90325
0.71416
-1.90329
0.752961
-1.90345
0.793798
-1.90365
0.836828
-1.904
0.882236
-1.90432
0.930035
-1.9048
0.980416
-1.90531
1.03358
-1.90595
1.08965
-1.9066
1.14871
-1.90739
1.21075
-1.9082
1.27647
-1.90913
1.34568
-1.91007
1.41842
-1.91113
1.49536
-1.9122
1.57622
-1.91338
1.66166
-1.91457
1.75155
-1.91584
1.84644
-1.91712
1.94642
-1.91848
2.05179
-1.91982
2.16277
-1.92123
2.27978
-1.92263
2.40326
-1.92409
2.53321
-1.92552
2.67011
-1.92701
2.81447
-1.92848
2.96668
-1.93
3.12698
-1.9315
3.29604
-1.93305
3.47391
-1.93462
3.6616
-1.93622
3.85918
-1.93785
4.06753
-1.93951
4.28703
-1.94119
4.51807
-1.94292
4.76178
-1.94466
5.01823
-1.94638
5.28847
-1.9482
5.57332
-1.95007
5.87329
-1.95211
6.18946
-1.95385
6.52233
-1.95619
6.87395
-1.9581
7.24333
-1.95997
7.63245
-1.96171
8.04278
-1.96299
6.15536
-1.96416
6.76391
-1.96547
7.43026
-1.96749
8.16583
-1.9697
8.97328
-1.97362
9.86658
-1.97932
10.8546
-1.98669
11.951
-1.9949
13.1639
-2.00262
14.5004
-2.00867
15.959
-2.01271
17.5451
19.2556
-2.06108
2.06296
0.219937
2.06504
0.23192
2.06731
0.244597
2.06981
0.257913
2.07247
0.272046
2.07538
0.28691
2.07859
0.302601
2.08199
0.319215
2.08573
0.336718
2.08975
0.355196
2.09414
0.374708
2.09884
0.395361
2.10396
0.417134
2.10948
0.440182
2.11559
0.464501
2.12221
0.4903
2.12967
0.517564
2.13795
0.546463
2.14717
0.57723
2.15704
0.609877
2.16707
0.644656
2.1761
0.681508
2.18256
0.720276
2.18421
0.760535
2.17866
0.801456
2.16319
0.842011
2.13576
0.880713
2.09446
0.916285
2.03852
0.946996
1.96778
0.972133
1.88301
0.990511
1.78592
1.00179
1.67909
1.00649
1.56578
1.005
1.45017
0.998849
1.33692
0.990149
1.23124
0.981586
1.13839
0.976561
1.06365
0.978984
1.01164
0.993307
0.986175
1.02412
0.989606
1.07587
1.02291
1.15231
1.08542
1.25662
1.17538
1.39087
1.28956
1.556
1.42322
1.75176
1.56944
1.97652
1.71858
2.22605
1.85728
2.49411
1.97075
2.76906
2.04583
3.03769
2.0799
3.2861
2.08583
3.50872
2.08333
3.71593
2.0843
3.92533
2.08937
4.14923
2.095
4.38927
2.09976
4.6425
2.10297
4.90901
2.10645
5.1878
2.109
5.48192
2.11152
5.79095
2.114
6.11594
2.11541
6.45828
2.11677
6.81731
2.11809
7.19637
2.11821
5.64126
2.1184
6.20583
2.11829
6.82682
2.11817
7.51072
2.11704
8.25964
2.11585
9.08336
2.11429
9.98749
2.11225
10.9815
2.10994
12.0719
2.10708
13.2675
2.10421
14.5898
2.10098
16.0096
17.6973
-2.05975
0.245388
-2.05838
0.258916
-2.05702
0.27325
-2.05564
0.288322
-2.05427
0.304209
-2.05291
0.320956
-2.05157
0.338619
-2.05028
0.357247
-2.04895
0.37683
-2.04769
0.397505
-2.04649
0.419312
-2.04529
0.442261
-2.04413
0.466464
-2.04299
0.491939
-2.04191
0.518829
-2.0409
0.547193
-2.03995
0.577021
-2.03901
0.608464
-2.03813
0.641646
-2.03733
0.676582
-2.03661
0.713424
-2.03593
0.752254
-2.03526
0.793122
-2.03472
0.836249
-2.03421
0.881724
-2.03381
0.929592
-2.03344
0.980043
-2.03317
1.03328
-2.03294
1.08942
-2.03282
1.14855
-2.03273
1.21067
-2.03276
1.27645
-2.03281
1.34574
-2.03297
1.41855
-2.0332
1.4956
-2.0335
1.57649
-2.03382
1.662
-2.03425
1.75195
-2.03466
1.84687
-2.03524
1.94696
-2.03576
2.05232
-2.03641
2.16339
-2.03709
2.28048
-2.03779
2.40393
-2.03853
2.53396
-2.03934
2.6709
-2.04018
2.81532
-2.04106
2.96754
-2.04195
3.12788
-2.04288
3.29694
-2.04385
3.4749
-2.04485
3.66259
-2.04601
3.86034
-2.04697
4.06847
-2.04816
4.28824
-2.04941
4.51931
-2.05045
4.76283
-2.05173
5.01951
-2.05329
5.29003
-2.05445
5.57449
-2.05586
5.87468
-2.05736
6.19098
-2.05931
6.52423
-2.06062
6.87527
-2.06226
7.24495
-2.06411
7.63431
-2.06547
8.04411
-2.06601
6.15591
-2.06693
6.7648
-2.06835
7.43169
-2.06963
8.16709
-2.07254
8.9762
-2.07632
9.87035
-2.08227
10.8605
-2.08984
11.9585
-2.0984
13.1725
-2.10564
14.5077
-2.1114
15.9647
-2.11457
17.5483
19.257
-2.20798
2.20978
0.218001
2.21181
0.22982
2.21401
0.242331
2.2164
0.255471
2.21898
0.269415
2.22178
0.284075
2.22475
0.299582
2.22806
0.315892
2.23156
0.333174
2.23537
0.351376
2.23945
0.370591
2.24389
0.390925
2.24864
0.412355
2.25378
0.435037
2.2593
0.458955
2.2653
0.48431
2.27178
0.511058
2.27891
0.539339
2.28677
0.569354
2.29555
0.601104
2.30529
0.634898
2.31593
0.670877
2.32701
0.709179
2.33774
0.749819
2.34667
0.792501
2.35124
0.837458
2.34876
0.883169
2.33668
0.928385
2.31194
0.971717
2.27253
1.01156
2.21647
1.04655
2.14424
1.07404
2.05558
1.09512
1.95328
1.10732
1.83967
1.11244
1.71889
1.11094
1.59585
1.10462
1.47624
1.09618
1.36591
1.08929
1.27121
1.08802
1.1983
1.09702
1.15214
1.12203
1.13651
1.16793
1.15361
1.23952
1.20312
1.34135
1.28389
1.47524
1.39217
1.64347
1.52306
1.84564
1.6694
2.0797
1.82126
2.34226
1.96538
2.62493
2.08637
2.91672
2.16917
3.20329
2.20887
3.46903
2.21705
3.70775
2.21361
3.92877
2.21182
4.15102
2.21442
4.38667
2.21804
4.63889
2.2215
4.90553
2.22334
5.18597
2.225
5.48025
2.22638
5.78957
2.22746
6.11485
2.22856
6.45719
2.22863
6.81724
2.22874
7.19629
2.22857
5.64143
2.22814
6.20626
2.22741
6.82754
2.22637
7.51178
2.22499
8.26101
2.22325
9.08511
2.22117
9.98955
2.21862
10.9841
2.21589
12.0746
2.21253
13.2708
2.2094
14.5929
2.20602
16.013
17.7023
-2.20653
0.243894
-2.20505
0.257399
-2.20352
0.271714
-2.20199
0.286768
-2.20042
0.302641
-2.19885
0.319377
-2.19727
0.337033
-2.19569
0.355656
-2.19411
0.375237
-2.19253
0.395914
-2.19092
0.417692
-2.18936
0.440683
-2.18785
0.464931
-2.18631
0.490386
-2.1848
0.517295
-2.1833
0.545681
-2.18184
0.575533
-2.1804
0.607004
-2.17899
0.640216
-2.17761
0.675186
-2.17628
0.712064
-2.17494
0.7509
-2.17372
0.791876
-2.1725
0.835016
-2.17121
0.880407
-2.17005
0.928423
-2.1691
0.97906
-2.1682
1.03238
-2.1673
1.08848
-2.16619
1.14745
-2.16547
1.20992
-2.16457
1.27557
-2.16411
1.34525
-2.16318
1.41762
-2.16262
1.495
-2.16224
1.57612
-2.1619
1.66163
-2.16133
1.75138
-2.16105
1.84656
-2.16069
1.94662
-2.16053
2.05214
-2.1605
2.16336
-2.16038
2.28034
-2.16023
2.40378
-2.16041
2.53413
-2.16027
2.67076
-2.16046
2.8155
-2.16066
2.96774
-2.16083
3.12804
-2.16124
3.29736
-2.16149
3.47514
-2.16182
3.66292
-2.16228
3.86079
-2.1631
4.0693
-2.16332
4.28845
-2.16391
4.5199
-2.16488
4.76379
-2.16524
5.01987
-2.16599
5.29079
-2.16683
5.57531
-2.16774
5.8756
-2.16879
6.192
-2.1699
6.52535
-2.17107
6.87642
-2.17254
7.24642
-2.17325
7.63501
-2.1741
8.04498
-2.17465
6.15644
-2.17526
6.76541
-2.17614
7.43256
-2.17765
8.16861
-2.18031
8.97885
-2.18461
9.87465
-2.1908
10.8667
-2.19884
11.9666
-2.20668
13.1803
-2.21435
14.5154
-2.21944
15.9698
-2.22189
17.5508
19.2584
-3.73772
3.73934
0.216179
3.74092
0.228169
3.74296
0.240192
3.74509
0.253279
3.74764
0.266779
3.7499
0.28177
3.75286
0.296554
3.75577
0.312951
3.75896
0.329919
3.76208
0.348234
3.76606
0.366562
3.76992
0.387057
3.77421
0.408025
3.77899
0.430246
3.78375
0.454154
3.7893
0.478761
3.79512
0.505204
3.80159
0.53287
3.80869
0.562217
3.81646
0.593341
3.82493
0.626391
3.83507
0.660753
3.84616
0.698056
3.85857
0.737417
3.87233
0.778699
3.88632
0.823494
3.89894
0.870502
3.90702
0.920333
3.90636
0.972334
3.89228
1.02566
3.85996
1.07884
3.80426
1.12976
3.72233
1.17702
3.61234
1.21733
3.47464
1.25012
3.31207
1.27353
3.12912
1.28753
2.93335
1.29198
2.73243
1.29019
2.53677
1.2837
2.35607
1.27769
2.2019
1.27622
2.08378
1.28603
2.01004
1.31328
1.98691
1.36446
2.01628
1.44588
2.09732
1.56242
2.22542
1.71755
2.39269
1.91242
2.58877
2.1462
2.79854
2.41515
3.00181
2.71346
3.17624
3.02885
3.29871
3.34658
3.35677
3.64968
3.36061
3.92495
3.33643
4.17519
3.30793
4.41519
3.28349
4.66331
3.2611
4.92794
3.23752
5.20955
3.211
5.50677
3.18228
5.81829
3.15111
6.14603
3.11826
6.49004
3.0834
6.85212
3.04618
7.2335
3.0162
5.67143
2.98285
6.23959
2.94615
6.86425
2.90537
7.55254
2.86057
8.30581
2.81105
9.13462
2.75688
10.0437
2.69731
11.0436
2.63197
12.14
2.55984
13.3429
2.48184
14.671
2.39564
16.0992
17.7876
-3.73468
0.240783
-3.73139
0.254018
-3.72804
0.268307
-3.72469
0.283338
-3.72091
0.298813
-3.7174
0.315807
-3.71372
0.333313
-3.70952
0.351414
-3.70582
0.371503
-3.70151
0.391565
-3.69725
0.413416
-3.69298
0.436382
-3.68862
0.460543
-3.68386
0.485608
-3.67927
0.512677
-3.67477
0.54116
-3.66966
0.570401
-3.66489
0.602217
-3.65971
0.634999
-3.65469
0.670155
-3.64945
0.706783
-3.6439
0.74534
-3.63828
0.786214
-3.63283
0.829558
-3.62725
0.874786
-3.62155
0.922715
-3.61527
0.972731
-3.609
1.02611
-3.60284
1.08227
-3.59668
1.14129
-3.58998
1.20316
-3.58363
1.26922
-3.5764
1.33797
-3.56953
1.41075
-3.56246
1.48789
-3.55475
1.56842
-3.54718
1.65401
-3.53929
1.74352
-3.53123
1.83845
-3.52286
1.93826
-3.5143
2.04354
-3.50544
2.15452
-3.49607
2.27093
-3.48673
2.39446
-3.47655
2.52391
-3.46641
2.66064
-3.45543
2.80449
-3.4445
2.95684
-3.43274
3.11625
-3.42071
3.28534
-3.40816
3.46256
-3.39501
3.64978
-3.38135
3.84709
-3.36674
4.0547
-3.35193
4.27361
-3.33585
4.50383
-3.31924
4.74715
-3.30204
5.00267
-3.28367
5.27239
-3.26475
5.55641
-3.24504
5.85586
-3.2238
6.17076
-3.20172
6.50325
-3.17868
6.85338
-3.15394
7.22167
-3.12802
7.6091
-3.10027
8.01719
-3.07828
6.13446
-3.05452
6.74162
-3.02858
7.40663
-3.00105
8.14104
-2.97216
8.94997
-2.94248
9.84496
-2.91135
10.8356
-2.87771
11.9329
-2.83972
13.1423
-2.79503
14.4707
-2.74277
15.9176
-2.68117
17.4893
19.1871
-3.99027
3.99142
0.215132
3.99338
0.226275
3.99478
0.23883
3.99636
0.251748
3.99775
0.265414
4.00004
0.27952
4.00182
0.294792
4.00383
0.310971
4.00605
0.327704
4.00854
0.34577
4.01093
0.36417
4.01398
0.384025
4.01662
0.405377
4.01998
0.426899
4.02333
0.450786
4.02712
0.47498
4.03133
0.500976
4.03571
0.528504
4.04024
0.557665
4.0454
0.58819
4.05121
0.620563
4.05712
0.654849
4.06395
0.691213
4.07231
0.729062
4.08097
0.770016
4.09166
0.81282
4.10365
0.858487
4.11668
0.907315
4.12997
0.959011
4.14114
1.01451
4.14667
1.07328
4.14198
1.13447
4.1214
1.19758
4.07891
1.25983
4.01017
1.31884
3.91163
1.37209
3.78279
1.41634
3.62453
1.45027
3.44319
1.47149
3.2451
1.48182
3.03922
1.48354
2.83672
1.47874
2.64891
1.47383
2.4882
1.47401
2.36571
1.48693
2.29103
1.52058
2.27043
1.58301
2.30608
1.68193
2.39634
1.82215
2.53494
2.00762
2.71116
2.23892
2.91113
2.51351
3.11551
2.82447
3.29988
3.16222
3.43971
3.50984
3.51717
3.84751
3.5344
4.15795
3.51282
4.43679
3.4791
4.69702
3.44748
4.95958
3.41859
5.23843
3.3893
5.53607
3.35737
5.85022
3.32322
6.18019
3.28664
6.52663
3.24816
6.89059
3.20752
7.27416
3.1746
5.70433
3.13872
6.27549
3.0988
6.90415
3.0549
7.59646
3.00699
8.35369
2.95447
9.18716
2.89669
10.1015
2.83327
11.107
2.76416
12.2091
2.68839
13.4187
2.60582
14.7535
2.51516
16.1899
17.8768
-3.98703
0.237613
-3.98372
0.25076
-3.98067
0.265314
-3.97686
0.279567
-3.97366
0.295652
-3.9697
0.311875
-3.96566
0.329304
-3.9619
0.347671
-3.95738
0.367002
-3.95314
0.387335
-3.94884
0.409121
-3.94414
0.43168
-3.93938
0.455783
-3.93457
0.480789
-3.92971
0.507812
-3.92411
0.535562
-3.91916
0.565444
-3.91349
0.59654
-3.90779
0.629286
-3.90172
0.664076
-3.89597
0.701025
-3.88985
0.739219
-3.88373
0.780081
-3.87726
0.823081
-3.87045
0.867963
-3.86363
0.915898
-3.85683
0.965919
-3.84969
1.01897
-3.84225
1.07481
-3.83481
1.13386
-3.82708
1.19542
-3.81903
1.26117
-3.81103
1.32995
-3.80271
1.40244
-3.79378
1.47894
-3.78521
1.55986
-3.77572
1.64449
-3.76658
1.73439
-3.75686
1.82871
-3.74683
1.92825
-3.73658
2.03325
-3.72534
2.1433
-3.71455
2.26012
-3.70313
2.38307
-3.69117
2.51193
-3.67892
2.64841
-3.66647
2.79203
-3.65307
2.94347
-3.63983
3.10298
-3.62531
3.27085
-3.61094
3.44818
-3.59563
3.6345
-3.57948
3.83092
-3.56305
4.03829
-3.54578
4.25631
-3.52792
4.48598
-3.50889
4.7281
-3.4893
4.9831
-3.46892
5.25199
-3.4477
5.53519
-3.42505
5.83318
-3.40189
6.1476
-3.37755
6.4789
-3.35193
6.82776
-3.32492
7.19466
-3.29612
7.58029
-3.26584
7.98694
-3.24217
6.11075
-3.21646
6.71592
-3.18883
7.37895
-3.15976
8.11199
-3.12928
8.91945
-3.09804
9.81374
-3.06462
10.8022
-3.02838
11.8967
-2.98748
13.1014
-2.93962
14.4228
-2.88309
15.8611
-2.81772
17.424
19.1114
-4.23558
4.23671
0.214215
4.23748
0.225598
4.23834
0.238041
4.23931
0.250838
4.2404
0.264375
4.24127
0.278694
4.24263
0.293469
4.24378
0.309848
4.24509
0.326415
4.24658
0.344308
4.24789
0.362872
4.24905
0.382881
4.25077
0.403667
4.25238
0.425307
4.25422
0.448946
4.256
0.47322
4.25806
0.498918
4.2601
0.526478
4.26284
0.554928
4.26527
0.585775
4.26812
0.617717
4.27146
0.651525
4.27495
0.687711
4.27873
0.725301
4.28322
0.765514
4.28831
0.80775
4.29457
0.85222
4.30167
0.900231
4.31061
0.950059
4.32088
1.00426
4.33281
1.06134
4.34483
1.12247
4.35459
1.1878
4.35706
1.25738
4.34656
1.32932
4.31622
1.40245
4.25885
1.47368
4.17024
1.5389
4.04755
1.59416
3.89245
1.63694
3.71015
1.66582
3.50842
1.68049
3.29764
1.68459
3.08965
1.68202
2.89763
1.67893
2.73529
1.68295
2.61526
1.70303
2.54784
1.74937
2.53927
1.8307
2.59042
1.95648
2.69796
2.13136
2.85259
2.3589
3.04037
2.63668
3.24224
2.96035
3.4334
3.31867
3.5871
3.69382
3.68037
4.06467
3.7083
4.40886
3.68839
4.71692
3.64978
4.9982
3.61081
5.27739
3.57561
5.57128
3.54057
5.88525
3.50332
6.21745
3.46325
6.5667
3.42084
6.93302
3.37634
7.31867
3.34084
5.73985
3.30201
6.3143
3.25888
6.94729
3.21244
7.64288
3.16108
8.40506
3.10479
9.24343
3.04335
10.1629
2.97637
11.174
2.9031
12.2824
2.82299
13.4988
2.73611
14.8404
2.64071
16.2853
17.9703
-4.23263
0.23476
-4.22995
0.248168
-4.2265
0.261933
-4.22368
0.276792
-4.22007
0.292086
-4.21638
0.308214
-4.2126
0.32555
-4.20909
0.344176
-4.20478
0.362713
-4.20075
0.383305
-4.19627
0.404655
-4.19206
0.427474
-4.18707
0.450794
-4.18234
0.476063
-4.17719
0.502661
-4.17196
0.530329
-4.1663
0.559792
-4.16058
0.590816
-4.15478
0.623493
-4.14893
0.65822
-4.14267
0.694766
-4.13636
0.732901
-4.12964
0.773368
-4.12254
0.815976
-4.1154
0.860813
-4.10821
0.908714
-4.10066
0.958355
-4.09272
1.01103
-4.08477
1.06685
-4.07644
1.12553
-4.06778
1.18673
-4.05908
1.25248
-4.04971
1.32056
-4.04032
1.39305
-4.03095
1.46955
-4.02054
1.54945
-4.01051
1.63443
-3.99978
1.72367
-3.98876
1.81766
-3.97739
1.91689
-3.96541
2.02124
-3.95377
2.13167
-3.94119
2.24751
-3.92795
2.36983
-3.9148
2.49875
-3.90066
2.63429
-3.88629
2.77763
-3.87128
2.92848
-3.85572
3.0874
-3.83953
3.25467
-3.82279
3.43141
-3.80543
3.61715
-3.78754
3.81299
-3.76869
4.01946
-3.749
4.23658
-3.72872
4.46571
-3.70796
4.70731
-3.686
4.96115
-3.66326
5.22924
-3.63938
5.51132
-3.61475
5.80853
-3.58928
6.12214
-3.5623
6.45189
-3.53401
6.79946
-3.50434
7.16498
-3.47289
7.54886
-3.4395
7.95351
-3.41408
6.08537
-3.38655
6.68834
-3.35722
7.34964
-3.32645
8.08117
-3.29468
8.8877
-3.26125
9.78027
-3.22607
10.767
-3.18747
11.8581
-3.14316
13.0571
-3.09171
14.3714
-3.03115
15.8006
-2.96085
17.3537
19.0322
-4.48107
4.48168
0.213627
4.482
0.22528
4.48241
0.237634
4.48292
0.250336
4.48353
0.263775
4.48387
0.278347
4.48433
0.293014
4.48489
0.309286
4.48522
0.326092
4.48566
0.343866
4.48623
0.362305
4.48692
0.382185
4.4874
0.403191
4.48802
0.424687
4.48879
0.448178
4.48936
0.472647
4.48974
0.498532
4.49031
0.525911
4.49071
0.55452
4.49169
0.584795
4.49255
0.616858
4.49295
0.651122
4.494
0.68666
4.49502
0.724283
4.49604
0.764487
4.49714
0.806652
4.4984
0.850952
4.50073
0.897908
4.50292
0.947861
4.50684
1.00035
4.51185
1.05631
4.51884
1.11549
4.52796
1.17867
4.53872
1.24663
4.54912
1.3189
4.55492
1.39667
4.55051
1.47807
4.52718
1.56225
4.47645
1.64486
4.39246
1.72095
4.27129
1.78697
4.11424
1.83756
3.92769
1.87111
3.72091
1.88881
3.50496
1.89486
3.294
1.89393
3.1029
1.8941
2.94676
1.90553
2.83889
1.93856
2.78972
2.00568
2.80395
2.11712
2.88056
2.28231
3.01231
2.50491
3.18629
2.7864
3.38342
3.12153
3.57819
3.49906
3.74101
3.90184
3.8454
4.30448
3.88128
4.68104
3.86233
5.01716
3.81933
5.32038
3.77378
5.61683
3.73194
5.92709
3.69064
6.25875
3.64749
6.60984
3.60172
6.9788
3.55376
7.36665
3.51527
5.77833
3.47321
6.35639
3.4275
6.99297
3.37721
7.69318
3.32267
8.45958
3.26296
9.30315
3.1978
10.2281
3.12622
11.2456
3.04909
12.3595
2.9646
13.5833
2.87275
14.9323
2.77253
16.3855
18.0688
-4.47882
0.23252
-4.47614
0.245493
-4.47301
0.258818
-4.47016
0.273945
-4.46685
0.288795
-4.46381
0.305185
-4.46032
0.322076
-4.45639
0.340258
-4.45306
0.359402
-4.44894
0.379195
-4.44471
0.400448
-4.44005
0.422821
-4.43562
0.446392
-4.43076
0.471215
-4.4258
0.497719
-4.4204
0.524938
-4.41525
0.55466
-4.40966
0.58524
-4.40397
0.617826
-4.39786
0.652116
-4.39095
0.687877
-4.38466
0.726627
-4.37759
0.766313
-4.3708
0.809193
-4.36357
0.853604
-4.35559
0.900739
-4.34788
0.950658
-4.33976
1.00292
-4.33123
1.05833
-4.32229
1.11661
-4.3133
1.17775
-4.30357
1.24275
-4.29413
1.31113
-4.28396
1.38288
-4.2734
1.459
-4.26281
1.53886
-4.2515
1.62312
-4.2398
1.71198
-4.22776
1.80561
-4.21533
1.90447
-4.20258
2.00848
-4.18876
2.11787
-4.17498
2.23371
-4.16049
2.35536
-4.1457
2.48394
-4.13022
2.61882
-4.11411
2.76152
-4.09733
2.91172
-4.08028
3.07034
-4.06256
3.23698
-4.04391
3.41276
-4.02461
3.59788
-4.00441
3.79278
-3.98357
3.99866
-3.96221
4.21521
-3.93959
4.44312
-3.91616
4.68387
-3.89188
4.93688
-3.8665
5.20384
-3.84065
5.48548
-3.8137
5.78156
-3.78524
6.09368
-3.7559
6.42254
-3.7249
6.76846
-3.69217
7.13227
-3.65813
7.51481
-3.62259
7.91801
-3.59529
6.05802
-3.56594
6.65901
-3.53479
7.31845
-3.50232
8.04871
-3.46873
8.85407
-3.43367
9.74523
-3.39603
10.7293
-3.35421
11.8162
-3.30674
13.0096
-3.25091
14.3156
-3.18632
15.736
-3.11211
17.2796
18.9487
-4.73954
4.73967
0.213547
4.73983
0.225133
4.74007
0.237419
4.74037
0.250049
4.74038
0.263776
4.74046
0.278281
4.74061
0.292876
4.74046
0.309441
4.74074
0.325823
4.74072
0.343891
4.74041
0.362622
4.74016
0.382442
4.74033
0.403029
4.73984
0.425181
4.7394
0.448616
4.73867
0.473388
4.73834
0.498857
4.73772
0.526538
4.7368
0.555446
4.73558
0.586018
4.73443
0.618012
4.73336
0.652202
4.73164
0.68837
4.73005
0.72589
4.72856
0.765972
4.72687
0.808351
4.72498
0.852835
4.72261
0.900292
4.72087
0.949591
4.71886
1.00237
4.71712
1.05804
4.71646
1.11617
4.71666
1.17845
4.71884
1.24447
4.72354
1.31419
4.73049
1.38974
4.7387
1.46984
4.74465
1.55632
4.74165
1.64783
4.71987
1.74277
4.66989
1.83692
4.58377
1.92371
4.45726
1.9976
4.2931
2.05299
4.0988
2.08914
3.88483
2.10792
3.66523
2.11369
3.45573
2.11504
3.27242
2.12186
3.13234
2.14577
3.04802
2.20143
3.02947
2.30089
3.07718
2.45719
3.18714
2.67646
3.34702
2.96164
3.53738
3.30872
3.7327
3.70651
3.90131
4.13589
4.01279
4.56954
4.05288
4.97708
4.03331
5.33994
3.98574
5.66441
3.93434
5.97848
3.88683
6.30627
3.8399
6.65677
3.79102
7.02768
3.73959
7.41808
3.6982
5.81972
3.65281
6.40177
3.60387
7.04194
3.55034
7.7467
3.49164
8.5183
3.42811
9.36665
3.35891
10.2973
3.28404
11.3205
3.20205
12.4415
3.11279
13.6726
3.01635
15.0287
2.91092
16.491
18.1721
-4.73704
0.230045
-4.7341
0.242578
-4.7318
0.256529
-4.72833
0.270504
-4.7255
0.285976
-4.72222
0.301921
-4.71885
0.318719
-4.71538
0.336809
-4.71147
0.355503
-4.70745
0.375198
-4.70335
0.396353
-4.69878
0.418272
-4.69447
0.442099
-4.6897
0.466464
-4.68448
0.492512
-4.6795
0.51998
-4.67372
0.548892
-4.66818
0.579722
-4.66219
0.611849
-4.65573
0.645682
-4.64953
0.681689
-4.64252
0.719633
-4.63576
0.759565
-4.62819
0.801641
-4.62052
0.845949
-4.61275
0.892983
-4.60454
0.942453
-4.59587
0.994266
-4.58711
1.04958
-4.57755
1.10706
-4.56826
1.16846
-4.55817
1.23267
-4.54765
1.30061
-4.53668
1.37193
-4.52565
1.44796
-4.51383
1.52705
-4.5016
1.61089
-4.48894
1.69933
-4.47588
1.79255
-4.46205
1.89066
-4.44819
1.9946
-4.43356
2.10325
-4.41823
2.21837
-4.4025
2.33963
-4.38607
2.46751
-4.36926
2.60202
-4.35143
2.74368
-4.33322
2.89353
-4.31402
3.05113
-4.29413
3.2171
-4.2736
3.39222
-4.2524
3.5767
-4.23027
3.77063
-4.2075
3.97592
-4.18352
4.19121
-4.15896
4.41858
-4.13325
4.65814
-4.10703
4.91068
-4.07972
5.17651
-4.05091
5.45668
-4.02133
5.75196
-3.99052
6.06289
-3.95848
6.39049
-3.92476
6.73474
-3.88938
7.09688
-3.8521
7.47754
-3.81397
7.87986
-3.7848
6.02888
-3.75391
6.62808
-3.72133
7.28591
-3.68737
8.01471
-3.65191
8.81862
-3.61461
9.70787
-3.57466
10.6894
-3.52988
11.7714
-3.47809
12.9579
-3.41888
14.2564
-3.3499
15.6671
-3.27089
17.2006
18.8608
-5.01612
5.01567
0.213986
5.01562
0.225182
5.01559
0.237439
5.01524
0.250402
5.0149
0.264107
5.01459
0.278595
5.01392
0.293534
5.01363
0.309734
5.01262
0.326832
5.01197
0.344545
5.0113
0.363286
5.01026
0.383482
5.00884
0.40445
5.00739
0.426631
5.00554
0.450462
5.00402
0.474915
5.00172
0.501149
4.99975
0.528522
4.99698
0.558206
4.99454
0.588476
4.99129
0.621252
4.988
0.655504
4.98463
0.691733
4.9805
0.730031
4.97594
0.770526
4.97136
0.812946
4.96636
0.85782
4.96138
0.905288
4.95566
0.9553
4.94965
1.0084
4.9437
1.06398
4.93724
1.12264
4.93077
1.1849
4.92472
1.25053
4.91927
1.31962
4.91641
1.39261
4.91519
1.47105
4.91763
1.55391
4.9217
1.64373
4.92472
1.73978
4.91929
1.84232
4.89412
1.94891
4.83821
2.05348
4.7426
2.14863
4.60419
2.22752
4.42762
2.28452
4.22242
2.31887
4.00175
2.33574
3.78193
2.34167
3.5803
2.34743
3.41554
2.36617
3.30377
2.41269
3.25749
2.50345
3.2815
2.65249
3.37248
2.87064
3.51995
3.16127
3.70457
3.52188
3.89942
3.94106
4.07072
4.39823
4.1854
4.86242
4.22575
5.29958
4.20344
5.68674
4.15034
6.03157
4.09293
6.36368
4.03923
6.71046
3.98653
7.08039
3.93155
7.47305
3.88775
5.86352
3.84013
6.44941
3.78781
7.09425
3.7306
7.80394
3.66883
8.58004
3.60164
9.43385
3.52843
10.3705
3.44864
11.4003
3.36213
12.528
3.26814
13.7666
3.16642
15.1305
3.05579
16.6016
18.2804
-5.01339
0.227303
-5.01089
0.240091
-5.00796
0.25358
-5.00525
0.267806
-5.0021
0.282813
-4.99845
0.298288
-4.99508
0.315334
-4.9912
0.332954
-4.98724
0.351532
-4.98313
0.37111
-4.97894
0.39215
-4.97458
0.413948
-4.96944
0.436943
-4.96449
0.461543
-4.95909
0.487112
-4.95354
0.514458
-4.94789
0.543246
-4.94173
0.573596
-4.93513
0.605242
-4.92871
0.639305
-4.92185
0.674831
-4.91448
0.712294
-4.90665
0.751746
-4.89903
0.794051
-4.8906
0.837523
-4.88202
0.884435
-4.87299
0.933429
-4.86381
0.985118
-4.85383
1.0396
-4.84406
1.09732
-4.83313
1.15754
-4.82243
1.22199
-4.81092
1.28912
-4.7993
1.36032
-4.78687
1.43555
-4.77399
1.51418
-4.76101
1.59792
-4.74723
1.68557
-4.73303
1.77835
-4.71803
1.87567
-4.70262
1.9792
-4.68642
2.08708
-4.66983
2.20178
-4.65282
2.32264
-4.63473
2.44942
-4.61623
2.58355
-4.59703
2.72447
-4.57708
2.87361
-4.55611
3.03016
-4.53476
3.19578
-4.51242
3.36988
-4.48904
3.55336
-4.46507
3.74666
-4.43978
3.95066
-4.41429
4.16572
-4.38721
4.39153
-4.35967
4.6306
-4.3306
4.88164
-4.30111
5.14701
-4.27009
5.42569
-4.23827
5.72013
-4.20484
6.02948
-4.16947
6.3551
-4.1331
6.69838
-4.09481
7.05859
-4.0555
7.43824
-4.01461
7.83901
-3.98387
5.99813
-3.95117
6.59543
-3.91712
7.25181
-3.88168
7.9793
-3.84449
8.78137
-3.80512
9.66852
-3.76217
10.6464
-3.71392
11.7232
-3.65883
12.9028
-3.59481
14.1924
-3.52084
15.5931
-3.43797
17.1177
18.7691
-5.301
5.30083
0.214173
5.29988
0.226126
5.29927
0.238052
5.29826
0.251411
5.29721
0.265157
5.29611
0.279693
5.2946
0.295047
5.29266
0.311671
5.29137
0.328117
5.28928
0.346629
5.28675
0.365817
5.28449
0.385744
5.28176
0.407174
5.27856
0.429823
5.27561
0.453408
5.27218
0.478342
5.26826
0.505064
5.26385
0.53293
5.25965
0.562391
5.2546
0.593523
5.24939
0.626443
5.2437
0.661202
5.23783
0.697579
5.23148
0.736384
5.2246
0.777382
5.21761
0.819943
5.20973
0.865669
5.20141
0.91362
5.19258
0.9641
5.1837
1.0173
5.17397
1.07367
5.16388
1.13275
5.15335
1.19539
5.14258
1.26133
5.13158
1.33057
5.12013
1.40409
5.11015
1.48099
5.10096
1.56312
5.09508
1.64957
5.09244
1.74245
5.09295
1.84177
5.09241
1.94948
5.08195
2.0639
5.0487
2.18192
4.98001
2.29618
4.86833
2.39623
4.71239
2.47478
4.51995
2.5282
4.30384
2.55775
4.0799
2.57139
3.86679
2.57927
3.68336
2.59615
3.54895
2.63784
3.47856
2.72291
3.48073
2.86846
3.55457
3.08745
3.69057
3.38587
3.86966
3.76199
4.06407
4.20381
4.23757
4.68893
4.35464
5.1825
4.39462
5.64677
4.37013
6.05606
4.31363
6.42019
4.25259
6.77149
4.19387
7.13912
4.13479
7.53212
4.08813
5.9102
4.03673
6.50081
3.98064
7.15038
3.92003
7.86452
3.85445
8.64566
3.78281
9.50545
3.70531
10.448
3.62126
11.4843
3.53031
12.619
3.43123
13.8657
3.32467
15.237
3.20769
16.7186
18.3932
-5.299
0.225283
-5.29684
0.237949
-5.29424
0.250953
-5.29146
0.265049
-5.2886
0.279924
-5.28554
0.295262
-5.28205
0.31181
-5.27835
0.329288
-5.27457
0.347722
-5.27058
0.367153
-5.26614
0.387685
-5.26149
0.409331
-5.25675
0.432171
-5.25142
0.456257
-5.246
0.481668
-5.24036
0.508855
-5.23425
0.537125
-5.22758
0.566955
-5.22114
0.598795
-5.21378
0.631979
-5.20665
0.667698
-5.19896
0.704638
-5.19078
0.743566
-5.18205
0.785351
-5.17354
0.829012
-5.16412
0.875047
-5.15421
0.92352
-5.14411
0.975046
-5.13351
1.02901
-5.12238
1.08621
-5.11111
1.14628
-5.09896
1.20986
-5.08668
1.27683
-5.07388
1.34754
-5.06025
1.42192
-5.04646
1.50041
-5.0315
1.58296
-5.01639
1.67048
-5.00083
1.76279
-4.98444
1.8593
-4.96727
1.96202
-4.94997
2.0698
-4.93192
2.18371
-4.91271
2.30345
-4.89312
2.42982
-4.87275
2.56319
-4.85166
2.70338
-4.82949
2.85144
-4.80698
3.00763
-4.78341
3.17222
-4.75885
3.34532
-4.73363
3.52816
-4.70783
3.72084
-4.68073
3.92358
-4.65244
4.13741
-4.62393
4.36305
-4.59395
4.6006
-4.56312
4.85083
-4.53083
5.1147
-4.49765
5.39254
-4.46295
5.68542
-4.42694
5.99349
-4.38932
6.31747
-4.35006
6.65914
-4.3094
7.01792
-4.26697
7.39583
-4.22441
7.79643
-4.19196
5.96571
-4.15786
6.56131
-4.12277
7.21677
-4.08581
7.94229
-4.04681
8.74241
-4.00511
9.62678
-3.95898
10.6003
-3.90728
11.6715
-3.84773
12.8433
-3.7793
14.1239
-3.70141
15.5153
-3.61369
17.0301
18.6735
-5.56712
5.56572
0.215253
5.56428
0.227294
5.5621
0.240022
5.56017
0.253103
5.55819
0.26694
5.55575
0.281933
5.55324
0.297391
5.55064
0.314125
5.54758
0.331051
5.54441
0.349688
5.54112
0.369008
5.53735
0.389436
5.53343
0.411011
5.52903
0.434171
5.52445
0.457915
5.51939
0.483374
5.51413
0.510265
5.50838
0.538664
5.5024
0.568304
5.49595
0.599979
5.48888
0.633444
5.4817
0.668392
5.47354
0.705678
5.46527
0.744675
5.45672
0.785866
5.44735
0.829339
5.43734
0.875612
5.42724
0.923752
5.41651
0.974773
5.40498
1.02886
5.3932
1.0854
5.38064
1.14534
5.3675
1.20849
5.35395
1.27492
5.33949
1.34499
5.32431
1.4193
5.30874
1.49652
5.29326
1.57864
5.27769
1.66511
5.26439
1.75579
5.25333
1.8528
5.24684
1.95601
5.2435
2.06721
5.23801
2.18744
5.2186
2.31556
5.17038
2.44447
5.0807
2.56444
4.94452
2.6644
4.76552
2.73673
4.55603
2.7809
4.33238
2.8029
4.11493
2.81363
3.9238
2.82895
3.78021
2.86653
3.70069
2.94797
3.69477
3.09341
3.76274
3.31789
3.89457
3.6302
4.07064
4.02773
4.26192
4.49768
4.43054
5.01388
4.53867
5.53866
4.56655
6.02817
4.5302
6.45657
4.46515
6.83654
4.39867
7.20563
4.33655
7.59425
4.28875
5.95801
4.23675
6.55286
4.17919
7.20792
4.11586
7.9279
4.04675
8.71474
3.97153
9.5807
3.88997
10.5295
3.80158
11.5727
3.70591
12.7146
3.60184
13.9698
3.48955
15.3494
3.36594
16.8422
18.509
-5.56572
0.223718
-5.56371
0.235899
-5.56165
0.248771
-5.55933
0.262729
-5.55659
0.277099
-5.55395
0.292647
-5.55124
0.309038
-5.54791
0.325993
-5.54414
0.343901
-5.5401
0.36316
-5.53597
0.383515
-5.53158
0.404982
-5.52672
0.427279
-5.52159
0.451179
-5.51636
0.476401
-5.51049
0.503038
-5.50451
0.531115
-5.4979
0.560393
-5.49116
0.592038
-5.48416
0.625027
-5.47632
0.659836
-5.46822
0.696581
-5.45998
0.735316
-5.45114
0.776553
-5.4418
0.819667
-5.43223
0.865516
-5.42216
0.913449
-5.41152
0.964438
-5.40074
1.01823
-5.38904
1.07454
-5.3772
1.13444
-5.36447
1.19716
-5.3516
1.26397
-5.33785
1.33382
-5.32398
1.40805
-5.30925
1.4857
-5.29404
1.56776
-5.27835
1.65481
-5.2615
1.74594
-5.24488
1.84269
-5.2271
1.94425
-5.20887
2.05158
-5.18951
2.16436
-5.1697
2.28365
-5.14948
2.40959
-5.12778
2.5415
-5.10604
2.68163
-5.08319
2.82861
-5.05928
2.98372
-5.03464
3.1476
-5.00899
3.31967
-4.98265
3.50184
-4.95468
3.69287
-4.9264
3.89534
-4.89691
4.10792
-4.86614
4.33233
-4.83455
4.56901
-4.8017
4.81803
-4.76769
5.08069
-4.73238
5.35728
-4.69549
5.64852
-4.6569
5.95494
-4.61704
6.27762
-4.57531
6.61743
-4.53202
6.97464
-4.48827
7.35212
-4.44308
7.75126
-4.40957
5.93222
-4.37482
6.52663
-4.33761
7.17953
-4.29897
7.90372
-4.25824
8.70164
-4.21399
9.58258
-4.16503
10.5513
-4.10904
11.6156
-4.04585
12.78
-3.97268
14.0508
-3.88977
15.4324
-3.79874
16.9391
18.5749
-5.8188
5.81593
0.217774
5.81318
0.229953
5.81034
0.242805
5.80741
0.256016
5.80399
0.27034
5.80048
0.285465
5.79647
0.301418
5.79269
0.317936
5.78839
0.335369
5.78396
0.354149
5.77902
0.373973
5.77357
0.394906
5.76796
0.416634
5.76256
0.439587
5.75629
0.464196
5.74987
0.489806
5.74294
0.517198
5.73587
0.545745
5.72828
0.575889
5.72021
0.608056
5.71199
0.641659
5.70329
0.677098
5.6941
0.714865
5.68479
0.753993
5.67464
0.796013
5.66403
0.839958
5.65365
0.885991
5.64211
0.935302
5.6301
0.986778
5.618
1.04097
5.6051
1.09831
5.59176
1.15869
5.57798
1.22227
5.56342
1.28948
5.5481
1.36033
5.53304
1.43437
5.51615
1.51342
5.49917
1.59563
5.48186
1.68243
5.46384
1.77381
5.44629
1.87037
5.43066
1.97165
5.41895
2.07893
5.41221
2.19419
5.40909
2.31868
5.40174
2.45185
5.37476
2.59142
5.31147
2.72772
5.1996
2.8486
5.03556
2.94499
4.82699
3.01146
4.58921
3.05148
4.34479
3.07337
4.11826
3.09314
3.93697
3.12926
3.82463
3.20584
3.79668
3.34584
3.85793
3.56904
3.99914
3.88653
4.19809
4.29881
4.41904
4.79294
4.61732
5.34046
4.74629
5.89922
4.7821
6.42083
4.7403
6.87836
4.66091
7.28509
4.57648
7.6787
4.51652
6.01803
4.45519
6.61418
4.39179
7.2714
4.32351
7.99617
4.24984
8.78847
4.17038
9.66017
4.08462
10.6153
3.99137
11.666
3.89058
12.8155
3.78074
14.0797
3.66364
15.4665
3.53224
16.9736
18.6275
-5.8181
0.222847
-5.81729
0.234952
-5.81639
0.247741
-5.81535
0.261599
-5.81386
0.275509
-5.81221
0.290936
-5.81045
0.307196
-5.80815
0.323661
-5.80609
0.341777
-5.80346
0.36052
-5.8007
0.380704
-5.79736
0.401636
-5.79386
0.423748
-5.79013
0.447449
-5.78586
0.472109
-5.78135
0.49853
-5.77628
0.52603
-5.77096
0.555081
-5.76541
0.586484
-5.7589
0.618521
-5.75215
0.65308
-5.74513
0.689572
-5.73786
0.728048
-5.72962
0.768311
-5.7211
0.81116
-5.71197
0.856384
-5.7022
0.903695
-5.69218
0.954411
-5.68116
1.00722
-5.66989
1.06327
-5.65763
1.1222
-5.64512
1.18465
-5.63198
1.25085
-5.6179
1.31974
-5.6032
1.39337
-5.58793
1.47043
-5.57241
1.55226
-5.55563
1.63803
-5.53828
1.7286
-5.52004
1.82446
-5.50127
1.92549
-5.48162
2.03195
-5.46114
2.14388
-5.44017
2.2627
-5.41771
2.38714
-5.39513
2.51896
-5.37113
2.65764
-5.34671
2.80423
-5.32162
2.95864
-5.29512
3.12115
-5.26802
3.29257
-5.23956
3.47345
-5.21057
3.66389
-5.18028
3.86513
-5.14917
4.07682
-5.11711
4.30036
-5.08355
4.53547
-5.04868
4.78325
-5.01257
5.04461
-4.97507
5.31986
-4.9359
5.60938
-4.89497
5.91409
-4.85214
6.23483
-4.80793
6.57329
-4.7625
6.92924
-4.71605
7.30575
-4.67006
7.70529
-4.63589
5.89812
-4.59978
6.49049
-4.56211
7.14195
-4.52241
7.86401
-4.47947
8.65878
-4.43269
9.5358
-4.38024
10.4989
-4.32114
11.5565
-4.25281
12.7118
-4.17531
13.9734
-4.08778
15.345
-3.99192
16.8433
18.4759
-5.93236
5.9304
5.92801
5.92552
5.92255
5.91949
5.91626
5.91298
5.90916
5.90496
5.90056
5.89616
5.89156
5.88662
5.88112
5.87566
5.86965
5.86368
5.85716
5.85036
5.84335
5.83608
5.82826
5.82053
5.81191
5.80339
5.79434
5.78468
5.77485
5.76476
5.7538
5.74257
5.73081
5.71839
5.70546
5.69217
5.67765
5.66306
5.64719
5.63041
5.61263
5.59429
5.57507
5.55586
5.5386
5.52465
5.51286
5.49839
5.46974
5.41284
5.31864
5.18439
5.01572
4.82288
4.62257
4.43319
4.27683
4.17274
4.13498
4.16768
4.26495
4.40983
4.57454
4.72297
4.81928
4.84763
4.82119
4.76518
4.71373
4.65765
4.59576
4.5279
4.45299
4.37099
4.28152
4.18396
4.079
3.96228
3.84185
3.69693
-5.93149
-5.93077
-5.92999
-5.929
-5.92823
-5.92726
-5.92578
-5.92478
-5.92324
-5.92182
-5.91986
-5.91799
-5.91592
-5.91358
-5.91102
-5.90818
-5.90512
-5.90211
-5.89816
-5.89461
-5.89048
-5.886
-5.88096
-5.87591
-5.87029
-5.86428
-5.85807
-5.85111
-5.84394
-5.83634
-5.82819
-5.81959
-5.8101
-5.80047
-5.78996
-5.77893
-5.76702
-5.75455
-5.74155
-5.72762
-5.7128
-5.697
-5.68068
-5.66299
-5.64478
-5.62518
-5.60472
-5.58286
-5.55982
-5.53573
-5.51048
-5.48388
-5.45615
-5.42676
-5.39629
-5.36385
-5.33035
-5.29523
-5.25837
-5.21961
-5.17916
-5.13702
-5.09353
-5.04831
-5.00258
-4.95622
-4.90979
-4.87489
-4.8381
-4.7993
-4.75757
-4.7125
-4.66228
-4.606
-4.54172
-4.46869
-4.38632
-4.29372
-4.19459
)
;

boundaryField
{
    inlet
    {
        type            calculated;
        value           nonuniform List<scalar> 
134
(
-22.5279
-23.2008
-27.9797
-25.4899
-27.0847
-29.3913
-29.466
-31.0547
-32.9544
-44.6768
6.98854
8.52463
7.37863
6.56857
5.91682
5.415
5.00943
4.67427
4.38308
4.11678
-22.1484
3.84709
3.53731
3.18846
2.76276
2.44065
2.38526
2.20384
2.34441
2.47011
1.59963
2.04138
2.0025
1.97516
1.9675
1.99311
2.07712
2.22749
2.54958
2.3047
-22.7385
-30.2041
-31.5855
-35.3835
-41.7323
-47.6848
-45.8714
0.963784
1.01174
1.06212
1.11494
1.17036
1.22856
1.28963
1.35374
1.42099
1.4919
1.56573
1.64389
1.72571
1.81187
1.90171
1.99657
2.09613
2.20103
2.31039
2.42598
2.54717
2.67406
2.80761
2.94752
3.09486
3.25015
3.41379
3.4646
-14.2493
-9.87366
-7.57068
-5.89389
-4.76697
-3.84775
-3.15277
-2.66371
-2.27535
-2.00026
-1.82135
-1.72883
-1.71144
-1.78748
-1.97255
-2.16721
-2.19956
-2.1393
-2.08642
-2.0385
-1.9967
-1.95673
-1.9201
-1.89032
-1.8712
-1.86997
-1.90007
-1.98454
-2.13067
-2.4364
-1.9592
-0.96218
-1.01081
-1.06184
-1.11542
-1.17165
-1.23073
-1.29281
-1.35803
-1.4265
-1.49846
-1.57409
-1.65362
-1.73705
-1.82471
-1.91689
-2.01429
-2.11594
-2.22322
-2.60979
-2.74198
-2.88162
-3.02859
-3.18299
-3.34627
-3.51802
-3.70008
-3.89292
-4.09924
)
;
    }
    outlet
    {
        type            calculated;
        value           nonuniform List<scalar> 
160
(
0.220472
0.222319
0.232715
0.234424
0.24565
0.247206
0.259297
0.260699
0.273703
0.274947
0.28891
0.289998
0.304947
0.305876
0.321903
0.322663
0.339773
0.340385
0.358636
0.359083
0.378542
0.378862
0.399556
0.399737
0.421717
0.421787
0.445101
0.445067
0.469785
0.469654
0.495819
0.495643
0.523281
0.52306
0.552247
0.552023
0.582805
0.582626
0.615032
0.614921
0.649042
0.649026
0.684885
0.685059
0.722701
0.723073
0.762577
0.763225
0.804639
0.805605
0.848976
0.850357
0.89575
0.897546
0.9451
0.94743
0.996969
1.00011
1.05191
1.05567
1.10964
1.11411
1.17043
1.17606
1.23478
1.24141
1.30242
1.31015
1.37371
1.38291
1.4489
1.45945
1.5281
1.54041
1.61154
1.62564
1.69929
1.71567
1.79166
1.81062
1.88879
1.91074
1.99096
2.01628
2.09822
2.12763
2.21158
2.24517
2.33271
2.36901
2.4638
2.49954
2.60598
2.63726
2.75655
2.78256
2.90558
2.93568
3.03938
3.09727
3.14579
3.26743
3.22033
3.44707
3.26629
3.63628
3.29364
3.83597
3.31873
4.04647
3.36239
4.26815
3.45002
4.50209
3.60698
4.74835
3.85392
5.00785
4.20168
5.28128
4.64813
5.56903
5.17587
5.87209
5.75085
6.19142
6.3246
6.52816
6.85005
6.88357
7.31159
7.25946
7.73475
7.65892
6.06953
5.86327
6.67034
6.45382
7.33332
7.10321
8.0641
7.82237
8.86341
8.61377
9.74219
9.48564
10.7048
10.4426
11.7636
11.4922
12.9204
12.6388
14.1964
13.891
15.5869
15.2524
17.1186
16.7441
18.8598
18.3805
)
;
    }
    walls
    {
        type            calculated;
        value           uniform 0;
    }
    frontAndBack
    {
        type            empty;
    }
}


// ************************************************************************* //
