/*--------------------------------*- C++ -*----------------------------------*\
| =========                 |                                                 |
| \\      /  F ield         | OpenFOAM: The Open Source CFD Toolbox           |
|  \\    /   O peration     | Version:  2412                                  |
|   \\  /    A nd           | Website:  www.openfoam.com                      |
|    \\/     M anipulation  |                                                 |
\*---------------------------------------------------------------------------*/
FoamFile
{
    version     2.0;
    format      ascii;
    arch        "LSB;label=32;scalar=64";
    class       surfaceScalarField;
    location    "100";
    object      phi;
}
// * * * * * * * * * * * * * * * * * * * * * * * * * * * * * * * * * * * * * //

dimensions      [0 3 -1 0 0 0 0];

oriented        oriented;

internalField   nonuniform List<scalar> 
21254
(
-0.0606495
0.0837729
-0.0231232
0.108834
-0.025061
0.133823
-0.0249893
0.157943
-0.0241197
0.181694
-0.0237516
0.203563
-0.0218688
0.223358
-0.0197944
0.241384
-0.0180259
0.256879
-0.0154957
0.270384
-0.0135044
0.282013
-0.0116295
0.291644
-0.00963046
0.299645
-0.00800131
0.306079
-0.0064339
0.310845
-0.00476547
0.314096
-0.0032517
0.315586
-0.0014902
0.314863
0.000723848
0.31109
0.00377231
0.304053
0.00703786
0.293189
0.0108634
0.278873
0.014316
0.26163
0.0172438
0.24399
0.0176394
0.230105
0.0138852
0.222649
0.00745596
0.221042
0.00160743
0.222695
-0.00165265
0.224964
-0.00226921
0.226291
-0.00132658
0.225539
0.000752126
0.222196
0.00334397
0.216589
0.00560718
0.209172
0.00741764
0.200064
0.00910944
0.188711
0.0113546
0.173233
0.0154805
0.146635
0.0266021
0.116129
0.0305575
-0.036846
-0.0238036
-0.0118694
-0.0249764
0.0156018
-0.0274712
0.0450842
-0.0294824
0.0755387
-0.0304545
0.105584
-0.0300453
0.133163
-0.0275792
0.15694
-0.0237766
0.176879
-0.0199393
0.19249
-0.0156106
0.204156
-0.0116657
0.212827
-0.00867159
0.21916
-0.00633256
0.223628
-0.00446816
0.227097
-0.00346943
0.229731
-0.00263344
0.232
-0.00226907
0.234021
-0.002021
0.236051
-0.00202989
0.238104
-0.00205385
0.240289
-0.00218511
0.242484
-0.0021946
0.244518
-0.00203443
0.245501
-0.000983194
0.24515
0.000350892
0.243946
0.0012038
0.242322
0.00162414
0.240726
0.00159561
0.239067
0.00165896
0.237104
0.00196276
0.234514
0.00258983
0.231102
0.0034115
0.226771
0.00433
0.221511
0.00525954
0.215172
0.00633873
0.20725
0.00792109
0.19624
0.0110092
0.175623
0.0206091
0.144418
0.0312107
-0.0572729
0.0794099
-0.0452601
0.102508
-0.0481596
0.127446
-0.0499272
0.151461
-0.0481341
0.175472
-0.0477626
0.198789
-0.0451856
0.220718
-0.0417238
0.241405
-0.0387122
0.260486
-0.0345769
0.277893
-0.0309113
0.293636
-0.0273723
0.307707
-0.0237018
0.320183
-0.0204771
0.331137
-0.0173882
0.340617
-0.0142452
0.348533
-0.0111675
0.35495
-0.00790774
0.360544
-0.0048698
0.365401
-0.00108469
0.36975
0.00268857
0.372993
0.00762062
0.374863
0.0124461
0.374591
0.0175165
0.371749
0.0204813
0.366131
0.0195037
0.356906
0.0166805
0.344359
0.0141547
0.329929
0.0127775
0.314585
0.013075
0.299293
0.0139656
0.285113
0.0149326
0.272669
0.0157886
0.261547
0.0167293
0.250963
0.0180026
0.240046
0.0200276
0.227718
0.0236842
0.213178
0.0300231
0.188104
0.0516802
0.149896
0.0688026
-0.0350127
-0.0460638
-0.0108162
-0.0491727
0.0175146
-0.055802
0.046016
-0.0579837
0.0748304
-0.059269
0.103532
-0.0587469
0.130735
-0.0547823
0.155069
-0.0481103
0.176434
-0.0413042
0.194663
-0.0338394
0.209643
-0.0266462
0.221921
-0.0209498
0.231962
-0.0163729
0.240011
-0.012518
0.246677
-0.0101351
0.252257
-0.00821376
0.257045
-0.007057
0.261362
-0.00633757
0.265446
-0.00611394
0.269345
-0.0059532
0.2732
-0.00603998
0.277034
-0.00602901
0.280714
-0.00571401
0.283675
-0.00394473
0.285686
-0.00166084
0.286832
5.78453e-05
0.286615
0.00184148
0.284833
0.00337655
0.281645
0.00484686
0.277361
0.00624664
0.272332
0.007619
0.26687
0.00887219
0.26107
0.0101298
0.254907
0.0114222
0.248182
0.0130624
0.240407
0.0156957
0.231189
0.0202257
0.214718
0.037073
0.183938
0.0619951
-0.0554846
0.0783261
-0.0681016
0.101987
-0.0718207
0.128046
-0.075986
0.152592
-0.0726805
0.176909
-0.0720792
0.200906
-0.0691829
0.223295
-0.064112
0.244367
-0.0597845
0.26372
-0.0539303
0.281352
-0.048543
0.297274
-0.0432942
0.311531
-0.0379592
0.323945
-0.0328904
0.334793
-0.0282362
0.343783
-0.0232361
0.351302
-0.0186859
0.357015
-0.0136205
0.361128
-0.00898346
0.363443
-0.00339913
0.364293
0.00183879
0.364073
0.00784068
0.363216
0.0133024
0.362182
0.0185514
0.361014
0.0216493
0.359549
0.0209683
0.35719
0.0190398
0.353597
0.017748
0.348917
0.0174573
0.343074
0.0189179
0.335659
0.0213809
0.326409
0.0241832
0.315333
0.0268647
0.302801
0.0292618
0.289327
0.0314775
0.275171
0.0341844
0.259837
0.0390192
0.24246
0.0474014
0.216106
0.0780375
0.177944
0.106992
-0.0328599
-0.0686884
-0.00883901
-0.0731937
0.0194885
-0.0841294
0.048067
-0.0865623
0.0771683
-0.0883703
0.106504
-0.0880827
0.134361
-0.0826389
0.159385
-0.0731344
0.181248
-0.0631677
0.199966
-0.0525571
0.215524
-0.0422041
0.228211
-0.0336365
0.238532
-0.0266945
0.246902
-0.0208873
0.253707
-0.0169403
0.259399
-0.0139061
0.264265
-0.0119227
0.2686
-0.0106722
0.272592
-0.0101069
0.276389
-0.0097494
0.280162
-0.00981353
0.28386
-0.00972735
0.287286
-0.00913953
0.290054
-0.0067131
0.291811
-0.00341855
0.292764
-0.000894993
0.293057
0.00154869
0.292732
0.00370061
0.291857
0.00572247
0.290353
0.00774998
0.28817
0.00980229
0.285172
0.0118698
0.281304
0.0139973
0.276451
0.016275
0.270488
0.0190241
0.262962
0.0232211
0.253286
0.0299012
0.236842
0.0535116
0.208455
0.0903852
-0.054365
0.0778487
-0.0915852
0.101993
-0.0959648
0.128966
-0.10296
0.154008
-0.0977222
0.178947
-0.0970179
0.203549
-0.0937848
0.226674
-0.0872371
0.248402
-0.0815131
0.268749
-0.0742772
0.28743
-0.0672237
0.30456
-0.0604241
0.320083
-0.0534826
0.333976
-0.0467828
0.346235
-0.0404958
0.357044
-0.0340445
0.366156
-0.0277976
0.373692
-0.0211567
0.379439
-0.0147309
0.383664
-0.00762338
0.386131
-0.000628449
0.386772
0.00719983
0.385672
0.0144025
0.382987
0.0212362
0.379303
0.0253333
0.37513
0.0251413
0.370581
0.0235892
0.365525
0.0228045
0.360199
0.022783
0.354733
0.024384
0.349054
0.0270607
0.343024
0.0302138
0.336247
0.0336416
0.328195
0.0373149
0.318279
0.0413937
0.306065
0.0463999
0.290946
0.0541397
0.272247
0.0661035
0.244268
0.10602
0.205397
0.145889
-0.0312027
-0.0918508
-0.00690203
-0.0974943
0.0221726
-0.113204
0.051327
-0.115717
0.080951
-0.117994
0.110855
-0.117987
0.139289
-0.111073
0.164703
-0.0985476
0.186942
-0.0854071
0.206211
-0.0718265
0.22242
-0.0584127
0.23593
-0.0471461
0.247207
-0.037972
0.256605
-0.0302852
0.264551
-0.0248864
0.271259
-0.0206139
0.277151
-0.0178146
0.282392
-0.0159131
0.287241
-0.0149562
0.291815
-0.0143231
0.29621
-0.0142094
0.300466
-0.013983
0.30447
-0.0131437
0.307816
-0.0100589
0.310222
-0.00582555
0.311785
-0.00245816
0.312523
0.000811008
0.31246
0.00376364
0.311633
0.0065487
0.310114
0.00926843
0.307926
0.0119904
0.305062
0.0147334
0.301466
0.0175925
0.29704
0.0207006
0.291529
0.0245341
0.284363
0.0303862
0.274638
0.0396242
0.258004
0.0701394
0.229906
0.118487
-0.0538367
0.0782138
-0.115962
0.103251
-0.121002
0.131526
-0.131234
0.157306
-0.123502
0.183053
-0.122765
0.208499
-0.119231
0.232258
-0.110996
0.254644
-0.103899
0.275744
-0.095377
0.295016
-0.0864959
0.312767
-0.0781747
0.328899
-0.0696145
0.343563
-0.0614465
0.356512
-0.0534451
0.367805
-0.0453374
0.377419
-0.0374117
0.385379
-0.0291169
0.39165
-0.0210011
0.396019
-0.0119923
0.398675
-0.00328469
0.399597
0.00627791
0.398944
0.0150554
0.39692
0.0232603
0.393789
0.0284648
0.389903
0.0290273
0.385325
0.0281671
0.379991
0.0281384
0.374118
0.0286558
0.367872
0.0306304
0.361346
0.0335871
0.354572
0.0369879
0.347584
0.04063
0.340322
0.0445773
0.332509
0.0492073
0.323553
0.0553568
0.312277
0.0654159
0.296809
0.0815737
0.27104
0.131791
0.232465
0.184484
-0.0297975
-0.11589
-0.00487783
-0.122414
0.0253069
-0.143389
0.0553771
-0.145787
0.085899
-0.148516
0.116777
-0.148865
0.146088
-0.140384
0.172124
-0.124584
0.194897
-0.108181
0.214711
-0.0916404
0.231365
-0.0750668
0.245392
-0.061173
0.257252
-0.0498314
0.267212
-0.0402461
0.275699
-0.0333726
0.283016
-0.0279313
0.289375
-0.0241737
0.295004
-0.0215425
0.300148
-0.0200999
0.304952
-0.0191272
0.309491
-0.0187478
0.313792
-0.0182842
0.317777
-0.0171296
0.321103
-0.0133848
0.32348
-0.00820276
0.324975
-0.00395313
0.325639
0.000146609
0.325538
0.00386509
0.324704
0.0073826
0.323181
0.0107913
0.32101
0.0141604
0.318238
0.0175054
0.314844
0.0209859
0.31076
0.0247849
0.305872
0.029421
0.299642
0.0366165
0.291183
0.0480821
0.276364
0.0849552
0.249582
0.14527
-0.0536067
0.0790226
-0.141378
0.105166
-0.147146
0.134768
-0.160836
0.161529
-0.150263
0.188133
-0.149369
0.214567
-0.145666
0.23899
-0.135419
0.262154
-0.127063
0.28383
-0.117053
0.303782
-0.106447
0.322273
-0.0966661
0.33914
-0.0864819
0.354497
-0.0768032
0.368326
-0.0672745
0.380482
-0.0574936
0.391157
-0.048086
0.400037
-0.0379967
0.40716
-0.0281245
0.412601
-0.017433
0.416216
-0.00689943
0.418006
0.00448789
0.418112
0.014949
0.416628
0.0247452
0.413862
0.0312305
0.410171
0.0327179
0.405681
0.0326579
0.400339
0.03348
0.394301
0.0346944
0.387718
0.037213
0.380617
0.0406894
0.373044
0.0445612
0.364971
0.048703
0.356423
0.0531266
0.347379
0.0582513
0.337743
0.0649942
0.326903
0.0762577
0.31381
0.0946702
0.292599
0.153006
0.256747
0.220356
-0.0285678
-0.140929
-0.00276964
-0.148212
0.0287885
-0.174947
0.0600421
-0.17704
0.0916917
-0.180166
0.123719
-0.180892
0.154071
-0.170735
0.180875
-0.151387
0.204227
-0.131533
0.224505
-0.111918
0.24159
-0.0921514
0.255981
-0.0755647
0.26826
-0.0621097
0.278749
-0.0507352
0.28778
-0.0424034
0.295645
-0.0357972
0.302545
-0.0310733
0.308759
-0.0277565
0.314423
-0.0257638
0.319703
-0.0244075
0.3247
-0.0237446
0.329415
-0.0229993
0.333763
-0.0214785
0.337532
-0.0171536
0.340348
-0.0110193
0.342232
-0.00583726
0.343285
-0.000906096
0.343472
0.00367749
0.342832
0.00802282
0.341395
0.0122278
0.339199
0.0163564
0.336258
0.0204453
0.332565
0.0246787
0.328117
0.0292323
0.322716
0.0348206
0.31599
0.0433413
0.307113
0.0569575
0.293074
0.0989902
0.267532
0.170814
-0.0536128
0.0802804
-0.168046
0.107558
-0.174423
0.138677
-0.191955
0.166596
-0.178181
0.194302
-0.177075
0.221736
-0.1731
0.247077
-0.16076
0.270928
-0.150914
0.293344
-0.139469
0.313935
-0.127038
0.332982
-0.115713
0.350547
-0.104047
0.366525
-0.0927809
0.380975
-0.0817248
0.393887
-0.0704061
0.405103
-0.0593013
0.414697
-0.0475912
0.42253
-0.0359572
0.428578
-0.0234805
0.432763
-0.0110847
0.435105
0.00214581
0.435676
0.0143785
0.434755
0.0256662
0.432472
0.033513
0.429182
0.0360079
0.424996
0.0368443
0.419896
0.0385798
0.414018
0.0405729
0.40755
0.0436808
0.400488
0.0477511
0.39283
0.0522192
0.38454
0.056993
0.375554
0.062113
0.365733
0.0680731
0.354978
0.0757492
0.342813
0.088424
0.328818
0.108666
0.309837
0.17199
0.276763
0.253445
-0.0274011
-0.167141
-0.000524024
-0.175089
0.0325694
-0.208041
0.0652061
-0.209677
0.0982027
-0.213162
0.131597
-0.214287
0.163161
-0.202299
0.190897
-0.179124
0.214937
-0.155573
0.235727
-0.132708
0.253241
-0.109666
0.267985
-0.0903085
0.280626
-0.0747513
0.291507
-0.0616155
0.300958
-0.0518551
0.309249
-0.0440876
0.316645
-0.0384693
0.323297
-0.0344089
0.329383
-0.0318494
0.335017
-0.0300417
0.340301
-0.0290284
0.345235
-0.0279333
0.349788
-0.0260315
0.353668
-0.0210343
0.356671
-0.0140225
0.358721
-0.00788717
0.35985
-0.00203526
0.360119
0.00340783
0.359528
0.00861436
0.358152
0.0136036
0.355986
0.0185224
0.353079
0.0233515
0.349412
0.0283457
0.344892
0.033752
0.339405
0.0403074
0.332463
0.0502835
0.323168
0.0662516
0.309286
0.11287
0.284699
0.195402
-0.0537542
0.0817594
-0.196051
0.110396
-0.20306
0.143165
-0.224724
0.172295
-0.207311
0.201215
-0.205996
0.229801
-0.201685
0.25605
-0.187009
0.280843
-0.175707
0.30393
-0.162556
0.325184
-0.148292
0.344939
-0.135468
0.363081
-0.122188
0.379644
-0.109345
0.394737
-0.0968175
0.408281
-0.0839497
0.420215
-0.0712352
0.430515
-0.0578915
0.439095
-0.0445377
0.445838
-0.0302225
0.450731
-0.0159778
0.453798
-0.0009211
0.455044
0.0131331
0.454628
0.0260823
0.452815
0.0353258
0.449829
0.0389943
0.445836
0.0408372
0.440871
0.0435442
0.435037
0.046408
0.428492
0.050226
0.421339
0.0549036
0.413524
0.060035
0.40506
0.0654572
0.395825
0.0713492
0.385717
0.0781817
0.37443
0.0870374
0.361433
0.101422
0.345862
0.12424
0.326445
0.19141
0.294532
0.285375
-0.0262643
-0.194631
0.00182607
-0.20318
0.0366285
-0.242843
0.0708187
-0.243867
0.105327
-0.24767
0.14025
-0.24921
0.17319
-0.235239
0.201955
-0.207889
0.226797
-0.180415
0.248228
-0.154139
0.266143
-0.127581
0.281211
-0.105376
0.294154
-0.0876942
0.305342
-0.072803
0.315086
-0.0615988
0.323791
-0.0527927
0.331556
-0.0462347
0.338616
-0.0414691
0.345088
-0.0383217
0.351108
-0.0360615
0.35672
-0.0346406
0.361994
-0.033207
0.36684
-0.0308776
0.371051
-0.0252454
0.374368
-0.01734
0.376726
-0.010246
0.378149
-0.00345779
0.378663
0.00289308
0.378252
0.00902539
0.376962
0.0148932
0.374841
0.0206435
0.371879
0.0263132
0.368086
0.0321377
0.363386
0.0384511
0.357603
0.0460899
0.350313
0.0575723
0.340529
0.0760338
0.326347
0.127049
0.302457
0.219292
-0.0540531
0.0834877
-0.225486
0.113573
-0.233145
0.148077
-0.259228
0.178579
-0.237814
0.208883
-0.236299
0.238767
-0.231569
0.266128
-0.21437
0.291778
-0.201357
0.315771
-0.186549
0.337703
-0.170224
0.358013
-0.155779
0.376753
-0.140927
0.393923
-0.126515
0.409591
-0.112486
0.423729
-0.098088
0.436329
-0.0838352
0.447261
-0.068823
0.456454
-0.0537304
0.463841
-0.0376101
0.469353
-0.0214893
0.473009
-0.0045774
0.474844
0.0112986
0.474969
0.0259567
0.473607
0.0366884
0.471011
0.0415901
0.467301
0.0445474
0.462502
0.0483433
0.456755
0.0521545
0.450232
0.0567498
0.44298
0.0621555
0.435019
0.0679961
0.426339
0.0741366
0.416862
0.0808273
0.406442
0.088602
0.394812
0.0986677
0.381399
0.114835
0.364955
0.140685
0.344523
0.211843
0.312875
0.317033
-0.0251259
-0.223558
0.00432422
-0.23263
0.0409575
-0.279476
0.0768405
-0.27975
0.113025
-0.283855
0.14962
-0.285805
0.184072
-0.269691
0.214063
-0.23788
0.239791
-0.206143
0.261895
-0.176242
0.280306
-0.145992
0.295707
-0.120778
0.30892
-0.100907
0.320362
-0.0842446
0.330402
-0.0716387
0.339367
-0.061758
0.347513
-0.0543811
0.354906
-0.0488618
0.361723
-0.0451385
0.368083
-0.042422
0.374052
-0.0406092
0.37958
-0.0387351
0.384681
-0.0359784
0.389147
-0.0297114
0.39274
-0.0209338
0.395317
-0.0128227
0.396947
-0.00508831
0.397598
0.0022416
0.397326
0.00929797
0.396128
0.016091
0.394035
0.0227357
0.391081
0.0292677
0.387224
0.0359947
0.38242
0.0432549
0.376484
0.0520254
0.36896
0.0650967
0.358819
0.0861742
0.344448
0.141419
0.321269
0.242471
-0.0544008
0.0854181
-0.256503
0.117065
-0.264791
0.153459
-0.295623
0.18546
-0.269815
0.217129
-0.267967
0.248446
-0.262887
0.276945
-0.242869
0.303648
-0.228059
0.328538
-0.211439
0.351223
-0.192909
0.372228
-0.176784
0.391628
-0.160327
0.409333
-0.14422
0.425534
-0.128687
0.440298
-0.112852
0.453429
-0.0969661
0.464958
-0.0803526
0.474757
-0.0635291
0.482805
-0.0456585
0.488996
-0.0276801
0.49323
-0.00881072
0.495671
0.008858
0.496355
0.0252725
0.495492
0.0375516
0.49327
0.043812
0.489799
0.0480187
0.485207
0.0529351
0.47959
0.0577717
0.473043
0.0632975
0.465724
0.0694747
0.457606
0.0761144
0.448669
0.0830738
0.43887
0.0906267
0.428086
0.0993868
0.41605
0.110705
0.402183
0.128703
0.385249
0.157621
0.364124
0.232971
0.33281
0.34836
-0.0239937
-0.253965
0.0069397
-0.263563
0.0455496
-0.318086
0.0832793
-0.31748
0.12127
-0.321846
0.159706
-0.32424
0.195809
-0.305795
0.227103
-0.269174
0.253865
-0.232905
0.276737
-0.199114
0.295677
-0.164932
0.311453
-0.136554
0.324946
-0.114399
0.336584
-0.0958827
0.346848
-0.0819026
0.35609
-0.0710009
0.36446
-0.0627505
0.372158
-0.0565603
0.379312
-0.0522926
0.385983
-0.049093
0.392203
-0.046829
0.398054
-0.0445861
0.403442
-0.0413668
0.408185
-0.0344542
0.412059
-0.0248083
0.414942
-0.0157053
0.416805
-0.00695218
0.417696
0.00135101
0.417585
0.00940835
0.416504
0.0171722
0.414488
0.0247513
0.411507
0.0322485
0.407589
0.0399118
0.402647
0.0481966
0.396485
0.058186
0.388654
0.0729272
0.37819
0.0966365
0.36366
0.155947
0.341178
0.264953
-0.0548574
0.0875191
-0.289164
0.12081
-0.298082
0.159187
-0.334
0.19283
-0.303458
0.226107
-0.301244
0.258924
-0.295704
0.288636
-0.272581
0.316506
-0.255929
0.342376
-0.237309
0.365912
-0.216445
0.38762
-0.198492
0.407574
-0.180281
0.425904
-0.162551
0.442739
-0.145521
0.457962
-0.128074
0.471684
-0.110688
0.48378
-0.0924493
0.4942
-0.0739483
0.502805
-0.0542634
0.509576
-0.0344513
0.514436
-0.0136705
0.517398
0.00589556
0.518607
0.0240634
0.518219
0.0379397
0.516398
0.0456337
0.513282
0.0511342
0.508913
0.0573041
0.503396
0.0632892
0.496928
0.0697652
0.489526
0.0768772
0.481265
0.0843758
0.472125
0.0922136
0.462028
0.100723
0.450855
0.110561
0.438333
0.123226
0.423949
0.143087
0.406506
0.175065
0.385022
0.254457
0.354244
0.379146
-0.0228067
-0.286016
0.00970399
-0.296074
0.0504153
-0.358798
0.0901216
-0.357187
0.130068
-0.361792
0.170458
-0.36463
0.208357
-0.343694
0.241103
-0.301919
0.268972
-0.260774
0.292725
-0.222867
0.312265
-0.184472
0.328421
-0.152711
0.342196
-0.128174
0.354076
-0.107763
0.364539
-0.0923654
0.373946
-0.080408
0.382555
-0.0713596
0.390498
-0.0645028
0.397896
-0.0596905
0.404846
-0.0560432
0.411399
-0.0533822
0.417526
-0.0507132
0.423153
-0.0469938
0.428189
-0.0394902
0.432342
-0.0289613
0.435487
-0.0188511
0.437614
-0.00907912
0.438699
0.000265954
0.438769
0.00933862
0.437799
0.0181414
0.435823
0.026728
0.432874
0.0351971
0.428892
0.0438938
0.423836
0.0532521
0.417478
0.064544
0.4094
0.0810059
0.398608
0.107428
0.383967
0.170589
0.362242
0.286676
-0.0553381
0.0897882
-0.323614
0.124864
-0.333158
0.165337
-0.374473
0.200683
-0.338804
0.235619
-0.33618
0.270054
-0.330139
0.301227
-0.303753
0.330271
-0.284974
0.357212
-0.26425
0.381622
-0.240855
0.404134
-0.221004
0.42483
-0.200977
0.443699
-0.181421
0.461052
-0.162874
0.476875
-0.143898
0.491136
-0.124948
0.503751
-0.105065
0.514683
-0.0848803
0.523853
-0.0634327
0.531202
-0.0418
0.536649
-0.019118
0.540194
0.00235085
0.541932
0.0223257
0.54201
0.037862
0.540576
0.0470678
0.53778
0.0539307
0.533653
0.0614311
0.528323
0.0686187
0.521892
0.0761962
0.514476
0.0842936
0.506092
0.0927605
0.496732
0.101574
0.486369
0.111087
0.474818
0.122112
0.461831
0.136214
0.446895
0.158024
0.42887
0.193092
0.40704
0.27629
0.376947
0.409248
-0.0215805
-0.319773
0.0126446
-0.330299
0.0555675
-0.401721
0.097374
-0.398993
0.139408
-0.403826
0.181896
-0.407118
0.221737
-0.383535
0.256033
-0.336215
0.285143
-0.289884
0.309843
-0.247567
0.330032
-0.204661
0.346641
-0.169319
0.360743
-0.142277
0.37281
-0.11983
0.383437
-0.102993
0.393036
-0.0900063
0.401797
-0.0801208
0.40995
-0.0726561
0.417593
-0.0673331
0.424785
-0.0632352
0.431585
-0.0601829
0.437959
-0.0570873
0.443893
-0.052927
0.449199
-0.0447972
0.453644
-0.0334062
0.457073
-0.0222799
0.459447
-0.0114537
0.460776
-0.00106283
0.461003
0.00911091
0.460182
0.0189621
0.458291
0.0286189
0.455344
0.0381439
0.451331
0.0479062
0.446135
0.0584472
0.439594
0.0710847
0.431242
0.089357
0.420141
0.118527
0.405443
0.185285
0.384471
0.307649
-0.055904
0.0921854
-0.359896
0.129153
-0.370125
0.171846
-0.417167
0.209066
-0.376024
0.245806
-0.37292
0.281962
-0.366295
0.314602
-0.336394
0.344992
-0.315364
0.373045
-0.292303
0.398429
-0.266238
0.421765
-0.244341
0.443162
-0.222373
0.46273
-0.200989
0.48068
-0.180824
0.497021
-0.16024
0.511769
-0.139696
0.524921
-0.118217
0.53641
-0.0963687
0.546122
-0.0731452
0.553958
-0.049636
0.55995
-0.0251092
0.564003
-0.0017028
0.566241
0.020088
0.566807
0.0372957
0.565837
0.0480386
0.563365
0.0564022
0.559518
0.0652779
0.554353
0.0737845
0.548003
0.0825456
0.540584
0.0917129
0.532113
0.101231
0.522571
0.111116
0.511911
0.121746
0.499992
0.134032
0.486556
0.149651
0.471079
0.1735
0.452506
0.211666
0.430306
0.298491
0.400881
0.438678
-0.0202801
-0.355397
0.015725
-0.366304
0.0610141
-0.44701
0.105071
-0.44305
0.149322
-0.448077
0.194059
-0.451855
0.235936
-0.425413
0.271919
-0.372197
0.302354
-0.320319
0.328093
-0.273306
0.349042
-0.225611
0.366159
-0.186436
0.380573
-0.156691
0.3929
-0.132157
0.403664
-0.113756
0.413388
-0.0997309
0.422308
-0.089041
0.43064
-0.0809877
0.438466
-0.0751587
0.445873
-0.0706431
0.452893
-0.0672023
0.459526
-0.0637205
0.465713
-0.0591142
0.471311
-0.0503955
0.476029
-0.0381237
0.479737
-0.0259882
0.482373
-0.0140906
0.483904
-0.0025936
0.484337
0.00867807
0.483656
0.0196426
0.48186
0.0304156
0.478954
0.0410492
0.474894
0.0519662
0.469601
0.0637401
0.462864
0.0778219
0.454284
0.0979368
0.442905
0.129906
0.428119
0.20007
0.40792
0.327848
-0.056478
0.0947433
-0.398161
0.133713
-0.409095
0.178771
-0.462225
0.217947
-0.415199
0.256563
-0.411535
0.294559
-0.404291
0.328799
-0.370634
0.36059
-0.347154
0.389899
-0.321612
0.416313
-0.292652
0.44059
-0.268618
0.462754
-0.244537
0.482992
-0.221227
0.501551
-0.199383
0.518381
-0.177069
0.53369
-0.155005
0.547357
-0.131884
0.559334
-0.108346
0.569575
-0.083386
0.577968
-0.058029
0.584453
-0.0315937
0.589033
-0.00628226
0.591773
0.0173477
0.592788
0.0362812
0.592209
0.0486175
0.590087
0.0585244
0.586537
0.0688283
0.58159
0.0787318
0.575347
0.0887886
0.567933
0.0991269
0.559368
0.109796
0.549661
0.120823
0.538722
0.132686
0.526469
0.146286
0.512592
0.163528
0.496598
0.189496
0.477436
0.230829
0.454922
0.321008
0.42612
0.467486
-0.0189543
-0.392921
0.0190154
-0.404274
0.0667739
-0.494768
0.113193
-0.489468
0.159823
-0.494708
0.206917
-0.498948
0.250998
-0.469494
0.288792
-0.409992
0.320661
-0.352187
0.347536
-0.300182
0.369283
-0.247358
0.386933
-0.204086
0.401746
-0.171504
0.414295
-0.144706
0.425244
-0.124704
0.435118
-0.109605
0.444162
-0.0980856
0.452589
-0.0894143
0.460567
-0.0831374
0.468172
-0.0782473
0.475395
-0.0744257
0.482251
-0.0705767
0.488694
-0.0655573
0.494552
-0.056254
0.499546
-0.0431181
0.503529
-0.0299712
0.506429
-0.0169902
0.508211
-0.0043767
0.508845
0.00804441
0.508318
0.0201696
0.506616
0.0321173
0.503737
0.0439274
0.499658
0.0560449
0.494264
0.0691334
0.487355
0.0847307
0.478536
0.106755
0.466912
0.141529
0.45212
0.214862
0.432652
0.347315
-0.0570874
0.0974656
-0.438539
0.138539
-0.450169
0.186079
-0.509765
0.227315
-0.456435
0.267955
-0.452176
0.307952
-0.444289
0.343846
-0.406528
0.377142
-0.38045
0.407839
-0.352309
0.435397
-0.320211
0.460613
-0.293834
0.483624
-0.267547
0.504523
-0.242126
0.523713
-0.218573
0.541201
-0.194557
0.557019
-0.170823
0.571199
-0.146063
0.583655
-0.120802
0.594319
-0.0940505
0.603193
-0.0669021
0.610192
-0.0385934
0.615226
-0.0113156
0.618439
0.0141346
0.619911
0.0348091
0.619753
0.0487752
0.618029
0.0602485
0.614741
0.0721172
0.610016
0.0834568
0.603937
0.0948672
0.596554
0.10651
0.587935
0.118415
0.578056
0.130702
0.566901
0.14384
0.554297
0.15889
0.539968
0.177857
0.523471
0.205992
0.503813
0.250487
0.480951
0.34387
0.452791
0.49565
-0.0175205
-0.432488
0.0224523
-0.444247
0.072853
-0.545169
0.121795
-0.538411
0.170909
-0.543821
0.22054
-0.548579
0.26693
-0.515885
0.306635
-0.449697
0.340058
-0.38561
0.368163
-0.328287
0.390801
-0.269996
0.409077
-0.222361
0.424286
-0.186712
0.437131
-0.157551
0.448232
-0.135806
0.458228
-0.1196
0.467362
-0.10722
0.475908
-0.0979596
0.484006
-0.091236
0.491745
-0.085986
0.499156
-0.081837
0.506238
-0.0776591
0.51292
-0.0722391
0.519019
-0.062353
0.524307
-0.0484062
0.528557
-0.0342215
0.531717
-0.0201505
0.533726
-0.00638564
0.534566
0.00720461
0.534186
0.020549
0.532604
0.0336996
0.529794
0.0467376
0.52568
0.060159
0.520213
0.0745997
0.513149
0.0917953
0.504109
0.115795
0.49227
0.153367
0.477444
0.229689
0.458737
0.36602
-0.0577505
0.10034
-0.481128
0.143624
-0.493453
0.193786
-0.559927
0.237192
-0.499841
0.280009
-0.494992
0.322082
-0.486362
0.359773
-0.444219
0.394718
-0.415395
0.426811
-0.384403
0.455548
-0.348947
0.481813
-0.320099
0.505733
-0.291467
0.527465
-0.263858
0.547303
-0.238411
0.565354
-0.212609
0.58171
-0.187179
0.59638
-0.160733
0.609321
-0.133744
0.620522
-0.105251
0.629843
-0.0762235
0.637269
-0.0460192
0.6428
-0.0168463
0.646436
0.0104982
0.648328
0.0329175
0.648565
0.0485381
0.647199
0.0616148
0.644248
0.0750682
0.639763
0.0879423
0.633823
0.100808
0.626497
0.113836
0.617848
0.127065
0.607851
0.140698
0.596441
0.15525
0.583508
0.171825
0.568775
0.192591
0.551815
0.222953
0.531649
0.270654
0.508489
0.367032
0.480961
0.523182
-0.0160088
-0.474229
0.0261248
-0.48638
0.0792954
-0.598339
0.130878
-0.589993
0.182644
-0.595588
0.234945
-0.60088
0.283801
-0.564741
0.325557
-0.491452
0.360621
-0.420674
0.390017
-0.357682
0.413628
-0.293607
0.432558
-0.241292
0.448266
-0.20242
0.461373
-0.170659
0.472708
-0.147141
0.482794
-0.129686
0.492038
-0.116464
0.500654
-0.106576
0.508855
-0.0994368
0.516722
-0.0938536
0.524266
-0.0893811
0.531524
-0.0849164
0.538429
-0.0791442
0.544824
-0.0687485
0.550349
-0.0539315
0.554858
-0.0387303
0.558273
-0.023566
0.560522
-0.00863479
0.561573
0.00615333
0.561378
0.0207434
0.559914
0.0351636
0.557142
0.0495091
0.55305
0.0642506
0.547498
0.0801518
0.540294
0.0989989
0.531057
0.125032
0.519018
0.165405
0.504223
0.244483
0.486279
0.383964
-0.0584221
0.103321
-0.526028
0.148984
-0.539116
0.201901
-0.612845
0.247643
-0.545583
0.292717
-0.540066
0.336975
-0.530619
0.376611
-0.483855
0.413264
-0.452047
0.446869
-0.418008
0.476917
-0.378996
0.50435
-0.347532
0.529198
-0.316315
0.551744
-0.286405
0.572315
-0.258982
0.590973
-0.231267
0.607895
-0.204101
0.623073
-0.175911
0.636515
-0.147186
0.648131
-0.116866
0.657925
-0.0860176
0.665784
-0.0538789
0.671711
-0.0227725
0.675795
0.00641419
0.678085
0.0306271
0.678733
0.0478903
0.67772
0.0626281
0.675079
0.0777093
0.670848
0.0921739
0.665067
0.106589
0.657838
0.121064
0.649171
0.135732
0.639066
0.150803
0.627455
0.166862
0.614212
0.185067
0.599099
0.207703
0.581644
0.240408
0.561054
0.291244
0.537639
0.390448
0.510691
0.550132
-0.0144044
-0.518247
0.0299965
-0.530781
0.0860727
-0.654416
0.140479
-0.644399
0.195038
-0.650147
0.250141
-0.655984
0.301622
-0.616221
0.34555
-0.535381
0.38237
-0.457495
0.41318
-0.388492
0.43781
-0.318237
0.457483
-0.260964
0.473673
-0.21861
0.487153
-0.184139
0.498657
-0.158644
0.508919
-0.139948
0.518225
-0.125771
0.52693
-0.115281
0.535196
-0.107703
0.543151
-0.101809
0.550849
-0.0970793
0.558258
-0.0923251
0.565365
-0.0862516
0.571956
-0.0753392
0.577743
-0.0597185
0.582525
-0.0435132
0.586189
-0.0272299
0.58869
-0.0111357
0.58994
0.00490272
0.589923
0.0207606
0.588586
0.0365002
0.585909
0.0521867
0.581811
0.0683487
0.576189
0.0857736
0.568867
0.106321
0.559445
0.134455
0.547274
0.177575
0.532499
0.259259
0.51528
0.401182
-0.059138
0.106497
-0.573386
0.154653
-0.587272
0.210435
-0.668626
0.258679
-0.593826
0.306113
-0.5875
0.352725
-0.577231
0.394363
-0.525494
0.432855
-0.490539
0.468101
-0.453254
0.499543
-0.410438
0.52811
-0.376099
0.55404
-0.342244
0.577433
-0.309798
0.598757
-0.280305
0.618138
-0.250648
0.635618
-0.221581
0.651335
-0.191628
0.665248
-0.161098
0.677352
-0.12897
0.687549
-0.096215
0.695816
-0.0621455
0.702186
-0.0291427
0.706617
0.00198271
0.709297
0.0279472
0.710297
0.0468908
0.70963
0.0632953
0.707318
0.0800214
0.703351
0.0961408
0.697796
0.112144
0.690657
0.128204
0.681997
0.144393
0.671795
0.161006
0.659994
0.178662
0.646483
0.198579
0.630959
0.223227
0.613097
0.25827
0.592091
0.312251
0.568414
0.414126
0.542072
0.576477
-0.0127215
-0.564664
0.0340892
-0.577592
0.093263
-0.71359
0.150611
-0.701747
0.208127
-0.707663
0.26622
-0.714077
0.320433
-0.670433
0.366667
-0.581614
0.405356
-0.496184
0.437683
-0.420819
0.463424
-0.343978
0.483873
-0.281413
0.500635
-0.235372
0.514462
-0.197966
0.526228
-0.17041
0.536608
-0.150328
0.546023
-0.135186
0.554777
-0.124035
0.563111
-0.116037
0.571131
-0.109828
0.578921
-0.10487
0.58648
-0.0998842
0.593781
-0.0935533
0.600603
-0.0821609
0.606628
-0.0657439
0.61164
-0.0485255
0.615542
-0.0311322
0.618262
-0.0138557
0.619741
0.00342386
0.619892
0.020609
0.618707
0.0376851
0.616094
0.0547994
0.612034
0.0724077
0.606389
0.0914183
0.598929
0.113781
0.58939
0.143993
0.577078
0.189886
0.5624
0.273936
0.545891
0.41769
-0.0598699
0.10982
-0.623336
0.16057
-0.638022
0.219462
-0.727519
0.270219
-0.644583
0.320235
-0.637516
0.36929
-0.626286
0.413124
-0.569328
0.453528
-0.530943
0.490486
-0.490212
0.5234
-0.443352
0.55331
-0.406009
0.5803
-0.369234
0.604672
-0.334169
0.626816
-0.30245
0.646877
-0.270708
0.664986
-0.23969
0.681232
-0.207875
0.695621
-0.175487
0.70814
-0.141489
0.71877
-0.106845
0.727466
-0.0708415
0.734161
-0.0358379
0.738967
-0.00282262
0.742013
0.0249008
0.743361
0.0455437
0.743068
0.0635877
0.741067
0.0820225
0.737355
0.0998527
0.731978
0.117521
0.724983
0.135199
0.716354
0.153021
0.706083
0.171276
0.694121
0.190624
0.680342
0.212358
0.664493
0.239076
0.646218
0.276545
0.62484
0.333628
0.600961
0.438005
0.575199
0.60224
-0.0109233
-0.61361
0.0384257
-0.626941
0.100841
-0.776005
0.161301
-0.762207
0.221937
-0.7683
0.283179
-0.775319
0.340316
-0.72757
0.388977
-0.630276
0.429654
-0.536861
0.463563
-0.454728
0.490498
-0.370913
0.511811
-0.302726
0.529183
-0.252744
0.543426
-0.212209
0.555436
-0.18242
0.565989
-0.16088
0.575485
-0.144683
0.584295
-0.132844
0.59267
-0.124412
0.600782
-0.11794
0.608628
-0.112716
0.616308
-0.107564
0.623761
-0.101006
0.630813
-0.0892129
0.637059
-0.07199
0.642286
-0.0537529
0.646441
-0.0352877
0.649387
-0.0168015
0.651049
0.00176141
0.651414
0.0202437
0.65036
0.0387392
0.647852
0.0573072
0.643804
0.0764563
0.638128
0.0970941
0.630609
0.1213
0.62093
0.153673
0.60856
0.202255
0.593955
0.288542
0.578161
0.433484
-0.0606371
0.113302
-0.676001
0.166816
-0.691536
0.228906
-0.789609
0.282455
-0.698133
0.335099
-0.690161
0.386795
-0.677982
0.432853
-0.615386
0.475328
-0.573418
0.514136
-0.529019
0.548645
-0.477862
0.579882
-0.437245
0.608102
-0.397455
0.633469
-0.359536
0.656483
-0.325464
0.677264
-0.29149
0.696048
-0.258473
0.712842
-0.224669
0.727721
-0.190366
0.740717
-0.154485
0.751733
-0.117861
0.760786
-0.0798936
0.767848
-0.0428997
0.772995
-0.00797022
0.776362
0.0215347
0.778049
0.0438566
0.778062
0.0635751
0.776363
0.0837212
0.772957
0.103259
0.767802
0.122677
0.760922
0.142079
0.752337
0.161606
0.742039
0.181574
0.729947
0.202717
0.715929
0.226376
0.699766
0.255239
0.681118
0.295194
0.659406
0.355341
0.635357
0.462056
0.610131
0.627468
-0.00900995
-0.665237
0.0430101
-0.678961
0.10886
-0.841855
0.172609
-0.825955
0.236529
-0.83222
0.301076
-0.839866
0.361293
-0.787786
0.412536
-0.681519
0.45532
-0.579645
0.490925
-0.490334
0.519133
-0.399121
0.54136
-0.324952
0.559387
-0.270771
0.574075
-0.226897
0.586369
-0.194714
0.597107
-0.171618
0.60671
-0.154287
0.615604
-0.141738
0.624013
-0.132821
0.63213
-0.126056
0.640071
-0.120657
0.64784
-0.115333
0.655467
-0.108633
0.66268
-0.0964261
0.66912
-0.0784307
0.674586
-0.0592191
0.678938
-0.0396401
0.6821
-0.0199634
0.683997
-0.000136435
0.684507
0.0197333
0.683605
0.0396409
0.681214
0.0596987
0.677236
0.0804341
0.671547
0.102783
0.663942
0.128905
0.654183
0.163431
0.641772
0.214665
0.627283
0.303031
0.612163
0.448603
-0.0613988
0.116956
-0.731558
0.173385
-0.747965
0.238884
-0.855108
0.29529
-0.754539
0.350777
-0.745647
0.405186
-0.73239
0.453682
-0.663882
0.498336
-0.618072
0.539083
-0.569766
0.575204
-0.513984
0.607939
-0.469981
0.637376
-0.426892
0.663831
-0.38599
0.687812
-0.349445
0.709389
-0.313067
0.728841
-0.277926
0.746247
-0.242075
0.76167
-0.205789
0.775083
-0.167899
0.786518
-0.129295
0.795907
-0.0892832
0.803303
-0.0502958
0.808812
-0.0134788
0.812392
0.0179545
0.814396
0.0418528
0.814732
0.0632398
0.813262
0.0851912
0.810192
0.106329
0.805251
0.127618
0.798551
0.148779
0.790032
0.170125
0.779722
0.191884
0.767514
0.214925
0.753296
0.240594
0.73684
0.271694
0.717877
0.314156
0.695891
0.377326
0.671681
0.486266
0.646982
0.652167
-0.00697752
-0.719659
0.0478696
-0.733808
0.117306
-0.911291
0.18454
-0.893189
0.251915
-0.899596
0.319974
-0.907925
0.383439
-0.85125
0.437393
-0.735473
0.4824
-0.624653
0.519812
-0.527745
0.549375
-0.428685
0.572579
-0.348155
0.591321
-0.289514
0.60649
-0.242066
0.619124
-0.207348
0.630057
-0.182551
0.639789
-0.164018
0.648717
-0.150667
0.657166
-0.141271
0.665342
-0.134231
0.673311
-0.128626
0.681189
-0.123211
0.688916
-0.11636
0.696304
-0.103814
0.702954
-0.0850811
0.708597
-0.0648622
0.713158
-0.0442006
0.716536
-0.0233422
0.718621
-0.00222176
0.719331
0.0190231
0.718585
0.040387
0.716306
0.0619773
0.712371
0.0843693
0.706694
0.10846
0.69907
0.136529
0.689227
0.173275
0.676832
0.22706
0.662493
0.31737
0.648002
0.463093
-0.0622163
0.12079
-0.790132
0.180287
-0.807462
0.249353
-0.924174
0.308814
-0.813999
0.367253
-0.804087
0.424582
-0.789719
0.475603
-0.714903
0.522585
-0.665054
0.565371
-0.612552
0.603315
-0.551928
0.63757
-0.504235
0.66837
-0.457692
0.695961
-0.413581
0.72087
-0.374354
0.743354
-0.33555
0.763516
-0.298088
0.781555
-0.260113
0.797498
-0.221732
0.811367
-0.181768
0.823183
-0.141112
0.832953
-0.099053
0.840622
-0.0579646
0.846388
-0.0192441
0.850294
0.0140487
0.852512
0.0396351
0.853172
0.0625798
0.852072
0.0862906
0.849237
0.109164
0.844546
0.132309
0.837902
0.155424
0.829517
0.17851
0.819268
0.202134
0.806992
0.227201
0.792536
0.25505
0.775831
0.288399
0.756574
0.333413
0.734356
0.399544
0.710045
0.510577
0.685831
0.676382
-0.00481982
-0.777055
0.0529887
-0.791616
0.126232
-0.984535
0.197111
-0.964068
0.268174
-0.970659
0.339909
-0.97966
0.406795
-0.918136
0.46363
-0.792308
0.510992
-0.672015
0.550309
-0.567062
0.581298
-0.459674
0.605566
-0.372423
0.625075
-0.309024
0.640779
-0.257769
0.653762
-0.220331
0.664925
-0.193714
0.674789
-0.173883
0.683805
-0.159682
0.692296
-0.149762
0.700478
-0.142413
0.708507
-0.136655
0.716424
-0.131129
0.724277
-0.124213
0.731839
-0.111376
0.738637
-0.091879
0.74446
-0.0706859
0.749223
-0.0489637
0.75279
-0.0269095
0.755055
-0.00448691
0.755946
0.0181309
0.755346
0.040987
0.753175
0.0641474
0.749342
0.0882024
0.743683
0.114119
0.73603
0.144182
0.726193
0.183111
0.713816
0.239437
0.699649
0.331537
0.685808
0.476933
-0.063048
0.124802
-0.851886
0.18755
-0.870209
0.260381
-0.997006
0.323009
-0.876627
0.384646
-0.865724
0.445008
-0.850081
0.498711
-0.768606
0.548085
-0.714428
0.593111
-0.657577
0.632899
-0.591716
0.668816
-0.540152
0.701027
-0.489903
0.729842
-0.442396
0.755839
-0.400351
0.77919
-0.358902
0.800147
-0.319045
0.818827
-0.278793
0.835342
-0.238247
0.849662
-0.196087
0.86194
-0.15339
0.872043
-0.109155
0.880029
-0.0659509
0.885956
-0.0251709
0.890117
0.00988793
0.892663
0.0370887
0.89355
0.0616935
0.892708
0.0871323
0.88999
0.111882
0.885567
0.136733
0.879159
0.161831
0.87096
0.186709
0.860542
0.212552
0.848221
0.239522
0.833714
0.269557
0.816807
0.305306
0.797348
0.352871
0.774956
0.421936
0.750529
0.535004
0.726774
0.700138
-0.00250668
-0.837596
0.058438
-0.852561
0.13566
-1.06176
0.210421
-1.03883
0.285319
-1.04556
0.36095
-1.05529
0.431442
-0.988628
0.491317
-0.852183
0.541166
-0.721863
0.582497
-0.608393
0.615023
-0.492201
0.640395
-0.397795
0.660716
-0.329344
0.677012
-0.274066
0.690368
-0.233687
0.701791
-0.205138
0.711802
-0.183894
0.720895
-0.168776
0.729444
-0.158311
0.737678
-0.150647
0.745714
-0.144692
0.753701
-0.139116
0.761667
-0.132179
0.769311
-0.11902
0.776272
-0.0988403
0.782354
-0.0767678
0.787135
-0.0537451
0.790916
-0.0306899
0.793431
-0.00700243
0.794445
0.0171167
0.793991
0.0414412
0.792033
0.0661046
0.788274
0.0919619
0.782629
0.119763
0.774991
0.15182
0.765147
0.192956
0.752864
0.25172
0.73889
0.345512
0.725615
0.490208
-0.0638965
0.129019
-0.917009
0.195161
-0.936351
0.271964
-1.07381
0.338
-0.942663
0.402897
-0.93062
0.466496
-0.913681
0.523045
-0.825154
0.575031
-0.766415
0.622288
-0.704834
0.664071
-0.633499
0.701726
-0.577807
0.735487
-0.523665
0.765615
-0.472524
0.792746
-0.427481
0.817039
-0.383195
0.838752
-0.340757
0.858227
-0.298269
0.875299
-0.255319
0.890203
-0.210991
0.902697
-0.165884
0.913245
-0.119703
0.921499
-0.0742049
0.927719
-0.0313911
0.93212
0.00548751
0.934796
0.0344126
0.935867
0.0606225
0.93526
0.0877398
0.932803
0.11434
0.928488
0.141048
0.922479
0.167841
0.914177
0.195011
0.904055
0.222674
0.891659
0.251918
0.876981
0.284235
0.859976
0.322311
0.840217
0.372631
0.817744
0.44441
0.793288
0.559461
0.769944
0.723482
-8.16323e-05
-0.901411
0.0641905
-0.916833
0.145642
-1.14321
0.224447
-1.11763
0.303413
-1.12452
0.383133
-1.13501
0.457442
-1.06294
0.520513
-0.915254
0.572984
-0.774334
0.616467
-0.651876
0.650608
-0.526342
0.677173
-0.424359
0.69838
-0.350551
0.715283
-0.290969
0.729062
-0.247465
0.740768
-0.216844
0.750961
-0.194087
0.760168
-0.177983
0.768743
-0.166886
0.777038
-0.158941
0.785138
-0.152792
0.793101
-0.147079
0.801097
-0.140175
0.809003
-0.126927
0.816038
-0.105875
0.822162
-0.0828922
0.827351
-0.058935
0.831163
-0.0345017
0.833694
-0.00953397
0.835043
0.0157669
0.834762
0.0417221
0.83268
0.0681865
0.829038
0.0956028
0.823649
0.125152
0.816004
0.159466
0.806217
0.202742
0.794069
0.263867
0.780293
0.359288
0.767578
0.502922
-0.0647631
0.133447
-0.985693
0.203174
-1.00608
0.284157
-1.15479
0.353759
-1.01226
0.422141
-0.999002
0.489164
-0.980705
0.548693
-0.884683
0.603362
-0.821084
0.653084
-0.754555
0.696979
-0.677395
0.736484
-0.617311
0.771823
-0.559004
0.803303
-0.504004
0.831641
-0.455819
0.856951
-0.408505
0.879626
-0.363433
0.899748
-0.31839
0.917349
-0.27292
0.932785
-0.226427
0.945826
-0.178924
0.956552
-0.130429
0.965152
-0.0828052
0.971539
-0.0377776
0.976106
0.000920569
0.979038
0.0314806
0.980414
0.0592466
0.980016
0.0881376
0.977804
0.116552
0.973746
0.145106
0.967678
0.173909
0.959747
0.202942
0.949494
0.232927
0.937062
0.26435
0.922576
0.298721
0.905279
0.339607
0.885527
0.392382
0.862875
0.467062
0.838373
0.583962
0.815428
0.746428
0.00253836
-0.968713
0.0702661
-0.984561
0.156161
-1.2291
0.239254
-1.20073
0.322502
-1.20777
0.406559
-1.21907
0.484875
-1.14125
0.55132
-0.981699
0.606568
-0.829582
0.652295
-0.697603
0.688155
-0.562202
0.715975
-0.45218
0.738124
-0.3727
0.755698
-0.308542
0.769904
-0.261671
0.781987
-0.228927
0.792314
-0.204414
0.801691
-0.18736
0.810339
-0.175534
0.818518
-0.167121
0.826617
-0.160891
0.83475
-0.155213
0.843012
-0.148438
0.850762
-0.134677
0.858083
-0.113196
0.864254
-0.0890638
0.869529
-0.0642102
0.8736
-0.0385722
0.876421
-0.0123558
0.877669
0.0145192
0.877573
0.0418183
0.875811
0.0699482
0.872203
0.0992109
0.86671
0.130645
0.859293
0.166883
0.84951
0.212525
0.837556
0.275821
0.824
0.372844
0.8118
0.515123
-0.0656633
0.138072
-1.0581
0.211575
-1.07958
0.296963
-1.24018
0.370313
-1.08562
0.442384
-1.07107
0.51298
-1.0513
0.575675
-0.947378
0.633223
-0.878632
0.685512
-0.806843
0.731609
-0.723492
0.773094
-0.658797
0.810146
-0.596056
0.843116
-0.536974
0.872745
-0.485447
0.899127
-0.434887
0.922752
-0.387058
0.943496
-0.339134
0.961999
-0.291423
0.977784
-0.242212
0.991368
-0.192508
1.00237
-0.141436
1.01117
-0.0916045
1.01793
-0.0445335
1.02251
-0.00365809
1.02566
0.0283302
1.02702
0.0578833
1.02696
0.0881997
1.02497
0.118541
1.02116
0.148918
1.01519
0.17988
1.00719
0.210946
0.997278
0.242837
0.984988
0.27664
0.970154
0.313555
0.953051
0.35671
0.933061
0.412372
0.910385
0.489738
0.885984
0.608363
0.863343
0.769069
0.00528688
-1.03966
0.0767102
-1.05598
0.16728
-1.31967
0.254878
-1.28833
0.34265
-1.29554
0.43126
-1.30768
0.513797
-1.22379
0.583826
-1.05173
0.641995
-0.887751
0.690105
-0.745712
0.727759
-0.599856
0.756949
-0.48137
0.780116
-0.395867
0.798406
-0.326832
0.813189
-0.276454
0.825423
-0.241161
0.836139
-0.215131
0.845533
-0.196754
0.854303
-0.184303
0.862601
-0.175419
0.870831
-0.169121
0.87898
-0.163361
0.887026
-0.156484
0.895137
-0.142788
0.902452
-0.120511
0.908787
-0.095399
0.913991
-0.0694144
0.918163
-0.0427442
0.921119
-0.0153129
0.922667
0.0129708
0.922613
0.0418726
0.921037
0.0715234
0.917613
0.102635
0.91216
0.136097
0.904786
0.174256
0.895156
0.222155
0.883337
0.28764
0.87016
0.386021
0.858421
0.526861
-0.0665837
0.142918
-1.13444
0.220439
-1.1571
0.310469
-1.33021
0.387785
-1.16293
0.463732
-1.14702
0.538103
-1.12567
0.604117
-1.01339
0.664683
-0.939197
0.719705
-0.861865
0.768155
-0.771942
0.811684
-0.702326
0.850509
-0.63488
0.885116
-0.571581
0.915882
-0.516213
0.943659
-0.462665
0.968171
-0.41157
0.989931
-0.360893
1.00891
-0.310407
1.02532
-0.25862
1.03928
-0.206466
1.05071
-0.152865
1.05968
-0.100573
1.0665
-0.0513527
1.07151
-0.00867332
1.07454
0.0253057
1.07629
0.0561304
1.07608
0.088412
1.07444
0.120176
1.07071
0.152648
1.06514
0.185454
1.05737
0.218711
1.04723
0.252981
1.03512
0.288754
1.02042
0.328255
1.00299
0.374139
0.983088
0.432271
0.960582
0.512244
0.936048
0.632897
0.913836
0.791281
0.0082242
-1.11447
0.0835084
-1.13127
0.179019
-1.41518
0.271384
-1.38069
0.363909
-1.38807
0.457313
-1.40108
0.544328
-1.31081
0.618096
-1.1255
0.679363
-0.949018
0.729971
-0.79632
0.769559
-0.639443
0.800145
-0.511956
0.82438
-0.420103
0.84335
-0.345802
0.858665
-0.291769
0.871477
-0.253972
0.882227
-0.225881
0.891894
-0.20642
0.900656
-0.193066
0.909205
-0.183968
0.917298
-0.177214
0.925326
-0.171389
0.933675
-0.164833
0.94173
-0.150843
0.949151
-0.127932
0.955628
-0.101877
0.961147
-0.0749332
0.965401
-0.0469984
0.96834
-0.0182523
0.969901
0.0114096
0.970156
0.0416174
0.968632
0.0730481
0.965266
0.106
0.960146
0.141217
0.952712
0.18169
0.943325
0.231542
0.93184
0.299125
0.918771
0.39909
0.907491
0.538142
-0.0675368
0.148024
-1.21492
0.229711
-1.23879
0.324652
-1.42515
0.406129
-1.24441
0.486156
-1.22705
0.564533
-1.20405
0.634026
-1.08288
0.697805
-1.00298
0.755668
-0.919728
0.80661
-0.822885
0.852287
-0.748003
0.893165
-0.675758
0.929133
-0.60755
0.961721
-0.5488
0.990376
-0.49132
1.01602
-0.437218
1.03865
-0.383516
1.05836
-0.330122
1.07541
-0.275672
1.08971
-0.220762
1.10168
-0.164836
1.11091
-0.109804
1.11795
-0.0583849
1.12289
-0.0136161
1.12622
0.021975
1.1279
0.0544538
1.12811
0.0881959
1.12635
0.121938
1.12284
0.156161
1.11735
0.190939
1.10968
0.226381
1.09992
0.262744
1.08757
0.301102
1.07305
0.342777
1.05578
0.391413
1.0359
0.452144
1.01321
0.534936
0.988938
0.657171
0.967053
0.813165
0.0113479
-1.19336
0.0907172
-1.21064
0.19142
-1.51588
0.28879
-1.47806
0.38634
-1.48562
0.484823
-1.49956
0.576533
-1.40252
0.654255
-1.20322
0.718761
-1.01352
0.77202
-0.84958
0.813692
-0.681115
0.845711
-0.543975
0.871063
-0.445455
0.890949
-0.365688
0.906759
-0.307579
0.919901
-0.267114
0.931082
-0.237063
0.940765
-0.216104
0.94979
-0.20209
0.958202
-0.192381
0.966414
-0.185425
0.974709
-0.179685
0.982957
-0.173081
0.991206
-0.159092
0.998723
-0.135449
1.00519
-0.108344
1.0106
-0.0803409
1.01505
-0.0514497
1.01822
-0.0214282
1.02006
0.00957624
1.02007
0.0416057
1.01873
0.0743848
1.0157
0.109027
1.01053
0.14639
1.00347
0.188751
0.99423
0.240782
0.982718
0.310638
0.970103
0.411704
0.959281
0.548962
-0.0684973
0.153357
-1.29978
0.239504
-1.32494
0.339577
-1.52522
0.425446
-1.33028
0.509788
-1.31139
0.592361
-1.28662
0.665577
-1.1561
0.732711
-1.07011
0.79359
-0.980607
0.847238
-0.876532
0.895273
-0.796038
0.937932
-0.718417
0.976011
-0.645629
1.00973
-0.582521
1.03991
-0.521499
1.06655
-0.463857
1.09005
-0.407012
1.11063
-0.350703
1.12842
-0.293462
1.14323
-0.235579
1.15526
-0.17686
1.16493
-0.119477
1.17195
-0.0653987
1.17696
-0.01863
1.18042
0.0185148
1.18213
0.0527436
1.18244
0.0878858
1.18098
0.123396
1.17752
0.159625
1.17211
0.196343
1.16469
0.233804
1.15503
0.272408
1.14306
0.313069
1.12832
0.357517
1.11126
0.408477
1.09132
0.472077
1.06904
0.55722
1.04468
0.681533
1.02293
0.834908
0.0146598
-1.27651
0.0983272
-1.29431
0.204505
-1.62206
0.307177
-1.58073
0.410008
-1.58845
0.513815
-1.60337
0.610482
-1.49918
0.692377
-1.28511
0.760364
-1.08151
0.81644
-0.905656
0.860084
-0.724759
0.893887
-0.577777
0.920342
-0.471911
0.941156
-0.386502
0.957597
-0.32402
0.971208
-0.280725
0.98257
-0.248425
0.992667
-0.226202
1.0017
-0.211121
1.01024
-0.200917
1.01844
-0.193632
1.02674
-0.187981
1.03514
-0.181484
1.04344
-0.167394
1.0509
-0.142911
1.05761
-0.115052
1.06316
-0.0858891
1.06752
-0.055809
1.07064
-0.0245505
1.07246
0.00775771
1.07303
0.0410303
1.07161
0.0758081
1.06866
0.111978
1.06372
0.151329
1.05666
0.195813
1.0476
0.249842
1.03663
0.321604
1.02421
0.424125
1.0139
0.559279
-0.0695012
0.15897
-1.38925
0.249781
-1.41575
0.355276
-1.63072
0.445803
-1.4208
0.534683
-1.40027
0.621678
-1.37362
0.698803
-1.23323
0.769491
-1.1408
0.833566
-1.04468
0.889778
-0.932744
0.940386
-0.846646
0.985289
-0.763321
1.02503
-0.685368
1.06056
-0.618053
1.09202
-0.552958
1.11992
-0.49176
1.14455
-0.431638
1.16584
-0.371999
1.18407
-0.311692
1.19949
-0.250994
1.21203
-0.189405
1.22165
-0.129089
1.22911
-0.0728641
1.23431
-0.0238327
1.23756
0.0152638
1.23958
0.05073
1.23981
0.0876583
1.23832
0.124878
1.23519
0.162764
1.23
0.20153
1.22267
0.241131
1.21297
0.282109
1.20098
0.325067
1.18664
0.371856
1.16954
0.425569
1.14974
0.49188
1.1274
0.579565
1.10337
0.705557
1.08203
0.85625
0.0181641
-1.36418
0.106393
-1.38253
0.218339
-1.73401
0.326585
-1.68898
0.434991
-1.69686
0.544432
-1.71281
0.646302
-1.60105
0.732616
-1.37143
0.80415
-1.15305
0.863169
-0.964676
0.909303
-0.770894
0.944648
-0.613123
0.972344
-0.499606
0.993968
-0.408126
1.01118
-0.341229
1.02514
-0.294685
1.03707
-0.260361
1.04721
-0.236333
1.05638
-0.220296
1.06505
-0.209585
1.07351
-0.202094
1.0818
-0.196277
1.09022
-0.189905
1.09857
-0.175741
1.10623
-0.150574
1.1129
-0.121717
1.11844
-0.0914259
1.12295
-0.0603276
1.12628
-0.0278733
1.1282
0.00583309
1.12852
0.0407155
1.12741
0.0769127
1.1244
0.114984
1.11972
0.156016
1.11295
0.202583
1.10411
0.25868
1.09343
0.33228
1.08138
0.436178
1.07141
0.569247
-0.0705224
0.164846
-1.48358
0.26057
-1.51147
0.371805
-1.74195
0.467203
-1.5162
0.56087
-1.49394
0.652549
-1.4653
0.733782
-1.31446
0.808203
-1.21522
0.875615
-1.11209
0.93497
-0.992099
0.98794
-0.899616
1.03518
-0.810564
1.07689
-0.72707
1.11409
-0.655257
1.14706
-0.585932
1.17608
-0.520781
1.20167
-0.457227
1.22397
-0.3943
1.24295
-0.330668
1.25881
-0.26685
1.27169
-0.20229
1.28182
-0.139217
1.2891
-0.0801456
1.29431
-0.029039
1.29794
0.0116305
1.29978
0.0488963
1.30004
0.0873913
1.29881
0.126114
1.29553
0.166043
1.2904
0.206659
1.28317
0.248362
1.27388
0.291394
1.26202
0.336927
1.24769
0.386188
1.23076
0.442494
1.2113
0.511349
1.18919
0.601672
1.16515
0.729592
1.14407
0.877332
0.0219115
-1.45661
0.114892
-1.47551
0.232944
-1.85206
0.347048
-1.80308
0.461342
-1.81115
0.576693
-1.82816
0.684101
-1.70846
0.775049
-1.46237
0.850372
-1.22837
0.912588
-1.02689
0.960844
-0.81915
0.997998
-0.650277
1.02732
-0.528931
1.0499
-0.430698
1.06775
-0.359087
1.08233
-0.30926
1.09433
-0.272367
1.10489
-0.246894
1.11435
-0.22975
1.12302
-0.218258
1.13148
-0.210554
1.13978
-0.204574
1.14835
-0.198473
1.15686
-0.184257
1.16458
-0.158293
1.17119
-0.128328
1.17697
-0.0972032
1.1815
-0.0648542
1.18473
-0.0311094
1.18661
0.00395204
1.1872
0.040131
1.18627
0.0778401
1.18349
0.117769
1.17879
0.160709
1.17234
0.209038
1.16374
0.267278
1.15327
0.342753
1.14158
0.447865
1.13182
0.579003
-0.0715814
0.171012
-1.58301
0.271939
-1.6124
0.389205
-1.85922
0.489755
-1.61675
0.588466
-1.59265
0.685067
-1.5619
0.770629
-1.40002
0.849001
-1.29359
0.920049
-1.18314
0.982327
-1.05438
1.03819
-0.955479
1.08765
-0.860026
1.13143
-0.770847
1.17042
-0.694246
1.20492
-0.620433
1.23547
-0.55133
1.26205
-0.483807
1.28517
-0.417424
1.30484
-0.350334
1.32144
-0.283453
1.33463
-0.215477
1.34496
-0.149552
1.35265
-0.0878309
1.35786
-0.0342478
1.36136
0.00812355
1.36331
0.0469517
1.36373
0.086968
1.36227
0.127572
1.35927
0.169043
1.35419
0.211748
1.34719
0.255358
1.33774
0.300843
1.32618
0.348484
1.31203
0.400338
1.29532
0.459209
1.27582
0.530852
1.25414
0.623347
1.23039
0.753347
1.2093
0.898415
0.0258681
-1.55406
0.12392
-1.57357
0.248356
-1.9765
0.368672
-1.9234
0.489155
-1.93163
0.610767
-1.94977
0.723919
-1.82161
0.819832
-1.55829
0.899265
-1.3078
0.964699
-1.09233
1.0156
-0.870048
1.05457
-0.68925
1.08503
-0.559389
1.10881
-0.45448
1.12733
-0.377604
1.14252
-0.324456
1.15512
-0.284967
1.16574
-0.257505
1.17535
-0.239362
1.18429
-0.227204
1.19276
-0.219018
1.20132
-0.213136
1.2099
-0.207056
1.21845
-0.192807
1.22636
-0.166197
1.23303
-0.135006
1.23864
-0.102807
1.24316
-0.0693734
1.24642
-0.0343776
1.24865
0.00172579
1.24922
0.0395566
1.2482
0.0788647
1.24564
0.120332
1.24122
0.165126
1.23483
0.215426
1.22651
0.275602
1.21652
0.352737
1.20523
0.459159
1.19579
0.588438
-0.0726664
0.177508
-1.68785
0.283903
-1.71879
0.407506
-1.98282
0.5135
-1.72275
0.617536
-1.69668
0.71933
-1.66369
0.809482
-1.49017
0.892038
-1.37615
0.966716
-1.25782
1.03228
-1.11994
1.09102
-1.01421
1.1431
-0.912105
1.18905
-0.8168
1.22997
-0.735169
1.266
-0.656455
1.29791
-0.583247
1.32573
-0.511619
1.34982
-0.44152
1.37047
-0.37098
1.38735
-0.300334
1.40115
-0.229278
1.41181
-0.160212
1.41941
-0.0954319
1.42475
-0.0395838
1.42814
0.00472774
1.43015
0.0449405
1.43056
0.0865597
1.4293
0.128836
1.42612
0.172225
1.4212
0.216665
1.41414
0.262419
1.40511
0.309871
1.39358
0.360012
1.37965
0.414275
1.36304
0.475813
1.34411
0.549784
1.32237
0.645092
1.2988
0.776916
1.27825
0.918964
0.0300704
-1.6568
0.133418
-1.67691
0.264642
-2.10772
0.391487
-2.05024
0.518513
-2.05866
0.646704
-2.07797
0.766108
-1.94102
0.866996
-1.65918
0.950594
-1.3914
1.01951
-1.16124
1.07306
-0.923599
1.11411
-0.730304
1.14622
-0.591502
1.17097
-0.479229
1.19041
-0.397043
1.20611
-0.34016
1.21906
-0.297908
1.23011
-0.268563
1.23989
-0.249141
1.24886
-0.236169
1.25759
-0.227752
1.26616
-0.221705
1.27489
-0.215787
1.28361
-0.201522
1.29142
-0.174012
1.29829
-0.141878
1.30385
-0.108361
1.30835
-0.073873
1.31177
-0.037798
1.31379
-0.000294536
1.31447
0.0388704
1.31361
0.0797232
1.31114
0.122807
1.30687
0.169395
1.3007
0.221598
1.29293
0.283371
1.28318
0.36249
1.27202
0.470314
1.26317
0.597288
-0.0737812
0.184312
-1.79838
0.296477
-1.83096
0.426799
-2.11314
0.538505
-1.83445
0.648147
-1.80633
0.755419
-1.77096
0.850374
-1.58513
0.937336
-1.46311
1.01597
-1.33645
1.08509
-1.18907
1.1467
-1.07582
1.20137
-0.96678
1.24966
-0.86509
1.29262
-0.778127
1.33054
-0.694376
1.3637
-0.616403
1.39286
-0.540782
1.41806
-0.466722
1.43926
-0.392173
1.45712
-0.318196
1.47121
-0.243369
1.48205
-0.171049
1.49001
-0.103397
1.4953
-0.0448706
1.49882
0.00120184
1.50075
0.0430189
1.50097
0.0863363
1.49973
0.130079
1.49663
0.175321
1.49172
0.221575
1.48488
0.269263
1.47584
0.318913
1.4645
0.371352
1.4508
0.427974
1.43448
0.492129
1.4156
0.56866
1.39437
0.666322
1.37102
0.80027
1.35062
0.939362
0.0345402
-1.76512
0.143495
-1.78587
0.281835
-2.24606
0.415563
-2.18397
0.549464
-2.19256
0.684613
-2.21311
0.810309
-2.06671
0.916814
-1.76568
1.00497
-1.47956
1.07751
-1.23377
1.13386
-0.97995
1.17701
-0.773457
1.21052
-0.625019
1.23651
-0.50521
1.25675
-0.417288
1.27322
-0.356631
1.28652
-0.311202
1.29803
-0.280075
1.30798
-0.259093
1.31736
-0.245552
1.32598
-0.236371
1.3347
-0.230418
1.34371
-0.224803
1.35233
-0.210138
1.36032
-0.182001
1.36711
-0.148672
1.37287
-0.114123
1.37747
-0.0784754
1.38077
-0.0410912
1.3827
-0.00223171
1.38349
0.0380825
1.38266
0.0805565
1.38027
0.125195
1.37629
0.173375
1.37048
0.227406
1.36261
0.291237
1.35339
0.371715
1.34265
0.481055
1.33397
0.605961
-0.0749471
0.191462
-1.91489
0.309713
-1.94921
0.447087
-2.25052
0.56485
-1.95222
0.680395
-1.92187
0.793425
-1.88399
0.893511
-1.68521
0.984949
-1.55455
1.06793
-1.41944
1.14047
-1.2616
1.20548
-1.14083
1.263
-1.0243
1.31373
-0.91582
1.35861
-0.823009
1.3983
-0.734067
1.43335
-0.651455
1.46375
-0.571181
1.48989
-0.492856
1.51217
-0.414458
1.53044
-0.336462
1.54522
-0.258155
1.55623
-0.182055
1.56422
-0.111393
1.56974
-0.0503909
1.57312
-0.00217256
1.57493
0.041212
1.57523
0.0860303
1.57384
0.13147
1.57095
0.178207
1.56603
0.226497
1.5591
0.276192
1.55019
0.327825
1.53905
0.382497
1.52547
0.441555
1.50961
0.507984
1.49097
0.587303
1.47015
0.687137
1.44691
0.823516
1.42681
0.95946
0.0392585
-1.87933
0.154133
-1.90074
0.299991
-2.39192
0.440966
-2.32495
0.582141
-2.33374
0.724665
-2.35564
0.857143
-2.19919
0.969302
-1.87784
1.06216
-1.57242
1.13847
-1.31008
1.19787
-1.03936
1.24314
-0.818719
1.27858
-0.660467
1.30568
-0.532302
1.32699
-0.438601
1.34385
-0.373495
1.3579
-0.325245
1.36961
-0.291794
1.37988
-0.269357
1.3893
-0.254973
1.39833
-0.245406
1.4072
-0.239281
1.4161
-0.233708
1.42502
-0.219052
1.43305
-0.190032
1.43989
-0.155516
1.44572
-0.119952
1.45015
-0.0829054
1.45344
-0.0443793
1.45568
-0.00447606
1.45629
0.0374706
1.45561
0.0812386
1.45331
0.127498
1.44935
0.17733
1.44378
0.232977
1.43651
0.298512
1.4274
0.380822
1.41721
0.49125
1.40885
0.614318
-0.0761249
0.198983
-2.03775
0.323627
-2.07385
0.468475
-2.39536
0.592589
-2.07633
0.714384
-2.04367
0.833485
-2.00309
0.938801
-1.79053
1.03533
-1.65108
1.12266
-1.50677
1.1991
-1.33804
1.26724
-1.20896
1.32788
-1.08495
1.38119
-0.969121
1.42849
-0.870312
1.47007
-0.775648
1.5066
-0.687984
1.53848
-0.60306
1.56583
-0.520208
1.58892
-0.437546
1.60799
-0.355537
1.62305
-0.273214
1.63462
-0.193621
1.64281
-0.119581
1.6481
-0.0556883
1.65159
-0.00565647
1.6534
0.0393998
1.65362
0.0858075
1.65221
0.132884
1.64908
0.18134
1.64413
0.231447
1.63739
0.28293
1.6286
0.336615
1.61751
0.393584
1.60435
0.454721
1.58856
0.523775
1.57032
0.60554
1.54967
0.707783
1.52683
0.846355
1.50705
0.979244
0.0442668
-1.99972
0.165377
-2.02185
0.319176
-2.54572
0.467807
-2.47358
0.616648
-2.48258
0.766778
-2.50577
0.906621
-2.33903
1.0247
-1.99592
1.12255
-1.67026
1.20301
-1.39054
1.26537
-1.10172
1.31314
-0.866482
1.35014
-0.697467
1.37874
-0.560902
1.40087
-0.460739
1.41865
-0.391275
1.43307
-0.339658
1.44513
-0.303853
1.45584
-0.280074
1.46557
-0.264698
1.47463
-0.254471
1.48365
-0.248303
1.49272
-0.242775
1.50194
-0.228266
1.51001
-0.198111
1.51691
-0.16241
1.52254
-0.125581
1.52705
-0.0874234
1.53046
-0.0477883
1.53247
-0.00648331
1.53316
0.0367758
1.53263
0.0817779
1.53054
0.129588
1.52674
0.181127
1.52141
0.238305
1.51433
0.305592
1.50576
0.389393
1.49559
0.501417
1.48753
0.622373
-0.0773524
0.206879
-2.16728
0.338296
-2.20527
0.490965
-2.54803
0.621803
-2.20717
0.750157
-2.17202
0.875678
-2.12862
0.986786
-1.90164
1.08846
-1.75276
1.18023
-1.59853
1.26075
-1.41856
1.33265
-1.28086
1.39624
-1.14855
1.45212
-1.025
1.50184
-0.920032
1.54545
-0.81925
1.58385
-0.726386
1.61706
-0.636274
1.64575
-0.548899
1.66975
-0.461547
1.6895
-0.375284
1.70538
-0.289089
1.71708
-0.205324
1.72542
-0.12792
1.73091
-0.0611806
1.73421
-0.00895691
1.73602
0.037594
1.73614
0.0856873
1.73468
0.134342
1.73143
0.184593
1.72657
0.236301
1.71986
0.289637
1.71105
0.345431
1.7003
0.404328
1.68714
0.467885
1.67171
0.539201
1.65391
0.623345
1.63373
0.727959
1.61105
0.869039
1.59146
0.998828
0.0495887
-2.12666
0.177268
-2.14953
0.339405
-2.70786
0.496119
-2.63029
0.653007
-2.63947
0.811386
-2.66415
0.958626
-2.48627
1.08328
-2.12058
1.18638
-1.77336
1.27102
-1.47519
1.33673
-1.16742
1.38675
-0.916505
1.42584
-0.736549
1.45569
-0.590759
1.47879
-0.483835
1.4975
-0.409982
1.51242
-0.354577
1.52509
-0.316524
1.53601
-0.290994
1.54578
-0.274473
1.55528
-0.263973
1.56447
-0.257489
1.57384
-0.252143
1.58297
-0.237396
1.59122
-0.206364
1.59817
-0.169358
1.60399
-0.131405
1.60846
-0.0918931
1.61185
-0.0511785
1.61375
-0.00838055
1.61465
0.0358746
1.61398
0.0824468
1.61183
0.131735
1.60832
0.184635
1.60311
0.243523
1.59636
0.31234
1.58805
0.3977
1.57843
0.511036
1.57069
0.63012
-0.0786345
0.215181
-2.30382
0.353717
-2.34381
0.514707
-2.70902
0.652606
-2.34507
0.787894
-2.30731
0.92024
-2.26096
1.03728
-2.01868
1.14422
-1.85969
1.24097
-1.69528
1.32577
-1.50337
1.40143
-1.35652
1.46827
-1.21538
1.52722
-1.08396
1.57922
-0.97203
1.62524
-0.865266
1.66523
-0.766382
1.70018
-0.671221
1.73004
-0.578761
1.75526
-0.486769
1.77578
-0.395804
1.79203
-0.305331
1.80414
-0.217439
1.81263
-0.13641
1.81831
-0.0668634
1.82155
-0.0121958
1.82319
0.0359567
1.82319
0.0856846
1.82167
0.135862
1.81842
0.187844
1.8135
0.241221
1.80653
0.296611
1.79796
0.354
1.78727
0.415016
1.7744
0.480758
1.75935
0.554249
1.74172
0.64098
1.72176
0.747918
1.69939
0.891409
1.68029
1.01792
0.055208
-2.2605
0.189806
-2.28413
0.360777
-2.87883
0.525988
-2.7955
0.691445
-2.80492
0.858357
-2.83106
1.01365
-2.64156
1.14491
-2.25184
1.25341
-1.88186
1.34276
-1.56454
1.41196
-1.23662
1.46463
-0.96918
1.50555
-0.777467
1.53694
-0.622143
1.56126
-0.508159
1.58051
-0.429237
1.59634
-0.370402
1.60924
-0.329428
1.62063
-0.30238
1.63086
-0.284706
1.64041
-0.273523
1.64977
-0.266848
1.65932
-0.261689
1.66863
-0.246705
1.67707
-0.214806
1.6842
-0.176489
1.68983
-0.137029
1.69438
-0.0964449
1.69761
-0.0544138
1.69966
-0.0104277
1.70036
0.0351721
1.69982
0.0829873
1.69788
0.133681
1.69452
0.187991
1.68954
0.248499
1.68312
0.318767
1.67521
0.405605
1.66575
0.520497
1.65817
0.637699
-0.0799428
0.223908
-2.44779
0.369981
-2.48988
0.539669
-2.87871
0.685041
-2.49044
0.827664
-2.44993
0.967053
-2.40035
1.09042
-2.14205
1.20311
-1.97238
1.3051
-1.79726
1.39433
-1.5926
1.47388
-1.43608
1.54433
-1.28583
1.60607
-1.1457
1.66102
-1.02698
1.70901
-0.913257
1.75115
-0.808516
1.78767
-0.707746
1.81899
-0.610079
1.84523
-0.513012
1.86668
-0.417253
1.88345
-0.322095
1.89608
-0.230078
1.90486
-0.145184
1.91028
-0.0722861
1.91358
-0.0154967
1.91519
0.0343448
1.91506
0.0858153
1.91332
0.137604
1.90992
0.19125
1.90491
0.246224
1.89822
0.303299
1.88947
0.362757
1.87883
0.425653
1.86625
0.493339
1.85145
0.569052
1.83428
0.658151
1.81482
0.767376
1.79264
0.913588
1.77365
1.03691
0.0611477
-2.40159
0.20308
-2.42606
0.383327
-3.05907
0.557533
-2.96971
0.731954
-2.97934
0.907825
-3.00693
1.07157
-2.80531
1.20997
-2.39024
1.3244
-1.99628
1.41849
-1.65863
1.49119
-1.30932
1.54679
-1.02478
1.5898
-0.820483
1.62273
-0.655067
1.64816
-0.533591
1.66836
-0.449434
1.68458
-0.386625
1.69825
-0.343093
1.70985
-0.313987
1.72042
-0.295272
1.73029
-0.283393
1.73983
-0.276393
1.7497
-0.271553
1.75933
-0.256337
1.76783
-0.223307
1.77489
-0.18355
1.78071
-0.142853
1.78522
-0.100948
1.78843
-0.0576258
1.79049
-0.0124875
1.79112
0.0345407
1.79057
0.0835381
1.78869
0.135564
1.78534
0.191334
1.78073
0.253109
1.7745
0.324998
1.76685
0.413252
1.75766
0.529689
1.75052
0.644844
-0.0812994
0.233089
-2.59958
0.387077
-2.64387
0.56599
-3.05763
0.719221
-2.64367
0.869492
-2.6002
1.01653
-2.54739
1.14633
-2.27185
1.2652
-2.09125
1.37252
-1.90458
1.46644
-1.68652
1.55026
-1.5199
1.62443
-1.35999
1.68952
-1.2108
1.74697
-1.08443
1.79763
-0.963913
1.84186
-0.852749
1.88009
-0.745973
1.91272
-0.642709
1.94013
-0.54042
1.96261
-0.439732
1.98001
-0.339497
1.99289
-0.242956
2.00178
-0.154076
2.00738
-0.0778819
2.01074
-0.0188637
2.01216
0.0329275
2.01202
0.0859513
2.01005
0.139581
2.00661
0.194688
2.00137
0.251466
1.99452
0.310142
1.98599
0.371292
1.97553
0.436108
1.9631
0.505775
1.94854
0.583608
1.9317
0.674992
1.91248
0.786595
1.89064
0.935429
1.87191
1.05565
0.0674738
-2.55036
0.217107
-2.57569
0.407173
-3.24914
0.590833
-3.15337
0.774665
-3.16318
0.960286
-3.19255
1.13277
-2.97779
1.27859
-2.53606
1.39923
-2.11692
1.49819
-1.75759
1.57493
-1.38606
1.63321
-1.08307
1.67847
-0.865745
1.71307
-0.689665
1.73975
-0.560271
1.76104
-0.470719
1.77805
-0.403641
1.79209
-0.357136
1.80419
-0.326085
1.8151
-0.306179
1.82517
-0.293465
1.83505
-0.286267
1.84497
-0.281476
1.85494
-0.266303
1.86363
-0.232005
1.87076
-0.190682
1.87666
-0.148751
1.88112
-0.105405
1.88431
-0.0608151
1.88625
-0.014426
1.88707
0.0337197
1.88637
0.0842379
1.88454
0.137392
1.88147
0.194407
1.87695
0.257624
1.87103
0.330918
1.86363
0.420652
1.85484
0.538477
1.84786
0.651827
-0.0827085
0.24274
-2.75961
0.405098
-2.80622
0.593731
-3.24626
0.755264
-2.8052
0.913743
-2.75868
1.06855
-2.70219
1.20558
-2.40888
1.33073
-2.2164
1.44379
-2.01764
1.54275
-1.78548
1.63095
-1.6081
1.70885
-1.43789
1.77738
-1.27933
1.83789
-1.14494
1.89091
-1.01693
1.93739
-0.899224
1.97757
-0.786162
2.01176
-0.676891
2.04046
-0.56913
2.06355
-0.462812
2.08185
-0.3578
2.0951
-0.256208
2.10439
-0.163371
2.11001
-0.0834949
2.11314
-0.0219935
2.1145
0.0315674
2.1142
0.0862445
2.11212
0.141664
2.1085
0.198313
2.10328
0.25668
2.09641
0.317014
2.08766
0.380041
2.07738
0.446392
2.06508
0.518072
2.05063
0.598059
2.03425
0.691367
2.01541
0.805438
1.99364
0.957196
1.97532
1.07397
0.0741581
-2.70723
0.231922
-2.73346
0.432302
-3.44952
0.625976
-3.34704
0.819826
-3.35703
1.01536
-3.38808
1.19739
-3.15983
1.35103
-2.6897
1.47816
-2.24405
1.58253
-1.86196
1.66319
-1.46672
1.72469
-1.14456
1.7722
-0.91326
1.8085
-0.725956
1.83656
-0.588336
1.85868
-0.492837
1.87637
-0.42133
1.89106
-0.371833
1.90379
-0.338814
1.91492
-0.317311
1.92534
-0.303879
1.93567
-0.296601
1.94594
-0.291743
1.95585
-0.276216
1.96489
-0.241046
1.97223
-0.198019
1.97807
-0.154595
1.98262
-0.109953
1.98579
-0.0639844
1.98774
-0.0163758
1.98822
0.0332409
1.98776
0.0846939
1.98598
0.139172
1.98291
0.197485
1.97861
0.261924
1.97286
0.336668
1.96582
0.427688
1.95716
0.547134
1.95046
0.658527
-0.0841686
0.252914
-2.92836
0.424086
-2.9774
0.622942
-3.44511
0.793242
-2.9755
0.960283
-2.92572
1.12351
-2.86542
1.26776
-2.55313
1.39968
-2.34833
1.51887
-2.13682
1.62302
-1.88963
1.71588
-1.70096
1.79799
-1.52
1.86997
-1.35131
1.93363
-1.2086
1.98941
-1.07271
2.0381
-0.947915
2.08012
-0.828179
2.1161
-0.712876
2.14595
-0.598977
2.17033
-0.487192
2.18925
-0.376722
2.20313
-0.270082
2.21239
-0.172635
2.21814
-0.0892453
2.22132
-0.0251692
2.22248
0.0304056
2.22202
0.0867058
2.21996
0.143726
2.21613
0.202138
2.21065
0.262164
2.20359
0.32407
2.19503
0.388599
2.18462
0.4568
2.17245
0.530242
2.15851
0.612
2.14232
0.707557
2.12372
0.824043
2.1023
0.978616
2.08427
1.092
0.0812148
-2.87261
0.247561
-2.8998
0.458873
-3.66083
0.663
-3.55117
0.86744
-3.56147
1.07369
-3.59433
1.26541
-3.35155
1.42755
-2.85184
1.56132
-2.37782
1.67125
-1.97189
1.75636
-1.55184
1.82097
-1.20917
1.87114
-0.963431
1.90925
-0.764072
1.93859
-0.617671
1.96181
-0.516058
1.98045
-0.439967
1.99567
-0.387057
2.00865
-0.351791
2.0204
-0.329065
2.0313
-0.314777
2.04173
-0.307029
2.05234
-0.302358
2.06274
-0.286614
2.07174
-0.250044
2.07929
-0.205572
2.08523
-0.160529
2.08974
-0.114468
2.09289
-0.0671382
2.09472
-0.0182055
2.09539
0.0325759
2.09477
0.0853079
2.09303
0.140912
2.09007
0.200445
2.08584
0.266154
2.08038
0.342135
2.07357
0.434499
2.06501
0.555689
2.0586
0.664941
-0.0856897
0.263603
-3.10627
0.444083
-3.15788
0.653738
-3.65477
0.833286
-3.15505
1.00927
-3.1017
1.18142
-3.03757
1.33354
-2.70525
1.47253
-2.48732
1.59794
-2.26223
1.70779
-1.99949
1.80552
-1.79868
1.89188
-1.60636
1.96765
-1.42709
2.03461
-1.27555
2.09327
-1.13137
2.1443
-0.998946
2.1885
-0.872384
2.22604
-0.750415
2.25742
-0.630354
2.28294
-0.512711
2.30245
-0.396233
2.31682
-0.284453
2.32646
-0.182276
2.33221
-0.0949966
2.33543
-0.0283844
2.33665
0.0291835
2.33587
0.087482
2.33354
0.146058
2.32951
0.206175
2.32402
0.26765
2.31676
0.331326
2.3081
0.397262
2.29769
0.467207
2.28577
0.542162
2.27191
0.625859
2.2559
0.723574
2.2378
0.842145
2.21631
1.0001
2.19872
1.10959
0.0886996
-3.047
0.264096
-3.0752
0.486893
-3.88363
0.702236
-3.76651
0.917767
-3.777
1.13527
-3.81183
1.33735
-3.55363
1.50801
-3.0225
1.64935
-2.51916
1.76512
-2.08766
1.85471
-1.64144
1.92268
-1.27713
1.9754
-1.01615
2.01549
-0.804163
2.04637
-0.648546
2.0707
-0.540394
2.09003
-0.459298
2.10605
-0.403079
2.11968
-0.365421
2.13182
-0.341202
2.14295
-0.32591
2.15373
-0.31781
2.16471
-0.31333
2.17548
-0.297384
2.18484
-0.259404
2.19249
-0.213224
2.19839
-0.166428
2.20301
-0.119088
2.20615
-0.0702815
2.208
-0.0200523
2.20858
0.0319898
2.20794
0.0859508
2.20623
0.142619
2.20325
0.20343
2.19921
0.270197
2.19387
0.34747
2.18739
0.440982
2.17907
0.56401
2.17266
0.67135
-0.0872609
0.274855
-3.29386
0.465144
-3.34816
0.686204
-3.87583
0.875423
-3.34427
1.0611
-3.28738
1.24246
-3.21893
1.40268
-2.86547
1.54909
-2.63373
1.68151
-2.39465
1.79704
-2.11502
1.90006
-1.90171
1.99087
-1.69717
2.07073
-1.50695
2.14108
-1.34589
2.20274
-1.19303
2.25651
-1.05271
2.30291
-0.918792
2.34222
-0.789724
2.37514
-0.663267
2.4015
-0.539073
2.42202
-0.416755
2.43687
-0.299301
2.44673
-0.192137
2.45275
-0.101017
2.45585
-0.0314834
2.45686
0.0281718
2.45604
0.0883023
2.45343
0.148667
2.44931
0.210294
2.44339
0.27357
2.4362
0.338516
2.42728
0.406185
2.41713
0.477354
2.40516
0.554128
2.3915
0.639518
2.37578
0.739296
2.3579
0.860032
2.33675
1.02124
2.3192
1.12714
0.0966182
-3.23088
0.281564
-3.26015
0.516494
-4.11856
0.743514
-3.99353
0.970781
-4.00427
1.19995
-4.041
1.41308
-3.76677
1.59332
-3.20274
1.742
-2.66783
1.86402
-2.20967
1.95837
-1.73579
2.03012
-1.34888
2.08539
-1.07142
2.12773
-0.846499
2.15989
-0.680709
2.18549
-0.565989
2.20591
-0.479722
2.22262
-0.419787
2.23678
-0.379581
2.24929
-0.353717
2.26093
-0.337549
2.27222
-0.329098
2.28344
-0.32455
2.29445
-0.308398
2.3042
-0.269146
2.31195
-0.220983
2.31809
-0.172568
2.32257
-0.123561
2.32571
-0.0734235
2.32758
-0.0219197
2.32808
0.0314808
2.32754
0.0864927
2.32573
0.14443
2.32284
0.206319
2.31884
0.274199
2.31376
0.352551
2.30732
0.447419
2.29907
0.572259
2.29306
0.677356
-0.0889012
0.286697
-3.49166
0.487332
-3.5488
0.720422
-4.10892
0.920028
-3.54388
1.11566
-3.48301
1.30673
-3.41
1.47584
-3.03459
1.63006
-2.78795
1.76935
-2.53394
1.89121
-2.23688
1.99962
-2.01012
2.09543
-1.79298
2.17934
-1.59087
2.25346
-1.42002
2.31824
-1.25781
2.37458
-1.10905
2.42329
-0.967507
2.4648
-0.831227
2.49908
-0.697549
2.52682
-0.566817
2.5482
-0.438131
2.56364
-0.314747
2.57388
-0.20237
2.57988
-0.107019
2.58287
-0.0344708
2.58379
0.0272477
2.58278
0.0893124
2.58002
0.151423
2.57567
0.214646
2.56972
0.279517
2.56217
0.346075
2.55338
0.414968
2.54278
0.487952
2.53089
0.566022
2.51741
0.652997
2.5021
0.754607
2.48414
0.877994
2.46319
1.04218
2.44609
1.14425
0.104989
-3.42477
0.299998
-3.45516
0.547727
-4.36629
0.787091
-4.23289
1.02676
-4.24394
1.26852
-4.28276
1.49325
-3.99149
1.68298
-3.39247
1.83979
-2.82464
1.96847
-2.33836
2.06772
-1.83504
2.14327
-1.42443
2.20163
-1.12978
2.24597
-0.890833
2.27996
-0.714699
2.30669
-0.592724
2.32809
-0.501124
2.34549
-0.437187
2.36032
-0.394411
2.37337
-0.366764
2.3854
-0.349578
2.39707
-0.340767
2.40893
-0.336418
2.42034
-0.319802
2.43021
-0.279016
2.43822
-0.228999
2.44449
-0.178829
2.44908
-0.12816
2.45223
-0.0765719
2.454
-0.0236827
2.45456
0.0309142
2.45372
0.0873311
2.45193
0.146221
2.44926
0.208992
2.44528
0.278178
2.4403
0.357534
2.43388
0.453836
2.42583
0.58031
2.41993
0.683254
-0.0906137
0.29918
-3.70023
0.510747
-3.76037
0.756476
-4.35465
0.966802
-3.7542
1.17311
-3.68931
1.37466
-3.61155
1.55265
-3.21258
1.71533
-2.95062
1.86226
-2.68088
1.99057
-2.36519
2.10487
-2.12442
2.20565
-1.89376
2.29386
-1.67908
2.37177
-1.49792
2.44004
-1.32608
2.49948
-1.16849
2.5505
-1.01853
2.59388
-0.874613
2.62993
-0.733599
2.65892
-0.595805
2.68113
-0.460343
2.69717
-0.330781
2.70788
-0.213081
2.71387
-0.11301
2.71701
-0.037615
2.71785
0.0264139
2.71664
0.0905183
2.71373
0.154332
2.709
0.219379
2.70273
0.285782
2.69521
0.353599
2.686
0.424183
2.67562
0.498331
2.66377
0.577867
2.65031
0.666459
2.63484
0.77008
2.61746
0.89537
2.59642
1.06322
2.57963
1.16104
0.113835
-3.62922
0.31946
-3.66078
0.580708
-4.62754
0.833177
-4.48536
1.0858
-4.49656
1.34059
-4.53755
1.57758
-4.22848
1.77773
-3.59261
1.94297
-2.98989
2.0786
-2.47399
2.18331
-1.93974
2.26279
-1.50392
2.32414
-1.19113
2.37087
-0.937569
2.40657
-0.750395
2.43471
-0.620862
2.45697
-0.523387
2.4752
-0.455416
2.49072
-0.409932
2.50444
-0.380482
2.51699
-0.362133
2.52906
-0.352834
2.5412
-0.34856
2.55314
-0.331744
2.56329
-0.289158
2.57157
-0.237282
2.57797
-0.185227
2.5827
-0.132897
2.58587
-0.0797363
2.58753
-0.0253478
2.5879
0.0305494
2.58729
0.0879386
2.58538
0.148128
2.58252
0.211854
2.57881
0.281885
2.57377
0.362577
2.56763
0.45998
2.55948
0.588457
2.55369
0.689045
-0.0923872
0.31233
-3.92017
0.535384
-3.98342
0.794497
-4.61376
1.01635
-3.97606
1.2337
-3.90666
1.44626
-3.82411
1.63391
-3.40023
1.80542
-3.12214
1.95997
-2.83543
2.09523
-2.50044
2.21557
-2.24476
2.32168
-1.99987
2.41473
-1.77212
2.49678
-1.57998
2.5684
-1.3977
2.6308
-1.23088
2.68463
-1.07236
2.73017
-0.920152
2.76782
-0.771255
2.7983
-0.626283
2.82162
-0.483657
2.83838
-0.347542
2.84916
-0.223865
2.85553
-0.119383
2.85855
-0.0406385
2.85915
0.0258147
2.85789
0.0917869
2.85468
0.157542
2.84983
0.224223
2.84338
0.292237
2.83532
0.361654
2.82621
0.433294
2.81562
0.508925
2.80366
0.589823
2.79033
0.679791
2.77508
0.785332
2.75758
0.912868
2.73656
1.08424
2.72008
1.17752
0.123206
-3.84481
0.340043
-3.87762
0.615559
-4.90305
0.881658
-4.75146
1.14817
-4.76307
1.41691
-4.80629
1.66673
-4.4783
1.87772
-3.8036
2.05194
-3.1641
2.1948
-2.61685
2.30523
-2.05018
2.38882
-1.58751
2.45355
-1.25585
2.50258
-0.986595
2.54025
-0.788067
2.56968
-0.650298
2.59321
-0.546913
2.61229
-0.474492
2.62849
-0.42614
2.64264
-0.394624
2.65573
-0.375232
2.66848
-0.365576
2.68103
-0.361109
2.6934
-0.344115
2.70409
-0.299847
2.71252
-0.245716
2.71907
-0.191773
2.72382
-0.137652
2.72701
-0.0829287
2.72859
-0.0269238
2.72915
0.0299873
2.72825
0.0888416
2.72648
0.149892
2.72355
0.214784
2.71971
0.285727
2.71486
0.367431
2.70869
0.466143
2.7007
0.59645
2.69486
0.694888
-0.0942421
0.326153
-4.15208
0.561368
-4.21863
0.834599
-4.88699
1.06842
-4.20988
1.29773
-4.13597
1.52167
-4.04805
1.71962
-3.59818
1.90022
-3.30274
2.06331
-2.99852
2.20564
-2.64277
2.33249
-2.37161
2.44423
-2.11161
2.5422
-1.87008
2.62865
-1.66643
2.704
-1.47305
2.76973
-1.29661
2.82609
-1.12871
2.8739
-0.967962
2.91358
-0.810933
2.94539
-0.658098
2.9698
-0.508064
2.98699
-0.364732
2.99851
-0.235386
3.00485
-0.125723
3.00789
-0.0436728
3.00852
0.0251755
3.00705
0.0932614
3.00354
0.161055
2.9983
0.229462
2.99164
0.298892
2.98359
0.369704
2.97388
0.443007
2.96332
0.51948
2.95137
0.60178
2.93786
0.693297
2.9228
0.800395
2.90542
0.930243
2.88441
1.10525
2.86809
1.19384
0.133088
-4.07214
0.361749
-4.10628
0.65226
-5.19356
0.932905
-5.03211
1.21397
-5.04414
1.49737
-5.08969
1.76082
-4.74176
1.98333
-4.02612
2.16694
-3.34771
2.31747
-2.76738
2.43379
-2.16649
2.52201
-1.67574
2.59001
-1.32385
2.6416
-1.03819
2.68114
-0.827608
2.71227
-0.681426
2.73681
-0.57145
2.75687
-0.494556
2.7738
-0.443061
2.78876
-0.409586
2.80241
-0.388886
2.81544
-0.378605
2.82869
-0.374359
2.84149
-0.356919
2.85249
-0.310848
2.86122
-0.254443
2.86806
-0.198614
2.87298
-0.142572
2.87608
-0.0860277
2.87784
-0.028683
2.87808
0.0297482
2.87727
0.0896443
2.87525
0.151912
2.87238
0.217659
2.86851
0.289598
2.86369
0.372244
2.85749
0.472351
2.84949
0.604445
2.84386
0.70052
-0.0961906
0.340743
-4.39663
0.588773
-4.46666
0.876857
-5.17508
1.12343
-4.45644
1.36509
-4.37764
1.60132
-4.28427
1.80982
-3.80668
2.00027
-3.49319
2.17201
-3.17025
2.32219
-2.79295
2.45569
-2.50511
2.57366
-2.22958
2.67668
-1.9731
2.76751
-1.75726
2.84699
-1.55253
2.91589
-1.36551
2.97531
-1.18813
3.02564
-1.0183
3.0673
-0.85259
3.10044
-0.691243
3.12592
-0.533542
3.14423
-0.383035
3.1558
-0.24696
3.16251
-0.132437
3.16554
-0.0466999
3.16608
0.0246332
3.1644
0.0949478
3.16071
0.164742
3.15534
0.234829
3.1482
0.306032
3.13973
0.378173
3.13009
0.452651
3.119
0.530566
3.10688
0.6139
3.09358
0.706596
3.07841
0.815569
3.06098
0.947667
3.04009
1.12614
3.02378
1.21014
0.143561
-4.3119
0.38469
-4.34741
0.690964
-5.49984
0.987159
-5.3283
1.28335
-5.34033
1.58233
-5.38867
1.86011
-5.01953
2.09457
-4.26058
2.28826
-3.5414
2.44699
-2.92611
2.56947
-2.28898
2.66236
-1.76862
2.73405
-1.39554
2.78848
-1.09262
2.83003
-0.869163
2.86261
-0.714006
2.88843
-0.59727
2.9095
-0.515619
2.92714
-0.460702
2.9428
-0.425251
2.95716
-0.403245
2.97089
-0.392334
2.98458
-0.388046
2.99784
-0.370178
3.00941
-0.322422
3.01859
-0.263623
3.02535
-0.205367
3.03031
-0.147538
3.03359
-0.0893089
3.03528
-0.0303712
3.03547
0.0295628
3.03464
0.0904752
3.03262
0.153926
3.02966
0.220618
3.02576
0.293498
3.02082
0.37718
3.01482
0.478356
3.00654
0.61272
3.00096
0.706099
-0.0982095
0.356102
-4.65453
0.617653
-4.72821
0.921453
-5.47888
1.18139
-4.71638
1.43631
-4.63256
1.68522
-4.53318
1.90504
-4.0265
2.10573
-3.69388
2.28688
-3.35141
2.44515
-2.95122
2.58582
-2.64578
2.70974
-2.3535
2.81845
-2.08182
2.91417
-1.85298
2.99774
-1.6361
3.07035
-1.43812
3.1328
-1.25058
3.18563
-1.07113
3.22927
-0.896226
3.26427
-0.726239
3.29094
-0.56022
3.30992
-0.402014
3.32209
-0.259129
3.32876
-0.139102
3.33193
-0.0498747
3.33236
0.0242039
3.33046
0.0968495
3.32659
0.168609
3.32068
0.240744
3.31345
0.313256
3.30469
0.386939
3.29468
0.462656
3.28359
0.541657
3.27128
0.626209
3.25761
0.720267
3.24243
0.830753
3.2252
0.964893
3.20385
1.1475
3.18795
1.22604
0.154616
-4.56472
0.408903
-4.60169
0.731973
-5.82291
1.04416
-5.64049
1.35654
-5.65271
1.67179
-5.70393
1.96471
-5.31245
2.21208
-4.50794
2.41614
-3.74546
2.58349
-3.09346
2.71257
-2.41806
2.81066
-1.86671
2.88605
-1.47093
2.94335
-1.14991
2.98705
-0.912867
3.02149
-0.748448
3.04849
-0.624261
3.07069
-0.537826
3.08932
-0.479332
3.10558
-0.44151
3.12038
-0.418048
3.13469
-0.406639
3.14923
-0.40259
3.16309
-0.384036
3.17501
-0.334342
3.18438
-0.272991
3.19159
-0.21258
3.19675
-0.152695
3.19996
-0.0925214
3.20159
-0.0319995
3.20199
0.0291606
3.20087
0.0915943
3.19873
0.15607
3.19568
0.223669
3.19186
0.297319
3.1868
0.382237
3.18057
0.484581
3.17239
0.620908
3.16685
0.71164
-0.100325
0.372278
-4.92648
0.648097
-5.00403
0.96835
-5.79913
1.24259
-4.99062
1.51128
-4.90126
1.77363
-4.79554
2.00542
-4.25829
2.21712
-3.90558
2.40808
-3.54236
2.57468
-3.11782
2.723
-2.7941
2.85365
-2.48416
2.96804
-2.19621
3.06878
-1.95372
3.15682
-1.72415
3.23324
-1.51454
3.29898
-1.31632
3.35442
-1.12657
3.40028
-0.942089
3.43699
-0.762942
3.46498
-0.588219
3.48464
-0.421669
3.49751
-0.272003
3.50455
-0.146135
3.50758
-0.0529063
3.50789
0.0238911
3.50577
0.0989727
3.50158
0.172798
3.49552
0.246802
3.48779
0.320985
3.47858
0.396149
3.46834
0.472901
3.45695
0.553047
3.44442
0.638731
3.43076
0.733929
3.41553
0.845983
3.39792
0.982502
3.37663
1.16879
3.36071
1.24197
0.166277
-4.83132
0.434445
-4.86986
0.775173
-6.16364
1.10441
-5.96973
1.43404
-5.98234
1.76626
-6.03614
2.07528
-5.62147
2.33597
-4.76863
2.55136
-3.96085
2.72776
-3.26986
2.86385
-2.55415
2.96691
-1.96977
3.04656
-1.55058
3.10686
-1.21022
3.15288
-0.95888
3.18892
-0.784492
3.21748
-0.652824
3.24058
-0.560925
3.26009
-0.498842
3.27721
-0.458625
3.293
-0.433837
3.30791
-0.421548
3.32292
-0.417604
3.33752
-0.398636
3.34992
-0.346745
3.35978
-0.282843
3.36719
-0.219997
3.37242
-0.157927
3.37584
-0.0959415
3.37742
-0.0335781
3.37752
0.02906
3.37638
0.0927347
3.37437
0.158078
3.37123
0.226818
3.36708
0.301461
3.36201
0.387315
3.35581
0.490775
3.34731
0.629411
3.34165
0.717301
-0.102558
0.389362
-5.21328
0.680193
-5.29486
1.01806
-6.137
1.30704
-5.2796
1.59029
-5.18451
1.86713
-5.07238
2.11139
-4.50255
2.33448
-4.12868
2.53561
-3.74349
2.71131
-3.29352
2.86754
-2.95033
3.00531
-2.62192
3.12587
-2.31677
3.23198
-2.05983
3.32462
-1.81679
3.4051
-1.59502
3.47409
-1.3853
3.53242
-1.1849
3.58075
-0.990426
3.61928
-0.801465
3.64844
-0.617384
3.6693
-0.442527
3.68247
-0.285175
3.68971
-0.153376
3.69273
-0.0559268
3.69307
0.0235556
3.69086
0.101186
3.68634
0.177315
3.67999
0.253149
3.67189
0.329091
3.66249
0.405545
3.65172
0.483676
3.63987
0.564894
3.6271
0.651498
3.61329
0.747744
3.59784
0.861428
3.58022
1.00012
3.55841
1.19061
3.54272
1.25766
0.178634
-5.11252
0.461442
-5.15267
0.820792
-6.52299
1.16789
-6.31683
1.51547
-6.32993
1.86614
-6.38681
2.1918
-5.94714
2.46692
-5.04375
2.69379
-4.18773
2.8798
-3.45588
3.02333
-2.69767
3.13204
-2.07848
3.21582
-1.63436
3.27929
-1.27369
3.32775
-1.00734
3.36581
-0.822553
3.39584
-0.68285
3.42011
-0.585199
3.44063
-0.519361
3.45863
-0.476622
3.47489
-0.450104
3.49066
-0.437318
3.50643
-0.433369
3.52154
-0.413749
3.53457
-0.359773
3.54478
-0.293056
3.55256
-0.22777
3.55788
-0.163249
3.56126
-0.0993201
3.56306
-0.0353811
3.56313
0.0289896
3.56197
0.0938918
3.55957
0.160478
3.55632
0.230068
3.55211
0.305671
3.54714
0.392291
3.54056
0.497352
3.53198
0.637992
3.52632
0.722961
-0.10487
0.407333
-5.51574
0.714065
-5.6016
1.07026
-6.4932
1.37504
-5.58437
1.67388
-5.48335
1.96559
-5.36408
2.22324
-4.7602
2.45821
-4.36365
2.6704
-3.95568
2.85559
-3.47871
3.02023
-3.11497
3.16535
-2.76704
3.29234
-2.44376
3.40408
-2.17157
3.50154
-1.91425
3.58633
-1.6798
3.65897
-1.45794
3.7204
-1.24633
3.77107
-1.04109
3.81153
-0.841925
3.84225
-0.648109
3.86389
-0.464166
3.87775
-0.299034
3.8852
-0.160826
3.88848
-0.0592032
3.88869
0.0233427
3.88611
0.103767
3.88139
0.182031
3.87462
0.259929
3.86612
0.337584
3.85626
0.415411
3.84507
0.49486
3.83302
0.576945
3.81999
0.664528
3.80585
0.761882
3.79002
0.877256
3.77222
1.01792
3.75027
1.21256
3.7345
1.27343
0.191648
-5.40903
0.489923
-5.45095
0.868948
-6.90201
1.23511
-6.68299
1.60171
-6.69653
1.97138
-6.75647
2.31493
-6.2907
2.60489
-5.3337
2.84421
-4.42705
3.04027
-3.65193
3.19151
-2.84892
3.30616
-2.19313
3.39437
-1.72258
3.46141
-1.34072
3.51247
-1.05841
3.55231
-0.86239
3.58394
-0.714479
3.60965
-0.61091
3.63108
-0.540792
3.64996
-0.495501
3.66711
-0.46725
3.68364
-0.45385
3.70004
-0.449769
3.71593
-0.429638
3.72948
-0.373322
3.74019
-0.303775
3.74821
-0.235787
3.7539
-0.168938
3.75738
-0.102801
3.75903
-0.0370258
3.75908
0.0289404
3.75778
0.0951912
3.75538
0.162872
3.75203
0.233424
3.74774
0.309962
3.74232
0.397702
3.73574
0.503939
3.7268
0.646927
3.721
0.728765
-0.107313
0.426293
-5.83472
0.749758
-5.92506
1.12539
-6.86883
1.44688
-5.90586
1.76182
-5.79829
2.06942
-5.67168
2.34109
-5.03187
2.58899
-4.61154
2.8125
-4.17919
3.00754
-3.67375
3.18123
-3.28866
3.33406
-2.91988
3.46784
-2.57754
3.5856
-2.28932
3.68841
-2.01706
3.77747
-1.76886
3.85399
-1.53447
3.91866
-1.311
3.9719
-1.09433
4.01428
-0.884305
4.04668
-0.680509
4.06935
-0.486841
4.08376
-0.313447
4.09155
-0.16861
4.0948
-0.0624526
4.09488
0.0232592
4.09233
0.106315
4.08714
0.187225
4.08005
0.267012
4.07116
0.346474
4.06082
0.425759
4.04934
0.506333
4.03693
0.589358
4.02348
0.677983
4.00884
0.776516
3.99301
0.89309
3.97472
1.03621
3.95231
1.23497
3.93645
1.28929
0.205413
-5.72176
0.519989
-5.76552
0.91974
-7.30176
1.30591
-7.06917
1.69251
-7.08312
2.08238
-7.14634
2.44478
-6.6531
2.75067
-5.63959
3.00301
-4.67939
3.20979
-3.85871
3.36919
-3.00832
3.48994
-2.31387
3.58313
-1.81576
3.65351
-1.4111
3.70732
-1.11222
3.74947
-0.904542
3.78258
-0.74759
3.80949
-0.637824
3.83223
-0.563523
3.85188
-0.515157
3.87006
-0.485425
3.88722
-0.471009
3.90454
-0.467089
3.92122
-0.446321
3.93544
-0.387544
3.94656
-0.314889
3.95483
-0.244059
3.96077
-0.174878
3.96436
-0.106399
3.96599
-0.0386555
3.96603
0.028903
3.96473
0.0964953
3.96208
0.165523
3.95848
0.237018
3.95398
0.314461
3.94851
0.403176
3.94178
0.510664
3.93247
0.656236
3.92663
0.734604
-0.109881
0.446297
-6.17114
0.787426
-6.26619
1.18359
-7.26499
1.52255
-6.24482
1.85464
-6.13038
2.17893
-5.99597
2.46524
-5.31818
2.72658
-4.87288
2.9623
-4.41491
3.16808
-3.87954
3.35092
-3.47149
3.51212
-3.08108
3.65295
-2.71836
3.77707
-2.41345
3.88519
-2.12519
3.97917
-1.86285
4.0597
-1.615
4.12771
-1.37901
4.18364
-1.15025
4.22845
-0.929121
4.26225
-0.714301
4.28608
-0.510674
4.30116
-0.328524
4.30926
-0.176712
4.31262
-0.0658114
4.31256
0.0233121
4.30977
0.109108
4.3045
0.192496
4.29683
0.27468
4.28767
0.355635
4.27669
0.436738
4.26478
0.518247
4.25171
0.602422
4.23794
0.691754
4.22307
0.791386
4.20678
0.909377
4.18824
1.05475
4.16522
1.258
4.14949
1.30501
0.219967
-6.05161
0.551737
-6.09729
0.973292
-7.72332
1.38069
-7.47657
1.78847
-7.4909
2.19966
-7.55754
2.58174
-7.03517
2.90427
-5.96212
3.17057
-4.94569
3.38852
-4.07666
3.55663
-3.17643
3.68403
-2.44127
3.78196
-1.9137
3.85635
-1.48549
3.91294
-1.16881
3.95729
-0.948889
3.9923
-0.782606
4.02056
-0.666078
4.04435
-0.587313
4.06518
-0.535989
4.08413
-0.504374
4.10234
-0.489224
4.12032
-0.485067
4.13796
-0.46396
4.15286
-0.402443
4.16439
-0.32642
4.17319
-0.252864
4.17914
-0.180821
4.183
-0.11026
4.18462
-0.0402822
4.18466
0.0288673
4.18296
0.0981915
4.18032
0.168163
4.17662
0.240719
4.17203
0.319053
4.16624
0.408966
4.15921
0.517695
4.14965
0.665794
4.14364
0.740622
-0.112574
0.467372
-6.52594
0.827118
-6.62594
1.24489
-7.68277
1.60225
-6.60218
1.95252
-6.48066
2.29465
-6.33809
2.59652
-5.62006
2.87205
-5.1484
3.12048
-4.66334
3.33739
-4.09645
3.53015
-3.66426
3.69994
-3.25087
3.84843
-2.86686
3.97917
-2.54418
4.09311
-2.23913
4.19188
-1.96161
4.27677
-1.69989
4.34837
-1.45061
4.40735
-1.20924
4.45432
-0.976088
4.48988
-0.749866
4.51473
-0.535519
4.5306
-0.344391
4.53901
-0.185131
4.54247
-0.0692631
4.5424
0.0233751
4.53922
0.112293
4.53359
0.198124
4.52574
0.282534
4.51589
0.365485
4.50467
0.447953
4.49217
0.530753
4.4787
0.615885
4.46432
0.706132
4.44917
0.806537
4.43228
0.926274
4.41331
1.07371
4.38977
1.28154
4.37375
1.32103
0.23528
-6.39946
0.585165
-6.44718
1.02984
-8.16799
1.45954
-7.90626
1.88959
-7.92095
2.32333
-7.99128
2.72644
-7.43828
3.06657
-6.30225
3.34715
-5.22627
3.57709
-4.3066
3.75448
-3.35382
3.88857
-2.57535
3.99206
-2.01719
4.07036
-1.56379
4.13
-1.22845
4.17669
-0.995585
4.21349
-0.819405
4.24336
-0.69595
4.26836
-0.612312
4.29025
-0.557874
4.31013
-0.524255
4.32913
-0.508228
4.34833
-0.504258
4.36653
-0.482163
4.38227
-0.418185
4.39449
-0.338637
4.40345
-0.261831
4.40994
-0.187309
4.41368
-0.114001
4.41545
-0.0420506
4.41536
0.0289552
4.41381
0.0997458
4.41092
0.171051
4.40685
0.24479
4.40203
0.32387
4.39617
0.414824
4.38871
0.525156
4.37876
0.675742
4.37242
0.746966
-0.115407
0.489605
-6.90014
0.869026
-7.00536
1.30958
-8.12332
1.68651
-6.97911
2.05588
-6.85003
2.41647
-6.69868
2.73479
-5.93838
3.02528
-5.43889
3.28732
-4.92538
3.51585
-4.32498
3.71903
-3.86744
3.89792
-3.42976
4.05459
-3.02353
4.19218
-2.68176
4.31232
-2.35928
4.41647
-2.06575
4.50573
-1.78914
4.58101
-1.5259
4.64317
-1.2714
4.69253
-1.02545
4.72985
-0.787184
4.75623
-0.561891
4.77273
-0.360896
4.78145
-0.193847
4.78513
-0.0729435
4.78491
0.0235935
4.7816
0.115596
4.77548
0.204253
4.76716
0.290854
4.75688
0.375763
4.74514
0.459688
4.73203
0.543865
4.71801
0.629902
4.70314
0.721007
4.68742
0.822254
4.67014
0.943553
4.65073
1.09313
4.6265
1.30578
4.61029
1.33723
0.2515
-6.76637
0.620604
-6.81628
1.08948
-8.63687
1.5427
-8.35947
1.99626
-8.37452
2.45389
-8.44891
2.87899
-7.86338
3.23783
-6.66109
3.53379
-5.52223
3.77629
-4.5491
3.96314
-3.54067
4.10473
-2.71694
4.21368
-2.12614
4.29616
-1.64628
4.35915
-1.29143
4.40822
-1.04465
4.44707
-0.85826
4.47845
-0.727332
4.5048
-0.638661
4.52777
-0.580838
4.54871
-0.545197
4.56879
-0.528308
4.58868
-0.524153
4.60813
-0.501611
4.62432
-0.434376
4.63725
-0.351569
4.64678
-0.271364
4.65331
-0.193831
4.65734
-0.118035
4.65913
-0.043841
4.65893
0.0291554
4.65713
0.101545
4.65413
0.174049
4.65009
0.248836
4.64492
0.329037
4.63859
0.421154
4.63095
0.532794
4.6206
0.686095
4.61418
0.753384
-0.118388
0.513052
-7.2948
0.913219
-7.40552
1.37795
-8.58805
1.77536
-7.37652
2.16485
-7.23952
2.54508
-7.07892
2.88077
-6.27407
3.1871
-5.74522
3.46312
-5.2014
3.70403
-4.56589
3.91826
-4.08168
4.10701
-3.6185
4.27182
-3.18834
4.41702
-2.82696
4.54346
-2.48572
4.65326
-2.17556
4.74736
-1.88324
4.82658
-1.60511
4.8919
-1.33673
4.9439
-1.07744
4.98322
-0.826506
5.0107
-0.589376
5.02809
-0.378286
5.03724
-0.202995
5.04086
-0.0765606
5.04076
0.0236951
5.03718
0.119177
5.03081
0.210619
5.02201
0.299651
5.01116
0.386614
4.99876
0.472092
4.98516
0.557464
4.97057
0.644488
4.95518
0.736398
4.93887
0.838568
4.92105
0.961367
4.90101
1.11317
4.87605
1.33074
4.85963
1.35365
0.268578
-7.15333
0.657782
-7.20548
1.15261
-9.1317
1.63055
-8.83741
2.10909
-8.85306
2.59159
-8.93141
3.03994
-8.31173
3.41844
-7.03959
3.73061
-5.8344
3.98626
-4.80474
4.18337
-3.73778
4.33264
-2.86621
4.4476
-2.2411
4.53458
-1.73326
4.60079
-1.35764
4.65264
-1.0965
4.69345
-0.899068
4.7266
-0.76049
4.75419
-0.666241
4.7785
-0.605151
4.80052
-0.567223
4.82156
-0.549347
4.84256
-0.54515
4.86288
-0.521929
4.8802
-0.451702
4.89347
-0.364832
4.90345
-0.28135
4.91029
-0.200666
4.91463
-0.122373
4.91632
-0.0455355
4.91615
0.0293251
4.91425
0.103449
4.91101
0.177283
4.90661
0.253241
4.90121
0.334433
4.89481
0.427554
4.88672
0.540885
4.87583
0.696985
4.86907
0.760146
-0.121524
0.537784
-7.71106
0.959807
-7.82755
1.44977
-9.07801
1.86909
-7.79585
2.27975
-7.65018
2.68078
-7.47995
3.03472
-6.628
3.35754
-6.06804
3.64868
-5.49254
3.90287
-4.82007
4.1285
-4.30731
4.32735
-3.81735
4.50119
-3.36218
4.65425
-2.98002
4.78749
-2.61896
4.90302
-2.2911
5.00208
-1.9823
5.08575
-1.68878
5.15446
-1.40543
5.20908
-1.13206
5.25051
-0.867943
5.27934
-0.618201
5.29761
-0.396561
5.30718
-0.212558
5.31099
-0.0803738
5.31071
0.0239713
5.30699
0.122897
5.30024
0.217371
5.29096
0.308934
5.27952
0.398051
5.26644
0.485174
5.2522
0.5717
5.23703
0.659664
5.22109
0.752331
5.20403
0.855633
5.18578
0.979619
5.16495
1.134
5.13923
1.35646
5.12242
1.37046
0.286633
-7.56149
0.69732
-7.61617
1.21891
-9.65329
1.72319
-9.34169
2.22781
-9.35769
2.7368
-9.4404
3.20988
-8.78481
3.60904
-7.43876
3.9384
-6.16376
4.20802
-5.07436
4.41585
-3.94561
4.57323
-3.02359
4.69437
-2.36224
4.78611
-1.825
4.85597
-1.4275
4.91062
-1.15115
4.95352
-0.941968
4.98834
-0.795316
5.01756
-0.69546
5.04311
-0.630696
5.06623
-0.590345
5.08837
-0.571485
5.11062
-0.567408
5.13183
-0.543137
5.14991
-0.46978
5.16405
-0.378971
5.17451
-0.291807
5.18167
-0.20783
5.18593
-0.126636
5.18794
-0.0475418
5.18755
0.0297162
5.18568
0.105316
5.18209
0.180878
5.17758
0.257746
5.17197
0.340045
5.16509
0.434433
5.15669
0.549287
5.14526
0.708409
5.13814
0.767263
-0.124854
0.56387
-8.15008
1.00905
-8.27273
1.52587
-9.59482
1.96789
-8.23787
2.401
-8.0833
2.82386
-7.90281
3.19706
-7.0012
3.53752
-6.40851
3.84455
-5.79957
4.11224
-5.08776
4.35046
-4.54553
4.56001
-4.0269
4.74326
-3.54543
4.90426
-3.14102
5.0448
-2.75949
5.16658
-2.41288
5.27097
-2.08669
5.35891
-1.77672
5.43125
-1.47777
5.48886
-1.18967
5.53238
-0.911465
5.56282
-0.648642
5.58182
-0.415559
5.59203
-0.222773
5.59591
-0.0842483
5.59559
0.0242928
5.59157
0.126908
5.58443
0.224516
5.57465
0.318714
5.56275
0.409951
5.54911
0.498816
5.53422
0.586587
5.51816
0.675717
5.50141
0.769087
5.48383
0.873212
5.46472
0.998729
5.44333
1.15538
5.41669
1.3831
5.39947
1.38769
0.305651
-7.992
0.738671
-8.04919
1.28914
-10.2038
1.82098
-9.87353
2.35344
-9.89014
2.89029
-9.97726
3.38922
-9.28373
3.81014
-7.85968
4.1574
-6.51103
4.44184
-5.35879
4.66108
-4.16486
4.82712
-3.18963
4.95486
-2.48997
5.05141
-1.92155
5.12506
-1.50115
5.18266
-1.20875
5.22807
-0.987377
5.26471
-0.831959
5.29558
-0.726331
5.32224
-0.657358
5.34674
-0.61484
5.37
-0.594745
5.39326
-0.59067
5.41576
-0.565643
5.43475
-0.488763
5.44952
-0.393742
5.46046
-0.302751
5.46811
-0.215471
5.47257
-0.131102
5.47451
-0.0494795
5.47417
0.0300531
5.47196
0.10753
5.46841
0.184429
5.46355
0.262604
5.45758
0.346011
5.45037
0.441643
5.44151
0.558148
5.42954
0.72038
5.42219
0.774607
-0.128334
0.591407
-8.61315
1.06088
-8.7422
1.606
-10.1399
2.07214
-8.70401
2.52901
-8.54017
2.97486
-8.34866
3.36837
-7.39471
3.72749
-6.76762
4.05103
-6.12312
4.33338
-5.37011
4.58425
-4.7964
4.80515
-4.24779
4.9983
-3.73859
5.16826
-3.31098
5.31633
-2.90756
5.44459
-2.54114
5.55454
-2.19664
5.64727
-1.86945
5.72348
-1.55398
5.78419
-1.25038
5.82991
-0.957189
5.86193
-0.680659
5.88203
-0.435662
5.8925
-0.233241
5.89655
-0.0883023
5.89617
0.0246764
5.89185
0.131224
5.88443
0.231934
5.87401
0.329139
5.8615
0.42246
5.84715
0.513166
5.83146
0.602277
5.81492
0.69226
5.79745
0.786557
5.7792
0.891458
5.75933
1.0186
5.7371
1.17761
5.70923
1.41097
5.69169
1.40523
0.325745
-8.44608
0.78258
-8.50602
1.36316
-10.7843
1.92404
-10.4344
2.48569
-10.4518
3.05217
-10.5437
3.57832
-9.80988
4.02252
-8.30388
4.3888
-6.8773
4.68875
-5.65875
4.91998
-4.39608
5.09498
-3.36463
5.22961
-2.6246
5.33164
-2.02358
5.40925
-1.57876
5.46995
-1.26945
5.51762
-1.03505
5.55635
-0.870685
5.58863
-0.758613
5.61708
-0.685804
5.64257
-0.640327
5.66723
-0.619405
5.69165
-0.615096
5.71521
-0.589198
5.73526
-0.508815
5.7508
-0.409286
5.76239
-0.314334
5.77026
-0.223344
5.77508
-0.135921
5.77696
-0.0513624
5.77669
0.0303232
5.77427
0.10995
5.7705
0.188194
5.7653
0.267811
5.75899
0.352321
5.7513
0.449329
5.74212
0.567326
5.72948
0.733026
5.72177
0.782317
-0.132002
0.620429
-9.10158
1.11558
-9.23735
1.69048
-10.7148
2.18219
-9.19572
2.66385
-9.02183
3.1341
-8.81892
3.54905
-7.80966
3.92759
-7.14616
4.26879
-6.46432
4.56654
-5.66786
4.8311
-5.06097
5.06409
-4.48078
5.26763
-3.94212
5.44667
-3.49003
5.60262
-3.06351
5.73801
-2.67653
5.85375
-2.31238
5.95149
-1.96718
6.03181
-1.6343
6.09558
-1.31415
6.14375
-1.00535
6.17746
-0.714369
6.19852
-0.456718
6.20948
-0.244211
6.21383
-0.0926431
6.21337
0.0251279
6.20888
0.135717
6.20091
0.239905
6.1901
0.339951
6.1767
0.435861
6.16176
0.528103
6.14526
0.618783
6.1278
0.709712
6.1096
0.804761
6.09039
0.910663
6.06987
1.03912
6.04663
1.20086
6.01789
1.4397
5.99974
1.42338
0.346941
-8.92502
0.828744
-8.98783
1.44105
-11.3966
2.03299
-11.0264
2.62534
-11.0441
3.22281
-11.1412
3.77795
-10.365
4.24641
-8.77234
4.63282
-7.26371
4.94927
-5.9752
5.19305
-4.63987
5.37758
-3.54917
5.51966
-2.76669
5.62707
-2.13098
5.70891
-1.66061
5.77288
-1.33342
5.82335
-1.08552
5.86407
-0.911396
5.89817
-0.792717
5.92789
-0.715527
5.95492
-0.667352
5.98072
-0.64521
6.0066
-0.640969
6.03149
-0.614092
6.05248
-0.529807
6.06884
-0.425642
6.08094
-0.32644
6.08919
-0.231593
6.09411
-0.140843
6.09622
-0.0534688
6.09577
0.0307771
6.09342
0.1123
6.08919
0.192426
6.08377
0.273223
6.07711
0.35898
6.06922
0.457218
6.05933
0.577216
6.04614
0.746217
6.03793
0.790535
-0.135924
0.651127
-9.61678
1.17329
-9.75952
1.77962
-11.3212
2.29828
-9.71439
2.80633
-9.52988
3.30213
-9.31472
3.73982
-8.24735
4.13892
-7.54526
4.49866
-6.82406
4.81257
-5.98177
5.09143
-5.33982
5.337
-4.72635
5.55155
-4.15666
5.74029
-3.67877
5.90476
-3.22798
6.04721
-2.81897
6.16952
-2.43469
6.27225
-2.06991
6.35692
-1.71897
6.42413
-1.38137
6.47497
-1.05619
6.51034
-0.749744
6.5326
-0.478974
6.54418
-0.255793
6.54868
-0.0971406
6.548
0.0258081
6.54331
0.140401
6.53478
0.24844
6.52343
0.351297
6.50953
0.449763
6.49359
0.544042
6.47639
0.635987
6.45814
0.727957
6.43905
0.823855
6.41914
0.930575
6.39754
1.06072
6.37352
1.22488
6.34336
1.46986
6.32456
1.44218
0.369319
-9.43026
0.87759
-9.4961
1.52357
-12.0426
2.14779
-11.6506
2.77272
-11.6691
3.40282
-11.7713
3.98849
-10.9507
4.48273
-9.26659
4.89037
-7.67135
5.22402
-6.30885
5.48131
-4.89716
5.67581
-3.74367
5.82565
-2.91652
5.939
-2.24433
6.02525
-1.74686
6.09262
-1.40079
6.14568
-1.13858
6.18865
-0.954367
6.22458
-0.828652
6.256
-0.746942
6.28458
-0.695934
6.31182
-0.672449
6.33888
-0.668035
6.36501
-0.640222
6.38723
-0.552027
6.40441
-0.442815
6.41706
-0.339092
6.42584
-0.240375
6.43101
-0.146018
6.4331
-0.0555504
6.4326
0.0312688
6.43007
0.114833
6.42578
0.196719
6.4199
0.279104
6.4129
0.365972
6.40455
0.46557
6.39421
0.587556
6.38021
0.760216
6.37163
0.79912
-0.140014
0.683402
-10.1602
1.23435
-10.3105
1.87379
-11.9606
2.4207
-10.2613
2.95642
-10.0656
3.47947
-9.83777
3.94082
-8.70869
4.36175
-7.96619
4.74119
-7.2035
5.07214
-6.31272
5.36617
-5.63385
5.62496
-4.98514
5.85128
-4.38298
6.05022
-3.87771
6.22357
-3.40133
6.37385
-2.96926
6.50242
-2.56326
6.61088
-2.17838
6.70011
-1.8082
6.77087
-1.45212
6.82436
-1.10968
6.86163
-0.78702
6.88493
-0.502271
6.8971
-0.267965
6.90173
-0.101763
6.90122
0.026311
6.89619
0.145432
6.88734
0.257287
6.87518
0.363459
6.8605
0.464449
6.84381
0.560729
6.82563
0.654171
6.80644
0.747142
6.78658
0.843711
6.76567
0.951489
6.74311
1.08329
6.71802
1.24996
6.68668
1.50121
6.66734
1.46152
0.392872
-9.96315
0.929028
-10.0323
1.61043
-12.724
2.26895
-12.3091
2.9281
-12.3282
3.59299
-12.4362
4.21068
-11.5684
4.73198
-9.78789
5.16209
-8.10146
5.51404
-6.6608
5.78516
-5.16828
5.9906
-3.9491
6.1485
-3.07442
6.26795
-2.36378
6.35891
-1.83782
6.43012
-1.472
6.48602
-1.19448
6.53128
-0.999622
6.56921
-0.866583
6.6022
-0.77993
6.63221
-0.72595
6.6609
-0.70114
6.68958
-0.696717
6.71722
-0.667863
6.74057
-0.575371
6.75858
-0.460826
6.77193
-0.352439
6.78112
-0.24957
6.78657
-0.151462
6.78877
-0.0577543
6.78825
0.0317848
6.78542
0.117668
6.78081
0.201326
6.77474
0.285179
6.76741
0.373295
6.75834
0.474638
6.74756
0.598343
6.73277
0.775006
6.72379
0.808094
-0.144375
0.717535
-10.7333
1.29858
-10.8915
1.97313
-12.6352
2.54999
-10.8382
3.11479
-10.6304
3.66646
-10.3894
4.15301
-9.19525
4.5968
-8.40998
4.99682
-7.60352
5.3458
-6.6617
5.65576
-5.9438
5.92865
-5.25803
6.16723
-4.62156
6.37697
-4.08746
6.55983
-3.58419
6.71816
-3.12759
6.85386
-2.69896
6.96817
-2.29268
7.0614
-1.90144
7.13686
-1.52758
7.19323
-1.16606
7.23198
-0.825769
7.25723
-0.527514
7.26917
-0.279915
7.27458
-0.107167
7.27369
0.0272039
7.26817
0.15095
7.2594
0.266058
7.24627
0.376585
7.23133
0.479395
7.21347
0.57858
7.19456
0.673081
7.17456
0.767151
7.15298
0.86529
7.13091
0.973557
7.10763
1.10656
7.08118
1.27641
7.04875
1.53364
7.02859
1.48168
0.417718
-10.5252
0.983298
-10.5978
1.70207
-13.4428
2.39675
-13.0038
3.09213
-13.0236
3.79354
-13.1376
4.44518
-12.22
4.99519
-10.3379
5.4486
-8.55488
5.81996
-7.03216
6.10603
-5.45435
6.32246
-4.16553
6.48913
-3.24109
6.61526
-2.48992
6.71108
-1.93364
6.78603
-1.54695
6.84507
-1.25352
6.89289
-1.04744
6.93268
-0.906379
6.96805
-0.815302
6.99952
-0.757421
7.02929
-0.730902
7.05907
-0.726498
7.08916
-0.697958
7.11272
-0.598932
7.13199
-0.480096
7.14644
-0.366887
7.15608
-0.259204
7.16181
-0.157191
7.16336
-0.0593063
7.16349
0.0316508
7.1605
0.120659
7.15572
0.206105
7.14947
0.291433
7.14169
0.381067
7.13218
0.484157
7.12082
0.609696
7.10431
0.791519
7.09523
0.81717
-0.148983
0.753594
-11.3379
1.36631
-11.5042
2.07775
-13.3466
2.68614
-11.4465
3.28214
-11.2264
3.86362
-10.9709
4.37683
-9.70846
4.84489
-8.87805
5.26676
-8.02538
5.63465
-7.0296
5.96156
-6.27071
6.24929
-5.54576
6.50089
-4.87315
6.72192
-4.30849
6.91461
-3.77688
7.08149
-3.29447
7.22429
-2.84176
7.34506
-2.41345
7.44438
-2.00077
7.52277
-1.60596
7.58185
-1.22514
7.62325
-0.867172
7.64855
-0.552809
7.66345
-0.294818
7.66761
-0.111331
7.66699
0.0278241
7.66136
0.156579
7.65078
0.276642
7.63788
0.389485
7.62132
0.495957
7.60376
0.596139
7.58251
0.694335
7.56152
0.788135
7.54074
0.886072
7.51737
0.996924
7.49255
1.13138
7.46473
1.30424
7.43065
1.56771
7.40936
1.50296
0.443927
-11.1182
1.04043
-11.1943
1.79874
-14.2011
2.53156
-13.7366
3.26526
-13.7573
4.00505
-13.8774
4.69259
-12.9076
5.27282
-10.9181
5.75119
-9.03325
6.14269
-7.42365
6.44444
-5.7561
6.67284
-4.39393
6.84859
-3.41684
6.98183
-2.62316
7.08332
-2.03513
7.16137
-1.62499
7.22423
-1.31638
7.2737
-1.09691
7.31644
-0.949119
7.3529
-0.851754
7.38663
-0.791151
7.418
-0.762272
7.45008
-0.758584
7.48028
-0.728156
7.50658
-0.625233
7.52726
-0.500772
7.541
-0.380627
7.55173
-0.269939
7.55684
-0.162302
7.56026
-0.0627263
7.55935
0.0325651
7.55542
0.124584
7.55115
0.21038
7.54393
0.298649
7.53519
0.389808
7.5251
0.494249
7.51384
0.62095
7.498
0.80736
7.48697
0.828197
-0.153828
0.79153
-11.9756
1.43812
-12.1508
2.18837
-14.0969
2.83
-12.0882
3.45852
-11.8549
4.07186
-11.5843
4.61302
-10.2496
5.1066
-9.37163
5.55148
-8.47026
5.93926
-7.41738
6.28398
-6.61544
6.58746
-5.84924
6.85253
-5.13822
7.08572
-4.54168
7.28914
-3.9803
7.46422
-3.46955
7.61528
-2.99282
7.74246
-2.54063
7.84743
-2.10574
7.92898
-1.68751
7.99128
-1.28744
8.03595
-0.911847
8.06329
-0.58014
8.07631
-0.307842
8.08269
-0.117714
8.08165
0.0288708
8.07563
0.162591
8.06603
0.286246
8.05147
0.404046
8.03462
0.512809
8.01413
0.616628
7.99398
0.714477
7.97148
0.810638
7.94788
0.909673
7.9244
1.02041
7.89815
1.15763
7.87025
1.33214
7.83344
1.60452
7.81207
1.52433
0.471634
-11.7436
1.10094
-11.8236
1.90084
-15.001
2.67387
-14.5096
3.44781
-14.5312
4.22837
-14.658
4.95351
-13.6327
5.56567
-11.5303
6.07011
-9.53769
6.48315
-7.83669
6.80156
-6.07451
7.04265
-4.63502
7.22712
-3.60131
7.36696
-2.763
7.47351
-2.14168
7.55862
-1.7101
7.62387
-1.38163
7.67752
-1.15056
7.72124
-0.992845
7.75931
-0.889819
7.79466
-0.8265
7.82898
-0.796594
7.86273
-0.792335
7.89463
-0.760057
7.92264
-0.65324
7.94237
-0.520506
7.95909
-0.397349
7.96885
-0.2797
7.9756
-0.169051
7.97801
-0.0651311
7.97606
0.034514
7.97372
0.126922
7.96706
0.217043
7.96008
0.305627
7.95157
0.398322
7.9417
0.504111
7.92806
0.634593
7.91118
0.824241
7.90124
0.838134
-0.109371
0.571879
-12.4381
1.05593
-12.6349
1.66269
-14.7036
2.24655
-12.672
2.90771
-12.5161
3.67787
-12.3544
4.5061
-11.0779
5.43792
-10.3035
6.48729
-9.51963
8.07641
-9.00649
7.75703
-6.29606
7.45819
-5.5504
7.19748
-4.87751
6.96613
-4.31033
6.76332
-3.77749
6.58596
-3.2922
6.43025
-2.83711
6.29565
-2.40603
6.18044
-1.99052
6.08696
-1.59403
6.00973
-1.21021
5.95002
-0.852134
5.90646
-0.536579
5.8778
-0.27919
5.85831
-0.0982161
5.84332
0.0438573
5.83933
0.166576
5.83031
0.295268
5.82024
0.414119
5.85041
0.482639
5.86346
0.603575
5.88204
0.695896
5.90343
0.789247
5.92892
0.884186
5.95973
0.989598
5.99567
1.12168
6.03654
1.29127
6.08845
1.55262
6.12737
1.4854
0.346378
-12.1994
0.823597
-12.3009
1.48601
-15.6634
2.22642
-15.25
3.12577
-15.4306
4.28701
-15.8192
5.74036
-15.086
7.20293
-12.9929
6.91383
-9.24859
6.66287
-7.58573
6.46791
-5.87956
6.31958
-4.48669
6.20547
-3.4872
6.11951
-2.67704
6.05253
-2.0747
6.00036
-1.65793
5.95828
-1.33954
5.92551
-1.11779
5.89717
-0.964509
5.8723
-0.864945
5.84852
-0.802727
5.8275
-0.775568
5.80824
-0.773077
5.79076
-0.742577
5.77715
-0.639629
5.77108
-0.514433
5.7673
-0.393575
5.7685
-0.280895
5.77468
-0.175237
5.78324
-0.0736831
5.7968
0.0209455
5.81409
0.109637
5.8338
0.197328
5.85731
0.282116
5.88603
0.369602
5.91748
0.472664
5.9558
0.59627
6.00414
0.775903
6.04948
0.792796
-0.118657
0.627392
-12.9469
1.15964
-13.1671
1.82676
-15.3707
2.4688
-13.3141
3.19556
-13.2428
4.04204
-13.2009
4.95238
-11.9882
5.97622
-11.3273
7.12945
-10.6729
8.87544
-10.7525
8.52483
-5.94545
8.19666
-5.22223
7.9103
-4.59115
7.6579
-4.05793
7.43465
-3.55424
7.23941
-3.09695
7.06871
-2.66642
6.92064
-2.25795
6.79609
-1.86598
6.69076
-1.4887
6.60711
-1.12656
6.54245
-0.787473
6.49538
-0.489513
6.46203
-0.245837
6.44061
-0.0767923
6.42373
0.0607314
6.41788
0.172427
6.41103
0.302116
6.40049
0.424656
6.43151
0.451619
6.4468
0.588293
6.46629
0.676406
6.48995
0.765582
6.51905
0.855089
6.55214
0.956509
6.59036
1.08347
6.63746
1.24417
6.69284
1.49723
6.73546
1.44279
0.382735
-12.7008
0.907814
-12.8259
1.63648
-16.3921
2.45108
-16.0646
3.44063
-16.4201
4.71849
-17.0971
6.31806
-16.6856
7.9278
-14.6026
7.60906
-8.92985
7.33268
-7.30935
7.11813
-5.66501
6.95344
-4.322
6.82797
-3.36172
6.73154
-2.58061
6.66038
-2.00354
6.60252
-1.60006
6.55721
-1.29424
6.51846
-1.07904
6.48671
-0.932766
6.45971
-0.837938
6.4351
-0.778124
6.41193
-0.752394
6.39057
-0.751721
6.37105
-0.72305
6.35802
-0.626603
6.34854
-0.504953
6.34529
-0.390326
6.34698
-0.282582
6.35232
-0.180575
6.36263
-0.0840004
6.37795
0.00563433
6.39563
0.0919475
6.41837
0.174589
6.4449
0.255595
6.47398
0.340517
6.50977
0.436879
6.55246
0.55358
6.60525
0.723108
6.65621
0.741839
-0.128608
0.688108
-13.5064
1.27338
-13.7524
2.00719
-16.1046
2.71285
-14.0197
3.51198
-14.0419
4.44255
-14.1315
5.44295
-12.9886
6.56823
-12.4526
7.83535
-11.94
9.75445
-12.6716
9.36847
-5.55947
9.00953
-4.86329
8.69534
-4.27696
8.4175
-3.78008
8.17321
-3.30995
7.95856
-2.8823
7.77137
-2.47923
7.60968
-2.09626
7.47168
-1.72798
7.3557
-1.37273
7.26422
-1.03508
7.19184
-0.715093
7.13853
-0.436204
7.10441
-0.211718
7.081
-0.0533791
7.06219
0.0795369
7.05709
0.177531
7.04836
0.310843
7.03465
0.438367
7.07181
0.414459
7.08795
0.572153
7.10833
0.656029
7.13556
0.738356
7.1669
0.823741
7.20358
0.919837
7.2467
1.04034
7.29602
1.19485
7.35885
1.4344
7.40514
1.3965
0.422825
-13.2522
1.00035
-13.4035
1.80213
-17.1939
2.69847
-16.961
3.78729
-17.509
5.1935
-18.5033
6.95374
-18.4458
8.72478
-16.3736
8.37211
-8.57718
8.0689
-7.00614
7.83021
-5.42633
7.65097
-4.14277
7.51298
-3.22373
7.40754
-2.47517
7.32704
-1.92304
7.26356
-1.53657
7.21378
-1.24446
7.17307
-1.03833
7.13796
-0.897658
7.10755
-0.807526
7.08084
-0.751416
7.05425
-0.725805
7.02954
-0.72701
7.00933
-0.702841
6.99431
-0.611582
6.98411
-0.494757
6.98012
-0.386327
6.98235
-0.284815
6.9882
-0.186427
7.00033
-0.0961259
7.0161
-0.0101398
7.03555
0.0724998
7.06002
0.150113
7.08959
0.226027
7.12303
0.307079
7.16319
0.396722
7.20896
0.507804
7.26756
0.664508
7.32149
0.687908
-0.139351
0.754729
-14.1218
1.39847
-14.3961
2.20516
-16.9112
2.98121
-14.7958
3.85972
-14.9205
4.8826
-15.1544
5.98223
-14.0882
7.21903
-13.6894
8.6114
-13.3323
10.7195
-14.7797
10.297
-5.13691
9.90337
-4.46969
9.55621
-3.9298
9.25128
-3.47515
8.98436
-3.04303
8.74744
-2.64538
8.54225
-2.27405
8.36411
-1.91812
8.21252
-1.57639
8.08711
-1.24732
7.985
-0.932969
7.90615
-0.636242
7.85051
-0.380563
7.81022
-0.171429
7.78476
-0.0279132
7.76395
0.100342
7.75954
0.18194
7.74755
0.322835
7.73461
0.451304
7.77385
0.375221
7.79213
0.55388
7.81599
0.632165
7.84407
0.710279
7.87895
0.78886
7.91917
0.879615
7.96582
0.993693
8.02262
1.13805
8.08881
1.3682
8.14268
1.34264
0.467212
-13.8587
1.10255
-14.0388
1.98454
-18.0759
2.97058
-17.947
4.16877
-18.7072
5.71605
-20.0505
7.65327
-20.3831
9.60307
-18.3234
9.21471
-8.18882
8.87861
-6.67003
8.61746
-5.16517
8.41866
-3.94397
8.26571
-3.07079
8.15008
-2.35954
8.06035
-1.83331
7.99134
-1.46756
7.93585
-1.18897
7.89193
-0.994411
7.85353
-0.859257
7.81976
-0.773756
7.78834
-0.720004
7.76236
-0.69982
7.73565
-0.700298
7.71219
-0.679386
7.69523
-0.59462
7.68438
-0.483906
7.68101
-0.382958
7.68119
-0.284997
7.68893
-0.194164
7.70159
-0.108788
7.7192
-0.027745
7.74177
0.0499268
7.76803
0.123853
7.79936
0.194695
7.83589
0.270548
7.87915
0.353469
7.93069
0.456255
7.99389
0.601316
8.05617
0.625629
-0.150943
0.82774
-14.7986
1.53589
-15.1043
2.42284
-17.7982
3.27612
-15.6491
4.2419
-15.8862
5.36633
-16.2788
6.57516
-15.2971
7.93446
-15.0487
9.46514
-14.863
11.7824
-17.097
11.3189
-4.67342
10.8843
-4.03505
10.5064
-3.5519
10.1713
-3.14014
9.87486
-2.74654
9.61807
-2.3886
9.39068
-2.04666
9.19593
-1.72336
9.02925
-1.40972
8.89161
-1.10968
8.77877
-0.820122
8.69332
-0.550797
8.62859
-0.315829
8.58738
-0.13022
8.55847
0.000996561
8.53561
0.123199
8.52918
0.188376
8.51921
0.332803
8.50435
0.466169
8.54696
0.332607
8.56601
0.534831
8.592
0.60617
8.6249
0.677379
8.66195
0.751811
8.70567
0.835895
8.75848
0.940883
8.82007
1.07646
8.89501
1.29327
8.95128
1.28636
0.516186
-14.5259
1.21511
-14.7377
2.18535
-19.0461
3.27043
-19.0321
4.58857
-20.0253
6.29117
-21.7531
8.42223
-22.5141
10.5667
-20.4679
10.1392
-7.76131
9.76954
-6.3004
9.48233
-4.87796
9.26426
-3.7259
9.09394
-2.90047
8.96697
-2.23257
8.86945
-1.7358
8.7937
-1.39181
8.73258
-1.12785
8.68157
-0.9434
8.63992
-0.817604
8.60286
-0.7367
8.56945
-0.686595
8.53883
-0.669204
8.50889
-0.670348
8.48489
-0.655389
8.46473
-0.574461
8.4546
-0.473781
8.44928
-0.377637
8.45144
-0.287152
8.45979
-0.202515
8.47303
-0.122029
8.49117
-0.0458927
8.51558
0.0255218
8.54628
0.0931482
8.57941
0.161574
8.62167
0.228284
8.66803
0.307109
8.72538
0.398908
8.79571
0.53098
8.86225
0.559091
-0.163451
0.907847
-15.543
1.68637
-15.8828
2.66199
-18.7738
3.60021
-16.5873
4.66192
-16.9479
5.89809
-17.515
7.22703
-16.626
8.72135
-16.543
10.4029
-16.5445
12.9497
-19.6439
12.4406
-4.16427
11.9645
-3.55896
11.5487
-3.13611
11.1805
-2.77195
10.8568
-2.42281
10.5719
-2.10369
10.3247
-1.79949
10.1091
-1.50778
9.92587
-1.22647
9.77318
-0.956981
9.65078
-0.697721
9.55597
-0.455988
9.48737
-0.247231
9.43983
-0.0826754
9.40871
0.0321111
9.38371
0.148205
9.37649
0.195595
9.36444
0.344847
9.34888
0.481736
9.39741
0.284069
9.41846
0.513789
9.44648
0.578142
9.48144
0.642423
9.52324
0.710016
9.57173
0.787403
9.62929
0.883325
9.69556
1.01019
9.77888
1.20995
9.84104
1.22419
0.570469
-15.2598
1.33901
-15.5063
2.40658
-20.1137
3.60022
-20.2257
5.05043
-21.4755
6.92391
-23.6266
9.2698
-24.86
11.6294
-22.8275
11.1572
-7.28908
10.7493
-5.89252
10.4326
-4.56123
10.1916
-3.48492
10.0068
-2.71565
9.866
-2.09181
9.75822
-1.62801
9.67321
-1.3068
9.60655
-1.0612
9.55247
-0.88932
9.50635
-0.771483
9.46473
-0.69508
9.42939
-0.651254
9.3929
-0.632714
9.36241
-0.639858
9.33398
-0.626959
9.31335
-0.553833
9.30007
-0.460495
9.29549
-0.373063
9.29705
-0.288711
9.30609
-0.211558
9.32132
-0.137256
9.34275
-0.0673236
9.3691
-0.000823492
9.40172
0.0605288
9.44069
0.122601
9.48352
0.185459
9.53707
0.253558
9.59901
0.336962
9.67555
0.454437
9.75074
0.483905
-0.177031
0.995763
-16.3617
1.85198
-16.739
2.92466
-19.8465
3.95622
-17.6188
5.12381
-18.1155
6.48285
-18.874
7.94386
-18.087
9.5869
-18.186
11.4364
-18.3941
14.2368
-22.4442
13.6763
-3.60376
13.1537
-3.0364
12.6954
-2.67784
12.291
-2.36749
11.9356
-2.06747
11.6223
-1.79034
11.3484
-1.5256
11.1131
-1.27247
10.913
-1.02641
10.7451
-0.789048
10.6103
-0.56296
10.506
-0.35168
10.4308
-0.172001
10.3782
-0.0300678
10.3435
0.0667783
10.3177
0.174006
10.3097
0.20358
10.297
0.357587
10.2781
0.500597
10.33
0.232194
10.3545
0.489341
10.3859
0.546695
10.4243
0.604027
10.4709
0.663444
10.5255
0.732813
10.5878
0.821014
10.6615
0.936484
10.7524
1.11898
10.8215
1.15518
0.630098
-16.0669
1.47586
-16.352
2.65004
-21.2879
3.96315
-21.5388
5.55878
-23.0711
7.61964
-25.6875
10.2004
-27.4407
12.7956
-25.4228
12.2762
-6.76963
11.8282
-5.44452
11.4785
-4.21153
11.2136
-3.22008
11.0093
-2.51133
10.8537
-1.93614
10.7371
-1.51142
10.643
-1.21267
10.5696
-0.987809
10.5086
-0.828338
10.4567
-0.719631
10.4133
-0.65164
10.3721
-0.610079
10.3351
-0.595693
10.3002
-0.604955
10.2687
-0.595502
10.2464
-0.531482
10.2326
-0.446744
10.2262
-0.366662
10.2285
-0.291008
10.2383
-0.221286
10.2541
-0.15311
10.2774
-0.0906432
10.3069
-0.0303246
10.3414
0.0261039
10.3834
0.0805257
10.4333
0.135566
10.49
0.196899
10.5577
0.269279
10.6437
0.368386
10.7241
0.403521
-0.191608
1.09207
-17.2621
2.03369
-17.6806
3.21349
-21.0263
4.34783
-18.7532
5.63152
-19.3992
7.12604
-20.3685
8.73232
-19.6933
10.5385
-19.9923
12.5715
-20.427
15.6522
-25.525
15.0341
-2.98557
14.4591
-2.4614
13.9563
-2.17505
13.511
-1.92223
13.1208
-1.6773
12.7773
-1.44681
12.4777
-1.22602
12.2184
-1.01318
11.9974
-0.805357
11.814
-0.605693
11.6654
-0.41433
11.5514
-0.237692
11.4667
-0.0872775
11.4101
0.0265244
11.3729
0.103937
11.342
0.204914
11.3343
0.211315
11.3192
0.372684
11.2993
0.520447
11.3568
0.1747
11.383
0.463159
11.4176
0.512122
11.4591
0.562451
11.509
0.613622
11.5682
0.673622
11.6377
0.75148
11.7197
0.85445
11.8182
1.02055
11.8947
1.07867
0.696209
-16.9547
1.62626
-17.2821
2.91804
-22.5796
4.36252
-22.9833
6.11759
-24.8262
8.38527
-27.9552
11.2238
-30.2792
14.078
-28.277
13.5076
-6.19921
13.0138
-4.95075
12.6291
-3.82682
12.3369
-2.92787
12.1121
-2.28654
11.9431
-1.76713
11.8113
-1.37962
11.7108
-1.11218
11.6281
-0.905145
11.5616
-0.761847
11.5068
-0.664801
11.4563
-0.601172
11.4121
-0.56582
11.3707
-0.554275
11.3314
-0.565732
11.2984
-0.562461
11.2732
-0.506229
11.2578
-0.431365
11.251
-0.359916
11.253
-0.292945
11.2636
-0.231959
11.2817
-0.171217
11.3073
-0.116206
11.3404
-0.063376
11.3796
-0.0131642
11.4265
0.0336434
11.4799
0.0822158
11.5427
0.134097
11.618
0.193934
11.7125
0.273879
11.8024
0.313619
-0.20744
1.19774
-18.2524
2.23339
-18.7163
3.53063
-22.3235
4.77811
-20.0007
6.18974
-20.8109
7.83305
-22.0118
9.59988
-21.4601
11.5862
-21.9786
13.8221
-22.6628
17.209
-28.9119
16.5311
-2.30769
15.8983
-1.82866
15.3449
-1.62165
14.8567
-1.43398
14.426
-1.24658
14.0478
-1.06864
13.7181
-0.896336
13.4318
-0.72689
13.1895
-0.563007
12.9878
-0.404037
12.8239
-0.250384
12.6989
-0.112724
12.6076
0.00407498
12.546
0.0880623
12.5041
0.145846
12.4726
0.236455
12.4629
0.220966
12.4473
0.388308
12.4257
0.542047
12.4907
0.109654
12.5192
0.434737
12.556
0.475324
12.6037
0.514682
12.6597
0.557648
12.725
0.608286
12.8008
0.675761
12.8906
0.764599
13.0021
0.909092
13.087
0.99378
0.769052
-17.9312
1.79198
-18.305
3.21282
-24.0005
4.80171
-24.5722
6.7325
-26.757
9.22733
-30.45
12.3482
-33.4001
15.4902
-31.4191
14.8616
-5.57059
14.3179
-4.40704
13.8962
-3.40509
13.573
-2.60473
13.3268
-2.04027
13.1381
-1.57849
12.9954
-1.23684
12.8821
-0.99896
12.7943
-0.817312
12.7211
-0.688607
12.658
-0.601735
12.6032
-0.546357
12.5545
-0.517189
12.5088
-0.508514
12.4666
-0.523562
12.428
-0.523871
12.4011
-0.47933
12.384
-0.414232
12.3767
-0.352621
12.3793
-0.295556
12.3892
-0.241883
12.4091
-0.19112
12.4364
-0.143476
12.4724
-0.0993803
12.5159
-0.0566549
12.5657
-0.0161189
12.6245
0.0233478
12.6941
0.0645076
12.776
0.112051
12.8773
0.172623
12.9737
0.217143
-0.224465
1.31361
-19.3416
2.45248
-19.8552
3.87916
-23.7502
5.25111
-21.3726
6.8036
-22.3634
8.61089
-23.8191
10.5537
-23.4029
12.7378
-24.1627
15.1984
-25.1234
18.9239
-32.6374
18.1772
-1.56096
17.4803
-1.13172
16.8711
-1.01249
16.3326
-0.895483
15.8592
-0.77312
15.4445
-0.654018
15.0817
-0.533456
14.768
-0.413234
14.5013
-0.296351
14.2783
-0.181029
14.0999
-0.0719147
13.9605
0.0266907
13.8587
0.105864
13.7895
0.157184
13.7443
0.191057
13.7069
0.273872
13.6968
0.231122
13.6794
0.40564
13.6548
0.566698
13.7233
0.0410967
13.7555
0.402577
13.7975
0.433302
13.848
0.464195
13.9095
0.496171
13.9804
0.537403
14.0641
0.592022
14.1612
0.667485
14.2799
0.790424
14.371
0.902675
0.849467
-19.0052
1.97469
-19.4302
3.53734
-25.5631
5.2849
-26.3198
7.40853
-28.8806
10.1516
-33.193
13.5861
-36.8346
17.0394
-34.8724
16.351
-4.88216
15.7521
-3.80813
15.2877
-2.94067
14.934
-2.25107
14.6611
-1.76738
14.4542
-1.37158
14.2966
-1.07922
14.1735
-0.875896
14.0743
-0.718085
13.9934
-0.607707
13.9264
-0.534766
13.8662
-0.486137
13.812
-0.463028
13.7634
-0.459839
13.7158
-0.475966
13.6746
-0.482718
13.6439
-0.448646
13.6243
-0.394635
13.6172
-0.345522
13.62
-0.298358
13.6341
-0.255972
13.6556
-0.212548
13.687
-0.174898
13.7258
-0.138192
13.7734
-0.104223
13.8298
-0.0725793
13.8954
-0.0422305
13.9719
-0.0119996
14.064
0.019938
14.1806
0.0560193
14.2902
0.107602
-0.242928
1.4408
-20.5395
2.69336
-21.1077
4.26247
-25.3193
5.77123
-22.8814
7.47877
-24.0709
9.46714
-25.8075
11.6037
-25.5395
14.0076
-26.5667
16.7136
-27.8293
20.8129
-36.7368
19.9897
-0.737687
19.2229
-0.36492
18.5515
-0.341111
17.9589
-0.302864
17.438
-0.252281
16.9809
-0.196836
16.5803
-0.132892
16.2363
-0.0692485
15.9426
-0.00268208
15.6999
0.0616873
15.5025
0.125531
15.3516
0.177586
15.2431
0.214336
15.169
0.231315
15.12
0.240035
15.0815
0.312346
15.0717
0.24099
15.0519
0.425374
15.0291
0.589521
15.1063
-0.0360845
15.1415
0.367348
15.1878
0.387026
15.2464
0.405595
15.3132
0.429349
15.3921
0.458522
15.4855
0.498618
15.5975
0.555531
15.7338
0.654095
15.8396
0.796897
0.938206
-20.1863
2.17574
-20.6677
3.8943
-27.2817
5.81631
-28.2418
8.15167
-31.216
11.1681
-36.2094
14.9444
-40.611
18.7435
-38.6715
17.9882
-4.12687
17.3317
-3.15168
16.8201
-2.42906
16.4315
-1.86241
16.13
-1.4659
15.9024
-1.14396
15.7283
-0.905121
15.5907
-0.738286
15.4818
-0.609244
15.3939
-0.519793
15.3174
-0.458229
15.253
-0.421782
15.1936
-0.403565
15.137
-0.403318
15.0855
-0.424396
15.0413
-0.438574
15.006
-0.413299
14.9855
-0.374113
14.9759
-0.335986
14.9788
-0.301232
14.9902
-0.26737
15.0141
-0.236474
15.0467
-0.207444
15.0892
-0.180742
15.1405
-0.155545
15.2007
-0.132759
15.2712
-0.112739
15.3549
-0.0956488
15.453
-0.0781873
15.5731
-0.064042
15.6872
-0.00647172
-0.262601
1.57986
-21.8567
2.95764
-22.4855
4.68341
-27.0451
6.34308
-24.541
8.22154
-25.9494
10.4084
-27.9943
12.759
-27.8901
15.4034
-29.211
18.3819
-30.8079
22.8918
-41.2467
21.9851
0.168982
21.139
0.48118
20.4001
0.397863
19.7485
0.348736
19.1752
0.321019
18.6692
0.309149
18.2312
0.305117
17.8503
0.311593
17.5281
0.319544
17.2569
0.332865
17.0401
0.342383
16.8706
0.347073
16.7457
0.339199
16.6612
0.315901
16.6041
0.297089
16.5606
0.355874
16.5471
0.254507
16.5253
0.44715
16.4939
0.620895
16.5778
-0.119978
16.615
0.330163
16.665
0.337027
16.725
0.345651
16.7987
0.355646
16.8858
0.37141
16.9855
0.398941
17.1016
0.439371
17.2417
0.51403
17.349
0.68958
1.03623
-21.4851
2.39691
-22.0284
4.28683
-29.1716
6.40012
-30.3551
8.96856
-33.7844
12.2863
-39.5272
16.4372
-44.7618
20.6185
-42.8528
19.788
-3.29634
19.0688
-2.43251
18.5048
-1.86502
18.0754
-1.43302
17.7443
-1.13474
17.496
-0.895677
17.305
-0.714176
17.1555
-0.588771
17.0379
-0.491657
16.939
-0.42088
16.8573
-0.376484
16.7831
-0.347648
16.7175
-0.33789
16.656
-0.341866
16.5988
-0.367132
16.5486
-0.38845
16.5132
-0.377823
16.49
-0.35091
16.4804
-0.326458
16.4846
-0.3054
16.4999
-0.282664
16.5276
-0.264216
16.5652
-0.244994
16.6126
-0.228128
16.6699
-0.212828
16.7385
-0.201428
16.8177
-0.191848
16.9093
-0.187336
17.0215
-0.190334
17.1635
-0.206008
17.2992
-0.142196
-0.28367
1.73229
3.24749
5.14599
6.97199
9.03867
11.4455
14.0332
16.9428
20.2199
25.1823
24.1835
23.2505
22.4356
21.7151
21.0827
20.5285
20.0439
19.6272
19.2722
18.9795
18.7447
18.5674
18.4389
18.3523
18.2957
18.2515
18.2408
18.2218
18.1975
18.2898
18.3346
18.3928
18.4648
18.5491
18.6469
18.7624
18.9001
19.0729
19.2049
1.1446
2.64072
4.71834
7.0416
9.86409
13.5106
18.078
22.6746
21.7694
20.9793
20.3598
19.886
19.5193
19.2386
19.0252
18.8576
18.7244
18.6178
18.5267
18.4491
18.3776
18.3127
18.2496
18.1928
18.1496
18.1225
18.1102
18.1102
18.1254
18.1518
18.1908
18.2412
18.3029
18.3748
18.4594
18.5594
18.6755
18.8162
18.953
0.00368502
-0.0378361
0.150243
-0.0563096
0.168358
-0.0711432
0.192764
-0.0843336
0.21858
-0.0963687
0.24449
-0.108136
0.26851
-0.11996
0.288578
-0.131181
0.30575
-0.141264
0.322951
-0.150019
0.341562
-0.15741
0.36163
-0.163462
0.382997
-0.168224
0.405639
-0.171752
0.429647
-0.1741
0.455137
-0.175316
0.482177
-0.175465
0.510838
-0.174599
0.541206
-0.172776
0.573376
-0.170062
0.607416
-0.166522
0.643442
-0.162207
0.681517
-0.157205
0.721771
-0.151553
0.764292
-0.145324
0.809198
-0.13857
0.856589
-0.131348
0.906614
-0.12371
0.959415
-0.115705
1.01493
-0.107379
1.07371
-0.0987788
1.13547
-0.0899496
1.20047
-0.0809333
1.26923
-0.0717724
1.34146
-0.0625105
1.41755
-0.0531892
1.49773
-0.0438512
1.58213
-0.0345392
1.67098
-0.0252951
1.7644
-0.0161592
1.86277
-0.00717044
1.96633
0.00163326
2.07546
0.010219
2.19014
0.0185557
2.31086
0.0266143
2.43803
0.03437
2.57188
0.0418021
2.71265
0.0488946
2.861
0.0556352
3.01704
0.0620164
3.18157
0.0680314
3.35469
0.0736871
3.53706
0.0789796
3.72921
0.083917
3.93151
0.0885084
4.1449
0.0927645
4.3695
0.0966981
4.60636
0.100323
4.856
0.103655
5.11909
0.106706
5.39641
0.109504
5.68889
0.112053
5.99719
0.114373
6.32224
0.116479
6.66523
0.118387
7.02668
0.120109
7.40764
0.121661
7.81052
0.122714
6.12632
0.123738
6.73443
0.124707
7.40417
0.125658
8.14173
0.126503
8.95044
0.127358
9.84019
0.128052
10.8208
0.128747
11.894
0.129358
13.0864
0.129597
14.3708
0.130578
15.8386
0.129428
17.3502
19.2026
-0.0174832
0.165573
-0.0298305
0.196273
-0.04352
0.222135
-0.0579945
0.244372
-0.0728422
0.264423
-0.0875527
0.282237
-0.101394
0.298536
-0.11396
0.31502
-0.125217
0.332523
-0.135222
0.351182
-0.144057
0.371075
-0.151759
0.392172
-0.158397
0.414557
-0.164027
0.438281
-0.16871
0.463419
-0.172497
0.490066
-0.17547
0.518253
-0.177668
0.548089
-0.179168
0.579659
-0.180029
0.613024
-0.180319
0.648292
-0.180097
0.685586
-0.179427
0.724944
-0.178367
0.766518
-0.176972
0.810404
-0.175292
0.85674
-0.173377
0.905575
-0.171268
0.957173
-0.169007
1.01163
-0.166628
1.06903
-0.164166
1.12936
-0.161643
1.19327
-0.159105
1.26063
-0.156562
1.33143
-0.154044
1.40633
-0.151571
1.48506
-0.149167
1.56828
-0.14685
1.65585
-0.144639
1.74831
-0.142547
1.84577
-0.14059
1.94851
-0.138779
2.05678
-0.137122
2.171
-0.135621
2.29156
-0.134289
2.4186
-0.133126
2.55252
-0.132124
2.69386
-0.131282
2.84302
-0.130595
3.00028
-0.130055
3.16631
-0.129656
3.34125
-0.129385
3.52605
-0.129232
3.72085
-0.129188
3.92659
-0.129239
4.14369
-0.129375
4.37256
-0.129585
4.61439
-0.129857
4.86934
-0.13018
5.13847
-0.130546
5.42256
-0.13094
5.72216
-0.131368
6.03835
-0.13181
6.37207
-0.132264
6.72425
-0.132723
7.09569
-0.133184
7.48743
-0.13364
7.9017
-0.133965
6.04981
-0.134303
6.65655
-0.13464
7.32183
-0.135
8.05652
-0.135348
8.8626
-0.135696
9.75109
-0.13606
10.7245
-0.13631
11.8027
-0.136805
12.9742
-0.136714
14.2901
-0.137528
15.688
-0.136594
17.2983
18.9549
-0.00725702
-0.00809397
0.165584
-0.0179771
0.178235
-0.0242759
0.199059
-0.0286471
0.222946
-0.0316867
0.247526
-0.0340811
0.270899
-0.0366565
0.29115
-0.0396831
0.308771
-0.0432332
0.326498
-0.0472782
0.345603
-0.0516637
0.366014
-0.0562532
0.387583
-0.0609159
0.410302
-0.0655429
0.434271
-0.0700167
0.45961
-0.0742351
0.486393
-0.0780995
0.514702
-0.0815258
0.544631
-0.0844318
0.576283
-0.0867582
0.609742
-0.0884513
0.645136
-0.0894732
0.682538
-0.089786
0.722084
-0.0893841
0.76389
-0.0882616
0.808076
-0.0864245
0.854752
-0.0838899
0.90408
-0.0806864
0.956211
-0.076839
1.01108
-0.0723945
1.06926
-0.0673945
1.13047
-0.0618889
1.19497
-0.0559262
1.26327
-0.0495597
1.3351
-0.0428426
1.41083
-0.0358301
1.49072
-0.0285729
1.57487
-0.0211287
1.66354
-0.0135488
1.75682
-0.00588619
1.85511
0.00181014
1.95864
0.00949334
2.06778
0.017118
2.18251
0.02464
2.30334
0.0320202
2.43065
0.0392225
2.56467
0.0462146
2.70566
0.0529689
2.85425
0.0594619
3.01055
0.0656749
3.17536
0.0715953
3.34877
0.0772055
3.53145
0.0825063
3.72391
0.0874927
3.92653
0.0921655
4.14023
0.0965283
4.36513
0.100588
4.6023
0.104352
4.85224
0.107832
5.11561
0.111044
5.3932
0.113992
5.68594
0.11669
5.99449
0.11916
6.31977
0.121412
6.66298
0.123458
7.02464
0.125312
7.40579
0.126989
7.80884
0.128129
6.12518
0.129243
6.73332
0.130307
7.40311
0.131339
8.1407
0.132272
8.94951
0.133207
9.83925
0.133967
10.82
0.134753
11.8932
0.135414
13.0857
0.135743
14.3704
0.136777
15.8376
0.135804
17.3511
19.2002
-0.0172659
0.175577
-0.0211596
0.200164
-0.0241487
0.225121
-0.0273816
0.247602
-0.0307829
0.267821
-0.0345224
0.285974
-0.0388453
0.302856
-0.0438745
0.320048
-0.0495569
0.338203
-0.0557637
0.357387
-0.0623513
0.377661
-0.0692041
0.399024
-0.0762042
0.421556
-0.0832417
0.445318
-0.0902165
0.470393
-0.0970395
0.496888
-0.103614
0.524827
-0.109878
0.554352
-0.115765
0.585546
-0.121223
0.618482
-0.126213
0.65328
-0.130702
0.690075
-0.134676
0.728917
-0.138128
0.76997
-0.14106
0.813337
-0.143486
0.859165
-0.145426
0.907515
-0.146909
0.958656
-0.147967
1.01269
-0.148636
1.0697
-0.148955
1.12968
-0.148971
1.19328
-0.148708
1.26037
-0.148224
1.33095
-0.147552
1.40566
-0.14673
1.48424
-0.145794
1.56734
-0.144779
1.65484
-0.143715
1.74724
-0.142632
1.84468
-0.141554
1.94743
-0.140507
2.05574
-0.139509
2.17
-0.138583
2.29064
-0.137734
2.41775
-0.136972
2.55176
-0.136314
2.6932
-0.135762
2.84246
-0.135318
2.99983
-0.134981
3.16597
-0.13475
3.34102
-0.134622
3.52592
-0.134589
3.72082
-0.134647
3.92665
-0.134787
4.14383
-0.135001
4.37277
-0.135284
4.61467
-0.13562
4.86968
-0.135998
5.13884
-0.136419
5.42298
-0.136876
5.72262
-0.137348
6.03883
-0.137841
6.37256
-0.13835
6.72475
-0.138854
7.0962
-0.139363
7.48794
-0.139866
7.9022
-0.140229
6.05017
-0.140598
6.65692
-0.14098
7.32222
-0.141368
8.05691
-0.141753
8.86298
-0.14214
9.75147
-0.142543
10.7249
-0.142832
11.803
-0.143375
12.9748
-0.143315
14.29
-0.144204
15.6889
-0.143351
17.2974
18.957
-0.0187615
0.00606505
0.178274
-0.00431875
0.188616
-0.011356
0.206091
-0.0162416
0.227828
-0.0199372
0.251216
-0.0231541
0.274112
-0.0264459
0.294435
-0.0296035
0.311925
-0.0324452
0.329334
-0.0350441
0.348199
-0.0374291
0.368394
-0.0396145
0.389767
-0.041628
0.412311
-0.0434869
0.436129
-0.0452087
0.461329
-0.04679
0.487974
-0.0482361
0.516146
-0.0495318
0.545927
-0.0506588
0.577408
-0.0515938
0.610677
-0.0523127
0.645854
-0.0527723
0.682998
-0.0529489
0.72226
-0.0527949
0.763736
-0.0522861
0.807567
-0.0513805
0.853847
-0.0500586
0.902758
-0.0482896
0.954443
-0.0460669
1.00886
-0.0433727
1.06657
-0.0402125
1.12731
-0.0365911
1.19135
-0.0325243
1.2592
-0.0280301
1.3306
-0.0231381
1.40594
-0.0178788
1.48546
-0.0122927
1.56928
-0.00641894
1.65766
-0.000302123
1.75071
0.00601495
1.84879
0.0124862
1.95217
0.0190654
2.0612
0.0257042
2.17587
0.0323576
2.29669
0.0389843
2.42402
0.0455443
2.55811
0.0519966
2.6992
0.0583082
2.84793
0.0644479
3.00441
0.0703864
3.16942
0.0761052
3.34305
0.0815831
3.52597
0.0868057
3.71868
0.091765
3.92157
0.0964488
4.13555
0.100856
4.36073
0.104987
4.59817
0.108841
4.84838
0.112429
5.11202
0.115757
5.38988
0.118832
5.68287
0.121669
5.99165
0.124267
6.31717
0.12665
6.66059
0.128825
7.02246
0.130808
7.40381
0.132601
7.80705
0.133827
6.12395
0.135027
6.73212
0.136174
7.40196
0.137294
8.13958
0.138313
8.94849
0.139321
9.83824
0.140189
10.8191
0.141002
11.8924
0.141805
13.0849
0.142133
14.3701
0.143345
15.8364
0.142411
17.3521
19.1977
-0.0293961
0.186209
-0.0363027
0.207068
-0.0414233
0.230239
-0.0462902
0.252467
-0.0510716
0.2726
-0.0555979
0.290498
-0.0597906
0.307047
-0.0637633
0.324019
-0.0675986
0.342037
-0.0713347
0.361122
-0.0750024
0.381327
-0.0786281
0.402648
-0.0822403
0.425167
-0.0858562
0.448933
-0.0894944
0.474031
-0.0931576
0.50055
-0.0968475
0.528516
-0.100545
0.558049
-0.104244
0.589244
-0.107918
0.622156
-0.111545
0.656907
-0.115083
0.693613
-0.118511
0.732345
-0.121796
0.773254
-0.124898
0.816438
-0.127788
0.862055
-0.130449
0.910176
-0.132857
0.961063
-0.134998
1.01483
-0.136864
1.07157
-0.138453
1.13127
-0.13977
1.1946
-0.140826
1.26143
-0.141639
1.33176
-0.14222
1.40624
-0.142595
1.48462
-0.14279
1.56754
-0.14283
1.65488
-0.142738
1.74715
-0.142553
1.8445
-0.142284
1.94716
-0.141967
2.05542
-0.141628
2.16966
-0.141273
2.29028
-0.140934
2.41741
-0.140622
2.55145
-0.140357
2.69293
-0.140139
2.84225
-0.139982
2.99967
-0.139887
3.16588
-0.139867
3.341
-0.139922
3.52597
-0.14004
3.72093
-0.14023
3.92684
-0.140489
4.14409
-0.140799
4.37308
-0.141167
4.61504
-0.141583
4.87009
-0.142039
5.1393
-0.142528
5.42347
-0.143044
5.72314
-0.143581
6.03936
-0.144133
6.37311
-0.144693
6.72531
-0.145262
7.09676
-0.145823
7.4885
-0.146374
7.90275
-0.146769
6.05056
-0.147184
6.65733
-0.147597
7.32263
-0.148031
8.05735
-0.148459
8.86341
-0.148878
9.75189
-0.149347
10.7253
-0.149644
11.8032
-0.150281
12.9754
-0.150204
14.2899
-0.151227
15.6899
-0.150375
17.2966
18.9591
-0.0306713
0.0235188
0.185422
0.0172157
0.194916
0.0132393
0.210065
0.0111882
0.229875
0.0100483
0.252353
0.00874637
0.275409
0.00635148
0.296827
0.00303352
0.315238
-0.000379981
0.332745
-0.00367734
0.351492
-0.00682422
0.371539
-0.00979676
0.392735
-0.0125651
0.415078
-0.0151146
0.438675
-0.0174235
0.463637
-0.0194845
0.490032
-0.0212828
0.517944
-0.0228158
0.547458
-0.0240771
0.578669
-0.025066
0.611664
-0.0257792
0.646567
-0.0262185
0.683436
-0.026378
0.72242
-0.0262579
0.763615
-0.0258494
0.807159
-0.0251503
0.853147
-0.0241464
0.901754
-0.0228335
0.953129
-0.0211979
1.00722
-0.0192324
1.0646
-0.0169246
1.125
-0.0142717
1.18869
-0.0112676
1.2562
-0.00791517
1.32725
-0.00421821
1.40224
-0.000188002
1.48143
0.00416186
1.56493
0.00881145
1.65301
0.0137364
1.74578
0.0189064
1.84362
0.0242884
1.94678
0.0298467
2.05564
0.0355434
2.17018
0.0413389
2.29089
0.0471942
2.41817
0.0530698
2.55224
0.058927
2.69335
0.0647295
2.84213
0.0704424
2.9987
0.0760368
3.16382
0.0814772
3.33761
0.0867456
3.5207
0.0918212
3.71361
0.0966783
3.91671
0.101312
4.13091
0.105708
4.35633
0.109862
4.59401
0.113773
4.84447
0.11743
5.10837
0.120847
5.38646
0.124024
5.67969
0.126967
5.98871
0.12969
6.31445
0.132188
6.6581
0.134483
7.02017
0.13658
7.40171
0.138493
7.80514
0.139804
6.12264
0.14109
6.73083
0.142326
7.40072
0.143531
8.13837
0.144641
8.94738
0.145729
9.83716
0.146686
10.8182
0.147563
11.8915
0.148475
13.084
0.148853
14.3697
0.150176
15.835
0.149376
17.3529
19.1951
-0.0371729
0.192709
-0.0418076
0.211701
-0.0449873
0.233418
-0.0479567
0.255435
-0.051331
0.275973
-0.0550954
0.294262
-0.0590021
0.310953
-0.0629546
0.327971
-0.0669266
0.346008
-0.0708825
0.365077
-0.0747947
0.385239
-0.0786437
0.406497
-0.0824141
0.428937
-0.0860935
0.452612
-0.0896762
0.477613
-0.0931491
0.504023
-0.0965179
0.531884
-0.0997804
0.561311
-0.102939
0.592402
-0.105996
0.625213
-0.108957
0.659867
-0.111828
0.696483
-0.114599
0.735116
-0.117283
0.775937
-0.119872
0.819028
-0.122363
0.864546
-0.124749
0.912561
-0.127021
0.963335
-0.129169
1.01698
-0.131184
1.07358
-0.133054
1.13314
-0.134771
1.19632
-0.136328
1.26298
-0.137722
1.33315
-0.138951
1.40747
-0.140017
1.48568
-0.140927
1.56845
-0.141689
1.65564
-0.14232
1.74778
-0.14282
1.845
-0.143219
1.94756
-0.14353
2.05573
-0.14377
2.1699
-0.143957
2.29047
-0.144107
2.41756
-0.144238
2.55158
-0.144364
2.69306
-0.144497
2.84238
-0.14465
2.99983
-0.144831
3.16606
-0.145048
3.34121
-0.145306
3.52623
-0.145607
3.72123
-0.145953
3.92718
-0.146345
4.14448
-0.146784
4.37352
-0.147254
4.61551
-0.147765
4.8706
-0.148312
5.13985
-0.148881
5.42404
-0.149467
5.72372
-0.150073
6.03997
-0.150691
6.37373
-0.151314
6.72594
-0.151939
7.09739
-0.152559
7.48912
-0.153171
7.90336
-0.153606
6.051
-0.154057
6.65778
-0.154518
7.32309
-0.154988
8.05782
-0.155469
8.86389
-0.155923
9.75235
-0.156449
10.7259
-0.156783
11.8036
-0.157488
12.9761
-0.15745
14.2899
-0.158543
15.691
-0.157777
17.2958
18.9613
-0.0429468
0.0379647
0.190404
0.0334796
0.199401
0.0307176
0.212826
0.029879
0.230714
0.0303409
0.25189
0.0311039
0.274645
0.0310098
0.296919
0.0295789
0.316668
0.0276689
0.334653
0.0257319
0.353428
0.023751
0.373517
0.0217222
0.394763
0.0196593
0.417139
0.0175911
0.440743
0.0155387
0.465688
0.0135318
0.492039
0.0115961
0.519878
0.00976198
0.549292
0.00805614
0.580374
0.00650834
0.613212
0.00514334
0.647931
0.00398787
0.684592
0.00306139
0.723345
0.00238563
0.764292
0.00197534
0.807568
0.0018463
0.853276
0.00200732
0.901593
0.00247048
0.952667
0.00324133
1.00645
0.00432784
1.06352
0.00573175
1.1236
0.00745887
1.18697
0.00950934
1.25415
0.0118838
1.32488
0.0145788
1.39954
0.0175913
1.47842
0.020912
1.56161
0.0245309
1.64939
0.0284334
1.74188
0.0325989
1.83946
0.0370072
1.94238
0.0416328
2.05102
0.0464462
2.16536
0.0514165
2.28592
0.0565102
2.41307
0.061693
2.54706
0.0669288
2.68811
0.0721827
2.83688
0.0774198
2.99346
0.0826072
3.15864
0.0877135
3.33251
0.0927103
3.51571
0.0975718
3.70875
0.102275
3.91201
0.106802
4.12639
0.111136
4.352
0.115264
4.58989
0.11918
4.84056
0.122875
5.10467
0.126349
5.38299
0.1296
5.67644
0.132632
5.98568
0.135448
6.31163
0.138054
6.65549
0.140457
7.01776
0.142664
7.3995
0.144692
7.80311
0.146079
6.12126
0.147454
6.72946
0.148773
7.39941
0.150065
8.13708
0.151265
8.94618
0.152433
9.83599
0.153483
10.8171
0.154444
11.8905
0.155439
13.083
0.155923
14.3692
0.157296
15.8337
0.156704
17.3535
19.1925
-0.0477292
0.197492
-0.0514303
0.215402
-0.053874
0.235862
-0.0556935
0.257254
-0.057539
0.277819
-0.0596289
0.296351
-0.061858
0.313182
-0.064214
0.330326
-0.0667053
0.3485
-0.0693213
0.367693
-0.072053
0.38797
-0.0748934
0.409337
-0.0778317
0.431875
-0.0808583
0.455638
-0.0839505
0.480705
-0.087099
0.507171
-0.090283
0.535068
-0.0934841
0.564511
-0.0966833
0.595601
-0.0998624
0.628392
-0.103004
0.663008
-0.106092
0.699571
-0.109114
0.738137
-0.112056
0.778878
-0.114908
0.82188
-0.117664
0.867301
-0.120314
0.915212
-0.122855
0.965876
-0.125283
1.01941
-0.127591
1.07589
-0.129779
1.13533
-0.131841
1.19838
-0.133777
1.26492
-0.135581
1.33496
-0.137255
1.40914
-0.138797
1.48722
-0.140207
1.56986
-0.141488
1.65692
-0.142644
1.74894
-0.143681
1.84604
-0.144609
1.94849
-0.145438
2.05656
-0.146171
2.17064
-0.146829
2.29113
-0.147424
2.41816
-0.147967
2.55212
-0.148473
2.69356
-0.148952
2.84286
-0.149418
3.00029
-0.149879
3.16652
-0.150351
3.34168
-0.150826
3.5267
-0.151324
3.72173
-0.151844
3.9277
-0.152389
4.14502
-0.15296
4.37409
-0.153556
4.61611
-0.154176
4.87122
-0.154818
5.14049
-0.155477
5.4247
-0.15615
5.72439
-0.156839
6.04066
-0.157525
6.37442
-0.158219
6.72663
-0.15891
7.09808
-0.159594
7.48981
-0.160267
7.90404
-0.160746
6.05148
-0.161241
6.65828
-0.161749
7.3236
-0.162266
8.05833
-0.162796
8.86442
-0.163299
9.75285
-0.163875
10.7264
-0.164268
11.804
-0.165017
12.9769
-0.165063
14.2899
-0.166178
15.6921
-0.165552
17.2952
18.9634
-0.0550907
0.0508822
0.194613
0.0469919
0.203291
0.0443666
0.215452
0.0434648
0.231615
0.0440594
0.251296
0.045403
0.273301
0.046415
0.295907
0.0461048
0.316978
0.0449823
0.335775
0.0438289
0.35458
0.0427124
0.374634
0.0415689
0.395906
0.0403998
0.418308
0.039208
0.441934
0.0380043
0.466892
0.0367924
0.49325
0.0355786
0.521092
0.0343724
0.550497
0.033188
0.581558
0.0320382
0.614361
0.0309408
0.649028
0.0299158
0.685616
0.0289869
0.724275
0.0281757
0.765102
0.0275063
0.808238
0.0270032
0.853779
0.0266911
0.901905
0.0265907
0.952766
0.0267251
1.00632
0.0271105
1.06313
0.0277652
1.12294
0.0286993
1.18603
0.0299245
1.25292
0.0314478
1.32335
0.0332738
1.39772
0.0354022
1.47629
0.0378331
1.55918
0.0405578
1.64667
0.0435685
1.73887
0.0468544
1.83617
0.0504005
1.93883
0.0541879
2.04723
0.0581954
2.16136
0.0623998
2.28172
0.0667713
2.4087
0.0712802
2.54255
0.0758988
2.68349
0.0805938
2.83218
0.0853323
2.98872
0.0900822
3.15389
0.0948147
3.32777
0.0994946
3.51103
0.104093
3.70415
0.108591
3.90751
0.112961
4.12201
0.117184
4.34777
0.121243
4.58583
0.125124
4.83668
0.12882
5.10097
0.132316
5.37949
0.135609
5.67315
0.138703
5.98258
0.141595
6.30874
0.144292
6.65279
0.146789
7.01527
0.149091
7.3972
0.151216
7.80099
0.152688
6.11978
0.154135
6.72801
0.155543
7.398
0.156924
8.1357
0.158213
8.94489
0.159463
9.83474
0.160604
10.816
0.161654
11.8895
0.162739
13.0819
0.163327
14.3686
0.164763
15.8322
0.164357
17.3539
19.19
-0.0592459
0.201647
-0.0627254
0.218882
-0.0652364
0.238372
-0.0669955
0.259013
-0.0684814
0.279305
-0.0699926
0.297863
-0.0715444
0.314733
-0.073153
0.331935
-0.074849
0.350195
-0.0766187
0.369462
-0.0784633
0.389814
-0.0803904
0.411263
-0.0824014
0.433885
-0.0844988
0.457735
-0.0866844
0.48289
-0.0889582
0.509444
-0.0913188
0.537428
-0.0937649
0.566957
-0.0962861
0.598122
-0.0988767
0.630982
-0.101524
0.665655
-0.104221
0.702268
-0.106954
0.74087
-0.1097
0.781624
-0.112451
0.824631
-0.115192
0.870041
-0.117899
0.917918
-0.120561
0.968537
-0.123163
1.02201
-0.125692
1.07842
-0.128137
1.13777
-0.130488
1.20073
-0.132737
1.26717
-0.134875
1.33709
-0.136904
1.41117
-0.138818
1.48914
-0.140614
1.57166
-0.142294
1.6586
-0.143857
1.7505
-0.145308
1.84749
-0.146655
1.94983
-0.14789
2.0578
-0.149033
2.17178
-0.150093
2.29218
-0.151069
2.41913
-0.151977
2.55303
-0.152821
2.69441
-0.153622
2.84366
-0.154384
3.00105
-0.155123
3.16726
-0.155834
3.34239
-0.156539
3.52741
-0.157244
3.72244
-0.157948
3.92841
-0.158652
4.14573
-0.159371
4.37481
-0.160099
4.61684
-0.160839
4.87196
-0.161589
5.14124
-0.162348
5.42546
-0.163114
5.72516
-0.163883
6.04143
-0.164659
6.37519
-0.165424
6.7274
-0.166188
7.09884
-0.166941
7.49056
-0.167685
7.90478
-0.168207
6.052
-0.16875
6.65882
-0.169308
7.32416
-0.169876
8.0589
-0.170463
8.86501
-0.171016
9.7534
-0.171647
10.7271
-0.172102
11.8044
-0.172906
12.9777
-0.17303
14.2901
-0.17418
15.6932
-0.173688
17.2947
18.9656
-0.0673361
0.0637256
0.198222
0.060312
0.206704
0.0578324
0.217931
0.0568164
0.232631
0.0573002
0.250811
0.0588182
0.271783
0.0604731
0.294251
0.0610627
0.316388
0.0603854
0.336452
0.059415
0.355551
0.0585125
0.375535
0.0576224
0.396796
0.0567172
0.419213
0.0558098
0.442841
0.0549095
0.467791
0.0540239
0.494135
0.0531553
0.52196
0.0523106
0.551342
0.0514942
0.582374
0.050714
0.615141
0.049975
0.649767
0.0492882
0.686303
0.0486611
0.724901
0.0481067
0.765657
0.0476346
0.808709
0.0472617
0.854152
0.047001
0.902165
0.0468713
0.952896
0.0468887
1.0063
0.0470731
1.06295
0.0474408
1.12258
0.0480109
1.18546
0.0487984
1.25213
0.0498196
1.32233
0.0510854
1.39645
0.052607
1.47477
0.0543901
1.5574
0.0564391
1.64462
0.0587532
1.73655
0.0613301
1.8336
0.0641621
1.936
0.0672399
2.04415
0.0705485
2.15805
0.0740718
2.2782
0.0777891
2.40499
0.0816775
2.53866
0.0857115
2.67946
0.0898642
2.82803
0.0941067
2.98448
0.0984098
3.14958
0.102744
3.32344
0.107079
3.50669
0.111386
3.69984
0.11564
3.90325
0.119814
4.11784
0.123885
4.3437
0.127834
4.58188
0.131642
4.83287
0.135295
5.09732
0.138781
5.376
0.142092
5.66984
0.145222
5.97945
0.148168
6.30579
0.150927
6.65003
0.153503
7.01269
0.155894
7.39481
0.158109
7.79877
0.159648
6.11824
0.161175
6.72648
0.162666
7.39651
0.164123
8.13424
0.165499
8.94351
0.16684
9.8334
0.168073
10.8148
0.169211
11.8883
0.170387
13.0807
0.17108
14.368
0.172593
15.8307
0.172358
17.3541
19.1874
-0.0709455
0.205256
-0.0741049
0.222041
-0.0765387
0.240806
-0.0782766
0.260751
-0.0796207
0.280648
-0.0808861
0.299127
-0.082172
0.316018
-0.0835134
0.333275
-0.0849241
0.351605
-0.0863928
0.37093
-0.0879172
0.391338
-0.0894982
0.412844
-0.0911359
0.435522
-0.0928309
0.459429
-0.0945837
0.484642
-0.0963949
0.511255
-0.0982647
0.539297
-0.100193
0.568885
-0.102181
0.600109
-0.104226
0.633027
-0.106329
0.667757
-0.108486
0.704425
-0.110696
0.743079
-0.112953
0.78388
-0.115252
0.826929
-0.117585
0.872374
-0.119944
0.920277
-0.122318
0.970912
-0.124698
1.02439
-0.12707
1.08079
-0.129422
1.14012
-0.131742
1.20305
-0.134018
1.26944
-0.136239
1.33931
-0.138394
1.41332
-0.140474
1.49122
-0.142473
1.57365
-0.144384
1.66051
-0.146204
1.75232
-0.147931
1.84921
-0.149564
1.95146
-0.151104
2.05934
-0.152554
2.17323
-0.153918
2.29355
-0.155201
2.42042
-0.156409
2.55424
-0.157551
2.69555
-0.158631
2.84474
-0.159661
3.00208
-0.160646
3.16824
-0.161596
3.34334
-0.162517
3.52833
-0.163418
3.72334
-0.164304
3.92929
-0.16518
4.1466
-0.16605
4.37568
-0.166918
4.61771
-0.167785
4.87283
-0.168651
5.1421
-0.169516
5.42632
-0.170385
5.72603
-0.171243
6.04229
-0.1721
6.37605
-0.172952
6.72825
-0.173793
7.09968
-0.174621
7.49139
-0.175432
7.90559
-0.176008
6.05258
-0.176604
6.65942
-0.177216
7.32477
-0.177838
8.05952
-0.178478
8.86565
-0.179093
9.75402
-0.179785
10.7278
-0.180303
11.8049
-0.181164
12.9785
-0.181371
14.2903
-0.182578
15.6944
-0.182185
17.2943
18.9678
-0.0798726
0.0767328
0.201359
0.0736919
0.209744
0.0713385
0.220283
0.0702071
0.233761
0.0704972
0.25052
0.0719992
0.27028
0.0740611
0.292188
0.0755835
0.314864
0.0756845
0.33635
0.0749869
0.356247
0.0742538
0.376268
0.0735631
0.397485
0.0728554
0.41992
0.0721271
0.443568
0.0713962
0.468522
0.0706627
0.494868
0.0699391
0.522684
0.0692293
0.55205
0.0685376
0.583065
0.0678748
0.615803
0.0672512
0.65039
0.0666702
0.686883
0.0661445
0.725427
0.0656796
0.766121
0.0652916
0.809097
0.0649819
0.854461
0.0647694
0.902378
0.0646578
0.953007
0.0646623
1.0063
0.064791
1.06282
0.0650618
1.12231
0.0654838
1.18504
0.0660735
1.25154
0.066839
1.32156
0.067796
1.3955
0.0689547
1.47361
0.0703251
1.55603
0.0719175
1.64303
0.0737379
1.73473
0.0757905
1.83154
0.0780733
1.93372
0.0805845
2.04164
0.0833192
2.15531
0.0862653
2.27525
0.0894146
2.40184
0.0927512
2.53532
0.096252
2.67596
0.0998981
2.82439
0.103666
2.98071
0.107528
3.14572
0.111462
3.3195
0.11544
3.50271
0.119434
3.69584
0.123421
3.89927
0.127368
4.11389
0.131255
4.33982
0.135059
4.57807
0.138757
4.82917
0.142337
5.09374
0.145781
5.37256
0.149081
5.66654
0.15222
5.97632
0.155192
6.30282
0.157998
6.64723
0.160633
7.01006
0.163099
7.39234
0.165388
7.79648
0.16699
6.11664
0.168586
6.72489
0.170149
7.39494
0.171689
8.1327
0.173151
8.94205
0.174576
9.83197
0.175909
10.8134
0.177135
11.8871
0.178407
13.0795
0.179205
14.3672
0.180802
15.8291
0.180724
17.3542
19.1848
-0.0830295
0.208412
-0.0858544
0.224865
-0.0881173
0.243068
-0.0897642
0.262397
-0.0909603
0.281844
-0.0919819
0.300148
-0.0930055
0.317041
-0.094088
0.334357
-0.0952298
0.352747
-0.0964275
0.372127
-0.0976809
0.392591
-0.0989869
0.414149
-0.100349
0.436884
-0.101765
0.460845
-0.10324
0.486118
-0.104776
0.51279
-0.106365
0.540886
-0.108006
0.570526
-0.109704
0.601807
-0.111455
0.634777
-0.113258
0.66956
-0.115105
0.706271
-0.117
0.744974
-0.118941
0.785822
-0.12092
0.828908
-0.122933
0.874386
-0.124982
0.922326
-0.12706
0.97299
-0.129162
1.02649
-0.131281
1.08291
-0.133412
1.14225
-0.135546
1.20518
-0.137675
1.27157
-0.139794
1.34143
-0.141888
1.41542
-0.14395
1.49328
-0.145972
1.57568
-0.147947
1.66248
-0.149862
1.75423
-0.151723
1.85107
-0.153511
1.95325
-0.155233
2.06106
-0.156886
2.17488
-0.158461
2.29512
-0.159967
2.42192
-0.161405
2.55568
-0.162781
2.69692
-0.164092
2.84605
-0.165345
3.00334
-0.166545
3.16944
-0.167704
3.3445
-0.168829
3.52945
-0.169912
3.72442
-0.170973
3.93035
-0.172016
4.14765
-0.173034
4.3767
-0.174046
4.61872
-0.175042
4.87383
-0.176023
5.14309
-0.177
5.4273
-0.177968
5.727
-0.178927
6.04324
-0.179876
6.377
-0.180819
6.72919
-0.181743
7.10061
-0.18265
7.49229
-0.183532
7.90647
-0.184167
6.05321
-0.184818
6.66007
-0.185488
7.32544
-0.186169
8.0602
-0.186866
8.86634
-0.187547
9.7547
-0.188305
10.7285
-0.18889
11.8055
-0.189814
12.9795
-0.190105
14.2906
-0.19136
15.6957
-0.191077
17.294
18.97
-0.0926552
0.0898189
0.204194
0.0870052
0.212557
0.0846821
0.222605
0.083347
0.235095
0.0833139
0.250552
0.0845632
0.26903
0.0866938
0.290057
0.0888696
0.312687
0.0899489
0.335269
0.0897755
0.356419
0.0892291
0.376813
0.0887347
0.397979
0.0882485
0.420405
0.0877442
0.444072
0.0872203
0.469045
0.0866932
0.495395
0.0861645
0.523211
0.0856327
0.552582
0.0851088
0.583588
0.0845922
0.61632
0.0840938
0.650888
0.0836203
0.687357
0.0831779
0.725868
0.0827765
0.766522
0.0824237
0.809449
0.0821326
0.854752
0.0819061
0.902603
0.0817621
0.953151
0.0817081
1.00635
0.0817585
1.06277
0.0819173
1.12215
0.0822051
1.18475
0.0826236
1.25113
0.0831913
1.321
0.0839156
1.39477
0.0848084
1.47271
0.085878
1.55496
0.0871369
1.64177
0.0885872
1.73328
0.0902362
1.82989
0.0920911
1.93186
0.0941528
2.03958
0.0964201
2.15305
0.0988896
2.27278
0.101555
2.39917
0.104407
2.53247
0.107432
2.67293
0.110617
2.8212
0.113942
2.97739
0.117391
3.14227
0.120934
3.31596
0.124558
3.49909
0.12823
3.69217
0.131925
3.89557
0.135625
4.11019
0.139302
4.33614
0.142934
4.57444
0.146502
4.8256
0.149979
5.09026
0.153349
5.36919
0.156603
5.66328
0.159725
5.97319
0.16271
6.29984
0.165537
6.6444
0.168213
7.00738
0.17073
7.38983
0.173093
7.79412
0.17475
6.11498
0.176408
6.72323
0.178036
7.39332
0.17965
8.13109
0.181194
8.94051
0.182706
9.83046
0.184125
10.812
0.185441
11.8858
0.186818
13.0781
0.187717
14.3663
0.189406
15.8274
0.189488
17.3541
19.1823
-0.0954945
0.211251
-0.0980776
0.227448
-0.100194
0.245184
-0.101764
0.263966
-0.102856
0.282935
-0.103692
0.300984
-0.104494
0.317843
-0.105351
0.335213
-0.10626
0.353655
-0.107212
0.373079
-0.108208
0.393587
-0.109252
0.415192
-0.110345
0.437976
-0.111492
0.461992
-0.11269
0.487315
-0.113941
0.51404
-0.11525
0.542195
-0.116615
0.571892
-0.118038
0.603229
-0.119517
0.636256
-0.121053
0.671096
-0.122646
0.707864
-0.124288
0.746615
-0.125983
0.787517
-0.127727
0.830652
-0.129517
0.876176
-0.131348
0.924157
-0.133217
0.974858
-0.135119
1.02839
-0.137051
1.08484
-0.139009
1.14421
-0.140979
1.20715
-0.142965
1.27356
-0.144957
1.34342
-0.14695
1.41741
-0.148937
1.49526
-0.15091
1.57765
-0.152863
1.66444
-0.154793
1.75616
-0.156683
1.85296
-0.158541
1.95511
-0.16035
2.06287
-0.162107
2.17664
-0.163814
2.29683
-0.165468
2.42357
-0.167064
2.55727
-0.168606
2.69846
-0.170091
2.84754
-0.171524
3.00477
-0.172907
3.17082
-0.174247
3.34584
-0.175536
3.53074
-0.176796
3.72568
-0.178017
3.93157
-0.179205
4.14883
-0.180375
4.37787
-0.181515
4.61986
-0.182639
4.87495
-0.18375
5.1442
-0.184839
5.42839
-0.185909
5.72807
-0.186972
6.04431
-0.188012
6.37804
-0.18904
6.73022
-0.190051
7.10162
-0.191041
7.49328
-0.192013
7.90745
-0.192696
6.05389
-0.193406
6.66078
-0.194137
7.32617
-0.19488
8.06095
-0.195652
8.86711
-0.19639
9.75544
-0.197218
10.7293
-0.197876
11.8062
-0.198873
12.9805
-0.199247
14.2909
-0.200563
15.697
-0.200389
17.2938
18.9723
-0.105678
0.103057
0.206814
0.100382
0.215231
0.0980311
0.224955
0.0964567
0.236669
0.0960287
0.250979
0.096866
0.268191
0.0987847
0.288137
0.101215
0.310256
0.103149
0.333334
0.103753
0.355814
0.103484
0.377081
0.103097
0.398364
0.10277
0.420732
0.102433
0.444407
0.102083
0.469395
0.101727
0.495749
0.101365
0.523573
0.101003
0.552943
0.100644
0.583948
0.100291
0.616671
0.0999439
0.651235
0.0996147
0.687685
0.0993003
0.726183
0.099014
0.766808
0.0987546
0.809709
0.0985344
0.854971
0.0983605
0.902777
0.0982401
0.953271
0.0981843
1.00641
0.0982011
1.06275
0.0983045
1.12204
0.0984974
1.18456
0.0987985
1.25082
0.0992155
1.32058
0.0997605
1.39423
0.100443
1.47203
0.101277
1.55413
0.102263
1.64078
0.103419
1.73213
0.104748
1.82856
0.106258
1.93035
0.107952
2.03789
0.109834
2.15116
0.111904
2.27071
0.114158
2.39692
0.11659
2.53004
0.119198
2.67033
0.121968
2.81843
0.12489
2.97447
0.127946
3.13921
0.131124
3.31278
0.134395
3.49582
0.137746
3.68882
0.141153
3.89216
0.144594
4.10675
0.148044
4.33269
0.151483
4.571
0.154887
4.8222
0.158237
5.08691
0.161516
5.36591
0.164699
5.6601
0.167779
5.97011
0.170742
6.29688
0.17358
6.64156
0.176279
7.00468
0.178829
7.38728
0.181239
7.79171
0.182942
6.11328
0.184653
6.72152
0.186351
7.39162
0.188033
8.12941
0.189656
8.93888
0.191239
9.82888
0.192755
10.8105
0.194161
11.8844
0.195643
13.0766
0.196647
14.3652
0.198427
15.8256
0.198663
17.3539
19.1796
-0.108292
0.213865
-0.110684
0.229839
-0.112682
0.247182
-0.114181
0.265464
-0.115197
0.283952
-0.115898
0.301684
-0.116551
0.318496
-0.117248
0.33591
-0.117992
0.354399
-0.118768
0.373854
-0.119577
0.394396
-0.120428
0.416043
-0.121321
0.438869
-0.122256
0.462928
-0.123238
0.488296
-0.124265
0.515067
-0.125342
0.543271
-0.126471
0.573021
-0.127649
0.604406
-0.12888
0.637487
-0.130162
0.672377
-0.131501
0.709203
-0.132898
0.748011
-0.134344
0.788962
-0.135846
0.832154
-0.137405
0.877733
-0.13901
0.925762
-0.140665
0.976512
-0.142365
1.03009
-0.144106
1.08658
-0.145882
1.14599
-0.147698
1.20897
-0.149539
1.2754
-0.1514
1.34528
-0.153281
1.41929
-0.155174
1.49716
-0.157072
1.57955
-0.15897
1.66633
-0.160862
1.75806
-0.162741
1.85484
-0.164601
1.95697
-0.166439
2.0647
-0.168246
2.17845
-0.170025
2.29861
-0.171762
2.42531
-0.173459
2.55897
-0.175109
2.70011
-0.176719
2.84915
-0.178284
3.00633
-0.179809
3.17235
-0.181283
3.34732
-0.18272
3.53218
-0.184117
3.72708
-0.18548
3.93294
-0.186809
4.15016
-0.188108
4.37916
-0.189379
4.62113
-0.190626
4.8762
-0.191848
5.14542
-0.193049
5.42959
-0.194233
5.72925
-0.195389
6.04546
-0.196534
6.37919
-0.197651
6.73133
-0.19875
7.10272
-0.199826
7.49436
-0.200878
7.9085
-0.201626
6.05464
-0.202398
6.66155
-0.203198
7.32697
-0.204003
8.06175
-0.20484
8.86795
-0.205653
9.75625
-0.206554
10.7302
-0.20729
11.8069
-0.208366
12.9815
-0.208827
14.2914
-0.210205
15.6984
-0.210141
17.2938
18.9745
-0.119004
0.116546
0.209271
0.113987
0.217788
0.111608
0.227333
0.109807
0.238469
0.10897
0.251815
0.109335
0.267826
0.110868
0.286603
0.113231
0.307892
0.115683
0.330882
0.117197
0.354299
0.117455
0.376821
0.117195
0.398624
0.116939
0.420987
0.116722
0.444623
0.116494
0.469623
0.116252
0.495991
0.116009
0.523816
0.115768
0.553184
0.115525
0.584189
0.115285
0.616912
0.115055
0.651463
0.114832
0.687908
0.114628
0.726387
0.114437
0.766998
0.114273
0.809872
0.114136
0.855109
0.114032
0.902881
0.113968
0.953334
0.113952
1.00642
0.11399
1.06271
0.114087
1.12195
0.114259
1.18439
0.114511
1.25057
0.114852
1.32024
0.115291
1.39379
0.115841
1.47148
0.116506
1.55346
0.117304
1.63998
0.11824
1.73119
0.119327
1.82748
0.120566
1.92911
0.121966
2.03649
0.123533
2.1496
0.125268
2.26898
0.127175
2.39501
0.129256
2.52796
0.1315
2.66808
0.133905
2.81602
0.136463
2.97191
0.139164
3.13651
0.14199
3.30996
0.144933
3.49288
0.147977
3.68578
0.151095
3.88905
0.154272
4.10358
0.157487
4.32947
0.160718
4.56777
0.163945
4.81897
0.167142
5.08371
0.170299
5.36275
0.173398
5.657
0.176414
5.9671
0.179337
6.29395
0.18215
6.63875
0.184851
7.00198
0.18743
7.3847
0.189871
7.78926
0.191609
6.11154
0.193365
6.71976
0.195113
7.38987
0.196856
8.12766
0.198551
8.93719
0.200219
9.82721
0.201824
10.8089
0.203319
11.8829
0.204893
13.075
0.206016
14.3641
0.207883
15.8238
0.208226
17.3535
19.177
-0.12143
0.216291
-0.123655
0.232062
-0.125522
0.249048
-0.126935
0.266876
-0.127873
0.28489
-0.128477
0.302287
-0.129013
0.31903
-0.129602
0.336498
-0.130218
0.355014
-0.130865
0.3745
-0.131545
0.395076
-0.132257
0.416754
-0.133004
0.439615
-0.133786
0.463708
-0.134612
0.489121
-0.135475
0.51593
-0.136381
0.544176
-0.137327
0.573966
-0.138322
0.6054
-0.139363
0.638527
-0.140456
0.673469
-0.141594
0.710341
-0.14278
0.749197
-0.144023
0.790204
-0.145314
0.833444
-0.146653
0.879072
-0.148047
0.927155
-0.149491
0.977956
-0.150985
1.03158
-0.152527
1.08812
-0.154115
1.14757
-0.155746
1.2106
-0.157417
1.27707
-0.159128
1.347
-0.160868
1.42103
-0.162635
1.49892
-0.164424
1.58134
-0.16623
1.66814
-0.168048
1.75987
-0.169871
1.85666
-0.171692
1.95879
-0.17351
2.06652
-0.175321
2.18026
-0.177109
2.3004
-0.178881
2.42708
-0.180627
2.56072
-0.18235
2.70184
-0.184037
2.85083
-0.185692
3.00799
-0.187307
3.17396
-0.188891
3.3489
-0.190443
3.53373
-0.191953
3.72859
-0.193431
3.93441
-0.194883
4.15161
-0.196298
4.38058
-0.197686
4.62251
-0.199045
4.87755
-0.200373
5.14675
-0.201684
5.4309
-0.202963
5.73053
-0.204227
6.04673
-0.20546
6.38042
-0.206678
6.73255
-0.207868
7.10391
-0.209033
7.49552
-0.210166
7.90963
-0.21098
6.05546
-0.211817
6.66239
-0.212675
7.32783
-0.213559
8.06264
-0.214464
8.86886
-0.215358
9.75714
-0.216336
10.7312
-0.217154
11.8077
-0.218299
12.9827
-0.218863
14.292
-0.220296
15.6998
-0.22034
17.2938
18.9769
-0.132691
0.130386
0.211578
0.127927
0.220249
0.125536
0.229725
0.123542
0.240464
0.122329
0.253029
0.122188
0.267967
0.123231
0.28556
0.125299
0.305824
0.127909
0.328273
0.130176
0.352033
0.131251
0.375746
0.131308
0.398567
0.131105
0.42119
0.130947
0.444781
0.130812
0.469757
0.130671
0.496133
0.13052
0.523966
0.130365
0.553338
0.130212
0.584341
0.130065
0.617059
0.129916
0.651612
0.129777
0.688047
0.129647
0.726516
0.129534
0.767111
0.129433
0.809972
0.129358
0.855184
0.129308
0.90293
0.129291
0.953352
0.12931
1.0064
0.129373
1.06265
0.129487
1.12183
0.129655
1.18422
0.129883
1.25034
0.130184
1.31994
0.130565
1.39341
0.131033
1.47101
0.1316
1.55289
0.132269
1.63931
0.133052
1.73041
0.133955
1.82658
0.134992
1.92808
0.136167
2.03531
0.137487
2.14828
0.138959
2.2675
0.140583
2.39339
0.142359
2.52618
0.144294
2.66615
0.146382
2.81394
0.148619
2.96967
0.150999
3.13413
0.153515
3.30744
0.156151
3.49024
0.158893
3.68304
0.161732
3.88621
0.164648
4.10066
0.167623
4.3265
0.170639
4.56476
0.173676
4.81594
0.176718
5.08067
0.179734
5.35974
0.182719
5.65402
0.18565
5.96416
0.188513
6.29109
0.191296
6.63597
0.193982
6.99929
0.196555
7.38212
0.199025
7.7868
0.200789
6.10978
0.202579
6.71797
0.204368
7.38808
0.206169
8.12586
0.207929
8.93543
0.209659
9.82548
0.21135
10.8072
0.212941
11.8813
0.214602
13.0734
0.215841
14.3629
0.217801
15.8218
0.218312
17.353
19.1743
-0.134947
0.218548
-0.137011
0.234126
-0.138749
0.250787
-0.140057
0.268184
-0.140905
0.285738
-0.141412
0.302793
-0.141864
0.319482
-0.142357
0.336991
-0.142881
0.355538
-0.143427
0.375045
-0.143996
0.395645
-0.144597
0.417355
-0.145229
0.440246
-0.145896
0.464375
-0.146591
0.489816
-0.147325
0.516664
-0.148095
0.544946
-0.148908
0.574779
-0.149759
0.60625
-0.150651
0.63942
-0.151584
0.674402
-0.152566
0.711322
-0.153596
0.750227
-0.154667
0.791275
-0.155789
0.834566
-0.156963
0.880246
-0.158183
0.928375
-0.159451
0.979224
-0.160769
1.0329
-0.162135
1.08949
-0.163548
1.14899
-0.165005
1.21206
-0.166513
1.27858
-0.168056
1.34854
-0.169644
1.42262
-0.171268
1.50055
-0.172926
1.58299
-0.174614
1.66983
-0.176327
1.76159
-0.178062
1.8584
-0.179815
1.96054
-0.181576
2.06828
-0.183339
2.18202
-0.185107
2.30216
-0.186874
2.42885
-0.188629
2.56247
-0.190366
2.70357
-0.19209
2.85256
-0.193794
3.00969
-0.195479
3.17565
-0.197133
3.35055
-0.198758
3.53535
-0.200361
3.73019
-0.201933
3.93599
-0.203471
4.15315
-0.204986
4.38209
-0.206472
4.624
-0.207932
4.87901
-0.209368
5.14818
-0.21077
5.4323
-0.21215
5.73191
-0.213506
6.04808
-0.214841
6.38175
-0.216143
6.73385
-0.217423
7.10519
-0.218676
7.49678
-0.219906
7.91086
-0.220775
6.05633
-0.221678
6.66329
-0.22261
7.32876
-0.223562
8.06359
-0.224553
8.86985
-0.225517
9.75811
-0.226576
10.7323
-0.227481
11.8087
-0.228717
12.9839
-0.22937
14.2926
-0.230877
15.7013
-0.231041
17.294
18.9793
-0.14679
0.144617
0.213751
0.14225
0.222616
0.139858
0.232118
0.137712
0.24261
0.136148
0.254593
0.135513
0.268601
0.136006
0.285067
0.137619
0.304211
0.14007
0.325821
0.142738
0.349364
0.144685
0.373799
0.145385
0.397867
0.145349
0.421226
0.145219
0.444911
0.145149
0.469827
0.145084
0.496197
0.145014
0.524036
0.144942
0.553409
0.144866
0.584418
0.144792
0.617132
0.144724
0.65168
0.144656
0.688113
0.144596
0.726576
0.144543
0.767164
0.144508
0.810007
0.144484
0.855208
0.144487
0.902927
0.144511
0.953327
0.144564
1.00635
0.144647
1.06256
0.144773
1.12171
0.144941
1.18405
0.145164
1.25012
0.14544
1.31966
0.145781
1.39307
0.146192
1.4706
0.14668
1.5524
0.147255
1.63874
0.147926
1.72974
0.148702
1.8258
0.149585
1.92719
0.150585
2.03431
0.151711
2.14715
0.152964
2.26625
0.154356
2.39199
0.155888
2.52465
0.157565
2.66447
0.159382
2.81212
0.161336
2.96772
0.163433
3.13204
0.165661
3.30521
0.168015
3.48789
0.170485
3.68057
0.173058
3.88363
0.175722
4.09799
0.178461
4.32376
0.181263
4.56195
0.1841
4.8131
0.186964
5.07781
0.189839
5.35686
0.192697
5.65116
0.195523
5.96134
0.198308
6.28831
0.201033
6.63324
0.203685
6.99664
0.206253
7.37956
0.208719
7.78433
0.210498
6.108
0.212312
6.71616
0.214146
7.38625
0.215983
8.12403
0.217802
8.93361
0.21961
9.82367
0.22139
10.8054
0.223043
11.8796
0.224821
13.0716
0.226151
14.3616
0.22821
15.8198
0.228844
17.3524
19.1715
-0.148896
0.220654
-0.150804
0.236034
-0.152403
0.252387
-0.153594
0.269375
-0.154343
0.286486
-0.154769
0.303219
-0.155149
0.319862
-0.155576
0.337418
-0.156015
0.355977
-0.156477
0.375507
-0.156963
0.39613
-0.157476
0.417868
-0.158013
0.440783
-0.158575
0.464936
-0.159169
0.49041
-0.159797
0.517292
-0.160455
0.545604
-0.161145
0.575468
-0.161874
0.606979
-0.162641
0.640186
-0.163451
0.675211
-0.164296
0.712166
-0.165186
0.751117
-0.16612
0.792209
-0.167102
0.835548
-0.168124
0.881267
-0.169196
0.929446
-0.170315
0.980343
-0.171481
1.03407
-0.172696
1.0907
-0.173957
1.15025
-0.17527
1.21337
-0.176622
1.27993
-0.178023
1.34994
-0.179467
1.42406
-0.180954
1.50203
-0.18248
1.58452
-0.184048
1.6714
-0.185642
1.76318
-0.187272
1.86003
-0.188928
1.9622
-0.190608
2.06996
-0.19231
2.18372
-0.194023
2.30388
-0.195742
2.43057
-0.197471
2.5642
-0.1992
2.7053
-0.20093
2.85429
-0.20265
3.01141
-0.204354
3.17735
-0.206048
3.35225
-0.207725
3.53703
-0.209384
3.73185
-0.211021
3.93762
-0.212637
4.15477
-0.214229
4.38369
-0.215803
4.62557
-0.217347
4.88056
-0.218863
5.1497
-0.220357
5.4338
-0.221832
5.73338
-0.223272
6.04952
-0.224693
6.38317
-0.226092
6.73525
-0.227461
7.10656
-0.228798
7.49811
-0.230112
7.91217
-0.231053
6.05727
-0.232024
6.66426
-0.233028
7.32976
-0.23405
8.06461
-0.235115
8.87091
-0.23617
9.75916
-0.237315
10.7334
-0.238311
11.8096
-0.239626
12.9852
-0.240368
14.2934
-0.241962
15.7029
-0.242221
17.2942
18.9819
-0.161325
0.159269
0.215806
0.156994
0.22489
0.154626
0.234485
0.152364
0.244872
0.150509
0.256446
0.149402
0.269708
0.149319
0.28515
0.150373
0.303157
0.15245
0.323743
0.155156
0.346658
0.157729
0.371225
0.159299
0.396297
0.159716
0.420809
0.15966
0.444968
0.159599
0.469887
0.159594
0.496202
0.159594
0.524036
0.159588
0.553415
0.159582
0.584423
0.159571
0.617143
0.159564
0.651687
0.15956
0.688117
0.15956
0.726574
0.159569
0.767155
0.159587
0.809988
0.159622
0.855173
0.159666
0.902882
0.159733
0.953261
0.159821
1.00626
0.159938
1.06245
0.160079
1.12156
0.160259
1.18387
0.160478
1.2499
0.160743
1.3194
0.161059
1.39275
0.161433
1.47023
0.161869
1.55197
0.162378
1.63823
0.162966
1.72915
0.163634
1.82513
0.164397
1.92643
0.165261
2.03345
0.16623
2.14618
0.167314
2.26517
0.168516
2.39079
0.169846
2.52332
0.171297
2.66302
0.172882
2.81053
0.174601
2.966
0.176448
3.13019
0.17842
3.30324
0.180519
3.48579
0.182739
3.67835
0.185064
3.88131
0.187488
4.09557
0.189998
4.32125
0.192579
4.55937
0.195225
4.81045
0.197907
5.07513
0.200619
5.35415
0.20334
5.64844
0.206059
5.95862
0.208751
6.28561
0.211402
6.63059
0.214004
6.99404
0.216539
7.37702
0.219004
7.78186
0.220782
6.10622
0.2226
6.71434
0.224467
7.38438
0.226362
8.12213
0.228206
8.93177
0.230065
9.82181
0.231913
10.8036
0.233656
11.8779
0.235532
13.0697
0.23696
14.3601
0.239124
15.8176
0.239911
17.3516
19.1687
-0.16328
0.222608
-0.165045
0.237799
-0.166501
0.253842
-0.167565
0.270439
-0.168206
0.287127
-0.168561
0.303574
-0.168886
0.320186
-0.169252
0.337784
-0.169631
0.356355
-0.170028
0.375903
-0.170447
0.39655
-0.170882
0.418302
-0.171342
0.441242
-0.171826
0.46542
-0.172339
0.490922
-0.172873
0.517825
-0.173439
0.546169
-0.174035
0.576064
-0.174664
0.607607
-0.175327
0.640848
-0.176025
0.675909
-0.176764
0.712904
-0.177535
0.751887
-0.178352
0.793026
-0.179204
0.8364
-0.180103
0.882165
-0.181045
0.930387
-0.182032
0.981329
-0.183065
1.0351
-0.184144
1.09178
-0.18527
1.15137
-0.186442
1.21454
-0.187662
1.28115
-0.188931
1.35121
-0.190243
1.42537
-0.191599
1.50339
-0.193
1.58592
-0.194438
1.67283
-0.195924
1.76467
-0.197443
1.86155
-0.198995
1.96375
-0.200585
2.07155
-0.202197
2.18533
-0.203837
2.30552
-0.205499
2.43223
-0.207178
2.56588
-0.208874
2.707
-0.210571
2.85598
-0.212277
3.01312
-0.213985
3.17906
-0.215694
3.35396
-0.217394
3.53873
-0.21908
3.73353
-0.22076
3.9393
-0.22243
4.15644
-0.224081
4.38534
-0.225709
4.6272
-0.227323
4.88217
-0.22892
5.1513
-0.230492
5.43537
-0.232036
5.73493
-0.233568
6.05105
-0.235066
6.38467
-0.236547
6.73673
-0.238001
7.10801
-0.239433
7.49955
-0.240828
7.91357
-0.24183
6.05827
-0.242868
6.6653
-0.243944
7.33084
-0.245051
8.06572
-0.246193
8.87205
-0.247315
9.76028
-0.248557
10.7347
-0.249671
11.8108
-0.251085
12.9866
-0.251958
14.2942
-0.253588
15.7046
-0.253926
17.2946
18.9845
-0.176326
0.174399
0.217732
0.172221
0.227066
0.169886
0.23682
0.167556
0.2472
0.165476
0.258527
0.163945
0.271237
0.163295
0.2858
0.163731
0.30272
0.165283
0.322192
0.167726
0.344214
0.170558
0.368393
0.172927
0.393927
0.174124
0.419611
0.174348
0.444743
0.174306
0.469929
0.174317
0.49619
0.174369
0.523984
0.174417
0.553366
0.174465
0.584375
0.174514
0.617094
0.174558
0.651643
0.174609
0.688065
0.17466
0.726524
0.174721
0.767093
0.174785
0.809924
0.174861
0.855096
0.174951
0.902793
0.175054
0.953157
0.175176
1.00614
0.175318
1.0623
0.175488
1.12139
0.175683
1.18368
0.175907
1.24968
0.176171
1.31913
0.176476
1.39244
0.17683
1.46987
0.177234
1.55156
0.177693
1.63777
0.178215
1.72863
0.178809
1.82454
0.179481
1.92576
0.180236
2.03269
0.181082
2.14534
0.182029
2.26422
0.183076
2.38974
0.184229
2.52217
0.185499
2.66175
0.186887
2.80915
0.188395
2.96449
0.190025
3.12856
0.191779
3.30149
0.19365
3.48392
0.195633
3.67636
0.197729
3.87921
0.199928
4.09337
0.202222
4.31895
0.204598
4.557
0.207046
4.80801
0.209555
5.07262
0.212104
5.3516
0.214677
5.64586
0.217267
5.95603
0.219855
6.28302
0.222422
6.62802
0.224973
6.99149
0.227446
7.37455
0.229886
7.77942
0.231664
6.10445
0.23353
6.71247
0.235362
7.38255
0.237268
8.12023
0.239222
8.92981
0.241132
9.8199
0.243009
10.8017
0.244824
11.8761
0.246844
13.0677
0.248356
14.3586
0.250601
15.8153
0.251421
17.3508
19.1657
-0.178142
0.224423
-0.179755
0.23941
-0.181069
0.255155
-0.181997
0.271365
-0.182527
0.287656
-0.182812
0.303857
-0.183102
0.320474
-0.183417
0.338097
-0.183748
0.356684
-0.184091
0.376244
-0.184448
0.396905
-0.184826
0.418679
-0.185224
0.441639
-0.185646
0.46584
-0.186083
0.491359
-0.186552
0.518292
-0.187039
0.546655
-0.18756
0.576584
-0.188106
0.608153
-0.188683
0.641424
-0.189288
0.676513
-0.189931
0.713545
-0.19061
0.752566
-0.191321
0.793735
-0.192072
0.83715
-0.192867
0.882958
-0.193697
0.931218
-0.194571
0.982202
-0.195486
1.03602
-0.196447
1.09274
-0.19745
1.15238
-0.1985
1.21559
-0.199595
1.28224
-0.200734
1.35235
-0.201921
1.42656
-0.203155
1.50462
-0.204433
1.5872
-0.205757
1.67416
-0.207123
1.76603
-0.208533
1.86296
-0.209985
1.9652
-0.211469
2.07303
-0.212992
2.18686
-0.214553
2.30708
-0.216139
2.43382
-0.217753
2.56749
-0.219385
2.70863
-0.221042
2.85764
-0.222714
3.01479
-0.224402
3.18075
-0.226091
3.35565
-0.227789
3.54043
-0.229494
3.73524
-0.231193
3.941
-0.232884
4.15813
-0.234572
4.38702
-0.236251
4.62888
-0.237916
4.88384
-0.239568
5.15295
-0.241202
5.437
-0.242824
5.73655
-0.244418
6.05265
-0.246002
6.38626
-0.247556
6.73829
-0.249091
7.10955
-0.250601
7.50106
-0.252091
7.91506
-0.253172
6.05935
-0.25427
6.6664
-0.255395
7.33197
-0.25657
8.06689
-0.257812
8.8733
-0.259062
9.76153
-0.260387
10.736
-0.261529
11.8119
-0.263046
12.9882
-0.263993
14.2952
-0.26583
15.7064
-0.266185
17.2949
18.9874
-0.191859
0.190054
0.219533
0.187985
0.229135
0.185712
0.239091
0.183357
0.249555
0.181107
0.260776
0.179236
0.273108
0.178051
0.286983
0.17785
0.302921
0.17876
0.321279
0.180735
0.342239
0.183455
0.36567
0.186294
0.391088
0.188373
0.417531
0.189239
0.443877
0.189355
0.469811
0.189359
0.496186
0.18943
0.523911
0.189535
0.553261
0.189628
0.584281
0.189721
0.617001
0.189816
0.651547
0.189907
0.687974
0.190006
0.726424
0.190104
0.766996
0.19021
0.809817
0.190324
0.854981
0.190447
0.902669
0.190587
0.953017
0.190737
1.00599
0.190902
1.06214
0.19109
1.12121
0.191302
1.18346
0.191539
1.24944
0.191807
1.31886
0.19211
1.39214
0.192446
1.46954
0.192826
1.55118
0.193253
1.63734
0.193732
1.72815
0.194274
1.824
0.194875
1.92516
0.195547
2.03202
0.196292
2.14459
0.197123
2.26339
0.198044
2.38882
0.19906
2.52115
0.200176
2.66063
0.201397
2.80793
0.202727
2.96316
0.204169
3.12712
0.205723
3.29993
0.207391
3.48225
0.20917
3.67458
0.211058
3.87732
0.21305
4.09138
0.21514
4.31686
0.217319
4.55482
0.219571
4.80575
0.221892
5.0703
0.22428
5.34921
0.226706
5.64344
0.229191
5.95354
0.231655
6.28056
0.234124
6.62555
0.23659
6.98902
0.239068
7.37207
0.24143
7.77706
0.243233
6.10264
0.245023
6.71068
0.246944
7.38063
0.248828
8.11834
0.250777
8.92786
0.252728
9.81795
0.254761
10.7996
0.256634
11.8742
0.258681
13.0656
0.260253
14.357
0.262738
15.8129
0.263545
17.35
19.1625
-0.193531
0.226095
-0.194986
0.240863
-0.196141
0.256309
-0.196925
0.272147
-0.197344
0.288073
-0.197579
0.304089
-0.197833
0.320727
-0.19811
0.338372
-0.198393
0.356965
-0.198691
0.37654
-0.199003
0.397215
-0.199331
0.419005
-0.199676
0.441982
-0.200039
0.466202
-0.200423
0.49174
-0.200828
0.518695
-0.201256
0.547081
-0.201707
0.577034
-0.202185
0.608629
-0.202689
0.641927
-0.203223
0.677045
-0.203786
0.714107
-0.204381
0.75316
-0.205009
0.794362
-0.205676
0.837815
-0.20637
0.883652
-0.207107
0.931953
-0.207881
0.982975
-0.208697
1.03683
-0.209552
1.09359
-0.21045
1.15327
-0.21139
1.21653
-0.212375
1.28323
-0.213403
1.35337
-0.214478
1.42763
-0.215596
1.50574
-0.216762
1.58836
-0.217971
1.67537
-0.219227
1.76729
-0.220526
1.86425
-0.22187
1.96655
-0.223255
2.07442
-0.224682
2.18828
-0.226147
2.30854
-0.22765
2.43532
-0.229186
2.56903
-0.230755
2.7102
-0.232351
2.85924
-0.233974
3.01641
-0.235618
3.18239
-0.237281
3.35731
-0.238959
3.54211
-0.24065
3.73693
-0.242349
3.9427
-0.244055
4.15983
-0.245762
4.38873
-0.247472
4.63059
-0.249174
4.88554
-0.250864
5.15464
-0.25255
5.43869
-0.254223
5.73822
-0.255897
6.05432
-0.257507
6.38787
-0.259172
6.73995
-0.260763
7.11114
-0.26234
7.50263
-0.2639
7.91662
-0.26504
6.06049
-0.266211
6.66757
-0.267431
7.33319
-0.268733
8.06819
-0.269999
8.87456
-0.271309
9.76284
-0.272732
10.7374
-0.274012
11.8132
-0.27565
12.9898
-0.276669
14.2962
-0.278617
15.7083
-0.279079
17.2954
18.9906
-0.207878
0.206196
0.221209
0.204233
0.231094
0.202036
0.241287
0.19969
0.251898
0.197335
0.26313
0.195195
0.275245
0.193566
0.288612
0.192746
0.303738
0.192989
0.321036
0.194361
0.340865
0.196721
0.36331
0.19965
0.388157
0.202412
0.414769
0.204162
0.442126
0.204743
0.46923
0.204782
0.496146
0.204826
0.523867
0.204953
0.553132
0.205101
0.584134
0.205237
0.616862
0.205372
0.651413
0.205503
0.68784
0.205639
0.72629
0.205774
0.766859
0.205919
0.809673
0.206061
0.854838
0.20622
0.902511
0.20638
0.952855
0.206558
1.00581
0.206753
1.06194
0.206959
1.121
0.207186
1.18324
0.20744
1.24919
0.207713
1.31859
0.208011
1.39184
0.208341
1.46921
0.208707
1.55082
0.209109
1.63694
0.209557
1.7277
0.21005
1.8235
0.210599
1.92461
0.211204
2.03141
0.211879
2.14392
0.212617
2.26265
0.213436
2.38801
0.214339
2.52025
0.215328
2.65964
0.21641
2.80684
0.2176
2.96197
0.218859
3.12586
0.22024
3.29855
0.221726
3.48076
0.223326
3.67299
0.225045
3.87561
0.226849
4.08958
0.228733
4.31498
0.230724
4.55283
0.232812
4.80367
0.235007
5.0681
0.237195
5.34702
0.239514
5.64112
0.241803
5.95126
0.24416
6.2782
0.246577
6.62314
0.24892
6.98668
0.251295
7.36969
0.25369
7.77467
0.255392
6.10094
0.257208
6.70887
0.259091
7.37875
0.261065
8.11637
0.263007
8.92592
0.264982
9.81597
0.267055
10.7976
0.268952
11.8723
0.271193
13.0634
0.272763
14.3555
0.275433
15.8102
0.276219
17.3492
19.159
-0.209409
0.227621
-0.210716
0.242166
-0.211719
0.257307
-0.21236
0.272782
-0.212679
0.288387
-0.212877
0.304281
-0.213107
0.320952
-0.213353
0.338613
-0.213597
0.357206
-0.213858
0.376797
-0.214134
0.397488
-0.214421
0.419288
-0.214723
0.442281
-0.215038
0.466514
-0.215373
0.492074
-0.215729
0.519047
-0.216107
0.547457
-0.2165
0.577425
-0.216919
0.609045
-0.217363
0.642368
-0.217835
0.677515
-0.218332
0.714601
-0.218853
0.753679
-0.219408
0.794915
-0.219994
0.8384
-0.220614
0.88427
-0.221267
0.932604
-0.221957
0.983663
-0.222681
1.03755
-0.223446
1.09436
-0.224248
1.15407
-0.225093
1.21737
-0.225977
1.28411
-0.226905
1.3543
-0.227879
1.42861
-0.228894
1.50675
-0.229953
1.58942
-0.231058
1.67647
-0.232204
1.76843
-0.233404
1.86545
-0.23464
1.96778
-0.235926
2.07571
-0.237258
2.18962
-0.238628
2.30991
-0.240041
2.43673
-0.241496
2.57048
-0.242991
2.71169
-0.244519
2.86076
-0.246079
3.01797
-0.247668
3.18398
-0.249286
3.35893
-0.250926
3.54375
-0.252602
3.73861
-0.254266
3.94436
-0.255973
4.16154
-0.257691
4.39045
-0.259389
4.63229
-0.261115
4.88727
-0.262872
5.15639
-0.264568
5.44038
-0.266282
5.73994
-0.267992
6.05603
-0.269739
6.38961
-0.271386
6.7416
-0.273065
7.11282
-0.274768
7.50434
-0.276412
7.91826
-0.277552
6.06163
-0.278789
6.66881
-0.280124
7.33452
-0.281411
8.06948
-0.282853
8.876
-0.284199
9.76419
-0.285735
10.7389
-0.287088
11.8145
-0.288934
12.9916
-0.28992
14.2972
-0.292125
15.7105
-0.29242
17.2957
18.9943
-0.224686
0.223136
0.222737
0.221302
0.232919
0.2192
0.24338
0.216894
0.254197
0.214488
0.265529
0.212155
0.277575
0.210125
0.290636
0.208714
0.305147
0.208199
0.321546
0.208784
0.340279
0.21048
0.36161
0.213081
0.385555
0.216087
0.41176
0.218707
0.439505
0.220225
0.467708
0.220704
0.495668
0.220765
0.523802
0.220851
0.553047
0.221014
0.583969
0.221199
0.616678
0.221372
0.651238
0.221537
0.687676
0.221694
0.72613
0.221859
0.766696
0.222043
0.809488
0.222214
0.854668
0.222379
0.902344
0.222573
0.952663
0.222771
1.00561
0.222998
1.06172
0.223203
1.12079
0.223469
1.18297
0.223705
1.24895
0.224004
1.31829
0.224306
1.39154
0.224627
1.46889
0.224979
1.55047
0.225373
1.63655
0.225785
1.72729
0.226224
1.82306
0.226734
1.9241
0.227287
2.03086
0.227887
2.14332
0.228575
2.26196
0.229279
2.3873
0.230105
2.51942
0.230982
2.65877
0.231938
2.80589
0.232988
2.96092
0.23413
3.12472
0.235366
3.29731
0.236736
3.47939
0.23817
3.67155
0.239667
3.87411
0.2413
4.08794
0.243067
4.31321
0.244892
4.551
0.246805
4.80175
0.248765
5.06614
0.250873
5.34492
0.252973
5.63902
0.255166
5.94906
0.257406
6.27596
0.259679
6.62086
0.262014
6.98435
0.264279
7.36743
0.26658
7.77237
0.268296
6.09922
0.27009
6.70707
0.271975
7.37686
0.273896
8.11445
0.275927
8.92389
0.277888
9.81401
0.280087
10.7954
0.281937
11.8705
0.284418
13.0609
0.285863
14.354
0.288912
15.8071
0.289493
17.3486
19.155
-0.226055
0.228979
-0.227184
0.243286
-0.228005
0.258118
-0.228483
0.273253
-0.228708
0.288604
-0.228879
0.304445
-0.229084
0.32115
-0.22929
0.338815
-0.229505
0.357415
-0.229729
0.377017
-0.229963
0.397716
-0.23021
0.419532
-0.230476
0.442542
-0.23075
0.466786
-0.231042
0.492361
-0.231349
0.519351
-0.231674
0.547778
-0.232017
0.577765
-0.232382
0.609406
-0.232766
0.64275
-0.233175
0.67792
-0.233603
0.715027
-0.234066
0.754138
-0.23455
0.795397
-0.235051
0.838897
-0.23559
0.884808
-0.236177
0.933189
-0.236799
0.984283
-0.237447
1.0382
-0.238102
1.09501
-0.238829
1.1548
-0.23957
1.21811
-0.24039
1.28493
-0.241192
1.3551
-0.242068
1.42948
-0.243003
1.50769
-0.243977
1.59039
-0.244963
1.67746
-0.246018
1.76949
-0.247106
1.86654
-0.248253
1.96893
-0.249456
2.07691
-0.250687
2.19085
-0.251955
2.31118
-0.2533
2.43808
-0.254645
2.57183
-0.256066
2.71311
-0.257522
2.86222
-0.259008
3.01946
-0.260553
3.18552
-0.262107
3.36048
-0.263697
3.54534
-0.265325
3.74023
-0.26702
3.94606
-0.268659
4.16318
-0.270359
4.39215
-0.272117
4.63405
-0.273806
4.88895
-0.275546
5.15814
-0.277293
5.44213
-0.279043
5.74169
-0.280795
6.05778
-0.282545
6.39136
-0.284292
6.74335
-0.286072
7.1146
-0.287757
7.50602
-0.28947
7.91998
-0.290713
6.06288
-0.292009
6.6701
-0.293375
7.33589
-0.294772
8.07088
-0.296272
8.8775
-0.297722
9.76564
-0.299412
10.7406
-0.300824
11.8159
-0.302838
12.9937
-0.303803
14.2981
-0.306401
15.7131
-0.306345
17.2956
18.9987
-0.385891
0.383652
0.224918
0.38093
0.23562
0.377772
0.246517
0.374195
0.25776
0.370338
0.269368
0.366318
0.281583
0.362514
0.294426
0.359248
0.308406
0.357015
0.323767
0.356226
0.341063
0.357229
0.360597
0.359913
0.382867
0.363938
0.407726
0.368479
0.434962
0.372246
0.463933
0.37437
0.493542
0.374943
0.523222
0.374875
0.553114
0.374785
0.584053
0.374791
0.616672
0.374795
0.651228
0.374822
0.687648
0.374778
0.72617
0.374699
0.766774
0.374617
0.809565
0.374506
0.85478
0.374395
0.902451
0.374261
0.952797
0.374098
1.00577
0.373914
1.0619
0.37374
1.12097
0.373516
1.1832
0.373306
1.24915
0.373088
1.31851
0.372856
1.39177
0.372621
1.46912
0.372345
1.55074
0.372108
1.63678
0.371838
1.72756
0.371616
1.82329
0.371336
1.92438
0.371115
2.03108
0.370884
2.14355
0.370616
2.26223
0.370422
2.38749
0.370206
2.51964
0.370042
2.65893
0.369902
2.80603
0.369754
2.96107
0.369677
3.1248
0.369637
3.29735
0.36953
3.4795
0.3695
3.67158
0.369514
3.8741
0.369493
4.08796
0.369472
4.31323
0.369444
4.55103
0.369402
4.80179
0.369296
5.06625
0.369116
5.3451
0.368885
5.63925
0.368511
5.94944
0.368014
6.27646
0.367298
6.62158
0.36642
6.98522
0.365321
7.36853
0.363936
7.77375
0.362636
6.10052
0.361038
6.70867
0.359147
7.37875
0.356817
8.11678
0.354104
8.92661
0.350735
9.81738
0.347004
10.7991
0.342186
11.8753
0.337281
13.0658
0.330173
14.3611
0.324275
15.813
0.313538
17.3593
19.1606
-0.387616
0.230677
-0.388929
0.244568
-0.389769
0.258927
-0.390159
0.273611
-0.390269
0.288685
-0.39041
0.304562
-0.39057
0.321286
-0.390676
0.338902
-0.390851
0.357571
-0.390974
0.377126
-0.391122
0.397849
-0.391282
0.419681
-0.391453
0.4427
-0.391598
0.466922
-0.391784
0.492535
-0.391997
0.519557
-0.392172
0.547942
-0.392404
0.577989
-0.392619
0.60961
-0.392876
0.643001
-0.39314
0.678173
-0.393398
0.71528
-0.393682
0.754411
-0.394014
0.795726
-0.394369
0.839242
-0.394745
0.885179
-0.395095
0.93353
-0.395484
0.98467
-0.395926
1.03863
-0.39641
1.09549
-0.396876
1.15526
-0.397426
1.21866
-0.397925
1.28542
-0.398511
1.35569
-0.399123
1.43009
-0.399714
1.50828
-0.40037
1.59104
-0.401047
1.67813
-0.401752
1.77019
-0.40248
1.86727
-0.403237
1.96968
-0.40402
2.07769
-0.404792
2.19162
-0.405626
2.31201
-0.406411
2.43886
-0.407255
2.57267
-0.408045
2.7139
-0.408891
2.86307
-0.409677
3.02024
-0.410473
3.18632
-0.41124
3.36125
-0.41197
3.54607
-0.412662
3.74093
-0.413266
3.94667
-0.413862
4.16377
-0.414314
4.39261
-0.414704
4.63444
-0.415018
4.88927
-0.415169
5.15829
-0.41523
5.44219
-0.415156
5.74161
-0.414853
6.05748
-0.414403
6.39091
-0.413795
6.74274
-0.412939
7.11374
-0.411912
7.50499
-0.410622
7.91869
-0.409428
6.06168
-0.408034
6.66871
-0.406345
7.3342
-0.404338
8.06887
-0.401996
8.87516
-0.399216
9.76286
-0.396092
10.7375
-0.39216
11.812
-0.388136
12.9896
-0.382403
14.2924
-0.377368
15.7081
-0.368921
17.2872
18.9933
-0.418226
0.416412
0.2267
0.41423
0.237794
0.411496
0.24924
0.408302
0.260951
0.404651
0.273012
0.400767
0.285468
0.396688
0.298499
0.392788
0.312308
0.389458
0.327093
0.387182
0.34334
0.386364
0.361412
0.387347
0.381886
0.389992
0.405079
0.393998
0.430957
0.398441
0.459488
0.402209
0.489775
0.404429
0.520999
0.405139
0.552405
0.405091
0.584099
0.404979
0.616786
0.404976
0.651229
0.404953
0.687673
0.404914
0.726208
0.404895
0.766795
0.404762
0.809698
0.404666
0.854877
0.404533
0.902583
0.404369
0.952963
0.404205
1.00593
0.404013
1.06209
0.40379
1.12119
0.403543
1.18345
0.403269
1.24943
0.402941
1.31884
0.40263
1.39208
0.402303
1.46945
0.401999
1.55105
0.401576
1.63721
0.401218
1.72792
0.400822
1.82368
0.400388
1.92481
0.399962
2.03151
0.39951
2.144
0.399073
2.26267
0.398623
2.38794
0.398164
2.5201
0.397703
2.65939
0.397209
2.80652
0.396761
2.96151
0.396329
3.12523
0.395841
3.29784
0.395377
3.47997
0.39494
3.67202
0.394458
3.87458
0.394005
4.08842
0.393507
4.31373
0.392998
4.55154
0.392438
4.80236
0.391856
5.06683
0.391209
5.34574
0.390447
5.64001
0.389597
5.95029
0.388608
6.27745
0.387502
6.62269
0.386186
6.98654
0.384677
7.37004
0.38292
7.77551
0.381309
6.10213
0.379459
6.71052
0.377256
7.38095
0.374627
8.11941
0.371659
8.92957
0.368028
9.82101
0.364033
10.8031
0.358853
11.8805
0.353726
13.0709
0.346265
14.3686
0.340072
15.8192
0.32881
17.3706
19.1662
-0.419456
0.231894
-0.420309
0.245408
-0.420787
0.259395
-0.420891
0.273705
-0.420986
0.288773
-0.421037
0.304607
-0.421098
0.321341
-0.421196
0.338995
-0.421234
0.357603
-0.421316
0.377203
-0.421411
0.397937
-0.42148
0.419744
-0.421564
0.442777
-0.42166
0.467012
-0.421775
0.492641
-0.42183
0.519607
-0.42198
0.548083
-0.422073
0.578078
-0.422192
0.60972
-0.422293
0.643099
-0.422461
0.678333
-0.422614
0.71543
-0.422801
0.754591
-0.422976
0.795899
-0.423151
0.839411
-0.423356
0.885383
-0.423601
0.93377
-0.423843
0.984911
-0.424091
1.03888
-0.424377
1.09578
-0.424673
1.15555
-0.424974
1.21896
-0.425325
1.28577
-0.425684
1.35605
-0.426022
1.43042
-0.426447
1.50871
-0.426816
1.59141
-0.427278
1.67859
-0.427722
1.77063
-0.428187
1.86774
-0.428675
1.97017
-0.429109
2.07812
-0.429645
2.19215
-0.430166
2.31254
-0.430674
2.43937
-0.431206
2.5732
-0.431762
2.71446
-0.432263
2.86357
-0.432826
3.0208
-0.433289
3.18679
-0.433812
3.36177
-0.434268
3.54653
-0.434657
3.74131
-0.435053
3.94706
-0.435374
4.16409
-0.43565
4.39288
-0.435798
4.63458
-0.435888
4.88936
-0.435877
5.15827
-0.435752
5.44207
-0.435429
5.74129
-0.435023
6.05708
-0.434447
6.39033
-0.433691
6.74198
-0.432746
7.1128
-0.431563
7.50381
-0.430173
7.9173
-0.428918
6.06043
-0.427424
6.66722
-0.425657
7.33243
-0.423576
8.06679
-0.421143
8.87273
-0.418266
9.75998
-0.415
10.7342
-0.410892
11.8079
-0.406763
12.9855
-0.40083
14.2865
-0.395559
15.7028
-0.38678
17.2784
18.9877
-0.450473
0.4493
0.227966
0.447612
0.239518
0.44546
0.251423
0.442816
0.263619
0.439681
0.276169
0.436049
0.289115
0.432096
0.30247
0.427917
0.316497
0.423849
0.331175
0.420286
0.34691
0.417703
0.364007
0.416572
0.383021
0.417295
0.404366
0.419801
0.428455
0.423736
0.455563
0.428196
0.485318
0.432067
0.517136
0.434391
0.550084
0.435223
0.583276
0.435166
0.616844
0.43501
0.651393
0.434972
0.687712
0.434966
0.726221
0.434906
0.766855
0.434827
0.809782
0.434699
0.855006
0.434574
0.902712
0.434371
0.953167
0.434172
1.00614
0.433896
1.06237
0.433628
1.12146
0.433325
1.18375
0.433035
1.24972
0.432679
1.3192
0.432303
1.39246
0.431903
1.46985
0.431448
1.5515
0.431009
1.63765
0.430519
1.72841
0.429978
1.82423
0.429427
1.92536
0.428833
2.0321
0.428238
2.1446
0.427607
2.2633
0.426948
2.3886
0.426264
2.52078
0.425562
2.66009
0.424846
2.80724
0.424124
2.96224
0.423324
3.12603
0.422565
3.2986
0.421777
3.48075
0.420962
3.67283
0.420127
3.87541
0.419233
4.08931
0.418362
4.31461
0.417434
4.55247
0.41645
4.80334
0.415367
5.06791
0.414261
5.34685
0.413045
5.64123
0.411754
5.95158
0.410337
6.27887
0.408784
6.62424
0.40704
6.98828
0.405092
7.37199
0.40292
7.77768
0.401043
6.10401
0.398893
6.71267
0.396372
7.38348
0.393526
8.12225
0.390239
8.93286
0.386282
9.82497
0.381966
10.8074
0.376536
11.8859
0.371039
13.0764
0.363277
14.3764
0.356692
15.8258
0.345076
17.3822
19.1722
-0.451173
0.232645
-0.451593
0.245873
-0.451654
0.259505
-0.451688
0.27377
-0.451655
0.288775
-0.451659
0.304627
-0.451656
0.321362
-0.451715
0.339061
-0.451697
0.357601
-0.45174
0.377247
-0.451745
0.397953
-0.451809
0.419808
-0.451801
0.442775
-0.451852
0.46706
-0.451871
0.492666
-0.451913
0.519645
-0.451926
0.548101
-0.451963
0.578112
-0.452013
0.609773
-0.452089
0.643173
-0.452145
0.678392
-0.452228
0.715511
-0.452294
0.75466
-0.452353
0.795957
-0.452437
0.839496
-0.452554
0.885499
-0.452661
0.933879
-0.452766
0.985015
-0.452904
1.03901
-0.453043
1.09592
-0.453179
1.15569
-0.453358
1.21914
-0.453498
1.28591
-0.453685
1.35623
-0.453914
1.43065
-0.454077
1.50887
-0.454324
1.59166
-0.454547
1.67882
-0.454781
1.77087
-0.455032
1.86799
-0.455259
1.9704
-0.455584
2.07845
-0.455848
2.19242
-0.456095
2.31278
-0.456402
2.43968
-0.456654
2.57346
-0.456928
2.71473
-0.457187
2.86383
-0.457429
3.02105
-0.457653
3.18701
-0.457861
3.36198
-0.458048
3.54671
-0.458216
3.74148
-0.458318
3.94717
-0.458357
4.16413
-0.458361
4.39289
-0.458335
4.63456
-0.458183
4.88921
-0.457946
5.15804
-0.457573
5.4417
-0.457103
5.74082
-0.456528
6.0565
-0.45576
6.38957
-0.454831
6.74105
-0.453733
7.1117
-0.452413
7.50249
-0.450824
7.91571
-0.449488
6.05909
-0.44789
6.66561
-0.446025
7.33056
-0.44383
8.06459
-0.441326
8.87023
-0.438291
9.75694
-0.434922
10.7309
-0.430766
11.8037
-0.426379
12.9811
-0.420388
14.2805
-0.414737
15.6972
-0.405811
17.2695
18.9819
-0.483138
0.482277
0.228811
0.481014
0.240771
0.47934
0.253096
0.477197
0.265756
0.474559
0.278808
0.471362
0.292309
0.467675
0.30616
0.463561
0.320609
0.459155
0.335584
0.454756
0.351308
0.45078
0.367988
0.447731
0.38607
0.446128
0.405973
0.446405
0.428178
0.44866
0.453312
0.452487
0.481491
0.457022
0.512607
0.461075
0.546032
0.46361
0.580745
0.464557
0.615898
0.464558
0.651398
0.464335
0.687936
0.464297
0.726265
0.464301
0.766852
0.464262
0.809827
0.464148
0.85512
0.463988
0.902878
0.463855
0.9533
0.463615
1.00638
0.463405
1.06258
0.463128
1.12174
0.462811
1.18406
0.462469
1.25007
0.462091
1.31958
0.461689
1.39287
0.461217
1.47032
0.460761
1.55196
0.460236
1.63817
0.459655
1.72899
0.459084
1.8248
0.458461
1.92599
0.457741
2.03282
0.457013
2.14533
0.456272
2.26404
0.455454
2.38943
0.454595
2.52164
0.453706
2.66098
0.452786
2.80816
0.451808
2.96321
0.450812
3.12703
0.449768
3.29964
0.448678
3.48184
0.447548
3.67396
0.446384
3.87658
0.445188
4.09051
0.443928
4.31587
0.442601
4.55379
0.441212
4.80473
0.439798
5.06933
0.438243
5.34841
0.436659
5.64281
0.434926
5.95331
0.433077
6.28071
0.431065
6.62625
0.428919
6.99043
0.426589
7.37432
0.424059
7.78021
0.421876
6.10619
0.419397
6.71515
0.416636
7.38624
0.413413
8.12548
0.409846
8.93642
0.405598
9.82922
0.400974
10.812
0.395143
11.8917
0.389357
13.0822
0.381261
14.3845
0.374287
15.8328
0.362271
17.3942
19.1783
-0.483547
0.233042
-0.483671
0.245993
-0.483631
0.259459
-0.483618
0.27376
-0.483591
0.288749
-0.483599
0.304643
-0.483573
0.321342
-0.48351
0.339009
-0.483531
0.357631
-0.483479
0.377207
-0.483434
0.397921
-0.48336
0.419746
-0.48333
0.44276
-0.483275
0.467018
-0.483229
0.492635
-0.48316
0.519588
-0.483139
0.548096
-0.483099
0.578084
-0.483071
0.609761
-0.483029
0.64314
-0.482922
0.678302
-0.482921
0.715519
-0.482858
0.754612
-0.482865
0.795972
-0.48285
0.839497
-0.482795
0.88545
-0.482798
0.933896
-0.482801
0.985024
-0.482788
1.03902
-0.482779
1.09591
-0.482796
1.15572
-0.48278
1.21913
-0.482833
1.28597
-0.482855
1.35626
-0.482872
1.43068
-0.48294
1.50894
-0.482966
1.5917
-0.483006
1.67886
-0.483049
1.77092
-0.483108
1.86805
-0.483173
1.97047
-0.483179
2.07845
-0.483235
2.19248
-0.483273
2.31282
-0.483324
2.43973
-0.483361
2.57349
-0.483375
2.71475
-0.483373
2.86383
-0.483394
3.02107
-0.483399
3.18701
-0.483347
3.36193
-0.483279
3.54665
-0.483156
3.74136
-0.483013
3.94703
-0.482855
4.16397
-0.482591
4.39263
-0.482265
4.63423
-0.481866
4.88882
-0.481355
5.15753
-0.480807
5.44115
-0.480137
5.74015
-0.479295
6.05566
-0.478364
6.38863
-0.477247
6.73994
-0.475937
7.11039
-0.474471
7.50103
-0.472792
7.91403
-0.47133
6.05763
-0.469614
6.6639
-0.467608
7.32855
-0.465284
8.06227
-0.462628
8.86757
-0.459509
9.75383
-0.455975
10.7273
-0.451657
11.7994
-0.447122
12.9766
-0.440936
14.2743
-0.435057
15.6913
-0.42605
17.2605
18.976
-0.516494
0.515938
0.229369
0.51506
0.241645
0.513814
0.254345
0.512136
0.267433
0.509947
0.281001
0.507233
0.295022
0.503982
0.309416
0.500148
0.324442
0.495877
0.339861
0.491217
0.355968
0.48643
0.372781
0.48193
0.39057
0.478292
0.409618
0.475991
0.43048
0.475622
0.453689
0.477345
0.479768
0.480969
0.508991
0.48555
0.541452
0.48982
0.576485
0.49261
0.613107
0.493694
0.650323
0.49372
0.687909
0.493476
0.726518
0.49338
0.766947
0.493407
0.809809
0.493382
0.855143
0.493292
0.902976
0.493095
0.953494
0.492941
1.00654
0.492699
1.06282
0.492427
1.12202
0.492148
1.18434
0.491806
1.25042
0.491421
1.31996
0.491014
1.39328
0.490526
1.47081
0.490017
1.55248
0.489469
1.63871
0.4889
1.72957
0.488218
1.82547
0.487518
1.92669
0.486786
2.03355
0.485963
2.14616
0.485077
2.26492
0.48418
2.39032
0.483192
2.52263
0.482163
2.66201
0.48109
2.80923
0.479906
2.9644
0.47873
3.1282
0.477414
3.30096
0.476156
3.4831
0.474728
3.67539
0.473293
3.87802
0.471813
4.09198
0.470219
4.31746
0.468587
4.55542
0.466887
4.80643
0.465077
5.07114
0.463201
5.35028
0.461177
5.64484
0.459086
5.9554
0.456843
6.28296
0.454488
6.62861
0.451928
6.99299
0.449201
7.37704
0.44629
7.78312
0.443819
6.10867
0.441013
6.71796
0.437949
7.3893
0.43443
8.12899
0.430473
8.94038
0.425886
9.8338
0.420927
10.817
0.41486
11.8978
0.408689
13.0884
0.400202
14.3929
0.392954
15.8401
0.380478
17.4067
19.1845
-0.516585
0.233128
-0.516504
0.245913
-0.516491
0.259443
-0.516378
0.273651
-0.516355
0.288725
-0.516286
0.304581
-0.516225
0.321283
-0.516162
0.338956
-0.516069
0.357544
-0.515976
0.377126
-0.515892
0.397846
-0.515773
0.419639
-0.515701
0.442701
-0.515598
0.466928
-0.515465
0.492516
-0.515382
0.519518
-0.51523
0.547961
-0.515135
0.578001
-0.515009
0.609653
-0.514866
0.643009
-0.51477
0.678226
-0.514624
0.715383
-0.514526
0.754534
-0.514382
0.795837
-0.514248
0.839383
-0.51415
0.88536
-0.514026
0.933791
-0.513902
0.984905
-0.513793
1.03893
-0.513648
1.09577
-0.51356
1.15564
-0.513439
1.21901
-0.5133
1.28585
-0.513169
1.35613
-0.513064
1.43059
-0.51293
1.50881
-0.512786
1.59156
-0.512655
1.67873
-0.512518
1.77079
-0.512358
1.86788
-0.512236
1.97036
-0.512093
2.07831
-0.511914
2.19231
-0.511757
2.31266
-0.511568
2.43955
-0.511403
2.57332
-0.511171
2.71452
-0.510966
2.86362
-0.5107
3.0208
-0.510419
3.18673
-0.510123
3.36163
-0.509813
3.54634
-0.509451
3.74099
-0.509074
3.94665
-0.508606
4.1635
-0.508121
4.39215
-0.507542
4.63365
-0.506942
4.88822
-0.506243
5.15682
-0.505393
5.4403
-0.50448
5.73923
-0.503452
6.05464
-0.50231
6.38749
-0.500999
6.73863
-0.499517
7.10891
-0.497807
7.49932
-0.495951
7.91218
-0.494353
6.05603
-0.492521
6.66207
-0.490407
7.32644
-0.487961
8.05982
-0.485148
8.86475
-0.481861
9.75054
-0.478215
10.7237
-0.473786
11.795
-0.469004
12.9718
-0.462768
14.2681
-0.456716
15.6853
-0.447488
17.2513
18.97
-0.550631
0.550413
0.229732
0.549898
0.242206
0.549063
0.255225
0.547792
0.268731
0.546095
0.282731
0.543895
0.297236
0.541136
0.3122
0.537832
0.327756
0.533889
0.343826
0.52943
0.360431
0.524556
0.377673
0.519418
0.395711
0.514406
0.414646
0.510044
0.434842
0.506955
0.456793
0.505788
0.480936
0.506814
0.507978
0.509974
0.538291
0.514403
0.572068
0.518861
0.608647
0.521954
0.647243
0.523244
0.686615
0.523346
0.726428
0.523054
0.767234
0.522888
0.809986
0.522843
0.855183
0.522786
0.903044
0.522676
0.953599
0.522484
1.00675
0.522237
1.06306
0.522006
1.12226
0.521683
1.18466
0.521335
1.25077
0.520939
1.32035
0.520483
1.39374
0.520057
1.47123
0.519495
1.55305
0.518928
1.63928
0.518263
1.73024
0.517556
1.82618
0.51683
1.92743
0.515989
2.03439
0.515129
2.14702
0.514198
2.26585
0.513174
2.39135
0.512087
2.52371
0.510951
2.66315
0.509721
2.81045
0.50845
2.96567
0.507058
3.12959
0.505631
3.30239
0.504095
3.48464
0.502535
3.67695
0.500877
3.87967
0.499086
4.09377
0.497249
4.3193
0.495326
4.55735
0.493328
4.80843
0.491211
5.07325
0.488985
5.35251
0.486646
5.64717
0.484203
5.95785
0.481608
6.28555
0.478866
6.63135
0.475969
6.99589
0.472876
7.38014
0.469531
7.78647
0.466786
6.11141
0.463759
6.72098
0.460357
7.3927
0.45648
8.13287
0.452262
8.9446
0.447358
9.8387
0.442068
10.8223
0.435572
11.9043
0.429065
13.0949
0.42022
14.4018
0.412653
15.8476
0.399755
17.4196
19.1905
-0.550458
0.23303
-0.550303
0.245827
-0.550136
0.259339
-0.550027
0.273596
-0.54988
0.28863
-0.549708
0.304448
-0.549576
0.321193
-0.549422
0.338831
-0.549265
0.357422
-0.549128
0.377009
-0.548987
0.397735
-0.548866
0.419533
-0.548663
0.442524
-0.548522
0.466798
-0.548337
0.492355
-0.548177
0.519367
-0.548014
0.54782
-0.547839
0.577833
-0.547622
0.609458
-0.547474
0.642867
-0.547286
0.678059
-0.547091
0.715193
-0.546857
0.754321
-0.546699
0.795682
-0.546463
0.839168
-0.546266
0.885165
-0.546034
0.93358
-0.545843
0.984716
-0.545581
1.03868
-0.545401
1.09559
-0.545112
1.15537
-0.544909
1.21881
-0.54464
1.2856
-0.544418
1.35591
-0.544135
1.43032
-0.543861
1.50853
-0.54361
1.59132
-0.54333
1.67844
-0.543038
1.77051
-0.54272
1.86756
-0.542395
1.97004
-0.542046
2.07796
-0.541695
2.19196
-0.541365
2.31233
-0.540958
2.43914
-0.540574
2.57294
-0.54016
2.71411
-0.539732
2.86319
-0.53924
3.02031
-0.538776
3.18627
-0.538256
3.36111
-0.537683
3.54576
-0.537102
3.74041
-0.536427
3.94598
-0.535789
4.16286
-0.535016
4.39137
-0.53424
4.63287
-0.533326
4.88731
-0.532408
5.1559
-0.531349
5.43925
-0.530241
5.73812
-0.52899
6.05339
-0.527556
6.38605
-0.526056
6.73713
-0.524358
7.10721
-0.522539
7.4975
-0.520461
7.9101
-0.518734
6.0543
-0.516735
6.66007
-0.514482
7.32418
-0.511906
8.05724
-0.508947
8.86179
-0.505539
9.74713
-0.501707
10.7199
-0.497137
11.7904
-0.492271
12.9669
-0.485843
14.2616
-0.479589
15.679
-0.470363
17.242
18.9644
-0.584904
0.584826
0.229882
0.584495
0.242557
0.583985
0.255765
0.583102
0.269621
0.581864
0.283993
0.580178
0.298924
0.577988
0.31441
0.575202
0.330541
0.571934
0.347112
0.567963
0.364399
0.563387
0.382265
0.558323
0.40077
0.552915
0.420069
0.547441
0.44031
0.542501
0.461747
0.538613
0.484818
0.536487
0.510118
0.536575
0.538197
0.539026
0.569631
0.54305
0.604617
0.547469
0.642839
0.550763
0.683315
0.552314
0.724891
0.552491
0.767051
0.552256
0.810235
0.552141
0.855292
0.552131
0.903067
0.552083
0.953641
0.551965
1.00688
0.551794
1.06323
0.551556
1.12251
0.551264
1.18495
0.550946
1.2511
0.550573
1.32072
0.550174
1.39415
0.549648
1.47175
0.549176
1.55353
0.548541
1.63991
0.54792
1.73087
0.547178
1.82691
0.54641
1.9282
0.545563
2.03523
0.544652
2.14793
0.543627
2.26687
0.542538
2.39244
0.54142
2.52483
0.540167
2.66441
0.538814
2.81181
0.537408
2.96707
0.535913
3.13108
0.534375
3.30392
0.532679
3.48633
0.530909
3.67871
0.529035
3.88155
0.527094
4.09571
0.525022
4.32137
0.522854
4.55951
0.520565
4.81072
0.518189
5.07562
0.515662
5.35504
0.513056
5.64977
0.510265
5.96064
0.507363
6.28845
0.504238
6.63448
0.501002
6.99912
0.497582
7.38356
0.493918
7.79013
0.490927
6.1144
0.487573
6.72434
0.483865
7.39642
0.479723
8.13701
0.475193
8.94913
0.469896
9.84399
0.464262
10.8279
0.457429
11.9111
0.450624
13.1017
0.441375
14.411
0.433647
15.8553
0.420121
17.4331
19.1958
-0.584757
0.232923
-0.584637
0.245732
-0.584473
0.259213
-0.584329
0.273468
-0.584165
0.2885
-0.584026
0.304318
-0.583827
0.321026
-0.583655
0.338664
-0.583462
0.357258
-0.583297
0.376846
-0.583073
0.397536
-0.582879
0.419339
-0.582666
0.442334
-0.582446
0.466573
-0.582207
0.492137
-0.582002
0.519157
-0.581743
0.547578
-0.581477
0.577561
-0.58124
0.609236
-0.580958
0.642577
-0.580707
0.677822
-0.580452
0.71493
-0.580151
0.754033
-0.579849
0.795371
-0.579584
0.838915
-0.579278
0.884851
-0.578932
0.933245
-0.578628
0.984404
-0.578287
1.03835
-0.577948
1.09525
-0.577617
1.15505
-0.57725
1.21843
-0.576894
1.28525
-0.576544
1.35555
-0.57613
1.42991
-0.575762
1.50816
-0.575295
1.59086
-0.574878
1.67802
-0.574446
1.77008
-0.573985
1.8671
-0.573475
1.96954
-0.57302
2.0775
-0.572522
2.19147
-0.571959
2.31176
-0.571401
2.43859
-0.570822
2.57236
-0.570215
2.71351
-0.569549
2.86252
-0.568902
3.01967
-0.568201
3.18557
-0.567445
3.36035
-0.566677
3.545
-0.565905
3.73964
-0.565041
3.94512
-0.564096
4.16191
-0.563183
4.39046
-0.562153
4.63183
-0.561072
4.88623
-0.559873
5.1547
-0.558625
5.438
-0.557258
5.73675
-0.5558
6.05193
-0.554218
6.38447
-0.552497
6.73541
-0.550641
7.10535
-0.548548
7.49541
-0.546351
7.9079
-0.544451
6.05241
-0.542303
6.65792
-0.539948
7.32183
-0.537215
8.05451
-0.534111
8.85869
-0.530554
9.74357
-0.526542
10.7159
-0.521855
11.7857
-0.516792
12.9619
-0.510266
14.2551
-0.504037
15.6728
-0.494682
17.2327
18.9595
-0.617389
0.617454
0.230057
0.617406
0.242752
0.617167
0.256138
0.616746
0.270154
0.616029
0.28481
0.614902
0.300128
0.613365
0.316018
0.611342
0.332613
0.608762
0.349745
0.605591
0.367602
0.601831
0.386065
0.597423
0.405198
0.5925
0.425023
0.587143
0.44568
0.581694
0.467221
0.576521
0.490001
0.572286
0.514375
0.56961
0.540879
0.569139
0.570121
0.570994
0.602767
0.574715
0.639136
0.579086
0.678949
0.582515
0.72148
0.584132
0.765437
0.584241
0.810141
0.583699
0.855837
0.58325
0.903529
0.583032
0.95386
0.582886
1.00703
0.582641
1.06347
0.582376
1.12279
0.582015
1.18531
0.581626
1.2515
0.581192
1.32115
0.580691
1.39466
0.580111
1.47233
0.579505
1.55414
0.578863
1.64055
0.578118
1.73161
0.577376
1.82765
0.576491
1.92909
0.575571
2.03615
0.574587
2.14892
0.573531
2.26793
0.572372
2.3936
0.571107
2.52609
0.569783
2.66573
0.568396
2.81319
0.566877
2.96859
0.565265
3.13269
0.563525
3.30566
0.561742
3.48811
0.559797
3.68066
0.557784
3.88356
0.555654
4.09784
0.553391
4.32364
0.551021
4.56188
0.548528
4.81322
0.5459
5.07825
0.543159
5.35779
0.540256
5.65267
0.537208
5.96369
0.533969
6.29169
0.530631
6.63782
0.527066
7.00268
0.523323
7.38731
0.519389
7.79406
0.516095
6.1177
0.512497
6.72794
0.508536
7.40037
0.504097
8.14146
0.499216
8.954
0.493625
9.84959
0.487638
10.8339
0.480487
11.9183
0.473338
13.1089
0.463694
14.4207
0.455846
15.8632
0.441438
17.4476
19.1993
-0.617212
0.232834
-0.61704
0.245613
-0.616868
0.259094
-0.616725
0.273349
-0.616534
0.288343
-0.61641
0.304202
-0.616276
0.320912
-0.616124
0.338512
-0.615921
0.357068
-0.615739
0.376659
-0.615546
0.397352
-0.615373
0.419159
-0.615152
0.442118
-0.614949
0.466364
-0.614741
0.491933
-0.614512
0.51892
-0.614279
0.54735
-0.614027
0.577301
-0.613774
0.608986
-0.613542
0.642338
-0.613233
0.677514
-0.612945
0.714635
-0.612662
0.753752
-0.612364
0.795064
-0.612032
0.838584
-0.611727
0.884538
-0.61139
0.93291
-0.611042
0.984047
-0.610705
1.03801
-0.610317
1.09485
-0.609945
1.15468
-0.609522
1.218
-0.609118
1.28485
-0.608666
1.35509
-0.608234
1.42948
-0.607758
1.50767
-0.607265
1.59037
-0.606771
1.67752
-0.606184
1.7695
-0.605679
1.86659
-0.605086
1.96894
-0.604499
2.07691
-0.603829
2.1908
-0.603169
2.3111
-0.602513
2.43793
-0.601751
2.57159
-0.60104
2.71279
-0.600268
2.86174
-0.599433
3.01883
-0.598583
3.18471
-0.597679
3.35944
-0.596763
3.54408
-0.595721
3.73859
-0.594711
3.94411
-0.593625
4.16082
-0.592449
4.38929
-0.591244
4.63062
-0.58995
4.88494
-0.588589
5.15333
-0.587144
5.43656
-0.58559
5.73519
-0.583913
6.05026
-0.582167
6.38272
-0.580253
6.7335
-0.578175
7.10327
-0.576007
7.49324
-0.573533
7.90543
-0.571521
6.0504
-0.569313
6.65572
-0.566708
7.31923
-0.56382
8.05163
-0.560592
8.85546
-0.556894
9.73987
-0.552759
10.7117
-0.547893
11.7809
-0.542728
12.9567
-0.536125
14.2485
-0.52988
15.6665
-0.52051
17.2233
18.9565
-0.653649
0.653653
0.230239
0.653529
0.242919
0.653391
0.256308
0.653153
0.270391
0.652714
0.285252
0.65199
0.300835
0.650884
0.317117
0.64937
0.334108
0.647307
0.351801
0.644628
0.370263
0.641241
0.389446
0.637074
0.409351
0.632168
0.429924
0.626588
0.451249
0.620357
0.473448
0.613791
0.496559
0.607275
0.520889
0.601439
0.546709
0.597004
0.574554
0.59471
0.605056
0.595063
0.638781
0.597861
0.676147
0.602123
0.717215
0.606332
0.761225
0.609153
0.807318
0.610405
0.854581
0.610771
0.90316
0.610762
0.953866
0.610756
1.00703
0.610803
1.06342
0.610766
1.12282
0.610658
1.18541
0.61049
1.25166
0.610229
1.3214
0.609882
1.395
0.609562
1.47264
0.609042
1.55465
0.608513
1.64107
0.607942
1.73218
0.607247
1.82834
0.606471
1.92986
0.60561
2.03701
0.604669
2.14986
0.603604
2.26899
0.602462
2.39474
0.601238
2.52731
0.599862
2.66711
0.598376
2.81468
0.596819
2.97015
0.595128
3.13439
0.593331
3.30746
0.591374
3.49008
0.589357
3.68267
0.587157
3.88578
0.584867
4.10013
0.582486
4.32604
0.579907
4.56445
0.57721
4.81593
0.574369
5.08109
0.571422
5.36075
0.568265
5.65584
0.565011
5.96696
0.561562
6.29514
0.557944
6.64145
0.554139
7.00649
0.550087
7.39137
0.5458
7.79835
0.542376
6.12114
0.538462
6.73186
0.534278
7.40457
0.529534
8.1462
0.524402
8.95914
0.518439
9.85555
0.512313
10.84
0.50448
11.9261
0.497509
13.1158
0.486442
14.4318
0.480058
15.8696
0.462508
17.4651
19.198
-0.653389
0.232662
-0.653141
0.245442
-0.652903
0.258922
-0.652678
0.273177
-0.652417
0.288131
-0.652171
0.303991
-0.651924
0.320701
-0.651651
0.338262
-0.651416
0.356859
-0.651156
0.376412
-0.650891
0.397108
-0.650602
0.418877
-0.650309
0.44184
-0.650033
0.466089
-0.649713
0.491624
-0.64941
0.518616
-0.649064
0.547012
-0.648737
0.576971
-0.648409
0.608665
-0.648021
0.641946
-0.647634
0.677134
-0.64727
0.714266
-0.646909
0.753397
-0.646492
0.794644
-0.646081
0.838179
-0.645657
0.88411
-0.645202
0.932461
-0.644776
0.983618
-0.644282
1.03753
-0.64382
1.09439
-0.643293
1.15416
-0.642799
1.21751
-0.642286
1.28434
-0.641727
1.35453
-0.641153
1.42891
-0.640576
1.5071
-0.640027
1.58983
-0.639397
1.67689
-0.638759
1.76886
-0.638083
1.86591
-0.637405
1.96827
-0.63669
2.07619
-0.635939
2.19005
-0.635195
2.31035
-0.63434
2.43708
-0.633535
2.57079
-0.632628
2.71189
-0.631735
2.86086
-0.630831
3.01792
-0.629821
3.18371
-0.628811
3.35843
-0.627699
3.54298
-0.626598
3.73749
-0.625399
3.94292
-0.624179
4.1596
-0.622904
4.38804
-0.621532
4.62925
-0.620067
4.88349
-0.618548
5.15182
-0.616945
5.43498
-0.615249
5.7335
-0.613432
6.04846
-0.611479
6.38077
-0.609408
6.73144
-0.607191
7.10106
-0.604762
7.49083
-0.60222
7.90288
-0.600112
6.0483
-0.597707
6.65331
-0.595028
7.31656
-0.592013
8.04861
-0.588578
8.85203
-0.58468
9.73597
-0.580388
10.7074
-0.57533
11.7758
-0.570204
12.9516
-0.562836
14.2412
-0.558052
15.6618
-0.545971
17.2112
18.9597
-0.682006
0.681319
0.680866
0.680432
0.679976
0.679482
0.678922
0.678191
0.677235
0.675938
0.674327
0.672281
0.669801
0.666761
0.663209
0.659171
0.654752
0.65012
0.645564
0.641449
0.638356
0.6367
0.636789
0.638464
0.64094
0.643207
0.644489
0.644739
0.644512
0.644148
0.64376
0.643362
0.64293
0.642412
0.641863
0.641283
0.640609
0.639951
0.639214
0.638418
0.637587
0.63673
0.635798
0.634749
0.633662
0.632487
0.631196
0.629812
0.628352
0.626717
0.625008
0.623126
0.621181
0.619027
0.616823
0.614382
0.611864
0.609166
0.606365
0.603365
0.600231
0.596922
0.593448
0.589821
0.585994
0.581944
0.577744
0.573265
0.569592
0.565543
0.561129
0.556068
0.550891
0.544283
0.538483
0.529178
0.523755
0.509221
0.506922
0.481879
-0.682062
-0.68206
-0.682062
-0.681973
-0.681945
-0.681832
-0.681707
-0.681583
-0.681452
-0.681285
-0.681113
-0.680908
-0.68074
-0.680505
-0.680306
-0.680043
-0.679818
-0.679575
-0.679287
-0.679027
-0.678762
-0.67845
-0.67813
-0.677809
-0.677479
-0.677112
-0.676775
-0.676365
-0.675983
-0.675572
-0.675149
-0.674699
-0.674197
-0.673711
-0.673177
-0.672621
-0.67202
-0.671398
-0.670781
-0.670103
-0.669398
-0.668633
-0.667892
-0.667053
-0.666247
-0.665346
-0.664449
-0.66346
-0.662444
-0.661385
-0.660309
-0.659153
-0.657991
-0.656715
-0.655442
-0.654015
-0.652595
-0.65107
-0.649465
-0.647725
-0.645902
-0.643959
-0.641931
-0.639711
-0.637401
-0.634899
-0.632207
-0.629951
-0.627438
-0.624658
-0.621461
-0.617994
-0.613794
-0.609643
-0.603733
-0.599651
-0.589807
-0.589271
-0.570013
)
;

boundaryField
{
    inlet
    {
        type            calculated;
        value           nonuniform List<scalar> 
134
(
-23.3053
-24.0007
-28.9436
-26.367
-28.016
-30.4012
-30.4778
-32.1206
-34.085
-46.2091
1.16787
1.41415
1.21277
1.06921
0.953436
0.863325
0.789747
0.72827
0.67455
0.625572
-22.9134
0.577177
0.524356
0.467771
0.402476
0.353661
0.400116
0.265214
0.466108
0.645223
-0.212318
0.285384
0.27879
0.27369
0.271356
0.273567
0.283458
0.301738
0.341201
0.557582
-23.5246
-31.2492
-32.6783
-36.6069
-43.1737
-49.3291
-47.4494
0.131778
0.138175
0.144941
0.151958
0.159258
0.166906
0.174915
0.183301
0.19207
0.201291
0.210872
0.221002
0.231598
0.242756
0.254404
0.266737
0.279741
0.293534
0.307952
0.32314
0.339139
0.35613
0.374314
0.393752
0.414805
0.437931
0.463807
0.477002
-2.39113
-1.64248
-1.24548
-0.959183
-0.768066
-0.614957
-0.500807
-0.421138
-0.358505
-0.314256
-0.285353
-0.270039
-0.266393
-0.27702
-0.303957
-0.331721
-0.334626
-0.323736
-0.31415
-0.305477
-0.297849
-0.290615
-0.283992
-0.278471
-0.274574
-0.273297
-0.276487
-0.287272
-0.306398
-0.346798
-0.278914
-0.138571
-0.145375
-0.152517
-0.15995
-0.167709
-0.175841
-0.184367
-0.193295
-0.202636
-0.212427
-0.222692
-0.233465
-0.244752
-0.256603
-0.269071
-0.282268
-0.296086
-0.31075
-0.363485
-0.381239
-0.40002
-0.420093
-0.441547
-0.464698
-0.489783
-0.517561
-0.549165
-0.586496
)
;
    }
    outlet
    {
        type            calculated;
        value           nonuniform List<scalar> 
160
(
0.230463
0.232524
0.24314
0.245306
0.256523
0.258789
0.270653
0.273007
0.285565
0.288005
0.301264
0.303829
0.317724
0.320503
0.33499
0.338109
0.353016
0.356671
0.371835
0.37623
0.391436
0.396891
0.411811
0.418667
0.432925
0.441637
0.454793
0.465854
0.477456
0.491398
0.500975
0.51836
0.525498
0.546766
0.551266
0.576737
0.578651
0.608363
0.608153
0.641697
0.640425
0.676859
0.676062
0.713967
0.715531
0.753073
0.758753
0.794336
0.805047
0.837849
0.853305
0.883757
0.902909
0.932127
0.954101
0.983223
1.0074
1.03715
1.06382
1.09399
1.12323
1.15374
1.18585
1.21707
1.25219
1.28385
1.32197
1.35407
1.3956
1.42839
1.47334
1.50656
1.55533
1.58924
1.64184
1.6763
1.733
1.76826
1.82921
1.86527
1.93074
1.96758
2.03798
2.07547
2.15093
2.18933
2.27012
2.30956
2.39594
2.4363
2.52865
2.56994
2.66851
2.71101
2.81619
2.85992
2.97181
3.01693
3.13616
3.18271
3.30936
3.35738
3.49209
3.54189
3.68485
3.73635
3.88805
3.94171
4.10259
4.15835
4.32862
4.38667
4.56718
4.62785
4.81879
4.88202
5.08411
5.15023
5.36393
5.43328
5.65916
5.7317
5.97047
6.04655
6.29878
6.37876
6.6453
6.72924
7.01056
7.09876
7.39559
7.48834
7.80284
7.9002
6.12482
6.04606
6.73592
6.65082
7.409
7.31379
8.15127
8.04542
8.96433
8.84857
9.86216
9.73178
10.8458
10.7033
11.9354
11.7699
13.1213
12.9475
14.4463
14.2313
15.8719
15.6612
17.4902
17.192
19.2029
18.9762
)
;
    }
    walls
    {
        type            calculated;
        value           uniform 0;
    }
    frontAndBack
    {
        type            empty;
    }
}


// ************************************************************************* //
