/*--------------------------------*- C++ -*----------------------------------*\
| =========                 |                                                 |
| \\      /  F ield         | OpenFOAM: The Open Source CFD Toolbox           |
|  \\    /   O peration     | Version:  2412                                  |
|   \\  /    A nd           | Website:  www.openfoam.com                      |
|    \\/     M anipulation  |                                                 |
\*---------------------------------------------------------------------------*/
FoamFile
{
    version     2.0;
    format      ascii;
    arch        "LSB;label=32;scalar=64";
    class       volScalarField;
    location    "200";
    object      nuTilda;
}
// * * * * * * * * * * * * * * * * * * * * * * * * * * * * * * * * * * * * * //

dimensions      [0 2 -1 0 0 0 0];

internalField   nonuniform List<scalar> 
10720
(
4.61868e-05
4.82392e-05
5.07749e-05
5.38178e-05
5.75822e-05
6.22651e-05
6.8233e-05
7.57862e-05
8.55689e-05
9.83328e-05
0.000115147
0.000137792
0.000168725
0.00021186
0.000273663
0.000364467
0.000502476
0.00071947
0.00107034
0.00166037
0.00271533
0.00468189
0.00873564
0.0173541
0.0381376
0.0827517
0.117864
0.13001
0.131573
0.131001
0.130066
0.128259
0.125442
0.121801
0.117472
0.11253
0.106241
0.0990863
0.0807512
4.4334e-05
4.26687e-05
4.13653e-05
4.2403e-05
4.44758e-05
4.73115e-05
5.09822e-05
5.57355e-05
6.19608e-05
7.02413e-05
8.13841e-05
9.65232e-05
0.000117264
0.000146273
0.00018739
0.000247116
0.000335945
0.000472183
0.000687594
0.00104175
0.00164525
0.00272884
0.00474814
0.00879595
0.0172056
0.0357705
0.0719368
0.103607
0.117644
0.121223
0.121539
0.120907
0.119556
0.117531
0.114949
0.111901
0.107922
0.103153
0.090198
3.95073e-05
3.93146e-05
3.91107e-05
3.88928e-05
3.86403e-05
3.83692e-05
3.80862e-05
3.77734e-05
3.74481e-05
3.7102e-05
3.67236e-05
3.63271e-05
3.59055e-05
3.54588e-05
3.50361e-05
3.46759e-05
3.43502e-05
3.54481e-05
4.45628e-05
7.38768e-05
0.000155252
0.000348525
0.000802064
0.00189157
0.00412262
0.0105157
0.0230822
0.0411883
0.0621483
0.0824316
0.0983684
0.108158
0.112272
0.11269
0.11124
0.109063
0.106583
0.105987
0.102438
3.96557e-05
3.98233e-05
3.99238e-05
3.9839e-05
3.96702e-05
3.94389e-05
3.91625e-05
3.88544e-05
3.85189e-05
3.81744e-05
3.78349e-05
3.75038e-05
3.71839e-05
3.68889e-05
3.65805e-05
3.62798e-05
3.58974e-05
3.54472e-05
3.47725e-05
3.38036e-05
3.23917e-05
3.10013e-05
3.3666e-05
5.24381e-05
0.000199976
0.00076335
0.00452068
0.0150045
0.0311236
0.0487678
0.0638437
0.073996
0.0794591
0.0819463
0.0830796
0.0838674
0.08451
0.0872408
0.0887645
4.01339e-05
4.01547e-05
4.01764e-05
4.01987e-05
4.02273e-05
4.02592e-05
4.0295e-05
4.03364e-05
4.03828e-05
4.04346e-05
4.04939e-05
4.05607e-05
4.06378e-05
4.07256e-05
4.08272e-05
4.09447e-05
4.10716e-05
4.12501e-05
4.14525e-05
4.23968e-05
2.74005e-05
7.8148e-05
0.000173826
9.23856e-05
0.000873188
0.00225991
0.000190506
0.00173517
0.00561027
0.0136256
0.0266836
0.044008
0.06272
0.0792465
0.0913951
0.0992137
0.103927
0.107618
0.110915
4.01112e-05
4.00848e-05
4.00969e-05
4.00947e-05
4.01095e-05
4.01348e-05
4.01646e-05
4.01958e-05
4.02329e-05
4.02737e-05
4.03169e-05
4.03641e-05
4.04162e-05
4.04731e-05
4.05376e-05
4.06095e-05
4.06907e-05
4.07823e-05
4.08843e-05
4.10069e-05
4.1113e-05
4.14157e-05
4.12318e-05
4.51479e-05
3.32199e-05
2.47189e-05
0.000992628
7.52503e-05
0.000855067
0.0034164
0.00888961
0.0174739
0.0282059
0.0394548
0.0497431
0.0582528
0.0647401
0.0708696
0.0774982
4.00369e-05
4.0028e-05
4.00223e-05
4.0017e-05
4.0011e-05
4.00063e-05
4.00026e-05
3.99994e-05
3.99983e-05
3.99989e-05
4.00019e-05
4.00079e-05
4.00178e-05
4.00322e-05
4.00531e-05
4.00816e-05
4.01205e-05
4.01731e-05
4.02424e-05
4.03364e-05
4.00904e-05
3.73587e-05
3.21214e-05
5.42823e-06
5.77983e-06
2.09394e-06
4.11091e-05
0.000381093
3.56595e-05
0.00016488
0.00100086
0.00422924
0.0111743
0.0233191
0.0401135
0.0589606
0.0764777
0.0921793
0.107023
4.00389e-05
4.00387e-05
4.00511e-05
4.00423e-05
4.00363e-05
4.00316e-05
4.00265e-05
4.00211e-05
4.00149e-05
4.00097e-05
4.0006e-05
4.00044e-05
4.00052e-05
4.00091e-05
4.00161e-05
4.00265e-05
4.00406e-05
4.00585e-05
4.00801e-05
4.01054e-05
4.01347e-05
4.01682e-05
4.02032e-05
4.03123e-05
4.02895e-05
4.23866e-05
3.862e-05
2.6002e-05
0.000198777
3.90058e-05
0.000317341
0.00083952
0.0020421
0.00503243
0.0107471
0.0193426
0.0301651
0.0432821
0.0591722
4.00446e-05
4.00402e-05
4.00397e-05
4.00394e-05
4.00386e-05
4.00383e-05
4.00384e-05
4.00394e-05
4.00409e-05
4.00431e-05
4.00463e-05
4.00507e-05
4.00566e-05
4.00646e-05
4.00752e-05
4.00893e-05
4.01083e-05
4.01323e-05
4.01693e-05
4.02069e-05
4.03285e-05
4.02954e-05
3.96275e-05
3.49511e-05
2.77448e-05
1.03597e-05
7.15714e-06
4.982e-06
7.85632e-06
3.67925e-05
0.000225993
0.000965405
0.00259948
0.000956281
0.00514048
0.014572
0.0310198
0.0556957
0.0866884
4.00442e-05
4.00421e-05
4.00506e-05
4.00455e-05
4.00434e-05
4.00434e-05
4.00433e-05
4.00429e-05
4.00419e-05
4.00416e-05
4.00422e-05
4.00439e-05
4.00467e-05
4.00508e-05
4.00564e-05
4.00637e-05
4.00729e-05
4.0084e-05
4.00972e-05
4.01124e-05
4.01297e-05
4.01493e-05
4.01724e-05
4.01987e-05
4.0241e-05
4.02748e-05
4.05192e-05
3.88649e-05
3.88687e-05
1.75826e-05
7.72889e-05
0.000193781
0.000478033
0.000321991
0.000452447
0.00117378
0.00427362
0.011783
0.0321158
4.00376e-05
4.00332e-05
4.00327e-05
4.00321e-05
4.00311e-05
4.00308e-05
4.00305e-05
4.00301e-05
4.00299e-05
4.00298e-05
4.00299e-05
4.00305e-05
4.00315e-05
4.00331e-05
4.00357e-05
4.00394e-05
4.00448e-05
4.00524e-05
4.00632e-05
4.008e-05
4.00948e-05
4.0138e-05
4.02084e-05
4.05307e-05
4.02552e-05
3.75978e-05
3.29636e-05
2.4119e-05
8.90523e-06
6.77467e-06
3.12514e-06
0
0
0.000221427
0.00121139
0.000492472
0.0035032
0.0164032
0.0530874
4.00382e-05
4.00381e-05
4.00447e-05
4.00407e-05
4.00386e-05
4.00379e-05
4.0037e-05
4.00358e-05
4.00342e-05
4.0033e-05
4.00321e-05
4.00316e-05
4.00312e-05
4.00309e-05
4.00308e-05
4.00311e-05
4.00317e-05
4.00329e-05
4.00347e-05
4.00372e-05
4.00408e-05
4.00455e-05
4.00517e-05
4.00603e-05
4.0072e-05
4.00909e-05
4.01235e-05
4.02203e-05
4.00325e-05
3.57272e-05
2.68886e-05
1.12933e-05
6.80842e-06
7.52061e-05
0.000105567
0.000276141
0.00102159
0.000471041
0.0116204
4.00346e-05
4.00313e-05
4.00314e-05
4.0031e-05
4.00304e-05
4.00301e-05
4.00298e-05
4.00293e-05
4.00289e-05
4.00287e-05
4.00287e-05
4.0029e-05
4.00295e-05
4.00304e-05
4.00318e-05
4.00338e-05
4.00367e-05
4.00408e-05
4.00466e-05
4.00552e-05
4.00659e-05
4.00783e-05
4.00849e-05
4.01669e-05
4.04722e-05
4.08218e-05
4.08762e-05
4.0536e-05
3.83871e-05
3.2174e-05
1.46656e-05
8.05092e-06
5.31764e-06
0
0
0.000115481
0.000846155
0.000969485
0.0240486
4.00354e-05
4.00364e-05
4.00417e-05
4.00386e-05
4.00369e-05
4.00365e-05
4.00358e-05
4.00347e-05
4.00334e-05
4.00327e-05
4.00323e-05
4.00323e-05
4.00326e-05
4.00331e-05
4.0034e-05
4.00352e-05
4.00369e-05
4.0039e-05
4.00417e-05
4.00447e-05
4.00483e-05
4.00524e-05
4.00573e-05
4.00634e-05
4.00715e-05
4.00834e-05
4.00954e-05
4.01275e-05
4.00737e-05
4.02191e-05
3.88879e-05
3.63841e-05
2.98665e-05
3.41721e-06
7.75612e-06
3.50306e-06
0
0.000154424
0.00243104
4.0032e-05
4.00296e-05
4.00298e-05
4.00295e-05
4.0029e-05
4.00288e-05
4.00285e-05
4.00282e-05
4.00281e-05
4.0028e-05
4.00279e-05
4.00279e-05
4.00279e-05
4.0028e-05
4.00281e-05
4.00283e-05
4.00286e-05
4.00292e-05
4.00302e-05
4.00319e-05
4.00343e-05
4.0037e-05
4.00399e-05
4.00415e-05
4.00597e-05
4.01569e-05
4.0328e-05
4.06348e-05
4.11174e-05
4.11107e-05
3.95134e-05
3.54317e-05
2.45647e-05
8.57499e-06
4.48983e-06
0
0
0.000374239
0.00798569
4.00329e-05
4.00348e-05
4.00393e-05
4.00368e-05
4.00353e-05
4.00349e-05
4.00341e-05
4.00329e-05
4.0032e-05
4.00314e-05
4.00311e-05
4.00309e-05
4.00309e-05
4.00309e-05
4.0031e-05
4.00312e-05
4.00315e-05
4.00318e-05
4.00322e-05
4.00325e-05
4.00328e-05
4.00328e-05
4.00329e-05
4.00334e-05
4.00346e-05
4.00367e-05
4.00396e-05
4.00452e-05
4.00491e-05
4.00721e-05
4.01932e-05
4.03362e-05
4.06686e-05
3.82031e-05
3.48178e-05
1.5764e-05
7.69735e-06
0
0.000580482
4.00302e-05
4.00284e-05
4.00288e-05
4.00286e-05
4.00281e-05
4.00279e-05
4.00277e-05
4.00274e-05
4.00272e-05
4.00271e-05
4.0027e-05
4.00269e-05
4.00268e-05
4.00268e-05
4.00268e-05
4.00271e-05
4.00275e-05
4.00283e-05
4.00293e-05
4.0031e-05
4.00334e-05
4.00362e-05
4.0039e-05
4.00413e-05
4.00406e-05
4.00387e-05
4.00459e-05
4.00842e-05
4.02302e-05
4.0531e-05
4.10543e-05
4.16127e-05
4.05706e-05
3.62767e-05
2.04526e-05
8.06974e-06
0
3.40027e-05
0.00179212
4.00311e-05
4.00335e-05
4.00375e-05
4.00354e-05
4.00341e-05
4.00337e-05
4.00329e-05
4.00318e-05
4.0031e-05
4.00306e-05
4.00304e-05
4.00304e-05
4.00304e-05
4.00305e-05
4.00306e-05
4.00308e-05
4.00311e-05
4.00316e-05
4.00322e-05
4.0033e-05
4.0034e-05
4.00352e-05
4.00366e-05
4.00383e-05
4.00405e-05
4.00434e-05
4.00474e-05
4.00523e-05
4.00585e-05
4.00606e-05
4.0064e-05
4.00961e-05
4.02656e-05
4.06648e-05
4.12051e-05
3.96576e-05
3.29628e-05
6.50784e-06
0
4.00289e-05
4.00275e-05
4.00281e-05
4.00279e-05
4.00274e-05
4.00273e-05
4.00271e-05
4.00268e-05
4.00267e-05
4.00266e-05
4.00265e-05
4.00265e-05
4.00266e-05
4.00266e-05
4.00267e-05
4.00267e-05
4.00267e-05
4.00266e-05
4.00266e-05
4.00266e-05
4.00267e-05
4.00271e-05
4.00282e-05
4.00299e-05
4.00321e-05
4.00331e-05
4.00314e-05
4.00268e-05
4.00262e-05
4.00388e-05
4.01309e-05
4.04723e-05
4.11219e-05
4.20246e-05
3.99461e-05
3.43149e-05
8.72658e-06
4.32309e-09
2.17164e-07
4.00296e-05
4.00324e-05
4.0036e-05
4.00342e-05
4.00331e-05
4.00327e-05
4.0032e-05
4.00309e-05
4.00303e-05
4.003e-05
4.00299e-05
4.00299e-05
4.00299e-05
4.00299e-05
4.00299e-05
4.00299e-05
4.00299e-05
4.00301e-05
4.00303e-05
4.00305e-05
4.00309e-05
4.00312e-05
4.00316e-05
4.0032e-05
4.00323e-05
4.00326e-05
4.00329e-05
4.00332e-05
4.00339e-05
4.00353e-05
4.00362e-05
4.0039e-05
4.00394e-05
4.01162e-05
4.04349e-05
4.06741e-05
4.38853e-05
2.59691e-05
1.04039e-06
4.00279e-05
4.00269e-05
4.00275e-05
4.00273e-05
4.00269e-05
4.00268e-05
4.00266e-05
4.00264e-05
4.00263e-05
4.00262e-05
4.00261e-05
4.00261e-05
4.00261e-05
4.00261e-05
4.00262e-05
4.00262e-05
4.00262e-05
4.00263e-05
4.00265e-05
4.00269e-05
4.00276e-05
4.00285e-05
4.00295e-05
4.00306e-05
4.00321e-05
4.00339e-05
4.00357e-05
4.00366e-05
4.00346e-05
4.00264e-05
4.00084e-05
4.00124e-05
4.01303e-05
4.06361e-05
4.13783e-05
4.25756e-05
3.57418e-05
4.75365e-06
5.12367e-08
4.00285e-05
4.00315e-05
4.00347e-05
4.00333e-05
4.00323e-05
4.00319e-05
4.00311e-05
4.00302e-05
4.00298e-05
4.00295e-05
4.00295e-05
4.00295e-05
4.00295e-05
4.00295e-05
4.00294e-05
4.00294e-05
4.00293e-05
4.00294e-05
4.00295e-05
4.00296e-05
4.00299e-05
4.00302e-05
4.00307e-05
4.00312e-05
4.00319e-05
4.00329e-05
4.00342e-05
4.0036e-05
4.00379e-05
4.00399e-05
4.00418e-05
4.00434e-05
4.00434e-05
4.00317e-05
4.0059e-05
4.00729e-05
4.07817e-05
4.48952e-05
2.28552e-06
4.00271e-05
4.00264e-05
4.00271e-05
4.00269e-05
4.00266e-05
4.00265e-05
4.00263e-05
4.00261e-05
4.00259e-05
4.00258e-05
4.00257e-05
4.00257e-05
4.00258e-05
4.00259e-05
4.0026e-05
4.00261e-05
4.00262e-05
4.00262e-05
4.00262e-05
4.00263e-05
4.00265e-05
4.00269e-05
4.00276e-05
4.00286e-05
4.00299e-05
4.00315e-05
4.00335e-05
4.00359e-05
4.00385e-05
4.00404e-05
4.00368e-05
4.002e-05
3.99982e-05
3.99852e-05
4.03469e-05
4.0457e-05
4.63889e-05
1.77125e-05
3.90906e-07
4.00276e-05
4.00307e-05
4.00337e-05
4.00325e-05
4.00315e-05
4.00312e-05
4.00305e-05
4.00297e-05
4.00293e-05
4.00291e-05
4.00291e-05
4.00291e-05
4.00292e-05
4.00291e-05
4.0029e-05
4.00289e-05
4.00288e-05
4.00288e-05
4.00288e-05
4.00288e-05
4.00289e-05
4.00291e-05
4.00293e-05
4.00295e-05
4.00299e-05
4.00303e-05
4.00309e-05
4.00316e-05
4.00326e-05
4.00339e-05
4.00355e-05
4.00379e-05
4.0039e-05
4.0048e-05
4.00012e-05
4.0203e-05
3.90603e-05
4.53566e-05
2.63468e-05
4.00265e-05
4.0026e-05
4.00267e-05
4.00265e-05
4.00263e-05
4.00262e-05
4.0026e-05
4.00258e-05
4.00257e-05
4.00255e-05
4.00255e-05
4.00255e-05
4.00255e-05
4.00256e-05
4.00258e-05
4.00259e-05
4.00261e-05
4.00261e-05
4.00261e-05
4.00262e-05
4.00265e-05
4.00268e-05
4.00274e-05
4.00281e-05
4.00291e-05
4.00303e-05
4.00318e-05
4.00337e-05
4.00361e-05
4.00389e-05
4.00424e-05
4.00418e-05
4.00426e-05
3.9977e-05
4.01161e-05
3.94255e-05
4.29768e-05
3.93619e-05
5.6175e-06
4.00269e-05
4.003e-05
4.00328e-05
4.00317e-05
4.00309e-05
4.00305e-05
4.00299e-05
4.00292e-05
4.00289e-05
4.00288e-05
4.00288e-05
4.00288e-05
4.00288e-05
4.00287e-05
4.00287e-05
4.00286e-05
4.00285e-05
4.00285e-05
4.00284e-05
4.00284e-05
4.00284e-05
4.00285e-05
4.00286e-05
4.00288e-05
4.00291e-05
4.00295e-05
4.00301e-05
4.00309e-05
4.00319e-05
4.0033e-05
4.00343e-05
4.00363e-05
4.00361e-05
4.00482e-05
4.00076e-05
4.01898e-05
3.9428e-05
4.19258e-05
3.78464e-05
4.0026e-05
4.00257e-05
4.00264e-05
4.00262e-05
4.00261e-05
4.0026e-05
4.00258e-05
4.00256e-05
4.00255e-05
4.00254e-05
4.00253e-05
4.00254e-05
4.00255e-05
4.00256e-05
4.00258e-05
4.00259e-05
4.00261e-05
4.00262e-05
4.00263e-05
4.00263e-05
4.00264e-05
4.00266e-05
4.0027e-05
4.00275e-05
4.00283e-05
4.00293e-05
4.00306e-05
4.00321e-05
4.0034e-05
4.00361e-05
4.00391e-05
4.00415e-05
4.00501e-05
4.00309e-05
4.00769e-05
3.9853e-05
3.9723e-05
4.51001e-05
2.12203e-05
4.00264e-05
4.00294e-05
4.00321e-05
4.00311e-05
4.00303e-05
4.003e-05
4.00294e-05
4.00288e-05
4.00285e-05
4.00284e-05
4.00284e-05
4.00285e-05
4.00285e-05
4.00284e-05
4.00284e-05
4.00283e-05
4.00283e-05
4.00283e-05
4.00282e-05
4.00282e-05
4.00282e-05
4.00282e-05
4.00282e-05
4.00283e-05
4.00284e-05
4.00287e-05
4.0029e-05
4.00295e-05
4.00302e-05
4.00311e-05
4.00322e-05
4.00338e-05
4.00344e-05
4.00406e-05
4.00266e-05
4.00888e-05
3.99128e-05
4.02378e-05
4.04737e-05
4.00256e-05
4.00256e-05
4.00262e-05
4.0026e-05
4.00259e-05
4.00258e-05
4.00256e-05
4.00255e-05
4.00254e-05
4.00253e-05
4.00253e-05
4.00254e-05
4.00255e-05
4.00257e-05
4.00258e-05
4.0026e-05
4.00262e-05
4.00263e-05
4.00264e-05
4.00265e-05
4.00265e-05
4.00267e-05
4.00269e-05
4.00273e-05
4.00279e-05
4.00287e-05
4.00297e-05
4.0031e-05
4.00325e-05
4.00343e-05
4.00364e-05
4.00388e-05
4.00424e-05
4.00493e-05
4.00304e-05
4.01877e-05
3.91156e-05
4.33872e-05
3.41653e-05
4.0026e-05
4.0029e-05
4.00314e-05
4.00306e-05
4.00298e-05
4.00295e-05
4.00289e-05
4.00284e-05
4.00282e-05
4.00281e-05
4.00281e-05
4.00281e-05
4.00282e-05
4.00281e-05
4.00281e-05
4.0028e-05
4.0028e-05
4.0028e-05
4.0028e-05
4.0028e-05
4.0028e-05
4.0028e-05
4.0028e-05
4.0028e-05
4.00281e-05
4.00282e-05
4.00285e-05
4.00289e-05
4.00294e-05
4.00302e-05
4.00311e-05
4.00322e-05
4.00334e-05
4.00355e-05
4.00365e-05
4.0038e-05
4.00673e-05
3.9913e-05
4.04377e-05
4.00254e-05
4.00254e-05
4.0026e-05
4.00259e-05
4.00258e-05
4.00256e-05
4.00255e-05
4.00254e-05
4.00253e-05
4.00254e-05
4.00254e-05
4.00255e-05
4.00256e-05
4.00258e-05
4.0026e-05
4.00261e-05
4.00263e-05
4.00265e-05
4.00266e-05
4.00267e-05
4.00267e-05
4.00268e-05
4.00269e-05
4.00272e-05
4.00276e-05
4.00283e-05
4.00291e-05
4.00302e-05
4.00315e-05
4.0033e-05
4.00347e-05
4.00371e-05
4.00377e-05
4.00492e-05
4.00165e-05
4.01886e-05
3.95545e-05
4.11782e-05
3.93382e-05
4.00257e-05
4.00285e-05
4.00308e-05
4.00301e-05
4.00294e-05
4.00291e-05
4.00285e-05
4.00281e-05
4.00279e-05
4.00278e-05
4.00278e-05
4.00278e-05
4.00279e-05
4.00278e-05
4.00278e-05
4.00277e-05
4.00277e-05
4.00277e-05
4.00277e-05
4.00277e-05
4.00278e-05
4.00278e-05
4.00278e-05
4.00278e-05
4.00278e-05
4.00279e-05
4.0028e-05
4.00283e-05
4.00287e-05
4.00293e-05
4.003e-05
4.0031e-05
4.00322e-05
4.00331e-05
4.00369e-05
4.003e-05
4.00669e-05
3.99675e-05
4.01638e-05
4.00252e-05
4.00253e-05
4.00258e-05
4.00258e-05
4.00256e-05
4.00255e-05
4.00254e-05
4.00254e-05
4.00254e-05
4.00255e-05
4.00256e-05
4.00257e-05
4.00258e-05
4.0026e-05
4.00261e-05
4.00263e-05
4.00265e-05
4.00266e-05
4.00267e-05
4.00268e-05
4.00268e-05
4.00269e-05
4.0027e-05
4.00272e-05
4.00275e-05
4.0028e-05
4.00287e-05
4.00296e-05
4.00307e-05
4.0032e-05
4.00335e-05
4.00356e-05
4.00362e-05
4.0044e-05
4.00271e-05
4.01001e-05
3.99276e-05
4.01746e-05
4.0435e-05
4.00255e-05
4.00282e-05
4.00303e-05
4.00296e-05
4.0029e-05
4.00287e-05
4.00282e-05
4.00278e-05
4.00276e-05
4.00275e-05
4.00275e-05
4.00275e-05
4.00275e-05
4.00275e-05
4.00275e-05
4.00274e-05
4.00273e-05
4.00273e-05
4.00274e-05
4.00274e-05
4.00275e-05
4.00276e-05
4.00276e-05
4.00277e-05
4.00277e-05
4.00277e-05
4.00277e-05
4.00279e-05
4.00282e-05
4.00287e-05
4.00293e-05
4.003e-05
4.0031e-05
4.00319e-05
4.00345e-05
4.00325e-05
4.00463e-05
4.00248e-05
4.0054e-05
4.0025e-05
4.00252e-05
4.00257e-05
4.00257e-05
4.00255e-05
4.00253e-05
4.00253e-05
4.00254e-05
4.00255e-05
4.00256e-05
4.00258e-05
4.00259e-05
4.0026e-05
4.00261e-05
4.00263e-05
4.00264e-05
4.00266e-05
4.00267e-05
4.00269e-05
4.00269e-05
4.0027e-05
4.0027e-05
4.00271e-05
4.00272e-05
4.00275e-05
4.00279e-05
4.00284e-05
4.00292e-05
4.00301e-05
4.00312e-05
4.00325e-05
4.00343e-05
4.00356e-05
4.00393e-05
4.00373e-05
4.0049e-05
4.00575e-05
3.99564e-05
4.03388e-05
4.00253e-05
4.00278e-05
4.00298e-05
4.00292e-05
4.00286e-05
4.00284e-05
4.00279e-05
4.00275e-05
4.00273e-05
4.00272e-05
4.00272e-05
4.00272e-05
4.00272e-05
4.00272e-05
4.00271e-05
4.00271e-05
4.0027e-05
4.0027e-05
4.0027e-05
4.00271e-05
4.00272e-05
4.00273e-05
4.00274e-05
4.00274e-05
4.00275e-05
4.00274e-05
4.00275e-05
4.00276e-05
4.00278e-05
4.00281e-05
4.00286e-05
4.00292e-05
4.00301e-05
4.0031e-05
4.00325e-05
4.00335e-05
4.00366e-05
4.00411e-05
4.00352e-05
4.00249e-05
4.00252e-05
4.00256e-05
4.00256e-05
4.00254e-05
4.00252e-05
4.00253e-05
4.00255e-05
4.00256e-05
4.00258e-05
4.0026e-05
4.00261e-05
4.00262e-05
4.00263e-05
4.00265e-05
4.00266e-05
4.00267e-05
4.00269e-05
4.0027e-05
4.00271e-05
4.00271e-05
4.00271e-05
4.00272e-05
4.00272e-05
4.00274e-05
4.00277e-05
4.00282e-05
4.00288e-05
4.00296e-05
4.00306e-05
4.00318e-05
4.00332e-05
4.00348e-05
4.00365e-05
4.004e-05
4.00359e-05
4.00679e-05
3.99839e-05
4.01482e-05
4.00251e-05
4.00276e-05
4.00294e-05
4.00288e-05
4.00283e-05
4.00281e-05
4.00276e-05
4.00272e-05
4.0027e-05
4.00269e-05
4.00269e-05
4.00269e-05
4.00269e-05
4.00269e-05
4.00268e-05
4.00267e-05
4.00267e-05
4.00267e-05
4.00267e-05
4.00268e-05
4.00268e-05
4.0027e-05
4.00271e-05
4.00271e-05
4.00272e-05
4.00273e-05
4.00272e-05
4.00273e-05
4.00274e-05
4.00277e-05
4.00281e-05
4.00286e-05
4.00293e-05
4.00302e-05
4.00313e-05
4.00328e-05
4.00339e-05
4.00404e-05
4.00368e-05
4.00248e-05
4.00252e-05
4.00254e-05
4.00254e-05
4.00253e-05
4.00252e-05
4.00254e-05
4.00256e-05
4.00258e-05
4.0026e-05
4.00262e-05
4.00263e-05
4.00264e-05
4.00265e-05
4.00266e-05
4.00267e-05
4.00268e-05
4.00269e-05
4.00271e-05
4.00271e-05
4.00272e-05
4.00272e-05
4.00272e-05
4.00273e-05
4.00274e-05
4.00277e-05
4.0028e-05
4.00286e-05
4.00292e-05
4.00301e-05
4.00311e-05
4.00323e-05
4.00338e-05
4.00352e-05
4.00387e-05
4.00362e-05
4.00534e-05
4.00267e-05
4.0064e-05
4.00251e-05
4.00273e-05
4.0029e-05
4.00285e-05
4.0028e-05
4.00278e-05
4.00273e-05
4.0027e-05
4.00268e-05
4.00267e-05
4.00266e-05
4.00266e-05
4.00266e-05
4.00266e-05
4.00265e-05
4.00264e-05
4.00263e-05
4.00263e-05
4.00263e-05
4.00264e-05
4.00265e-05
4.00266e-05
4.00267e-05
4.00268e-05
4.0027e-05
4.0027e-05
4.0027e-05
4.0027e-05
4.00271e-05
4.00273e-05
4.00276e-05
4.0028e-05
4.00286e-05
4.00293e-05
4.00303e-05
4.00317e-05
4.0033e-05
4.00374e-05
4.00378e-05
4.00248e-05
4.00251e-05
4.00253e-05
4.00253e-05
4.00252e-05
4.00252e-05
4.00255e-05
4.00257e-05
4.00259e-05
4.00262e-05
4.00264e-05
4.00265e-05
4.00266e-05
4.00267e-05
4.00268e-05
4.00269e-05
4.0027e-05
4.00271e-05
4.00272e-05
4.00272e-05
4.00273e-05
4.00273e-05
4.00273e-05
4.00274e-05
4.00274e-05
4.00276e-05
4.00279e-05
4.00284e-05
4.00289e-05
4.00297e-05
4.00306e-05
4.00316e-05
4.0033e-05
4.00343e-05
4.00368e-05
4.00375e-05
4.00437e-05
4.00434e-05
4.00454e-05
4.0025e-05
4.00271e-05
4.00287e-05
4.00282e-05
4.00277e-05
4.00275e-05
4.00271e-05
4.00267e-05
4.00265e-05
4.00264e-05
4.00263e-05
4.00263e-05
4.00263e-05
4.00262e-05
4.00262e-05
4.00261e-05
4.0026e-05
4.0026e-05
4.0026e-05
4.0026e-05
4.00261e-05
4.00263e-05
4.00264e-05
4.00265e-05
4.00266e-05
4.00267e-05
4.00268e-05
4.00268e-05
4.00268e-05
4.00269e-05
4.00271e-05
4.00274e-05
4.00279e-05
4.00286e-05
4.00294e-05
4.00306e-05
4.00321e-05
4.00352e-05
4.0037e-05
4.00248e-05
4.00251e-05
4.00252e-05
4.00253e-05
4.00252e-05
4.00253e-05
4.00256e-05
4.00258e-05
4.00261e-05
4.00263e-05
4.00265e-05
4.00267e-05
4.00268e-05
4.00268e-05
4.00269e-05
4.0027e-05
4.00271e-05
4.00272e-05
4.00273e-05
4.00273e-05
4.00274e-05
4.00274e-05
4.00274e-05
4.00274e-05
4.00275e-05
4.00276e-05
4.00279e-05
4.00282e-05
4.00287e-05
4.00293e-05
4.00301e-05
4.00311e-05
4.00322e-05
4.00336e-05
4.00354e-05
4.00373e-05
4.004e-05
4.00449e-05
4.00454e-05
4.0025e-05
4.00269e-05
4.00284e-05
4.00279e-05
4.00275e-05
4.00273e-05
4.00269e-05
4.00265e-05
4.00263e-05
4.00261e-05
4.0026e-05
4.0026e-05
4.0026e-05
4.00259e-05
4.00258e-05
4.00257e-05
4.00256e-05
4.00256e-05
4.00256e-05
4.00257e-05
4.00258e-05
4.00259e-05
4.0026e-05
4.00262e-05
4.00263e-05
4.00264e-05
4.00265e-05
4.00266e-05
4.00266e-05
4.00266e-05
4.00267e-05
4.0027e-05
4.00274e-05
4.00279e-05
4.00287e-05
4.00297e-05
4.00312e-05
4.00337e-05
4.00356e-05
4.00248e-05
4.00251e-05
4.00251e-05
4.00252e-05
4.00253e-05
4.00254e-05
4.00257e-05
4.0026e-05
4.00262e-05
4.00265e-05
4.00267e-05
4.00268e-05
4.00269e-05
4.0027e-05
4.00271e-05
4.00271e-05
4.00272e-05
4.00273e-05
4.00273e-05
4.00274e-05
4.00274e-05
4.00275e-05
4.00275e-05
4.00275e-05
4.00275e-05
4.00277e-05
4.00278e-05
4.00281e-05
4.00285e-05
4.00291e-05
4.00298e-05
4.00306e-05
4.00316e-05
4.00329e-05
4.00344e-05
4.00364e-05
4.00387e-05
4.00427e-05
4.00463e-05
4.00249e-05
4.00267e-05
4.00281e-05
4.00276e-05
4.00272e-05
4.0027e-05
4.00266e-05
4.00263e-05
4.0026e-05
4.00258e-05
4.00257e-05
4.00257e-05
4.00256e-05
4.00256e-05
4.00255e-05
4.00254e-05
4.00253e-05
4.00253e-05
4.00253e-05
4.00253e-05
4.00254e-05
4.00255e-05
4.00257e-05
4.00258e-05
4.0026e-05
4.00261e-05
4.00262e-05
4.00263e-05
4.00263e-05
4.00264e-05
4.00264e-05
4.00266e-05
4.00269e-05
4.00274e-05
4.0028e-05
4.00289e-05
4.00303e-05
4.00325e-05
4.00343e-05
4.00249e-05
4.00251e-05
4.0025e-05
4.00252e-05
4.00253e-05
4.00255e-05
4.00258e-05
4.00261e-05
4.00264e-05
4.00266e-05
4.00268e-05
4.00269e-05
4.00271e-05
4.00272e-05
4.00272e-05
4.00273e-05
4.00273e-05
4.00274e-05
4.00275e-05
4.00275e-05
4.00275e-05
4.00276e-05
4.00276e-05
4.00276e-05
4.00276e-05
4.00277e-05
4.00278e-05
4.00281e-05
4.00284e-05
4.00289e-05
4.00295e-05
4.00302e-05
4.00312e-05
4.00323e-05
4.00337e-05
4.00354e-05
4.00379e-05
4.00405e-05
4.00457e-05
4.00249e-05
4.00265e-05
4.00278e-05
4.00274e-05
4.0027e-05
4.00268e-05
4.00264e-05
4.00261e-05
4.00258e-05
4.00256e-05
4.00255e-05
4.00254e-05
4.00253e-05
4.00252e-05
4.00251e-05
4.0025e-05
4.0025e-05
4.00249e-05
4.0025e-05
4.0025e-05
4.00251e-05
4.00252e-05
4.00253e-05
4.00255e-05
4.00257e-05
4.00258e-05
4.00259e-05
4.0026e-05
4.00261e-05
4.00261e-05
4.00262e-05
4.00263e-05
4.00265e-05
4.00269e-05
4.00274e-05
4.00282e-05
4.00294e-05
4.00314e-05
4.00332e-05
4.00249e-05
4.00251e-05
4.00249e-05
4.00252e-05
4.00254e-05
4.00256e-05
4.00259e-05
4.00262e-05
4.00265e-05
4.00267e-05
4.00269e-05
4.00271e-05
4.00272e-05
4.00273e-05
4.00274e-05
4.00274e-05
4.00275e-05
4.00275e-05
4.00276e-05
4.00276e-05
4.00277e-05
4.00277e-05
4.00277e-05
4.00277e-05
4.00277e-05
4.00278e-05
4.00279e-05
4.00281e-05
4.00284e-05
4.00288e-05
4.00293e-05
4.00299e-05
4.00308e-05
4.00318e-05
4.00331e-05
4.00346e-05
4.00371e-05
4.00391e-05
4.00443e-05
4.00248e-05
4.00264e-05
4.00275e-05
4.00271e-05
4.00267e-05
4.00266e-05
4.00262e-05
4.00258e-05
4.00255e-05
4.00253e-05
4.00252e-05
4.00251e-05
4.0025e-05
4.00249e-05
4.00248e-05
4.00247e-05
4.00247e-05
4.00246e-05
4.00246e-05
4.00247e-05
4.00247e-05
4.00249e-05
4.0025e-05
4.00252e-05
4.00253e-05
4.00255e-05
4.00256e-05
4.00257e-05
4.00258e-05
4.00259e-05
4.00259e-05
4.0026e-05
4.00261e-05
4.00264e-05
4.00269e-05
4.00276e-05
4.00287e-05
4.00304e-05
4.00321e-05
4.00249e-05
4.0025e-05
4.00248e-05
4.00252e-05
4.00254e-05
4.00257e-05
4.0026e-05
4.00263e-05
4.00266e-05
4.00268e-05
4.0027e-05
4.00272e-05
4.00273e-05
4.00274e-05
4.00275e-05
4.00276e-05
4.00277e-05
4.00277e-05
4.00277e-05
4.00278e-05
4.00278e-05
4.00278e-05
4.00278e-05
4.00278e-05
4.00279e-05
4.00279e-05
4.0028e-05
4.00282e-05
4.00284e-05
4.00287e-05
4.00292e-05
4.00297e-05
4.00305e-05
4.00314e-05
4.00326e-05
4.00339e-05
4.00364e-05
4.0038e-05
4.0043e-05
4.00248e-05
4.00262e-05
4.00272e-05
4.00268e-05
4.00265e-05
4.00263e-05
4.0026e-05
4.00256e-05
4.00253e-05
4.0025e-05
4.00249e-05
4.00248e-05
4.00247e-05
4.00246e-05
4.00245e-05
4.00244e-05
4.00243e-05
4.00243e-05
4.00243e-05
4.00244e-05
4.00244e-05
4.00245e-05
4.00247e-05
4.00248e-05
4.0025e-05
4.00252e-05
4.00253e-05
4.00254e-05
4.00256e-05
4.00257e-05
4.00257e-05
4.00257e-05
4.00258e-05
4.00261e-05
4.00265e-05
4.0027e-05
4.0028e-05
4.00295e-05
4.00312e-05
4.0025e-05
4.0025e-05
4.00248e-05
4.00252e-05
4.00255e-05
4.00257e-05
4.00261e-05
4.00264e-05
4.00266e-05
4.00269e-05
4.00271e-05
4.00273e-05
4.00274e-05
4.00276e-05
4.00277e-05
4.00278e-05
4.00278e-05
4.00279e-05
4.00279e-05
4.00279e-05
4.0028e-05
4.0028e-05
4.0028e-05
4.0028e-05
4.00281e-05
4.00281e-05
4.00282e-05
4.00283e-05
4.00285e-05
4.00288e-05
4.00291e-05
4.00296e-05
4.00303e-05
4.00311e-05
4.00322e-05
4.00334e-05
4.00357e-05
4.00371e-05
4.00419e-05
4.00247e-05
4.0026e-05
4.0027e-05
4.00266e-05
4.00263e-05
4.00261e-05
4.00258e-05
4.00254e-05
4.0025e-05
4.00248e-05
4.00246e-05
4.00245e-05
4.00244e-05
4.00243e-05
4.00242e-05
4.00241e-05
4.0024e-05
4.0024e-05
4.0024e-05
4.0024e-05
4.00241e-05
4.00242e-05
4.00244e-05
4.00245e-05
4.00247e-05
4.00248e-05
4.0025e-05
4.00251e-05
4.00253e-05
4.00254e-05
4.00255e-05
4.00255e-05
4.00255e-05
4.00257e-05
4.0026e-05
4.00265e-05
4.00274e-05
4.00287e-05
4.00303e-05
4.0025e-05
4.00249e-05
4.00248e-05
4.00252e-05
4.00255e-05
4.00258e-05
4.00261e-05
4.00264e-05
4.00267e-05
4.0027e-05
4.00272e-05
4.00274e-05
4.00275e-05
4.00277e-05
4.00278e-05
4.00279e-05
4.0028e-05
4.0028e-05
4.00281e-05
4.00281e-05
4.00282e-05
4.00282e-05
4.00283e-05
4.00283e-05
4.00283e-05
4.00284e-05
4.00284e-05
4.00285e-05
4.00287e-05
4.00289e-05
4.00292e-05
4.00296e-05
4.00302e-05
4.00309e-05
4.00319e-05
4.0033e-05
4.00351e-05
4.00363e-05
4.00409e-05
4.00247e-05
4.00259e-05
4.00267e-05
4.00264e-05
4.00261e-05
4.00259e-05
4.00256e-05
4.00251e-05
4.00248e-05
4.00245e-05
4.00244e-05
4.00242e-05
4.00241e-05
4.0024e-05
4.00239e-05
4.00238e-05
4.00237e-05
4.00237e-05
4.00237e-05
4.00237e-05
4.00238e-05
4.00239e-05
4.0024e-05
4.00242e-05
4.00244e-05
4.00245e-05
4.00247e-05
4.00249e-05
4.0025e-05
4.00251e-05
4.00252e-05
4.00253e-05
4.00253e-05
4.00254e-05
4.00257e-05
4.00261e-05
4.00269e-05
4.0028e-05
4.00294e-05
4.0025e-05
4.00249e-05
4.00248e-05
4.00253e-05
4.00256e-05
4.00259e-05
4.00262e-05
4.00265e-05
4.00268e-05
4.00271e-05
4.00273e-05
4.00275e-05
4.00276e-05
4.00278e-05
4.00279e-05
4.0028e-05
4.00281e-05
4.00282e-05
4.00283e-05
4.00283e-05
4.00284e-05
4.00284e-05
4.00285e-05
4.00285e-05
4.00286e-05
4.00286e-05
4.00287e-05
4.00288e-05
4.00289e-05
4.00291e-05
4.00294e-05
4.00297e-05
4.00302e-05
4.00309e-05
4.00318e-05
4.00328e-05
4.00347e-05
4.00357e-05
4.004e-05
4.00247e-05
4.00257e-05
4.00265e-05
4.00262e-05
4.00259e-05
4.00257e-05
4.00254e-05
4.00249e-05
4.00246e-05
4.00243e-05
4.00241e-05
4.00239e-05
4.00238e-05
4.00237e-05
4.00236e-05
4.00235e-05
4.00234e-05
4.00234e-05
4.00234e-05
4.00235e-05
4.00235e-05
4.00236e-05
4.00238e-05
4.00239e-05
4.00241e-05
4.00243e-05
4.00244e-05
4.00246e-05
4.00247e-05
4.00249e-05
4.0025e-05
4.00251e-05
4.00251e-05
4.00252e-05
4.00254e-05
4.00257e-05
4.00264e-05
4.00273e-05
4.00286e-05
4.0025e-05
4.00249e-05
4.00248e-05
4.00253e-05
4.00256e-05
4.00259e-05
4.00263e-05
4.00266e-05
4.00269e-05
4.00271e-05
4.00274e-05
4.00276e-05
4.00277e-05
4.00279e-05
4.0028e-05
4.00282e-05
4.00283e-05
4.00283e-05
4.00284e-05
4.00285e-05
4.00286e-05
4.00286e-05
4.00287e-05
4.00288e-05
4.00288e-05
4.00289e-05
4.00289e-05
4.0029e-05
4.00291e-05
4.00293e-05
4.00296e-05
4.00299e-05
4.00303e-05
4.00309e-05
4.00317e-05
4.00326e-05
4.00344e-05
4.00352e-05
4.00393e-05
4.00246e-05
4.00256e-05
4.00263e-05
4.0026e-05
4.00256e-05
4.00254e-05
4.00251e-05
4.00247e-05
4.00243e-05
4.0024e-05
4.00238e-05
4.00237e-05
4.00235e-05
4.00234e-05
4.00233e-05
4.00232e-05
4.00232e-05
4.00232e-05
4.00232e-05
4.00232e-05
4.00233e-05
4.00234e-05
4.00235e-05
4.00237e-05
4.00238e-05
4.0024e-05
4.00242e-05
4.00243e-05
4.00245e-05
4.00247e-05
4.00248e-05
4.00249e-05
4.00249e-05
4.0025e-05
4.00251e-05
4.00254e-05
4.0026e-05
4.00267e-05
4.00279e-05
4.00249e-05
4.00249e-05
4.00248e-05
4.00253e-05
4.00256e-05
4.00259e-05
4.00263e-05
4.00266e-05
4.00269e-05
4.00272e-05
4.00274e-05
4.00276e-05
4.00278e-05
4.0028e-05
4.00281e-05
4.00283e-05
4.00284e-05
4.00285e-05
4.00286e-05
4.00287e-05
4.00288e-05
4.00288e-05
4.00289e-05
4.0029e-05
4.00291e-05
4.00291e-05
4.00292e-05
4.00293e-05
4.00294e-05
4.00295e-05
4.00298e-05
4.00301e-05
4.00305e-05
4.0031e-05
4.00317e-05
4.00325e-05
4.00342e-05
4.00348e-05
4.00387e-05
4.00246e-05
4.00254e-05
4.00261e-05
4.00257e-05
4.00254e-05
4.00252e-05
4.00249e-05
4.00245e-05
4.00241e-05
4.00238e-05
4.00236e-05
4.00234e-05
4.00232e-05
4.00231e-05
4.0023e-05
4.0023e-05
4.00229e-05
4.00229e-05
4.00229e-05
4.0023e-05
4.00231e-05
4.00232e-05
4.00233e-05
4.00234e-05
4.00236e-05
4.00238e-05
4.00239e-05
4.00241e-05
4.00243e-05
4.00244e-05
4.00246e-05
4.00247e-05
4.00248e-05
4.00248e-05
4.00249e-05
4.00251e-05
4.00256e-05
4.00262e-05
4.00272e-05
4.00249e-05
4.00248e-05
4.00248e-05
4.00253e-05
4.00257e-05
4.0026e-05
4.00263e-05
4.00267e-05
4.0027e-05
4.00272e-05
4.00275e-05
4.00277e-05
4.00279e-05
4.00281e-05
4.00282e-05
4.00284e-05
4.00285e-05
4.00286e-05
4.00287e-05
4.00288e-05
4.00289e-05
4.0029e-05
4.00291e-05
4.00292e-05
4.00293e-05
4.00293e-05
4.00294e-05
4.00295e-05
4.00296e-05
4.00298e-05
4.003e-05
4.00302e-05
4.00306e-05
4.00311e-05
4.00318e-05
4.00325e-05
4.00341e-05
4.00346e-05
4.00382e-05
4.00245e-05
4.00253e-05
4.00258e-05
4.00255e-05
4.00252e-05
4.0025e-05
4.00247e-05
4.00243e-05
4.00239e-05
4.00236e-05
4.00233e-05
4.00231e-05
4.0023e-05
4.00229e-05
4.00228e-05
4.00227e-05
4.00227e-05
4.00227e-05
4.00227e-05
4.00228e-05
4.00228e-05
4.00229e-05
4.00231e-05
4.00232e-05
4.00234e-05
4.00235e-05
4.00237e-05
4.00239e-05
4.0024e-05
4.00242e-05
4.00244e-05
4.00245e-05
4.00246e-05
4.00247e-05
4.00247e-05
4.00249e-05
4.00253e-05
4.00257e-05
4.00266e-05
4.00249e-05
4.00248e-05
4.00248e-05
4.00253e-05
4.00257e-05
4.0026e-05
4.00264e-05
4.00267e-05
4.0027e-05
4.00273e-05
4.00275e-05
4.00278e-05
4.0028e-05
4.00282e-05
4.00283e-05
4.00285e-05
4.00286e-05
4.00287e-05
4.00289e-05
4.0029e-05
4.00291e-05
4.00292e-05
4.00293e-05
4.00294e-05
4.00295e-05
4.00296e-05
4.00296e-05
4.00297e-05
4.00298e-05
4.003e-05
4.00302e-05
4.00304e-05
4.00308e-05
4.00312e-05
4.00319e-05
4.00325e-05
4.0034e-05
4.00344e-05
4.00378e-05
4.00244e-05
4.00251e-05
4.00256e-05
4.00253e-05
4.0025e-05
4.00248e-05
4.00244e-05
4.0024e-05
4.00236e-05
4.00233e-05
4.00231e-05
4.00229e-05
4.00227e-05
4.00226e-05
4.00226e-05
4.00225e-05
4.00225e-05
4.00225e-05
4.00225e-05
4.00226e-05
4.00226e-05
4.00227e-05
4.00228e-05
4.0023e-05
4.00231e-05
4.00233e-05
4.00234e-05
4.00236e-05
4.00238e-05
4.0024e-05
4.00241e-05
4.00243e-05
4.00244e-05
4.00245e-05
4.00245e-05
4.00246e-05
4.0025e-05
4.00253e-05
4.00261e-05
4.00248e-05
4.00248e-05
4.00248e-05
4.00253e-05
4.00257e-05
4.0026e-05
4.00264e-05
4.00267e-05
4.0027e-05
4.00273e-05
4.00276e-05
4.00278e-05
4.0028e-05
4.00282e-05
4.00284e-05
4.00286e-05
4.00287e-05
4.00289e-05
4.0029e-05
4.00291e-05
4.00292e-05
4.00293e-05
4.00295e-05
4.00296e-05
4.00297e-05
4.00298e-05
4.00299e-05
4.003e-05
4.00301e-05
4.00302e-05
4.00304e-05
4.00306e-05
4.0031e-05
4.00314e-05
4.0032e-05
4.00326e-05
4.0034e-05
4.00343e-05
4.00375e-05
4.00244e-05
4.0025e-05
4.00254e-05
4.00251e-05
4.00248e-05
4.00245e-05
4.00242e-05
4.00238e-05
4.00234e-05
4.00231e-05
4.00228e-05
4.00226e-05
4.00225e-05
4.00224e-05
4.00223e-05
4.00223e-05
4.00223e-05
4.00223e-05
4.00223e-05
4.00223e-05
4.00224e-05
4.00225e-05
4.00226e-05
4.00227e-05
4.00229e-05
4.0023e-05
4.00232e-05
4.00233e-05
4.00235e-05
4.00237e-05
4.00239e-05
4.0024e-05
4.00242e-05
4.00243e-05
4.00243e-05
4.00244e-05
4.00247e-05
4.00249e-05
4.00256e-05
4.00247e-05
4.00247e-05
4.00248e-05
4.00253e-05
4.00257e-05
4.0026e-05
4.00264e-05
4.00267e-05
4.00271e-05
4.00274e-05
4.00276e-05
4.00279e-05
4.00281e-05
4.00283e-05
4.00285e-05
4.00286e-05
4.00288e-05
4.0029e-05
4.00291e-05
4.00292e-05
4.00294e-05
4.00295e-05
4.00296e-05
4.00297e-05
4.00299e-05
4.003e-05
4.00301e-05
4.00302e-05
4.00303e-05
4.00304e-05
4.00306e-05
4.00308e-05
4.00311e-05
4.00315e-05
4.00321e-05
4.00327e-05
4.00339e-05
4.00342e-05
4.00372e-05
4.00243e-05
4.00248e-05
4.00252e-05
4.00249e-05
4.00245e-05
4.00243e-05
4.00239e-05
4.00235e-05
4.00231e-05
4.00228e-05
4.00226e-05
4.00224e-05
4.00222e-05
4.00221e-05
4.00221e-05
4.0022e-05
4.0022e-05
4.0022e-05
4.0022e-05
4.00221e-05
4.00221e-05
4.00222e-05
4.00223e-05
4.00224e-05
4.00226e-05
4.00227e-05
4.00229e-05
4.0023e-05
4.00232e-05
4.00234e-05
4.00236e-05
4.00238e-05
4.00239e-05
4.00241e-05
4.00242e-05
4.00242e-05
4.00244e-05
4.00246e-05
4.00251e-05
4.00246e-05
4.00246e-05
4.00248e-05
4.00253e-05
4.00257e-05
4.0026e-05
4.00264e-05
4.00268e-05
4.00271e-05
4.00274e-05
4.00277e-05
4.00279e-05
4.00281e-05
4.00284e-05
4.00285e-05
4.00287e-05
4.00289e-05
4.0029e-05
4.00292e-05
4.00293e-05
4.00295e-05
4.00296e-05
4.00298e-05
4.00299e-05
4.003e-05
4.00301e-05
4.00303e-05
4.00304e-05
4.00305e-05
4.00306e-05
4.00308e-05
4.0031e-05
4.00313e-05
4.00317e-05
4.00322e-05
4.00328e-05
4.0034e-05
4.00342e-05
4.0037e-05
4.00242e-05
4.00246e-05
4.0025e-05
4.00246e-05
4.00243e-05
4.0024e-05
4.00236e-05
4.00232e-05
4.00228e-05
4.00225e-05
4.00223e-05
4.00221e-05
4.00219e-05
4.00219e-05
4.00218e-05
4.00218e-05
4.00217e-05
4.00217e-05
4.00218e-05
4.00218e-05
4.00219e-05
4.00219e-05
4.0022e-05
4.00222e-05
4.00223e-05
4.00224e-05
4.00226e-05
4.00227e-05
4.00229e-05
4.00231e-05
4.00233e-05
4.00235e-05
4.00237e-05
4.00238e-05
4.00239e-05
4.00239e-05
4.00241e-05
4.00242e-05
4.00247e-05
4.00245e-05
4.00246e-05
4.00247e-05
4.00252e-05
4.00256e-05
4.0026e-05
4.00264e-05
4.00268e-05
4.00271e-05
4.00274e-05
4.00277e-05
4.00279e-05
4.00282e-05
4.00284e-05
4.00286e-05
4.00288e-05
4.00289e-05
4.00291e-05
4.00293e-05
4.00294e-05
4.00296e-05
4.00297e-05
4.00299e-05
4.003e-05
4.00302e-05
4.00303e-05
4.00304e-05
4.00305e-05
4.00307e-05
4.00308e-05
4.0031e-05
4.00312e-05
4.00315e-05
4.00319e-05
4.00324e-05
4.00329e-05
4.0034e-05
4.00342e-05
4.00368e-05
4.00241e-05
4.00245e-05
4.00247e-05
4.00244e-05
4.0024e-05
4.00237e-05
4.00233e-05
4.00229e-05
4.00225e-05
4.00222e-05
4.0022e-05
4.00218e-05
4.00216e-05
4.00216e-05
4.00215e-05
4.00215e-05
4.00215e-05
4.00215e-05
4.00215e-05
4.00215e-05
4.00216e-05
4.00216e-05
4.00217e-05
4.00219e-05
4.0022e-05
4.00221e-05
4.00223e-05
4.00224e-05
4.00226e-05
4.00228e-05
4.0023e-05
4.00232e-05
4.00234e-05
4.00235e-05
4.00237e-05
4.00237e-05
4.00239e-05
4.00239e-05
4.00242e-05
4.00244e-05
4.00245e-05
4.00247e-05
4.00252e-05
4.00256e-05
4.0026e-05
4.00264e-05
4.00268e-05
4.00271e-05
4.00274e-05
4.00277e-05
4.0028e-05
4.00282e-05
4.00284e-05
4.00286e-05
4.00288e-05
4.0029e-05
4.00292e-05
4.00293e-05
4.00295e-05
4.00297e-05
4.00298e-05
4.003e-05
4.00302e-05
4.00303e-05
4.00305e-05
4.00306e-05
4.00307e-05
4.00309e-05
4.0031e-05
4.00312e-05
4.00314e-05
4.00317e-05
4.0032e-05
4.00325e-05
4.0033e-05
4.0034e-05
4.00342e-05
4.00366e-05
4.0024e-05
4.00243e-05
4.00245e-05
4.00242e-05
4.00238e-05
4.00234e-05
4.0023e-05
4.00226e-05
4.00222e-05
4.00219e-05
4.00216e-05
4.00215e-05
4.00213e-05
4.00212e-05
4.00212e-05
4.00212e-05
4.00212e-05
4.00212e-05
4.00212e-05
4.00212e-05
4.00213e-05
4.00213e-05
4.00214e-05
4.00215e-05
4.00217e-05
4.00218e-05
4.00219e-05
4.00221e-05
4.00223e-05
4.00224e-05
4.00226e-05
4.00228e-05
4.0023e-05
4.00232e-05
4.00234e-05
4.00235e-05
4.00236e-05
4.00237e-05
4.00239e-05
4.00243e-05
4.00244e-05
4.00246e-05
4.00252e-05
4.00256e-05
4.0026e-05
4.00264e-05
4.00267e-05
4.00271e-05
4.00274e-05
4.00277e-05
4.0028e-05
4.00282e-05
4.00284e-05
4.00286e-05
4.00288e-05
4.0029e-05
4.00292e-05
4.00294e-05
4.00296e-05
4.00298e-05
4.00299e-05
4.00301e-05
4.00303e-05
4.00304e-05
4.00306e-05
4.00307e-05
4.00309e-05
4.0031e-05
4.00312e-05
4.00314e-05
4.00316e-05
4.00319e-05
4.00322e-05
4.00326e-05
4.00331e-05
4.00341e-05
4.00342e-05
4.00365e-05
4.00239e-05
4.00241e-05
4.00243e-05
4.00239e-05
4.00235e-05
4.00231e-05
4.00227e-05
4.00222e-05
4.00219e-05
4.00215e-05
4.00213e-05
4.00211e-05
4.0021e-05
4.00209e-05
4.00209e-05
4.00208e-05
4.00208e-05
4.00208e-05
4.00209e-05
4.00209e-05
4.00209e-05
4.0021e-05
4.00211e-05
4.00212e-05
4.00213e-05
4.00214e-05
4.00216e-05
4.00217e-05
4.00219e-05
4.00221e-05
4.00223e-05
4.00225e-05
4.00227e-05
4.00229e-05
4.00231e-05
4.00232e-05
4.00233e-05
4.00234e-05
4.00236e-05
4.00242e-05
4.00243e-05
4.00245e-05
4.00251e-05
4.00255e-05
4.00259e-05
4.00263e-05
4.00267e-05
4.00271e-05
4.00274e-05
4.00277e-05
4.0028e-05
4.00282e-05
4.00284e-05
4.00287e-05
4.00289e-05
4.00291e-05
4.00292e-05
4.00294e-05
4.00296e-05
4.00298e-05
4.003e-05
4.00302e-05
4.00304e-05
4.00305e-05
4.00307e-05
4.00308e-05
4.0031e-05
4.00312e-05
4.00313e-05
4.00315e-05
4.00318e-05
4.0032e-05
4.00324e-05
4.00328e-05
4.00332e-05
4.00341e-05
4.00343e-05
4.00364e-05
4.00237e-05
4.00239e-05
4.0024e-05
4.00236e-05
4.00232e-05
4.00228e-05
4.00224e-05
4.00219e-05
4.00215e-05
4.00212e-05
4.00209e-05
4.00208e-05
4.00206e-05
4.00206e-05
4.00205e-05
4.00205e-05
4.00205e-05
4.00205e-05
4.00205e-05
4.00205e-05
4.00206e-05
4.00206e-05
4.00207e-05
4.00208e-05
4.00209e-05
4.00211e-05
4.00212e-05
4.00213e-05
4.00215e-05
4.00217e-05
4.00219e-05
4.00221e-05
4.00223e-05
4.00225e-05
4.00227e-05
4.00229e-05
4.0023e-05
4.00232e-05
4.00233e-05
4.00241e-05
4.00242e-05
4.00244e-05
4.0025e-05
4.00254e-05
4.00259e-05
4.00263e-05
4.00267e-05
4.0027e-05
4.00274e-05
4.00277e-05
4.00279e-05
4.00282e-05
4.00284e-05
4.00286e-05
4.00289e-05
4.00291e-05
4.00293e-05
4.00295e-05
4.00297e-05
4.00299e-05
4.00301e-05
4.00302e-05
4.00304e-05
4.00306e-05
4.00308e-05
4.0031e-05
4.00311e-05
4.00313e-05
4.00315e-05
4.00317e-05
4.00319e-05
4.00322e-05
4.00325e-05
4.00329e-05
4.00333e-05
4.00342e-05
4.00343e-05
4.00363e-05
4.00236e-05
4.00237e-05
4.00238e-05
4.00234e-05
4.00229e-05
4.00225e-05
4.0022e-05
4.00215e-05
4.00211e-05
4.00208e-05
4.00206e-05
4.00204e-05
4.00203e-05
4.00202e-05
4.00201e-05
4.00201e-05
4.00201e-05
4.00201e-05
4.00201e-05
4.00202e-05
4.00202e-05
4.00203e-05
4.00203e-05
4.00204e-05
4.00205e-05
4.00207e-05
4.00208e-05
4.00209e-05
4.00211e-05
4.00213e-05
4.00215e-05
4.00217e-05
4.00219e-05
4.00221e-05
4.00223e-05
4.00226e-05
4.00227e-05
4.00229e-05
4.0023e-05
4.00239e-05
4.00241e-05
4.00243e-05
4.00249e-05
4.00254e-05
4.00258e-05
4.00262e-05
4.00266e-05
4.0027e-05
4.00273e-05
4.00276e-05
4.00279e-05
4.00281e-05
4.00284e-05
4.00286e-05
4.00288e-05
4.0029e-05
4.00293e-05
4.00295e-05
4.00297e-05
4.00299e-05
4.00301e-05
4.00303e-05
4.00305e-05
4.00307e-05
4.00309e-05
4.0031e-05
4.00312e-05
4.00314e-05
4.00316e-05
4.00318e-05
4.00321e-05
4.00323e-05
4.00326e-05
4.0033e-05
4.00334e-05
4.00343e-05
4.00344e-05
4.00362e-05
4.00234e-05
4.00235e-05
4.00235e-05
4.00231e-05
4.00226e-05
4.00222e-05
4.00217e-05
4.00212e-05
4.00207e-05
4.00204e-05
4.00202e-05
4.002e-05
4.00199e-05
4.00198e-05
4.00197e-05
4.00197e-05
4.00197e-05
4.00197e-05
4.00197e-05
4.00197e-05
4.00198e-05
4.00198e-05
4.00199e-05
4.002e-05
4.00201e-05
4.00202e-05
4.00203e-05
4.00205e-05
4.00206e-05
4.00208e-05
4.0021e-05
4.00212e-05
4.00214e-05
4.00217e-05
4.00219e-05
4.00221e-05
4.00223e-05
4.00226e-05
4.00227e-05
4.00237e-05
4.00239e-05
4.00242e-05
4.00248e-05
4.00253e-05
4.00257e-05
4.00262e-05
4.00266e-05
4.00269e-05
4.00273e-05
4.00276e-05
4.00278e-05
4.00281e-05
4.00283e-05
4.00286e-05
4.00288e-05
4.0029e-05
4.00292e-05
4.00294e-05
4.00297e-05
4.00299e-05
4.00301e-05
4.00303e-05
4.00305e-05
4.00307e-05
4.00309e-05
4.00311e-05
4.00313e-05
4.00315e-05
4.00317e-05
4.00319e-05
4.00322e-05
4.00324e-05
4.00328e-05
4.00332e-05
4.00335e-05
4.00343e-05
4.00345e-05
4.00362e-05
4.00232e-05
4.00233e-05
4.00233e-05
4.00228e-05
4.00223e-05
4.00218e-05
4.00213e-05
4.00208e-05
4.00203e-05
4.002e-05
4.00198e-05
4.00196e-05
4.00195e-05
4.00194e-05
4.00193e-05
4.00193e-05
4.00193e-05
4.00193e-05
4.00193e-05
4.00193e-05
4.00193e-05
4.00194e-05
4.00194e-05
4.00195e-05
4.00196e-05
4.00197e-05
4.00198e-05
4.002e-05
4.00201e-05
4.00203e-05
4.00205e-05
4.00207e-05
4.00209e-05
4.00212e-05
4.00214e-05
4.00217e-05
4.00219e-05
4.00222e-05
4.00223e-05
4.00236e-05
4.00238e-05
4.00241e-05
4.00247e-05
4.00252e-05
4.00256e-05
4.00261e-05
4.00265e-05
4.00268e-05
4.00272e-05
4.00275e-05
4.00278e-05
4.0028e-05
4.00283e-05
4.00285e-05
4.00287e-05
4.00289e-05
4.00292e-05
4.00294e-05
4.00296e-05
4.00298e-05
4.00301e-05
4.00303e-05
4.00305e-05
4.00307e-05
4.00309e-05
4.00311e-05
4.00313e-05
4.00315e-05
4.00318e-05
4.0032e-05
4.00323e-05
4.00325e-05
4.00329e-05
4.00333e-05
4.00336e-05
4.00344e-05
4.00345e-05
4.00361e-05
4.0023e-05
4.00231e-05
4.0023e-05
4.00225e-05
4.0022e-05
4.00214e-05
4.00209e-05
4.00203e-05
4.00199e-05
4.00196e-05
4.00193e-05
4.00191e-05
4.0019e-05
4.00189e-05
4.00188e-05
4.00188e-05
4.00188e-05
4.00188e-05
4.00188e-05
4.00188e-05
4.00188e-05
4.00189e-05
4.00189e-05
4.0019e-05
4.00191e-05
4.00192e-05
4.00193e-05
4.00194e-05
4.00196e-05
4.00197e-05
4.00199e-05
4.00201e-05
4.00203e-05
4.00206e-05
4.00208e-05
4.00211e-05
4.00214e-05
4.00217e-05
4.00219e-05
4.00234e-05
4.00236e-05
4.0024e-05
4.00246e-05
4.00251e-05
4.00255e-05
4.0026e-05
4.00264e-05
4.00267e-05
4.00271e-05
4.00274e-05
4.00276e-05
4.00279e-05
4.00282e-05
4.00284e-05
4.00286e-05
4.00289e-05
4.00291e-05
4.00293e-05
4.00296e-05
4.00298e-05
4.003e-05
4.00303e-05
4.00305e-05
4.00307e-05
4.00309e-05
4.00311e-05
4.00314e-05
4.00316e-05
4.00318e-05
4.00321e-05
4.00323e-05
4.00326e-05
4.00329e-05
4.00333e-05
4.00337e-05
4.00344e-05
4.00346e-05
4.00361e-05
4.00228e-05
4.00228e-05
4.00227e-05
4.00222e-05
4.00216e-05
4.0021e-05
4.00205e-05
4.00199e-05
4.00195e-05
4.00191e-05
4.00188e-05
4.00186e-05
4.00185e-05
4.00184e-05
4.00183e-05
4.00183e-05
4.00182e-05
4.00182e-05
4.00182e-05
4.00182e-05
4.00182e-05
4.00183e-05
4.00183e-05
4.00184e-05
4.00185e-05
4.00186e-05
4.00187e-05
4.00188e-05
4.00189e-05
4.00191e-05
4.00193e-05
4.00195e-05
4.00197e-05
4.00199e-05
4.00202e-05
4.00205e-05
4.00208e-05
4.00211e-05
4.00214e-05
4.00232e-05
4.00234e-05
4.00238e-05
4.00245e-05
4.0025e-05
4.00254e-05
4.00259e-05
4.00263e-05
4.00266e-05
4.00269e-05
4.00272e-05
4.00275e-05
4.00278e-05
4.0028e-05
4.00283e-05
4.00285e-05
4.00288e-05
4.0029e-05
4.00292e-05
4.00295e-05
4.00297e-05
4.003e-05
4.00302e-05
4.00304e-05
4.00307e-05
4.00309e-05
4.00311e-05
4.00313e-05
4.00316e-05
4.00318e-05
4.00321e-05
4.00324e-05
4.00327e-05
4.0033e-05
4.00334e-05
4.00338e-05
4.00345e-05
4.00346e-05
4.00361e-05
4.00226e-05
4.00226e-05
4.00224e-05
4.00218e-05
4.00212e-05
4.00206e-05
4.002e-05
4.00195e-05
4.0019e-05
4.00186e-05
4.00183e-05
4.00181e-05
4.00179e-05
4.00178e-05
4.00177e-05
4.00177e-05
4.00176e-05
4.00176e-05
4.00176e-05
4.00176e-05
4.00176e-05
4.00176e-05
4.00177e-05
4.00177e-05
4.00178e-05
4.00179e-05
4.0018e-05
4.00181e-05
4.00182e-05
4.00184e-05
4.00185e-05
4.00187e-05
4.0019e-05
4.00192e-05
4.00195e-05
4.00198e-05
4.00201e-05
4.00205e-05
4.00208e-05
4.0023e-05
4.00232e-05
4.00237e-05
4.00243e-05
4.00248e-05
4.00253e-05
4.00257e-05
4.00261e-05
4.00265e-05
4.00268e-05
4.00271e-05
4.00274e-05
4.00276e-05
4.00279e-05
4.00281e-05
4.00284e-05
4.00286e-05
4.00288e-05
4.00291e-05
4.00293e-05
4.00296e-05
4.00298e-05
4.00301e-05
4.00304e-05
4.00306e-05
4.00308e-05
4.00311e-05
4.00313e-05
4.00315e-05
4.00318e-05
4.00321e-05
4.00324e-05
4.00327e-05
4.0033e-05
4.00334e-05
4.00338e-05
4.00345e-05
4.00347e-05
4.0036e-05
4.00224e-05
4.00223e-05
4.00221e-05
4.00215e-05
4.00208e-05
4.00202e-05
4.00196e-05
4.0019e-05
4.00185e-05
4.00181e-05
4.00178e-05
4.00175e-05
4.00173e-05
4.00172e-05
4.00171e-05
4.0017e-05
4.0017e-05
4.00169e-05
4.00169e-05
4.00169e-05
4.00169e-05
4.00169e-05
4.00169e-05
4.0017e-05
4.0017e-05
4.00171e-05
4.00172e-05
4.00173e-05
4.00174e-05
4.00176e-05
4.00177e-05
4.00179e-05
4.00182e-05
4.00184e-05
4.00187e-05
4.0019e-05
4.00193e-05
4.00197e-05
4.002e-05
4.00227e-05
4.0023e-05
4.00235e-05
4.00242e-05
4.00247e-05
4.00251e-05
4.00256e-05
4.00259e-05
4.00263e-05
4.00266e-05
4.00269e-05
4.00272e-05
4.00274e-05
4.00277e-05
4.00279e-05
4.00282e-05
4.00284e-05
4.00287e-05
4.00289e-05
4.00292e-05
4.00294e-05
4.00297e-05
4.003e-05
4.00302e-05
4.00305e-05
4.00307e-05
4.00309e-05
4.00312e-05
4.00315e-05
4.00317e-05
4.0032e-05
4.00323e-05
4.00326e-05
4.0033e-05
4.00334e-05
4.00338e-05
4.00345e-05
4.00347e-05
4.0036e-05
4.00222e-05
4.0022e-05
4.00218e-05
4.00211e-05
4.00204e-05
4.00198e-05
4.00191e-05
4.00185e-05
4.0018e-05
4.00175e-05
4.00172e-05
4.00169e-05
4.00167e-05
4.00165e-05
4.00164e-05
4.00163e-05
4.00162e-05
4.00162e-05
4.00162e-05
4.00161e-05
4.00161e-05
4.00161e-05
4.00161e-05
4.00162e-05
4.00162e-05
4.00163e-05
4.00163e-05
4.00164e-05
4.00166e-05
4.00167e-05
4.00169e-05
4.00171e-05
4.00173e-05
4.00175e-05
4.00178e-05
4.00181e-05
4.00184e-05
4.00188e-05
4.00192e-05
4.00225e-05
4.00228e-05
4.00233e-05
4.0024e-05
4.00245e-05
4.00249e-05
4.00254e-05
4.00258e-05
4.00261e-05
4.00264e-05
4.00267e-05
4.0027e-05
4.00272e-05
4.00275e-05
4.00277e-05
4.0028e-05
4.00282e-05
4.00285e-05
4.00287e-05
4.0029e-05
4.00292e-05
4.00295e-05
4.00298e-05
4.003e-05
4.00303e-05
4.00305e-05
4.00308e-05
4.00311e-05
4.00313e-05
4.00316e-05
4.00319e-05
4.00322e-05
4.00326e-05
4.00329e-05
4.00333e-05
4.00337e-05
4.00344e-05
4.00347e-05
4.00359e-05
4.00219e-05
4.00217e-05
4.00214e-05
4.00207e-05
4.002e-05
4.00193e-05
4.00186e-05
4.00179e-05
4.00174e-05
4.00169e-05
4.00165e-05
4.00162e-05
4.00159e-05
4.00157e-05
4.00156e-05
4.00155e-05
4.00154e-05
4.00154e-05
4.00153e-05
4.00153e-05
4.00153e-05
4.00153e-05
4.00153e-05
4.00153e-05
4.00153e-05
4.00154e-05
4.00154e-05
4.00155e-05
4.00156e-05
4.00158e-05
4.00159e-05
4.00161e-05
4.00163e-05
4.00166e-05
4.00168e-05
4.00171e-05
4.00174e-05
4.00179e-05
4.00183e-05
4.00222e-05
4.00226e-05
4.00231e-05
4.00238e-05
4.00243e-05
4.00247e-05
4.00252e-05
4.00255e-05
4.00259e-05
4.00262e-05
4.00265e-05
4.00267e-05
4.0027e-05
4.00272e-05
4.00275e-05
4.00277e-05
4.00279e-05
4.00282e-05
4.00284e-05
4.00287e-05
4.0029e-05
4.00293e-05
4.00295e-05
4.00298e-05
4.00301e-05
4.00303e-05
4.00306e-05
4.00309e-05
4.00312e-05
4.00314e-05
4.00318e-05
4.00321e-05
4.00324e-05
4.00328e-05
4.00332e-05
4.00336e-05
4.00343e-05
4.00346e-05
4.00358e-05
4.00216e-05
4.00214e-05
4.0021e-05
4.00203e-05
4.00196e-05
4.00188e-05
4.00181e-05
4.00174e-05
4.00168e-05
4.00162e-05
4.00158e-05
4.00154e-05
4.00151e-05
4.00149e-05
4.00148e-05
4.00146e-05
4.00145e-05
4.00145e-05
4.00144e-05
4.00144e-05
4.00144e-05
4.00143e-05
4.00143e-05
4.00143e-05
4.00144e-05
4.00144e-05
4.00145e-05
4.00145e-05
4.00147e-05
4.00148e-05
4.00149e-05
4.00151e-05
4.00153e-05
4.00155e-05
4.00158e-05
4.00161e-05
4.00164e-05
4.00168e-05
4.00173e-05
4.00219e-05
4.00223e-05
4.00229e-05
4.00235e-05
4.0024e-05
4.00245e-05
4.00249e-05
4.00253e-05
4.00256e-05
4.00259e-05
4.00262e-05
4.00264e-05
4.00267e-05
4.00269e-05
4.00272e-05
4.00274e-05
4.00276e-05
4.00279e-05
4.00281e-05
4.00284e-05
4.00287e-05
4.0029e-05
4.00293e-05
4.00295e-05
4.00298e-05
4.00301e-05
4.00304e-05
4.00306e-05
4.00309e-05
4.00312e-05
4.00316e-05
4.00319e-05
4.00323e-05
4.00326e-05
4.00331e-05
4.00335e-05
4.00341e-05
4.00345e-05
4.00356e-05
4.00213e-05
4.00211e-05
4.00207e-05
4.00199e-05
4.00191e-05
4.00183e-05
4.00175e-05
4.00168e-05
4.00161e-05
4.00155e-05
4.0015e-05
4.00146e-05
4.00143e-05
4.0014e-05
4.00139e-05
4.00137e-05
4.00136e-05
4.00135e-05
4.00135e-05
4.00134e-05
4.00134e-05
4.00134e-05
4.00134e-05
4.00134e-05
4.00134e-05
4.00134e-05
4.00135e-05
4.00135e-05
4.00136e-05
4.00138e-05
4.00139e-05
4.00141e-05
4.00143e-05
4.00145e-05
4.00147e-05
4.0015e-05
4.00153e-05
4.00157e-05
4.00162e-05
4.00216e-05
4.00221e-05
4.00226e-05
4.00233e-05
4.00238e-05
4.00242e-05
4.00247e-05
4.0025e-05
4.00253e-05
4.00256e-05
4.00259e-05
4.00261e-05
4.00263e-05
4.00266e-05
4.00268e-05
4.0027e-05
4.00273e-05
4.00275e-05
4.00278e-05
4.00281e-05
4.00283e-05
4.00286e-05
4.00289e-05
4.00292e-05
4.00295e-05
4.00298e-05
4.00301e-05
4.00303e-05
4.00307e-05
4.0031e-05
4.00313e-05
4.00317e-05
4.0032e-05
4.00324e-05
4.00329e-05
4.00333e-05
4.00339e-05
4.00343e-05
4.00354e-05
4.0021e-05
4.00207e-05
4.00203e-05
4.00194e-05
4.00186e-05
4.00178e-05
4.0017e-05
4.00161e-05
4.00154e-05
4.00147e-05
4.00141e-05
4.00137e-05
4.00133e-05
4.00131e-05
4.00129e-05
4.00128e-05
4.00126e-05
4.00126e-05
4.00125e-05
4.00124e-05
4.00124e-05
4.00124e-05
4.00124e-05
4.00123e-05
4.00124e-05
4.00124e-05
4.00124e-05
4.00125e-05
4.00126e-05
4.00127e-05
4.00129e-05
4.0013e-05
4.00132e-05
4.00134e-05
4.00136e-05
4.00139e-05
4.00142e-05
4.00146e-05
4.0015e-05
4.00213e-05
4.00218e-05
4.00224e-05
4.0023e-05
4.00235e-05
4.0024e-05
4.00244e-05
4.00247e-05
4.0025e-05
4.00253e-05
4.00255e-05
4.00257e-05
4.0026e-05
4.00262e-05
4.00264e-05
4.00266e-05
4.00269e-05
4.00271e-05
4.00274e-05
4.00277e-05
4.00279e-05
4.00282e-05
4.00285e-05
4.00288e-05
4.00291e-05
4.00294e-05
4.00297e-05
4.003e-05
4.00303e-05
4.00306e-05
4.0031e-05
4.00313e-05
4.00317e-05
4.00321e-05
4.00326e-05
4.00331e-05
4.00337e-05
4.00341e-05
4.00352e-05
4.00207e-05
4.00203e-05
4.00198e-05
4.0019e-05
4.00181e-05
4.00172e-05
4.00163e-05
4.00154e-05
4.00146e-05
4.00138e-05
4.00132e-05
4.00127e-05
4.00124e-05
4.00121e-05
4.00119e-05
4.00118e-05
4.00116e-05
4.00116e-05
4.00115e-05
4.00114e-05
4.00114e-05
4.00113e-05
4.00113e-05
4.00113e-05
4.00113e-05
4.00114e-05
4.00114e-05
4.00115e-05
4.00116e-05
4.00117e-05
4.00118e-05
4.00119e-05
4.00121e-05
4.00123e-05
4.00125e-05
4.00128e-05
4.00131e-05
4.00135e-05
4.00139e-05
4.0021e-05
4.00215e-05
4.00221e-05
4.00227e-05
4.00232e-05
4.00236e-05
4.0024e-05
4.00244e-05
4.00246e-05
4.00249e-05
4.00251e-05
4.00253e-05
4.00255e-05
4.00257e-05
4.0026e-05
4.00262e-05
4.00264e-05
4.00267e-05
4.00269e-05
4.00272e-05
4.00275e-05
4.00278e-05
4.00281e-05
4.00284e-05
4.00287e-05
4.0029e-05
4.00293e-05
4.00296e-05
4.00299e-05
4.00302e-05
4.00306e-05
4.0031e-05
4.00314e-05
4.00318e-05
4.00323e-05
4.00327e-05
4.00334e-05
4.00338e-05
4.00349e-05
4.00203e-05
4.002e-05
4.00194e-05
4.00185e-05
4.00176e-05
4.00167e-05
4.00157e-05
4.00147e-05
4.00138e-05
4.00129e-05
4.00123e-05
4.00118e-05
4.00114e-05
4.00111e-05
4.00109e-05
4.00107e-05
4.00106e-05
4.00105e-05
4.00105e-05
4.00104e-05
4.00103e-05
4.00103e-05
4.00103e-05
4.00103e-05
4.00103e-05
4.00103e-05
4.00103e-05
4.00104e-05
4.00105e-05
4.00106e-05
4.00107e-05
4.00108e-05
4.0011e-05
4.00112e-05
4.00114e-05
4.00117e-05
4.0012e-05
4.00123e-05
4.00127e-05
4.00206e-05
4.00211e-05
4.00218e-05
4.00224e-05
4.00229e-05
4.00233e-05
4.00237e-05
4.0024e-05
4.00242e-05
4.00245e-05
4.00247e-05
4.00249e-05
4.0025e-05
4.00252e-05
4.00254e-05
4.00257e-05
4.00259e-05
4.00261e-05
4.00264e-05
4.00266e-05
4.00269e-05
4.00272e-05
4.00276e-05
4.00279e-05
4.00282e-05
4.00285e-05
4.00288e-05
4.00291e-05
4.00294e-05
4.00298e-05
4.00301e-05
4.00305e-05
4.00309e-05
4.00314e-05
4.00319e-05
4.00323e-05
4.0033e-05
4.00334e-05
4.00345e-05
4.002e-05
4.00196e-05
4.00189e-05
4.0018e-05
4.0017e-05
4.00161e-05
4.0015e-05
4.00139e-05
4.00129e-05
4.0012e-05
4.00113e-05
4.00108e-05
4.00104e-05
4.00101e-05
4.00099e-05
4.00097e-05
4.00096e-05
4.00095e-05
4.00094e-05
4.00093e-05
4.00093e-05
4.00092e-05
4.00092e-05
4.00092e-05
4.00092e-05
4.00092e-05
4.00092e-05
4.00092e-05
4.00093e-05
4.00094e-05
4.00095e-05
4.00097e-05
4.00098e-05
4.001e-05
4.00102e-05
4.00105e-05
4.00108e-05
4.00111e-05
4.00115e-05
4.00202e-05
4.00208e-05
4.00214e-05
4.00221e-05
4.00225e-05
4.00229e-05
4.00233e-05
4.00235e-05
4.00238e-05
4.0024e-05
4.00242e-05
4.00243e-05
4.00245e-05
4.00247e-05
4.00249e-05
4.00251e-05
4.00253e-05
4.00255e-05
4.00258e-05
4.0026e-05
4.00263e-05
4.00266e-05
4.00269e-05
4.00273e-05
4.00276e-05
4.00279e-05
4.00282e-05
4.00285e-05
4.00289e-05
4.00292e-05
4.00296e-05
4.003e-05
4.00304e-05
4.00309e-05
4.00314e-05
4.00319e-05
4.00325e-05
4.0033e-05
4.0034e-05
4.00196e-05
4.00191e-05
4.00185e-05
4.00174e-05
4.00164e-05
4.00154e-05
4.00143e-05
4.0013e-05
4.00119e-05
4.0011e-05
4.00103e-05
4.00097e-05
4.00093e-05
4.0009e-05
4.00088e-05
4.00086e-05
4.00085e-05
4.00084e-05
4.00083e-05
4.00082e-05
4.00081e-05
4.00081e-05
4.0008e-05
4.0008e-05
4.00079e-05
4.00079e-05
4.0008e-05
4.0008e-05
4.0008e-05
4.00081e-05
4.00082e-05
4.00083e-05
4.00085e-05
4.00087e-05
4.00089e-05
4.00091e-05
4.00094e-05
4.00098e-05
4.00102e-05
4.00198e-05
4.00204e-05
4.0021e-05
4.00217e-05
4.00221e-05
4.00225e-05
4.00228e-05
4.00231e-05
4.00233e-05
4.00234e-05
4.00236e-05
4.00238e-05
4.00239e-05
4.00241e-05
4.00242e-05
4.00244e-05
4.00246e-05
4.00248e-05
4.00251e-05
4.00253e-05
4.00256e-05
4.00259e-05
4.00262e-05
4.00265e-05
4.00269e-05
4.00272e-05
4.00275e-05
4.00278e-05
4.00282e-05
4.00286e-05
4.0029e-05
4.00294e-05
4.00298e-05
4.00303e-05
4.00308e-05
4.00313e-05
4.0032e-05
4.00325e-05
4.00335e-05
4.00192e-05
4.00187e-05
4.0018e-05
4.00169e-05
4.00159e-05
4.00148e-05
4.00135e-05
4.00121e-05
4.0011e-05
4.001e-05
4.00093e-05
4.00087e-05
4.00083e-05
4.00079e-05
4.00077e-05
4.00075e-05
4.00073e-05
4.00072e-05
4.00071e-05
4.0007e-05
4.00069e-05
4.00068e-05
4.00067e-05
4.00067e-05
4.00066e-05
4.00066e-05
4.00066e-05
4.00066e-05
4.00066e-05
4.00067e-05
4.00068e-05
4.00069e-05
4.0007e-05
4.00072e-05
4.00074e-05
4.00076e-05
4.00079e-05
4.00082e-05
4.00087e-05
4.00194e-05
4.002e-05
4.00206e-05
4.00213e-05
4.00217e-05
4.0022e-05
4.00223e-05
4.00225e-05
4.00227e-05
4.00229e-05
4.0023e-05
4.00231e-05
4.00232e-05
4.00234e-05
4.00235e-05
4.00237e-05
4.00238e-05
4.0024e-05
4.00243e-05
4.00245e-05
4.00248e-05
4.00251e-05
4.00254e-05
4.00257e-05
4.0026e-05
4.00263e-05
4.00266e-05
4.0027e-05
4.00274e-05
4.00277e-05
4.00282e-05
4.00286e-05
4.0029e-05
4.00295e-05
4.003e-05
4.00306e-05
4.00313e-05
4.00318e-05
4.00328e-05
4.00187e-05
4.00182e-05
4.00174e-05
4.00163e-05
4.00152e-05
4.0014e-05
4.00126e-05
4.00112e-05
4.001e-05
4.0009e-05
4.00082e-05
4.00076e-05
4.00071e-05
4.00068e-05
4.00065e-05
4.00063e-05
4.00061e-05
4.00059e-05
4.00058e-05
4.00057e-05
4.00056e-05
4.00055e-05
4.00054e-05
4.00053e-05
4.00052e-05
4.00052e-05
4.00052e-05
4.00052e-05
4.00052e-05
4.00052e-05
4.00053e-05
4.00054e-05
4.00055e-05
4.00056e-05
4.00058e-05
4.0006e-05
4.00062e-05
4.00065e-05
4.0007e-05
4.0019e-05
4.00196e-05
4.00202e-05
4.00208e-05
4.00212e-05
4.00215e-05
4.00218e-05
4.0022e-05
4.00221e-05
4.00222e-05
4.00223e-05
4.00224e-05
4.00225e-05
4.00226e-05
4.00227e-05
4.00228e-05
4.0023e-05
4.00231e-05
4.00233e-05
4.00235e-05
4.00238e-05
4.00241e-05
4.00243e-05
4.00246e-05
4.00249e-05
4.00253e-05
4.00256e-05
4.00259e-05
4.00263e-05
4.00267e-05
4.00271e-05
4.00276e-05
4.00281e-05
4.00286e-05
4.00291e-05
4.00297e-05
4.00304e-05
4.0031e-05
4.0032e-05
4.00182e-05
4.00177e-05
4.00169e-05
4.00157e-05
4.00146e-05
4.00133e-05
4.00118e-05
4.00102e-05
4.0009e-05
4.0008e-05
4.00071e-05
4.00065e-05
4.0006e-05
4.00056e-05
4.00053e-05
4.0005e-05
4.00048e-05
4.00047e-05
4.00045e-05
4.00044e-05
4.00043e-05
4.00042e-05
4.00041e-05
4.0004e-05
4.0004e-05
4.00039e-05
4.00039e-05
4.00038e-05
4.00038e-05
4.00038e-05
4.00039e-05
4.00039e-05
4.0004e-05
4.00041e-05
4.00042e-05
4.00044e-05
4.00046e-05
4.00048e-05
4.00052e-05
4.00185e-05
4.00191e-05
4.00197e-05
4.00203e-05
4.00207e-05
4.0021e-05
4.00212e-05
4.00213e-05
4.00214e-05
4.00215e-05
4.00216e-05
4.00216e-05
4.00217e-05
4.00217e-05
4.00218e-05
4.00219e-05
4.0022e-05
4.00221e-05
4.00222e-05
4.00224e-05
4.00226e-05
4.00228e-05
4.00231e-05
4.00234e-05
4.00237e-05
4.0024e-05
4.00243e-05
4.00246e-05
4.0025e-05
4.00254e-05
4.00259e-05
4.00263e-05
4.00268e-05
4.00274e-05
4.00279e-05
4.00285e-05
4.00293e-05
4.003e-05
4.0031e-05
4.00177e-05
4.00172e-05
4.00163e-05
4.00151e-05
4.00139e-05
4.00125e-05
4.00108e-05
4.00093e-05
4.0008e-05
4.00069e-05
4.0006e-05
4.00053e-05
4.00048e-05
4.00044e-05
4.00041e-05
4.00039e-05
4.00037e-05
4.00035e-05
4.00034e-05
4.00033e-05
4.00033e-05
4.00032e-05
4.00031e-05
4.00031e-05
4.0003e-05
4.0003e-05
4.0003e-05
4.00029e-05
4.00029e-05
4.00029e-05
4.00029e-05
4.0003e-05
4.0003e-05
4.0003e-05
4.00031e-05
4.00031e-05
4.00032e-05
4.00034e-05
4.00036e-05
4.0018e-05
4.00186e-05
4.00192e-05
4.00198e-05
4.00202e-05
4.00204e-05
4.00206e-05
4.00207e-05
4.00207e-05
4.00207e-05
4.00208e-05
4.00207e-05
4.00207e-05
4.00207e-05
4.00208e-05
4.00208e-05
4.00208e-05
4.00208e-05
4.00209e-05
4.0021e-05
4.00212e-05
4.00214e-05
4.00216e-05
4.00219e-05
4.00222e-05
4.00225e-05
4.00228e-05
4.00231e-05
4.00235e-05
4.00239e-05
4.00243e-05
4.00248e-05
4.00253e-05
4.00258e-05
4.00264e-05
4.00271e-05
4.00278e-05
4.00286e-05
4.00296e-05
4.00172e-05
4.00166e-05
4.00157e-05
4.00144e-05
4.00132e-05
4.00117e-05
4.00099e-05
4.00083e-05
4.00069e-05
4.00058e-05
4.00049e-05
4.00042e-05
4.00037e-05
4.00034e-05
4.00031e-05
4.0003e-05
4.00029e-05
4.00028e-05
4.00028e-05
4.00027e-05
4.00027e-05
4.00027e-05
4.00027e-05
4.00027e-05
4.00028e-05
4.00028e-05
4.00028e-05
4.00029e-05
4.00029e-05
4.00029e-05
4.00029e-05
4.00029e-05
4.0003e-05
4.0003e-05
4.0003e-05
4.0003e-05
4.0003e-05
4.0003e-05
4.0003e-05
4.00174e-05
4.00181e-05
4.00187e-05
4.00192e-05
4.00196e-05
4.00198e-05
4.00199e-05
4.00199e-05
4.00199e-05
4.00199e-05
4.00198e-05
4.00198e-05
4.00197e-05
4.00196e-05
4.00196e-05
4.00195e-05
4.00194e-05
4.00194e-05
4.00194e-05
4.00195e-05
4.00196e-05
4.00198e-05
4.002e-05
4.00203e-05
4.00205e-05
4.00208e-05
4.00211e-05
4.00215e-05
4.00218e-05
4.00222e-05
4.00226e-05
4.00231e-05
4.00236e-05
4.00241e-05
4.00247e-05
4.00254e-05
4.00261e-05
4.00269e-05
4.0028e-05
4.00167e-05
4.0016e-05
4.0015e-05
4.00138e-05
4.00125e-05
4.00108e-05
4.00089e-05
4.00073e-05
4.00059e-05
4.00047e-05
4.00039e-05
4.00033e-05
4.00029e-05
4.00027e-05
4.00027e-05
4.00027e-05
4.00027e-05
4.00027e-05
4.00028e-05
4.00028e-05
4.00029e-05
4.0003e-05
4.00031e-05
4.00031e-05
4.00032e-05
4.00033e-05
4.00034e-05
4.00035e-05
4.00035e-05
4.00036e-05
4.00036e-05
4.00036e-05
4.00036e-05
4.00036e-05
4.00036e-05
4.00036e-05
4.00036e-05
4.00035e-05
4.00034e-05
4.00168e-05
4.00175e-05
4.00181e-05
4.00186e-05
4.00189e-05
4.00191e-05
4.00191e-05
4.00191e-05
4.00191e-05
4.0019e-05
4.00189e-05
4.00187e-05
4.00186e-05
4.00184e-05
4.00182e-05
4.00181e-05
4.0018e-05
4.00179e-05
4.00179e-05
4.00179e-05
4.0018e-05
4.00182e-05
4.00184e-05
4.00186e-05
4.00189e-05
4.00191e-05
4.00194e-05
4.00197e-05
4.00201e-05
4.00205e-05
4.00209e-05
4.00213e-05
4.00218e-05
4.00223e-05
4.00229e-05
4.00235e-05
4.00242e-05
4.0025e-05
4.0026e-05
4.00161e-05
4.00154e-05
4.00144e-05
4.00131e-05
4.00117e-05
4.00099e-05
4.0008e-05
4.00062e-05
4.00048e-05
4.00037e-05
4.0003e-05
4.00027e-05
4.00026e-05
4.00027e-05
4.00028e-05
4.00029e-05
4.00031e-05
4.00032e-05
4.00033e-05
4.00034e-05
4.00035e-05
4.00037e-05
4.00038e-05
4.00039e-05
4.0004e-05
4.00042e-05
4.00043e-05
4.00044e-05
4.00045e-05
4.00045e-05
4.00046e-05
4.00046e-05
4.00047e-05
4.00047e-05
4.00047e-05
4.00046e-05
4.00046e-05
4.00046e-05
4.00044e-05
4.00162e-05
4.00169e-05
4.00175e-05
4.0018e-05
4.00182e-05
4.00183e-05
4.00183e-05
4.00183e-05
4.00182e-05
4.0018e-05
4.00178e-05
4.00176e-05
4.00173e-05
4.0017e-05
4.00168e-05
4.00166e-05
4.00164e-05
4.00163e-05
4.00163e-05
4.00163e-05
4.00164e-05
4.00165e-05
4.00167e-05
4.00169e-05
4.00171e-05
4.00174e-05
4.00177e-05
4.0018e-05
4.00183e-05
4.00187e-05
4.00191e-05
4.00195e-05
4.00199e-05
4.00204e-05
4.0021e-05
4.00216e-05
4.00223e-05
4.0023e-05
4.0024e-05
4.00155e-05
4.00148e-05
4.00137e-05
4.00124e-05
4.00109e-05
4.00089e-05
4.0007e-05
4.00052e-05
4.00039e-05
4.0003e-05
4.00026e-05
4.00026e-05
4.00028e-05
4.00031e-05
4.00033e-05
4.00036e-05
4.00038e-05
4.0004e-05
4.00041e-05
4.00043e-05
4.00045e-05
4.00046e-05
4.00048e-05
4.0005e-05
4.00052e-05
4.00054e-05
4.00055e-05
4.00057e-05
4.00058e-05
4.00059e-05
4.0006e-05
4.0006e-05
4.00061e-05
4.00061e-05
4.00061e-05
4.00061e-05
4.0006e-05
4.0006e-05
4.00058e-05
4.00156e-05
4.00163e-05
4.00168e-05
4.00173e-05
4.00175e-05
4.00175e-05
4.00175e-05
4.00174e-05
4.00171e-05
4.00169e-05
4.00166e-05
4.00163e-05
4.00159e-05
4.00156e-05
4.00153e-05
4.0015e-05
4.00148e-05
4.00147e-05
4.00146e-05
4.00146e-05
4.00147e-05
4.00148e-05
4.00149e-05
4.00151e-05
4.00153e-05
4.00155e-05
4.00158e-05
4.00161e-05
4.00164e-05
4.00167e-05
4.00171e-05
4.00175e-05
4.0018e-05
4.00185e-05
4.0019e-05
4.00196e-05
4.00203e-05
4.0021e-05
4.00219e-05
4.00148e-05
4.00141e-05
4.0013e-05
4.00116e-05
4.00101e-05
4.0008e-05
4.0006e-05
4.00043e-05
4.00031e-05
4.00026e-05
4.00026e-05
4.0003e-05
4.00034e-05
4.00038e-05
4.00041e-05
4.00045e-05
4.00048e-05
4.00051e-05
4.00053e-05
4.00056e-05
4.00058e-05
4.0006e-05
4.00063e-05
4.00065e-05
4.00068e-05
4.0007e-05
4.00073e-05
4.00075e-05
4.00076e-05
4.00078e-05
4.00079e-05
4.0008e-05
4.0008e-05
4.00081e-05
4.00081e-05
4.00081e-05
4.0008e-05
4.0008e-05
4.00078e-05
4.00149e-05
4.00156e-05
4.00161e-05
4.00165e-05
4.00167e-05
4.00167e-05
4.00166e-05
4.00164e-05
4.0016e-05
4.00157e-05
4.00153e-05
4.00149e-05
4.00145e-05
4.00141e-05
4.00137e-05
4.00134e-05
4.00132e-05
4.0013e-05
4.00129e-05
4.00128e-05
4.00128e-05
4.00128e-05
4.0013e-05
4.00131e-05
4.00133e-05
4.00135e-05
4.00137e-05
4.0014e-05
4.00143e-05
4.00147e-05
4.0015e-05
4.00154e-05
4.00159e-05
4.00163e-05
4.00169e-05
4.00174e-05
4.00181e-05
4.00188e-05
4.00197e-05
4.00141e-05
4.00134e-05
4.00122e-05
4.00108e-05
4.00092e-05
4.0007e-05
4.0005e-05
4.00034e-05
4.00026e-05
4.00026e-05
4.0003e-05
4.00036e-05
4.00042e-05
4.00048e-05
4.00053e-05
4.00058e-05
4.00062e-05
4.00066e-05
4.00069e-05
4.00073e-05
4.00076e-05
4.00079e-05
4.00082e-05
4.00086e-05
4.00089e-05
4.00092e-05
4.00095e-05
4.00098e-05
4.001e-05
4.00102e-05
4.00104e-05
4.00105e-05
4.00106e-05
4.00106e-05
4.00107e-05
4.00107e-05
4.00106e-05
4.00106e-05
4.00104e-05
4.00142e-05
4.00148e-05
4.00153e-05
4.00157e-05
4.00158e-05
4.00157e-05
4.00156e-05
4.00153e-05
4.00149e-05
4.00145e-05
4.0014e-05
4.00135e-05
4.0013e-05
4.00125e-05
4.00121e-05
4.00117e-05
4.00114e-05
4.00111e-05
4.00109e-05
4.00108e-05
4.00108e-05
4.00108e-05
4.00108e-05
4.0011e-05
4.00111e-05
4.00113e-05
4.00116e-05
4.00118e-05
4.00121e-05
4.00125e-05
4.00128e-05
4.00132e-05
4.00137e-05
4.00141e-05
4.00147e-05
4.00152e-05
4.00159e-05
4.00166e-05
4.00175e-05
4.00134e-05
4.00126e-05
4.00115e-05
4.001e-05
4.00083e-05
4.00061e-05
4.00041e-05
4.00027e-05
4.00025e-05
4.00029e-05
4.00036e-05
4.00045e-05
4.00054e-05
4.00062e-05
4.00069e-05
4.00075e-05
4.00081e-05
4.00086e-05
4.0009e-05
4.00094e-05
4.00098e-05
4.00102e-05
4.00106e-05
4.0011e-05
4.00114e-05
4.00118e-05
4.00122e-05
4.00125e-05
4.00128e-05
4.0013e-05
4.00132e-05
4.00134e-05
4.00135e-05
4.00136e-05
4.00137e-05
4.00137e-05
4.00137e-05
4.00137e-05
4.00135e-05
4.00135e-05
4.00141e-05
4.00146e-05
4.00149e-05
4.0015e-05
4.00148e-05
4.00146e-05
4.00141e-05
4.00137e-05
4.00131e-05
4.00125e-05
4.00119e-05
4.00114e-05
4.00109e-05
4.00104e-05
4.001e-05
4.00097e-05
4.00094e-05
4.00091e-05
4.00089e-05
4.00088e-05
4.00088e-05
4.00088e-05
4.00089e-05
4.00091e-05
4.00092e-05
4.00094e-05
4.00097e-05
4.001e-05
4.00103e-05
4.00106e-05
4.0011e-05
4.00115e-05
4.0012e-05
4.00125e-05
4.00131e-05
4.00137e-05
4.00145e-05
4.00154e-05
4.00127e-05
4.00119e-05
4.00108e-05
4.00093e-05
4.00075e-05
4.00052e-05
4.00031e-05
4.00023e-05
4.00026e-05
4.00034e-05
4.00045e-05
4.00057e-05
4.00068e-05
4.00078e-05
4.00086e-05
4.00094e-05
4.001e-05
4.00106e-05
4.0011e-05
4.00115e-05
4.00119e-05
4.00124e-05
4.00128e-05
4.00133e-05
4.00138e-05
4.00143e-05
4.00147e-05
4.00151e-05
4.00154e-05
4.00157e-05
4.0016e-05
4.00162e-05
4.00164e-05
4.00165e-05
4.00166e-05
4.00167e-05
4.00167e-05
4.00168e-05
4.00166e-05
4.00129e-05
4.00135e-05
4.0014e-05
4.00142e-05
4.00142e-05
4.0014e-05
4.00136e-05
4.0013e-05
4.00124e-05
4.00114e-05
4.00107e-05
4.00101e-05
4.00096e-05
4.00092e-05
4.00087e-05
4.00083e-05
4.0008e-05
4.00077e-05
4.00075e-05
4.00073e-05
4.00072e-05
4.00071e-05
4.00071e-05
4.00072e-05
4.00073e-05
4.00074e-05
4.00076e-05
4.00078e-05
4.0008e-05
4.00083e-05
4.00086e-05
4.00089e-05
4.00093e-05
4.00097e-05
4.00102e-05
4.00107e-05
4.00114e-05
4.00121e-05
4.0013e-05
4.00122e-05
4.00114e-05
4.00101e-05
4.00086e-05
4.00067e-05
4.00043e-05
4.00023e-05
4.00023e-05
4.00031e-05
4.00043e-05
4.00057e-05
4.00071e-05
4.00083e-05
4.00094e-05
4.00104e-05
4.00111e-05
4.00118e-05
4.00124e-05
4.00129e-05
4.00134e-05
4.00139e-05
4.00143e-05
4.00148e-05
4.00154e-05
4.00159e-05
4.00164e-05
4.00168e-05
4.00172e-05
4.00176e-05
4.0018e-05
4.00183e-05
4.00186e-05
4.00188e-05
4.00191e-05
4.00192e-05
4.00194e-05
4.00195e-05
4.00196e-05
4.00196e-05
4.00123e-05
4.00129e-05
4.00133e-05
4.00135e-05
4.00134e-05
4.0013e-05
4.00125e-05
4.00117e-05
4.0011e-05
4.00096e-05
4.00087e-05
4.00082e-05
4.00077e-05
4.00073e-05
4.0007e-05
4.00066e-05
4.00063e-05
4.0006e-05
4.00058e-05
4.00056e-05
4.00055e-05
4.00054e-05
4.00054e-05
4.00055e-05
4.00055e-05
4.00056e-05
4.00057e-05
4.00059e-05
4.00061e-05
4.00063e-05
4.00065e-05
4.00068e-05
4.00071e-05
4.00075e-05
4.00079e-05
4.00083e-05
4.00089e-05
4.00095e-05
4.00103e-05
4.00116e-05
4.00107e-05
4.00095e-05
4.0008e-05
4.00059e-05
4.00035e-05
4.00016e-05
4.00026e-05
4.00038e-05
4.00055e-05
4.00072e-05
4.00087e-05
4.00101e-05
4.00112e-05
4.00122e-05
4.0013e-05
4.00137e-05
4.00144e-05
4.00149e-05
4.00154e-05
4.00159e-05
4.00164e-05
4.00169e-05
4.00174e-05
4.0018e-05
4.00185e-05
4.0019e-05
4.00195e-05
4.00199e-05
4.00203e-05
4.00207e-05
4.0021e-05
4.00213e-05
4.00216e-05
4.00218e-05
4.00221e-05
4.00223e-05
4.00225e-05
4.00226e-05
4.00116e-05
4.00122e-05
4.00125e-05
4.00126e-05
4.00124e-05
4.0012e-05
4.00113e-05
4.00103e-05
4.00094e-05
4.00076e-05
4.00068e-05
4.00063e-05
4.00059e-05
4.00055e-05
4.00052e-05
4.00049e-05
4.00046e-05
4.00043e-05
4.00041e-05
4.0004e-05
4.00039e-05
4.00038e-05
4.00038e-05
4.00038e-05
4.00038e-05
4.00039e-05
4.0004e-05
4.00041e-05
4.00042e-05
4.00044e-05
4.00046e-05
4.00048e-05
4.0005e-05
4.00053e-05
4.00056e-05
4.00059e-05
4.00064e-05
4.00068e-05
4.00075e-05
4.00109e-05
4.001e-05
4.00088e-05
4.00072e-05
4.0005e-05
4.00027e-05
4.00011e-05
4.00031e-05
4.00049e-05
4.0007e-05
4.00088e-05
4.00105e-05
4.0012e-05
4.00132e-05
4.00142e-05
4.0015e-05
4.00157e-05
4.00164e-05
4.00169e-05
4.00174e-05
4.00179e-05
4.00184e-05
4.0019e-05
4.00195e-05
4.00201e-05
4.00207e-05
4.00212e-05
4.00217e-05
4.00221e-05
4.00226e-05
4.0023e-05
4.00234e-05
4.00238e-05
4.00241e-05
4.00244e-05
4.00247e-05
4.0025e-05
4.00254e-05
4.00256e-05
4.00108e-05
4.00114e-05
4.00117e-05
4.00117e-05
4.00114e-05
4.00109e-05
4.00101e-05
4.00089e-05
4.00078e-05
4.00058e-05
4.00049e-05
4.00044e-05
4.00041e-05
4.00038e-05
4.00035e-05
4.00033e-05
4.00031e-05
4.00029e-05
4.00028e-05
4.00027e-05
4.00027e-05
4.00026e-05
4.00026e-05
4.00026e-05
4.00026e-05
4.00027e-05
4.00027e-05
4.00027e-05
4.00028e-05
4.00028e-05
4.00029e-05
4.0003e-05
4.00032e-05
4.00033e-05
4.00035e-05
4.00037e-05
4.0004e-05
4.00044e-05
4.00049e-05
4.00101e-05
4.00093e-05
4.0008e-05
4.00064e-05
4.00042e-05
4.0002e-05
4.00009e-05
4.00039e-05
4.00062e-05
4.00086e-05
4.00106e-05
4.00124e-05
4.00139e-05
4.00151e-05
4.00161e-05
4.0017e-05
4.00177e-05
4.00183e-05
4.00189e-05
4.00194e-05
4.00199e-05
4.00204e-05
4.00209e-05
4.00215e-05
4.0022e-05
4.00226e-05
4.00232e-05
4.00237e-05
4.00242e-05
4.00247e-05
4.00251e-05
4.00255e-05
4.0026e-05
4.00264e-05
4.00268e-05
4.00272e-05
4.00276e-05
4.0028e-05
4.00283e-05
4.001e-05
4.00105e-05
4.00107e-05
4.00107e-05
4.00103e-05
4.00097e-05
4.00087e-05
4.00074e-05
4.00061e-05
4.0004e-05
4.00032e-05
4.00029e-05
4.00027e-05
4.00025e-05
4.00024e-05
4.00023e-05
4.00023e-05
4.00023e-05
4.00024e-05
4.00025e-05
4.00026e-05
4.00027e-05
4.00028e-05
4.00029e-05
4.00029e-05
4.00029e-05
4.0003e-05
4.0003e-05
4.0003e-05
4.0003e-05
4.0003e-05
4.0003e-05
4.00029e-05
4.00029e-05
4.0003e-05
4.0003e-05
4.0003e-05
4.00031e-05
4.00033e-05
4.00093e-05
4.00085e-05
4.00072e-05
4.00056e-05
4.00034e-05
4.00015e-05
4.00011e-05
4.00049e-05
4.00076e-05
4.00102e-05
4.00123e-05
4.00141e-05
4.00156e-05
4.00168e-05
4.00178e-05
4.00186e-05
4.00193e-05
4.00199e-05
4.00205e-05
4.0021e-05
4.00214e-05
4.00219e-05
4.00224e-05
4.0023e-05
4.00236e-05
4.00242e-05
4.00247e-05
4.00252e-05
4.00258e-05
4.00263e-05
4.00268e-05
4.00272e-05
4.00277e-05
4.00281e-05
4.00286e-05
4.00291e-05
4.00295e-05
4.00301e-05
4.00306e-05
4.0009e-05
4.00095e-05
4.00097e-05
4.00096e-05
4.00091e-05
4.00084e-05
4.00073e-05
4.0006e-05
4.00044e-05
4.00027e-05
4.00021e-05
4.0002e-05
4.0002e-05
4.00021e-05
4.00023e-05
4.00025e-05
4.00028e-05
4.00031e-05
4.00034e-05
4.00036e-05
4.00039e-05
4.00041e-05
4.00043e-05
4.00044e-05
4.00045e-05
4.00046e-05
4.00047e-05
4.00047e-05
4.00047e-05
4.00047e-05
4.00047e-05
4.00046e-05
4.00045e-05
4.00044e-05
4.00043e-05
4.00042e-05
4.0004e-05
4.00038e-05
4.00036e-05
4.00084e-05
4.00076e-05
4.00064e-05
4.00048e-05
4.00026e-05
4.00011e-05
4.00016e-05
4.00059e-05
4.00088e-05
4.00116e-05
4.00138e-05
4.00155e-05
4.0017e-05
4.00181e-05
4.00191e-05
4.00198e-05
4.00205e-05
4.00211e-05
4.00216e-05
4.0022e-05
4.00225e-05
4.0023e-05
4.00235e-05
4.0024e-05
4.00246e-05
4.00251e-05
4.00257e-05
4.00262e-05
4.00267e-05
4.00273e-05
4.00278e-05
4.00283e-05
4.00288e-05
4.00293e-05
4.00298e-05
4.00304e-05
4.00309e-05
4.00315e-05
4.0032e-05
4.0008e-05
4.00084e-05
4.00085e-05
4.00083e-05
4.00079e-05
4.0007e-05
4.00059e-05
4.00045e-05
4.00028e-05
4.0002e-05
4.00019e-05
4.00021e-05
4.00025e-05
4.00029e-05
4.00033e-05
4.00037e-05
4.00041e-05
4.00045e-05
4.00049e-05
4.00053e-05
4.00056e-05
4.00059e-05
4.00061e-05
4.00063e-05
4.00065e-05
4.00066e-05
4.00067e-05
4.00068e-05
4.00069e-05
4.0007e-05
4.00071e-05
4.00071e-05
4.00072e-05
4.00072e-05
4.00073e-05
4.00073e-05
4.00073e-05
4.00073e-05
4.00072e-05
4.00074e-05
4.00066e-05
4.00055e-05
4.00039e-05
4.00018e-05
4.00009e-05
4.00022e-05
4.00065e-05
4.00097e-05
4.00125e-05
4.00147e-05
4.00164e-05
4.00177e-05
4.00188e-05
4.00197e-05
4.00204e-05
4.0021e-05
4.00216e-05
4.00221e-05
4.00225e-05
4.0023e-05
4.00234e-05
4.00239e-05
4.00244e-05
4.0025e-05
4.00256e-05
4.00261e-05
4.00267e-05
4.00272e-05
4.00277e-05
4.00282e-05
4.00287e-05
4.00291e-05
4.00296e-05
4.003e-05
4.00305e-05
4.00311e-05
4.00317e-05
4.00323e-05
4.00069e-05
4.00072e-05
4.00073e-05
4.0007e-05
4.00065e-05
4.00056e-05
4.00045e-05
4.00031e-05
4.00015e-05
4.00017e-05
4.00022e-05
4.00027e-05
4.00033e-05
4.00039e-05
4.00045e-05
4.0005e-05
4.00055e-05
4.0006e-05
4.00065e-05
4.00069e-05
4.00073e-05
4.00076e-05
4.0008e-05
4.00082e-05
4.00085e-05
4.00086e-05
4.00088e-05
4.00089e-05
4.0009e-05
4.00092e-05
4.00092e-05
4.00093e-05
4.00093e-05
4.00093e-05
4.00092e-05
4.00091e-05
4.0009e-05
4.00089e-05
4.00088e-05
4.00063e-05
4.00056e-05
4.00045e-05
4.00031e-05
4.00012e-05
4.0001e-05
4.00027e-05
4.00067e-05
4.00099e-05
4.00127e-05
4.00148e-05
4.00165e-05
4.00178e-05
4.00189e-05
4.00198e-05
4.00205e-05
4.00212e-05
4.00217e-05
4.00223e-05
4.00228e-05
4.00232e-05
4.00237e-05
4.00243e-05
4.00249e-05
4.00255e-05
4.00262e-05
4.00268e-05
4.00275e-05
4.00281e-05
4.00287e-05
4.00293e-05
4.003e-05
4.00306e-05
4.00313e-05
4.0032e-05
4.00327e-05
4.00333e-05
4.00341e-05
4.00347e-05
4.00056e-05
4.00059e-05
4.00059e-05
4.00056e-05
4.00051e-05
4.00042e-05
4.00032e-05
4.00018e-05
4.00008e-05
4.00018e-05
4.00026e-05
4.00033e-05
4.00041e-05
4.00049e-05
4.00056e-05
4.00062e-05
4.00068e-05
4.00074e-05
4.00079e-05
4.00085e-05
4.00089e-05
4.00094e-05
4.00097e-05
4.00101e-05
4.00104e-05
4.00106e-05
4.00109e-05
4.00112e-05
4.00115e-05
4.00117e-05
4.00119e-05
4.00122e-05
4.00125e-05
4.00128e-05
4.00131e-05
4.00135e-05
4.00138e-05
4.00142e-05
4.00146e-05
4.00051e-05
4.00045e-05
4.00036e-05
4.00023e-05
4.00007e-05
4.0001e-05
4.00031e-05
4.00063e-05
4.00093e-05
4.00122e-05
4.00144e-05
4.00161e-05
4.00176e-05
4.00189e-05
4.002e-05
4.00209e-05
4.00217e-05
4.00225e-05
4.00232e-05
4.00238e-05
4.00244e-05
4.00251e-05
4.00258e-05
4.00266e-05
4.00274e-05
4.00282e-05
4.0029e-05
4.00297e-05
4.00305e-05
4.00311e-05
4.00318e-05
4.00323e-05
4.00329e-05
4.00333e-05
4.00338e-05
4.00342e-05
4.00346e-05
4.00351e-05
4.00357e-05
4.00042e-05
4.00044e-05
4.00044e-05
4.00041e-05
4.00036e-05
4.00029e-05
4.00019e-05
4.00008e-05
4.00005e-05
4.00018e-05
4.00027e-05
4.00037e-05
4.00047e-05
4.00055e-05
4.00064e-05
4.00071e-05
4.00078e-05
4.00084e-05
4.0009e-05
4.00096e-05
4.00101e-05
4.00107e-05
4.00111e-05
4.00115e-05
4.00118e-05
4.00121e-05
4.00124e-05
4.00125e-05
4.00125e-05
4.00129e-05
4.00131e-05
4.00132e-05
4.00132e-05
4.00133e-05
4.00132e-05
4.00133e-05
4.00133e-05
4.00136e-05
4.00138e-05
4.00038e-05
4.00033e-05
4.00026e-05
4.00015e-05
4.00004e-05
4.00011e-05
4.00029e-05
4.00051e-05
4.0008e-05
4.00112e-05
4.00139e-05
4.00161e-05
4.00181e-05
4.00199e-05
4.00213e-05
4.00226e-05
4.00237e-05
4.00247e-05
4.00257e-05
4.00265e-05
4.00274e-05
4.00283e-05
4.00293e-05
4.00304e-05
4.00316e-05
4.00328e-05
4.00341e-05
4.00353e-05
4.00366e-05
4.00378e-05
4.00391e-05
4.00404e-05
4.00417e-05
4.00431e-05
4.00445e-05
4.00461e-05
4.00477e-05
4.00496e-05
4.00512e-05
4.00026e-05
4.00028e-05
4.00027e-05
4.00025e-05
4.00021e-05
4.00016e-05
4.0001e-05
4.00003e-05
4.00006e-05
4.00014e-05
4.00023e-05
4.00034e-05
4.00045e-05
4.00056e-05
4.00065e-05
4.00074e-05
4.00082e-05
4.00089e-05
4.00096e-05
4.00103e-05
4.00109e-05
4.00115e-05
4.00121e-05
4.00127e-05
4.00132e-05
4.00138e-05
4.00143e-05
4.0015e-05
4.00158e-05
4.00165e-05
4.00172e-05
4.00179e-05
4.00186e-05
4.00194e-05
4.00202e-05
4.00211e-05
4.00221e-05
4.00233e-05
4.00246e-05
4.00024e-05
4.00021e-05
4.00015e-05
4.00008e-05
4.00002e-05
4.00009e-05
4.00023e-05
4.00033e-05
4.00064e-05
4.00104e-05
4.00137e-05
4.00166e-05
4.00189e-05
4.00208e-05
4.00223e-05
4.00236e-05
4.00246e-05
4.00255e-05
4.00263e-05
4.0027e-05
4.00277e-05
4.00284e-05
4.00292e-05
4.003e-05
4.00308e-05
4.00316e-05
4.00324e-05
4.00331e-05
4.00338e-05
4.00344e-05
4.0035e-05
4.00356e-05
4.00361e-05
4.00366e-05
4.00371e-05
4.00375e-05
4.0038e-05
4.00384e-05
4.00388e-05
4.00009e-05
4.00009e-05
4.00009e-05
4.00008e-05
4.00007e-05
4.00005e-05
4.00002e-05
4.00001e-05
4.00003e-05
4.00005e-05
4.00015e-05
4.0003e-05
4.00048e-05
4.00066e-05
4.00082e-05
4.00098e-05
4.00113e-05
4.00128e-05
4.00143e-05
4.00157e-05
4.0017e-05
4.00182e-05
4.00193e-05
4.00202e-05
4.0021e-05
4.00217e-05
4.00223e-05
4.0023e-05
4.00234e-05
4.00231e-05
4.00233e-05
4.00235e-05
4.00236e-05
4.00238e-05
4.00238e-05
4.00238e-05
4.00239e-05
4.00241e-05
4.00243e-05
4.00008e-05
4.00007e-05
4.00005e-05
4.00002e-05
4.00001e-05
4.00004e-05
4.00009e-05
4.0001e-05
4.00045e-05
4.00078e-05
4.00097e-05
4.00106e-05
4.00109e-05
4.00107e-05
4.00102e-05
4.00098e-05
4.00096e-05
4.00095e-05
4.00095e-05
4.00096e-05
4.00097e-05
4.00099e-05
4.00102e-05
4.00105e-05
4.00109e-05
4.00114e-05
4.00119e-05
4.00125e-05
4.00131e-05
4.00137e-05
4.00144e-05
4.0015e-05
4.00157e-05
4.00163e-05
4.0017e-05
4.00176e-05
4.00184e-05
4.00192e-05
4.00199e-05
0.102159
0.119344
0.121901
0.112225
0.0893153
0.0551085
0.0230793
0.00657524
0.0011894
2.84113e-05
6.60107e-06
0
4.68881e-06
2.12149e-05
3.47119e-05
3.96297e-05
4.05521e-05
4.03801e-05
4.01662e-05
4.00773e-05
4.0058e-05
4.00574e-05
4.00573e-05
4.00555e-05
4.00531e-05
4.00509e-05
4.0049e-05
4.00473e-05
4.00458e-05
4.00446e-05
4.00435e-05
4.00426e-05
4.00418e-05
4.00411e-05
4.00405e-05
4.004e-05
4.00396e-05
4.00392e-05
4.00388e-05
4.00385e-05
4.00382e-05
4.00379e-05
4.00377e-05
4.00375e-05
4.00373e-05
4.00371e-05
4.00369e-05
4.00368e-05
4.00366e-05
4.00363e-05
4.00361e-05
4.00358e-05
4.00355e-05
4.00351e-05
4.00348e-05
4.00343e-05
4.00338e-05
4.00332e-05
4.00324e-05
4.00314e-05
4.00301e-05
4.00284e-05
4.00265e-05
4.00244e-05
4.00223e-05
4.00201e-05
4.00178e-05
4.00158e-05
4.00134e-05
4.00106e-05
4.00078e-05
4.0005e-05
4.00033e-05
4.00036e-05
4.00072e-05
4.00088e-05
4.00148e-05
4.0014e-05
4.00254e-05
4.00245e-05
0.106474
0.103518
0.0870052
0.0652377
0.0371731
0.0124306
0.00206825
3.28137e-05
7.69808e-06
4.91305e-07
2.21994e-06
2.66534e-05
3.84468e-05
4.06791e-05
4.04855e-05
4.01738e-05
4.00621e-05
4.00452e-05
4.00468e-05
4.00468e-05
4.00448e-05
4.00423e-05
4.00402e-05
4.00382e-05
4.00366e-05
4.0035e-05
4.00337e-05
4.00324e-05
4.00313e-05
4.00302e-05
4.00293e-05
4.00285e-05
4.00277e-05
4.0027e-05
4.00264e-05
4.00258e-05
4.00253e-05
4.00248e-05
4.00244e-05
4.0024e-05
4.00236e-05
4.00232e-05
4.00228e-05
4.00224e-05
4.00218e-05
4.00212e-05
4.00204e-05
4.00196e-05
4.00186e-05
4.00176e-05
4.00165e-05
4.00153e-05
4.00142e-05
4.0013e-05
4.00117e-05
4.00104e-05
4.00089e-05
4.00071e-05
4.00053e-05
4.00037e-05
4.0003e-05
4.00034e-05
4.00045e-05
4.00059e-05
4.00078e-05
4.00105e-05
4.00136e-05
4.00167e-05
4.00198e-05
4.00229e-05
4.00259e-05
4.00287e-05
4.0031e-05
4.00324e-05
4.00328e-05
4.00351e-05
4.00363e-05
4.00523e-05
4.00392e-05
4.00204e-05
0.118866
0.13006
0.130598
0.117959
0.0929023
0.0578409
0.0237002
0.00577403
0.00083073
0.000113958
2.65971e-05
5.72361e-07
2.60011e-06
2.34746e-05
3.58154e-05
3.99384e-05
4.05805e-05
4.03621e-05
4.01604e-05
4.00827e-05
4.00665e-05
4.00653e-05
4.0064e-05
4.0061e-05
4.00578e-05
4.00548e-05
4.00523e-05
4.00502e-05
4.00483e-05
4.00467e-05
4.00453e-05
4.00442e-05
4.00432e-05
4.00424e-05
4.00416e-05
4.0041e-05
4.00404e-05
4.00398e-05
4.00394e-05
4.00389e-05
4.00386e-05
4.00382e-05
4.0038e-05
4.00378e-05
4.00376e-05
4.00374e-05
4.00372e-05
4.0037e-05
4.00368e-05
4.00366e-05
4.00364e-05
4.00361e-05
4.00358e-05
4.00354e-05
4.0035e-05
4.00346e-05
4.00341e-05
4.00335e-05
4.00327e-05
4.00317e-05
4.00304e-05
4.00287e-05
4.00268e-05
4.00247e-05
4.00226e-05
4.00203e-05
4.00181e-05
4.0016e-05
4.00136e-05
4.00108e-05
4.00079e-05
4.00051e-05
4.00034e-05
4.00036e-05
4.00071e-05
4.00089e-05
4.00148e-05
4.00141e-05
4.00258e-05
4.00245e-05
0.120027
0.116078
0.0983237
0.073075
0.0431121
0.0149445
0.0021485
0.00022678
5.34215e-05
9.39795e-07
4.22799e-06
2.83776e-05
3.90576e-05
4.07627e-05
4.04662e-05
4.01652e-05
4.00681e-05
4.00549e-05
4.00555e-05
4.00539e-05
4.00506e-05
4.00471e-05
4.00442e-05
4.00416e-05
4.00393e-05
4.00374e-05
4.00356e-05
4.0034e-05
4.00327e-05
4.00314e-05
4.00303e-05
4.00294e-05
4.00285e-05
4.00278e-05
4.00271e-05
4.00264e-05
4.00258e-05
4.00253e-05
4.00249e-05
4.00244e-05
4.0024e-05
4.00236e-05
4.00231e-05
4.00227e-05
4.00221e-05
4.00215e-05
4.00207e-05
4.00198e-05
4.00188e-05
4.00178e-05
4.00166e-05
4.00155e-05
4.00143e-05
4.00131e-05
4.00119e-05
4.00105e-05
4.00089e-05
4.00072e-05
4.00053e-05
4.00037e-05
4.0003e-05
4.00035e-05
4.00045e-05
4.00059e-05
4.00079e-05
4.00106e-05
4.00138e-05
4.0017e-05
4.00201e-05
4.00231e-05
4.00262e-05
4.0029e-05
4.00313e-05
4.00327e-05
4.00332e-05
4.00354e-05
4.00368e-05
4.00529e-05
4.00395e-05
4.00208e-05
0.129394
0.136753
0.136798
0.123927
0.0982262
0.0622922
0.0255012
0.00536861
0.000574209
3.15778e-05
7.40202e-06
9.11944e-07
4.12396e-06
2.56102e-05
3.67008e-05
4.01504e-05
4.05828e-05
4.03413e-05
4.01545e-05
4.00866e-05
4.00728e-05
4.0071e-05
4.00685e-05
4.00647e-05
4.00607e-05
4.00572e-05
4.00543e-05
4.00517e-05
4.00495e-05
4.00477e-05
4.00461e-05
4.00448e-05
4.00436e-05
4.00427e-05
4.00418e-05
4.00412e-05
4.00406e-05
4.00401e-05
4.00396e-05
4.00392e-05
4.00388e-05
4.00385e-05
4.00383e-05
4.00381e-05
4.00379e-05
4.00377e-05
4.00375e-05
4.00373e-05
4.00372e-05
4.00369e-05
4.00367e-05
4.00364e-05
4.00361e-05
4.00357e-05
4.00354e-05
4.0035e-05
4.00345e-05
4.00339e-05
4.00331e-05
4.00321e-05
4.00307e-05
4.00291e-05
4.00271e-05
4.0025e-05
4.00229e-05
4.00206e-05
4.00183e-05
4.00162e-05
4.00138e-05
4.00109e-05
4.0008e-05
4.00052e-05
4.00034e-05
4.00037e-05
4.00071e-05
4.0009e-05
4.00149e-05
4.00142e-05
4.00263e-05
4.00246e-05
0.129171
0.124659
0.107696
0.0805069
0.0478642
0.0167136
0.00200837
0.000249363
5.89733e-05
1.33687e-06
5.98976e-06
3.06312e-05
3.96591e-05
4.07958e-05
4.04291e-05
4.01536e-05
4.00732e-05
4.00632e-05
4.00626e-05
4.00596e-05
4.00551e-05
4.00509e-05
4.00472e-05
4.00441e-05
4.00414e-05
4.00391e-05
4.0037e-05
4.00352e-05
4.00336e-05
4.00322e-05
4.0031e-05
4.003e-05
4.00291e-05
4.00282e-05
4.00275e-05
4.00268e-05
4.00262e-05
4.00256e-05
4.00252e-05
4.00248e-05
4.00243e-05
4.00239e-05
4.00234e-05
4.00229e-05
4.00224e-05
4.00217e-05
4.00209e-05
4.002e-05
4.0019e-05
4.00179e-05
4.00168e-05
4.00156e-05
4.00144e-05
4.00132e-05
4.0012e-05
4.00106e-05
4.0009e-05
4.00072e-05
4.00053e-05
4.00037e-05
4.0003e-05
4.00035e-05
4.00046e-05
4.0006e-05
4.00081e-05
4.00108e-05
4.0014e-05
4.00172e-05
4.00203e-05
4.00235e-05
4.00266e-05
4.00293e-05
4.00317e-05
4.0033e-05
4.00336e-05
4.00356e-05
4.00375e-05
4.00535e-05
4.00399e-05
4.00213e-05
0.135927
0.141071
0.141494
0.13061
0.106768
0.0715167
0.0313787
0.00612863
0.000513708
2.11181e-05
4.97076e-06
1.22096e-06
5.49743e-06
2.69584e-05
3.722e-05
4.02682e-05
4.05797e-05
4.03284e-05
4.0152e-05
4.00902e-05
4.00777e-05
4.00752e-05
4.00718e-05
4.00673e-05
4.00628e-05
4.00588e-05
4.00555e-05
4.00526e-05
4.00502e-05
4.00481e-05
4.00464e-05
4.00449e-05
4.00437e-05
4.00428e-05
4.0042e-05
4.00414e-05
4.00408e-05
4.00403e-05
4.00399e-05
4.00395e-05
4.00391e-05
4.00388e-05
4.00386e-05
4.00384e-05
4.00382e-05
4.00381e-05
4.00379e-05
4.00377e-05
4.00375e-05
4.00373e-05
4.00371e-05
4.00368e-05
4.00365e-05
4.00361e-05
4.00358e-05
4.00354e-05
4.00349e-05
4.00343e-05
4.00335e-05
4.00325e-05
4.00311e-05
4.00294e-05
4.00274e-05
4.00253e-05
4.00232e-05
4.00208e-05
4.00186e-05
4.00165e-05
4.0014e-05
4.00111e-05
4.00082e-05
4.00053e-05
4.00035e-05
4.00037e-05
4.00071e-05
4.00091e-05
4.00149e-05
4.00144e-05
4.00268e-05
4.00248e-05
0.135191
0.130428
0.114932
0.0879624
0.053433
0.0190919
0.00193819
0.000248685
5.90334e-05
2.13579e-06
9.53156e-06
3.28286e-05
4.01497e-05
4.07926e-05
4.0387e-05
4.01422e-05
4.00774e-05
4.00699e-05
4.00681e-05
4.00638e-05
4.00585e-05
4.00536e-05
4.00495e-05
4.00459e-05
4.00429e-05
4.00402e-05
4.0038e-05
4.0036e-05
4.00343e-05
4.00328e-05
4.00315e-05
4.00304e-05
4.00295e-05
4.00286e-05
4.00278e-05
4.00271e-05
4.00265e-05
4.00259e-05
4.00255e-05
4.0025e-05
4.00246e-05
4.00241e-05
4.00237e-05
4.00232e-05
4.00226e-05
4.00219e-05
4.00211e-05
4.00202e-05
4.00192e-05
4.00181e-05
4.00169e-05
4.00157e-05
4.00145e-05
4.00133e-05
4.00121e-05
4.00107e-05
4.00091e-05
4.00072e-05
4.00053e-05
4.00037e-05
4.0003e-05
4.00036e-05
4.00047e-05
4.00061e-05
4.00082e-05
4.00109e-05
4.00142e-05
4.00175e-05
4.00207e-05
4.00238e-05
4.00269e-05
4.00297e-05
4.00321e-05
4.00334e-05
4.0034e-05
4.00359e-05
4.00382e-05
4.00541e-05
4.00404e-05
4.00218e-05
0.140586
0.144206
0.14516
0.137074
0.116822
0.0843295
0.0428224
0.00960027
0.000554386
0.00013196
0
1.22862e-06
5.50886e-06
2.71432e-05
3.73404e-05
4.03045e-05
4.0582e-05
4.03278e-05
4.01551e-05
4.00951e-05
4.00824e-05
4.00791e-05
4.00749e-05
4.00697e-05
4.00646e-05
4.00602e-05
4.00565e-05
4.00533e-05
4.00507e-05
4.00484e-05
4.00465e-05
4.00449e-05
4.00437e-05
4.00429e-05
4.00421e-05
4.00416e-05
4.00411e-05
4.00406e-05
4.00402e-05
4.00398e-05
4.00395e-05
4.00392e-05
4.0039e-05
4.00388e-05
4.00386e-05
4.00385e-05
4.00383e-05
4.00381e-05
4.0038e-05
4.00378e-05
4.00375e-05
4.00373e-05
4.00369e-05
4.00366e-05
4.00362e-05
4.00358e-05
4.00353e-05
4.00347e-05
4.00339e-05
4.00329e-05
4.00315e-05
4.00298e-05
4.00278e-05
4.00257e-05
4.00235e-05
4.00211e-05
4.00188e-05
4.00167e-05
4.00142e-05
4.00113e-05
4.00083e-05
4.00053e-05
4.00035e-05
4.00038e-05
4.00071e-05
4.00093e-05
4.0015e-05
4.00145e-05
4.00274e-05
4.00249e-05
0.139421
0.13432
0.119929
0.0941958
0.059143
0.02209
0.0020006
0.000251966
6.00273e-05
2.91074e-06
1.29411e-05
3.46778e-05
4.05004e-05
4.07696e-05
4.03502e-05
4.01344e-05
4.00822e-05
4.0076e-05
4.00729e-05
4.00673e-05
4.00612e-05
4.00558e-05
4.00512e-05
4.00473e-05
4.0044e-05
4.00411e-05
4.00387e-05
4.00366e-05
4.00348e-05
4.00332e-05
4.00319e-05
4.00308e-05
4.00298e-05
4.00289e-05
4.00281e-05
4.00274e-05
4.00268e-05
4.00262e-05
4.00258e-05
4.00253e-05
4.00249e-05
4.00244e-05
4.00239e-05
4.00234e-05
4.00228e-05
4.00221e-05
4.00213e-05
4.00204e-05
4.00194e-05
4.00183e-05
4.00171e-05
4.00159e-05
4.00147e-05
4.00135e-05
4.00122e-05
4.00108e-05
4.00091e-05
4.00073e-05
4.00053e-05
4.00036e-05
4.0003e-05
4.00036e-05
4.00047e-05
4.00063e-05
4.00084e-05
4.00111e-05
4.00144e-05
4.00178e-05
4.0021e-05
4.00241e-05
4.00273e-05
4.00301e-05
4.00325e-05
4.00337e-05
4.00345e-05
4.00362e-05
4.00389e-05
4.00548e-05
4.00408e-05
4.00223e-05
0.144121
0.146642
0.148033
0.142656
0.126606
0.0983494
0.0586718
0.017845
0.00117739
0.000280402
0
9.90188e-07
4.42229e-06
2.6268e-05
3.71437e-05
4.03049e-05
4.06064e-05
4.03438e-05
4.01641e-05
4.01012e-05
4.00873e-05
4.00832e-05
4.00782e-05
4.00722e-05
4.00665e-05
4.00616e-05
4.00575e-05
4.0054e-05
4.00511e-05
4.00487e-05
4.00466e-05
4.00449e-05
4.00438e-05
4.0043e-05
4.00423e-05
4.00418e-05
4.00413e-05
4.00409e-05
4.00405e-05
4.00402e-05
4.00398e-05
4.00396e-05
4.00394e-05
4.00392e-05
4.0039e-05
4.00389e-05
4.00387e-05
4.00386e-05
4.00384e-05
4.00382e-05
4.0038e-05
4.00377e-05
4.00374e-05
4.0037e-05
4.00367e-05
4.00363e-05
4.00357e-05
4.00351e-05
4.00343e-05
4.00333e-05
4.0032e-05
4.00302e-05
4.00282e-05
4.0026e-05
4.00238e-05
4.00214e-05
4.00191e-05
4.0017e-05
4.00144e-05
4.00114e-05
4.00085e-05
4.00054e-05
4.00036e-05
4.00038e-05
4.0007e-05
4.00094e-05
4.00151e-05
4.00146e-05
4.00279e-05
4.00251e-05
0.142495
0.136876
0.122986
0.098462
0.0637879
0.0250374
0.00210487
0.00025528
6.10248e-05
3.80809e-06
1.64817e-05
3.63455e-05
4.07553e-05
4.07314e-05
4.03167e-05
4.01294e-05
4.00876e-05
4.00819e-05
4.00774e-05
4.00707e-05
4.00639e-05
4.00579e-05
4.00529e-05
4.00486e-05
4.0045e-05
4.00419e-05
4.00393e-05
4.00371e-05
4.00352e-05
4.00336e-05
4.00322e-05
4.00311e-05
4.00301e-05
4.00292e-05
4.00284e-05
4.00277e-05
4.00271e-05
4.00265e-05
4.00261e-05
4.00256e-05
4.00252e-05
4.00247e-05
4.00242e-05
4.00237e-05
4.00231e-05
4.00224e-05
4.00216e-05
4.00206e-05
4.00196e-05
4.00184e-05
4.00172e-05
4.0016e-05
4.00148e-05
4.00136e-05
4.00123e-05
4.00108e-05
4.00092e-05
4.00073e-05
4.00053e-05
4.00036e-05
4.0003e-05
4.00037e-05
4.00048e-05
4.00064e-05
4.00085e-05
4.00113e-05
4.00147e-05
4.00181e-05
4.00213e-05
4.00245e-05
4.00277e-05
4.00305e-05
4.00329e-05
4.00341e-05
4.00349e-05
4.00366e-05
4.00397e-05
4.00555e-05
4.00413e-05
4.00229e-05
0.146809
0.148532
0.150236
0.147188
0.135278
0.111999
0.0766335
0.0324791
0.00419228
0.00100252
0
5.67392e-07
2.52437e-06
2.4136e-05
3.65398e-05
4.02793e-05
4.0656e-05
4.03768e-05
4.01788e-05
4.01084e-05
4.00924e-05
4.00875e-05
4.00817e-05
4.00751e-05
4.00687e-05
4.00632e-05
4.00587e-05
4.00549e-05
4.00517e-05
4.0049e-05
4.00467e-05
4.00449e-05
4.00439e-05
4.00432e-05
4.00425e-05
4.00421e-05
4.00416e-05
4.00412e-05
4.00409e-05
4.00405e-05
4.00402e-05
4.00399e-05
4.00398e-05
4.00396e-05
4.00395e-05
4.00393e-05
4.00392e-05
4.0039e-05
4.00389e-05
4.00387e-05
4.00384e-05
4.00382e-05
4.00379e-05
4.00375e-05
4.00371e-05
4.00367e-05
4.00362e-05
4.00356e-05
4.00348e-05
4.00338e-05
4.00324e-05
4.00306e-05
4.00286e-05
4.00264e-05
4.00241e-05
4.00217e-05
4.00194e-05
4.00173e-05
4.00147e-05
4.00116e-05
4.00086e-05
4.00055e-05
4.00036e-05
4.00039e-05
4.0007e-05
4.00095e-05
4.00151e-05
4.00148e-05
4.00285e-05
4.00254e-05
0.144672
0.138389
0.12453
0.100831
0.0668886
0.0274498
0.00220485
0.00025621
6.25798e-05
4.9738e-06
2.01914e-05
3.78816e-05
4.09273e-05
4.06778e-05
4.02843e-05
4.01261e-05
4.00932e-05
4.00876e-05
4.00817e-05
4.00739e-05
4.00664e-05
4.00599e-05
4.00544e-05
4.00498e-05
4.0046e-05
4.00427e-05
4.00399e-05
4.00376e-05
4.00356e-05
4.0034e-05
4.00326e-05
4.00314e-05
4.00304e-05
4.00295e-05
4.00287e-05
4.0028e-05
4.00274e-05
4.00268e-05
4.00264e-05
4.00259e-05
4.00255e-05
4.0025e-05
4.00245e-05
4.0024e-05
4.00234e-05
4.00226e-05
4.00218e-05
4.00208e-05
4.00198e-05
4.00186e-05
4.00174e-05
4.00162e-05
4.0015e-05
4.00137e-05
4.00124e-05
4.00109e-05
4.00093e-05
4.00073e-05
4.00053e-05
4.00036e-05
4.00031e-05
4.00038e-05
4.00049e-05
4.00065e-05
4.00087e-05
4.00116e-05
4.00149e-05
4.00184e-05
4.00217e-05
4.00249e-05
4.00281e-05
4.00309e-05
4.00334e-05
4.00345e-05
4.00354e-05
4.00369e-05
4.00405e-05
4.00562e-05
4.00418e-05
4.00235e-05
0.148653
0.149772
0.151701
0.150595
0.14247
0.124311
0.0944312
0.0524959
0.0129849
4.00151e-05
9.55943e-06
0
4.91819e-06
2.16692e-05
3.56849e-05
4.02324e-05
4.07299e-05
4.04242e-05
4.01993e-05
4.01172e-05
4.00978e-05
4.0092e-05
4.00856e-05
4.00782e-05
4.00711e-05
4.0065e-05
4.006e-05
4.00558e-05
4.00523e-05
4.00493e-05
4.00469e-05
4.0045e-05
4.0044e-05
4.00433e-05
4.00427e-05
4.00423e-05
4.00419e-05
4.00415e-05
4.00412e-05
4.00409e-05
4.00406e-05
4.00403e-05
4.00402e-05
4.004e-05
4.00399e-05
4.00398e-05
4.00396e-05
4.00395e-05
4.00393e-05
4.00392e-05
4.00389e-05
4.00387e-05
4.00384e-05
4.0038e-05
4.00376e-05
4.00372e-05
4.00367e-05
4.00361e-05
4.00353e-05
4.00343e-05
4.00329e-05
4.00311e-05
4.0029e-05
4.00268e-05
4.00245e-05
4.0022e-05
4.00197e-05
4.00176e-05
4.0015e-05
4.00118e-05
4.00088e-05
4.00056e-05
4.00037e-05
4.00039e-05
4.0007e-05
4.00097e-05
4.00152e-05
4.0015e-05
4.00292e-05
4.00257e-05
0.145989
0.138963
0.124822
0.101547
0.0683387
0.0289685
0.00225457
0.000254748
6.31659e-05
8.22263e-06
2.43037e-05
3.92262e-05
4.10142e-05
4.0612e-05
4.02537e-05
4.01244e-05
4.00991e-05
4.0093e-05
4.00856e-05
4.00769e-05
4.00687e-05
4.00617e-05
4.00559e-05
4.0051e-05
4.00468e-05
4.00434e-05
4.00405e-05
4.0038e-05
4.0036e-05
4.00343e-05
4.00329e-05
4.00317e-05
4.00307e-05
4.00298e-05
4.0029e-05
4.00283e-05
4.00277e-05
4.00271e-05
4.00267e-05
4.00262e-05
4.00258e-05
4.00253e-05
4.00248e-05
4.00243e-05
4.00237e-05
4.00229e-05
4.00221e-05
4.00211e-05
4.002e-05
4.00188e-05
4.00176e-05
4.00164e-05
4.00151e-05
4.00139e-05
4.00125e-05
4.0011e-05
4.00093e-05
4.00074e-05
4.00053e-05
4.00036e-05
4.00031e-05
4.00038e-05
4.0005e-05
4.00066e-05
4.00089e-05
4.00118e-05
4.00152e-05
4.00187e-05
4.00221e-05
4.00253e-05
4.00286e-05
4.00314e-05
4.00339e-05
4.00349e-05
4.00359e-05
4.00373e-05
4.00414e-05
4.00569e-05
4.00423e-05
4.00241e-05
0.149893
0.151055
0.152736
0.15298
0.148066
0.134731
0.110644
0.0743224
0.0298883
0.00311613
0.000747557
0
2.77296e-06
1.22968e-05
3.28838e-05
3.99383e-05
4.08666e-05
4.05171e-05
4.02316e-05
4.01273e-05
4.01034e-05
4.00969e-05
4.00899e-05
4.00817e-05
4.00738e-05
4.00671e-05
4.00614e-05
4.00568e-05
4.0053e-05
4.00498e-05
4.00471e-05
4.00451e-05
4.00441e-05
4.00435e-05
4.0043e-05
4.00426e-05
4.00422e-05
4.00419e-05
4.00416e-05
4.00413e-05
4.0041e-05
4.00408e-05
4.00406e-05
4.00405e-05
4.00403e-05
4.00402e-05
4.00401e-05
4.004e-05
4.00398e-05
4.00397e-05
4.00394e-05
4.00392e-05
4.00389e-05
4.00385e-05
4.00382e-05
4.00377e-05
4.00372e-05
4.00366e-05
4.00358e-05
4.00348e-05
4.00334e-05
4.00316e-05
4.00295e-05
4.00272e-05
4.00249e-05
4.00224e-05
4.00201e-05
4.00179e-05
4.00152e-05
4.0012e-05
4.0009e-05
4.00057e-05
4.00038e-05
4.0004e-05
4.0007e-05
4.00098e-05
4.00153e-05
4.00151e-05
4.00299e-05
4.0026e-05
0.146505
0.138624
0.123975
0.100789
0.0681538
0.0293146
0.00214426
0.00023989
6.00849e-05
9.6029e-06
2.85625e-05
4.03093e-05
4.10191e-05
4.05386e-05
4.02263e-05
4.01243e-05
4.01051e-05
4.00981e-05
4.00893e-05
4.00796e-05
4.00708e-05
4.00634e-05
4.00571e-05
4.0052e-05
4.00476e-05
4.0044e-05
4.0041e-05
4.00384e-05
4.00363e-05
4.00346e-05
4.00332e-05
4.0032e-05
4.00309e-05
4.00301e-05
4.00293e-05
4.00286e-05
4.0028e-05
4.00275e-05
4.0027e-05
4.00266e-05
4.00261e-05
4.00256e-05
4.00251e-05
4.00246e-05
4.0024e-05
4.00232e-05
4.00223e-05
4.00213e-05
4.00202e-05
4.0019e-05
4.00178e-05
4.00165e-05
4.00153e-05
4.0014e-05
4.00127e-05
4.00111e-05
4.00094e-05
4.00074e-05
4.00053e-05
4.00036e-05
4.00031e-05
4.00039e-05
4.00051e-05
4.00068e-05
4.0009e-05
4.0012e-05
4.00155e-05
4.00191e-05
4.00225e-05
4.00258e-05
4.0029e-05
4.00319e-05
4.00343e-05
4.00354e-05
4.00364e-05
4.00377e-05
4.00423e-05
4.00577e-05
4.00429e-05
4.00248e-05
0.150621
0.152322
0.153515
0.154527
0.152143
0.143067
0.124594
0.0947762
0.0528655
0.0134576
4.02016e-05
9.63298e-06
0
6.99512e-06
3.00044e-05
3.98716e-05
4.09975e-05
4.05952e-05
4.02728e-05
4.01429e-05
4.011e-05
4.01021e-05
4.00947e-05
4.00857e-05
4.00769e-05
4.00694e-05
4.00631e-05
4.0058e-05
4.00537e-05
4.00502e-05
4.00474e-05
4.00452e-05
4.00442e-05
4.00437e-05
4.00432e-05
4.00429e-05
4.00426e-05
4.00423e-05
4.0042e-05
4.00417e-05
4.00414e-05
4.00412e-05
4.0041e-05
4.00409e-05
4.00408e-05
4.00407e-05
4.00406e-05
4.00405e-05
4.00403e-05
4.00402e-05
4.004e-05
4.00397e-05
4.00394e-05
4.00391e-05
4.00387e-05
4.00383e-05
4.00378e-05
4.00371e-05
4.00364e-05
4.00353e-05
4.00339e-05
4.00321e-05
4.00299e-05
4.00276e-05
4.00253e-05
4.00228e-05
4.00204e-05
4.00182e-05
4.00155e-05
4.00123e-05
4.00092e-05
4.00058e-05
4.00038e-05
4.0004e-05
4.0007e-05
4.001e-05
4.00154e-05
4.00153e-05
4.00306e-05
4.00263e-05
0.146267
0.137383
0.122036
0.098672
0.0664195
0.0284353
0.00192015
0.000228545
5.81983e-05
1.2601e-05
3.26249e-05
4.10643e-05
4.09534e-05
4.04631e-05
4.0203e-05
4.01258e-05
4.0111e-05
4.01028e-05
4.00926e-05
4.0082e-05
4.00727e-05
4.00649e-05
4.00583e-05
4.00529e-05
4.00483e-05
4.00445e-05
4.00414e-05
4.00388e-05
4.00366e-05
4.00349e-05
4.00334e-05
4.00322e-05
4.00312e-05
4.00303e-05
4.00296e-05
4.00289e-05
4.00283e-05
4.00278e-05
4.00273e-05
4.00269e-05
4.00264e-05
4.0026e-05
4.00255e-05
4.00249e-05
4.00243e-05
4.00235e-05
4.00226e-05
4.00216e-05
4.00204e-05
4.00192e-05
4.0018e-05
4.00167e-05
4.00154e-05
4.00141e-05
4.00128e-05
4.00113e-05
4.00095e-05
4.00074e-05
4.00053e-05
4.00036e-05
4.00031e-05
4.0004e-05
4.00052e-05
4.00069e-05
4.00092e-05
4.00123e-05
4.00158e-05
4.00195e-05
4.00229e-05
4.00262e-05
4.00295e-05
4.00324e-05
4.00349e-05
4.00358e-05
4.0037e-05
4.00381e-05
4.00433e-05
4.00585e-05
4.00435e-05
4.00255e-05
0.150667
0.153109
0.153996
0.155323
0.154808
0.149322
0.135991
0.112515
0.0770152
0.0330872
0.00423259
0.00103026
0
2.04747e-06
9.05091e-06
3.66113e-05
4.17241e-05
4.09342e-05
4.03355e-05
4.01548e-05
4.01157e-05
4.01076e-05
4.01001e-05
4.00902e-05
4.00805e-05
4.00721e-05
4.00651e-05
4.00594e-05
4.00547e-05
4.00508e-05
4.00477e-05
4.00453e-05
4.00444e-05
4.00439e-05
4.00435e-05
4.00432e-05
4.00429e-05
4.00426e-05
4.00424e-05
4.00421e-05
4.00419e-05
4.00417e-05
4.00415e-05
4.00414e-05
4.00413e-05
4.00412e-05
4.00411e-05
4.0041e-05
4.00409e-05
4.00407e-05
4.00405e-05
4.00403e-05
4.004e-05
4.00396e-05
4.00393e-05
4.00389e-05
4.00383e-05
4.00377e-05
4.00369e-05
4.00359e-05
4.00344e-05
4.00326e-05
4.00304e-05
4.00281e-05
4.00257e-05
4.00231e-05
4.00208e-05
4.00185e-05
4.00158e-05
4.00125e-05
4.00094e-05
4.00059e-05
4.00039e-05
4.00041e-05
4.00069e-05
4.00101e-05
4.00155e-05
4.00154e-05
4.00314e-05
4.00268e-05
0.145207
0.13521
0.11902
0.0952785
0.0632321
0.026259
0.00124671
0.000170553
4.52089e-05
1.6614e-05
3.6334e-05
4.1471e-05
4.08359e-05
4.03917e-05
4.01849e-05
4.01289e-05
4.01167e-05
4.0107e-05
4.00955e-05
4.00842e-05
4.00744e-05
4.00662e-05
4.00593e-05
4.00537e-05
4.00489e-05
4.0045e-05
4.00418e-05
4.00391e-05
4.00369e-05
4.00351e-05
4.00337e-05
4.00325e-05
4.00315e-05
4.00306e-05
4.00298e-05
4.00292e-05
4.00286e-05
4.00281e-05
4.00277e-05
4.00272e-05
4.00268e-05
4.00263e-05
4.00258e-05
4.00252e-05
4.00246e-05
4.00238e-05
4.00229e-05
4.00218e-05
4.00207e-05
4.00195e-05
4.00182e-05
4.00169e-05
4.00156e-05
4.00143e-05
4.00129e-05
4.00114e-05
4.00095e-05
4.00074e-05
4.00053e-05
4.00036e-05
4.00032e-05
4.00041e-05
4.00053e-05
4.00071e-05
4.00095e-05
4.00126e-05
4.00162e-05
4.00199e-05
4.00234e-05
4.00267e-05
4.003e-05
4.00329e-05
4.00354e-05
4.00363e-05
4.00375e-05
4.00386e-05
4.00443e-05
4.00594e-05
4.00441e-05
4.00262e-05
0.149945
0.153436
0.154808
0.155827
0.15638
0.153685
0.144815
0.127215
0.0987709
0.0583974
0.0177036
0.000828509
0.000200966
0
5.96014e-06
2.56327e-05
4.06606e-05
4.14321e-05
4.04883e-05
4.01828e-05
4.01242e-05
4.01131e-05
4.01058e-05
4.00955e-05
4.00846e-05
4.00751e-05
4.00673e-05
4.0061e-05
4.00558e-05
4.00516e-05
4.00481e-05
4.00455e-05
4.00445e-05
4.00441e-05
4.00438e-05
4.00435e-05
4.00433e-05
4.00431e-05
4.00428e-05
4.00426e-05
4.00423e-05
4.00421e-05
4.0042e-05
4.00419e-05
4.00418e-05
4.00417e-05
4.00416e-05
4.00416e-05
4.00414e-05
4.00413e-05
4.00411e-05
4.00409e-05
4.00406e-05
4.00402e-05
4.00399e-05
4.00394e-05
4.00389e-05
4.00383e-05
4.00375e-05
4.00365e-05
4.0035e-05
4.00332e-05
4.00309e-05
4.00286e-05
4.00261e-05
4.00235e-05
4.00212e-05
4.00189e-05
4.00162e-05
4.00128e-05
4.00096e-05
4.00061e-05
4.0004e-05
4.00042e-05
4.00069e-05
4.00103e-05
4.00156e-05
4.00156e-05
4.00322e-05
4.00272e-05
0.143246
0.132045
0.1149
0.0906169
0.058639
0.0227912
0.00562544
8.00893e-05
2.468e-05
2.18289e-05
3.92613e-05
4.15696e-05
4.06913e-05
4.03294e-05
4.01721e-05
4.0133e-05
4.0122e-05
4.01106e-05
4.0098e-05
4.00861e-05
4.00759e-05
4.00673e-05
4.00602e-05
4.00543e-05
4.00494e-05
4.00454e-05
4.00421e-05
4.00394e-05
4.00372e-05
4.00354e-05
4.00339e-05
4.00327e-05
4.00317e-05
4.00309e-05
4.00301e-05
4.00295e-05
4.00289e-05
4.00284e-05
4.0028e-05
4.00276e-05
4.00271e-05
4.00267e-05
4.00262e-05
4.00256e-05
4.00249e-05
4.00241e-05
4.00232e-05
4.00221e-05
4.00209e-05
4.00197e-05
4.00184e-05
4.00171e-05
4.00158e-05
4.00145e-05
4.00131e-05
4.00115e-05
4.00096e-05
4.00075e-05
4.00053e-05
4.00035e-05
4.00032e-05
4.00041e-05
4.00055e-05
4.00072e-05
4.00097e-05
4.00128e-05
4.00165e-05
4.00203e-05
4.00238e-05
4.00272e-05
4.00306e-05
4.00335e-05
4.0036e-05
4.00369e-05
4.00381e-05
4.00391e-05
4.00454e-05
4.00603e-05
4.00447e-05
4.0027e-05
0.148325
0.153076
0.155286
0.156064
0.157077
0.156385
0.151202
0.138847
0.117005
0.0836396
0.0406782
0.00784122
0.00012044
2.89331e-05
0
8.57291e-06
3.58645e-05
4.27179e-05
4.09971e-05
4.01796e-05
4.01132e-05
4.01201e-05
4.01122e-05
4.01011e-05
4.00895e-05
4.00788e-05
4.007e-05
4.00629e-05
4.00571e-05
4.00524e-05
4.00486e-05
4.00457e-05
4.00446e-05
4.00443e-05
4.00441e-05
4.00439e-05
4.00437e-05
4.00435e-05
4.00433e-05
4.0043e-05
4.00428e-05
4.00426e-05
4.00425e-05
4.00424e-05
4.00424e-05
4.00423e-05
4.00422e-05
4.00421e-05
4.0042e-05
4.00419e-05
4.00417e-05
4.00415e-05
4.00412e-05
4.00409e-05
4.00405e-05
4.00401e-05
4.00396e-05
4.00389e-05
4.00381e-05
4.00371e-05
4.00356e-05
4.00337e-05
4.00315e-05
4.00291e-05
4.00266e-05
4.0024e-05
4.00216e-05
4.00193e-05
4.00165e-05
4.00131e-05
4.00098e-05
4.00062e-05
4.00041e-05
4.00042e-05
4.00069e-05
4.00104e-05
4.00157e-05
4.00157e-05
4.0033e-05
4.00277e-05
0.140282
0.127809
0.109627
0.0846539
0.0528389
0.0191475
0.00151483
0.00037433
1.26167e-05
2.64858e-05
4.12245e-05
4.14289e-05
4.05466e-05
4.02798e-05
4.01646e-05
4.01379e-05
4.01266e-05
4.01136e-05
4.01e-05
4.00876e-05
4.00771e-05
4.00683e-05
4.0061e-05
4.00549e-05
4.00499e-05
4.00457e-05
4.00424e-05
4.00396e-05
4.00374e-05
4.00356e-05
4.00342e-05
4.0033e-05
4.0032e-05
4.00311e-05
4.00304e-05
4.00298e-05
4.00292e-05
4.00288e-05
4.00284e-05
4.00279e-05
4.00275e-05
4.0027e-05
4.00265e-05
4.00259e-05
4.00252e-05
4.00244e-05
4.00235e-05
4.00224e-05
4.00212e-05
4.00199e-05
4.00186e-05
4.00173e-05
4.0016e-05
4.00146e-05
4.00132e-05
4.00116e-05
4.00097e-05
4.00075e-05
4.00052e-05
4.00035e-05
4.00033e-05
4.00042e-05
4.00056e-05
4.00074e-05
4.00099e-05
4.00131e-05
4.00169e-05
4.00207e-05
4.00243e-05
4.00278e-05
4.00311e-05
4.00341e-05
4.00365e-05
4.00374e-05
4.00387e-05
4.00397e-05
4.00465e-05
4.00612e-05
4.00453e-05
4.00278e-05
0.14567
0.151845
0.155255
0.156604
0.15738
0.157799
0.155419
0.14753
0.131634
0.105534
0.0676884
0.0257778
0.00317986
0.000772473
0
1.99262e-06
8.78457e-06
3.88805e-05
4.25767e-05
4.06333e-05
4.00781e-05
4.01072e-05
4.01236e-05
4.01093e-05
4.00945e-05
4.00828e-05
4.00732e-05
4.00651e-05
4.00586e-05
4.00534e-05
4.00492e-05
4.0046e-05
4.00448e-05
4.00445e-05
4.00444e-05
4.00442e-05
4.00441e-05
4.00439e-05
4.00437e-05
4.00435e-05
4.00433e-05
4.00432e-05
4.0043e-05
4.0043e-05
4.00429e-05
4.00429e-05
4.00428e-05
4.00427e-05
4.00426e-05
4.00425e-05
4.00423e-05
4.00421e-05
4.00418e-05
4.00415e-05
4.00411e-05
4.00407e-05
4.00402e-05
4.00396e-05
4.00388e-05
4.00377e-05
4.00363e-05
4.00344e-05
4.00321e-05
4.00296e-05
4.00271e-05
4.00244e-05
4.0022e-05
4.00197e-05
4.00169e-05
4.00134e-05
4.00101e-05
4.00063e-05
4.00041e-05
4.00043e-05
4.00069e-05
4.00105e-05
4.00159e-05
4.00159e-05
4.0034e-05
4.00283e-05
0.136212
0.122421
0.103158
0.0775221
0.0460558
0.0150574
0.00102071
0.000252367
7.91936e-06
3.29119e-05
4.21627e-05
4.11332e-05
4.04242e-05
4.02437e-05
4.01616e-05
4.01428e-05
4.01304e-05
4.01159e-05
4.01015e-05
4.00888e-05
4.0078e-05
4.0069e-05
4.00615e-05
4.00553e-05
4.00502e-05
4.0046e-05
4.00426e-05
4.00398e-05
4.00376e-05
4.00358e-05
4.00344e-05
4.00332e-05
4.00322e-05
4.00314e-05
4.00307e-05
4.00301e-05
4.00296e-05
4.00291e-05
4.00287e-05
4.00283e-05
4.00279e-05
4.00274e-05
4.00269e-05
4.00263e-05
4.00256e-05
4.00247e-05
4.00238e-05
4.00227e-05
4.00214e-05
4.00202e-05
4.00188e-05
4.00175e-05
4.00162e-05
4.00148e-05
4.00134e-05
4.00117e-05
4.00097e-05
4.00075e-05
4.00052e-05
4.00035e-05
4.00033e-05
4.00043e-05
4.00057e-05
4.00076e-05
4.00102e-05
4.00135e-05
4.00173e-05
4.00212e-05
4.00249e-05
4.00284e-05
4.00317e-05
4.00347e-05
4.00372e-05
4.0038e-05
4.00393e-05
4.00403e-05
4.00477e-05
4.00622e-05
4.0046e-05
4.00286e-05
0.141848
0.149559
0.15443
0.156814
0.15764
0.158399
0.157879
0.15355
0.142823
0.123344
0.0929632
0.0519278
0.0148591
0.000418213
0.000100746
0
5.2789e-06
2.26049e-05
4.1338e-05
4.18718e-05
4.03052e-05
4.00414e-05
4.01032e-05
4.01182e-05
4.0104e-05
4.00882e-05
4.00764e-05
4.00676e-05
4.00605e-05
4.00547e-05
4.005e-05
4.00463e-05
4.00449e-05
4.00447e-05
4.00446e-05
4.00446e-05
4.00445e-05
4.00444e-05
4.00442e-05
4.00441e-05
4.00439e-05
4.00437e-05
4.00436e-05
4.00435e-05
4.00435e-05
4.00435e-05
4.00434e-05
4.00434e-05
4.00433e-05
4.00432e-05
4.0043e-05
4.00428e-05
4.00425e-05
4.00422e-05
4.00418e-05
4.00414e-05
4.00409e-05
4.00403e-05
4.00395e-05
4.00384e-05
4.00369e-05
4.0035e-05
4.00327e-05
4.00302e-05
4.00276e-05
4.00249e-05
4.00224e-05
4.00201e-05
4.00173e-05
4.00137e-05
4.00103e-05
4.00065e-05
4.00042e-05
4.00043e-05
4.00069e-05
4.00107e-05
4.0016e-05
4.00161e-05
4.00349e-05
4.0029e-05
0.130933
0.115814
0.095464
0.0692148
0.0383948
0.0107459
0.000128292
3.25666e-05
1.70883e-05
3.86632e-05
4.23362e-05
4.07909e-05
4.03362e-05
4.02197e-05
4.01619e-05
4.01474e-05
4.01333e-05
4.01175e-05
4.01025e-05
4.00895e-05
4.00786e-05
4.00695e-05
4.00619e-05
4.00556e-05
4.00504e-05
4.00462e-05
4.00428e-05
4.004e-05
4.00378e-05
4.0036e-05
4.00346e-05
4.00334e-05
4.00325e-05
4.00317e-05
4.0031e-05
4.00304e-05
4.00299e-05
4.00295e-05
4.00291e-05
4.00287e-05
4.00283e-05
4.00278e-05
4.00273e-05
4.00267e-05
4.00259e-05
4.00251e-05
4.00241e-05
4.0023e-05
4.00217e-05
4.00204e-05
4.00191e-05
4.00177e-05
4.00164e-05
4.0015e-05
4.00135e-05
4.00118e-05
4.00098e-05
4.00075e-05
4.00052e-05
4.00035e-05
4.00034e-05
4.00045e-05
4.00059e-05
4.00078e-05
4.00105e-05
4.00138e-05
4.00177e-05
4.00217e-05
4.00254e-05
4.0029e-05
4.00324e-05
4.00354e-05
4.00378e-05
4.00386e-05
4.00399e-05
4.00409e-05
4.0049e-05
4.00632e-05
4.00467e-05
4.00295e-05
0.136735
0.146045
0.152552
0.156343
0.157934
0.158483
0.158951
0.15725
0.150822
0.137189
0.11408
0.0795891
0.0377618
0.007239
0.00179984
0
0
7.32159e-06
3.05535e-05
4.2121e-05
4.12024e-05
4.01797e-05
4.01006e-05
4.01144e-05
4.01043e-05
4.00943e-05
4.00824e-05
4.0071e-05
4.00625e-05
4.00562e-05
4.0051e-05
4.00468e-05
4.00451e-05
4.00448e-05
4.00449e-05
4.00449e-05
4.00449e-05
4.00448e-05
4.00447e-05
4.00446e-05
4.00444e-05
4.00443e-05
4.00442e-05
4.00441e-05
4.00441e-05
4.00441e-05
4.00441e-05
4.0044e-05
4.00439e-05
4.00438e-05
4.00437e-05
4.00435e-05
4.00432e-05
4.00429e-05
4.00425e-05
4.00421e-05
4.00416e-05
4.0041e-05
4.00402e-05
4.00391e-05
4.00376e-05
4.00357e-05
4.00333e-05
4.00308e-05
4.00282e-05
4.00254e-05
4.00229e-05
4.00206e-05
4.00177e-05
4.0014e-05
4.00106e-05
4.00067e-05
4.00043e-05
4.00044e-05
4.00069e-05
4.00108e-05
4.00162e-05
4.00162e-05
4.00359e-05
4.00297e-05
0.124352
0.107919
0.0865148
0.059786
0.0301066
0.00667948
7.84143e-05
5.60242e-05
3.24882e-06
4.26571e-05
4.18815e-05
4.05001e-05
4.02831e-05
4.0205e-05
4.01642e-05
4.01512e-05
4.01351e-05
4.01183e-05
4.01031e-05
4.00899e-05
4.00789e-05
4.00697e-05
4.00621e-05
4.00557e-05
4.00505e-05
4.00463e-05
4.00429e-05
4.00401e-05
4.00379e-05
4.00362e-05
4.00348e-05
4.00337e-05
4.00328e-05
4.0032e-05
4.00313e-05
4.00307e-05
4.00303e-05
4.00299e-05
4.00295e-05
4.00291e-05
4.00287e-05
4.00282e-05
4.00277e-05
4.0027e-05
4.00263e-05
4.00254e-05
4.00244e-05
4.00233e-05
4.0022e-05
4.00207e-05
4.00193e-05
4.00179e-05
4.00166e-05
4.00152e-05
4.00137e-05
4.00119e-05
4.00099e-05
4.00075e-05
4.00052e-05
4.00035e-05
4.00034e-05
4.00046e-05
4.00061e-05
4.0008e-05
4.00108e-05
4.00142e-05
4.00181e-05
4.00222e-05
4.0026e-05
4.00296e-05
4.00331e-05
4.00361e-05
4.00385e-05
4.00393e-05
4.00406e-05
4.00416e-05
4.00504e-05
4.00643e-05
4.00474e-05
4.00304e-05
0.130202
0.14113
0.149377
0.154846
0.157742
0.158778
0.15932
0.15916
0.156009
0.147323
0.130692
0.103872
0.0659707
0.0254809
0.00354781
0.00086135
0
0
8.73119e-06
3.61596e-05
4.23299e-05
4.04016e-05
3.99242e-05
4.01315e-05
4.01461e-05
4.0097e-05
4.00808e-05
4.00748e-05
4.00662e-05
4.00581e-05
4.00521e-05
4.00475e-05
4.00453e-05
4.0045e-05
4.00451e-05
4.00453e-05
4.00454e-05
4.00453e-05
4.00453e-05
4.00452e-05
4.0045e-05
4.00449e-05
4.00448e-05
4.00448e-05
4.00448e-05
4.00448e-05
4.00447e-05
4.00447e-05
4.00447e-05
4.00446e-05
4.00444e-05
4.00442e-05
4.0044e-05
4.00437e-05
4.00433e-05
4.00429e-05
4.00424e-05
4.00417e-05
4.00409e-05
4.00399e-05
4.00384e-05
4.00364e-05
4.0034e-05
4.00314e-05
4.00287e-05
4.00259e-05
4.00234e-05
4.0021e-05
4.00181e-05
4.00144e-05
4.00109e-05
4.00069e-05
4.00044e-05
4.00044e-05
4.00068e-05
4.0011e-05
4.00163e-05
4.00164e-05
4.0037e-05
4.00304e-05
0.116376
0.0986787
0.0763107
0.0493806
0.021618
0.00321622
0.000802725
3.08191e-05
1.66083e-05
4.46271e-05
4.11269e-05
4.03236e-05
4.02554e-05
4.01968e-05
4.01673e-05
4.01536e-05
4.01358e-05
4.01185e-05
4.01031e-05
4.00899e-05
4.00789e-05
4.00697e-05
4.0062e-05
4.00557e-05
4.00505e-05
4.00463e-05
4.00429e-05
4.00402e-05
4.00381e-05
4.00363e-05
4.0035e-05
4.00339e-05
4.0033e-05
4.00323e-05
4.00316e-05
4.00311e-05
4.00306e-05
4.00303e-05
4.00299e-05
4.00295e-05
4.00291e-05
4.00286e-05
4.00281e-05
4.00274e-05
4.00267e-05
4.00258e-05
4.00247e-05
4.00236e-05
4.00223e-05
4.00209e-05
4.00195e-05
4.00182e-05
4.00168e-05
4.00154e-05
4.00138e-05
4.00121e-05
4.00099e-05
4.00075e-05
4.00051e-05
4.00034e-05
4.00035e-05
4.00047e-05
4.00062e-05
4.00083e-05
4.00111e-05
4.00146e-05
4.00186e-05
4.00228e-05
4.00267e-05
4.00303e-05
4.00338e-05
4.00368e-05
4.00392e-05
4.004e-05
4.00413e-05
4.00424e-05
4.00518e-05
4.00655e-05
4.00481e-05
4.00313e-05
0.122236
0.134774
0.14482
0.152147
0.156726
0.158891
0.159524
0.159944
0.159006
0.154309
0.143332
0.1237
0.0932971
0.0529932
0.0162349
0.000307236
7.49056e-05
0
3.09016e-06
1.35918e-05
4.05168e-05
4.39126e-05
4.05983e-05
3.97236e-05
4.00419e-05
4.01607e-05
4.01088e-05
4.00735e-05
4.00657e-05
4.00606e-05
4.0054e-05
4.00484e-05
4.00455e-05
4.0045e-05
4.00453e-05
4.00456e-05
4.00457e-05
4.00458e-05
4.00458e-05
4.00457e-05
4.00456e-05
4.00455e-05
4.00454e-05
4.00454e-05
4.00454e-05
4.00454e-05
4.00454e-05
4.00454e-05
4.00454e-05
4.00453e-05
4.00452e-05
4.0045e-05
4.00448e-05
4.00444e-05
4.00441e-05
4.00437e-05
4.00432e-05
4.00425e-05
4.00417e-05
4.00406e-05
4.00391e-05
4.00371e-05
4.00347e-05
4.00321e-05
4.00294e-05
4.00265e-05
4.00239e-05
4.00215e-05
4.00186e-05
4.00147e-05
4.00112e-05
4.00071e-05
4.00045e-05
4.00045e-05
4.00068e-05
4.00111e-05
4.00165e-05
4.00166e-05
4.00382e-05
4.00313e-05
0.107001
0.0880842
0.0648287
0.0380092
0.013123
0.000474733
0.000121171
1.55615e-05
3.1756e-05
4.46165e-05
4.03481e-05
4.02731e-05
4.02384e-05
4.01928e-05
4.01701e-05
4.01546e-05
4.01355e-05
4.01179e-05
4.01026e-05
4.00895e-05
4.00786e-05
4.00694e-05
4.00618e-05
4.00556e-05
4.00504e-05
4.00463e-05
4.00429e-05
4.00403e-05
4.00381e-05
4.00365e-05
4.00352e-05
4.00341e-05
4.00333e-05
4.00326e-05
4.0032e-05
4.00314e-05
4.0031e-05
4.00307e-05
4.00303e-05
4.00299e-05
4.00295e-05
4.0029e-05
4.00285e-05
4.00279e-05
4.00271e-05
4.00261e-05
4.00251e-05
4.00239e-05
4.00226e-05
4.00212e-05
4.00198e-05
4.00184e-05
4.0017e-05
4.00156e-05
4.0014e-05
4.00122e-05
4.001e-05
4.00075e-05
4.00051e-05
4.00034e-05
4.00036e-05
4.00048e-05
4.00064e-05
4.00085e-05
4.00114e-05
4.0015e-05
4.00191e-05
4.00234e-05
4.00273e-05
4.0031e-05
4.00345e-05
4.00376e-05
4.00399e-05
4.00407e-05
4.0042e-05
4.00432e-05
4.00533e-05
4.00667e-05
4.00488e-05
4.00323e-05
0.109351
0.123879
0.136222
0.146061
0.153175
0.157558
0.159563
0.160055
0.160249
0.158795
0.153318
0.141327
0.120456
0.0889701
0.0496555
0.015757
6.42203e-05
2.81701e-05
0
1.81928e-07
8.14975e-06
3.26333e-05
4.37408e-05
4.18932e-05
3.9885e-05
3.98258e-05
4.00944e-05
4.01276e-05
4.00815e-05
4.00602e-05
4.0055e-05
4.00503e-05
4.00461e-05
4.0045e-05
4.00454e-05
4.00459e-05
4.00462e-05
4.00463e-05
4.00464e-05
4.00464e-05
4.00463e-05
4.00463e-05
4.00462e-05
4.00462e-05
4.00462e-05
4.00463e-05
4.00463e-05
4.00463e-05
4.00463e-05
4.00462e-05
4.00461e-05
4.0046e-05
4.00457e-05
4.00454e-05
4.00451e-05
4.00447e-05
4.00442e-05
4.00435e-05
4.00427e-05
4.00416e-05
4.00401e-05
4.00381e-05
4.00356e-05
4.00329e-05
4.00301e-05
4.00271e-05
4.00245e-05
4.00221e-05
4.00192e-05
4.00152e-05
4.00115e-05
4.00073e-05
4.00047e-05
4.00046e-05
4.00068e-05
4.00113e-05
4.00167e-05
4.00167e-05
4.00394e-05
4.00322e-05
0.092411
0.072101
0.0481949
0.0232581
0.00491549
0.00123891
3.89168e-06
1.63517e-05
4.30529e-05
4.26687e-05
3.98912e-05
4.0312e-05
4.02174e-05
4.0192e-05
4.01715e-05
4.01534e-05
4.01336e-05
4.01162e-05
4.01011e-05
4.00884e-05
4.00777e-05
4.00687e-05
4.00613e-05
4.00551e-05
4.00501e-05
4.00461e-05
4.00429e-05
4.00403e-05
4.00383e-05
4.00367e-05
4.00354e-05
4.00344e-05
4.00336e-05
4.0033e-05
4.00324e-05
4.00319e-05
4.00316e-05
4.00312e-05
4.00309e-05
4.00305e-05
4.00301e-05
4.00296e-05
4.00291e-05
4.00284e-05
4.00276e-05
4.00266e-05
4.00255e-05
4.00243e-05
4.0023e-05
4.00216e-05
4.00201e-05
4.00187e-05
4.00173e-05
4.00159e-05
4.00142e-05
4.00123e-05
4.00101e-05
4.00075e-05
4.0005e-05
4.00034e-05
4.00037e-05
4.0005e-05
4.00066e-05
4.00088e-05
4.00118e-05
4.00155e-05
4.00197e-05
4.00242e-05
4.00281e-05
4.00318e-05
4.00354e-05
4.00385e-05
4.00408e-05
4.00416e-05
4.00429e-05
4.00441e-05
4.0055e-05
4.0068e-05
4.00496e-05
4.00334e-05
0.0904018
0.107127
0.122084
0.134904
0.14524
0.152836
0.157636
0.159939
0.160585
0.160684
0.159315
0.154178
0.142754
0.122598
0.0920068
0.0538235
0.0192972
0.00130763
0.000348123
0
0
5.23387e-06
2.09052e-05
4.16969e-05
4.33742e-05
4.04996e-05
3.96971e-05
3.99676e-05
4.01118e-05
4.00887e-05
4.0059e-05
4.00508e-05
4.00474e-05
4.00455e-05
4.00454e-05
4.00461e-05
4.00467e-05
4.0047e-05
4.00472e-05
4.00473e-05
4.00473e-05
4.00472e-05
4.00472e-05
4.00472e-05
4.00473e-05
4.00473e-05
4.00474e-05
4.00474e-05
4.00474e-05
4.00474e-05
4.00473e-05
4.00472e-05
4.0047e-05
4.00467e-05
4.00463e-05
4.00459e-05
4.00454e-05
4.00448e-05
4.0044e-05
4.00429e-05
4.00413e-05
4.00393e-05
4.00367e-05
4.00339e-05
4.0031e-05
4.0028e-05
4.00253e-05
4.00229e-05
4.00199e-05
4.00158e-05
4.0012e-05
4.00076e-05
4.00048e-05
4.00046e-05
4.00068e-05
4.00114e-05
4.00169e-05
4.00168e-05
4.00407e-05
4.00332e-05
0.0716744
0.0502384
0.0272914
0.00840191
0.000112608
2.83427e-05
7.14148e-06
2.95275e-05
4.5383e-05
4.03799e-05
3.99752e-05
4.03304e-05
4.01964e-05
4.01921e-05
4.01693e-05
4.01493e-05
4.01297e-05
4.01129e-05
4.00985e-05
4.00863e-05
4.0076e-05
4.00674e-05
4.00603e-05
4.00544e-05
4.00496e-05
4.00458e-05
4.00427e-05
4.00403e-05
4.00384e-05
4.00369e-05
4.00357e-05
4.00348e-05
4.00341e-05
4.00335e-05
4.0033e-05
4.00326e-05
4.00322e-05
4.00319e-05
4.00316e-05
4.00312e-05
4.00308e-05
4.00303e-05
4.00298e-05
4.00291e-05
4.00282e-05
4.00273e-05
4.00261e-05
4.00248e-05
4.00235e-05
4.0022e-05
4.00206e-05
4.00191e-05
4.00177e-05
4.00162e-05
4.00145e-05
4.00125e-05
4.00102e-05
4.00075e-05
4.00049e-05
4.00034e-05
4.00038e-05
4.00052e-05
4.00069e-05
4.00092e-05
4.00123e-05
4.00161e-05
4.00205e-05
4.00251e-05
4.00291e-05
4.00329e-05
4.00365e-05
4.00396e-05
4.00419e-05
4.00426e-05
4.00439e-05
4.00453e-05
4.00571e-05
4.00696e-05
4.00504e-05
4.00346e-05
0.0681147
0.086704
0.103985
0.119554
0.133016
0.143996
0.152202
0.157539
0.160264
0.161137
0.161205
0.160007
0.155291
0.144443
0.124838
0.0948785
0.0572674
0.0221791
0.0026903
0.000702743
0
0
2.2646e-06
8.70438e-06
3.70425e-05
4.40927e-05
4.13755e-05
3.98314e-05
3.98846e-05
4.00776e-05
4.00862e-05
4.00564e-05
4.0046e-05
4.00451e-05
4.00458e-05
4.00466e-05
4.00473e-05
4.00477e-05
4.0048e-05
4.00482e-05
4.00483e-05
4.00483e-05
4.00483e-05
4.00484e-05
4.00484e-05
4.00485e-05
4.00486e-05
4.00486e-05
4.00487e-05
4.00487e-05
4.00486e-05
4.00485e-05
4.00483e-05
4.0048e-05
4.00476e-05
4.00472e-05
4.00467e-05
4.00461e-05
4.00452e-05
4.00441e-05
4.00426e-05
4.00405e-05
4.00379e-05
4.0035e-05
4.0032e-05
4.00288e-05
4.00261e-05
4.00236e-05
4.00206e-05
4.00164e-05
4.00124e-05
4.00079e-05
4.0005e-05
4.00047e-05
4.00068e-05
4.00116e-05
4.00172e-05
4.0017e-05
4.00421e-05
4.00343e-05
0.0481918
0.0273371
0.00962877
0.000723014
0.000182841
5.0558e-06
2.11761e-05
4.4317e-05
4.24724e-05
3.9593e-05
4.02467e-05
4.02828e-05
4.01884e-05
4.01887e-05
4.0163e-05
4.0143e-05
4.01244e-05
4.01086e-05
4.0095e-05
4.00835e-05
4.00738e-05
4.00657e-05
4.00589e-05
4.00534e-05
4.00489e-05
4.00453e-05
4.00425e-05
4.00402e-05
4.00385e-05
4.00371e-05
4.00361e-05
4.00353e-05
4.00346e-05
4.00341e-05
4.00336e-05
4.00332e-05
4.00329e-05
4.00326e-05
4.00323e-05
4.0032e-05
4.00316e-05
4.00311e-05
4.00305e-05
4.00298e-05
4.00289e-05
4.00279e-05
4.00267e-05
4.00254e-05
4.00239e-05
4.00225e-05
4.0021e-05
4.00195e-05
4.0018e-05
4.00165e-05
4.00147e-05
4.00127e-05
4.00102e-05
4.00074e-05
4.00048e-05
4.00034e-05
4.0004e-05
4.00055e-05
4.00073e-05
4.00097e-05
4.00129e-05
4.00168e-05
4.00213e-05
4.00261e-05
4.00302e-05
4.0034e-05
4.00376e-05
4.00408e-05
4.0043e-05
4.00437e-05
4.00449e-05
4.00466e-05
4.00592e-05
4.00712e-05
4.00513e-05
4.00358e-05
0.0430776
0.062796
0.082004
0.0999907
0.116312
0.130553
0.142311
0.15126
0.157259
0.160497
0.161648
0.161708
0.160684
0.156361
0.146006
0.126925
0.097596
0.0603925
0.0248374
0.00410288
0.0010644
0
0
2.23394e-07
5.24478e-07
3.28622e-05
4.32078e-05
4.18674e-05
4.0024e-05
3.98638e-05
4.00528e-05
4.00866e-05
4.00589e-05
4.0045e-05
4.0044e-05
4.00458e-05
4.00475e-05
4.00485e-05
4.00489e-05
4.00491e-05
4.00493e-05
4.00494e-05
4.00494e-05
4.00495e-05
4.00496e-05
4.00497e-05
4.00498e-05
4.00499e-05
4.005e-05
4.005e-05
4.00499e-05
4.00498e-05
4.00496e-05
4.00494e-05
4.0049e-05
4.00486e-05
4.00481e-05
4.00474e-05
4.00466e-05
4.00455e-05
4.00439e-05
4.00418e-05
4.00391e-05
4.00361e-05
4.0033e-05
4.00298e-05
4.00269e-05
4.00244e-05
4.00213e-05
4.0017e-05
4.00129e-05
4.00083e-05
4.00052e-05
4.00048e-05
4.00068e-05
4.00117e-05
4.00174e-05
4.00171e-05
4.00435e-05
4.00355e-05
0.0240028
0.00860921
0.000824152
0.000211148
0
8.59087e-06
3.54702e-05
4.56253e-05
3.98697e-05
3.99042e-05
4.03526e-05
4.02221e-05
4.01888e-05
4.01796e-05
4.01541e-05
4.01353e-05
4.01181e-05
4.01035e-05
4.00909e-05
4.00802e-05
4.00712e-05
4.00636e-05
4.00574e-05
4.00523e-05
4.00481e-05
4.00448e-05
4.00422e-05
4.00402e-05
4.00386e-05
4.00374e-05
4.00364e-05
4.00357e-05
4.00351e-05
4.00346e-05
4.00343e-05
4.00339e-05
4.00337e-05
4.00334e-05
4.00331e-05
4.00328e-05
4.00323e-05
4.00318e-05
4.00312e-05
4.00305e-05
4.00296e-05
4.00285e-05
4.00272e-05
4.00259e-05
4.00244e-05
4.00229e-05
4.00214e-05
4.00199e-05
4.00184e-05
4.00168e-05
4.0015e-05
4.00128e-05
4.00102e-05
4.00073e-05
4.00047e-05
4.00034e-05
4.00042e-05
4.00058e-05
4.00076e-05
4.00101e-05
4.00135e-05
4.00175e-05
4.00222e-05
4.00271e-05
4.00313e-05
4.00352e-05
4.00388e-05
4.0042e-05
4.00441e-05
4.00448e-05
4.00459e-05
4.0048e-05
4.00615e-05
4.00728e-05
4.00521e-05
4.00369e-05
0.0183766
0.036307
0.0563746
0.0763174
0.0951575
0.112376
0.12753
0.140195
0.150006
0.156767
0.160593
0.162065
0.162127
0.161265
0.157305
0.147434
0.12891
0.100146
0.0632279
0.0272872
0.00547842
0.00141631
1.52522e-06
0
6.13771e-09
7.30334e-06
2.97938e-05
4.24796e-05
4.20545e-05
4.01514e-05
3.98319e-05
4.00049e-05
4.00648e-05
4.0055e-05
4.00484e-05
4.00479e-05
4.0048e-05
4.00487e-05
4.00495e-05
4.00501e-05
4.00503e-05
4.00505e-05
4.00506e-05
4.00507e-05
4.00508e-05
4.0051e-05
4.00511e-05
4.00512e-05
4.00513e-05
4.00514e-05
4.00513e-05
4.00513e-05
4.00511e-05
4.00508e-05
4.00505e-05
4.005e-05
4.00495e-05
4.00489e-05
4.0048e-05
4.00469e-05
4.00453e-05
4.00431e-05
4.00404e-05
4.00373e-05
4.00341e-05
4.00307e-05
4.00278e-05
4.00252e-05
4.00222e-05
4.00177e-05
4.00135e-05
4.00086e-05
4.00054e-05
4.00048e-05
4.00068e-05
4.00118e-05
4.00177e-05
4.00172e-05
4.0045e-05
4.00368e-05
0.00585032
0.00034812
9.11167e-05
0
6.38901e-06
2.64142e-05
4.48061e-05
4.18387e-05
3.94237e-05
4.02997e-05
4.02939e-05
4.01908e-05
4.01858e-05
4.01662e-05
4.01438e-05
4.01266e-05
4.0111e-05
4.00977e-05
4.00862e-05
4.00764e-05
4.00682e-05
4.00613e-05
4.00556e-05
4.0051e-05
4.00472e-05
4.00442e-05
4.00419e-05
4.00401e-05
4.00387e-05
4.00376e-05
4.00368e-05
4.00362e-05
4.00357e-05
4.00353e-05
4.00349e-05
4.00347e-05
4.00345e-05
4.00342e-05
4.00339e-05
4.00336e-05
4.00331e-05
4.00326e-05
4.0032e-05
4.00312e-05
4.00302e-05
4.00291e-05
4.00278e-05
4.00264e-05
4.00249e-05
4.00233e-05
4.00218e-05
4.00203e-05
4.00187e-05
4.00171e-05
4.00152e-05
4.00129e-05
4.00102e-05
4.00072e-05
4.00046e-05
4.00034e-05
4.00044e-05
4.00061e-05
4.0008e-05
4.00107e-05
4.00142e-05
4.00183e-05
4.00232e-05
4.00282e-05
4.00325e-05
4.00364e-05
4.00401e-05
4.00433e-05
4.00453e-05
4.0046e-05
4.00471e-05
4.00496e-05
4.00639e-05
4.00746e-05
4.00529e-05
4.00381e-05
0.00321224
0.0126351
0.0290755
0.049105
0.0697575
0.0895497
0.107782
0.123966
0.137643
0.148409
0.156009
0.16048
0.1623
0.162367
0.161645
0.158039
0.148664
0.130693
0.102417
0.0657229
0.0294555
0.00679232
0.000152358
4.03237e-05
0
0
6.69448e-06
2.73285e-05
4.1849e-05
4.22487e-05
4.03634e-05
3.99328e-05
4.00364e-05
4.00546e-05
4.00345e-05
4.00382e-05
4.00477e-05
4.00507e-05
4.00507e-05
4.00509e-05
4.00513e-05
4.00516e-05
4.00518e-05
4.00519e-05
4.00521e-05
4.00523e-05
4.00525e-05
4.00526e-05
4.00527e-05
4.00528e-05
4.00528e-05
4.00527e-05
4.00526e-05
4.00523e-05
4.0052e-05
4.00516e-05
4.0051e-05
4.00504e-05
4.00495e-05
4.00484e-05
4.00468e-05
4.00446e-05
4.00418e-05
4.00385e-05
4.00353e-05
4.00318e-05
4.00287e-05
4.00261e-05
4.0023e-05
4.00184e-05
4.0014e-05
4.00091e-05
4.00056e-05
4.00049e-05
4.00068e-05
4.0012e-05
4.0018e-05
4.00173e-05
4.00465e-05
4.00382e-05
9.53618e-05
2.53209e-05
0
4.07724e-06
1.68025e-05
4.261e-05
4.31098e-05
3.97817e-05
3.99597e-05
4.03744e-05
4.02132e-05
4.01827e-05
4.01742e-05
4.01515e-05
4.01328e-05
4.01173e-05
4.01034e-05
4.00914e-05
4.00811e-05
4.00724e-05
4.0065e-05
4.00588e-05
4.00537e-05
4.00496e-05
4.00463e-05
4.00436e-05
4.00416e-05
4.004e-05
4.00388e-05
4.00379e-05
4.00372e-05
4.00367e-05
4.00363e-05
4.00359e-05
4.00357e-05
4.00355e-05
4.00353e-05
4.0035e-05
4.00348e-05
4.00344e-05
4.0034e-05
4.00334e-05
4.00328e-05
4.00319e-05
4.00309e-05
4.00297e-05
4.00284e-05
4.00269e-05
4.00254e-05
4.00238e-05
4.00222e-05
4.00207e-05
4.00191e-05
4.00174e-05
4.00154e-05
4.0013e-05
4.00102e-05
4.00071e-05
4.00045e-05
4.00035e-05
4.00047e-05
4.00064e-05
4.00085e-05
4.00112e-05
4.00149e-05
4.00192e-05
4.00242e-05
4.00294e-05
4.00338e-05
4.00377e-05
4.00415e-05
4.00446e-05
4.00466e-05
4.00472e-05
4.00482e-05
4.00513e-05
4.00664e-05
4.00763e-05
4.00536e-05
4.00393e-05
0.000269182
0.00107959
0.00758015
0.0216951
0.0411515
0.0623861
0.083204
0.102585
0.119939
0.134765
0.146614
0.155165
0.160371
0.162623
0.162857
0.162189
0.158843
0.149889
0.132377
0.104469
0.0678846
0.0314227
0.00774139
0.000280206
7.44506e-05
0
0
6.27059e-06
2.56271e-05
4.11793e-05
4.19157e-05
4.00274e-05
3.98006e-05
4.0091e-05
4.01329e-05
4.00651e-05
4.00388e-05
4.00444e-05
4.00507e-05
4.00523e-05
4.00525e-05
4.00527e-05
4.0053e-05
4.00532e-05
4.00534e-05
4.00536e-05
4.00538e-05
4.0054e-05
4.00542e-05
4.00543e-05
4.00543e-05
4.00543e-05
4.00541e-05
4.00539e-05
4.00536e-05
4.00531e-05
4.00526e-05
4.00519e-05
4.00511e-05
4.00499e-05
4.00483e-05
4.00461e-05
4.00432e-05
4.00399e-05
4.00365e-05
4.00329e-05
4.00296e-05
4.0027e-05
4.00239e-05
4.00192e-05
4.00146e-05
4.00095e-05
4.00058e-05
4.0005e-05
4.00068e-05
4.00121e-05
4.00183e-05
4.00174e-05
4.00481e-05
4.00396e-05
2.86378e-07
0
3.35384e-06
1.37307e-05
3.99798e-05
4.35317e-05
4.03763e-05
3.97902e-05
4.02994e-05
4.02756e-05
4.01771e-05
4.01753e-05
4.01571e-05
4.01372e-05
4.01216e-05
4.01078e-05
4.00955e-05
4.0085e-05
4.00759e-05
4.00682e-05
4.00617e-05
4.00562e-05
4.00518e-05
4.00482e-05
4.00453e-05
4.00431e-05
4.00413e-05
4.004e-05
4.0039e-05
4.00382e-05
4.00377e-05
4.00372e-05
4.00369e-05
4.00366e-05
4.00364e-05
4.00363e-05
4.00361e-05
4.00359e-05
4.00356e-05
4.00353e-05
4.00348e-05
4.00343e-05
4.00335e-05
4.00327e-05
4.00316e-05
4.00304e-05
4.0029e-05
4.00274e-05
4.00258e-05
4.00242e-05
4.00226e-05
4.00211e-05
4.00195e-05
4.00177e-05
4.00156e-05
4.00131e-05
4.00101e-05
4.00069e-05
4.00043e-05
4.00036e-05
4.0005e-05
4.00068e-05
4.00089e-05
4.00118e-05
4.00156e-05
4.00201e-05
4.00253e-05
4.00307e-05
4.00351e-05
4.00391e-05
4.00429e-05
4.0046e-05
4.00479e-05
4.00485e-05
4.00495e-05
4.00531e-05
4.00691e-05
4.00781e-05
4.00543e-05
4.00404e-05
0
3.22881e-06
0.000948667
0.00384858
0.0149504
0.0329559
0.0543368
0.0760186
0.0964508
0.114877
0.130766
0.143642
0.153141
0.159147
0.161988
0.162598
0.162072
0.159059
0.150594
0.133598
0.106099
0.0698046
0.0331994
0.00936574
0.000543253
0.00013371
0
0
6.19402e-06
2.53907e-05
4.34737e-05
4.36638e-05
4.01897e-05
3.93411e-05
3.97921e-05
4.00741e-05
4.00876e-05
4.0056e-05
4.00486e-05
4.00514e-05
4.00534e-05
4.00539e-05
4.00542e-05
4.00545e-05
4.00548e-05
4.0055e-05
4.00553e-05
4.00555e-05
4.00557e-05
4.00559e-05
4.0056e-05
4.0056e-05
4.00558e-05
4.00556e-05
4.00553e-05
4.00549e-05
4.00543e-05
4.00537e-05
4.00528e-05
4.00517e-05
4.005e-05
4.00478e-05
4.00448e-05
4.00414e-05
4.00378e-05
4.00341e-05
4.00307e-05
4.00281e-05
4.00249e-05
4.00201e-05
4.00153e-05
4.001e-05
4.00061e-05
4.00051e-05
4.00068e-05
4.00123e-05
4.00186e-05
4.00176e-05
4.00497e-05
4.00412e-05
0
4.37584e-06
1.79013e-05
3.87565e-05
4.35307e-05
4.07541e-05
3.98327e-05
4.01761e-05
4.02976e-05
4.01922e-05
4.01665e-05
4.0159e-05
4.01391e-05
4.01234e-05
4.01101e-05
4.0098e-05
4.00875e-05
4.00784e-05
4.00705e-05
4.00639e-05
4.00583e-05
4.00537e-05
4.00499e-05
4.00468e-05
4.00444e-05
4.00425e-05
4.00411e-05
4.004e-05
4.00392e-05
4.00386e-05
4.00382e-05
4.00379e-05
4.00376e-05
4.00374e-05
4.00373e-05
4.00372e-05
4.0037e-05
4.00368e-05
4.00366e-05
4.00362e-05
4.00357e-05
4.00351e-05
4.00344e-05
4.00334e-05
4.00323e-05
4.0031e-05
4.00295e-05
4.0028e-05
4.00264e-05
4.00247e-05
4.00231e-05
4.00215e-05
4.00198e-05
4.0018e-05
4.00158e-05
4.00131e-05
4.001e-05
4.00067e-05
4.00042e-05
4.00038e-05
4.00053e-05
4.00072e-05
4.00095e-05
4.00125e-05
4.00165e-05
4.00211e-05
4.00266e-05
4.00321e-05
4.00366e-05
4.00407e-05
4.00445e-05
4.00476e-05
4.00493e-05
4.00499e-05
4.00508e-05
4.00552e-05
4.0072e-05
4.00801e-05
4.00547e-05
4.00413e-05
3.36413e-08
0
0
0.000379205
0.00152748
0.00926735
0.0252715
0.0469164
0.0702876
0.0927968
0.113151
0.130641
0.144752
0.155106
0.16157
0.164463
0.164734
0.163652
0.16034
0.151739
0.134502
0.106448
0.069126
0.0312944
0.00438191
0.00130248
7.72553e-05
1.51614e-05
0
2.97164e-06
1.14731e-05
3.94219e-05
4.55262e-05
4.22555e-05
4.00653e-05
3.97931e-05
3.99787e-05
4.00571e-05
4.00587e-05
4.00537e-05
4.00537e-05
4.00547e-05
4.00553e-05
4.00556e-05
4.00559e-05
4.00562e-05
4.00565e-05
4.00568e-05
4.0057e-05
4.00572e-05
4.00573e-05
4.00573e-05
4.00572e-05
4.0057e-05
4.00567e-05
4.00563e-05
4.00558e-05
4.00551e-05
4.00542e-05
4.00531e-05
4.00515e-05
4.00491e-05
4.00461e-05
4.00426e-05
4.0039e-05
4.00351e-05
4.00316e-05
4.00289e-05
4.00258e-05
4.00209e-05
4.00159e-05
4.00104e-05
4.00063e-05
4.0005e-05
4.00069e-05
4.00122e-05
4.00191e-05
4.00175e-05
4.00514e-05
4.00425e-05
6.12791e-06
2.50764e-05
3.96568e-05
4.3192e-05
4.09834e-05
3.98948e-05
4.01208e-05
4.0271e-05
4.02117e-05
4.01633e-05
4.01568e-05
4.0141e-05
4.01247e-05
4.01119e-05
4.01001e-05
4.00897e-05
4.00806e-05
4.00727e-05
4.00659e-05
4.00602e-05
4.00554e-05
4.00515e-05
4.00482e-05
4.00457e-05
4.00436e-05
4.00421e-05
4.00409e-05
4.004e-05
4.00394e-05
4.00389e-05
4.00386e-05
4.00384e-05
4.00382e-05
4.00381e-05
4.0038e-05
4.00379e-05
4.00378e-05
4.00376e-05
4.00373e-05
4.0037e-05
4.00365e-05
4.00359e-05
4.00351e-05
4.00341e-05
4.00329e-05
4.00315e-05
4.003e-05
4.00284e-05
4.00268e-05
4.00251e-05
4.00235e-05
4.00218e-05
4.00201e-05
4.00182e-05
4.00159e-05
4.00131e-05
4.00099e-05
4.00065e-05
4.00041e-05
4.00039e-05
4.00056e-05
4.00075e-05
4.00099e-05
4.00131e-05
4.00172e-05
4.0022e-05
4.00276e-05
4.00333e-05
4.00378e-05
4.0042e-05
4.00458e-05
4.00489e-05
4.00506e-05
4.0051e-05
4.00521e-05
4.00569e-05
4.00748e-05
4.00813e-05
4.00553e-05
4.00425e-05
1.31052e-05
3.32874e-06
0
0
4.85434e-06
0.000749345
0.00299158
0.011744
0.0272302
0.0473553
0.0693552
0.0910933
0.111158
0.128577
0.142642
0.15291
0.159353
0.162503
0.162899
0.161398
0.155737
0.142793
0.119975
0.0877106
0.0513292
0.0229956
0.00760085
0.00141555
0.000347443
0
6.96821e-07
2.38983e-06
2.78049e-05
3.96256e-05
4.11604e-05
4.04114e-05
4.00427e-05
4.00186e-05
4.00457e-05
4.00546e-05
4.00558e-05
4.00565e-05
4.00573e-05
4.00579e-05
4.00584e-05
4.00588e-05
4.00592e-05
4.00595e-05
4.00599e-05
4.00601e-05
4.00603e-05
4.00604e-05
4.00604e-05
4.00602e-05
4.00599e-05
4.00595e-05
4.0059e-05
4.00583e-05
4.00574e-05
4.00562e-05
4.00546e-05
4.00522e-05
4.00491e-05
4.00454e-05
4.00415e-05
4.00374e-05
4.00336e-05
4.00307e-05
4.00276e-05
4.00225e-05
4.00173e-05
4.00113e-05
4.0007e-05
4.00053e-05
4.00068e-05
4.00127e-05
4.00192e-05
4.00182e-05
4.00536e-05
4.00457e-05
3.5484e-05
4.17207e-05
4.24147e-05
4.07304e-05
3.9956e-05
4.0103e-05
4.02209e-05
4.01873e-05
4.01487e-05
4.01376e-05
4.01271e-05
4.01134e-05
4.01025e-05
4.00928e-05
4.0084e-05
4.00762e-05
4.00694e-05
4.00636e-05
4.00586e-05
4.00544e-05
4.00509e-05
4.00481e-05
4.00458e-05
4.0044e-05
4.00427e-05
4.00417e-05
4.00409e-05
4.00404e-05
4.00401e-05
4.00399e-05
4.00397e-05
4.00397e-05
4.00396e-05
4.00396e-05
4.00396e-05
4.00396e-05
4.00395e-05
4.00393e-05
4.0039e-05
4.00386e-05
4.00381e-05
4.00374e-05
4.00365e-05
4.00354e-05
4.00341e-05
4.00326e-05
4.0031e-05
4.00294e-05
4.00276e-05
4.00259e-05
4.00242e-05
4.00225e-05
4.00207e-05
4.00187e-05
4.00162e-05
4.00131e-05
4.00095e-05
4.00061e-05
4.0004e-05
4.00043e-05
4.00062e-05
4.00083e-05
4.0011e-05
4.00145e-05
4.00189e-05
4.0024e-05
4.003e-05
4.00359e-05
4.00405e-05
4.00447e-05
4.00486e-05
4.00516e-05
4.0053e-05
4.00535e-05
4.00544e-05
4.00613e-05
4.00795e-05
4.00849e-05
4.00568e-05
4.00434e-05
)
;

boundaryField
{
    inlet
    {
        type            freestream;
        freestreamValue uniform 4e-05;
        value           nonuniform List<scalar> 
134
(
4e-05
4e-05
4e-05
4e-05
4e-05
4e-05
4e-05
4e-05
4e-05
4e-05
4.00015e-05
4.0003e-05
4.00048e-05
4.00066e-05
4.00082e-05
4.00098e-05
4.00113e-05
4.00128e-05
4.00143e-05
4.00157e-05
4e-05
4.0017e-05
4.00182e-05
4.00193e-05
4.00202e-05
4.0021e-05
4.00217e-05
4.00223e-05
4.0023e-05
4.00234e-05
4e-05
4.00233e-05
4.00235e-05
4.00236e-05
4.00238e-05
4.00238e-05
4.00238e-05
4.00239e-05
4.00241e-05
4.00243e-05
4e-05
4e-05
4e-05
4e-05
4e-05
4e-05
4e-05
4.00245e-05
4.00245e-05
4.00246e-05
4.00248e-05
4.00249e-05
4.00251e-05
4.00254e-05
4.00257e-05
4.0026e-05
4.00263e-05
4.00268e-05
4.00272e-05
4.00277e-05
4.00283e-05
4.0029e-05
4.00297e-05
4.00304e-05
4.00313e-05
4.00322e-05
4.00332e-05
4.00343e-05
4.00355e-05
4.00368e-05
4.00382e-05
4.00396e-05
4.00412e-05
4.00425e-05
4.00457e-05
4e-05
4e-05
4e-05
4e-05
4e-05
4e-05
4e-05
4e-05
4e-05
4e-05
4e-05
4e-05
4e-05
4e-05
4e-05
4e-05
4e-05
4e-05
4e-05
4e-05
4e-05
4e-05
4e-05
4e-05
4e-05
4e-05
4e-05
4e-05
4e-05
4e-05
4e-05
4e-05
4e-05
4e-05
4e-05
4e-05
4e-05
4e-05
4e-05
4e-05
4e-05
4e-05
4e-05
4e-05
4e-05
4e-05
4e-05
4e-05
4e-05
4e-05
4e-05
4e-05
4e-05
4e-05
4e-05
4e-05
4e-05
4e-05
4e-05
)
;
    }
    outlet
    {
        type            freestream;
        freestreamValue uniform 4e-05;
        value           nonuniform List<scalar> 
160
(
1.31052e-05
3.5484e-05
3.32874e-06
4.17207e-05
0
4.24147e-05
0
4.07304e-05
4.85434e-06
3.9956e-05
0.000749345
4.0103e-05
0.00299158
4.02209e-05
0.011744
4.01873e-05
0.0272302
4.01487e-05
0.0473553
4.01376e-05
0.0693552
4.01271e-05
0.0910933
4.01134e-05
0.111158
4.01025e-05
0.128577
4.00928e-05
0.142642
4.0084e-05
0.15291
4.00762e-05
0.159353
4.00694e-05
0.162503
4.00636e-05
0.162899
4.00586e-05
0.161398
4.00544e-05
0.155737
4.00509e-05
0.142793
4.00481e-05
0.119975
4.00458e-05
0.0877106
4.0044e-05
0.0513292
4.00427e-05
0.0229956
4.00417e-05
0.00760085
4.00409e-05
0.00141555
4.00404e-05
0.000347443
4.00401e-05
0
4.00399e-05
6.96821e-07
4.00397e-05
2.38983e-06
4.00397e-05
2.78049e-05
4.00396e-05
3.96256e-05
4.00396e-05
4.11604e-05
4.00396e-05
4.04114e-05
4.00396e-05
4.00427e-05
4.00395e-05
4.00186e-05
4.00393e-05
4.00457e-05
4.0039e-05
4.00546e-05
4.00386e-05
4.00558e-05
4.00381e-05
4.00565e-05
4.00374e-05
4.00573e-05
4.00365e-05
4.00579e-05
4.00354e-05
4.00584e-05
4.00341e-05
4.00588e-05
4.00326e-05
4.00592e-05
4.0031e-05
4.00595e-05
4.00294e-05
4.00599e-05
4.00276e-05
4.00601e-05
4.00259e-05
4.00603e-05
4.00242e-05
4.00604e-05
4.00225e-05
4.00604e-05
4.00207e-05
4.00602e-05
4.00187e-05
4.00599e-05
4.00162e-05
4.00595e-05
4.00131e-05
4.0059e-05
4.00095e-05
4.00583e-05
4.00061e-05
4.00574e-05
4.0004e-05
4.00562e-05
4.00043e-05
4.00546e-05
4.00062e-05
4.00522e-05
4.00083e-05
4.00491e-05
4.0011e-05
4.00454e-05
4.00145e-05
4.00415e-05
4.00189e-05
4.00374e-05
4.0024e-05
4.00336e-05
4.003e-05
4.00307e-05
4.00359e-05
4.00276e-05
4.00405e-05
4.00225e-05
4.00447e-05
4.00173e-05
4.00486e-05
4.00113e-05
4.00516e-05
4.0007e-05
4.0053e-05
4.00053e-05
4.00535e-05
4.00068e-05
4.00544e-05
4.00127e-05
4.00613e-05
4.00192e-05
4.00795e-05
4.00182e-05
4.00849e-05
4.00536e-05
4.00568e-05
4.00457e-05
4.00434e-05
)
;
    }
    walls
    {
        type            fixedValue;
        value           uniform 0;
    }
    frontAndBack
    {
        type            empty;
    }
}


// ************************************************************************* //
