/*--------------------------------*- C++ -*----------------------------------*\
| =========                 |                                                 |
| \\      /  F ield         | OpenFOAM: The Open Source CFD Toolbox           |
|  \\    /   O peration     | Version:  2412                                  |
|   \\  /    A nd           | Website:  www.openfoam.com                      |
|    \\/     M anipulation  |                                                 |
\*---------------------------------------------------------------------------*/
FoamFile
{
    version     2.0;
    format      ascii;
    arch        "LSB;label=32;scalar=64";
    class       volScalarField;
    location    "350";
    object      nut;
}
// * * * * * * * * * * * * * * * * * * * * * * * * * * * * * * * * * * * * * //

dimensions      [0 2 -1 0 0 0 0];

internalField   nonuniform List<scalar> 
10720
(
1.00021e-05
1.15531e-05
1.36385e-05
1.63764e-05
2.00906e-05
2.5153e-05
3.21755e-05
4.1702e-05
5.45974e-05
7.16078e-05
9.3479e-05
0.000121447
0.000157314
0.000204539
0.000269449
0.000362457
0.000502039
0.000720216
0.0010723
0.00166382
0.00272204
0.00469298
0.0087629
0.0174015
0.0382862
0.0829659
0.118
0.130079
0.131624
0.131053
0.130124
0.128317
0.125501
0.12186
0.117533
0.112592
0.106305
0.099155
0.0808165
8.7098e-06
7.63757e-06
6.85747e-06
7.44662e-06
8.76265e-06
1.07811e-05
1.3745e-05
1.81293e-05
2.46798e-05
3.44732e-05
4.8799e-05
6.89005e-05
9.57827e-05
0.000131036
0.000177432
0.000240997
0.000332246
0.000469752
0.000685561
0.00103934
0.00164169
0.00272248
0.00473715
0.00877238
0.0171621
0.0356656
0.0717849
0.10349
0.117568
0.121163
0.121483
0.120852
0.119502
0.117478
0.114897
0.111849
0.10787
0.103098
0.0901434
5.80464e-06
5.70447e-06
5.59961e-06
5.48897e-06
5.36243e-06
5.22869e-06
5.09137e-06
4.94232e-06
4.79033e-06
4.63206e-06
4.46294e-06
4.29017e-06
4.11142e-06
3.92756e-06
3.75875e-06
3.61985e-06
3.49471e-06
3.93997e-06
8.92131e-06
3.9528e-05
0.000142569
0.00034709
0.000805328
0.00189893
0.0041417
0.0105623
0.0231526
0.0412784
0.0622489
0.0825309
0.0984746
0.108265
0.112365
0.112774
0.111319
0.109138
0.106655
0.106057
0.1025
5.8825e-06
5.97083e-06
6.02359e-06
5.98083e-06
5.89291e-06
5.77252e-06
5.63008e-06
5.47359e-06
5.30622e-06
5.13765e-06
4.97485e-06
4.81912e-06
4.67156e-06
4.53791e-06
4.40067e-06
4.26926e-06
4.10588e-06
3.91871e-06
3.64928e-06
3.28458e-06
2.79833e-06
2.36764e-06
3.20694e-06
1.48541e-05
0.000190171
0.000757733
0.00449783
0.0149591
0.0310641
0.0487045
0.0637837
0.0739424
0.0794116
0.081903
0.0830388
0.0838279
0.0844718
0.0872039
0.0887206
6.14139e-06
6.1527e-06
6.16442e-06
6.17652e-06
6.19209e-06
6.20943e-06
6.22896e-06
6.25157e-06
6.27702e-06
6.30553e-06
6.33824e-06
6.37531e-06
6.4182e-06
6.46733e-06
6.52441e-06
6.59085e-06
6.66317e-06
6.76544e-06
6.88413e-06
7.44477e-06
1.46966e-06
4.50251e-05
0.000163614
6.41381e-05
0.000876771
0.00227
0.000186212
0.00174316
0.00562969
0.013608
0.0268234
0.0441392
0.0628155
0.079348
0.0914961
0.0993118
0.104024
0.107713
0.111003
6.12919e-06
6.1149e-06
6.12143e-06
6.11981e-06
6.12762e-06
6.14124e-06
6.15736e-06
6.17429e-06
6.19446e-06
6.2167e-06
6.24034e-06
6.26618e-06
6.29479e-06
6.32613e-06
6.3617e-06
6.40154e-06
6.44674e-06
6.49789e-06
6.55518e-06
6.62443e-06
6.6849e-06
6.85815e-06
6.75428e-06
9.2127e-06
3.11759e-06
1.01468e-06
0.000987289
3.96442e-05
0.000849644
0.00340452
0.00886852
0.0174433
0.0281678
0.0394124
0.0496992
0.0582093
0.0646976
0.0708311
0.0774506
6.08831e-06
6.08359e-06
6.08044e-06
6.07746e-06
6.07416e-06
6.07151e-06
6.0695e-06
6.06775e-06
6.06711e-06
6.06743e-06
6.06901e-06
6.07224e-06
6.07758e-06
6.08538e-06
6.09667e-06
6.1121e-06
6.13316e-06
6.16174e-06
6.19956e-06
6.25099e-06
6.11421e-06
4.73836e-06
2.70562e-06
2.04867e-09
3.0531e-09
4.96433e-11
7.27307e-06
0.000379185
0.00128971
0.00127703
0.00184402
0.003981
0.0111059
0.023353
0.0401615
0.0590323
0.0765655
0.0922728
0.107125
6.08946e-06
6.08928e-06
6.09589e-06
6.09114e-06
6.08797e-06
6.08553e-06
6.08281e-06
6.07994e-06
6.07665e-06
6.07384e-06
6.0719e-06
6.07103e-06
6.07143e-06
6.07349e-06
6.07722e-06
6.0828e-06
6.09037e-06
6.09995e-06
6.11153e-06
6.12516e-06
6.1409e-06
6.15898e-06
6.17799e-06
6.23663e-06
6.22687e-06
7.41759e-06
5.38689e-06
1.18006e-06
0.000188914
5.19138e-06
0.000311741
0.000835002
0.00203483
0.00502023
0.0107283
0.0193174
0.0301346
0.0432523
0.059128
6.09257e-06
6.09016e-06
6.08977e-06
6.0895e-06
6.08893e-06
6.08872e-06
6.08875e-06
6.08928e-06
6.09005e-06
6.09125e-06
6.09296e-06
6.09533e-06
6.09855e-06
6.10286e-06
6.10863e-06
6.11627e-06
6.12661e-06
6.13969e-06
6.15992e-06
6.18038e-06
6.24737e-06
6.22891e-06
5.86676e-06
3.71301e-06
1.54205e-06
2.96573e-08
7.17693e-09
1.56743e-09
0
0.000280677
0.000414348
0.000908313
0.00258274
0.000918541
0.00512881
0.0145873
0.0310612
0.0557562
0.0867744
6.09241e-06
6.09122e-06
6.09579e-06
6.09295e-06
6.09183e-06
6.09185e-06
6.09186e-06
6.09163e-06
6.09113e-06
6.09097e-06
6.09126e-06
6.09213e-06
6.0936e-06
6.09575e-06
6.09874e-06
6.10265e-06
6.10758e-06
6.11355e-06
6.12061e-06
6.12877e-06
6.13809e-06
6.14866e-06
6.1611e-06
6.1753e-06
6.19833e-06
6.21584e-06
6.35079e-06
5.4811e-06
5.49252e-06
2.54169e-07
4.29559e-05
0.000183733
0.000474765
0.00031674
0.000447753
0.00116881
0.00426471
0.0117736
0.0320899
6.08873e-06
6.08624e-06
6.08586e-06
6.08545e-06
6.08482e-06
6.08455e-06
6.08436e-06
6.08406e-06
6.08389e-06
6.0838e-06
6.08385e-06
6.08415e-06
6.08469e-06
6.08558e-06
6.08695e-06
6.08895e-06
6.09186e-06
6.09597e-06
6.10177e-06
6.11083e-06
6.1188e-06
6.14233e-06
6.18062e-06
6.35914e-06
6.20539e-06
4.84966e-06
2.95319e-06
8.30925e-07
1.67974e-08
7.23556e-09
1.15243e-09
0
0
0.000205165
0.00120838
0.00048863
0.00351062
0.0164203
0.0531339
6.08917e-06
6.089e-06
6.09255e-06
6.09035e-06
6.08923e-06
6.08889e-06
6.08842e-06
6.08779e-06
6.08697e-06
6.0863e-06
6.08576e-06
6.08545e-06
6.08514e-06
6.08502e-06
6.08499e-06
6.08514e-06
6.0855e-06
6.08614e-06
6.08712e-06
6.08853e-06
6.09045e-06
6.093e-06
6.09634e-06
6.10099e-06
6.10733e-06
6.11752e-06
6.1351e-06
6.18724e-06
6.08803e-06
4.05097e-06
1.3968e-06
4.7337e-08
6.04356e-09
4.03429e-05
8.0051e-05
0.000270381
0.00101912
0.000468303
0.0116117
6.08708e-06
6.08522e-06
6.08514e-06
6.08482e-06
6.08438e-06
6.08415e-06
6.08394e-06
6.08361e-06
6.08333e-06
6.08322e-06
6.08326e-06
6.08342e-06
6.08374e-06
6.08426e-06
6.08502e-06
6.08613e-06
6.08771e-06
6.08996e-06
6.09314e-06
6.09782e-06
6.10369e-06
6.11047e-06
6.11407e-06
6.15895e-06
6.32797e-06
6.52354e-06
6.53872e-06
6.23462e-06
5.06588e-06
3.32317e-06
5.44646e-07
1.41435e-08
2.37113e-09
0
0
9.30017e-05
0.000847445
0.000970547
0.0240609
6.08762e-06
6.08806e-06
6.0909e-06
6.08924e-06
6.08833e-06
6.08811e-06
6.08774e-06
6.08719e-06
6.08656e-06
6.08608e-06
6.08583e-06
6.08577e-06
6.08589e-06
6.08611e-06
6.08655e-06
6.08718e-06
6.08805e-06
6.08915e-06
6.09051e-06
6.09212e-06
6.09399e-06
6.09614e-06
6.09867e-06
6.1019e-06
6.10618e-06
6.11252e-06
6.11889e-06
6.13616e-06
6.1069e-06
6.18539e-06
5.49004e-06
4.32427e-06
2.08029e-06
4.41924e-10
1.01492e-08
4.30718e-10
0
0.00014042
0.00243014
6.08562e-06
6.08418e-06
6.08421e-06
6.08396e-06
6.08358e-06
6.08341e-06
6.08324e-06
6.08302e-06
6.08294e-06
6.08286e-06
6.08279e-06
6.08278e-06
6.08276e-06
6.08276e-06
6.0828e-06
6.08289e-06
6.08308e-06
6.0834e-06
6.08392e-06
6.08479e-06
6.08604e-06
6.08744e-06
6.08897e-06
6.0898e-06
6.10001e-06
6.15336e-06
6.24371e-06
6.3907e-06
6.65224e-06
6.92319e-06
6.34375e-06
4.27391e-06
1.03537e-06
1.50981e-08
1.11958e-09
0
0
0.00037207
0.00798692
6.08622e-06
6.08714e-06
6.08954e-06
6.08819e-06
6.0874e-06
6.08719e-06
6.0868e-06
6.08623e-06
6.08569e-06
6.0853e-06
6.08507e-06
6.08495e-06
6.08491e-06
6.08486e-06
6.08488e-06
6.08494e-06
6.08504e-06
6.08518e-06
6.08534e-06
6.08548e-06
6.08559e-06
6.08556e-06
6.0856e-06
6.08592e-06
6.08663e-06
6.08781e-06
6.08945e-06
6.0925e-06
6.0947e-06
6.10706e-06
6.17246e-06
6.25021e-06
6.43429e-06
5.15547e-06
3.6846e-06
1.74706e-07
9.84659e-09
0
0.000579231
6.0846e-06
6.08347e-06
6.08361e-06
6.08341e-06
6.08308e-06
6.08295e-06
6.0828e-06
6.0826e-06
6.08251e-06
6.08242e-06
6.08233e-06
6.08228e-06
6.08223e-06
6.08223e-06
6.0823e-06
6.08247e-06
6.08273e-06
6.08315e-06
6.08377e-06
6.08472e-06
6.08611e-06
6.08766e-06
6.08919e-06
6.09049e-06
6.09013e-06
6.08933e-06
6.09298e-06
6.10951e-06
6.17132e-06
6.31756e-06
6.69039e-06
7.04989e-06
6.38657e-06
4.254e-06
4.71065e-07
1.18271e-08
0
3.30262e-06
0.00178294
6.08515e-06
6.08639e-06
6.0885e-06
6.08739e-06
6.08673e-06
6.08652e-06
6.08615e-06
6.08558e-06
6.08512e-06
6.08483e-06
6.08467e-06
6.0846e-06
6.08458e-06
6.08455e-06
6.08458e-06
6.08465e-06
6.08479e-06
6.085e-06
6.08531e-06
6.0857e-06
6.08618e-06
6.08675e-06
6.08745e-06
6.0883e-06
6.08941e-06
6.09091e-06
6.09299e-06
6.09554e-06
6.09877e-06
6.09983e-06
6.10159e-06
6.11875e-06
6.21043e-06
6.42967e-06
6.73625e-06
5.88932e-06
3.01058e-06
4.9964e-09
0
6.08379e-06
6.08294e-06
6.08315e-06
6.08297e-06
6.08269e-06
6.08258e-06
6.08245e-06
6.0823e-06
6.08223e-06
6.08216e-06
6.08212e-06
6.08212e-06
6.08214e-06
6.08215e-06
6.08217e-06
6.08216e-06
6.0821e-06
6.0821e-06
6.08215e-06
6.08225e-06
6.08236e-06
6.08265e-06
6.08328e-06
6.08433e-06
6.08564e-06
6.08633e-06
6.0855e-06
6.08183e-06
6.07682e-06
6.08288e-06
6.15424e-06
6.36024e-06
6.72041e-06
7.22132e-06
6.03446e-06
3.48276e-06
1.62112e-08
4.55689e-16
2.90013e-09
6.08431e-06
6.08576e-06
6.08766e-06
6.08673e-06
6.08614e-06
6.08594e-06
6.08558e-06
6.08503e-06
6.08466e-06
6.08444e-06
6.08434e-06
6.08429e-06
6.08425e-06
6.08419e-06
6.08416e-06
6.08412e-06
6.08411e-06
6.08414e-06
6.08422e-06
6.08432e-06
6.08446e-06
6.08461e-06
6.08477e-06
6.08492e-06
6.08505e-06
6.08517e-06
6.08527e-06
6.08533e-06
6.0856e-06
6.08626e-06
6.08661e-06
6.08793e-06
6.088e-06
6.12895e-06
6.30269e-06
6.433e-06
8.3862e-06
1.20788e-06
3.10207e-12
6.08319e-06
6.08256e-06
6.0828e-06
6.08262e-06
6.08241e-06
6.08234e-06
6.08224e-06
6.0821e-06
6.08203e-06
6.08197e-06
6.08193e-06
6.08193e-06
6.08194e-06
6.08196e-06
6.08199e-06
6.082e-06
6.08203e-06
6.08213e-06
6.0823e-06
6.08258e-06
6.083e-06
6.08355e-06
6.08416e-06
6.08484e-06
6.08572e-06
6.08682e-06
6.08788e-06
6.08829e-06
6.08651e-06
6.08127e-06
6.07401e-06
6.08282e-06
6.1481e-06
6.42104e-06
6.84014e-06
7.55111e-06
4.05315e-06
1.21047e-09
8.9911e-12
6.08365e-06
6.08522e-06
6.08697e-06
6.08618e-06
6.08565e-06
6.08546e-06
6.0851e-06
6.0846e-06
6.08431e-06
6.08413e-06
6.08406e-06
6.08402e-06
6.08399e-06
6.08394e-06
6.08388e-06
6.08381e-06
6.08378e-06
6.08377e-06
6.08381e-06
6.08388e-06
6.084e-06
6.08415e-06
6.08435e-06
6.08461e-06
6.08494e-06
6.0854e-06
6.08605e-06
6.0869e-06
6.08785e-06
6.08883e-06
6.08974e-06
6.09044e-06
6.09027e-06
6.08377e-06
6.09834e-06
6.10485e-06
6.49531e-06
9.05652e-06
6.85258e-11
6.08272e-06
6.08226e-06
6.08254e-06
6.08237e-06
6.0822e-06
6.08215e-06
6.08206e-06
6.08194e-06
6.08188e-06
6.08183e-06
6.08181e-06
6.08183e-06
6.08187e-06
6.08192e-06
6.08198e-06
6.08203e-06
6.08207e-06
6.08209e-06
6.08214e-06
6.08226e-06
6.08244e-06
6.08271e-06
6.08314e-06
6.08374e-06
6.08452e-06
6.0855e-06
6.08669e-06
6.08808e-06
6.08938e-06
6.09005e-06
6.08849e-06
6.08107e-06
6.07086e-06
6.06384e-06
6.25237e-06
6.3059e-06
1.03629e-05
2.22271e-07
5.34337e-14
6.08314e-06
6.08476e-06
6.08638e-06
6.0857e-06
6.08522e-06
6.08504e-06
6.08469e-06
6.08425e-06
6.084e-06
6.08386e-06
6.08382e-06
6.0838e-06
6.08378e-06
6.08371e-06
6.08363e-06
6.0836e-06
6.08359e-06
6.08357e-06
6.08355e-06
6.08356e-06
6.08359e-06
6.08364e-06
6.08373e-06
6.08384e-06
6.08397e-06
6.08415e-06
6.0844e-06
6.08472e-06
6.08516e-06
6.08577e-06
6.08654e-06
6.08768e-06
6.08814e-06
6.09279e-06
6.0674e-06
6.17638e-06
5.57322e-06
9.38172e-06
1.27381e-06
6.08236e-06
6.08203e-06
6.08232e-06
6.08218e-06
6.08207e-06
6.08203e-06
6.08192e-06
6.08184e-06
6.08179e-06
6.08175e-06
6.08175e-06
6.08178e-06
6.08183e-06
6.08189e-06
6.08198e-06
6.08204e-06
6.0821e-06
6.08213e-06
6.08217e-06
6.08227e-06
6.08244e-06
6.0827e-06
6.08305e-06
6.0835e-06
6.0841e-06
6.08486e-06
6.08579e-06
6.08691e-06
6.08826e-06
6.08984e-06
6.09194e-06
6.09204e-06
6.09352e-06
6.05857e-06
6.1262e-06
5.77089e-06
7.93402e-06
5.43061e-06
2.58176e-09
6.08275e-06
6.08437e-06
6.08587e-06
6.08529e-06
6.08485e-06
6.08468e-06
6.08435e-06
6.08396e-06
6.08375e-06
6.08364e-06
6.0836e-06
6.08358e-06
6.08356e-06
6.08349e-06
6.08344e-06
6.08343e-06
6.08342e-06
6.08343e-06
6.08344e-06
6.08343e-06
6.08343e-06
6.08345e-06
6.0835e-06
6.08357e-06
6.08368e-06
6.08384e-06
6.0841e-06
6.08446e-06
6.08491e-06
6.08545e-06
6.08603e-06
6.08701e-06
6.08674e-06
6.09309e-06
6.071e-06
6.16953e-06
5.76299e-06
7.16018e-06
4.97089e-06
6.08208e-06
6.08186e-06
6.08216e-06
6.08205e-06
6.08197e-06
6.08191e-06
6.08182e-06
6.08176e-06
6.08173e-06
6.08173e-06
6.08175e-06
6.0818e-06
6.08187e-06
6.08194e-06
6.08203e-06
6.0821e-06
6.08218e-06
6.08222e-06
6.08224e-06
6.0823e-06
6.0824e-06
6.08257e-06
6.08282e-06
6.08318e-06
6.08367e-06
6.0843e-06
6.08508e-06
6.08601e-06
6.08712e-06
6.08838e-06
6.09018e-06
6.09164e-06
6.09691e-06
6.08667e-06
6.10847e-06
5.9968e-06
5.95079e-06
9.14259e-06
5.11635e-07
6.08243e-06
6.08403e-06
6.08544e-06
6.08493e-06
6.08452e-06
6.08436e-06
6.08405e-06
6.0837e-06
6.08352e-06
6.08342e-06
6.08339e-06
6.08338e-06
6.08336e-06
6.08331e-06
6.08325e-06
6.08324e-06
6.08325e-06
6.08327e-06
6.0833e-06
6.08333e-06
6.08335e-06
6.08335e-06
6.08336e-06
6.08337e-06
6.08341e-06
6.08349e-06
6.08363e-06
6.08384e-06
6.08414e-06
6.08454e-06
6.08502e-06
6.08578e-06
6.08596e-06
6.08918e-06
6.08141e-06
6.11489e-06
6.01952e-06
6.196e-06
6.32295e-06
6.08185e-06
6.08174e-06
6.08202e-06
6.08197e-06
6.08189e-06
6.0818e-06
6.08173e-06
6.08171e-06
6.08171e-06
6.08176e-06
6.08181e-06
6.08187e-06
6.08194e-06
6.08201e-06
6.08209e-06
6.08217e-06
6.08225e-06
6.0823e-06
6.08233e-06
6.08237e-06
6.08244e-06
6.08257e-06
6.08276e-06
6.08303e-06
6.08341e-06
6.08393e-06
6.08458e-06
6.08537e-06
6.08631e-06
6.08738e-06
6.08869e-06
6.09012e-06
6.09245e-06
6.09644e-06
6.08519e-06
6.17121e-06
5.62024e-06
8.08859e-06
3.3311e-06
6.08218e-06
6.08374e-06
6.08505e-06
6.08461e-06
6.08423e-06
6.08408e-06
6.08378e-06
6.08347e-06
6.08331e-06
6.08321e-06
6.08319e-06
6.08318e-06
6.08316e-06
6.08312e-06
6.08306e-06
6.08305e-06
6.08305e-06
6.08308e-06
6.08312e-06
6.08317e-06
6.08321e-06
6.08325e-06
6.08328e-06
6.08326e-06
6.08326e-06
6.08331e-06
6.0834e-06
6.08357e-06
6.08381e-06
6.08412e-06
6.08452e-06
6.08504e-06
6.08556e-06
6.08653e-06
6.0869e-06
6.08757e-06
6.10301e-06
6.01991e-06
6.30461e-06
6.08168e-06
6.08166e-06
6.08191e-06
6.08189e-06
6.08181e-06
6.08171e-06
6.08167e-06
6.08169e-06
6.08175e-06
6.08182e-06
6.08189e-06
6.08195e-06
6.08201e-06
6.08208e-06
6.08217e-06
6.08224e-06
6.08232e-06
6.08238e-06
6.08242e-06
6.08244e-06
6.08248e-06
6.08257e-06
6.08271e-06
6.08292e-06
6.08322e-06
6.08364e-06
6.08418e-06
6.08485e-06
6.08566e-06
6.08661e-06
6.08767e-06
6.08911e-06
6.08969e-06
6.09634e-06
6.07806e-06
6.17056e-06
5.84491e-06
6.73346e-06
5.66549e-06
6.08199e-06
6.08349e-06
6.08471e-06
6.08431e-06
6.08396e-06
6.08383e-06
6.08355e-06
6.08326e-06
6.08311e-06
6.08303e-06
6.083e-06
6.083e-06
6.08298e-06
6.08294e-06
6.08288e-06
6.08286e-06
6.08286e-06
6.08289e-06
6.08293e-06
6.08299e-06
6.08305e-06
6.08312e-06
6.08316e-06
6.0832e-06
6.08322e-06
6.08323e-06
6.08327e-06
6.08337e-06
6.08354e-06
6.08377e-06
6.0841e-06
6.08449e-06
6.08505e-06
6.0854e-06
6.08729e-06
6.08338e-06
6.10307e-06
6.04915e-06
6.15495e-06
6.08156e-06
6.08159e-06
6.08182e-06
6.08182e-06
6.08173e-06
6.08164e-06
6.08164e-06
6.08171e-06
6.0818e-06
6.08189e-06
6.08198e-06
6.08205e-06
6.08211e-06
6.08217e-06
6.08225e-06
6.08231e-06
6.08238e-06
6.08244e-06
6.08248e-06
6.0825e-06
6.08253e-06
6.08259e-06
6.0827e-06
6.08286e-06
6.0831e-06
6.08345e-06
6.08391e-06
6.08448e-06
6.08517e-06
6.086e-06
6.08692e-06
6.08821e-06
6.08873e-06
6.09331e-06
6.08393e-06
6.12303e-06
6.03718e-06
6.16815e-06
6.28573e-06
6.08183e-06
6.08327e-06
6.08441e-06
6.08405e-06
6.08372e-06
6.0836e-06
6.08334e-06
6.08308e-06
6.08293e-06
6.08284e-06
6.08282e-06
6.08281e-06
6.08279e-06
6.08275e-06
6.08269e-06
6.08266e-06
6.08266e-06
6.08269e-06
6.08274e-06
6.0828e-06
6.08287e-06
6.08295e-06
6.08302e-06
6.08308e-06
6.08313e-06
6.08314e-06
6.08316e-06
6.08321e-06
6.08332e-06
6.0835e-06
6.08375e-06
6.08407e-06
6.08453e-06
6.08488e-06
6.08613e-06
6.08485e-06
6.09213e-06
6.08024e-06
6.09555e-06
6.08146e-06
6.08154e-06
6.08174e-06
6.08176e-06
6.08167e-06
6.08159e-06
6.08165e-06
6.08175e-06
6.08185e-06
6.08197e-06
6.08207e-06
6.08215e-06
6.08221e-06
6.08226e-06
6.08232e-06
6.08238e-06
6.08245e-06
6.0825e-06
6.08255e-06
6.08257e-06
6.08259e-06
6.08263e-06
6.08271e-06
6.08283e-06
6.08302e-06
6.0833e-06
6.08368e-06
6.08416e-06
6.08476e-06
6.08549e-06
6.08632e-06
6.08739e-06
6.08826e-06
6.09054e-06
6.08955e-06
6.09559e-06
6.10351e-06
6.05054e-06
6.24526e-06
6.08171e-06
6.08308e-06
6.08414e-06
6.08381e-06
6.08351e-06
6.08339e-06
6.08314e-06
6.0829e-06
6.08276e-06
6.08267e-06
6.08264e-06
6.08263e-06
6.08261e-06
6.08257e-06
6.0825e-06
6.08247e-06
6.08246e-06
6.08248e-06
6.08253e-06
6.08259e-06
6.08267e-06
6.08276e-06
6.08284e-06
6.08292e-06
6.08299e-06
6.08304e-06
6.08305e-06
6.08307e-06
6.08314e-06
6.08326e-06
6.08346e-06
6.08372e-06
6.08408e-06
6.08448e-06
6.08516e-06
6.08555e-06
6.08701e-06
6.08921e-06
6.08555e-06
6.08139e-06
6.08151e-06
6.08166e-06
6.08169e-06
6.08161e-06
6.08158e-06
6.08167e-06
6.0818e-06
6.08192e-06
6.08205e-06
6.08216e-06
6.08224e-06
6.0823e-06
6.08235e-06
6.08241e-06
6.08246e-06
6.08252e-06
6.08257e-06
6.08262e-06
6.08264e-06
6.08265e-06
6.08268e-06
6.08273e-06
6.08282e-06
6.08297e-06
6.0832e-06
6.08351e-06
6.08392e-06
6.08443e-06
6.08506e-06
6.0858e-06
6.0867e-06
6.08772e-06
6.08889e-06
6.09099e-06
6.08859e-06
6.1075e-06
6.06436e-06
6.14652e-06
6.08161e-06
6.0829e-06
6.08389e-06
6.08358e-06
6.08331e-06
6.0832e-06
6.08297e-06
6.08273e-06
6.08259e-06
6.0825e-06
6.08247e-06
6.08244e-06
6.08241e-06
6.08237e-06
6.0823e-06
6.08227e-06
6.08226e-06
6.08229e-06
6.08233e-06
6.08239e-06
6.08247e-06
6.08257e-06
6.08266e-06
6.08275e-06
6.08284e-06
6.08291e-06
6.08295e-06
6.08295e-06
6.08299e-06
6.08307e-06
6.08321e-06
6.08342e-06
6.08371e-06
6.08408e-06
6.08456e-06
6.08527e-06
6.08567e-06
6.08898e-06
6.08659e-06
6.08135e-06
6.08149e-06
6.08159e-06
6.08162e-06
6.08158e-06
6.08159e-06
6.08171e-06
6.08185e-06
6.08199e-06
6.08212e-06
6.08223e-06
6.08232e-06
6.08239e-06
6.08243e-06
6.08249e-06
6.08253e-06
6.08258e-06
6.08262e-06
6.08265e-06
6.08268e-06
6.08268e-06
6.08271e-06
6.08275e-06
6.08282e-06
6.08294e-06
6.08313e-06
6.08339e-06
6.08374e-06
6.08418e-06
6.08472e-06
6.08538e-06
6.08615e-06
6.08713e-06
6.08802e-06
6.09017e-06
6.08881e-06
6.0989e-06
6.08619e-06
6.10363e-06
6.08153e-06
6.08275e-06
6.08366e-06
6.08338e-06
6.08313e-06
6.08302e-06
6.0828e-06
6.08258e-06
6.08243e-06
6.08234e-06
6.08229e-06
6.08226e-06
6.08223e-06
6.08219e-06
6.08212e-06
6.08209e-06
6.08208e-06
6.08209e-06
6.08213e-06
6.08219e-06
6.08227e-06
6.08236e-06
6.08247e-06
6.08257e-06
6.08267e-06
6.08276e-06
6.08282e-06
6.08286e-06
6.08287e-06
6.08291e-06
6.08301e-06
6.08317e-06
6.0834e-06
6.08372e-06
6.08413e-06
6.08474e-06
6.08528e-06
6.08746e-06
6.08733e-06
6.08132e-06
6.08147e-06
6.08152e-06
6.08157e-06
6.08156e-06
6.08161e-06
6.08175e-06
6.08191e-06
6.08205e-06
6.08219e-06
6.0823e-06
6.08239e-06
6.08247e-06
6.08252e-06
6.08256e-06
6.08259e-06
6.08263e-06
6.08267e-06
6.0827e-06
6.08273e-06
6.08273e-06
6.08275e-06
6.08278e-06
6.08284e-06
6.08293e-06
6.08308e-06
6.0833e-06
6.08359e-06
6.08397e-06
6.08445e-06
6.08503e-06
6.08572e-06
6.08658e-06
6.08746e-06
6.08901e-06
6.08948e-06
6.09326e-06
6.09426e-06
6.09466e-06
6.08147e-06
6.08261e-06
6.08345e-06
6.08319e-06
6.08295e-06
6.08285e-06
6.08265e-06
6.08243e-06
6.08228e-06
6.08217e-06
6.08212e-06
6.08208e-06
6.08205e-06
6.082e-06
6.08194e-06
6.0819e-06
6.08189e-06
6.0819e-06
6.08194e-06
6.082e-06
6.08207e-06
6.08217e-06
6.08228e-06
6.08238e-06
6.08249e-06
6.08259e-06
6.08267e-06
6.08273e-06
6.08275e-06
6.08277e-06
6.08284e-06
6.08295e-06
6.08314e-06
6.0834e-06
6.08377e-06
6.08426e-06
6.08493e-06
6.08642e-06
6.087e-06
6.08131e-06
6.08145e-06
6.08145e-06
6.08152e-06
6.08156e-06
6.08164e-06
6.0818e-06
6.08196e-06
6.08211e-06
6.08225e-06
6.08236e-06
6.08245e-06
6.08253e-06
6.08259e-06
6.08263e-06
6.08266e-06
6.0827e-06
6.08273e-06
6.08276e-06
6.08278e-06
6.08279e-06
6.0828e-06
6.08283e-06
6.08288e-06
6.08295e-06
6.08308e-06
6.08325e-06
6.0835e-06
6.08382e-06
6.08423e-06
6.08475e-06
6.08536e-06
6.08612e-06
6.08698e-06
6.08815e-06
6.08933e-06
6.09105e-06
6.0945e-06
6.09492e-06
6.08142e-06
6.08248e-06
6.08326e-06
6.08301e-06
6.08279e-06
6.0827e-06
6.0825e-06
6.08228e-06
6.08212e-06
6.08201e-06
6.08195e-06
6.08191e-06
6.08187e-06
6.08182e-06
6.08176e-06
6.08172e-06
6.08171e-06
6.08172e-06
6.08175e-06
6.0818e-06
6.08187e-06
6.08197e-06
6.08208e-06
6.08219e-06
6.08231e-06
6.08241e-06
6.08251e-06
6.08258e-06
6.08263e-06
6.08264e-06
6.08267e-06
6.08275e-06
6.0829e-06
6.08311e-06
6.08344e-06
6.08386e-06
6.08451e-06
6.08575e-06
6.08641e-06
6.08131e-06
6.08143e-06
6.08139e-06
6.08149e-06
6.08157e-06
6.08167e-06
6.08184e-06
6.08201e-06
6.08216e-06
6.0823e-06
6.08241e-06
6.08251e-06
6.08259e-06
6.08266e-06
6.0827e-06
6.08274e-06
6.08277e-06
6.0828e-06
6.08282e-06
6.08284e-06
6.08285e-06
6.08287e-06
6.0829e-06
6.08294e-06
6.083e-06
6.0831e-06
6.08325e-06
6.08345e-06
6.08373e-06
6.08408e-06
6.08453e-06
6.08508e-06
6.08575e-06
6.08655e-06
6.08755e-06
6.08876e-06
6.09024e-06
6.09286e-06
6.09535e-06
6.08137e-06
6.08236e-06
6.08307e-06
6.08285e-06
6.08264e-06
6.08254e-06
6.08236e-06
6.08214e-06
6.08197e-06
6.08185e-06
6.08178e-06
6.08174e-06
6.08169e-06
6.08165e-06
6.08158e-06
6.08155e-06
6.08153e-06
6.08153e-06
6.08156e-06
6.08161e-06
6.08169e-06
6.08178e-06
6.08189e-06
6.08201e-06
6.08212e-06
6.08224e-06
6.08234e-06
6.08243e-06
6.0825e-06
6.08254e-06
6.08256e-06
6.08261e-06
6.08271e-06
6.08288e-06
6.08315e-06
6.08352e-06
6.08412e-06
6.0852e-06
6.08585e-06
6.08133e-06
6.08141e-06
6.08134e-06
6.08147e-06
6.08158e-06
6.0817e-06
6.08189e-06
6.08206e-06
6.0822e-06
6.08234e-06
6.08246e-06
6.08256e-06
6.08264e-06
6.08271e-06
6.08277e-06
6.08281e-06
6.08284e-06
6.08287e-06
6.08289e-06
6.08291e-06
6.08293e-06
6.08296e-06
6.08299e-06
6.08302e-06
6.08308e-06
6.08316e-06
6.08328e-06
6.08346e-06
6.08369e-06
6.08399e-06
6.08438e-06
6.08487e-06
6.08546e-06
6.08619e-06
6.0871e-06
6.08817e-06
6.08973e-06
6.09147e-06
6.09478e-06
6.08133e-06
6.08224e-06
6.0829e-06
6.08269e-06
6.08249e-06
6.0824e-06
6.08223e-06
6.082e-06
6.08183e-06
6.0817e-06
6.08163e-06
6.08157e-06
6.08152e-06
6.08147e-06
6.08141e-06
6.08137e-06
6.08135e-06
6.08136e-06
6.08139e-06
6.08144e-06
6.0815e-06
6.08159e-06
6.0817e-06
6.08182e-06
6.08194e-06
6.08206e-06
6.08217e-06
6.08227e-06
6.08235e-06
6.08242e-06
6.08245e-06
6.08247e-06
6.08255e-06
6.08268e-06
6.08291e-06
6.08323e-06
6.08377e-06
6.08472e-06
6.08537e-06
6.08135e-06
6.08139e-06
6.08129e-06
6.08147e-06
6.0816e-06
6.08174e-06
6.08193e-06
6.08209e-06
6.08224e-06
6.08238e-06
6.0825e-06
6.08261e-06
6.08269e-06
6.08277e-06
6.08283e-06
6.08288e-06
6.08292e-06
6.08295e-06
6.08298e-06
6.08301e-06
6.08303e-06
6.08306e-06
6.08309e-06
6.08313e-06
6.08318e-06
6.08325e-06
6.08335e-06
6.0835e-06
6.0837e-06
6.08396e-06
6.0843e-06
6.08472e-06
6.08525e-06
6.0859e-06
6.08674e-06
6.08768e-06
6.08923e-06
6.09053e-06
6.09385e-06
6.0813e-06
6.08214e-06
6.08274e-06
6.08254e-06
6.08235e-06
6.08226e-06
6.08209e-06
6.08186e-06
6.08168e-06
6.08155e-06
6.08147e-06
6.08141e-06
6.08135e-06
6.0813e-06
6.08124e-06
6.0812e-06
6.08119e-06
6.08119e-06
6.08122e-06
6.08126e-06
6.08133e-06
6.08141e-06
6.08152e-06
6.08164e-06
6.08176e-06
6.08188e-06
6.08199e-06
6.0821e-06
6.0822e-06
6.08228e-06
6.08233e-06
6.08235e-06
6.0824e-06
6.0825e-06
6.08269e-06
6.08296e-06
6.08345e-06
6.08427e-06
6.08494e-06
6.08136e-06
6.08136e-06
6.08126e-06
6.08147e-06
6.08162e-06
6.08177e-06
6.08196e-06
6.08212e-06
6.08228e-06
6.08242e-06
6.08254e-06
6.08265e-06
6.08274e-06
6.08282e-06
6.08288e-06
6.08294e-06
6.08299e-06
6.08303e-06
6.08306e-06
6.08309e-06
6.08312e-06
6.08316e-06
6.0832e-06
6.08324e-06
6.08329e-06
6.08335e-06
6.08344e-06
6.08357e-06
6.08374e-06
6.08396e-06
6.08426e-06
6.08464e-06
6.08511e-06
6.08569e-06
6.08646e-06
6.0873e-06
6.08877e-06
6.08984e-06
6.09296e-06
6.08127e-06
6.08203e-06
6.08259e-06
6.08239e-06
6.08221e-06
6.08212e-06
6.08196e-06
6.08173e-06
6.08155e-06
6.0814e-06
6.08132e-06
6.08125e-06
6.08119e-06
6.08113e-06
6.08107e-06
6.08104e-06
6.08102e-06
6.08103e-06
6.08105e-06
6.0811e-06
6.08116e-06
6.08125e-06
6.08135e-06
6.08147e-06
6.08159e-06
6.08171e-06
6.08183e-06
6.08194e-06
6.08205e-06
6.08214e-06
6.08221e-06
6.08225e-06
6.08228e-06
6.08235e-06
6.0825e-06
6.08274e-06
6.08318e-06
6.08387e-06
6.08453e-06
6.08136e-06
6.08133e-06
6.08124e-06
6.08148e-06
6.08164e-06
6.08179e-06
6.08198e-06
6.08215e-06
6.08231e-06
6.08245e-06
6.08258e-06
6.08269e-06
6.08278e-06
6.08287e-06
6.08294e-06
6.083e-06
6.08305e-06
6.0831e-06
6.08314e-06
6.08318e-06
6.08322e-06
6.08326e-06
6.0833e-06
6.08334e-06
6.08339e-06
6.08345e-06
6.08353e-06
6.08364e-06
6.08379e-06
6.08399e-06
6.08425e-06
6.08459e-06
6.08502e-06
6.08555e-06
6.08625e-06
6.08701e-06
6.08838e-06
6.0893e-06
6.09223e-06
6.08124e-06
6.08193e-06
6.08244e-06
6.08225e-06
6.08208e-06
6.08199e-06
6.08183e-06
6.0816e-06
6.08141e-06
6.08126e-06
6.08117e-06
6.0811e-06
6.08103e-06
6.08097e-06
6.08091e-06
6.08088e-06
6.08087e-06
6.08088e-06
6.0809e-06
6.08094e-06
6.081e-06
6.08109e-06
6.08119e-06
6.0813e-06
6.08142e-06
6.08154e-06
6.08166e-06
6.08178e-06
6.08189e-06
6.082e-06
6.08208e-06
6.08215e-06
6.08216e-06
6.08221e-06
6.08233e-06
6.08253e-06
6.08293e-06
6.08351e-06
6.08415e-06
6.08135e-06
6.08131e-06
6.08124e-06
6.08149e-06
6.08166e-06
6.08181e-06
6.08201e-06
6.08218e-06
6.08233e-06
6.08248e-06
6.08261e-06
6.08272e-06
6.08282e-06
6.08291e-06
6.08298e-06
6.08305e-06
6.08311e-06
6.08317e-06
6.08321e-06
6.08326e-06
6.0833e-06
6.08335e-06
6.08339e-06
6.08344e-06
6.08349e-06
6.08355e-06
6.08362e-06
6.08372e-06
6.08385e-06
6.08403e-06
6.08426e-06
6.08457e-06
6.08496e-06
6.08544e-06
6.08608e-06
6.08679e-06
6.08805e-06
6.08885e-06
6.09161e-06
6.08121e-06
6.08184e-06
6.0823e-06
6.08212e-06
6.08195e-06
6.08186e-06
6.0817e-06
6.08148e-06
6.08128e-06
6.08112e-06
6.08102e-06
6.08095e-06
6.08088e-06
6.08081e-06
6.08076e-06
6.08073e-06
6.08072e-06
6.08073e-06
6.08075e-06
6.0808e-06
6.08086e-06
6.08094e-06
6.08104e-06
6.08115e-06
6.08127e-06
6.08139e-06
6.08151e-06
6.08163e-06
6.08175e-06
6.08186e-06
6.08196e-06
6.08204e-06
6.08208e-06
6.0821e-06
6.0822e-06
6.08235e-06
6.08271e-06
6.08319e-06
6.08379e-06
6.08134e-06
6.08129e-06
6.08124e-06
6.0815e-06
6.08167e-06
6.08183e-06
6.08202e-06
6.0822e-06
6.08235e-06
6.08251e-06
6.08264e-06
6.08275e-06
6.08286e-06
6.08295e-06
6.08303e-06
6.0831e-06
6.08317e-06
6.08323e-06
6.08328e-06
6.08334e-06
6.08338e-06
6.08344e-06
6.08349e-06
6.08354e-06
6.0836e-06
6.08365e-06
6.08372e-06
6.08381e-06
6.08393e-06
6.08408e-06
6.08429e-06
6.08456e-06
6.08492e-06
6.08535e-06
6.08595e-06
6.0866e-06
6.08779e-06
6.08847e-06
6.09109e-06
6.08117e-06
6.08174e-06
6.08216e-06
6.08199e-06
6.08182e-06
6.08173e-06
6.08157e-06
6.08135e-06
6.08115e-06
6.08099e-06
6.08089e-06
6.0808e-06
6.08072e-06
6.08066e-06
6.08061e-06
6.08059e-06
6.08058e-06
6.0806e-06
6.08062e-06
6.08067e-06
6.08072e-06
6.0808e-06
6.0809e-06
6.08101e-06
6.08113e-06
6.08124e-06
6.08136e-06
6.08149e-06
6.08161e-06
6.08173e-06
6.08183e-06
6.08192e-06
6.08199e-06
6.08201e-06
6.08207e-06
6.08219e-06
6.08251e-06
6.0829e-06
6.08346e-06
6.08132e-06
6.08127e-06
6.08124e-06
6.0815e-06
6.08168e-06
6.08184e-06
6.08204e-06
6.08221e-06
6.08237e-06
6.08253e-06
6.08266e-06
6.08278e-06
6.08289e-06
6.08299e-06
6.08307e-06
6.08315e-06
6.08322e-06
6.08329e-06
6.08335e-06
6.08341e-06
6.08346e-06
6.08352e-06
6.08358e-06
6.08364e-06
6.0837e-06
6.08376e-06
6.08382e-06
6.0839e-06
6.08401e-06
6.08416e-06
6.08434e-06
6.08459e-06
6.0849e-06
6.0853e-06
6.08585e-06
6.08645e-06
6.08756e-06
6.08814e-06
6.09063e-06
6.08114e-06
6.08165e-06
6.08203e-06
6.08186e-06
6.08169e-06
6.0816e-06
6.08144e-06
6.08122e-06
6.08103e-06
6.08086e-06
6.08075e-06
6.08065e-06
6.08057e-06
6.08051e-06
6.08047e-06
6.08046e-06
6.08046e-06
6.08047e-06
6.0805e-06
6.08054e-06
6.0806e-06
6.08067e-06
6.08077e-06
6.08087e-06
6.08099e-06
6.0811e-06
6.08122e-06
6.08134e-06
6.08146e-06
6.08158e-06
6.0817e-06
6.0818e-06
6.08188e-06
6.08191e-06
6.08196e-06
6.08206e-06
6.08233e-06
6.08264e-06
6.08315e-06
6.08129e-06
6.08125e-06
6.08124e-06
6.0815e-06
6.08168e-06
6.08185e-06
6.08205e-06
6.08223e-06
6.08239e-06
6.08255e-06
6.08269e-06
6.08281e-06
6.08292e-06
6.08302e-06
6.08311e-06
6.0832e-06
6.08327e-06
6.08335e-06
6.08341e-06
6.08348e-06
6.08354e-06
6.0836e-06
6.08367e-06
6.08373e-06
6.08379e-06
6.08385e-06
6.08392e-06
6.084e-06
6.0841e-06
6.08423e-06
6.0844e-06
6.08463e-06
6.08492e-06
6.08528e-06
6.08578e-06
6.08633e-06
6.08738e-06
6.08786e-06
6.09021e-06
6.0811e-06
6.08156e-06
6.0819e-06
6.08173e-06
6.08157e-06
6.08146e-06
6.0813e-06
6.08108e-06
6.08089e-06
6.08074e-06
6.08061e-06
6.0805e-06
6.08043e-06
6.08038e-06
6.08035e-06
6.08034e-06
6.08034e-06
6.08035e-06
6.08038e-06
6.08042e-06
6.08047e-06
6.08054e-06
6.08063e-06
6.08073e-06
6.08084e-06
6.08095e-06
6.08107e-06
6.08119e-06
6.08131e-06
6.08143e-06
6.08155e-06
6.08166e-06
6.08176e-06
6.08181e-06
6.08186e-06
6.08192e-06
6.08216e-06
6.08241e-06
6.08286e-06
6.08126e-06
6.08123e-06
6.08123e-06
6.0815e-06
6.08168e-06
6.08185e-06
6.08206e-06
6.08224e-06
6.08241e-06
6.08257e-06
6.08271e-06
6.08283e-06
6.08295e-06
6.08306e-06
6.08315e-06
6.08324e-06
6.08332e-06
6.0834e-06
6.08347e-06
6.08354e-06
6.08361e-06
6.08368e-06
6.08375e-06
6.08382e-06
6.08388e-06
6.08395e-06
6.08401e-06
6.08409e-06
6.08419e-06
6.08431e-06
6.08447e-06
6.08467e-06
6.08494e-06
6.08528e-06
6.08574e-06
6.08624e-06
6.08722e-06
6.08763e-06
6.08985e-06
6.08105e-06
6.08147e-06
6.08177e-06
6.0816e-06
6.08144e-06
6.08133e-06
6.08116e-06
6.08094e-06
6.08075e-06
6.0806e-06
6.08046e-06
6.08036e-06
6.08029e-06
6.08025e-06
6.08022e-06
6.08021e-06
6.08021e-06
6.08023e-06
6.08025e-06
6.08029e-06
6.08034e-06
6.0804e-06
6.08049e-06
6.08059e-06
6.08069e-06
6.0808e-06
6.08091e-06
6.08103e-06
6.08115e-06
6.08127e-06
6.0814e-06
6.08152e-06
6.08162e-06
6.0817e-06
6.08173e-06
6.08178e-06
6.08198e-06
6.08218e-06
6.08257e-06
6.08122e-06
6.0812e-06
6.08121e-06
6.08149e-06
6.08168e-06
6.08185e-06
6.08206e-06
6.08225e-06
6.08242e-06
6.08258e-06
6.08272e-06
6.08286e-06
6.08298e-06
6.08308e-06
6.08318e-06
6.08328e-06
6.08336e-06
6.08344e-06
6.08352e-06
6.0836e-06
6.08367e-06
6.08375e-06
6.08383e-06
6.0839e-06
6.08397e-06
6.08404e-06
6.08411e-06
6.08418e-06
6.08428e-06
6.08439e-06
6.08454e-06
6.08473e-06
6.08498e-06
6.08529e-06
6.08572e-06
6.08618e-06
6.08709e-06
6.08744e-06
6.08952e-06
6.08101e-06
6.08138e-06
6.08164e-06
6.08147e-06
6.08131e-06
6.08119e-06
6.08102e-06
6.0808e-06
6.08061e-06
6.08046e-06
6.08032e-06
6.08023e-06
6.08016e-06
6.08011e-06
6.08009e-06
6.08008e-06
6.08008e-06
6.08009e-06
6.08012e-06
6.08015e-06
6.0802e-06
6.08026e-06
6.08034e-06
6.08043e-06
6.08053e-06
6.08063e-06
6.08074e-06
6.08086e-06
6.08098e-06
6.0811e-06
6.08123e-06
6.08135e-06
6.08147e-06
6.08156e-06
6.08162e-06
6.08165e-06
6.08181e-06
6.08196e-06
6.0823e-06
6.08118e-06
6.08117e-06
6.0812e-06
6.08147e-06
6.08167e-06
6.08185e-06
6.08206e-06
6.08225e-06
6.08243e-06
6.08259e-06
6.08274e-06
6.08287e-06
6.083e-06
6.08311e-06
6.08321e-06
6.08331e-06
6.0834e-06
6.08349e-06
6.08357e-06
6.08365e-06
6.08373e-06
6.08381e-06
6.0839e-06
6.08398e-06
6.08405e-06
6.08412e-06
6.0842e-06
6.08427e-06
6.08437e-06
6.08448e-06
6.08462e-06
6.0848e-06
6.08503e-06
6.08531e-06
6.08571e-06
6.08614e-06
6.08699e-06
6.08729e-06
6.08923e-06
6.08096e-06
6.08128e-06
6.08152e-06
6.08134e-06
6.08117e-06
6.08105e-06
6.08087e-06
6.08065e-06
6.08046e-06
6.0803e-06
6.08018e-06
6.08008e-06
6.08001e-06
6.07997e-06
6.07995e-06
6.07994e-06
6.07994e-06
6.07995e-06
6.07997e-06
6.08e-06
6.08005e-06
6.08011e-06
6.08018e-06
6.08027e-06
6.08037e-06
6.08046e-06
6.08057e-06
6.08068e-06
6.0808e-06
6.08093e-06
6.08105e-06
6.08118e-06
6.0813e-06
6.08141e-06
6.08149e-06
6.08151e-06
6.08165e-06
6.08175e-06
6.08203e-06
6.08113e-06
6.08113e-06
6.08117e-06
6.08145e-06
6.08165e-06
6.08184e-06
6.08206e-06
6.08225e-06
6.08243e-06
6.0826e-06
6.08275e-06
6.08289e-06
6.08301e-06
6.08313e-06
6.08324e-06
6.08334e-06
6.08343e-06
6.08353e-06
6.08361e-06
6.0837e-06
6.08379e-06
6.08387e-06
6.08396e-06
6.08405e-06
6.08413e-06
6.08421e-06
6.08428e-06
6.08436e-06
6.08445e-06
6.08456e-06
6.0847e-06
6.08487e-06
6.08508e-06
6.08535e-06
6.08572e-06
6.08611e-06
6.08691e-06
6.08716e-06
6.08898e-06
6.0809e-06
6.08119e-06
6.08139e-06
6.08121e-06
6.08104e-06
6.0809e-06
6.08072e-06
6.08049e-06
6.0803e-06
6.08015e-06
6.08002e-06
6.07992e-06
6.07986e-06
6.07982e-06
6.07979e-06
6.07978e-06
6.07979e-06
6.0798e-06
6.07982e-06
6.07985e-06
6.07989e-06
6.07995e-06
6.08002e-06
6.0801e-06
6.0802e-06
6.08029e-06
6.08039e-06
6.0805e-06
6.08062e-06
6.08074e-06
6.08087e-06
6.081e-06
6.08113e-06
6.08124e-06
6.08134e-06
6.08138e-06
6.08149e-06
6.08155e-06
6.08178e-06
6.08108e-06
6.08109e-06
6.08115e-06
6.08143e-06
6.08164e-06
6.08183e-06
6.08205e-06
6.08225e-06
6.08243e-06
6.0826e-06
6.08276e-06
6.0829e-06
6.08303e-06
6.08315e-06
6.08326e-06
6.08336e-06
6.08346e-06
6.08356e-06
6.08365e-06
6.08374e-06
6.08383e-06
6.08393e-06
6.08402e-06
6.08411e-06
6.0842e-06
6.08428e-06
6.08436e-06
6.08444e-06
6.08454e-06
6.08465e-06
6.08478e-06
6.08494e-06
6.08514e-06
6.08539e-06
6.08574e-06
6.0861e-06
6.08685e-06
6.08706e-06
6.08876e-06
6.08084e-06
6.08109e-06
6.08126e-06
6.08108e-06
6.0809e-06
6.08075e-06
6.08056e-06
6.08033e-06
6.08013e-06
6.07998e-06
6.07985e-06
6.07976e-06
6.0797e-06
6.07966e-06
6.07963e-06
6.07963e-06
6.07963e-06
6.07964e-06
6.07966e-06
6.07969e-06
6.07973e-06
6.07978e-06
6.07985e-06
6.07993e-06
6.08002e-06
6.08011e-06
6.08021e-06
6.08031e-06
6.08043e-06
6.08055e-06
6.08068e-06
6.08081e-06
6.08094e-06
6.08106e-06
6.08117e-06
6.08124e-06
6.08133e-06
6.08138e-06
6.08155e-06
6.08102e-06
6.08104e-06
6.08112e-06
6.08141e-06
6.08162e-06
6.08182e-06
6.08204e-06
6.08224e-06
6.08243e-06
6.0826e-06
6.08276e-06
6.0829e-06
6.08303e-06
6.08316e-06
6.08327e-06
6.08338e-06
6.08348e-06
6.08358e-06
6.08368e-06
6.08378e-06
6.08388e-06
6.08397e-06
6.08407e-06
6.08417e-06
6.08426e-06
6.08434e-06
6.08443e-06
6.08452e-06
6.08461e-06
6.08472e-06
6.08485e-06
6.08501e-06
6.0852e-06
6.08544e-06
6.08577e-06
6.0861e-06
6.0868e-06
6.08699e-06
6.08856e-06
6.08078e-06
6.08099e-06
6.08113e-06
6.08094e-06
6.08076e-06
6.0806e-06
6.08039e-06
6.08016e-06
6.07996e-06
6.0798e-06
6.07968e-06
6.07959e-06
6.07952e-06
6.07949e-06
6.07946e-06
6.07946e-06
6.07946e-06
6.07947e-06
6.07949e-06
6.07952e-06
6.07956e-06
6.07961e-06
6.07967e-06
6.07975e-06
6.07983e-06
6.07992e-06
6.08001e-06
6.08012e-06
6.08023e-06
6.08035e-06
6.08048e-06
6.08061e-06
6.08075e-06
6.08088e-06
6.08099e-06
6.08109e-06
6.08116e-06
6.08123e-06
6.08136e-06
6.08095e-06
6.08098e-06
6.08108e-06
6.08137e-06
6.08159e-06
6.0818e-06
6.08203e-06
6.08223e-06
6.08242e-06
6.0826e-06
6.08275e-06
6.0829e-06
6.08303e-06
6.08316e-06
6.08328e-06
6.08339e-06
6.0835e-06
6.0836e-06
6.08371e-06
6.08381e-06
6.08391e-06
6.08401e-06
6.08412e-06
6.08422e-06
6.08431e-06
6.0844e-06
6.08449e-06
6.08458e-06
6.08468e-06
6.0848e-06
6.08493e-06
6.08508e-06
6.08527e-06
6.08549e-06
6.0858e-06
6.08611e-06
6.08677e-06
6.08693e-06
6.08839e-06
6.08071e-06
6.08088e-06
6.081e-06
6.08081e-06
6.08061e-06
6.08043e-06
6.08022e-06
6.07998e-06
6.07978e-06
6.07962e-06
6.07949e-06
6.0794e-06
6.07934e-06
6.07931e-06
6.07929e-06
6.07928e-06
6.07928e-06
6.07929e-06
6.07931e-06
6.07934e-06
6.07938e-06
6.07942e-06
6.07948e-06
6.07956e-06
6.07964e-06
6.07972e-06
6.07981e-06
6.07991e-06
6.08002e-06
6.08014e-06
6.08027e-06
6.0804e-06
6.08054e-06
6.08068e-06
6.0808e-06
6.08092e-06
6.08098e-06
6.08108e-06
6.08117e-06
6.08088e-06
6.08093e-06
6.08104e-06
6.08134e-06
6.08156e-06
6.08178e-06
6.08201e-06
6.08221e-06
6.0824e-06
6.08258e-06
6.08274e-06
6.08289e-06
6.08303e-06
6.08316e-06
6.08328e-06
6.08339e-06
6.08351e-06
6.08361e-06
6.08372e-06
6.08383e-06
6.08394e-06
6.08404e-06
6.08415e-06
6.08426e-06
6.08436e-06
6.08445e-06
6.08455e-06
6.08464e-06
6.08475e-06
6.08486e-06
6.08499e-06
6.08515e-06
6.08533e-06
6.08554e-06
6.08583e-06
6.08613e-06
6.08674e-06
6.08689e-06
6.08825e-06
6.08063e-06
6.08078e-06
6.08087e-06
6.08066e-06
6.08046e-06
6.08027e-06
6.08004e-06
6.07979e-06
6.07959e-06
6.07943e-06
6.0793e-06
6.07921e-06
6.07915e-06
6.07912e-06
6.0791e-06
6.07909e-06
6.07909e-06
6.07911e-06
6.07912e-06
6.07915e-06
6.07918e-06
6.07923e-06
6.07929e-06
6.07936e-06
6.07943e-06
6.07951e-06
6.0796e-06
6.0797e-06
6.07981e-06
6.07992e-06
6.08005e-06
6.08018e-06
6.08032e-06
6.08046e-06
6.08059e-06
6.08073e-06
6.0808e-06
6.08094e-06
6.081e-06
6.08081e-06
6.08086e-06
6.08099e-06
6.0813e-06
6.08152e-06
6.08175e-06
6.08198e-06
6.08219e-06
6.08238e-06
6.08256e-06
6.08273e-06
6.08288e-06
6.08302e-06
6.08315e-06
6.08327e-06
6.08339e-06
6.0835e-06
6.08362e-06
6.08373e-06
6.08384e-06
6.08395e-06
6.08407e-06
6.08418e-06
6.08429e-06
6.0844e-06
6.0845e-06
6.08459e-06
6.0847e-06
6.0848e-06
6.08492e-06
6.08505e-06
6.08521e-06
6.08538e-06
6.08559e-06
6.08587e-06
6.08615e-06
6.08672e-06
6.08686e-06
6.08812e-06
6.08055e-06
6.08067e-06
6.08073e-06
6.08052e-06
6.0803e-06
6.08009e-06
6.07985e-06
6.07959e-06
6.07939e-06
6.07923e-06
6.0791e-06
6.07901e-06
6.07895e-06
6.07892e-06
6.0789e-06
6.07889e-06
6.07889e-06
6.0789e-06
6.07892e-06
6.07895e-06
6.07898e-06
6.07902e-06
6.07908e-06
6.07914e-06
6.07922e-06
6.07929e-06
6.07938e-06
6.07947e-06
6.07958e-06
6.07969e-06
6.07982e-06
6.07995e-06
6.08009e-06
6.08023e-06
6.08037e-06
6.08052e-06
6.08061e-06
6.08078e-06
6.08083e-06
6.08073e-06
6.0808e-06
6.08094e-06
6.08125e-06
6.08148e-06
6.08171e-06
6.08195e-06
6.08216e-06
6.08236e-06
6.08254e-06
6.0827e-06
6.08285e-06
6.083e-06
6.08313e-06
6.08325e-06
6.08338e-06
6.08349e-06
6.08361e-06
6.08373e-06
6.08384e-06
6.08396e-06
6.08408e-06
6.0842e-06
6.08431e-06
6.08442e-06
6.08453e-06
6.08463e-06
6.08474e-06
6.08485e-06
6.08497e-06
6.08511e-06
6.08526e-06
6.08544e-06
6.08564e-06
6.08591e-06
6.08617e-06
6.08671e-06
6.08684e-06
6.08801e-06
6.08046e-06
6.08055e-06
6.08059e-06
6.08037e-06
6.08013e-06
6.07991e-06
6.07965e-06
6.07939e-06
6.07918e-06
6.07902e-06
6.07889e-06
6.0788e-06
6.07874e-06
6.07871e-06
6.07869e-06
6.07868e-06
6.07868e-06
6.07869e-06
6.07871e-06
6.07873e-06
6.07876e-06
6.0788e-06
6.07885e-06
6.07891e-06
6.07898e-06
6.07906e-06
6.07914e-06
6.07923e-06
6.07933e-06
6.07945e-06
6.07957e-06
6.0797e-06
6.07984e-06
6.07999e-06
6.08013e-06
6.08029e-06
6.0804e-06
6.08059e-06
6.08063e-06
6.08064e-06
6.08072e-06
6.08088e-06
6.0812e-06
6.08144e-06
6.08167e-06
6.08191e-06
6.08212e-06
6.08232e-06
6.0825e-06
6.08267e-06
6.08282e-06
6.08296e-06
6.0831e-06
6.08323e-06
6.08335e-06
6.08347e-06
6.08359e-06
6.08372e-06
6.08384e-06
6.08396e-06
6.08408e-06
6.0842e-06
6.08433e-06
6.08444e-06
6.08455e-06
6.08466e-06
6.08477e-06
6.08489e-06
6.08501e-06
6.08515e-06
6.0853e-06
6.08548e-06
6.08568e-06
6.08594e-06
6.0862e-06
6.0867e-06
6.08683e-06
6.08792e-06
6.08037e-06
6.08043e-06
6.08044e-06
6.08021e-06
6.07996e-06
6.07971e-06
6.07944e-06
6.07918e-06
6.07896e-06
6.0788e-06
6.07867e-06
6.07858e-06
6.07852e-06
6.07848e-06
6.07846e-06
6.07845e-06
6.07845e-06
6.07846e-06
6.07847e-06
6.07849e-06
6.07852e-06
6.07856e-06
6.07861e-06
6.07867e-06
6.07873e-06
6.0788e-06
6.07888e-06
6.07897e-06
6.07907e-06
6.07918e-06
6.0793e-06
6.07943e-06
6.07957e-06
6.07972e-06
6.07987e-06
6.08003e-06
6.08016e-06
6.08038e-06
6.08042e-06
6.08054e-06
6.08064e-06
6.08082e-06
6.08114e-06
6.08139e-06
6.08162e-06
6.08187e-06
6.08208e-06
6.08228e-06
6.08246e-06
6.08263e-06
6.08278e-06
6.08292e-06
6.08306e-06
6.08319e-06
6.08332e-06
6.08344e-06
6.08357e-06
6.08369e-06
6.08382e-06
6.08394e-06
6.08407e-06
6.0842e-06
6.08433e-06
6.08445e-06
6.08456e-06
6.08467e-06
6.08479e-06
6.08491e-06
6.08504e-06
6.08519e-06
6.08534e-06
6.08552e-06
6.08572e-06
6.08597e-06
6.08622e-06
6.0867e-06
6.08682e-06
6.08784e-06
6.08027e-06
6.0803e-06
6.08029e-06
6.08004e-06
6.07978e-06
6.07951e-06
6.07923e-06
6.07896e-06
6.07874e-06
6.07857e-06
6.07844e-06
6.07834e-06
6.07828e-06
6.07824e-06
6.07822e-06
6.07821e-06
6.0782e-06
6.07821e-06
6.07822e-06
6.07824e-06
6.07826e-06
6.07829e-06
6.07834e-06
6.07839e-06
6.07845e-06
6.07852e-06
6.0786e-06
6.07868e-06
6.07878e-06
6.07888e-06
6.079e-06
6.07913e-06
6.07927e-06
6.07942e-06
6.07958e-06
6.07975e-06
6.07989e-06
6.08012e-06
6.0802e-06
6.08044e-06
6.08056e-06
6.08075e-06
6.08107e-06
6.08133e-06
6.08157e-06
6.08181e-06
6.08203e-06
6.08223e-06
6.08241e-06
6.08257e-06
6.08273e-06
6.08287e-06
6.08301e-06
6.08314e-06
6.08327e-06
6.0834e-06
6.08353e-06
6.08366e-06
6.08379e-06
6.08392e-06
6.08405e-06
6.08418e-06
6.08431e-06
6.08444e-06
6.08456e-06
6.08467e-06
6.0848e-06
6.08493e-06
6.08506e-06
6.08521e-06
6.08537e-06
6.08555e-06
6.08574e-06
6.08599e-06
6.08623e-06
6.08669e-06
6.08681e-06
6.08777e-06
6.08017e-06
6.08017e-06
6.08014e-06
6.07987e-06
6.07959e-06
6.0793e-06
6.07901e-06
6.07873e-06
6.0785e-06
6.07832e-06
6.07819e-06
6.07809e-06
6.07802e-06
6.07798e-06
6.07795e-06
6.07794e-06
6.07793e-06
6.07793e-06
6.07794e-06
6.07796e-06
6.07798e-06
6.078e-06
6.07804e-06
6.07809e-06
6.07815e-06
6.07821e-06
6.07828e-06
6.07836e-06
6.07845e-06
6.07856e-06
6.07867e-06
6.0788e-06
6.07894e-06
6.07909e-06
6.07925e-06
6.07943e-06
6.07959e-06
6.07982e-06
6.07994e-06
6.08033e-06
6.08046e-06
6.08067e-06
6.081e-06
6.08126e-06
6.08151e-06
6.08175e-06
6.08197e-06
6.08216e-06
6.08234e-06
6.08251e-06
6.08266e-06
6.08281e-06
6.08295e-06
6.08308e-06
6.08322e-06
6.08335e-06
6.08348e-06
6.08361e-06
6.08374e-06
6.08388e-06
6.08402e-06
6.08415e-06
6.08429e-06
6.08442e-06
6.08454e-06
6.08466e-06
6.08479e-06
6.08492e-06
6.08507e-06
6.08522e-06
6.08538e-06
6.08556e-06
6.08576e-06
6.086e-06
6.08624e-06
6.08668e-06
6.08681e-06
6.0877e-06
6.08005e-06
6.08004e-06
6.07998e-06
6.07969e-06
6.07939e-06
6.07909e-06
6.07878e-06
6.07848e-06
6.07825e-06
6.07807e-06
6.07792e-06
6.07782e-06
6.07774e-06
6.07769e-06
6.07766e-06
6.07764e-06
6.07763e-06
6.07763e-06
6.07763e-06
6.07764e-06
6.07766e-06
6.07768e-06
6.07771e-06
6.07776e-06
6.07781e-06
6.07786e-06
6.07793e-06
6.07801e-06
6.07809e-06
6.07819e-06
6.07831e-06
6.07843e-06
6.07857e-06
6.07872e-06
6.07888e-06
6.07907e-06
6.07924e-06
6.07948e-06
6.07964e-06
6.08022e-06
6.08036e-06
6.08058e-06
6.08092e-06
6.08119e-06
6.08143e-06
6.08168e-06
6.08189e-06
6.08209e-06
6.08227e-06
6.08243e-06
6.08259e-06
6.08273e-06
6.08287e-06
6.08301e-06
6.08314e-06
6.08328e-06
6.08341e-06
6.08354e-06
6.08368e-06
6.08382e-06
6.08396e-06
6.0841e-06
6.08424e-06
6.08438e-06
6.0845e-06
6.08463e-06
6.08477e-06
6.08491e-06
6.08505e-06
6.08521e-06
6.08538e-06
6.08556e-06
6.08576e-06
6.086e-06
6.08624e-06
6.08666e-06
6.0868e-06
6.08764e-06
6.07993e-06
6.07989e-06
6.07981e-06
6.07951e-06
6.07918e-06
6.07886e-06
6.07854e-06
6.07823e-06
6.07799e-06
6.07779e-06
6.07764e-06
6.07752e-06
6.07744e-06
6.07738e-06
6.07734e-06
6.07731e-06
6.0773e-06
6.07729e-06
6.07729e-06
6.07729e-06
6.0773e-06
6.07732e-06
6.07735e-06
6.07738e-06
6.07743e-06
6.07748e-06
6.07754e-06
6.07761e-06
6.0777e-06
6.07779e-06
6.0779e-06
6.07802e-06
6.07816e-06
6.07831e-06
6.07848e-06
6.07866e-06
6.07884e-06
6.07908e-06
6.07928e-06
6.0801e-06
6.08026e-06
6.08049e-06
6.08084e-06
6.0811e-06
6.08135e-06
6.0816e-06
6.08181e-06
6.082e-06
6.08218e-06
6.08235e-06
6.0825e-06
6.08264e-06
6.08278e-06
6.08292e-06
6.08305e-06
6.08319e-06
6.08332e-06
6.08346e-06
6.0836e-06
6.08375e-06
6.08389e-06
6.08404e-06
6.08418e-06
6.08432e-06
6.08445e-06
6.08458e-06
6.08472e-06
6.08487e-06
6.08502e-06
6.08518e-06
6.08536e-06
6.08554e-06
6.08575e-06
6.08599e-06
6.08623e-06
6.08663e-06
6.08678e-06
6.08758e-06
6.0798e-06
6.07974e-06
6.07963e-06
6.07931e-06
6.07896e-06
6.07862e-06
6.07828e-06
6.07797e-06
6.07771e-06
6.0775e-06
6.07733e-06
6.0772e-06
6.07711e-06
6.07704e-06
6.07699e-06
6.07695e-06
6.07693e-06
6.07692e-06
6.07691e-06
6.07691e-06
6.07691e-06
6.07692e-06
6.07694e-06
6.07697e-06
6.07701e-06
6.07706e-06
6.07711e-06
6.07718e-06
6.07726e-06
6.07735e-06
6.07745e-06
6.07757e-06
6.07771e-06
6.07786e-06
6.07802e-06
6.07821e-06
6.07839e-06
6.07864e-06
6.07886e-06
6.07997e-06
6.08014e-06
6.08039e-06
6.08074e-06
6.08101e-06
6.08126e-06
6.0815e-06
6.08171e-06
6.0819e-06
6.08208e-06
6.08224e-06
6.08239e-06
6.08254e-06
6.08268e-06
6.08281e-06
6.08295e-06
6.08308e-06
6.08322e-06
6.08336e-06
6.0835e-06
6.08365e-06
6.0838e-06
6.08395e-06
6.0841e-06
6.08424e-06
6.08437e-06
6.08451e-06
6.08466e-06
6.08481e-06
6.08497e-06
6.08513e-06
6.08531e-06
6.08551e-06
6.08571e-06
6.08596e-06
6.0862e-06
6.08659e-06
6.08675e-06
6.08751e-06
6.07967e-06
6.07958e-06
6.07945e-06
6.07911e-06
6.07874e-06
6.07838e-06
6.07802e-06
6.07769e-06
6.07742e-06
6.07719e-06
6.077e-06
6.07685e-06
6.07674e-06
6.07666e-06
6.0766e-06
6.07655e-06
6.07652e-06
6.0765e-06
6.07649e-06
6.07648e-06
6.07648e-06
6.07649e-06
6.0765e-06
6.07652e-06
6.07655e-06
6.07659e-06
6.07664e-06
6.07671e-06
6.07678e-06
6.07687e-06
6.07697e-06
6.07708e-06
6.07721e-06
6.07736e-06
6.07752e-06
6.0777e-06
6.0779e-06
6.07814e-06
6.07839e-06
6.07983e-06
6.08002e-06
6.08028e-06
6.08064e-06
6.08091e-06
6.08116e-06
6.0814e-06
6.0816e-06
6.08179e-06
6.08197e-06
6.08212e-06
6.08227e-06
6.08241e-06
6.08255e-06
6.08269e-06
6.08282e-06
6.08296e-06
6.08309e-06
6.08323e-06
6.08338e-06
6.08353e-06
6.08368e-06
6.08384e-06
6.08399e-06
6.08413e-06
6.08427e-06
6.08442e-06
6.08457e-06
6.08472e-06
6.08489e-06
6.08506e-06
6.08524e-06
6.08544e-06
6.08566e-06
6.0859e-06
6.08615e-06
6.08653e-06
6.0867e-06
6.08743e-06
6.07952e-06
6.07942e-06
6.07926e-06
6.07889e-06
6.0785e-06
6.07812e-06
6.07775e-06
6.0774e-06
6.0771e-06
6.07685e-06
6.07663e-06
6.07646e-06
6.07634e-06
6.07624e-06
6.07617e-06
6.07612e-06
6.07608e-06
6.07605e-06
6.07603e-06
6.07602e-06
6.07601e-06
6.07601e-06
6.07602e-06
6.07604e-06
6.07606e-06
6.0761e-06
6.07614e-06
6.0762e-06
6.07626e-06
6.07635e-06
6.07644e-06
6.07655e-06
6.07668e-06
6.07682e-06
6.07698e-06
6.07716e-06
6.07735e-06
6.0776e-06
6.07786e-06
6.07968e-06
6.07989e-06
6.08017e-06
6.08052e-06
6.0808e-06
6.08104e-06
6.08128e-06
6.08148e-06
6.08166e-06
6.08183e-06
6.08199e-06
6.08213e-06
6.08227e-06
6.08241e-06
6.08254e-06
6.08267e-06
6.0828e-06
6.08294e-06
6.08309e-06
6.08323e-06
6.08339e-06
6.08354e-06
6.0837e-06
6.08386e-06
6.08401e-06
6.08415e-06
6.0843e-06
6.08445e-06
6.08462e-06
6.08479e-06
6.08496e-06
6.08515e-06
6.08536e-06
6.08558e-06
6.08582e-06
6.08607e-06
6.08645e-06
6.08664e-06
6.08733e-06
6.07937e-06
6.07924e-06
6.07906e-06
6.07867e-06
6.07825e-06
6.07786e-06
6.07747e-06
6.07709e-06
6.07676e-06
6.07648e-06
6.07623e-06
6.07604e-06
6.0759e-06
6.07579e-06
6.0757e-06
6.07564e-06
6.0756e-06
6.07556e-06
6.07554e-06
6.07552e-06
6.07551e-06
6.0755e-06
6.07551e-06
6.07552e-06
6.07554e-06
6.07557e-06
6.07561e-06
6.07566e-06
6.07572e-06
6.0758e-06
6.07589e-06
6.07599e-06
6.07611e-06
6.07625e-06
6.0764e-06
6.07658e-06
6.07677e-06
6.07701e-06
6.07728e-06
6.07953e-06
6.07975e-06
6.08004e-06
6.0804e-06
6.08067e-06
6.08092e-06
6.08114e-06
6.08134e-06
6.08152e-06
6.08168e-06
6.08183e-06
6.08197e-06
6.08211e-06
6.08224e-06
6.08237e-06
6.0825e-06
6.08263e-06
6.08277e-06
6.08291e-06
6.08306e-06
6.08322e-06
6.08338e-06
6.08354e-06
6.0837e-06
6.08385e-06
6.084e-06
6.08416e-06
6.08431e-06
6.08448e-06
6.08466e-06
6.08484e-06
6.08504e-06
6.08524e-06
6.08547e-06
6.08572e-06
6.08597e-06
6.08634e-06
6.08655e-06
6.08722e-06
6.07921e-06
6.07906e-06
6.07885e-06
6.07843e-06
6.078e-06
6.07758e-06
6.07717e-06
6.07676e-06
6.0764e-06
6.07608e-06
6.0758e-06
6.07559e-06
6.07542e-06
6.0753e-06
6.07521e-06
6.07514e-06
6.07509e-06
6.07505e-06
6.07502e-06
6.075e-06
6.07498e-06
6.07497e-06
6.07497e-06
6.07498e-06
6.07499e-06
6.07502e-06
6.07505e-06
6.0751e-06
6.07516e-06
6.07523e-06
6.07532e-06
6.07542e-06
6.07553e-06
6.07566e-06
6.07581e-06
6.07598e-06
6.07617e-06
6.0764e-06
6.07667e-06
6.07936e-06
6.0796e-06
6.0799e-06
6.08026e-06
6.08053e-06
6.08077e-06
6.081e-06
6.08119e-06
6.08136e-06
6.08151e-06
6.08166e-06
6.08179e-06
6.08192e-06
6.08204e-06
6.08217e-06
6.0823e-06
6.08243e-06
6.08257e-06
6.08271e-06
6.08286e-06
6.08302e-06
6.08319e-06
6.08335e-06
6.08351e-06
6.08367e-06
6.08382e-06
6.08398e-06
6.08415e-06
6.08432e-06
6.0845e-06
6.08469e-06
6.08489e-06
6.0851e-06
6.08533e-06
6.08559e-06
6.08585e-06
6.08621e-06
6.08643e-06
6.08708e-06
6.07903e-06
6.07887e-06
6.07863e-06
6.07819e-06
6.07773e-06
6.0773e-06
6.07685e-06
6.07641e-06
6.076e-06
6.07564e-06
6.07534e-06
6.0751e-06
6.07492e-06
6.07479e-06
6.07469e-06
6.07461e-06
6.07456e-06
6.07451e-06
6.07448e-06
6.07446e-06
6.07444e-06
6.07443e-06
6.07442e-06
6.07442e-06
6.07444e-06
6.07446e-06
6.07449e-06
6.07454e-06
6.07459e-06
6.07466e-06
6.07474e-06
6.07484e-06
6.07494e-06
6.07507e-06
6.07521e-06
6.07537e-06
6.07556e-06
6.07577e-06
6.07604e-06
6.07919e-06
6.07944e-06
6.07975e-06
6.08011e-06
6.08038e-06
6.08062e-06
6.08083e-06
6.08101e-06
6.08118e-06
6.08132e-06
6.08146e-06
6.08158e-06
6.0817e-06
6.08182e-06
6.08195e-06
6.08207e-06
6.0822e-06
6.08234e-06
6.08248e-06
6.08264e-06
6.0828e-06
6.08296e-06
6.08313e-06
6.0833e-06
6.08346e-06
6.08361e-06
6.08378e-06
6.08395e-06
6.08412e-06
6.08431e-06
6.0845e-06
6.08471e-06
6.08493e-06
6.08516e-06
6.08542e-06
6.08569e-06
6.08605e-06
6.08628e-06
6.08692e-06
6.07885e-06
6.07867e-06
6.0784e-06
6.07793e-06
6.07745e-06
6.077e-06
6.07652e-06
6.07603e-06
6.07558e-06
6.07518e-06
6.07485e-06
6.07459e-06
6.0744e-06
6.07425e-06
6.07415e-06
6.07407e-06
6.07401e-06
6.07396e-06
6.07393e-06
6.0739e-06
6.07388e-06
6.07387e-06
6.07386e-06
6.07386e-06
6.07387e-06
6.07389e-06
6.07392e-06
6.07396e-06
6.07401e-06
6.07408e-06
6.07415e-06
6.07424e-06
6.07435e-06
6.07447e-06
6.0746e-06
6.07476e-06
6.07493e-06
6.07514e-06
6.0754e-06
6.079e-06
6.07927e-06
6.07959e-06
6.07995e-06
6.08021e-06
6.08044e-06
6.08065e-06
6.08082e-06
6.08097e-06
6.08111e-06
6.08123e-06
6.08135e-06
6.08146e-06
6.08158e-06
6.08169e-06
6.08182e-06
6.08194e-06
6.08208e-06
6.08222e-06
6.08237e-06
6.08254e-06
6.0827e-06
6.08287e-06
6.08304e-06
6.08321e-06
6.08337e-06
6.08353e-06
6.08371e-06
6.08389e-06
6.08408e-06
6.08428e-06
6.08449e-06
6.08472e-06
6.08496e-06
6.08522e-06
6.0855e-06
6.08586e-06
6.08611e-06
6.08673e-06
6.07866e-06
6.07845e-06
6.07816e-06
6.07766e-06
6.07717e-06
6.07668e-06
6.07616e-06
6.07562e-06
6.07512e-06
6.07469e-06
6.07433e-06
6.07406e-06
6.07385e-06
6.0737e-06
6.07359e-06
6.07351e-06
6.07345e-06
6.0734e-06
6.07337e-06
6.07334e-06
6.07331e-06
6.0733e-06
6.07329e-06
6.07328e-06
6.07329e-06
6.0733e-06
6.07333e-06
6.07337e-06
6.07342e-06
6.07348e-06
6.07355e-06
6.07363e-06
6.07373e-06
6.07385e-06
6.07398e-06
6.07413e-06
6.0743e-06
6.0745e-06
6.07475e-06
6.0788e-06
6.07909e-06
6.07942e-06
6.07977e-06
6.08003e-06
6.08025e-06
6.08045e-06
6.08061e-06
6.08075e-06
6.08087e-06
6.08098e-06
6.08109e-06
6.0812e-06
6.0813e-06
6.08141e-06
6.08153e-06
6.08165e-06
6.08178e-06
6.08192e-06
6.08208e-06
6.08224e-06
6.08241e-06
6.08258e-06
6.08275e-06
6.08292e-06
6.08308e-06
6.08325e-06
6.08343e-06
6.08362e-06
6.08382e-06
6.08402e-06
6.08424e-06
6.08447e-06
6.08472e-06
6.08499e-06
6.08526e-06
6.08563e-06
6.08589e-06
6.08649e-06
6.07845e-06
6.07823e-06
6.0779e-06
6.07738e-06
6.07687e-06
6.07635e-06
6.07578e-06
6.07519e-06
6.07464e-06
6.07417e-06
6.07379e-06
6.07351e-06
6.0733e-06
6.07314e-06
6.07303e-06
6.07294e-06
6.07288e-06
6.07283e-06
6.07279e-06
6.07275e-06
6.07273e-06
6.0727e-06
6.07269e-06
6.07268e-06
6.07268e-06
6.07269e-06
6.07271e-06
6.07274e-06
6.07278e-06
6.07284e-06
6.0729e-06
6.07299e-06
6.07308e-06
6.07319e-06
6.07332e-06
6.07346e-06
6.07363e-06
6.07383e-06
6.07408e-06
6.0786e-06
6.07889e-06
6.07923e-06
6.07958e-06
6.07983e-06
6.08004e-06
6.08023e-06
6.08037e-06
6.0805e-06
6.08061e-06
6.08071e-06
6.0808e-06
6.0809e-06
6.081e-06
6.0811e-06
6.08121e-06
6.08132e-06
6.08145e-06
6.08159e-06
6.08174e-06
6.0819e-06
6.08206e-06
6.08224e-06
6.08241e-06
6.08258e-06
6.08275e-06
6.08293e-06
6.08311e-06
6.0833e-06
6.0835e-06
6.08372e-06
6.08394e-06
6.08418e-06
6.08443e-06
6.0847e-06
6.08499e-06
6.08535e-06
6.08564e-06
6.08622e-06
6.07824e-06
6.078e-06
6.07764e-06
6.07709e-06
6.07656e-06
6.07601e-06
6.07538e-06
6.07472e-06
6.07413e-06
6.07364e-06
6.07325e-06
6.07295e-06
6.07273e-06
6.07257e-06
6.07245e-06
6.07236e-06
6.07228e-06
6.07222e-06
6.07218e-06
6.07214e-06
6.0721e-06
6.07207e-06
6.07205e-06
6.07203e-06
6.07202e-06
6.07202e-06
6.07203e-06
6.07205e-06
6.07209e-06
6.07213e-06
6.07219e-06
6.07227e-06
6.07236e-06
6.07246e-06
6.07259e-06
6.07273e-06
6.0729e-06
6.07309e-06
6.07335e-06
6.07838e-06
6.07868e-06
6.07903e-06
6.07937e-06
6.07961e-06
6.07981e-06
6.07998e-06
6.08011e-06
6.08022e-06
6.08032e-06
6.0804e-06
6.08049e-06
6.08057e-06
6.08065e-06
6.08074e-06
6.08084e-06
6.08095e-06
6.08107e-06
6.0812e-06
6.08135e-06
6.0815e-06
6.08167e-06
6.08185e-06
6.08202e-06
6.08219e-06
6.08236e-06
6.08254e-06
6.08273e-06
6.08293e-06
6.08313e-06
6.08335e-06
6.08358e-06
6.08383e-06
6.08409e-06
6.08437e-06
6.08467e-06
6.08503e-06
6.08533e-06
6.0859e-06
6.07801e-06
6.07775e-06
6.07736e-06
6.07679e-06
6.07623e-06
6.07564e-06
6.07495e-06
6.07424e-06
6.07361e-06
6.07309e-06
6.07269e-06
6.07238e-06
6.07215e-06
6.07198e-06
6.07184e-06
6.07174e-06
6.07165e-06
6.07158e-06
6.07152e-06
6.07147e-06
6.07143e-06
6.07139e-06
6.07135e-06
6.07132e-06
6.0713e-06
6.07128e-06
6.07128e-06
6.07129e-06
6.07132e-06
6.07135e-06
6.07141e-06
6.07147e-06
6.07155e-06
6.07165e-06
6.07176e-06
6.0719e-06
6.07206e-06
6.07225e-06
6.07251e-06
6.07814e-06
6.07846e-06
6.07881e-06
6.07914e-06
6.07937e-06
6.07956e-06
6.07971e-06
6.07983e-06
6.07992e-06
6.08e-06
6.08007e-06
6.08014e-06
6.0802e-06
6.08027e-06
6.08035e-06
6.08044e-06
6.08053e-06
6.08064e-06
6.08076e-06
6.0809e-06
6.08105e-06
6.08121e-06
6.08138e-06
6.08155e-06
6.08172e-06
6.08189e-06
6.08207e-06
6.08227e-06
6.08247e-06
6.08268e-06
6.08291e-06
6.08315e-06
6.0834e-06
6.08367e-06
6.08396e-06
6.08427e-06
6.08464e-06
6.08497e-06
6.08552e-06
6.07776e-06
6.07749e-06
6.07707e-06
6.07647e-06
6.0759e-06
6.07526e-06
6.07449e-06
6.07373e-06
6.07307e-06
6.07254e-06
6.07212e-06
6.07179e-06
6.07154e-06
6.07135e-06
6.0712e-06
6.07108e-06
6.07098e-06
6.0709e-06
6.07083e-06
6.07077e-06
6.07071e-06
6.07066e-06
6.07062e-06
6.07057e-06
6.07054e-06
6.07051e-06
6.0705e-06
6.0705e-06
6.07051e-06
6.07053e-06
6.07057e-06
6.07062e-06
6.07069e-06
6.07077e-06
6.07087e-06
6.07099e-06
6.07114e-06
6.07131e-06
6.07157e-06
6.07789e-06
6.07822e-06
6.07857e-06
6.07889e-06
6.07911e-06
6.07929e-06
6.07942e-06
6.07951e-06
6.07959e-06
6.07965e-06
6.0797e-06
6.07975e-06
6.0798e-06
6.07985e-06
6.07991e-06
6.07998e-06
6.08006e-06
6.08015e-06
6.08025e-06
6.08037e-06
6.0805e-06
6.08065e-06
6.08081e-06
6.08098e-06
6.08114e-06
6.08131e-06
6.08149e-06
6.08169e-06
6.0819e-06
6.08212e-06
6.08235e-06
6.0826e-06
6.08286e-06
6.08315e-06
6.08345e-06
6.08377e-06
6.08416e-06
6.08451e-06
6.08507e-06
6.07751e-06
6.07721e-06
6.07677e-06
6.07614e-06
6.07555e-06
6.07485e-06
6.07402e-06
6.07321e-06
6.07252e-06
6.07197e-06
6.07153e-06
6.07118e-06
6.07091e-06
6.0707e-06
6.07053e-06
6.0704e-06
6.07029e-06
6.0702e-06
6.07013e-06
6.07006e-06
6.07001e-06
6.06995e-06
6.0699e-06
6.06986e-06
6.06982e-06
6.06979e-06
6.06977e-06
6.06976e-06
6.06976e-06
6.06977e-06
6.0698e-06
6.06983e-06
6.06987e-06
6.06993e-06
6.07e-06
6.0701e-06
6.07022e-06
6.07035e-06
6.07058e-06
6.07763e-06
6.07797e-06
6.07832e-06
6.07863e-06
6.07884e-06
6.07899e-06
6.0791e-06
6.07917e-06
6.07922e-06
6.07927e-06
6.07929e-06
6.07932e-06
6.07934e-06
6.07937e-06
6.07941e-06
6.07945e-06
6.0795e-06
6.07957e-06
6.07964e-06
6.07973e-06
6.07985e-06
6.07998e-06
6.08012e-06
6.08028e-06
6.08044e-06
6.08061e-06
6.08078e-06
6.08098e-06
6.08119e-06
6.08141e-06
6.08165e-06
6.08191e-06
6.08218e-06
6.08247e-06
6.08279e-06
6.08313e-06
6.08353e-06
6.08391e-06
6.08449e-06
6.07724e-06
6.07693e-06
6.07645e-06
6.0758e-06
6.07518e-06
6.07442e-06
6.07352e-06
6.07267e-06
6.07197e-06
6.07139e-06
6.07092e-06
6.07055e-06
6.07027e-06
6.07005e-06
6.06988e-06
6.06975e-06
6.06965e-06
6.06958e-06
6.06952e-06
6.06946e-06
6.06942e-06
6.06938e-06
6.06934e-06
6.06931e-06
6.06929e-06
6.06927e-06
6.06926e-06
6.06925e-06
6.06925e-06
6.06925e-06
6.06925e-06
6.06927e-06
6.06928e-06
6.06931e-06
6.06934e-06
6.06939e-06
6.06946e-06
6.06954e-06
6.06969e-06
6.07735e-06
6.0777e-06
6.07804e-06
6.07834e-06
6.07853e-06
6.07867e-06
6.07875e-06
6.0788e-06
6.07883e-06
6.07885e-06
6.07885e-06
6.07884e-06
6.07884e-06
6.07884e-06
6.07885e-06
6.07885e-06
6.07886e-06
6.07889e-06
6.07893e-06
6.079e-06
6.07909e-06
6.0792e-06
6.07933e-06
6.07948e-06
6.07963e-06
6.07978e-06
6.07996e-06
6.08015e-06
6.08035e-06
6.08057e-06
6.08081e-06
6.08107e-06
6.08135e-06
6.08165e-06
6.08197e-06
6.08232e-06
6.08274e-06
6.08315e-06
6.08374e-06
6.07695e-06
6.07662e-06
6.07612e-06
6.07545e-06
6.0748e-06
6.07396e-06
6.073e-06
6.07213e-06
6.07141e-06
6.0708e-06
6.07032e-06
6.06994e-06
6.06967e-06
6.06948e-06
6.06935e-06
6.06926e-06
6.0692e-06
6.06917e-06
6.06914e-06
6.06912e-06
6.06911e-06
6.0691e-06
6.0691e-06
6.0691e-06
6.06911e-06
6.06912e-06
6.06914e-06
6.06915e-06
6.06916e-06
6.06917e-06
6.06918e-06
6.06918e-06
6.06918e-06
6.06919e-06
6.06919e-06
6.06919e-06
6.06919e-06
6.0692e-06
6.06923e-06
6.07706e-06
6.07741e-06
6.07775e-06
6.07803e-06
6.07821e-06
6.07832e-06
6.07838e-06
6.0784e-06
6.07841e-06
6.07839e-06
6.07836e-06
6.07832e-06
6.07829e-06
6.07825e-06
6.0782e-06
6.07816e-06
6.07813e-06
6.07812e-06
6.07814e-06
6.07818e-06
6.07825e-06
6.07835e-06
6.07847e-06
6.0786e-06
6.07874e-06
6.07889e-06
6.07906e-06
6.07924e-06
6.07944e-06
6.07965e-06
6.07989e-06
6.08014e-06
6.08041e-06
6.0807e-06
6.08103e-06
6.08138e-06
6.0818e-06
6.08222e-06
6.08281e-06
6.07665e-06
6.0763e-06
6.07578e-06
6.07509e-06
6.0744e-06
6.07349e-06
6.07248e-06
6.07158e-06
6.07084e-06
6.07022e-06
6.06974e-06
6.06942e-06
6.06923e-06
6.06912e-06
6.06907e-06
6.06906e-06
6.06907e-06
6.06909e-06
6.06912e-06
6.06915e-06
6.06918e-06
6.06921e-06
6.06925e-06
6.06929e-06
6.06934e-06
6.06938e-06
6.06942e-06
6.06945e-06
6.06948e-06
6.0695e-06
6.06952e-06
6.06953e-06
6.06954e-06
6.06954e-06
6.06953e-06
6.06951e-06
6.06949e-06
6.06946e-06
6.0694e-06
6.07674e-06
6.0771e-06
6.07743e-06
6.0777e-06
6.07786e-06
6.07794e-06
6.07797e-06
6.07798e-06
6.07794e-06
6.07788e-06
6.07782e-06
6.07775e-06
6.07766e-06
6.07757e-06
6.07748e-06
6.07739e-06
6.07733e-06
6.0773e-06
6.07729e-06
6.07732e-06
6.07738e-06
6.07746e-06
6.07757e-06
6.0777e-06
6.07783e-06
6.07797e-06
6.07813e-06
6.0783e-06
6.07849e-06
6.0787e-06
6.07892e-06
6.07916e-06
6.07943e-06
6.07971e-06
6.08002e-06
6.08036e-06
6.08076e-06
6.08118e-06
6.08176e-06
6.07634e-06
6.07597e-06
6.07542e-06
6.07471e-06
6.07399e-06
6.073e-06
6.07195e-06
6.07103e-06
6.07027e-06
6.06968e-06
6.06929e-06
6.06909e-06
6.06904e-06
6.06906e-06
6.06912e-06
6.06919e-06
6.06926e-06
6.06933e-06
6.06939e-06
6.06945e-06
6.06951e-06
6.06957e-06
6.06963e-06
6.0697e-06
6.06977e-06
6.06984e-06
6.06989e-06
6.06994e-06
6.06999e-06
6.07002e-06
6.07005e-06
6.07007e-06
6.07008e-06
6.07009e-06
6.07008e-06
6.07007e-06
6.07004e-06
6.07001e-06
6.06993e-06
6.07641e-06
6.07677e-06
6.07709e-06
6.07734e-06
6.07748e-06
6.07753e-06
6.07754e-06
6.07751e-06
6.07744e-06
6.07734e-06
6.07724e-06
6.07711e-06
6.07697e-06
6.07682e-06
6.07669e-06
6.07658e-06
6.07649e-06
6.07644e-06
6.07642e-06
6.07643e-06
6.07648e-06
6.07655e-06
6.07665e-06
6.07676e-06
6.07689e-06
6.07702e-06
6.07717e-06
6.07734e-06
6.07752e-06
6.07772e-06
6.07793e-06
6.07817e-06
6.07842e-06
6.07869e-06
6.07899e-06
6.07931e-06
6.0797e-06
6.0801e-06
6.08065e-06
6.076e-06
6.07562e-06
6.07504e-06
6.07432e-06
6.07355e-06
6.07249e-06
6.07142e-06
6.07048e-06
6.06974e-06
6.06925e-06
6.06903e-06
6.06904e-06
6.06914e-06
6.06927e-06
6.0694e-06
6.06952e-06
6.06964e-06
6.06974e-06
6.06983e-06
6.06992e-06
6.07001e-06
6.0701e-06
6.07019e-06
6.07029e-06
6.07039e-06
6.07049e-06
6.07057e-06
6.07064e-06
6.07071e-06
6.07076e-06
6.0708e-06
6.07083e-06
6.07085e-06
6.07086e-06
6.07085e-06
6.07084e-06
6.07081e-06
6.07078e-06
6.07069e-06
6.07606e-06
6.07642e-06
6.07673e-06
6.07696e-06
6.07707e-06
6.07709e-06
6.07707e-06
6.07701e-06
6.07688e-06
6.07675e-06
6.0766e-06
6.07641e-06
6.07622e-06
6.07603e-06
6.07587e-06
6.07574e-06
6.07564e-06
6.07556e-06
6.07552e-06
6.07551e-06
6.07554e-06
6.07559e-06
6.07567e-06
6.07577e-06
6.07588e-06
6.07601e-06
6.07615e-06
6.07631e-06
6.07648e-06
6.07668e-06
6.07688e-06
6.07711e-06
6.07736e-06
6.07762e-06
6.07791e-06
6.07823e-06
6.0786e-06
6.07899e-06
6.07951e-06
6.07565e-06
6.07525e-06
6.07465e-06
6.07392e-06
6.0731e-06
6.07197e-06
6.07089e-06
6.06995e-06
6.0693e-06
6.06901e-06
6.06904e-06
6.06921e-06
6.06943e-06
6.06964e-06
6.06984e-06
6.07002e-06
6.07019e-06
6.07033e-06
6.07047e-06
6.0706e-06
6.07072e-06
6.07085e-06
6.07098e-06
6.07113e-06
6.07127e-06
6.0714e-06
6.07152e-06
6.07162e-06
6.07171e-06
6.07178e-06
6.07184e-06
6.07189e-06
6.07192e-06
6.07194e-06
6.07194e-06
6.07193e-06
6.07189e-06
6.07185e-06
6.07174e-06
6.07568e-06
6.07604e-06
6.07634e-06
6.07654e-06
6.07663e-06
6.07663e-06
6.07658e-06
6.07647e-06
6.07629e-06
6.07613e-06
6.07591e-06
6.07567e-06
6.07543e-06
6.07522e-06
6.07503e-06
6.07487e-06
6.07474e-06
6.07464e-06
6.07456e-06
6.07453e-06
6.07452e-06
6.07455e-06
6.07461e-06
6.0747e-06
6.0748e-06
6.07491e-06
6.07504e-06
6.07519e-06
6.07536e-06
6.07554e-06
6.07574e-06
6.07596e-06
6.0762e-06
6.07646e-06
6.07674e-06
6.07705e-06
6.0774e-06
6.07778e-06
6.07829e-06
6.07527e-06
6.07486e-06
6.07425e-06
6.0735e-06
6.07263e-06
6.07145e-06
6.07036e-06
6.06947e-06
6.06902e-06
6.06901e-06
6.06924e-06
6.06954e-06
6.06987e-06
6.07019e-06
6.07048e-06
6.07073e-06
6.07096e-06
6.07116e-06
6.07135e-06
6.07152e-06
6.07169e-06
6.07186e-06
6.07203e-06
6.07222e-06
6.07241e-06
6.07258e-06
6.07273e-06
6.07287e-06
6.07299e-06
6.07309e-06
6.07318e-06
6.07324e-06
6.07329e-06
6.07332e-06
6.07334e-06
6.07334e-06
6.07331e-06
6.07328e-06
6.07316e-06
6.07528e-06
6.07563e-06
6.07592e-06
6.0761e-06
6.07616e-06
6.07612e-06
6.07605e-06
6.07588e-06
6.07567e-06
6.07546e-06
6.07518e-06
6.07489e-06
6.07462e-06
6.07437e-06
6.07415e-06
6.07395e-06
6.07378e-06
6.07363e-06
6.07353e-06
6.07345e-06
6.07342e-06
6.07343e-06
6.07347e-06
6.07354e-06
6.07363e-06
6.07373e-06
6.07386e-06
6.074e-06
6.07416e-06
6.07435e-06
6.07455e-06
6.07477e-06
6.07501e-06
6.07526e-06
6.07554e-06
6.07585e-06
6.07621e-06
6.07658e-06
6.07707e-06
6.07487e-06
6.07446e-06
6.07383e-06
6.07307e-06
6.07214e-06
6.07093e-06
6.06984e-06
6.0691e-06
6.06896e-06
6.06917e-06
6.06957e-06
6.07004e-06
6.07051e-06
6.07094e-06
6.07133e-06
6.07167e-06
6.07196e-06
6.07222e-06
6.07246e-06
6.07267e-06
6.07288e-06
6.07309e-06
6.07331e-06
6.07354e-06
6.07377e-06
6.07398e-06
6.07417e-06
6.07434e-06
6.07449e-06
6.07462e-06
6.07473e-06
6.07482e-06
6.07489e-06
6.07494e-06
6.07498e-06
6.07499e-06
6.07498e-06
6.07496e-06
6.07484e-06
6.07492e-06
6.07527e-06
6.07553e-06
6.07569e-06
6.07572e-06
6.07564e-06
6.07552e-06
6.07526e-06
6.07501e-06
6.07468e-06
6.07435e-06
6.07404e-06
6.07376e-06
6.07349e-06
6.07325e-06
6.07303e-06
6.07283e-06
6.07267e-06
6.07254e-06
6.07244e-06
6.07239e-06
6.07237e-06
6.07239e-06
6.07244e-06
6.07251e-06
6.0726e-06
6.07271e-06
6.07284e-06
6.07299e-06
6.07317e-06
6.07336e-06
6.07358e-06
6.07382e-06
6.07408e-06
6.07437e-06
6.07468e-06
6.07505e-06
6.07544e-06
6.07593e-06
6.07452e-06
6.07409e-06
6.07345e-06
6.07267e-06
6.07167e-06
6.07043e-06
6.06933e-06
6.0689e-06
6.06903e-06
6.06946e-06
6.07005e-06
6.07067e-06
6.07126e-06
6.0718e-06
6.07226e-06
6.07266e-06
6.073e-06
6.0733e-06
6.07357e-06
6.07381e-06
6.07405e-06
6.07429e-06
6.07453e-06
6.07479e-06
6.07506e-06
6.0753e-06
6.07553e-06
6.07573e-06
6.07591e-06
6.07607e-06
6.07621e-06
6.07633e-06
6.07643e-06
6.07651e-06
6.07657e-06
6.07661e-06
6.07662e-06
6.07663e-06
6.07653e-06
6.07461e-06
6.07495e-06
6.07519e-06
6.07531e-06
6.0753e-06
6.07517e-06
6.07498e-06
6.07462e-06
6.07431e-06
6.07377e-06
6.07338e-06
6.07307e-06
6.0728e-06
6.07256e-06
6.07233e-06
6.07212e-06
6.07193e-06
6.07177e-06
6.07164e-06
6.07155e-06
6.07148e-06
6.07145e-06
6.07146e-06
6.07149e-06
6.07154e-06
6.07161e-06
6.07169e-06
6.0718e-06
6.07193e-06
6.07207e-06
6.07224e-06
6.07242e-06
6.07263e-06
6.07286e-06
6.07313e-06
6.07342e-06
6.07377e-06
6.07415e-06
6.07465e-06
6.07421e-06
6.07377e-06
6.07312e-06
6.07231e-06
6.07125e-06
6.06998e-06
6.06888e-06
6.0689e-06
6.06928e-06
6.06994e-06
6.07069e-06
6.07143e-06
6.0721e-06
6.07269e-06
6.0732e-06
6.07362e-06
6.07398e-06
6.0743e-06
6.07458e-06
6.07485e-06
6.0751e-06
6.07535e-06
6.07561e-06
6.07589e-06
6.07617e-06
6.07644e-06
6.07669e-06
6.07691e-06
6.07712e-06
6.07731e-06
6.07748e-06
6.07763e-06
6.07777e-06
6.07788e-06
6.07799e-06
6.07807e-06
6.07813e-06
6.07819e-06
6.07815e-06
6.07427e-06
6.07459e-06
6.07481e-06
6.0749e-06
6.07484e-06
6.07466e-06
6.07439e-06
6.07393e-06
6.07354e-06
6.07278e-06
6.07233e-06
6.07204e-06
6.0718e-06
6.07158e-06
6.07137e-06
6.07118e-06
6.07101e-06
6.07086e-06
6.07073e-06
6.07064e-06
6.07057e-06
6.07054e-06
6.07054e-06
6.07056e-06
6.07059e-06
6.07065e-06
6.07072e-06
6.0708e-06
6.07091e-06
6.07102e-06
6.07115e-06
6.0713e-06
6.07147e-06
6.07165e-06
6.07187e-06
6.07211e-06
6.07241e-06
6.07273e-06
6.07318e-06
6.07387e-06
6.07343e-06
6.07277e-06
6.07194e-06
6.07082e-06
6.06954e-06
6.06851e-06
6.06902e-06
6.06969e-06
6.07058e-06
6.07148e-06
6.07231e-06
6.07305e-06
6.07367e-06
6.0742e-06
6.07465e-06
6.07503e-06
6.07536e-06
6.07565e-06
6.07593e-06
6.07619e-06
6.07645e-06
6.07673e-06
6.07702e-06
6.07732e-06
6.0776e-06
6.07787e-06
6.07812e-06
6.07835e-06
6.07856e-06
6.07876e-06
6.07894e-06
6.0791e-06
6.07925e-06
6.07939e-06
6.07952e-06
6.07963e-06
6.07975e-06
6.07978e-06
6.0739e-06
6.0742e-06
6.07439e-06
6.07444e-06
6.07434e-06
6.0741e-06
6.07375e-06
6.0732e-06
6.07271e-06
6.07174e-06
6.07127e-06
6.071e-06
6.07079e-06
6.0706e-06
6.07042e-06
6.07025e-06
6.07009e-06
6.06996e-06
6.06985e-06
6.06976e-06
6.0697e-06
6.06967e-06
6.06966e-06
6.06967e-06
6.06969e-06
6.06972e-06
6.06977e-06
6.06982e-06
6.0699e-06
6.06998e-06
6.07008e-06
6.07019e-06
6.07032e-06
6.07047e-06
6.07063e-06
6.07082e-06
6.07105e-06
6.07131e-06
6.07167e-06
6.0735e-06
6.07306e-06
6.07239e-06
6.07154e-06
6.07037e-06
6.06912e-06
6.06825e-06
6.06931e-06
6.07027e-06
6.07137e-06
6.07239e-06
6.07329e-06
6.07406e-06
6.07472e-06
6.07526e-06
6.07572e-06
6.07611e-06
6.07645e-06
6.07675e-06
6.07703e-06
6.0773e-06
6.07757e-06
6.07785e-06
6.07816e-06
6.07847e-06
6.07877e-06
6.07905e-06
6.07932e-06
6.07957e-06
6.07981e-06
6.08003e-06
6.08024e-06
6.08044e-06
6.08062e-06
6.0808e-06
6.08097e-06
6.08113e-06
6.08131e-06
6.08141e-06
6.07348e-06
6.07377e-06
6.07393e-06
6.07394e-06
6.0738e-06
6.07349e-06
6.07306e-06
6.07244e-06
6.07183e-06
6.07072e-06
6.07025e-06
6.07002e-06
6.06984e-06
6.06968e-06
6.06953e-06
6.0694e-06
6.06929e-06
6.0692e-06
6.06914e-06
6.06909e-06
6.06907e-06
6.06905e-06
6.06905e-06
6.06905e-06
6.06906e-06
6.06906e-06
6.06908e-06
6.06909e-06
6.06913e-06
6.06916e-06
6.0692e-06
6.06925e-06
6.06932e-06
6.06941e-06
6.06951e-06
6.06963e-06
6.06979e-06
6.06998e-06
6.07025e-06
6.0731e-06
6.07265e-06
6.07198e-06
6.07111e-06
6.06991e-06
6.06874e-06
6.06814e-06
6.06975e-06
6.07098e-06
6.07224e-06
6.07335e-06
6.07429e-06
6.07509e-06
6.07576e-06
6.07631e-06
6.07677e-06
6.07716e-06
6.07749e-06
6.07779e-06
6.07807e-06
6.07834e-06
6.07861e-06
6.07889e-06
6.0792e-06
6.07952e-06
6.07983e-06
6.08012e-06
6.0804e-06
6.08067e-06
6.08093e-06
6.08118e-06
6.08141e-06
6.08164e-06
6.08186e-06
6.08208e-06
6.08229e-06
6.0825e-06
6.08272e-06
6.08289e-06
6.07302e-06
6.07329e-06
6.07342e-06
6.07339e-06
6.0732e-06
6.07284e-06
6.07233e-06
6.07164e-06
6.07091e-06
6.0698e-06
6.06937e-06
6.06918e-06
6.06906e-06
6.06897e-06
6.06891e-06
6.06887e-06
6.06885e-06
6.06887e-06
6.06892e-06
6.06898e-06
6.06904e-06
6.0691e-06
6.06915e-06
6.06919e-06
6.06921e-06
6.06923e-06
6.06925e-06
6.06925e-06
6.06925e-06
6.06925e-06
6.06925e-06
6.06924e-06
6.06924e-06
6.06924e-06
6.06924e-06
6.06925e-06
6.06927e-06
6.06932e-06
6.0694e-06
6.07265e-06
6.07221e-06
6.07155e-06
6.07067e-06
6.06946e-06
6.06843e-06
6.06821e-06
6.07028e-06
6.07172e-06
6.07312e-06
6.07428e-06
6.07524e-06
6.07603e-06
6.07669e-06
6.07723e-06
6.07767e-06
6.07805e-06
6.07838e-06
6.07867e-06
6.07894e-06
6.0792e-06
6.07946e-06
6.07974e-06
6.08004e-06
6.08036e-06
6.08067e-06
6.08097e-06
6.08126e-06
6.08153e-06
6.08181e-06
6.08207e-06
6.08232e-06
6.08257e-06
6.08282e-06
6.08306e-06
6.08332e-06
6.08358e-06
6.08387e-06
6.08413e-06
6.07251e-06
6.07276e-06
6.07285e-06
6.07279e-06
6.07255e-06
6.07214e-06
6.07158e-06
6.07084e-06
6.06999e-06
6.06909e-06
6.06877e-06
6.06869e-06
6.06869e-06
6.06875e-06
6.06886e-06
6.06899e-06
6.06914e-06
6.0693e-06
6.06946e-06
6.06961e-06
6.06974e-06
6.06986e-06
6.06996e-06
6.07004e-06
6.0701e-06
6.07014e-06
6.07017e-06
6.07019e-06
6.07018e-06
6.07019e-06
6.07018e-06
6.07015e-06
6.07011e-06
6.07006e-06
6.06999e-06
6.06991e-06
6.06981e-06
6.06972e-06
6.06961e-06
6.07217e-06
6.07174e-06
6.07108e-06
6.07022e-06
6.06902e-06
6.06822e-06
6.06848e-06
6.07078e-06
6.07239e-06
6.07388e-06
6.07505e-06
6.076e-06
6.07677e-06
6.0774e-06
6.0779e-06
6.07833e-06
6.07868e-06
6.07899e-06
6.07927e-06
6.07952e-06
6.07977e-06
6.08002e-06
6.08029e-06
6.08058e-06
6.08089e-06
6.0812e-06
6.08149e-06
6.08178e-06
6.08207e-06
6.08235e-06
6.08263e-06
6.08291e-06
6.08319e-06
6.08346e-06
6.08374e-06
6.08402e-06
6.08431e-06
6.08463e-06
6.0849e-06
6.07195e-06
6.07217e-06
6.07223e-06
6.07213e-06
6.07186e-06
6.07142e-06
6.07081e-06
6.07004e-06
6.06914e-06
6.06869e-06
6.06865e-06
6.06878e-06
6.06898e-06
6.0692e-06
6.06942e-06
6.06965e-06
6.06988e-06
6.07009e-06
6.0703e-06
6.07049e-06
6.07067e-06
6.07083e-06
6.07096e-06
6.07107e-06
6.07116e-06
6.07123e-06
6.0713e-06
6.07136e-06
6.07139e-06
6.07145e-06
6.07149e-06
6.07152e-06
6.07155e-06
6.07158e-06
6.0716e-06
6.07161e-06
6.0716e-06
6.07161e-06
6.07155e-06
6.07163e-06
6.07122e-06
6.0706e-06
6.06976e-06
6.06862e-06
6.06813e-06
6.06881e-06
6.07115e-06
6.07285e-06
6.07438e-06
6.07554e-06
6.07645e-06
6.07717e-06
6.07776e-06
6.07824e-06
6.07864e-06
6.07898e-06
6.07928e-06
6.07954e-06
6.07979e-06
6.08003e-06
6.08027e-06
6.08053e-06
6.08082e-06
6.08113e-06
6.08144e-06
6.08173e-06
6.08202e-06
6.08231e-06
6.08258e-06
6.08285e-06
6.0831e-06
6.08335e-06
6.0836e-06
6.08386e-06
6.08413e-06
6.08442e-06
6.08476e-06
6.0851e-06
6.07133e-06
6.07151e-06
6.07155e-06
6.07142e-06
6.07113e-06
6.07067e-06
6.07005e-06
6.06928e-06
6.06846e-06
6.06857e-06
6.0688e-06
6.0691e-06
6.06943e-06
6.06975e-06
6.07005e-06
6.07034e-06
6.07062e-06
6.07089e-06
6.07114e-06
6.07137e-06
6.07159e-06
6.07178e-06
6.07195e-06
6.0721e-06
6.07223e-06
6.07233e-06
6.07243e-06
6.0725e-06
6.07253e-06
6.07262e-06
6.07266e-06
6.07268e-06
6.07269e-06
6.07267e-06
6.07265e-06
6.0726e-06
6.07254e-06
6.0725e-06
6.07242e-06
6.07104e-06
6.07066e-06
6.07009e-06
6.0693e-06
6.06827e-06
6.06815e-06
6.06911e-06
6.07125e-06
6.07297e-06
6.0745e-06
6.07563e-06
6.07651e-06
6.07722e-06
6.07781e-06
6.07829e-06
6.0787e-06
6.07906e-06
6.07937e-06
6.07965e-06
6.07991e-06
6.08017e-06
6.08044e-06
6.08074e-06
6.08106e-06
6.08141e-06
6.08176e-06
6.08211e-06
6.08245e-06
6.0828e-06
6.08314e-06
6.08348e-06
6.08383e-06
6.08418e-06
6.08455e-06
6.08491e-06
6.08528e-06
6.08565e-06
6.08605e-06
6.08637e-06
6.07065e-06
6.07079e-06
6.0708e-06
6.07066e-06
6.07037e-06
6.06991e-06
6.06933e-06
6.0686e-06
6.06803e-06
6.06858e-06
6.06902e-06
6.06944e-06
6.06988e-06
6.07027e-06
6.07064e-06
6.07099e-06
6.07132e-06
6.07164e-06
6.07194e-06
6.07222e-06
6.07248e-06
6.07271e-06
6.07292e-06
6.0731e-06
6.07326e-06
6.07341e-06
6.07355e-06
6.07371e-06
6.07386e-06
6.07398e-06
6.07412e-06
6.07427e-06
6.07443e-06
6.0746e-06
6.07477e-06
6.07496e-06
6.07513e-06
6.07537e-06
6.07556e-06
6.0704e-06
6.07007e-06
6.06956e-06
6.06885e-06
6.068e-06
6.06819e-06
6.06927e-06
6.07102e-06
6.07267e-06
6.07421e-06
6.07538e-06
6.07633e-06
6.07713e-06
6.07781e-06
6.0784e-06
6.07891e-06
6.07936e-06
6.07977e-06
6.08014e-06
6.08048e-06
6.08083e-06
6.08118e-06
6.08156e-06
6.08199e-06
6.08243e-06
6.08287e-06
6.08329e-06
6.0837e-06
6.08408e-06
6.08445e-06
6.08479e-06
6.0851e-06
6.08539e-06
6.08565e-06
6.08589e-06
6.08611e-06
6.08634e-06
6.08661e-06
6.0869e-06
6.06989e-06
6.06999e-06
6.06998e-06
6.06984e-06
6.06958e-06
6.06918e-06
6.06868e-06
6.06808e-06
6.0679e-06
6.06858e-06
6.06911e-06
6.06962e-06
6.07016e-06
6.07064e-06
6.07107e-06
6.07147e-06
6.07184e-06
6.07219e-06
6.07252e-06
6.07284e-06
6.07313e-06
6.07341e-06
6.07366e-06
6.07387e-06
6.07405e-06
6.07419e-06
6.07435e-06
6.07444e-06
6.07445e-06
6.07463e-06
6.07473e-06
6.0748e-06
6.07483e-06
6.07484e-06
6.07484e-06
6.07486e-06
6.07488e-06
6.07501e-06
6.07516e-06
6.0697e-06
6.06942e-06
6.06901e-06
6.06844e-06
6.06782e-06
6.06821e-06
6.06922e-06
6.07039e-06
6.07197e-06
6.07368e-06
6.0751e-06
6.07634e-06
6.07741e-06
6.07835e-06
6.07914e-06
6.07983e-06
6.08044e-06
6.08098e-06
6.08148e-06
6.08195e-06
6.08242e-06
6.0829e-06
6.08344e-06
6.08404e-06
6.0847e-06
6.08537e-06
6.08604e-06
6.08671e-06
6.08739e-06
6.08808e-06
6.08877e-06
6.08948e-06
6.0902e-06
6.09094e-06
6.09171e-06
6.09254e-06
6.09342e-06
6.09444e-06
6.09535e-06
6.06905e-06
6.06911e-06
6.06909e-06
6.06898e-06
6.06879e-06
6.0685e-06
6.06814e-06
6.06777e-06
6.06793e-06
6.06838e-06
6.06887e-06
6.06945e-06
6.07008e-06
6.07064e-06
6.07115e-06
6.07162e-06
6.07205e-06
6.07246e-06
6.07283e-06
6.07319e-06
6.07353e-06
6.07387e-06
6.07419e-06
6.0745e-06
6.0748e-06
6.0751e-06
6.07538e-06
6.07575e-06
6.07622e-06
6.0766e-06
6.07697e-06
6.07735e-06
6.07775e-06
6.07817e-06
6.07861e-06
6.07911e-06
6.07962e-06
6.08031e-06
6.081e-06
6.06892e-06
6.06874e-06
6.06846e-06
6.06807e-06
6.06773e-06
6.06813e-06
6.06885e-06
6.06939e-06
6.07109e-06
6.07321e-06
6.07503e-06
6.07656e-06
6.07782e-06
6.07886e-06
6.07968e-06
6.08036e-06
6.08092e-06
6.0814e-06
6.08183e-06
6.08222e-06
6.0826e-06
6.08299e-06
6.0834e-06
6.08383e-06
6.08428e-06
6.08472e-06
6.08513e-06
6.08553e-06
6.0859e-06
6.08624e-06
6.08657e-06
6.08688e-06
6.08717e-06
6.08744e-06
6.08769e-06
6.08793e-06
6.08818e-06
6.0884e-06
6.08862e-06
6.06812e-06
6.06814e-06
6.06813e-06
6.06808e-06
6.068e-06
6.06789e-06
6.06775e-06
6.06766e-06
6.06781e-06
6.0679e-06
6.06845e-06
6.06928e-06
6.07025e-06
6.07118e-06
6.07207e-06
6.07293e-06
6.07377e-06
6.07457e-06
6.07535e-06
6.07611e-06
6.07682e-06
6.07748e-06
6.07808e-06
6.07858e-06
6.07902e-06
6.07939e-06
6.0797e-06
6.08008e-06
6.08031e-06
6.08014e-06
6.08026e-06
6.08037e-06
6.08046e-06
6.08053e-06
6.08057e-06
6.08057e-06
6.08061e-06
6.08071e-06
6.08085e-06
6.06807e-06
6.068e-06
6.0679e-06
6.06776e-06
6.06768e-06
6.06786e-06
6.06812e-06
6.06818e-06
6.07003e-06
6.07183e-06
6.07287e-06
6.07337e-06
6.0735e-06
6.07341e-06
6.07315e-06
6.07292e-06
6.0728e-06
6.07276e-06
6.07277e-06
6.07281e-06
6.07289e-06
6.07299e-06
6.07312e-06
6.0733e-06
6.07353e-06
6.07379e-06
6.07408e-06
6.07438e-06
6.07471e-06
6.07505e-06
6.07539e-06
6.07574e-06
6.07609e-06
6.07644e-06
6.0768e-06
6.07717e-06
6.07755e-06
6.078e-06
6.07837e-06
0.102356
0.119474
0.121984
0.112277
0.0893299
0.0550906
0.0230559
0.00655846
0.00117224
3.09289e-06
9.92459e-09
0
1.25627e-09
5.15073e-07
3.56376e-06
5.83746e-06
6.35389e-06
6.26706e-06
6.15522e-06
6.10992e-06
6.10085e-06
6.10104e-06
6.10109e-06
6.10001e-06
6.09854e-06
6.09718e-06
6.09603e-06
6.09505e-06
6.09421e-06
6.09347e-06
6.0928e-06
6.09221e-06
6.09169e-06
6.09122e-06
6.0908e-06
6.09042e-06
6.09008e-06
6.08978e-06
6.08951e-06
6.08927e-06
6.08904e-06
6.08884e-06
6.08866e-06
6.08849e-06
6.08834e-06
6.08819e-06
6.08805e-06
6.08792e-06
6.08778e-06
6.08763e-06
6.08746e-06
6.08728e-06
6.08708e-06
6.08686e-06
6.08664e-06
6.08639e-06
6.08608e-06
6.08572e-06
6.08528e-06
6.08472e-06
6.08398e-06
6.08306e-06
6.082e-06
6.08088e-06
6.07973e-06
6.0785e-06
6.07727e-06
6.07614e-06
6.07485e-06
6.07335e-06
6.0718e-06
6.07033e-06
6.06942e-06
6.0696e-06
6.07155e-06
6.07244e-06
6.07567e-06
6.07523e-06
6.08142e-06
6.08092e-06
0.106426
0.103498
0.0870233
0.0652701
0.0372125
0.0124523
0.00207362
3.13954e-06
1.04834e-08
1.45939e-13
6.083e-11
1.32846e-06
5.25956e-06
6.43734e-06
6.3313e-06
6.16055e-06
6.10003e-06
6.09101e-06
6.09207e-06
6.09225e-06
6.09128e-06
6.0901e-06
6.08906e-06
6.08816e-06
6.08737e-06
6.08666e-06
6.08601e-06
6.08543e-06
6.0849e-06
6.08443e-06
6.08399e-06
6.08359e-06
6.0832e-06
6.08284e-06
6.08249e-06
6.08219e-06
6.08193e-06
6.08169e-06
6.08147e-06
6.08124e-06
6.081e-06
6.08076e-06
6.08052e-06
6.08024e-06
6.07992e-06
6.07954e-06
6.0791e-06
6.07861e-06
6.07806e-06
6.07747e-06
6.07684e-06
6.0762e-06
6.07555e-06
6.07489e-06
6.0742e-06
6.07346e-06
6.07261e-06
6.07165e-06
6.07064e-06
6.06973e-06
6.06924e-06
6.06941e-06
6.06994e-06
6.07071e-06
6.07178e-06
6.0732e-06
6.07491e-06
6.07662e-06
6.07827e-06
6.07993e-06
6.08159e-06
6.08309e-06
6.08436e-06
6.08512e-06
6.08537e-06
6.0866e-06
6.08723e-06
6.09593e-06
6.08883e-06
6.07867e-06
0.119088
0.130244
0.130687
0.117966
0.0928424
0.0577419
0.0236231
0.00573851
0.000809335
8.06083e-05
9.79068e-07
2.28375e-13
9.7256e-11
8.01036e-07
4.04181e-06
6.02277e-06
6.37732e-06
6.26029e-06
6.15311e-06
6.11293e-06
6.10526e-06
6.10509e-06
6.10445e-06
6.1028e-06
6.1009e-06
6.09918e-06
6.09773e-06
6.09651e-06
6.09546e-06
6.09454e-06
6.09373e-06
6.09303e-06
6.09239e-06
6.09182e-06
6.09131e-06
6.09085e-06
6.09045e-06
6.09009e-06
6.08977e-06
6.08947e-06
6.08924e-06
6.08903e-06
6.08884e-06
6.08867e-06
6.08851e-06
6.08836e-06
6.08822e-06
6.08808e-06
6.08794e-06
6.08779e-06
6.08762e-06
6.08744e-06
6.08724e-06
6.08701e-06
6.0868e-06
6.08655e-06
6.08625e-06
6.0859e-06
6.08546e-06
6.0849e-06
6.08416e-06
6.08323e-06
6.08217e-06
6.08103e-06
6.07987e-06
6.07863e-06
6.0774e-06
6.07626e-06
6.07496e-06
6.07343e-06
6.07188e-06
6.07037e-06
6.06944e-06
6.06962e-06
6.07154e-06
6.0725e-06
6.07571e-06
6.0753e-06
6.08167e-06
6.08095e-06
0.120007
0.116074
0.0983901
0.0731798
0.043228
0.0150163
0.00216574
0.000222164
1.64026e-05
2.01054e-12
8.23442e-10
1.68633e-06
5.56408e-06
6.48463e-06
6.32111e-06
6.15616e-06
6.10348e-06
6.09644e-06
6.09694e-06
6.09623e-06
6.09456e-06
6.09284e-06
6.09135e-06
6.09008e-06
6.08898e-06
6.08801e-06
6.08716e-06
6.08641e-06
6.08574e-06
6.08515e-06
6.08463e-06
6.08415e-06
6.0837e-06
6.08328e-06
6.0829e-06
6.08256e-06
6.08227e-06
6.082e-06
6.08175e-06
6.08151e-06
6.08125e-06
6.08099e-06
6.08073e-06
6.08044e-06
6.0801e-06
6.07971e-06
6.07926e-06
6.07876e-06
6.07819e-06
6.07759e-06
6.07695e-06
6.07629e-06
6.07563e-06
6.07497e-06
6.07428e-06
6.07352e-06
6.07266e-06
6.07169e-06
6.07066e-06
6.06973e-06
6.06924e-06
6.06942e-06
6.06997e-06
6.07075e-06
6.07183e-06
6.07328e-06
6.075e-06
6.07673e-06
6.07841e-06
6.08008e-06
6.08176e-06
6.08327e-06
6.08455e-06
6.08529e-06
6.08558e-06
6.08675e-06
6.08754e-06
6.09627e-06
6.08902e-06
6.07889e-06
0.129651
0.136991
0.136913
0.123914
0.0981092
0.0621159
0.0253629
0.00531603
0.000557682
1.85724e-05
8.32618e-08
1.33616e-12
5.58702e-10
1.16634e-06
4.44763e-06
6.15065e-06
6.38504e-06
6.25186e-06
6.151e-06
6.11526e-06
6.10855e-06
6.10794e-06
6.10668e-06
6.10456e-06
6.1023e-06
6.10031e-06
6.09863e-06
6.09721e-06
6.096e-06
6.09496e-06
6.09404e-06
6.09323e-06
6.09254e-06
6.09198e-06
6.09148e-06
6.09103e-06
6.09063e-06
6.09027e-06
6.08995e-06
6.08965e-06
6.08942e-06
6.08922e-06
6.08903e-06
6.08887e-06
6.08871e-06
6.08856e-06
6.08842e-06
6.08829e-06
6.08814e-06
6.08799e-06
6.08782e-06
6.08764e-06
6.08744e-06
6.08721e-06
6.08701e-06
6.08676e-06
6.08646e-06
6.0861e-06
6.08566e-06
6.0851e-06
6.08436e-06
6.08342e-06
6.08234e-06
6.0812e-06
6.08003e-06
6.07877e-06
6.07754e-06
6.07639e-06
6.07506e-06
6.07352e-06
6.07195e-06
6.07041e-06
6.06947e-06
6.06964e-06
6.07153e-06
6.07256e-06
6.07575e-06
6.07537e-06
6.08193e-06
6.08101e-06
0.129201
0.124682
0.107802
0.0806792
0.048057
0.0168398
0.00203675
0.000247319
2.23508e-05
8.17856e-12
3.29396e-09
2.25341e-06
5.876e-06
6.50404e-06
6.30116e-06
6.15012e-06
6.10645e-06
6.10115e-06
6.101e-06
6.09947e-06
6.09721e-06
6.09504e-06
6.09318e-06
6.0916e-06
6.09024e-06
6.08906e-06
6.08804e-06
6.08714e-06
6.08636e-06
6.08568e-06
6.08509e-06
6.08455e-06
6.08405e-06
6.0836e-06
6.08319e-06
6.08283e-06
6.08252e-06
6.08224e-06
6.08197e-06
6.08171e-06
6.08144e-06
6.08118e-06
6.08091e-06
6.08061e-06
6.08026e-06
6.07986e-06
6.0794e-06
6.07888e-06
6.07831e-06
6.07769e-06
6.07705e-06
6.07638e-06
6.07572e-06
6.07504e-06
6.07434e-06
6.07358e-06
6.0727e-06
6.07171e-06
6.07067e-06
6.06973e-06
6.06924e-06
6.06944e-06
6.07001e-06
6.0708e-06
6.0719e-06
6.07337e-06
6.07511e-06
6.07687e-06
6.07856e-06
6.08025e-06
6.08194e-06
6.08346e-06
6.08475e-06
6.08547e-06
6.0858e-06
6.0869e-06
6.08789e-06
6.0966e-06
6.08924e-06
6.07914e-06
0.136041
0.1413
0.141638
0.130606
0.106623
0.0712716
0.0311525
0.0060496
0.000495384
2.58844e-07
8.06295e-10
4.25578e-12
1.74847e-09
1.44111e-06
4.69702e-06
6.22244e-06
6.38775e-06
6.24687e-06
6.15042e-06
6.11737e-06
6.11106e-06
6.11e-06
6.10825e-06
6.10574e-06
6.10319e-06
6.10098e-06
6.09911e-06
6.09755e-06
6.09622e-06
6.09508e-06
6.0941e-06
6.09331e-06
6.09264e-06
6.09212e-06
6.09164e-06
6.09121e-06
6.09083e-06
6.09048e-06
6.09016e-06
6.08987e-06
6.08964e-06
6.08945e-06
6.08926e-06
6.0891e-06
6.08894e-06
6.0888e-06
6.08866e-06
6.08852e-06
6.08838e-06
6.08823e-06
6.08806e-06
6.08788e-06
6.08767e-06
6.08745e-06
6.08724e-06
6.08699e-06
6.08669e-06
6.08633e-06
6.08589e-06
6.08532e-06
6.08457e-06
6.08363e-06
6.08253e-06
6.08137e-06
6.08019e-06
6.07891e-06
6.07768e-06
6.07652e-06
6.07518e-06
6.0736e-06
6.07202e-06
6.07044e-06
6.06949e-06
6.06967e-06
6.07152e-06
6.07263e-06
6.07578e-06
6.07545e-06
6.08221e-06
6.08108e-06
0.135203
0.130461
0.115064
0.0881927
0.0537071
0.0192875
0.00198101
0.00024812
2.27903e-05
5.43666e-11
2.15165e-08
2.9239e-06
6.13951e-06
6.50309e-06
6.27842e-06
6.14422e-06
6.10901e-06
6.10503e-06
6.1042e-06
6.10196e-06
6.09921e-06
6.09669e-06
6.09455e-06
6.09273e-06
6.09118e-06
6.08985e-06
6.08869e-06
6.0877e-06
6.08684e-06
6.0861e-06
6.08545e-06
6.08487e-06
6.08434e-06
6.08387e-06
6.08344e-06
6.08306e-06
6.08274e-06
6.08245e-06
6.08218e-06
6.08191e-06
6.08163e-06
6.08136e-06
6.08108e-06
6.08077e-06
6.08042e-06
6.08e-06
6.07953e-06
6.07901e-06
6.07842e-06
6.0778e-06
6.07714e-06
6.07647e-06
6.0758e-06
6.07512e-06
6.07441e-06
6.07363e-06
6.07274e-06
6.07174e-06
6.07067e-06
6.06973e-06
6.06924e-06
6.06947e-06
6.07004e-06
6.07085e-06
6.07197e-06
6.07346e-06
6.07523e-06
6.07701e-06
6.07873e-06
6.08043e-06
6.08214e-06
6.08366e-06
6.08496e-06
6.08565e-06
6.08603e-06
6.08705e-06
6.08827e-06
6.09694e-06
6.08947e-06
6.07941e-06
0.140608
0.144395
0.14532
0.137099
0.116684
0.0840516
0.0424933
0.00944308
0.000532143
0.000107999
0
5.09453e-12
2.05833e-09
1.48383e-06
4.76558e-06
6.24699e-06
6.39196e-06
6.24787e-06
6.15255e-06
6.11999e-06
6.11342e-06
6.11186e-06
6.10963e-06
6.10676e-06
6.10394e-06
6.1015e-06
6.09946e-06
6.09775e-06
6.09632e-06
6.09511e-06
6.09416e-06
6.09342e-06
6.09279e-06
6.09229e-06
6.09184e-06
6.09143e-06
6.09105e-06
6.09071e-06
6.0904e-06
6.09011e-06
6.08989e-06
6.08969e-06
6.08951e-06
6.08935e-06
6.0892e-06
6.08905e-06
6.08891e-06
6.08878e-06
6.08863e-06
6.08848e-06
6.08831e-06
6.08813e-06
6.08793e-06
6.0877e-06
6.08748e-06
6.08723e-06
6.08693e-06
6.08657e-06
6.08613e-06
6.08555e-06
6.0848e-06
6.08384e-06
6.08274e-06
6.08156e-06
6.08036e-06
6.07907e-06
6.07782e-06
6.07666e-06
6.0753e-06
6.0737e-06
6.0721e-06
6.07048e-06
6.06952e-06
6.0697e-06
6.07151e-06
6.07271e-06
6.07581e-06
6.07553e-06
6.0825e-06
6.08117e-06
0.139391
0.134344
0.120073
0.0944672
0.0594913
0.0223676
0.00206413
0.000253577
2.44011e-05
1.89386e-10
7.35767e-08
3.58505e-06
6.33317e-06
6.4911e-06
6.2586e-06
6.14029e-06
6.11185e-06
6.10858e-06
6.10702e-06
6.10412e-06
6.10092e-06
6.09808e-06
6.09568e-06
6.09366e-06
6.09194e-06
6.09047e-06
6.08921e-06
6.08814e-06
6.08722e-06
6.08644e-06
6.08575e-06
6.08515e-06
6.0846e-06
6.08411e-06
6.08367e-06
6.08329e-06
6.08296e-06
6.08266e-06
6.08238e-06
6.08211e-06
6.08182e-06
6.08154e-06
6.08126e-06
6.08094e-06
6.08058e-06
6.08015e-06
6.07968e-06
6.07914e-06
6.07854e-06
6.07791e-06
6.07724e-06
6.07656e-06
6.07588e-06
6.07519e-06
6.07448e-06
6.07369e-06
6.07279e-06
6.07176e-06
6.07068e-06
6.06972e-06
6.06924e-06
6.06949e-06
6.07008e-06
6.07091e-06
6.07205e-06
6.07357e-06
6.07535e-06
6.07716e-06
6.0789e-06
6.08063e-06
6.08234e-06
6.08387e-06
6.08519e-06
6.08585e-06
6.08627e-06
6.08722e-06
6.08867e-06
6.09729e-06
6.08972e-06
6.0797e-06
0.144095
0.146796
0.148204
0.142717
0.126502
0.0980771
0.0582747
0.0175523
0.00112109
0.000262135
0
3.48174e-12
1.3848e-09
1.29305e-06
4.69152e-06
6.25207e-06
6.40776e-06
6.25779e-06
6.15776e-06
6.12322e-06
6.11583e-06
6.11377e-06
6.11112e-06
6.10789e-06
6.10476e-06
6.10207e-06
6.09983e-06
6.09796e-06
6.09641e-06
6.09514e-06
6.09425e-06
6.09356e-06
6.09296e-06
6.09249e-06
6.09206e-06
6.09166e-06
6.0913e-06
6.09096e-06
6.09065e-06
6.09037e-06
6.09015e-06
6.08996e-06
6.08978e-06
6.08961e-06
6.08946e-06
6.08932e-06
6.08918e-06
6.08904e-06
6.0889e-06
6.08875e-06
6.08858e-06
6.0884e-06
6.08819e-06
6.08796e-06
6.08775e-06
6.08749e-06
6.08719e-06
6.08682e-06
6.08638e-06
6.0858e-06
6.08503e-06
6.08407e-06
6.08295e-06
6.08175e-06
6.08054e-06
6.07923e-06
6.07798e-06
6.0768e-06
6.07543e-06
6.0738e-06
6.07219e-06
6.07053e-06
6.06955e-06
6.06973e-06
6.0715e-06
6.07278e-06
6.07585e-06
6.07562e-06
6.08281e-06
6.08128e-06
0.142434
0.136887
0.123134
0.0987611
0.0641966
0.0253985
0.00219487
0.000259574
2.61966e-05
5.58653e-10
1.93737e-07
4.2633e-06
6.47716e-06
6.47052e-06
6.24061e-06
6.13787e-06
6.11503e-06
6.11206e-06
6.10972e-06
6.10619e-06
6.10258e-06
6.09942e-06
6.09677e-06
6.09454e-06
6.09266e-06
6.09106e-06
6.08971e-06
6.08856e-06
6.08758e-06
6.08675e-06
6.08604e-06
6.08541e-06
6.08485e-06
6.08435e-06
6.0839e-06
6.08351e-06
6.08318e-06
6.08288e-06
6.0826e-06
6.08231e-06
6.08203e-06
6.08174e-06
6.08145e-06
6.08112e-06
6.08075e-06
6.08031e-06
6.07982e-06
6.07927e-06
6.07867e-06
6.07802e-06
6.07735e-06
6.07666e-06
6.07597e-06
6.07527e-06
6.07455e-06
6.07375e-06
6.07283e-06
6.07178e-06
6.07069e-06
6.06972e-06
6.06924e-06
6.06952e-06
6.07012e-06
6.07096e-06
6.07213e-06
6.07367e-06
6.07548e-06
6.07732e-06
6.07909e-06
6.08083e-06
6.08256e-06
6.08409e-06
6.08542e-06
6.08605e-06
6.08651e-06
6.0874e-06
6.0891e-06
6.09765e-06
6.08998e-06
6.08001e-06
0.146758
0.148661
0.150415
0.147288
0.135223
0.111762
0.0762272
0.0320331
0.00402618
0.000985003
0
4.19583e-20
1.64399e-17
9.00071e-07
4.44071e-06
6.23833e-06
6.43752e-06
6.27703e-06
6.16602e-06
6.12699e-06
6.1183e-06
6.11578e-06
6.11275e-06
6.10914e-06
6.10568e-06
6.10272e-06
6.10025e-06
6.09821e-06
6.09653e-06
6.09518e-06
6.09436e-06
6.09372e-06
6.09315e-06
6.09271e-06
6.0923e-06
6.09191e-06
6.09156e-06
6.09123e-06
6.09092e-06
6.09064e-06
6.09042e-06
6.09023e-06
6.09005e-06
6.08989e-06
6.08974e-06
6.0896e-06
6.08946e-06
6.08932e-06
6.08918e-06
6.08903e-06
6.08886e-06
6.08868e-06
6.08847e-06
6.08824e-06
6.08802e-06
6.08776e-06
6.08746e-06
6.08709e-06
6.08664e-06
6.08606e-06
6.08529e-06
6.08431e-06
6.08317e-06
6.08196e-06
6.08073e-06
6.0794e-06
6.07814e-06
6.07696e-06
6.07556e-06
6.0739e-06
6.07228e-06
6.07058e-06
6.06958e-06
6.06976e-06
6.07149e-06
6.07286e-06
6.0759e-06
6.0757e-06
6.08314e-06
6.08141e-06
0.144596
0.138395
0.124683
0.101151
0.0673459
0.0278883
0.00232755
0.000263835
2.888e-05
1.62051e-09
4.33891e-07
4.96059e-06
6.57676e-06
6.44137e-06
6.22324e-06
6.13637e-06
6.1184e-06
6.11544e-06
6.11231e-06
6.10818e-06
6.10417e-06
6.10071e-06
6.09782e-06
6.0954e-06
6.09336e-06
6.09164e-06
6.09019e-06
6.08897e-06
6.08794e-06
6.08708e-06
6.08633e-06
6.08568e-06
6.0851e-06
6.08459e-06
6.08414e-06
6.08375e-06
6.08341e-06
6.08311e-06
6.08282e-06
6.08253e-06
6.08224e-06
6.08195e-06
6.08165e-06
6.08131e-06
6.08093e-06
6.08048e-06
6.07998e-06
6.07942e-06
6.0788e-06
6.07814e-06
6.07746e-06
6.07676e-06
6.07606e-06
6.07536e-06
6.07463e-06
6.07381e-06
6.07288e-06
6.07181e-06
6.07069e-06
6.06972e-06
6.06924e-06
6.06954e-06
6.07017e-06
6.07103e-06
6.07222e-06
6.07379e-06
6.07562e-06
6.07749e-06
6.07928e-06
6.08104e-06
6.08278e-06
6.08433e-06
6.08566e-06
6.08627e-06
6.08677e-06
6.0876e-06
6.08954e-06
6.09804e-06
6.09026e-06
6.08034e-06
0.14861
0.149912
0.151912
0.15075
0.142482
0.124137
0.0940634
0.051968
0.0125011
0.00137876
0.000326159
0
1.52334e-09
5.81307e-07
4.07131e-06
6.20804e-06
6.47901e-06
6.30406e-06
6.17744e-06
6.13156e-06
6.12091e-06
6.11789e-06
6.11452e-06
6.11053e-06
6.1067e-06
6.10343e-06
6.10072e-06
6.09849e-06
6.09666e-06
6.09527e-06
6.09449e-06
6.0939e-06
6.09337e-06
6.09295e-06
6.09256e-06
6.09218e-06
6.09183e-06
6.09151e-06
6.09121e-06
6.09093e-06
6.09071e-06
6.09052e-06
6.09034e-06
6.09018e-06
6.09003e-06
6.08989e-06
6.08975e-06
6.08962e-06
6.08947e-06
6.08932e-06
6.08915e-06
6.08897e-06
6.08876e-06
6.08853e-06
6.08831e-06
6.08805e-06
6.08774e-06
6.08737e-06
6.08692e-06
6.08633e-06
6.08555e-06
6.08456e-06
6.08341e-06
6.08218e-06
6.08093e-06
6.07958e-06
6.07831e-06
6.07712e-06
6.07571e-06
6.07401e-06
6.07237e-06
6.07063e-06
6.06962e-06
6.06979e-06
6.07148e-06
6.07293e-06
6.07594e-06
6.07579e-06
6.0835e-06
6.08157e-06
0.145922
0.138979
0.124988
0.101889
0.0688365
0.0294693
0.00240704
0.000264695
3.0244e-05
1.23599e-08
9.04029e-07
5.62889e-06
6.62913e-06
6.40536e-06
6.20686e-06
6.13574e-06
6.1219e-06
6.11868e-06
6.11474e-06
6.11005e-06
6.10566e-06
6.10193e-06
6.09881e-06
6.0962e-06
6.09402e-06
6.09218e-06
6.09065e-06
6.08936e-06
6.08829e-06
6.08739e-06
6.08662e-06
6.08595e-06
6.08536e-06
6.08484e-06
6.08438e-06
6.08399e-06
6.08365e-06
6.08334e-06
6.08305e-06
6.08275e-06
6.08246e-06
6.08216e-06
6.08186e-06
6.08151e-06
6.08111e-06
6.08066e-06
6.08014e-06
6.07957e-06
6.07894e-06
6.07827e-06
6.07757e-06
6.07687e-06
6.07616e-06
6.07545e-06
6.07471e-06
6.07388e-06
6.07292e-06
6.07184e-06
6.0707e-06
6.06971e-06
6.06924e-06
6.06957e-06
6.07022e-06
6.07109e-06
6.07231e-06
6.07391e-06
6.07577e-06
6.07767e-06
6.07949e-06
6.08126e-06
6.08302e-06
6.08458e-06
6.08591e-06
6.0865e-06
6.08704e-06
6.0878e-06
6.09002e-06
6.09844e-06
6.09055e-06
6.08068e-06
0.149822
0.151074
0.152914
0.153168
0.148146
0.134636
0.110345
0.0738244
0.0292788
0.00400467
0.000962677
0
1.26e-10
4.85228e-08
2.98422e-06
6.07736e-06
6.56318e-06
6.35601e-06
6.1952e-06
6.13688e-06
6.12355e-06
6.12013e-06
6.11649e-06
6.1121e-06
6.10786e-06
6.10425e-06
6.10126e-06
6.09881e-06
6.09681e-06
6.09538e-06
6.09465e-06
6.09411e-06
6.09361e-06
6.09321e-06
6.09284e-06
6.09248e-06
6.09213e-06
6.09181e-06
6.09151e-06
6.09123e-06
6.09101e-06
6.09082e-06
6.09064e-06
6.09048e-06
6.09033e-06
6.09019e-06
6.09005e-06
6.08992e-06
6.08978e-06
6.08963e-06
6.08946e-06
6.08928e-06
6.08907e-06
6.08883e-06
6.08861e-06
6.08835e-06
6.08803e-06
6.08766e-06
6.08721e-06
6.08661e-06
6.08583e-06
6.08483e-06
6.08366e-06
6.08241e-06
6.08114e-06
6.07977e-06
6.07849e-06
6.07729e-06
6.07586e-06
6.07413e-06
6.07247e-06
6.07068e-06
6.06965e-06
6.06982e-06
6.07147e-06
6.07301e-06
6.07599e-06
6.07587e-06
6.08387e-06
6.08174e-06
0.146445
0.138659
0.124165
0.10116
0.0686931
0.0298797
0.00235285
0.000257604
2.88334e-05
2.1003e-08
1.70481e-06
6.20946e-06
6.63457e-06
6.36515e-06
6.19218e-06
6.13602e-06
6.12548e-06
6.12177e-06
6.11702e-06
6.11181e-06
6.10707e-06
6.10307e-06
6.09974e-06
6.09696e-06
6.09464e-06
6.09269e-06
6.09108e-06
6.08974e-06
6.08862e-06
6.08768e-06
6.0869e-06
6.08621e-06
6.08561e-06
6.08508e-06
6.08463e-06
6.08423e-06
6.08389e-06
6.08358e-06
6.08328e-06
6.08298e-06
6.08268e-06
6.08238e-06
6.08207e-06
6.08172e-06
6.08131e-06
6.08084e-06
6.08032e-06
6.07973e-06
6.07909e-06
6.0784e-06
6.0777e-06
6.07698e-06
6.07627e-06
6.07554e-06
6.07479e-06
6.07395e-06
6.07297e-06
6.07186e-06
6.0707e-06
6.0697e-06
6.06925e-06
6.0696e-06
6.07027e-06
6.07116e-06
6.07241e-06
6.07403e-06
6.07593e-06
6.07786e-06
6.0797e-06
6.0815e-06
6.08327e-06
6.08484e-06
6.08618e-06
6.08675e-06
6.08732e-06
6.08803e-06
6.09052e-06
6.09887e-06
6.09085e-06
6.08104e-06
0.150531
0.152284
0.15367
0.154746
0.152296
0.143064
0.124388
0.0943546
0.0521584
0.0132733
0.00018775
1.06485e-05
0
6.33978e-09
2.01656e-06
6.00553e-06
6.65213e-06
6.40434e-06
6.21816e-06
6.1451e-06
6.12671e-06
6.1225e-06
6.11867e-06
6.11389e-06
6.10921e-06
6.10519e-06
6.10188e-06
6.0992e-06
6.097e-06
6.09552e-06
6.09482e-06
6.09433e-06
6.09388e-06
6.0935e-06
6.09314e-06
6.09279e-06
6.09245e-06
6.09213e-06
6.09184e-06
6.09156e-06
6.09133e-06
6.09114e-06
6.09096e-06
6.0908e-06
6.09065e-06
6.09051e-06
6.09037e-06
6.09024e-06
6.0901e-06
6.08995e-06
6.08978e-06
6.08959e-06
6.08939e-06
6.08915e-06
6.08892e-06
6.08866e-06
6.08834e-06
6.08797e-06
6.08751e-06
6.08691e-06
6.08612e-06
6.08511e-06
6.08392e-06
6.08265e-06
6.08136e-06
6.07997e-06
6.07868e-06
6.07747e-06
6.07602e-06
6.07426e-06
6.07258e-06
6.07074e-06
6.06969e-06
6.06985e-06
6.07146e-06
6.07309e-06
6.07605e-06
6.07596e-06
6.08427e-06
6.08194e-06
0.146218
0.137446
0.12226
0.0990815
0.0669926
0.0289916
0.00204313
0.000226563
2.16624e-05
5.8431e-08
2.83801e-06
6.64396e-06
6.59864e-06
6.32387e-06
6.17979e-06
6.13722e-06
6.12907e-06
6.12466e-06
6.11914e-06
6.11344e-06
6.10839e-06
6.10415e-06
6.10062e-06
6.09768e-06
6.09522e-06
6.09318e-06
6.0915e-06
6.0901e-06
6.08894e-06
6.08798e-06
6.08717e-06
6.08647e-06
6.08586e-06
6.08533e-06
6.08487e-06
6.08448e-06
6.08414e-06
6.08382e-06
6.08352e-06
6.08322e-06
6.08292e-06
6.08261e-06
6.0823e-06
6.08193e-06
6.08151e-06
6.08103e-06
6.08049e-06
6.07989e-06
6.07924e-06
6.07854e-06
6.07782e-06
6.0771e-06
6.07637e-06
6.07564e-06
6.07488e-06
6.07402e-06
6.07302e-06
6.07189e-06
6.0707e-06
6.0697e-06
6.06925e-06
6.06964e-06
6.07032e-06
6.07124e-06
6.07252e-06
6.07417e-06
6.07609e-06
6.07806e-06
6.07993e-06
6.08175e-06
6.08354e-06
6.08511e-06
6.08646e-06
6.087e-06
6.08761e-06
6.08827e-06
6.09105e-06
6.09931e-06
6.09116e-06
6.08142e-06
0.150563
0.153009
0.154
0.155494
0.154997
0.149402
0.135886
0.112185
0.0763826
0.0325885
0.00425723
0.00103599
0
3.72365e-11
1.41953e-08
4.33109e-06
7.06235e-06
6.60012e-06
6.25368e-06
6.15153e-06
6.12952e-06
6.12505e-06
6.12109e-06
6.11593e-06
6.11076e-06
6.1063e-06
6.10262e-06
6.09966e-06
6.09725e-06
6.09569e-06
6.095e-06
6.09458e-06
6.09416e-06
6.09381e-06
6.09347e-06
6.09313e-06
6.09279e-06
6.09248e-06
6.09218e-06
6.0919e-06
6.09167e-06
6.09147e-06
6.09129e-06
6.09113e-06
6.09098e-06
6.09084e-06
6.0907e-06
6.09057e-06
6.09043e-06
6.09028e-06
6.09011e-06
6.08993e-06
6.08972e-06
6.08948e-06
6.08925e-06
6.08899e-06
6.08867e-06
6.08829e-06
6.08783e-06
6.08723e-06
6.08643e-06
6.0854e-06
6.08419e-06
6.0829e-06
6.08159e-06
6.08018e-06
6.07888e-06
6.07766e-06
6.07619e-06
6.07439e-06
6.07269e-06
6.0708e-06
6.06973e-06
6.06988e-06
6.07145e-06
6.07317e-06
6.0761e-06
6.07605e-06
6.08469e-06
6.08216e-06
0.145175
0.135305
0.119281
0.0957229
0.0638507
0.0269231
0.00158723
0.000194895
1.56266e-05
1.9515e-07
4.21592e-06
6.89694e-06
6.53247e-06
6.28485e-06
6.1702e-06
6.13923e-06
6.13256e-06
6.12731e-06
6.12106e-06
6.11494e-06
6.10961e-06
6.10515e-06
6.10144e-06
6.09835e-06
6.09578e-06
6.09365e-06
6.09189e-06
6.09045e-06
6.08925e-06
6.08827e-06
6.08744e-06
6.08673e-06
6.08612e-06
6.08558e-06
6.08512e-06
6.08473e-06
6.08439e-06
6.08408e-06
6.08377e-06
6.08347e-06
6.08316e-06
6.08285e-06
6.08253e-06
6.08215e-06
6.08172e-06
6.08123e-06
6.08068e-06
6.08007e-06
6.0794e-06
6.07869e-06
6.07796e-06
6.07722e-06
6.07649e-06
6.07575e-06
6.07497e-06
6.07409e-06
6.07307e-06
6.07191e-06
6.07071e-06
6.06969e-06
6.06926e-06
6.06968e-06
6.07037e-06
6.07132e-06
6.07263e-06
6.07431e-06
6.07627e-06
6.07828e-06
6.08017e-06
6.08201e-06
6.08382e-06
6.0854e-06
6.08675e-06
6.08727e-06
6.08791e-06
6.08852e-06
6.0916e-06
6.09978e-06
6.09149e-06
6.08182e-06
0.149842
0.153299
0.154732
0.155957
0.156591
0.153841
0.144816
0.126999
0.0982879
0.0577503
0.0174223
0.000837026
0.000194686
0
3.38934e-09
1.11645e-06
6.42193e-06
6.89464e-06
6.34247e-06
6.16576e-06
6.13295e-06
6.12741e-06
6.12376e-06
6.11834e-06
6.11257e-06
6.10758e-06
6.1035e-06
6.10021e-06
6.09755e-06
6.09587e-06
6.0952e-06
6.09483e-06
6.09446e-06
6.09413e-06
6.09382e-06
6.09349e-06
6.09316e-06
6.09284e-06
6.09255e-06
6.09226e-06
6.09203e-06
6.09183e-06
6.09165e-06
6.09148e-06
6.09133e-06
6.09119e-06
6.09105e-06
6.09092e-06
6.09078e-06
6.09063e-06
6.09047e-06
6.09028e-06
6.09007e-06
6.08983e-06
6.0896e-06
6.08933e-06
6.08901e-06
6.08863e-06
6.08816e-06
6.08756e-06
6.08675e-06
6.08571e-06
6.08449e-06
6.08317e-06
6.08184e-06
6.0804e-06
6.07909e-06
6.07786e-06
6.07637e-06
6.07453e-06
6.0728e-06
6.07087e-06
6.06977e-06
6.06991e-06
6.07144e-06
6.07325e-06
6.07617e-06
6.07614e-06
6.08514e-06
6.08241e-06
0.143242
0.132187
0.115218
0.0911355
0.0593541
0.0235494
9.82058e-05
0.000101801
3.58842e-06
5.35405e-07
5.62624e-06
6.96398e-06
6.4513e-06
6.25097e-06
6.1636e-06
6.1419e-06
6.13585e-06
6.12968e-06
6.12277e-06
6.11629e-06
6.11072e-06
6.10606e-06
6.10219e-06
6.09897e-06
6.0963e-06
6.09409e-06
6.09228e-06
6.09079e-06
6.08956e-06
6.08856e-06
6.08772e-06
6.087e-06
6.08638e-06
6.08584e-06
6.08538e-06
6.08499e-06
6.08465e-06
6.08434e-06
6.08403e-06
6.08372e-06
6.08341e-06
6.0831e-06
6.08277e-06
6.08238e-06
6.08194e-06
6.08144e-06
6.08087e-06
6.08024e-06
6.07956e-06
6.07884e-06
6.07809e-06
6.07735e-06
6.0766e-06
6.07585e-06
6.07506e-06
6.07417e-06
6.07312e-06
6.07194e-06
6.07071e-06
6.06968e-06
6.06927e-06
6.06972e-06
6.07043e-06
6.0714e-06
6.07274e-06
6.07446e-06
6.07645e-06
6.0785e-06
6.08043e-06
6.08229e-06
6.08411e-06
6.08571e-06
6.08705e-06
6.08756e-06
6.08822e-06
6.0888e-06
6.09219e-06
6.10028e-06
6.09183e-06
6.08224e-06
0.148242
0.15292
0.155136
0.156027
0.157225
0.156571
0.151292
0.13875
0.116668
0.0830418
0.0401124
0.00766528
9.01265e-05
1.42108e-06
0
1.48672e-08
4.04955e-06
7.60848e-06
6.62702e-06
6.17062e-06
6.12821e-06
6.13041e-06
6.12645e-06
6.12079e-06
6.11473e-06
6.10915e-06
6.10454e-06
6.10088e-06
6.09792e-06
6.09608e-06
6.09539e-06
6.09509e-06
6.09478e-06
6.09448e-06
6.09419e-06
6.09387e-06
6.09355e-06
6.09323e-06
6.09293e-06
6.09265e-06
6.09241e-06
6.09221e-06
6.09202e-06
6.09185e-06
6.0917e-06
6.09156e-06
6.09142e-06
6.09129e-06
6.09115e-06
6.091e-06
6.09083e-06
6.09065e-06
6.09044e-06
6.0902e-06
6.08996e-06
6.08969e-06
6.08937e-06
6.08899e-06
6.08852e-06
6.08791e-06
6.08709e-06
6.08604e-06
6.08479e-06
6.08345e-06
6.0821e-06
6.08064e-06
6.07931e-06
6.07807e-06
6.07656e-06
6.07468e-06
6.07293e-06
6.07095e-06
6.06981e-06
6.06994e-06
6.07143e-06
6.07333e-06
6.07624e-06
6.07623e-06
6.08562e-06
6.08269e-06
0.140324
0.128014
0.11002
0.0852413
0.0535709
0.0196986
0.00136535
0.000333778
4.84837e-09
1.39548e-06
6.73403e-06
6.88285e-06
6.37062e-06
6.22405e-06
6.15988e-06
6.14499e-06
6.13882e-06
6.13172e-06
6.12426e-06
6.11747e-06
6.1117e-06
6.10688e-06
6.10287e-06
6.09954e-06
6.09678e-06
6.0945e-06
6.09264e-06
6.09112e-06
6.08987e-06
6.08885e-06
6.08799e-06
6.08727e-06
6.08664e-06
6.08611e-06
6.08565e-06
6.08526e-06
6.08492e-06
6.0846e-06
6.0843e-06
6.08399e-06
6.08367e-06
6.08336e-06
6.08301e-06
6.08262e-06
6.08217e-06
6.08165e-06
6.08107e-06
6.08043e-06
6.07973e-06
6.07899e-06
6.07824e-06
6.07748e-06
6.07673e-06
6.07597e-06
6.07516e-06
6.07424e-06
6.07318e-06
6.07196e-06
6.07071e-06
6.06967e-06
6.06928e-06
6.06976e-06
6.0705e-06
6.07149e-06
6.07287e-06
6.07462e-06
6.07665e-06
6.07874e-06
6.0807e-06
6.08258e-06
6.08442e-06
6.08603e-06
6.08737e-06
6.08786e-06
6.08855e-06
6.0891e-06
6.09281e-06
6.10079e-06
6.09218e-06
6.08268e-06
0.145626
0.151694
0.155065
0.156477
0.157474
0.157999
0.155587
0.147553
0.13144
0.105079
0.0670473
0.0253083
0.00305389
0.000740423
0
6.36233e-11
2.39736e-08
5.56495e-06
7.52409e-06
6.39805e-06
6.10582e-06
6.12327e-06
6.13228e-06
6.12476e-06
6.11693e-06
6.11083e-06
6.10581e-06
6.10171e-06
6.09839e-06
6.09631e-06
6.09559e-06
6.09535e-06
6.09511e-06
6.09485e-06
6.09458e-06
6.09428e-06
6.09396e-06
6.09365e-06
6.09335e-06
6.09306e-06
6.09281e-06
6.0926e-06
6.09242e-06
6.09225e-06
6.09209e-06
6.09194e-06
6.09181e-06
6.09167e-06
6.09154e-06
6.09139e-06
6.09122e-06
6.09103e-06
6.09082e-06
6.09058e-06
6.09034e-06
6.09007e-06
6.08975e-06
6.08936e-06
6.08889e-06
6.08827e-06
6.08745e-06
6.08638e-06
6.08512e-06
6.08375e-06
6.08237e-06
6.08089e-06
6.07955e-06
6.07829e-06
6.07676e-06
6.07484e-06
6.07306e-06
6.07103e-06
6.06986e-06
6.06997e-06
6.07142e-06
6.07342e-06
6.07631e-06
6.07632e-06
6.08612e-06
6.08301e-06
0.136313
0.122701
0.103629
0.0781262
0.0467359
0.0155738
0.00207772
0.000511761
2.11209e-07
2.7886e-06
7.35333e-06
6.71303e-06
6.30267e-06
6.20462e-06
6.15863e-06
6.1482e-06
6.14137e-06
6.13341e-06
6.1255e-06
6.11848e-06
6.11255e-06
6.10759e-06
6.10347e-06
6.10005e-06
6.09722e-06
6.09489e-06
6.09299e-06
6.09143e-06
6.09017e-06
6.08913e-06
6.08827e-06
6.08754e-06
6.08691e-06
6.08638e-06
6.08593e-06
6.08554e-06
6.0852e-06
6.08488e-06
6.08457e-06
6.08426e-06
6.08395e-06
6.08362e-06
6.08327e-06
6.08287e-06
6.0824e-06
6.08187e-06
6.08128e-06
6.08062e-06
6.07991e-06
6.07915e-06
6.07839e-06
6.07762e-06
6.07685e-06
6.07608e-06
6.07526e-06
6.07432e-06
6.07323e-06
6.07198e-06
6.0707e-06
6.06966e-06
6.06929e-06
6.06981e-06
6.07057e-06
6.07159e-06
6.073e-06
6.07479e-06
6.07686e-06
6.079e-06
6.08098e-06
6.08289e-06
6.08474e-06
6.08637e-06
6.0877e-06
6.08818e-06
6.08888e-06
6.08942e-06
6.09347e-06
6.10133e-06
6.09254e-06
6.08313e-06
0.141862
0.149438
0.154226
0.156612
0.157557
0.158524
0.158071
0.15367
0.142766
0.123049
0.0924141
0.0512822
0.0144761
0.000344748
5.20491e-05
0
2.51368e-09
8.10778e-07
6.9718e-06
7.16068e-06
6.23308e-06
6.08622e-06
6.11952e-06
6.12841e-06
6.12147e-06
6.11328e-06
6.10714e-06
6.10264e-06
6.099e-06
6.09659e-06
6.09578e-06
6.09561e-06
6.09545e-06
6.09523e-06
6.09499e-06
6.09471e-06
6.0944e-06
6.09409e-06
6.09379e-06
6.09349e-06
6.09324e-06
6.09303e-06
6.09283e-06
6.09266e-06
6.0925e-06
6.09235e-06
6.09221e-06
6.09208e-06
6.09194e-06
6.09179e-06
6.09163e-06
6.09144e-06
6.09123e-06
6.09099e-06
6.09074e-06
6.09047e-06
6.09014e-06
6.08976e-06
6.08928e-06
6.08866e-06
6.08782e-06
6.08674e-06
6.08546e-06
6.08407e-06
6.08266e-06
6.08115e-06
6.07979e-06
6.07853e-06
6.07698e-06
6.07502e-06
6.0732e-06
6.07112e-06
6.06991e-06
6.07001e-06
6.07142e-06
6.0735e-06
6.07639e-06
6.07641e-06
6.08665e-06
6.08335e-06
0.131106
0.11617
0.096007
0.0698416
0.0390181
0.0111767
0.00137519
0.000339727
5.42911e-07
5.06113e-06
7.48395e-06
6.51566e-06
6.25396e-06
6.19194e-06
6.15924e-06
6.15123e-06
6.14343e-06
6.13473e-06
6.12649e-06
6.11931e-06
6.11325e-06
6.1082e-06
6.10399e-06
6.1005e-06
6.09761e-06
6.09525e-06
6.09332e-06
6.09174e-06
6.09046e-06
6.08942e-06
6.08855e-06
6.08782e-06
6.08719e-06
6.08666e-06
6.08621e-06
6.08583e-06
6.08549e-06
6.08517e-06
6.08486e-06
6.08455e-06
6.08423e-06
6.0839e-06
6.08354e-06
6.08312e-06
6.08264e-06
6.0821e-06
6.08149e-06
6.08081e-06
6.08009e-06
6.07932e-06
6.07854e-06
6.07776e-06
6.07699e-06
6.0762e-06
6.07536e-06
6.0744e-06
6.07328e-06
6.07201e-06
6.0707e-06
6.06965e-06
6.06931e-06
6.06986e-06
6.07064e-06
6.0717e-06
6.07314e-06
6.07497e-06
6.07708e-06
6.07927e-06
6.08128e-06
6.08321e-06
6.08508e-06
6.08672e-06
6.08805e-06
6.08852e-06
6.08923e-06
6.08977e-06
6.09416e-06
6.1019e-06
6.09291e-06
6.08361e-06
0.136828
0.145981
0.152367
0.156107
0.15776
0.158543
0.159148
0.157444
0.150893
0.137052
0.113687
0.0789634
0.0371404
0.00695441
0.00172833
0
0
8.4257e-09
2.35097e-06
7.28783e-06
6.72609e-06
6.16421e-06
6.12183e-06
6.1273e-06
6.12083e-06
6.11561e-06
6.10967e-06
6.10393e-06
6.09963e-06
6.09689e-06
6.09599e-06
6.09586e-06
6.09579e-06
6.09563e-06
6.09541e-06
6.09516e-06
6.09486e-06
6.09455e-06
6.09425e-06
6.09395e-06
6.09369e-06
6.09347e-06
6.09327e-06
6.09309e-06
6.09293e-06
6.09278e-06
6.09264e-06
6.09251e-06
6.09237e-06
6.09222e-06
6.09205e-06
6.09187e-06
6.09166e-06
6.09141e-06
6.09116e-06
6.09089e-06
6.09056e-06
6.09017e-06
6.08969e-06
6.08906e-06
6.08822e-06
6.08712e-06
6.08582e-06
6.0844e-06
6.08297e-06
6.08142e-06
6.08005e-06
6.07877e-06
6.07721e-06
6.0752e-06
6.07334e-06
6.07121e-06
6.06996e-06
6.07004e-06
6.07141e-06
6.07358e-06
6.07647e-06
6.07651e-06
6.0872e-06
6.08373e-06
0.124615
0.108364
0.0871337
0.0604532
0.0307061
0.00703647
0.000787511
0.000189484
2.95801e-07
7.28006e-06
7.31088e-06
6.34863e-06
6.22468e-06
6.18443e-06
6.16102e-06
6.15383e-06
6.14493e-06
6.13568e-06
6.12722e-06
6.11994e-06
6.11381e-06
6.10869e-06
6.10443e-06
6.10089e-06
6.09797e-06
6.09557e-06
6.09362e-06
6.09204e-06
6.09076e-06
6.08971e-06
6.08884e-06
6.0881e-06
6.08748e-06
6.08695e-06
6.08651e-06
6.08613e-06
6.08579e-06
6.08547e-06
6.08516e-06
6.08484e-06
6.08452e-06
6.08418e-06
6.08381e-06
6.08339e-06
6.0829e-06
6.08234e-06
6.08171e-06
6.08102e-06
6.08027e-06
6.07949e-06
6.0787e-06
6.07791e-06
6.07712e-06
6.07633e-06
6.07547e-06
6.07449e-06
6.07333e-06
6.07203e-06
6.07069e-06
6.06964e-06
6.06933e-06
6.06991e-06
6.07072e-06
6.07181e-06
6.07329e-06
6.07516e-06
6.07731e-06
6.07955e-06
6.0816e-06
6.08355e-06
6.08544e-06
6.0871e-06
6.08842e-06
6.08887e-06
6.08959e-06
6.09015e-06
6.09489e-06
6.1025e-06
6.09329e-06
6.0841e-06
0.130398
0.141148
0.149243
0.154614
0.157505
0.158668
0.159452
0.159391
0.15619
0.147339
0.130471
0.103384
0.0652991
0.024853
0.00336439
0.000816022
0
0
1.64513e-08
4.26974e-06
7.45487e-06
6.27427e-06
6.00356e-06
6.12888e-06
6.14333e-06
6.11764e-06
6.1087e-06
6.10549e-06
6.10104e-06
6.09731e-06
6.09612e-06
6.09609e-06
6.09614e-06
6.09604e-06
6.09587e-06
6.09564e-06
6.09536e-06
6.09505e-06
6.09475e-06
6.09445e-06
6.09417e-06
6.09395e-06
6.09374e-06
6.09356e-06
6.09339e-06
6.09324e-06
6.0931e-06
6.09296e-06
6.09282e-06
6.09267e-06
6.09251e-06
6.09232e-06
6.09211e-06
6.09186e-06
6.09161e-06
6.09133e-06
6.091e-06
6.0906e-06
6.09012e-06
6.08949e-06
6.08864e-06
6.08753e-06
6.08619e-06
6.08475e-06
6.08329e-06
6.08171e-06
6.08032e-06
6.07903e-06
6.07745e-06
6.07539e-06
6.0735e-06
6.07131e-06
6.07001e-06
6.07007e-06
6.07141e-06
6.07366e-06
6.07656e-06
6.0766e-06
6.08779e-06
6.08414e-06
0.116749
0.0992306
0.0770223
0.0501191
0.0222343
0.00355138
0.000377513
7.22007e-05
6.65035e-07
8.28342e-06
6.89088e-06
6.24921e-06
6.21029e-06
6.18037e-06
6.16329e-06
6.15577e-06
6.14588e-06
6.13626e-06
6.12769e-06
6.12037e-06
6.11422e-06
6.10907e-06
6.10478e-06
6.10121e-06
6.09827e-06
6.09587e-06
6.09392e-06
6.09233e-06
6.09105e-06
6.09e-06
6.08913e-06
6.08839e-06
6.08778e-06
6.08726e-06
6.08682e-06
6.08644e-06
6.0861e-06
6.08578e-06
6.08547e-06
6.08515e-06
6.08482e-06
6.08448e-06
6.0841e-06
6.08366e-06
6.08315e-06
6.08258e-06
6.08194e-06
6.08123e-06
6.08046e-06
6.07967e-06
6.07886e-06
6.07806e-06
6.07726e-06
6.07645e-06
6.07558e-06
6.07457e-06
6.07338e-06
6.07204e-06
6.07068e-06
6.06962e-06
6.06935e-06
6.06997e-06
6.0708e-06
6.07193e-06
6.07346e-06
6.07537e-06
6.07756e-06
6.07985e-06
6.08194e-06
6.08391e-06
6.08582e-06
6.08749e-06
6.0888e-06
6.08925e-06
6.08997e-06
6.09055e-06
6.09566e-06
6.10312e-06
6.09368e-06
6.0846e-06
0.122551
0.134897
0.144764
0.15195
0.156455
0.158648
0.159435
0.160103
0.159245
0.154465
0.14329
0.123397
0.092729
0.0522053
0.0157827
0.000268088
4.95494e-05
0
1.15477e-10
4.30543e-08
6.08359e-06
8.43529e-06
6.43556e-06
5.91676e-06
6.07714e-06
6.1459e-06
6.12154e-06
6.1041e-06
6.10041e-06
6.09811e-06
6.09655e-06
6.09628e-06
6.09643e-06
6.09645e-06
6.09632e-06
6.09612e-06
6.09586e-06
6.09556e-06
6.09525e-06
6.09495e-06
6.09467e-06
6.09443e-06
6.09422e-06
6.09404e-06
6.09386e-06
6.09371e-06
6.09356e-06
6.09343e-06
6.09329e-06
6.09314e-06
6.09297e-06
6.09279e-06
6.09257e-06
6.09232e-06
6.09207e-06
6.09179e-06
6.09146e-06
6.09106e-06
6.09057e-06
6.08993e-06
6.08908e-06
6.08795e-06
6.0866e-06
6.08512e-06
6.08363e-06
6.08202e-06
6.0806e-06
6.07931e-06
6.07771e-06
6.0756e-06
6.07367e-06
6.07142e-06
6.07007e-06
6.0701e-06
6.0714e-06
6.07375e-06
6.07666e-06
6.07669e-06
6.08841e-06
6.08459e-06
0.107499
0.0887595
0.0656597
0.0388652
0.0137742
0.000722261
5.29191e-05
1.73035e-06
2.83747e-06
8.60006e-06
6.39372e-06
6.21696e-06
6.20375e-06
6.17841e-06
6.16554e-06
6.15696e-06
6.1463e-06
6.13649e-06
6.12791e-06
6.12062e-06
6.11447e-06
6.10933e-06
6.10503e-06
6.10147e-06
6.09853e-06
6.09614e-06
6.09419e-06
6.09261e-06
6.09133e-06
6.09029e-06
6.08942e-06
6.08869e-06
6.08808e-06
6.08757e-06
6.08714e-06
6.08676e-06
6.08643e-06
6.08611e-06
6.08579e-06
6.08547e-06
6.08514e-06
6.08479e-06
6.0844e-06
6.08394e-06
6.08342e-06
6.08283e-06
6.08217e-06
6.08144e-06
6.08067e-06
6.07985e-06
6.07903e-06
6.07822e-06
6.07741e-06
6.07659e-06
6.07569e-06
6.07466e-06
6.07344e-06
6.07206e-06
6.07067e-06
6.06961e-06
6.06937e-06
6.07003e-06
6.07089e-06
6.07205e-06
6.07363e-06
6.07558e-06
6.07783e-06
6.08017e-06
6.08229e-06
6.08429e-06
6.08622e-06
6.0879e-06
6.0892e-06
6.08964e-06
6.09036e-06
6.09099e-06
6.09648e-06
6.10378e-06
6.09407e-06
6.08511e-06
0.109855
0.124176
0.136312
0.145963
0.152933
0.15724
0.159271
0.159913
0.160367
0.159007
0.153454
0.141263
0.120126
0.0883382
0.0489262
0.0149959
0.00142921
0.000366626
0
1.38739e-15
1.0128e-08
2.3799e-06
8.11258e-06
7.16825e-06
6.02792e-06
5.97713e-06
6.11447e-06
6.13121e-06
6.10709e-06
6.09673e-06
6.09599e-06
6.09658e-06
6.0968e-06
6.09688e-06
6.09686e-06
6.09673e-06
6.09649e-06
6.0962e-06
6.09589e-06
6.09558e-06
6.09529e-06
6.09505e-06
6.09483e-06
6.09464e-06
6.09446e-06
6.0943e-06
6.09415e-06
6.09402e-06
6.09388e-06
6.09373e-06
6.09356e-06
6.09338e-06
6.09317e-06
6.09292e-06
6.09266e-06
6.09237e-06
6.09204e-06
6.09163e-06
6.09114e-06
6.0905e-06
6.08963e-06
6.08849e-06
6.0871e-06
6.08559e-06
6.08405e-06
6.08241e-06
6.08095e-06
6.07964e-06
6.07802e-06
6.07586e-06
6.07387e-06
6.07156e-06
6.07015e-06
6.07013e-06
6.0714e-06
6.07382e-06
6.07677e-06
6.07676e-06
6.08907e-06
6.0851e-06
0.0931004
0.0729542
0.0491509
0.0241085
0.00536753
0.00135397
2.44214e-11
1.50388e-09
7.11808e-06
7.63627e-06
6.07857e-06
6.23333e-06
6.19634e-06
6.17812e-06
6.16731e-06
6.15711e-06
6.146e-06
6.13623e-06
6.12777e-06
6.12059e-06
6.11453e-06
6.10945e-06
6.1052e-06
6.10168e-06
6.09878e-06
6.09641e-06
6.09449e-06
6.09294e-06
6.09168e-06
6.09065e-06
6.08979e-06
6.08908e-06
6.08848e-06
6.08798e-06
6.08756e-06
6.08719e-06
6.08686e-06
6.08654e-06
6.08622e-06
6.08589e-06
6.08556e-06
6.0852e-06
6.08479e-06
6.08432e-06
6.08378e-06
6.08317e-06
6.08248e-06
6.08173e-06
6.08093e-06
6.0801e-06
6.07926e-06
6.07843e-06
6.07761e-06
6.07677e-06
6.07585e-06
6.07477e-06
6.07351e-06
6.07208e-06
6.07066e-06
6.0696e-06
6.0694e-06
6.07011e-06
6.071e-06
6.07221e-06
6.07384e-06
6.07585e-06
6.07816e-06
6.08057e-06
6.08273e-06
6.08476e-06
6.08671e-06
6.0884e-06
6.08968e-06
6.09011e-06
6.09082e-06
6.09152e-06
6.09743e-06
6.10452e-06
6.09452e-06
6.08573e-06
0.0911729
0.107686
0.122414
0.135005
0.145129
0.152555
0.157253
0.159561
0.160355
0.160743
0.159506
0.154321
0.14271
0.122276
0.0913965
0.0530217
0.0197435
0.00174471
0.000454644
0
0
1.84108e-09
4.60831e-07
6.82599e-06
8.0444e-06
6.36516e-06
5.9143e-06
6.0494e-06
6.12453e-06
6.11123e-06
6.09654e-06
6.09555e-06
6.09717e-06
6.09762e-06
6.09757e-06
6.09747e-06
6.0973e-06
6.09704e-06
6.09674e-06
6.09643e-06
6.09613e-06
6.09586e-06
6.09563e-06
6.09543e-06
6.09524e-06
6.09507e-06
6.09492e-06
6.09478e-06
6.09464e-06
6.09449e-06
6.09432e-06
6.09413e-06
6.09391e-06
6.09366e-06
6.09339e-06
6.0931e-06
6.09276e-06
6.09235e-06
6.09184e-06
6.09119e-06
6.09031e-06
6.08914e-06
6.08771e-06
6.08615e-06
6.08457e-06
6.08286e-06
6.08137e-06
6.08004e-06
6.0784e-06
6.07617e-06
6.07411e-06
6.07173e-06
6.07023e-06
6.07017e-06
6.0714e-06
6.07391e-06
6.0769e-06
6.07684e-06
6.0898e-06
6.08566e-06
0.0726111
0.0512649
0.0282096
0.00889348
0.000164921
8.62075e-06
5.58735e-09
1.55374e-06
9.16629e-06
6.33223e-06
6.08545e-06
6.24672e-06
6.18697e-06
6.17875e-06
6.16734e-06
6.15583e-06
6.1448e-06
6.13531e-06
6.12714e-06
6.12019e-06
6.11432e-06
6.10937e-06
6.10524e-06
6.10182e-06
6.099e-06
6.09671e-06
6.09484e-06
6.09333e-06
6.09211e-06
6.0911e-06
6.09027e-06
6.08957e-06
6.08899e-06
6.08851e-06
6.0881e-06
6.08774e-06
6.08741e-06
6.08709e-06
6.08676e-06
6.08643e-06
6.08608e-06
6.08571e-06
6.08528e-06
6.08479e-06
6.08422e-06
6.08358e-06
6.08286e-06
6.08208e-06
6.08125e-06
6.0804e-06
6.07954e-06
6.07869e-06
6.07785e-06
6.07698e-06
6.07602e-06
6.0749e-06
6.07358e-06
6.07209e-06
6.07063e-06
6.06958e-06
6.06945e-06
6.07021e-06
6.07115e-06
6.07241e-06
6.07411e-06
6.07618e-06
6.07857e-06
6.08105e-06
6.08326e-06
6.08532e-06
6.08729e-06
6.089e-06
6.09025e-06
6.09066e-06
6.09135e-06
6.09216e-06
6.09853e-06
6.10536e-06
6.09499e-06
6.08637e-06
0.0691574
0.0875552
0.104605
0.119925
0.133135
0.143876
0.151884
0.157097
0.159813
0.160839
0.161223
0.160188
0.155446
0.144418
0.124528
0.0942171
0.0564727
0.0219149
0.00272518
0.000710033
0
0
6.64228e-11
1.45129e-08
4.51538e-06
8.45399e-06
6.81844e-06
5.97627e-06
6.00435e-06
6.10567e-06
6.11029e-06
6.09716e-06
6.09558e-06
6.09762e-06
6.09846e-06
6.09843e-06
6.09821e-06
6.09795e-06
6.09765e-06
6.09734e-06
6.09702e-06
6.09674e-06
6.09649e-06
6.09628e-06
6.09608e-06
6.0959e-06
6.09574e-06
6.09559e-06
6.09545e-06
6.09529e-06
6.09512e-06
6.09493e-06
6.09471e-06
6.09445e-06
6.09417e-06
6.09387e-06
6.09352e-06
6.0931e-06
6.09258e-06
6.09192e-06
6.09102e-06
6.08983e-06
6.08836e-06
6.08674e-06
6.08511e-06
6.08335e-06
6.08181e-06
6.08046e-06
6.07879e-06
6.0765e-06
6.07436e-06
6.0719e-06
6.07032e-06
6.0702e-06
6.0714e-06
6.07399e-06
6.07704e-06
6.07691e-06
6.09056e-06
6.08627e-06
0.0493267
0.0283643
0.0102375
0.000835396
0.000203895
8.47422e-10
2.57026e-07
8.09897e-06
7.55203e-06
5.86432e-06
6.21515e-06
6.22978e-06
6.18187e-06
6.17823e-06
6.16512e-06
6.15339e-06
6.14287e-06
6.13384e-06
6.12607e-06
6.11944e-06
6.11383e-06
6.10909e-06
6.10513e-06
6.10185e-06
6.09916e-06
6.09695e-06
6.09516e-06
6.09371e-06
6.09253e-06
6.09156e-06
6.09076e-06
6.09009e-06
6.08953e-06
6.08906e-06
6.08866e-06
6.08831e-06
6.08798e-06
6.08765e-06
6.08732e-06
6.08699e-06
6.08663e-06
6.08623e-06
6.08579e-06
6.08526e-06
6.08467e-06
6.08399e-06
6.08325e-06
6.08244e-06
6.08158e-06
6.0807e-06
6.07981e-06
6.07895e-06
6.07809e-06
6.07719e-06
6.0762e-06
6.07502e-06
6.07364e-06
6.07209e-06
6.07059e-06
6.06956e-06
6.06951e-06
6.07032e-06
6.07131e-06
6.07263e-06
6.0744e-06
6.07654e-06
6.07901e-06
6.08158e-06
6.08382e-06
6.08591e-06
6.08791e-06
6.08962e-06
6.09084e-06
6.09123e-06
6.09191e-06
6.09285e-06
6.0997e-06
6.10624e-06
6.09544e-06
6.08702e-06
0.0443293
0.0639378
0.0829407
0.10068
0.116733
0.130699
0.142193
0.15092
0.156771
0.159988
0.161295
0.161697
0.160865
0.156533
0.145997
0.126613
0.096968
0.0597517
0.0244807
0.00403705
0.00104631
0
0
2.05064e-14
1.34919e-12
2.99997e-06
7.92404e-06
7.08948e-06
6.06663e-06
5.98912e-06
6.09143e-06
6.11187e-06
6.10136e-06
6.0975e-06
6.09814e-06
6.09884e-06
6.09904e-06
6.09894e-06
6.09865e-06
6.09831e-06
6.09798e-06
6.09768e-06
6.09742e-06
6.09718e-06
6.09697e-06
6.09678e-06
6.09661e-06
6.09645e-06
6.0963e-06
6.09614e-06
6.09597e-06
6.09577e-06
6.09554e-06
6.09528e-06
6.09499e-06
6.09468e-06
6.09432e-06
6.09389e-06
6.09336e-06
6.09269e-06
6.09178e-06
6.09056e-06
6.08905e-06
6.08738e-06
6.08568e-06
6.08386e-06
6.08227e-06
6.0809e-06
6.07921e-06
6.07685e-06
6.07463e-06
6.07209e-06
6.07042e-06
6.07023e-06
6.0714e-06
6.07407e-06
6.07719e-06
6.07699e-06
6.09134e-06
6.08692e-06
0.0251336
0.00930979
0.00101965
0.000255936
0
1.55094e-08
4.00016e-06
9.10409e-06
6.08802e-06
6.00916e-06
6.27235e-06
6.20168e-06
6.18117e-06
6.17508e-06
6.16127e-06
6.15018e-06
6.14037e-06
6.13192e-06
6.12463e-06
6.1184e-06
6.11311e-06
6.10864e-06
6.1049e-06
6.1018e-06
6.09925e-06
6.09717e-06
6.09547e-06
6.09409e-06
6.09297e-06
6.09204e-06
6.09127e-06
6.09063e-06
6.09009e-06
6.08965e-06
6.08926e-06
6.08891e-06
6.08858e-06
6.08825e-06
6.08791e-06
6.08756e-06
6.08719e-06
6.08678e-06
6.0863e-06
6.08575e-06
6.08512e-06
6.08442e-06
6.08364e-06
6.08279e-06
6.0819e-06
6.081e-06
6.0801e-06
6.07921e-06
6.07833e-06
6.0774e-06
6.07636e-06
6.07514e-06
6.07368e-06
6.07207e-06
6.07054e-06
6.06954e-06
6.06959e-06
6.07045e-06
6.07149e-06
6.07288e-06
6.07472e-06
6.07693e-06
6.07948e-06
6.08213e-06
6.08442e-06
6.08655e-06
6.08856e-06
6.09028e-06
6.09146e-06
6.09184e-06
6.09249e-06
6.09362e-06
6.10094e-06
6.10715e-06
6.09589e-06
6.08767e-06
0.019546
0.0376458
0.0576239
0.0773548
0.0959315
0.112861
0.127716
0.140093
0.149657
0.156248
0.160039
0.161668
0.162099
0.161453
0.157497
0.147447
0.128614
0.0995629
0.0625773
0.0268457
0.00531759
0.00137413
3.42529e-12
0
2.53042e-20
8.30114e-09
2.14207e-06
7.50962e-06
7.1928e-06
6.12993e-06
5.97072e-06
6.06558e-06
6.10202e-06
6.10199e-06
6.10106e-06
6.10087e-06
6.10018e-06
6.09975e-06
6.09957e-06
6.09934e-06
6.09901e-06
6.09868e-06
6.09839e-06
6.09814e-06
6.09791e-06
6.09771e-06
6.09753e-06
6.09736e-06
6.0972e-06
6.09704e-06
6.09686e-06
6.09666e-06
6.09643e-06
6.09616e-06
6.09586e-06
6.09554e-06
6.09517e-06
6.09472e-06
6.09419e-06
6.0935e-06
6.09257e-06
6.09133e-06
6.08978e-06
6.08805e-06
6.08629e-06
6.08441e-06
6.08275e-06
6.08136e-06
6.07966e-06
6.07723e-06
6.07493e-06
6.0723e-06
6.07053e-06
6.07026e-06
6.07141e-06
6.07414e-06
6.07735e-06
6.07706e-06
6.09216e-06
6.08761e-06
0.00654171
0.000560861
0.000130882
0
5.50531e-09
1.52406e-06
9.19231e-06
6.93722e-06
5.82819e-06
6.22616e-06
6.24529e-06
6.18492e-06
6.18021e-06
6.16945e-06
6.1566e-06
6.14648e-06
6.13746e-06
6.12966e-06
6.12291e-06
6.11713e-06
6.11221e-06
6.10805e-06
6.10457e-06
6.10168e-06
6.09931e-06
6.09736e-06
6.09577e-06
6.09448e-06
6.09341e-06
6.09253e-06
6.0918e-06
6.09119e-06
6.09068e-06
6.09025e-06
6.08987e-06
6.08953e-06
6.0892e-06
6.08886e-06
6.08852e-06
6.08816e-06
6.08777e-06
6.08733e-06
6.08683e-06
6.08625e-06
6.08559e-06
6.08485e-06
6.08403e-06
6.08315e-06
6.08224e-06
6.0813e-06
6.08038e-06
6.07948e-06
6.07857e-06
6.07762e-06
6.07653e-06
6.07524e-06
6.07372e-06
6.07204e-06
6.07049e-06
6.06952e-06
6.06968e-06
6.07059e-06
6.07168e-06
6.07314e-06
6.07506e-06
6.07735e-06
6.07999e-06
6.08272e-06
6.08506e-06
6.08721e-06
6.08925e-06
6.09097e-06
6.09211e-06
6.09248e-06
6.09309e-06
6.09445e-06
6.10225e-06
6.10808e-06
6.09631e-06
6.08832e-06
0.00375373
0.0137127
0.0304485
0.0504545
0.0709032
0.0904179
0.108341
0.124203
0.137568
0.148062
0.155471
0.159892
0.161876
0.162343
0.161878
0.158293
0.148732
0.130445
0.101871
0.0650589
0.0289336
0.00654964
8.0349e-05
1.61878e-06
0
0
6.05668e-09
1.59032e-06
7.16555e-06
7.30258e-06
6.24156e-06
6.0275e-06
6.08674e-06
6.09985e-06
6.09308e-06
6.09652e-06
6.10105e-06
6.10169e-06
6.10091e-06
6.10037e-06
6.10005e-06
6.09974e-06
6.09943e-06
6.09915e-06
6.09891e-06
6.09869e-06
6.0985e-06
6.09832e-06
6.09815e-06
6.09798e-06
6.0978e-06
6.09759e-06
6.09736e-06
6.09708e-06
6.09677e-06
6.09644e-06
6.09606e-06
6.0956e-06
6.09505e-06
6.09436e-06
6.09341e-06
6.09215e-06
6.09055e-06
6.08876e-06
6.08694e-06
6.08499e-06
6.08327e-06
6.08185e-06
6.08014e-06
6.07764e-06
6.07524e-06
6.07253e-06
6.07065e-06
6.0703e-06
6.07141e-06
6.07422e-06
6.0775e-06
6.07713e-06
6.093e-06
6.08835e-06
0.000229867
2.44437e-05
0
7.32377e-10
2.09843e-07
7.99131e-06
7.67878e-06
5.93657e-06
6.08335e-06
6.27885e-06
6.20253e-06
6.1803e-06
6.17556e-06
6.16268e-06
6.15164e-06
6.14248e-06
6.13428e-06
6.12717e-06
6.12101e-06
6.11572e-06
6.11121e-06
6.10739e-06
6.10419e-06
6.10154e-06
6.09935e-06
6.09755e-06
6.09608e-06
6.09487e-06
6.09387e-06
6.09305e-06
6.09236e-06
6.09178e-06
6.09131e-06
6.09089e-06
6.09052e-06
6.09018e-06
6.08985e-06
6.0895e-06
6.08915e-06
6.08878e-06
6.08837e-06
6.08791e-06
6.08737e-06
6.08676e-06
6.08606e-06
6.08528e-06
6.08443e-06
6.08352e-06
6.08257e-06
6.08162e-06
6.08067e-06
6.07975e-06
6.07882e-06
6.07783e-06
6.07669e-06
6.07533e-06
6.07373e-06
6.072e-06
6.07042e-06
6.0695e-06
6.06978e-06
6.07075e-06
6.07189e-06
6.07343e-06
6.07543e-06
6.0778e-06
6.08054e-06
6.08336e-06
6.08574e-06
6.08792e-06
6.08998e-06
6.0917e-06
6.0928e-06
6.09315e-06
6.09373e-06
6.09537e-06
6.10363e-06
6.10905e-06
6.0967e-06
6.08895e-06
0.000357206
0.00145017
0.00847783
0.0230653
0.0426059
0.0636654
0.084193
0.103241
0.120247
0.134734
0.146283
0.154618
0.159752
0.162138
0.162652
0.162342
0.1591
0.149998
0.132182
0.103959
0.0672054
0.0308336
0.00743687
0.000203915
1.92112e-05
0
0
4.83604e-09
1.28681e-06
6.80821e-06
7.07791e-06
6.03971e-06
5.95452e-06
6.12116e-06
6.14639e-06
6.11128e-06
6.09731e-06
6.09942e-06
6.10176e-06
6.10179e-06
6.10125e-06
6.10083e-06
6.10051e-06
6.10021e-06
6.09995e-06
6.09972e-06
6.0995e-06
6.09932e-06
6.09914e-06
6.09897e-06
6.09878e-06
6.09856e-06
6.09832e-06
6.09804e-06
6.09772e-06
6.09737e-06
6.09698e-06
6.09652e-06
6.09595e-06
6.09524e-06
6.09429e-06
6.093e-06
6.09136e-06
6.08951e-06
6.08762e-06
6.0856e-06
6.08381e-06
6.08236e-06
6.08063e-06
6.07808e-06
6.07558e-06
6.07277e-06
6.07078e-06
6.07033e-06
6.07141e-06
6.07428e-06
6.07768e-06
6.07719e-06
6.09387e-06
6.08913e-06
7.06308e-13
0
1.97738e-10
5.53622e-08
6.34731e-06
8.16337e-06
6.15502e-06
6.00217e-06
6.25338e-06
6.23333e-06
6.18158e-06
6.17749e-06
6.16786e-06
6.15598e-06
6.14661e-06
6.13834e-06
6.13098e-06
6.12458e-06
6.11902e-06
6.11424e-06
6.11015e-06
6.1067e-06
6.1038e-06
6.10139e-06
6.09939e-06
6.09775e-06
6.0964e-06
6.09528e-06
6.09435e-06
6.09358e-06
6.09294e-06
6.0924e-06
6.09195e-06
6.09155e-06
6.09119e-06
6.09085e-06
6.09051e-06
6.09016e-06
6.0898e-06
6.08941e-06
6.08898e-06
6.08849e-06
6.08792e-06
6.08727e-06
6.08654e-06
6.08572e-06
6.08483e-06
6.08389e-06
6.08291e-06
6.08193e-06
6.08097e-06
6.08002e-06
6.07907e-06
6.07804e-06
6.07684e-06
6.07541e-06
6.07374e-06
6.07194e-06
6.07034e-06
6.06949e-06
6.0699e-06
6.07092e-06
6.07212e-06
6.07374e-06
6.07582e-06
6.07827e-06
6.08112e-06
6.08403e-06
6.08645e-06
6.08866e-06
6.09074e-06
6.09246e-06
6.09351e-06
6.09383e-06
6.0944e-06
6.09635e-06
6.10509e-06
6.11001e-06
6.09708e-06
6.08959e-06
0
6.8474e-05
0.000379157
0.00460331
0.0161169
0.0344221
0.0557072
0.0771076
0.0971897
0.115247
0.130774
0.143326
0.15258
0.158473
0.161378
0.162243
0.162145
0.159304
0.150729
0.133439
0.105605
0.0690986
0.0325504
0.00901162
0.000463318
9.23815e-05
0
0
4.73722e-09
1.27555e-06
8.30218e-06
8.19505e-06
6.12136e-06
5.70865e-06
5.96257e-06
6.11714e-06
6.12437e-06
6.10662e-06
6.10165e-06
6.10221e-06
6.10247e-06
6.10212e-06
6.10173e-06
6.1014e-06
6.10111e-06
6.10086e-06
6.10063e-06
6.10042e-06
6.10024e-06
6.10006e-06
6.09986e-06
6.09964e-06
6.09939e-06
6.0991e-06
6.09877e-06
6.09842e-06
6.09801e-06
6.09753e-06
6.09696e-06
6.09623e-06
6.09527e-06
6.09395e-06
6.09227e-06
6.09035e-06
6.08838e-06
6.08629e-06
6.08442e-06
6.08293e-06
6.08119e-06
6.07857e-06
6.07597e-06
6.07304e-06
6.07095e-06
6.07038e-06
6.07139e-06
6.07437e-06
6.07781e-06
6.0773e-06
6.09471e-06
6.08998e-06
0
5.36269e-10
1.48185e-07
5.42682e-06
8.28797e-06
6.36727e-06
5.97454e-06
6.21118e-06
6.24865e-06
6.19094e-06
6.17563e-06
6.17068e-06
6.1593e-06
6.14959e-06
6.14147e-06
6.13411e-06
6.12762e-06
6.12194e-06
6.117e-06
6.11274e-06
6.10911e-06
6.10603e-06
6.10344e-06
6.10128e-06
6.09948e-06
6.098e-06
6.09677e-06
6.09575e-06
6.0949e-06
6.09419e-06
6.09359e-06
6.09309e-06
6.09266e-06
6.09228e-06
6.09193e-06
6.09159e-06
6.09124e-06
6.09088e-06
6.09051e-06
6.0901e-06
6.08964e-06
6.08911e-06
6.08851e-06
6.08782e-06
6.08704e-06
6.08618e-06
6.08525e-06
6.08427e-06
6.08327e-06
6.08226e-06
6.08128e-06
6.08031e-06
6.07933e-06
6.07825e-06
6.07699e-06
6.07548e-06
6.07371e-06
6.07185e-06
6.07025e-06
6.0695e-06
6.07004e-06
6.07112e-06
6.07239e-06
6.0741e-06
6.07628e-06
6.07882e-06
6.08179e-06
6.08478e-06
6.08724e-06
6.08949e-06
6.09158e-06
6.0933e-06
6.09428e-06
6.0946e-06
6.09512e-06
6.09752e-06
6.10666e-06
6.11112e-06
6.09734e-06
6.09009e-06
9.29437e-19
0
4.80547e-12
0.000482937
0.00195549
0.0102945
0.0267701
0.0484603
0.071574
0.0936908
0.113614
0.130679
0.144406
0.154456
0.16075
0.163666
0.164212
0.163645
0.160594
0.151933
0.134404
0.105979
0.0683863
0.0305693
0.00396786
0.00119494
3.98614e-05
1.0148e-07
0
1.82696e-10
3.88665e-08
5.77088e-06
9.46087e-06
7.32359e-06
6.09761e-06
5.96643e-06
6.06793e-06
6.10862e-06
6.10794e-06
6.10411e-06
6.10324e-06
6.10305e-06
6.10273e-06
6.10238e-06
6.10207e-06
6.10179e-06
6.10155e-06
6.10133e-06
6.10114e-06
6.10095e-06
6.10075e-06
6.10053e-06
6.10027e-06
6.09998e-06
6.09964e-06
6.09927e-06
6.09886e-06
6.09837e-06
6.09778e-06
6.09705e-06
6.09607e-06
6.09474e-06
6.09302e-06
6.09105e-06
6.08901e-06
6.08686e-06
6.08492e-06
6.0834e-06
6.08166e-06
6.079e-06
6.07627e-06
6.07329e-06
6.07105e-06
6.07037e-06
6.07143e-06
6.07436e-06
6.07808e-06
6.07722e-06
6.09568e-06
6.09071e-06
2.59658e-09
7.02263e-07
5.72573e-06
8.13282e-06
6.55719e-06
5.97691e-06
6.17787e-06
6.24897e-06
6.20206e-06
6.17613e-06
6.17149e-06
6.1624e-06
6.15234e-06
6.14427e-06
6.137e-06
6.13046e-06
6.1247e-06
6.11964e-06
6.11524e-06
6.11144e-06
6.10819e-06
6.10543e-06
6.10311e-06
6.10117e-06
6.09955e-06
6.0982e-06
6.09708e-06
6.09614e-06
6.09535e-06
6.09469e-06
6.09414e-06
6.09367e-06
6.09326e-06
6.09289e-06
6.09254e-06
6.0922e-06
6.09185e-06
6.09148e-06
6.0911e-06
6.09067e-06
6.09019e-06
6.08963e-06
6.08899e-06
6.08827e-06
6.08746e-06
6.08656e-06
6.0856e-06
6.08459e-06
6.08356e-06
6.08254e-06
6.08154e-06
6.08056e-06
6.07955e-06
6.07843e-06
6.07711e-06
6.07553e-06
6.07369e-06
6.07178e-06
6.07018e-06
6.06951e-06
6.07016e-06
6.07129e-06
6.07262e-06
6.0744e-06
6.07665e-06
6.07928e-06
6.08235e-06
6.08542e-06
6.08792e-06
6.09019e-06
6.0923e-06
6.09399e-06
6.09496e-06
6.0952e-06
6.0958e-06
6.09842e-06
6.10817e-06
6.11177e-06
6.09765e-06
6.09075e-06
2.13555e-08
8.90902e-11
0
0
1.40526e-07
4.41397e-06
0.00338602
0.0126331
0.0284846
0.048646
0.0704408
0.091835
0.111492
0.128493
0.142176
0.152159
0.158489
0.161788
0.162632
0.161469
0.155893
0.142789
0.119664
0.0871046
0.0506265
0.0224586
0.00732419
0.00129108
0.000313422
0
7.61866e-14
5.17718e-12
1.51519e-06
5.81064e-06
6.68878e-06
6.29036e-06
6.10081e-06
6.09018e-06
6.10357e-06
6.10672e-06
6.10602e-06
6.10539e-06
6.10499e-06
6.10461e-06
6.10425e-06
6.10394e-06
6.10366e-06
6.10341e-06
6.10318e-06
6.10298e-06
6.10276e-06
6.10253e-06
6.10226e-06
6.10195e-06
6.10159e-06
6.1012e-06
6.10075e-06
6.10023e-06
6.09962e-06
6.09886e-06
6.09786e-06
6.09648e-06
6.0947e-06
6.0926e-06
6.09043e-06
6.08812e-06
6.08604e-06
6.08442e-06
6.08268e-06
6.0799e-06
6.07703e-06
6.07378e-06
6.07143e-06
6.07053e-06
6.0714e-06
6.07462e-06
6.07817e-06
6.0776e-06
6.09685e-06
6.09245e-06
3.59668e-06
6.90201e-06
7.65e-06
6.47099e-06
6.02728e-06
6.16118e-06
6.2292e-06
6.1943e-06
6.1706e-06
6.16466e-06
6.15802e-06
6.14939e-06
6.14216e-06
6.13581e-06
6.12999e-06
6.1248e-06
6.12021e-06
6.11617e-06
6.11264e-06
6.1096e-06
6.10698e-06
6.10476e-06
6.10287e-06
6.10128e-06
6.09995e-06
6.09882e-06
6.09788e-06
6.09708e-06
6.09641e-06
6.09585e-06
6.09536e-06
6.09494e-06
6.09456e-06
6.0942e-06
6.09386e-06
6.09351e-06
6.09314e-06
6.09275e-06
6.09233e-06
6.09186e-06
6.09132e-06
6.0907e-06
6.09e-06
6.0892e-06
6.08831e-06
6.08735e-06
6.08632e-06
6.08525e-06
6.08418e-06
6.08312e-06
6.08209e-06
6.08106e-06
6.07998e-06
6.07877e-06
6.07731e-06
6.07557e-06
6.07359e-06
6.07159e-06
6.07004e-06
6.06961e-06
6.07046e-06
6.07168e-06
6.07314e-06
6.07509e-06
6.07751e-06
6.08031e-06
6.08358e-06
6.0868e-06
6.08935e-06
6.09168e-06
6.0938e-06
6.09547e-06
6.09629e-06
6.09656e-06
6.09706e-06
6.10078e-06
6.11073e-06
6.11373e-06
6.09849e-06
6.09124e-06
)
;

boundaryField
{
    inlet
    {
        type            freestream;
        freestreamValue uniform 1e-05;
        value           nonuniform List<scalar> 
134
(
1e-05
1e-05
1e-05
1e-05
1e-05
1e-05
1e-05
1e-05
1e-05
1e-05
6.06845e-06
6.06928e-06
6.07025e-06
6.07118e-06
6.07207e-06
6.07293e-06
6.07377e-06
6.07457e-06
6.07535e-06
6.07611e-06
1e-05
6.07682e-06
6.07748e-06
6.07808e-06
6.07858e-06
6.07902e-06
6.07939e-06
6.0797e-06
6.08008e-06
6.08031e-06
1e-05
6.08026e-06
6.08037e-06
6.08046e-06
6.08053e-06
6.08057e-06
6.08057e-06
6.08061e-06
6.08071e-06
6.08085e-06
1e-05
1e-05
1e-05
1e-05
1e-05
1e-05
1e-05
6.08092e-06
6.08095e-06
6.08101e-06
6.08108e-06
6.08117e-06
6.08128e-06
6.08141e-06
6.08157e-06
6.08174e-06
6.08194e-06
6.08216e-06
6.08241e-06
6.08269e-06
6.08301e-06
6.08335e-06
6.08373e-06
6.08414e-06
6.08459e-06
6.0851e-06
6.08566e-06
6.08627e-06
6.08692e-06
6.08761e-06
6.08835e-06
6.08913e-06
6.08998e-06
6.09071e-06
6.09245e-06
1e-05
1e-05
1e-05
1e-05
1e-05
1e-05
1e-05
1e-05
1e-05
1e-05
1e-05
1e-05
1e-05
1e-05
1e-05
1e-05
1e-05
1e-05
1e-05
1e-05
1e-05
1e-05
1e-05
1e-05
1e-05
1e-05
1e-05
1e-05
1e-05
1e-05
1e-05
1e-05
1e-05
1e-05
1e-05
1e-05
1e-05
1e-05
1e-05
1e-05
1e-05
1e-05
1e-05
1e-05
1e-05
1e-05
1e-05
1e-05
1e-05
1e-05
1e-05
1e-05
1e-05
1e-05
1e-05
1e-05
1e-05
1e-05
1e-05
)
;
    }
    outlet
    {
        type            freestream;
        freestreamValue uniform 1e-05;
        value           nonuniform List<scalar> 
160
(
2.13555e-08
3.59668e-06
8.90902e-11
6.90201e-06
0
7.65e-06
0
6.47099e-06
1.40526e-07
6.02728e-06
4.41397e-06
6.16118e-06
0.00338602
6.2292e-06
0.0126331
6.1943e-06
0.0284846
6.1706e-06
0.048646
6.16466e-06
0.0704408
6.15802e-06
0.091835
6.14939e-06
0.111492
6.14216e-06
0.128493
6.13581e-06
0.142176
6.12999e-06
0.152159
6.1248e-06
0.158489
6.12021e-06
0.161788
6.11617e-06
0.162632
6.11264e-06
0.161469
6.1096e-06
0.155893
6.10698e-06
0.142789
6.10476e-06
0.119664
6.10287e-06
0.0871046
6.10128e-06
0.0506265
6.09995e-06
0.0224586
6.09882e-06
0.00732419
6.09788e-06
0.00129108
6.09708e-06
0.000313422
6.09641e-06
0
6.09585e-06
7.61866e-14
6.09536e-06
5.17718e-12
6.09494e-06
1.51519e-06
6.09456e-06
5.81064e-06
6.0942e-06
6.68878e-06
6.09386e-06
6.29036e-06
6.09351e-06
6.10081e-06
6.09314e-06
6.09018e-06
6.09275e-06
6.10357e-06
6.09233e-06
6.10672e-06
6.09186e-06
6.10602e-06
6.09132e-06
6.10539e-06
6.0907e-06
6.10499e-06
6.09e-06
6.10461e-06
6.0892e-06
6.10425e-06
6.08831e-06
6.10394e-06
6.08735e-06
6.10366e-06
6.08632e-06
6.10341e-06
6.08525e-06
6.10318e-06
6.08418e-06
6.10298e-06
6.08312e-06
6.10276e-06
6.08209e-06
6.10253e-06
6.08106e-06
6.10226e-06
6.07998e-06
6.10195e-06
6.07877e-06
6.10159e-06
6.07731e-06
6.1012e-06
6.07557e-06
6.10075e-06
6.07359e-06
6.10023e-06
6.07159e-06
6.09962e-06
6.07004e-06
6.09886e-06
6.06961e-06
6.09786e-06
6.07046e-06
6.09648e-06
6.07168e-06
6.0947e-06
6.07314e-06
6.0926e-06
6.07509e-06
6.09043e-06
6.07751e-06
6.08812e-06
6.08031e-06
6.08604e-06
6.08358e-06
6.08442e-06
6.0868e-06
6.08268e-06
6.08935e-06
6.0799e-06
6.09168e-06
6.07703e-06
6.0938e-06
6.07378e-06
6.09547e-06
6.07143e-06
6.09629e-06
6.07053e-06
6.09656e-06
6.0714e-06
6.09706e-06
6.07462e-06
6.10078e-06
6.07817e-06
6.11073e-06
6.0776e-06
6.11373e-06
6.09685e-06
6.09849e-06
6.09245e-06
6.09124e-06
)
;
    }
    walls
    {
        type            nutUSpaldingWallFunction;
        value           nonuniform List<scalar> 
78
(
0.00133346
0.00162344
0.0019245
0.00220348
0.00247623
0.0027331
0.00296241
0.00316658
0.00334582
0.00349799
0.00362751
0.00373661
0.00382516
0.003897
0.00395199
0.00399028
0.00401202
0.00401405
0.00398492
0.00392213
0.00381897
0.00367443
0.00348967
0.00327934
0.00308441
0.00296266
0.00292688
0.00293948
0.00296843
0.00299395
0.00300299
0.00298183
0.00293189
0.0028596
0.00276826
0.00265852
0.0025095
0.00231444
0.00182653
0.001043
0.000759286
0.000576794
0.000644022
0.000945753
0.0013199
0.00167963
0.00199272
0.00225523
0.002467
0.00262725
0.00274459
0.00282948
0.00289055
0.002935
0.00296899
0.00299678
0.00302106
0.00304426
0.0030675
0.0030919
0.00311706
0.00314205
0.00316205
0.00316911
0.00316013
0.00314211
0.00312202
0.00310137
0.00307884
0.00305173
0.00301713
0.00297315
0.00291923
0.00285416
0.00277604
0.00267103
0.00252234
0.00215993
)
;
    }
    frontAndBack
    {
        type            empty;
    }
}


// ************************************************************************* //
