/*--------------------------------*- C++ -*----------------------------------*\
| =========                 |                                                 |
| \\      /  F ield         | OpenFOAM: The Open Source CFD Toolbox           |
|  \\    /   O peration     | Version:  2412                                  |
|   \\  /    A nd           | Website:  www.openfoam.com                      |
|    \\/     M anipulation  |                                                 |
\*---------------------------------------------------------------------------*/
FoamFile
{
    version     2.0;
    format      ascii;
    arch        "LSB;label=32;scalar=64";
    class       volScalarField;
    location    "400";
    object      nuTilda;
}
// * * * * * * * * * * * * * * * * * * * * * * * * * * * * * * * * * * * * * //

dimensions      [0 2 -1 0 0 0 0];

internalField   nonuniform List<scalar> 
10720
(
4.62316e-05
4.82852e-05
5.08234e-05
5.38703e-05
5.76403e-05
6.23305e-05
6.83082e-05
7.58741e-05
8.56737e-05
9.84602e-05
0.000115305
0.000137992
0.000168985
0.000212204
0.000274135
0.000365127
0.000503455
0.000720916
0.00107263
0.00166398
0.00272215
0.00469309
0.00876314
0.0174019
0.038287
0.0829654
0.117999
0.130079
0.131624
0.131053
0.130123
0.128317
0.125501
0.121861
0.117533
0.112592
0.106306
0.0991555
0.080817
4.43783e-05
4.27145e-05
4.14137e-05
4.24034e-05
4.44566e-05
4.72829e-05
5.09466e-05
5.56922e-05
6.19077e-05
7.01751e-05
8.13e-05
9.64142e-05
0.00011712
0.000146079
0.000187122
0.000246736
0.000335393
0.000471351
0.00068631
0.00103965
0.0016418
0.00272248
0.00473708
0.0087722
0.0171617
0.0356647
0.0717831
0.103489
0.117567
0.121162
0.121482
0.120852
0.119502
0.117478
0.114897
0.111848
0.10787
0.103098
0.0901429
3.95041e-05
3.93115e-05
3.91076e-05
3.88898e-05
3.86373e-05
3.83662e-05
3.80833e-05
3.77705e-05
3.74453e-05
3.70994e-05
3.67213e-05
3.63252e-05
3.59043e-05
3.54585e-05
3.50369e-05
3.46805e-05
3.43516e-05
3.54897e-05
4.4692e-05
7.41737e-05
0.000156061
0.000350392
0.000806618
0.00189962
0.00413104
0.0105305
0.0231382
0.0412897
0.062256
0.0825475
0.0984791
0.108259
0.112363
0.112774
0.11132
0.109139
0.106655
0.106058
0.1025
3.96523e-05
3.9819e-05
3.99179e-05
3.98378e-05
3.96721e-05
3.94426e-05
3.91672e-05
3.88594e-05
3.85239e-05
3.81792e-05
3.78393e-05
3.75074e-05
3.71865e-05
3.68901e-05
3.65797e-05
3.62765e-05
3.5891e-05
3.54366e-05
3.47566e-05
3.37807e-05
3.23584e-05
3.0949e-05
3.35546e-05
5.21754e-05
0.000198726
0.000757584
0.00448659
0.0149514
0.0310677
0.048704
0.0637828
0.0739455
0.0794134
0.0819039
0.0830393
0.0838279
0.0844716
0.0872036
0.0887203
4.01367e-05
4.01575e-05
4.01791e-05
4.02014e-05
4.023e-05
4.02618e-05
4.02976e-05
4.03389e-05
4.03853e-05
4.04371e-05
4.04964e-05
4.05634e-05
4.06406e-05
4.07286e-05
4.08301e-05
4.09475e-05
4.10805e-05
4.12489e-05
4.13188e-05
4.29072e-05
3.19404e-05
7.86377e-05
0.000169836
0.000400283
0.000140892
0.000273497
0.000668998
0.00192964
0.00567119
0.0137131
0.0267652
0.0441
0.0628179
0.0793444
0.0914978
0.0993142
0.104025
0.107714
0.111004
4.01142e-05
4.00877e-05
4.00998e-05
4.00968e-05
4.01112e-05
4.01364e-05
4.01661e-05
4.01973e-05
4.02343e-05
4.02751e-05
4.03184e-05
4.03656e-05
4.04176e-05
4.04745e-05
4.05388e-05
4.06106e-05
4.06917e-05
4.07831e-05
4.08851e-05
4.10083e-05
4.11171e-05
4.1399e-05
4.0864e-05
4.1947e-05
1.93949e-05
4.63254e-05
9.59554e-05
0.000249518
0.0009229
0.00341501
0.00887452
0.0174813
0.0281727
0.0394165
0.049701
0.0582087
0.0646968
0.0708305
0.0774501
4.00384e-05
4.00297e-05
4.00238e-05
4.00183e-05
4.00122e-05
4.00072e-05
4.00035e-05
4.00002e-05
3.9999e-05
3.99996e-05
4.00026e-05
4.00086e-05
4.00185e-05
4.0033e-05
4.00539e-05
4.00825e-05
4.01217e-05
4.01736e-05
4.02398e-05
4.03805e-05
4.01633e-05
3.66036e-05
3.01155e-05
2.02315e-06
3.34311e-05
5.90358e-05
0.000144363
0.000424526
6.04277e-05
0.000184698
0.0010141
0.00424965
0.0111513
0.0233407
0.0401959
0.0590459
0.0765754
0.0922777
0.107127
4.00406e-05
4.00402e-05
4.00525e-05
4.00437e-05
4.00378e-05
4.00333e-05
4.00282e-05
4.00229e-05
4.00168e-05
4.00116e-05
4.0008e-05
4.00063e-05
4.00071e-05
4.00109e-05
4.00178e-05
4.00282e-05
4.00423e-05
4.006e-05
4.00815e-05
4.01067e-05
4.0136e-05
4.01702e-05
4.0206e-05
4.0293e-05
4.00471e-05
4.0384e-05
2.8151e-05
4.50425e-06
0.000213129
0.000793552
0.000838708
0.00110097
0.00188373
0.00502311
0.010713
0.0193064
0.0301294
0.0432496
0.0591267
4.00463e-05
4.00419e-05
4.00411e-05
4.00406e-05
4.00396e-05
4.00392e-05
4.00392e-05
4.00402e-05
4.00416e-05
4.00439e-05
4.00471e-05
4.00514e-05
4.00574e-05
4.00654e-05
4.00761e-05
4.00902e-05
4.01093e-05
4.01338e-05
4.01704e-05
4.01996e-05
4.03753e-05
4.06529e-05
4.02817e-05
3.50636e-05
1.95823e-05
4.5858e-06
6.8027e-06
5.05411e-06
1.33131e-05
4.12151e-05
0.000228982
0.000974063
0.000152442
0.00142943
0.00529765
0.0146137
0.0310982
0.0557683
0.0867794
4.00461e-05
4.00438e-05
4.00523e-05
4.0047e-05
4.0045e-05
4.0045e-05
4.0045e-05
4.00446e-05
4.00437e-05
4.00434e-05
4.00439e-05
4.00455e-05
4.00483e-05
4.00522e-05
4.00578e-05
4.0065e-05
4.00741e-05
4.00852e-05
4.00983e-05
4.01134e-05
4.01306e-05
4.01501e-05
4.01732e-05
4.01998e-05
4.02432e-05
4.02686e-05
4.03859e-05
3.92892e-05
4.09537e-05
1.3167e-05
0.000194077
0.000253362
0.000440763
0.000288909
0.000430846
0.00116343
0.00426212
0.0117721
0.0320892
4.00392e-05
4.00346e-05
4.00339e-05
4.00331e-05
4.00319e-05
4.00314e-05
4.00311e-05
4.00305e-05
4.00302e-05
4.003e-05
4.00301e-05
4.00307e-05
4.00317e-05
4.00334e-05
4.00359e-05
4.00396e-05
4.0045e-05
4.00527e-05
4.00633e-05
4.00796e-05
4.00997e-05
4.01531e-05
4.01714e-05
4.04855e-05
4.00907e-05
3.63315e-05
3.24432e-05
2.44681e-05
8.91862e-06
6.78755e-06
3.1208e-06
0
3.49597e-05
0.000330984
0.00124882
0.000525729
0.00353173
0.0164286
0.0531379
4.004e-05
4.00397e-05
4.00463e-05
4.00422e-05
4.00401e-05
4.00395e-05
4.00386e-05
4.00375e-05
4.0036e-05
4.00347e-05
4.00337e-05
4.00331e-05
4.00326e-05
4.00323e-05
4.00323e-05
4.00325e-05
4.00332e-05
4.00344e-05
4.00362e-05
4.00388e-05
4.00424e-05
4.00471e-05
4.00533e-05
4.0062e-05
4.00738e-05
4.00903e-05
4.00944e-05
4.00175e-05
3.97054e-05
3.58938e-05
2.15005e-05
1.12658e-05
6.90925e-06
6.75846e-05
0.000100527
0.000273705
0.00101886
0.000470732
0.0116121
4.00361e-05
4.00327e-05
4.00325e-05
4.0032e-05
4.00311e-05
4.00307e-05
4.00303e-05
4.00297e-05
4.00292e-05
4.0029e-05
4.00291e-05
4.00294e-05
4.00299e-05
4.00309e-05
4.00323e-05
4.00344e-05
4.00373e-05
4.00415e-05
4.00474e-05
4.0056e-05
4.00667e-05
4.0082e-05
4.0096e-05
4.01594e-05
4.04039e-05
4.07146e-05
4.08728e-05
4.05674e-05
3.83871e-05
3.22351e-05
1.46452e-05
7.93317e-06
4.40834e-06
0
0
0.00012328
0.000853002
0.000975047
0.0240631
4.00372e-05
4.0038e-05
4.00432e-05
4.00401e-05
4.00385e-05
4.00381e-05
4.00374e-05
4.00364e-05
4.00352e-05
4.00343e-05
4.00338e-05
4.00337e-05
4.00339e-05
4.00344e-05
4.00352e-05
4.00363e-05
4.00379e-05
4.004e-05
4.00425e-05
4.00455e-05
4.0049e-05
4.00529e-05
4.00576e-05
4.00636e-05
4.00716e-05
4.00831e-05
4.0094e-05
4.01233e-05
4.00854e-05
4.04277e-05
4.04108e-05
3.82819e-05
3.0334e-05
3.54597e-06
7.72991e-06
3.47715e-06
0
0.000153964
0.00240891
4.00334e-05
4.00308e-05
4.00308e-05
4.00303e-05
4.00296e-05
4.00293e-05
4.0029e-05
4.00286e-05
4.00284e-05
4.00283e-05
4.00282e-05
4.00281e-05
4.00281e-05
4.00281e-05
4.00282e-05
4.00284e-05
4.00287e-05
4.00293e-05
4.00303e-05
4.00319e-05
4.00342e-05
4.00371e-05
4.00407e-05
4.00405e-05
4.00497e-05
4.01267e-05
4.02994e-05
4.0632e-05
4.1118e-05
4.11176e-05
3.94984e-05
3.4885e-05
2.03642e-05
8.38441e-06
4.48776e-06
0
0
0.000375552
0.00798537
4.00345e-05
4.00363e-05
4.00407e-05
4.00382e-05
4.00367e-05
4.00364e-05
4.00356e-05
4.00346e-05
4.00336e-05
4.00328e-05
4.00324e-05
4.00322e-05
4.00321e-05
4.0032e-05
4.00321e-05
4.00322e-05
4.00324e-05
4.00326e-05
4.00329e-05
4.00332e-05
4.00334e-05
4.00333e-05
4.00334e-05
4.0034e-05
4.00353e-05
4.00375e-05
4.00405e-05
4.00454e-05
4.00457e-05
4.00574e-05
4.01499e-05
4.03318e-05
4.06703e-05
3.81849e-05
3.46843e-05
1.56474e-05
7.68189e-06
4.14107e-07
2.26162e-05
4.00315e-05
4.00294e-05
4.00297e-05
4.00293e-05
4.00287e-05
4.00285e-05
4.00282e-05
4.00278e-05
4.00276e-05
4.00275e-05
4.00273e-05
4.00272e-05
4.00271e-05
4.00271e-05
4.00273e-05
4.00276e-05
4.00281e-05
4.00288e-05
4.003e-05
4.00318e-05
4.00343e-05
4.00372e-05
4.00402e-05
4.00425e-05
4.00408e-05
4.00365e-05
4.0044e-05
4.00861e-05
4.02344e-05
4.05336e-05
4.10523e-05
4.15378e-05
4.02228e-05
3.59403e-05
2.04431e-05
8.0813e-06
0
3.3949e-05
0.00178929
4.00326e-05
4.00349e-05
4.00388e-05
4.00367e-05
4.00355e-05
4.00351e-05
4.00344e-05
4.00334e-05
4.00325e-05
4.0032e-05
4.00317e-05
4.00315e-05
4.00315e-05
4.00315e-05
4.00315e-05
4.00316e-05
4.00319e-05
4.00323e-05
4.00329e-05
4.00336e-05
4.00345e-05
4.00355e-05
4.00368e-05
4.00384e-05
4.00405e-05
4.00432e-05
4.00471e-05
4.00517e-05
4.00573e-05
4.00596e-05
4.00716e-05
4.01193e-05
4.02884e-05
4.06731e-05
4.11852e-05
3.96221e-05
3.2905e-05
6.11231e-06
5.37386e-06
4.003e-05
4.00285e-05
4.00289e-05
4.00285e-05
4.0028e-05
4.00278e-05
4.00275e-05
4.00273e-05
4.00271e-05
4.0027e-05
4.00269e-05
4.00269e-05
4.0027e-05
4.0027e-05
4.0027e-05
4.0027e-05
4.00269e-05
4.00269e-05
4.0027e-05
4.00272e-05
4.00274e-05
4.00279e-05
4.00291e-05
4.00311e-05
4.00333e-05
4.0034e-05
4.00321e-05
4.00281e-05
4.00285e-05
4.00411e-05
4.01326e-05
4.04628e-05
4.10359e-05
4.19812e-05
3.9955e-05
3.43683e-05
8.73646e-06
0
0.000424456
4.0031e-05
4.00337e-05
4.00372e-05
4.00355e-05
4.00344e-05
4.0034e-05
4.00334e-05
4.00323e-05
4.00317e-05
4.00312e-05
4.00311e-05
4.0031e-05
4.00309e-05
4.00308e-05
4.00307e-05
4.00306e-05
4.00306e-05
4.00307e-05
4.00308e-05
4.0031e-05
4.00313e-05
4.00316e-05
4.00319e-05
4.00321e-05
4.00324e-05
4.00326e-05
4.00328e-05
4.00329e-05
4.00334e-05
4.00345e-05
4.00355e-05
4.00388e-05
4.00393e-05
4.0117e-05
4.04365e-05
4.06705e-05
4.38077e-05
2.42075e-05
6.6878e-07
4.00289e-05
4.00277e-05
4.00282e-05
4.00279e-05
4.00275e-05
4.00273e-05
4.00271e-05
4.00269e-05
4.00268e-05
4.00266e-05
4.00266e-05
4.00266e-05
4.00266e-05
4.00266e-05
4.00267e-05
4.00267e-05
4.00268e-05
4.0027e-05
4.00273e-05
4.00278e-05
4.00286e-05
4.00296e-05
4.00307e-05
4.0032e-05
4.00336e-05
4.00356e-05
4.00374e-05
4.00386e-05
4.0037e-05
4.00292e-05
4.00104e-05
4.00109e-05
4.0115e-05
4.06176e-05
4.13753e-05
4.25842e-05
3.57807e-05
4.78358e-06
0
4.00298e-05
4.00327e-05
4.00359e-05
4.00345e-05
4.00335e-05
4.00331e-05
4.00325e-05
4.00315e-05
4.0031e-05
4.00307e-05
4.00305e-05
4.00305e-05
4.00304e-05
4.00303e-05
4.00302e-05
4.00301e-05
4.003e-05
4.003e-05
4.00301e-05
4.00302e-05
4.00304e-05
4.00307e-05
4.00311e-05
4.00316e-05
4.00322e-05
4.0033e-05
4.00342e-05
4.00358e-05
4.00376e-05
4.00394e-05
4.00411e-05
4.00425e-05
4.00423e-05
4.0031e-05
4.00594e-05
4.00698e-05
4.07468e-05
4.45997e-05
7.89277e-07
4.00281e-05
4.00272e-05
4.00277e-05
4.00274e-05
4.00271e-05
4.0027e-05
4.00268e-05
4.00266e-05
4.00265e-05
4.00264e-05
4.00264e-05
4.00264e-05
4.00265e-05
4.00266e-05
4.00267e-05
4.00268e-05
4.00268e-05
4.00269e-05
4.0027e-05
4.00272e-05
4.00275e-05
4.0028e-05
4.00288e-05
4.003e-05
4.00314e-05
4.00332e-05
4.00354e-05
4.0038e-05
4.00409e-05
4.00432e-05
4.00397e-05
4.00224e-05
3.99987e-05
3.99855e-05
4.03492e-05
4.04643e-05
4.63904e-05
1.78432e-05
3.9379e-07
4.00288e-05
4.00318e-05
4.00348e-05
4.00336e-05
4.00327e-05
4.00324e-05
4.00317e-05
4.00309e-05
4.00304e-05
4.00302e-05
4.00301e-05
4.003e-05
4.003e-05
4.00299e-05
4.00297e-05
4.00297e-05
4.00297e-05
4.00296e-05
4.00296e-05
4.00296e-05
4.00297e-05
4.00298e-05
4.00299e-05
4.00301e-05
4.00304e-05
4.00307e-05
4.00312e-05
4.00318e-05
4.00326e-05
4.00337e-05
4.00351e-05
4.00373e-05
4.00381e-05
4.00469e-05
4.00005e-05
4.02032e-05
3.9054e-05
4.52599e-05
2.58257e-05
4.00274e-05
4.00268e-05
4.00273e-05
4.0027e-05
4.00268e-05
4.00268e-05
4.00266e-05
4.00264e-05
4.00263e-05
4.00263e-05
4.00262e-05
4.00263e-05
4.00264e-05
4.00265e-05
4.00267e-05
4.00268e-05
4.00269e-05
4.0027e-05
4.0027e-05
4.00272e-05
4.00275e-05
4.0028e-05
4.00287e-05
4.00295e-05
4.00306e-05
4.0032e-05
4.00337e-05
4.00358e-05
4.00384e-05
4.00416e-05
4.00455e-05
4.00448e-05
4.00455e-05
3.99801e-05
4.01191e-05
3.94337e-05
4.29692e-05
3.94248e-05
5.63399e-06
4.00281e-05
4.00311e-05
4.00339e-05
4.00328e-05
4.0032e-05
4.00317e-05
4.00311e-05
4.00303e-05
4.003e-05
4.00297e-05
4.00297e-05
4.00296e-05
4.00296e-05
4.00295e-05
4.00294e-05
4.00294e-05
4.00294e-05
4.00294e-05
4.00294e-05
4.00294e-05
4.00294e-05
4.00294e-05
4.00295e-05
4.00296e-05
4.00298e-05
4.00301e-05
4.00306e-05
4.00313e-05
4.00321e-05
4.00331e-05
4.00342e-05
4.0036e-05
4.00355e-05
4.00473e-05
4.00065e-05
4.01894e-05
3.94241e-05
4.18988e-05
3.77116e-05
4.00269e-05
4.00265e-05
4.0027e-05
4.00268e-05
4.00267e-05
4.00265e-05
4.00264e-05
4.00263e-05
4.00262e-05
4.00262e-05
4.00262e-05
4.00263e-05
4.00265e-05
4.00266e-05
4.00268e-05
4.00269e-05
4.0027e-05
4.00271e-05
4.00272e-05
4.00273e-05
4.00275e-05
4.00278e-05
4.00282e-05
4.00289e-05
4.00298e-05
4.0031e-05
4.00324e-05
4.00342e-05
4.00362e-05
4.00386e-05
4.0042e-05
4.00446e-05
4.00537e-05
4.00347e-05
4.00806e-05
3.98604e-05
3.97234e-05
4.51145e-05
2.12857e-05
4.00275e-05
4.00305e-05
4.00331e-05
4.00322e-05
4.00314e-05
4.00311e-05
4.00305e-05
4.00299e-05
4.00295e-05
4.00293e-05
4.00293e-05
4.00293e-05
4.00292e-05
4.00291e-05
4.0029e-05
4.0029e-05
4.0029e-05
4.00291e-05
4.00291e-05
4.00292e-05
4.00292e-05
4.00292e-05
4.00292e-05
4.00293e-05
4.00293e-05
4.00295e-05
4.00297e-05
4.00301e-05
4.00307e-05
4.00314e-05
4.00323e-05
4.00337e-05
4.00341e-05
4.004e-05
4.00257e-05
4.00881e-05
3.9911e-05
4.02293e-05
4.04165e-05
4.00264e-05
4.00262e-05
4.00267e-05
4.00267e-05
4.00265e-05
4.00263e-05
4.00262e-05
4.00262e-05
4.00262e-05
4.00263e-05
4.00264e-05
4.00265e-05
4.00266e-05
4.00267e-05
4.00269e-05
4.0027e-05
4.00272e-05
4.00273e-05
4.00273e-05
4.00274e-05
4.00275e-05
4.00278e-05
4.00281e-05
4.00286e-05
4.00293e-05
4.00303e-05
4.00315e-05
4.0033e-05
4.00347e-05
4.00367e-05
4.00392e-05
4.00418e-05
4.00459e-05
4.00532e-05
4.00343e-05
4.01934e-05
3.91233e-05
4.33844e-05
3.42028e-05
4.0027e-05
4.00299e-05
4.00324e-05
4.00316e-05
4.00308e-05
4.00306e-05
4.003e-05
4.00294e-05
4.00291e-05
4.0029e-05
4.00289e-05
4.00289e-05
4.00289e-05
4.00288e-05
4.00287e-05
4.00287e-05
4.00287e-05
4.00287e-05
4.00288e-05
4.00289e-05
4.0029e-05
4.0029e-05
4.00291e-05
4.00291e-05
4.00291e-05
4.00291e-05
4.00293e-05
4.00296e-05
4.00301e-05
4.00307e-05
4.00314e-05
4.00324e-05
4.00333e-05
4.00351e-05
4.00358e-05
4.00372e-05
4.0066e-05
3.99088e-05
4.04194e-05
4.00261e-05
4.00261e-05
4.00265e-05
4.00265e-05
4.00264e-05
4.00262e-05
4.00261e-05
4.00261e-05
4.00262e-05
4.00264e-05
4.00265e-05
4.00266e-05
4.00267e-05
4.00269e-05
4.0027e-05
4.00272e-05
4.00273e-05
4.00274e-05
4.00275e-05
4.00275e-05
4.00276e-05
4.00278e-05
4.0028e-05
4.00284e-05
4.0029e-05
4.00298e-05
4.00308e-05
4.0032e-05
4.00335e-05
4.00353e-05
4.00373e-05
4.00399e-05
4.00409e-05
4.00531e-05
4.00204e-05
4.01931e-05
3.95639e-05
4.11755e-05
3.93539e-05
4.00267e-05
4.00295e-05
4.00318e-05
4.0031e-05
4.00304e-05
4.00301e-05
4.00296e-05
4.00291e-05
4.00288e-05
4.00286e-05
4.00286e-05
4.00286e-05
4.00285e-05
4.00285e-05
4.00283e-05
4.00283e-05
4.00283e-05
4.00284e-05
4.00284e-05
4.00286e-05
4.00287e-05
4.00288e-05
4.00289e-05
4.00289e-05
4.0029e-05
4.0029e-05
4.00291e-05
4.00293e-05
4.00296e-05
4.003e-05
4.00306e-05
4.00313e-05
4.00324e-05
4.0033e-05
4.00365e-05
4.00293e-05
4.0066e-05
3.99651e-05
4.0156e-05
4.00259e-05
4.00259e-05
4.00264e-05
4.00264e-05
4.00262e-05
4.0026e-05
4.0026e-05
4.00262e-05
4.00263e-05
4.00265e-05
4.00267e-05
4.00268e-05
4.00269e-05
4.0027e-05
4.00272e-05
4.00273e-05
4.00274e-05
4.00275e-05
4.00276e-05
4.00276e-05
4.00277e-05
4.00278e-05
4.0028e-05
4.00283e-05
4.00288e-05
4.00294e-05
4.00303e-05
4.00313e-05
4.00326e-05
4.00342e-05
4.00359e-05
4.00383e-05
4.00392e-05
4.00476e-05
4.00309e-05
4.01041e-05
3.99358e-05
4.01766e-05
4.04411e-05
4.00264e-05
4.00291e-05
4.00312e-05
4.00305e-05
4.00299e-05
4.00297e-05
4.00292e-05
4.00287e-05
4.00284e-05
4.00283e-05
4.00282e-05
4.00282e-05
4.00282e-05
4.00281e-05
4.0028e-05
4.00279e-05
4.00279e-05
4.0028e-05
4.00281e-05
4.00282e-05
4.00283e-05
4.00285e-05
4.00286e-05
4.00287e-05
4.00288e-05
4.00288e-05
4.00289e-05
4.0029e-05
4.00292e-05
4.00295e-05
4.003e-05
4.00306e-05
4.00314e-05
4.00321e-05
4.00344e-05
4.0032e-05
4.00456e-05
4.00233e-05
4.00499e-05
4.00257e-05
4.00259e-05
4.00262e-05
4.00263e-05
4.00261e-05
4.0026e-05
4.00261e-05
4.00263e-05
4.00264e-05
4.00267e-05
4.00268e-05
4.0027e-05
4.00271e-05
4.00272e-05
4.00273e-05
4.00274e-05
4.00275e-05
4.00276e-05
4.00277e-05
4.00278e-05
4.00278e-05
4.00279e-05
4.0028e-05
4.00282e-05
4.00286e-05
4.00291e-05
4.00298e-05
4.00307e-05
4.00318e-05
4.00332e-05
4.00347e-05
4.00367e-05
4.00383e-05
4.00425e-05
4.0041e-05
4.00526e-05
4.0064e-05
3.99616e-05
4.03423e-05
4.00262e-05
4.00287e-05
4.00307e-05
4.00301e-05
4.00295e-05
4.00293e-05
4.00288e-05
4.00284e-05
4.00281e-05
4.0028e-05
4.00279e-05
4.00279e-05
4.00278e-05
4.00278e-05
4.00276e-05
4.00276e-05
4.00276e-05
4.00276e-05
4.00277e-05
4.00278e-05
4.0028e-05
4.00281e-05
4.00283e-05
4.00284e-05
4.00286e-05
4.00287e-05
4.00287e-05
4.00287e-05
4.00288e-05
4.00291e-05
4.00294e-05
4.00299e-05
4.00306e-05
4.00313e-05
4.00326e-05
4.00333e-05
4.0036e-05
4.00401e-05
4.00327e-05
4.00256e-05
4.00258e-05
4.00261e-05
4.00261e-05
4.0026e-05
4.00259e-05
4.00261e-05
4.00263e-05
4.00266e-05
4.00268e-05
4.0027e-05
4.00272e-05
4.00273e-05
4.00274e-05
4.00275e-05
4.00276e-05
4.00277e-05
4.00278e-05
4.00279e-05
4.00279e-05
4.00279e-05
4.0028e-05
4.00281e-05
4.00282e-05
4.00285e-05
4.00289e-05
4.00295e-05
4.00303e-05
4.00312e-05
4.00324e-05
4.00338e-05
4.00354e-05
4.00373e-05
4.00395e-05
4.00435e-05
4.00394e-05
4.0073e-05
3.999e-05
4.01522e-05
4.0026e-05
4.00284e-05
4.00302e-05
4.00296e-05
4.00291e-05
4.00289e-05
4.00285e-05
4.00281e-05
4.00278e-05
4.00276e-05
4.00276e-05
4.00275e-05
4.00275e-05
4.00274e-05
4.00273e-05
4.00272e-05
4.00272e-05
4.00272e-05
4.00273e-05
4.00274e-05
4.00276e-05
4.00278e-05
4.00279e-05
4.00281e-05
4.00283e-05
4.00284e-05
4.00285e-05
4.00285e-05
4.00285e-05
4.00287e-05
4.0029e-05
4.00293e-05
4.00299e-05
4.00306e-05
4.00315e-05
4.00328e-05
4.00335e-05
4.00397e-05
4.0035e-05
4.00255e-05
4.00258e-05
4.00259e-05
4.0026e-05
4.00259e-05
4.00259e-05
4.00262e-05
4.00264e-05
4.00267e-05
4.00269e-05
4.00271e-05
4.00273e-05
4.00274e-05
4.00275e-05
4.00276e-05
4.00277e-05
4.00278e-05
4.00279e-05
4.00279e-05
4.0028e-05
4.0028e-05
4.0028e-05
4.00281e-05
4.00282e-05
4.00285e-05
4.00288e-05
4.00293e-05
4.00299e-05
4.00308e-05
4.00318e-05
4.0033e-05
4.00344e-05
4.00363e-05
4.00379e-05
4.00419e-05
4.00396e-05
4.00577e-05
4.00326e-05
4.00691e-05
4.00258e-05
4.00281e-05
4.00298e-05
4.00293e-05
4.00288e-05
4.00286e-05
4.00282e-05
4.00278e-05
4.00275e-05
4.00273e-05
4.00273e-05
4.00272e-05
4.00271e-05
4.00271e-05
4.00269e-05
4.00269e-05
4.00268e-05
4.00269e-05
4.00269e-05
4.00271e-05
4.00272e-05
4.00274e-05
4.00276e-05
4.00278e-05
4.0028e-05
4.00281e-05
4.00282e-05
4.00283e-05
4.00283e-05
4.00284e-05
4.00286e-05
4.00289e-05
4.00293e-05
4.00299e-05
4.00307e-05
4.00318e-05
4.00328e-05
4.00368e-05
4.00365e-05
4.00254e-05
4.00257e-05
4.00258e-05
4.00259e-05
4.00259e-05
4.0026e-05
4.00263e-05
4.00265e-05
4.00268e-05
4.00271e-05
4.00273e-05
4.00274e-05
4.00276e-05
4.00277e-05
4.00278e-05
4.00278e-05
4.00279e-05
4.0028e-05
4.0028e-05
4.00281e-05
4.00281e-05
4.00281e-05
4.00282e-05
4.00283e-05
4.00284e-05
4.00287e-05
4.00291e-05
4.00297e-05
4.00304e-05
4.00313e-05
4.00323e-05
4.00336e-05
4.00352e-05
4.00369e-05
4.00398e-05
4.00407e-05
4.00475e-05
4.00486e-05
4.00509e-05
4.00257e-05
4.00278e-05
4.00294e-05
4.00289e-05
4.00285e-05
4.00283e-05
4.00279e-05
4.00275e-05
4.00272e-05
4.0027e-05
4.00269e-05
4.00269e-05
4.00268e-05
4.00267e-05
4.00266e-05
4.00265e-05
4.00265e-05
4.00265e-05
4.00266e-05
4.00267e-05
4.00268e-05
4.0027e-05
4.00272e-05
4.00274e-05
4.00276e-05
4.00278e-05
4.0028e-05
4.00281e-05
4.00281e-05
4.00282e-05
4.00283e-05
4.00285e-05
4.00288e-05
4.00293e-05
4.003e-05
4.00309e-05
4.00321e-05
4.00349e-05
4.0036e-05
4.00254e-05
4.00257e-05
4.00257e-05
4.00258e-05
4.00259e-05
4.0026e-05
4.00263e-05
4.00266e-05
4.00269e-05
4.00272e-05
4.00274e-05
4.00276e-05
4.00277e-05
4.00278e-05
4.00279e-05
4.00279e-05
4.0028e-05
4.00281e-05
4.00281e-05
4.00282e-05
4.00282e-05
4.00282e-05
4.00283e-05
4.00283e-05
4.00285e-05
4.00287e-05
4.0029e-05
4.00295e-05
4.00301e-05
4.00309e-05
4.00318e-05
4.0033e-05
4.00344e-05
4.0036e-05
4.00381e-05
4.00404e-05
4.00435e-05
4.00495e-05
4.00509e-05
4.00256e-05
4.00276e-05
4.0029e-05
4.00286e-05
4.00282e-05
4.0028e-05
4.00276e-05
4.00272e-05
4.00269e-05
4.00267e-05
4.00266e-05
4.00265e-05
4.00265e-05
4.00264e-05
4.00263e-05
4.00262e-05
4.00262e-05
4.00262e-05
4.00262e-05
4.00263e-05
4.00265e-05
4.00267e-05
4.00269e-05
4.00271e-05
4.00273e-05
4.00275e-05
4.00277e-05
4.00278e-05
4.00279e-05
4.00279e-05
4.0028e-05
4.00281e-05
4.00284e-05
4.00288e-05
4.00294e-05
4.00302e-05
4.00314e-05
4.00337e-05
4.00349e-05
4.00254e-05
4.00257e-05
4.00256e-05
4.00258e-05
4.00259e-05
4.00261e-05
4.00264e-05
4.00267e-05
4.0027e-05
4.00273e-05
4.00275e-05
4.00277e-05
4.00278e-05
4.00279e-05
4.0028e-05
4.00281e-05
4.00281e-05
4.00282e-05
4.00282e-05
4.00283e-05
4.00283e-05
4.00283e-05
4.00284e-05
4.00285e-05
4.00286e-05
4.00288e-05
4.0029e-05
4.00294e-05
4.00299e-05
4.00306e-05
4.00314e-05
4.00324e-05
4.00337e-05
4.00352e-05
4.0037e-05
4.00393e-05
4.0042e-05
4.00467e-05
4.00515e-05
4.00255e-05
4.00274e-05
4.00287e-05
4.00283e-05
4.00279e-05
4.00277e-05
4.00274e-05
4.0027e-05
4.00267e-05
4.00264e-05
4.00263e-05
4.00262e-05
4.00261e-05
4.0026e-05
4.00259e-05
4.00259e-05
4.00258e-05
4.00258e-05
4.00259e-05
4.0026e-05
4.00261e-05
4.00263e-05
4.00265e-05
4.00267e-05
4.00269e-05
4.00272e-05
4.00273e-05
4.00275e-05
4.00276e-05
4.00277e-05
4.00278e-05
4.00278e-05
4.0028e-05
4.00283e-05
4.00289e-05
4.00295e-05
4.00306e-05
4.00327e-05
4.00339e-05
4.00255e-05
4.00256e-05
4.00255e-05
4.00257e-05
4.00259e-05
4.00262e-05
4.00265e-05
4.00268e-05
4.00271e-05
4.00273e-05
4.00276e-05
4.00278e-05
4.00279e-05
4.0028e-05
4.00281e-05
4.00282e-05
4.00283e-05
4.00283e-05
4.00284e-05
4.00284e-05
4.00284e-05
4.00285e-05
4.00285e-05
4.00286e-05
4.00287e-05
4.00289e-05
4.00291e-05
4.00294e-05
4.00299e-05
4.00304e-05
4.00311e-05
4.0032e-05
4.00331e-05
4.00345e-05
4.00362e-05
4.00382e-05
4.00411e-05
4.00442e-05
4.00504e-05
4.00255e-05
4.00272e-05
4.00284e-05
4.0028e-05
4.00276e-05
4.00275e-05
4.00271e-05
4.00267e-05
4.00264e-05
4.00261e-05
4.0026e-05
4.00259e-05
4.00258e-05
4.00257e-05
4.00256e-05
4.00255e-05
4.00255e-05
4.00255e-05
4.00256e-05
4.00257e-05
4.00258e-05
4.0026e-05
4.00262e-05
4.00264e-05
4.00266e-05
4.00268e-05
4.0027e-05
4.00272e-05
4.00274e-05
4.00275e-05
4.00275e-05
4.00276e-05
4.00277e-05
4.0028e-05
4.00284e-05
4.0029e-05
4.003e-05
4.00318e-05
4.0033e-05
4.00255e-05
4.00256e-05
4.00254e-05
4.00257e-05
4.0026e-05
4.00262e-05
4.00266e-05
4.00269e-05
4.00272e-05
4.00274e-05
4.00276e-05
4.00278e-05
4.0028e-05
4.00281e-05
4.00282e-05
4.00283e-05
4.00284e-05
4.00285e-05
4.00285e-05
4.00286e-05
4.00286e-05
4.00287e-05
4.00287e-05
4.00288e-05
4.00289e-05
4.0029e-05
4.00292e-05
4.00295e-05
4.00299e-05
4.00304e-05
4.0031e-05
4.00318e-05
4.00328e-05
4.0034e-05
4.00355e-05
4.00373e-05
4.00402e-05
4.00425e-05
4.00487e-05
4.00254e-05
4.0027e-05
4.00281e-05
4.00277e-05
4.00274e-05
4.00272e-05
4.00269e-05
4.00265e-05
4.00261e-05
4.00259e-05
4.00257e-05
4.00256e-05
4.00255e-05
4.00254e-05
4.00253e-05
4.00252e-05
4.00252e-05
4.00252e-05
4.00253e-05
4.00253e-05
4.00255e-05
4.00256e-05
4.00258e-05
4.0026e-05
4.00263e-05
4.00265e-05
4.00267e-05
4.00269e-05
4.00271e-05
4.00272e-05
4.00273e-05
4.00274e-05
4.00275e-05
4.00276e-05
4.0028e-05
4.00285e-05
4.00294e-05
4.00309e-05
4.00322e-05
4.00255e-05
4.00255e-05
4.00253e-05
4.00257e-05
4.0026e-05
4.00263e-05
4.00266e-05
4.00269e-05
4.00272e-05
4.00275e-05
4.00277e-05
4.00279e-05
4.00281e-05
4.00282e-05
4.00283e-05
4.00285e-05
4.00285e-05
4.00286e-05
4.00287e-05
4.00287e-05
4.00288e-05
4.00289e-05
4.00289e-05
4.0029e-05
4.00291e-05
4.00292e-05
4.00294e-05
4.00296e-05
4.00299e-05
4.00304e-05
4.00309e-05
4.00316e-05
4.00325e-05
4.00336e-05
4.0035e-05
4.00366e-05
4.00393e-05
4.00413e-05
4.00471e-05
4.00254e-05
4.00268e-05
4.00278e-05
4.00274e-05
4.00271e-05
4.00269e-05
4.00266e-05
4.00262e-05
4.00259e-05
4.00256e-05
4.00254e-05
4.00253e-05
4.00252e-05
4.00251e-05
4.0025e-05
4.00249e-05
4.00249e-05
4.00249e-05
4.0025e-05
4.0025e-05
4.00252e-05
4.00253e-05
4.00255e-05
4.00257e-05
4.0026e-05
4.00262e-05
4.00264e-05
4.00266e-05
4.00268e-05
4.0027e-05
4.00271e-05
4.00272e-05
4.00272e-05
4.00274e-05
4.00277e-05
4.00281e-05
4.00289e-05
4.00302e-05
4.00314e-05
4.00255e-05
4.00255e-05
4.00253e-05
4.00257e-05
4.0026e-05
4.00263e-05
4.00267e-05
4.0027e-05
4.00273e-05
4.00275e-05
4.00278e-05
4.0028e-05
4.00282e-05
4.00283e-05
4.00284e-05
4.00286e-05
4.00287e-05
4.00288e-05
4.00288e-05
4.00289e-05
4.0029e-05
4.0029e-05
4.00291e-05
4.00292e-05
4.00293e-05
4.00294e-05
4.00296e-05
4.00298e-05
4.003e-05
4.00304e-05
4.00309e-05
4.00315e-05
4.00323e-05
4.00333e-05
4.00346e-05
4.0036e-05
4.00386e-05
4.00403e-05
4.00457e-05
4.00253e-05
4.00266e-05
4.00275e-05
4.00272e-05
4.00269e-05
4.00267e-05
4.00264e-05
4.0026e-05
4.00256e-05
4.00253e-05
4.00252e-05
4.0025e-05
4.00249e-05
4.00248e-05
4.00247e-05
4.00246e-05
4.00246e-05
4.00246e-05
4.00247e-05
4.00247e-05
4.00249e-05
4.0025e-05
4.00252e-05
4.00254e-05
4.00256e-05
4.00259e-05
4.00261e-05
4.00263e-05
4.00265e-05
4.00267e-05
4.00269e-05
4.0027e-05
4.0027e-05
4.00271e-05
4.00273e-05
4.00277e-05
4.00284e-05
4.00295e-05
4.00307e-05
4.00255e-05
4.00254e-05
4.00253e-05
4.00258e-05
4.00261e-05
4.00264e-05
4.00267e-05
4.0027e-05
4.00273e-05
4.00276e-05
4.00278e-05
4.0028e-05
4.00282e-05
4.00284e-05
4.00285e-05
4.00287e-05
4.00288e-05
4.00289e-05
4.0029e-05
4.0029e-05
4.00291e-05
4.00292e-05
4.00293e-05
4.00294e-05
4.00295e-05
4.00296e-05
4.00297e-05
4.00299e-05
4.00302e-05
4.00305e-05
4.00309e-05
4.00315e-05
4.00322e-05
4.00331e-05
4.00343e-05
4.00356e-05
4.0038e-05
4.00394e-05
4.00446e-05
4.00252e-05
4.00264e-05
4.00273e-05
4.00269e-05
4.00266e-05
4.00264e-05
4.00262e-05
4.00257e-05
4.00254e-05
4.00251e-05
4.00249e-05
4.00248e-05
4.00246e-05
4.00245e-05
4.00244e-05
4.00244e-05
4.00243e-05
4.00244e-05
4.00244e-05
4.00245e-05
4.00246e-05
4.00247e-05
4.00249e-05
4.00251e-05
4.00254e-05
4.00256e-05
4.00258e-05
4.0026e-05
4.00262e-05
4.00265e-05
4.00266e-05
4.00268e-05
4.00269e-05
4.00269e-05
4.00271e-05
4.00274e-05
4.0028e-05
4.00289e-05
4.003e-05
4.00255e-05
4.00254e-05
4.00253e-05
4.00258e-05
4.00261e-05
4.00264e-05
4.00268e-05
4.00271e-05
4.00274e-05
4.00276e-05
4.00279e-05
4.00281e-05
4.00283e-05
4.00285e-05
4.00286e-05
4.00288e-05
4.00289e-05
4.0029e-05
4.00291e-05
4.00292e-05
4.00293e-05
4.00294e-05
4.00295e-05
4.00296e-05
4.00297e-05
4.00298e-05
4.00299e-05
4.00301e-05
4.00303e-05
4.00306e-05
4.0031e-05
4.00315e-05
4.00321e-05
4.00329e-05
4.00341e-05
4.00353e-05
4.00375e-05
4.00387e-05
4.00436e-05
4.00252e-05
4.00262e-05
4.0027e-05
4.00267e-05
4.00264e-05
4.00262e-05
4.00259e-05
4.00255e-05
4.00251e-05
4.00248e-05
4.00246e-05
4.00245e-05
4.00243e-05
4.00242e-05
4.00241e-05
4.00241e-05
4.00241e-05
4.00241e-05
4.00242e-05
4.00242e-05
4.00243e-05
4.00245e-05
4.00247e-05
4.00249e-05
4.00251e-05
4.00253e-05
4.00255e-05
4.00258e-05
4.0026e-05
4.00262e-05
4.00264e-05
4.00266e-05
4.00267e-05
4.00267e-05
4.00269e-05
4.00271e-05
4.00277e-05
4.00284e-05
4.00294e-05
4.00254e-05
4.00254e-05
4.00253e-05
4.00258e-05
4.00261e-05
4.00264e-05
4.00268e-05
4.00271e-05
4.00274e-05
4.00277e-05
4.00279e-05
4.00282e-05
4.00284e-05
4.00285e-05
4.00287e-05
4.00288e-05
4.0029e-05
4.00291e-05
4.00292e-05
4.00293e-05
4.00294e-05
4.00295e-05
4.00296e-05
4.00298e-05
4.00299e-05
4.003e-05
4.00301e-05
4.00302e-05
4.00305e-05
4.00307e-05
4.00311e-05
4.00315e-05
4.00321e-05
4.00329e-05
4.00339e-05
4.0035e-05
4.0037e-05
4.00381e-05
4.00427e-05
4.00251e-05
4.00261e-05
4.00268e-05
4.00264e-05
4.00261e-05
4.0026e-05
4.00257e-05
4.00253e-05
4.00249e-05
4.00246e-05
4.00244e-05
4.00242e-05
4.00241e-05
4.00239e-05
4.00239e-05
4.00238e-05
4.00238e-05
4.00239e-05
4.00239e-05
4.0024e-05
4.00241e-05
4.00242e-05
4.00244e-05
4.00246e-05
4.00248e-05
4.0025e-05
4.00253e-05
4.00255e-05
4.00257e-05
4.00259e-05
4.00262e-05
4.00263e-05
4.00265e-05
4.00266e-05
4.00266e-05
4.00268e-05
4.00273e-05
4.00279e-05
4.00288e-05
4.00254e-05
4.00253e-05
4.00253e-05
4.00258e-05
4.00261e-05
4.00264e-05
4.00268e-05
4.00271e-05
4.00274e-05
4.00277e-05
4.0028e-05
4.00282e-05
4.00284e-05
4.00286e-05
4.00288e-05
4.00289e-05
4.00291e-05
4.00292e-05
4.00293e-05
4.00294e-05
4.00296e-05
4.00297e-05
4.00298e-05
4.00299e-05
4.003e-05
4.00302e-05
4.00303e-05
4.00304e-05
4.00306e-05
4.00309e-05
4.00312e-05
4.00316e-05
4.00321e-05
4.00328e-05
4.00337e-05
4.00348e-05
4.00367e-05
4.00376e-05
4.0042e-05
4.0025e-05
4.00259e-05
4.00265e-05
4.00262e-05
4.00259e-05
4.00257e-05
4.00254e-05
4.0025e-05
4.00246e-05
4.00244e-05
4.00241e-05
4.00239e-05
4.00238e-05
4.00237e-05
4.00236e-05
4.00236e-05
4.00236e-05
4.00236e-05
4.00237e-05
4.00238e-05
4.00239e-05
4.0024e-05
4.00242e-05
4.00244e-05
4.00246e-05
4.00248e-05
4.0025e-05
4.00252e-05
4.00254e-05
4.00257e-05
4.00259e-05
4.00261e-05
4.00263e-05
4.00264e-05
4.00264e-05
4.00266e-05
4.0027e-05
4.00275e-05
4.00283e-05
4.00253e-05
4.00253e-05
4.00253e-05
4.00258e-05
4.00261e-05
4.00264e-05
4.00268e-05
4.00272e-05
4.00275e-05
4.00278e-05
4.0028e-05
4.00283e-05
4.00285e-05
4.00287e-05
4.00288e-05
4.0029e-05
4.00292e-05
4.00293e-05
4.00294e-05
4.00296e-05
4.00297e-05
4.00298e-05
4.003e-05
4.00301e-05
4.00302e-05
4.00303e-05
4.00304e-05
4.00306e-05
4.00308e-05
4.0031e-05
4.00313e-05
4.00317e-05
4.00322e-05
4.00328e-05
4.00337e-05
4.00346e-05
4.00364e-05
4.00372e-05
4.00413e-05
4.0025e-05
4.00257e-05
4.00263e-05
4.0026e-05
4.00257e-05
4.00255e-05
4.00252e-05
4.00247e-05
4.00244e-05
4.00241e-05
4.00239e-05
4.00237e-05
4.00235e-05
4.00235e-05
4.00234e-05
4.00234e-05
4.00234e-05
4.00234e-05
4.00235e-05
4.00235e-05
4.00236e-05
4.00237e-05
4.00239e-05
4.00241e-05
4.00243e-05
4.00245e-05
4.00247e-05
4.00249e-05
4.00251e-05
4.00254e-05
4.00256e-05
4.00258e-05
4.0026e-05
4.00262e-05
4.00262e-05
4.00263e-05
4.00267e-05
4.0027e-05
4.00278e-05
4.00253e-05
4.00252e-05
4.00252e-05
4.00258e-05
4.00261e-05
4.00264e-05
4.00268e-05
4.00272e-05
4.00275e-05
4.00278e-05
4.00281e-05
4.00283e-05
4.00285e-05
4.00287e-05
4.00289e-05
4.00291e-05
4.00292e-05
4.00294e-05
4.00295e-05
4.00297e-05
4.00298e-05
4.003e-05
4.00301e-05
4.00302e-05
4.00304e-05
4.00305e-05
4.00306e-05
4.00308e-05
4.00309e-05
4.00312e-05
4.00314e-05
4.00318e-05
4.00322e-05
4.00328e-05
4.00336e-05
4.00345e-05
4.00362e-05
4.00368e-05
4.00407e-05
4.00249e-05
4.00255e-05
4.0026e-05
4.00257e-05
4.00254e-05
4.00252e-05
4.00249e-05
4.00245e-05
4.00241e-05
4.00238e-05
4.00236e-05
4.00234e-05
4.00233e-05
4.00232e-05
4.00232e-05
4.00231e-05
4.00231e-05
4.00232e-05
4.00232e-05
4.00233e-05
4.00234e-05
4.00235e-05
4.00236e-05
4.00238e-05
4.0024e-05
4.00242e-05
4.00244e-05
4.00246e-05
4.00248e-05
4.0025e-05
4.00253e-05
4.00255e-05
4.00257e-05
4.00259e-05
4.0026e-05
4.00261e-05
4.00264e-05
4.00266e-05
4.00273e-05
4.00252e-05
4.00252e-05
4.00252e-05
4.00257e-05
4.00261e-05
4.00264e-05
4.00268e-05
4.00272e-05
4.00275e-05
4.00278e-05
4.00281e-05
4.00283e-05
4.00286e-05
4.00288e-05
4.0029e-05
4.00291e-05
4.00293e-05
4.00295e-05
4.00296e-05
4.00298e-05
4.00299e-05
4.00301e-05
4.00302e-05
4.00304e-05
4.00305e-05
4.00307e-05
4.00308e-05
4.00309e-05
4.00311e-05
4.00313e-05
4.00316e-05
4.00319e-05
4.00323e-05
4.00329e-05
4.00336e-05
4.00344e-05
4.0036e-05
4.00365e-05
4.00401e-05
4.00248e-05
4.00254e-05
4.00258e-05
4.00255e-05
4.00252e-05
4.00249e-05
4.00246e-05
4.00242e-05
4.00238e-05
4.00236e-05
4.00233e-05
4.00231e-05
4.0023e-05
4.00229e-05
4.00229e-05
4.00229e-05
4.00229e-05
4.00229e-05
4.00229e-05
4.0023e-05
4.00231e-05
4.00232e-05
4.00233e-05
4.00235e-05
4.00237e-05
4.00239e-05
4.00241e-05
4.00243e-05
4.00245e-05
4.00247e-05
4.0025e-05
4.00252e-05
4.00254e-05
4.00256e-05
4.00258e-05
4.00258e-05
4.00261e-05
4.00262e-05
4.00268e-05
4.00251e-05
4.00251e-05
4.00252e-05
4.00257e-05
4.00261e-05
4.00264e-05
4.00268e-05
4.00272e-05
4.00275e-05
4.00278e-05
4.00281e-05
4.00284e-05
4.00286e-05
4.00288e-05
4.0029e-05
4.00292e-05
4.00294e-05
4.00295e-05
4.00297e-05
4.00299e-05
4.003e-05
4.00302e-05
4.00304e-05
4.00305e-05
4.00307e-05
4.00308e-05
4.00309e-05
4.00311e-05
4.00313e-05
4.00315e-05
4.00317e-05
4.0032e-05
4.00324e-05
4.00329e-05
4.00336e-05
4.00343e-05
4.00358e-05
4.00363e-05
4.00397e-05
4.00247e-05
4.00252e-05
4.00256e-05
4.00252e-05
4.00249e-05
4.00247e-05
4.00243e-05
4.00239e-05
4.00235e-05
4.00233e-05
4.0023e-05
4.00228e-05
4.00227e-05
4.00227e-05
4.00226e-05
4.00226e-05
4.00226e-05
4.00226e-05
4.00227e-05
4.00227e-05
4.00228e-05
4.00229e-05
4.0023e-05
4.00232e-05
4.00234e-05
4.00235e-05
4.00237e-05
4.00239e-05
4.00241e-05
4.00244e-05
4.00246e-05
4.00249e-05
4.00251e-05
4.00253e-05
4.00255e-05
4.00256e-05
4.00258e-05
4.00259e-05
4.00263e-05
4.0025e-05
4.0025e-05
4.00251e-05
4.00257e-05
4.0026e-05
4.00264e-05
4.00268e-05
4.00272e-05
4.00275e-05
4.00278e-05
4.00281e-05
4.00284e-05
4.00286e-05
4.00288e-05
4.0029e-05
4.00292e-05
4.00294e-05
4.00296e-05
4.00298e-05
4.00299e-05
4.00301e-05
4.00303e-05
4.00305e-05
4.00306e-05
4.00308e-05
4.00309e-05
4.00311e-05
4.00312e-05
4.00314e-05
4.00316e-05
4.00319e-05
4.00322e-05
4.00325e-05
4.0033e-05
4.00337e-05
4.00343e-05
4.00357e-05
4.00361e-05
4.00393e-05
4.00246e-05
4.0025e-05
4.00253e-05
4.0025e-05
4.00247e-05
4.00244e-05
4.0024e-05
4.00236e-05
4.00232e-05
4.0023e-05
4.00227e-05
4.00225e-05
4.00224e-05
4.00224e-05
4.00223e-05
4.00223e-05
4.00223e-05
4.00223e-05
4.00224e-05
4.00224e-05
4.00225e-05
4.00226e-05
4.00227e-05
4.00229e-05
4.0023e-05
4.00232e-05
4.00234e-05
4.00236e-05
4.00238e-05
4.0024e-05
4.00243e-05
4.00245e-05
4.00247e-05
4.0025e-05
4.00252e-05
4.00253e-05
4.00255e-05
4.00256e-05
4.00259e-05
4.00249e-05
4.00249e-05
4.00251e-05
4.00256e-05
4.0026e-05
4.00264e-05
4.00268e-05
4.00272e-05
4.00275e-05
4.00278e-05
4.00281e-05
4.00284e-05
4.00286e-05
4.00289e-05
4.00291e-05
4.00293e-05
4.00295e-05
4.00296e-05
4.00298e-05
4.003e-05
4.00302e-05
4.00304e-05
4.00306e-05
4.00307e-05
4.00309e-05
4.00311e-05
4.00312e-05
4.00314e-05
4.00316e-05
4.00318e-05
4.0032e-05
4.00323e-05
4.00327e-05
4.00331e-05
4.00337e-05
4.00343e-05
4.00356e-05
4.0036e-05
4.00389e-05
4.00244e-05
4.00248e-05
4.00251e-05
4.00247e-05
4.00244e-05
4.00241e-05
4.00237e-05
4.00233e-05
4.00229e-05
4.00226e-05
4.00224e-05
4.00222e-05
4.00221e-05
4.0022e-05
4.0022e-05
4.0022e-05
4.0022e-05
4.0022e-05
4.0022e-05
4.00221e-05
4.00222e-05
4.00223e-05
4.00224e-05
4.00225e-05
4.00227e-05
4.00228e-05
4.0023e-05
4.00232e-05
4.00234e-05
4.00236e-05
4.00239e-05
4.00241e-05
4.00244e-05
4.00246e-05
4.00248e-05
4.0025e-05
4.00252e-05
4.00253e-05
4.00255e-05
4.00248e-05
4.00248e-05
4.0025e-05
4.00255e-05
4.00259e-05
4.00263e-05
4.00268e-05
4.00271e-05
4.00275e-05
4.00278e-05
4.00281e-05
4.00284e-05
4.00286e-05
4.00289e-05
4.00291e-05
4.00293e-05
4.00295e-05
4.00297e-05
4.00299e-05
4.00301e-05
4.00303e-05
4.00304e-05
4.00306e-05
4.00308e-05
4.0031e-05
4.00312e-05
4.00313e-05
4.00315e-05
4.00317e-05
4.00319e-05
4.00321e-05
4.00324e-05
4.00328e-05
4.00332e-05
4.00338e-05
4.00344e-05
4.00356e-05
4.00359e-05
4.00386e-05
4.00243e-05
4.00246e-05
4.00249e-05
4.00245e-05
4.00241e-05
4.00238e-05
4.00234e-05
4.00229e-05
4.00226e-05
4.00223e-05
4.00221e-05
4.00219e-05
4.00218e-05
4.00217e-05
4.00217e-05
4.00217e-05
4.00217e-05
4.00217e-05
4.00217e-05
4.00218e-05
4.00218e-05
4.00219e-05
4.0022e-05
4.00222e-05
4.00223e-05
4.00225e-05
4.00226e-05
4.00228e-05
4.0023e-05
4.00233e-05
4.00235e-05
4.00237e-05
4.0024e-05
4.00243e-05
4.00245e-05
4.00247e-05
4.00248e-05
4.0025e-05
4.00252e-05
4.00246e-05
4.00247e-05
4.00249e-05
4.00255e-05
4.00259e-05
4.00263e-05
4.00267e-05
4.00271e-05
4.00275e-05
4.00278e-05
4.00281e-05
4.00284e-05
4.00286e-05
4.00289e-05
4.00291e-05
4.00293e-05
4.00295e-05
4.00297e-05
4.00299e-05
4.00301e-05
4.00303e-05
4.00305e-05
4.00307e-05
4.00309e-05
4.00311e-05
4.00313e-05
4.00314e-05
4.00316e-05
4.00318e-05
4.0032e-05
4.00323e-05
4.00325e-05
4.00329e-05
4.00333e-05
4.00338e-05
4.00344e-05
4.00355e-05
4.00358e-05
4.00383e-05
4.00242e-05
4.00244e-05
4.00246e-05
4.00242e-05
4.00238e-05
4.00235e-05
4.00231e-05
4.00226e-05
4.00222e-05
4.00219e-05
4.00217e-05
4.00215e-05
4.00214e-05
4.00214e-05
4.00213e-05
4.00213e-05
4.00213e-05
4.00213e-05
4.00214e-05
4.00214e-05
4.00215e-05
4.00216e-05
4.00217e-05
4.00218e-05
4.00219e-05
4.00221e-05
4.00223e-05
4.00224e-05
4.00226e-05
4.00229e-05
4.00231e-05
4.00233e-05
4.00236e-05
4.00239e-05
4.00241e-05
4.00244e-05
4.00245e-05
4.00247e-05
4.00249e-05
4.00245e-05
4.00246e-05
4.00248e-05
4.00254e-05
4.00258e-05
4.00262e-05
4.00267e-05
4.00271e-05
4.00274e-05
4.00278e-05
4.00281e-05
4.00283e-05
4.00286e-05
4.00288e-05
4.00291e-05
4.00293e-05
4.00295e-05
4.00297e-05
4.00299e-05
4.00301e-05
4.00303e-05
4.00305e-05
4.00308e-05
4.0031e-05
4.00312e-05
4.00313e-05
4.00315e-05
4.00317e-05
4.00319e-05
4.00321e-05
4.00324e-05
4.00327e-05
4.0033e-05
4.00334e-05
4.00339e-05
4.00344e-05
4.00355e-05
4.00357e-05
4.00381e-05
4.0024e-05
4.00242e-05
4.00243e-05
4.0024e-05
4.00235e-05
4.00232e-05
4.00227e-05
4.00222e-05
4.00219e-05
4.00216e-05
4.00213e-05
4.00212e-05
4.0021e-05
4.0021e-05
4.00209e-05
4.00209e-05
4.00209e-05
4.0021e-05
4.0021e-05
4.0021e-05
4.00211e-05
4.00212e-05
4.00213e-05
4.00214e-05
4.00215e-05
4.00217e-05
4.00218e-05
4.0022e-05
4.00222e-05
4.00224e-05
4.00227e-05
4.00229e-05
4.00232e-05
4.00234e-05
4.00237e-05
4.0024e-05
4.00241e-05
4.00244e-05
4.00245e-05
4.00243e-05
4.00245e-05
4.00247e-05
4.00253e-05
4.00257e-05
4.00262e-05
4.00266e-05
4.0027e-05
4.00274e-05
4.00277e-05
4.0028e-05
4.00283e-05
4.00286e-05
4.00288e-05
4.0029e-05
4.00293e-05
4.00295e-05
4.00297e-05
4.00299e-05
4.00301e-05
4.00303e-05
4.00306e-05
4.00308e-05
4.0031e-05
4.00312e-05
4.00314e-05
4.00316e-05
4.00318e-05
4.0032e-05
4.00322e-05
4.00325e-05
4.00328e-05
4.00331e-05
4.00335e-05
4.0034e-05
4.00345e-05
4.00355e-05
4.00357e-05
4.00379e-05
4.00239e-05
4.0024e-05
4.00241e-05
4.00237e-05
4.00232e-05
4.00228e-05
4.00223e-05
4.00219e-05
4.00215e-05
4.00212e-05
4.00209e-05
4.00208e-05
4.00207e-05
4.00206e-05
4.00206e-05
4.00205e-05
4.00205e-05
4.00206e-05
4.00206e-05
4.00206e-05
4.00207e-05
4.00208e-05
4.00209e-05
4.0021e-05
4.00211e-05
4.00212e-05
4.00214e-05
4.00216e-05
4.00218e-05
4.0022e-05
4.00222e-05
4.00224e-05
4.00227e-05
4.0023e-05
4.00232e-05
4.00235e-05
4.00237e-05
4.00241e-05
4.00242e-05
4.00242e-05
4.00243e-05
4.00246e-05
4.00252e-05
4.00257e-05
4.00261e-05
4.00265e-05
4.00269e-05
4.00273e-05
4.00276e-05
4.00279e-05
4.00282e-05
4.00285e-05
4.00287e-05
4.0029e-05
4.00292e-05
4.00294e-05
4.00297e-05
4.00299e-05
4.00301e-05
4.00303e-05
4.00306e-05
4.00308e-05
4.0031e-05
4.00312e-05
4.00314e-05
4.00316e-05
4.00318e-05
4.00321e-05
4.00323e-05
4.00326e-05
4.00328e-05
4.00332e-05
4.00335e-05
4.0034e-05
4.00345e-05
4.00354e-05
4.00357e-05
4.00377e-05
4.00237e-05
4.00238e-05
4.00238e-05
4.00234e-05
4.00229e-05
4.00225e-05
4.0022e-05
4.00215e-05
4.00211e-05
4.00208e-05
4.00205e-05
4.00204e-05
4.00202e-05
4.00202e-05
4.00201e-05
4.00201e-05
4.00201e-05
4.00201e-05
4.00202e-05
4.00202e-05
4.00202e-05
4.00203e-05
4.00204e-05
4.00205e-05
4.00206e-05
4.00208e-05
4.00209e-05
4.00211e-05
4.00213e-05
4.00215e-05
4.00217e-05
4.00219e-05
4.00222e-05
4.00225e-05
4.00228e-05
4.00231e-05
4.00233e-05
4.00237e-05
4.00238e-05
4.0024e-05
4.00242e-05
4.00245e-05
4.00251e-05
4.00256e-05
4.0026e-05
4.00265e-05
4.00269e-05
4.00272e-05
4.00276e-05
4.00279e-05
4.00282e-05
4.00284e-05
4.00287e-05
4.00289e-05
4.00292e-05
4.00294e-05
4.00296e-05
4.00298e-05
4.00301e-05
4.00303e-05
4.00306e-05
4.00308e-05
4.0031e-05
4.00312e-05
4.00315e-05
4.00317e-05
4.00319e-05
4.00321e-05
4.00324e-05
4.00326e-05
4.00329e-05
4.00332e-05
4.00336e-05
4.00341e-05
4.00345e-05
4.00354e-05
4.00357e-05
4.00376e-05
4.00235e-05
4.00236e-05
4.00235e-05
4.00231e-05
4.00226e-05
4.00221e-05
4.00216e-05
4.00211e-05
4.00206e-05
4.00203e-05
4.00201e-05
4.00199e-05
4.00198e-05
4.00197e-05
4.00197e-05
4.00197e-05
4.00197e-05
4.00197e-05
4.00197e-05
4.00197e-05
4.00198e-05
4.00198e-05
4.00199e-05
4.002e-05
4.00201e-05
4.00202e-05
4.00204e-05
4.00205e-05
4.00207e-05
4.00209e-05
4.00211e-05
4.00214e-05
4.00216e-05
4.00219e-05
4.00222e-05
4.00225e-05
4.00228e-05
4.00232e-05
4.00234e-05
4.00238e-05
4.0024e-05
4.00244e-05
4.0025e-05
4.00255e-05
4.00259e-05
4.00264e-05
4.00268e-05
4.00271e-05
4.00275e-05
4.00278e-05
4.00281e-05
4.00283e-05
4.00286e-05
4.00288e-05
4.00291e-05
4.00293e-05
4.00295e-05
4.00298e-05
4.003e-05
4.00303e-05
4.00305e-05
4.00308e-05
4.0031e-05
4.00312e-05
4.00315e-05
4.00317e-05
4.00319e-05
4.00321e-05
4.00324e-05
4.00327e-05
4.0033e-05
4.00333e-05
4.00337e-05
4.00341e-05
4.00346e-05
4.00354e-05
4.00356e-05
4.00374e-05
4.00233e-05
4.00233e-05
4.00232e-05
4.00228e-05
4.00222e-05
4.00217e-05
4.00211e-05
4.00206e-05
4.00202e-05
4.00199e-05
4.00196e-05
4.00194e-05
4.00193e-05
4.00192e-05
4.00192e-05
4.00192e-05
4.00191e-05
4.00192e-05
4.00192e-05
4.00192e-05
4.00192e-05
4.00193e-05
4.00194e-05
4.00194e-05
4.00196e-05
4.00197e-05
4.00198e-05
4.00199e-05
4.00201e-05
4.00203e-05
4.00205e-05
4.00208e-05
4.0021e-05
4.00213e-05
4.00216e-05
4.00219e-05
4.00222e-05
4.00227e-05
4.00229e-05
4.00236e-05
4.00239e-05
4.00242e-05
4.00248e-05
4.00253e-05
4.00258e-05
4.00262e-05
4.00266e-05
4.0027e-05
4.00273e-05
4.00277e-05
4.00279e-05
4.00282e-05
4.00285e-05
4.00287e-05
4.0029e-05
4.00292e-05
4.00294e-05
4.00297e-05
4.00299e-05
4.00302e-05
4.00304e-05
4.00307e-05
4.0031e-05
4.00312e-05
4.00314e-05
4.00316e-05
4.00319e-05
4.00321e-05
4.00324e-05
4.00327e-05
4.0033e-05
4.00333e-05
4.00337e-05
4.00341e-05
4.00346e-05
4.00354e-05
4.00356e-05
4.00373e-05
4.00231e-05
4.00231e-05
4.00229e-05
4.00224e-05
4.00219e-05
4.00213e-05
4.00207e-05
4.00202e-05
4.00197e-05
4.00194e-05
4.00191e-05
4.00189e-05
4.00188e-05
4.00187e-05
4.00186e-05
4.00186e-05
4.00186e-05
4.00186e-05
4.00186e-05
4.00186e-05
4.00186e-05
4.00187e-05
4.00187e-05
4.00188e-05
4.00189e-05
4.0019e-05
4.00191e-05
4.00193e-05
4.00195e-05
4.00196e-05
4.00198e-05
4.00201e-05
4.00203e-05
4.00206e-05
4.00209e-05
4.00213e-05
4.00216e-05
4.0022e-05
4.00223e-05
4.00234e-05
4.00237e-05
4.00241e-05
4.00247e-05
4.00252e-05
4.00257e-05
4.00261e-05
4.00265e-05
4.00269e-05
4.00272e-05
4.00275e-05
4.00278e-05
4.00281e-05
4.00283e-05
4.00286e-05
4.00288e-05
4.00291e-05
4.00293e-05
4.00296e-05
4.00298e-05
4.00301e-05
4.00303e-05
4.00306e-05
4.00309e-05
4.00311e-05
4.00314e-05
4.00316e-05
4.00318e-05
4.00321e-05
4.00324e-05
4.00327e-05
4.0033e-05
4.00333e-05
4.00337e-05
4.00341e-05
4.00346e-05
4.00354e-05
4.00356e-05
4.00372e-05
4.00229e-05
4.00228e-05
4.00226e-05
4.00221e-05
4.00215e-05
4.00209e-05
4.00203e-05
4.00197e-05
4.00193e-05
4.00189e-05
4.00186e-05
4.00184e-05
4.00182e-05
4.00181e-05
4.0018e-05
4.0018e-05
4.0018e-05
4.0018e-05
4.0018e-05
4.0018e-05
4.0018e-05
4.0018e-05
4.00181e-05
4.00181e-05
4.00182e-05
4.00183e-05
4.00184e-05
4.00186e-05
4.00187e-05
4.00189e-05
4.00191e-05
4.00193e-05
4.00196e-05
4.00199e-05
4.00202e-05
4.00205e-05
4.00208e-05
4.00213e-05
4.00217e-05
4.00232e-05
4.00235e-05
4.00239e-05
4.00245e-05
4.0025e-05
4.00255e-05
4.0026e-05
4.00264e-05
4.00267e-05
4.0027e-05
4.00273e-05
4.00276e-05
4.00279e-05
4.00282e-05
4.00284e-05
4.00287e-05
4.00289e-05
4.00292e-05
4.00294e-05
4.00297e-05
4.00299e-05
4.00302e-05
4.00305e-05
4.00308e-05
4.0031e-05
4.00313e-05
4.00315e-05
4.00318e-05
4.0032e-05
4.00323e-05
4.00326e-05
4.00329e-05
4.00333e-05
4.00337e-05
4.00341e-05
4.00346e-05
4.00353e-05
4.00356e-05
4.00371e-05
4.00226e-05
4.00225e-05
4.00223e-05
4.00217e-05
4.00211e-05
4.00204e-05
4.00198e-05
4.00192e-05
4.00187e-05
4.00184e-05
4.0018e-05
4.00178e-05
4.00176e-05
4.00175e-05
4.00174e-05
4.00173e-05
4.00173e-05
4.00173e-05
4.00172e-05
4.00172e-05
4.00173e-05
4.00173e-05
4.00173e-05
4.00174e-05
4.00174e-05
4.00175e-05
4.00176e-05
4.00178e-05
4.00179e-05
4.00181e-05
4.00183e-05
4.00185e-05
4.00187e-05
4.0019e-05
4.00193e-05
4.00197e-05
4.002e-05
4.00205e-05
4.00209e-05
4.00229e-05
4.00233e-05
4.00237e-05
4.00244e-05
4.00249e-05
4.00253e-05
4.00258e-05
4.00262e-05
4.00265e-05
4.00269e-05
4.00272e-05
4.00274e-05
4.00277e-05
4.0028e-05
4.00282e-05
4.00285e-05
4.00287e-05
4.0029e-05
4.00292e-05
4.00295e-05
4.00298e-05
4.003e-05
4.00303e-05
4.00306e-05
4.00309e-05
4.00311e-05
4.00314e-05
4.00316e-05
4.00319e-05
4.00322e-05
4.00325e-05
4.00329e-05
4.00332e-05
4.00336e-05
4.00341e-05
4.00345e-05
4.00352e-05
4.00355e-05
4.00369e-05
4.00224e-05
4.00222e-05
4.0022e-05
4.00213e-05
4.00206e-05
4.002e-05
4.00193e-05
4.00187e-05
4.00182e-05
4.00178e-05
4.00174e-05
4.00171e-05
4.00169e-05
4.00168e-05
4.00167e-05
4.00166e-05
4.00165e-05
4.00165e-05
4.00165e-05
4.00165e-05
4.00165e-05
4.00165e-05
4.00165e-05
4.00165e-05
4.00166e-05
4.00167e-05
4.00168e-05
4.00169e-05
4.0017e-05
4.00172e-05
4.00174e-05
4.00176e-05
4.00178e-05
4.00181e-05
4.00184e-05
4.00187e-05
4.00191e-05
4.00195e-05
4.002e-05
4.00227e-05
4.0023e-05
4.00235e-05
4.00242e-05
4.00247e-05
4.00251e-05
4.00256e-05
4.0026e-05
4.00263e-05
4.00266e-05
4.00269e-05
4.00272e-05
4.00275e-05
4.00277e-05
4.0028e-05
4.00282e-05
4.00285e-05
4.00287e-05
4.0029e-05
4.00293e-05
4.00295e-05
4.00298e-05
4.00301e-05
4.00304e-05
4.00307e-05
4.00309e-05
4.00312e-05
4.00315e-05
4.00318e-05
4.00321e-05
4.00324e-05
4.00327e-05
4.00331e-05
4.00335e-05
4.0034e-05
4.00344e-05
4.00351e-05
4.00354e-05
4.00368e-05
4.00221e-05
4.00219e-05
4.00216e-05
4.00209e-05
4.00202e-05
4.00195e-05
4.00188e-05
4.00182e-05
4.00176e-05
4.00171e-05
4.00167e-05
4.00164e-05
4.00162e-05
4.0016e-05
4.00159e-05
4.00158e-05
4.00157e-05
4.00157e-05
4.00156e-05
4.00156e-05
4.00156e-05
4.00156e-05
4.00156e-05
4.00156e-05
4.00157e-05
4.00157e-05
4.00158e-05
4.00159e-05
4.00161e-05
4.00162e-05
4.00164e-05
4.00166e-05
4.00168e-05
4.00171e-05
4.00174e-05
4.00177e-05
4.00181e-05
4.00185e-05
4.0019e-05
4.00224e-05
4.00228e-05
4.00233e-05
4.0024e-05
4.00245e-05
4.00249e-05
4.00254e-05
4.00257e-05
4.00261e-05
4.00264e-05
4.00267e-05
4.0027e-05
4.00272e-05
4.00275e-05
4.00277e-05
4.00279e-05
4.00282e-05
4.00285e-05
4.00287e-05
4.0029e-05
4.00293e-05
4.00296e-05
4.00299e-05
4.00302e-05
4.00304e-05
4.00307e-05
4.0031e-05
4.00313e-05
4.00316e-05
4.00319e-05
4.00322e-05
4.00326e-05
4.00329e-05
4.00333e-05
4.00338e-05
4.00343e-05
4.0035e-05
4.00353e-05
4.00366e-05
4.00218e-05
4.00216e-05
4.00212e-05
4.00205e-05
4.00197e-05
4.0019e-05
4.00183e-05
4.00176e-05
4.0017e-05
4.00164e-05
4.0016e-05
4.00156e-05
4.00154e-05
4.00152e-05
4.0015e-05
4.00149e-05
4.00148e-05
4.00148e-05
4.00147e-05
4.00147e-05
4.00147e-05
4.00146e-05
4.00146e-05
4.00147e-05
4.00147e-05
4.00148e-05
4.00148e-05
4.00149e-05
4.0015e-05
4.00152e-05
4.00154e-05
4.00156e-05
4.00158e-05
4.0016e-05
4.00163e-05
4.00166e-05
4.0017e-05
4.00174e-05
4.00179e-05
4.00221e-05
4.00225e-05
4.00231e-05
4.00237e-05
4.00242e-05
4.00247e-05
4.00251e-05
4.00255e-05
4.00258e-05
4.00261e-05
4.00264e-05
4.00267e-05
4.00269e-05
4.00271e-05
4.00274e-05
4.00276e-05
4.00279e-05
4.00281e-05
4.00284e-05
4.00287e-05
4.0029e-05
4.00293e-05
4.00296e-05
4.00299e-05
4.00301e-05
4.00304e-05
4.00307e-05
4.0031e-05
4.00313e-05
4.00316e-05
4.0032e-05
4.00323e-05
4.00327e-05
4.00331e-05
4.00336e-05
4.00341e-05
4.00348e-05
4.00351e-05
4.00364e-05
4.00215e-05
4.00212e-05
4.00208e-05
4.00201e-05
4.00193e-05
4.00185e-05
4.00177e-05
4.0017e-05
4.00163e-05
4.00157e-05
4.00152e-05
4.00148e-05
4.00145e-05
4.00143e-05
4.00141e-05
4.0014e-05
4.00139e-05
4.00138e-05
4.00137e-05
4.00137e-05
4.00137e-05
4.00137e-05
4.00136e-05
4.00137e-05
4.00137e-05
4.00137e-05
4.00138e-05
4.00139e-05
4.0014e-05
4.00141e-05
4.00143e-05
4.00145e-05
4.00147e-05
4.00149e-05
4.00152e-05
4.00155e-05
4.00159e-05
4.00163e-05
4.00168e-05
4.00218e-05
4.00222e-05
4.00228e-05
4.00235e-05
4.0024e-05
4.00244e-05
4.00248e-05
4.00252e-05
4.00255e-05
4.00258e-05
4.00261e-05
4.00263e-05
4.00266e-05
4.00268e-05
4.0027e-05
4.00273e-05
4.00275e-05
4.00278e-05
4.0028e-05
4.00283e-05
4.00286e-05
4.00289e-05
4.00292e-05
4.00295e-05
4.00298e-05
4.00301e-05
4.00304e-05
4.00307e-05
4.0031e-05
4.00313e-05
4.00317e-05
4.00321e-05
4.00325e-05
4.00329e-05
4.00334e-05
4.00338e-05
4.00345e-05
4.00349e-05
4.00361e-05
4.00212e-05
4.00209e-05
4.00204e-05
4.00196e-05
4.00188e-05
4.0018e-05
4.00171e-05
4.00163e-05
4.00156e-05
4.00149e-05
4.00143e-05
4.00139e-05
4.00136e-05
4.00133e-05
4.00131e-05
4.0013e-05
4.00129e-05
4.00128e-05
4.00127e-05
4.00127e-05
4.00127e-05
4.00126e-05
4.00126e-05
4.00126e-05
4.00127e-05
4.00127e-05
4.00128e-05
4.00128e-05
4.00129e-05
4.00131e-05
4.00132e-05
4.00134e-05
4.00136e-05
4.00138e-05
4.00141e-05
4.00144e-05
4.00147e-05
4.00151e-05
4.00156e-05
4.00215e-05
4.0022e-05
4.00225e-05
4.00232e-05
4.00237e-05
4.00241e-05
4.00245e-05
4.00249e-05
4.00252e-05
4.00254e-05
4.00257e-05
4.00259e-05
4.00262e-05
4.00264e-05
4.00266e-05
4.00268e-05
4.00271e-05
4.00273e-05
4.00276e-05
4.00279e-05
4.00282e-05
4.00285e-05
4.00288e-05
4.00291e-05
4.00294e-05
4.00297e-05
4.003e-05
4.00303e-05
4.00306e-05
4.0031e-05
4.00314e-05
4.00317e-05
4.00321e-05
4.00326e-05
4.00331e-05
4.00336e-05
4.00342e-05
4.00347e-05
4.00358e-05
4.00209e-05
4.00205e-05
4.002e-05
4.00191e-05
4.00183e-05
4.00174e-05
4.00165e-05
4.00156e-05
4.00148e-05
4.0014e-05
4.00134e-05
4.00129e-05
4.00126e-05
4.00123e-05
4.00121e-05
4.0012e-05
4.00119e-05
4.00118e-05
4.00117e-05
4.00117e-05
4.00116e-05
4.00116e-05
4.00116e-05
4.00116e-05
4.00116e-05
4.00116e-05
4.00117e-05
4.00118e-05
4.00119e-05
4.0012e-05
4.00121e-05
4.00123e-05
4.00125e-05
4.00127e-05
4.0013e-05
4.00133e-05
4.00136e-05
4.0014e-05
4.00144e-05
4.00211e-05
4.00216e-05
4.00222e-05
4.00229e-05
4.00234e-05
4.00238e-05
4.00242e-05
4.00245e-05
4.00248e-05
4.00251e-05
4.00253e-05
4.00255e-05
4.00257e-05
4.00259e-05
4.00261e-05
4.00264e-05
4.00266e-05
4.00269e-05
4.00271e-05
4.00274e-05
4.00277e-05
4.0028e-05
4.00283e-05
4.00286e-05
4.00289e-05
4.00292e-05
4.00296e-05
4.00299e-05
4.00302e-05
4.00306e-05
4.00309e-05
4.00313e-05
4.00318e-05
4.00322e-05
4.00327e-05
4.00332e-05
4.00339e-05
4.00343e-05
4.00355e-05
4.00205e-05
4.00201e-05
4.00196e-05
4.00186e-05
4.00177e-05
4.00168e-05
4.00159e-05
4.00149e-05
4.00139e-05
4.00131e-05
4.00125e-05
4.00119e-05
4.00116e-05
4.00113e-05
4.00111e-05
4.00109e-05
4.00108e-05
4.00107e-05
4.00107e-05
4.00106e-05
4.00106e-05
4.00105e-05
4.00105e-05
4.00105e-05
4.00105e-05
4.00105e-05
4.00106e-05
4.00107e-05
4.00108e-05
4.00109e-05
4.0011e-05
4.00112e-05
4.00113e-05
4.00116e-05
4.00118e-05
4.00121e-05
4.00124e-05
4.00128e-05
4.00132e-05
4.00208e-05
4.00213e-05
4.00219e-05
4.00226e-05
4.0023e-05
4.00235e-05
4.00238e-05
4.00241e-05
4.00244e-05
4.00246e-05
4.00248e-05
4.0025e-05
4.00252e-05
4.00254e-05
4.00256e-05
4.00258e-05
4.00261e-05
4.00263e-05
4.00266e-05
4.00268e-05
4.00271e-05
4.00275e-05
4.00278e-05
4.00281e-05
4.00284e-05
4.00287e-05
4.0029e-05
4.00294e-05
4.00297e-05
4.00301e-05
4.00305e-05
4.00309e-05
4.00313e-05
4.00317e-05
4.00322e-05
4.00328e-05
4.00334e-05
4.00339e-05
4.0035e-05
4.00201e-05
4.00197e-05
4.00191e-05
4.00181e-05
4.00172e-05
4.00162e-05
4.00152e-05
4.0014e-05
4.0013e-05
4.00122e-05
4.00115e-05
4.00109e-05
4.00105e-05
4.00103e-05
4.001e-05
4.00099e-05
4.00098e-05
4.00097e-05
4.00096e-05
4.00095e-05
4.00095e-05
4.00094e-05
4.00094e-05
4.00094e-05
4.00094e-05
4.00094e-05
4.00094e-05
4.00095e-05
4.00096e-05
4.00097e-05
4.00098e-05
4.001e-05
4.00101e-05
4.00103e-05
4.00106e-05
4.00108e-05
4.00112e-05
4.00115e-05
4.0012e-05
4.00204e-05
4.00209e-05
4.00216e-05
4.00222e-05
4.00227e-05
4.00231e-05
4.00234e-05
4.00237e-05
4.00239e-05
4.00241e-05
4.00243e-05
4.00245e-05
4.00247e-05
4.00248e-05
4.0025e-05
4.00252e-05
4.00254e-05
4.00257e-05
4.00259e-05
4.00262e-05
4.00265e-05
4.00268e-05
4.00271e-05
4.00275e-05
4.00278e-05
4.00281e-05
4.00284e-05
4.00288e-05
4.00291e-05
4.00295e-05
4.00299e-05
4.00303e-05
4.00307e-05
4.00312e-05
4.00317e-05
4.00323e-05
4.00329e-05
4.00335e-05
4.00345e-05
4.00197e-05
4.00193e-05
4.00186e-05
4.00176e-05
4.00166e-05
4.00156e-05
4.00144e-05
4.00132e-05
4.00121e-05
4.00112e-05
4.00104e-05
4.00099e-05
4.00095e-05
4.00092e-05
4.0009e-05
4.00088e-05
4.00087e-05
4.00085e-05
4.00085e-05
4.00084e-05
4.00083e-05
4.00083e-05
4.00082e-05
4.00082e-05
4.00082e-05
4.00082e-05
4.00082e-05
4.00082e-05
4.00083e-05
4.00084e-05
4.00085e-05
4.00086e-05
4.00088e-05
4.0009e-05
4.00092e-05
4.00095e-05
4.00098e-05
4.00101e-05
4.00106e-05
4.002e-05
4.00205e-05
4.00212e-05
4.00218e-05
4.00223e-05
4.00226e-05
4.0023e-05
4.00232e-05
4.00234e-05
4.00236e-05
4.00237e-05
4.00239e-05
4.0024e-05
4.00242e-05
4.00244e-05
4.00246e-05
4.00248e-05
4.0025e-05
4.00252e-05
4.00255e-05
4.00258e-05
4.00261e-05
4.00264e-05
4.00267e-05
4.00271e-05
4.00274e-05
4.00277e-05
4.00281e-05
4.00284e-05
4.00288e-05
4.00292e-05
4.00296e-05
4.00301e-05
4.00306e-05
4.00311e-05
4.00317e-05
4.00323e-05
4.00329e-05
4.00339e-05
4.00193e-05
4.00188e-05
4.00181e-05
4.0017e-05
4.0016e-05
4.00149e-05
4.00136e-05
4.00123e-05
4.00111e-05
4.00102e-05
4.00094e-05
4.00088e-05
4.00084e-05
4.00081e-05
4.00078e-05
4.00076e-05
4.00075e-05
4.00073e-05
4.00072e-05
4.00071e-05
4.00071e-05
4.0007e-05
4.00069e-05
4.00069e-05
4.00068e-05
4.00068e-05
4.00068e-05
4.00068e-05
4.00069e-05
4.00069e-05
4.0007e-05
4.00071e-05
4.00073e-05
4.00075e-05
4.00077e-05
4.00079e-05
4.00082e-05
4.00086e-05
4.00091e-05
4.00195e-05
4.00201e-05
4.00208e-05
4.00214e-05
4.00218e-05
4.00222e-05
4.00225e-05
4.00227e-05
4.00228e-05
4.0023e-05
4.00231e-05
4.00232e-05
4.00234e-05
4.00235e-05
4.00236e-05
4.00238e-05
4.0024e-05
4.00242e-05
4.00244e-05
4.00247e-05
4.00249e-05
4.00252e-05
4.00255e-05
4.00259e-05
4.00262e-05
4.00265e-05
4.00268e-05
4.00272e-05
4.00276e-05
4.0028e-05
4.00284e-05
4.00288e-05
4.00293e-05
4.00298e-05
4.00304e-05
4.00309e-05
4.00316e-05
4.00322e-05
4.00332e-05
4.00188e-05
4.00183e-05
4.00176e-05
4.00164e-05
4.00154e-05
4.00142e-05
4.00128e-05
4.00113e-05
4.00101e-05
4.00091e-05
4.00083e-05
4.00077e-05
4.00073e-05
4.00069e-05
4.00066e-05
4.00064e-05
4.00062e-05
4.00061e-05
4.00059e-05
4.00058e-05
4.00057e-05
4.00056e-05
4.00056e-05
4.00055e-05
4.00054e-05
4.00054e-05
4.00053e-05
4.00053e-05
4.00054e-05
4.00054e-05
4.00055e-05
4.00056e-05
4.00057e-05
4.00058e-05
4.0006e-05
4.00062e-05
4.00065e-05
4.00068e-05
4.00073e-05
4.00191e-05
4.00197e-05
4.00203e-05
4.00209e-05
4.00213e-05
4.00217e-05
4.00219e-05
4.00221e-05
4.00222e-05
4.00223e-05
4.00224e-05
4.00225e-05
4.00226e-05
4.00227e-05
4.00228e-05
4.00229e-05
4.00231e-05
4.00233e-05
4.00235e-05
4.00237e-05
4.00239e-05
4.00242e-05
4.00245e-05
4.00248e-05
4.00251e-05
4.00254e-05
4.00258e-05
4.00261e-05
4.00265e-05
4.00269e-05
4.00274e-05
4.00278e-05
4.00283e-05
4.00288e-05
4.00294e-05
4.003e-05
4.00307e-05
4.00314e-05
4.00324e-05
4.00184e-05
4.00178e-05
4.0017e-05
4.00158e-05
4.00147e-05
4.00134e-05
4.00119e-05
4.00104e-05
4.00091e-05
4.00081e-05
4.00072e-05
4.00066e-05
4.00061e-05
4.00057e-05
4.00054e-05
4.00051e-05
4.00049e-05
4.00048e-05
4.00046e-05
4.00045e-05
4.00044e-05
4.00043e-05
4.00042e-05
4.00041e-05
4.00041e-05
4.0004e-05
4.0004e-05
4.0004e-05
4.0004e-05
4.0004e-05
4.0004e-05
4.00041e-05
4.00042e-05
4.00043e-05
4.00044e-05
4.00046e-05
4.00048e-05
4.00051e-05
4.00055e-05
4.00186e-05
4.00192e-05
4.00199e-05
4.00204e-05
4.00208e-05
4.00211e-05
4.00213e-05
4.00215e-05
4.00215e-05
4.00216e-05
4.00217e-05
4.00217e-05
4.00218e-05
4.00218e-05
4.00219e-05
4.0022e-05
4.00221e-05
4.00222e-05
4.00223e-05
4.00225e-05
4.00227e-05
4.00229e-05
4.00232e-05
4.00235e-05
4.00238e-05
4.00241e-05
4.00244e-05
4.00248e-05
4.00252e-05
4.00256e-05
4.00261e-05
4.00265e-05
4.0027e-05
4.00276e-05
4.00282e-05
4.00288e-05
4.00296e-05
4.00303e-05
4.00313e-05
4.00179e-05
4.00173e-05
4.00164e-05
4.00152e-05
4.0014e-05
4.00126e-05
4.00109e-05
4.00094e-05
4.00081e-05
4.0007e-05
4.00061e-05
4.00054e-05
4.00049e-05
4.00045e-05
4.00042e-05
4.00039e-05
4.00038e-05
4.00036e-05
4.00035e-05
4.00034e-05
4.00033e-05
4.00033e-05
4.00032e-05
4.00031e-05
4.00031e-05
4.0003e-05
4.0003e-05
4.0003e-05
4.0003e-05
4.0003e-05
4.0003e-05
4.0003e-05
4.00031e-05
4.00031e-05
4.00032e-05
4.00033e-05
4.00034e-05
4.00035e-05
4.00038e-05
4.00181e-05
4.00187e-05
4.00194e-05
4.00199e-05
4.00203e-05
4.00205e-05
4.00207e-05
4.00208e-05
4.00208e-05
4.00208e-05
4.00208e-05
4.00208e-05
4.00208e-05
4.00208e-05
4.00208e-05
4.00209e-05
4.00209e-05
4.00209e-05
4.0021e-05
4.00211e-05
4.00213e-05
4.00215e-05
4.00217e-05
4.0022e-05
4.00223e-05
4.00226e-05
4.00229e-05
4.00233e-05
4.00236e-05
4.00241e-05
4.00245e-05
4.0025e-05
4.00255e-05
4.0026e-05
4.00267e-05
4.00273e-05
4.00281e-05
4.00288e-05
4.00299e-05
4.00173e-05
4.00167e-05
4.00158e-05
4.00145e-05
4.00133e-05
4.00118e-05
4.001e-05
4.00084e-05
4.0007e-05
4.00059e-05
4.0005e-05
4.00043e-05
4.00038e-05
4.00034e-05
4.00032e-05
4.0003e-05
4.00029e-05
4.00029e-05
4.00028e-05
4.00028e-05
4.00027e-05
4.00027e-05
4.00027e-05
4.00027e-05
4.00028e-05
4.00028e-05
4.00028e-05
4.00028e-05
4.00028e-05
4.00029e-05
4.00029e-05
4.00029e-05
4.00029e-05
4.00029e-05
4.00029e-05
4.00029e-05
4.00029e-05
4.00029e-05
4.0003e-05
4.00175e-05
4.00182e-05
4.00188e-05
4.00193e-05
4.00197e-05
4.00199e-05
4.002e-05
4.002e-05
4.002e-05
4.002e-05
4.00199e-05
4.00199e-05
4.00198e-05
4.00197e-05
4.00196e-05
4.00196e-05
4.00195e-05
4.00195e-05
4.00195e-05
4.00196e-05
4.00197e-05
4.00199e-05
4.00201e-05
4.00204e-05
4.00207e-05
4.00209e-05
4.00212e-05
4.00216e-05
4.00219e-05
4.00223e-05
4.00228e-05
4.00232e-05
4.00238e-05
4.00243e-05
4.00249e-05
4.00256e-05
4.00263e-05
4.00271e-05
4.00282e-05
4.00168e-05
4.00161e-05
4.00151e-05
4.00139e-05
4.00126e-05
4.00109e-05
4.0009e-05
4.00074e-05
4.0006e-05
4.00048e-05
4.00039e-05
4.00033e-05
4.0003e-05
4.00028e-05
4.00027e-05
4.00027e-05
4.00027e-05
4.00027e-05
4.00028e-05
4.00028e-05
4.00029e-05
4.00029e-05
4.0003e-05
4.00031e-05
4.00032e-05
4.00033e-05
4.00033e-05
4.00034e-05
4.00034e-05
4.00035e-05
4.00035e-05
4.00035e-05
4.00035e-05
4.00035e-05
4.00035e-05
4.00035e-05
4.00034e-05
4.00034e-05
4.00033e-05
4.00169e-05
4.00176e-05
4.00182e-05
4.00187e-05
4.0019e-05
4.00192e-05
4.00192e-05
4.00192e-05
4.00192e-05
4.00191e-05
4.00189e-05
4.00188e-05
4.00186e-05
4.00185e-05
4.00183e-05
4.00181e-05
4.0018e-05
4.0018e-05
4.0018e-05
4.0018e-05
4.00181e-05
4.00183e-05
4.00185e-05
4.00187e-05
4.0019e-05
4.00192e-05
4.00195e-05
4.00198e-05
4.00202e-05
4.00206e-05
4.0021e-05
4.00214e-05
4.00219e-05
4.00224e-05
4.0023e-05
4.00237e-05
4.00244e-05
4.00252e-05
4.00263e-05
4.00162e-05
4.00155e-05
4.00145e-05
4.00132e-05
4.00118e-05
4.001e-05
4.0008e-05
4.00063e-05
4.00049e-05
4.00038e-05
4.00031e-05
4.00027e-05
4.00026e-05
4.00027e-05
4.00028e-05
4.00029e-05
4.0003e-05
4.00032e-05
4.00033e-05
4.00034e-05
4.00035e-05
4.00036e-05
4.00037e-05
4.00039e-05
4.0004e-05
4.00041e-05
4.00042e-05
4.00043e-05
4.00044e-05
4.00044e-05
4.00045e-05
4.00045e-05
4.00046e-05
4.00046e-05
4.00046e-05
4.00045e-05
4.00045e-05
4.00044e-05
4.00043e-05
4.00163e-05
4.0017e-05
4.00176e-05
4.0018e-05
4.00183e-05
4.00184e-05
4.00184e-05
4.00184e-05
4.00182e-05
4.0018e-05
4.00179e-05
4.00176e-05
4.00174e-05
4.00171e-05
4.00168e-05
4.00166e-05
4.00165e-05
4.00164e-05
4.00163e-05
4.00164e-05
4.00164e-05
4.00166e-05
4.00168e-05
4.0017e-05
4.00172e-05
4.00175e-05
4.00177e-05
4.0018e-05
4.00184e-05
4.00188e-05
4.00192e-05
4.00196e-05
4.00201e-05
4.00206e-05
4.00211e-05
4.00217e-05
4.00224e-05
4.00232e-05
4.00242e-05
4.00156e-05
4.00149e-05
4.00138e-05
4.00124e-05
4.0011e-05
4.0009e-05
4.0007e-05
4.00053e-05
4.00039e-05
4.0003e-05
4.00026e-05
4.00026e-05
4.00028e-05
4.0003e-05
4.00033e-05
4.00035e-05
4.00037e-05
4.00039e-05
4.00041e-05
4.00043e-05
4.00044e-05
4.00046e-05
4.00048e-05
4.0005e-05
4.00051e-05
4.00053e-05
4.00055e-05
4.00056e-05
4.00057e-05
4.00058e-05
4.00059e-05
4.00059e-05
4.0006e-05
4.0006e-05
4.0006e-05
4.0006e-05
4.00059e-05
4.00059e-05
4.00057e-05
4.00157e-05
4.00163e-05
4.00169e-05
4.00173e-05
4.00175e-05
4.00176e-05
4.00176e-05
4.00174e-05
4.00172e-05
4.0017e-05
4.00167e-05
4.00163e-05
4.0016e-05
4.00156e-05
4.00153e-05
4.00151e-05
4.00149e-05
4.00147e-05
4.00147e-05
4.00147e-05
4.00147e-05
4.00148e-05
4.00149e-05
4.00151e-05
4.00153e-05
4.00156e-05
4.00158e-05
4.00161e-05
4.00165e-05
4.00168e-05
4.00172e-05
4.00176e-05
4.00181e-05
4.00186e-05
4.00191e-05
4.00197e-05
4.00204e-05
4.00211e-05
4.00221e-05
4.00149e-05
4.00142e-05
4.00131e-05
4.00117e-05
4.00102e-05
4.00081e-05
4.00061e-05
4.00043e-05
4.00031e-05
4.00026e-05
4.00026e-05
4.00029e-05
4.00033e-05
4.00037e-05
4.00041e-05
4.00045e-05
4.00048e-05
4.0005e-05
4.00053e-05
4.00055e-05
4.00058e-05
4.0006e-05
4.00062e-05
4.00065e-05
4.00068e-05
4.0007e-05
4.00072e-05
4.00074e-05
4.00076e-05
4.00077e-05
4.00078e-05
4.00079e-05
4.0008e-05
4.0008e-05
4.0008e-05
4.0008e-05
4.00079e-05
4.00079e-05
4.00076e-05
4.0015e-05
4.00156e-05
4.00162e-05
4.00166e-05
4.00167e-05
4.00167e-05
4.00166e-05
4.00164e-05
4.00161e-05
4.00158e-05
4.00154e-05
4.00149e-05
4.00145e-05
4.00141e-05
4.00138e-05
4.00135e-05
4.00132e-05
4.0013e-05
4.00129e-05
4.00128e-05
4.00128e-05
4.00129e-05
4.0013e-05
4.00131e-05
4.00133e-05
4.00135e-05
4.00138e-05
4.00141e-05
4.00144e-05
4.00147e-05
4.00151e-05
4.00155e-05
4.00159e-05
4.00164e-05
4.00169e-05
4.00175e-05
4.00182e-05
4.00189e-05
4.00198e-05
4.00142e-05
4.00134e-05
4.00123e-05
4.00109e-05
4.00093e-05
4.00071e-05
4.00051e-05
4.00034e-05
4.00026e-05
4.00026e-05
4.0003e-05
4.00036e-05
4.00042e-05
4.00048e-05
4.00053e-05
4.00058e-05
4.00062e-05
4.00066e-05
4.00069e-05
4.00072e-05
4.00075e-05
4.00079e-05
4.00082e-05
4.00085e-05
4.00089e-05
4.00092e-05
4.00095e-05
4.00097e-05
4.001e-05
4.00102e-05
4.00103e-05
4.00104e-05
4.00105e-05
4.00106e-05
4.00106e-05
4.00106e-05
4.00106e-05
4.00105e-05
4.00103e-05
4.00142e-05
4.00149e-05
4.00154e-05
4.00157e-05
4.00159e-05
4.00158e-05
4.00157e-05
4.00153e-05
4.0015e-05
4.00146e-05
4.0014e-05
4.00135e-05
4.0013e-05
4.00125e-05
4.00121e-05
4.00117e-05
4.00114e-05
4.00112e-05
4.0011e-05
4.00108e-05
4.00108e-05
4.00108e-05
4.00109e-05
4.0011e-05
4.00111e-05
4.00113e-05
4.00116e-05
4.00118e-05
4.00121e-05
4.00125e-05
4.00129e-05
4.00133e-05
4.00137e-05
4.00142e-05
4.00147e-05
4.00153e-05
4.00159e-05
4.00166e-05
4.00175e-05
4.00135e-05
4.00127e-05
4.00115e-05
4.00101e-05
4.00084e-05
4.00061e-05
4.00041e-05
4.00027e-05
4.00025e-05
4.00029e-05
4.00036e-05
4.00045e-05
4.00053e-05
4.00062e-05
4.00069e-05
4.00075e-05
4.00081e-05
4.00085e-05
4.0009e-05
4.00094e-05
4.00098e-05
4.00102e-05
4.00106e-05
4.0011e-05
4.00114e-05
4.00118e-05
4.00122e-05
4.00125e-05
4.00128e-05
4.0013e-05
4.00132e-05
4.00134e-05
4.00135e-05
4.00136e-05
4.00137e-05
4.00137e-05
4.00137e-05
4.00136e-05
4.00134e-05
4.00136e-05
4.00142e-05
4.00147e-05
4.0015e-05
4.0015e-05
4.00149e-05
4.00147e-05
4.00142e-05
4.00137e-05
4.00131e-05
4.00125e-05
4.00119e-05
4.00114e-05
4.00109e-05
4.00104e-05
4.001e-05
4.00097e-05
4.00094e-05
4.00091e-05
4.0009e-05
4.00088e-05
4.00088e-05
4.00089e-05
4.00089e-05
4.00091e-05
4.00092e-05
4.00094e-05
4.00097e-05
4.001e-05
4.00103e-05
4.00107e-05
4.00111e-05
4.00115e-05
4.0012e-05
4.00125e-05
4.00131e-05
4.00138e-05
4.00145e-05
4.00154e-05
4.00128e-05
4.0012e-05
4.00108e-05
4.00094e-05
4.00075e-05
4.00052e-05
4.00032e-05
4.00024e-05
4.00026e-05
4.00034e-05
4.00045e-05
4.00056e-05
4.00068e-05
4.00078e-05
4.00086e-05
4.00093e-05
4.001e-05
4.00105e-05
4.0011e-05
4.00115e-05
4.00119e-05
4.00124e-05
4.00128e-05
4.00133e-05
4.00138e-05
4.00143e-05
4.00147e-05
4.00151e-05
4.00154e-05
4.00157e-05
4.00159e-05
4.00162e-05
4.00164e-05
4.00165e-05
4.00166e-05
4.00167e-05
4.00167e-05
4.00167e-05
4.00165e-05
4.0013e-05
4.00136e-05
4.0014e-05
4.00143e-05
4.00143e-05
4.0014e-05
4.00137e-05
4.0013e-05
4.00124e-05
4.00114e-05
4.00107e-05
4.00101e-05
4.00096e-05
4.00092e-05
4.00087e-05
4.00083e-05
4.0008e-05
4.00077e-05
4.00075e-05
4.00073e-05
4.00072e-05
4.00071e-05
4.00071e-05
4.00072e-05
4.00073e-05
4.00074e-05
4.00076e-05
4.00078e-05
4.0008e-05
4.00083e-05
4.00086e-05
4.00089e-05
4.00093e-05
4.00097e-05
4.00102e-05
4.00108e-05
4.00114e-05
4.00121e-05
4.00131e-05
4.00122e-05
4.00114e-05
4.00102e-05
4.00087e-05
4.00067e-05
4.00044e-05
4.00023e-05
4.00024e-05
4.00031e-05
4.00043e-05
4.00057e-05
4.00071e-05
4.00083e-05
4.00094e-05
4.00103e-05
4.00111e-05
4.00118e-05
4.00124e-05
4.00129e-05
4.00134e-05
4.00139e-05
4.00143e-05
4.00148e-05
4.00154e-05
4.00159e-05
4.00164e-05
4.00168e-05
4.00173e-05
4.00176e-05
4.0018e-05
4.00183e-05
4.00186e-05
4.00188e-05
4.00191e-05
4.00192e-05
4.00194e-05
4.00195e-05
4.00196e-05
4.00195e-05
4.00123e-05
4.00129e-05
4.00133e-05
4.00135e-05
4.00134e-05
4.00131e-05
4.00126e-05
4.00117e-05
4.0011e-05
4.00096e-05
4.00087e-05
4.00082e-05
4.00077e-05
4.00073e-05
4.0007e-05
4.00066e-05
4.00063e-05
4.0006e-05
4.00058e-05
4.00056e-05
4.00055e-05
4.00054e-05
4.00054e-05
4.00054e-05
4.00055e-05
4.00056e-05
4.00057e-05
4.00059e-05
4.00061e-05
4.00063e-05
4.00065e-05
4.00068e-05
4.00071e-05
4.00075e-05
4.00079e-05
4.00083e-05
4.00089e-05
4.00095e-05
4.00103e-05
4.00116e-05
4.00108e-05
4.00096e-05
4.0008e-05
4.00059e-05
4.00036e-05
4.00016e-05
4.00026e-05
4.00038e-05
4.00055e-05
4.00072e-05
4.00087e-05
4.00101e-05
4.00112e-05
4.00122e-05
4.0013e-05
4.00138e-05
4.00144e-05
4.00149e-05
4.00154e-05
4.00159e-05
4.00164e-05
4.00169e-05
4.00175e-05
4.0018e-05
4.00185e-05
4.0019e-05
4.00195e-05
4.00199e-05
4.00203e-05
4.00207e-05
4.0021e-05
4.00213e-05
4.00216e-05
4.00219e-05
4.00221e-05
4.00223e-05
4.00225e-05
4.00226e-05
4.00116e-05
4.00122e-05
4.00126e-05
4.00127e-05
4.00125e-05
4.0012e-05
4.00114e-05
4.00104e-05
4.00094e-05
4.00076e-05
4.00068e-05
4.00063e-05
4.00059e-05
4.00055e-05
4.00052e-05
4.00049e-05
4.00046e-05
4.00043e-05
4.00041e-05
4.0004e-05
4.00039e-05
4.00038e-05
4.00038e-05
4.00038e-05
4.00038e-05
4.00039e-05
4.0004e-05
4.00041e-05
4.00042e-05
4.00044e-05
4.00046e-05
4.00048e-05
4.0005e-05
4.00053e-05
4.00056e-05
4.00059e-05
4.00064e-05
4.00068e-05
4.00075e-05
4.00109e-05
4.00101e-05
4.00088e-05
4.00073e-05
4.00051e-05
4.00028e-05
4.00012e-05
4.00031e-05
4.00049e-05
4.00069e-05
4.00088e-05
4.00105e-05
4.0012e-05
4.00132e-05
4.00142e-05
4.0015e-05
4.00158e-05
4.00164e-05
4.0017e-05
4.00175e-05
4.0018e-05
4.00185e-05
4.0019e-05
4.00196e-05
4.00201e-05
4.00207e-05
4.00212e-05
4.00217e-05
4.00222e-05
4.00226e-05
4.0023e-05
4.00234e-05
4.00238e-05
4.00241e-05
4.00245e-05
4.00248e-05
4.00251e-05
4.00254e-05
4.00256e-05
4.00109e-05
4.00114e-05
4.00117e-05
4.00117e-05
4.00115e-05
4.00109e-05
4.00101e-05
4.00089e-05
4.00078e-05
4.00058e-05
4.00049e-05
4.00044e-05
4.00041e-05
4.00038e-05
4.00035e-05
4.00033e-05
4.00031e-05
4.00029e-05
4.00028e-05
4.00027e-05
4.00027e-05
4.00026e-05
4.00026e-05
4.00026e-05
4.00027e-05
4.00027e-05
4.00027e-05
4.00027e-05
4.00028e-05
4.00028e-05
4.00029e-05
4.0003e-05
4.00031e-05
4.00033e-05
4.00035e-05
4.00037e-05
4.0004e-05
4.00044e-05
4.00049e-05
4.00102e-05
4.00093e-05
4.00081e-05
4.00065e-05
4.00042e-05
4.00021e-05
4.00009e-05
4.00039e-05
4.00062e-05
4.00086e-05
4.00106e-05
4.00124e-05
4.00139e-05
4.00151e-05
4.00161e-05
4.0017e-05
4.00177e-05
4.00183e-05
4.00189e-05
4.00194e-05
4.00199e-05
4.00204e-05
4.00209e-05
4.00215e-05
4.00221e-05
4.00227e-05
4.00232e-05
4.00237e-05
4.00242e-05
4.00247e-05
4.00252e-05
4.00256e-05
4.0026e-05
4.00264e-05
4.00268e-05
4.00272e-05
4.00276e-05
4.0028e-05
4.00284e-05
4.001e-05
4.00105e-05
4.00108e-05
4.00107e-05
4.00104e-05
4.00097e-05
4.00087e-05
4.00075e-05
4.00061e-05
4.0004e-05
4.00032e-05
4.00029e-05
4.00027e-05
4.00025e-05
4.00024e-05
4.00023e-05
4.00023e-05
4.00023e-05
4.00024e-05
4.00025e-05
4.00026e-05
4.00027e-05
4.00028e-05
4.00029e-05
4.00029e-05
4.0003e-05
4.0003e-05
4.0003e-05
4.0003e-05
4.0003e-05
4.0003e-05
4.0003e-05
4.0003e-05
4.0003e-05
4.0003e-05
4.0003e-05
4.00031e-05
4.00031e-05
4.00033e-05
4.00093e-05
4.00085e-05
4.00073e-05
4.00057e-05
4.00034e-05
4.00015e-05
4.00011e-05
4.00049e-05
4.00076e-05
4.00102e-05
4.00124e-05
4.00141e-05
4.00156e-05
4.00168e-05
4.00178e-05
4.00187e-05
4.00194e-05
4.002e-05
4.00205e-05
4.0021e-05
4.00215e-05
4.0022e-05
4.00225e-05
4.00231e-05
4.00237e-05
4.00242e-05
4.00248e-05
4.00253e-05
4.00258e-05
4.00263e-05
4.00268e-05
4.00273e-05
4.00278e-05
4.00282e-05
4.00287e-05
4.00291e-05
4.00296e-05
4.00302e-05
4.00307e-05
4.00091e-05
4.00095e-05
4.00097e-05
4.00096e-05
4.00092e-05
4.00084e-05
4.00073e-05
4.0006e-05
4.00044e-05
4.00027e-05
4.00021e-05
4.0002e-05
4.0002e-05
4.00021e-05
4.00023e-05
4.00025e-05
4.00028e-05
4.00031e-05
4.00034e-05
4.00037e-05
4.00039e-05
4.00041e-05
4.00043e-05
4.00045e-05
4.00046e-05
4.00047e-05
4.00047e-05
4.00048e-05
4.00047e-05
4.00048e-05
4.00047e-05
4.00047e-05
4.00046e-05
4.00045e-05
4.00044e-05
4.00042e-05
4.00041e-05
4.00039e-05
4.00037e-05
4.00084e-05
4.00076e-05
4.00064e-05
4.00048e-05
4.00026e-05
4.00011e-05
4.00016e-05
4.00059e-05
4.00088e-05
4.00116e-05
4.00138e-05
4.00156e-05
4.0017e-05
4.00182e-05
4.00191e-05
4.00199e-05
4.00205e-05
4.00211e-05
4.00216e-05
4.00221e-05
4.00226e-05
4.0023e-05
4.00235e-05
4.00241e-05
4.00246e-05
4.00252e-05
4.00258e-05
4.00263e-05
4.00268e-05
4.00274e-05
4.00279e-05
4.00284e-05
4.00289e-05
4.00294e-05
4.00299e-05
4.00305e-05
4.0031e-05
4.00316e-05
4.00321e-05
4.0008e-05
4.00084e-05
4.00086e-05
4.00084e-05
4.00079e-05
4.0007e-05
4.00059e-05
4.00045e-05
4.00028e-05
4.0002e-05
4.00019e-05
4.00021e-05
4.00025e-05
4.00029e-05
4.00033e-05
4.00038e-05
4.00042e-05
4.00046e-05
4.0005e-05
4.00053e-05
4.00057e-05
4.00059e-05
4.00062e-05
4.00064e-05
4.00066e-05
4.00067e-05
4.00068e-05
4.00069e-05
4.0007e-05
4.00071e-05
4.00072e-05
4.00072e-05
4.00073e-05
4.00073e-05
4.00074e-05
4.00074e-05
4.00074e-05
4.00074e-05
4.00073e-05
4.00074e-05
4.00067e-05
4.00055e-05
4.0004e-05
4.00018e-05
4.00009e-05
4.00022e-05
4.00065e-05
4.00097e-05
4.00125e-05
4.00147e-05
4.00164e-05
4.00177e-05
4.00188e-05
4.00197e-05
4.00205e-05
4.00211e-05
4.00216e-05
4.00221e-05
4.00226e-05
4.0023e-05
4.00235e-05
4.0024e-05
4.00245e-05
4.00251e-05
4.00257e-05
4.00262e-05
4.00267e-05
4.00273e-05
4.00278e-05
4.00283e-05
4.00288e-05
4.00292e-05
4.00297e-05
4.00302e-05
4.00307e-05
4.00312e-05
4.00318e-05
4.00325e-05
4.00069e-05
4.00072e-05
4.00073e-05
4.0007e-05
4.00065e-05
4.00056e-05
4.00045e-05
4.00031e-05
4.00015e-05
4.00017e-05
4.00022e-05
4.00027e-05
4.00034e-05
4.00039e-05
4.00045e-05
4.0005e-05
4.00056e-05
4.00061e-05
4.00065e-05
4.0007e-05
4.00074e-05
4.00077e-05
4.0008e-05
4.00083e-05
4.00085e-05
4.00087e-05
4.00089e-05
4.0009e-05
4.00091e-05
4.00093e-05
4.00094e-05
4.00094e-05
4.00094e-05
4.00094e-05
4.00093e-05
4.00092e-05
4.00091e-05
4.00091e-05
4.00089e-05
4.00063e-05
4.00056e-05
4.00046e-05
4.00031e-05
4.00012e-05
4.0001e-05
4.00027e-05
4.00067e-05
4.00099e-05
4.00128e-05
4.00149e-05
4.00165e-05
4.00178e-05
4.00189e-05
4.00198e-05
4.00206e-05
4.00212e-05
4.00218e-05
4.00223e-05
4.00228e-05
4.00233e-05
4.00238e-05
4.00244e-05
4.0025e-05
4.00256e-05
4.00263e-05
4.00269e-05
4.00275e-05
4.00282e-05
4.00288e-05
4.00295e-05
4.00301e-05
4.00308e-05
4.00314e-05
4.00321e-05
4.00328e-05
4.00335e-05
4.00342e-05
4.00348e-05
4.00056e-05
4.00059e-05
4.00059e-05
4.00056e-05
4.00051e-05
4.00042e-05
4.00032e-05
4.00018e-05
4.00008e-05
4.00018e-05
4.00026e-05
4.00034e-05
4.00042e-05
4.00049e-05
4.00056e-05
4.00063e-05
4.00069e-05
4.00075e-05
4.0008e-05
4.00085e-05
4.0009e-05
4.00094e-05
4.00098e-05
4.00102e-05
4.00105e-05
4.00107e-05
4.0011e-05
4.00113e-05
4.00116e-05
4.00118e-05
4.00121e-05
4.00123e-05
4.00126e-05
4.0013e-05
4.00133e-05
4.00136e-05
4.00139e-05
4.00144e-05
4.00148e-05
4.00052e-05
4.00045e-05
4.00036e-05
4.00023e-05
4.00007e-05
4.0001e-05
4.00031e-05
4.00063e-05
4.00094e-05
4.00122e-05
4.00144e-05
4.00162e-05
4.00177e-05
4.00189e-05
4.002e-05
4.0021e-05
4.00218e-05
4.00226e-05
4.00232e-05
4.00239e-05
4.00245e-05
4.00252e-05
4.00259e-05
4.00267e-05
4.00275e-05
4.00283e-05
4.00291e-05
4.00299e-05
4.00306e-05
4.00312e-05
4.00319e-05
4.00325e-05
4.0033e-05
4.00335e-05
4.00339e-05
4.00343e-05
4.00348e-05
4.00353e-05
4.00358e-05
4.00042e-05
4.00044e-05
4.00044e-05
4.00041e-05
4.00036e-05
4.00029e-05
4.00019e-05
4.00008e-05
4.00005e-05
4.00018e-05
4.00027e-05
4.00037e-05
4.00047e-05
4.00056e-05
4.00064e-05
4.00071e-05
4.00078e-05
4.00085e-05
4.00091e-05
4.00097e-05
4.00102e-05
4.00107e-05
4.00112e-05
4.00116e-05
4.00119e-05
4.00122e-05
4.00125e-05
4.00127e-05
4.00127e-05
4.0013e-05
4.00132e-05
4.00133e-05
4.00134e-05
4.00134e-05
4.00134e-05
4.00134e-05
4.00135e-05
4.00137e-05
4.0014e-05
4.00038e-05
4.00033e-05
4.00026e-05
4.00015e-05
4.00004e-05
4.00011e-05
4.00029e-05
4.00051e-05
4.00081e-05
4.00112e-05
4.00139e-05
4.00162e-05
4.00182e-05
4.00199e-05
4.00214e-05
4.00227e-05
4.00238e-05
4.00248e-05
4.00257e-05
4.00266e-05
4.00275e-05
4.00284e-05
4.00294e-05
4.00305e-05
4.00317e-05
4.0033e-05
4.00342e-05
4.00355e-05
4.00367e-05
4.0038e-05
4.00393e-05
4.00406e-05
4.00419e-05
4.00433e-05
4.00447e-05
4.00463e-05
4.00479e-05
4.00498e-05
4.00515e-05
4.00026e-05
4.00028e-05
4.00027e-05
4.00025e-05
4.00022e-05
4.00016e-05
4.00009e-05
4.00003e-05
4.00006e-05
4.00014e-05
4.00023e-05
4.00034e-05
4.00046e-05
4.00056e-05
4.00065e-05
4.00074e-05
4.00082e-05
4.0009e-05
4.00097e-05
4.00103e-05
4.0011e-05
4.00116e-05
4.00122e-05
4.00128e-05
4.00133e-05
4.00139e-05
4.00144e-05
4.00151e-05
4.0016e-05
4.00167e-05
4.00174e-05
4.00181e-05
4.00188e-05
4.00196e-05
4.00204e-05
4.00213e-05
4.00223e-05
4.00236e-05
4.00248e-05
4.00024e-05
4.00021e-05
4.00015e-05
4.00008e-05
4.00002e-05
4.00009e-05
4.00023e-05
4.00033e-05
4.00064e-05
4.00104e-05
4.00138e-05
4.00166e-05
4.00189e-05
4.00209e-05
4.00224e-05
4.00236e-05
4.00247e-05
4.00256e-05
4.00264e-05
4.00271e-05
4.00278e-05
4.00285e-05
4.00293e-05
4.00301e-05
4.00309e-05
4.00318e-05
4.00325e-05
4.00332e-05
4.00339e-05
4.00346e-05
4.00352e-05
4.00358e-05
4.00363e-05
4.00368e-05
4.00373e-05
4.00377e-05
4.00382e-05
4.00386e-05
4.0039e-05
4.00009e-05
4.00009e-05
4.00009e-05
4.00008e-05
4.00007e-05
4.00005e-05
4.00002e-05
4.00001e-05
4.00003e-05
4.00005e-05
4.00015e-05
4.00031e-05
4.00049e-05
4.00066e-05
4.00083e-05
4.00099e-05
4.00114e-05
4.00129e-05
4.00144e-05
4.00158e-05
4.00171e-05
4.00183e-05
4.00194e-05
4.00204e-05
4.00212e-05
4.00219e-05
4.00224e-05
4.00231e-05
4.00236e-05
4.00233e-05
4.00235e-05
4.00237e-05
4.00239e-05
4.0024e-05
4.0024e-05
4.00241e-05
4.00241e-05
4.00243e-05
4.00246e-05
4.00008e-05
4.00007e-05
4.00005e-05
4.00002e-05
4.00001e-05
4.00004e-05
4.00009e-05
4.0001e-05
4.00045e-05
4.00078e-05
4.00097e-05
4.00107e-05
4.00109e-05
4.00107e-05
4.00103e-05
4.00098e-05
4.00096e-05
4.00095e-05
4.00096e-05
4.00096e-05
4.00098e-05
4.001e-05
4.00102e-05
4.00105e-05
4.0011e-05
4.00114e-05
4.0012e-05
4.00126e-05
4.00132e-05
4.00138e-05
4.00144e-05
4.00151e-05
4.00157e-05
4.00164e-05
4.0017e-05
4.00177e-05
4.00184e-05
4.00193e-05
4.002e-05
0.102357
0.119475
0.121984
0.112278
0.0893315
0.0550913
0.0230556
0.00656232
0.00118389
2.6908e-05
6.25177e-06
4.91975e-09
2.24558e-08
2.12983e-05
3.47609e-05
3.96506e-05
4.05589e-05
4.03828e-05
4.01692e-05
4.00814e-05
4.00629e-05
4.00625e-05
4.00623e-05
4.00602e-05
4.00575e-05
4.00549e-05
4.00528e-05
4.0051e-05
4.00494e-05
4.0048e-05
4.00468e-05
4.00457e-05
4.00447e-05
4.00438e-05
4.0043e-05
4.00424e-05
4.00417e-05
4.00412e-05
4.00407e-05
4.00402e-05
4.00398e-05
4.00394e-05
4.00391e-05
4.00388e-05
4.00385e-05
4.00382e-05
4.0038e-05
4.00377e-05
4.00374e-05
4.00372e-05
4.00368e-05
4.00365e-05
4.00361e-05
4.00357e-05
4.00353e-05
4.00348e-05
4.00343e-05
4.00336e-05
4.00328e-05
4.00317e-05
4.00304e-05
4.00287e-05
4.00267e-05
4.00246e-05
4.00225e-05
4.00202e-05
4.00179e-05
4.00158e-05
4.00134e-05
4.00106e-05
4.00078e-05
4.0005e-05
4.00033e-05
4.00037e-05
4.00073e-05
4.0009e-05
4.00149e-05
4.00141e-05
4.00256e-05
4.00247e-05
0.106426
0.103498
0.0870236
0.0652703
0.0372145
0.0124537
0.00204751
0.00048294
0
2.83419e-07
1.28062e-06
2.63818e-05
3.83639e-05
4.06489e-05
4.04753e-05
4.01689e-05
4.00591e-05
4.00431e-05
4.00453e-05
4.00457e-05
4.00439e-05
4.00417e-05
4.00398e-05
4.00381e-05
4.00367e-05
4.00354e-05
4.00342e-05
4.00331e-05
4.00321e-05
4.00312e-05
4.00304e-05
4.00297e-05
4.00289e-05
4.00283e-05
4.00276e-05
4.00271e-05
4.00266e-05
4.00261e-05
4.00257e-05
4.00253e-05
4.00249e-05
4.00244e-05
4.0024e-05
4.00234e-05
4.00228e-05
4.00221e-05
4.00213e-05
4.00204e-05
4.00194e-05
4.00183e-05
4.00171e-05
4.00159e-05
4.00147e-05
4.00135e-05
4.00122e-05
4.00108e-05
4.00093e-05
4.00075e-05
4.00056e-05
4.00039e-05
4.0003e-05
4.00033e-05
4.00043e-05
4.00057e-05
4.00077e-05
4.00104e-05
4.00135e-05
4.00167e-05
4.00198e-05
4.00229e-05
4.00259e-05
4.00287e-05
4.00311e-05
4.00325e-05
4.0033e-05
4.00352e-05
4.00364e-05
4.00526e-05
4.00394e-05
4.00205e-05
0.11909
0.130246
0.130687
0.117966
0.0928423
0.057741
0.0236217
0.00574455
0.000822878
0.000112391
2.62312e-05
5.96709e-07
2.71072e-06
2.35786e-05
3.58732e-05
3.99634e-05
4.05888e-05
4.03654e-05
4.01632e-05
4.00863e-05
4.00708e-05
4.007e-05
4.00686e-05
4.00654e-05
4.00618e-05
4.00586e-05
4.00559e-05
4.00537e-05
4.00517e-05
4.005e-05
4.00485e-05
4.00472e-05
4.0046e-05
4.00449e-05
4.0044e-05
4.00432e-05
4.00424e-05
4.00417e-05
4.00411e-05
4.00406e-05
4.00401e-05
4.00398e-05
4.00394e-05
4.00391e-05
4.00388e-05
4.00385e-05
4.00383e-05
4.0038e-05
4.00377e-05
4.00375e-05
4.00371e-05
4.00368e-05
4.00364e-05
4.0036e-05
4.00356e-05
4.00352e-05
4.00346e-05
4.00339e-05
4.00331e-05
4.00321e-05
4.00307e-05
4.0029e-05
4.0027e-05
4.00249e-05
4.00228e-05
4.00204e-05
4.00182e-05
4.0016e-05
4.00136e-05
4.00108e-05
4.00079e-05
4.00051e-05
4.00034e-05
4.00037e-05
4.00073e-05
4.0009e-05
4.0015e-05
4.00143e-05
4.00261e-05
4.00248e-05
0.120006
0.116074
0.0983907
0.0731804
0.0432306
0.0150171
0.00214201
0.000506764
0
8.37923e-07
3.76969e-06
2.81689e-05
3.90049e-05
4.07458e-05
4.04608e-05
4.01623e-05
4.0066e-05
4.00533e-05
4.00544e-05
4.00531e-05
4.005e-05
4.00468e-05
4.00441e-05
4.00417e-05
4.00397e-05
4.00379e-05
4.00363e-05
4.00349e-05
4.00337e-05
4.00326e-05
4.00316e-05
4.00307e-05
4.00299e-05
4.00291e-05
4.00284e-05
4.00277e-05
4.00272e-05
4.00267e-05
4.00263e-05
4.00258e-05
4.00253e-05
4.00248e-05
4.00244e-05
4.00238e-05
4.00232e-05
4.00225e-05
4.00216e-05
4.00207e-05
4.00196e-05
4.00185e-05
4.00173e-05
4.00161e-05
4.00149e-05
4.00136e-05
4.00124e-05
4.0011e-05
4.00094e-05
4.00075e-05
4.00056e-05
4.00039e-05
4.0003e-05
4.00033e-05
4.00044e-05
4.00058e-05
4.00078e-05
4.00105e-05
4.00137e-05
4.00169e-05
4.002e-05
4.00231e-05
4.00263e-05
4.00291e-05
4.00314e-05
4.00328e-05
4.00333e-05
4.00355e-05
4.0037e-05
4.00532e-05
4.00397e-05
4.00209e-05
0.129653
0.136993
0.136914
0.123914
0.0981082
0.0621142
0.0253609
0.0053215
0.000565214
3.02352e-05
7.08731e-06
9.48681e-07
4.29009e-06
2.57476e-05
3.67617e-05
4.0179e-05
4.05932e-05
4.03455e-05
4.01573e-05
4.00897e-05
4.00766e-05
4.00751e-05
4.00726e-05
4.00686e-05
4.00644e-05
4.00607e-05
4.00576e-05
4.0055e-05
4.00527e-05
4.00508e-05
4.00491e-05
4.00476e-05
4.00463e-05
4.00452e-05
4.00443e-05
4.00435e-05
4.00427e-05
4.00421e-05
4.00415e-05
4.00409e-05
4.00405e-05
4.00401e-05
4.00398e-05
4.00395e-05
4.00392e-05
4.00389e-05
4.00386e-05
4.00384e-05
4.00381e-05
4.00378e-05
4.00375e-05
4.00372e-05
4.00368e-05
4.00364e-05
4.0036e-05
4.00355e-05
4.0035e-05
4.00343e-05
4.00335e-05
4.00325e-05
4.00311e-05
4.00293e-05
4.00273e-05
4.00252e-05
4.0023e-05
4.00207e-05
4.00184e-05
4.00163e-05
4.00138e-05
4.00109e-05
4.0008e-05
4.00052e-05
4.00034e-05
4.00037e-05
4.00073e-05
4.00092e-05
4.00151e-05
4.00144e-05
4.00266e-05
4.00249e-05
0.129201
0.124682
0.107803
0.0806804
0.0480604
0.0168401
0.00199765
0.000474373
0
1.2768e-06
5.72062e-06
3.04631e-05
3.96193e-05
4.0786e-05
4.04265e-05
4.01518e-05
4.00717e-05
4.00621e-05
4.00619e-05
4.00591e-05
4.00549e-05
4.00509e-05
4.00475e-05
4.00445e-05
4.0042e-05
4.00398e-05
4.00379e-05
4.00363e-05
4.00348e-05
4.00336e-05
4.00324e-05
4.00314e-05
4.00305e-05
4.00297e-05
4.00289e-05
4.00282e-05
4.00277e-05
4.00272e-05
4.00267e-05
4.00262e-05
4.00257e-05
4.00252e-05
4.00247e-05
4.00241e-05
4.00235e-05
4.00227e-05
4.00219e-05
4.00209e-05
4.00199e-05
4.00187e-05
4.00175e-05
4.00163e-05
4.0015e-05
4.00138e-05
4.00125e-05
4.00111e-05
4.00094e-05
4.00076e-05
4.00056e-05
4.00039e-05
4.0003e-05
4.00034e-05
4.00044e-05
4.00059e-05
4.00079e-05
4.00107e-05
4.00139e-05
4.00172e-05
4.00203e-05
4.00235e-05
4.00266e-05
4.00294e-05
4.00318e-05
4.00331e-05
4.00338e-05
4.00358e-05
4.00376e-05
4.00538e-05
4.00401e-05
4.00214e-05
0.136042
0.141302
0.141639
0.130606
0.106622
0.0712692
0.0311497
0.00605206
0.000501971
1.95762e-05
4.60784e-06
1.25445e-06
5.64821e-06
2.71283e-05
3.72816e-05
4.02996e-05
4.05924e-05
4.03337e-05
4.0155e-05
4.00931e-05
4.0081e-05
4.00789e-05
4.00755e-05
4.00708e-05
4.00661e-05
4.0062e-05
4.00585e-05
4.00556e-05
4.00531e-05
4.0051e-05
4.00492e-05
4.00477e-05
4.00465e-05
4.00455e-05
4.00446e-05
4.00438e-05
4.00431e-05
4.00425e-05
4.00419e-05
4.00413e-05
4.00409e-05
4.00405e-05
4.00402e-05
4.00399e-05
4.00396e-05
4.00393e-05
4.00391e-05
4.00388e-05
4.00386e-05
4.00383e-05
4.0038e-05
4.00376e-05
4.00372e-05
4.00368e-05
4.00364e-05
4.0036e-05
4.00354e-05
4.00347e-05
4.00339e-05
4.00329e-05
4.00315e-05
4.00297e-05
4.00277e-05
4.00255e-05
4.00233e-05
4.0021e-05
4.00187e-05
4.00165e-05
4.0014e-05
4.00111e-05
4.00082e-05
4.00052e-05
4.00035e-05
4.00038e-05
4.00072e-05
4.00093e-05
4.00151e-05
4.00145e-05
4.00271e-05
4.0025e-05
0.135203
0.130461
0.115065
0.0881944
0.0537115
0.0192882
0.00194157
0.000462712
0
2.07579e-06
9.23456e-06
3.26959e-05
4.01209e-05
4.07881e-05
4.03864e-05
4.01413e-05
4.00766e-05
4.00693e-05
4.00679e-05
4.00637e-05
4.00586e-05
4.0054e-05
4.005e-05
4.00466e-05
4.00438e-05
4.00413e-05
4.00391e-05
4.00373e-05
4.00357e-05
4.00343e-05
4.00331e-05
4.0032e-05
4.00311e-05
4.00302e-05
4.00294e-05
4.00287e-05
4.00281e-05
4.00276e-05
4.0027e-05
4.00265e-05
4.0026e-05
4.00255e-05
4.0025e-05
4.00244e-05
4.00238e-05
4.0023e-05
4.00221e-05
4.00212e-05
4.00201e-05
4.00189e-05
4.00177e-05
4.00164e-05
4.00152e-05
4.00139e-05
4.00126e-05
4.00112e-05
4.00095e-05
4.00076e-05
4.00057e-05
4.00039e-05
4.0003e-05
4.00034e-05
4.00045e-05
4.0006e-05
4.00081e-05
4.00108e-05
4.00141e-05
4.00174e-05
4.00206e-05
4.00238e-05
4.0027e-05
4.00298e-05
4.00322e-05
4.00335e-05
4.00342e-05
4.00361e-05
4.00383e-05
4.00544e-05
4.00406e-05
4.00219e-05
0.140608
0.144397
0.145321
0.137099
0.116683
0.0840489
0.0424898
0.00944261
0.000537939
0.000128028
0
1.24906e-06
5.60052e-06
2.73398e-05
3.74078e-05
4.03374e-05
4.05967e-05
4.03339e-05
4.01582e-05
4.00976e-05
4.00852e-05
4.00822e-05
4.0078e-05
4.00727e-05
4.00674e-05
4.00629e-05
4.00591e-05
4.0056e-05
4.00533e-05
4.00511e-05
4.00493e-05
4.00479e-05
4.00467e-05
4.00458e-05
4.0045e-05
4.00442e-05
4.00435e-05
4.00429e-05
4.00423e-05
4.00418e-05
4.00414e-05
4.0041e-05
4.00407e-05
4.00404e-05
4.00401e-05
4.00398e-05
4.00395e-05
4.00393e-05
4.0039e-05
4.00387e-05
4.00384e-05
4.00381e-05
4.00377e-05
4.00373e-05
4.00369e-05
4.00364e-05
4.00359e-05
4.00352e-05
4.00344e-05
4.00333e-05
4.00319e-05
4.00301e-05
4.00281e-05
4.00259e-05
4.00237e-05
4.00213e-05
4.00189e-05
4.00168e-05
4.00143e-05
4.00113e-05
4.00083e-05
4.00053e-05
4.00035e-05
4.00038e-05
4.00072e-05
4.00094e-05
4.00152e-05
4.00147e-05
4.00276e-05
4.00252e-05
0.139391
0.134344
0.120074
0.0944691
0.0594965
0.0223692
0.00202315
0.000483803
1.34319e-07
3.4001e-07
1.2544e-05
3.4564e-05
4.04796e-05
4.07687e-05
4.03509e-05
4.01343e-05
4.00819e-05
4.0076e-05
4.00731e-05
4.00677e-05
4.00618e-05
4.00565e-05
4.00521e-05
4.00484e-05
4.00452e-05
4.00424e-05
4.00401e-05
4.00381e-05
4.00364e-05
4.0035e-05
4.00337e-05
4.00326e-05
4.00315e-05
4.00306e-05
4.00298e-05
4.00291e-05
4.00285e-05
4.00279e-05
4.00274e-05
4.00269e-05
4.00264e-05
4.00259e-05
4.00253e-05
4.00248e-05
4.00241e-05
4.00233e-05
4.00224e-05
4.00214e-05
4.00203e-05
4.00191e-05
4.00179e-05
4.00166e-05
4.00153e-05
4.00141e-05
4.00127e-05
4.00113e-05
4.00096e-05
4.00077e-05
4.00057e-05
4.00039e-05
4.0003e-05
4.00035e-05
4.00046e-05
4.00061e-05
4.00082e-05
4.0011e-05
4.00144e-05
4.00177e-05
4.00209e-05
4.00242e-05
4.00273e-05
4.00302e-05
4.00326e-05
4.00338e-05
4.00346e-05
4.00364e-05
4.00391e-05
4.00551e-05
4.0041e-05
4.00224e-05
0.144095
0.146797
0.148205
0.142717
0.126501
0.0980745
0.0582708
0.0175502
0.00112825
0.000268877
0
1.00645e-06
4.49494e-06
2.64521e-05
3.7224e-05
4.03403e-05
4.06231e-05
4.03509e-05
4.01673e-05
4.01033e-05
4.00896e-05
4.00857e-05
4.00808e-05
4.00748e-05
4.00689e-05
4.0064e-05
4.00598e-05
4.00563e-05
4.00535e-05
4.00511e-05
4.00495e-05
4.00482e-05
4.00471e-05
4.00462e-05
4.00454e-05
4.00447e-05
4.0044e-05
4.00434e-05
4.00428e-05
4.00423e-05
4.00418e-05
4.00415e-05
4.00412e-05
4.00408e-05
4.00406e-05
4.00403e-05
4.004e-05
4.00398e-05
4.00395e-05
4.00392e-05
4.00389e-05
4.00386e-05
4.00382e-05
4.00378e-05
4.00374e-05
4.00369e-05
4.00363e-05
4.00357e-05
4.00348e-05
4.00338e-05
4.00323e-05
4.00305e-05
4.00285e-05
4.00262e-05
4.0024e-05
4.00216e-05
4.00192e-05
4.0017e-05
4.00145e-05
4.00115e-05
4.00085e-05
4.00054e-05
4.00036e-05
4.00039e-05
4.00072e-05
4.00096e-05
4.00153e-05
4.00148e-05
4.00282e-05
4.00254e-05
0.142434
0.136888
0.123135
0.0987631
0.0642029
0.0254008
0.00214815
0.000516129
3.28107e-06
4.09221e-06
1.60965e-05
3.62455e-05
4.07415e-05
4.07331e-05
4.03185e-05
4.013e-05
4.00879e-05
4.00824e-05
4.00781e-05
4.00716e-05
4.00649e-05
4.0059e-05
4.00541e-05
4.005e-05
4.00465e-05
4.00435e-05
4.0041e-05
4.00389e-05
4.00371e-05
4.00355e-05
4.00342e-05
4.00331e-05
4.0032e-05
4.00311e-05
4.00302e-05
4.00295e-05
4.00289e-05
4.00284e-05
4.00278e-05
4.00273e-05
4.00268e-05
4.00262e-05
4.00257e-05
4.00251e-05
4.00244e-05
4.00236e-05
4.00227e-05
4.00216e-05
4.00205e-05
4.00193e-05
4.00181e-05
4.00168e-05
4.00155e-05
4.00142e-05
4.00129e-05
4.00114e-05
4.00097e-05
4.00077e-05
4.00057e-05
4.00039e-05
4.0003e-05
4.00035e-05
4.00046e-05
4.00062e-05
4.00084e-05
4.00112e-05
4.00146e-05
4.0018e-05
4.00213e-05
4.00245e-05
4.00277e-05
4.00306e-05
4.0033e-05
4.00342e-05
4.00351e-05
4.00367e-05
4.00399e-05
4.00557e-05
4.00415e-05
4.0023e-05
0.146757
0.148662
0.150416
0.147289
0.135222
0.11176
0.0762238
0.0320335
0.00403325
1.00775e-05
2.39917e-06
4.33455e-07
1.92848e-06
2.43388e-05
3.66291e-05
4.03195e-05
4.06758e-05
4.03853e-05
4.01821e-05
4.01101e-05
4.00941e-05
4.00894e-05
4.00838e-05
4.00771e-05
4.00706e-05
4.00652e-05
4.00606e-05
4.00568e-05
4.00537e-05
4.00512e-05
4.00497e-05
4.00485e-05
4.00474e-05
4.00466e-05
4.00458e-05
4.00451e-05
4.00445e-05
4.00438e-05
4.00433e-05
4.00428e-05
4.00424e-05
4.0042e-05
4.00417e-05
4.00414e-05
4.00411e-05
4.00408e-05
4.00406e-05
4.00403e-05
4.004e-05
4.00398e-05
4.00394e-05
4.00391e-05
4.00387e-05
4.00383e-05
4.00379e-05
4.00374e-05
4.00368e-05
4.00362e-05
4.00353e-05
4.00342e-05
4.00328e-05
4.0031e-05
4.00289e-05
4.00266e-05
4.00243e-05
4.00219e-05
4.00195e-05
4.00173e-05
4.00147e-05
4.00117e-05
4.00086e-05
4.00055e-05
4.00036e-05
4.0004e-05
4.00072e-05
4.00097e-05
4.00154e-05
4.0015e-05
4.00288e-05
4.00256e-05
0.144595
0.138396
0.124684
0.101153
0.0673534
0.0278908
0.0022725
0.000549149
9.80407e-06
8.58833e-06
1.99079e-05
3.7798e-05
4.09204e-05
4.06815e-05
4.02869e-05
4.01273e-05
4.00942e-05
4.00887e-05
4.00829e-05
4.00753e-05
4.00678e-05
4.00614e-05
4.00561e-05
4.00516e-05
4.00478e-05
4.00446e-05
4.00419e-05
4.00397e-05
4.00378e-05
4.00361e-05
4.00348e-05
4.00336e-05
4.00325e-05
4.00315e-05
4.00307e-05
4.003e-05
4.00293e-05
4.00288e-05
4.00282e-05
4.00277e-05
4.00272e-05
4.00266e-05
4.00261e-05
4.00254e-05
4.00247e-05
4.00239e-05
4.0023e-05
4.00219e-05
4.00208e-05
4.00195e-05
4.00183e-05
4.0017e-05
4.00157e-05
4.00144e-05
4.0013e-05
4.00115e-05
4.00098e-05
4.00078e-05
4.00057e-05
4.00039e-05
4.0003e-05
4.00036e-05
4.00047e-05
4.00063e-05
4.00085e-05
4.00114e-05
4.00149e-05
4.00183e-05
4.00217e-05
4.00249e-05
4.00282e-05
4.0031e-05
4.00335e-05
4.00346e-05
4.00356e-05
4.00371e-05
4.00407e-05
4.00565e-05
4.0042e-05
4.00236e-05
0.14861
0.149913
0.151913
0.150752
0.142481
0.124135
0.0940617
0.0519811
0.0125889
0.00032353
7.729e-05
0
4.87606e-06
2.15337e-05
3.57385e-05
4.02762e-05
4.07511e-05
4.04345e-05
4.02031e-05
4.01185e-05
4.00988e-05
4.00932e-05
4.0087e-05
4.00796e-05
4.00725e-05
4.00665e-05
4.00614e-05
4.00573e-05
4.00539e-05
4.00514e-05
4.00499e-05
4.00488e-05
4.00478e-05
4.0047e-05
4.00463e-05
4.00456e-05
4.0045e-05
4.00444e-05
4.00438e-05
4.00433e-05
4.00429e-05
4.00425e-05
4.00422e-05
4.00419e-05
4.00416e-05
4.00414e-05
4.00411e-05
4.00408e-05
4.00406e-05
4.00403e-05
4.004e-05
4.00396e-05
4.00393e-05
4.00388e-05
4.00384e-05
4.00379e-05
4.00374e-05
4.00367e-05
4.00358e-05
4.00347e-05
4.00333e-05
4.00315e-05
4.00293e-05
4.0027e-05
4.00247e-05
4.00222e-05
4.00199e-05
4.00176e-05
4.0015e-05
4.00119e-05
4.00088e-05
4.00056e-05
4.00037e-05
4.0004e-05
4.00072e-05
4.00099e-05
4.00155e-05
4.00152e-05
4.00295e-05
4.00259e-05
0.145921
0.138979
0.12499
0.101891
0.0688457
0.0294716
0.00234187
0.000568391
1.3596e-05
7.35744e-06
2.41734e-05
3.91638e-05
4.10141e-05
4.06172e-05
4.0257e-05
4.01262e-05
4.01006e-05
4.00947e-05
4.00874e-05
4.00787e-05
4.00706e-05
4.00637e-05
4.00579e-05
4.00531e-05
4.0049e-05
4.00456e-05
4.00428e-05
4.00404e-05
4.00384e-05
4.00367e-05
4.00353e-05
4.00341e-05
4.0033e-05
4.0032e-05
4.00311e-05
4.00304e-05
4.00298e-05
4.00292e-05
4.00287e-05
4.00281e-05
4.00276e-05
4.0027e-05
4.00264e-05
4.00258e-05
4.00251e-05
4.00242e-05
4.00233e-05
4.00222e-05
4.0021e-05
4.00198e-05
4.00185e-05
4.00172e-05
4.00159e-05
4.00145e-05
4.00132e-05
4.00116e-05
4.00098e-05
4.00078e-05
4.00057e-05
4.00039e-05
4.0003e-05
4.00036e-05
4.00048e-05
4.00064e-05
4.00087e-05
4.00117e-05
4.00151e-05
4.00187e-05
4.0022e-05
4.00253e-05
4.00286e-05
4.00315e-05
4.0034e-05
4.00351e-05
4.00361e-05
4.00375e-05
4.00416e-05
4.00572e-05
4.00426e-05
4.00243e-05
0.149821
0.151074
0.152915
0.15317
0.148147
0.134635
0.110343
0.0738212
0.0291869
0.00333423
0.000803749
0
2.38433e-06
1.05734e-05
3.26913e-05
4.00045e-05
4.08938e-05
4.05275e-05
4.02356e-05
4.01283e-05
4.01037e-05
4.00974e-05
4.00906e-05
4.00825e-05
4.00747e-05
4.0068e-05
4.00624e-05
4.00579e-05
4.00542e-05
4.00516e-05
4.00502e-05
4.00492e-05
4.00483e-05
4.00475e-05
4.00468e-05
4.00462e-05
4.00455e-05
4.00449e-05
4.00444e-05
4.00439e-05
4.00434e-05
4.00431e-05
4.00428e-05
4.00425e-05
4.00422e-05
4.00419e-05
4.00417e-05
4.00414e-05
4.00412e-05
4.00409e-05
4.00406e-05
4.00402e-05
4.00398e-05
4.00394e-05
4.0039e-05
4.00385e-05
4.00379e-05
4.00372e-05
4.00364e-05
4.00353e-05
4.00338e-05
4.0032e-05
4.00298e-05
4.00275e-05
4.00251e-05
4.00226e-05
4.00202e-05
4.0018e-05
4.00153e-05
4.00121e-05
4.0009e-05
4.00057e-05
4.00038e-05
4.00041e-05
4.00071e-05
4.001e-05
4.00155e-05
4.00153e-05
4.00302e-05
4.00262e-05
0.146445
0.138659
0.124166
0.101162
0.0687029
0.029876
0.00226683
0.000552449
1.62084e-05
7.01707e-06
2.83925e-05
4.02644e-05
4.10246e-05
4.05449e-05
4.02301e-05
4.01267e-05
4.01073e-05
4.01004e-05
4.00916e-05
4.0082e-05
4.00732e-05
4.00658e-05
4.00596e-05
4.00545e-05
4.00502e-05
4.00466e-05
4.00436e-05
4.00411e-05
4.0039e-05
4.00373e-05
4.00358e-05
4.00345e-05
4.00334e-05
4.00324e-05
4.00316e-05
4.00309e-05
4.00302e-05
4.00297e-05
4.00291e-05
4.00285e-05
4.0028e-05
4.00274e-05
4.00268e-05
4.00262e-05
4.00254e-05
4.00246e-05
4.00236e-05
4.00225e-05
4.00213e-05
4.002e-05
4.00187e-05
4.00174e-05
4.00161e-05
4.00147e-05
4.00133e-05
4.00117e-05
4.00099e-05
4.00079e-05
4.00057e-05
4.00039e-05
4.0003e-05
4.00037e-05
4.00049e-05
4.00066e-05
4.00089e-05
4.00119e-05
4.00154e-05
4.0019e-05
4.00224e-05
4.00258e-05
4.00291e-05
4.0032e-05
4.00345e-05
4.00355e-05
4.00366e-05
4.00379e-05
4.00425e-05
4.0058e-05
4.00431e-05
4.00249e-05
0.15053
0.152284
0.153671
0.154748
0.152297
0.143063
0.124385
0.094344
0.0521194
0.0134457
0.000282604
6.77166e-05
0
6.8103e-06
2.93285e-05
3.98435e-05
4.10389e-05
4.0611e-05
4.02769e-05
4.01432e-05
4.01095e-05
4.01017e-05
4.00947e-05
4.00858e-05
4.00772e-05
4.00697e-05
4.00636e-05
4.00586e-05
4.00546e-05
4.00518e-05
4.00505e-05
4.00496e-05
4.00488e-05
4.00481e-05
4.00474e-05
4.00468e-05
4.00461e-05
4.00455e-05
4.0045e-05
4.00445e-05
4.0044e-05
4.00437e-05
4.00434e-05
4.0043e-05
4.00428e-05
4.00425e-05
4.00423e-05
4.0042e-05
4.00417e-05
4.00415e-05
4.00412e-05
4.00408e-05
4.00404e-05
4.004e-05
4.00396e-05
4.00391e-05
4.00385e-05
4.00378e-05
4.00369e-05
4.00358e-05
4.00344e-05
4.00325e-05
4.00303e-05
4.00279e-05
4.00255e-05
4.00229e-05
4.00205e-05
4.00183e-05
4.00156e-05
4.00123e-05
4.00092e-05
4.00058e-05
4.00038e-05
4.00041e-05
4.00071e-05
4.00102e-05
4.00156e-05
4.00155e-05
4.00309e-05
4.00266e-05
0.146218
0.137447
0.122261
0.0990833
0.067012
0.0290386
0.0020664
0.00050549
1.69914e-05
1.04616e-05
3.24861e-05
4.10455e-05
4.09618e-05
4.04703e-05
4.02074e-05
4.0129e-05
4.01139e-05
4.01058e-05
4.00956e-05
4.0085e-05
4.00757e-05
4.00678e-05
4.00613e-05
4.00558e-05
4.00513e-05
4.00475e-05
4.00444e-05
4.00418e-05
4.00396e-05
4.00378e-05
4.00363e-05
4.0035e-05
4.00339e-05
4.00329e-05
4.00321e-05
4.00313e-05
4.00307e-05
4.00301e-05
4.00295e-05
4.0029e-05
4.00284e-05
4.00279e-05
4.00273e-05
4.00266e-05
4.00258e-05
4.00249e-05
4.00239e-05
4.00228e-05
4.00216e-05
4.00203e-05
4.0019e-05
4.00176e-05
4.00163e-05
4.00149e-05
4.00135e-05
4.00119e-05
4.001e-05
4.00079e-05
4.00057e-05
4.00038e-05
4.0003e-05
4.00037e-05
4.0005e-05
4.00067e-05
4.00091e-05
4.00122e-05
4.00157e-05
4.00194e-05
4.00229e-05
4.00262e-05
4.00296e-05
4.00325e-05
4.0035e-05
4.0036e-05
4.00371e-05
4.00383e-05
4.00435e-05
4.00588e-05
4.00437e-05
4.00256e-05
0.150562
0.153009
0.154001
0.155496
0.154998
0.149403
0.135885
0.112182
0.0763805
0.0326109
0.0043167
0.00105088
0
1.89075e-06
8.35811e-06
3.64247e-05
4.17485e-05
4.0959e-05
4.03413e-05
4.01549e-05
4.01146e-05
4.01064e-05
4.00991e-05
4.00896e-05
4.008e-05
4.00718e-05
4.0065e-05
4.00595e-05
4.0055e-05
4.00521e-05
4.00509e-05
4.00501e-05
4.00493e-05
4.00486e-05
4.0048e-05
4.00474e-05
4.00468e-05
4.00462e-05
4.00456e-05
4.00451e-05
4.00447e-05
4.00443e-05
4.0044e-05
4.00437e-05
4.00434e-05
4.00431e-05
4.00429e-05
4.00426e-05
4.00424e-05
4.00421e-05
4.00418e-05
4.00414e-05
4.0041e-05
4.00406e-05
4.00402e-05
4.00397e-05
4.00391e-05
4.00384e-05
4.00375e-05
4.00364e-05
4.00349e-05
4.0033e-05
4.00308e-05
4.00284e-05
4.00259e-05
4.00233e-05
4.00209e-05
4.00186e-05
4.00159e-05
4.00126e-05
4.00094e-05
4.00059e-05
4.00039e-05
4.00042e-05
4.00071e-05
4.00103e-05
4.00158e-05
4.00157e-05
4.00317e-05
4.0027e-05
0.145175
0.135307
0.119286
0.0957331
0.06385
0.02681
0.00121932
0.000298817
9.05022e-06
1.42777e-05
3.615e-05
4.14851e-05
4.0845e-05
4.03995e-05
4.01898e-05
4.01327e-05
4.01204e-05
4.01107e-05
4.00991e-05
4.00878e-05
4.00779e-05
4.00697e-05
4.00628e-05
4.00571e-05
4.00523e-05
4.00484e-05
4.00451e-05
4.00424e-05
4.00402e-05
4.00384e-05
4.00368e-05
4.00355e-05
4.00344e-05
4.00334e-05
4.00325e-05
4.00318e-05
4.00312e-05
4.00306e-05
4.003e-05
4.00294e-05
4.00289e-05
4.00283e-05
4.00277e-05
4.0027e-05
4.00262e-05
4.00253e-05
4.00243e-05
4.00231e-05
4.00219e-05
4.00206e-05
4.00192e-05
4.00178e-05
4.00165e-05
4.00151e-05
4.00136e-05
4.0012e-05
4.00101e-05
4.0008e-05
4.00057e-05
4.00038e-05
4.0003e-05
4.00038e-05
4.00051e-05
4.00069e-05
4.00093e-05
4.00124e-05
4.00161e-05
4.00198e-05
4.00233e-05
4.00267e-05
4.00301e-05
4.0033e-05
4.00355e-05
4.00365e-05
4.00377e-05
4.00388e-05
4.00445e-05
4.00597e-05
4.00443e-05
4.00264e-05
0.149841
0.153297
0.154732
0.155958
0.156593
0.153842
0.144816
0.126997
0.0982812
0.0577397
0.0174374
0.00085446
0.000207121
0
5.91414e-06
2.54846e-05
4.06559e-05
4.14756e-05
4.05033e-05
4.01812e-05
4.01209e-05
4.01108e-05
4.0104e-05
4.0094e-05
4.00834e-05
4.00741e-05
4.00666e-05
4.00605e-05
4.00555e-05
4.00525e-05
4.00512e-05
4.00506e-05
4.00499e-05
4.00493e-05
4.00487e-05
4.00481e-05
4.00474e-05
4.00469e-05
4.00463e-05
4.00458e-05
4.00453e-05
4.0045e-05
4.00446e-05
4.00443e-05
4.0044e-05
4.00438e-05
4.00435e-05
4.00433e-05
4.0043e-05
4.00427e-05
4.00424e-05
4.00421e-05
4.00417e-05
4.00412e-05
4.00408e-05
4.00403e-05
4.00397e-05
4.0039e-05
4.00382e-05
4.0037e-05
4.00355e-05
4.00336e-05
4.00313e-05
4.00289e-05
4.00264e-05
4.00237e-05
4.00213e-05
4.0019e-05
4.00162e-05
4.00128e-05
4.00096e-05
4.0006e-05
4.0004e-05
4.00042e-05
4.00071e-05
4.00105e-05
4.00159e-05
4.00158e-05
4.00325e-05
4.00275e-05
0.143242
0.132185
0.115214
0.091116
0.059312
0.0235477
0.000572066
0.000142092
1.05124e-05
1.98002e-05
3.90622e-05
4.15995e-05
4.07003e-05
4.03378e-05
4.01776e-05
4.01376e-05
4.01265e-05
4.01151e-05
4.01023e-05
4.00903e-05
4.008e-05
4.00714e-05
4.00642e-05
4.00582e-05
4.00533e-05
4.00492e-05
4.00458e-05
4.0043e-05
4.00408e-05
4.00389e-05
4.00373e-05
4.0036e-05
4.00349e-05
4.00339e-05
4.0033e-05
4.00323e-05
4.00316e-05
4.00311e-05
4.00305e-05
4.00299e-05
4.00293e-05
4.00288e-05
4.00281e-05
4.00274e-05
4.00266e-05
4.00257e-05
4.00246e-05
4.00235e-05
4.00222e-05
4.00208e-05
4.00195e-05
4.00181e-05
4.00167e-05
4.00153e-05
4.00138e-05
4.00122e-05
4.00102e-05
4.0008e-05
4.00057e-05
4.00038e-05
4.0003e-05
4.00039e-05
4.00052e-05
4.0007e-05
4.00095e-05
4.00127e-05
4.00164e-05
4.00202e-05
4.00238e-05
4.00272e-05
4.00306e-05
4.00336e-05
4.00361e-05
4.0037e-05
4.00383e-05
4.00393e-05
4.00456e-05
4.00606e-05
4.00449e-05
4.00271e-05
0.14824
0.152918
0.155135
0.156027
0.157226
0.156572
0.151293
0.138749
0.116665
0.0830419
0.0401203
0.00767209
0.00011523
2.76815e-05
0
8.55064e-06
3.57779e-05
4.26718e-05
4.10122e-05
4.01905e-05
4.01122e-05
4.01163e-05
4.0109e-05
4.00986e-05
4.00874e-05
4.0077e-05
4.00685e-05
4.00617e-05
4.00562e-05
4.00529e-05
4.00516e-05
4.0051e-05
4.00505e-05
4.00499e-05
4.00494e-05
4.00488e-05
4.00482e-05
4.00476e-05
4.0047e-05
4.00465e-05
4.0046e-05
4.00457e-05
4.00453e-05
4.0045e-05
4.00447e-05
4.00445e-05
4.00442e-05
4.0044e-05
4.00437e-05
4.00434e-05
4.00431e-05
4.00428e-05
4.00424e-05
4.00419e-05
4.00415e-05
4.0041e-05
4.00404e-05
4.00397e-05
4.00388e-05
4.00377e-05
4.00362e-05
4.00342e-05
4.00319e-05
4.00294e-05
4.00269e-05
4.00242e-05
4.00217e-05
4.00194e-05
4.00166e-05
4.00131e-05
4.00098e-05
4.00062e-05
4.00041e-05
4.00043e-05
4.00071e-05
4.00106e-05
4.0016e-05
4.0016e-05
4.00334e-05
4.0028e-05
0.140323
0.128008
0.110007
0.0852707
0.053621
0.0198349
0.0005268
8.05623e-06
2.35299e-05
2.48284e-05
4.1077e-05
4.14587e-05
4.0555e-05
4.02887e-05
4.01708e-05
4.01433e-05
4.01319e-05
4.01188e-05
4.0105e-05
4.00925e-05
4.00818e-05
4.00729e-05
4.00655e-05
4.00593e-05
4.00542e-05
4.00499e-05
4.00465e-05
4.00437e-05
4.00413e-05
4.00394e-05
4.00379e-05
4.00365e-05
4.00353e-05
4.00344e-05
4.00335e-05
4.00328e-05
4.00321e-05
4.00316e-05
4.0031e-05
4.00304e-05
4.00298e-05
4.00292e-05
4.00286e-05
4.00279e-05
4.0027e-05
4.00261e-05
4.0025e-05
4.00238e-05
4.00225e-05
4.00211e-05
4.00197e-05
4.00183e-05
4.00169e-05
4.00155e-05
4.0014e-05
4.00123e-05
4.00103e-05
4.00081e-05
4.00057e-05
4.00038e-05
4.00031e-05
4.0004e-05
4.00053e-05
4.00072e-05
4.00097e-05
4.0013e-05
4.00168e-05
4.00207e-05
4.00243e-05
4.00278e-05
4.00312e-05
4.00342e-05
4.00367e-05
4.00376e-05
4.00389e-05
4.00399e-05
4.00468e-05
4.00616e-05
4.00456e-05
4.0028e-05
0.145627
0.151694
0.155064
0.156477
0.157475
0.158001
0.155588
0.147553
0.131439
0.105078
0.0670484
0.0253078
0.00305325
0.000740895
0
2.19524e-06
9.67783e-06
3.905e-05
4.25305e-05
4.06038e-05
4.00704e-05
4.0103e-05
4.01196e-05
4.01058e-05
4.00914e-05
4.00801e-05
4.00709e-05
4.00632e-05
4.00571e-05
4.00533e-05
4.0052e-05
4.00515e-05
4.00511e-05
4.00506e-05
4.00501e-05
4.00495e-05
4.00489e-05
4.00484e-05
4.00478e-05
4.00473e-05
4.00468e-05
4.00464e-05
4.00461e-05
4.00457e-05
4.00454e-05
4.00452e-05
4.00449e-05
4.00447e-05
4.00444e-05
4.00441e-05
4.00438e-05
4.00435e-05
4.00431e-05
4.00426e-05
4.00422e-05
4.00417e-05
4.00411e-05
4.00404e-05
4.00395e-05
4.00383e-05
4.00368e-05
4.00348e-05
4.00325e-05
4.003e-05
4.00274e-05
4.00246e-05
4.00221e-05
4.00198e-05
4.0017e-05
4.00134e-05
4.00101e-05
4.00063e-05
4.00041e-05
4.00044e-05
4.00071e-05
4.00108e-05
4.00161e-05
4.00162e-05
4.00343e-05
4.00286e-05
0.136314
0.122698
0.103625
0.0782322
0.0468326
0.0153472
0.0037939
6.49588e-05
3.04552e-05
3.13637e-05
4.21688e-05
4.11597e-05
4.04322e-05
4.0253e-05
4.01685e-05
4.01493e-05
4.01367e-05
4.0122e-05
4.01073e-05
4.00944e-05
4.00834e-05
4.00742e-05
4.00666e-05
4.00602e-05
4.0055e-05
4.00507e-05
4.00471e-05
4.00442e-05
4.00419e-05
4.004e-05
4.00384e-05
4.0037e-05
4.00359e-05
4.00349e-05
4.0034e-05
4.00333e-05
4.00327e-05
4.00321e-05
4.00315e-05
4.00309e-05
4.00303e-05
4.00297e-05
4.00291e-05
4.00283e-05
4.00275e-05
4.00265e-05
4.00254e-05
4.00241e-05
4.00228e-05
4.00214e-05
4.002e-05
4.00186e-05
4.00172e-05
4.00157e-05
4.00142e-05
4.00124e-05
4.00104e-05
4.00081e-05
4.00057e-05
4.00038e-05
4.00031e-05
4.0004e-05
4.00055e-05
4.00074e-05
4.001e-05
4.00133e-05
4.00171e-05
4.00211e-05
4.00248e-05
4.00283e-05
4.00318e-05
4.00348e-05
4.00373e-05
4.00382e-05
4.00395e-05
4.00405e-05
4.0048e-05
4.00626e-05
4.00463e-05
4.00288e-05
0.141865
0.149439
0.154226
0.156611
0.157557
0.158526
0.158073
0.153671
0.142766
0.123047
0.0924119
0.0512783
0.0144721
0.000346564
8.34858e-05
0
5.48319e-06
2.34372e-05
4.16115e-05
4.19244e-05
4.03042e-05
4.00339e-05
4.00956e-05
4.01124e-05
4.00997e-05
4.00846e-05
4.00733e-05
4.0065e-05
4.00582e-05
4.00538e-05
4.00523e-05
4.0052e-05
4.00517e-05
4.00513e-05
4.00509e-05
4.00503e-05
4.00498e-05
4.00492e-05
4.00486e-05
4.00481e-05
4.00476e-05
4.00472e-05
4.00468e-05
4.00465e-05
4.00462e-05
4.00459e-05
4.00457e-05
4.00454e-05
4.00452e-05
4.00449e-05
4.00446e-05
4.00442e-05
4.00438e-05
4.00434e-05
4.00429e-05
4.00424e-05
4.00418e-05
4.00411e-05
4.00402e-05
4.00391e-05
4.00375e-05
4.00355e-05
4.00331e-05
4.00305e-05
4.00279e-05
4.00251e-05
4.00226e-05
4.00203e-05
4.00174e-05
4.00137e-05
4.00103e-05
4.00065e-05
4.00042e-05
4.00044e-05
4.0007e-05
4.00109e-05
4.00163e-05
4.00163e-05
4.00353e-05
4.00292e-05
0.131111
0.116175
0.096018
0.0699451
0.0390953
0.0109419
0.000256302
6.82473e-05
1.96546e-05
3.82508e-05
4.24676e-05
4.08037e-05
4.03445e-05
4.02296e-05
4.01696e-05
4.01549e-05
4.01405e-05
4.01244e-05
4.01092e-05
4.00959e-05
4.00847e-05
4.00753e-05
4.00675e-05
4.00611e-05
4.00557e-05
4.00513e-05
4.00477e-05
4.00448e-05
4.00425e-05
4.00405e-05
4.00389e-05
4.00375e-05
4.00364e-05
4.00354e-05
4.00346e-05
4.00338e-05
4.00332e-05
4.00326e-05
4.0032e-05
4.00314e-05
4.00309e-05
4.00302e-05
4.00296e-05
4.00288e-05
4.00279e-05
4.00269e-05
4.00258e-05
4.00245e-05
4.00232e-05
4.00217e-05
4.00203e-05
4.00188e-05
4.00174e-05
4.00159e-05
4.00144e-05
4.00126e-05
4.00105e-05
4.00081e-05
4.00057e-05
4.00038e-05
4.00031e-05
4.00041e-05
4.00056e-05
4.00076e-05
4.00102e-05
4.00136e-05
4.00176e-05
4.00216e-05
4.00254e-05
4.0029e-05
4.00324e-05
4.00355e-05
4.00379e-05
4.00388e-05
4.00401e-05
4.00411e-05
4.00493e-05
4.00636e-05
4.0047e-05
4.00297e-05
0.136829
0.14598
0.152366
0.156105
0.157759
0.158544
0.159149
0.157446
0.150894
0.137051
0.113684
0.078959
0.0371347
0.00695123
0.00172764
0
0
7.41609e-06
3.09061e-05
4.2162e-05
4.1203e-05
4.01806e-05
4.01014e-05
4.0111e-05
4.00986e-05
4.00889e-05
4.0078e-05
4.00674e-05
4.00594e-05
4.00544e-05
4.00527e-05
4.00525e-05
4.00524e-05
4.0052e-05
4.00516e-05
4.00512e-05
4.00506e-05
4.005e-05
4.00495e-05
4.00489e-05
4.00484e-05
4.0048e-05
4.00476e-05
4.00473e-05
4.0047e-05
4.00467e-05
4.00465e-05
4.00462e-05
4.0046e-05
4.00457e-05
4.00454e-05
4.0045e-05
4.00446e-05
4.00442e-05
4.00437e-05
4.00432e-05
4.00426e-05
4.00419e-05
4.0041e-05
4.00398e-05
4.00383e-05
4.00362e-05
4.00338e-05
4.00312e-05
4.00285e-05
4.00256e-05
4.00231e-05
4.00207e-05
4.00178e-05
4.00141e-05
4.00106e-05
4.00067e-05
4.00043e-05
4.00045e-05
4.0007e-05
4.00111e-05
4.00164e-05
4.00165e-05
4.00364e-05
4.00299e-05
0.124618
0.108369
0.0871479
0.0605307
0.0307792
0.00697097
0.000727797
0.000182368
1.38758e-05
4.22893e-05
4.22515e-05
4.04949e-05
4.02922e-05
4.02157e-05
4.01729e-05
4.01597e-05
4.01433e-05
4.01262e-05
4.01105e-05
4.00971e-05
4.00857e-05
4.00763e-05
4.00684e-05
4.00618e-05
4.00564e-05
4.00519e-05
4.00483e-05
4.00454e-05
4.0043e-05
4.0041e-05
4.00394e-05
4.00381e-05
4.00369e-05
4.00359e-05
4.00351e-05
4.00344e-05
4.00338e-05
4.00332e-05
4.00326e-05
4.0032e-05
4.00314e-05
4.00308e-05
4.00301e-05
4.00293e-05
4.00284e-05
4.00273e-05
4.00262e-05
4.00249e-05
4.00235e-05
4.00221e-05
4.00206e-05
4.00191e-05
4.00177e-05
4.00162e-05
4.00146e-05
4.00128e-05
4.00106e-05
4.00082e-05
4.00057e-05
4.00037e-05
4.00031e-05
4.00042e-05
4.00057e-05
4.00078e-05
4.00105e-05
4.0014e-05
4.0018e-05
4.00222e-05
4.0026e-05
4.00296e-05
4.00331e-05
4.00362e-05
4.00386e-05
4.00395e-05
4.00408e-05
4.00418e-05
4.00506e-05
4.00647e-05
4.00477e-05
4.00306e-05
0.130393
0.141144
0.149239
0.154611
0.157502
0.158666
0.159453
0.159393
0.156191
0.147339
0.13047
0.103381
0.0652932
0.0248474
0.00336162
0.000816286
0
0
8.84218e-06
3.6622e-05
4.2517e-05
4.04167e-05
3.99039e-05
4.01201e-05
4.01422e-05
4.00934e-05
4.00764e-05
4.00703e-05
4.0062e-05
4.00551e-05
4.0053e-05
4.00529e-05
4.0053e-05
4.00528e-05
4.00525e-05
4.00521e-05
4.00515e-05
4.0051e-05
4.00504e-05
4.00498e-05
4.00493e-05
4.00489e-05
4.00485e-05
4.00482e-05
4.00479e-05
4.00476e-05
4.00473e-05
4.00471e-05
4.00468e-05
4.00465e-05
4.00462e-05
4.00459e-05
4.00455e-05
4.0045e-05
4.00445e-05
4.0044e-05
4.00434e-05
4.00427e-05
4.00418e-05
4.00406e-05
4.0039e-05
4.0037e-05
4.00345e-05
4.00318e-05
4.00291e-05
4.00262e-05
4.00236e-05
4.00212e-05
4.00182e-05
4.00144e-05
4.00109e-05
4.00068e-05
4.00044e-05
4.00045e-05
4.0007e-05
4.00112e-05
4.00166e-05
4.00167e-05
4.00374e-05
4.00307e-05
0.116745
0.099227
0.077025
0.0501602
0.0222822
0.00353399
0.000357941
9.3115e-05
2.07215e-05
4.37942e-05
4.15754e-05
4.03087e-05
4.0267e-05
4.02082e-05
4.01771e-05
4.01632e-05
4.0145e-05
4.01272e-05
4.01114e-05
4.00979e-05
4.00865e-05
4.0077e-05
4.0069e-05
4.00624e-05
4.0057e-05
4.00525e-05
4.00489e-05
4.00459e-05
4.00435e-05
4.00416e-05
4.004e-05
4.00386e-05
4.00375e-05
4.00365e-05
4.00357e-05
4.0035e-05
4.00343e-05
4.00338e-05
4.00332e-05
4.00326e-05
4.0032e-05
4.00313e-05
4.00306e-05
4.00298e-05
4.00289e-05
4.00278e-05
4.00266e-05
4.00253e-05
4.00239e-05
4.00224e-05
4.00209e-05
4.00194e-05
4.00179e-05
4.00164e-05
4.00148e-05
4.00129e-05
4.00107e-05
4.00082e-05
4.00057e-05
4.00037e-05
4.00032e-05
4.00043e-05
4.00059e-05
4.0008e-05
4.00108e-05
4.00144e-05
4.00185e-05
4.00227e-05
4.00266e-05
4.00303e-05
4.00338e-05
4.00369e-05
4.00393e-05
4.00402e-05
4.00415e-05
4.00426e-05
4.00521e-05
4.00659e-05
4.00484e-05
4.00315e-05
0.122546
0.134892
0.14476
0.151946
0.156452
0.158645
0.159434
0.160104
0.159246
0.154466
0.14329
0.123395
0.0927242
0.0521984
0.0157795
0.000300862
7.27634e-05
0
2.76846e-06
1.21768e-05
3.99975e-05
4.41842e-05
4.07464e-05
3.97368e-05
4.00271e-05
4.01482e-05
4.01009e-05
4.0068e-05
4.00609e-05
4.00566e-05
4.00538e-05
4.00533e-05
4.00536e-05
4.00536e-05
4.00533e-05
4.0053e-05
4.00525e-05
4.00519e-05
4.00513e-05
4.00508e-05
4.00502e-05
4.00498e-05
4.00494e-05
4.00491e-05
4.00487e-05
4.00485e-05
4.00482e-05
4.00479e-05
4.00477e-05
4.00474e-05
4.00471e-05
4.00467e-05
4.00463e-05
4.00459e-05
4.00454e-05
4.00449e-05
4.00443e-05
4.00435e-05
4.00426e-05
4.00414e-05
4.00398e-05
4.00378e-05
4.00352e-05
4.00325e-05
4.00297e-05
4.00267e-05
4.00241e-05
4.00217e-05
4.00187e-05
4.00148e-05
4.00112e-05
4.00071e-05
4.00045e-05
4.00046e-05
4.0007e-05
4.00114e-05
4.00168e-05
4.00168e-05
4.00386e-05
4.00315e-05
0.107492
0.0887507
0.0656528
0.0388807
0.0138011
0.000718626
7.53667e-05
2.60849e-05
3.17093e-05
4.43182e-05
4.06727e-05
4.02488e-05
4.02564e-05
4.02044e-05
4.01813e-05
4.01655e-05
4.01458e-05
4.01277e-05
4.01118e-05
4.00983e-05
4.0087e-05
4.00774e-05
4.00695e-05
4.00629e-05
4.00574e-05
4.0053e-05
4.00494e-05
4.00464e-05
4.00441e-05
4.00421e-05
4.00405e-05
4.00392e-05
4.0038e-05
4.00371e-05
4.00363e-05
4.00356e-05
4.0035e-05
4.00344e-05
4.00338e-05
4.00332e-05
4.00326e-05
4.00319e-05
4.00312e-05
4.00303e-05
4.00294e-05
4.00283e-05
4.0027e-05
4.00257e-05
4.00242e-05
4.00227e-05
4.00212e-05
4.00197e-05
4.00182e-05
4.00167e-05
4.0015e-05
4.00131e-05
4.00108e-05
4.00082e-05
4.00057e-05
4.00037e-05
4.00032e-05
4.00045e-05
4.00061e-05
4.00082e-05
4.00111e-05
4.00148e-05
4.0019e-05
4.00233e-05
4.00272e-05
4.0031e-05
4.00345e-05
4.00377e-05
4.00401e-05
4.00409e-05
4.00422e-05
4.00434e-05
4.00536e-05
4.00671e-05
4.00491e-05
4.00325e-05
0.109856
0.124177
0.136312
0.145962
0.152931
0.157238
0.159269
0.159912
0.160368
0.159008
0.153455
0.141262
0.120123
0.0883367
0.0489671
0.015257
1.03043e-05
1.72034e-05
0
1.62989e-07
7.80486e-06
3.11797e-05
4.32633e-05
4.19142e-05
3.99257e-05
3.98302e-05
4.00871e-05
4.01181e-05
4.00733e-05
4.00541e-05
4.00527e-05
4.00539e-05
4.00543e-05
4.00544e-05
4.00543e-05
4.00541e-05
4.00536e-05
4.00531e-05
4.00525e-05
4.0052e-05
4.00514e-05
4.00509e-05
4.00505e-05
4.00502e-05
4.00499e-05
4.00496e-05
4.00493e-05
4.0049e-05
4.00488e-05
4.00485e-05
4.00482e-05
4.00478e-05
4.00474e-05
4.0047e-05
4.00465e-05
4.0046e-05
4.00453e-05
4.00446e-05
4.00437e-05
4.00425e-05
4.00409e-05
4.00388e-05
4.00362e-05
4.00334e-05
4.00305e-05
4.00275e-05
4.00248e-05
4.00223e-05
4.00193e-05
4.00153e-05
4.00116e-05
4.00073e-05
4.00047e-05
4.00047e-05
4.0007e-05
4.00115e-05
4.0017e-05
4.0017e-05
4.00398e-05
4.00325e-05
0.0931004
0.0729532
0.0491521
0.0241231
0.00538821
0.00135934
1.79179e-06
5.37899e-06
4.16481e-05
4.29317e-05
4.00183e-05
4.02856e-05
4.02444e-05
4.02035e-05
4.01846e-05
4.01657e-05
4.01452e-05
4.01272e-05
4.01116e-05
4.00983e-05
4.00871e-05
4.00777e-05
4.00698e-05
4.00633e-05
4.00579e-05
4.00535e-05
4.00499e-05
4.00471e-05
4.00447e-05
4.00428e-05
4.00412e-05
4.00399e-05
4.00388e-05
4.00378e-05
4.00371e-05
4.00364e-05
4.00358e-05
4.00352e-05
4.00346e-05
4.0034e-05
4.00333e-05
4.00327e-05
4.00319e-05
4.0031e-05
4.003e-05
4.00289e-05
4.00276e-05
4.00262e-05
4.00247e-05
4.00232e-05
4.00216e-05
4.00201e-05
4.00186e-05
4.0017e-05
4.00153e-05
4.00133e-05
4.00109e-05
4.00083e-05
4.00056e-05
4.00037e-05
4.00033e-05
4.00046e-05
4.00063e-05
4.00085e-05
4.00115e-05
4.00153e-05
4.00196e-05
4.0024e-05
4.00281e-05
4.00318e-05
4.00354e-05
4.00386e-05
4.0041e-05
4.00417e-05
4.00431e-05
4.00444e-05
4.00553e-05
4.00685e-05
4.00499e-05
4.00336e-05
0.0911794
0.107691
0.122417
0.135007
0.14513
0.152554
0.157251
0.159559
0.160354
0.160744
0.159507
0.154322
0.142709
0.122276
0.0914007
0.0529091
0.0189745
0.00155606
0.000410616
0
0
4.86725e-06
1.93991e-05
4.11297e-05
4.32896e-05
4.05147e-05
3.9703e-05
3.99632e-05
4.01045e-05
4.00806e-05
4.00536e-05
4.00519e-05
4.00549e-05
4.00558e-05
4.00557e-05
4.00555e-05
4.00552e-05
4.00547e-05
4.00541e-05
4.00535e-05
4.0053e-05
4.00525e-05
4.0052e-05
4.00516e-05
4.00513e-05
4.0051e-05
4.00507e-05
4.00504e-05
4.00502e-05
4.00499e-05
4.00496e-05
4.00492e-05
4.00488e-05
4.00484e-05
4.00479e-05
4.00473e-05
4.00467e-05
4.00459e-05
4.0045e-05
4.00438e-05
4.00421e-05
4.004e-05
4.00373e-05
4.00344e-05
4.00315e-05
4.00283e-05
4.00255e-05
4.00231e-05
4.002e-05
4.00159e-05
4.0012e-05
4.00076e-05
4.00048e-05
4.00047e-05
4.0007e-05
4.00117e-05
4.00172e-05
4.00171e-05
4.00412e-05
4.00335e-05
0.0726193
0.0512765
0.0282271
0.00891601
0.00018916
4.76102e-05
6.56015e-06
2.71959e-05
4.52504e-05
4.06902e-05
3.99827e-05
4.032e-05
4.02273e-05
4.02045e-05
4.01846e-05
4.01634e-05
4.0143e-05
4.01255e-05
4.01104e-05
4.00976e-05
4.00867e-05
4.00775e-05
4.00699e-05
4.00635e-05
4.00583e-05
4.00541e-05
4.00506e-05
4.00478e-05
4.00455e-05
4.00436e-05
4.00421e-05
4.00408e-05
4.00397e-05
4.00388e-05
4.00381e-05
4.00374e-05
4.00368e-05
4.00362e-05
4.00356e-05
4.0035e-05
4.00343e-05
4.00336e-05
4.00328e-05
4.00319e-05
4.00308e-05
4.00297e-05
4.00283e-05
4.00269e-05
4.00253e-05
4.00237e-05
4.00221e-05
4.00206e-05
4.0019e-05
4.00174e-05
4.00156e-05
4.00135e-05
4.00111e-05
4.00083e-05
4.00056e-05
4.00036e-05
4.00034e-05
4.00048e-05
4.00065e-05
4.00089e-05
4.0012e-05
4.00159e-05
4.00203e-05
4.00249e-05
4.0029e-05
4.00329e-05
4.00365e-05
4.00397e-05
4.0042e-05
4.00428e-05
4.00441e-05
4.00456e-05
4.00574e-05
4.007e-05
4.00508e-05
4.00348e-05
0.0691647
0.0875611
0.10461
0.119928
0.133136
0.143875
0.151882
0.157094
0.15981
0.160837
0.161224
0.160189
0.155447
0.144417
0.124523
0.0942036
0.0566033
0.0220055
0.00281532
0.000733123
0
0
2.16914e-06
8.3688e-06
3.68548e-05
4.39691e-05
4.13353e-05
3.98258e-05
3.98804e-05
4.007e-05
4.0079e-05
4.00548e-05
4.0052e-05
4.00558e-05
4.00573e-05
4.00573e-05
4.00569e-05
4.00564e-05
4.00558e-05
4.00552e-05
4.00546e-05
4.00541e-05
4.00536e-05
4.00532e-05
4.00529e-05
4.00525e-05
4.00522e-05
4.00519e-05
4.00517e-05
4.00514e-05
4.00511e-05
4.00507e-05
4.00503e-05
4.00498e-05
4.00493e-05
4.00487e-05
4.00481e-05
4.00473e-05
4.00464e-05
4.00451e-05
4.00435e-05
4.00412e-05
4.00385e-05
4.00355e-05
4.00325e-05
4.00292e-05
4.00263e-05
4.00238e-05
4.00207e-05
4.00165e-05
4.00125e-05
4.00079e-05
4.0005e-05
4.00048e-05
4.0007e-05
4.00118e-05
4.00175e-05
4.00173e-05
4.00426e-05
4.00346e-05
0.0493373
0.0283808
0.010258
0.000851222
0.00021552
3.8303e-06
1.60431e-05
4.3352e-05
4.28774e-05
3.96809e-05
4.02243e-05
4.02979e-05
4.02164e-05
4.02037e-05
4.01805e-05
4.0159e-05
4.01395e-05
4.01228e-05
4.01085e-05
4.00962e-05
4.00858e-05
4.0077e-05
4.00697e-05
4.00636e-05
4.00586e-05
4.00545e-05
4.00512e-05
4.00485e-05
4.00463e-05
4.00445e-05
4.0043e-05
4.00418e-05
4.00407e-05
4.00399e-05
4.00391e-05
4.00385e-05
4.00378e-05
4.00372e-05
4.00366e-05
4.0036e-05
4.00353e-05
4.00346e-05
4.00338e-05
4.00328e-05
4.00317e-05
4.00304e-05
4.0029e-05
4.00275e-05
4.00259e-05
4.00243e-05
4.00227e-05
4.0021e-05
4.00194e-05
4.00178e-05
4.00159e-05
4.00137e-05
4.00112e-05
4.00083e-05
4.00055e-05
4.00036e-05
4.00035e-05
4.0005e-05
4.00068e-05
4.00093e-05
4.00126e-05
4.00166e-05
4.00211e-05
4.00259e-05
4.00301e-05
4.0034e-05
4.00377e-05
4.00409e-05
4.00431e-05
4.00438e-05
4.00451e-05
4.00468e-05
4.00595e-05
4.00717e-05
4.00517e-05
4.0036e-05
0.0443359
0.0639438
0.0829456
0.100684
0.116735
0.130698
0.142191
0.150916
0.156767
0.159983
0.161292
0.161697
0.160866
0.156534
0.145998
0.126615
0.0969509
0.0597476
0.0245099
0.00405281
0.00105051
0
0
2.92279e-07
8.38068e-07
3.29892e-05
4.31805e-05
4.1809e-05
3.99978e-05
3.98533e-05
4.00441e-05
4.00821e-05
4.00627e-05
4.00556e-05
4.00568e-05
4.0058e-05
4.00584e-05
4.00582e-05
4.00577e-05
4.0057e-05
4.00564e-05
4.00558e-05
4.00553e-05
4.00549e-05
4.00545e-05
4.00542e-05
4.00538e-05
4.00535e-05
4.00533e-05
4.0053e-05
4.00526e-05
4.00523e-05
4.00519e-05
4.00514e-05
4.00508e-05
4.00503e-05
4.00496e-05
4.00488e-05
4.00478e-05
4.00465e-05
4.00449e-05
4.00426e-05
4.00398e-05
4.00367e-05
4.00335e-05
4.00302e-05
4.00272e-05
4.00247e-05
4.00215e-05
4.00171e-05
4.0013e-05
4.00083e-05
4.00052e-05
4.00048e-05
4.0007e-05
4.0012e-05
4.00178e-05
4.00174e-05
4.0044e-05
4.00358e-05
0.0251426
0.00932165
0.00103027
0.00026374
0
8.43043e-06
3.47955e-05
4.52809e-05
4.02455e-05
3.98617e-05
4.03471e-05
4.02516e-05
4.02133e-05
4.0198e-05
4.01734e-05
4.01531e-05
4.01349e-05
4.01193e-05
4.01058e-05
4.00943e-05
4.00845e-05
4.00762e-05
4.00693e-05
4.00635e-05
4.00588e-05
4.00549e-05
4.00518e-05
4.00492e-05
4.00471e-05
4.00454e-05
4.0044e-05
4.00428e-05
4.00418e-05
4.00409e-05
4.00402e-05
4.00396e-05
4.00389e-05
4.00383e-05
4.00377e-05
4.00371e-05
4.00364e-05
4.00356e-05
4.00347e-05
4.00337e-05
4.00325e-05
4.00312e-05
4.00298e-05
4.00282e-05
4.00265e-05
4.00249e-05
4.00232e-05
4.00215e-05
4.00199e-05
4.00182e-05
4.00162e-05
4.0014e-05
4.00113e-05
4.00083e-05
4.00054e-05
4.00036e-05
4.00036e-05
4.00052e-05
4.00072e-05
4.00097e-05
4.00132e-05
4.00173e-05
4.0022e-05
4.00269e-05
4.00312e-05
4.00351e-05
4.00389e-05
4.00421e-05
4.00443e-05
4.0045e-05
4.00462e-05
4.00483e-05
4.00618e-05
4.00733e-05
4.00525e-05
4.00372e-05
0.019551
0.0376523
0.0576305
0.0773603
0.0959354
0.112863
0.127716
0.140092
0.149653
0.156244
0.160034
0.161665
0.162098
0.161454
0.157498
0.147444
0.128601
0.099554
0.0625808
0.0268467
0.00531662
0.00137406
1.04713e-06
0
9.80751e-09
7.38981e-06
3.01605e-05
4.25131e-05
4.19834e-05
4.01156e-05
3.9819e-05
3.99963e-05
4.0064e-05
4.00639e-05
4.00622e-05
4.00618e-05
4.00605e-05
4.00597e-05
4.00594e-05
4.00589e-05
4.00583e-05
4.00577e-05
4.00572e-05
4.00567e-05
4.00563e-05
4.00559e-05
4.00555e-05
4.00552e-05
4.00549e-05
4.00546e-05
4.00543e-05
4.00539e-05
4.00535e-05
4.0053e-05
4.00524e-05
4.00518e-05
4.00511e-05
4.00503e-05
4.00493e-05
4.00481e-05
4.00463e-05
4.0044e-05
4.00411e-05
4.00379e-05
4.00347e-05
4.00312e-05
4.00281e-05
4.00255e-05
4.00224e-05
4.00179e-05
4.00136e-05
4.00087e-05
4.00054e-05
4.00049e-05
4.0007e-05
4.00121e-05
4.00181e-05
4.00175e-05
4.00456e-05
4.00371e-05
0.00654607
0.000566057
0.000147016
0
6.43034e-06
2.66024e-05
4.5004e-05
4.18687e-05
3.96185e-05
4.02446e-05
4.03149e-05
4.02224e-05
4.02098e-05
4.01878e-05
4.01649e-05
4.01462e-05
4.01295e-05
4.01151e-05
4.01026e-05
4.00919e-05
4.00828e-05
4.00751e-05
4.00687e-05
4.00633e-05
4.00589e-05
4.00553e-05
4.00523e-05
4.00499e-05
4.00479e-05
4.00463e-05
4.00449e-05
4.00438e-05
4.00429e-05
4.00421e-05
4.00414e-05
4.00407e-05
4.00401e-05
4.00395e-05
4.00388e-05
4.00382e-05
4.00374e-05
4.00366e-05
4.00357e-05
4.00346e-05
4.00334e-05
4.0032e-05
4.00305e-05
4.00289e-05
4.00272e-05
4.00254e-05
4.00237e-05
4.0022e-05
4.00203e-05
4.00186e-05
4.00166e-05
4.00142e-05
4.00113e-05
4.00082e-05
4.00053e-05
4.00035e-05
4.00038e-05
4.00055e-05
4.00075e-05
4.00102e-05
4.00138e-05
4.00181e-05
4.0023e-05
4.0028e-05
4.00324e-05
4.00364e-05
4.00402e-05
4.00434e-05
4.00455e-05
4.00462e-05
4.00473e-05
4.00498e-05
4.00643e-05
4.00751e-05
4.00533e-05
4.00384e-05
0.00375578
0.0137183
0.0304576
0.0504636
0.0709107
0.0904233
0.108344
0.124204
0.137567
0.148059
0.155467
0.159888
0.161872
0.162342
0.161879
0.158295
0.148732
0.130445
0.101872
0.0650568
0.0289292
0.00654707
0.0001046
2.78695e-05
0
0
6.82834e-06
2.78872e-05
4.19412e-05
4.21657e-05
4.03204e-05
3.99253e-05
4.00357e-05
4.006e-05
4.00474e-05
4.00538e-05
4.00622e-05
4.00633e-05
4.00619e-05
4.00609e-05
4.00603e-05
4.00597e-05
4.00591e-05
4.00586e-05
4.00581e-05
4.00577e-05
4.00573e-05
4.0057e-05
4.00567e-05
4.00564e-05
4.0056e-05
4.00557e-05
4.00552e-05
4.00547e-05
4.00541e-05
4.00535e-05
4.00528e-05
4.0052e-05
4.00509e-05
4.00496e-05
4.00479e-05
4.00455e-05
4.00426e-05
4.00393e-05
4.00359e-05
4.00323e-05
4.00291e-05
4.00264e-05
4.00232e-05
4.00186e-05
4.00142e-05
4.00091e-05
4.00056e-05
4.0005e-05
4.0007e-05
4.00122e-05
4.00184e-05
4.00177e-05
4.00471e-05
4.00385e-05
0.000237069
6.19512e-05
0
3.8399e-06
1.58486e-05
4.29551e-05
4.29951e-05
3.99226e-05
4.00183e-05
4.03537e-05
4.02476e-05
4.02131e-05
4.02e-05
4.01755e-05
4.01558e-05
4.01388e-05
4.01237e-05
4.01105e-05
4.00991e-05
4.00893e-05
4.0081e-05
4.00739e-05
4.0068e-05
4.00631e-05
4.0059e-05
4.00556e-05
4.00529e-05
4.00507e-05
4.00488e-05
4.00473e-05
4.0046e-05
4.00449e-05
4.0044e-05
4.00433e-05
4.00426e-05
4.00419e-05
4.00413e-05
4.00407e-05
4.004e-05
4.00393e-05
4.00386e-05
4.00377e-05
4.00367e-05
4.00356e-05
4.00343e-05
4.00328e-05
4.00312e-05
4.00295e-05
4.00278e-05
4.0026e-05
4.00243e-05
4.00225e-05
4.00208e-05
4.0019e-05
4.00169e-05
4.00143e-05
4.00114e-05
4.00081e-05
4.00052e-05
4.00035e-05
4.0004e-05
4.00058e-05
4.00079e-05
4.00108e-05
4.00145e-05
4.00189e-05
4.0024e-05
4.00292e-05
4.00336e-05
4.00377e-05
4.00415e-05
4.00447e-05
4.00467e-05
4.00474e-05
4.00485e-05
4.00515e-05
4.00668e-05
4.00769e-05
4.0054e-05
4.00396e-05
0.000360572
0.00145291
0.00852061
0.0230798
0.0426182
0.0636753
0.0842
0.103245
0.120249
0.134733
0.14628
0.154613
0.159747
0.162134
0.162652
0.162344
0.159102
0.149998
0.132182
0.103956
0.0671998
0.0308279
0.00743371
0.000210852
5.65807e-05
0
0
6.45405e-06
2.63898e-05
4.1331e-05
4.17892e-05
3.99478e-05
3.97886e-05
4.00995e-05
4.0146e-05
4.00811e-05
4.00552e-05
4.00591e-05
4.00634e-05
4.00635e-05
4.00625e-05
4.00617e-05
4.00611e-05
4.00605e-05
4.00601e-05
4.00596e-05
4.00592e-05
4.00589e-05
4.00585e-05
4.00582e-05
4.00579e-05
4.00575e-05
4.0057e-05
4.00565e-05
4.00559e-05
4.00552e-05
4.00545e-05
4.00536e-05
4.00526e-05
4.00513e-05
4.00495e-05
4.00471e-05
4.00441e-05
4.00406e-05
4.00371e-05
4.00334e-05
4.00301e-05
4.00274e-05
4.00242e-05
4.00194e-05
4.00148e-05
4.00096e-05
4.00059e-05
4.0005e-05
4.0007e-05
4.00124e-05
4.00187e-05
4.00178e-05
4.00487e-05
4.00399e-05
7.11934e-07
0
2.75719e-06
1.12862e-05
4.01411e-05
4.36065e-05
4.03529e-05
3.9928e-05
4.03095e-05
4.02885e-05
4.02141e-05
4.02062e-05
4.01852e-05
4.01635e-05
4.01466e-05
4.01312e-05
4.01176e-05
4.01058e-05
4.00955e-05
4.00866e-05
4.0079e-05
4.00726e-05
4.00673e-05
4.00628e-05
4.00591e-05
4.0056e-05
4.00535e-05
4.00514e-05
4.00497e-05
4.00483e-05
4.00471e-05
4.00461e-05
4.00452e-05
4.00445e-05
4.00438e-05
4.00432e-05
4.00425e-05
4.00419e-05
4.00412e-05
4.00405e-05
4.00397e-05
4.00388e-05
4.00377e-05
4.00365e-05
4.00352e-05
4.00336e-05
4.0032e-05
4.00302e-05
4.00284e-05
4.00266e-05
4.00248e-05
4.0023e-05
4.00213e-05
4.00194e-05
4.00171e-05
4.00145e-05
4.00114e-05
4.0008e-05
4.0005e-05
4.00035e-05
4.00042e-05
4.00061e-05
4.00083e-05
4.00114e-05
4.00152e-05
4.00198e-05
4.00251e-05
4.00305e-05
4.0035e-05
4.00391e-05
4.00429e-05
4.00461e-05
4.00481e-05
4.00487e-05
4.00497e-05
4.00533e-05
4.00695e-05
4.00786e-05
4.00547e-05
4.00408e-05
0
4.34529e-06
0.00108129
0.00438818
0.0161421
0.0344285
0.0557148
0.0771145
0.0971942
0.115249
0.130773
0.143323
0.152575
0.158468
0.161374
0.162241
0.162146
0.159305
0.150731
0.133438
0.105601
0.0690924
0.0325443
0.00900817
0.000464118
0.000114232
0
0
6.42054e-06
2.63286e-05
4.3762e-05
4.35939e-05
4.00992e-05
3.932e-05
3.98039e-05
4.0092e-05
4.01053e-05
4.00725e-05
4.00633e-05
4.00643e-05
4.00648e-05
4.00641e-05
4.00634e-05
4.00627e-05
4.00622e-05
4.00617e-05
4.00613e-05
4.00609e-05
4.00606e-05
4.00602e-05
4.00599e-05
4.00595e-05
4.0059e-05
4.00585e-05
4.00578e-05
4.00572e-05
4.00564e-05
4.00555e-05
4.00545e-05
4.00531e-05
4.00513e-05
4.00489e-05
4.00458e-05
4.00422e-05
4.00386e-05
4.00347e-05
4.00312e-05
4.00284e-05
4.00252e-05
4.00203e-05
4.00155e-05
4.00101e-05
4.00062e-05
4.00051e-05
4.0007e-05
4.00125e-05
4.00189e-05
4.0018e-05
4.00503e-05
4.00415e-05
0
3.63574e-06
1.48548e-05
3.84333e-05
4.36926e-05
4.06875e-05
3.99195e-05
4.02586e-05
4.03079e-05
4.02236e-05
4.02038e-05
4.01919e-05
4.01694e-05
4.01519e-05
4.01371e-05
4.01234e-05
4.01114e-05
4.01009e-05
4.00917e-05
4.00839e-05
4.00771e-05
4.00714e-05
4.00666e-05
4.00626e-05
4.00593e-05
4.00565e-05
4.00542e-05
4.00523e-05
4.00507e-05
4.00494e-05
4.00483e-05
4.00474e-05
4.00466e-05
4.00458e-05
4.00452e-05
4.00445e-05
4.00439e-05
4.00432e-05
4.00425e-05
4.00418e-05
4.00409e-05
4.00399e-05
4.00388e-05
4.00375e-05
4.00361e-05
4.00345e-05
4.00328e-05
4.00309e-05
4.00291e-05
4.00272e-05
4.00254e-05
4.00236e-05
4.00218e-05
4.00198e-05
4.00174e-05
4.00146e-05
4.00113e-05
4.00079e-05
4.00049e-05
4.00035e-05
4.00045e-05
4.00065e-05
4.00088e-05
4.0012e-05
4.00161e-05
4.00208e-05
4.00263e-05
4.00319e-05
4.00364e-05
4.00406e-05
4.00445e-05
4.00477e-05
4.00495e-05
4.00501e-05
4.00511e-05
4.00555e-05
4.00724e-05
4.00807e-05
4.00552e-05
4.00417e-05
2.3582e-08
0
0
0.000477682
0.00193022
0.0102948
0.0267771
0.0484694
0.0715819
0.0936961
0.113616
0.130678
0.144402
0.15445
0.160744
0.16366
0.164208
0.163645
0.160596
0.151935
0.134403
0.105974
0.0683798
0.0305628
0.00396407
0.00119421
7.44191e-05
1.38217e-05
0
2.84733e-06
1.08851e-05
3.94431e-05
4.54712e-05
4.21995e-05
4.00557e-05
3.98111e-05
4.00008e-05
4.00762e-05
4.00749e-05
4.00678e-05
4.00662e-05
4.00658e-05
4.00652e-05
4.00646e-05
4.0064e-05
4.00635e-05
4.0063e-05
4.00626e-05
4.00622e-05
4.00619e-05
4.00615e-05
4.00611e-05
4.00606e-05
4.00601e-05
4.00595e-05
4.00588e-05
4.0058e-05
4.00571e-05
4.0056e-05
4.00546e-05
4.00528e-05
4.00503e-05
4.00472e-05
4.00435e-05
4.00397e-05
4.00357e-05
4.00321e-05
4.00293e-05
4.00261e-05
4.00211e-05
4.00161e-05
4.00105e-05
4.00064e-05
4.00051e-05
4.00071e-05
4.00125e-05
4.00194e-05
4.00178e-05
4.00521e-05
4.00429e-05
5.48352e-06
2.24092e-05
3.91201e-05
4.33976e-05
4.09599e-05
3.99262e-05
4.02269e-05
4.0314e-05
4.02361e-05
4.02024e-05
4.01949e-05
4.01757e-05
4.01567e-05
4.01422e-05
4.01288e-05
4.01167e-05
4.0106e-05
4.00967e-05
4.00885e-05
4.00815e-05
4.00754e-05
4.00703e-05
4.0066e-05
4.00624e-05
4.00594e-05
4.00569e-05
4.00548e-05
4.0053e-05
4.00516e-05
4.00503e-05
4.00493e-05
4.00484e-05
4.00477e-05
4.0047e-05
4.00463e-05
4.00457e-05
4.0045e-05
4.00444e-05
4.00436e-05
4.00428e-05
4.00419e-05
4.00409e-05
4.00397e-05
4.00384e-05
4.00369e-05
4.00352e-05
4.00334e-05
4.00315e-05
4.00296e-05
4.00277e-05
4.00259e-05
4.0024e-05
4.00222e-05
4.00201e-05
4.00176e-05
4.00147e-05
4.00113e-05
4.00077e-05
4.00047e-05
4.00035e-05
4.00047e-05
4.00068e-05
4.00093e-05
4.00126e-05
4.00168e-05
4.00216e-05
4.00273e-05
4.00331e-05
4.00377e-05
4.00419e-05
4.00458e-05
4.0049e-05
4.00507e-05
4.00512e-05
4.00523e-05
4.00572e-05
4.00752e-05
4.00819e-05
4.00557e-05
4.00429e-05
9.18651e-06
2.33338e-06
0
0
1.33605e-05
3.00767e-05
0.00338767
0.0126401
0.0284935
0.0486547
0.070448
0.0918396
0.111494
0.128491
0.142172
0.152154
0.158483
0.161783
0.16263
0.16147
0.155894
0.142789
0.119661
0.0870993
0.0506203
0.022454
0.00732181
0.00129047
0.000316743
0
4.09941e-07
1.18137e-06
2.75304e-05
3.95165e-05
4.11199e-05
4.04095e-05
4.00618e-05
4.00421e-05
4.00669e-05
4.00727e-05
4.00714e-05
4.00702e-05
4.00694e-05
4.00687e-05
4.00681e-05
4.00675e-05
4.00669e-05
4.00665e-05
4.0066e-05
4.00657e-05
4.00652e-05
4.00648e-05
4.00643e-05
4.00637e-05
4.00631e-05
4.00623e-05
4.00615e-05
4.00605e-05
4.00594e-05
4.0058e-05
4.00561e-05
4.00536e-05
4.00503e-05
4.00464e-05
4.00424e-05
4.00381e-05
4.00342e-05
4.00312e-05
4.0028e-05
4.00228e-05
4.00175e-05
4.00114e-05
4.00071e-05
4.00054e-05
4.0007e-05
4.0013e-05
4.00196e-05
4.00185e-05
4.00543e-05
4.00461e-05
3.45592e-05
4.13743e-05
4.26614e-05
4.07666e-05
3.99927e-05
4.02005e-05
4.02871e-05
4.02215e-05
4.01895e-05
4.01823e-05
4.01683e-05
4.01514e-05
4.01382e-05
4.01267e-05
4.01158e-05
4.01062e-05
4.00977e-05
4.00902e-05
4.00837e-05
4.00781e-05
4.00732e-05
4.00691e-05
4.00656e-05
4.00626e-05
4.00601e-05
4.0058e-05
4.00563e-05
4.00548e-05
4.00535e-05
4.00525e-05
4.00516e-05
4.00508e-05
4.00501e-05
4.00494e-05
4.00488e-05
4.00481e-05
4.00474e-05
4.00467e-05
4.00459e-05
4.0045e-05
4.0044e-05
4.00429e-05
4.00416e-05
4.00401e-05
4.00385e-05
4.00367e-05
4.00347e-05
4.00328e-05
4.00308e-05
4.00288e-05
4.00269e-05
4.0025e-05
4.0023e-05
4.00207e-05
4.0018e-05
4.00148e-05
4.00111e-05
4.00074e-05
4.00045e-05
4.00037e-05
4.00053e-05
4.00075e-05
4.00102e-05
4.00139e-05
4.00184e-05
4.00236e-05
4.00296e-05
4.00356e-05
4.00404e-05
4.00447e-05
4.00486e-05
4.00517e-05
4.00532e-05
4.00537e-05
4.00547e-05
4.00616e-05
4.008e-05
4.00855e-05
4.00573e-05
4.00439e-05
)
;

boundaryField
{
    inlet
    {
        type            freestream;
        freestreamValue uniform 4e-05;
        value           nonuniform List<scalar> 
134
(
4e-05
4e-05
4e-05
4e-05
4e-05
4e-05
4e-05
4e-05
4e-05
4e-05
4.00015e-05
4.00031e-05
4.00049e-05
4.00066e-05
4.00083e-05
4.00099e-05
4.00114e-05
4.00129e-05
4.00144e-05
4.00158e-05
4e-05
4.00171e-05
4.00183e-05
4.00194e-05
4.00204e-05
4.00212e-05
4.00219e-05
4.00224e-05
4.00231e-05
4.00236e-05
4e-05
4.00235e-05
4.00237e-05
4.00239e-05
4.0024e-05
4.0024e-05
4.00241e-05
4.00241e-05
4.00243e-05
4.00246e-05
4e-05
4e-05
4e-05
4e-05
4e-05
4e-05
4e-05
4.00247e-05
4.00248e-05
4.00249e-05
4.0025e-05
4.00252e-05
4.00254e-05
4.00256e-05
4.00259e-05
4.00262e-05
4.00266e-05
4.0027e-05
4.00275e-05
4.0028e-05
4.00286e-05
4.00292e-05
4.00299e-05
4.00307e-05
4.00315e-05
4.00325e-05
4.00335e-05
4.00346e-05
4.00358e-05
4.00371e-05
4.00385e-05
4.00399e-05
4.00415e-05
4.00429e-05
4.00461e-05
4e-05
4e-05
4e-05
4e-05
4e-05
4e-05
4e-05
4e-05
4e-05
4e-05
4e-05
4e-05
4e-05
4e-05
4e-05
4e-05
4e-05
4e-05
4e-05
4e-05
4e-05
4e-05
4e-05
4e-05
4e-05
4e-05
4e-05
4e-05
4e-05
4e-05
4e-05
4e-05
4e-05
4e-05
4e-05
4e-05
4e-05
4e-05
4e-05
4e-05
4e-05
4e-05
4e-05
4e-05
4e-05
4e-05
4e-05
4e-05
4e-05
4e-05
4e-05
4e-05
4e-05
4e-05
4e-05
4e-05
4e-05
4e-05
4e-05
)
;
    }
    outlet
    {
        type            freestream;
        freestreamValue uniform 4e-05;
        value           nonuniform List<scalar> 
160
(
9.18651e-06
3.45592e-05
2.33338e-06
4.13743e-05
0
4.26614e-05
0
4.07666e-05
1.33605e-05
3.99927e-05
3.00767e-05
4.02005e-05
0.00338767
4.02871e-05
0.0126401
4.02215e-05
0.0284935
4.01895e-05
0.0486547
4.01823e-05
0.070448
4.01683e-05
0.0918396
4.01514e-05
0.111494
4.01382e-05
0.128491
4.01267e-05
0.142172
4.01158e-05
0.152154
4.01062e-05
0.158483
4.00977e-05
0.161783
4.00902e-05
0.16263
4.00837e-05
0.16147
4.00781e-05
0.155894
4.00732e-05
0.142789
4.00691e-05
0.119661
4.00656e-05
0.0870993
4.00626e-05
0.0506203
4.00601e-05
0.022454
4.0058e-05
0.00732181
4.00563e-05
0.00129047
4.00548e-05
0.000316743
4.00535e-05
0
4.00525e-05
4.09941e-07
4.00516e-05
1.18137e-06
4.00508e-05
2.75304e-05
4.00501e-05
3.95165e-05
4.00494e-05
4.11199e-05
4.00488e-05
4.04095e-05
4.00481e-05
4.00618e-05
4.00474e-05
4.00421e-05
4.00467e-05
4.00669e-05
4.00459e-05
4.00727e-05
4.0045e-05
4.00714e-05
4.0044e-05
4.00702e-05
4.00429e-05
4.00694e-05
4.00416e-05
4.00687e-05
4.00401e-05
4.00681e-05
4.00385e-05
4.00675e-05
4.00367e-05
4.00669e-05
4.00347e-05
4.00665e-05
4.00328e-05
4.0066e-05
4.00308e-05
4.00657e-05
4.00288e-05
4.00652e-05
4.00269e-05
4.00648e-05
4.0025e-05
4.00643e-05
4.0023e-05
4.00637e-05
4.00207e-05
4.00631e-05
4.0018e-05
4.00623e-05
4.00148e-05
4.00615e-05
4.00111e-05
4.00605e-05
4.00074e-05
4.00594e-05
4.00045e-05
4.0058e-05
4.00037e-05
4.00561e-05
4.00053e-05
4.00536e-05
4.00075e-05
4.00503e-05
4.00102e-05
4.00464e-05
4.00139e-05
4.00424e-05
4.00184e-05
4.00381e-05
4.00236e-05
4.00342e-05
4.00296e-05
4.00312e-05
4.00356e-05
4.0028e-05
4.00404e-05
4.00228e-05
4.00447e-05
4.00175e-05
4.00486e-05
4.00114e-05
4.00517e-05
4.00071e-05
4.00532e-05
4.00054e-05
4.00537e-05
4.0007e-05
4.00547e-05
4.0013e-05
4.00616e-05
4.00196e-05
4.008e-05
4.00185e-05
4.00855e-05
4.00543e-05
4.00573e-05
4.00461e-05
4.00439e-05
)
;
    }
    walls
    {
        type            fixedValue;
        value           uniform 0;
    }
    frontAndBack
    {
        type            empty;
    }
}


// ************************************************************************* //
