/*--------------------------------*- C++ -*----------------------------------*\
| =========                 |                                                 |
| \\      /  F ield         | OpenFOAM: The Open Source CFD Toolbox           |
|  \\    /   O peration     | Version:  2412                                  |
|   \\  /    A nd           | Website:  www.openfoam.com                      |
|    \\/     M anipulation  |                                                 |
\*---------------------------------------------------------------------------*/
FoamFile
{
    version     2.0;
    format      ascii;
    arch        "LSB;label=32;scalar=64";
    class       volVectorField;
    location    "50";
    object      U;
}
// * * * * * * * * * * * * * * * * * * * * * * * * * * * * * * * * * * * * * //

dimensions      [0 1 -1 0 0 0 0];

internalField   nonuniform List<vector> 
10720
(
(-0.55064 29.3138 1.6462e-17)
(1.24324 31.3121 -1.53932e-17)
(3.42018 33.1717 0)
(5.85046 34.4813 -3.7832e-16)
(8.44491 35.3357 4.20296e-16)
(11.1108 35.7076 2.87954e-16)
(13.6657 35.5126 4.03357e-16)
(15.964 34.8023 0)
(17.8394 33.4371 0)
(19.1642 31.4135 0)
(19.8002 28.722 1.06154e-16)
(19.53 25.3136 0)
(18.0775 21.1331 1.97472e-15)
(15.1437 16.1357 0)
(10.5946 10.3579 0)
(4.68142 4.03287 0)
(-0.755814 -1.20651 -1.71635e-14)
(-0.264162 -1.57277 -3.25119e-14)
(-0.713104 -0.695911 2.63933e-14)
(-1.35599 -0.217497 0)
(-3.90557 -0.429902 1.69319e-14)
(-5.63307 -0.597991 -3.34106e-14)
(-5.43392 -0.554931 1.63484e-14)
(-5.5904 -0.286747 -3.58666e-16)
(-10.0158 0.152985 0)
(-17.6075 0.45736 2.88086e-15)
(-23.7422 0.683565 4.06269e-17)
(-25.8202 0.928944 -1.34664e-15)
(-23.5347 1.01818 -4.42507e-15)
(-18.8907 0.926409 -1.31108e-14)
(-13.3281 0.732468 4.67019e-15)
(-8.25062 0.479309 6.96036e-15)
(-4.25272 0.208392 5.02809e-15)
(-1.44755 0.000686807 1.66824e-14)
(-0.0383286 -0.118253 -4.97019e-15)
(3.84788 -0.976565 -1.25758e-17)
(8.84498 -2.09137 -1.01497e-17)
(13.3429 -2.91354 -3.27142e-15)
(18.4892 -4.58188 4.05734e-15)
(-2.01942 27.1139 1.39373e-18)
(-3.2715 24.5706 -7.23597e-18)
(-4.23057 21.6465 4.16621e-17)
(-4.76129 18.1628 -1.34661e-16)
(-4.70215 14.5127 -4.29168e-16)
(-4.0014 10.7985 7.62848e-16)
(-2.66741 7.25756 3.64855e-15)
(-0.84177 4.18347 2.18555e-15)
(1.18572 1.76879 0)
(3.26138 -0.271969 0)
(5.52567 -1.99316 3.34204e-15)
(7.78133 -3.23673 1.15411e-15)
(9.81336 -4.015 -1.84009e-15)
(11.5859 -4.45938 1.48999e-15)
(13.1507 -4.69405 2.44532e-15)
(14.5552 -4.79071 1.567e-15)
(15.8271 -4.79614 2.00711e-15)
(16.9917 -4.73937 1.33495e-15)
(18.0766 -4.64122 0)
(19.1023 -4.50688 0)
(20.0873 -4.34022 -1.87247e-15)
(21.0455 -4.1342 -8.79501e-17)
(21.9828 -3.87527 1.30185e-15)
(22.872 -3.53491 -9.22599e-16)
(23.6453 -3.11151 2.65711e-17)
(24.2806 -2.64203 0)
(24.8023 -2.17272 1.37785e-16)
(25.242 -1.69343 0)
(25.6261 -1.12721 0)
(25.9613 -0.465324 -5.17033e-17)
(26.252 0.22867 0)
(26.5012 0.900366 5.83108e-16)
(26.7123 1.52762 1.37368e-15)
(26.8819 2.10697 8.17845e-15)
(27.0388 2.64674 -3.63527e-15)
(27.2195 3.15875 1.48328e-17)
(27.3211 3.65521 0)
(28.2827 4.20465 -9.45442e-15)
(25.4939 5.0638 -1.13414e-14)
(6.76271 25.512 -7.44711e-18)
(8.69627 27.0126 3.78537e-19)
(11.0048 28.299 0)
(13.6182 29.2753 0)
(16.3654 29.8981 -1.18855e-16)
(19.2423 30.1171 -2.76191e-16)
(22.131 29.9026 0)
(24.8752 29.3293 0)
(27.449 28.6447 5.15205e-16)
(29.7415 27.8968 0)
(31.6013 27.1478 1.6779e-15)
(32.898 26.438 0)
(33.4387 25.7112 4.82355e-16)
(32.9023 24.7297 -4.73624e-16)
(30.781 22.9216 9.46132e-16)
(26.5341 19.3931 -2.18906e-15)
(19.8072 13.6959 3.03253e-15)
(12.3404 7.30734 4.8975e-15)
(3.52074 1.03554 1.06924e-14)
(-0.388391 -0.062867 8.58723e-16)
(-4.17108 -0.210446 -1.02639e-14)
(-6.69597 -0.53871 9.60968e-15)
(-7.84261 -0.494832 -4.89254e-16)
(-9.29646 0.0140749 0)
(-13.6164 0.7778 0)
(-18.9962 0.926706 0)
(-22.005 0.675692 2.25988e-16)
(-22.446 0.526427 -5.37452e-17)
(-20.4293 0.318049 3.00556e-15)
(-15.8445 0.0290716 -1.92947e-17)
(-10.4366 -0.148075 1.47433e-17)
(-5.55374 -0.23339 7.18526e-19)
(-1.7476 -0.365741 2.44988e-15)
(0.79613 -0.476132 -3.03357e-15)
(2.53455 -0.710019 -7.10466e-18)
(6.69194 -1.746 -5.94323e-17)
(11.5554 -2.88496 0)
(16.5475 -3.98055 9.47548e-16)
(21.784 -4.43389 8.09122e-16)
(5.08437 23.8717 9.77978e-18)
(3.58677 22.0053 -4.45903e-17)
(2.20116 19.7777 -5.34977e-16)
(1.08075 17.1878 6.32561e-16)
(0.39479 14.3121 0)
(0.236883 11.2704 -1.37719e-15)
(0.660283 8.22859 -9.8933e-16)
(1.63918 5.43788 -8.461e-15)
(3.03893 3.06931 3.64097e-15)
(4.68577 1.00472 -3.01604e-15)
(6.5375 -0.659326 3.48167e-15)
(8.45059 -1.81194 -9.47309e-16)
(10.2701 -2.5369 0)
(11.9378 -2.97631 -6.21475e-16)
(13.4615 -3.2355 5.3471e-17)
(14.8634 -3.36691 -1.38266e-15)
(16.1568 -3.40922 0)
(17.3586 -3.38674 0)
(18.4885 -3.31845 -1.43478e-16)
(19.5674 -3.20505 1.36807e-16)
(20.6104 -3.04762 -1.63707e-15)
(21.6316 -2.83242 -1.78945e-16)
(22.6364 -2.53788 7.88945e-17)
(23.6051 -2.12095 8.90923e-16)
(24.4859 -1.58365 -6.43988e-16)
(25.2496 -0.990146 -4.50647e-16)
(25.9076 -0.367224 0)
(26.4619 0.256748 0)
(26.9074 0.831112 0)
(27.2514 1.33005 9.83854e-18)
(27.5104 1.76585 0)
(27.707 2.1705 0)
(27.8645 2.57172 -2.37759e-15)
(27.9945 2.9789 -2.82235e-15)
(28.1316 3.39417 3.13035e-15)
(28.3057 3.81581 -3.35669e-15)
(28.4464 4.26913 7.2486e-15)
(29.3282 4.75115 7.86141e-15)
(27.0943 5.7139 8.53892e-15)
(7.15567 23.5386 -1.68863e-18)
(8.47237 24.8756 4.02738e-18)
(10.0448 26.1384 -4.16372e-18)
(11.8146 27.2659 -2.74831e-17)
(13.7149 28.1438 -1.4205e-16)
(15.7313 28.7489 4.98307e-16)
(17.7785 29.055 -3.53692e-16)
(19.7754 29.0251 -3.96197e-16)
(21.6424 28.6618 -9.17388e-18)
(23.3336 28.0154 -5.2632e-16)
(24.9506 27.1504 4.16722e-16)
(26.5518 26.2223 -1.05775e-15)
(28.191 25.4588 -4.42598e-16)
(29.9228 25.0897 0)
(31.6259 25.0958 -8.40201e-16)
(32.7133 24.7548 1.64887e-15)
(31.7361 22.6419 0)
(27.3809 18.1325 -3.98708e-15)
(18.8179 11.3074 -2.73125e-15)
(7.78653 4.30427 5.79911e-16)
(-0.697812 0.949798 -8.23157e-16)
(-4.7876 0.133204 -4.28816e-16)
(-7.00763 -0.0116235 -5.39221e-15)
(-8.20544 0.741614 1.98656e-15)
(-10.9912 1.70593 0)
(-14.4657 1.62605 1.28846e-15)
(-17.3363 0.945042 -1.75478e-16)
(-18.6499 0.431192 0)
(-16.8549 -0.213497 2.25594e-15)
(-12.5692 -0.797335 3.13357e-15)
(-7.52955 -0.993661 -4.11319e-15)
(-2.99963 -0.932555 -2.59377e-15)
(0.550538 -0.920095 -2.26934e-17)
(2.94006 -0.982982 -1.88868e-15)
(4.86537 -1.31295 -1.13045e-15)
(9.00776 -2.45667 4.66885e-17)
(13.7984 -3.63746 0)
(19.1661 -4.617 7.42198e-16)
(23.3246 -5.38258 -5.83471e-16)
(6.05629 22.097 -1.59769e-17)
(5.06904 20.4848 -5.70432e-17)
(4.21281 18.5478 2.15468e-16)
(3.48698 16.3438 0)
(3.04506 13.9392 4.19563e-16)
(2.93708 11.3877 0)
(3.20941 8.79371 2.95456e-15)
(3.86175 6.33524 2.07083e-15)
(4.84342 4.14013 2.392e-15)
(6.10103 2.20229 0)
(7.57338 0.593769 -3.39646e-15)
(9.13781 -0.638196 -7.1659e-16)
(10.6857 -1.54444 3.16841e-15)
(12.1582 -2.20391 0)
(13.5417 -2.67557 -1.46398e-15)
(14.8411 -2.99822 -4.38502e-16)
(16.0617 -3.20392 1.82483e-15)
(17.2118 -3.31739 9.47361e-16)
(18.3047 -3.35756 2.62761e-16)
(19.3555 -3.33248 -1.39826e-16)
(20.3763 -3.24737 1.49e-15)
(21.3769 -3.09661 0)
(22.3603 -2.8652 0)
(23.3095 -2.52824 2.48976e-17)
(24.182 -2.09596 0)
(24.9511 -1.617 9.15749e-16)
(25.6245 -1.11893 -1.16019e-17)
(26.2165 -0.616098 -4.24288e-17)
(26.7386 -0.111312 0)
(27.1979 0.403876 3.7923e-17)
(27.6005 0.935217 -1.5352e-16)
(27.9535 1.48411 0)
(28.2651 2.04647 1.25888e-15)
(28.5351 2.61133 0)
(28.7912 3.16937 0)
(29.0585 3.71148 5.91075e-17)
(29.2785 4.26837 -1.30231e-16)
(30.0974 4.8081 -8.69091e-15)
(28.326 5.82309 -1.91741e-14)
(9.74443 21.6002 -1.40034e-17)
(10.9763 22.7402 -1.46489e-17)
(12.4249 23.8157 9.78322e-18)
(14.0641 24.7593 8.38993e-18)
(15.8378 25.488 0)
(17.7389 25.9807 0)
(19.7037 26.2049 -5.25467e-16)
(21.6622 26.1412 6.65591e-16)
(23.5466 25.8065 0)
(25.3104 25.2377 -7.85649e-16)
(26.8289 24.5197 -9.72944e-16)
(28.0202 23.7427 -8.46769e-16)
(28.9001 23.0088 9.28504e-16)
(29.6147 22.4785 8.16392e-16)
(30.4957 22.3868 0)
(31.9356 22.8092 1.08182e-15)
(33.6192 23.1138 3.52469e-16)
(33.962 22.349 2.88292e-15)
(30.9797 19.3497 1.96975e-16)
(22.5049 13.2108 -2.41192e-16)
(10.2039 6.12595 3.3201e-15)
(0.308225 1.68309 -8.67222e-16)
(-4.06733 0.761109 5.46307e-15)
(-5.33514 1.51112 1.76691e-15)
(-6.77922 2.57146 -8.24487e-17)
(-9.48508 2.35447 -1.04046e-15)
(-12.8712 1.33541 9.27334e-18)
(-14.6768 0.37696 -9.62554e-18)
(-13.0394 -0.747326 -1.88715e-15)
(-9.04315 -1.62403 -3.28029e-17)
(-4.40891 -1.85541 1.80694e-15)
(-0.274037 -1.66663 -2.25392e-15)
(2.96829 -1.50752 -1.2075e-15)
(5.22024 -1.53001 -3.3597e-17)
(7.18597 -1.93576 9.00197e-16)
(11.1004 -3.12905 0)
(15.6134 -4.31106 -1.01166e-15)
(20.8664 -5.14888 -6.55866e-16)
(23.6817 -5.94328 -1.13656e-17)
(8.6842 20.3863 -2.96159e-17)
(7.70973 19.0421 8.17833e-17)
(6.82775 17.4291 3.43239e-16)
(6.0609 15.5723 0)
(5.53617 13.531 -3.77652e-16)
(5.29354 11.3424 0)
(5.37213 9.08696 -2.42974e-15)
(5.77878 6.91622 -1.18472e-16)
(6.4765 4.92122 1.69576e-15)
(7.43101 3.11496 1.48308e-15)
(8.59206 1.56853 4.94881e-17)
(9.86937 0.322549 2.40519e-15)
(11.1873 -0.642331 -1.57578e-15)
(12.4919 -1.37057 4.90909e-16)
(13.7563 -1.90467 1.6888e-15)
(14.9723 -2.28138 1.86623e-15)
(16.1364 -2.53082 -1.67826e-15)
(17.2491 -2.67849 2.89152e-18)
(18.317 -2.74465 0)
(19.3499 -2.74068 1.76223e-15)
(20.356 -2.67182 8.74394e-17)
(21.3419 -2.5341 -1.338e-15)
(22.3083 -2.3152 0)
(23.2407 -1.99532 2.44206e-17)
(24.1039 -1.57796 0)
(24.8725 -1.10112 -4.31767e-16)
(25.5497 -0.59272 0)
(26.1469 -0.0694813 4.01332e-17)
(26.6733 0.457174 -4.9278e-19)
(27.136 0.980541 4.42413e-20)
(27.5433 1.49341 1.42808e-16)
(27.9067 1.99676 5.55568e-18)
(28.2389 2.49603 0)
(28.5429 2.99189 -1.389e-15)
(28.8473 3.48366 -2.37248e-17)
(29.1739 3.9677 3.70688e-15)
(29.467 4.4792 -1.62953e-14)
(30.272 4.98333 -3.34782e-17)
(28.881 5.92928 0)
(10.9955 20.2087 -2.07044e-17)
(11.9934 21.2335 -9.37397e-18)
(13.1786 22.2286 2.23399e-17)
(14.5128 23.1403 2.94383e-17)
(15.949 23.891 -2.24577e-17)
(17.4934 24.4753 -1.18086e-16)
(19.0924 24.8664 2.2523e-16)
(20.6903 25.044 0)
(22.2458 25.0155 8.91466e-16)
(23.7034 24.7985 4.26381e-16)
(25.0305 24.414 0)
(26.2526 23.8613 8.39871e-16)
(27.3515 23.1861 -4.06407e-16)
(28.3159 22.4624 1.07923e-15)
(29.2013 21.7951 0)
(30.2379 21.3726 -1.4947e-15)
(31.7778 21.359 1.35488e-15)
(33.6719 21.721 -6.07873e-17)
(34.9199 21.6708 0)
(32.8619 19.3767 1.47347e-15)
(25.0136 13.8073 -1.84165e-15)
(13.0819 6.98395 -1.46067e-16)
(2.68105 2.55152 -3.35961e-15)
(-1.38367 2.26183 -3.20598e-15)
(-2.13358 3.3282 0)
(-4.29878 3.1194 0)
(-8.0717 1.823 -2.73852e-16)
(-10.2361 0.347191 -3.33967e-17)
(-8.73295 -1.29602 1.78485e-15)
(-5.0301 -2.46615 -3.04841e-17)
(-0.853442 -2.72938 3.43888e-17)
(2.76587 -2.42291 1.90197e-15)
(5.60241 -2.12523 0)
(7.64678 -2.09875 2.63345e-15)
(9.47084 -2.53583 -8.46766e-18)
(12.9879 -3.73592 0)
(17.0045 -4.88845 1.34492e-17)
(21.8041 -5.52774 0)
(23.4172 -6.21109 8.03304e-16)
(10.1362 19.1261 3.30946e-17)
(9.34645 17.9428 -1.91018e-16)
(8.61616 16.5255 -3.66299e-17)
(7.95584 14.9024 8.10916e-16)
(7.47798 13.1283 -1.25889e-15)
(7.21195 11.2191 -1.61528e-15)
(7.19541 9.23471 2.01542e-15)
(7.44546 7.30254 -2.53572e-15)
(7.94402 5.4923 -1.25837e-15)
(8.67393 3.82716 -1.10734e-15)
(9.59358 2.36888 2.09643e-15)
(10.6385 1.15017 -2.00092e-15)
(11.7542 0.162563 -8.82617e-16)
(12.8951 -0.620364 8.48284e-16)
(14.0309 -1.22568 -1.86778e-15)
(15.1471 -1.68214 3.3676e-16)
(16.2351 -2.01313 0)
(17.2906 -2.23924 -1.3215e-15)
(18.3152 -2.37713 4.68353e-16)
(19.314 -2.43751 -1.83343e-15)
(20.2923 -2.42462 0)
(21.2535 -2.33611 1.1577e-15)
(22.1966 -2.16355 9.08882e-16)
(23.1085 -1.89517 -7.01346e-16)
(23.9598 -1.53527 0)
(24.7264 -1.11526 -4.46021e-16)
(25.4078 -0.662274 0)
(26.0125 -0.191909 0)
(26.548 0.286564 0)
(27.0199 0.77014 -1.22522e-17)
(27.4355 1.25658 0)
(27.805 1.74957 0)
(28.1414 2.25361 1.04928e-15)
(28.4484 2.76626 1.35001e-15)
(28.7555 3.28252 0)
(29.0836 3.79556 3.50853e-15)
(29.3909 4.34522 1.11676e-16)
(30.1332 4.87845 0)
(28.9771 5.77623 1.0437e-14)
(12.3814 18.9877 2.8068e-17)
(13.2769 19.9031 -2.05593e-17)
(14.3368 20.8001 0)
(15.528 21.6267 5.041e-18)
(16.8073 22.3151 -2.75464e-17)
(18.1917 22.8642 1.11561e-16)
(19.6369 23.2463 3.98311e-17)
(21.1003 23.442 -5.14778e-16)
(22.5534 23.4503 -9.08587e-17)
(23.9544 23.2788 8.35699e-16)
(25.2753 22.9454 -3.07748e-16)
(26.463 22.5111 6.59139e-16)
(27.487 22.0389 3.1253e-16)
(28.3603 21.5737 2.27764e-16)
(29.1274 21.1268 0)
(29.8641 20.6834 -3.47593e-16)
(30.7374 20.286 -6.97961e-16)
(32.0181 20.2041 -2.52289e-15)
(33.9704 20.6541 7.19795e-16)
(35.6857 20.7588 -8.71556e-16)
(34.3361 18.5614 -1.46428e-16)
(27.6441 13.5105 0)
(16.5357 7.51337 1.79297e-15)
(6.50196 4.07053 1.45393e-16)
(2.99802 4.01768 -7.42181e-17)
(1.18032 3.86853 -9.4239e-16)
(-2.7148 2.38271 2.39134e-16)
(-5.21464 0.36286 5.88208e-16)
(-3.85097 -1.83229 -1.70466e-15)
(-0.469339 -3.28779 -5.7911e-17)
(3.1459 -3.5695 1.54289e-15)
(6.12655 -3.16536 1.69763e-15)
(8.44833 -2.7552 0)
(10.1787 -2.67554 2.67977e-17)
(11.6743 -3.10862 -7.64817e-16)
(14.6241 -4.26897 0)
(17.9881 -5.3558 1.70329e-15)
(22.1872 -5.75624 0)
(22.8887 -6.31952 -7.5255e-16)
(11.6034 18.0274 -3.24611e-17)
(10.8866 16.9859 8.21982e-17)
(10.214 15.7374 -1.93354e-16)
(9.59732 14.3051 0)
(9.13384 12.7411 5.46242e-16)
(8.84396 11.0524 2.70493e-15)
(8.7611 9.28645 0)
(8.90209 7.55182 -1.93222e-15)
(9.25877 5.90769 -1.89355e-15)
(9.82107 4.37873 1.86967e-15)
(10.5532 3.01394 -6.75167e-17)
(11.4094 1.84182 8.11803e-16)
(12.351 0.860164 3.10864e-17)
(13.3419 0.0546605 2.15546e-15)
(14.354 -0.589727 1.95003e-15)
(15.3707 -1.09332 -1.83404e-15)
(16.3809 -1.47356 2.61664e-16)
(17.3769 -1.74686 -4.86253e-16)
(18.3562 -1.92701 2.25175e-16)
(19.3197 -2.02386 1.32157e-15)
(20.2693 -2.04203 1.71631e-16)
(21.2058 -1.98138 -1.2662e-16)
(22.1265 -1.83648 -7.70366e-16)
(23.0189 -1.6 0)
(23.8577 -1.27496 3.15188e-17)
(24.6203 -0.885146 8.20034e-16)
(25.3031 -0.453758 -3.80566e-18)
(25.9116 0.00529895 3.76741e-18)
(26.4517 0.483077 0)
(26.9283 0.973827 1.14983e-17)
(27.3483 1.47057 0)
(27.7221 1.97031 0)
(28.0632 2.4722 -9.69434e-16)
(28.3765 2.97174 -1.20382e-15)
(28.6913 3.46516 0)
(29.0243 3.94998 -3.29698e-15)
(29.3502 4.46927 1.4776e-14)
(30.0227 4.98109 -6.05324e-17)
(29.1208 5.79008 -9.99296e-15)
(13.4584 17.982 1.99128e-18)
(14.2424 18.8156 -2.02199e-17)
(15.1724 19.6432 3.06621e-17)
(16.2141 20.4168 -3.0137e-17)
(17.3269 21.0752 2.2415e-17)
(18.5335 21.6246 0)
(19.7946 22.0418 -1.90535e-16)
(21.075 22.3092 1.64412e-17)
(22.3553 22.4273 -2.50343e-16)
(23.6013 22.4011 -5.07371e-16)
(24.783 22.2467 0)
(25.8878 21.9811 -1.23505e-15)
(26.913 21.6223 -9.84962e-16)
(27.8598 21.2093 -2.22948e-15)
(28.7435 20.784 0)
(29.5858 20.3579 -1.21333e-15)
(30.4013 19.889 -1.20213e-15)
(31.2466 19.4274 1.2363e-15)
(32.4884 19.3146 -1.17455e-15)
(34.5756 19.6762 1.06743e-15)
(36.495 19.3865 1.39875e-16)
(35.6747 17.1058 -1.28083e-15)
(29.9812 12.7924 0)
(19.7368 8.11502 -1.69161e-15)
(11.0219 5.62319 1.04936e-16)
(7.21226 4.66033 9.04017e-16)
(3.32622 2.94904 0)
(0.564943 0.391905 -3.23193e-17)
(1.69861 -2.36866 6.95641e-17)
(4.60962 -4.0667 2.05102e-15)
(7.49904 -4.34697 -1.30559e-15)
(9.73406 -3.85842 -1.59891e-15)
(11.449 -3.36679 9.7601e-16)
(12.755 -3.23441 1.90399e-17)
(13.7526 -3.63805 7.21903e-16)
(16.0031 -4.72099 4.8271e-17)
(18.6426 -5.71824 -7.98136e-16)
(22.1961 -5.87516 2.162e-18)
(22.3142 -6.34851 1.335e-18)
(12.7738 17.1125 1.42097e-17)
(12.1411 16.1777 1.617e-16)
(11.5379 15.0576 2.07172e-16)
(10.9742 13.774 -3.93255e-16)
(10.537 12.3766 -1.51736e-15)
(10.2412 10.8653 5.12142e-16)
(10.1183 9.27888 1.41256e-15)
(10.1855 7.71006 4.01076e-15)
(10.44 6.21171 1.59282e-15)
(10.8759 4.80831 -1.48279e-15)
(11.4629 3.53788 -5.04785e-17)
(12.1675 2.42483 -7.1796e-16)
(12.9622 1.46895 0)
(13.8195 0.662556 -3.37075e-17)
(14.7152 -0.00210952 -1.18124e-15)
(15.6337 -0.539018 5.21688e-16)
(16.5632 -0.960574 -5.08426e-16)
(17.4942 -1.27857 0)
(18.4215 -1.50345 7.84495e-16)
(19.3431 -1.64332 -1.38357e-15)
(20.2581 -1.70213 0)
(21.1649 -1.68019 1.02119e-15)
(22.0595 -1.57399 0)
(22.93 -1.37866 -3.91319e-17)
(23.7539 -1.09688 3.86657e-17)
(24.5098 -0.747097 -3.95107e-16)
(25.1917 -0.350098 -7.29962e-18)
(25.8028 0.0801491 -3.77576e-18)
(26.3475 0.532985 3.56174e-19)
(26.8302 1.00018 -3.3808e-18)
(27.2573 1.47266 7.36131e-17)
(27.6386 1.94637 -2.7946e-16)
(27.9875 2.42117 -1.13342e-17)
(28.3085 2.89638 3.75337e-17)
(28.6307 3.37145 0)
(28.9667 3.84983 -5.0846e-17)
(29.3058 4.37566 -6.75593e-15)
(29.9135 4.91112 8.80284e-18)
(29.2527 5.66186 -9.12016e-15)
(14.435 17.1085 5.72092e-18)
(15.1412 17.8707 3.44459e-17)
(15.979 18.6335 0)
(16.9156 19.3511 -2.39916e-17)
(17.9121 19.9682 -2.67754e-17)
(18.9944 20.4951 0)
(20.1287 20.9099 -5.29392e-17)
(21.286 21.1964 6.1507e-16)
(22.4539 21.354 -8.97039e-16)
(23.6056 21.3834 2.91938e-16)
(24.7195 21.2923 4.27109e-16)
(25.7829 21.0968 1.59267e-15)
(26.7748 20.8291 1.07723e-15)
(27.693 20.5197 1.19102e-15)
(28.5562 20.1916 2.96562e-16)
(29.3965 19.8544 9.04454e-16)
(30.2346 19.4833 1.16967e-15)
(31.043 19.036 1.0989e-15)
(31.8833 18.608 -7.93264e-16)
(33.2245 18.476 -2.3748e-15)
(35.3434 18.4205 0)
(37.1114 17.5915 4.31102e-17)
(36.5344 15.4754 1.09383e-15)
(31.4893 12.1415 1.31672e-15)
(22.3827 8.62535 -8.33552e-17)
(15.1857 6.03125 -7.76811e-16)
(10.2705 3.54881 6.9552e-18)
(7.24459 0.370965 -5.82431e-16)
(7.92482 -2.90836 4.97083e-17)
(10.1144 -4.80108 -3.77005e-15)
(12.0915 -5.05118 -2.30397e-17)
(13.4614 -4.47746 -3.52737e-17)
(14.488 -3.92428 -9.79422e-16)
(15.2793 -3.74116 1.74466e-17)
(15.6424 -4.09313 -7.1644e-16)
(17.1251 -5.0785 -8.23585e-17)
(19.0393 -5.99241 -7.24675e-16)
(21.9652 -5.92931 -3.32815e-16)
(21.8136 -6.33321 -1.69505e-15)
(13.8155 16.3171 -6.21263e-17)
(13.2424 15.4717 -2.21881e-16)
(12.69 14.4585 -1.58747e-16)
(12.1677 13.2972 -3.87698e-16)
(11.7533 12.036 8.59516e-16)
(11.4572 10.6703 -4.7536e-17)
(11.3085 9.23291 -3.61053e-15)
(11.3244 7.80484 -1.35474e-15)
(11.5049 6.43456 1.12745e-17)
(11.8447 5.14459 0)
(12.3188 3.9646 -1.24542e-15)
(12.9017 2.91554 1.17063e-15)
(13.5735 1.99726 -1.13138e-15)
(14.3136 1.20533 -5.78e-16)
(15.1027 0.536494 4.92185e-16)
(15.9275 -0.0185251 4.85533e-16)
(16.7768 -0.467528 1.76422e-15)
(17.6408 -0.81814 -4.18014e-16)
(18.513 -1.07764 -7.23809e-16)
(19.3893 -1.25209 0)
(20.2666 -1.34446 -1.11039e-15)
(21.1415 -1.35501 -8.37455e-16)
(22.0086 -1.28107 -1.61488e-17)
(22.8562 -1.11959 -9.04042e-17)
(23.6637 -0.873205 -2.92926e-17)
(24.4109 -0.556172 4.3868e-16)
(25.0899 -0.187391 -7.60005e-18)
(25.7019 0.219397 5.65687e-17)
(26.2498 0.652884 6.88198e-18)
(26.7374 1.10405 2.40601e-18)
(27.1702 1.56346 -1.19689e-17)
(27.5573 2.02649 5.35373e-16)
(27.9116 2.49283 7.28627e-16)
(28.2377 2.9628 1.01249e-15)
(28.5643 3.43624 3.72739e-17)
(28.901 3.9186 -1.99137e-17)
(29.2496 4.44975 6.23998e-15)
(29.7988 5.00069 6.89625e-15)
(29.3661 5.69969 8.48393e-15)
(15.2836 16.3501 -1.93826e-17)
(15.9217 17.0526 -1.39706e-17)
(16.6793 17.761 -6.96993e-17)
(17.5241 18.4324 2.07951e-16)
(18.4189 19.0151 -5.50582e-17)
(19.3912 19.5237 -2.63903e-17)
(20.4112 19.9386 2.18985e-16)
(21.4538 20.2446 0)
(22.5117 20.4424 2.69819e-16)
(23.5627 20.5312 7.08373e-18)
(24.59 20.5162 -3.57017e-16)
(25.583 20.4101 -1.46598e-15)
(26.5333 20.2255 -5.79934e-16)
(27.4395 19.98 0)
(28.3097 19.6934 0)
(29.1612 19.3806 0)
(30.0161 19.043 0)
(30.874 18.6601 -1.07066e-15)
(31.706 18.2163 1.0536e-15)
(32.6475 17.7941 1.03277e-15)
(34.0873 17.427 -8.52503e-16)
(35.9437 16.8257 7.77624e-16)
(37.3625 15.7788 -8.5268e-16)
(37.0134 14.1606 -6.44074e-17)
(32.408 11.5752 -3.94607e-17)
(25.0728 8.14907 7.19668e-16)
(18.7289 4.46974 1.94912e-16)
(14.9606 0.40227 0)
(14.8539 -3.41253 0)
(15.988 -5.46271 9.45799e-18)
(16.7953 -5.66048 0)
(17.1421 -4.9997 1.58043e-15)
(17.3968 -4.39311 -1.04617e-15)
(17.6091 -4.15556 -1.22973e-15)
(17.2649 -4.43882 1.41998e-15)
(17.9932 -5.33448 4.00713e-17)
(19.2514 -6.20046 6.92445e-16)
(21.591 -5.95267 5.85931e-16)
(21.4377 -6.29105 1.74774e-15)
(14.7218 15.6235 0)
(14.201 14.8516 6.3765e-17)
(13.694 13.9266 2.97957e-16)
(13.2093 12.8669 -1.28678e-15)
(12.8181 11.7187 1.10719e-15)
(12.5266 10.475 -9.05778e-16)
(12.3624 9.1623 2.94755e-18)
(12.3429 7.85458 1.01939e-15)
(12.4691 6.59747 1.06628e-15)
(12.7351 5.40931 0)
(13.121 4.31408 5.14725e-16)
(13.6061 3.33001 -1.56421e-15)
(14.1758 2.45619 2.49607e-15)
(14.8147 1.68937 4.59503e-16)
(15.5079 1.02837 -9.32386e-16)
(16.245 0.467215 -8.73194e-16)
(17.0164 0.001403 -8.07464e-16)
(17.8129 -0.373495 0)
(18.6279 -0.66174 0)
(19.4558 -0.867179 0)
(20.2922 -0.991439 1.03134e-15)
(21.1321 -1.03432 0)
(21.9692 -0.993472 -6.65339e-16)
(22.792 -0.867109 -8.53087e-17)
(23.5812 -0.657549 -5.07411e-16)
(24.3175 -0.376424 -3.83345e-16)
(24.9917 -0.0402984 0)
(25.603 0.337383 -4.59952e-17)
(26.1533 0.745505 -7.07148e-18)
(26.6453 1.17462 1.01634e-18)
(27.0837 1.61536 -9.64981e-17)
(27.4767 2.06255 -2.08153e-17)
(27.8365 2.51547 -6.96141e-16)
(28.1679 2.97529 8.74413e-16)
(28.499 3.4419 0)
(28.837 3.92357 4.32415e-17)
(29.1941 4.45545 -1.53437e-16)
(29.6941 5.01965 -6.4938e-15)
(29.467 5.66134 5.51566e-17)
(16.0431 15.6799 2.12615e-17)
(16.6257 16.3305 0)
(17.3178 16.9904 1.52773e-16)
(18.088 17.6189 -1.19983e-16)
(18.9007 18.168 1.94094e-17)
(19.7845 18.6548 2.47099e-17)
(20.7122 19.0609 -8.893e-17)
(21.6622 19.3727 -1.26671e-16)
(22.6308 19.5909 0)
(23.5998 19.7137 -2.92374e-16)
(24.5564 19.7438 -3.26274e-16)
(25.494 19.6892 3.34542e-16)
(26.404 19.5608 1.29396e-15)
(27.282 19.374 4.89752e-16)
(28.1331 19.1424 -1.38053e-15)
(28.9699 18.874 -9.38339e-16)
(29.8102 18.5699 6.9321e-16)
(30.6689 18.2257 4.8369e-16)
(31.5428 17.8283 -2.32337e-16)
(32.4379 17.362 2.46903e-16)
(33.4916 16.813 6.19551e-16)
(34.8338 16.0861 1.16372e-16)
(36.2407 15.1806 -1.26338e-16)
(37.6227 14.3352 -8.51548e-16)
(37.5163 13.0666 0)
(33.8483 10.1741 -5.80214e-16)
(28.1756 5.81352 -3.5386e-16)
(23.751 0.789111 -4.21961e-16)
(22.4347 -3.65273 -1.2926e-15)
(22.0818 -5.90307 3.58938e-15)
(21.4133 -6.08654 1.11174e-15)
(20.5706 -5.37292 5.75734e-17)
(19.9781 -4.73163 -1.91546e-17)
(19.5779 -4.4386 0)
(18.5246 -4.64545 -7.21519e-16)
(18.6184 -5.49478 0)
(19.3238 -6.35845 0)
(21.1328 -5.96528 -2.52059e-16)
(21.1941 -6.23632 -7.1234e-18)
(15.5283 15.0089 -6.98218e-17)
(15.051 14.2997 2.22793e-16)
(14.582 13.4498 9.26609e-18)
(14.1302 12.4761 2.86296e-16)
(13.7605 11.4235 -1.01492e-15)
(13.4764 10.2835 7.9133e-16)
(13.3036 9.07702 4.44774e-17)
(13.2594 7.87342 -8.4532e-16)
(13.3453 6.71581 -8.26801e-16)
(13.5548 5.61858 -8.70041e-16)
(13.8713 4.60176 -1.73632e-15)
(14.2777 3.68131 0)
(14.7628 2.85503 -8.92009e-16)
(15.3151 2.11982 -3.00837e-17)
(15.9232 1.47558 0)
(16.5797 0.918004 -7.62432e-16)
(17.277 0.445007 -3.63159e-16)
(18.0072 0.0545205 -3.43899e-16)
(18.7641 -0.25532 1.19902e-15)
(19.5418 -0.486121 1.07627e-15)
(20.3349 -0.63794 -1.13013e-16)
(21.1376 -0.709971 8.39617e-16)
(21.9429 -0.699865 1.73395e-16)
(22.7393 -0.606258 -8.03754e-17)
(23.5086 -0.431208 4.47569e-16)
(24.232 -0.184025 2.67848e-17)
(24.8994 0.121128 0)
(25.5085 0.471577 0)
(26.0597 0.856555 -1.14132e-18)
(26.5548 1.26659 1.16635e-18)
(26.9978 1.69245 6.95652e-17)
(27.3956 2.12834 -1.99314e-17)
(27.76 2.57278 -6.05043e-16)
(28.0957 3.02699 -8.24151e-16)
(28.4305 3.49029 -3.42693e-17)
(28.7693 3.97237 -6.30784e-18)
(29.1331 4.50236 -1.06942e-14)
(29.5915 5.07552 5.89522e-15)
(29.5479 5.66952 -5.04488e-17)
(16.7231 15.0827 8.84286e-18)
(17.2581 15.688 0)
(17.8943 16.305 -7.82423e-17)
(18.6007 16.8953 0)
(19.3435 17.4139 2.75321e-17)
(20.1514 17.8795 -2.71052e-17)
(20.9997 18.2752 4.67887e-17)
(21.8692 18.5884 1.19067e-16)
(22.7586 18.8204 0)
(23.6527 18.969 -1.71481e-16)
(24.542 19.0357 3.38148e-16)
(25.4219 19.0262 -7.13308e-16)
(26.2861 18.9474 -4.13818e-16)
(27.1324 18.8076 -3.99989e-16)
(27.9634 18.6162 9.02343e-16)
(28.7866 18.3799 9.15003e-16)
(29.614 18.1007 -9.20999e-16)
(30.4581 17.7756 -8.76155e-16)
(31.3319 17.4009 0)
(32.2441 16.9525 2.31871e-16)
(33.2063 16.3779 -4.49792e-16)
(34.2688 15.6087 1.02033e-16)
(35.3144 14.6212 -8.11087e-18)
(36.5671 13.7694 2.07057e-15)
(38.3032 13.0795 -1.22594e-16)
(38.5951 11.1472 9.13499e-17)
(35.9984 7.05563 3.21578e-16)
(32.4184 1.63627 4.58474e-16)
(29.9809 -3.31366 1.25502e-15)
(27.8398 -5.85401 -1.81864e-15)
(25.5111 -6.15266 -1.13332e-15)
(23.4311 -5.48952 -3.47342e-15)
(21.9995 -4.87355 2.27409e-15)
(21.0213 -4.54799 -3.15086e-17)
(19.3496 -4.706 6.98752e-16)
(19.0268 -5.57983 5.7176e-19)
(19.2979 -6.47004 -4.56684e-18)
(20.6276 -5.98212 -1.4076e-17)
(21.08 -6.18564 2.71179e-15)
(16.2493 14.4601 3.73509e-17)
(15.8094 13.8045 -1.11387e-16)
(15.374 13.019 2.17803e-16)
(14.9514 12.1193 0)
(14.6019 11.1486 5.97544e-16)
(14.3268 10.0978 0)
(14.1504 8.9834 0)
(14.0893 7.87053 0)
(14.1452 6.80079 1.51601e-15)
(14.311 5.78487 -7.50302e-16)
(14.5726 4.84 8.32923e-16)
(14.9155 3.9804 0)
(15.3305 3.20254 0)
(15.809 2.50281 -7.66814e-16)
(16.3425 1.88143 0)
(16.926 1.335 7.03387e-16)
(17.5539 0.862477 1.69276e-17)
(18.2202 0.46371 0)
(18.9193 0.138742 -8.48187e-16)
(19.6459 -0.112261 -1.26162e-15)
(20.394 -0.288071 -8.78799e-16)
(21.1575 -0.386856 -7.71433e-16)
(21.9292 -0.405901 1.3183e-15)
(22.6976 -0.343767 0)
(23.4452 -0.202151 4.33891e-16)
(24.1537 0.011861 3.91995e-16)
(24.8125 0.286014 1.39054e-16)
(25.4177 0.608688 0)
(25.9684 0.969342 -7.39731e-18)
(26.4657 1.35864 -2.36216e-17)
(26.9124 1.76742 -4.54926e-17)
(27.3148 2.18933 -1.88698e-17)
(27.6838 2.62199 5.39622e-16)
(28.0239 3.06663 -6.76183e-16)
(28.3625 3.52179 5.92687e-18)
(28.7027 3.99944 -3.06806e-17)
(29.0723 4.5236 9.84998e-15)
(29.4966 5.10371 -5.43205e-15)
(29.6084 5.65911 -1.25951e-14)
(17.338 14.5455 5.6972e-18)
(17.8322 15.1107 -2.81923e-17)
(18.4203 15.6892 0)
(19.0724 16.2446 -1.03911e-16)
(19.7557 16.7345 0)
(20.4994 17.1788 0)
(21.2801 17.5617 1.63718e-17)
(22.0808 17.8714 9.55488e-17)
(22.9021 18.1096 2.51766e-16)
(23.7309 18.2739 7.43841e-16)
(24.5602 18.3651 4.5234e-16)
(25.3874 18.3869 5.59391e-16)
(26.2075 18.3437 0)
(27.0191 18.241 1.1479e-15)
(27.8232 18.0855 -3.76254e-16)
(28.6247 17.8812 0)
(29.4329 17.6289 8.02338e-16)
(30.2578 17.3239 8.54995e-16)
(31.1106 16.9618 0)
(32.0099 16.5265 8.20068e-16)
(32.9502 15.9667 -8.26869e-16)
(33.9302 15.2321 0)
(34.8523 14.2589 -1.14447e-16)
(35.7094 13.2259 1.54759e-17)
(37.3242 12.4375 5.55444e-17)
(39.3715 11.0061 1.00622e-15)
(39.7574 7.58088 -1.16935e-17)
(38.1984 2.5008 -4.3436e-17)
(35.5712 -2.45192 -2.83497e-17)
(32.0203 -5.20464 7.20846e-17)
(28.3268 -5.73766 1.30378e-15)
(25.2775 -5.26002 3.59195e-15)
(23.2096 -4.76491 5.67207e-17)
(21.8102 -4.46297 -1.48224e-15)
(19.7468 -4.63993 -6.94225e-16)
(19.2399 -5.61102 4.22321e-17)
(19.2099 -6.56407 5.65503e-16)
(20.1196 -6.02014 1.12653e-17)
(21.0858 -6.15834 -2.81137e-15)
(16.8992 13.9654 -7.98299e-17)
(16.4918 13.3567 -2.81399e-16)
(16.086 12.6273 5.47826e-16)
(15.6897 11.7921 0)
(15.3589 10.8925 1.00183e-15)
(15.0936 9.9192 0)
(14.9173 8.88542 -6.12017e-16)
(14.8449 7.85254 2.4248e-15)
(14.8782 6.86065 -1.85627e-15)
(15.0101 5.91773 0)
(15.2282 5.03867 1.35832e-15)
(15.5195 4.23626 1.32124e-15)
(15.8765 3.50597 0)
(16.2924 2.8437 -1.30721e-15)
(16.7608 2.24934 3.18289e-16)
(17.2789 1.71946 -3.16806e-16)
(17.8429 1.25377 3.10049e-16)
(18.4484 0.853104 5.4817e-16)
(19.0912 0.518894 -1.79531e-17)
(19.7665 0.252732 6.68524e-16)
(20.4686 0.0571662 2.03601e-16)
(21.1916 -0.0650755 -1.89719e-16)
(21.9282 -0.110788 -6.17204e-16)
(22.6673 -0.0780939 5.23806e-16)
(23.3916 0.0320711 -3.81562e-16)
(24.0834 0.214281 -3.92587e-16)
(24.7316 0.458264 -1.30557e-16)
(25.3311 0.753445 -1.20474e-18)
(25.8799 1.08973 8.15862e-18)
(26.3782 1.45804 2.22313e-17)
(26.8279 1.84949 9.37524e-18)
(27.2341 2.25729 -1.78448e-17)
(27.6071 2.67837 -4.60401e-16)
(27.9513 3.11393 6.80385e-16)
(28.2933 3.56212 -2.87333e-17)
(28.6343 4.03691 1.98507e-15)
(29.0073 4.55726 -4.61238e-15)
(29.4029 5.14694 0)
(29.6436 5.68029 1.18194e-14)
(17.8967 14.0586 1.49195e-17)
(18.3554 14.5881 0)
(18.9016 15.1319 0)
(19.5064 15.6555 1.75554e-16)
(20.1384 16.1188 -1.82335e-17)
(20.8264 16.5423 0)
(21.5486 16.9112 0)
(22.2894 17.2146 -2.70285e-16)
(23.0506 17.4545 -2.86784e-17)
(23.8212 17.6285 -3.40509e-17)
(24.5955 17.7369 -1.03629e-15)
(25.373 17.7821 -2.97563e-16)
(26.1492 17.7668 5.85816e-16)
(26.9243 17.694 -5.08035e-17)
(27.6987 17.5673 0)
(28.4755 17.3892 0)
(29.2616 17.1594 -2.25916e-15)
(30.0651 16.8734 -4.00274e-16)
(30.8936 16.5238 3.72987e-16)
(31.7629 16.0972 -8.02164e-16)
(32.673 15.5517 1.58386e-15)
(33.6092 14.8519 7.88696e-16)
(34.5325 13.9534 -8.10784e-16)
(35.2918 12.8638 -9.89935e-16)
(36.3625 11.8079 1.65508e-16)
(38.3076 10.3831 -1.01292e-15)
(39.8777 7.44111 -1.44752e-16)
(39.6945 2.97514 4.01769e-17)
(37.4177 -1.53118 -5.01287e-17)
(33.434 -4.24911 1.04541e-16)
(29.2712 -4.99635 -9.14252e-17)
(25.882 -4.7665 -2.02925e-15)
(23.5732 -4.45944 -3.92656e-17)
(21.9921 -4.23748 6.97884e-17)
(19.825 -4.49335 0)
(19.3571 -5.61298 -4.93063e-17)
(19.1178 -6.66941 -5.55647e-16)
(19.6364 -6.08019 0)
(21.1862 -6.16111 0)
(17.4886 13.5163 0)
(17.1096 12.949 2.54797e-16)
(16.7303 12.2692 -8.26222e-16)
(16.3579 11.4908 -3.84862e-16)
(16.0448 10.6537 -9.22533e-16)
(15.7896 9.7482 0)
(15.6155 8.78561 0)
(15.5361 7.82409 -1.07561e-15)
(15.5525 6.90166 1.11303e-15)
(15.658 6.02429 0)
(15.8414 5.20522 -5.76632e-16)
(16.0907 4.4562 -6.18515e-16)
(16.3995 3.77198 5.8892e-16)
(16.7624 3.14763 6.1006e-16)
(17.1745 2.58247 -1.13552e-15)
(17.6344 2.07308 0)
(18.1401 1.61914 -2.58758e-16)
(18.6886 1.222 1.39873e-17)
(19.2771 0.883828 1.14738e-15)
(19.9019 0.607267 -2.17387e-16)
(20.558 0.395991 2.08105e-16)
(21.2396 0.253522 -1.5716e-16)
(21.9399 0.183704 2.21372e-16)
(22.6482 0.188969 -1.04934e-15)
(23.3477 0.269377 -3.65837e-16)
(24.021 0.42108 3.07232e-16)
(24.6568 0.635557 -1.85132e-17)
(25.2489 0.903371 0)
(25.7944 1.21502 -7.66417e-18)
(26.2924 1.56181 2.90656e-17)
(26.744 1.93515 7.77919e-18)
(27.1535 2.32804 -1.19909e-16)
(27.53 2.73688 8.36287e-16)
(27.8779 3.16276 -1.18489e-15)
(28.2227 3.60349 2.0884e-17)
(28.5645 4.07488 -1.84549e-15)
(28.9396 4.59122 -7.01687e-17)
(29.3115 5.18851 1.44407e-16)
(29.6554 5.70736 1.03051e-14)
(18.407 13.6148 -1.41588e-17)
(18.8344 14.1119 0)
(19.3439 14.6242 0)
(19.9073 15.1184 -7.46673e-17)
(20.4946 15.5567 1.83484e-17)
(21.134 15.9601 2.06979e-18)
(21.8053 16.3143 -2.10259e-18)
(22.4936 16.6091 1.16031e-16)
(23.202 16.8471 -1.95675e-16)
(23.9206 17.0257 -2.78835e-16)
(24.6452 17.1449 3.6465e-16)
(25.3763 17.2063 0)
(26.1105 17.2112 -5.51666e-16)
(26.8486 17.1612 -6.51051e-16)
(27.5912 17.0579 -1.6283e-15)
(28.3403 16.9021 -6.43446e-16)
(29.1007 16.6925 1.10653e-15)
(29.8791 16.424 0)
(30.6814 16.0879 3.74518e-16)
(31.5173 15.6711 -1.58475e-15)
(32.3898 15.1403 -1.84917e-15)
(33.2794 14.4624 -5.90951e-16)
(34.1841 13.6215 6.92703e-16)
(34.9968 12.5726 9.69746e-17)
(35.8091 11.3732 5.50565e-17)
(37.1383 9.81059 -2.44033e-17)
(38.5417 7.11767 -1.15457e-16)
(38.6429 3.20664 -9.64354e-18)
(36.6394 -0.762212 1.39466e-15)
(32.9564 -3.31252 0)
(29.0555 -4.20604 -1.56775e-15)
(25.8081 -4.20696 8.43191e-17)
(23.5446 -4.09451 4.14655e-17)
(21.9286 -3.97735 3.04032e-15)
(19.779 -4.32777 8.73445e-18)
(19.454 -5.60257 -6.40538e-18)
(19.0203 -6.75664 0)
(19.1524 -6.1266 0)
(21.3336 -6.18475 -3.94114e-15)
(18.0261 13.1061 8.18595e-17)
(17.6723 12.5758 8.40335e-17)
(17.3166 11.9402 1.62739e-16)
(16.9662 11.2124 7.17511e-16)
(16.6695 10.4308 -3.80205e-16)
(16.4247 9.58526 4.35458e-16)
(16.2545 8.68619 1.27133e-15)
(16.171 7.7885 0)
(16.1749 6.92828 0)
(16.2598 6.11007 0)
(16.4153 5.34589 -9.87069e-16)
(16.6303 4.64656 1.53505e-15)
(16.8992 4.00605 -1.03548e-15)
(17.2172 3.4191 4.99503e-16)
(17.5806 2.88431 4.06194e-17)
(17.9892 2.39789 0)
(18.4421 1.95929 -9.41457e-16)
(18.9378 1.57007 0)
(19.4748 1.2326 -2.1705e-17)
(20.0506 0.950116 -7.77342e-16)
(20.6609 0.727 8.65775e-16)
(21.3008 0.567596 -7.74659e-16)
(21.9641 0.476415 -5.35404e-16)
(22.6404 0.456733 4.08019e-16)
(23.3137 0.50945 6.59781e-18)
(23.9669 0.632214 -2.88508e-16)
(24.5885 0.818167 1.09783e-17)
(25.1716 1.05912 6.76818e-18)
(25.7122 1.34626 -4.87788e-19)
(26.2086 1.67142 1.89966e-18)
(26.6612 2.02634 1.00853e-18)
(27.0731 2.40405 -7.23717e-18)
(27.4525 2.80045 -3.70946e-16)
(27.8036 3.21652 1.09768e-15)
(28.1508 3.64971 -2.3963e-17)
(28.493 4.11735 2.33744e-17)
(28.8684 4.62954 -6.47779e-17)
(29.2215 5.2334 1.32849e-16)
(29.6447 5.74657 -9.8322e-15)
(18.8751 13.2078 -1.04422e-17)
(19.2748 13.6757 2.09129e-17)
(19.7517 14.1589 -6.21402e-17)
(20.2785 14.626 -1.33916e-16)
(20.8264 15.041 1.07758e-16)
(21.423 15.4248 0)
(22.0492 15.7639 0)
(22.6911 16.0489 -3.85804e-17)
(23.3525 16.2824 1.19023e-16)
(24.0243 16.462 0)
(24.7035 16.5873 0)
(25.3914 16.6597 -4.11851e-16)
(26.0854 16.6793 9.22821e-16)
(26.7866 16.6466 -5.16426e-16)
(27.4963 16.562 7.94651e-17)
(28.2156 16.4246 9.61724e-16)
(28.948 16.232 -3.047e-17)
(29.6986 15.979 1.93126e-15)
(30.4722 15.6562 9.80192e-16)
(31.2742 15.2502 1.39065e-15)
(32.1073 14.7349 5.27513e-16)
(32.953 14.0772 1.69245e-16)
(33.8083 13.266 -7.99133e-16)
(34.6419 12.2665 9.04824e-17)
(35.4186 11.0477 4.34113e-16)
(36.3438 9.42331 4.12228e-16)
(37.2541 6.9025 1.01565e-16)
(37.1845 3.43953 -7.29053e-17)
(35.3908 -0.0725633 -1.22837e-15)
(32.1988 -2.47275 0)
(28.7142 -3.47492 -1.38767e-15)
(25.6984 -3.66943 -8.50808e-17)
(23.5249 -3.72603 -1.25157e-15)
(21.8914 -3.71357 -3.15938e-15)
(19.7646 -4.18363 -7.14386e-18)
(19.5258 -5.58786 5.17189e-18)
(18.8296 -6.75972 5.24574e-16)
(18.6141 -6.12138 3.30984e-18)
(21.4913 -6.21766 8.61014e-15)
(18.5185 12.7297 0)
(18.1872 12.2324 -1.36752e-16)
(17.8529 11.6365 -1.51019e-16)
(17.5225 10.9542 2.92972e-16)
(17.2414 10.2224 0)
(17.0071 9.43058 0)
(16.8418 8.58843 -2.97677e-15)
(16.7565 7.74822 -1.52027e-15)
(16.7512 6.94402 2.41293e-15)
(16.82 6.1794 -2.48854e-15)
(16.9531 5.46539 9.07096e-16)
(17.14 4.81198 -9.3879e-16)
(17.3755 4.21283 4.15604e-17)
(17.6555 3.66213 -9.54993e-16)
(17.977 3.15803 1.39277e-15)
(18.3404 2.69621 8.97489e-16)
(18.7459 2.27566 4.39141e-16)
(19.1932 1.89767 0)
(19.6819 1.56465 -5.89932e-16)
(20.2105 1.28015 -1.82185e-16)
(20.7761 1.04895 0)
(21.3745 0.876002 7.10014e-16)
(22.0001 0.766384 2.52166e-16)
(22.6438 0.724148 -2.6469e-16)
(23.2897 0.751305 3.16008e-16)
(23.9213 0.846816 0)
(24.5269 1.00541 0)
(25.0992 1.2201 2.34637e-18)
(25.6335 1.48293 4.90993e-18)
(26.127 1.78631 -3.03961e-17)
(26.5794 2.12241 1.61344e-17)
(26.9929 2.48433 -6.14405e-17)
(27.3746 2.86769 3.00731e-16)
(27.7284 3.27323 4.46265e-16)
(28.0773 3.69841 -1.24842e-15)
(28.4197 4.1615 -9.60385e-18)
(28.7942 4.66944 5.06056e-17)
(29.1317 5.27785 -3.88317e-15)
(29.612 5.7918 0)
(19.3062 12.8329 -2.79817e-17)
(19.681 13.274 -2.58201e-17)
(20.1287 13.7305 5.99746e-17)
(20.6229 14.1724 7.88092e-17)
(21.1357 14.5655 -1.00837e-16)
(21.6944 14.9303 -4.75299e-17)
(22.2804 15.2543 -3.8043e-17)
(22.881 15.5284 -1.93997e-16)
(23.5002 15.7555 9.81889e-17)
(24.1297 15.9332 0)
(24.7674 16.0611 -4.96189e-16)
(25.4151 16.1401 9.93407e-16)
(26.0708 16.1699 -3.71672e-16)
(26.7358 16.15 5.18869e-16)
(27.4121 16.0798 6.21206e-16)
(28.1002 15.9572 1.10853e-15)
(28.8027 15.7794 -1.14416e-15)
(29.5234 15.5402 -6.86693e-17)
(30.2658 15.2305 -1.2666e-15)
(31.0329 14.8365 0)
(31.8255 14.3366 -1.4117e-15)
(32.6297 13.7007 -1.22402e-17)
(33.4321 12.9109 1.97624e-16)
(34.2278 11.9427 -9.02628e-17)
(34.9921 10.7482 -3.35534e-16)
(35.7467 9.151 4.68867e-17)
(36.3223 6.80867 0)
(36.0735 3.7176 -2.29414e-16)
(34.4438 0.571576 1.12761e-15)
(31.6561 -1.7014 -2.06382e-15)
(28.5203 -2.79186 1.53497e-15)
(25.6979 -3.15031 1.02626e-16)
(23.5853 -3.35407 1.14825e-15)
(21.8664 -3.42981 1.47561e-15)
(19.7823 -4.02197 -2.50434e-17)
(19.6075 -5.566 -6.03193e-18)
(18.6085 -6.72019 -5.27321e-16)
(18.0748 -6.09841 3.44702e-16)
(21.6347 -6.26268 -4.6124e-15)
(18.9713 12.3827 3.34151e-17)
(18.6604 11.9153 1.17696e-16)
(18.3455 11.3553 0)
(18.0335 10.714 0)
(17.767 10.0276 6.385e-16)
(17.5434 9.284 6.32602e-16)
(17.3835 8.49326 2.56907e-15)
(17.2981 7.70506 7.5035e-16)
(17.2863 6.95167 -1.43811e-15)
(17.3425 6.2358 4.09385e-17)
(17.4574 5.56777 7.74679e-16)
(17.6213 4.95687 0)
(17.8289 4.39647 8.4475e-16)
(18.0767 3.88054 8.14536e-16)
(18.362 3.40665 -1.65309e-15)
(18.6859 2.97005 0)
(19.0491 2.56923 -7.64652e-16)
(19.4523 2.20501 7.28778e-16)
(19.896 1.87961 -3.47187e-16)
(20.38 1.59649 1.47255e-16)
(20.9023 1.36072 7.33083e-16)
(21.4596 1.17751 0)
(22.0477 1.05246 0)
(22.658 0.990211 2.90954e-18)
(23.2756 0.99399 -3.96697e-17)
(23.8842 1.06407 -2.4786e-16)
(24.4724 1.19665 1.26453e-17)
(25.0323 1.38586 7.50503e-17)
(25.5586 1.62482 0)
(26.0479 1.90642 3.82002e-17)
(26.499 2.22347 -1.85708e-17)
(26.9131 2.56923 1.37163e-17)
(27.2964 2.93926 -5.40709e-16)
(27.6523 3.33398 -8.79987e-16)
(28.0025 3.7509 1.18342e-15)
(28.3445 4.20888 4.78202e-17)
(28.7165 4.71269 3.22484e-15)
(29.0417 5.32436 3.60508e-15)
(29.5593 5.84532 7.98565e-15)
(19.7044 12.4862 5.96492e-18)
(20.0568 12.9027 2.34889e-17)
(20.4782 13.3344 4.1805e-17)
(20.9429 13.7528 0)
(21.4244 14.1251 0)
(21.9489 14.4716 9.1494e-17)
(22.499 14.7806 2.81677e-17)
(23.0625 15.0433 3.03416e-17)
(23.6435 15.2626 -3.39108e-16)
(24.2346 15.4364 1.37713e-16)
(24.8341 15.5642 2.1671e-16)
(25.4441 15.6466 -1.20697e-15)
(26.0635 15.683 3.25075e-16)
(26.6933 15.6722 -8.28223e-16)
(27.3361 15.6129 0)
(27.9921 15.5023 -5.28139e-16)
(28.6635 15.3368 8.83987e-16)
(29.3527 15.11 -1.40683e-15)
(30.0621 14.8127 2.95703e-16)
(30.7932 14.4313 8.50263e-16)
(31.5445 13.9466 1.21615e-15)
(32.3058 13.3328 0)
(33.0597 12.5667 6.41209e-16)
(33.7959 11.6231 8.33883e-17)
(34.5062 10.4589 5.15033e-18)
(35.1634 8.92696 2.57262e-16)
(35.5705 6.77319 9.21062e-17)
(35.2412 4.00871 1.69321e-16)
(33.7619 1.17321 -9.64679e-16)
(31.2858 -0.977014 1.95606e-15)
(28.4211 -2.13275 -1.03951e-16)
(25.7476 -2.63112 1.76259e-15)
(23.6749 -2.96566 -1.08398e-15)
(21.8114 -3.11639 0)
(19.7403 -3.8105 3.18422e-16)
(19.69 -5.51369 6.99745e-18)
(18.4894 -6.70088 -1.73028e-18)
(17.6405 -6.11681 -3.54588e-16)
(21.7053 -6.29981 -1.44448e-16)
(19.3893 12.0616 2.34437e-17)
(19.0967 11.6215 -2.13169e-16)
(18.7997 11.0942 0)
(18.5047 10.4902 -4.71055e-16)
(18.252 9.8449 1.06255e-15)
(18.0389 9.14532 -1.14007e-15)
(17.8851 8.40124 -5.36755e-17)
(17.8006 7.6604 1.20471e-15)
(17.7843 6.95319 0)
(17.8308 6.28182 1.91928e-15)
(17.931 5.65597 -6.82438e-16)
(18.0758 5.08438 7.14276e-16)
(18.26 4.56029 -1.09905e-15)
(18.4804 4.07737 -1.8471e-17)
(18.7347 3.63289 -3.40974e-16)
(19.024 3.22159 0)
(19.3496 2.84149 1.06064e-15)
(19.7129 2.49291 -3.41143e-16)
(20.1152 2.17761 2.07665e-17)
(20.5571 1.89884 -1.17629e-15)
(21.0378 1.66151 -4.16083e-16)
(21.5553 1.47105 -1.27088e-16)
(22.1061 1.33338 -1.01881e-16)
(22.6828 1.25391 4.79095e-16)
(23.2713 1.2368 3.73646e-17)
(23.8558 1.28344 4.74131e-16)
(24.425 1.39143 3.07748e-17)
(24.9711 1.55615 -8.26315e-17)
(25.4879 1.77171 -7.50629e-18)
(25.9716 2.03174 -3.03822e-17)
(26.42 2.32957 -3.01266e-18)
(26.8338 2.65884 1.2694e-17)
(27.2178 3.01506 2.42561e-16)
(27.5752 3.39844 -3.17054e-18)
(27.9259 3.80661 -8.78662e-18)
(28.2672 4.259 3.51908e-17)
(28.6356 4.75859 -2.98508e-15)
(28.9501 5.37135 3.24767e-15)
(29.4879 5.90293 -7.49295e-15)
(20.0733 12.1646 3.56293e-17)
(20.4054 12.5582 -1.07321e-16)
(20.8028 12.9669 4.63765e-17)
(21.2409 13.3632 0)
(21.6939 13.7157 -6.7216e-17)
(22.1876 14.0448 1.13383e-16)
(22.7052 14.3389 -2.06328e-17)
(23.235 14.5898 -4.54464e-17)
(23.7813 14.8005 8.69414e-17)
(24.3373 14.9689 2.72121e-16)
(24.9014 15.0945 1.55991e-16)
(25.4764 15.1778 7.47198e-16)
(26.0611 15.2179 -3.36699e-16)
(26.6571 15.2132 4.00106e-16)
(27.2667 15.1619 0)
(27.8903 15.0608 0)
(28.5296 14.9057 -1.47656e-15)
(29.1861 14.6899 4.84068e-16)
(29.8612 14.4044 1.01369e-15)
(30.555 14.036 -1.09881e-15)
(31.2646 13.5671 1.34388e-15)
(31.9807 12.9748 -1.21138e-15)
(32.6867 12.2354 -2.87299e-16)
(33.3633 11.321 6.73793e-17)
(33.9978 10.1914 6.75786e-16)
(34.5569 8.73362 -3.5767e-16)
(34.8582 6.76261 -6.85521e-17)
(34.5092 4.29116 0)
(33.1804 1.73557 -7.20424e-16)
(30.9695 -0.291029 7.54413e-17)
(28.3331 -1.48284 -8.55586e-17)
(25.7892 -2.09926 -1.55025e-15)
(23.7414 -2.54564 -4.04695e-17)
(21.7423 -2.7642 -4.68663e-17)
(19.6794 -3.58147 -1.17013e-16)
(19.6665 -5.42272 4.92365e-16)
(18.3593 -6.66146 -7.13249e-16)
(17.2712 -6.13832 -6.99485e-17)
(21.6002 -6.2704 2.03334e-16)
(19.7763 11.7634 1.08442e-16)
(19.5005 11.3485 9.37413e-17)
(19.2198 10.8511 1.91436e-16)
(18.9406 10.2813 2.33407e-16)
(18.7009 9.6735 -1.4674e-15)
(18.4982 9.01418 9.61206e-16)
(18.3507 8.31277 4.28232e-16)
(18.268 7.61528 0)
(18.2489 6.95029 5.48806e-16)
(18.2877 6.31974 -6.20336e-16)
(18.3761 5.73273 1.18302e-15)
(18.505 5.19753 -1.24084e-15)
(18.6697 4.70722 0)
(18.8667 4.2555 0)
(19.0942 3.83924 9.97546e-16)
(19.3533 3.4529 3.29346e-16)
(19.6457 3.09393 -3.35193e-16)
(19.973 2.76218 2.86773e-16)
(20.3373 2.45884 5.84851e-16)
(20.7401 2.18679 5.45077e-16)
(21.1814 1.95069 4.87049e-16)
(21.6603 1.75592 0)
(22.1745 1.60847 -3.95202e-16)
(22.7177 1.5143 -8.21439e-17)
(23.2766 1.47854 8.18434e-17)
(23.836 1.50381 2.91849e-17)
(24.385 1.58884 -1.75361e-17)
(24.9157 1.73024 -1.16311e-17)
(25.4217 1.92309 7.07928e-18)
(25.8983 2.16183 0)
(26.3429 2.4404 -3.16644e-17)
(26.7552 2.75297 2.43312e-17)
(27.1391 3.09509 1.85402e-16)
(27.4974 3.46684 6.64691e-16)
(27.8479 3.8659 8.96331e-16)
(28.1878 4.31198 -1.137e-15)
(28.5512 4.80731 2.70123e-15)
(28.8568 5.41958 -3.21395e-15)
(29.4003 5.9647 9.93331e-17)
(20.4159 11.8652 -6.84831e-17)
(20.7294 12.2376 3.26236e-17)
(21.1049 12.6247 -2.39714e-17)
(21.5186 13.0002 1.69755e-16)
(21.9458 13.3342 -1.80152e-16)
(22.4114 13.6464 -8.52883e-17)
(22.8993 13.9259 1.48678e-17)
(23.3983 14.1648 5.05014e-17)
(23.9129 14.3663 1.63627e-16)
(24.4365 14.5283 -2.564e-16)
(24.9679 14.6502 -2.176e-16)
(25.51 14.7326 1.97056e-16)
(26.0619 14.7742 0)
(26.6251 14.7734 1.04306e-15)
(27.2019 14.7279 -3.70569e-16)
(27.7932 14.6343 0)
(28.4 14.4878 9.30671e-16)
(29.0231 14.2818 0)
(29.663 14.0075 -9.85731e-16)
(30.3187 13.6522 -9.51902e-16)
(30.9863 13.1995 2.00519e-16)
(31.6559 12.6289 9.46134e-16)
(32.312 11.9178 3.85299e-16)
(32.9313 11.0385 -1.40496e-16)
(33.4902 9.95231 -4.50159e-16)
(33.9505 8.57313 -3.71718e-17)
(34.1603 6.77151 4.74869e-17)
(33.806 4.56159 -1.01315e-17)
(32.6163 2.26081 5.9716e-16)
(30.6415 0.362937 1.21592e-15)
(28.2166 -0.844919 0)
(25.8072 -1.56186 0)
(23.7788 -2.09675 0)
(21.6564 -2.36167 -1.37613e-17)
(19.6822 -3.35301 -1.92282e-16)
(19.5777 -5.32396 -5.11674e-16)
(18.0329 -6.53303 1.65178e-15)
(16.8744 -6.12934 1.02203e-17)
(21.2326 -6.12185 -5.74565e-15)
(20.1354 11.4859 9.42312e-17)
(19.8751 11.0941 -2.49648e-16)
(19.6095 10.6243 -3.17595e-16)
(19.345 10.0859 7.41339e-16)
(19.1177 9.5124 8.16589e-16)
(18.9251 8.89014 0)
(18.784 8.22815 -1.73154e-15)
(18.7039 7.57045 -1.75538e-15)
(18.6831 6.94427 -1.86622e-15)
(18.7161 6.35125 4.5637e-16)
(18.7948 5.80005 -1.63046e-15)
(18.9106 5.29846 1.15484e-15)
(19.0587 4.83964 5.77161e-16)
(19.2358 4.41722 -7.23964e-18)
(19.4402 4.02789 -1.20398e-15)
(19.6729 3.6658 0)
(19.9359 3.32796 0)
(20.231 3.01372 -5.60394e-16)
(20.5607 2.72374 0)
(20.9273 2.46034 0)
(21.3315 2.22776 -6.76967e-16)
(21.7735 2.03122 -1.92027e-16)
(22.2521 1.87671 4.59949e-16)
(22.7621 1.77049 -8.64296e-17)
(23.2911 1.71856 6.579e-17)
(23.8247 1.72459 -6.65515e-17)
(24.3524 1.7884 0)
(24.8664 1.90774 0)
(25.36 2.07871 0)
(25.8282 2.2966 3.70283e-17)
(26.2677 2.55604 2.80654e-17)
(26.6775 2.85171 7.28349e-18)
(27.0603 3.17945 -1.63139e-16)
(27.4185 3.53902 -5.76388e-16)
(27.7681 3.9288 -8.69009e-16)
(28.106 4.36786 2.14522e-15)
(28.4635 4.85863 -1.17076e-16)
(28.7605 5.46839 0)
(29.2979 6.02787 -6.17242e-15)
(20.7348 11.5859 2.54461e-17)
(21.0311 11.9385 -2.46365e-17)
(21.3864 12.3053 -1.32305e-16)
(21.7777 12.6612 -9.26062e-17)
(22.1812 12.9775 1.66502e-16)
(22.6211 13.2736 0)
(23.0818 13.5388 0)
(23.5525 13.7659 -1.08231e-16)
(24.0379 13.9578 1.73779e-16)
(24.5315 14.1126 2.04065e-16)
(25.0324 14.2298 -1.40796e-16)
(25.5435 14.3098 -5.45191e-16)
(26.064 14.3514 2.61304e-16)
(26.5957 14.3527 2.96159e-16)
(27.1406 14.3112 -3.72172e-16)
(27.6999 14.2233 -4.56855e-17)
(28.274 14.084 -4.08256e-16)
(28.8635 13.887 0)
(29.4676 13.6234 -8.48346e-16)
(30.0847 13.2813 9.25625e-16)
(30.7099 12.8455 -9.48212e-16)
(31.3329 12.2971 2.43626e-16)
(31.9377 11.6155 -1.2034e-15)
(32.5 10.7755 4.8346e-16)
(32.9896 9.74147 0)
(33.3619 8.44615 2.56256e-16)
(33.4909 6.80114 0)
(33.1302 4.82292 0)
(32.059 2.75274 0)
(30.2909 0.98638 -1.03568e-15)
(28.0617 -0.218072 8.29722e-17)
(25.7887 -1.01501 1.0022e-15)
(23.7826 -1.62193 2.94776e-17)
(21.5343 -1.90471 -3.1326e-17)
(19.6576 -3.05006 0)
(19.5505 -5.24033 0)
(17.5785 -6.31045 1.44234e-16)
(16.4424 -6.08063 -3.15168e-16)
(20.5189 -5.82254 5.38265e-15)
(20.4696 11.2269 8.43399e-17)
(20.2235 10.8565 7.47554e-17)
(19.972 10.4124 2.95575e-16)
(19.7213 9.90293 -3.81388e-16)
(19.5056 9.3611 -3.99748e-16)
(19.3228 8.77303 1.43057e-15)
(19.1883 8.14742 -1.82119e-15)
(19.1111 7.52649 1.60378e-15)
(19.0896 6.93611 1.71498e-15)
(19.1182 6.37777 -2.47093e-17)
(19.1891 5.85968 -4.71577e-16)
(19.2939 5.38926 0)
(19.4279 4.95976 -1.00983e-15)
(19.5881 4.56479 5.16131e-16)
(19.7724 4.20093 0)
(19.9822 3.86215 5.14459e-16)
(20.2192 3.54512 2.53222e-16)
(20.4855 3.24866 -9.82482e-16)
(20.7839 2.9729 -2.22861e-16)
(21.1171 2.71961 -4.37282e-16)
(21.4868 2.49254 4.06474e-16)
(21.8937 2.29647 5.741e-16)
(22.3378 2.13726 -1.57689e-16)
(22.8152 2.02148 2.98706e-16)
(23.3143 1.95583 6.14949e-17)
(23.8217 1.94476 -8.89286e-17)
(24.3272 1.9892 2.59566e-17)
(24.8234 2.08785 7.46003e-17)
(25.3034 2.23792 0)
(25.7617 2.43551 -3.49609e-17)
(26.1948 2.67602 0)
(26.6009 2.95474 -1.05382e-17)
(26.9817 3.26788 0)
(27.339 3.61503 2.464e-16)
(27.6868 3.99513 1.92688e-17)
(28.022 4.42643 -9.77452e-16)
(28.3723 4.91241 -2.33796e-15)
(28.6617 5.51798 0)
(29.1831 6.09204 5.82239e-15)
(21.0321 11.3247 -2.33242e-17)
(21.3125 11.6588 1.72137e-17)
(21.6492 12.0065 5.62716e-17)
(22.0198 12.3438 -9.67471e-17)
(22.4014 12.6435 0)
(22.8176 12.924 -7.69213e-17)
(23.2531 13.1754 7.0423e-18)
(23.6977 13.3907 -1.28191e-16)
(24.1559 13.5729 -1.84736e-16)
(24.6216 13.72 -1.14372e-18)
(25.094 13.8318 -2.24062e-16)
(25.5759 13.9085 3.51643e-16)
(26.0667 13.9488 -4.10592e-16)
(26.5682 13.9508 -5.34907e-16)
(27.082 13.912 5.98994e-16)
(27.6098 13.8284 -3.7996e-16)
(28.1513 13.6954 1.12659e-15)
(28.7068 13.5066 0)
(29.275 13.2534 8.23367e-16)
(29.8534 12.9247 7.9359e-16)
(30.4362 12.5063 -2.17385e-16)
(31.0126 11.9812 -8.47769e-16)
(31.5661 11.3305 7.84132e-16)
(32.0721 10.5326 -2.592e-16)
(32.4978 9.55659 1.14347e-16)
(32.7958 8.34921 -1.9502e-17)
(32.8585 6.85008 -5.83837e-17)
(32.4922 5.07757 0)
(31.5195 3.21581 0)
(29.9283 1.58002 9.22269e-17)
(27.8771 0.395054 -1.40248e-15)
(25.7374 -0.460103 -1.9486e-15)
(23.7506 -1.11449 4.95682e-17)
(21.4004 -1.40936 0)
(19.5826 -2.69731 -3.44401e-16)
(19.5123 -5.13939 -1.18341e-15)
(17.1718 -6.06356 -2.75094e-15)
(16.0516 -6.0431 4.33987e-16)
(19.4111 -5.34869 0)
(20.7809 10.9847 5.74424e-17)
(20.5482 10.6343 -1.36287e-16)
(20.3098 10.214 0)
(20.0721 9.73144 -1.19898e-15)
(19.8674 9.21886 -9.31221e-16)
(19.694 8.66249 -3.71342e-16)
(19.5661 8.07068 6.67255e-16)
(19.4923 7.48381 -6.75499e-16)
(19.4708 6.92657 0)
(19.496 6.40034 1.53284e-15)
(19.5605 5.9129 8.2094e-16)
(19.6562 5.47142 4.44159e-16)
(19.7783 5.06916 4.83351e-16)
(19.9238 4.69989 -9.44838e-16)
(20.0909 4.36005 0)
(20.2806 4.04355 -4.78664e-16)
(20.4946 3.74672 -9.22108e-16)
(20.7353 3.46803 4.58395e-16)
(21.0055 3.207 4.37629e-16)
(21.3082 2.96485 4.12481e-16)
(21.6457 2.74482 -7.5418e-16)
(22.0196 2.55128 -1.77165e-16)
(22.4307 2.38974 4.80311e-16)
(22.8763 2.26677 -6.07399e-18)
(23.3459 2.18963 -2.43562e-16)
(23.8267 2.16364 -2.12638e-16)
(24.3094 2.19055 0)
(24.7866 2.27006 -7.04388e-17)
(25.2517 2.40033 0)
(25.699 2.57835 0)
(26.1243 2.80028 0)
(26.5255 3.06212 9.95861e-18)
(26.9032 3.36044 9.63729e-17)
(27.2586 3.69487 2.13276e-16)
(27.6038 4.06493 4.81512e-17)
(27.9356 4.48796 -1.07685e-16)
(28.2778 4.96855 2.12073e-15)
(28.5589 5.56817 0)
(29.0576 6.15533 0)
(21.3096 11.08 -3.46061e-17)
(21.5754 11.3967 7.41972e-18)
(21.8947 11.7263 -3.58999e-17)
(22.2461 12.0461 1.91917e-16)
(22.6075 12.3299 0)
(23.0015 12.5956 7.22184e-17)
(23.4137 12.8337 0)
(23.834 13.0375 -9.45036e-17)
(24.2669 13.2099 -1.17273e-16)
(24.7065 13.3493 1.6714e-16)
(25.1521 13.4551 2.57447e-16)
(25.6064 13.5278 -2.65695e-16)
(26.0689 13.5661 3.87624e-16)
(26.5413 13.5679 -4.41457e-16)
(27.0251 13.5307 -5.65143e-16)
(27.5219 13.4506 -3.40924e-16)
(28.0312 13.3231 3.21162e-16)
(28.5531 13.1418 -3.68276e-16)
(29.0855 12.8987 -3.21772e-17)
(29.6252 12.5834 -1.13467e-15)
(30.1659 12.1829 0)
(30.6963 11.682 6.08245e-16)
(31.1995 11.0639 -7.86135e-16)
(31.6506 10.3105 -3.32538e-16)
(32.0172 9.39605 -3.03153e-16)
(32.2523 8.27816 -2.5088e-16)
(32.263 6.9153 9.01148e-17)
(31.8948 5.32681 -6.8178e-18)
(31.0053 3.65371 -3.88228e-16)
(29.5655 2.14557 0)
(27.6753 0.995033 2.29146e-15)
(25.6619 0.105041 1.5935e-15)
(23.6903 -0.570123 0)
(21.2653 -0.873237 0)
(19.5217 -2.33445 3.61988e-16)
(19.3344 -4.95358 1.27295e-15)
(16.7933 -5.75339 1.75067e-15)
(15.595 -5.9544 3.18252e-17)
(17.7334 -4.58944 -3.9087e-17)
(21.0717 10.7578 -8.03256e-17)
(20.8513 10.426 1.24247e-16)
(20.6253 10.0279 5.77419e-16)
(20.3998 9.57048 2.90944e-16)
(20.2056 9.0851 8.76523e-16)
(20.0412 8.55821 -8.80727e-16)
(19.9199 7.99783 0)
(19.8497 7.44265 1.25421e-15)
(19.8287 6.91625 6.61503e-16)
(19.8515 6.41989 -2.77181e-15)
(19.9108 5.96095 -2.25453e-15)
(19.9988 5.54629 7.90266e-16)
(20.1107 5.16937 4.09144e-16)
(20.2437 4.8241 4.28456e-16)
(20.3957 4.50688 -4.29092e-16)
(20.5678 4.21154 8.54353e-16)
(20.7616 3.93419 5.22206e-18)
(20.9794 3.67295 7.94725e-16)
(21.2242 3.42682 -7.75486e-16)
(21.4992 3.19658 0)
(21.807 2.98481 5.16702e-16)
(22.15 2.79541 -6.3835e-16)
(22.5298 2.63343 -1.3329e-16)
(22.9446 2.50543 -2.60437e-16)
(23.3851 2.41903 2.29984e-16)
(23.8394 2.38027 -4.56297e-17)
(24.2987 2.3916 4.56679e-17)
(24.7562 2.45358 6.72632e-17)
(25.2053 2.56524 0)
(25.6403 2.72452 3.57601e-17)
(26.0567 2.92833 -8.10542e-17)
(26.4517 3.1734 0)
(26.8252 3.45681 -9.96147e-17)
(27.1778 3.77829 -2.44476e-17)
(27.5196 4.13787 5.83164e-17)
(27.8469 4.55191 -9.74385e-17)
(28.1801 5.02656 -1.83409e-15)
(28.4529 5.61861 -6.25941e-17)
(28.9232 6.21681 0)
(21.5692 10.8503 4.12699e-17)
(21.8213 11.1506 0)
(22.1244 11.4632 -1.92449e-16)
(22.4578 11.7664 0)
(22.8003 12.0351 -4.5751e-17)
(23.1738 12.2866 4.52948e-17)
(23.5641 12.5119 4.75643e-18)
(23.9617 12.7045 1.1556e-16)
(24.3709 12.8673 8.21909e-18)
(24.7861 12.9988 1.12751e-16)
(25.2064 13.0985 -1.57129e-16)
(25.6346 13.1668 -7.39512e-16)
(26.0701 13.2025 3.58789e-16)
(26.5146 13.2035 4.53578e-17)
(26.9694 13.1672 9.33794e-16)
(27.4358 13.09 0)
(27.9137 12.9673 -5.95599e-16)
(28.4023 12.7932 0)
(28.8994 12.5602 0)
(29.4009 12.2585 1.35233e-15)
(29.9001 11.8764 0)
(30.3853 11.4006 0)
(30.8396 10.8164 1.45218e-15)
(31.2386 10.1092 3.57731e-16)
(31.5508 9.25825 4.43341e-16)
(31.732 8.22951 -4.73543e-17)
(31.7022 6.9942 -1.16612e-17)
(31.336 5.57162 -1.65981e-16)
(30.518 4.06988 3.6727e-16)
(29.2088 2.686 0)
(27.4647 1.5833 -1.37726e-16)
(25.5688 0.682696 -6.42807e-16)
(23.6149 0.00731044 1.27694e-15)
(21.1363 -0.298456 0)
(19.4906 -1.9751 7.74119e-16)
(19.0288 -4.65296 -6.29998e-17)
(16.2978 -5.39128 8.14102e-17)
(14.7944 -5.65966 0)
(15.3985 -3.43745 0)
(21.3435 10.5448 -6.62562e-17)
(21.1347 10.2304 0)
(20.9204 9.85316 -8.15217e-16)
(20.7065 9.41927 -9.27238e-16)
(20.5221 8.9592 0)
(20.3665 8.45982 0)
(20.2517 7.92886 1.96057e-15)
(20.1852 7.40329 1.05397e-15)
(20.1652 6.90565 0)
(20.1863 6.43706 6.8009e-16)
(20.2413 6.00468 -6.59198e-16)
(20.3227 5.615 0)
(20.426 5.2617 0)
(20.548 4.93884 3.75039e-16)
(20.687 4.64282 -7.63621e-16)
(20.8437 4.36746 7.61308e-16)
(21.0197 4.10875 -3.79493e-16)
(21.2172 3.86439 -1.42733e-17)
(21.4392 3.63312 -3.42602e-16)
(21.6889 3.41518 6.67443e-16)
(21.9695 3.21261 -1.54919e-16)
(22.2837 3.02871 -1.4933e-16)
(22.6338 2.86808 4.00642e-16)
(23.0191 2.73706 2.36857e-16)
(23.4312 2.64355 -1.11979e-16)
(23.8592 2.59408 0)
(24.2949 2.59172 -1.55152e-16)
(24.732 2.63779 -4.60852e-20)
(25.1642 2.7322 0)
(25.5857 2.87364 -3.38057e-17)
(25.9919 3.05994 7.66376e-17)
(26.3795 3.28852 2.69025e-17)
(26.7477 3.55699 -3.46763e-19)
(27.0964 3.86525 -1.62945e-17)
(27.4337 4.2141 3.88308e-17)
(27.7558 4.61861 -7.80907e-16)
(28.0793 5.08636 4.85268e-17)
(28.3426 5.66915 -1.98427e-15)
(28.7815 6.27516 0)
(21.8122 10.6345 -5.17096e-17)
(22.0515 10.9193 3.20457e-17)
(22.3394 11.2158 7.22762e-18)
(22.656 11.5033 0)
(22.9809 11.7577 -1.02874e-16)
(23.335 11.9956 0)
(23.7049 12.2086 4.21115e-17)
(24.0812 12.3904 -2.49385e-18)
(24.4681 12.5438 1.83361e-16)
(24.8602 12.6675 3.78445e-16)
(25.2566 12.7611 -1.23353e-16)
(25.6601 12.8248 4.78159e-16)
(26.0699 12.8575 0)
(26.4876 12.8573 6.87167e-16)
(26.9145 12.8217 -4.28412e-16)
(27.3514 12.747 -3.15165e-17)
(27.7986 12.6288 1.1018e-15)
(28.2546 12.4616 -8.12843e-16)
(28.7169 12.2387 -2.8356e-16)
(29.181 11.9509 -1.22205e-15)
(29.6397 11.5877 3.22938e-16)
(30.0811 11.1376 -1.44422e-16)
(30.4886 10.5883 -1.00437e-15)
(30.8385 9.92851 -1.84692e-16)
(31.101 9.14173 0)
(31.2361 8.20056 0)
(31.1744 7.08467 0)
(30.8131 5.81247 1.3197e-16)
(30.0571 4.46719 3.97544e-17)
(28.8621 3.20481 5.53086e-16)
(27.2515 2.16205 -9.16966e-16)
(25.4637 1.27545 4.67253e-16)
(23.5332 0.616482 -1.10962e-15)
(21.0221 0.303772 -1.50518e-17)
(19.4449 -1.57818 -6.64094e-16)
(18.7385 -4.3411 0)
(15.2305 -4.70772 2.52286e-15)
(13.3221 -4.91983 -1.18112e-16)
(12.3023 -1.77102 -4.84561e-15)
(21.5981 10.3446 3.83659e-18)
(21.4001 10.0466 -1.23348e-17)
(21.1969 9.68882 3.54666e-16)
(20.9939 9.27698 1.06869e-15)
(20.819 8.84061 4.12211e-16)
(20.6717 8.36701 4.20803e-16)
(20.5632 7.86359 -2.26838e-15)
(20.5006 7.36579 8.67882e-16)
(20.4819 6.89505 5.05977e-16)
(20.5017 6.45247 1.66982e-15)
(20.5533 6.04487 -5.86e-16)
(20.6292 5.67848 6.12961e-16)
(20.725 5.34716 0)
(20.8375 5.0452 0)
(20.9651 4.76905 0)
(21.1082 4.51256 -3.38837e-16)
(21.2685 4.2715 1.10875e-17)
(21.4479 4.04344 3.24693e-16)
(21.6494 3.82679 -6.34392e-16)
(21.8764 3.62134 -6.73759e-19)
(22.132 3.42859 2.90209e-16)
(22.4195 3.25124 -1.27587e-16)
(22.7419 3.0934 -2.35653e-16)
(23.099 2.9611 1.06297e-17)
(23.4837 2.86239 1.03094e-16)
(23.8857 2.8042 0)
(24.2977 2.79006 1.46689e-16)
(24.7139 2.82191 -6.00641e-17)
(25.1283 2.90043 -5.85707e-18)
(25.5354 3.02512 6.76174e-18)
(25.9302 3.19458 7.59933e-17)
(26.3093 3.40696 -5.62906e-17)
(26.671 3.66055 -1.14544e-17)
(27.0149 3.95548 -1.38099e-16)
(27.3467 4.29307 0)
(27.6626 4.68734 6.11282e-16)
(27.9755 5.14736 1.60003e-15)
(28.2292 5.71937 1.88498e-15)
(28.6341 6.32971 4.06325e-15)
(22.0401 10.4313 8.24996e-18)
(22.2673 10.7015 0)
(22.5409 10.9828 6.58704e-18)
(22.8416 11.2554 5.72914e-17)
(23.1499 11.4962 4.03337e-17)
(23.486 11.7213 1.13944e-16)
(23.8366 11.9225 -3.96452e-17)
(24.1928 12.0939 -2.42699e-18)
(24.5587 12.2383 -1.68011e-16)
(24.929 12.3544 -9.35615e-17)
(25.3028 12.4419 1.86395e-16)
(25.6827 12.501 0)
(26.068 12.5306 0)
(26.46 12.5291 -6.49562e-16)
(26.8601 12.4939 0)
(27.2685 12.4215 -4.50701e-16)
(27.686 12.3075 -1.44342e-15)
(28.1101 12.1473 1.0766e-15)
(28.5386 11.9345 0)
(28.9663 11.661 8.15635e-16)
(29.3857 11.3173 2.70785e-16)
(29.7851 10.8936 -1.47488e-16)
(30.1481 10.38 2.91765e-16)
(30.4522 9.76809 1.40501e-16)
(30.67 9.04527 0)
(30.7655 8.18924 3.73277e-17)
(30.679 7.1851 -4.60762e-17)
(30.3245 6.04996 -1.25073e-16)
(29.6227 4.84882 -3.04746e-16)
(28.5285 3.7056 -8.25079e-16)
(27.0401 2.73235 -7.01312e-17)
(25.3508 1.88181 1.72081e-17)
(23.4519 1.25055 0)
(20.9332 0.918226 0)
(19.3439 -1.08757 -1.0193e-15)
(18.2362 -3.815 -3.41477e-15)
(13.8586 -3.70728 -2.00842e-15)
(11.2387 -3.6973 -1.34361e-15)
(8.57878 0.415088 4.16396e-15)
(21.8368 10.1562 1.51374e-16)
(21.6491 9.87348 -3.41963e-16)
(21.4562 9.53399 1.69094e-16)
(21.2637 9.14298 2.10275e-16)
(21.0978 8.7288 -4.1988e-16)
(20.9586 8.27942 0)
(20.8562 7.80193 1.9269e-15)
(20.7974 7.33018 -1.71788e-15)
(20.7802 6.88468 1.32759e-15)
(20.7992 6.46647 0)
(20.848 6.08205 0)
(20.9191 5.73743 -5.74493e-16)
(21.0084 5.42669 5.82079e-16)
(21.1127 5.14433 -1.63681e-17)
(21.2302 4.88677 5.99372e-16)
(21.3615 4.6479 0)
(21.5079 4.4235 3.11674e-16)
(21.6713 4.21106 0)
(21.8544 4.00865 -1.44792e-18)
(22.0607 3.81566 8.14919e-16)
(22.2936 3.63308 -5.1585e-16)
(22.5565 3.46311 1.30916e-16)
(22.8529 3.30932 1.14157e-16)
(23.1833 3.17733 0)
(23.5415 3.0752 1.76737e-16)
(23.9182 3.01011 0)
(24.3066 2.98604 -1.19135e-16)
(24.7016 3.00535 -1.87665e-17)
(25.0977 3.06939 -1.66488e-18)
(25.4894 3.17845 -6.02148e-17)
(25.8718 3.33188 -7.83041e-17)
(26.2412 3.52853 2.94966e-17)
(26.5953 3.76734 0)
(26.933 4.04883 1.13588e-16)
(27.2584 4.37494 0)
(27.5673 4.7584 -5.60484e-16)
(27.869 5.20949 -1.47624e-15)
(28.1117 5.76915 1.14369e-16)
(28.4824 6.38 -3.98108e-15)
(22.2539 10.2397 1.18812e-17)
(22.4698 10.4962 -2.58538e-17)
(22.7299 10.7632 1.45899e-16)
(23.0157 11.0216 -1.33609e-17)
(23.3083 11.2496 -2.72592e-16)
(23.6272 11.4625 -1.07172e-16)
(23.9596 11.6525 0)
(24.2969 11.814 2.68152e-17)
(24.6429 11.9497 0)
(24.9926 12.0585 0)
(25.345 12.14 -1.52804e-16)
(25.7025 12.1946 -3.9856e-17)
(26.0643 12.2213 2.04782e-16)
(26.4319 12.2184 0)
(26.8062 12.1836 0)
(27.1872 12.1135 7.56136e-16)
(27.5759 12.0038 9.34964e-16)
(27.9693 11.8507 9.00954e-16)
(28.3648 11.6483 6.7736e-16)
(28.7573 11.3892 -5.3121e-16)
(29.1391 11.0654 -1.69061e-17)
(29.4984 10.6687 7.43193e-16)
(29.8196 10.1911 0)
(30.0815 9.62713 -2.77391e-16)
(30.2594 8.96724 6.70657e-17)
(30.321 8.19332 6.05767e-17)
(30.2151 7.29384 0)
(29.8689 6.28439 2.44512e-16)
(29.2152 5.21747 2.33481e-16)
(28.2108 4.19076 3.95851e-16)
(26.8346 3.2945 -5.40756e-16)
(25.2335 2.49793 -7.26013e-16)
(23.3759 1.90453 0)
(20.8704 1.54262 5.35552e-17)
(19.1879 -0.486232 8.12395e-16)
(17.5149 -2.92638 -4.99024e-16)
(12.2847 -2.37242 -2.24541e-15)
(8.50237 -1.74545 1.19274e-15)
(4.57173 2.85491 0)
(22.0608 9.97856 -5.33213e-17)
(21.8828 9.71025 7.15578e-18)
(21.6999 9.38795 0)
(21.5174 9.01658 -3.48444e-16)
(21.3601 8.62331 -1.95649e-17)
(21.2284 8.1967 -3.28109e-16)
(21.1321 7.74364 -1.41961e-15)
(21.077 7.29647 -1.46015e-15)
(21.0614 6.87473 3.26078e-16)
(21.08 6.47942 -1.70049e-15)
(21.1263 6.11676 1.37395e-15)
(21.1935 5.79251 4.98305e-16)
(21.277 5.50102 -5.22025e-16)
(21.3741 5.23696 -1.73799e-17)
(21.4828 4.99674 -1.11762e-15)
(21.6037 4.77436 0)
(21.7378 4.56569 0)
(21.8867 4.36814 2.63926e-16)
(22.0534 4.1795 -5.27855e-16)
(22.2411 3.99878 -7.38483e-16)
(22.4534 3.82654 4.67737e-16)
(22.6937 3.66451 -1.26084e-17)
(22.9659 3.51571 -1.11177e-16)
(23.2712 3.38535 -1.82501e-16)
(23.6041 3.28141 8.17689e-17)
(23.956 3.21117 -1.44162e-16)
(24.3213 3.17887 2.50768e-18)
(24.695 3.18731 0)
(25.0722 3.23836 9.84142e-18)
(25.4478 3.33297 5.6968e-17)
(25.8168 3.47121 0)
(26.1754 3.65269 4.0925e-17)
(26.5208 3.87695 -1.49852e-17)
(26.8513 4.14487 -2.0268e-16)
(27.1693 4.45905 0)
(27.4701 4.83101 1.03402e-15)
(27.7601 5.27219 -1.27879e-15)
(27.9915 5.81813 -1.51528e-15)
(28.3273 6.4254 -3.54876e-15)
(22.4549 10.0589 1.3719e-17)
(22.66 10.3025 0)
(22.9073 10.5558 0)
(23.1789 10.8009 1.1022e-16)
(23.4567 11.0167 2.50956e-16)
(23.7594 11.218 6.36954e-17)
(24.0746 11.3974 4.29444e-18)
(24.394 11.5496 -2.96815e-17)
(24.7211 11.677 -6.08119e-17)
(25.0512 11.7789 6.31327e-17)
(25.3832 11.8547 0)
(25.7195 11.9051 0)
(26.0591 11.9289 2.16349e-16)
(26.4032 11.9248 -6.93551e-16)
(26.7529 11.8905 -3.1076e-16)
(27.1077 11.8228 -3.91219e-16)
(27.4686 11.7176 4.21894e-16)
(27.8323 11.5717 -4.60074e-16)
(28.1963 11.3799 -4.47029e-16)
(28.555 11.1357 -4.23771e-16)
(28.9008 10.8322 0)
(29.2223 10.4627 -4.77699e-16)
(29.5045 10.0214 -1.18247e-16)
(29.7279 9.50495 1.15454e-16)
(29.8703 8.90656 5.90533e-17)
(29.9033 8.21117 -6.9428e-17)
(29.7825 7.40985 0)
(29.446 6.51645 -8.62305e-17)
(28.8357 5.57516 1.10663e-16)
(27.9118 4.66189 -2.51007e-17)
(26.6382 3.84757 5.76709e-16)
(25.1161 3.11982 3.12328e-16)
(23.3104 2.57724 1.16824e-16)
(20.8367 2.18246 6.21978e-17)
(18.9927 0.233335 8.41176e-16)
(16.7288 -1.75019 5.57629e-15)
(10.6474 -0.765595 3.77127e-15)
(5.39906 0.708389 1.55798e-15)
(0.826989 5.26392 -2.47973e-15)
(22.2715 9.81087 4.92039e-17)
(22.1026 9.55609 8.36941e-17)
(21.9291 9.24998 -6.26709e-16)
(21.756 8.89722 0)
(21.607 8.52367 -3.21267e-16)
(21.4827 8.11855 -1.75307e-17)
(21.392 7.68861 2.98404e-16)
(21.3407 7.26463 1.36113e-15)
(21.3267 6.86528 -1.47133e-15)
(21.345 6.49152 7.86311e-16)
(21.3894 6.14934 -4.25979e-17)
(21.453 5.84423 0)
(21.5316 5.57079 0)
(21.6223 5.32375 9.288e-18)
(21.7233 5.09971 -5.89698e-18)
(21.8348 4.89281 -4.98011e-16)
(21.958 4.69903 0)
(22.0942 4.51559 0)
(22.2461 4.34015 0)
(22.4171 4.17138 2.29283e-16)
(22.6105 4.00949 0)
(22.8301 3.85575 0)
(23.0799 3.71269 -1.76378e-16)
(23.3616 3.58509 1.73847e-16)
(23.6704 3.48073 6.64954e-17)
(23.9986 3.40693 6.49422e-17)
(24.3411 3.36807 -1.07896e-17)
(24.6936 3.36721 6.23325e-17)
(25.0517 3.40671 -4.92516e-18)
(25.4104 3.48809 4.6986e-17)
(25.7652 3.61213 1.23872e-17)
(26.112 3.77905 -7.89636e-17)
(26.4476 3.98905 1.64642e-17)
(26.7698 4.2435 1.6887e-16)
(27.0794 4.5454 -2.4486e-17)
(27.3713 4.90538 -4.52704e-16)
(27.6489 5.33532 1.41503e-16)
(27.868 5.86609 1.36397e-15)
(28.1705 6.46575 3.27312e-15)
(22.6438 9.88808 8.85921e-19)
(22.8387 10.1194 -5.55532e-17)
(23.0739 10.3599 0)
(23.332 10.5924 1.91644e-16)
(23.5959 10.7967 -2.86741e-16)
(23.8832 10.9871 -8.92306e-17)
(24.182 11.1565 2.81165e-17)
(24.4844 11.2997 5.63685e-17)
(24.7937 11.4194 9.67763e-17)
(25.1051 11.5147 1.32671e-16)
(25.4178 11.5853 0)
(25.7338 11.6316 -4.11142e-17)
(26.0522 11.653 2.71972e-16)
(26.3741 11.6478 8.38289e-16)
(26.7001 11.6142 2.73294e-16)
(27.03 11.5491 -2.84804e-16)
(27.3642 11.4488 -6.82269e-16)
(27.6997 11.3103 -7.76754e-16)
(28.0334 11.1294 -3.99007e-16)
(28.36 10.9004 3.78007e-16)
(28.6718 10.6175 5.63477e-16)
(28.9578 10.2755 5.87625e-16)
(29.204 9.87028 1.04507e-16)
(29.3925 9.40055 -1.02087e-16)
(29.5037 8.86169 0)
(29.5126 8.24116 -1.32078e-16)
(29.3809 7.5319 1.87891e-17)
(29.0554 6.7463 9.16394e-17)
(28.485 5.92229 -1.70469e-16)
(27.6337 5.11855 0)
(26.4542 4.38923 3.64967e-16)
(25.0043 3.74319 -2.01261e-16)
(23.2609 3.26878 -1.34932e-16)
(20.8345 2.84909 0)
(18.7811 1.07452 -1.81412e-15)
(15.9757 -0.308695 2.0646e-16)
(9.06956 1.14487 -1.60339e-15)
(2.37452 3.43311 -1.20518e-15)
(-2.46357 7.50807 2.19254e-15)
(22.4697 9.65237 1.06591e-16)
(22.3095 9.41036 3.65971e-16)
(22.1449 9.11949 2.31735e-16)
(21.9808 8.78432 7.74976e-16)
(21.8397 8.42946 0)
(21.7223 8.04466 -1.03741e-15)
(21.6371 7.63661 -1.06037e-15)
(21.5894 7.23457 1.14879e-15)
(21.5771 6.85639 0)
(21.5954 6.50299 -1.32909e-15)
(21.6381 6.18009 -3.82365e-17)
(21.6986 5.893 7.74047e-16)
(21.7727 5.63643 1.22589e-15)
(21.8578 5.40535 -4.10632e-16)
(21.9519 5.19644 0)
(22.0552 5.00406 -4.39795e-16)
(22.1686 4.82423 1.45767e-17)
(22.2933 4.65415 -4.279e-16)
(22.4321 4.49126 4.26292e-16)
(22.5881 4.33404 3.95688e-16)
(22.7645 4.18238 -5.70851e-16)
(22.9651 4.03718 5.36372e-16)
(23.1941 3.90045 0)
(23.4537 3.7765 -2.25414e-16)
(23.7397 3.67293 -2.13182e-16)
(24.0452 3.59694 0)
(24.3655 3.55301 8.44985e-17)
(24.6971 3.54438 2.41433e-17)
(25.0358 3.57376 4.66496e-18)
(25.3774 3.64316 -5.62237e-17)
(25.7172 3.75395 7.25508e-18)
(26.0512 3.90702 -5.07808e-18)
(26.376 4.10315 8.3013e-18)
(26.6888 4.34415 -7.46615e-17)
(26.9891 4.63342 0)
(27.2711 4.98079 -4.00366e-16)
(27.536 5.39845 1.17345e-15)
(27.7425 5.91277 -1.3269e-15)
(28.0124 6.5008 0)
(22.8218 9.72643 2.11401e-17)
(23.0069 9.94624 7.18643e-17)
(23.2305 10.1746 -9.28749e-17)
(23.4758 10.3952 -2.54695e-16)
(23.7264 10.5887 1.32665e-16)
(23.9991 10.7687 1.42827e-16)
(24.2824 10.9287 -1.73376e-16)
(24.5686 11.0636 -3.71048e-17)
(24.8609 11.176 -2.18208e-16)
(25.1547 11.2652 -2.71446e-16)
(25.449 11.3309 4.93092e-16)
(25.7458 11.3736 -2.49828e-16)
(26.044 11.3927 -9.4676e-16)
(26.3446 11.3869 7.07904e-16)
(26.6483 11.3542 -9.14381e-16)
(26.9545 11.2921 5.00175e-16)
(27.2632 11.197 9.17823e-16)
(27.5719 11.0662 3.17e-16)
(27.8769 10.8964 0)
(28.1731 10.6829 -3.60412e-16)
(28.453 10.4209 -8.96857e-16)
(28.7061 10.1064 -3.67478e-16)
(28.9193 9.73692 6.42041e-18)
(29.0765 9.31282 -1.79794e-16)
(29.1605 8.8313 0)
(29.1495 8.28182 8.4115e-17)
(29.0103 7.6589 -5.07995e-18)
(28.697 6.9735 -3.80246e-18)
(28.1638 6.25868 -6.19512e-17)
(27.3783 5.55975 3.17901e-16)
(26.286 4.9166 -3.9128e-16)
(24.9057 4.36243 1.87526e-16)
(23.2334 3.97615 7.17581e-17)
(20.869 3.55393 7.3119e-17)
(18.5907 2.04345 9.46589e-16)
(15.3525 1.38559 -2.45105e-15)
(7.74945 3.34787 -1.72523e-15)
(-0.1555 6.22286 6.89513e-17)
(-5.24936 9.55549 0)
(22.6564 9.5024 -1.30116e-16)
(22.5044 9.27244 -3.3559e-16)
(22.3483 8.99598 1.87451e-16)
(22.1928 8.67743 -1.18299e-15)
(22.0593 8.34026 0)
(21.9485 7.97479 4.83176e-16)
(21.8685 7.58749 1.45863e-15)
(21.8243 7.20624 -1.07315e-15)
(21.8137 6.8481 1.10457e-15)
(21.832 6.51394 6.36252e-16)
(21.8732 6.20925 6.38584e-16)
(21.931 5.93907 -2.12486e-15)
(22.0012 5.69834 -1.13381e-15)
(22.0812 5.48224 4.0017e-16)
(22.1692 5.28751 1.18454e-17)
(22.2651 5.10875 -7.81995e-16)
(22.3696 4.94204 4.14075e-16)
(22.4842 4.78452 3.88552e-16)
(22.6112 4.63352 3.83608e-16)
(22.7536 4.48743 -3.6597e-16)
(22.9146 4.34583 3.5445e-16)
(23.0979 4.20923 1.43385e-16)
(23.3078 4.07915 -9.59882e-18)
(23.5468 3.95957 -1.32206e-16)
(23.8113 3.85776 0)
(24.095 3.78085 0)
(24.3939 3.73323 2.3112e-17)
(24.7049 3.71827 -2.41468e-17)
(25.0244 3.73892 7.70088e-18)
(25.3484 3.79761 -7.71256e-18)
(25.6727 3.89622 -5.94076e-17)
(25.9931 4.03619 2.37686e-17)
(26.3061 4.21893 -4.2172e-17)
(26.6084 4.4466 0)
(26.8984 4.72303 2.32719e-16)
(27.1699 5.05729 3.80338e-16)
(27.4216 5.46137 9.37971e-16)
(27.6148 5.95801 2.41458e-15)
(27.8545 6.53101 2.63793e-15)
(22.9894 9.57337 -2.98979e-17)
(23.1653 9.78228 5.86123e-17)
(23.3778 9.99913 -5.15016e-17)
(23.6109 10.2085 -6.37014e-17)
(23.8488 10.3919 2.0066e-17)
(24.1076 10.5623 4.86501e-17)
(24.3762 10.7133 8.50802e-17)
(24.647 10.8405 -1.44096e-17)
(24.9232 10.9461 1.91393e-16)
(25.2002 11.0296 -8.01431e-17)
(25.4771 11.0909 -3.23576e-16)
(25.7556 11.1304 -4.03646e-16)
(26.0347 11.1477 2.78962e-16)
(26.3152 11.1414 -1.33148e-15)
(26.5976 11.1101 3.58819e-16)
(26.8813 11.0512 4.81975e-16)
(27.1659 10.9616 -1.08085e-15)
(27.4493 10.8388 5.67891e-16)
(27.7273 10.6805 0)
(27.9951 10.4827 0)
(28.2453 10.2417 6.55536e-16)
(28.4681 9.95471 -1.61441e-16)
(28.6514 9.62034 4.60799e-16)
(28.7807 9.24057 0)
(28.8412 8.81397 7.8622e-17)
(28.8142 8.33162 -1.76827e-16)
(28.6706 7.78938 -7.41223e-18)
(28.3704 7.19706 -6.16773e-17)
(27.8721 6.58366 -1.60119e-16)
(27.1468 5.98481 -1.45639e-16)
(26.1363 5.42805 0)
(24.8275 4.97129 -1.01801e-16)
(23.2352 4.69166 -1.76522e-16)
(20.9475 4.30405 3.01192e-17)
(18.4731 3.1333 0)
(14.9697 3.30035 0)
(6.94498 5.76163 1.43744e-15)
(-1.93742 8.97145 0)
(-7.53184 11.4445 1.59463e-15)
(22.8324 9.36037 1.02546e-16)
(22.6882 9.14182 2.02352e-16)
(22.5402 8.879 -1.77147e-17)
(22.3928 8.57622 1.08226e-15)
(22.2664 8.25586 -2.08763e-16)
(22.1619 7.90871 1.63173e-15)
(22.087 7.54108 -1.67035e-15)
(22.0462 7.17956 0)
(22.0372 6.84042 -1.03422e-15)
(22.0556 6.52448 1.59426e-15)
(22.0956 6.23699 5.60224e-16)
(22.1509 5.98278 1.26483e-15)
(22.2176 5.75694 3.30587e-16)
(22.293 5.55487 -6.89868e-16)
(22.3754 5.37347 2.30761e-17)
(22.4647 5.20748 1.07849e-15)
(22.5614 5.05307 3.39864e-16)
(22.6668 4.90732 -2.60701e-17)
(22.7832 4.7676 -1.26521e-17)
(22.9133 4.63218 0)
(23.0603 4.50031 0)
(23.2279 4.3722 -5.8957e-16)
(23.4203 4.24902 0)
(23.6401 4.13436 1.09886e-17)
(23.8844 4.03517 5.47165e-17)
(24.1474 3.9584 -1.56519e-16)
(24.4257 3.90832 -9.0019e-17)
(24.7167 3.88833 -3.97554e-17)
(25.0171 3.90156 0)
(25.3233 3.95077 -1.07217e-17)
(25.6316 4.03826 8.05453e-17)
(25.9377 4.16594 0)
(26.2381 4.33575 4.64346e-17)
(26.5291 4.55029 0)
(26.808 4.81362 -4.22191e-16)
(27.068 5.13419 0)
(27.3064 5.52381 9.95476e-18)
(27.4863 6.00153 -1.14506e-15)
(27.6972 6.55613 -1.23342e-16)
(23.1475 9.42831 -8.64965e-18)
(23.3145 9.62692 0)
(23.5164 9.83294 0)
(23.7379 10.0318 8.40455e-17)
(23.9638 10.2055 1.5229e-16)
(24.2093 10.3668 -2.79349e-16)
(24.4638 10.5096 -1.59726e-17)
(24.72 10.6295 2.41481e-17)
(24.9809 10.7289 -2.49242e-17)
(25.242 10.8072 0)
(25.5024 10.8645 0)
(25.7636 10.9012 1.77452e-16)
(26.0246 10.917 4.68232e-16)
(26.286 10.9108 3.35149e-16)
(26.5483 10.8811 0)
(26.8108 10.8259 3.26854e-17)
(27.0728 10.7422 0)
(27.3324 10.6276 -5.45371e-16)
(27.5852 10.481 0)
(27.8265 10.2992 0)
(28.0493 10.0792 -5.28333e-16)
(28.2445 9.8194 1.41437e-16)
(28.4009 9.51945 -4.30001e-16)
(28.5058 9.18244 6.97325e-17)
(28.5465 8.80817 -1.98999e-16)
(28.5068 8.38907 1.61848e-17)
(28.3615 7.92198 1.52711e-17)
(28.0755 7.41603 0)
(27.6105 6.89715 1.03139e-16)
(26.941 6.39465 -1.7253e-16)
(26.0083 5.92526 3.1524e-17)
(24.7759 5.56757 9.52564e-17)
(23.2753 5.40749 -8.27809e-17)
(21.0834 5.09957 3.42793e-17)
(18.4844 4.32114 -8.33139e-16)
(14.9294 5.36591 0)
(6.86494 8.30287 0)
(-2.88277 11.6461 -1.37342e-15)
(-9.27294 13.2097 -1.23782e-15)
(22.9984 9.22578 -8.44047e-17)
(22.8617 9.01805 1.7306e-16)
(22.7213 8.76819 3.05761e-16)
(22.5816 8.48041 0)
(22.462 8.17598 0)
(22.3636 7.84622 -7.42668e-17)
(22.2934 7.49729 1.56104e-15)
(22.2558 7.15448 4.18453e-16)
(22.2486 6.83334 1.30551e-15)
(22.2671 6.53468 -1.44184e-15)
(22.3059 6.26346 -1.59668e-15)
(22.359 6.02432 -3.00973e-17)
(22.4224 5.81253 0)
(22.4938 5.62367 0)
(22.5711 5.45474 6.39912e-16)
(22.6543 5.30069 -3.2128e-16)
(22.7439 5.15776 -3.27607e-16)
(22.8411 5.02308 -6.33588e-16)
(22.948 4.89405 -4.88766e-18)
(23.0671 4.76871 0)
(23.2014 4.6462 -2.76477e-16)
(23.3546 4.52644 4.1513e-16)
(23.5308 4.41029 1.27188e-16)
(23.7329 4.30097 1.0427e-17)
(23.9582 4.20508 -2.54408e-16)
(24.2017 4.12933 8.9435e-18)
(24.4603 4.07789 1.30082e-16)
(24.7318 4.05412 4.14295e-18)
(25.0134 4.0612 -1.45606e-17)
(25.3019 4.10213 6.71958e-18)
(25.5938 4.17955 -6.68487e-17)
(25.8851 4.29582 0)
(26.172 4.4533 -1.85736e-17)
(26.4508 4.65493 7.93022e-17)
(26.7178 4.90506 1.75712e-16)
(26.9659 5.21149 -4.25288e-17)
(27.1906 5.58549 -6.39412e-18)
(27.3568 6.04337 0)
(27.5417 6.57698 -2.28776e-15)
(23.2966 9.2908 -2.74483e-17)
(23.4552 9.47964 -2.02552e-17)
(23.647 9.67539 4.16953e-17)
(23.8574 9.86421 -2.43562e-16)
(24.0718 10.029 1.95611e-16)
(24.3047 10.1817 4.99245e-17)
(24.5458 10.3168 -1.65542e-17)
(24.7882 10.43 1.61453e-17)
(25.0345 10.5236 -1.47641e-17)
(25.2805 10.5973 -5.81265e-17)
(25.5252 10.6511 -1.35334e-16)
(25.77 10.6854 1.25219e-17)
(26.0139 10.7002 -1.85081e-16)
(26.2574 10.6943 -2.13078e-16)
(26.5008 10.6667 3.99618e-17)
(26.7433 10.6154 -2.72735e-16)
(26.9842 10.538 -3.93285e-16)
(27.2216 10.432 -4.80127e-16)
(27.451 10.2974 9.05114e-16)
(27.6679 10.1316 0)
(27.8657 9.93248 5.07327e-16)
(28.0359 9.69932 1.23494e-16)
(28.1685 9.43284 -2.42117e-16)
(28.2524 9.13693 1.19858e-16)
(28.2767 8.81227 1.25508e-16)
(28.2274 8.45248 2.7753e-17)
(28.0829 8.05533 -4.12252e-17)
(27.8122 7.62953 2.21453e-17)
(27.3798 7.19894 1.41124e-17)
(26.763 6.7899 -6.70135e-17)
(25.9052 6.41099 1.90885e-16)
(24.756 6.15301 3.61034e-18)
(23.3624 6.11926 1.32844e-16)
(21.292 5.93261 0)
(18.6629 5.56199 9.55553e-16)
(15.298 7.45847 -1.82086e-16)
(7.65149 10.848 1.2667e-15)
(-2.87908 14.2004 1.28743e-15)
(-10.3667 14.8358 -1.57558e-15)
(23.1552 9.0982 -8.92832e-17)
(23.0255 8.90077 -3.28067e-16)
(22.8922 8.66322 -6.17392e-16)
(22.7598 8.38971 -1.85729e-16)
(22.6467 8.10043 3.29367e-16)
(22.554 7.78721 -1.35387e-15)
(22.4885 7.456 -3.44443e-16)
(22.454 7.13093 7.33126e-16)
(22.4484 6.82689 -2.0331e-15)
(22.4671 6.54459 8.79463e-16)
(22.5049 6.2888 0)
(22.5559 6.06391 -1.01869e-15)
(22.6164 5.86537 1.04546e-15)
(22.6839 5.68893 0)
(22.7566 5.5317 5.62433e-16)
(22.8344 5.38882 -1.1372e-15)
(22.9175 5.25664 2.87763e-16)
(23.0072 5.13235 -4.16727e-18)
(23.1055 5.01332 5.49881e-16)
(23.2146 4.89751 -2.72133e-16)
(23.3376 4.78395 2.56971e-16)
(23.4776 4.67235 2.45102e-16)
(23.639 4.56329 -1.09657e-16)
(23.8246 4.45959 1.04602e-16)
(24.0322 4.36752 1.94017e-16)
(24.2573 4.29354 8.79721e-17)
(24.4972 4.24167 -7.51766e-17)
(24.7498 4.21518 3.26352e-17)
(25.013 4.21726 -3.32095e-18)
(25.2839 4.25106 0)
(25.5592 4.31946 6.34076e-17)
(25.8352 4.42516 -3.85518e-17)
(26.1082 4.57088 1.32519e-20)
(26.374 4.75988 -2.55802e-17)
(26.6284 4.99667 1.28156e-17)
(26.8639 5.2885 2.07781e-16)
(27.0749 5.64618 -5.82664e-16)
(27.2278 6.08319 -9.32432e-16)
(27.3884 6.59328 0)
(23.4374 9.16039 3.97004e-17)
(23.5879 9.33995 -2.45454e-17)
(23.77 9.526 -1.34076e-16)
(23.9698 9.70539 -6.74573e-18)
(24.1733 9.8617 -1.03164e-16)
(24.3942 10.0064 0)
(24.6225 10.1343 4.64671e-17)
(24.8517 10.2413 1.65956e-17)
(25.0842 10.3297 6.66345e-17)
(25.316 10.3992 0)
(25.5459 10.4499 -3.10436e-16)
(25.7753 10.4823 4.11584e-16)
(26.0031 10.4964 0)
(26.2297 10.4913 3.66724e-17)
(26.4553 10.4661 -2.8083e-16)
(26.6793 10.4191 9.41607e-16)
(26.9004 10.3482 6.93303e-16)
(27.1173 10.251 0)
(27.3252 10.1286 -3.65594e-17)
(27.5198 9.97877 4.02062e-16)
(27.6949 9.80028 0)
(27.8428 9.59321 -2.14905e-16)
(27.9546 9.35906 4.09444e-16)
(28.0206 9.1024 0)
(28.0317 8.82451 0)
(27.976 8.52018 2.37055e-17)
(27.8346 8.1881 -2.31628e-17)
(27.5804 7.83673 0)
(27.1813 7.4887 0)
(26.6159 7.16993 1.6175e-17)
(25.8319 6.88565 -1.32974e-16)
(24.7724 6.72921 -7.85669e-18)
(23.5019 6.8238 -1.74935e-16)
(21.5879 6.789 4.09008e-16)
(19.0182 6.80379 -1.30069e-15)
(16.0536 9.43142 0)
(9.32669 13.3525 -2.30196e-15)
(-1.60481 16.5654 -9.53473e-17)
(-10.5689 16.2714 1.38056e-15)
(23.3031 8.97727 0)
(23.1801 8.78965 1.48206e-16)
(23.0536 8.56385 -6.40775e-16)
(22.9281 8.30392 0)
(22.8212 8.02904 3.12383e-16)
(22.734 7.73152 5.60032e-16)
(22.6728 7.41715 2.93423e-16)
(22.6413 7.10894 0)
(22.6372 6.82109 -3.57812e-16)
(22.6562 6.5543 1.86462e-15)
(22.6931 6.3131 3.94484e-16)
(22.7422 6.10169 4.4832e-16)
(22.7999 5.91565 -9.46106e-16)
(22.8639 5.7509 0)
(22.9324 5.60465 -4.93072e-16)
(23.0051 5.47223 2.6327e-16)
(23.0824 5.3501 2.48962e-16)
(23.1654 5.23552 -1.40491e-17)
(23.2558 5.12584 2.43718e-16)
(23.3559 5.01905 -4.8777e-16)
(23.4685 4.91404 -4.59155e-16)
(23.5966 4.81042 4.31186e-16)
(23.7443 4.70842 1.03726e-17)
(23.9146 4.61048 2.71686e-16)
(24.1058 4.52256 -2.57218e-16)
(24.3136 4.45092 3.70623e-17)
(24.5356 4.39941 -3.42282e-17)
(24.7702 4.37117 -3.09672e-17)
(25.0155 4.36933 1.99123e-19)
(25.269 4.39709 -4.02352e-17)
(25.5276 4.45749 0)
(25.7881 4.55347 3.65923e-17)
(26.0465 4.68808 0)
(26.2987 4.86479 -2.16309e-17)
(26.5399 5.08822 1.05341e-17)
(26.7624 5.36516 -2.33631e-16)
(26.9596 5.70564 0)
(27.0991 6.12106 7.99687e-16)
(27.2385 6.60602 0)
(23.5703 9.03676 1.19926e-17)
(23.7131 9.20748 -3.96277e-18)
(23.886 9.3843 5.86291e-17)
(24.0757 9.55474 2.18862e-16)
(24.2687 9.70307 9.13536e-17)
(24.4782 9.84031 1.76398e-16)
(24.6945 9.9615 -1.63487e-17)
(24.9111 10.0628 -1.28864e-17)
(25.1305 10.1464 -5.67234e-17)
(25.3487 10.2122 -2.29745e-17)
(25.5647 10.2602 3.85754e-16)
(25.7796 10.2911 1.95912e-17)
(25.9922 10.3049 0)
(26.2031 10.301 3.99915e-16)
(26.4122 10.2785 -2.44566e-16)
(26.6189 10.2361 2.54874e-16)
(26.8219 10.172 -5.43886e-17)
(27.0199 10.0839 -3.70208e-16)
(27.208 9.97358 -4.05485e-16)
(27.3825 9.83967 -2.17912e-16)
(27.5373 9.68144 1.79748e-16)
(27.6656 9.4997 0)
(27.7595 9.2966 -1.92976e-16)
(27.8106 9.0772 -1.71533e-16)
(27.8116 8.84319 -8.32382e-17)
(27.7523 8.59042 -7.86451e-17)
(27.6163 8.31871 8.9962e-18)
(27.3803 8.03637 6.25552e-17)
(27.0156 7.76516 -3.03171e-17)
(26.5029 7.53177 1.94889e-16)
(25.7934 7.34325 -3.12948e-17)
(24.8306 7.29025 1.02246e-17)
(23.6946 7.51078 -1.97617e-16)
(21.9767 7.64606 -3.76051e-16)
(19.5434 7.99546 1.16905e-15)
(17.0971 11.1639 -1.10172e-15)
(11.7111 15.7149 5.05959e-18)
(1.27831 18.6844 -8.73384e-16)
(-9.43597 17.5272 -2.23837e-15)
(23.4429 8.86268 -2.82549e-16)
(23.326 8.68441 6.12836e-17)
(23.206 8.46982 1.19144e-15)
(23.087 8.22282 -5.31069e-16)
(22.9861 7.96165 2.60641e-16)
(22.9041 7.67905 -1.07166e-15)
(22.847 7.38067 -1.58957e-15)
(22.8184 7.08843 5.72537e-16)
(22.8158 6.81595 0)
(22.835 6.56385 -1.39673e-15)
(22.871 6.33649 -7.62435e-16)
(22.9183 6.13785 -7.79427e-16)
(22.9735 5.96359 1.41622e-17)
(23.0343 5.80978 4.51065e-16)
(23.0989 5.67382 1.10103e-17)
(23.1669 5.55117 2.31147e-16)
(23.2389 5.43845 -6.9727e-16)
(23.3156 5.33294 -2.33127e-16)
(23.3989 5.23207 0)
(23.4909 5.13376 -2.11058e-16)
(23.594 5.03694 2.08724e-16)
(23.7112 4.94097 -5.79183e-16)
(23.8464 4.84586 3.72744e-16)
(24.0027 4.7537 -2.53685e-16)
(24.1785 4.67021 2.39974e-16)
(24.37 4.60141 1.38583e-16)
(24.5751 4.55094 2.78881e-18)
(24.7925 4.52177 0)
(25.0204 4.51695 2.03358e-19)
(25.2568 4.53962 3.81926e-17)
(25.499 4.59295 -5.54162e-17)
(25.7436 4.68004 8.38868e-17)
(25.9872 4.80415 -4.49359e-17)
(26.2253 4.96892 -3.06538e-17)
(26.4529 5.17902 -3.85013e-17)
(26.6621 5.44075 3.80554e-17)
(26.8455 5.76354 0)
(26.9724 6.15664 0)
(27.092 6.61493 0)
(23.6958 8.91957 -1.12979e-17)
(23.8314 9.08185 1.46014e-16)
(23.9954 9.2499 2.57065e-16)
(24.1755 9.41186 -2.15823e-17)
(24.3586 9.55267 -2.3564e-16)
(24.5571 9.68285 -1.02315e-16)
(24.7619 9.79781 8.12849e-17)
(24.9667 9.89384 6.29985e-17)
(25.1737 9.97308 -7.56011e-17)
(25.3792 10.0356 9.99428e-17)
(25.582 10.0813 -3.23381e-17)
(25.7832 10.1111 -3.61064e-17)
(25.9818 10.125 0)
(26.1779 10.1226 0)
(26.3718 10.1031 -2.12664e-16)
(26.5624 10.0656 4.69468e-16)
(26.7488 10.0085 -8.30359e-16)
(26.9295 9.92955 2.73805e-16)
(27.0999 9.8314 3.05655e-16)
(27.2562 9.71313 -3.06252e-16)
(27.3932 9.57462 0)
(27.5045 9.41731 3.04744e-16)
(27.5833 9.24381 -1.5043e-16)
(27.6225 9.05952 3.89085e-16)
(27.6163 8.86646 4.0671e-18)
(27.5561 8.66137 5.82393e-17)
(27.428 8.44532 8.09741e-18)
(27.2117 8.22662 -5.60137e-17)
(26.8829 8.02627 2.5216e-17)
(26.4251 7.87159 -1.07682e-17)
(25.793 7.77377 -5.31982e-17)
(24.934 7.82157 -3.01946e-17)
(23.9397 8.15991 1.90528e-16)
(22.4504 8.46988 -2.16162e-16)
(20.2296 9.09173 -9.93098e-17)
(18.3267 12.5797 9.20331e-17)
(14.512 17.7109 1.71754e-15)
(5.72812 20.5346 7.69316e-16)
(-6.31543 18.7229 1.9959e-15)
(23.5748 8.75413 1.09905e-16)
(23.4638 8.58479 0)
(23.3498 8.3809 -2.07022e-17)
(23.2371 8.14622 0)
(23.1418 7.89809 9.38166e-16)
(23.0647 7.62969 0)
(23.0116 7.3465 9.79207e-16)
(22.9857 7.06943 4.86955e-16)
(22.9845 6.81151 5.5752e-16)
(23.0039 6.57333 0)
(23.0392 6.35907 6.27049e-16)
(23.0848 6.17245 1.44855e-15)
(23.1376 6.00922 0)
(23.1954 5.86574 1.40687e-17)
(23.2563 5.73938 5.10594e-18)
(23.3201 5.62593 6.22612e-16)
(23.3871 5.52197 0)
(23.4582 5.42499 4.01e-16)
(23.535 5.33231 -4.01332e-16)
(23.6195 5.24204 0)
(23.714 5.15295 -1.80986e-16)
(23.8212 5.06429 5.28645e-16)
(23.945 4.97585 -3.26403e-16)
(24.0883 4.88946 1.47543e-16)
(24.2498 4.8106 0)
(24.4261 4.745 -1.31555e-16)
(24.6152 4.69613 5.90241e-17)
(24.8161 4.66674 0)
(25.0274 4.65974 5.47001e-18)
(25.2471 4.67824 3.42018e-17)
(25.4729 4.7254 5.26213e-17)
(25.7018 4.80442 -7.99863e-17)
(25.9302 4.91867 7.44095e-18)
(26.1539 5.07193 2.79869e-18)
(26.3676 5.26884 8.96823e-17)
(26.5633 5.51524 0)
(26.733 5.81983 4.69164e-16)
(26.8473 6.19022 0)
(26.95 6.6211 -1.01674e-16)
(23.8142 8.80854 1.11766e-17)
(23.9429 8.96277 0)
(24.0987 9.12244 -2.05187e-16)
(24.2696 9.27633 1.72177e-16)
(24.4432 9.41001 1.32289e-16)
(24.6314 9.53362 -1.11872e-16)
(24.8253 9.64276 -1.07279e-16)
(25.0188 9.73392 2.29842e-17)
(25.2141 9.80922 6.09997e-17)
(25.4076 9.86875 1.50885e-16)
(25.598 9.91261 -2.86224e-16)
(25.7865 9.94164 1.56815e-16)
(25.9719 9.95598 2.23479e-16)
(26.1544 9.95528 2.76783e-16)
(26.3341 9.93912 0)
(26.5101 9.90656 -3.9146e-16)
(26.6813 9.85662 0)
(26.8464 9.78705 -8.49112e-16)
(27.0008 9.70087 2.66925e-16)
(27.1412 9.59786 2.9289e-16)
(27.2626 9.47841 0)
(27.3595 9.34446 -2.91623e-16)
(27.4259 9.19898 2.80194e-16)
(27.456 9.04756 -2.74774e-16)
(27.4454 8.8924 0)
(27.3869 8.73103 0)
(27.2689 8.56578 0)
(27.0744 8.40511 2.15327e-17)
(26.7823 8.26908 -2.09815e-17)
(26.3813 8.18543 -5.74828e-17)
(25.8303 8.16775 5.84105e-17)
(25.0807 8.30478 0)
(24.2345 8.7457 1.55896e-16)
(22.9918 9.21826 3.88913e-16)
(21.0535 10.0426 -8.50215e-16)
(19.689 13.6333 9.72568e-16)
(17.4704 19.1625 -7.45289e-16)
(11.2152 22.1112 0)
(-0.587998 19.8717 -2.75045e-15)
(23.6993 8.65136 -1.75366e-17)
(23.5939 8.49054 -1.07103e-16)
(23.4856 8.29684 -2.98206e-16)
(23.3789 8.07388 0)
(23.2889 7.8382 -8.78697e-16)
(23.2165 7.58332 -1.61591e-15)
(23.1671 7.31455 4.32139e-16)
(23.1437 7.05188 -1.4049e-15)
(23.1438 6.80776 0)
(23.1635 6.58276 1.05138e-15)
(23.1979 6.38089 -1.2126e-15)
(23.242 6.20555 6.34675e-16)
(23.2926 6.05275 -3.39214e-16)
(23.3476 5.91891 -7.01352e-16)
(23.4051 5.80162 1.1841e-17)
(23.465 5.69673 -6.90525e-18)
(23.5274 5.601 1.91148e-16)
(23.5933 5.51192 0)
(23.6642 5.42694 0)
(23.7418 5.34419 0)
(23.8284 5.26233 0)
(23.9266 5.18063 1.53355e-16)
(24.0399 5.09865 1.43398e-16)
(24.1712 5.01801 -7.4764e-18)
(24.3194 4.94389 0)
(24.4814 4.88176 0)
(24.6555 4.83488 0)
(24.8407 4.80582 -5.32984e-18)
(25.036 4.79735 1.42509e-17)
(25.2395 4.81246 -5.54949e-17)
(25.4493 4.85423 -3.36481e-17)
(25.6626 4.92592 0)
(25.8758 5.03094 2.92369e-17)
(26.0849 5.17309 0)
(26.2844 5.35696 -8.53226e-17)
(26.4665 5.58795 0)
(26.6227 5.8741 -4.47561e-16)
(26.7255 6.22138 7.58235e-17)
(26.8126 6.62421 -7.5682e-17)
(23.9261 8.70338 -2.45704e-17)
(24.0483 8.8499 3.22027e-17)
(24.1961 9.00158 -1.77048e-16)
(24.3583 9.1478 -6.57671e-18)
(24.523 9.27475 -3.65554e-16)
(24.7013 9.39213 1.73088e-16)
(24.8848 9.49583 -1.33749e-16)
(25.0678 9.58251 3.28519e-17)
(25.252 9.65421 4.64418e-17)
(25.4342 9.71115 -1.42767e-16)
(25.6131 9.75344 1.2975e-16)
(25.7896 9.78198 -1.34845e-16)
(25.9628 9.79701 -2.11728e-16)
(26.1328 9.79829 -7.71952e-16)
(26.2995 9.7856 2.80751e-16)
(26.4621 9.75817 1.08336e-15)
(26.6197 9.71536 -7.83032e-16)
(26.7707 9.65525 2.06163e-16)
(26.911 9.58082 4.80796e-16)
(27.0374 9.49259 2.27858e-16)
(27.1455 9.3914 2.30696e-16)
(27.2305 9.2796 2.28021e-16)
(27.2872 9.16039 1.17093e-16)
(27.3108 9.03941 -2.23605e-16)
(27.2983 8.91901 -1.04207e-16)
(27.244 8.79735 -6.07788e-17)
(27.1383 8.67782 1.2002e-17)
(26.9672 8.56926 0)
(26.7127 8.49034 0)
(26.3687 8.4695 0)
(25.9021 8.51991 7.66728e-18)
(25.2644 8.72651 -5.6404e-18)
(24.5699 9.24725 -2.81533e-16)
(23.5847 9.85606 4.56374e-17)
(21.9665 10.8042 7.11286e-16)
(21.1213 14.296 0)
(20.411 19.9547 -4.87714e-16)
(17.0052 23.1385 -1.34006e-16)
(7.19532 20.7794 5.16881e-15)
(23.8168 8.5541 3.96662e-18)
(23.7167 8.40139 0)
(23.6138 8.21737 6.62953e-16)
(23.5128 8.00558 -1.13251e-15)
(23.4279 7.78176 1.11349e-15)
(23.3599 7.53976 1.51574e-15)
(23.314 7.28474 0)
(23.293 7.03575 2.02362e-15)
(23.2943 6.80472 -2.63957e-15)
(23.3141 6.59221 -1.93032e-15)
(23.3478 6.402 5.24317e-16)
(23.3904 6.23733 0)
(23.4389 6.09432 5.95979e-16)
(23.4912 5.96954 -6.29442e-16)
(23.5456 5.86077 1.86906e-17)
(23.6018 5.76386 -6.60551e-16)
(23.66 5.67581 6.58075e-16)
(23.7212 5.59406 0)
(23.7866 5.51629 0)
(23.858 5.44049 -3.03835e-16)
(23.9373 5.3655 4.44749e-16)
(24.0271 5.29037 0)
(24.1308 5.2146 -3.91642e-16)
(24.251 5.13962 1.19105e-16)
(24.3869 5.07026 0)
(24.5355 5.01174 1.01699e-16)
(24.6955 4.96715 0)
(24.8659 4.93888 -2.03354e-17)
(25.0458 4.92954 -8.13075e-18)
(25.2338 4.94192 -4.80102e-18)
(25.428 4.97905 7.71772e-17)
(25.6258 5.04412 -7.42844e-18)
(25.8239 5.14054 -1.14153e-17)
(26.0183 5.27208 0)
(26.2036 5.44317 -2.41603e-17)
(26.372 5.65884 6.35659e-17)
(26.5151 5.92641 2.68958e-16)
(26.6067 6.25054 1.20823e-16)
(26.6807 6.62535 9.4852e-17)
(24.0317 8.6038 1.18573e-18)
(24.1477 8.74295 -5.09352e-17)
(24.288 8.88701 2.11367e-16)
(24.442 9.02592 -8.28376e-17)
(24.5982 9.14648 1.63729e-16)
(24.7672 9.25801 0)
(24.9409 9.35662 -3.10663e-17)
(25.1138 9.4391 3.20307e-17)
(25.2877 9.50754 -8.64805e-18)
(25.4592 9.56218 3.24409e-17)
(25.6274 9.60316 7.63572e-17)
(25.7929 9.63147 -2.55037e-16)
(25.9548 9.64739 -3.3413e-16)
(26.1132 9.65082 6.42663e-16)
(26.2681 9.6417 0)
(26.4186 9.61945 -2.75728e-17)
(26.5638 9.5837 3.72399e-16)
(26.7024 9.53287 -4.25675e-16)
(26.8305 9.46988 4.01781e-16)
(26.9449 9.39589 -1.06001e-15)
(27.0419 9.31206 -1.51532e-17)
(27.1172 9.22106 -2.17872e-16)
(27.1667 9.12626 -2.93453e-16)
(27.1863 9.03316 2.02791e-16)
(27.1743 8.94425 5.38616e-17)
(27.1263 8.85818 7.07014e-17)
(27.0346 8.77917 -1.57298e-17)
(26.8886 8.71649 -1.06597e-17)
(26.6726 8.68702 8.67895e-17)
(26.384 8.71988 -3.49742e-17)
(26.0023 8.82779 1.27926e-17)
(25.477 9.08229 -3.72862e-17)
(24.9288 9.65281 2.54728e-16)
(24.2107 10.3658 0)
(22.921 11.3585 -4.82492e-16)
(22.5027 14.5622 3.85888e-16)
(23.132 20.0516 5.71484e-16)
(22.5025 23.4499 1.9562e-16)
(15.6443 21.1743 -2.33534e-15)
(23.9278 8.46204 -9.16969e-17)
(23.8326 8.31704 7.97672e-17)
(23.735 8.14223 -1.21834e-15)
(23.6394 7.94105 1.35762e-15)
(23.5593 7.72855 -2.02662e-15)
(23.4955 7.49885 -1.28419e-15)
(23.4528 7.25691 -3.43151e-16)
(23.4339 7.02096 -1.14893e-15)
(23.4362 6.80236 1.64257e-15)
(23.4561 6.60168 4.69067e-17)
(23.489 6.42251 0)
(23.5302 6.26788 -5.04504e-16)
(23.5768 6.13405 5.36223e-16)
(23.6266 6.01784 1.14376e-17)
(23.678 5.91697 -5.68319e-16)
(23.7308 5.82754 8.66423e-16)
(23.7852 5.74656 -4.45746e-16)
(23.8419 5.67168 -1.45854e-16)
(23.9023 5.60054 4.25541e-16)
(23.968 5.53131 0)
(24.0407 5.46269 -1.36649e-16)
(24.1229 5.39377 -1.22269e-16)
(24.2177 5.32398 2.36391e-16)
(24.3277 5.25446 -3.32041e-16)
(24.4521 5.18979 1.05661e-16)
(24.5883 5.13497 -5.18469e-17)
(24.7349 5.0929 -4.48236e-17)
(24.8913 5.06579 1.93203e-17)
(25.0567 5.05603 0)
(25.2297 5.06626 -2.61441e-17)
(25.4087 5.09937 4.04944e-17)
(25.5914 5.15845 0)
(25.7746 5.24683 2.96559e-17)
(25.9544 5.36821 0)
(26.1255 5.52681 0)
(26.2806 5.72728 0)
(26.4109 5.97626 -3.4584e-16)
(26.4922 6.27728 4.15354e-16)
(26.5543 6.62413 0)
(24.1314 8.50948 5.62112e-17)
(24.2416 8.64159 1.98183e-17)
(24.3748 8.77838 -1.17502e-16)
(24.521 8.91035 -3.27223e-16)
(24.6692 9.02486 1.99082e-16)
(24.8294 9.13084 0)
(24.9938 9.22466 -1.19781e-16)
(25.1573 9.30328 3.10021e-17)
(25.3214 9.3687 2.2774e-17)
(25.483 9.42127 -1.31846e-16)
(25.6411 9.46118 9.54291e-17)
(25.7964 9.48944 5.29502e-17)
(25.9479 9.50641 5.84245e-17)
(26.0957 9.51209 -5.65796e-16)
(26.2399 9.50657 -4.33373e-16)
(26.3795 9.48946 1.13006e-18)
(26.5138 9.46061 -2.92772e-16)
(26.6414 9.41878 3.63321e-16)
(26.7589 9.36677 -5.49083e-16)
(26.8633 9.30635 2.06224e-16)
(26.9512 9.23891 -3.47189e-16)
(27.0192 9.16726 0)
(27.0637 9.09485 3.5063e-16)
(27.0817 9.02699 -8.31918e-17)
(27.0722 8.96613 4.43533e-17)
(27.0325 8.91147 3.66228e-17)
(26.9563 8.86768 -8.83236e-18)
(26.8361 8.84446 1.3451e-17)
(26.6594 8.85674 -2.40081e-17)
(26.4242 8.9332 4.09912e-17)
(26.1244 9.08893 -2.17801e-17)
(25.7114 9.37463 0)
(25.2939 9.96088 3.17674e-17)
(24.8389 10.7446 -1.24048e-16)
(23.8918 11.7255 5.42574e-16)
(23.7263 14.4828 -4.0673e-16)
(25.3499 19.5043 -3.0297e-16)
(27.1407 23.0068 2.93719e-16)
(23.4958 20.9635 2.40571e-15)
(24.0326 8.37486 6.85164e-17)
(23.9421 8.23718 -1.55026e-16)
(23.8495 8.07109 6.89837e-16)
(23.759 7.88 -9.35333e-16)
(23.6835 7.67831 1.54009e-15)
(23.6236 7.46035 6.0415e-17)
(23.5839 7.23094 -3.05974e-16)
(23.5669 7.00741 -9.55224e-16)
(23.5702 6.80063 1.38827e-15)
(23.59 6.61117 4.04153e-16)
(23.6222 6.44242 8.34155e-16)
(23.662 6.29727 -4.52452e-16)
(23.7066 6.1721 4.63769e-16)
(23.7541 6.06387 1.00932e-15)
(23.8027 5.97038 -1.02696e-15)
(23.8523 5.88785 5.09059e-16)
(23.9032 5.81347 2.53749e-16)
(23.9558 5.74492 -1.33588e-16)
(24.0116 5.67998 -1.31036e-16)
(24.072 5.61681 3.62661e-16)
(24.1386 5.55416 -2.40683e-16)
(24.2137 5.49111 6.80336e-18)
(24.3004 5.42693 1.02821e-16)
(24.401 5.36262 -1.01118e-16)
(24.5149 5.30256 8.88104e-17)
(24.6394 5.25149 0)
(24.7735 5.21211 1.91734e-17)
(24.9167 5.18643 1.41454e-17)
(25.0682 5.17664 3.96903e-18)
(25.2269 5.1852 1.08027e-18)
(25.3914 5.21484 -1.28818e-16)
(25.5593 5.26853 1.61287e-17)
(25.7279 5.34946 3.73175e-17)
(25.8933 5.46118 -8.20192e-18)
(26.0505 5.60769 1.7168e-17)
(26.1923 5.79323 -1.70581e-17)
(26.3103 6.02385 2.75057e-16)
(26.3819 6.30205 -7.61821e-16)
(26.4341 6.62159 0)
(24.2255 8.42009 -1.33117e-17)
(24.3303 8.54552 -3.82127e-18)
(24.4568 8.6754 6.35502e-17)
(24.5956 8.80075 2.41093e-16)
(24.7362 8.9095 -1.086e-16)
(24.888 9.01026 -2.63036e-17)
(25.0438 9.09959 5.71514e-19)
(25.1984 9.17456 -6.96006e-18)
(25.3533 9.23722 -2.16292e-17)
(25.5057 9.28793 7.3409e-17)
(25.6544 9.32694 1.2985e-16)
(25.8003 9.35527 2.07747e-16)
(25.9423 9.37338 2.73463e-16)
(26.0805 9.38133 3.11388e-16)
(26.2149 9.37937 7.86429e-16)
(26.3448 9.36729 -1.99517e-16)
(26.4695 9.3451 2.57439e-16)
(26.5876 9.31189 -3.14442e-16)
(26.6961 9.27033 6.3418e-16)
(26.7922 9.22268 -3.10111e-16)
(26.8731 9.17047 6.33097e-16)
(26.9358 9.1166 0)
(26.9774 9.06446 -1.5896e-16)
(26.9958 9.01911 -1.98754e-18)
(26.9908 8.98281 1.4376e-16)
(26.9608 8.95531 -3.3835e-17)
(26.9013 8.94149 0)
(26.8072 8.95117 -3.5532e-17)
(26.6697 8.99766 7.19253e-18)
(26.4864 9.1073 0)
(26.2622 9.29996 2.68502e-17)
(25.9597 9.60663 0)
(25.6562 10.178 -5.85429e-18)
(25.4298 10.9934 -1.45082e-16)
(24.8522 11.9423 3.37412e-16)
(24.7937 14.1698 1.82713e-16)
(26.8728 18.4612 3.32753e-16)
(30.4263 21.8928 -3.16315e-16)
(29.7686 20.2047 -4.09697e-15)
(24.1316 8.29224 0)
(24.0457 8.16148 -2.62115e-16)
(23.9577 8.00367 2.54431e-16)
(23.8722 7.82217 -2.60938e-16)
(23.801 7.63079 1.05763e-15)
(23.7447 7.42407 2.36679e-15)
(23.7078 7.20662 -7.65069e-16)
(23.6925 6.99496 6.26224e-16)
(23.6965 6.79946 -1.30721e-15)
(23.7162 6.62065 1.32882e-15)
(23.7475 6.46178 -7.25556e-16)
(23.7859 6.32556 4.00976e-16)
(23.8287 6.20851 -1.28757e-15)
(23.8739 6.10773 4.47411e-16)
(23.92 6.02109 6.77481e-16)
(23.9666 5.94498 -7.07779e-16)
(24.0141 5.87669 2.20843e-16)
(24.0631 5.814 -4.66826e-16)
(24.1146 5.75477 0)
(24.1701 5.69722 -3.30611e-16)
(24.2311 5.64013 3.17802e-16)
(24.2998 5.58251 1.03854e-16)
(24.3789 5.52359 -9.1605e-17)
(24.4709 5.46431 8.50623e-17)
(24.575 5.40875 -9.03971e-17)
(24.6887 5.36145 -7.88426e-17)
(24.8111 5.32488 -3.53898e-17)
(24.9418 5.3008 2.20449e-17)
(25.0802 5.29124 -7.16048e-18)
(25.2253 5.29849 2.25958e-17)
(25.3758 5.32512 1.04462e-16)
(25.5295 5.37392 0)
(25.6839 5.44791 -1.01132e-16)
(25.8353 5.55044 -2.31363e-17)
(25.9788 5.68524 -4.35115e-17)
(26.1079 5.85618 1.42176e-17)
(26.214 6.0687 -4.27801e-16)
(26.2769 6.32451 5.03473e-17)
(26.3202 6.61728 -9.9066e-16)
(24.3145 8.3353 -2.45432e-17)
(24.4141 8.45439 2.37812e-16)
(24.5342 8.57771 5.42462e-17)
(24.666 8.69678 -1.5448e-16)
(24.7995 8.8001 -6.96752e-17)
(24.9435 8.89591 0)
(25.091 8.98097 5.5117e-17)
(25.2373 9.05255 -1.01786e-16)
(25.3837 9.11263 2.35055e-17)
(25.5274 9.16164 -4.93352e-17)
(25.6676 9.19985 1.27655e-16)
(25.8047 9.22834 -1.45714e-16)
(25.938 9.24761 0)
(26.0675 9.25781 -2.5137e-17)
(26.1932 9.2593 1.50911e-16)
(26.3145 9.25202 -1.53505e-16)
(26.4308 9.23616 -4.84359e-16)
(26.5407 9.21111 2.72605e-16)
(26.6416 9.17936 -2.68471e-16)
(26.7311 9.14355 -2.66176e-16)
(26.8067 9.10531 -5.512e-16)
(26.8659 9.0675 0)
(26.9066 9.03345 -6.49389e-17)
(26.9273 9.0078 -6.34051e-17)
(26.9283 8.99261 5.75925e-17)
(26.9092 8.98802 0)
(26.8672 8.99898 0)
(26.7989 9.03507 1.11151e-17)
(26.6995 9.10841 -3.53339e-17)
(26.5666 9.24151 0)
(26.4106 9.45827 -2.56277e-17)
(26.2123 9.77837 0)
(26.0129 10.315 8.11087e-17)
(25.9561 11.1164 -4.05155e-17)
(25.7466 12.0327 -2.00571e-16)
(25.776 13.7524 -2.47729e-16)
(27.7766 17.1482 -1.34516e-16)
(32.1779 20.2887 0)
(33.8938 19.033 2.0507e-16)
(24.2251 8.21386 2.57878e-17)
(24.1436 8.08964 3.72393e-16)
(24.0602 7.93966 -5.33114e-16)
(23.9793 7.76729 -9.47348e-16)
(23.9121 7.58575 -1.93821e-15)
(23.8593 7.38977 -4.83661e-17)
(23.8249 7.18379 3.34396e-15)
(23.8111 6.98349 -1.04133e-15)
(23.8156 6.79874 5.62229e-16)
(23.835 6.63008 -1.25256e-15)
(23.8654 6.48057 3.72992e-17)
(23.9024 6.35277 3.575e-16)
(23.9434 6.24335 -3.80952e-16)
(23.9864 6.14953 3.85868e-16)
(24.03 6.06926 -2.10929e-16)
(24.0739 5.99908 2.01312e-16)
(24.1183 5.9364 0)
(24.1638 5.87912 0)
(24.2114 5.82515 0)
(24.2624 5.77279 1.93627e-16)
(24.3183 5.72081 -3.81318e-16)
(24.3811 5.66824 -1.75982e-16)
(24.4534 5.61431 1.77021e-16)
(24.5374 5.5598 -6.68424e-17)
(24.6323 5.50864 7.57276e-17)
(24.7359 5.46507 6.5758e-17)
(24.8474 5.43129 0)
(24.9664 5.40889 -2.75465e-17)
(25.0925 5.39973 -2.91017e-18)
(25.2248 5.40597 0)
(25.3618 5.42998 -6.31408e-17)
(25.5019 5.47435 -1.06936e-16)
(25.6425 5.54191 9.64662e-17)
(25.7803 5.63575 1.13295e-17)
(25.9106 5.75931 7.04495e-18)
(26.0273 5.91611 6.70575e-17)
(26.1223 6.111 2.46586e-16)
(26.177 6.34504 2.42027e-16)
(26.213 6.61214 7.52415e-16)
(24.3986 8.25477 -1.18003e-17)
(24.4932 8.36788 -7.70381e-17)
(24.6073 8.48499 0)
(24.7326 8.59811 1.89145e-16)
(24.8593 8.69627 6.01902e-18)
(24.9958 8.7874 8.94399e-17)
(25.1357 8.86845 -9.41816e-17)
(25.2742 8.93681 8.89822e-18)
(25.4126 8.99447 1.14646e-17)
(25.5484 9.04191 -5.76081e-17)
(25.6805 9.07942 -1.04724e-16)
(25.8097 9.1081 1.66845e-16)
(25.9351 9.12849 4.11979e-17)
(26.0567 9.14082 -4.79154e-16)
(26.1747 9.14558 -2.78289e-16)
(26.2884 9.14283 -2.98013e-16)
(26.3974 9.13289 0)
(26.5004 9.11543 0)
(26.5951 9.09274 -2.33411e-16)
(26.6795 9.06775 2.67061e-16)
(26.7513 9.04207 3.66849e-16)
(26.8087 9.01857 -4.60409e-16)
(26.85 9.00033 2.24378e-16)
(26.8745 8.99157 5.78646e-17)
(26.8828 8.99402 -5.49786e-17)
(26.8754 9.00814 0)
(26.8511 9.03888 -2.57259e-18)
(26.8082 9.09516 2.504e-18)
(26.7447 9.18814 2.72071e-17)
(26.6599 9.33624 1.97559e-17)
(26.5651 9.56399 3.03912e-17)
(26.4593 9.88825 -3.06678e-17)
(26.3598 10.3818 1.85257e-18)
(26.4147 11.1258 5.93695e-17)
(26.5105 12.0007 -6.738e-17)
(26.6998 13.3147 0)
(28.3375 15.8022 6.13948e-17)
(32.6667 18.4384 -3.56285e-17)
(35.8618 17.6058 1.75243e-15)
(24.3137 8.13938 -2.67735e-16)
(24.2364 8.02136 3.15645e-16)
(24.1573 7.87882 1.99238e-16)
(24.0808 7.71514 2.52953e-16)
(24.0173 7.54299 8.87874e-16)
(23.9677 7.35728 -1.28551e-15)
(23.9356 7.16225 -3.01213e-15)
(23.9231 6.97281 -4.70059e-16)
(23.928 6.79835 1.01004e-15)
(23.947 6.63935 1.0595e-15)
(23.9763 6.49875 6.08525e-16)
(24.0118 6.37891 -6.43114e-16)
(24.051 6.27666 9.93893e-16)
(24.092 6.18935 -7.14407e-16)
(24.1332 6.11499 -3.67477e-16)
(24.1745 6.05029 -5.56641e-16)
(24.2161 5.9928 5.54418e-16)
(24.2583 5.94047 3.63551e-16)
(24.3023 5.89133 -3.65243e-16)
(24.3492 5.84371 2.57801e-16)
(24.4004 5.79645 -2.37667e-18)
(24.4577 5.74859 0)
(24.5237 5.69931 6.82371e-17)
(24.6003 5.64935 1.44746e-16)
(24.6867 5.60244 6.3424e-17)
(24.7809 5.56244 -4.62167e-18)
(24.8823 5.53135 -5.80091e-17)
(24.9906 5.51065 1.27234e-17)
(25.1051 5.50205 2.76711e-18)
(25.2251 5.50751 -1.62522e-17)
(25.3495 5.52921 7.37878e-17)
(25.4765 5.56955 6.78667e-17)
(25.604 5.6311 1.66888e-17)
(25.7287 5.71671 -1.18432e-18)
(25.8464 5.8295 1.18195e-18)
(25.9513 5.97262 -3.6991e-17)
(26.0357 6.15041 3.68271e-17)
(26.0831 6.36342 0)
(26.1125 6.60574 5.98189e-16)
(24.4781 8.17822 -6.40702e-17)
(24.568 8.28565 -9.27303e-17)
(24.6764 8.3969 2.43231e-16)
(24.7954 8.50438 -2.71084e-16)
(24.9158 8.59768 3.3419e-16)
(25.0454 8.68437 -2.80966e-16)
(25.178 8.76161 -4.80269e-17)
(25.3092 8.82695 1.28022e-16)
(25.4402 8.88234 7.77248e-18)
(25.5686 8.92828 0)
(25.6934 8.96512 0)
(25.8153 8.99397 -9.72523e-17)
(25.9335 9.01539 -1.74866e-16)
(26.0481 9.02972 1.93991e-16)
(26.1592 9.03749 5.42574e-16)
(26.2663 9.03891 3.11303e-17)
(26.369 9.03441 0)
(26.4662 9.02388 0)
(26.5561 9.00941 4.14524e-16)
(26.6366 8.9941 4.29788e-16)
(26.706 8.97956 -7.36736e-18)
(26.763 8.96848 -9.25116e-17)
(26.8063 8.96378 -4.43459e-18)
(26.8356 8.96908 9.40877e-17)
(26.8521 8.98578 2.71999e-19)
(26.8568 9.01457 -4.41821e-17)
(26.85 9.06029 4.62631e-18)
(26.8314 9.13097 -4.50503e-18)
(26.8012 9.23672 -2.58394e-17)
(26.7609 9.39242 -8.40051e-17)
(26.7208 9.6199 2.31831e-17)
(26.6925 9.93673 2.74957e-17)
(26.6866 10.3849 -2.32203e-17)
(26.8168 11.0425 5.96993e-18)
(27.1128 11.8492 6.01712e-17)
(27.5114 12.8758 -6.42188e-17)
(28.8002 14.5868 -1.29568e-16)
(32.447 16.5889 0)
(36.1764 16.0804 1.37551e-15)
(24.3976 8.06855 9.38372e-17)
(24.3243 7.95641 -4.01609e-16)
(24.2494 7.82093 1.6878e-16)
(24.1769 7.66556 3.93486e-17)
(24.117 7.50232 0)
(24.0703 7.32641 1.45695e-15)
(24.0403 7.14186 8.06039e-17)
(24.0289 6.96281 0)
(24.034 6.79816 4.5333e-16)
(24.0525 6.64839 -2.42507e-15)
(24.0807 6.51625 0)
(24.1146 6.40395 1.12543e-15)
(24.152 6.30847 -1.22899e-15)
(24.1909 6.22723 3.25632e-16)
(24.2299 6.15837 3.16218e-16)
(24.2687 6.09875 3.2623e-16)
(24.3075 6.04601 -5.04687e-16)
(24.3468 5.99822 -3.2413e-16)
(24.3875 5.95348 3.25792e-16)
(24.4306 5.91022 2.27213e-16)
(24.4775 5.86729 -4.56252e-16)
(24.5298 5.82376 0)
(24.5899 5.77883 -8.51665e-18)
(24.6596 5.73317 -1.21264e-16)
(24.7382 5.69019 -4.09132e-18)
(24.8239 5.65353 -5.63179e-17)
(24.9159 5.62505 -2.34136e-17)
(25.014 5.60608 2.34772e-17)
(25.1177 5.59816 0)
(25.2262 5.60305 0)
(25.3386 5.62273 -2.67367e-17)
(25.4533 5.65937 3.76462e-17)
(25.5682 5.71532 -5.51828e-17)
(25.6805 5.79315 8.63321e-18)
(25.786 5.89568 -1.58701e-17)
(25.8797 6.0257 1.52627e-17)
(25.9543 6.18708 0)
(25.9949 6.37993 -6.04595e-17)
(26.019 6.59883 -5.11441e-16)
(24.5535 8.10535 3.41065e-17)
(24.6389 8.20744 0)
(24.7417 8.31314 7.17293e-17)
(24.8548 8.41529 3.83003e-18)
(24.9691 8.50396 -1.8558e-16)
(25.0922 8.58646 1.87845e-16)
(25.2181 8.66012 2.96646e-18)
(25.3424 8.72256 -4.71968e-17)
(25.4666 8.77578 -2.20783e-17)
(25.5882 8.8203 -6.9357e-17)
(25.7063 8.85648 4.93862e-17)
(25.8215 8.88543 3.21285e-16)
(25.9332 8.90777 -1.536e-16)
(26.0415 8.92388 0)
(26.1465 8.93437 0)
(26.2479 8.93954 -2.55567e-16)
(26.3453 8.93992 3.20142e-16)
(26.4378 8.9356 2.2031e-18)
(26.5237 8.92843 -3.91138e-16)
(26.6016 8.92162 0)
(26.6698 8.9167 0)
(26.7275 8.9162 8.56393e-17)
(26.7738 8.92269 9.10531e-17)
(26.8088 8.93929 -1.34187e-16)
(26.8339 8.96696 8.40992e-19)
(26.8507 9.00661 0)
(26.8608 9.06282 4.35029e-18)
(26.865 9.14265 0)
(26.865 9.2549 0)
(26.8642 9.41161 -2.27185e-17)
(26.8725 9.63029 1.77405e-17)
(26.9066 9.92828 -2.92234e-17)
(26.981 10.3297 2.15175e-17)
(27.17 10.8902 0)
(27.5676 11.5965 0)
(28.1429 12.4189 1.63801e-16)
(29.2363 13.557 7.99769e-17)
(32.0311 14.9249 -1.21238e-16)
(35.5634 14.5988 -1.4135e-15)
(24.4771 8.00112 3.84995e-18)
(24.4076 7.89458 1.70846e-16)
(24.3367 7.76587 -6.18506e-16)
(24.2679 7.61841 -3.23874e-16)
(24.2113 7.46367 -1.96953e-17)
(24.1674 7.29707 -1.0467e-15)
(24.1394 7.12248 7.2124e-17)
(24.1289 6.95335 0)
(24.1341 6.79807 0)
(24.1519 6.65708 8.90831e-16)
(24.1788 6.533 4.70279e-16)
(24.2112 6.42786 -1.53568e-15)
(24.2467 6.33875 0)
(24.2836 6.26323 -5.58189e-16)
(24.3203 6.19948 2.85818e-16)
(24.3568 6.14454 2.9088e-16)
(24.3931 6.09617 -2.97925e-16)
(24.4296 6.05252 -1.42028e-16)
(24.4671 6.0118 0)
(24.5068 5.9725 0)
(24.5497 5.93352 -1.94206e-16)
(24.5974 5.89396 1.36215e-16)
(24.6521 5.85304 -1.2365e-16)
(24.7155 5.81131 -1.00924e-16)
(24.7869 5.77198 1.57761e-16)
(24.8647 5.73849 -4.06697e-18)
(24.948 5.71254 -3.46779e-18)
(25.0367 5.69531 0)
(25.1302 5.68813 8.02097e-18)
(25.228 5.69259 -8.04425e-18)
(25.3291 5.71045 2.31507e-17)
(25.4322 5.74367 3.32857e-17)
(25.5353 5.79438 2.19016e-19)
(25.6358 5.86486 0)
(25.73 5.95762 0)
(25.8131 6.07513 -7.11391e-17)
(25.8786 6.2208 0)
(25.9133 6.39448 -3.50629e-16)
(25.9325 6.59111 -3.1573e-16)
(24.625 8.03597 1.3357e-17)
(24.7059 8.13298 -2.78235e-17)
(24.8035 8.23341 -2.34113e-16)
(24.911 8.33051 7.81795e-17)
(25.0196 8.41482 0)
(25.1364 8.49334 -6.90527e-17)
(25.256 8.56354 3.04918e-16)
(25.374 8.62327 7.39118e-17)
(25.4918 8.67443 -1.51963e-17)
(25.6071 8.71754 6.56612e-17)
(25.719 8.75303 -1.30816e-16)
(25.8282 8.78201 0)
(25.9341 8.8051 -3.89182e-16)
(26.0368 8.82274 1.4774e-16)
(26.1365 8.8356 0)
(26.2328 8.84407 2.42133e-16)
(26.3257 8.84871 -2.60889e-16)
(26.4144 8.84983 -6.39043e-16)
(26.4974 8.84899 -1.72094e-16)
(26.5735 8.84946 8.61108e-18)
(26.6415 8.85261 -1.62584e-16)
(26.7008 8.8608 -1.68787e-16)
(26.7509 8.87625 8.24579e-17)
(26.7921 8.90146 -7.60011e-17)
(26.8259 8.93706 3.66947e-17)
(26.8545 8.98401 0)
(26.8804 9.04666 -2.05624e-19)
(26.9054 9.13095 -1.80786e-17)
(26.9321 9.24423 1.38389e-17)
(26.9654 9.39618 -3.07595e-18)
(27.0149 9.59996 0)
(27.098 9.87042 0)
(27.2345 10.2227 -6.2299e-17)
(27.4726 10.6886 0)
(27.9086 11.2745 -6.59912e-17)
(28.5763 11.9325 -5.38651e-17)
(29.5937 12.6869 7.0327e-16)
(31.6795 13.5281 0)
(34.6426 13.2618 -1.16602e-15)
(24.5525 7.93692 -1.04667e-18)
(24.4867 7.83574 -8.57637e-17)
(24.4193 7.71352 -1.19049e-16)
(24.3541 7.57362 5.03704e-16)
(24.3006 7.42693 -1.50467e-15)
(24.2593 7.26919 0)
(24.233 7.10408 1.56615e-15)
(24.2234 6.94435 6.60122e-18)
(24.2285 6.79798 6.85859e-16)
(24.2455 6.66535 3.85592e-16)
(24.2712 6.54892 0)
(24.302 6.45057 4.69676e-16)
(24.3356 6.36749 -4.67649e-16)
(24.3704 6.29733 -4.97904e-16)
(24.405 6.23837 1.03507e-15)
(24.4392 6.18776 -7.84469e-16)
(24.473 6.14341 0)
(24.5069 6.10355 1.34748e-16)
(24.5415 6.06647 0)
(24.5779 6.03076 2.4477e-16)
(24.6172 5.99537 -3.59014e-16)
(24.6606 5.95942 1.17498e-16)
(24.7104 5.92215 1.03413e-16)
(24.768 5.88403 1.02717e-16)
(24.8329 5.8481 0)
(24.9033 5.81757 0)
(24.9786 5.794 -5.94611e-17)
(25.0586 5.77841 1.87751e-17)
(25.1427 5.77197 -7.20681e-18)
(25.2305 5.77606 6.33707e-18)
(25.3211 5.79228 -3.407e-17)
(25.4133 5.82234 -6.57801e-17)
(25.5053 5.86814 2.44059e-19)
(25.5947 5.9317 3.2031e-18)
(25.6782 6.01523 -3.20221e-18)
(25.7515 6.1209 6.78395e-17)
(25.8085 6.2517 -1.03529e-16)
(25.8377 6.40727 3.35024e-16)
(25.853 6.58314 4.26436e-16)
(24.6927 7.96988 -4.06262e-17)
(24.7695 8.06207 1.13883e-16)
(24.862 8.1575 -1.23119e-17)
(24.9641 8.24979 -7.05734e-17)
(25.0673 8.32992 9.00488e-17)
(25.1783 8.40465 -8.96068e-17)
(25.2918 8.47161 -1.08293e-16)
(25.404 8.52871 -5.60914e-17)
(25.5158 8.57785 -4.67768e-18)
(25.6253 8.6196 -3.87814e-17)
(25.7316 8.65435 1.07031e-16)
(25.8354 8.68324 -1.33401e-16)
(25.936 8.7069 1.34622e-16)
(26.0337 8.72579 -2.75777e-16)
(26.1287 8.74065 3.36109e-16)
(26.2208 8.7519 0)
(26.3099 8.76019 4.78254e-16)
(26.3955 8.7659 2.64652e-16)
(26.4763 8.77041 3.24054e-16)
(26.5515 8.7769 1.70342e-16)
(26.62 8.78663 -2.95884e-16)
(26.6815 8.80164 2.88356e-16)
(26.7359 8.82391 2.13205e-16)
(26.7835 8.85522 1.02258e-18)
(26.8258 8.89595 3.34356e-19)
(26.8655 8.94704 3.3099e-17)
(26.9057 9.01248 0)
(26.9492 9.09717 -1.43133e-17)
(26.9989 9.20694 2.65124e-17)
(27.0606 9.34938 -3.35653e-18)
(27.1437 9.53391 -3.89431e-18)
(27.2643 9.77173 -8.4004e-17)
(27.4444 10.0728 6.01988e-17)
(27.7193 10.452 4.16123e-17)
(28.1633 10.9158 -7.099e-17)
(28.844 11.426 0)
(29.8163 11.9283 6.84823e-17)
(31.4219 12.3904 -2.42571e-16)
(33.7587 12.1156 2.51464e-15)
(24.624 7.87581 1.51854e-17)
(24.5616 7.77979 1.46402e-16)
(24.4976 7.66381 8.99813e-16)
(24.4356 7.53113 -8.05109e-16)
(24.3851 7.39211 1.40295e-15)
(24.3461 7.24274 -1.04129e-15)
(24.3215 7.08657 -2.76855e-16)
(24.3126 6.93576 1.15247e-15)
(24.3175 6.79783 -2.26176e-15)
(24.3337 6.67312 0)
(24.3581 6.56395 3.74681e-16)
(24.3872 6.47204 -4.08958e-16)
(24.419 6.39464 4.42358e-16)
(24.4517 6.32954 0)
(24.4842 6.27504 4.57348e-16)
(24.5161 6.22847 -2.31211e-16)
(24.5476 6.18781 0)
(24.579 6.1514 1.13044e-16)
(24.611 6.11765 1.14263e-16)
(24.6444 6.08518 -2.24925e-16)
(24.6802 6.05303 6.7356e-18)
(24.7198 6.02034 2.96764e-16)
(24.765 5.98638 -2.92855e-16)
(24.8173 5.95158 0)
(24.876 5.91876 0)
(24.9397 5.89095 -3.67987e-17)
(25.0076 5.86955 3.692e-17)
(25.0796 5.85548 -1.54056e-17)
(25.1551 5.84972 0)
(25.2336 5.85352 1.22713e-17)
(25.3144 5.86824 -1.71752e-17)
(25.3964 5.89538 -7.54455e-18)
(25.4781 5.93657 4.46473e-17)
(25.5572 5.99361 0)
(25.6308 6.06844 0)
(25.695 6.16292 0)
(25.7443 6.27969 9.88043e-17)
(25.7687 6.4183 0)
(25.7806 6.57463 0)
(24.7569 7.90699 -3.56678e-17)
(24.8297 7.99452 1.02567e-16)
(24.9174 8.08516 -6.95932e-17)
(25.0144 8.17285 -1.05387e-16)
(25.1124 8.24903 1.04321e-16)
(25.2179 8.32013 0)
(25.3258 8.38393 1.92336e-16)
(25.4324 8.43853 -1.04375e-16)
(25.5387 8.48573 4.42724e-18)
(25.6428 8.52609 0)
(25.744 8.56004 0)
(25.8428 8.58871 1.50926e-16)
(25.9388 8.61273 -1.102e-16)
(26.032 8.63258 6.20244e-16)
(26.1229 8.64902 -4.82729e-16)
(26.2114 8.66254 -1.82977e-16)
(26.2973 8.67381 -2.18935e-16)
(26.3805 8.6833 -5.02573e-16)
(26.4597 8.69216 5.31913e-16)
(26.5345 8.70346 0)
(26.604 8.71825 -3.98832e-16)
(26.6682 8.73839 1.28948e-16)
(26.727 8.76539 -3.31077e-16)
(26.7809 8.80061 -1.32659e-18)
(26.8313 8.8439 0)
(26.8811 8.89636 -1.50848e-17)
(26.934 8.96146 1.47377e-17)
(26.9933 9.04316 2.7603e-17)
(27.0622 9.14581 1.04365e-18)
(27.1466 9.27509 4.66094e-17)
(27.2557 9.43754 -4.82487e-18)
(27.4037 9.64055 7.88383e-17)
(27.6116 9.89023 0)
(27.9083 10.1916 9.35232e-17)
(28.3463 10.5445 2.03565e-17)
(28.9928 10.9207 1.42742e-16)
(29.8995 11.2481 -7.36146e-16)
(31.1966 11.4621 1.62171e-16)
(33.0121 11.1587 -1.10662e-15)
(24.6917 7.8177 -5.93874e-17)
(24.6324 7.72664 4.40581e-16)
(24.5716 7.61667 -5.79796e-16)
(24.5126 7.49091 5.10037e-17)
(24.4648 7.35915 9.64987e-16)
(24.4282 7.21771 2.39996e-15)
(24.405 7.07001 -9.74579e-16)
(24.3967 6.92758 4.6821e-16)
(24.4014 6.79759 2.88514e-15)
(24.4168 6.68037 -9.23852e-16)
(24.4399 6.57805 -3.18206e-16)
(24.4673 6.4922 -7.08006e-16)
(24.4972 6.42018 0)
(24.5279 6.35982 3.89891e-16)
(24.5583 6.30951 -4.08213e-16)
(24.5881 6.26668 4.22228e-16)
(24.6174 6.22944 0)
(24.6464 6.1962 -2.08167e-16)
(24.6757 6.16545 2.07088e-16)
(24.7063 6.13592 -3.95375e-16)
(24.739 6.10667 1.9935e-16)
(24.775 6.07692 -4.13408e-18)
(24.816 6.04595 -9.13108e-17)
(24.8634 6.01415 0)
(24.9166 5.98416 -4.87952e-19)
(24.974 5.95881 -7.13485e-17)
(25.0351 5.93941 0)
(25.0997 5.92671 -5.81448e-18)
(25.1672 5.9216 6.7001e-18)
(25.2372 5.92513 -1.04665e-17)
(25.309 5.93845 -1.7254e-17)
(25.3817 5.96284 3.74804e-18)
(25.4538 5.9997 5.97641e-17)
(25.5234 6.05062 0)
(25.5878 6.11728 -1.60925e-18)
(25.6436 6.2013 -2.75703e-17)
(25.6859 6.30496 -1.83144e-17)
(25.7059 6.42775 2.52689e-16)
(25.7148 6.56611 0)
(24.8177 7.84714 1.14503e-17)
(24.8867 7.93021 7.4965e-17)
(24.9699 8.01624 -2.26138e-16)
(25.062 8.09952 -9.51688e-17)
(25.1551 8.17185 2.59067e-16)
(25.2553 8.23947 0)
(25.3579 8.30029 -3.57354e-16)
(25.4592 8.35241 9.87677e-17)
(25.5604 8.39769 -1.48404e-17)
(25.6596 8.43667 0)
(25.756 8.46975 0)
(25.8503 8.49805 1.2406e-16)
(25.9421 8.52219 1.95669e-16)
(26.0314 8.54269 -4.34973e-16)
(26.1188 8.5603 -2.6666e-16)
(26.2041 8.57557 3.35498e-16)
(26.2874 8.58914 3.69601e-16)
(26.3687 8.60159 -4.38642e-16)
(26.4468 8.61382 2.31953e-16)
(26.5216 8.62875 0)
(26.5925 8.64724 9.9963e-18)
(26.6595 8.67086 0)
(26.7227 8.70081 -1.19708e-16)
(26.7825 8.73782 4.83067e-19)
(26.8402 8.78155 -5.94479e-17)
(26.8989 8.83293 1.45207e-17)
(26.9628 8.89517 1.05781e-17)
(27.0351 8.97108 -2.29977e-17)
(27.1192 9.06395 -7.69534e-17)
(27.221 9.17766 4.99805e-17)
(27.3489 9.31646 4.56035e-17)
(27.5154 9.48463 -9.90451e-17)
(27.7386 9.685 1.99709e-16)
(28.0428 9.91733 9.44455e-18)
(28.4655 10.1754 2.11585e-16)
(29.0587 10.4358 -1.24786e-16)
(29.8752 10.6336 -6.31342e-16)
(30.9552 10.6915 9.9365e-16)
(32.3823 10.3656 -1.19469e-15)
(24.7558 7.7625 1.00236e-16)
(24.6993 7.67623 -3.52524e-16)
(24.6414 7.57204 9.84072e-17)
(24.5853 7.45289 9.22213e-16)
(24.5401 7.32806 -9.09404e-16)
(24.5055 7.19412 1.22555e-15)
(24.4837 7.05435 -4.29238e-16)
(24.4758 6.91982 -2.83087e-15)
(24.4803 6.79731 -5.55723e-17)
(24.4949 6.68711 1.62502e-15)
(24.5167 6.59123 6.14105e-16)
(24.5425 6.51107 1.59784e-17)
(24.5706 6.44408 0)
(24.5994 6.38817 -2.0717e-17)
(24.6277 6.34177 -3.64546e-16)
(24.6554 6.30243 1.95765e-16)
(24.6825 6.26833 0)
(24.7092 6.23799 9.57515e-17)
(24.7362 6.20998 -8.53162e-17)
(24.7641 6.1831 2.64966e-16)
(24.7939 6.15647 8.76696e-17)
(24.8265 6.12935 2.41202e-16)
(24.8637 6.10105 -2.32977e-16)
(24.9066 6.07196 6.82769e-17)
(24.9546 6.04454 6.34175e-17)
(25.0062 6.02143 -6.36937e-17)
(25.0611 6.0038 -2.73209e-17)
(25.1188 5.99234 2.54637e-17)
(25.179 5.9878 -1.04607e-17)
(25.2412 5.99104 2.04585e-17)
(25.3048 6.00301 1.36092e-17)
(25.3689 6.02478 -2.95076e-17)
(25.4322 6.05761 -2.14577e-17)
(25.4931 6.10282 -1.35952e-17)
(25.5491 6.16186 1.53355e-18)
(25.5973 6.23611 -2.34649e-17)
(25.6332 6.32758 0)
(25.6494 6.43573 -2.49888e-16)
(25.6558 6.55736 2.797e-16)
(24.8751 7.79027 -3.81246e-17)
(24.9406 7.86898 -3.43595e-17)
(25.0195 7.95056 2.13702e-16)
(25.107 8.02956 0)
(25.1954 8.09823 1.41678e-16)
(25.2906 8.16249 -9.49575e-17)
(25.3882 8.22033 2.66269e-16)
(25.4847 8.27009 0)
(25.581 8.31347 1.40482e-17)
(25.6756 8.35101 6.09545e-17)
(25.7677 8.38312 -1.39521e-16)
(25.8579 8.41089 -2.28048e-16)
(25.9458 8.43493 3.2728e-16)
(26.0316 8.45576 1.3614e-17)
(26.1158 8.47415 4.92197e-16)
(26.1984 8.49063 -2.38315e-17)
(26.2796 8.50587 -2.71263e-17)
(26.3593 8.52046 2.0109e-16)
(26.4366 8.53512 1.16235e-17)
(26.5118 8.55257 -4.34469e-16)
(26.5841 8.57346 7.5724e-18)
(26.654 8.5991 0)
(26.7213 8.63032 1.14045e-16)
(26.7865 8.66737 5.68955e-17)
(26.8507 8.70961 2.80519e-17)
(26.9168 8.75805 -5.51102e-17)
(26.9895 8.81527 0)
(27.0721 8.88343 -1.30245e-17)
(27.1679 8.96468 2.52622e-17)
(27.282 9.06151 0)
(27.4224 9.17634 5.1829e-17)
(27.5997 9.31104 9.53477e-17)
(27.8287 9.46592 -9.71053e-17)
(28.1291 9.63782 -4.32705e-16)
(28.5287 9.81724 -2.25604e-16)
(29.0638 9.98295 0)
(29.7802 10.0821 2.61413e-16)
(30.6868 10.0418 -8.59038e-16)
(31.8276 9.70639 8.6593e-16)
(24.8162 7.7101 -1.00603e-16)
(24.7624 7.62845 2.99047e-16)
(24.7071 7.5298 0)
(24.6538 7.41699 -7.86198e-16)
(24.611 7.29876 -7.74033e-16)
(24.5784 7.17193 -1.9633e-15)
(24.5577 7.03967 3.84447e-16)
(24.5503 6.91253 5.17749e-16)
(24.5545 6.79702 -1.40721e-15)
(24.5683 6.69339 -1.48588e-15)
(24.5888 6.60351 -5.39885e-16)
(24.6131 6.52867 0)
(24.6394 6.46637 3.03076e-16)
(24.6663 6.41461 -6.52992e-16)
(24.6927 6.37184 -3.20747e-16)
(24.7183 6.33572 3.39282e-16)
(24.7433 6.30453 -3.38412e-16)
(24.7679 6.27685 8.05786e-17)
(24.7925 6.25133 -3.20189e-16)
(24.818 6.22683 -7.14203e-17)
(24.845 6.20256 3.08438e-16)
(24.8746 6.17779 1.40977e-16)
(24.9081 6.15191 -1.38275e-16)
(24.9469 6.12525 0)
(24.99 6.10012 -5.71184e-17)
(25.0364 6.07899 -5.24704e-17)
(25.0855 6.06293 7.86542e-17)
(25.137 6.05254 -1.17467e-17)
(25.1905 6.04842 0)
(25.2455 6.05127 -8.52691e-18)
(25.3017 6.06191 4.40549e-17)
(25.358 6.08127 -4.58411e-17)
(25.4134 6.11037 1.30235e-17)
(25.4663 6.15032 -5.82455e-18)
(25.5146 6.20231 1.82735e-17)
(25.5559 6.26754 3.84398e-17)
(25.586 6.34775 -1.60876e-17)
(25.5988 6.44242 -4.30566e-17)
(25.6031 6.54878 -1.15328e-16)
(24.9292 7.73621 3.65395e-17)
(24.9915 7.81072 -1.21372e-16)
(25.0664 7.88799 -8.55999e-17)
(25.1495 7.96286 9.32021e-17)
(25.2335 8.02793 -1.31871e-17)
(25.324 8.08891 0)
(25.4169 8.14392 0)
(25.5087 8.19129 2.39753e-17)
(25.6005 8.23275 -2.49408e-17)
(25.6907 8.26881 -1.11463e-16)
(25.7788 8.29985 1.32141e-16)
(25.8652 8.32694 3.03043e-16)
(25.9496 8.35064 -1.44518e-16)
(26.0323 8.3715 -3.81381e-16)
(26.1137 8.39025 -2.59743e-16)
(26.194 8.40746 5.14808e-16)
(26.2732 8.42375 -2.91889e-16)
(26.3517 8.43971 3.49533e-16)
(26.4285 8.45591 3.91728e-16)
(26.5041 8.47484 6.07988e-16)
(26.578 8.49696 2.03418e-16)
(26.6505 8.5233 4.117e-16)
(26.7216 8.55429 0)
(26.7914 8.58986 -5.51918e-19)
(26.8608 8.62909 5.29104e-17)
(26.933 8.67304 0)
(27.0126 8.72376 0)
(27.1029 8.78283 1.31331e-17)
(27.2067 8.85141 -2.58013e-17)
(27.3289 8.93099 -5.42463e-17)
(27.4763 9.0225 5.62822e-17)
(27.6578 9.12609 0)
(27.8852 9.24026 1.1255e-16)
(28.1739 9.36031 4.58945e-16)
(28.5447 9.47571 -1.35847e-16)
(29.0221 9.56694 1.29288e-16)
(29.6413 9.59174 0)
(30.4003 9.48939 -4.10143e-16)
(31.3227 9.15583 4.03713e-16)
(24.8731 7.66038 -1.91364e-16)
(24.8218 7.58318 7.95192e-17)
(24.7691 7.48983 -6.47697e-16)
(24.7184 7.38308 7.41958e-16)
(24.6779 7.27118 1.09396e-15)
(24.647 7.15111 -3.34581e-16)
(24.6274 7.02592 -3.55029e-16)
(24.6202 6.90575 1.94362e-15)
(24.6241 6.79679 -4.12955e-16)
(24.637 6.69928 1.35067e-15)
(24.6564 6.61499 0)
(24.6792 6.54507 1.02208e-15)
(24.7039 6.48711 -1.08609e-15)
(24.729 6.43917 0)
(24.7534 6.39975 3.0392e-16)
(24.7772 6.3666 8.62696e-18)
(24.8002 6.33807 -4.40746e-16)
(24.8226 6.31283 7.96413e-17)
(24.8451 6.28957 -3.56905e-16)
(24.8682 6.26724 -5.949e-17)
(24.8927 6.24507 -5.61001e-17)
(24.9193 6.22242 2.62734e-16)
(24.9496 6.19869 0)
(24.9844 6.17421 1.63655e-16)
(25.0232 6.15111 -5.44407e-17)
(25.0647 6.13169 0)
(25.1085 6.11696 -2.14772e-17)
(25.1542 6.10741 2.15668e-17)
(25.2016 6.10354 0)
(25.2502 6.10596 2.35553e-17)
(25.2995 6.11535 -6.1168e-17)
(25.3487 6.13249 1.0831e-16)
(25.3969 6.15817 6.67317e-18)
(25.4426 6.19329 -4.36293e-17)
(25.484 6.23882 -5.73084e-18)
(25.5191 6.29575 0)
(25.5442 6.36562 2.34268e-17)
(25.5541 6.44798 -2.34661e-17)
(25.5566 6.54034 0)
(24.9802 7.68486 -1.66676e-17)
(25.0394 7.75528 1.1477e-16)
(25.1106 7.82836 0)
(25.1896 7.89921 0)
(25.2695 7.96083 -2.53752e-16)
(25.3555 8.0186 1.81882e-16)
(25.4438 8.07076 5.12144e-17)
(25.5313 8.11579 -1.2632e-16)
(25.6188 8.15533 0)
(25.705 8.18982 5.0896e-17)
(25.7893 8.21968 0)
(25.8722 8.2459 -1.87883e-16)
(25.9534 8.26905 0)
(26.0332 8.28964 -1.59616e-16)
(26.1121 8.3084 0)
(26.1902 8.32586 -9.58872e-18)
(26.2678 8.34261 0)
(26.3452 8.35925 8.63313e-18)
(26.4216 8.37619 -1.0944e-15)
(26.4976 8.39566 -1.92126e-16)
(26.573 8.41796 2.42968e-18)
(26.6479 8.44376 -3.87914e-16)
(26.7221 8.47333 -1.99078e-16)
(26.7956 8.50608 -5.23452e-17)
(26.8692 8.54121 5.03224e-17)
(26.946 8.57949 0)
(27.0305 8.62281 0)
(27.1259 8.67194 -3.83403e-17)
(27.2348 8.72753 2.61162e-17)
(27.3613 8.79014 1.00735e-16)
(27.5111 8.85966 -1.02419e-16)
(27.6916 8.93511 -5.46695e-18)
(27.9119 9.0138 -1.08647e-16)
(28.1838 9.09037 -1.04533e-16)
(28.5226 9.15443 -3.83055e-16)
(28.9447 9.18869 0)
(29.4754 9.15918 0)
(30.1083 9.01812 7.00344e-16)
(30.8577 8.69439 8.11516e-16)
(24.9266 7.6132 -1.45784e-16)
(24.8777 7.54025 -1.70287e-16)
(24.8274 7.45195 4.57272e-16)
(24.7792 7.35099 7.89696e-16)
(24.741 7.24516 3.26325e-16)
(24.7117 7.13156 9.00722e-16)
(24.6929 7.0131 -1.2276e-15)
(24.6858 6.89949 1.33256e-15)
(24.6893 6.79667 1.44325e-15)
(24.7014 6.70488 -1.1657e-15)
(24.7197 6.62576 1.27404e-15)
(24.7411 6.56038 -2.54763e-17)
(24.7642 6.50639 5.0516e-16)
(24.7876 6.46194 2.49763e-16)
(24.8103 6.42557 0)
(24.8322 6.39512 7.59702e-18)
(24.8532 6.36902 1.38049e-16)
(24.8737 6.34598 -1.24798e-16)
(24.8941 6.32478 7.47674e-17)
(24.915 6.30441 3.2155e-16)
(24.937 6.28414 3.00674e-16)
(24.961 6.26338 -2.35191e-16)
(24.9881 6.24158 0)
(25.0193 6.21903 -5.19149e-17)
(25.054 6.1977 0)
(25.091 6.17976 0)
(25.13 6.16613 0)
(25.1705 6.15723 -8.97419e-18)
(25.2123 6.1535 8.686e-18)
(25.255 6.15543 -3.5618e-17)
(25.2981 6.16362 -8.58724e-18)
(25.3409 6.17863 -3.63561e-17)
(25.3826 6.20113 2.90487e-17)
(25.4219 6.23179 0)
(25.4572 6.2714 3.15062e-18)
(25.4868 6.32079 4.28529e-18)
(25.5074 6.38129 -7.45457e-18)
(25.5146 6.45246 8.34202e-17)
(25.5157 6.5322 1.95462e-16)
(25.0281 7.63602 2.77552e-17)
(25.0845 7.7025 7.16727e-17)
(25.1522 7.77153 -6.92843e-17)
(25.2273 7.83849 -4.99591e-17)
(25.3032 7.8967 1.24278e-16)
(25.3851 7.95134 -1.72081e-16)
(25.4691 8.00074 0)
(25.5524 8.0434 4.96695e-17)
(25.636 8.08094 2.83248e-17)
(25.7184 8.11381 -1.58863e-17)
(25.7991 8.14237 2.8121e-17)
(25.8787 8.16758 2.80346e-17)
(25.9569 8.18995 1.24949e-16)
(26.0341 8.20999 2.80286e-16)
(26.1106 8.2284 -1.10011e-17)
(26.1868 8.24568 -2.22748e-16)
(26.2629 8.26238 2.52888e-16)
(26.3393 8.27906 -3.11774e-16)
(26.4152 8.29606 8.50325e-16)
(26.4916 8.31525 -1.69081e-16)
(26.5683 8.33678 -1.84749e-16)
(26.6451 8.36109 1.78504e-16)
(26.7218 8.38814 9.38952e-17)
(26.7982 8.41719 1.43361e-16)
(26.8748 8.44729 -4.87318e-17)
(26.9546 8.47928 2.46305e-17)
(27.0422 8.51457 4.46644e-20)
(27.1405 8.55351 1.92014e-17)
(27.2518 8.59624 1.78091e-18)
(27.3794 8.64266 -1.55683e-16)
(27.528 8.69204 -4.59378e-20)
(27.7035 8.74258 -6.58277e-18)
(27.9129 8.79111 -5.89487e-18)
(28.1648 8.83194 2.44485e-16)
(28.4704 8.85561 2.54047e-16)
(28.8406 8.84719 -2.81494e-16)
(29.2932 8.77941 -2.79674e-16)
(29.8195 8.6156 -1.00173e-15)
(30.4295 8.30668 -8.00939e-16)
(24.977 7.56837 -6.31257e-17)
(24.9303 7.49947 3.63236e-16)
(24.8825 7.41598 -1.39019e-16)
(24.8368 7.32055 1.11175e-16)
(24.8006 7.22055 -2.92671e-16)
(24.7728 7.11315 -8.6415e-16)
(24.7545 7.00108 1.15901e-15)
(24.7474 6.89371 2.44066e-16)
(24.7504 6.79668 -1.69394e-15)
(24.7618 6.71025 7.29461e-16)
(24.7789 6.63594 -1.54935e-15)
(24.799 6.57471 -8.42851e-16)
(24.8206 6.52434 8.78286e-16)
(24.8423 6.48304 -7.00754e-16)
(24.8633 6.44941 2.30551e-16)
(24.8835 6.42139 -1.12984e-16)
(24.9027 6.39746 2.43035e-16)
(24.9213 6.3764 0)
(24.9398 6.35704 0)
(24.9586 6.33842 -2.7757e-16)
(24.9783 6.31987 2.21357e-16)
(24.9997 6.3008 -5.02828e-17)
(25.0239 6.28071 0)
(25.0518 6.25988 0)
(25.0827 6.24012 0)
(25.1155 6.22345 -7.63916e-17)
(25.15 6.21073 3.80805e-17)
(25.1858 6.20232 8.53406e-18)
(25.2225 6.1986 -7.92496e-18)
(25.2598 6.19996 7.00347e-18)
(25.2973 6.20688 0)
(25.3343 6.21984 -1.31987e-17)
(25.3702 6.23934 3.20218e-17)
(25.4038 6.26591 0)
(25.4338 6.30017 0)
(25.4586 6.34277 -7.20295e-18)
(25.4752 6.39483 -1.01702e-17)
(25.4803 6.45598 2.50763e-17)
(25.4801 6.52436 -6.50415e-17)
(25.0732 7.58953 2.49748e-17)
(25.1269 7.6522 -1.16865e-16)
(25.1912 7.71731 0)
(25.2626 7.78049 -2.4315e-16)
(25.3349 7.83543 -8.80364e-17)
(25.4127 7.88701 1.50377e-16)
(25.4927 7.9336 -1.0772e-16)
(25.5721 7.97393 6.03564e-17)
(25.6519 8.00946 -3.43845e-18)
(25.7307 8.0406 2.60751e-17)
(25.808 8.06774 0)
(25.8845 8.09177 0)
(25.9599 8.11316 -4.20706e-16)
(26.0346 8.1324 -2.75547e-16)
(26.1089 8.15014 -3.38426e-16)
(26.1833 8.16685 1.87047e-16)
(26.2579 8.18304 -2.39486e-16)
(26.3333 8.19919 2.70533e-16)
(26.4088 8.21564 0)
(26.4854 8.23384 -1.69729e-16)
(26.5629 8.25387 3.29558e-16)
(26.6412 8.27586 1.71602e-16)
(26.7197 8.29963 8.81863e-17)
(26.7981 8.32429 -1.83543e-16)
(26.8766 8.34886 1.38149e-16)
(26.9582 8.37414 1.98774e-19)
(27.0472 8.40122 5.86857e-18)
(27.1465 8.43009 -1.88213e-17)
(27.2577 8.46049 2.43508e-17)
(27.3838 8.49195 1.55582e-16)
(27.5284 8.52324 -2.08003e-16)
(27.696 8.5523 0)
(27.8919 8.57557 1.11669e-16)
(28.1224 8.5877 -2.36447e-16)
(28.3953 8.58022 -2.70046e-16)
(28.7178 8.54063 5.34018e-16)
(29.1022 8.447 5.98013e-16)
(29.5392 8.27152 0)
(30.0362 7.98039 3.20683e-16)
(25.0244 7.52569 6.88485e-17)
(24.9799 7.46064 -4.79223e-16)
(24.9346 7.38168 1.1534e-16)
(24.8912 7.29154 4.84297e-16)
(24.8571 7.19712 0)
(24.8305 7.09568 9.66369e-16)
(24.8127 6.98975 1.97565e-15)
(24.8054 6.88833 -1.12895e-15)
(24.8078 6.7968 0)
(24.8183 6.7154 -1.24155e-15)
(24.8343 6.64556 1.05721e-15)
(24.8532 6.58816 -3.77054e-16)
(24.8733 6.54107 3.84632e-16)
(24.8935 6.5026 4.07265e-16)
(24.9128 6.4714 -6.47785e-16)
(24.9313 6.44552 -4.24019e-16)
(24.9488 6.42351 9.66212e-16)
(24.9656 6.40419 -4.32765e-16)
(24.9822 6.38645 0)
(24.999 6.36939 1.01799e-16)
(25.0166 6.35235 0)
(25.0356 6.33479 4.77663e-17)
(25.0571 6.31625 -8.47861e-17)
(25.0819 6.29694 0)
(25.1092 6.27857 7.34463e-17)
(25.1383 6.26299 -3.7224e-17)
(25.1687 6.251 0)
(25.2001 6.24294 1.44725e-17)
(25.2321 6.23909 -7.15788e-18)
(25.2646 6.2398 2.21059e-17)
(25.297 6.24544 -2.05398e-18)
(25.3289 6.2564 1.70504e-17)
(25.3596 6.27306 -3.77412e-18)
(25.3882 6.29586 -2.68501e-17)
(25.4135 6.32526 8.17627e-18)
(25.434 6.36175 5.02865e-18)
(25.4474 6.40627 -1.28774e-17)
(25.4506 6.45845 -7.35371e-17)
(25.4494 6.51682 1.36914e-17)
(25.1155 7.54515 2.24785e-17)
(25.1667 7.60419 -1.01137e-16)
(25.2278 7.66555 0)
(25.2957 7.72507 3.31591e-16)
(25.3644 7.7768 -1.00585e-16)
(25.4384 7.82537 2.63935e-16)
(25.5146 7.86927 0)
(25.5903 7.90721 0)
(25.6664 7.94066 0)
(25.7418 7.97004 0)
(25.816 7.99564 0)
(25.8895 8.01834 0)
(25.9623 8.03856 1.95765e-16)
(26.0345 8.05676 2.44416e-16)
(26.1068 8.07354 4.76515e-16)
(26.1793 8.08934 2.43372e-17)
(26.2525 8.10459 -2.19692e-16)
(26.3268 8.11974 -1.62501e-17)
(26.4017 8.13508 5.93603e-16)
(26.4782 8.15174 9.904e-18)
(26.5563 8.16965 -1.59009e-16)
(26.6355 8.18873 -1.57979e-16)
(26.7151 8.20868 -4.16528e-16)
(26.7946 8.2285 1.73015e-16)
(26.874 8.24728 -8.75189e-17)
(26.956 8.26576 -2.26266e-17)
(27.0451 8.28475 -1.1642e-17)
(27.1436 8.30396 5.79852e-18)
(27.253 8.32291 4.95717e-17)
(27.3756 8.34083 -1.48129e-16)
(27.514 8.3563 2.05398e-16)
(27.6718 8.36709 -1.07689e-16)
(27.8527 8.36969 2.2488e-16)
(28.0613 8.35926 2.45977e-16)
(28.303 8.32835 1.03809e-17)
(28.5825 8.26671 0)
(28.908 8.15666 0)
(29.2705 7.97722 -3.20687e-16)
(29.6759 7.70533 -1.68959e-17)
(25.0691 7.48494 1.61279e-16)
(25.0268 7.42354 5.814e-17)
(24.9839 7.34885 0)
(24.9428 7.26371 -9.64205e-16)
(24.9106 7.17464 2.35612e-16)
(24.8852 7.07892 -1.58154e-15)
(24.8676 6.97888 -1.41974e-15)
(24.86 6.88318 -1.92481e-15)
(24.8618 6.7969 1.04236e-15)
(24.8714 6.72029 5.93136e-17)
(24.8863 6.65465 0)
(24.9038 6.60079 0)
(24.9225 6.55669 -1.40999e-17)
(24.9411 6.52074 -3.78602e-16)
(24.9588 6.49167 3.85704e-16)
(24.9756 6.46764 0)
(24.9915 6.44728 -9.95996e-17)
(25.0067 6.42947 0)
(25.0215 6.41314 9.18176e-17)
(25.0364 6.39743 -1.37523e-16)
(25.052 6.38172 1.78836e-16)
(25.0688 6.3655 -8.14629e-17)
(25.0878 6.34832 8.05508e-17)
(25.1096 6.33038 -7.13527e-17)
(25.1337 6.31322 6.62784e-17)
(25.1593 6.29858 -6.66161e-17)
(25.1859 6.2872 -1.45702e-17)
(25.2134 6.27936 -5.08865e-19)
(25.2413 6.2753 -8.02241e-18)
(25.2694 6.27529 1.07507e-17)
(25.2973 6.27964 -1.9179e-17)
(25.3246 6.28865 0)
(25.3507 6.30263 0)
(25.3749 6.32193 1.81032e-17)
(25.396 6.34689 -3.87033e-17)
(25.4129 6.37789 1.68635e-17)
(25.4234 6.41568 1.66849e-17)
(25.4252 6.45997 -3.24298e-17)
(25.4233 6.50934 -7.86786e-17)
(25.1555 7.50271 0)
(25.2041 7.55829 9.20475e-19)
(25.2621 7.61603 -1.60671e-16)
(25.3265 7.67203 -1.78072e-16)
(25.3918 7.72068 -2.25495e-16)
(25.4622 7.76632 -1.30223e-17)
(25.5348 7.80749 0)
(25.6069 7.84308 0)
(25.6796 7.87446 -1.43629e-17)
(25.7518 7.90197 1.51335e-17)
(25.8229 7.92595 1.59958e-16)
(25.8936 7.94718 0)
(25.9637 7.96606 1.74736e-16)
(26.0336 7.98302 -2.31592e-16)
(26.1038 7.9986 -2.78495e-16)
(26.1745 8.01317 0)
(26.2462 8.02715 -5.99411e-16)
(26.3193 8.04088 -2.46088e-16)
(26.3934 8.05468 -2.98651e-16)
(26.4696 8.06933 -3.12438e-16)
(26.5477 8.08464 2.85239e-16)
(26.6272 8.10038 1.62433e-18)
(26.7072 8.11613 2.37586e-16)
(26.787 8.13092 -8.40974e-17)
(26.8664 8.14386 8.34238e-17)
(26.9479 8.15568 4.10969e-19)
(27.0358 8.16693 -1.62705e-17)
(27.1322 8.17713 -5.81561e-17)
(27.2382 8.18568 4.59631e-17)
(27.3557 8.19162 1.47547e-16)
(27.4865 8.19351 -9.40608e-17)
(27.6332 8.18907 1.06748e-16)
(27.7986 8.17519 -2.16677e-16)
(27.9858 8.1474 -2.28209e-16)
(28.1985 8.09945 -2.41326e-16)
(28.4395 8.02289 2.66967e-16)
(28.7145 7.90347 -2.56983e-16)
(29.0151 7.72538 5.56629e-16)
(29.346 7.47326 6.0957e-16)
(25.1113 7.44592 -4.88644e-18)
(25.0713 7.38795 1.1253e-16)
(25.0308 7.31729 -8.52663e-16)
(24.9918 7.2369 0)
(24.9614 7.15289 -4.22977e-16)
(24.937 7.06264 3.89324e-16)
(24.9196 6.96827 1.59217e-15)
(24.9116 6.87806 2.26369e-15)
(24.9128 6.79683 -9.84064e-16)
(24.9214 6.7248 1.05101e-15)
(24.935 6.66314 -5.61925e-16)
(24.9512 6.61259 0)
(24.9683 6.57122 0)
(24.9854 6.53753 -3.42263e-16)
(25.0016 6.51033 -1.67474e-16)
(25.0168 6.48789 1.69609e-16)
(25.0311 6.46893 -8.50921e-17)
(25.0446 6.45237 8.43935e-17)
(25.0577 6.43723 -8.71549e-17)
(25.0709 6.42267 -1.65059e-16)
(25.0846 6.40811 1.55514e-16)
(25.0993 6.39304 -7.63446e-17)
(25.1159 6.37706 0)
(25.1351 6.36034 -6.0494e-17)
(25.1563 6.34426 6.80377e-17)
(25.1786 6.33043 6.03136e-17)
(25.2019 6.31954 -1.20476e-17)
(25.2258 6.31184 3.21336e-17)
(25.25 6.30751 2.82289e-18)
(25.2742 6.30678 -3.07994e-19)
(25.298 6.30985 0)
(25.3213 6.317 2.9681e-17)
(25.3433 6.32846 0)
(25.3636 6.3445 5.01152e-17)
(25.3811 6.36538 -2.41883e-17)
(25.395 6.39143 4.16097e-18)
(25.4031 6.42322 4.31257e-18)
(25.4038 6.46048 -1.27176e-17)
(25.4015 6.50197 -3.21349e-17)
(25.1931 7.462 0)
(25.2392 7.51432 -5.54543e-17)
(25.2942 7.56861 2.48039e-16)
(25.3553 7.62122 9.19789e-18)
(25.4173 7.66685 4.26692e-16)
(25.4841 7.70961 -5.63503e-16)
(25.5532 7.74818 -9.14384e-17)
(25.6219 7.78141 -8.34619e-17)
(25.6913 7.81066 1.74537e-17)
(25.7603 7.83628 1.52014e-17)
(25.8285 7.85855 -1.51547e-16)
(25.8965 7.87821 2.33553e-16)
(25.9641 7.89561 -1.65578e-16)
(26.0317 7.91114 0)
(26.0998 7.9253 5.44728e-16)
(26.1687 7.93842 -6.26955e-16)
(26.2388 7.95083 7.24174e-16)
(26.3105 7.96283 0)
(26.3836 7.97472 -1.45445e-17)
(26.459 7.987 2.55863e-16)
(26.5367 7.9994 -2.88429e-16)
(26.616 8.01149 7.16651e-16)
(26.6958 8.02289 -1.46934e-16)
(26.775 8.0326 -7.78165e-17)
(26.8535 8.03987 -8.26722e-17)
(26.9337 8.04533 1.23169e-16)
(27.0194 8.04936 -5.3259e-18)
(27.1126 8.05136 3.28973e-17)
(27.2142 8.05064 -1.37962e-16)
(27.3254 8.04623 4.45508e-17)
(27.4477 8.03667 0)
(27.5827 8.01992 1.07122e-16)
(27.7326 7.9931 -4.20828e-16)
(27.8994 7.95242 -1.35308e-17)
(28.0856 7.89256 2.11133e-16)
(28.2927 7.80657 2.32606e-16)
(28.5246 7.68298 -4.99638e-16)
(28.7738 7.50985 -5.41995e-16)
(29.0443 7.2773 -5.95199e-16)
(25.1513 7.40845 -9.59642e-17)
(25.1135 7.35373 9.41714e-17)
(25.0753 7.28686 7.1761e-16)
(25.0383 7.21095 1.9481e-16)
(25.0095 7.13172 -5.60077e-16)
(24.986 7.04668 -1.41407e-15)
(24.9688 6.9577 2.86005e-16)
(24.9604 6.87278 0)
(24.9609 6.79641 0)
(24.9685 6.72876 9.00419e-16)
(24.9809 6.67092 -4.83413e-16)
(24.9955 6.62348 -5.47477e-16)
(25.0111 6.58465 5.66429e-16)
(25.0266 6.553 -9.01993e-16)
(25.0412 6.52745 1.66176e-16)
(25.0548 6.50637 4.65098e-16)
(25.0675 6.48857 -2.37611e-16)
(25.0795 6.47305 -8.0083e-17)
(25.091 6.45888 -3.01557e-16)
(25.1026 6.44528 6.71358e-16)
(25.1144 6.43166 -2.21451e-16)
(25.1272 6.41758 1.33531e-16)
(25.1417 6.40263 -1.31057e-16)
(25.1584 6.38698 1.16344e-16)
(25.1768 6.37185 -6.42876e-18)
(25.1963 6.35872 -5.47995e-17)
(25.2166 6.34825 -2.42181e-17)
(25.2373 6.34064 -3.80261e-19)
(25.2582 6.33604 -1.65701e-17)
(25.279 6.33459 4.2592e-19)
(25.2993 6.33647 0)
(25.319 6.34186 -1.41844e-17)
(25.3375 6.35096 2.09117e-17)
(25.3544 6.36397 -3.89917e-17)
(25.3687 6.38113 -3.48762e-18)
(25.3799 6.40267 -7.26236e-18)
(25.3861 6.42906 -4.10655e-18)
(25.386 6.46011 1.2111e-17)
(25.3836 6.49464 3.06006e-17)
(25.2287 7.42289 -1.68545e-17)
(25.2722 7.47211 1.22082e-16)
(25.3242 7.52311 -9.00566e-18)
(25.3821 7.57245 1.67605e-16)
(25.4408 7.61519 -2.55129e-16)
(25.5042 7.65517 2.00964e-16)
(25.5698 7.69109 1.41919e-16)
(25.6353 7.72202 -1.94958e-17)
(25.7015 7.74918 3.17155e-17)
(25.7674 7.77285 5.02842e-17)
(25.8328 7.79335 -5.11625e-17)
(25.8981 7.81135 -3.12853e-16)
(25.9632 7.82715 2.9827e-16)
(26.0285 7.84113 0)
(26.0945 7.8537 -2.3745e-16)
(26.1615 7.86516 2.86198e-16)
(26.2299 7.87579 -3.63767e-16)
(26.3001 7.88583 -1.70859e-17)
(26.372 7.89552 -7.09384e-16)
(26.4463 7.90519 2.38931e-16)
(26.5231 7.91445 0)
(26.6015 7.92279 3.72736e-18)
(26.6804 7.92981 -2.79303e-16)
(26.7585 7.93458 7.41639e-17)
(26.8354 7.93644 3.82525e-17)
(26.9134 7.93599 -1.98245e-17)
(26.9962 7.93344 0)
(27.0854 7.92812 -2.09795e-17)
(27.1817 7.91936 8.64759e-17)
(27.2859 7.90618 4.47884e-17)
(27.3992 7.88724 -1.90688e-16)
(27.5226 7.8607 1.87761e-16)
(27.6575 7.82409 -7.56444e-18)
(27.8052 7.77415 4.13692e-16)
(27.9674 7.70638 5.72398e-18)
(28.1448 7.61513 -2.20267e-16)
(28.34 7.49117 9.79168e-16)
(28.5468 7.32537 3.87437e-17)
(28.7683 7.11186 -1.03375e-15)
(25.1892 7.37239 -3.94656e-18)
(25.1536 7.32073 0)
(25.1175 7.25745 0)
(25.0824 7.1858 0)
(25.0552 7.11105 0)
(25.0325 7.03093 1.32208e-15)
(25.0153 6.94708 -1.68464e-15)
(25.0067 6.86719 7.13181e-16)
(25.0065 6.79544 1.08334e-18)
(25.0131 6.73201 -8.69235e-16)
(25.0241 6.6778 1.38428e-15)
(25.0371 6.63333 4.846e-16)
(25.051 6.59689 -5.21081e-16)
(25.0648 6.56712 -5.34045e-16)
(25.0778 6.54303 8.39248e-16)
(25.0899 6.52314 -2.8607e-16)
(25.1011 6.50632 1.41271e-16)
(25.1116 6.49165 -2.85731e-16)
(25.1216 6.47826 6.77816e-17)
(25.1316 6.46541 -2.65146e-16)
(25.1418 6.45257 3.89095e-16)
(25.1528 6.43929 -2.52213e-16)
(25.1652 6.42522 0)
(25.1797 6.41046 -1.05914e-16)
(25.1956 6.39615 5.32841e-17)
(25.2125 6.38363 -2.37706e-17)
(25.23 6.37352 -2.08801e-17)
(25.248 6.36599 3.70772e-17)
(25.266 6.36113 -5.01465e-18)
(25.2838 6.35903 2.48175e-17)
(25.3011 6.35981 -1.63583e-17)
(25.3177 6.36359 -1.337e-17)
(25.3331 6.37051 -2.27914e-17)
(25.347 6.38074 -5.12552e-17)
(25.3587 6.39445 3.8061e-17)
(25.3676 6.41186 4.50249e-17)
(25.3723 6.43336 2.57839e-17)
(25.3716 6.45888 2.49532e-18)
(25.3691 6.48732 -2.55208e-18)
(25.2622 7.38523 7.71804e-19)
(25.3033 7.43154 1.58847e-16)
(25.3523 7.4794 -4.8333e-17)
(25.407 7.52562 -2.12974e-16)
(25.4625 7.56553 7.04992e-16)
(25.5225 7.60278 -1.02377e-16)
(25.5848 7.63619 0)
(25.647 7.66482 6.17307e-17)
(25.7101 7.68984 -5.60653e-18)
(25.7731 7.71158 -1.2485e-16)
(25.8356 7.73027 -7.96769e-17)
(25.8983 7.74653 8.51273e-17)
(25.9609 7.76066 -2.82676e-16)
(26.0239 7.77296 5.5121e-16)
(26.0878 7.78383 4.09061e-17)
(26.1528 7.79349 -1.07144e-15)
(26.2193 7.80219 2.98211e-16)
(26.2878 7.81009 7.67816e-16)
(26.3582 7.81742 -6.18257e-16)
(26.4311 7.82431 -2.43938e-16)
(26.5065 7.83035 2.33874e-16)
(26.5836 7.83494 3.84081e-16)
(26.661 7.83768 8.2109e-18)
(26.7374 7.83774 7.63591e-17)
(26.8122 7.83458 -1.7837e-16)
(26.8874 7.82877 -3.83043e-17)
(26.9667 7.82033 3.29824e-17)
(27.0513 7.80865 1.98087e-17)
(27.1418 7.79303 -1.25603e-16)
(27.2388 7.77262 8.3219e-17)
(27.3429 7.74615 -9.34803e-17)
(27.4548 7.71209 1.78595e-16)
(27.5755 7.66824 -3.80247e-16)
(27.7058 7.61196 0)
(27.8464 7.53938 4.25116e-16)
(27.998 7.4461 2.7854e-17)
(28.1623 7.32442 -4.28322e-16)
(28.3339 7.16747 -4.70368e-16)
(28.5156 6.97212 1.9633e-15)
(25.2251 7.33762 -7.32844e-17)
(25.1915 7.28887 0)
(25.1575 7.22901 0)
(25.1241 7.16141 -3.14763e-16)
(25.0984 7.09087 2.91354e-16)
(25.0765 7.01537 -1.1319e-15)
(25.0594 6.93632 1.15749e-15)
(25.0505 6.86118 -3.23105e-16)
(25.0498 6.79381 3.47559e-16)
(25.0553 6.73437 -3.94984e-16)
(25.0647 6.68365 7.92481e-16)
(25.0761 6.64201 -4.44506e-16)
(25.0883 6.60782 -5.01449e-18)
(25.1003 6.57982 4.93175e-16)
(25.1117 6.55708 0)
(25.1223 6.53823 0)
(25.132 6.52224 1.31738e-16)
(25.1411 6.50827 0)
(25.1497 6.49551 -6.43388e-17)
(25.1582 6.48326 2.408e-16)
(25.1668 6.47102 -1.21709e-16)
(25.1761 6.45838 5.52204e-17)
(25.1867 6.44501 0)
(25.1991 6.431 -4.79334e-17)
(25.2127 6.41735 9.66649e-17)
(25.2272 6.40533 6.54218e-17)
(25.2423 6.39553 -2.19611e-17)
(25.2578 6.38807 -9.7853e-18)
(25.2733 6.383 -1.09685e-18)
(25.2886 6.38034 7.10167e-18)
(25.3033 6.38015 -1.5317e-17)
(25.3172 6.38248 -2.54655e-17)
(25.3301 6.38742 4.37709e-17)
(25.3415 6.3951 3.6152e-18)
(25.3509 6.40566 3.5383e-17)
(25.3579 6.4193 3.18543e-18)
(25.3612 6.43639 7.97679e-18)
(25.36 6.45701 -1.89927e-17)
(25.3576 6.4801 0)
(25.2939 7.34897 6.88937e-19)
(25.3325 7.3925 -1.0742e-16)
(25.3786 7.43737 -7.84736e-17)
(25.4301 7.48056 1.1931e-16)
(25.4824 7.51777 -3.35179e-16)
(25.5392 7.55238 1.52507e-16)
(25.5981 7.58327 4.04976e-17)
(25.6571 7.60965 -1.14159e-16)
(25.7171 7.63261 1.55476e-17)
(25.7772 7.65237 5.94035e-17)
(25.837 7.66921 1.22912e-16)
(25.897 7.6837 0)
(25.9572 7.69607 -1.44516e-16)
(26.0178 7.70664 -4.11077e-18)
(26.0794 7.71572 6.45457e-16)
(26.1424 7.7235 4.04533e-17)
(26.2069 7.73016 -2.7552e-16)
(26.2735 7.73584 3.39162e-16)
(26.3421 7.74068 8.23018e-16)
(26.4133 7.74478 -1.87425e-16)
(26.487 7.7476 2.43718e-16)
(26.5622 7.74852 -2.22904e-16)
(26.6377 7.74718 -2.41165e-16)
(26.7119 7.74286 -1.30606e-16)
(26.7839 7.73515 6.76626e-17)
(26.856 7.72454 0)
(26.9313 7.71098 4.57975e-18)
(27.0111 7.69382 -2.73828e-19)
(27.0955 7.67253 7.96051e-17)
(27.1851 7.64624 -7.86616e-17)
(27.2802 7.61395 8.68384e-17)
(27.3812 7.57421 -3.45904e-16)
(27.4886 7.52533 3.5593e-16)
(27.6029 7.46495 0)
(27.7247 7.39008 1.89559e-16)
(27.8539 7.29701 0)
(27.9921 7.17951 0)
(28.1347 7.03214 -4.08577e-16)
(28.2841 6.85398 -4.62748e-16)
(25.259 7.30411 -1.92664e-16)
(25.2273 7.25816 4.9627e-16)
(25.1953 7.20159 -6.19774e-16)
(25.1636 7.1379 0)
(25.1394 7.07127 -1.05576e-15)
(25.1181 7.00007 1.06987e-15)
(25.1011 6.92549 -1.09429e-15)
(25.0921 6.85475 0)
(25.0908 6.79144 1.2299e-15)
(25.0952 6.73576 -1.31779e-15)
(25.103 6.68833 -7.54884e-16)
(25.1126 6.6494 3.94711e-16)
(25.1229 6.61736 -8.56376e-16)
(25.1332 6.59102 0)
(25.143 6.56954 2.23311e-16)
(25.1521 6.55165 3.43943e-16)
(25.1604 6.5364 -5.85789e-16)
(25.1681 6.52302 2.2874e-16)
(25.1754 6.51077 -2.87269e-16)
(25.1826 6.49899 0)
(25.1898 6.48722 -5.493e-17)
(25.1976 6.47508 -2.54163e-16)
(25.2064 6.46225 1.98037e-16)
(25.2168 6.4488 -1.35287e-16)
(25.2282 6.43566 8.87359e-17)
(25.2405 6.42401 0)
(25.2534 6.41443 0)
(25.2666 6.40702 1.31659e-17)
(25.2799 6.40178 5.63664e-18)
(25.293 6.39866 -1.5451e-17)
(25.3056 6.39766 1.36264e-17)
(25.3174 6.39875 4.8587e-17)
(25.328 6.40196 -6.03293e-17)
(25.3373 6.40738 2.55951e-17)
(25.3448 6.41512 4.42584e-18)
(25.3502 6.4254 -2.21173e-17)
(25.3524 6.43852 -3.09416e-17)
(25.3508 6.45478 1.8072e-17)
(25.3485 6.47304 1.6588e-17)
(25.3236 7.31407 2.52768e-17)
(25.3598 7.35495 -8.15241e-17)
(25.403 7.39695 7.06662e-17)
(25.4514 7.43726 2.31713e-16)
(25.5006 7.47181 8.2651e-17)
(25.5541 7.50383 -2.26738e-16)
(25.6097 7.53233 0)
(25.6656 7.55649 2.25519e-17)
(25.7225 7.57735 -4.52979e-17)
(25.7797 7.59516 3.0721e-17)
(25.8368 7.61014 0)
(25.8942 7.6228 2.02408e-16)
(25.9519 7.63338 -4.78422e-16)
(26.0101 7.64215 2.77792e-16)
(26.0694 7.64939 -3.83924e-16)
(26.1301 7.65523 2.31387e-16)
(26.1926 7.65982 0)
(26.2571 7.66322 -6.56203e-16)
(26.3237 7.66559 3.49931e-16)
(26.3928 7.66689 -1.87083e-16)
(26.4644 7.66657 1.24785e-17)
(26.5375 7.66399 -2.13451e-16)
(26.6106 7.65884 -1.14835e-16)
(26.6821 7.65053 -6.37461e-17)
(26.7511 7.63877 -6.8324e-17)
(26.8197 7.62399 6.46969e-17)
(26.8908 7.60604 0)
(26.9655 7.58432 -1.78159e-17)
(27.0438 7.55839 -3.60935e-17)
(27.1261 7.52749 1.5459e-16)
(27.2125 7.49078 -1.52891e-16)
(27.3032 7.44702 1.65804e-16)
(27.3985 7.39482 -5.07266e-16)
(27.4985 7.33224 -1.87746e-16)
(27.6036 7.25688 -8.91603e-18)
(27.7137 7.16567 -3.79242e-16)
(27.8299 7.0535 3.68603e-16)
(27.9485 6.91604 2.07671e-17)
(28.0716 6.75389 0)
(25.2909 7.27189 2.32483e-16)
(25.2611 7.22869 -2.64464e-16)
(25.231 7.17534 9.19552e-16)
(25.2009 7.1154 0)
(25.178 7.05242 1.2468e-15)
(25.1573 6.98519 -2.06808e-15)
(25.1404 6.91466 4.8618e-16)
(25.1314 6.84797 7.45748e-18)
(25.1296 6.78836 -1.72893e-15)
(25.1327 6.73614 2.74107e-15)
(25.1389 6.69181 -3.34043e-16)
(25.1466 6.65543 0)
(25.1551 6.62545 0)
(25.1637 6.60072 -3.95316e-16)
(25.1718 6.58043 2.06206e-16)
(25.1795 6.56344 7.28671e-16)
(25.1865 6.54886 -3.1996e-16)
(25.193 6.53601 -1.0337e-16)
(25.1991 6.52418 -2.02854e-16)
(25.205 6.51278 1.55904e-16)
(25.2109 6.50137 4.822e-17)
(25.2172 6.4896 1.84768e-16)
(25.2244 6.47716 -1.81415e-16)
(25.2329 6.46412 0)
(25.2423 6.45131 0)
(25.2524 6.43989 -3.7524e-17)
(25.2631 6.43042 0)
(25.2744 6.423 -8.43493e-18)
(25.2857 6.41758 -9.75402e-19)
(25.2969 6.41409 7.14945e-18)
(25.3076 6.41241 3.32052e-20)
(25.3176 6.41249 -6.69881e-17)
(25.3265 6.41428 4.40449e-17)
(25.3342 6.41779 -7.17182e-17)
(25.3401 6.42311 5.57173e-17)
(25.3442 6.43043 -1.0798e-17)
(25.3454 6.44004 -5.30974e-17)
(25.3435 6.45235 -3.48513e-17)
(25.3413 6.46628 -3.05138e-17)
(25.3514 7.2806 -1.16737e-17)
(25.3852 7.31889 0)
(25.4257 7.35811 0)
(25.471 7.39559 -1.08607e-17)
(25.5171 7.42761 -2.57726e-16)
(25.5674 7.45715 -1.25055e-16)
(25.6197 7.48324 5.43108e-17)
(25.6725 7.50525 0)
(25.7264 7.52408 -6.94355e-18)
(25.7808 7.53992 0)
(25.8351 7.553 0)
(25.8899 7.56381 2.70707e-17)
(25.945 7.57258 -1.95624e-16)
(26.0008 7.57952 -5.88445e-16)
(26.0578 7.58488 6.66218e-16)
(26.1161 7.58877 0)
(26.1763 7.59126 -1.91474e-17)
(26.2385 7.59242 2.76043e-16)
(26.3028 7.59233 3.56918e-16)
(26.3696 7.59091 2.26742e-17)
(26.4388 7.5876 -1.98829e-16)
(26.5094 7.58174 0)
(26.5798 7.5731 1.09373e-16)
(26.6483 7.56123 1.12023e-16)
(26.714 7.54595 1.53853e-18)
(26.7789 7.52764 0)
(26.8457 7.506 0)
(26.9152 7.4806 6.73585e-17)
(26.9875 7.45097 1.40976e-18)
(27.0628 7.4166 0)
(27.141 7.37666 7.72753e-17)
(27.2221 7.33028 -2.9572e-16)
(27.3063 7.27616 -1.53048e-16)
(27.3936 7.21287 -7.57754e-18)
(27.4842 7.13831 1.5377e-16)
(27.5781 7.05014 3.32412e-16)
(27.6759 6.94394 0)
(27.7746 6.81632 3.61882e-16)
(27.8764 6.66905 4.03831e-16)
(25.3208 7.24104 1.55459e-18)
(25.293 7.20053 -1.12042e-16)
(25.2646 7.15032 -4.24443e-16)
(25.2361 7.09403 0)
(25.2145 7.03444 -8.58592e-16)
(25.1942 6.97085 1.73839e-15)
(25.1774 6.904 0)
(25.1685 6.84095 -1.85162e-15)
(25.166 6.78464 0)
(25.1678 6.73557 -5.79214e-16)
(25.1722 6.69409 -6.04874e-16)
(25.1781 6.66012 6.40332e-16)
(25.1848 6.63211 0)
(25.1918 6.60892 0)
(25.1984 6.58979 3.71147e-16)
(25.2047 6.57365 -3.94157e-16)
(25.2104 6.5597 0)
(25.2157 6.54732 9.80874e-17)
(25.2207 6.53585 4.83781e-17)
(25.2254 6.52476 4.72683e-17)
(25.2302 6.51363 -4.57864e-17)
(25.2351 6.50213 4.24031e-17)
(25.2408 6.48997 1.6053e-16)
(25.2475 6.4772 -3.09328e-16)
(25.2549 6.46457 1.51174e-16)
(25.2629 6.45322 3.56514e-17)
(25.2716 6.44374 -3.23458e-17)
(25.2808 6.4362 2.47083e-17)
(25.2902 6.43055 0)
(25.2997 6.42668 -2.58621e-17)
(25.3088 6.42444 1.19927e-18)
(25.3174 6.42371 -2.26628e-17)
(25.3249 6.42436 0)
(25.3313 6.42633 3.47784e-17)
(25.3361 6.42966 0)
(25.3392 6.43448 0)
(25.3397 6.44106 4.05221e-17)
(25.3376 6.44985 0)
(25.3356 6.45991 0)
(25.3775 7.24852 -2.01105e-17)
(25.4089 7.28427 -6.62797e-17)
(25.4466 7.32078 1.53744e-16)
(25.4888 7.35556 -2.16173e-16)
(25.532 7.38509 2.94814e-16)
(25.579 7.41221 -6.62397e-17)
(25.6282 7.43604 5.53916e-17)
(25.6778 7.45593 -5.7461e-17)
(25.7288 7.47272 0)
(25.7802 7.48662 -7.38965e-17)
(25.8318 7.49781 1.51987e-16)
(25.884 7.50676 1.3108e-16)
(25.9366 7.5137 2.01347e-16)
(25.9899 7.51882 2.64461e-16)
(26.0444 7.5223 -3.26328e-16)
(26.1003 7.52422 3.80766e-16)
(26.158 7.52464 -2.3275e-16)
(26.2177 7.52359 0)
(26.2797 7.5211 3.2787e-16)
(26.3439 7.51708 -3.2901e-16)
(26.4104 7.51094 1.67365e-16)
(26.4782 7.50208 3.802e-16)
(26.5456 7.49032 -1.93085e-16)
(26.6109 7.47536 -1.06719e-16)
(26.6732 7.4571 5.5911e-17)
(26.7342 7.43585 0)
(26.7966 7.41127 0)
(26.861 7.38292 -6.24487e-17)
(26.9275 7.35052 2.97692e-17)
(26.9961 7.31358 0)
(27.0666 7.27152 1.34967e-16)
(27.139 7.22355 -6.03451e-18)
(27.2133 7.16871 2.87704e-16)
(27.2895 7.10574 -6.34682e-18)
(27.3675 7.03303 0)
(27.4475 6.94857 -3.19298e-16)
(27.5299 6.84871 3.11181e-16)
(27.6123 6.73065 0)
(27.6968 6.59708 3.51044e-16)
(25.349 7.21154 9.25892e-17)
(25.3229 7.17368 0)
(25.2962 7.12654 0)
(25.2692 7.07381 -2.07668e-16)
(25.2489 7.01738 5.98474e-16)
(25.2288 6.95716 3.73952e-16)
(25.2122 6.8936 0)
(25.2033 6.83384 1.32159e-15)
(25.2001 6.78038 2.28748e-15)
(25.2002 6.73411 -9.79761e-16)
(25.2028 6.69525 0)
(25.2069 6.66352 -1.87473e-17)
(25.2121 6.63736 -3.27468e-16)
(25.2174 6.61566 3.30614e-16)
(25.2227 6.59765 3.45053e-16)
(25.2276 6.58234 -1.77656e-16)
(25.2322 6.56899 0)
(25.2363 6.55703 3.45964e-16)
(25.2401 6.54588 -7.7687e-16)
(25.2438 6.53504 2.59837e-16)
(25.2474 6.52413 -1.62315e-16)
(25.2511 6.51284 3.15249e-16)
(25.2554 6.50087 -2.27366e-16)
(25.2603 6.48826 7.0614e-17)
(25.2658 6.47571 -3.30679e-17)
(25.2719 6.46432 6.74484e-17)
(25.2785 6.45469 0)
(25.2858 6.44689 7.45075e-18)
(25.2934 6.4409 8.73803e-19)
(25.3012 6.43659 0)
(25.3089 6.43382 1.18551e-17)
(25.3162 6.43239 2.15472e-17)
(25.3228 6.43213 -2.00037e-17)
(25.3282 6.4329 -3.02447e-17)
(25.3323 6.43466 6.64282e-17)
(25.3348 6.43747 -5.0368e-17)
(25.3349 6.44152 9.34841e-17)
(25.3327 6.44737 -1.20556e-16)
(25.3309 6.45403 7.43343e-18)
(25.4017 7.21784 2.03393e-17)
(25.4309 7.25107 -5.98522e-17)
(25.4658 7.28493 5.18568e-17)
(25.505 7.31706 -1.69453e-16)
(25.5452 7.34424 2.68583e-16)
(25.589 7.36905 -2.78102e-16)
(25.635 7.39063 1.35592e-16)
(25.6816 7.40852 9.97865e-18)
(25.7296 7.42333 0)
(25.7782 7.43528 0)
(25.827 7.44461 -1.86711e-16)
(25.8765 7.45172 -1.92746e-17)
(25.9266 7.45684 -2.38883e-17)
(25.9774 7.46014 0)
(26.0293 7.46176 2.90384e-16)
(26.0827 7.46173 -7.09906e-16)
(26.1379 7.46012 -4.46018e-16)
(26.195 7.4569 4.64966e-16)
(26.2542 7.4521 0)
(26.3157 7.44561 0)
(26.3793 7.43686 -3.39029e-16)
(26.4441 7.42528 0)
(26.5084 7.41079 -1.80468e-16)
(26.5703 7.39318 0)
(26.629 7.37247 -1.03957e-16)
(26.6862 7.34887 7.71545e-17)
(26.7442 7.32199 0)
(26.8036 7.29144 0)
(26.8645 7.25704 1.47523e-16)
(26.9268 7.2184 4.9153e-18)
(26.9902 7.17505 -2.46181e-16)
(27.0547 7.12641 1.30743e-16)
(27.1202 7.07169 -5.23202e-16)
(27.1866 7.00988 4.05137e-16)
(27.254 6.93965 -1.41699e-18)
(27.3222 6.85936 0)
(27.3917 6.76589 0)
(27.4607 6.65692 5.92977e-16)
(27.5312 6.53584 -6.05325e-16)
(25.3752 7.1834 -1.08123e-16)
(25.3509 7.14813 1.86367e-16)
(25.3258 7.10393 0)
(25.3003 7.05462 7.14636e-16)
(25.2811 7.00114 0)
(25.2611 6.94409 1.36045e-15)
(25.2447 6.88353 3.60303e-16)
(25.2359 6.82678 1.14006e-15)
(25.2316 6.77573 -1.7265e-15)
(25.23 6.73191 1.37975e-15)
(25.2307 6.69538 -1.47758e-15)
(25.2331 6.66569 4.20919e-18)
(25.2366 6.64127 -1.16071e-15)
(25.2405 6.62097 -9.68587e-18)
(25.2444 6.60403 -8.52426e-18)
(25.2481 6.58951 0)
(25.2515 6.57673 3.16414e-16)
(25.2545 6.56518 -2.44725e-16)
(25.2573 6.55432 8.06543e-17)
(25.2599 6.5437 1.5527e-16)
(25.2624 6.53297 0)
(25.265 6.52185 -3.699e-17)
(25.2679 6.51004 7.0494e-17)
(25.2713 6.49755 -6.70676e-17)
(25.2751 6.48504 -6.38109e-17)
(25.2792 6.47355 0)
(25.284 6.46368 -1.47383e-17)
(25.2893 6.45551 0)
(25.2951 6.44904 -1.6669e-18)
(25.3013 6.44418 2.3999e-17)
(25.3076 6.44079 -2.41503e-17)
(25.3138 6.4387 0)
(25.3196 6.43767 -5.45209e-17)
(25.3245 6.43751 3.98826e-18)
(25.3281 6.43807 -5.89418e-17)
(25.3304 6.43936 7.03204e-18)
(25.3305 6.44145 5.22716e-17)
(25.3286 6.44493 3.97551e-17)
(25.327 6.44878 0)
(25.4242 7.18851 -1.46779e-17)
(25.4511 7.21929 1.43733e-16)
(25.4834 7.25057 0)
(25.5196 7.28015 4.6666e-16)
(25.5568 7.30502 -2.54397e-16)
(25.5975 7.32759 1.86015e-16)
(25.6404 7.3471 0)
(25.6839 7.36302 -6.72063e-17)
(25.7288 7.37589 1.00819e-17)
(25.7746 7.38599 0)
(25.8207 7.39351 0)
(25.8676 7.39882 0)
(25.915 7.40217 -1.92429e-16)
(25.9633 7.40369 2.00098e-16)
(26.0126 7.40344 -2.75341e-16)
(26.0633 7.40147 3.59193e-16)
(26.1158 7.39782 -3.30253e-16)
(26.1702 7.3925 4.94035e-17)
(26.2266 7.38547 -2.39739e-16)
(26.2851 7.37668 2.84742e-16)
(26.3457 7.36554 3.1812e-16)
(26.4073 7.35157 -4.74583e-16)
(26.4683 7.3347 3.34677e-16)
(26.5268 7.31489 9.12086e-17)
(26.5819 7.2922 -9.08291e-17)
(26.6353 7.26678 7.40465e-17)
(26.689 7.23818 -5.55475e-17)
(26.7437 7.20606 -5.27479e-17)
(26.7993 7.17031 -1.36156e-16)
(26.8557 7.13064 1.08143e-16)
(26.9126 7.08671 -5.29592e-17)
(26.97 7.03807 -3.537e-16)
(27.0277 6.9841 4.7886e-16)
(27.0856 6.92401 1.20942e-16)
(27.1438 6.85668 -7.79772e-16)
(27.2021 6.78075 1.03745e-15)
(27.261 6.69355 -5.16058e-16)
(27.319 6.59308 0)
(27.3781 6.48329 0)
(25.3996 7.15658 -2.32598e-16)
(25.3769 7.12381 -9.3506e-17)
(25.3534 7.08242 -1.58907e-16)
(25.3293 7.03639 -1.50468e-15)
(25.3111 6.98564 3.15325e-16)
(25.291 6.9316 -1.2868e-15)
(25.2751 6.87378 -3.27417e-16)
(25.2664 6.81992 -1.09307e-15)
(25.2607 6.77092 0)
(25.257 6.72918 -1.22611e-15)
(25.2558 6.69467 2.27594e-15)
(25.2564 6.66673 9.92149e-16)
(25.2584 6.64382 -5.27164e-16)
(25.2608 6.62479 -5.43262e-16)
(25.2633 6.60883 5.65117e-16)
(25.2659 6.59507 2.8637e-16)
(25.2681 6.58285 -4.39652e-16)
(25.2701 6.5717 -4.35446e-16)
(25.2719 6.56112 7.7635e-17)
(25.2735 6.55073 2.15032e-16)
(25.275 6.54019 -6.81503e-17)
(25.2765 6.52923 0)
(25.2782 6.51759 -1.26347e-16)
(25.2802 6.50525 6.38401e-17)
(25.2824 6.49282 2.99878e-17)
(25.2849 6.48127 0)
(25.2879 6.47114 -2.71507e-17)
(25.2914 6.46254 2.07407e-17)
(25.2954 6.45549 7.94904e-19)
(25.2999 6.44996 -1.21778e-17)
(25.3049 6.44587 4.33767e-17)
(25.3101 6.44306 -3.64998e-18)
(25.3152 6.44132 -5.9805e-17)
(25.3197 6.44039 -1.74621e-18)
(25.3233 6.44006 -3.23748e-17)
(25.3257 6.44024 0)
(25.3262 6.4409 5.24695e-17)
(25.3247 6.44259 4.71449e-17)
(25.3236 6.44426 -4.34788e-17)
(25.4449 7.1605 -2.89245e-17)
(25.4697 7.18887 -1.28431e-16)
(25.4993 7.21765 -1.9313e-16)
(25.5326 7.24473 -4.94977e-16)
(25.5669 7.26745 1.26216e-16)
(25.6045 7.28788 0)
(25.6443 7.30537 -6.78273e-17)
(25.6847 7.31947 -4.00658e-17)
(25.7266 7.33047 -1.57262e-17)
(25.7695 7.33886 0)
(25.8128 7.3447 -1.53834e-16)
(25.857 7.34831 -1.34439e-16)
(25.9018 7.34995 1.40369e-16)
(25.9473 7.3497 2.19137e-16)
(25.994 7.34756 1.33761e-17)
(26.0419 7.34362 3.02131e-16)
(26.0916 7.33796 3.57108e-16)
(26.1432 7.33056 0)
(26.1967 7.32139 2.21312e-16)
(26.2522 7.31039 6.64735e-18)
(26.3097 7.29707 -2.66473e-16)
(26.368 7.28095 0)
(26.4257 7.26211 0)
(26.4807 7.24053 0)
(26.5323 7.21637 -4.54282e-17)
(26.582 7.18967 8.6221e-17)
(26.6316 7.15993 1.13723e-17)
(26.6818 7.12684 -1.09873e-17)
(26.7324 7.09037 9.73549e-17)
(26.7833 7.0503 -4.89836e-17)
(26.8343 7.00638 2.07213e-16)
(26.8853 6.9583 5.70374e-18)
(26.9362 6.90557 -2.19542e-16)
(26.9868 6.84758 -1.15918e-16)
(27.0371 6.78338 -4.68887e-16)
(27.0872 6.71184 1.16599e-15)
(27.1373 6.63065 -1.17953e-15)
(27.1864 6.53802 6.81545e-18)
(27.2363 6.43837 -4.83881e-16)
(25.4221 7.13098 7.89879e-17)
(25.4009 7.1006 -7.53221e-17)
(25.3788 7.06188 -5.46447e-16)
(25.356 7.01898 6.12968e-16)
(25.3389 6.97078 -3.02744e-16)
(25.3187 6.9197 2.79226e-16)
(25.3035 6.86439 0)
(25.2947 6.81344 0)
(25.2875 6.76607 1.72773e-15)
(25.2816 6.7261 3.93101e-16)
(25.2783 6.69327 -2.75093e-17)
(25.277 6.66673 4.485e-16)
(25.2771 6.64505 4.64291e-16)
(25.278 6.62706 -5.09273e-16)
(25.2792 6.61195 -5.23952e-16)
(25.2806 6.59887 7.99843e-16)
(25.2819 6.58718 -2.4965e-18)
(25.283 6.57643 6.82096e-17)
(25.2839 6.56616 -2.25666e-18)
(25.2846 6.55601 6.41438e-17)
(25.2852 6.54569 6.47053e-17)
(25.2857 6.53494 0)
(25.2863 6.52352 1.16807e-16)
(25.2871 6.51142 -5.74875e-17)
(25.2879 6.49916 0)
(25.289 6.48765 0)
(25.2904 6.47735 3.93797e-17)
(25.2922 6.46834 1.25927e-17)
(25.2946 6.46067 -6.26718e-18)
(25.2975 6.45438 1.15745e-17)
(25.301 6.44947 4.25599e-17)
(25.3052 6.44587 -4.28205e-17)
(25.3096 6.44337 1.86239e-17)
(25.3139 6.44174 -1.85104e-18)
(25.3176 6.44071 -1.91263e-18)
(25.3203 6.44012 -5.46735e-17)
(25.3213 6.43978 4.97254e-18)
(25.3207 6.44025 -4.4813e-17)
(25.3202 6.44032 4.60131e-18)
(25.4636 7.13358 0)
(25.4863 7.15966 0)
(25.5133 7.18608 2.90307e-16)
(25.5438 7.21083 0)
(25.5753 7.23149 -1.99746e-16)
(25.6098 7.24989 0)
(25.6467 7.26562 1.00857e-16)
(25.6839 7.27791 0)
(25.7231 7.28715 1.49058e-17)
(25.763 7.29413 0)
(25.8035 7.29832 1.4585e-16)
(25.8448 7.30022 -1.21972e-16)
(25.8868 7.30022 4.07022e-16)
(25.9294 7.29821 -3.55326e-16)
(25.9731 7.29418 1.2006e-17)
(26.0183 7.2883 -2.50581e-16)
(26.0651 7.28065 0)
(26.1137 7.27122 3.90673e-16)
(26.1644 7.25997 -4.28675e-16)
(26.2169 7.24688 2.52034e-16)
(26.2712 7.23148 2.14074e-17)
(26.3263 7.21342 -2.55309e-16)
(26.3807 7.1928 1.3609e-16)
(26.4325 7.16972 0)
(26.4807 7.14437 -3.95326e-17)
(26.5268 7.11672 6.04202e-17)
(26.5726 7.0862 -5.088e-17)
(26.6186 7.05254 1.09733e-17)
(26.6645 7.01576 1.34527e-16)
(26.7104 6.9757 5.33767e-17)
(26.756 6.93223 -2.80661e-16)
(26.8013 6.88509 9.9329e-17)
(26.8461 6.83393 1.02166e-16)
(26.8903 6.77827 4.131e-16)
(26.934 6.71732 1.34336e-17)
(26.9771 6.65012 -8.38312e-16)
(27.0199 6.57465 2.21019e-16)
(27.0616 6.48926 9.37057e-18)
(27.1041 6.39875 8.86077e-16)
(25.4426 7.10635 6.40767e-17)
(25.4229 7.07823 -7.94547e-17)
(25.4022 7.04208 6.38168e-16)
(25.3808 7.00224 2.81794e-16)
(25.3647 6.95652 -1.32044e-15)
(25.3444 6.90843 -2.66405e-16)
(25.3301 6.85545 -1.84927e-15)
(25.321 6.80759 0)
(25.312 6.76111 -1.30327e-15)
(25.304 6.72263 -1.36198e-15)
(25.2985 6.69121 -7.75922e-16)
(25.295 6.66573 -4.08898e-16)
(25.293 6.645 -4.56473e-16)
(25.292 6.62783 4.4986e-16)
(25.2918 6.61342 -7.30838e-16)
(25.2921 6.60091 0)
(25.2925 6.5897 -1.2535e-16)
(25.2929 6.57933 -1.21476e-16)
(25.2932 6.56939 -3.63026e-16)
(25.2932 6.55952 4.77147e-16)
(25.293 6.54948 -1.78807e-16)
(25.2926 6.539 5.59364e-17)
(25.2922 6.52789 -2.6996e-16)
(25.2918 6.51613 2.12701e-16)
(25.2915 6.50422 0)
(25.2914 6.4929 0)
(25.2915 6.48256 -4.95053e-17)
(25.2919 6.47322 0)
(25.2927 6.46497 0)
(25.2941 6.45788 -8.79775e-17)
(25.2962 6.45206 1.30285e-16)
(25.2992 6.44751 -6.2657e-17)
(25.3028 6.44415 0)
(25.3068 6.44175 3.40612e-17)
(25.3106 6.44006 5.93088e-17)
(25.3138 6.43887 -6.14518e-17)
(25.3157 6.43789 -1.01889e-16)
(25.316 6.43758 1.02135e-16)
(25.3165 6.4365 4.36547e-17)
(25.4806 7.10762 0)
(25.5012 7.13153 0)
(25.5256 7.15576 1.17776e-16)
(25.5532 7.17833 -1.29051e-16)
(25.5819 7.19716 6.12341e-18)
(25.6133 7.21372 0)
(25.6473 7.22787 0)
(25.6814 7.23838 8.17118e-17)
(25.7182 7.24634 0)
(25.755 7.25204 0)
(25.7928 7.25434 1.23267e-16)
(25.8313 7.25441 0)
(25.8702 7.2529 -2.65228e-16)
(25.9096 7.24925 3.37017e-16)
(25.9502 7.24336 -2.1698e-16)
(25.9925 7.23557 6.94897e-16)
(26.0364 7.22599 2.77387e-16)
(26.0821 7.2146 0)
(26.1297 7.2013 -3.967e-16)
(26.1791 7.18618 0)
(26.2302 7.16887 1.59854e-17)
(26.2821 7.14918 -2.30654e-16)
(26.3331 7.12723 -1.2953e-16)
(26.3816 7.10321 -6.46967e-17)
(26.4266 7.07727 0)
(26.4693 7.0493 -9.07335e-17)
(26.5116 7.01862 3.18887e-17)
(26.5536 6.98501 -6.91236e-17)
(26.5954 6.94847 1.16692e-16)
(26.6368 6.90896 1.26841e-16)
(26.6777 6.86637 -1.65695e-16)
(26.718 6.82053 0)
(26.7577 6.77122 8.59976e-17)
(26.7966 6.71803 -1.76082e-16)
(26.8348 6.66033 -3.77572e-16)
(26.8723 6.59726 7.69049e-16)
(26.9094 6.52705 -5.59821e-16)
(26.9453 6.44816 3.85185e-16)
(26.9818 6.36565 -8.12853e-16)
(25.4614 7.08254 -6.09784e-17)
(25.4433 7.05657 -1.94125e-16)
(25.4241 7.0229 0)
(25.4042 6.98609 0)
(25.3891 6.9428 1.25411e-15)
(25.3687 6.89782 -2.32563e-16)
(25.3556 6.84705 1.9995e-15)
(25.3456 6.8025 0)
(25.3347 6.75585 0)
(25.3243 6.71864 1.28981e-15)
(25.3164 6.68851 6.92528e-16)
(25.3104 6.66385 7.78553e-16)
(25.3059 6.64377 4.04373e-16)
(25.3029 6.62722 -8.62736e-16)
(25.301 6.61332 2.21087e-16)
(25.3002 6.60126 0)
(25.2998 6.59045 5.62943e-16)
(25.2996 6.58045 -3.44871e-16)
(25.2994 6.57085 2.79004e-16)
(25.2989 6.56132 -6.0837e-17)
(25.2981 6.55161 -2.72547e-16)
(25.297 6.5415 -1.41273e-18)
(25.2956 6.53081 1.25791e-18)
(25.2943 6.51955 0)
(25.293 6.50814 -9.47503e-17)
(25.2918 6.49722 4.87009e-17)
(25.291 6.48706 7.04671e-17)
(25.2903 6.47764 -2.2672e-17)
(25.29 6.46901 2.09243e-17)
(25.2901 6.46128 -1.51847e-19)
(25.291 6.4546 -2.10993e-17)
(25.2928 6.44909 3.98412e-17)
(25.2955 6.44478 0)
(25.2989 6.44154 -6.73179e-17)
(25.3026 6.43918 9.89819e-17)
(25.3061 6.43749 0)
(25.3087 6.4361 0)
(25.31 6.43542 0)
(25.3117 6.43375 1.39504e-16)
(25.4936 7.08665 1.30379e-17)
(25.5126 7.1088 -8.5024e-17)
(25.535 7.13106 -5.80827e-17)
(25.5603 7.15139 6.41714e-17)
(25.5866 7.16804 4.47633e-16)
(25.6154 7.18213 -7.82423e-17)
(25.6467 7.19387 6.29355e-17)
(25.6774 7.20115 -1.39814e-16)
(25.7119 7.20699 -3.05373e-17)
(25.7443 7.20785 7.61311e-17)
(25.7783 7.20813 -2.62296e-16)
(25.8144 7.20849 0)
(25.8511 7.2079 0)
(25.8882 7.20453 0)
(25.9267 7.19839 3.83904e-16)
(25.9669 7.19009 -1.00036e-15)
(26.0089 7.17982 -1.63561e-17)
(26.0525 7.16751 0)
(26.0978 7.15322 4.48763e-16)
(26.1449 7.13696 0)
(26.1937 7.11847 1.39264e-16)
(26.2434 7.09763 -1.13428e-17)
(26.2922 7.07467 1.5116e-16)
(26.3384 7.04985 8.45619e-17)
(26.3809 7.02339 0)
(26.4211 6.99507 6.83342e-17)
(26.4605 6.9642 -5.70931e-18)
(26.4993 6.93055 0)
(26.5376 6.89417 -9.81699e-17)
(26.5752 6.85506 2.02748e-16)
(26.6119 6.81321 -6.72724e-19)
(26.648 6.76847 2.11801e-16)
(26.6832 6.72069 -2.14305e-16)
(26.7176 6.66956 2.47836e-18)
(26.7511 6.61449 4.35595e-16)
(26.7838 6.55474 -2.03762e-16)
(26.8159 6.48863 -2.17482e-16)
(26.8468 6.4148 4.19735e-16)
(26.8781 6.33847 -4.54439e-16)
(25.4758 7.06319 9.85112e-17)
(25.4591 7.03872 2.51276e-16)
(25.4413 7.00667 3.16137e-16)
(25.4233 6.97191 1.12288e-16)
(25.4099 6.93022 0)
(25.3906 6.88774 0)
(25.3807 6.83864 -1.73183e-15)
(25.3713 6.79761 9.32707e-16)
(25.3585 6.75068 -2.04896e-15)
(25.3433 6.71459 1.15844e-15)
(25.3315 6.68552 -6.87025e-16)
(25.3225 6.66133 -3.78759e-16)
(25.3152 6.64162 -4.35003e-16)
(25.3098 6.62538 3.76142e-19)
(25.3063 6.61173 -2.49692e-16)
(25.3043 6.59993 2.54643e-16)
(25.3032 6.58939 -4.02906e-16)
(25.3026 6.5797 0)
(25.3022 6.57042 1.99252e-16)
(25.3016 6.56125 -3.37079e-16)
(25.3006 6.5519 1.30512e-16)
(25.2991 6.54217 -3.86625e-16)
(25.2973 6.53188 3.12593e-16)
(25.2953 6.52107 -1.22337e-16)
(25.2933 6.51012 -5.98905e-17)
(25.2914 6.49959 0)
(25.2899 6.48969 -5.9464e-17)
(25.2887 6.48038 5.96652e-17)
(25.2877 6.47163 3.65853e-18)
(25.287 6.46355 -1.43073e-17)
(25.2869 6.45624 1.10401e-16)
(25.2876 6.44992 -1.33888e-16)
(25.2892 6.44469 5.25892e-17)
(25.2918 6.44059 0)
(25.295 6.43751 -1.31151e-16)
(25.2984 6.4353 1.69502e-16)
(25.3013 6.43357 7.69704e-17)
(25.3034 6.43271 6.58753e-17)
(25.3061 6.43096 -1.30066e-16)
(25.5038 7.06843 1.148e-17)
(25.5213 7.0891 8.08678e-17)
(25.542 7.10953 0)
(25.5654 7.12771 -9.6663e-17)
(25.5896 7.14206 -1.93079e-18)
(25.616 7.15337 -3.08498e-16)
(25.6446 7.16204 1.59047e-16)
(25.6721 7.16535 -1.72662e-17)
(25.7037 7.16826 1.68979e-17)
(25.7311 7.1619 -2.53561e-17)
(25.7613 7.16029 3.47582e-16)
(25.7957 7.16257 -4.01738e-16)
(25.8312 7.16423 1.81441e-16)
(25.8664 7.16228 0)
(25.9032 7.15704 1.64989e-17)
(25.942 7.14934 -3.869e-16)
(25.9826 7.13938 -8.52638e-16)
(26.0246 7.1271 3.2085e-16)
(26.0683 7.11258 -2.25019e-17)
(26.1137 7.09579 0)
(26.161 7.07669 -2.32982e-16)
(26.2091 7.05526 2.49671e-16)
(26.2564 7.03184 -7.83487e-18)
(26.3011 7.00676 1.41312e-16)
(26.3422 6.98027 0)
(26.3807 6.95209 -2.04061e-17)
(26.418 6.92144 5.26787e-18)
(26.4545 6.88814 -1.69275e-18)
(26.4902 6.85227 8.70849e-17)
(26.5248 6.81367 -4.57655e-17)
(26.5582 6.77261 -9.3007e-17)
(26.5907 6.72888 0)
(26.6224 6.68243 -1.9592e-16)
(26.653 6.63297 1.88249e-16)
(26.6827 6.57998 0)
(26.7114 6.52276 1.99846e-16)
(26.7393 6.45981 1.87631e-16)
(26.7658 6.38968 -3.83285e-16)
(26.7926 6.31785 7.76933e-16)
(25.4874 7.0463 5.28721e-17)
(25.4721 7.02298 6.47768e-17)
(25.4559 6.99228 -4.02886e-16)
(25.4402 6.95916 -1.04594e-16)
(25.4288 6.91879 8.32791e-16)
(25.4114 6.87878 -1.16312e-15)
(25.4054 6.83124 1.20634e-15)
(25.3972 6.7936 -7.66854e-16)
(25.3826 6.74582 1.88923e-15)
(25.361 6.71063 -1.11728e-15)
(25.3448 6.68218 0)
(25.3328 6.65818 7.28335e-16)
(25.3232 6.63859 0)
(25.3159 6.62244 0)
(25.3111 6.60889 -4.55087e-16)
(25.3083 6.59724 4.84251e-16)
(25.3066 6.58692 -2.41984e-16)
(25.3058 6.57754 4.95808e-16)
(25.3053 6.56866 -1.88625e-16)
(25.3047 6.55994 -1.1953e-16)
(25.3038 6.55109 2.4367e-16)
(25.3023 6.54187 -5.74771e-17)
(25.3003 6.5321 1.15113e-16)
(25.2979 6.52178 5.51835e-17)
(25.2953 6.51124 -1.10478e-16)
(25.2929 6.501 5.55858e-17)
(25.2908 6.49135 2.75675e-17)
(25.289 6.48222 -1.36589e-17)
(25.2875 6.47358 -3.36972e-18)
(25.2863 6.46541 0)
(25.2855 6.45782 -5.16688e-17)
(25.2853 6.45097 -2.37048e-17)
(25.286 6.44503 6.99688e-19)
(25.2876 6.44013 -8.77679e-17)
(25.2901 6.43631 1.29268e-16)
(25.2931 6.4335 -1.5197e-16)
(25.296 6.4314 5.13398e-18)
(25.2984 6.43045 0)
(25.3018 6.42872 0)
(25.5139 7.05044 -2.33696e-19)
(25.5299 7.06968 -3.47654e-17)
(25.5489 7.08834 2.46431e-16)
(25.5702 7.10444 -1.06265e-16)
(25.5922 7.11653 -1.92566e-17)
(25.6161 7.12518 1.54564e-16)
(25.6418 7.13098 -3.45283e-16)
(25.6659 7.13078 5.31734e-17)
(25.6943 7.13095 0)
(25.7165 7.11827 -5.13865e-17)
(25.7426 7.11498 -3.06055e-16)
(25.7752 7.11891 1.99491e-16)
(25.8095 7.12237 3.08974e-17)
(25.843 7.12149 1.12157e-17)
(25.878 7.11694 0)
(25.9154 7.10971 7.93458e-16)
(25.9547 7.09992 4.925e-16)
(25.9953 7.08751 2.89821e-16)
(26.0373 7.07253 -3.54023e-16)
(26.0812 7.05501 1.97102e-16)
(26.1267 7.03496 2.12782e-16)
(26.173 7.01253 2.79416e-18)
(26.2185 6.98825 -3.49706e-16)
(26.2615 6.96259 -1.30377e-16)
(26.3008 6.93584 1.31114e-16)
(26.3375 6.90769 -1.86385e-17)
(26.3729 6.87727 3.55124e-17)
(26.4071 6.84444 -5.62679e-17)
(26.4405 6.80928 1.51413e-16)
(26.4723 6.77148 -3.92892e-17)
(26.5026 6.73151 0)
(26.5319 6.68914 8.57772e-17)
(26.5602 6.64432 -3.35393e-16)
(26.5874 6.59681 1.65356e-16)
(26.6135 6.54614 0)
(26.6386 6.49165 0)
(26.6628 6.432 -1.76049e-16)
(26.6854 6.36564 3.22125e-16)
(26.7083 6.2984 -8.5557e-18)
(25.4989 7.02963 -1.00274e-16)
(25.4851 7.00747 1.12918e-16)
(25.4706 6.97817 -2.86836e-16)
(25.457 6.94665 4.00179e-16)
(25.4475 6.90751 -2.1169e-16)
(25.432 6.87002 1.46086e-15)
(25.4296 6.82358 6.87503e-16)
(25.4217 6.78842 7.35758e-16)
(25.4052 6.74038 -1.78577e-15)
(25.3773 6.70604 0)
(25.3565 6.67822 -5.91968e-16)
(25.3417 6.65445 6.64278e-18)
(25.3299 6.635 7.33741e-16)
(25.3208 6.61899 -4.03584e-16)
(25.3147 6.60552 2.10303e-16)
(25.3109 6.59394 -4.48007e-16)
(25.3084 6.58371 0)
(25.307 6.5745 3.399e-16)
(25.3062 6.56589 5.084e-17)
(25.3056 6.55756 -2.84644e-16)
(25.3048 6.54918 -2.73901e-16)
(25.3034 6.5405 4.00535e-18)
(25.3013 6.5313 2.10975e-16)
(25.2985 6.52152 5.12635e-17)
(25.2952 6.51135 1.51186e-16)
(25.292 6.50132 -1.01955e-16)
(25.2891 6.49175 0)
(25.2866 6.48269 1.25542e-17)
(25.2846 6.47411 -1.22666e-17)
(25.2828 6.46597 4.86592e-17)
(25.2814 6.45824 2.35348e-17)
(25.2805 6.45102 -4.63872e-17)
(25.2802 6.44447 1.31588e-16)
(25.2808 6.43879 -8.7435e-17)
(25.2822 6.43411 0)
(25.2845 6.43055 -7.24064e-17)
(25.287 6.42787 -6.16803e-17)
(25.2894 6.42678 1.32272e-16)
(25.2935 6.42511 0)
(25.5238 7.03229 -1.01765e-17)
(25.5382 7.05011 -2.00784e-16)
(25.5554 7.06705 -1.49292e-16)
(25.5746 7.08118 1.82426e-16)
(25.5943 7.09117 -1.22361e-16)
(25.6155 7.09744 1.16394e-16)
(25.6381 7.10052 1.32979e-16)
(25.6589 7.09732 0)
(25.6837 7.09486 -1.39733e-17)
(25.7009 7.07702 1.48434e-16)
(25.7231 7.07233 1.32355e-16)
(25.7538 7.07752 2.51046e-16)
(25.7869 7.08234 4.45313e-17)
(25.8187 7.08224 -2.23042e-16)
(25.8519 7.07827 -5.56072e-16)
(25.8878 7.07144 -4.16108e-16)
(25.9256 7.06178 1.76199e-16)
(25.9647 7.04919 5.39295e-18)
(26.0051 7.03365 -2.68475e-16)
(26.0473 7.01523 0)
(26.091 6.99406 -5.24929e-16)
(26.1353 6.97052 1.79895e-16)
(26.1789 6.94522 9.84041e-17)
(26.2199 6.9188 -1.65843e-16)
(26.2573 6.89161 5.40153e-17)
(26.292 6.86333 5.86444e-17)
(26.3252 6.83301 8.02373e-18)
(26.3571 6.80058 -4.13192e-17)
(26.388 6.76618 -3.0673e-18)
(26.4171 6.72928 -2.18586e-18)
(26.4444 6.6906 0)
(26.4707 6.64983 2.15927e-16)
(26.4959 6.6069 7.43992e-17)
(26.52 6.5616 -2.87521e-16)
(26.5429 6.51347 0)
(26.5649 6.4619 -2.9958e-16)
(26.5858 6.40564 5.90948e-16)
(26.6051 6.3431 -1.4559e-15)
(26.6246 6.28048 5.98988e-16)
(25.5104 7.01284 0)
(25.4981 6.99188 -1.05235e-16)
(25.4854 6.96415 -9.77466e-17)
(25.4739 6.93425 1.79508e-16)
(25.4659 6.89642 -1.41322e-15)
(25.4522 6.86167 -3.24466e-16)
(25.4534 6.81597 9.00801e-16)
(25.4446 6.78303 -3.18864e-19)
(25.4259 6.73447 -1.60581e-15)
(25.3921 6.70069 9.15597e-16)
(25.3668 6.67346 5.50751e-16)
(25.3494 6.64993 1.12797e-17)
(25.3355 6.63069 -3.46478e-16)
(25.3249 6.61487 0)
(25.3175 6.60159 -1.9247e-16)
(25.3126 6.59012 8.18664e-16)
(25.3093 6.57997 -5.2806e-16)
(25.307 6.57082 -6.28707e-16)
(25.3055 6.56236 1.13286e-16)
(25.3045 6.55427 2.10477e-16)
(25.3034 6.54627 1.0197e-16)
(25.302 6.53811 -1.47068e-16)
(25.2998 6.52954 1.94087e-16)
(25.2967 6.52038 0)
(25.2929 6.51065 -1.3915e-16)
(25.2888 6.50079 1.1673e-16)
(25.2849 6.4912 0)
(25.2814 6.48205 -1.15477e-17)
(25.2785 6.4734 -7.02025e-18)
(25.2761 6.46523 -2.24023e-17)
(25.274 6.45748 -4.40794e-17)
(25.2723 6.45012 4.29544e-17)
(25.2711 6.44325 0)
(25.2706 6.43701 0)
(25.2708 6.4316 0)
(25.272 6.42725 0)
(25.2736 6.42391 6.8373e-17)
(25.2756 6.42252 -1.81802e-16)
(25.2798 6.42077 2.93211e-16)
(25.5336 7.01421 5.49845e-17)
(25.5463 7.0306 9.50466e-17)
(25.5616 7.0459 0)
(25.5786 7.05817 0)
(25.5959 7.06619 0)
(25.6145 7.07029 0)
(25.6338 7.07094 -9.66186e-17)
(25.6514 7.06524 1.60756e-16)
(25.6724 7.06031 2.69322e-17)
(25.6848 7.03882 -5.58362e-17)
(25.7033 7.03313 -2.2574e-17)
(25.7318 7.03911 0)
(25.7635 7.04472 -2.68272e-16)
(25.7936 7.04504 0)
(25.825 7.04138 2.76687e-17)
(25.8591 7.03476 2.76522e-16)
(25.8954 7.02509 0)
(25.9329 7.01208 -1.9538e-16)
(25.9718 6.99576 -2.21788e-16)
(26.0122 6.97631 2.54893e-17)
(26.0539 6.95404 -2.62325e-16)
(26.0963 6.9294 1.52154e-16)
(26.1378 6.90309 -8.96575e-17)
(26.1768 6.87587 9.3736e-17)
(26.2121 6.84816 -5.1285e-17)
(26.2448 6.81961 -1.67994e-18)
(26.2758 6.78924 2.67429e-17)
(26.3053 6.75704 5.57893e-17)
(26.3337 6.72326 5.95216e-17)
(26.36 6.68714 -1.62795e-16)
(26.3845 6.64965 5.7623e-17)
(26.4078 6.61041 2.45949e-16)
(26.43 6.56935 -3.03527e-16)
(26.4511 6.52627 0)
(26.471 6.48074 0)
(26.4901 6.43215 1.21694e-16)
(26.5082 6.37933 0)
(26.5249 6.32055 5.00899e-16)
(26.5418 6.26225 5.24811e-16)
(25.5218 6.99615 -2.053e-17)
(25.5112 6.97643 0)
(25.5003 6.95031 3.23253e-16)
(25.4907 6.92199 0)
(25.4841 6.8856 3.28221e-16)
(25.4721 6.85374 1.41156e-15)
(25.4762 6.80824 1.03535e-15)
(25.4653 6.77754 -1.04481e-15)
(25.4445 6.7278 3.8519e-17)
(25.4051 6.69433 8.4632e-16)
(25.3758 6.66778 -9.95864e-16)
(25.356 6.64454 -5.76349e-16)
(25.3404 6.62548 6.30117e-16)
(25.3281 6.60988 3.40006e-16)
(25.3194 6.59684 3.61607e-16)
(25.3134 6.58555 -5.67933e-16)
(25.309 6.57552 9.70145e-17)
(25.3056 6.56642 9.7734e-17)
(25.303 6.55799 4.3302e-16)
(25.3009 6.54996 -3.88735e-16)
(25.299 6.54213 -4.70732e-17)
(25.297 6.53427 1.53867e-19)
(25.2944 6.52619 0)
(25.291 6.51762 4.32339e-17)
(25.2866 6.5084 -1.27802e-16)
(25.2816 6.4988 1.49439e-16)
(25.2767 6.48923 -4.32785e-17)
(25.272 6.47993 -5.32141e-17)
(25.268 6.4711 -1.15502e-17)
(25.2646 6.46278 4.15962e-17)
(25.2617 6.45497 8.02002e-17)
(25.2593 6.44758 -1.00292e-16)
(25.2573 6.44058 7.60206e-17)
(25.2557 6.43405 3.28897e-17)
(25.2548 6.42814 -1.46118e-16)
(25.2547 6.42311 -1.67268e-16)
(25.2551 6.41903 1.03547e-17)
(25.2563 6.41709 1.80196e-16)
(25.2602 6.41484 3.96192e-18)
(25.5431 6.99627 -3.27885e-17)
(25.5542 7.01121 8.93713e-17)
(25.5674 7.02492 -7.81078e-17)
(25.5822 7.03545 2.3291e-16)
(25.5971 7.0417 1.14899e-16)
(25.613 7.04394 -2.4072e-17)
(25.6292 7.04243 -2.42316e-17)
(25.6436 7.03483 -6.15256e-17)
(25.6608 7.02782 5.38395e-18)
(25.6688 7.00428 7.12663e-18)
(25.6837 6.998 -6.91338e-17)
(25.7098 7.00424 0)
(25.7398 7.01001 1.1943e-16)
(25.7682 7.01028 -3.28103e-16)
(25.7977 7.00657 9.60892e-16)
(25.83 6.99988 -9.33638e-16)
(25.8646 6.98986 -4.26846e-17)
(25.9005 6.9762 4.79821e-16)
(25.9376 6.959 3.97502e-16)
(25.9761 6.93855 1.23216e-16)
(26.0158 6.91526 1.24681e-16)
(26.0559 6.88961 -2.76148e-16)
(26.0952 6.86239 1.39365e-16)
(26.132 6.83446 -4.12947e-17)
(26.1651 6.80633 0)
(26.1955 6.77764 2.36569e-17)
(26.2243 6.74735 -3.46493e-17)
(26.2514 6.71556 -2.36406e-17)
(26.2774 6.68257 0)
(26.3011 6.64747 -8.96127e-17)
(26.3227 6.61141 4.77912e-17)
(26.3432 6.57394 -2.08981e-16)
(26.3626 6.53498 4.74606e-16)
(26.3808 6.49435 -2.10214e-16)
(26.398 6.45163 0)
(26.4143 6.4062 -4.45807e-16)
(26.4299 6.357 9.63035e-16)
(26.4443 6.30224 -2.15486e-16)
(26.4588 6.24871 -5.39525e-16)
(25.5331 6.97961 7.87234e-17)
(25.524 6.96115 0)
(25.5148 6.93679 -4.63054e-16)
(25.5071 6.91002 1.51824e-16)
(25.5016 6.8753 -5.87422e-16)
(25.4916 6.84645 4.63454e-16)
(25.4979 6.80066 -9.47535e-16)
(25.4835 6.77267 0)
(25.4607 6.72052 1.89992e-15)
(25.4163 6.6869 7.64605e-16)
(25.3835 6.66112 9.77891e-16)
(25.3618 6.63832 -1.04606e-15)
(25.3446 6.61951 5.82562e-16)
(25.3304 6.6041 -1.57761e-15)
(25.3199 6.59115 1.33616e-15)
(25.3122 6.57994 -5.2281e-16)
(25.3064 6.56997 -4.40218e-16)
(25.3016 6.56092 3.61731e-16)
(25.2976 6.55249 0)
(25.294 6.54443 -4.44014e-17)
(25.2907 6.53655 0)
(25.2874 6.52872 -4.2439e-17)
(25.2837 6.52082 -4.13967e-17)
(25.2795 6.51262 -3.99066e-17)
(25.2745 6.50387 7.90435e-17)
(25.2688 6.49469 0)
(25.263 6.48538 -1.93342e-17)
(25.2574 6.47617 3.42744e-17)
(25.2523 6.46731 -2.03628e-17)
(25.2479 6.45896 5.69958e-17)
(25.2442 6.45116 -9.77316e-18)
(25.241 6.44385 -9.09821e-17)
(25.2384 6.43697 9.05405e-17)
(25.2361 6.43047 3.44093e-17)
(25.2343 6.42443 -1.3195e-16)
(25.2333 6.41903 1.62635e-16)
(25.2328 6.41441 2.76168e-18)
(25.2332 6.41187 0)
(25.2364 6.40882 2.18007e-16)
(25.5524 6.97853 -1.67226e-17)
(25.5617 6.99203 -5.47911e-17)
(25.573 7.00419 7.17498e-17)
(25.5855 7.01309 -3.51888e-16)
(25.598 7.01774 -2.10258e-16)
(25.6112 7.01839 2.31727e-18)
(25.6243 7.01515 -1.0281e-16)
(25.6358 7.00633 4.38771e-17)
(25.649 6.99779 -1.12198e-16)
(25.6534 6.97381 2.7497e-17)
(25.6652 6.9675 -9.70515e-17)
(25.6887 6.97363 1.35356e-16)
(25.7165 6.97885 0)
(25.743 6.97847 -2.51237e-16)
(25.7706 6.97423 5.77087e-16)
(25.801 6.96697 -3.26179e-16)
(25.8337 6.95625 2.35106e-16)
(25.8677 6.94174 -5.15361e-16)
(25.9028 6.9236 2.79945e-16)
(25.9392 6.90222 -1.70736e-16)
(25.9767 6.87796 9.09742e-17)
(26.0145 6.85131 -3.29295e-16)
(26.0514 6.82307 2.8688e-16)
(26.0859 6.79421 0)
(26.1169 6.7653 0)
(26.1454 6.73594 9.82525e-18)
(26.1721 6.70512 -9.97652e-18)
(26.197 6.67302 3.10357e-17)
(26.2208 6.64008 0)
(26.2422 6.60521 0)
(26.2613 6.56977 1.73805e-16)
(26.2792 6.5333 -1.73282e-16)
(26.2958 6.49573 4.17357e-17)
(26.3112 6.4569 0)
(26.3255 6.41642 0)
(26.3392 6.37366 -1.8025e-16)
(26.3523 6.32762 -9.54755e-17)
(26.3649 6.27623 8.35533e-17)
(26.3784 6.22623 9.73166e-17)
(25.544 6.96333 1.94746e-17)
(25.5365 6.94625 8.91033e-17)
(25.529 6.92383 -1.34278e-16)
(25.5229 6.89865 -5.63392e-16)
(25.5183 6.86603 0)
(25.5105 6.84023 -4.11129e-17)
(25.5183 6.79377 7.93673e-16)
(25.4994 6.76947 -7.83396e-16)
(25.4751 6.71311 -1.18835e-15)
(25.4261 6.6784 -7.44084e-16)
(25.3898 6.65309 8.57334e-16)
(25.3663 6.63068 -1.4323e-15)
(25.3474 6.61228 -2.61912e-16)
(25.3311 6.59721 0)
(25.3182 6.58438 -1.51144e-16)
(25.3082 6.5731 -6.30998e-16)
(25.3002 6.56297 1.38129e-15)
(25.2935 6.55377 -3.35898e-16)
(25.2877 6.54517 -3.32284e-16)
(25.2824 6.53693 4.09545e-17)
(25.2773 6.52884 4.03742e-17)
(25.2723 6.52078 3.53236e-16)
(25.2671 6.5127 -2.71642e-16)
(25.2617 6.5045 0)
(25.2558 6.49595 1.09067e-16)
(25.2496 6.48713 -2.18749e-16)
(25.2435 6.47826 2.77929e-17)
(25.2376 6.46948 3.60157e-17)
(25.2321 6.46096 -5.55608e-19)
(25.2272 6.45289 0)
(25.2231 6.44538 5.11916e-17)
(25.2198 6.43845 8.26145e-17)
(25.2171 6.43201 -2.98403e-16)
(25.2149 6.42597 1.63427e-16)
(25.2132 6.42029 -3.17125e-17)
(25.2121 6.41509 0)
(25.2116 6.41044 -5.67546e-17)
(25.2122 6.40768 0)
(25.2154 6.40424 1.0176e-16)
(25.5614 6.96104 -2.79459e-17)
(25.569 6.97303 2.63535e-17)
(25.5783 6.98359 1.11299e-17)
(25.5884 6.9909 2.64526e-16)
(25.5986 6.99414 -1.66246e-16)
(25.6091 6.99355 1.75866e-16)
(25.6191 6.98903 1.86988e-16)
(25.6278 6.97974 6.77599e-17)
(25.6373 6.97039 -5.3184e-17)
(25.6389 6.9473 0)
(25.6482 6.94164 -2.76184e-17)
(25.6689 6.9473 0)
(25.6941 6.9513 3.22113e-16)
(25.7183 6.94974 -2.84078e-16)
(25.7438 6.94451 -2.33125e-16)
(25.772 6.93627 3.01267e-16)
(25.8024 6.92453 -2.82189e-16)
(25.8342 6.90903 5.78202e-16)
(25.867 6.89002 -3.23937e-16)
(25.9011 6.86787 7.21766e-17)
(25.936 6.84295 -8.22799e-17)
(25.9711 6.81576 -4.9297e-17)
(26.0053 6.78715 1.3408e-16)
(26.037 6.7582 -2.53109e-17)
(26.0653 6.72951 0)
(26.0914 6.70059 3.1436e-17)
(26.1157 6.67042 -3.54807e-17)
(26.1384 6.63926 0)
(26.16 6.60757 -6.86635e-17)
(26.1791 6.57428 7.48375e-17)
(26.1959 6.54076 1.42623e-16)
(26.2114 6.5065 -1.42356e-16)
(26.2258 6.47142 -3.29172e-16)
(26.239 6.43533 -3.61729e-18)
(26.2512 6.39786 -4.09748e-18)
(26.2627 6.3584 3.69607e-16)
(26.2738 6.31607 0)
(26.2838 6.26907 -9.56849e-18)
(26.294 6.22447 0)
(25.5545 6.94739 -7.05107e-17)
(25.5484 6.9319 2.20458e-16)
(25.5425 6.91169 0)
(25.538 6.88832 -4.61013e-19)
(25.5343 6.85849 9.29649e-16)
(25.529 6.83564 -1.60355e-15)
(25.537 6.78844 -6.81529e-16)
(25.5131 6.76919 0)
(25.4887 6.70668 1.08748e-15)
(25.4355 6.66949 -1.23242e-15)
(25.3949 6.64337 7.95691e-16)
(25.3679 6.6201 4.49299e-16)
(25.346 6.60137 2.46047e-16)
(25.3271 6.58663 0)
(25.3118 6.57441 2.1892e-18)
(25.2997 6.56368 -7.19188e-17)
(25.2895 6.55392 7.37625e-17)
(25.2808 6.54491 0)
(25.2731 6.53638 -5.99022e-16)
(25.2661 6.52812 6.04189e-16)
(25.2595 6.51994 -3.71876e-17)
(25.253 6.51174 -3.63005e-16)
(25.2465 6.50353 4.20637e-18)
(25.24 6.49529 1.76444e-16)
(25.2335 6.48688 2.89581e-16)
(25.2274 6.47844 -1.35866e-16)
(25.2219 6.47016 5.78053e-20)
(25.2167 6.4621 2.46492e-17)
(25.2121 6.45436 -1.59191e-17)
(25.2081 6.44704 0)
(25.205 6.44026 7.92759e-18)
(25.2027 6.43405 1.24109e-16)
(25.2013 6.42839 -2.14889e-16)
(25.2005 6.4232 9.14804e-17)
(25.2004 6.4184 2.88999e-17)
(25.201 6.41406 -2.85532e-17)
(25.2023 6.41013 2.16191e-16)
(25.2049 6.4078 4.65818e-17)
(25.2093 6.40431 -3.61065e-16)
(25.5697 6.94365 -5.1439e-17)
(25.5757 6.954 3.07515e-18)
(25.583 6.96289 5.19833e-17)
(25.5909 6.96871 -1.24697e-16)
(25.5987 6.97075 1.71022e-16)
(25.6065 6.96925 0)
(25.6138 6.96405 2.18587e-16)
(25.6199 6.95504 -1.77351e-16)
(25.626 6.94555 3.08025e-17)
(25.6258 6.92439 -2.91537e-17)
(25.6333 6.9201 8.77899e-18)
(25.6509 6.92507 -8.09575e-17)
(25.6728 6.92747 7.4035e-17)
(25.6943 6.92447 -2.02407e-16)
(25.7173 6.91796 2.60737e-16)
(25.7429 6.90844 -5.33608e-17)
(25.7707 6.89545 -3.29625e-16)
(25.8 6.87878 3.36374e-16)
(25.8306 6.8586 1.3609e-16)
(25.8624 6.83517 -4.69977e-17)
(25.895 6.80878 -2.54351e-16)
(25.9279 6.77991 7.76145e-17)
(25.9599 6.74938 3.09358e-16)
(25.9897 6.71834 -2.51767e-16)
(26.0165 6.68743 9.11176e-17)
(26.0409 6.65623 0)
(26.0638 6.62375 3.51578e-18)
(26.0849 6.59044 -4.29334e-17)
(26.1047 6.55701 8.07616e-17)
(26.1224 6.52191 -3.91491e-18)
(26.1372 6.48708 0)
(26.1506 6.45208 0)
(26.1627 6.41679 0)
(26.1734 6.3811 2.70683e-17)
(26.183 6.34461 -2.14891e-16)
(26.1921 6.30665 -2.45752e-16)
(26.201 6.26623 5.31288e-16)
(26.211 6.22063 4.19079e-16)
(26.2231 6.1767 -9.90375e-16)
(25.5644 6.93172 3.10366e-17)
(25.5597 6.91805 1.44226e-16)
(25.5554 6.90032 2.47184e-16)
(25.5521 6.87922 1.54046e-17)
(25.5495 6.85301 -1.69136e-15)
(25.5465 6.8327 1.07613e-15)
(25.5526 6.7852 6.22756e-16)
(25.5247 6.77296 0)
(25.5025 6.70214 0)
(25.4455 6.66178 -5.54412e-16)
(25.3994 6.6339 0)
(25.3669 6.60775 0)
(25.3395 6.58621 2.1614e-16)
(25.3157 6.56962 -9.71719e-16)
(25.2971 6.55675 1.02363e-15)
(25.2831 6.54635 1.33036e-16)
(25.2721 6.53755 -5.41058e-16)
(25.263 6.52975 1.10033e-15)
(25.255 6.52244 -1.0696e-15)
(25.2477 6.51529 5.53644e-16)
(25.2409 6.50807 0)
(25.2342 6.50067 5.06328e-17)
(25.2276 6.49311 0)
(25.2214 6.48546 -3.19521e-17)
(25.2159 6.47776 1.0968e-16)
(25.2115 6.47034 -1.93887e-18)
(25.2081 6.46349 -7.08191e-17)
(25.2057 6.45724 -6.50862e-17)
(25.2041 6.45156 -2.97558e-17)
(25.2033 6.44644 -2.89034e-17)
(25.2033 6.44185 -4.19973e-17)
(25.2041 6.43778 1.64154e-17)
(25.2058 6.43419 -1.22135e-17)
(25.2083 6.43106 1.11013e-16)
(25.2116 6.42834 1.3771e-17)
(25.2158 6.42613 2.59708e-17)
(25.2211 6.42448 0)
(25.2285 6.42446 -4.79517e-17)
(25.237 6.42329 -3.54562e-16)
(25.5772 6.92625 -4.73507e-17)
(25.5815 6.93484 8.66953e-17)
(25.5868 6.94204 -6.06871e-17)
(25.5925 6.94648 -5.11125e-17)
(25.598 6.94759 -2.13925e-16)
(25.6034 6.94556 2.54467e-16)
(25.6082 6.94027 -2.49633e-16)
(25.6122 6.93211 -7.07938e-17)
(25.6158 6.92308 4.25553e-17)
(25.6145 6.90451 0)
(25.6205 6.90237 -1.24504e-18)
(25.6347 6.90676 -1.53537e-16)
(25.6529 6.90751 1.35254e-16)
(25.6714 6.90304 -4.14626e-17)
(25.6915 6.89513 -2.18856e-16)
(25.7141 6.88426 2.55622e-16)
(25.7387 6.87016 -3.62691e-17)
(25.7649 6.85275 1.2287e-16)
(25.7923 6.83224 -2.70341e-16)
(25.8208 6.80891 4.24133e-17)
(25.8498 6.78306 -2.01866e-17)
(25.8787 6.75532 -1.92283e-16)
(25.9064 6.72659 3.2824e-16)
(25.9318 6.69811 -1.65459e-16)
(25.9546 6.67031 6.82043e-17)
(25.9758 6.64241 0)
(25.9958 6.61343 -1.008e-17)
(26.0146 6.58375 8.39293e-18)
(26.0326 6.55384 -3.29333e-18)
(26.0479 6.52328 1.07286e-17)
(26.061 6.49303 1.75052e-16)
(26.073 6.46259 -1.75074e-16)
(26.0841 6.43189 1.07875e-17)
(26.0941 6.40084 -1.42027e-17)
(26.1031 6.3691 -2.50625e-17)
(26.1113 6.33613 0)
(26.1188 6.30123 2.99982e-16)
(26.1238 6.2633 -2.98899e-16)
(26.1276 6.22896 0)
(25.5734 6.9162 -5.03604e-19)
(25.5701 6.90457 0)
(25.5672 6.8895 -2.19933e-16)
(25.5651 6.87122 4.33245e-16)
(25.5633 6.84936 7.68043e-16)
(25.5616 6.83091 -6.25586e-16)
(25.5636 6.78522 0)
(25.5346 6.78234 8.90666e-16)
(25.5164 6.69842 -2.46704e-15)
(25.4537 6.65455 2.39268e-15)
(25.4014 6.62627 0)
(25.3646 6.59933 1.61651e-15)
(25.3333 6.5762 -1.93426e-15)
(25.3054 6.55699 0)
(25.2829 6.54103 6.22968e-17)
(25.2661 6.52779 -1.0467e-15)
(25.2539 6.5169 1.4573e-15)
(25.245 6.50787 -4.86579e-16)
(25.2384 6.5001 4.87287e-16)
(25.2333 6.49302 -4.63544e-18)
(25.2291 6.48623 -5.19254e-16)
(25.2253 6.47945 -3.14148e-17)
(25.222 6.47256 0)
(25.2192 6.46557 0)
(25.2171 6.45855 -2.25959e-16)
(25.2163 6.45204 2.34186e-16)
(25.2171 6.44653 -7.43917e-18)
(25.2194 6.44214 3.68634e-18)
(25.2229 6.43884 -4.55679e-19)
(25.2275 6.43648 0)
(25.2329 6.43489 -6.49774e-18)
(25.239 6.43392 8.84535e-17)
(25.2459 6.43345 1.04874e-16)
(25.2534 6.43336 -2.12237e-16)
(25.2615 6.43359 -1.25155e-17)
(25.2705 6.43428 0)
(25.2806 6.43557 -3.8436e-16)
(25.2935 6.43926 9.99994e-18)
(25.3076 6.44425 1.36146e-17)
(25.5829 6.90863 0)
(25.5858 6.91531 1.44853e-16)
(25.5892 6.9207 -1.19791e-16)
(25.593 6.92376 4.72765e-17)
(25.5966 6.92411 -1.55537e-16)
(25.6001 6.92186 1.58255e-16)
(25.6032 6.91701 7.51568e-17)
(25.6055 6.91005 -9.70014e-17)
(25.6076 6.90212 2.03823e-17)
(25.606 6.8868 0)
(25.6104 6.8875 1.09315e-18)
(25.6209 6.89178 2.31638e-18)
(25.6348 6.89181 -7.86382e-18)
(25.6497 6.88676 9.04019e-17)
(25.6666 6.87797 -2.27776e-16)
(25.6861 6.86564 2.98995e-16)
(25.7079 6.84939 -3.69343e-17)
(25.7317 6.8291 -1.0029e-16)
(25.7571 6.80479 0)
(25.7839 6.77668 2.36423e-16)
(25.8117 6.74505 -2.24161e-16)
(25.8399 6.71051 -2.13017e-17)
(25.8677 6.67403 -8.1993e-17)
(25.8938 6.63704 8.98412e-17)
(25.9169 6.60041 5.57108e-17)
(25.9376 6.56375 -5.89054e-17)
(25.9571 6.52587 1.5673e-18)
(25.9752 6.48758 -1.54843e-17)
(25.9921 6.45019 -5.01946e-18)
(26.0082 6.41031 -9.86476e-18)
(26.0206 6.37205 1.52778e-16)
(26.0311 6.3348 -1.52938e-16)
(26.0404 6.2984 -9.93183e-18)
(26.0482 6.26266 3.03525e-16)
(26.0549 6.22723 2.24453e-18)
(26.0613 6.19135 -3.11616e-16)
(26.0683 6.15387 1.4313e-17)
(26.0798 6.11095 -5.35389e-17)
(26.0956 6.07004 2.82902e-17)
(25.5804 6.90071 8.37591e-17)
(25.5783 6.89148 1.2777e-16)
(25.5765 6.87957 -2.93599e-16)
(25.5754 6.86485 1.97068e-16)
(25.5746 6.84772 1.76727e-16)
(25.5737 6.83087 0)
(25.5723 6.79157 2.16112e-16)
(25.548 6.7987 -1.66296e-16)
(25.5302 6.69258 7.58685e-16)
(25.4544 6.63667 -2.99847e-15)
(25.3932 6.60446 7.7236e-16)
(25.3554 6.58101 1.27065e-15)
(25.3289 6.56586 2.03844e-16)
(25.3081 6.55526 -2.1923e-15)
(25.2919 6.546 -1.4662e-17)
(25.2792 6.53684 8.39302e-16)
(25.2691 6.52765 8.38886e-16)
(25.2613 6.51874 -9.09703e-16)
(25.2558 6.51033 0)
(25.2526 6.50252 -4.59795e-16)
(25.2514 6.49538 4.60256e-16)
(25.2519 6.48902 2.80027e-17)
(25.2537 6.48363 -4.60998e-16)
(25.2568 6.4791 4.42231e-16)
(25.2606 6.47469 -7.26252e-19)
(25.2654 6.47028 1.15775e-16)
(25.2713 6.4663 -1.02179e-16)
(25.2786 6.46301 -3.36407e-18)
(25.2869 6.46047 4.15441e-19)
(25.2961 6.45863 1.06026e-16)
(25.3059 6.45737 -2.17076e-16)
(25.3164 6.45663 -9.61634e-17)
(25.3274 6.45642 2.06128e-16)
(25.3389 6.45676 5.83165e-18)
(25.3509 6.45775 0)
(25.3634 6.45955 3.82883e-16)
(25.376 6.4618 -3.77479e-16)
(25.3877 6.46508 3.67402e-16)
(25.3961 6.4628 -3.93857e-16)
(25.5872 6.89018 4.61648e-17)
(25.5891 6.89458 -8.78762e-18)
(25.5914 6.89788 -1.81563e-16)
(25.594 6.89951 1.85583e-16)
(25.5963 6.89923 5.99022e-17)
(25.5984 6.89707 0)
(25.6002 6.8932 3.91018e-17)
(25.6014 6.88796 0)
(25.6024 6.8821 0)
(25.6005 6.87131 0)
(25.6033 6.87462 3.54278e-19)
(25.6102 6.87918 -2.04538e-18)
(25.62 6.87885 5.24401e-17)
(25.631 6.8732 3.56903e-17)
(25.6435 6.86391 -2.18607e-17)
(25.6579 6.85169 -7.11887e-17)
(25.674 6.83675 0)
(25.6917 6.81923 1.71104e-17)
(25.7107 6.79935 0)
(25.7305 6.77742 -1.37145e-16)
(25.7506 6.75396 1.33873e-16)
(25.77 6.72976 0)
(25.7879 6.70585 0)
(25.8038 6.68311 0)
(25.8185 6.66139 -2.53996e-17)
(25.8333 6.63898 2.81583e-17)
(25.8479 6.61579 -1.43786e-18)
(25.8616 6.5916 1.08882e-17)
(25.8759 6.56625 -8.75132e-17)
(25.8868 6.54474 1.35646e-16)
(25.8969 6.52137 -6.52472e-17)
(25.9069 6.49687 1.32943e-16)
(25.9166 6.47262 -1.33039e-16)
(25.9254 6.44873 -1.34855e-16)
(25.9334 6.42479 1.34414e-16)
(25.9401 6.40048 0)
(25.9451 6.37545 -2.58709e-16)
(25.9426 6.35088 3.20658e-17)
(25.9352 6.32931 3.80656e-16)
(25.5855 6.88484 -4.78512e-17)
(25.5842 6.87861 2.25577e-16)
(25.5833 6.8706 -8.71753e-17)
(25.5831 6.86058 -8.16258e-16)
(25.5838 6.84891 4.60797e-16)
(25.5849 6.83542 0)
(25.585 6.80897 -1.97275e-16)
(25.5722 6.82063 1.5116e-16)
(25.5507 6.69057 1.78446e-16)
(25.4594 6.60488 2.36089e-16)
(25.3873 6.54658 2.65851e-16)
(25.345 6.50958 1.1609e-15)
(25.3213 6.49296 -1.48381e-15)
(25.3099 6.49029 0)
(25.3078 6.49511 8.41298e-16)
(25.3115 6.50279 -7.82271e-16)
(25.3171 6.51097 2.44214e-17)
(25.3222 6.51833 7.59209e-16)
(25.3261 6.52421 -1.13781e-17)
(25.3287 6.52852 -7.59492e-16)
(25.3308 6.53121 7.81482e-18)
(25.333 6.53248 3.53361e-16)
(25.3368 6.53249 -3.57035e-16)
(25.344 6.53181 0)
(25.3544 6.53183 -1.19156e-17)
(25.3661 6.53336 0)
(25.3779 6.53614 0)
(25.3896 6.53964 0)
(25.4011 6.54373 4.21422e-17)
(25.4124 6.54816 4.16063e-17)
(25.4233 6.55278 7.78917e-17)
(25.4337 6.55736 -1.61515e-16)
(25.4436 6.56179 0)
(25.4529 6.56596 -3.18761e-16)
(25.4621 6.57006 2.96704e-16)
(25.4721 6.57448 -2.91686e-16)
(25.4845 6.5803 8.83447e-18)
(25.5051 6.59024 2.7203e-16)
(25.531 6.60538 -1.33102e-17)
(25.5931 6.86972 -1.22073e-18)
(25.5941 6.87124 -1.10022e-16)
(25.5954 6.87221 2.54665e-16)
(25.5967 6.87251 -4.14763e-16)
(25.5978 6.87206 2.04994e-16)
(25.5987 6.87087 1.02685e-16)
(25.5992 6.86908 -2.24089e-16)
(25.5993 6.86678 1.06599e-16)
(25.5991 6.8644 -1.43427e-17)
(25.5975 6.8603 1.12092e-17)
(25.5986 6.8635 -3.13444e-19)
(25.6015 6.86977 0)
(25.6068 6.87429 -7.64948e-19)
(25.6142 6.87282 1.62624e-18)
(25.6241 6.86433 0)
(25.6368 6.84851 0)
(25.6523 6.82538 0)
(25.6709 6.79516 1.09696e-16)
(25.6925 6.75817 -3.88689e-17)
(25.7172 6.71493 -7.50579e-17)
(25.745 6.66631 0)
(25.7753 6.61385 8.62492e-17)
(25.8068 6.55972 -1.94669e-16)
(25.8367 6.50654 1.09097e-16)
(25.8623 6.45561 0)
(25.8847 6.40523 -8.67633e-19)
(25.9064 6.35455 0)
(25.927 6.30335 -6.48643e-18)
(25.9511 6.25103 -8.98661e-17)
(25.9738 6.20209 2.01632e-16)
(25.9857 6.1538 -1.07955e-16)
(25.9991 6.10681 0)
(26.0141 6.06079 2.34893e-16)
(26.0276 6.01588 -4.73858e-16)
(26.0394 5.97182 2.38364e-16)
(26.0513 5.9276 5.06345e-16)
(26.0659 5.88195 -5.01001e-16)
(26.0913 5.83121 5.68422e-18)
(26.1259 5.78625 0)
(25.5923 6.8678 1.87259e-16)
(25.5917 6.86551 2.15751e-16)
(25.5914 6.8626 -6.68526e-16)
(25.5917 6.85893 4.04115e-16)
(25.5929 6.85455 -5.23543e-16)
(25.5953 6.84882 4.24424e-16)
(25.5989 6.84002 -4.55138e-16)
(25.5987 6.84494 1.02654e-15)
(25.5831 6.73913 -1.10553e-15)
(25.5126 6.65142 1.42151e-16)
(25.4572 6.572 0)
(25.4194 6.50582 1.16036e-15)
(25.3919 6.45607 -2.58824e-15)
(25.3718 6.42043 1.51215e-15)
(25.3606 6.39552 1.85843e-15)
(25.3583 6.37805 -9.52964e-16)
(25.3631 6.36545 2.85369e-17)
(25.3739 6.35566 -2.20224e-15)
(25.3886 6.34721 1.12144e-15)
(25.4056 6.33932 0)
(25.4237 6.3315 -6.89013e-18)
(25.4417 6.32351 -5.49978e-16)
(25.4578 6.3153 5.48814e-16)
(25.4686 6.30721 5.46879e-16)
(25.4738 6.29981 -8.20901e-16)
(25.4779 6.29345 2.76848e-16)
(25.4835 6.28814 0)
(25.4902 6.28376 0)
(25.4972 6.28026 0)
(25.5043 6.27752 1.41593e-16)
(25.5119 6.2755 1.43551e-16)
(25.5199 6.27407 -2.82905e-16)
(25.5284 6.27312 0)
(25.5369 6.2725 6.32406e-18)
(25.5452 6.27219 -5.38714e-16)
(25.5514 6.2721 5.38189e-16)
(25.5538 6.27257 -5.31999e-16)
(25.5437 6.27438 1.58314e-15)
(25.5258 6.27895 -1.075e-15)
(30.6381 2.86156 -1.56851e-17)
(30.9759 3.18023 8.64799e-18)
(31.1636 3.4502 1.47474e-17)
(30.8481 3.25786 0)
(29.965 2.74069 0)
(28.6565 2.15095 1.18178e-17)
(27.1192 1.6512 0)
(25.531 1.27362 0)
(24.028 0.984948 0)
(22.7041 0.741674 0)
(21.6123 0.523676 2.52402e-17)
(20.7635 0.327868 0)
(20.1212 0.169471 0)
(19.6161 0.0722817 0)
(19.1687 0.0573797 -4.06058e-17)
(18.6984 0.132715 0)
(18.1008 0.312027 -5.62449e-17)
(17.2608 0.609015 5.55724e-17)
(16.0769 1.05758 0)
(14.4999 1.67637 0)
(12.5003 2.52087 0)
(10.1169 3.59887 0)
(7.35017 4.98573 0)
(4.40936 6.52384 -8.74755e-17)
(1.52681 8.01452 0)
(-1.18689 9.36865 0)
(-3.7036 10.5496 0)
(-6.04805 11.5446 0)
(-8.27089 12.3454 0)
(-10.3732 12.9574 1.2968e-16)
(-12.2594 13.4026 0)
(-13.7572 13.6901 0)
(-14.641 13.794 3.10869e-16)
(-14.5305 13.7063 0)
(-12.8593 13.598 0)
(-8.68267 13.874 0)
(-0.746514 14.7727 0)
(9.87319 15.8059 0)
(20.4611 16.3857 1.25387e-16)
(29.0909 16.3376 0)
(34.8794 15.7789 5.15767e-16)
(37.8055 14.8933 -9.08929e-16)
(38.482 13.8435 0)
(37.805 12.7613 0)
(36.5852 11.7458 0)
(35.3324 10.8527 0)
(34.2478 10.0964 5.07717e-16)
(33.3467 9.46484 0)
(32.5838 8.9375 -8.7319e-17)
(31.919 8.49556 0)
(31.3295 8.12431 0)
(30.803 7.81205 6.07918e-16)
(30.3318 7.54937 -3.42212e-17)
(29.9096 7.32845 2.71828e-17)
(29.5306 7.14271 0)
(29.1899 6.98676 0)
(28.883 6.85596 0)
(28.6059 6.74641 2.23714e-17)
(28.3551 6.65465 6.09592e-16)
(28.1274 6.57769 0)
(27.9204 6.51323 -9.67094e-16)
(27.7315 6.45921 0)
(27.5587 6.41375 0)
(27.4001 6.37506 0)
(27.2539 6.34234 0)
(27.1184 6.31341 5.5943e-16)
(26.9938 6.28977 0)
(26.888 6.2697 -7.11684e-18)
(26.8005 6.2547 0)
(26.7146 6.2407 -8.65095e-16)
(26.6296 6.22829 0)
(26.5461 6.21503 5.90542e-18)
(26.4623 6.20706 0)
(26.3822 6.18813 0)
(26.2963 6.19291 0)
(26.2273 6.1451 -7.90197e-18)
(26.1273 6.208 3.8329e-16)
(26.1019 6.0408 0)
(25.9316 6.32034 -2.04598e-16)
(26.1418 5.75968 0)
(31.1737 3.88873 4.03154e-18)
(31.6804 3.80766 0)
(31.8448 4.35757 1.76434e-18)
(31.8257 4.7558 0)
(31.7301 5.15764 0)
(31.6402 5.54285 2.56701e-18)
(31.5342 5.87675 0)
(31.4182 6.19421 0)
(31.2936 6.45755 0)
(31.1592 6.69602 0)
(31.0151 6.89899 0)
(30.8612 7.07752 3.52002e-18)
(30.6993 7.2259 -3.40482e-18)
(30.5303 7.34941 0)
(30.3549 7.44873 0)
(30.1743 7.52706 0)
(29.9894 7.58576 -2.98227e-17)
(29.8013 7.62756 0)
(29.6109 7.65419 0)
(29.4192 7.66792 0)
(29.2269 7.67049 0)
(29.0351 7.66352 0)
(28.8443 7.64856 0)
(28.6552 7.62672 0)
(28.4686 7.59935 0)
(28.2848 7.56711 -8.47912e-18)
(28.1045 7.53099 0)
(27.9279 7.49151 0)
(27.7557 7.4495 -5.95675e-17)
(27.5879 7.40535 0)
(27.4253 7.3598 0)
(27.2677 7.3131 0)
(27.1159 7.2659 0)
(26.9697 7.21844 8.97959e-17)
(26.8297 7.17126 -8.65728e-18)
(26.6957 7.12456 0)
(26.5683 7.0788 1.45905e-17)
(26.4472 7.03402 0)
(26.3329 6.99066 0)
(26.2252 6.94866 -1.11248e-17)
(26.1245 6.90839 8.79705e-17)
(26.0305 6.8697 0)
(25.9436 6.83291 6.88822e-17)
(25.8633 6.79786 1.50146e-17)
(25.79 6.76475 0)
(25.7232 6.73343 -9.1478e-17)
(25.663 6.70403 0)
(25.609 6.67645 0)
(25.5611 6.65087 -4.83303e-17)
(25.5189 6.62716 0)
(25.4819 6.60548 1.32807e-17)
(25.4498 6.58555 6.41978e-17)
(25.4225 6.56717 0)
(25.3994 6.55016 3.12025e-17)
(25.3805 6.53437 0)
(25.3653 6.5197 0)
(25.3533 6.506 0)
(25.344 6.49326 -1.57322e-17)
(25.3369 6.48142 0)
(25.3314 6.47045 1.88211e-17)
(25.3272 6.46044 0)
(25.3238 6.45156 4.7596e-17)
(25.3211 6.44389 0)
(25.3187 6.43745 0)
(25.3165 6.43205 6.89673e-18)
(25.314 6.42722 -5.74058e-18)
(25.3106 6.42392 -8.52821e-17)
(25.306 6.42075 0)
(25.3024 6.41838 0)
(25.2946 6.41469 -1.05258e-16)
(25.2811 6.41017 -2.12073e-16)
(25.2614 6.40399 0)
(25.2377 6.39794 -2.11644e-16)
(25.2174 6.39415 -2.07973e-16)
(25.2133 6.39577 5.10399e-18)
(25.2444 6.41674 3.84164e-16)
(25.3188 6.44243 7.44619e-18)
(25.4048 6.45501 0)
(25.5435 6.60953 0)
(25.5253 6.27911 -1.16189e-15)
(32.3025 11.977 -2.30257e-18)
(32.319 12.2502 4.64363e-18)
(32.4353 12.558 -2.2688e-17)
(32.5291 12.937 0)
(32.482 13.2855 0)
(32.22 13.5525 -8.89336e-18)
(31.7163 13.7516 0)
(30.9753 13.9094 0)
(30.0218 14.0395 2.96031e-17)
(28.894 14.1397 0)
(27.6379 14.2064 -5.4112e-17)
(26.2918 14.2393 0)
(24.8759 14.2458 0)
(23.3918 14.2383 0)
(21.832 14.23 0)
(20.1899 14.2345 0)
(18.4611 14.2644 -7.68481e-18)
(16.6428 14.3397 5.82082e-18)
(14.7239 14.4799 0)
(12.6898 14.7026 0)
(10.5324 14.9862 0)
(8.26032 15.3008 -1.81141e-16)
(5.90273 15.5565 0)
(3.5035 15.7416 4.04453e-18)
(1.12141 15.8439 0)
(-1.21424 15.8665 0)
(-3.49222 15.8138 0)
(-5.73067 15.6807 1.64303e-16)
(-7.95362 15.447 0)
(-10.1107 15.0876 -2.80387e-16)
(-12.0952 14.6115 0)
(-13.6502 14.0384 0)
(-14.5418 13.4153 -3.16442e-16)
(-14.4411 12.7391 0)
(-12.8965 11.9842 0)
(-9.24634 11.281 1.16145e-15)
(-2.34429 10.9196 0)
(7.96304 11.1946 0)
(19.1547 11.753 7.32482e-17)
(28.6413 12.0874 7.08079e-16)
(35.1155 12.0634 4.91816e-17)
(38.471 11.747 2.01775e-15)
(39.3631 11.2406 0)
(38.7387 10.6378 0)
(37.4555 10.0181 0)
(36.0754 9.43964 0)
(34.8484 8.93098 -5.14991e-16)
(33.8193 8.49654 0)
(32.9528 8.12815 -4.45705e-17)
(32.2067 7.81576 0)
(31.5532 7.55016 0)
(30.976 7.32455 2.33505e-17)
(30.4646 7.13319 5.50607e-16)
(30.0104 6.97134 1.48099e-17)
(29.6062 6.83494 0)
(29.2459 6.72039 0)
(28.9237 6.62467 0)
(28.6348 6.54491 1.20266e-17)
(28.375 6.47869 -6.06953e-16)
(28.1407 6.42374 0)
(27.9287 6.37831 0)
(27.7363 6.34081 0)
(27.5609 6.30974 8.03424e-16)
(27.4004 6.2836 0)
(27.2531 6.26182 -6.40136e-16)
(27.1169 6.24246 0)
(26.9919 6.22718 0)
(26.8856 6.21357 -2.728e-18)
(26.7978 6.20369 0)
(26.7118 6.19452 4.32668e-16)
(26.6269 6.18689 0)
(26.5439 6.17787 1.96781e-18)
(26.4606 6.17454 0)
(26.3813 6.1587 -4.30745e-16)
(26.2962 6.16855 0)
(26.2272 6.1214 -3.79304e-18)
(26.1296 6.19109 -3.82137e-16)
(26.1002 6.02077 0)
(25.9388 6.31106 0)
(26.1377 5.74516 0)
(32.1864 11.7766 0)
(32.0613 11.6583 0)
(31.9054 11.5326 4.61079e-18)
(31.7362 11.3873 0)
(31.5623 11.2528 1.65698e-17)
(31.38 11.115 6.97764e-18)
(31.1924 10.9782 0)
(31.0012 10.8415 0)
(30.807 10.7063 0)
(30.6107 10.5739 0)
(30.4134 10.4435 0)
(30.216 10.3153 6.25473e-18)
(30.0195 10.1886 -5.30192e-18)
(29.8246 10.0642 0)
(29.632 9.94096 0)
(29.4422 9.81918 0)
(29.2557 9.69812 2.47279e-17)
(29.0726 9.57778 0)
(28.8933 9.45761 -5.1496e-17)
(28.7179 9.33755 0)
(28.5464 9.21744 -4.80942e-17)
(28.3789 9.09726 0)
(28.2152 8.9772 0)
(28.0555 8.85727 0)
(27.8996 8.73787 0)
(27.7476 8.61923 7.38891e-17)
(27.5994 8.5018 0)
(27.4551 8.38584 0)
(27.3146 8.27182 0)
(27.1781 8.1601 0)
(27.0457 8.0511 0)
(26.9175 7.94508 0)
(26.7937 7.84239 0)
(26.6744 7.74328 5.60526e-18)
(26.5597 7.64797 7.88263e-17)
(26.4499 7.55663 0)
(26.345 7.46937 -1.31063e-16)
(26.2453 7.38624 0)
(26.1508 7.30735 0)
(26.0617 7.23263 9.60901e-17)
(25.978 7.16212 -8.58416e-17)
(25.9 7.09571 -8.37848e-17)
(25.8274 7.03344 -6.74586e-17)
(25.7606 6.97511 1.29121e-17)
(25.6993 6.92072 0)
(25.6436 6.87003 8.99676e-17)
(25.5932 6.82301 0)
(25.5482 6.77953 7.53382e-17)
(25.5082 6.73951 6.43334e-17)
(25.4729 6.70303 0)
(25.442 6.66975 1.32214e-17)
(25.4155 6.63931 -6.34909e-17)
(25.393 6.61154 0)
(25.3743 6.58616 0)
(25.3592 6.56306 0)
(25.3475 6.542 2.89592e-17)
(25.3386 6.52285 0)
(25.332 6.50545 4.28676e-17)
(25.3273 6.48963 1.47902e-17)
(25.3238 6.47527 -5.29689e-18)
(25.3213 6.46238 0)
(25.3192 6.45099 -7.05124e-18)
(25.3174 6.4412 0)
(25.3158 6.43298 5.23896e-17)
(25.3142 6.42607 8.33404e-18)
(25.3123 6.42012 -6.79139e-18)
(25.3095 6.41605 7.43549e-17)
(25.3053 6.41233 5.13845e-17)
(25.3021 6.40978 0)
(25.2946 6.40611 1.04693e-16)
(25.2815 6.40188 2.01095e-16)
(25.2624 6.39626 0)
(25.2393 6.391 1.93368e-16)
(25.2202 6.38829 1.92489e-16)
(25.2183 6.39119 6.2605e-18)
(25.2516 6.41262 -3.68019e-16)
(25.3275 6.44073 7.47701e-18)
(25.4167 6.4513 -3.76336e-16)
(25.5435 6.6091 0)
(25.5416 6.2844 1.15755e-15)
(26.3191 16.0056 1.25125e-21)
(26.0497 16.2635 2.06482e-20)
(26.0226 16.5133 1.31774e-17)
(26.0771 16.8374 0)
(26.1658 17.2248 1.28413e-17)
(26.2627 17.6416 0)
(26.3419 18.0611 0)
(26.3731 18.4704 0)
(26.3241 18.8642 -9.45668e-19)
(26.1655 19.2376 0)
(25.8741 19.583 5.27272e-17)
(25.4334 19.8911 0)
(24.8298 20.152 0)
(24.051 20.3561 0)
(23.0872 20.495 0)
(21.9321 20.5653 0)
(20.5823 20.5669 7.84137e-18)
(19.0434 20.5027 -6.66461e-17)
(17.3336 20.373 0)
(15.4827 20.1799 0)
(13.5263 19.9296 0)
(11.4699 19.6245 1.58916e-16)
(9.2955 19.2575 0)
(6.9776 18.8174 3.08843e-16)
(4.51039 18.3094 -1.44453e-16)
(1.94105 17.7534 0)
(-0.672947 17.1596 0)
(-3.31341 16.524 -1.61717e-16)
(-5.9375 15.8207 0)
(-8.48675 15.0204 -3.48727e-16)
(-10.809 14.1162 0)
(-12.6806 13.1467 0)
(-13.8385 12.1984 0)
(-14.0602 11.3438 0)
(-12.8701 10.5519 0)
(-9.48083 9.65622 -1.39475e-15)
(-2.68113 8.56386 0)
(7.54583 7.89072 0)
(18.7587 7.92293 -3.25707e-17)
(28.3689 8.22581 -8.03208e-16)
(34.9605 8.47188 -6.79813e-16)
(38.423 8.57232 -2.29894e-15)
(39.43 8.53463 0)
(38.9098 8.38632 0)
(37.689 8.16679 7.43843e-16)
(36.3203 7.91882 -6.52846e-16)
(35.0688 7.6753 5.75812e-16)
(34.0019 7.45277 0)
(33.0984 7.25606 -2.33665e-17)
(32.3208 7.08356 0)
(31.6411 6.93298 0)
(31.0423 6.80196 1.44708e-17)
(30.5128 6.68874 0)
(30.0438 6.59164 -5.13996e-16)
(29.6278 6.50914 0)
(29.258 6.43972 0)
(28.9287 6.38186 0)
(28.6345 6.33418 -1.37105e-15)
(28.3709 6.29515 6.20712e-16)
(28.134 6.26348 0)
(27.9204 6.23806 0)
(27.727 6.21783 0)
(27.5513 6.20171 -7.99952e-16)
(27.3908 6.18855 0)
(27.2438 6.17807 6.3734e-16)
(27.108 6.16858 0)
(26.9838 6.16182 0)
(26.8778 6.15489 -4.55451e-19)
(26.7903 6.15031 0)
(26.7047 6.14611 4.31591e-16)
(26.6204 6.14332 7.3468e-16)
(26.5381 6.13855 -1.08442e-18)
(26.456 6.13985 0)
(26.3776 6.12728 4.29141e-16)
(26.2943 6.14201 0)
(26.2248 6.09608 5.67326e-16)
(26.1316 6.17177 0)
(26.0958 6.00015 0)
(25.9472 6.29942 0)
(26.1291 5.73018 0)
(26.5521 15.7385 -1.39757e-17)
(26.6832 15.4912 0)
(26.8335 15.2273 1.46034e-19)
(26.9666 14.9632 0)
(27.087 14.693 -1.40143e-17)
(27.1922 14.4195 7.1517e-19)
(27.2827 14.143 0)
(27.3582 13.8644 1.47096e-17)
(27.4187 13.585 -1.46703e-17)
(27.4647 13.3051 0)
(27.4965 13.0257 0)
(27.5148 12.7479 2.07011e-18)
(27.5203 12.4726 -2.04308e-18)
(27.5137 12.201 -2.78448e-17)
(27.4961 11.9337 0)
(27.4685 11.6717 0)
(27.4318 11.4157 -2.61438e-17)
(27.3873 11.1664 0)
(27.3359 10.9243 4.67191e-17)
(27.2787 10.6896 0)
(27.2165 10.4627 9.0462e-17)
(27.1503 10.2436 0)
(27.0808 10.0322 0)
(27.0086 9.82838 8.22962e-17)
(26.9345 9.63203 0)
(26.8589 9.44289 -7.50097e-17)
(26.7822 9.2607 0)
(26.7049 9.08521 0)
(26.6272 8.91626 0)
(26.5494 8.75369 0)
(26.472 8.59744 0)
(26.3952 8.44738 0)
(26.3193 8.30356 0)
(26.2444 8.16595 3.13804e-18)
(26.1711 8.03459 -8.46256e-17)
(26.0995 7.90944 7.79911e-17)
(26.03 7.79054 1.43174e-16)
(25.9628 7.67779 0)
(25.8982 7.57122 0)
(25.8365 7.47066 0)
(25.7779 7.37612 9.73548e-17)
(25.7226 7.28741 8.21044e-17)
(25.6709 7.20447 0)
(25.6228 7.12709 -1.29202e-16)
(25.5785 7.05509 0)
(25.538 6.98825 0)
(25.5015 6.92646 9.41159e-17)
(25.4687 6.86947 7.30645e-18)
(25.4394 6.81745 6.71748e-18)
(25.4135 6.7699 0)
(25.391 6.72644 -9.00408e-17)
(25.3719 6.68677 8.46539e-17)
(25.356 6.65066 0)
(25.3432 6.61789 0)
(25.3332 6.58826 0)
(25.326 6.56155 -6.4035e-17)
(25.321 6.53756 0)
(25.318 6.51607 -6.46648e-17)
(25.3163 6.49684 9.48388e-18)
(25.3155 6.4796 0)
(25.315 6.46422 0)
(25.3146 6.45073 -6.70523e-18)
(25.3142 6.43908 0)
(25.3136 6.42921 -5.20754e-17)
(25.3128 6.42086 8.34367e-18)
(25.3114 6.41378 -6.77296e-18)
(25.309 6.40885 -7.39652e-17)
(25.305 6.40449 -2.85235e-18)
(25.3018 6.40174 0)
(25.2946 6.39819 -9.51803e-17)
(25.2819 6.39452 -1.91521e-16)
(25.2634 6.38983 -1.85835e-16)
(25.2415 6.38569 -1.92513e-16)
(25.2239 6.38414 -7.00959e-18)
(25.2246 6.38818 6.11691e-18)
(25.26 6.40975 8.89601e-18)
(25.3369 6.43963 3.4914e-16)
(25.4305 6.45023 3.75073e-16)
(25.5433 6.60873 0)
(25.5598 6.29086 0)
(21.9526 15.714 -5.05172e-20)
(21.6885 15.8188 1.66592e-19)
(21.5771 15.9224 0)
(21.499 16.0457 0)
(21.4292 16.198 3.52881e-19)
(21.3652 16.3776 0)
(21.3095 16.5762 0)
(21.2651 16.7884 0)
(21.2319 17.0135 -3.76211e-19)
(21.2045 17.251 0)
(21.1708 17.4974 -5.67288e-17)
(21.1154 17.7453 0)
(21.0204 17.9846 -2.76307e-17)
(20.8657 18.204 2.75238e-17)
(20.6245 18.3916 0)
(20.26 18.5354 0)
(19.7282 18.6231 6.00066e-18)
(18.9871 18.6438 0)
(18.0045 18.5917 0)
(16.7586 18.4632 0)
(15.2479 18.2578 0)
(13.4977 17.9822 0)
(11.5482 17.6517 -1.28047e-16)
(9.43475 17.2796 -1.69352e-17)
(7.1398 16.8569 1.58991e-17)
(4.66127 16.3661 0)
(2.0251 15.8009 0)
(-0.708756 15.1567 0)
(-3.46682 14.4139 -3.33128e-16)
(-6.14165 13.5592 7.37757e-16)
(-8.54185 12.5869 0)
(-10.4592 11.564 0)
(-11.6735 10.5828 4.72023e-16)
(-11.8869 9.71023 0)
(-10.759 8.9053 0)
(-7.49305 7.9743 -1.54483e-15)
(-0.872163 6.60003 0)
(8.75313 5.45008 0)
(19.2989 5.05511 -1.98475e-15)
(28.3817 5.21449 0)
(34.6114 5.55261 -6.93298e-16)
(37.9027 5.88358 8.23834e-17)
(38.9167 6.1493 0)
(38.5103 6.32823 0)
(37.4256 6.42218 -1.51932e-17)
(36.1628 6.45192 6.82429e-16)
(34.9759 6.44316 -1.38602e-18)
(33.9431 6.41606 0)
(33.0574 6.3809 -6.37586e-18)
(32.2897 6.34309 0)
(31.6159 6.30472 0)
(31.02 6.26758 7.3236e-18)
(30.4917 6.23283 0)
(30.0228 6.20159 5.30497e-16)
(29.6064 6.17435 0)
(29.2361 6.15137 0)
(28.9065 6.13273 0)
(28.6124 6.11812 1.38087e-15)
(28.3492 6.10722 -1.24188e-15)
(28.1131 6.0995 0)
(27.9005 6.09462 0)
(27.7083 6.09204 0)
(27.5338 6.09115 8.04033e-16)
(27.3747 6.0912 0)
(27.229 6.0922 0)
(27.0945 6.09275 0)
(26.9715 6.09459 0)
(26.8665 6.09442 1.39576e-18)
(26.7794 6.09521 0)
(26.6944 6.09606 -2.00537e-18)
(26.611 6.09814 -7.31302e-16)
(26.5296 6.09767 -3.79357e-18)
(26.4489 6.10355 -5.11003e-16)
(26.3716 6.09438 -4.24533e-16)
(26.2903 6.11388 6.77002e-16)
(26.2207 6.06952 0)
(26.1318 6.15085 0)
(26.0912 5.9786 0)
(25.953 6.28657 0)
(26.1223 5.71362 0)
(22.2217 15.5748 7.24816e-18)
(22.4474 15.39 0)
(22.6834 15.2076 -2.50273e-19)
(22.9164 15.015 0)
(23.1477 14.8146 1.39786e-17)
(23.3756 14.6079 -8.51398e-19)
(23.5986 14.3946 0)
(23.8156 14.1755 -9.53169e-19)
(24.0251 13.9509 9.68901e-19)
(24.2261 13.7214 0)
(24.4172 13.4875 0)
(24.5976 13.2499 -1.78422e-18)
(24.7663 13.0092 1.67581e-18)
(24.9226 12.766 1.54312e-18)
(25.0659 12.521 0)
(25.196 12.2749 0)
(25.3126 12.0285 1.09601e-18)
(25.4159 11.7826 0)
(25.5059 11.5379 -4.61807e-17)
(25.5833 11.2953 0)
(25.6485 11.0556 -4.46822e-17)
(25.7023 10.8195 0)
(25.7452 10.5876 0)
(25.7782 10.3608 -7.93845e-17)
(25.8021 10.1396 0)
(25.8179 9.92442 6.88924e-19)
(25.8261 9.71567 0)
(25.8278 9.51367 0)
(25.8237 9.31859 0)
(25.8144 9.13058 0)
(25.8006 8.94973 0)
(25.7831 8.77606 0)
(25.7622 8.60958 0)
(25.7387 8.45031 4.22338e-19)
(25.713 8.29818 8.25466e-17)
(25.6857 8.15319 7.42399e-19)
(25.6571 8.01526 -1.39969e-16)
(25.6277 7.88436 0)
(25.598 7.76037 0)
(25.5683 7.64327 0)
(25.539 7.53291 -1.93674e-16)
(25.5106 7.42924 -8.85115e-17)
(25.4833 7.33212 7.94597e-17)
(25.4574 7.24135 0)
(25.4333 7.15676 -1.26146e-16)
(25.411 7.07824 0)
(25.3908 7.00554 5.07036e-18)
(25.3723 6.93887 4.85521e-18)
(25.3558 6.87767 4.61752e-18)
(25.3414 6.82151 0)
(25.3291 6.77005 0)
(25.3191 6.72306 7.61889e-18)
(25.3111 6.68034 0)
(25.3053 6.64167 0)
(25.3014 6.60681 5.08124e-17)
(25.2995 6.57555 7.53016e-17)
(25.2993 6.5477 0)
(25.3004 6.52298 -8.50667e-18)
(25.3023 6.50104 -2.39757e-17)
(25.3046 6.48157 0)
(25.3068 6.46439 0)
(25.3086 6.44929 -5.636e-18)
(25.3099 6.43621 0)
(25.3106 6.42506 0)
(25.3108 6.41557 7.55249e-18)
(25.3102 6.40755 -6.20887e-18)
(25.308 6.40182 0)
(25.3039 6.39678 -2.46927e-18)
(25.3007 6.39385 0)
(25.2936 6.39046 2.8329e-18)
(25.2813 6.38748 2.48311e-18)
(25.2636 6.3839 5.02508e-18)
(25.243 6.38103 0)
(25.2275 6.3807 -5.55524e-18)
(25.2311 6.38589 5.2639e-18)
(25.2691 6.40779 8.43527e-18)
(25.347 6.43922 3.34372e-16)
(25.444 6.45081 -3.58608e-16)
(25.5463 6.6093 0)
(25.5742 6.29715 0)
(20.2117 13.9882 1.01085e-19)
(20.0523 13.9996 -2.8406e-20)
(19.9563 14.0178 1.60036e-17)
(19.8605 14.0276 0)
(19.7516 14.0396 -1.59891e-17)
(19.6263 14.0599 -1.61373e-17)
(19.4836 14.0874 0)
(19.3248 14.1205 0)
(19.1549 14.1605 -3.27048e-17)
(18.9802 14.2098 0)
(18.8067 14.2691 6.56139e-17)
(18.6395 14.337 3.25405e-17)
(18.4865 14.4115 3.31423e-17)
(18.3601 14.4916 -3.31109e-17)
(18.269 14.5753 0)
(18.2001 14.6587 0)
(18.105 14.7332 2.59608e-18)
(17.9001 14.7878 6.33946e-17)
(17.4869 14.8094 0)
(16.7755 14.7853 0)
(15.7151 14.7062 0)
(14.3054 14.5711 -1.30609e-16)
(12.588 14.384 2.76118e-16)
(10.6342 14.1544 -1.01681e-17)
(8.50829 13.8911 1.55618e-16)
(6.233 13.5827 0)
(3.78398 13.1982 0)
(1.1948 12.7057 0)
(-1.46885 12.0941 3.80315e-16)
(-4.04007 11.3487 -3.44708e-17)
(-6.37035 10.5 -4.09507e-16)
(-8.18043 9.61115 0)
(-9.28688 8.79954 -6.32399e-17)
(-9.31188 8.084 0)
(-7.78973 7.36451 0)
(-4.26361 6.36949 1.7929e-15)
(2.28857 4.92721 0)
(11.0437 3.63949 0)
(20.4281 3.03911 1.9724e-15)
(28.5514 3.08555 0)
(34.1335 3.43615 7.7476e-16)
(37.0743 3.86592 1.45865e-16)
(38.0093 4.28692 -1.01307e-15)
(37.6992 4.65434 0)
(36.7786 4.94747 -8.19205e-16)
(35.6739 5.16917 0)
(34.6092 5.33538 -2.0734e-17)
(33.6631 5.46186 0)
(32.8385 5.5604 1.69282e-17)
(32.1156 5.6376 0)
(31.4754 5.69839 0)
(30.9052 5.74619 -3.68694e-18)
(30.3964 5.78439 0)
(29.9424 5.8154 -1.06929e-18)
(29.5374 5.84128 0)
(29.1762 5.86357 0)
(28.8539 5.88343 0)
(28.5658 5.90166 -1.82554e-20)
(28.3078 5.91862 3.01772e-20)
(28.0762 5.93477 0)
(27.8675 5.95033 0)
(27.6789 5.96534 0)
(27.5075 5.97962 -8.00951e-16)
(27.3512 5.99284 0)
(27.208 6.00526 0)
(27.0757 6.01585 0)
(26.9547 6.02627 0)
(26.8511 6.03286 5.72772e-16)
(26.7649 6.03901 -4.91214e-16)
(26.6808 6.04495 -8.46644e-16)
(26.5984 6.05189 0)
(26.5183 6.05573 -6.92255e-18)
(26.4391 6.06615 5.90394e-18)
(26.3632 6.06048 4.22883e-16)
(26.2841 6.08465 -6.82124e-18)
(26.2151 6.0421 0)
(26.1302 6.12883 3.88832e-16)
(26.0864 5.9563 0)
(25.9567 6.27274 -2.44975e-16)
(26.1168 5.69584 0)
(20.3873 13.9416 1.69613e-19)
(20.5609 13.8514 0)
(20.7429 13.7603 -7.65616e-18)
(20.9317 13.6618 0)
(21.1267 13.5559 -2.91962e-17)
(21.3269 13.4435 -2.87694e-17)
(21.5316 13.3238 1.36717e-17)
(21.7395 13.1969 -1.44897e-17)
(21.9497 13.0629 1.13786e-18)
(22.1609 12.9216 0)
(22.3719 12.7735 -2.53089e-17)
(22.5814 12.6185 -2.73096e-17)
(22.7883 12.4573 2.68275e-17)
(22.991 12.2899 2.63116e-17)
(23.1887 12.1171 -2.324e-17)
(23.3798 11.9391 0)
(23.5637 11.7566 2.41541e-18)
(23.7391 11.5702 0)
(23.9054 11.3805 4.64904e-17)
(24.0618 11.1879 0)
(24.2079 10.9934 0)
(24.3434 10.7973 0)
(24.468 10.6006 0)
(24.5818 10.4038 0)
(24.6849 10.2077 0)
(24.7776 10.013 7.09372e-17)
(24.8602 9.82033 0)
(24.9331 9.63037 0)
(24.9969 9.44384 -5.72967e-17)
(25.0522 9.26125 0)
(25.0996 9.08322 0)
(25.1398 8.91014 0)
(25.1733 8.74249 0)
(25.2008 8.58055 -8.80161e-17)
(25.2229 8.42467 0)
(25.2403 8.27497 -7.56099e-17)
(25.2535 8.1317 0)
(25.263 7.99488 0)
(25.2694 7.86463 0)
(25.2732 7.74091 0)
(25.275 7.62377 9.66143e-17)
(25.2751 7.51316 8.71934e-17)
(25.274 7.40902 -7.83184e-17)
(25.2722 7.31123 0)
(25.2699 7.21982 1.24449e-16)
(25.2675 7.13462 0)
(25.2649 7.05601 -9.66735e-17)
(25.2624 6.9834 2.16495e-18)
(25.2603 6.91637 -7.31101e-17)
(25.2588 6.85454 -1.30489e-16)
(25.2581 6.79771 0)
(25.2582 6.74574 -1.856e-16)
(25.2592 6.69848 0)
(25.2613 6.65568 0)
(25.2644 6.61714 -5.03431e-17)
(25.2686 6.58266 -3.99262e-17)
(25.2737 6.55206 6.83108e-17)
(25.2795 6.52503 -6.15966e-18)
(25.2855 6.50122 0)
(25.2913 6.48028 -2.4178e-17)
(25.2965 6.46185 0)
(25.3009 6.44574 -4.29681e-18)
(25.3043 6.43177 -1.07575e-17)
(25.3068 6.41982 2.55605e-17)
(25.3084 6.40961 4.47486e-17)
(25.3086 6.40095 -5.4094e-18)
(25.3068 6.39462 0)
(25.3026 6.38901 -4.50652e-17)
(25.2992 6.38596 0)
(25.292 6.38274 2.10181e-18)
(25.28 6.38041 1.57922e-18)
(25.263 6.37791 1.78946e-16)
(25.2439 6.37632 0)
(25.2308 6.37733 -1.77524e-16)
(25.2376 6.38383 4.13462e-18)
(25.2785 6.40645 3.46514e-16)
(25.3578 6.43949 -3.33079e-16)
(25.4571 6.45241 3.57286e-16)
(25.5514 6.61047 0)
(25.5871 6.30365 0)
(19.8608 12.1451 5.57938e-19)
(19.7876 12.1182 -5.35491e-19)
(19.722 12.1043 -1.03153e-18)
(19.6414 12.0739 0)
(19.5427 12.0361 1.70168e-17)
(19.4254 11.9994 1.81246e-17)
(19.2869 11.9641 0)
(19.1231 11.9285 0)
(18.9316 11.8917 0)
(18.7119 11.8527 0)
(18.464 11.8105 -2.12328e-18)
(18.1876 11.7645 -2.19934e-18)
(17.89 11.7167 0)
(17.599 11.6716 0)
(17.3629 11.6359 0)
(17.2219 11.6146 0)
(17.1672 11.6088 4.65211e-18)
(17.1183 11.6135 -4.68987e-18)
(16.9402 11.6169 0)
(16.4935 11.6044 0)
(15.6843 11.5648 -6.91453e-17)
(14.4894 11.4914 9.61719e-18)
(12.9463 11.3814 -1.48961e-16)
(11.1333 11.2344 -2.9521e-16)
(9.13915 11.0505 0)
(7.03919 10.8357 0)
(4.85287 10.5739 0)
(2.53513 10.2215 0)
(0.138497 9.74341 -3.72756e-16)
(-2.22553 9.14202 -4.67646e-17)
(-4.30816 8.44481 4.86162e-16)
(-5.91374 7.729 0)
(-6.67959 7.08435 -6.16327e-16)
(-6.26465 6.49769 0)
(-4.44619 5.8504 0)
(-0.298792 4.82366 -1.36155e-15)
(6.00121 3.51934 -1.13944e-15)
(13.677 2.34202 -9.6583e-16)
(21.7103 1.7203 -1.0029e-15)
(28.7017 1.71105 0)
(33.5386 2.0435 -6.26472e-16)
(36.0729 2.49294 1.76706e-16)
(36.8854 2.96744 1.09176e-15)
(36.6448 3.41671 0)
(35.8821 3.81063 0)
(34.9481 4.14143 -6.56611e-16)
(34.03 4.41646 -3.90404e-17)
(33.1987 4.64692 0)
(32.4626 4.84112 4.16716e-17)
(31.809 5.00568 0)
(31.224 5.14486 0)
(30.6981 5.26285 -1.65266e-17)
(30.2249 5.36303 0)
(29.7994 5.44854 -9.17134e-18)
(29.4173 5.52197 0)
(29.0746 5.58565 0)
(28.7673 5.64134 0)
(28.4916 5.69032 -6.51226e-18)
(28.2438 5.73381 6.20641e-16)
(28.0207 5.77273 0)
(27.8193 5.80797 9.89706e-16)
(27.6369 5.83992 0)
(27.4708 5.86886 0)
(27.3189 5.89486 0)
(27.1796 5.91842 0)
(27.0505 5.93884 0)
(26.9325 5.95767 0)
(26.8308 5.97094 -5.58246e-16)
(26.746 5.98236 4.88601e-16)
(26.6632 5.99336 6.42261e-18)
(26.5822 6.00516 -7.01062e-16)
(26.5036 6.01331 -1.03415e-17)
(26.4263 6.02821 5.00857e-16)
(26.3522 6.0261 0)
(26.2757 6.0548 -1.08157e-17)
(26.2076 6.01433 0)
(26.127 6.10611 -3.87522e-16)
(26.0807 5.93371 0)
(25.9593 6.25792 2.44222e-16)
(26.111 5.67738 0)
(19.9507 12.1429 5.669e-19)
(20.0511 12.1134 0)
(20.1598 12.0801 7.46796e-18)
(20.2781 12.0437 0)
(20.4054 12.0019 1.25939e-18)
(20.5412 11.956 2.89354e-17)
(20.6853 11.9048 -2.82329e-17)
(20.8372 11.8482 0)
(20.9961 11.7856 1.41009e-17)
(21.1615 11.717 0)
(21.3325 11.6417 2.68851e-17)
(21.5083 11.5599 0)
(21.6878 11.4711 0)
(21.8702 11.3756 2.22435e-17)
(22.0543 11.273 2.66147e-18)
(22.239 11.164 0)
(22.4232 11.0483 2.58433e-18)
(22.6058 10.9265 0)
(22.7855 10.7988 0)
(22.9616 10.6658 0)
(23.1328 10.5278 0)
(23.2985 10.3856 0)
(23.4577 10.2394 0)
(23.6098 10.0901 0)
(23.7543 9.9381 -6.18556e-17)
(23.8908 9.78418 0)
(24.0189 9.6288 0)
(24.1385 9.47277 0)
(24.2494 9.31659 5.71801e-17)
(24.3519 9.161 0)
(24.4459 9.00653 0)
(24.5318 8.85393 0)
(24.6098 8.70368 0)
(24.6804 8.55644 7.81393e-17)
(24.7439 8.41265 0)
(24.8008 8.27286 6.82388e-17)
(24.8517 8.13745 0)
(24.8969 8.00678 0)
(24.937 7.88108 0)
(24.9724 7.76063 0)
(25.0038 7.64557 9.10478e-17)
(25.0316 7.53601 -8.29278e-17)
(25.0562 7.432 0)
(25.0782 7.33376 0)
(25.0979 7.24132 0)
(25.1153 7.1553 0)
(25.1307 7.07523 9.65835e-17)
(25.1448 7.00069 -3.08655e-19)
(25.1577 6.93138 7.47571e-17)
(25.1698 6.86711 1.2908e-16)
(25.1812 6.80783 0)
(25.1921 6.75348 9.4208e-17)
(25.2027 6.7039 0)
(25.2133 6.6589 0)
(25.224 6.61834 0)
(25.2347 6.5821 4.54999e-17)
(25.2455 6.54995 -6.77206e-17)
(25.2562 6.52164 -3.86288e-18)
(25.2666 6.4968 0)
(25.2761 6.47505 2.39907e-17)
(25.2846 6.45606 0)
(25.2918 6.43948 -2.87335e-18)
(25.2977 6.42515 1.06833e-17)
(25.3024 6.41292 -2.5391e-17)
(25.3056 6.40248 -3.32717e-17)
(25.307 6.3936 -4.36845e-18)
(25.3057 6.38706 5.45833e-17)
(25.3015 6.38111 0)
(25.2978 6.37808 0)
(25.2905 6.37499 1.76732e-18)
(25.2785 6.37321 8.82995e-17)
(25.2621 6.37164 0)
(25.2444 6.37127 1.71689e-16)
(25.2339 6.37368 1.70242e-16)
(25.2443 6.38174 1.72714e-16)
(25.2885 6.40558 0)
(25.3695 6.44031 0)
(25.4705 6.45481 0)
(25.5572 6.61162 0)
(25.6005 6.31057 0)
(20.1432 10.5585 9.17811e-19)
(20.1336 10.5108 -9.19198e-19)
(20.0942 10.4775 -1.84034e-18)
(20.03 10.4248 0)
(19.9457 10.3648 -1.83675e-18)
(19.8439 10.3072 0)
(19.7234 10.2518 0)
(19.5808 10.1952 0)
(19.4115 10.134 0)
(19.2118 10.065 0)
(18.9753 9.98602 -3.83175e-18)
(18.6886 9.89674 -3.98486e-17)
(18.34 9.79974 -3.62385e-17)
(17.9458 9.70003 0)
(17.5668 9.60503 0)
(17.2815 9.52163 0)
(17.1223 9.45469 7.63474e-18)
(17.0286 9.40238 -7.52403e-18)
(16.8587 9.35773 0)
(16.4537 9.31133 0)
(15.7067 9.25476 6.73397e-18)
(14.5893 9.18118 1.30232e-17)
(13.1409 9.08532 0)
(11.4366 8.96171 1.31838e-17)
(9.56207 8.80639 0)
(7.5877 8.61693 0)
(5.56155 8.39221 1.70619e-16)
(3.48968 8.1159 0)
(1.3576 7.74635 4.89709e-17)
(-0.723176 7.2725 -4.73773e-16)
(-2.55334 6.72545 0)
(-3.81203 6.16949 0)
(-4.20071 5.66202 0)
(-3.34395 5.15586 0)
(-0.733693 4.47221 0)
(3.75194 3.53659 2.35931e-16)
(9.54501 2.46485 1.18472e-15)
(16.1992 1.48315 9.99297e-16)
(22.9259 0.946335 0)
(28.757 0.923173 0)
(32.8728 1.2188 1.10787e-16)
(35.0183 1.64274 1.78924e-16)
(35.6955 2.11051 0)
(35.4977 2.57389 0)
(34.8689 2.99931 0)
(34.0916 3.37603 6.70018e-17)
(33.318 3.70598 -5.17801e-17)
(32.6075 3.9949 0)
(31.9705 4.24879 6.16056e-17)
(31.3984 4.47143 0)
(30.8812 4.6663 0)
(30.4118 4.83639 -2.82257e-17)
(29.9855 4.98477 0)
(29.5989 5.11413 -1.6976e-17)
(29.2489 5.22721 0)
(28.9327 5.32625 0)
(28.6473 5.41314 0)
(28.3897 5.48955 -1.33241e-17)
(28.1569 5.55691 0)
(27.9463 5.61672 0)
(27.7554 5.67009 -1.54541e-17)
(27.5817 5.71784 0)
(27.4231 5.7605 7.75713e-16)
(27.2774 5.79855 0)
(27.1432 5.83268 0)
(27.0186 5.86254 0)
(26.9043 5.88951 0)
(26.8053 5.90926 1.0742e-17)
(26.7224 5.92584 0)
(26.6414 5.94185 8.12406e-16)
(26.5623 5.95844 1.37955e-15)
(26.4856 5.97089 -5.88787e-16)
(26.4106 5.99019 0)
(26.3385 5.9917 0)
(26.2649 6.02478 -1.47254e-17)
(26.198 5.98665 0)
(26.1219 6.08305 0)
(26.0736 5.91124 0)
(25.9609 6.24238 0)
(26.1045 5.65847 0)
(20.1678 10.577 8.96516e-19)
(20.2056 10.5836 0)
(20.2517 10.5821 -8.79146e-19)
(20.3078 10.5796 0)
(20.3733 10.573 1.72102e-18)
(20.4482 10.5635 -1.70069e-18)
(20.5324 10.5504 1.68211e-18)
(20.6258 10.5336 0)
(20.728 10.5127 0)
(20.8388 10.4876 0)
(20.9578 10.4579 0)
(21.0845 10.4233 0)
(21.2184 10.3837 0)
(21.3589 10.3386 -3.01093e-18)
(21.5051 10.288 2.94499e-18)
(21.6564 10.2317 0)
(21.8119 10.1695 2.79551e-18)
(21.9706 10.1014 0)
(22.1315 10.0274 0)
(22.2937 9.94757 0)
(22.4561 9.86212 0)
(22.6178 9.77106 0)
(22.7779 9.67492 0)
(22.9353 9.57388 0)
(23.0894 9.46848 8.07164e-18)
(23.2392 9.35893 0)
(23.3842 9.24598 0)
(23.5237 9.12996 0)
(23.6573 9.01154 0)
(23.7845 8.8911 0)
(23.9052 8.76939 0)
(24.019 8.64687 0)
(24.1258 8.52421 0)
(24.2258 8.40185 -7.78854e-17)
(24.3189 8.28054 0)
(24.4052 8.16071 -6.19166e-18)
(24.485 8.04298 0)
(24.5586 7.9277 0)
(24.6263 7.8154 0)
(24.6883 7.70639 0)
(24.7451 7.60099 -6.00826e-18)
(24.7972 7.4994 5.05511e-18)
(24.8448 7.4021 0)
(24.8883 7.30934 0)
(24.9278 7.22203 0)
(24.9636 7.13989 0)
(24.9963 7.0626 -3.38621e-18)
(25.0263 6.98999 -2.50566e-18)
(25.0538 6.92196 -1.75553e-18)
(25.0792 6.85854 0)
(25.1026 6.79978 0)
(25.1243 6.74564 0)
(25.1447 6.69599 0)
(25.1639 6.65078 0)
(25.1821 6.60999 0)
(25.1995 6.57344 -4.5089e-17)
(25.2161 6.541 0)
(25.2319 6.5124 -1.65021e-18)
(25.2465 6.4874 0)
(25.2598 6.46561 -2.84851e-17)
(25.2716 6.44658 0)
(25.2818 6.43007 -1.42333e-18)
(25.2904 6.41592 0)
(25.2973 6.40395 0)
(25.3024 6.39379 3.02479e-18)
(25.3053 6.38519 -2.97953e-18)
(25.3048 6.37889 -2.78327e-18)
(25.3009 6.37297 0)
(25.2971 6.37014 0)
(25.2895 6.36722 1.61059e-18)
(25.2774 6.36588 -8.56514e-17)
(25.2614 6.36506 -1.70971e-16)
(25.2451 6.36579 -1.27372e-18)
(25.2372 6.3697 -1.69396e-16)
(25.2514 6.37961 0)
(25.2992 6.40511 0)
(25.3822 6.4415 0)
(25.4843 6.45784 0)
(25.564 6.6125 0)
(25.6143 6.31769 0)
(20.7469 9.21956 1.17495e-18)
(20.7854 9.17363 -1.18497e-18)
(20.766 9.14194 -3.37478e-17)
(20.7146 9.08937 0)
(20.642 9.02779 -2.36287e-18)
(20.5525 8.96771 0)
(20.4461 8.90887 0)
(20.3204 8.84688 0)
(20.1722 8.77685 0)
(19.9995 8.69643 0)
(19.7978 8.60554 -3.88891e-17)
(19.5476 8.50637 3.43158e-17)
(19.218 8.40142 4.85024e-18)
(18.8027 8.29377 0)
(18.3574 8.18682 0)
(17.9774 8.0841 0)
(17.7187 7.98665 9.49538e-18)
(17.5334 7.89447 -7.95382e-17)
(17.2816 7.80772 0)
(16.8097 7.72385 0)
(16.024 7.63763 7.28553e-17)
(14.9082 7.5428 1.53728e-17)
(13.5038 7.43384 0)
(11.8795 7.30536 2.82537e-16)
(10.1069 7.15196 0)
(8.24562 6.96759 0)
(6.33786 6.74964 -1.83388e-16)
(4.40778 6.49499 0)
(2.48548 6.1867 5.7053e-17)
(0.63217 5.80613 0)
(-0.919227 5.36158 0)
(-1.86355 4.9149 0)
(-1.79193 4.46206 6.16941e-16)
(-0.273199 3.94928 0)
(2.90859 3.32104 0)
(7.37305 2.56092 1.14665e-15)
(12.6082 1.7318 0)
(18.3134 0.98183 0)
(23.8927 0.569201 -5.90527e-16)
(28.714 0.549223 0)
(32.1929 0.798398 9.98169e-17)
(33.987 1.17589 1.66242e-16)
(34.5321 1.60713 0)
(34.3575 2.04526 0)
(33.8338 2.46162 6.28612e-16)
(33.1892 2.84386 6.38753e-16)
(32.5439 3.19079 -5.87539e-17)
(31.9469 3.50506 0)
(31.407 3.789 7.48797e-17)
(30.9182 4.0445 0)
(30.4727 4.27353 0)
(30.0652 4.47814 -3.75873e-17)
(29.692 4.66021 0)
(29.3506 4.82191 -5.16305e-16)
(29.0391 4.96533 0)
(28.7552 5.09235 0)
(28.497 5.20471 0)
(28.2621 5.30396 -2.00647e-17)
(28.0483 5.39176 0)
(27.8537 5.46973 0)
(27.6761 5.53918 -9.69504e-16)
(27.5136 5.60096 0)
(27.3642 5.65605 -7.73135e-16)
(27.2264 5.70511 0)
(27.0988 5.74905 -5.94805e-16)
(26.9796 5.78774 0)
(26.87 5.8224 4.61585e-16)
(26.7745 5.84843 1.44291e-17)
(26.694 5.86996 0)
(26.6153 5.89082 -1.13481e-17)
(26.5385 5.91216 -6.78516e-16)
(26.4641 5.92891 0)
(26.3917 5.95251 0)
(26.322 5.95769 0)
(26.2516 5.99498 -6.34571e-16)
(26.1864 5.95947 5.17501e-16)
(26.115 6.06005 3.66796e-16)
(26.0653 5.88921 0)
(25.961 6.22646 0)
(26.0974 5.63928 0)
(20.7208 9.2426 1.13638e-18)
(20.7082 9.26482 0)
(20.7038 9.27768 -1.08644e-18)
(20.7089 9.29188 0)
(20.7232 9.30365 2.06968e-18)
(20.7469 9.3142 -2.01887e-18)
(20.7799 9.32277 1.38014e-17)
(20.8221 9.32936 0)
(20.8736 9.33362 -1.10252e-17)
(20.9341 9.33538 0)
(21.0036 9.33428 -2.05125e-17)
(21.0819 9.33015 0)
(21.1686 9.32257 0)
(21.2635 9.31145 -2.161e-17)
(21.3662 9.29637 3.14846e-18)
(21.4761 9.27723 0)
(21.5928 9.25361 2.95424e-18)
(21.7155 9.22557 0)
(21.8436 9.1927 0)
(21.9764 9.15504 0)
(22.1131 9.11226 0)
(22.2527 9.06454 -2.69548e-17)
(22.3945 9.01165 0)
(22.5375 8.95385 0)
(22.6809 8.89098 8.45362e-18)
(22.8238 8.82349 0)
(22.9655 8.75141 0)
(23.1051 8.6752 -4.16989e-17)
(23.242 8.59498 -3.97858e-17)
(23.3755 8.51135 0)
(23.5051 8.42459 0)
(23.6302 8.33532 0)
(23.7505 8.24381 -6.48132e-17)
(23.8655 8.15078 6.12467e-17)
(23.9752 8.05667 0)
(24.0793 7.96206 -7.2536e-18)
(24.1777 7.86735 0)
(24.2703 7.77315 0)
(24.3574 7.67982 0)
(24.4389 7.58781 0)
(24.5151 7.4974 -1.59217e-16)
(24.5861 7.40921 6.75876e-18)
(24.6521 7.32372 6.37876e-17)
(24.713 7.24209 0)
(24.7692 7.16421 0)
(24.821 7.08987 0)
(24.8689 7.01912 -9.12412e-17)
(24.9132 6.95195 -4.47433e-18)
(24.954 6.88853 -3.52193e-18)
(24.9915 6.82906 0)
(25.0261 6.77359 -1.04825e-16)
(25.0581 6.72209 9.08443e-17)
(25.0877 6.6746 0)
(25.1151 6.63122 0)
(25.1407 6.59188 5.48838e-17)
(25.1646 6.5565 0)
(25.1868 6.52497 0)
(25.2074 6.49723 5.63631e-19)
(25.2261 6.47295 4.06851e-17)
(25.243 6.45169 2.65982e-19)
(25.2581 6.43318 0)
(25.2713 6.41729 3.30125e-20)
(25.2825 6.40382 0)
(25.2918 6.39262 0)
(25.299 6.38322 8.92556e-19)
(25.3035 6.37541 -1.24692e-18)
(25.3041 6.36986 -1.51281e-18)
(25.3008 6.36437 3.74611e-17)
(25.297 6.362 7.96422e-17)
(25.2893 6.35934 1.36051e-18)
(25.2771 6.35838 8.5104e-17)
(25.2614 6.35821 1.69959e-16)
(25.2464 6.36 -1.68573e-16)
(25.2413 6.36546 0)
(25.2594 6.37743 0)
(25.311 6.40499 0)
(25.396 6.44291 0)
(25.4986 6.46128 0)
(25.5719 6.61306 0)
(25.6277 6.32484 0)
(21.5158 8.11823 1.2076e-18)
(21.5886 8.07588 -1.22269e-18)
(21.5859 8.04974 3.11559e-17)
(21.5474 8.00665 0)
(21.4873 7.95447 -2.46562e-18)
(21.4106 7.9003 0)
(21.3174 7.84292 0)
(21.2059 7.77836 0)
(21.0733 7.70371 0)
(20.9204 7.61979 0)
(20.7488 7.53025 3.12081e-17)
(20.5436 7.43912 -5.05827e-18)
(20.2614 7.34741 3.69626e-17)
(19.8718 7.25348 0)
(19.4169 7.15514 0)
(19.0004 7.04964 0)
(18.6874 6.93567 1.00474e-17)
(18.4263 6.81766 6.29561e-17)
(18.0767 6.7035 0)
(17.5053 6.59398 5.85473e-17)
(16.6452 6.48426 0)
(15.4981 6.36754 1.62939e-17)
(14.1083 6.23918 0)
(12.5366 6.09505 -1.69593e-17)
(10.8416 5.93189 0)
(9.06972 5.74484 0)
(7.25334 5.53039 0)
(5.41657 5.28416 0)
(3.59628 5.00269 6.19967e-17)
(1.89605 4.67175 4.34077e-16)
(0.566686 4.28987 0)
(-0.0190518 3.88015 0)
(0.620846 3.43309 -6.60697e-16)
(2.70232 2.95988 0)
(6.09279 2.44816 0)
(10.3371 1.87912 0)
(15.0007 1.28197 0)
(19.8723 0.744709 0)
(24.539 0.446755 1.1188e-16)
(28.5885 0.434003 0)
(31.5186 0.64427 8.7173e-17)
(33.005 0.973974 1.4928e-16)
(33.435 1.35642 0)
(33.2723 1.75368 0)
(32.8308 2.14014 -8.92604e-17)
(32.2939 2.5055 0)
(31.7579 2.84656 -6.11337e-17)
(31.2606 3.16315 0)
(30.8092 3.45517 8.21785e-17)
(30.3988 3.72354 0)
(30.0234 3.96917 0)
(29.6779 4.19272 -4.42484e-17)
(29.3595 4.39516 0)
(29.0661 4.57784 4.6674e-16)
(28.7963 4.74211 0)
(28.5483 4.88927 0)
(28.3207 5.0206 0)
(28.1118 5.13752 -6.52236e-16)
(27.92 5.24165 0)
(27.744 5.33453 0)
(27.582 5.41729 9.10987e-16)
(27.4325 5.49112 0)
(27.2942 5.55696 0)
(27.1656 5.61577 -6.46532e-16)
(27.0458 5.66846 1.99201e-17)
(26.9332 5.71526 0)
(26.8293 5.75709 -4.5961e-16)
(26.738 5.78901 1.8365e-17)
(26.6604 5.81525 0)
(26.5847 5.84079 -7.58638e-16)
(26.5108 5.86673 0)
(26.4392 5.88772 0)
(26.3696 5.91554 -4.43232e-16)
(26.3027 5.92442 0)
(26.2359 5.96573 0)
(26.1726 5.93308 -1.69936e-17)
(26.1062 6.03743 -1.06357e-17)
(26.0557 5.86789 0)
(25.9597 6.2105 -2.42981e-16)
(26.0898 5.62004 0)
(21.4516 8.14251 1.1617e-18)
(21.4001 8.17284 6.37978e-18)
(21.3562 8.19311 -1.09433e-18)
(21.321 8.21577 0)
(21.2943 8.23688 2.05689e-18)
(21.2764 8.25763 -2.41096e-17)
(21.2671 8.2775 1.06562e-17)
(21.2667 8.29646 0)
(21.275 8.3144 1.81298e-18)
(21.2922 8.33104 0)
(21.3183 8.34636 3.40479e-18)
(21.3531 8.36001 0)
(21.3967 8.37187 0)
(21.4488 8.38155 1.61772e-17)
(21.5093 8.38892 3.00009e-18)
(21.578 8.39358 0)
(21.6545 8.39542 2.81075e-18)
(21.7385 8.39406 0)
(21.8295 8.3894 0)
(21.9271 8.38104 0)
(22.0307 8.36898 0)
(22.1397 8.35288 2.77661e-17)
(22.2535 8.3327 0)
(22.3713 8.30816 0)
(22.4924 8.27939 8.26523e-18)
(22.6161 8.2462 0)
(22.7416 8.20872 0)
(22.8682 8.16683 7.08015e-18)
(22.995 8.12084 6.67927e-18)
(23.1214 8.07077 0)
(23.2466 8.01696 0)
(23.3701 7.95952 -5.79548e-17)
(23.4912 7.89894 1.01261e-17)
(23.6095 7.83546 -9.33242e-18)
(23.7243 7.76964 0)
(23.8354 7.70166 -7.8034e-18)
(23.9424 7.63215 0)
(24.045 7.56138 0)
(24.143 7.48981 0)
(24.2364 7.41767 0)
(24.325 7.34562 1.4142e-16)
(24.4088 7.27427 7.95203e-18)
(24.4874 7.20488 -6.32913e-17)
(24.5611 7.13748 0)
(24.6301 7.07194 0)
(24.6946 7.00848 0)
(24.7549 6.9472 0)
(24.8109 6.88845 -6.15167e-18)
(24.8629 6.83256 -5.06341e-18)
(24.911 6.77969 0)
(24.9554 6.72988 1.03794e-16)
(24.9965 6.68329 -8.99533e-17)
(25.0343 6.64014 0)
(25.0692 6.60042 0)
(25.1015 6.56415 -5.43658e-17)
(25.1313 6.53133 4.23607e-17)
(25.1587 6.50208 0)
(25.1835 6.47624 2.73775e-18)
(25.2062 6.45337 -4.03348e-17)
(25.2266 6.4333 2.77528e-17)
(25.2447 6.41593 0)
(25.2607 6.40112 1.43795e-18)
(25.2744 6.38883 0)
(25.286 6.37881 0)
(25.2952 6.37062 2.8723e-17)
(25.3014 6.36406 -3.97652e-17)
(25.3035 6.35974 -4.92972e-17)
(25.3012 6.35506 -3.71483e-17)
(25.2976 6.3534 -8.02905e-19)
(25.2899 6.35118 8.50409e-19)
(25.2777 6.35068 0)
(25.2623 6.35114 0)
(25.2487 6.35401 1.65353e-16)
(25.2465 6.36115 0)
(25.2686 6.37537 0)
(25.3241 6.4052 0)
(25.4111 6.44441 0)
(25.5135 6.46498 0)
(25.5811 6.6134 0)
(25.6406 6.33205 0)
(22.3233 7.21817 7.30387e-18)
(22.42 7.18424 -1.11363e-18)
(22.433 7.1671 -2.24676e-18)
(22.4096 7.13409 0)
(22.3655 7.0901 -2.2957e-18)
(22.3055 7.04014 0)
(22.2298 6.9838 0)
(22.1367 6.91958 0)
(22.0233 6.848 0)
(21.8896 6.77225 0)
(21.7426 6.69709 -4.77241e-18)
(21.5787 6.62523 -4.74949e-18)
(21.3564 6.55345 -2.85642e-17)
(21.0208 6.47408 0)
(20.59 6.38162 0)
(20.1701 6.27163 0)
(19.8389 6.14421 9.82763e-18)
(19.5355 6.01172 -9.37073e-18)
(19.1118 5.88605 0)
(18.4529 5.76568 -1.07189e-16)
(17.5198 5.6424 -4.86281e-17)
(16.3326 5.50942 1.13648e-16)
(14.9414 5.36361 0)
(13.4025 5.20403 -2.24622e-16)
(11.7658 5.02912 0)
(10.0676 4.83699 0)
(8.33199 4.62453 0)
(6.57863 4.38971 0)
(4.85364 4.12721 6.15866e-17)
(3.28835 3.82644 -4.64415e-16)
(2.16911 3.47556 0)
(1.93223 3.0792 0)
(2.96008 2.66337 0)
(5.29684 2.25711 0)
(8.66504 1.86101 0)
(12.6054 1.45513 0)
(16.7498 1.04361 0)
(20.9468 0.674838 0)
(24.9359 0.467325 9.48739e-17)
(28.376 0.473143 0)
(30.84 0.66008 4.15541e-16)
(32.0774 0.949168 1.30834e-16)
(32.4177 1.28568 0)
(32.2649 1.6378 0)
(31.8878 1.98717 -8.36865e-17)
(31.4383 2.32439 0)
(30.9923 2.64591 -5.98336e-17)
(30.5795 2.94931 0)
(30.2052 3.23456 8.40372e-17)
(29.8657 3.50154 0)
(29.5548 3.75009 0)
(29.2683 3.9798 -5.72402e-16)
(29.0031 4.19111 0)
(28.7575 4.38454 -3.28304e-17)
(28.53 4.56067 0)
(28.3191 4.72015 -7.22561e-16)
(28.1236 4.86389 0)
(27.9424 4.99311 5.93432e-16)
(27.7745 5.10912 0)
(27.6187 5.21314 0)
(27.4739 5.30636 -9.08933e-16)
(27.3389 5.3898 0)
(27.2128 5.46462 6.92397e-16)
(27.0948 5.53164 6.44177e-16)
(26.9839 5.59198 2.54714e-17)
(26.879 5.64594 0)
(26.7816 5.69424 0)
(26.6954 5.73169 2.24202e-17)
(26.6216 5.7623 0)
(26.5494 5.79222 7.24345e-16)
(26.4789 5.82256 6.00981e-16)
(26.4106 5.8477 5.07225e-16)
(26.3445 5.87958 4.41146e-16)
(26.2807 5.89215 0)
(26.2177 5.93728 5.66649e-16)
(26.1569 5.90771 -4.9653e-16)
(26.0954 6.01547 -3.53449e-16)
(26.0449 5.84751 0)
(25.9568 6.19478 2.42141e-16)
(26.0818 5.60101 0)
(22.2319 7.24124 1.06266e-18)
(22.1521 7.27457 -6.75079e-18)
(22.0792 7.29901 -1.00208e-18)
(22.0141 7.32644 0)
(21.9568 7.35315 1.88562e-18)
(21.9073 7.38012 2.14743e-17)
(21.8658 7.40676 -1.12101e-17)
(21.8323 7.43309 0)
(21.807 7.45888 1.03606e-17)
(21.7898 7.48413 0)
(21.781 7.5087 1.91057e-17)
(21.7803 7.5325 0)
(21.7881 7.55532 0)
(21.8041 7.5771 -2.81413e-18)
(21.8283 7.59757 1.61429e-17)
(21.8607 7.61663 1.28308e-17)
(21.9012 7.63394 2.54387e-18)
(21.9495 7.64941 0)
(22.0055 7.66267 0)
(22.0687 7.67364 0)
(22.139 7.68198 0)
(22.2159 7.68755 0)
(22.299 7.69001 0)
(22.3878 7.68935 0)
(22.4818 7.68528 4.1247e-17)
(22.5803 7.67775 0)
(22.6828 7.66648 0)
(22.7886 7.6516 3.57597e-17)
(22.8972 7.63292 3.40361e-17)
(23.0077 7.61056 0)
(23.1197 7.58436 0)
(23.2322 7.55468 5.83494e-17)
(23.3449 7.52148 5.52561e-17)
(23.457 7.48509 -9.15521e-18)
(23.5679 7.44554 0)
(23.6771 7.40324 -4.64292e-17)
(23.7841 7.35833 0)
(23.8885 7.31106 0)
(23.9899 7.26156 0)
(24.0879 7.21036 0)
(24.1822 7.15812 -9.60076e-18)
(24.2724 7.10602 8.56719e-18)
(24.3583 7.05413 0)
(24.44 7.00236 0)
(24.5175 6.95101 -8.18772e-17)
(24.5909 6.90032 0)
(24.66 6.85076 6.81164e-17)
(24.7248 6.80277 -7.36633e-18)
(24.7852 6.75658 -6.2479e-18)
(24.8416 6.71233 0)
(24.8939 6.67022 0)
(24.9423 6.6306 -7.6549e-17)
(24.987 6.59353 0)
(25.0283 6.55907 0)
(25.0663 6.52733 0)
(25.1012 6.49856 -3.41324e-18)
(25.1328 6.47275 0)
(25.1617 6.44957 4.70492e-18)
(25.1878 6.4289 0)
(25.2113 6.41072 0)
(25.2322 6.395 0)
(25.2506 6.38185 2.73842e-18)
(25.2665 6.37112 0)
(25.2801 6.36266 0)
(25.2913 6.35601 -3.32956e-17)
(25.2993 6.35106 0)
(25.3029 6.34832 0)
(25.3018 6.34477 0)
(25.2986 6.34407 4.50262e-19)
(25.2911 6.34253 4.87727e-20)
(25.279 6.34265 0)
(25.2643 6.3439 -1.6446e-16)
(25.2524 6.34799 -1.1681e-18)
(25.2533 6.35692 1.60685e-16)
(25.2795 6.37351 0)
(25.3388 6.40573 0)
(25.4276 6.44595 0)
(25.529 6.46888 0)
(25.5917 6.61356 0)
(25.6533 6.33939 0)
(23.1793 6.52043 -5.40246e-18)
(23.2923 6.50342 -1.07642e-18)
(23.3161 6.49731 -2.19676e-18)
(23.3046 6.46908 0)
(23.2746 6.42384 -2.27962e-18)
(23.2309 6.3687 0)
(23.1738 6.3079 0)
(23.1017 6.24528 0)
(23.0114 6.18446 -2.35744e-17)
(22.9005 6.12821 0)
(22.775 6.07668 -2.86358e-17)
(22.6427 6.02702 -4.52334e-18)
(22.4796 5.97065 2.91791e-17)
(22.2201 5.89579 0)
(21.8399 5.79712 0)
(21.428 5.67658 0)
(21.0931 5.5417 9.42448e-18)
(20.7873 5.41015 -5.33811e-17)
(20.3439 5.29017 0)
(19.6422 5.17207 4.82255e-17)
(18.6589 5.04247 4.73821e-17)
(17.4322 4.89527 0)
(16.0239 4.73179 0)
(14.4943 4.55551 1.88035e-16)
(12.8921 4.3689 0)
(11.2497 4.17123 0)
(9.58518 3.9608 0)
(7.91154 3.73467 0)
(6.27317 3.48877 5.62485e-17)
(4.81507 3.21237 3.24377e-16)
(3.85352 2.89283 0)
(3.82408 2.53141 0)
(5.0356 2.15917 3.55565e-16)
(7.44012 1.81345 0)
(10.6762 1.50715 0)
(14.3066 1.22024 -4.90693e-16)
(18.0186 0.943859 0)
(21.6881 0.702532 0)
(25.1322 0.576089 7.76373e-17)
(28.0679 0.609408 0)
(30.1551 0.786042 0)
(31.2072 1.04537 1.1025e-16)
(31.4883 1.34222 0)
(31.3473 1.65214 0)
(31.022 1.96237 -4.88314e-16)
(30.642 2.26674 0)
(30.2689 2.5607 -4.12062e-16)
(29.9262 2.84276 0)
(29.6178 3.11204 8.04047e-17)
(29.3397 3.36788 0)
(29.0863 3.60902 -5.20429e-16)
(28.8532 3.83512 0)
(28.6375 4.04593 0)
(28.4369 4.24132 -3.49058e-17)
(28.2499 4.42117 0)
(28.0751 4.58584 5.08152e-17)
(27.9116 4.73589 0)
(27.7584 4.87213 -5.93278e-16)
(27.6147 4.99548 0)
(27.4798 5.10698 0)
(27.3528 5.20757 8.13809e-16)
(27.2333 5.2983 0)
(27.1205 5.38008 -6.90065e-16)
(27.0139 5.45384 -5.77718e-16)
(26.9129 5.52045 3.11195e-17)
(26.8166 5.58061 0)
(26.7268 5.63466 0)
(26.6465 5.67707 2.6352e-17)
(26.5772 5.7117 0)
(26.5093 5.74569 -1.8618e-17)
(26.443 5.78013 -5.97759e-16)
(26.3786 5.80919 -5.04641e-16)
(26.3164 5.84493 -4.0065e-16)
(26.2562 5.86112 0)
(26.1974 5.90985 -5.64168e-16)
(26.1394 5.88352 4.56415e-16)
(26.083 5.99432 3.27002e-16)
(26.033 5.82825 0)
(25.9525 6.17951 0)
(26.0732 5.58244 0)
(23.0675 6.53129 1.01279e-18)
(22.966 6.55951 0)
(22.8703 6.58035 -9.47053e-19)
(22.7813 6.60516 0)
(22.699 6.63081 1.06427e-17)
(22.6237 6.65779 -1.87474e-17)
(22.5555 6.6857 8.17468e-18)
(22.4944 6.71433 0)
(22.4406 6.74344 -7.5068e-18)
(22.3943 6.77277 0)
(22.3554 6.80228 0)
(22.3241 6.83168 0)
(22.3005 6.86095 0)
(22.2846 6.88983 -2.64598e-17)
(22.2765 6.91831 0)
(22.2763 6.94614 -2.35359e-18)
(22.2837 6.97323 1.26113e-17)
(22.2991 6.99931 0)
(22.322 7.02431 0)
(22.3526 7.04789 0)
(22.3905 7.06995 0)
(22.4357 7.09013 1.60804e-17)
(22.4877 7.10833 0)
(22.5465 7.12419 0)
(22.6114 7.13765 -2.75894e-17)
(22.6823 7.14839 0)
(22.7586 7.15634 0)
(22.8399 7.16124 0)
(22.9256 7.16318 0)
(23.0153 7.16194 -2.1376e-17)
(23.1082 7.15758 0)
(23.204 7.15001 0)
(23.3017 7.13934 0)
(23.4012 7.12553 -4.31934e-17)
(23.5014 7.10869 0)
(23.602 7.08876 3.1298e-17)
(23.7023 7.06586 0)
(23.802 7.03993 0)
(23.9002 7.01132 0)
(23.9967 6.98053 0)
(24.0907 6.94843 -5.58952e-17)
(24.182 6.91515 8.47952e-18)
(24.2703 6.88044 4.04183e-17)
(24.3554 6.84471 0)
(24.4371 6.80823 1.19079e-17)
(24.5151 6.77157 0)
(24.5892 6.73515 -6.74934e-17)
(24.6593 6.6993 -8.01965e-18)
(24.7252 6.66417 -1.02749e-16)
(24.7871 6.63002 0)
(24.8448 6.59726 -7.62129e-17)
(24.8985 6.566 1.42672e-16)
(24.9483 6.53634 0)
(24.9944 6.50843 0)
(25.0368 6.48264 4.12158e-17)
(25.0755 6.45904 -3.8172e-17)
(25.1109 6.43744 0)
(25.143 6.41775 6.51482e-18)
(25.1721 6.40003 2.78704e-17)
(25.1981 6.38435 0)
(25.2212 6.37096 0)
(25.2416 6.35987 3.00356e-18)
(25.2594 6.35108 0)
(25.2748 6.34443 0)
(25.2877 6.33959 -5.20933e-18)
(25.2974 6.33649 0)
(25.3025 6.33555 5.34347e-17)
(25.3027 6.33334 3.82598e-17)
(25.3 6.33379 1.82931e-18)
(25.2928 6.3332 -9.53611e-19)
(25.2811 6.33419 0)
(25.2673 6.33647 1.63349e-16)
(25.2575 6.342 -1.62146e-16)
(25.2618 6.35291 -1.59713e-16)
(25.2923 6.37199 0)
(25.3551 6.40658 0)
(25.4454 6.44751 0)
(25.5452 6.473 0)
(25.6036 6.61368 0)
(25.6657 6.34694 0)
(23.9718 5.97748 1.17662e-18)
(24.0899 5.94927 -1.20782e-18)
(24.1162 5.92958 -2.46523e-18)
(24.109 5.89145 0)
(24.0864 5.83979 -2.50102e-18)
(24.0543 5.78381 0)
(24.0133 5.73055 0)
(23.9626 5.68517 0)
(23.899 5.64954 2.40362e-17)
(23.8175 5.62169 1.96818e-17)
(23.7184 5.59516 1.99611e-17)
(23.6128 5.56116 -2.4696e-17)
(23.4994 5.50997 -2.02796e-17)
(23.3279 5.4316 0)
(23.0359 5.32331 0)
(22.659 5.19581 0)
(22.3243 5.06627 9.03918e-18)
(22.0501 4.95401 3.6769e-17)
(21.666 4.86025 0)
(21.0046 4.76075 0)
(20.0234 4.63336 0)
(18.7709 4.47279 0)
(17.3273 4.28739 0)
(15.7708 4.08842 -1.52018e-16)
(14.1612 3.88441 0)
(12.5373 3.67766 7.92728e-17)
(10.9178 3.46678 -8.73897e-17)
(9.31104 3.24802 0)
(7.74771 3.0168 2.73115e-16)
(6.36366 2.76441 -3.14092e-16)
(5.48426 2.48075 -2.84926e-16)
(5.54579 2.16667 2.9129e-16)
(6.80867 1.84812 -3.37919e-16)
(9.16627 1.56075 2.49018e-16)
(12.2287 1.32336 0)
(15.5727 1.12248 4.74037e-16)
(18.9189 0.946105 0)
(22.1547 0.804442 0)
(25.1475 0.748811 3.34684e-16)
(27.6722 0.813087 0)
(29.4689 0.986116 0)
(30.3937 1.22453 8.88891e-17)
(30.6471 1.4881 0)
(30.5245 1.7598 0)
(30.2426 2.03248 0)
(29.9178 2.30241 0)
(29.6035 2.56649 0)
(29.3183 2.82304 0)
(29.0647 3.07103 7.26155e-17)
(28.8384 3.30887 5.03882e-16)
(28.6342 3.53582 5.22432e-16)
(28.4476 3.75111 0)
(28.2755 3.95414 0)
(28.1152 4.14417 -3.58532e-17)
(27.965 4.32112 0)
(27.8237 4.48493 5.50724e-17)
(27.6902 4.63589 0)
(27.5636 4.77435 0)
(27.4435 4.90101 0)
(27.3292 5.01651 0)
(27.2203 5.1217 -6.03311e-17)
(27.1166 5.21736 0)
(27.0177 5.30429 0)
(26.9232 5.38312 5.7546e-16)
(26.833 5.45484 3.65565e-17)
(26.7463 5.5201 0)
(26.6649 5.57907 0)
(26.5914 5.6259 2.98788e-17)
(26.5274 5.66414 0)
(26.4644 5.70175 -6.42387e-16)
(26.4031 5.73989 5.30885e-16)
(26.3433 5.7726 -4.50826e-16)
(26.2856 5.81186 3.98644e-16)
(26.2294 5.83154 0)
(26.1752 5.88356 5.13136e-16)
(26.1204 5.86058 -8.89719e-16)
(26.069 5.97407 -3.25666e-16)
(26.02 5.81019 0)
(25.9468 6.16485 0)
(26.0641 5.56455 0)
(23.85 5.99593 1.12686e-18)
(23.7354 6.02908 0)
(23.6253 6.05324 -1.04626e-18)
(23.5202 6.08008 0)
(23.4206 6.10697 -7.09376e-18)
(23.3267 6.13448 1.5475e-17)
(23.2386 6.1626 -8.31306e-18)
(23.1568 6.19132 0)
(23.0812 6.22049 7.62958e-18)
(23.0122 6.25004 0)
(22.9499 6.27984 0)
(22.8944 6.30977 0)
(22.8459 6.33967 0)
(22.8044 6.36944 2.16987e-17)
(22.7701 6.39902 -9.11343e-18)
(22.7431 6.42834 -2.33765e-18)
(22.7235 6.45727 -8.26831e-18)
(22.7112 6.48576 0)
(22.7064 6.51378 0)
(22.7091 6.54116 0)
(22.7191 6.56787 0)
(22.7364 6.59368 -3.45012e-18)
(22.761 6.61852 -1.21627e-17)
(22.7926 6.64211 0)
(22.8311 6.66441 2.78389e-17)
(22.8761 6.6851 0)
(22.9275 6.70411 0)
(22.9847 6.72112 0)
(23.0476 6.73624 0)
(23.1155 6.7491 4.57328e-18)
(23.1882 6.75979 0)
(23.2649 6.768 3.05037e-17)
(23.3454 6.77393 -2.89941e-17)
(23.4289 6.7773 0)
(23.515 6.77817 0)
(23.6031 6.77627 -3.12375e-17)
(23.6926 6.77159 0)
(23.7829 6.76406 0)
(23.8735 6.75404 0)
(23.9636 6.74179 0)
(24.0528 6.72781 0)
(24.1407 6.71136 7.84624e-17)
(24.227 6.6931 -4.01086e-17)
(24.311 6.67302 0)
(24.3926 6.65173 1.25996e-16)
(24.4711 6.62944 0)
(24.5463 6.60666 0)
(24.6181 6.58341 -5.25046e-17)
(24.6863 6.56006 4.74141e-17)
(24.7505 6.53699 0)
(24.811 6.51435 1.13685e-17)
(24.8676 6.49224 -1.22406e-16)
(24.9204 6.47085 -4.8582e-17)
(24.9694 6.4506 0)
(25.0145 6.4316 -4.0796e-17)
(25.056 6.41376 0)
(25.0941 6.39704 0)
(25.1286 6.38157 8.12393e-18)
(25.1599 6.36744 -4.81901e-17)
(25.1878 6.35498 0)
(25.2125 6.34436 0)
(25.2344 6.33574 0)
(25.2537 6.32913 0)
(25.2706 6.32453 0)
(25.285 6.32163 3.7942e-17)
(25.2961 6.32053 0)
(25.3027 6.32148 -5.30332e-17)
(25.3041 6.32072 -3.79007e-17)
(25.3017 6.32248 3.09604e-18)
(25.2949 6.32305 -1.97969e-18)
(25.2839 6.3252 0)
(25.2714 6.32882 0)
(25.264 6.33609 1.59598e-16)
(25.2721 6.34918 0)
(25.3071 6.37083 0)
(25.3734 6.40776 0)
(25.4647 6.44913 0)
(25.5623 6.47743 0)
(25.617 6.61383 0)
(25.6779 6.35474 0)
(24.596 5.54718 -2.5859e-18)
(24.7149 5.51835 -9.06854e-19)
(24.7479 5.49503 -1.6301e-17)
(24.7474 5.45887 -7.35108e-18)
(24.7319 5.41754 -9.23104e-18)
(24.7094 5.38144 0)
(24.6823 5.35694 0)
(24.6511 5.34546 0)
(24.6137 5.34297 -1.60453e-17)
(24.5646 5.34142 -3.27909e-18)
(24.4985 5.32971 -1.98141e-17)
(24.4204 5.29756 0)
(24.3425 5.23852 2.00229e-17)
(24.2472 5.15077 0)
(24.0718 5.03762 0)
(23.7846 4.91243 0)
(23.4701 4.79692 6.87604e-18)
(23.2263 4.7108 -3.74066e-17)
(22.9645 4.65143 0)
(22.4686 4.58282 0)
(21.6119 4.46717 0)
(20.4094 4.29427 5.22574e-17)
(18.9515 4.07884 -5.26826e-17)
(17.3439 3.84334 1.19608e-16)
(15.6762 3.60589 0)
(14.0118 3.37505 -7.47282e-17)
(12.3862 3.15109 8.23381e-17)
(10.8143 2.92927 0)
(9.31407 2.70341 0)
(7.98283 2.46585 0)
(7.10911 2.20952 2.68624e-16)
(7.13408 1.93836 -2.75815e-16)
(8.32407 1.6748 2.16109e-16)
(10.5519 1.44728 -2.37381e-16)
(13.4121 1.27094 3.47357e-16)
(16.4894 1.1385 0)
(19.52 1.03778 0)
(22.3956 0.973089 0)
(25.0177 0.973821 0)
(27.2152 1.06477 2.03385e-16)
(28.7926 1.23741 0)
(29.6388 1.45944 6.74182e-17)
(29.8927 1.69722 0)
(29.7994 1.9356 0)
(29.5557 2.17348 0)
(29.2751 2.40908 0)
(29.0069 2.64207 0)
(28.7678 2.87082 0)
(28.5581 3.09392 5.4121e-16)
(28.374 3.30987 -5.69455e-17)
(28.2101 3.51803 0)
(28.0621 3.71741 0)
(27.9264 3.90707 0)
(27.8003 4.08665 -3.67702e-17)
(27.682 4.25564 0)
(27.5701 4.41397 5.9536e-17)
(27.4636 4.56149 5.09297e-16)
(27.3615 4.69841 -4.6285e-16)
(27.2634 4.82495 0)
(27.1689 4.94164 0)
(27.0778 5.04897 -6.92527e-17)
(26.9899 5.14755 0)
(26.9051 5.2378 5.43542e-16)
(26.8233 5.32036 0)
(26.7445 5.39591 4.70727e-16)
(26.6681 5.46529 3.80155e-16)
(26.5961 5.52829 0)
(26.5303 5.57892 3.26372e-17)
(26.4722 5.62029 0)
(26.4151 5.66107 3.09062e-16)
(26.3593 5.70242 -3.46908e-17)
(26.3049 5.73834 4.48371e-16)
(26.2522 5.78071 -3.55324e-16)
(26.2007 5.80359 -2.99988e-16)
(26.1514 5.85854 -5.10732e-16)
(26.1002 5.83894 4.33326e-16)
(26.0539 5.95474 0)
(26.0062 5.79336 0)
(25.9399 6.15091 0)
(26.0543 5.5475 0)
(24.4726 5.56676 8.64629e-19)
(24.3536 5.59295 3.19983e-18)
(24.2381 5.61032 -3.88426e-18)
(24.1261 5.63182 0)
(24.0181 5.65343 7.16857e-18)
(23.9147 5.67641 -1.48653e-18)
(23.8161 5.70069 5.15461e-18)
(23.7227 5.72621 0)
(23.6347 5.75301 -4.70037e-18)
(23.5525 5.78098 0)
(23.4762 5.81005 0)
(23.4061 5.83993 -8.15899e-18)
(23.3423 5.87053 0)
(23.2849 5.90159 -9.64798e-18)
(23.2342 5.933 9.19712e-18)
(23.1902 5.96449 -1.54964e-17)
(23.1529 5.99597 1.92395e-18)
(23.1225 6.02731 0)
(23.0991 6.05849 0)
(23.0825 6.08936 0)
(23.073 6.11993 0)
(23.0703 6.1501 -1.28983e-17)
(23.0746 6.17989 2.70279e-18)
(23.0857 6.20916 0)
(23.1035 6.23786 0)
(23.1279 6.26587 -1.63712e-17)
(23.1587 6.29306 1.55559e-17)
(23.1956 6.31926 0)
(23.2384 6.34434 0)
(23.2868 6.3681 3.54947e-18)
(23.3404 6.3904 -2.54026e-17)
(23.3988 6.41113 -3.04852e-17)
(23.4618 6.43012 5.97758e-18)
(23.5287 6.44728 0)
(23.5992 6.46239 0)
(23.6727 6.47537 0)
(23.7489 6.48608 0)
(23.827 6.49448 0)
(23.9066 6.50064 0)
(23.987 6.50456 0)
(24.0678 6.50616 -3.01292e-17)
(24.1485 6.50518 -3.5071e-17)
(24.2286 6.50199 0)
(24.3076 6.497 0)
(24.3849 6.48994 -1.03041e-16)
(24.4602 6.48165 0)
(24.5329 6.47194 0)
(24.603 6.46124 0)
(24.67 6.44975 0)
(24.7338 6.43782 0)
(24.7942 6.42536 1.19841e-17)
(24.8513 6.41267 1.07576e-17)
(24.9048 6.40012 9.58911e-18)
(24.9547 6.38788 0)
(25.0011 6.37588 0)
(25.044 6.36414 0)
(25.0835 6.35285 -3.13924e-17)
(25.1195 6.34208 9.57652e-18)
(25.152 6.33216 3.24555e-17)
(25.181 6.32333 0)
(25.2069 6.31589 0)
(25.2298 6.30998 1.10889e-17)
(25.2503 6.30578 0)
(25.2683 6.30335 -4.34808e-17)
(25.2838 6.30256 -5.13132e-17)
(25.296 6.30347 0)
(25.3037 6.3063 0)
(25.3061 6.30701 4.23379e-17)
(25.3038 6.31014 -8.08777e-17)
(25.2975 6.31209 8.15144e-17)
(25.2873 6.31565 0)
(25.2765 6.32092 0)
(25.2721 6.33022 -3.17056e-16)
(25.2844 6.34573 0)
(25.3239 6.37009 0)
(25.3935 6.40928 0)
(25.4855 6.45091 0)
(25.5805 6.48231 0)
(25.6318 6.61417 0)
(25.6899 6.36287 0)
(25.1844 5.23133 3.81076e-18)
(25.2979 5.21519 -3.43523e-19)
(25.3413 5.20999 1.3669e-17)
(25.3563 5.20034 7.25952e-18)
(25.3557 5.19165 0)
(25.3463 5.18898 0)
(25.332 5.19368 -7.03421e-18)
(25.3149 5.20282 0)
(25.2955 5.21035 1.56838e-17)
(25.2707 5.20855 -3.04192e-17)
(25.2341 5.18991 1.45029e-17)
(25.1828 5.14879 0)
(25.1261 5.08401 0)
(25.0717 4.99954 0)
(24.9904 4.90278 0)
(24.8267 4.80404 0)
(24.5834 4.7186 3.36715e-18)
(24.3529 4.66074 0)
(24.1801 4.631 0)
(23.9201 4.59651 0)
(23.3507 4.508 0)
(22.3671 4.33997 -6.01764e-18)
(21.0088 4.10317 6.3236e-18)
(19.3901 3.82789 -6.83006e-18)
(17.6395 3.54455 0)
(15.8661 3.27249 0)
(14.1476 3.01792 -5.31414e-17)
(12.5292 2.77767 0)
(11.0376 2.54391 0)
(9.73215 2.30829 0)
(8.81814 2.06491 0)
(8.69219 1.82005 0)
(9.67079 1.59695 -3.01277e-17)
(11.6752 1.42142 0)
(14.3063 1.30228 -4.92183e-17)
(17.1361 1.23003 0)
(19.8947 1.19119 0)
(22.4706 1.18555 0)
(24.7899 1.23049 0)
(26.7285 1.34171 -3.70757e-16)
(28.142 1.51411 0)
(28.9443 1.72241 4.88288e-17)
(29.2229 1.93964 0)
(29.1701 2.15179 0)
(28.9641 2.3592 0)
(28.7175 2.56388 0)
(28.4835 2.76621 0)
(28.278 2.96671 0)
(28.102 3.1632 -4.17101e-16)
(27.9502 3.35528 -5.38573e-17)
(27.8178 3.5417 0)
(27.7 3.72193 0)
(27.5933 3.89507 -3.16071e-16)
(27.4951 4.06074 -3.90159e-17)
(27.4034 4.21865 0)
(27.3166 4.36833 6.54734e-17)
(27.2336 4.50959 -5.0794e-16)
(27.1536 4.64216 8.69059e-16)
(27.0758 4.7662 0)
(27 4.88184 0)
(26.9261 4.9894 -7.76806e-17)
(26.8539 5.0891 0)
(26.7835 5.18127 -6.02633e-17)
(26.7148 5.26622 0)
(26.6481 5.34454 0)
(26.5828 5.41697 -3.81722e-17)
(26.521 5.48318 0)
(26.4636 5.53691 3.79671e-16)
(26.4123 5.58094 0)
(26.3616 5.62431 0)
(26.3122 5.66829 -4.90208e-16)
(26.2637 5.7069 0)
(26.2168 5.75182 2.00033e-17)
(26.1703 5.77754 5.82147e-16)
(26.1263 5.8349 0)
(26.0791 5.81859 -3.97503e-16)
(26.0379 5.93629 -2.87906e-16)
(25.9919 5.77768 0)
(25.932 6.13766 0)
(26.044 5.53142 0)
(25.0662 5.2427 3.27614e-19)
(24.9514 5.2542 -6.08263e-18)
(24.838 5.26225 0)
(24.7263 5.27347 0)
(24.617 5.28499 0)
(24.5104 5.29824 -1.02836e-17)
(24.4071 5.31291 -5.1355e-19)
(24.3074 5.32924 0)
(24.2118 5.34739 4.81028e-19)
(24.1206 5.36755 0)
(24.0342 5.38975 0)
(23.9529 5.41405 8.86879e-19)
(23.8769 5.44046 0)
(23.8065 5.4689 0)
(23.742 5.49914 6.28219e-18)
(23.6834 5.53097 6.76785e-18)
(23.6309 5.56416 7.79123e-19)
(23.5846 5.59852 0)
(23.5447 5.63368 0)
(23.5112 5.66943 0)
(23.4841 5.70554 0)
(23.4635 5.74191 8.73356e-18)
(23.4494 5.77829 9.54888e-18)
(23.4416 5.81459 1.57033e-17)
(23.4403 5.8507 0)
(23.4453 5.88652 2.27283e-18)
(23.4566 5.92193 -2.20145e-18)
(23.4739 5.95677 0)
(23.4971 5.99095 0)
(23.5261 6.02422 2.02531e-18)
(23.5605 6.05655 3.95473e-18)
(23.6002 6.0877 0)
(23.6447 6.11763 3.77962e-18)
(23.6939 6.14599 1.8024e-17)
(23.7472 6.17282 0)
(23.8044 6.19783 0)
(23.865 6.22113 0)
(23.9285 6.24241 0)
(23.9944 6.26183 0)
(24.0623 6.2791 0)
(24.1315 6.29408 2.98507e-17)
(24.2018 6.3066 0)
(24.2723 6.31687 -2.09112e-17)
(24.3427 6.32499 0)
(24.4124 6.33098 9.74201e-18)
(24.4811 6.33516 0)
(24.5482 6.33783 0)
(24.6134 6.33877 2.74607e-17)
(24.6764 6.33858 0)
(24.737 6.337 0)
(24.795 6.33441 1.25375e-17)
(24.8501 6.331 1.14107e-17)
(24.9022 6.32711 3.80327e-17)
(24.9512 6.32256 0)
(24.9973 6.31741 1.81079e-17)
(25.0402 6.31193 0)
(25.0799 6.30623 3.10541e-17)
(25.1162 6.30055 1.08763e-17)
(25.149 6.29511 -1.19493e-17)
(25.1785 6.29023 0)
(25.2049 6.28613 0)
(25.2286 6.28313 5.95263e-18)
(25.2497 6.28147 0)
(25.2685 6.28139 -8.74937e-18)
(25.2848 6.28271 -7.47992e-18)
(25.2978 6.28566 0)
(25.3062 6.29028 6.6813e-17)
(25.3092 6.29246 2.84874e-18)
(25.307 6.29701 0)
(25.3009 6.30041 0)
(25.2917 6.3056 0)
(25.2829 6.31278 -1.64024e-16)
(25.2818 6.3244 1.57409e-16)
(25.2987 6.34253 0)
(25.3428 6.3697 0)
(25.4156 6.41111 0)
(25.5079 6.45294 0)
(25.5999 6.48774 -2.68316e-16)
(25.6481 6.61472 0)
(25.7018 6.37138 0)
(25.6987 5.05225 4.69753e-20)
(25.8002 5.04329 -5.53081e-20)
(25.8545 5.04759 -1.25691e-17)
(25.8908 5.05648 0)
(25.9143 5.07261 0)
(25.9267 5.09473 6.54223e-18)
(25.9303 5.11643 2.29298e-19)
(25.9275 5.1286 0)
(25.9213 5.12309 0)
(25.9124 5.09583 2.72988e-17)
(25.8982 5.04808 -1.407e-17)
(25.8732 4.98461 0)
(25.8377 4.91231 0)
(25.802 4.83861 0)
(25.7673 4.77068 0)
(25.7015 4.71328 0)
(25.5661 4.6701 1.92909e-18)
(25.3833 4.64463 2.49314e-17)
(25.2312 4.63603 0)
(25.1182 4.6259 0)
(24.8849 4.57255 0)
(24.3095 4.43777 -4.58797e-17)
(23.2799 4.21598 4.32956e-17)
(21.8314 3.93131 -7.90399e-17)
(20.0892 3.61882 0)
(18.205 3.30804 0)
(16.317 3.01625 6.56381e-18)
(14.5314 2.7479 0)
(12.9199 2.49902 0)
(11.5455 2.26151 0)
(10.5451 2.02873 -1.35085e-16)
(10.2207 1.80396 1.44684e-16)
(10.8982 1.6074 -1.64667e-16)
(12.5864 1.46518 0)
(14.9422 1.38792 -2.7452e-16)
(17.537 1.36455 0)
(20.0705 1.37703 0)
(22.4074 1.41793 0)
(24.4848 1.49601 0)
(26.2203 1.62164 1.6766e-16)
(27.5121 1.79222 0)
(28.2942 1.9892 4.07959e-17)
(28.6153 2.19014 0)
(28.6167 2.38206 0)
(28.4526 2.56449 0)
(28.2353 2.7417 0)
(28.0249 2.91638 0)
(27.8424 3.0898 0)
(27.6894 3.26124 6.02307e-17)
(27.5611 3.42912 -3.88909e-16)
(27.4517 3.59371 0)
(27.3569 3.7535 0)
(27.273 3.90876 3.14604e-16)
(27.1972 4.05923 -4.35415e-17)
(27.1275 4.20447 0)
(27.0623 4.34401 4.89424e-16)
(27 4.47723 0)
(26.9399 4.6039 -4.05832e-16)
(26.8811 4.72376 0)
(26.8233 4.83683 0)
(26.7662 4.94305 -5.96628e-16)
(26.7098 5.04254 0)
(26.6539 5.13528 -4.78582e-16)
(26.5989 5.22152 -3.71776e-16)
(26.5448 5.30152 -3.33518e-16)
(26.4914 5.37607 -3.38342e-16)
(26.4405 5.44456 0)
(26.3922 5.50069 0)
(26.3484 5.54679 0)
(26.3047 5.59216 0)
(26.2622 5.63813 -4.18775e-16)
(26.2203 5.67877 0)
(26.1796 5.72559 1.84623e-17)
(26.1388 5.75361 -2.82176e-16)
(26.1004 5.81281 0)
(26.0575 5.79956 3.95614e-16)
(26.0214 5.91865 2.8659e-16)
(25.9774 5.76307 0)
(25.9234 6.12501 0)
(26.0331 5.51638 0)
(25.593 5.0563 3.19194e-20)
(25.4897 5.06028 2.82952e-18)
(25.3863 5.06584 0)
(25.2834 5.07144 0)
(25.1814 5.07793 0)
(25.0807 5.08596 9.67844e-18)
(24.9815 5.09515 -4.58749e-18)
(24.8843 5.10581 0)
(24.7895 5.11804 4.18221e-18)
(24.6974 5.13202 0)
(24.6083 5.14769 7.95409e-18)
(24.5226 5.16538 -3.74206e-19)
(24.4407 5.18492 0)
(24.3627 5.20665 0)
(24.2891 5.23031 -6.21497e-18)
(24.2201 5.25622 -6.24936e-18)
(24.1559 5.28396 5.61031e-18)
(24.0968 5.31378 0)
(24.043 5.34514 -1.0619e-17)
(23.9946 5.37822 0)
(23.9518 5.41241 0)
(23.9147 5.44785 2.72032e-19)
(23.8834 5.48398 -8.40428e-18)
(23.8578 5.52095 -1.55675e-17)
(23.8382 5.55825 0)
(23.8244 5.59601 1.39706e-17)
(23.8166 5.63382 -1.32218e-17)
(23.8144 5.67178 0)
(23.8181 5.70953 0)
(23.8273 5.74712 5.39608e-19)
(23.8421 5.78425 2.11554e-17)
(23.8621 5.82094 0)
(23.8873 5.85688 1.69511e-18)
(23.9174 5.89198 -1.78475e-17)
(23.9521 5.92607 0)
(23.9911 5.95905 0)
(24.0341 5.99075 0)
(24.0807 6.02111 0)
(24.1306 6.04995 0)
(24.1832 6.07712 0)
(24.2382 6.10232 0)
(24.2949 6.12554 1.71284e-17)
(24.3531 6.1467 2.06592e-17)
(24.412 6.16575 0)
(24.4713 6.18266 9.38839e-18)
(24.5305 6.19757 0)
(24.5891 6.21059 0)
(24.6469 6.2217 -2.71228e-17)
(24.7034 6.23108 -1.65964e-17)
(24.7585 6.23894 0)
(24.8118 6.24521 3.77924e-17)
(24.863 6.25049 3.25153e-17)
(24.912 6.25432 -1.63438e-17)
(24.9588 6.25681 0)
(25.003 6.25821 -8.90256e-18)
(25.0446 6.25875 0)
(25.0833 6.25862 0)
(25.1189 6.25804 1.20646e-17)
(25.1513 6.25717 0)
(25.1807 6.25625 0)
(25.2072 6.2556 0)
(25.2311 6.2556 -1.67669e-17)
(25.2527 6.25667 0)
(25.2719 6.25896 5.1351e-17)
(25.2886 6.2625 -7.30092e-18)
(25.302 6.2674 0)
(25.3108 6.2738 -6.62417e-17)
(25.3141 6.2774 -4.42831e-17)
(25.3116 6.28329 0)
(25.3058 6.28825 0)
(25.2975 6.29521 0)
(25.2909 6.30451 1.62689e-16)
(25.2935 6.31864 1.57697e-16)
(25.3151 6.33956 0)
(25.3639 6.36969 0)
(25.4395 6.41327 0)
(25.5318 6.45531 0)
(25.6205 6.49383 2.66768e-16)
(25.6657 6.61552 0)
(25.7135 6.38033 0)
(26.1176 4.96906 -2.77132e-18)
(26.2086 4.97248 -9.69965e-20)
(26.2676 4.98921 2.50019e-19)
(26.3174 5.00678 0)
(26.3589 5.02455 0)
(26.3907 5.0403 -6.32286e-18)
(26.4115 5.04888 6.39603e-18)
(26.422 5.0437 0)
(26.4248 5.01927 -1.12741e-17)
(26.4237 4.97457 -1.68128e-18)
(26.4211 4.91428 0)
(26.4151 4.84765 0)
(26.4022 4.78495 0)
(26.3839 4.73427 0)
(26.3673 4.6999 0)
(26.3478 4.6816 0)
(26.2982 4.67521 2.98365e-18)
(26.1967 4.6747 -2.37304e-17)
(26.0706 4.67438 0)
(25.9797 4.66628 0)
(25.9188 4.63151 0)
(25.7448 4.53991 0)
(25.2418 4.37081 0)
(24.2671 4.12806 6.66745e-17)
(22.8198 3.8342 0)
(21.0139 3.51646 2.84535e-17)
(19.0182 3.19709 6.97962e-18)
(17.0065 2.89087 3.22924e-17)
(15.1277 2.60508 0)
(13.5019 2.34167 0)
(12.2625 2.09963 2.13572e-17)
(11.6464 1.88256 -2.37382e-17)
(11.9582 1.70404 0)
(13.2793 1.58271 1.02014e-16)
(15.3183 1.52681 0)
(17.6642 1.52994 0)
(20.0045 1.57604 0)
(22.1684 1.65214 0)
(24.0744 1.75603 0)
(25.6615 1.89222 1.1446e-16)
(26.866 2.05908 0)
(27.6436 2.24504 4.85476e-17)
(28.0194 2.43245 0)
(28.0899 2.60921 0)
(27.9797 2.77272 0)
(27.7958 2.92716 0)
(27.6055 3.07724 0)
(27.4388 3.22586 0)
(27.3015 3.37364 7.0586e-17)
(27.1901 3.51976 2.61912e-16)
(27.0985 3.66332 -2.44925e-16)
(27.0218 3.80417 0)
(26.9568 3.94215 0)
(26.9002 4.07757 -4.9777e-17)
(26.85 4.20997 0)
(26.8041 4.33874 -3.31235e-16)
(26.7611 4.46323 0)
(26.7198 4.58296 2.77576e-16)
(26.6795 4.69762 0)
(26.6395 4.80692 0)
(26.5994 4.91066 0)
(26.559 5.00863 0)
(26.5183 5.10078 0)
(26.4775 5.18716 6.83896e-16)
(26.4367 5.26783 3.31635e-16)
(26.3958 5.34345 0)
(26.3565 5.41328 0)
(26.3178 5.47101 0)
(26.282 5.51857 -2.44856e-16)
(26.2458 5.56523 0)
(26.2106 5.61242 4.16013e-16)
(26.1756 5.6544 0)
(26.1414 5.70238 1.60334e-17)
(26.1065 5.7321 2.5626e-16)
(26.0739 5.79239 0)
(26.0357 5.78187 0)
(26.0047 5.90177 0)
(25.9628 5.7494 0)
(25.9146 6.11277 1.89348e-16)
(26.0217 5.50234 0)
(26.0238 4.96152 4.38432e-20)
(25.931 4.9587 2.7104e-18)
(25.8377 4.95886 0)
(25.7446 4.95823 -2.5808e-18)
(25.6518 4.95895 0)
(25.5595 4.96182 1.35126e-19)
(25.468 4.96672 0)
(25.3776 4.97397 0)
(25.2884 4.9835 0)
(25.2008 4.99509 0)
(25.115 5.00877 4.52972e-19)
(25.0314 5.02419 -4.63007e-19)
(24.95 5.04137 0)
(24.8714 5.06005 0)
(24.7956 5.0804 -6.88018e-18)
(24.7231 5.1022 -4.326e-19)
(24.6539 5.12568 0)
(24.5885 5.15066 0)
(24.527 5.17734 1.04052e-17)
(24.4697 5.20552 0)
(24.4167 5.23535 0)
(24.3684 5.26652 4.64148e-19)
(24.3247 5.29913 -3.82886e-19)
(24.2859 5.33284 0)
(24.2521 5.3677 0)
(24.2234 5.40335 0)
(24.1998 5.43983 0)
(24.1813 5.47676 0)
(24.168 5.51423 0)
(24.1598 5.55188 2.69408e-19)
(24.1567 5.58975 0)
(24.1587 5.62748 -1.71828e-17)
(24.1655 5.66511 1.24051e-18)
(24.1772 5.70231 0)
(24.1935 5.73914 0)
(24.2142 5.77524 0)
(24.2392 5.81075 0)
(24.2682 5.84538 0)
(24.3009 5.87915 0)
(24.337 5.91168 0)
(24.3761 5.943 0)
(24.4178 5.97282 -4.91391e-18)
(24.4617 6.00113 -1.05603e-17)
(24.5074 6.02762 0)
(24.5544 6.05233 9.72393e-18)
(24.6022 6.07514 0)
(24.6506 6.09603 0)
(24.6991 6.11493 0)
(24.7474 6.13197 1.6372e-17)
(24.7952 6.14727 0)
(24.8422 6.16111 -9.64524e-18)
(24.8881 6.17329 0)
(24.9329 6.18373 1.20702e-17)
(24.976 6.19244 0)
(25.0175 6.19971 -8.8825e-18)
(25.0567 6.20579 0)
(25.0935 6.211 0)
(25.1277 6.21527 1.31417e-17)
(25.1592 6.2188 -1.89505e-17)
(25.188 6.22178 0)
(25.2143 6.2246 0)
(25.2381 6.22773 2.91839e-17)
(25.2598 6.23156 -6.35911e-17)
(25.2791 6.2364 -6.79005e-17)
(25.296 6.24212 6.44922e-17)
(25.3094 6.24903 0)
(25.3181 6.25716 7.51974e-17)
(25.3215 6.26213 -4.888e-17)
(25.3184 6.2694 0)
(25.3127 6.27591 0)
(25.3054 6.2847 0)
(25.3011 6.29627 0)
(25.3076 6.31307 6.8774e-19)
(25.334 6.3369 0)
(25.3874 6.37003 0)
(25.4654 6.41572 0)
(25.5572 6.4581 0)
(25.6425 6.50062 -2.45672e-16)
(25.6845 6.61647 0)
(25.7252 6.3898 0)
(26.4701 4.85912 3.29639e-18)
(26.5454 4.86714 -5.6726e-19)
(26.5921 4.88322 1.1624e-18)
(26.6364 4.89833 -4.38901e-18)
(26.6793 4.90864 0)
(26.7174 4.91065 0)
(26.7477 4.90212 -4.22421e-18)
(26.7681 4.88204 4.12395e-18)
(26.779 4.85127 2.76305e-18)
(26.7831 4.81209 -2.74715e-18)
(26.785 4.76941 0)
(26.7874 4.72986 0)
(26.7899 4.70076 0)
(26.7899 4.68672 -7.3214e-18)
(26.7878 4.68858 0)
(26.7857 4.7026 0)
(26.7768 4.72195 4.67691e-18)
(26.7413 4.73761 0)
(26.6685 4.74135 0)
(26.5826 4.72751 0)
(26.53 4.69228 0)
(26.5105 4.62731 2.59509e-17)
(26.4159 4.51983 -2.36942e-17)
(26.0488 4.35962 -9.38254e-18)
(25.229 4.1463 0)
(23.8907 3.88686 -2.71025e-17)
(22.1037 3.59172 8.62423e-18)
(20.034 3.27187 -2.83125e-17)
(17.8894 2.9413 0)
(15.8749 2.61601 0)
(14.1889 2.31375 7.88787e-17)
(13.0716 2.05312 -2.72659e-17)
(12.8442 1.85831 6.66155e-17)
(13.7037 1.7491 -9.57925e-17)
(15.4247 1.7204 0)
(17.5302 1.7472 0)
(19.669 1.80927 0)
(21.6768 1.89838 0)
(23.4698 2.01356 0)
(24.9794 2.1548 -1.1178e-16)
(26.1478 2.3182 0)
(26.9432 2.49403 6.49324e-17)
(27.3827 2.66909 0)
(27.5338 2.83251 0)
(27.4931 2.98077 0)
(27.3554 3.11655 0)
(27.1916 3.24529 0)
(27.0409 3.37147 0)
(26.917 3.4972 8.32805e-17)
(26.8194 3.62272 -2.58411e-16)
(26.743 3.74741 2.41983e-16)
(26.6828 3.87094 0)
(26.635 3.99334 0)
(26.5965 4.11451 -1.93804e-16)
(26.5649 4.23435 0)
(26.5381 4.35217 3.2864e-16)
(26.5143 4.46748 -2.23432e-16)
(26.4923 4.57966 -6.84635e-17)
(26.4708 4.68823 0)
(26.4492 4.79273 -1.77639e-16)
(26.4267 4.89272 3.28741e-16)
(26.4032 4.98801 0)
(26.3786 5.07839 0)
(26.3529 5.16377 -5.18116e-17)
(26.3263 5.24397 0)
(26.2985 5.31957 0)
(26.2714 5.3897 0)
(26.2426 5.44818 0)
(26.2152 5.49648 2.4294e-16)
(26.1867 5.54371 -1.99844e-16)
(26.1588 5.59136 0)
(26.1308 5.63395 0)
(26.1032 5.68232 1.27104e-17)
(26.0743 5.7131 -8.70026e-18)
(26.0476 5.77373 0)
(26.014 5.76558 3.60831e-16)
(25.9883 5.88552 0)
(25.9484 5.73662 0)
(25.9058 6.10067 -1.88507e-16)
(26.0096 5.48938 0)
(26.3891 4.84783 5.30711e-19)
(26.3064 4.85405 -5.06858e-19)
(26.2222 4.86385 0)
(26.1371 4.87255 2.49651e-18)
(26.0513 4.88277 0)
(25.965 4.89375 -8.16265e-19)
(25.8788 4.90551 0)
(25.7927 4.91819 0)
(25.7074 4.9317 -3.59531e-18)
(25.6228 4.94604 0)
(25.5394 4.9612 -7.94053e-18)
(25.4575 4.97714 7.62692e-18)
(25.3773 4.99376 6.24513e-18)
(25.299 5.01112 0)
(25.2229 5.02913 6.66364e-18)
(25.1491 5.04791 8.61439e-19)
(25.078 5.06746 -5.2194e-18)
(25.0096 5.08796 0)
(24.9443 5.10942 -9.38297e-18)
(24.8822 5.13208 0)
(24.8235 5.15592 0)
(24.7684 5.18118 -1.17015e-18)
(24.7171 5.20778 1.57051e-17)
(24.6697 5.23585 0)
(24.6265 5.26523 0)
(24.5874 5.29602 0)
(24.5527 5.32797 0)
(24.5224 5.3611 0)
(24.4966 5.39513 0)
(24.4753 5.43005 1.77644e-18)
(24.4585 5.46554 0)
(24.4461 5.50153 1.68308e-17)
(24.4384 5.5377 3.32522e-18)
(24.4349 5.574 0)
(24.4359 5.61018 0)
(24.4411 5.6462 0)
(24.4504 5.68189 0)
(24.4637 5.71728 0)
(24.4809 5.75216 0)
(24.5016 5.78651 0)
(24.5257 5.8201 0)
(24.5529 5.8529 -5.87443e-18)
(24.5829 5.88461 1.0384e-17)
(24.6152 5.91514 0)
(24.6497 5.94422 1.09223e-17)
(24.6859 5.97181 0)
(24.7235 5.99769 0)
(24.7622 6.02184 0)
(24.8017 6.04425 1.10541e-18)
(24.8416 6.06505 0)
(24.8818 6.08425 1.56608e-17)
(24.9218 6.10167 0)
(24.9615 6.11726 4.00819e-18)
(25.0004 6.13108 1.03279e-17)
(25.0382 6.14334 1.14582e-17)
(25.0745 6.15445 0)
(25.109 6.16432 0)
(25.1415 6.17302 1.40115e-17)
(25.1718 6.18061 4.93175e-17)
(25.1998 6.18736 0)
(25.2256 6.19364 0)
(25.2492 6.19991 -2.88654e-17)
(25.2707 6.20665 -1.02564e-17)
(25.2901 6.21402 1.4241e-16)
(25.3068 6.22202 0)
(25.32 6.23095 0)
(25.3285 6.24076 3.63062e-18)
(25.3315 6.24716 4.83186e-17)
(25.3278 6.25573 0)
(25.3222 6.26382 0)
(25.3158 6.27456 0)
(25.3139 6.28847 0)
(25.3242 6.30794 4.27997e-20)
(25.3555 6.33471 0)
(25.4131 6.37089 0)
(25.4931 6.41856 0)
(25.5841 6.46143 0)
(25.6657 6.50822 2.44113e-16)
(25.704 6.61744 0)
(25.737 6.39976 0)
(26.7008 4.74478 -4.16547e-19)
(26.7528 4.77251 -8.30433e-19)
(26.7779 4.80401 1.64537e-18)
(26.8054 4.82979 1.63079e-18)
(26.8375 4.84494 -2.53696e-18)
(26.8718 4.84549 0)
(26.9051 4.83153 4.01439e-18)
(26.9344 4.80677 -3.91072e-18)
(26.9572 4.77727 3.10417e-18)
(26.9733 4.74899 -3.03141e-18)
(26.9847 4.72689 0)
(26.995 4.71468 0)
(27.0073 4.71512 0)
(27.022 4.72887 6.8962e-18)
(27.0377 4.75388 0)
(27.0534 4.7849 0)
(27.0676 4.81481 5.43095e-18)
(27.0731 4.83576 0)
(27.0565 4.84041 0)
(27.0125 4.82414 0)
(26.9589 4.78618 0)
(26.9315 4.72924 -1.0882e-17)
(26.9416 4.65545 1.05814e-17)
(26.9253 4.56375 -2.14316e-17)
(26.7258 4.44925 0)
(26.1482 4.30316 9.33494e-18)
(25.0538 4.11442 1.76551e-17)
(23.4299 3.87263 9.06234e-18)
(21.3942 3.57338 0)
(19.1553 3.22485 0)
(16.9671 2.8495 0)
(15.1237 2.48381 -4.93331e-17)
(13.9908 2.17286 -8.25574e-17)
(13.9625 1.96793 0)
(15.1315 1.8977 0)
(17.0564 1.93961 0)
(19.1392 2.04078 0)
(21.0557 2.16219 0)
(22.7325 2.29113 0)
(24.1619 2.43078 -3.07534e-17)
(25.3147 2.58445 2.9248e-17)
(26.156 2.74827 7.06186e-17)
(26.6805 2.91186 0)
(26.9283 3.06466 0)
(26.9721 3.20054 -5.46897e-17)
(26.8946 3.32071 5.41985e-17)
(26.7674 3.43009 5.34383e-17)
(26.6383 3.5349 0)
(26.53 3.63939 8.58691e-17)
(26.4475 3.74496 0)
(26.3873 3.85179 0)
(26.3442 3.95919 0)
(26.314 4.06692 0)
(26.2936 4.17464 0)
(26.2804 4.28219 0)
(26.2724 4.38903 0)
(26.2678 4.49454 7.35599e-17)
(26.2647 4.59818 -6.39326e-17)
(26.262 4.69938 0)
(26.2586 4.79753 1.76234e-16)
(26.2539 4.89234 -3.26223e-16)
(26.2475 4.98343 2.35876e-16)
(26.2391 5.07046 0)
(26.2285 5.15329 -4.41467e-17)
(26.2161 5.23152 2.04197e-16)
(26.2015 5.3057 0)
(26.1864 5.3748 0)
(26.1674 5.43291 0)
(26.1483 5.48107 -2.0298e-16)
(26.1274 5.52802 1.98284e-16)
(26.1066 5.57529 0)
(26.0854 5.61775 0)
(26.0643 5.66576 2.78898e-16)
(26.0412 5.69702 -4.82505e-16)
(26.0205 5.75719 0)
(25.9916 5.75105 -5.96432e-18)
(25.9718 5.87017 0)
(25.9334 5.72484 0)
(25.8976 6.08881 0)
(25.9963 5.4767 0)
(26.6395 4.72499 8.35575e-19)
(26.5733 4.73681 -8.30468e-19)
(26.5041 4.7504 0)
(26.4323 4.76567 -1.15053e-18)
(26.358 4.78313 0)
(26.2818 4.801 -1.56794e-18)
(26.204 4.81929 0)
(26.1252 4.83764 0)
(26.0458 4.85611 1.4488e-18)
(25.9661 4.87461 0)
(25.8866 4.89337 3.79208e-18)
(25.8078 4.91239 -3.66792e-18)
(25.7298 4.93179 -6.03244e-18)
(25.6531 4.95161 0)
(25.5779 4.97178 -3.28446e-18)
(25.5045 4.99234 2.14738e-18)
(25.4331 5.01325 2.03192e-18)
(25.364 5.03454 0)
(25.2972 5.05618 9.08983e-18)
(25.233 5.07829 0)
(25.1716 5.10093 0)
(25.1131 5.12427 -7.57477e-18)
(25.0576 5.14838 -1.14086e-17)
(25.0055 5.17342 0)
(24.9566 5.19948 0)
(24.9112 5.22667 6.86781e-18)
(24.8694 5.25505 0)
(24.8313 5.28467 0)
(24.7969 5.31549 -5.14602e-18)
(24.7665 5.34741 1.26133e-17)
(24.7399 5.38024 0)
(24.7172 5.4139 -7.16307e-18)
(24.6984 5.44808 1.17624e-17)
(24.6837 5.48268 -5.27608e-18)
(24.6727 5.51739 -4.39028e-18)
(24.6657 5.55216 0)
(24.6624 5.58688 0)
(24.663 5.62145 0)
(24.6671 5.65583 0)
(24.6749 5.68996 0)
(24.6859 5.72377 -2.71814e-19)
(24.7003 5.75711 -6.53155e-18)
(24.7176 5.78988 1.67896e-18)
(24.7377 5.82184 0)
(24.7604 5.8528 4.84636e-18)
(24.7854 5.88259 0)
(24.8125 5.91105 0)
(24.8414 5.93814 0)
(24.8719 5.96384 8.76817e-18)
(24.9036 5.98817 0)
(24.9364 6.01102 -6.06014e-18)
(24.9699 6.03225 2.13862e-17)
(25.0038 6.05177 0)
(25.0377 6.06972 -1.01826e-17)
(25.0711 6.08624 -1.13015e-17)
(25.1037 6.10154 0)
(25.1351 6.11553 -4.21178e-17)
(25.1652 6.12825 -2.84484e-17)
(25.1936 6.13976 1.11711e-17)
(25.2201 6.1503 0)
(25.2449 6.1602 0)
(25.2677 6.16989 4.08022e-17)
(25.2887 6.17975 -9.01573e-18)
(25.3075 6.18998 6.73124e-18)
(25.3236 6.20058 0)
(25.3362 6.21178 0)
(25.344 6.22358 2.22807e-18)
(25.3464 6.2316 0)
(25.3418 6.24165 0)
(25.3359 6.25158 0)
(25.3304 6.26435 0)
(25.3309 6.28065 0)
(25.3451 6.30289 -1.47341e-18)
(25.3809 6.33266 0)
(25.4421 6.37185 0)
(25.5234 6.42133 0)
(25.6132 6.46486 0)
(25.6908 6.51627 2.21448e-16)
(25.7239 6.61775 0)
(25.7498 6.41004 -6.60321e-16)
(26.7954 4.85885 1.34003e-18)
(26.8234 4.88479 -7.81416e-19)
(26.8362 4.9105 1.58024e-18)
(26.8525 4.93225 1.58824e-18)
(26.8747 4.94579 1.58076e-18)
(26.9024 4.94691 -3.75343e-19)
(26.9344 4.93515 0)
(26.9693 4.91347 0)
(27.0049 4.88794 2.8409e-18)
(27.0391 4.86471 -3.25525e-18)
(27.0707 4.84863 0)
(27.0997 4.84153 0)
(27.1276 4.84398 0)
(27.1563 4.85494 0)
(27.1872 4.87236 0)
(27.2203 4.89299 0)
(27.255 4.91227 6.5178e-18)
(27.2892 4.92505 9.37529e-19)
(27.3177 4.92658 0)
(27.3331 4.91328 0)
(27.3311 4.88391 0)
(27.3188 4.84039 -8.90089e-18)
(27.3158 4.78757 8.86235e-18)
(27.3383 4.73163 -3.08309e-20)
(27.3691 4.67658 -2.91137e-19)
(27.3284 4.6193 -6.82563e-18)
(27.0717 4.54736 0)
(26.4311 4.43848 -6.46072e-18)
(25.2861 4.26682 -3.18274e-19)
(23.6231 4.01425 0)
(21.5553 3.67885 -6.92145e-19)
(19.314 3.28204 0)
(17.2357 2.86728 1.34513e-17)
(15.7586 2.50041 3.12019e-18)
(15.3235 2.25204 0)
(16.0996 2.16733 0)
(17.7584 2.22951 -1.30535e-17)
(19.7097 2.37643 -1.34277e-17)
(21.5136 2.5471 0)
(23.0057 2.71229 1.23097e-17)
(24.1831 2.86812 -2.3611e-17)
(25.0789 3.02032 3.59826e-17)
(25.7147 3.17002 0)
(26.1101 3.31277 1.39988e-17)
(26.299 3.44118 5.60293e-17)
(26.3342 3.55263 -4.49224e-17)
(26.2773 3.64851 -4.45119e-17)
(26.1843 3.73487 2.5854e-18)
(26.0936 3.81798 8.59783e-17)
(26.0239 3.90201 0)
(25.9787 3.989 0)
(25.9544 4.07889 -1.25037e-17)
(25.9454 4.17102 0)
(25.9473 4.26469 1.99481e-17)
(25.9569 4.35933 -2.33292e-17)
(25.9719 4.45432 0)
(25.9903 4.54893 1.30891e-16)
(26.0103 4.6426 -6.24542e-17)
(26.0304 4.73477 0)
(26.0494 4.82487 0)
(26.0662 4.91256 -7.42686e-17)
(26.0802 4.99739 -2.14616e-16)
(26.0911 5.079 0)
(26.0984 5.15719 -1.97134e-16)
(26.1024 5.23152 -1.88696e-16)
(26.1028 5.30232 0)
(26.101 5.36857 0)
(26.092 5.42466 0)
(26.0819 5.47142 3.63782e-16)
(26.0689 5.51685 0)
(26.0553 5.56252 0)
(26.0407 5.60382 2.76277e-16)
(26.0259 5.65038 0)
(26.0084 5.6815 2.28837e-16)
(25.9934 5.74009 3.83135e-16)
(25.9691 5.73609 -3.43403e-16)
(25.955 5.85302 0)
(25.9188 5.71302 0)
(25.8888 6.07419 1.91796e-16)
(25.9837 5.46661 -4.58649e-16)
(26.7596 4.83713 5.58221e-19)
(26.7193 4.83515 -7.43387e-19)
(26.6758 4.8324 1.8692e-19)
(26.6289 4.83145 7.17252e-19)
(26.5784 4.83282 0)
(26.5246 4.83579 -1.37937e-18)
(26.4677 4.84061 0)
(26.4078 4.84714 0)
(26.3453 4.8553 9.9882e-19)
(26.2805 4.86523 0)
(26.2139 4.87675 -2.18714e-18)
(26.1458 4.88996 2.85367e-18)
(26.0767 4.9049 -4.451e-19)
(26.007 4.92153 0)
(25.9371 4.93971 2.53622e-18)
(25.8674 4.95948 2.0818e-18)
(25.7983 4.98075 2.00313e-18)
(25.7301 5.00324 0)
(25.6631 5.02691 0)
(25.5976 5.05148 0)
(25.5339 5.07687 0)
(25.4722 5.10289 0)
(25.4126 5.12936 2.67731e-18)
(25.3553 5.15629 0)
(25.3006 5.18367 3.33481e-19)
(25.2485 5.21146 -4.7866e-18)
(25.1993 5.23975 0)
(25.153 5.26854 0)
(25.1097 5.29793 3.4622e-18)
(25.0696 5.32792 -3.62136e-18)
(25.0328 5.35844 0)
(24.9994 5.3895 6.40726e-18)
(24.9694 5.42099 -1.50654e-18)
(24.9429 5.45274 3.86973e-18)
(24.9199 5.48462 3.24161e-18)
(24.9005 5.51656 2.32721e-18)
(24.8847 5.54848 0)
(24.8724 5.58026 0)
(24.8636 5.61188 0)
(24.8583 5.6433 0)
(24.8564 5.67453 -6.78837e-18)
(24.8579 5.70538 5.84131e-19)
(24.8626 5.73589 -1.31217e-18)
(24.8704 5.76573 1.58217e-17)
(24.8812 5.79491 -1.62218e-17)
(24.8949 5.82319 1.64893e-17)
(24.9112 5.85061 0)
(24.9301 5.8771 -1.66692e-17)
(24.9512 5.90281 -8.0484e-18)
(24.9744 5.92752 -1.63602e-17)
(24.9994 5.95133 0)
(25.0259 5.97398 -1.78469e-17)
(25.0536 5.99554 0)
(25.0819 6.01601 0)
(25.1106 6.03546 0)
(25.1392 6.05386 0)
(25.1673 6.07117 3.63979e-17)
(25.1946 6.08737 4.93195e-17)
(25.221 6.10249 1.09144e-17)
(25.246 6.11676 0)
(25.2696 6.13035 0)
(25.2917 6.1436 -7.83148e-17)
(25.312 6.1568 3.25745e-17)
(25.3302 6.17006 -1.52161e-16)
(25.3456 6.18329 -7.68982e-17)
(25.3573 6.1968 7.51901e-17)
(25.3642 6.21035 -7.32268e-17)
(25.3657 6.22 0)
(25.3599 6.23154 8.67714e-17)
(25.3538 6.24305 0)
(25.3495 6.25761 0)
(25.353 6.27621 -7.41813e-17)
(25.3716 6.30113 -1.44107e-16)
(25.4122 6.33376 0)
(25.4768 6.37585 0)
(25.5586 6.42675 0)
(25.6461 6.47088 2.17049e-16)
(25.7188 6.52767 -2.15197e-16)
(25.7461 6.61911 1.68085e-16)
(25.7608 6.42222 6.44986e-16)
(26.7605 5.06465 6.92364e-19)
(26.786 5.05936 2.64857e-19)
(26.8041 5.0525 0)
(26.8251 5.04387 2.88936e-19)
(26.8508 5.03247 0)
(26.8817 5.01786 -2.68289e-19)
(26.9181 4.99992 -6.3239e-19)
(26.9596 4.97935 -6.42428e-19)
(27.0055 4.95894 0)
(27.0544 4.94182 -1.7759e-19)
(27.1045 4.93084 1.27909e-18)
(27.154 4.92585 -1.25804e-18)
(27.2017 4.92569 -1.23082e-18)
(27.2476 4.92865 -1.20601e-18)
(27.2928 4.93284 0)
(27.3386 4.93729 0)
(27.3865 4.94059 -9.25933e-19)
(27.4371 4.94119 -3.20421e-18)
(27.4899 4.93736 -2.32822e-18)
(27.542 4.92746 0)
(27.5888 4.91045 2.38449e-18)
(27.6252 4.88651 -3.33055e-19)
(27.6513 4.85719 -2.96766e-19)
(27.6762 4.82618 4.93611e-18)
(27.7171 4.79807 5.14539e-18)
(27.7858 4.77622 0)
(27.8664 4.75944 0)
(27.8876 4.73814 0)
(27.7139 4.69201 3.1866e-19)
(27.1714 4.59294 7.83252e-18)
(26.115 4.41342 6.38612e-19)
(24.5034 4.13867 0)
(22.449 3.7761 -6.66966e-18)
(20.2367 3.3615 6.79616e-18)
(18.3037 2.95825 0)
(17.1391 2.64456 0)
(17.0742 2.48458 1.124e-17)
(18.0601 2.49464 -1.59436e-17)
(19.6681 2.63276 0)
(21.3719 2.83102 1.20945e-17)
(22.8242 3.03403 2.49335e-17)
(23.9139 3.21627 -1.32968e-17)
(24.6759 3.37427 0)
(25.1853 3.5139 -1.34787e-17)
(25.5048 3.63917 -4.48584e-17)
(25.6771 3.75117 0)
(25.7384 3.84889 0)
(25.7267 3.9338 -2.49454e-18)
(25.6802 4.00948 0)
(25.6299 4.08091 0)
(25.5941 4.15215 2.60942e-17)
(25.5793 4.22539 1.21608e-17)
(25.5841 4.30152 0)
(25.604 4.38032 -2.58415e-17)
(25.6341 4.46112 2.28305e-17)
(25.6707 4.54323 0)
(25.7109 4.6258 2.19094e-17)
(25.7529 4.70815 -6.23869e-17)
(25.7948 4.7898 0)
(25.8354 4.87028 0)
(25.8734 4.94924 7.31612e-17)
(25.9078 5.02621 6.0666e-17)
(25.9379 5.10083 1.30191e-16)
(25.9634 5.17288 -1.36808e-16)
(25.9841 5.24185 0)
(25.9997 5.30788 0)
(26.0117 5.36986 0)
(26.013 5.42289 0)
(26.0118 5.46725 -1.72608e-16)
(26.0072 5.51039 1.56666e-16)
(26.0008 5.55374 1.45226e-16)
(25.9929 5.59325 -5.39122e-16)
(25.9843 5.63777 -2.39974e-16)
(25.9727 5.66835 2.14593e-16)
(25.9632 5.72489 -3.79077e-16)
(25.9444 5.72275 3.25341e-16)
(25.9351 5.83709 0)
(25.9037 5.70236 0)
(25.8772 6.06028 -1.90028e-16)
(25.9731 5.45759 4.55011e-16)
(26.7336 5.06728 4.23155e-19)
(26.7056 5.07843 2.31718e-19)
(26.6775 5.08834 -1.70593e-19)
(26.6484 5.09768 0)
(26.6179 5.10635 0)
(26.5856 5.11415 0)
(26.5513 5.12116 3.81888e-19)
(26.5146 5.12743 -3.70937e-19)
(26.4755 5.13294 2.63146e-19)
(26.4338 5.13803 0)
(26.3896 5.14266 -2.33717e-19)
(26.3429 5.14733 -4.37351e-19)
(26.2939 5.15216 1.0929e-18)
(26.2427 5.15751 0)
(26.1897 5.16346 -3.47676e-19)
(26.135 5.17056 -6.93816e-19)
(26.079 5.17882 0)
(26.022 5.1884 0)
(25.9645 5.19951 7.17058e-19)
(25.9066 5.21204 0)
(25.8488 5.22612 0)
(25.7912 5.24166 0)
(25.7344 5.25837 2.66746e-19)
(25.6784 5.27627 -1.51206e-18)
(25.6236 5.29524 -3.13001e-19)
(25.5702 5.31499 -3.0638e-18)
(25.5185 5.3355 3.07812e-18)
(25.4685 5.35656 0)
(25.4206 5.37819 1.80883e-19)
(25.3749 5.40034 3.13061e-19)
(25.3316 5.42292 0)
(25.2908 5.44585 -1.16657e-18)
(25.2527 5.46918 -4.87366e-18)
(25.2173 5.49277 0)
(25.1849 5.51656 0)
(25.1555 5.54057 -2.23678e-18)
(25.1292 5.5647 -6.40771e-18)
(25.106 5.58895 6.42573e-18)
(25.0861 5.61331 0)
(25.0694 5.6378 0)
(25.056 5.66235 6.78077e-18)
(25.0458 5.68695 0)
(25.039 5.71155 -1.27326e-17)
(25.0354 5.73603 -1.5394e-17)
(25.035 5.76039 1.5802e-17)
(25.0378 5.78445 8.47469e-18)
(25.0436 5.80837 0)
(25.0524 5.83204 3.98126e-17)
(25.0639 5.85563 -2.28756e-17)
(25.0781 5.8789 -6.12571e-18)
(25.0946 5.90198 0)
(25.1132 5.92461 -4.08679e-17)
(25.1334 5.94687 0)
(25.155 5.9686 -3.70403e-17)
(25.1775 5.98985 0)
(25.2005 6.0104 0)
(25.2237 6.03025 0)
(25.2467 6.04928 -4.85251e-17)
(25.2693 6.06751 -4.64295e-17)
(25.2911 6.08504 0)
(25.312 6.10195 0)
(25.3317 6.1185 4.13027e-17)
(25.3499 6.13487 -2.71479e-18)
(25.3661 6.15106 7.78057e-17)
(25.3795 6.16691 7.59543e-17)
(25.3891 6.18264 -1.48659e-16)
(25.394 6.19814 7.16007e-17)
(25.3938 6.20972 0)
(25.3865 6.22294 -8.56564e-17)
(25.3803 6.23628 7.84487e-17)
(25.3776 6.25308 0)
(25.3845 6.27441 7.34198e-17)
(25.4079 6.30237 0)
(25.4531 6.33812 0)
(25.5201 6.38316 0)
(25.6013 6.43528 -1.05932e-16)
(25.6849 6.48002 -2.15659e-16)
(25.7506 6.54158 0)
(25.772 6.62255 -1.6735e-16)
(25.7663 6.43573 0)
(26.7543 5.1708 1.48884e-19)
(26.8033 5.13185 -2.49509e-19)
(26.8326 5.0893 0)
(26.8578 5.04926 3.84804e-19)
(26.8849 5.01408 0)
(26.916 4.98723 1.93285e-18)
(26.9519 4.96925 1.94483e-18)
(26.9925 4.9582 6.12169e-19)
(27.0379 4.95179 0)
(27.0873 4.94858 6.17402e-19)
(27.1396 4.94802 -2.49504e-18)
(27.1935 4.94883 1.20393e-18)
(27.2473 4.94905 1.17853e-18)
(27.2997 4.9472 3.56205e-18)
(27.3501 4.94197 0)
(27.3987 4.93363 -2.33861e-18)
(27.4468 4.92304 2.31001e-18)
(27.4958 4.9111 4.51486e-18)
(27.5474 4.89871 2.23875e-18)
(27.602 4.8861 4.45571e-18)
(27.659 4.87332 -2.29349e-18)
(27.7156 4.86018 -4.29777e-18)
(27.7684 4.84669 0)
(27.8152 4.83345 -6.33678e-19)
(27.8594 4.8218 -4.67808e-18)
(27.9117 4.81391 -7.59741e-18)
(27.9897 4.81208 0)
(28.106 4.81643 0)
(28.245 4.82252 0)
(28.3333 4.81706 -1.39567e-17)
(28.2236 4.77671 0)
(27.7225 4.67144 0)
(26.6681 4.47532 7.51187e-18)
(25.0278 4.17915 -7.91876e-18)
(22.9663 3.80213 0)
(20.8446 3.394 0)
(19.1404 3.02834 1.24665e-17)
(18.2896 2.78059 2.43672e-17)
(18.4887 2.69902 0)
(19.561 2.7798 0)
(21.0497 2.96987 -4.98486e-17)
(22.4887 3.20022 3.19353e-19)
(23.6108 3.41791 0)
(24.3656 3.59922 0)
(24.8272 3.74363 3.348e-17)
(25.0951 3.86143 0)
(25.2438 3.96275 0)
(25.3177 4.05363 0)
(25.3439 4.13663 0)
(25.3435 4.21333 0)
(25.3349 4.28552 -4.58864e-17)
(25.3317 4.35518 0)
(25.3415 4.42422 0)
(25.3662 4.49394 6.20266e-18)
(25.4041 4.5649 3.20984e-18)
(25.4516 4.63709 -8.51215e-18)
(25.5051 4.71 5.46724e-18)
(25.5612 4.78298 3.60344e-17)
(25.6176 4.85543 0)
(25.6726 4.92687 5.14814e-17)
(25.7248 4.99708 0)
(25.7733 5.0658 -5.97284e-17)
(25.8172 5.13276 -1.95156e-16)
(25.8557 5.19782 1.34845e-16)
(25.8886 5.26049 1.435e-16)
(25.9154 5.3208 1.45203e-16)
(25.9375 5.37757 0)
(25.9466 5.42661 8.7896e-17)
(25.9519 5.4676 0)
(25.9536 5.50781 3.61931e-19)
(25.9527 5.54832 -1.43287e-16)
(25.9497 5.58566 2.62807e-16)
(25.9456 5.62798 2.37071e-16)
(25.9385 5.65778 -2.12118e-16)
(25.933 5.71223 0)
(25.9192 5.71155 -1.06265e-17)
(25.9138 5.82332 0)
(25.8879 5.69312 0)
(25.864 6.04798 -8.89586e-17)
(25.962 5.44978 0)
(26.7093 5.20046 -2.25878e-19)
(26.666 5.22748 -8.18087e-19)
(26.6256 5.25058 -5.92568e-19)
(26.5872 5.27087 0)
(26.5505 5.28851 0)
(26.515 5.30396 0)
(26.4804 5.31742 -3.55166e-19)
(26.4462 5.32928 1.44797e-18)
(26.4121 5.33963 0)
(26.3777 5.34858 0)
(26.3427 5.3564 0)
(26.3068 5.36324 0)
(26.27 5.36903 3.8275e-19)
(26.232 5.37399 2.01449e-18)
(26.1928 5.37824 0)
(26.1523 5.38211 2.60563e-18)
(26.1107 5.3855 0)
(26.068 5.38892 0)
(26.0243 5.39244 -6.71482e-19)
(25.9798 5.39638 0)
(25.9347 5.40095 0)
(25.8892 5.40641 0)
(25.8437 5.41263 0)
(25.7981 5.41997 1.42574e-18)
(25.7529 5.42827 0)
(25.7082 5.43757 -5.10218e-19)
(25.6642 5.44791 -2.91615e-18)
(25.6212 5.45911 0)
(25.5793 5.47111 0)
(25.5386 5.4839 -6.28058e-18)
(25.4995 5.49731 0)
(25.4618 5.51127 -5.9794e-18)
(25.426 5.52578 6.0446e-18)
(25.392 5.54064 1.13405e-17)
(25.3601 5.55589 -1.10264e-17)
(25.3302 5.57153 0)
(25.3026 5.58748 -4.2454e-18)
(25.2773 5.60378 -6.20314e-18)
(25.2545 5.62049 9.83894e-18)
(25.2342 5.63763 0)
(25.2166 5.6552 0)
(25.2017 5.67323 0)
(25.1896 5.69172 -5.0755e-18)
(25.1803 5.71064 0)
(25.174 5.72997 1.63377e-17)
(25.1705 5.74962 7.6145e-18)
(25.1699 5.76973 0)
(25.1721 5.79026 -2.29786e-17)
(25.1771 5.81132 2.23602e-17)
(25.1847 5.83277 4.83915e-17)
(25.1947 5.85466 -2.54323e-17)
(25.2069 5.87683 4.00414e-17)
(25.2209 5.89925 -4.55426e-17)
(25.2365 5.92176 3.63376e-17)
(25.2532 5.94427 -4.01376e-17)
(25.2709 5.96658 0)
(25.2891 5.98859 0)
(25.3075 6.01019 0)
(25.326 6.03131 0)
(25.3441 6.05196 0)
(25.3617 6.07214 0)
(25.3785 6.09202 0)
(25.394 6.11166 4.21253e-17)
(25.4076 6.13089 0)
(25.4185 6.14948 0)
(25.4256 6.16783 1.46123e-16)
(25.4281 6.18584 -7.07676e-17)
(25.4263 6.19976 4.13276e-17)
(25.4178 6.21496 0)
(25.412 6.23054 -3.99883e-18)
(25.4114 6.24993 0)
(25.4222 6.27425 6.5024e-17)
(25.4501 6.30534 0)
(25.4991 6.34408 0)
(25.5676 6.39163 0)
(25.6471 6.44468 1.05116e-16)
(25.7256 6.4902 0)
(25.7836 6.5553 -1.709e-16)
(25.7978 6.62731 1.48053e-16)
(25.77 6.45056 2.70468e-16)
(26.9308 5.16441 1.14206e-19)
(27.0004 5.14524 0)
(27.0378 5.12309 0)
(27.0647 5.09385 -6.30627e-19)
(27.0895 5.0624 0)
(27.1157 5.03481 -1.28572e-18)
(27.1448 5.01462 -1.28367e-18)
(27.1771 5.00179 0)
(27.2129 4.99447 0)
(27.2517 4.991 1.37836e-18)
(27.2933 4.99035 1.21491e-18)
(27.3368 4.99124 0)
(27.3815 4.99181 0)
(27.4261 4.99021 -4.90982e-18)
(27.4698 4.98519 -2.58356e-18)
(27.5116 4.97641 2.23145e-18)
(27.5516 4.96489 3.27869e-19)
(27.5905 4.95187 -2.18214e-18)
(27.6295 4.93907 0)
(27.6702 4.92765 -9.13167e-18)
(27.7137 4.91849 0)
(27.7603 4.91188 8.78105e-18)
(27.8092 4.90759 4.54812e-18)
(27.8584 4.9054 -3.89969e-18)
(27.9062 4.90496 0)
(27.9525 4.90619 1.54428e-17)
(28.0021 4.90959 0)
(28.0677 4.916 -7.47764e-18)
(28.1694 4.92641 0)
(28.3226 4.93997 -7.98947e-19)
(28.5098 4.95098 0)
(28.6452 4.94503 0)
(28.5603 4.89811 0)
(28.045 4.78086 1.07457e-17)
(26.9466 4.57067 -1.03103e-17)
(25.2736 4.26452 0)
(23.2451 3.88934 -2.03811e-17)
(21.2579 3.50135 0)
(19.7809 3.17604 0)
(19.1855 2.98386 0)
(19.5641 2.96165 2.39478e-17)
(20.6565 3.09172 4.54087e-18)
(22.0008 3.31252 1.54942e-17)
(23.1958 3.55296 -1.27901e-17)
(24.0505 3.76345 1.0227e-17)
(24.5664 3.92525 0)
(24.8394 4.04377 0)
(24.9747 4.13476 -7.88719e-18)
(25.0457 4.21327 0)
(25.0908 4.28838 -1.39594e-18)
(25.1262 4.36299 2.00427e-17)
(25.1583 4.43688 8.17064e-18)
(25.1909 4.5089 0)
(25.227 4.57878 0)
(25.2694 4.64688 1.83677e-17)
(25.3193 4.71411 8.33238e-18)
(25.376 4.78109 -2.63973e-17)
(25.4375 4.84791 -3.53403e-17)
(25.5008 4.91416 0)
(25.5632 4.97933 -5.05697e-17)
(25.623 5.04305 -7.38722e-17)
(25.6788 5.1051 0)
(25.7299 5.16543 1.43323e-16)
(25.7757 5.22412 0)
(25.8156 5.2809 1.42438e-17)
(25.8492 5.33584 -1.43126e-16)
(25.8776 5.38747 0)
(25.8916 5.43222 -8.64446e-17)
(25.9006 5.46937 -8.3231e-17)
(25.9065 5.50638 -3.0594e-16)
(25.9092 5.54402 0)
(25.9095 5.57928 0)
(25.9086 5.61958 0)
(25.9046 5.64869 -1.96462e-16)
(25.9022 5.70124 0)
(25.8923 5.70195 -3.0786e-16)
(25.8904 5.81138 0)
(25.8699 5.68538 0)
(25.849 6.0371 8.80729e-17)
(25.9487 5.44368 -4.0465e-16)
(26.8665 5.18173 3.57635e-19)
(26.8044 5.19507 5.82863e-19)
(26.7457 5.20472 -1.45149e-19)
(26.6894 5.21418 0)
(26.6358 5.22258 7.25354e-19)
(26.5846 5.23046 0)
(26.5356 5.23806 -7.29866e-19)
(26.4888 5.24566 -3.40674e-19)
(26.4437 5.25327 0)
(26.4001 5.26093 0)
(26.3579 5.26879 1.46296e-18)
(26.3167 5.27677 -1.46002e-18)
(26.2762 5.28479 -9.92861e-19)
(26.2363 5.29274 -3.40482e-18)
(26.1968 5.30065 -2.8781e-18)
(26.1576 5.30838 -1.9006e-18)
(26.1184 5.31583 2.83511e-18)
(26.0793 5.32315 0)
(26.0403 5.33022 0)
(26.0012 5.33727 0)
(25.9622 5.34435 0)
(25.9234 5.35168 -5.37081e-18)
(25.8848 5.35933 0)
(25.8465 5.36756 5.21564e-18)
(25.8087 5.37648 0)
(25.7714 5.38622 3.30097e-18)
(25.7349 5.39698 -4.93187e-18)
(25.6993 5.40868 0)
(25.6646 5.42135 9.40985e-18)
(25.631 5.43502 6.08327e-18)
(25.5986 5.4495 0)
(25.5675 5.4647 5.79347e-18)
(25.5377 5.48054 0)
(25.5092 5.49673 -2.96947e-18)
(25.4823 5.51326 1.06919e-17)
(25.4569 5.53001 0)
(25.4331 5.54679 -4.06824e-18)
(25.4108 5.56364 0)
(25.3904 5.58051 3.39909e-18)
(25.3716 5.59746 -1.23672e-17)
(25.3548 5.61449 0)
(25.3398 5.6317 0)
(25.3269 5.64909 1.69904e-17)
(25.3161 5.66679 0)
(25.3076 5.68479 -1.5929e-17)
(25.3012 5.70319 -3.07848e-17)
(25.2972 5.72213 0)
(25.2954 5.74173 0)
(25.296 5.76205 0)
(25.2987 5.78308 -2.61461e-17)
(25.3035 5.80487 2.48884e-17)
(25.3102 5.82735 -2.6158e-17)
(25.3186 5.85043 4.46227e-17)
(25.3285 5.87398 0)
(25.3397 5.89786 3.93725e-17)
(25.3519 5.92192 0)
(25.3649 5.94604 -3.65428e-17)
(25.3783 5.97015 -3.36914e-17)
(25.3922 5.99409 0)
(25.4061 6.01784 2.84154e-17)
(25.4198 6.04129 0)
(25.433 6.06453 0)
(25.4452 6.08745 0)
(25.4556 6.10982 0)
(25.4632 6.13144 0)
(25.4672 6.15285 -7.17519e-17)
(25.4671 6.17369 6.51484e-17)
(25.4638 6.19028 -4.07042e-17)
(25.4545 6.2077 0)
(25.4496 6.22583 -7.25123e-17)
(25.4516 6.24808 0)
(25.4662 6.27558 -6.42804e-17)
(25.4984 6.30976 -5.53516e-17)
(25.5506 6.35115 0)
(25.6194 6.40086 0)
(25.696 6.45475 -8.86413e-17)
(25.7687 6.50121 0)
(25.8182 6.56882 3.23153e-16)
(25.823 6.63295 -1.47352e-16)
(25.7747 6.46738 -2.68946e-16)
(27.2414 5.102 -3.07064e-19)
(27.3085 5.09578 0)
(27.3427 5.09049 7.53831e-19)
(27.3664 5.08057 7.46229e-19)
(27.387 5.06771 0)
(27.4072 5.05523 -7.30299e-19)
(27.428 5.04558 7.20471e-19)
(27.45 5.03866 0)
(27.4735 5.03289 0)
(27.4985 5.02731 -1.32512e-18)
(27.5251 5.02193 -1.35374e-18)
(27.5531 5.01707 1.33324e-18)
(27.5821 5.01255 -1.31223e-18)
(27.6119 5.00769 3.80345e-18)
(27.6419 5.00181 -6.1255e-20)
(27.6715 4.9945 0)
(27.7001 4.98607 -2.4321e-18)
(27.7276 4.97725 0)
(27.7542 4.96905 -2.36926e-18)
(27.7808 4.9625 4.67944e-18)
(27.8085 4.95845 0)
(27.8384 4.95739 -4.48523e-18)
(27.8713 4.95938 -4.36247e-18)
(27.9071 4.96424 4.08866e-18)
(27.945 4.97153 0)
(27.984 4.98058 -7.84245e-18)
(28.023 4.99083 0)
(28.0625 5.00194 7.16818e-18)
(28.1091 5.01405 6.54541e-18)
(28.1791 5.02812 6.48222e-18)
(28.2982 5.04544 0)
(28.4835 5.06553 0)
(28.7087 5.08263 5.27798e-18)
(28.867 5.08123 -1.04607e-17)
(28.7692 5.03569 1.91544e-17)
(28.2058 4.91611 -8.71635e-18)
(27.0534 4.70164 1.72352e-17)
(25.3631 4.39371 7.93343e-18)
(23.3886 4.02533 7.71534e-18)
(21.5395 3.65899 0)
(20.2637 3.37277 0)
(19.8706 3.23268 1.67854e-17)
(20.3638 3.26217 -1.52258e-17)
(21.4263 3.42818 3.72647e-18)
(22.617 3.66156 -1.71583e-17)
(23.6049 3.89373 4.40915e-18)
(24.2633 4.08258 4.59723e-18)
(24.6249 4.21686 7.75286e-18)
(24.7915 4.30739 0)
(24.8638 4.37368 -4.43083e-18)
(24.9095 4.43309 0)
(24.9598 4.49537 -7.99675e-18)
(25.0208 4.56244 0)
(25.0877 4.63211 0)
(25.1547 4.70115 -5.58758e-17)
(25.2198 4.7677 3.7659e-17)
(25.2838 4.83165 0)
(25.3488 4.89385 4.15973e-17)
(25.4152 4.95509 0)
(25.4818 5.01562 -8.67144e-17)
(25.5464 5.07514 7.25693e-17)
(25.607 5.13317 0)
(25.6622 5.18933 -1.61649e-16)
(25.7116 5.24366 0)
(25.7549 5.29613 -1.53202e-16)
(25.7919 5.34712 -7.83315e-17)
(25.8238 5.39472 0)
(25.8411 5.43586 8.74415e-17)
(25.8519 5.46959 8.18644e-17)
(25.8604 5.50387 4.91948e-18)
(25.8657 5.53922 1.31444e-16)
(25.8684 5.5729 1.17047e-16)
(25.8697 5.61161 1.02702e-16)
(25.8683 5.64035 1.50621e-17)
(25.8683 5.69148 -1.51114e-16)
(25.8622 5.69377 0)
(25.8636 5.80127 0)
(25.8486 5.67936 0)
(25.8315 6.02779 6.84688e-17)
(25.9326 5.43997 4.01033e-16)
(27.1757 5.10862 4.26992e-19)
(27.1101 5.11491 -3.88941e-19)
(27.0458 5.11954 3.09577e-19)
(26.9824 5.12469 7.84072e-19)
(26.9203 5.12953 -7.06178e-19)
(26.8596 5.13427 7.88747e-19)
(26.8005 5.13899 7.10965e-19)
(26.7431 5.14376 -7.12555e-19)
(26.6873 5.14872 0)
(26.6332 5.15386 0)
(26.5806 5.15934 1.57858e-19)
(26.5295 5.16522 1.42226e-18)
(26.4798 5.1715 0)
(26.4314 5.17816 1.41035e-18)
(26.384 5.18518 1.24106e-18)
(26.3377 5.19245 0)
(26.2923 5.19991 -5.84531e-18)
(26.2477 5.2075 0)
(26.2039 5.2151 0)
(26.1607 5.22271 0)
(26.1183 5.23029 0)
(26.0765 5.23789 2.29264e-18)
(26.0354 5.24563 0)
(25.9952 5.25359 -5.07647e-18)
(25.9558 5.262 0)
(25.9173 5.27101 0)
(25.8798 5.28089 1.02508e-17)
(25.8435 5.29179 0)
(25.8084 5.3039 -9.15758e-18)
(25.7746 5.31735 0)
(25.7422 5.33217 0)
(25.7112 5.34839 0)
(25.6818 5.36591 0)
(25.6539 5.38462 -7.80832e-18)
(25.6276 5.40434 0)
(25.6029 5.4249 0)
(25.5797 5.44601 1.38058e-17)
(25.5581 5.46756 0)
(25.5381 5.48932 -1.26173e-17)
(25.5196 5.51117 1.20455e-17)
(25.5028 5.533 0)
(25.4874 5.55479 0)
(25.4737 5.57642 0)
(25.4617 5.598 -2.2131e-17)
(25.4513 5.61948 0)
(25.4426 5.64105 -1.95646e-17)
(25.4356 5.66272 0)
(25.4304 5.68469 0)
(25.427 5.70706 0)
(25.4253 5.72996 3.02117e-17)
(25.4252 5.75347 0)
(25.4267 5.77759 -7.35806e-19)
(25.4296 5.8023 0)
(25.4339 5.82752 -2.27584e-17)
(25.4393 5.85322 0)
(25.4457 5.87932 -3.89217e-17)
(25.4531 5.90572 3.58588e-17)
(25.4612 5.93237 6.59648e-17)
(25.4698 5.95907 -3.009e-17)
(25.4788 5.98579 -4.3507e-19)
(25.488 6.01233 0)
(25.4968 6.03871 0)
(25.5047 6.06471 4.16438e-17)
(25.5109 6.09009 0)
(25.5144 6.11475 0)
(25.5147 6.13911 0)
(25.5119 6.16267 -6.43084e-17)
(25.5071 6.18202 0)
(25.4975 6.20181 0)
(25.4939 6.22269 0)
(25.4987 6.24801 0)
(25.5172 6.27867 0)
(25.5533 6.31561 5.47299e-17)
(25.6075 6.35947 4.52612e-17)
(25.6755 6.41115 0)
(25.7484 6.46569 8.78929e-17)
(25.8145 6.51317 0)
(25.8546 6.5824 -1.52308e-16)
(25.8484 6.63953 -1.18982e-16)
(25.7806 6.48673 -2.24405e-16)
(27.4774 5.03097 4.7435e-20)
(27.5252 5.02847 -4.14297e-19)
(27.5473 5.02876 -1.13499e-18)
(27.562 5.02952 -1.5232e-18)
(27.5745 5.02966 -7.90227e-19)
(27.586 5.0302 7.02969e-19)
(27.5973 5.0326 -1.45273e-18)
(27.6085 5.03633 -7.43206e-19)
(27.62 5.03938 -7.27114e-19)
(27.6318 5.04036 -1.42434e-18)
(27.6441 5.03919 1.30087e-18)
(27.657 5.03658 -1.28071e-18)
(27.6706 5.03323 1.26024e-18)
(27.6851 5.02952 -1.24063e-18)
(27.7003 5.02558 2.44106e-18)
(27.7164 5.02147 1.25979e-18)
(27.733 5.01748 -2.46033e-18)
(27.7499 5.014 0)
(27.767 5.01149 2.27157e-18)
(27.7843 5.01045 2.26282e-18)
(27.8023 5.01139 0)
(27.8216 5.0146 0)
(27.8431 5.02022 0)
(27.8675 5.02823 -3.9154e-18)
(27.8951 5.03843 3.70945e-18)
(27.9256 5.05041 0)
(27.9587 5.06373 0)
(27.993 5.07785 -3.19295e-18)
(28.0275 5.09235 -9.29261e-18)
(28.0632 5.10711 5.73524e-18)
(28.1097 5.12289 0)
(28.1894 5.14154 5.12112e-18)
(28.3325 5.16543 -9.90585e-18)
(28.5522 5.19439 0)
(28.805 5.22149 -9.01214e-18)
(28.9626 5.22879 8.40894e-18)
(28.8286 5.18826 -1.49977e-17)
(28.2119 5.06978 -7.24795e-18)
(27.0231 4.85488 -1.2927e-17)
(25.3458 4.5497 5.7529e-18)
(23.4515 4.19261 0)
(21.7474 3.85052 5.01e-18)
(20.6498 3.60127 0)
(20.4026 3.50279 8.74847e-18)
(20.9394 3.56444 6.72102e-18)
(21.9244 3.74301 -4.49922e-18)
(22.9622 3.96953 -7.08513e-18)
(23.7879 4.18323 0)
(24.3167 4.34986 0)
(24.5922 4.46282 5.69067e-18)
(24.7106 4.53474 -6.7242e-18)
(24.7645 4.58582 -9.25191e-18)
(24.8144 4.6336 -1.16183e-17)
(24.8844 4.68745 -1.37503e-17)
(24.9728 4.74841 4.97208e-17)
(25.0673 4.8127 -2.5352e-18)
(25.1574 4.87591 -3.68911e-17)
(25.2391 4.93555 -4.0754e-17)
(25.314 4.99165 0)
(25.3852 5.04553 8.50299e-17)
(25.4543 5.09858 0)
(25.5205 5.15131 8.12066e-17)
(25.5819 5.20341 8.3962e-17)
(25.6369 5.25439 -7.74229e-17)
(25.685 5.30388 0)
(25.7258 5.3523 1.48195e-16)
(25.7611 5.39723 6.73403e-17)
(25.7821 5.43584 -8.58479e-17)
(25.7949 5.4671 7.05378e-17)
(25.8061 5.49942 2.07366e-16)
(25.8145 5.53339 -1.57212e-17)
(25.82 5.56618 -2.1582e-16)
(25.8241 5.60388 -1.37248e-17)
(25.8256 5.63275 1.00831e-16)
(25.8286 5.68301 2.76149e-16)
(25.8263 5.68719 0)
(25.8316 5.79311 0)
(25.8224 5.67557 0)
(25.8103 6.02028 -1.67125e-17)
(25.9123 5.43976 0)
(27.4271 5.03365 -7.46111e-19)
(27.3747 5.03626 3.74981e-19)
(27.3209 5.03835 3.76664e-19)
(27.2657 5.0409 -7.56497e-19)
(27.2097 5.04369 -4.17313e-19)
(27.1531 5.04678 6.942e-20)
(27.0963 5.0502 -8.26466e-19)
(27.0396 5.05398 8.21257e-19)
(26.9833 5.05811 0)
(26.9275 5.06261 0)
(26.8724 5.06758 -1.53121e-18)
(26.8181 5.07304 0)
(26.7647 5.07901 1.57053e-18)
(26.7123 5.08553 1.55289e-18)
(26.6608 5.09258 3.04596e-18)
(26.6102 5.10017 1.5137e-18)
(26.5605 5.10823 1.49411e-18)
(26.5117 5.1167 0)
(26.4637 5.12546 0)
(26.4166 5.13442 -2.84647e-18)
(26.3702 5.14345 0)
(26.3246 5.15247 5.59147e-18)
(26.2799 5.16142 0)
(26.2359 5.17029 -2.64713e-18)
(26.1928 5.17908 0)
(26.1506 5.18797 -5.09296e-18)
(26.1094 5.19709 -5.2838e-18)
(26.0692 5.20664 0)
(26.0302 5.21689 0)
(25.9924 5.2281 0)
(25.956 5.2405 0)
(25.9209 5.25436 0)
(25.8874 5.26974 0)
(25.8554 5.28682 -8.45051e-18)
(25.8251 5.30557 0)
(25.7964 5.32594 0)
(25.7694 5.34779 0)
(25.7441 5.37095 0)
(25.7205 5.39518 0)
(25.6986 5.42025 0)
(25.6783 5.44594 0)
(25.6597 5.47201 0)
(25.6427 5.49822 1.13199e-17)
(25.6272 5.52449 4.28511e-17)
(25.6133 5.55063 0)
(25.6009 5.57669 1.90562e-17)
(25.5901 5.60257 0)
(25.5806 5.62841 0)
(25.5727 5.65431 0)
(25.5661 5.6804 -1.52946e-17)
(25.5608 5.70674 0)
(25.5568 5.73339 2.57263e-17)
(25.5541 5.76041 0)
(25.5524 5.78782 1.30739e-18)
(25.5518 5.81565 0)
(25.5523 5.84389 5.59074e-17)
(25.5537 5.87248 -3.26383e-17)
(25.5559 5.90141 -3.22481e-17)
(25.5589 5.93048 2.95247e-17)
(25.5625 5.95967 -2.14224e-18)
(25.5664 5.98873 2.25796e-17)
(25.5701 6.01766 2.05039e-17)
(25.573 6.04614 -4.09682e-17)
(25.5742 6.07402 0)
(25.573 6.10119 0)
(25.5692 6.128 0)
(25.5637 6.15405 -2.57999e-17)
(25.5577 6.17621 0)
(25.5481 6.19827 0)
(25.5461 6.22193 -2.54321e-17)
(25.554 6.25018 0)
(25.5764 6.28361 0)
(25.6156 6.32315 -4.05819e-17)
(25.6708 6.36931 -8.244e-17)
(25.7369 6.4226 0)
(25.8051 6.47762 0)
(25.8636 6.52614 0)
(25.8934 6.59607 0)
(25.8748 6.64731 1.67863e-16)
(25.7881 6.50939 4.19027e-16)
(27.5854 4.99631 -8.79194e-20)
(27.6079 5.00558 3.92971e-19)
(27.6197 5.01568 8.4014e-20)
(27.6275 5.02995 7.61765e-19)
(27.6333 5.04547 4.54435e-19)
(27.6377 5.06079 0)
(27.6411 5.07628 7.18046e-19)
(27.6435 5.09147 7.02423e-19)
(27.6453 5.10441 6.87068e-19)
(27.6465 5.11398 1.34542e-18)
(27.6474 5.11997 0)
(27.6481 5.12303 0)
(27.6489 5.12411 0)
(27.6502 5.12405 0)
(27.6521 5.12335 0)
(27.655 5.12255 -1.18976e-18)
(27.659 5.12214 1.37887e-18)
(27.6644 5.12252 0)
(27.671 5.12401 0)
(27.679 5.12689 -2.13826e-18)
(27.6883 5.13133 0)
(27.6992 5.13736 -1.65289e-18)
(27.712 5.14496 0)
(27.7273 5.1541 0)
(27.7457 5.16462 -3.5108e-18)
(27.7675 5.17634 -2.83197e-18)
(27.7928 5.18908 0)
(27.8216 5.20263 3.02572e-18)
(27.8531 5.21669 2.86982e-18)
(27.8857 5.23101 -7.79052e-18)
(27.9179 5.24547 0)
(27.9525 5.26051 -4.87153e-18)
(28.0037 5.27776 4.59595e-18)
(28.0992 5.3002 3.78799e-18)
(28.2688 5.33084 0)
(28.5146 5.36908 0)
(28.7759 5.40605 9.99123e-18)
(28.9138 5.42148 0)
(28.7406 5.38597 5.73148e-18)
(28.0917 5.26986 -5.17194e-18)
(26.9067 5.05666 0)
(25.2878 4.75531 -4.20447e-18)
(23.5082 4.40713 0)
(21.9546 4.08063 0)
(20.9968 3.85118 6.01103e-18)
(20.8193 3.76981 0)
(21.3214 3.83841 6.61815e-18)
(22.1893 4.01208 3.2197e-18)
(23.085 4.22641 0)
(23.7912 4.42592 -1.33592e-18)
(24.2408 4.57878 7.53346e-18)
(24.4741 4.67819 9.06596e-18)
(24.5779 4.73616 8.46611e-18)
(24.6371 4.77333 1.34103e-17)
(24.7065 4.80856 -8.59706e-18)
(24.8044 4.85227 -3.36571e-17)
(24.9225 4.9055 3.61762e-17)
(25.0432 4.96357 0)
(25.153 5.02098 0)
(25.2476 5.07455 0)
(25.3298 5.12424 2.78459e-17)
(25.4039 5.17151 -1.08155e-16)
(25.4726 5.21794 0)
(25.5356 5.26414 7.60216e-17)
(25.5916 5.31 0)
(25.6396 5.35586 -6.9908e-17)
(25.6808 5.39857 -6.6229e-17)
(25.7074 5.43532 2.91433e-17)
(25.7236 5.46481 -1.22352e-16)
(25.7387 5.49577 -6.25462e-17)
(25.7514 5.52886 -1.11821e-16)
(25.7612 5.56116 9.89346e-17)
(25.7693 5.59827 -8.62561e-17)
(25.7748 5.6275 1.75959e-17)
(25.7817 5.67718 -1.72875e-16)
(25.7842 5.68326 0)
(25.7939 5.78784 0)
(25.7911 5.67488 0)
(25.785 6.0151 -5.0443e-17)
(25.8872 5.44472 0)
(27.5594 4.99032 1.55043e-19)
(27.5303 4.98546 0)
(27.498 4.98226 3.08695e-19)
(27.4627 4.98044 0)
(27.4246 4.97998 9.30612e-20)
(27.3841 4.98054 -7.94615e-19)
(27.3414 4.98219 1.0922e-18)
(27.297 4.98467 -7.86143e-19)
(27.251 4.98794 0)
(27.2039 4.99189 0)
(27.1559 4.99655 0)
(27.1072 5.00185 0)
(27.0582 5.00783 -1.50678e-18)
(27.009 5.01451 -9.29312e-19)
(26.9597 5.02192 -2.5796e-18)
(26.9106 5.03008 -1.4537e-18)
(26.8616 5.03897 2.50891e-18)
(26.813 5.04857 0)
(26.7647 5.05889 1.0406e-18)
(26.7167 5.06977 3.75953e-18)
(26.6692 5.08119 0)
(26.6222 5.09287 -2.64384e-18)
(26.5756 5.10479 1.92782e-18)
(26.5295 5.11683 4.4368e-18)
(26.4841 5.12873 0)
(26.4392 5.14052 6.71577e-18)
(26.395 5.15213 1.77163e-18)
(26.3515 5.16362 0)
(26.3087 5.17503 0)
(26.2669 5.18661 0)
(26.2259 5.19851 3.26357e-18)
(26.186 5.21104 3.1988e-18)
(26.1472 5.22441 0)
(26.1097 5.23898 1.42974e-17)
(26.0734 5.25489 0)
(26.0386 5.27237 0)
(26.0052 5.29151 0)
(25.9735 5.31241 0)
(25.9433 5.33496 -5.36714e-18)
(25.9148 5.35905 0)
(25.888 5.38458 -9.95856e-18)
(25.8629 5.41126 0)
(25.8394 5.43886 -1.0977e-17)
(25.8177 5.46715 -2.93215e-17)
(25.7975 5.49586 8.17709e-18)
(25.7789 5.52485 0)
(25.7619 5.55392 0)
(25.7462 5.58307 1.35867e-17)
(25.732 5.61221 0)
(25.7191 5.64136 -1.38177e-17)
(25.7074 5.67055 0)
(25.6969 5.69981 0)
(25.6876 5.72922 0)
(25.6794 5.7588 3.79524e-17)
(25.6723 5.78863 0)
(25.6663 5.81876 -1.73952e-17)
(25.6614 5.84918 3.19375e-17)
(25.6575 5.8799 0)
(25.6546 5.91076 0)
(25.6524 5.94172 -4.50122e-17)
(25.6506 5.97254 -2.21584e-17)
(25.6487 6.00319 -3.18607e-18)
(25.6459 6.03332 -1.53188e-17)
(25.6416 6.06288 0)
(25.6352 6.09179 0)
(25.6273 6.12042 2.27698e-17)
(25.6191 6.14866 2.54282e-17)
(25.6122 6.17335 0)
(25.6032 6.19748 1.09108e-17)
(25.6035 6.22366 2.50416e-17)
(25.6148 6.25451 0)
(25.6407 6.29059 1.7008e-17)
(25.6822 6.33259 4.00734e-17)
(25.7376 6.38075 8.14729e-18)
(25.8012 6.43531 0)
(25.8642 6.49072 0)
(25.9147 6.54003 -2.42632e-17)
(25.9333 6.60954 0)
(25.9022 6.65637 -4.92272e-17)
(25.7982 6.53625 -1.13655e-16)
(27.5378 5.12145 -2.14328e-19)
(27.5383 5.12132 7.43277e-20)
(27.5415 5.12143 2.08975e-19)
(27.5443 5.1241 0)
(27.5459 5.1275 4.21294e-19)
(27.5459 5.13122 0)
(27.5445 5.13621 -1.44693e-19)
(27.5417 5.14269 -1.43443e-19)
(27.5378 5.14935 2.84579e-19)
(27.5328 5.1553 2.82596e-19)
(27.5269 5.16011 0)
(27.5205 5.16403 0)
(27.5137 5.16754 0)
(27.5068 5.17101 0)
(27.5002 5.17458 -2.7517e-19)
(27.4942 5.17854 5.46124e-19)
(27.4892 5.18315 8.88137e-19)
(27.4855 5.18862 0)
(27.4834 5.19513 0)
(27.483 5.2029 0)
(27.4846 5.21197 -5.09609e-19)
(27.4881 5.2223 1.55598e-18)
(27.4938 5.23381 0)
(27.502 5.2464 -9.50659e-19)
(27.5129 5.25995 -9.24987e-19)
(27.527 5.27429 3.56952e-18)
(27.5447 5.28942 -8.71432e-19)
(27.5662 5.30518 0)
(27.5917 5.32158 0)
(27.6212 5.3385 3.79515e-18)
(27.6532 5.35589 0)
(27.6856 5.37354 0)
(27.7175 5.39158 0)
(27.7547 5.41092 -3.59926e-18)
(27.8155 5.43398 0)
(27.9292 5.46435 -2.38132e-18)
(28.1196 5.50496 -7.15205e-19)
(28.3768 5.55402 0)
(28.6296 5.60071 0)
(28.7411 5.62284 0)
(28.542 5.59026 0)
(27.8932 5.47371 -2.69316e-18)
(26.7557 5.25783 0)
(25.2375 4.95312 0)
(23.5971 4.60215 -6.90164e-18)
(22.1863 4.27372 -1.64869e-18)
(21.3276 4.04197 -3.83477e-18)
(21.1702 3.95607 -3.09255e-18)
(21.6159 4.01842 2.10813e-18)
(22.3889 4.18793 1.36339e-18)
(23.1939 4.40393 -8.9157e-19)
(23.8346 4.61156 -1.56029e-18)
(24.243 4.77552 4.2863e-18)
(24.4497 4.88418 0)
(24.5346 4.94566 -4.44219e-18)
(24.5807 4.97932 -1.20082e-18)
(24.644 5.0051 0)
(24.7428 5.03537 0)
(24.8671 5.07335 2.41178e-18)
(24.9963 5.11593 0)
(25.1143 5.15906 -2.72814e-17)
(25.2156 5.20029 2.79455e-17)
(25.3023 5.23986 -1.21972e-17)
(25.3788 5.27894 0)
(25.4473 5.31852 0)
(25.5078 5.35979 0)
(25.5607 5.39968 1.37466e-17)
(25.598 5.43484 -2.85612e-17)
(25.6224 5.46344 5.20953e-17)
(25.645 5.49349 0)
(25.6657 5.52603 2.49652e-17)
(25.6831 5.55826 0)
(25.6983 5.59496 0)
(25.7107 5.6247 5.62378e-17)
(25.7237 5.67385 1.79544e-17)
(25.7327 5.68184 0)
(25.7487 5.78475 1.76362e-17)
(25.7521 5.67713 0)
(25.757 6.01044 3.46696e-18)
(25.8482 5.45554 5.72405e-17)
(27.5345 5.12197 -7.08423e-20)
(27.5284 5.11977 0)
(27.5189 5.11827 -2.87265e-19)
(27.5061 5.11679 -7.13973e-20)
(27.4899 5.11547 2.84632e-19)
(27.4706 5.11439 0)
(27.4482 5.11361 -2.80992e-19)
(27.4228 5.11311 0)
(27.3946 5.11297 0)
(27.364 5.11321 0)
(27.331 5.11383 -1.33669e-19)
(27.296 5.11489 0)
(27.2592 5.11642 0)
(27.2209 5.11851 -5.25687e-19)
(27.1812 5.12119 7.81045e-19)
(27.1404 5.12457 -2.54739e-19)
(27.0987 5.12864 -7.58381e-19)
(27.0563 5.13352 0)
(27.0132 5.13929 -9.79606e-19)
(26.9697 5.14588 -9.63265e-19)
(26.9258 5.1534 0)
(26.8817 5.16167 0)
(26.8375 5.17071 -1.82189e-18)
(26.7931 5.18046 -1.78618e-18)
(26.7488 5.19062 -8.97444e-19)
(26.7046 5.20117 -1.71531e-18)
(26.6605 5.21189 -2.54616e-18)
(26.6167 5.2227 0)
(26.5732 5.23344 0)
(26.5301 5.24414 0)
(26.4875 5.25479 -3.10816e-18)
(26.4455 5.26544 -1.44583e-18)
(26.4041 5.2763 0)
(26.3634 5.28755 -4.2882e-18)
(26.3236 5.29941 0)
(26.2847 5.31216 0)
(26.2468 5.32605 1.53904e-18)
(26.2102 5.34138 0)
(26.1748 5.35819 5.15233e-18)
(26.1407 5.37668 0)
(26.1081 5.39687 1.25098e-17)
(26.0769 5.41871 0)
(26.0473 5.44206 0)
(26.0193 5.4668 2.91048e-18)
(25.9928 5.49272 -7.89598e-18)
(25.9679 5.51959 0)
(25.9444 5.54721 0)
(25.9224 5.57539 -1.3158e-17)
(25.9018 5.60398 0)
(25.8825 5.63287 4.05521e-18)
(25.8644 5.66199 7.60131e-18)
(25.8476 5.69132 0)
(25.8319 5.72083 -6.60727e-18)
(25.8174 5.75053 -1.70368e-17)
(25.8041 5.78053 0)
(25.792 5.81085 5.22287e-18)
(25.781 5.84151 0)
(25.7711 5.87251 0)
(25.7622 5.90372 -7.98117e-18)
(25.7541 5.93511 2.021e-17)
(25.7463 5.96642 -6.55547e-18)
(25.7384 5.9976 -1.66267e-17)
(25.7297 6.02833 2.03641e-17)
(25.7196 6.05862 0)
(25.7082 6.08844 0)
(25.6966 6.11834 -2.24066e-17)
(25.6869 6.14833 6.99576e-18)
(25.6803 6.1749 0)
(25.6729 6.20043 -1.07224e-17)
(25.676 6.22869 0)
(25.6907 6.26171 0)
(25.7194 6.30006 -2.22403e-17)
(25.7621 6.34403 1.00864e-17)
(25.8163 6.39356 2.87419e-17)
(25.8759 6.44885 0)
(25.9323 6.50426 1.57149e-17)
(25.9726 6.55408 2.40578e-17)
(25.9782 6.62189 0)
(25.9353 6.66614 -1.1312e-17)
(25.8159 6.56915 -2.10782e-17)
(27.4473 5.25754 -4.7084e-20)
(27.4325 5.26178 -5.76672e-20)
(27.4265 5.26534 5.73272e-20)
(27.4226 5.27218 0)
(27.4189 5.28003 -1.1246e-19)
(27.4145 5.28753 0)
(27.4091 5.29514 1.57143e-19)
(27.4026 5.30305 1.32287e-19)
(27.3951 5.3106 -3.11095e-19)
(27.3865 5.31721 -2.6049e-19)
(27.3771 5.32278 0)
(27.367 5.32766 5.21137e-20)
(27.3564 5.33227 0)
(27.3454 5.33695 -5.46298e-20)
(27.3345 5.34179 2.53849e-19)
(27.3237 5.34693 -3.90495e-19)
(27.3136 5.35247 0)
(27.3043 5.35856 0)
(27.2962 5.36534 1.17216e-19)
(27.2896 5.37298 0)
(27.2848 5.38151 4.71896e-19)
(27.2819 5.39092 0)
(27.2812 5.40115 0)
(27.2828 5.41209 1.11235e-18)
(27.2869 5.42366 6.3305e-19)
(27.2939 5.4358 -6.12815e-19)
(27.3039 5.44849 5.92168e-19)
(27.3174 5.46178 -2.15708e-19)
(27.3348 5.47578 0)
(27.3563 5.49061 -1.4724e-18)
(27.3824 5.5064 0)
(27.4123 5.52322 -3.90464e-19)
(27.4444 5.54098 0)
(27.4765 5.55963 -3.63615e-19)
(27.5092 5.57954 0)
(27.5512 5.60206 2.25317e-18)
(27.6225 5.63012 -2.11436e-18)
(27.7499 5.66757 5.86038e-19)
(27.9499 5.71694 0)
(28.2045 5.77558 0)
(28.4407 5.83181 0)
(28.5318 5.86326 2.52463e-18)
(28.3286 5.84031 0)
(27.7124 5.73433 0)
(26.6514 5.52907 1.59391e-18)
(25.2395 5.23205 2.0509e-18)
(23.6996 4.88021 0)
(22.3366 4.53573 -1.90632e-18)
(21.4423 4.26813 3.33977e-19)
(21.1755 4.1287 0)
(21.4902 4.12914 0)
(22.1698 4.24116 1.60238e-18)
(22.9483 4.41507 6.65491e-19)
(23.6231 4.60258 1.86314e-18)
(24.1014 4.76994 -2.04624e-18)
(24.3869 4.9015 1.19297e-18)
(24.5398 4.99691 0)
(24.6326 5.0649 1.52521e-18)
(24.7193 5.1169 -2.36026e-18)
(24.8222 5.16151 -7.90114e-19)
(24.9388 5.20317 0)
(25.0556 5.24269 0)
(25.1619 5.28004 1.19467e-17)
(25.2538 5.31543 1.016e-18)
(25.3328 5.34962 1.4998e-18)
(25.4011 5.38487 0)
(25.4611 5.41932 -1.34919e-17)
(25.5048 5.45164 0)
(25.5356 5.47876 -2.49529e-18)
(25.5635 5.50701 -2.39822e-18)
(25.5898 5.53798 -2.45085e-17)
(25.6129 5.56878 4.26614e-18)
(25.6335 5.60411 3.8733e-18)
(25.6513 5.6332 0)
(25.6695 5.681 2.85766e-17)
(25.6841 5.68985 0)
(25.7057 5.79049 -1.74011e-17)
(25.7144 5.68845 0)
(25.7296 6.0109 -3.42352e-18)
(25.805 5.47811 -9.06048e-17)
(27.4594 5.25555 -5.77716e-20)
(27.4698 5.25308 9.89622e-21)
(27.4774 5.25122 0)
(27.4824 5.24929 6.63095e-20)
(27.4847 5.24744 0)
(27.4841 5.24571 -1.65887e-20)
(27.4807 5.24404 0)
(27.4743 5.24244 0)
(27.4651 5.24099 0)
(27.4528 5.23968 0)
(27.4378 5.23854 1.24729e-19)
(27.4199 5.23758 0)
(27.3994 5.23683 0)
(27.3764 5.23639 0)
(27.351 5.23625 2.63823e-19)
(27.3235 5.23652 2.38725e-19)
(27.2939 5.23721 -2.57915e-19)
(27.2624 5.23846 0)
(27.2292 5.24037 -4.06997e-20)
(27.1945 5.24294 0)
(27.1583 5.24635 -3.87961e-20)
(27.1209 5.25059 -3.78853e-20)
(27.0823 5.25574 0)
(27.0426 5.26179 0)
(27.0021 5.26869 8.48792e-19)
(26.9607 5.27636 6.8787e-20)
(26.9187 5.28473 7.52993e-19)
(26.8761 5.29367 -6.58028e-20)
(26.833 5.303 0)
(26.7896 5.31258 0)
(26.7459 5.32237 0)
(26.7021 5.33218 -1.52798e-18)
(26.6583 5.3421 0)
(26.6147 5.35205 -1.36217e-18)
(26.5712 5.36221 1.47686e-19)
(26.5281 5.37268 0)
(26.4855 5.38369 -1.4736e-18)
(26.4435 5.39548 -3.62052e-19)
(26.4022 5.40823 0)
(26.3619 5.42224 -4.15e-19)
(26.3226 5.43763 -2.81726e-18)
(26.2844 5.45458 4.63743e-19)
(26.2476 5.4731 0)
(26.2121 5.49329 5.22939e-18)
(26.1781 5.51499 -1.01837e-18)
(26.1455 5.53814 0)
(26.1144 5.5626 0)
(26.0849 5.58817 -1.01749e-18)
(26.0568 5.6147 -9.95546e-19)
(26.0302 5.64198 -5.8636e-18)
(26.005 5.66992 -5.51337e-18)
(25.9812 5.69835 0)
(25.9589 5.72724 6.42034e-18)
(25.9378 5.75653 1.58707e-18)
(25.9182 5.78623 1.48274e-18)
(25.9 5.8163 -6.47065e-18)
(25.8832 5.84674 0)
(25.8677 5.87754 -2.34859e-18)
(25.8533 5.90851 7.79789e-18)
(25.8397 5.93961 0)
(25.8265 5.97052 6.4168e-18)
(25.8129 6.00122 0)
(25.7986 6.03136 -5.22268e-18)
(25.7832 6.06108 -2.5572e-18)
(25.767 6.09045 0)
(25.7521 6.1202 0)
(25.741 6.15062 -8.73016e-18)
(25.7343 6.17834 1.03963e-18)
(25.7284 6.20541 0)
(25.7339 6.23556 0)
(25.7513 6.27062 1.56479e-18)
(25.7821 6.31104 2.53548e-18)
(25.8257 6.35655 -1.25601e-17)
(25.8788 6.40725 2.38319e-18)
(25.9352 6.463 0)
(25.9867 6.51845 -1.5555e-17)
(26.0196 6.56854 3.82501e-18)
(26.0141 6.63268 0)
(25.962 6.6737 8.98891e-18)
(25.839 6.60384 -5.88985e-17)
(27.1247 5.65984 -1.91475e-20)
(27.105 5.6664 -9.89171e-21)
(27.0974 5.67074 1.01215e-20)
(27.094 5.67721 0)
(27.0919 5.68441 -2.06067e-20)
(27.0898 5.69098 0)
(27.0874 5.69711 -2.11081e-20)
(27.0843 5.70307 0)
(27.0807 5.70856 4.35363e-20)
(27.0765 5.7132 0)
(27.0717 5.71687 0)
(27.0665 5.71979 -4.66679e-20)
(27.0611 5.72221 0)
(27.0556 5.7244 4.90021e-20)
(27.0503 5.72651 0)
(27.0452 5.72871 -1.01991e-19)
(27.0406 5.73112 0)
(27.0367 5.73388 0)
(27.0336 5.73708 -1.05663e-19)
(27.0317 5.74082 0)
(27.031 5.74509 0)
(27.0316 5.7499 0)
(27.0338 5.75519 0)
(27.0377 5.76088 -2.08365e-19)
(27.0432 5.76687 2.06128e-19)
(27.0506 5.7731 -2.03386e-19)
(27.0598 5.7795 2.00463e-19)
(27.0712 5.78607 1.97065e-19)
(27.0849 5.79284 0)
(27.1011 5.79993 0)
(27.1201 5.80744 0)
(27.1424 5.81553 3.59761e-19)
(27.168 5.82422 0)
(27.1964 5.8336 3.36644e-19)
(27.2258 5.84353 0)
(27.2546 5.85412 0)
(27.2838 5.86588 0)
(27.321 5.88053 -5.50518e-19)
(27.3818 5.90066 0)
(27.4862 5.92905 0)
(27.6463 5.96612 0)
(27.8499 6.00728 0)
(28.0465 6.04003 0)
(28.1485 6.04449 0)
(28.0499 5.99692 0)
(27.661 5.87759 -6.11395e-19)
(26.9453 5.6793 0)
(25.9484 5.41544 1.62e-18)
(24.8034 5.12201 -1.87848e-18)
(23.7049 4.85093 0)
(22.8526 4.65387 0)
(22.382 4.56232 0)
(22.3145 4.57537 -2.04525e-18)
(22.5619 4.6637 -1.80437e-18)
(22.9781 4.78616 0)
(23.4246 4.90679 0)
(23.8111 5.0048 0)
(24.1061 5.07521 -1.49706e-18)
(24.321 5.12464 0)
(24.486 5.16302 7.74754e-19)
(24.6277 5.19866 0)
(24.7599 5.2345 0)
(24.8842 5.27056 0)
(24.9978 5.30549 -9.98814e-19)
(25.0983 5.33903 -1.47471e-18)
(25.1862 5.37316 0)
(25.2632 5.40747 0)
(25.3214 5.44122 0)
(25.3677 5.46993 2.44888e-18)
(25.4103 5.49987 2.35511e-18)
(25.4506 5.53216 0)
(25.4877 5.56454 -4.19513e-18)
(25.5221 5.60055 -3.81142e-18)
(25.5522 5.63115 0)
(25.5837 5.67728 0)
(25.6053 5.69018 0)
(25.6468 5.78094 0)
(25.6434 5.69809 0)
(25.7215 5.97925 0)
(25.6872 5.49113 3.36429e-17)
(27.1422 5.65571 -9.19899e-21)
(27.1588 5.65177 -8.81567e-21)
(27.1736 5.64819 0)
(27.187 5.64469 0)
(27.1988 5.64129 0)
(27.209 5.638 1.48067e-20)
(27.2174 5.63475 0)
(27.2242 5.63155 0)
(27.229 5.62843 0)
(27.2319 5.62536 0)
(27.2329 5.62236 0)
(27.2318 5.6194 0)
(27.2286 5.6165 0)
(27.2234 5.61368 0)
(27.2161 5.61092 -2.05576e-20)
(27.2068 5.60825 0)
(27.1955 5.60568 1.93438e-20)
(27.1822 5.60326 0)
(27.1672 5.60102 3.67408e-20)
(27.1503 5.59899 0)
(27.1316 5.59729 3.51159e-20)
(27.1113 5.59595 3.4342e-20)
(27.0895 5.59505 0)
(27.0661 5.59465 0)
(27.0412 5.59481 0)
(27.0151 5.59553 -6.27787e-20)
(26.9876 5.59683 6.14601e-20)
(26.9591 5.59868 6.02848e-20)
(26.9295 5.60096 0)
(26.899 5.60358 0)
(26.8677 5.60646 0)
(26.8357 5.60941 0)
(26.8031 5.61231 0)
(26.7701 5.61502 -1.29971e-19)
(26.7366 5.61756 -1.37424e-19)
(26.7029 5.61984 0)
(26.669 5.62196 0)
(26.635 5.62395 3.39403e-19)
(26.6009 5.62611 0)
(26.5668 5.62862 3.90968e-19)
(26.5327 5.63177 0)
(26.4987 5.63575 -4.39043e-19)
(26.4649 5.64094 0)
(26.4313 5.64751 0)
(26.398 5.65569 9.70851e-19)
(26.365 5.66555 0)
(26.3324 5.67723 0)
(26.3004 5.69067 9.76045e-19)
(26.2689 5.7059 9.56843e-19)
(26.2381 5.72277 1.86235e-18)
(26.2081 5.74115 -1.79319e-18)
(26.1789 5.76085 0)
(26.1507 5.78185 0)
(26.1236 5.80399 -1.53802e-18)
(26.0975 5.8272 -1.43893e-18)
(26.0727 5.8514 1.34287e-18)
(26.0489 5.87652 0)
(26.0262 5.90253 2.2882e-18)
(26.0042 5.92918 0)
(25.9828 5.95647 0)
(25.9614 5.98403 0)
(25.9399 6.01194 0)
(25.9178 6.03986 0)
(25.8959 6.06811 2.50791e-18)
(25.8753 6.0968 0)
(25.8592 6.12677 0)
(25.8504 6.15838 1.81453e-18)
(25.8478 6.18734 -1.01853e-18)
(25.8466 6.21522 0)
(25.8571 6.24697 0)
(25.8787 6.28366 -1.53839e-18)
(25.9118 6.32537 2.81144e-18)
(25.9547 6.37179 2.57444e-18)
(26.0033 6.42262 -2.35147e-18)
(26.0512 6.47697 0)
(26.0901 6.53081 0)
(26.105 6.58136 -3.79017e-18)
(26.0761 6.63633 0)
(26.0143 6.66909 2.24099e-18)
(25.8973 6.66345 0)
)
;

boundaryField
{
    inlet
    {
        type            freestreamVelocity;
        freestreamValue uniform (25.597 6.8587 0);
        value           nonuniform List<vector> 
134
(
(25.5969 6.85889 -2.07989e-20)
(25.597 6.85891 -1.87457e-18)
(25.597 6.85893 4.33904e-18)
(25.597 6.85894 -7.06684e-18)
(25.597 6.85893 3.49272e-18)
(25.597 6.85891 1.74955e-18)
(25.597 6.85888 -3.81802e-18)
(25.597 6.85884 1.8162e-18)
(25.597 6.8588 -2.44365e-19)
(25.597 6.85873 1.90974e-19)
(25.598 6.86172 -1.97304e-19)
(25.5998 6.86567 0)
(25.6032 6.86851 -4.81574e-19)
(25.6078 6.86759 1.02374e-18)
(25.6141 6.86224 0)
(25.622 6.85229 0)
(25.6318 6.83775 0)
(25.6434 6.81877 6.89446e-17)
(25.657 6.79556 -2.44111e-17)
(25.6724 6.76848 -4.70983e-17)
(25.5969 6.85886 3.19051e-18)
(25.6898 6.7381 0)
(25.7086 6.70537 5.4011e-17)
(25.7282 6.67167 -1.21773e-16)
(25.7468 6.63865 6.81713e-17)
(25.7626 6.60708 0)
(25.7774 6.57431 -5.44124e-19)
(25.7888 6.54621 0)
(25.8052 6.50825 -4.09316e-18)
(25.8241 6.46891 -5.76445e-17)
(25.8198 6.47045 1.19225e-16)
(25.8382 6.42124 -6.69973e-17)
(25.8463 6.39248 0)
(25.8554 6.36438 1.45521e-16)
(25.8636 6.33699 -2.93319e-16)
(25.8706 6.31017 1.47427e-16)
(25.8778 6.28329 3.12917e-16)
(25.8865 6.25559 -3.09352e-16)
(25.9019 6.22488 3.5064e-18)
(25.9319 6.17955 0)
(25.5969 6.85882 3.67591e-18)
(25.5969 6.85877 -1.139e-17)
(25.5969 6.8587 6.88501e-18)
(25.5969 6.85863 -8.91952e-18)
(25.597 6.85853 7.23062e-18)
(25.597 6.85838 -7.7535e-18)
(25.597 6.85847 1.74881e-17)
(25.9326 6.18175 0)
(25.93 6.17296 0)
(25.9246 6.16389 0)
(25.9203 6.15388 0)
(25.9169 6.14314 0)
(25.9132 6.132 0)
(25.9091 6.12059 0)
(25.9046 6.10902 0)
(25.8999 6.09743 0)
(25.8949 6.08596 0)
(25.8895 6.07478 0)
(25.8838 6.064 0)
(25.8778 6.05374 0)
(25.8714 6.04405 0)
(25.8646 6.03499 0)
(25.8575 6.02653 0)
(25.8501 6.01872 0)
(25.8419 6.01107 0)
(25.8342 6.00499 -2.8127e-16)
(25.8276 5.99956 2.79006e-16)
(25.8208 5.99486 0)
(25.8126 5.99118 -2.48081e-16)
(25.8028 5.98894 2.45857e-16)
(25.7903 5.98877 0)
(25.775 5.99167 0)
(25.7511 5.99802 3.51105e-17)
(25.7247 6.01139 -5.56073e-17)
(25.6524 6.01876 2.06629e-17)
(25.5918 6.8143 -4.10564e-16)
(25.5656 6.78163 5.28543e-17)
(25.545 6.75198 0)
(25.5308 6.72721 4.32369e-16)
(25.5205 6.70856 -9.65144e-16)
(25.513 6.69518 5.64178e-16)
(25.5088 6.68582 6.93645e-16)
(25.5079 6.67925 -3.55792e-16)
(25.5097 6.6745 1.0657e-17)
(25.5136 6.6708 -8.22602e-16)
(25.5191 6.6676 4.18984e-16)
(25.5255 6.66461 0)
(25.5322 6.66164 -2.57539e-18)
(25.5389 6.65861 -2.05617e-16)
(25.5449 6.6555 2.05229e-16)
(25.549 6.65243 2.04547e-16)
(25.5509 6.64963 -3.07087e-16)
(25.5525 6.64722 1.03579e-16)
(25.5545 6.64521 0)
(25.557 6.64354 0)
(25.5596 6.64221 0)
(25.5623 6.64117 5.29971e-17)
(25.5651 6.6404 5.37336e-17)
(25.5681 6.63985 -1.05903e-16)
(25.5713 6.63948 0)
(25.5745 6.63924 2.36762e-18)
(25.5776 6.63911 -2.01695e-16)
(25.5799 6.63907 2.01505e-16)
(25.5808 6.63924 -1.99189e-16)
(25.577 6.63994 5.92709e-16)
(25.5703 6.64169 -4.02395e-16)
(25.5702 6.64175 -4.34906e-16)
(25.5762 6.64374 4.33274e-16)
(25.5831 6.64616 0)
(25.5885 6.64852 0)
(25.5933 6.65097 0)
(25.5983 6.65357 0)
(25.6035 6.65625 0)
(25.6085 6.65894 0)
(25.6133 6.66165 0)
(25.6181 6.66441 0)
(25.6227 6.66725 0)
(25.6273 6.67018 0)
(25.6318 6.67324 0)
(25.6362 6.67644 0)
(25.6406 6.67981 0)
(25.645 6.68337 0)
(25.6493 6.68712 0)
(25.6541 6.69098 -2.46844e-16)
(25.6582 6.69556 2.41071e-16)
(25.6602 6.70064 0)
(25.6616 6.70623 1.01043e-16)
(25.6634 6.71255 -1.00446e-16)
(25.6655 6.71982 -8.37842e-17)
(25.6683 6.72833 1.56391e-16)
(25.672 6.7384 -4.24004e-17)
(25.6786 6.75073 -7.85958e-18)
(25.6872 6.76372 -2.19508e-17)
(25.7088 6.78599 0)
)
;
    }
    outlet
    {
        type            freestreamVelocity;
        freestreamValue uniform (25.597 6.8587 0);
        value           nonuniform List<vector> 
160
(
(27.1085 5.67257 -1.89442e-20)
(27.1259 5.66844 -9.1016e-21)
(27.089 5.67907 -9.78655e-21)
(27.1423 5.66451 -8.7226e-21)
(27.0814 5.6834 1.00137e-20)
(27.157 5.66094 0)
(27.078 5.68984 0)
(27.1703 5.65744 0)
(27.0759 5.697 -2.03857e-20)
(27.182 5.65406 0)
(27.0738 5.70354 0)
(27.1921 5.65077 1.46518e-20)
(27.0713 5.70963 -2.08804e-20)
(27.2005 5.64753 0)
(27.0683 5.71556 0)
(27.2072 5.64435 0)
(27.0646 5.72103 4.30644e-20)
(27.212 5.64123 0)
(27.0604 5.72564 0)
(27.2149 5.63818 0)
(27.0557 5.7293 0)
(27.2159 5.63519 0)
(27.0505 5.73219 -4.61595e-20)
(27.2148 5.63225 0)
(27.0452 5.7346 0)
(27.2117 5.62937 0)
(27.0397 5.73678 4.84672e-20)
(27.2065 5.62657 0)
(27.0344 5.73888 0)
(27.1993 5.62384 -2.03448e-20)
(27.0293 5.74107 -1.00876e-19)
(27.1901 5.62119 0)
(27.0248 5.74346 0)
(27.1789 5.61864 1.91437e-20)
(27.0209 5.7462 0)
(27.1658 5.61625 0)
(27.0179 5.74938 -1.04504e-19)
(27.1509 5.61404 3.63605e-20)
(27.0159 5.75309 0)
(27.1342 5.61203 0)
(27.0152 5.75734 0)
(27.1157 5.61036 3.4752e-20)
(27.0158 5.76211 0)
(27.0956 5.60905 3.39859e-20)
(27.018 5.76736 0)
(27.074 5.60818 0)
(27.0217 5.773 -2.06063e-19)
(27.0508 5.6078 0)
(27.0272 5.77895 2.03847e-19)
(27.0262 5.60797 0)
(27.0344 5.78513 -2.01131e-19)
(27.0002 5.60872 -6.21232e-20)
(27.0436 5.79148 1.98238e-19)
(26.9731 5.61004 6.08167e-20)
(27.0548 5.79799 1.94874e-19)
(26.9448 5.61191 5.96519e-20)
(27.0683 5.8047 0)
(26.9155 5.6142 0)
(27.0843 5.81173 0)
(26.8852 5.61684 0)
(27.1031 5.81917 0)
(26.8542 5.61973 0)
(27.1251 5.82718 3.55742e-19)
(26.8225 5.62269 0)
(27.1505 5.83579 0)
(26.7902 5.62562 0)
(27.1785 5.84507 3.32876e-19)
(26.7575 5.62834 -1.28579e-19)
(27.2076 5.85491 0)
(26.7244 5.63089 -1.35947e-19)
(27.236 5.86539 0)
(26.691 5.63319 0)
(27.2649 5.87704 0)
(26.6574 5.63532 0)
(27.3015 5.89156 -5.44315e-19)
(26.6237 5.63734 3.35724e-19)
(27.3616 5.91148 0)
(26.59 5.63951 0)
(27.4648 5.93957 0)
(26.5562 5.64203 3.86705e-19)
(27.6231 5.97623 0)
(26.5225 5.64519 0)
(27.8244 6.01692 0)
(26.4888 5.64918 -4.34224e-19)
(28.0188 6.04927 0)
(26.4554 5.65436 0)
(28.1198 6.05364 0)
(26.4221 5.66092 0)
(28.0226 6.00652 0)
(26.3891 5.66907 9.60051e-19)
(27.6382 5.88839 -6.04662e-19)
(26.3564 5.6789 0)
(26.9307 5.69208 0)
(26.3242 5.69053 0)
(25.9447 5.43077 1.6028e-18)
(26.2924 5.70391 9.64979e-19)
(24.8117 5.14004 -1.85897e-18)
(26.2612 5.71907 9.45913e-19)
(23.7241 4.8714 0)
(26.2307 5.73585 1.84091e-18)
(22.8803 4.67612 0)
(26.201 5.75413 -1.77236e-18)
(22.4146 4.58557 0)
(26.1721 5.77372 0)
(22.3482 4.59881 -2.02425e-18)
(26.1442 5.79459 0)
(22.5936 4.68666 -1.7855e-18)
(26.1173 5.81659 -1.51965e-18)
(23.0059 4.80822 0)
(26.0915 5.83964 -1.42157e-18)
(23.448 4.92781 0)
(26.0669 5.86367 1.32651e-18)
(23.8305 5.02491 0)
(26.0433 5.8886 0)
(24.1223 5.0946 -1.48078e-18)
(26.0209 5.91441 2.25975e-18)
(24.3349 5.1435 0)
(25.9991 5.94085 0)
(24.4981 5.18147 7.66323e-19)
(25.9779 5.96793 0)
(24.6383 5.21675 0)
(25.9567 5.99525 0)
(24.769 5.25224 0)
(25.9354 6.02292 0)
(24.892 5.28795 0)
(25.9136 6.05058 0)
(25.0044 5.32256 -9.87841e-19)
(25.892 6.07858 2.47471e-18)
(25.1038 5.35579 -1.45845e-18)
(25.8716 6.107 0)
(25.1907 5.38962 0)
(25.8556 6.13667 0)
(25.2669 5.42365 0)
(25.8469 6.16795 1.78974e-18)
(25.3245 5.45714 0)
(25.8444 6.19659 -1.00449e-18)
(25.3703 5.48563 2.42121e-18)
(25.8431 6.22417 0)
(25.4124 5.51534 2.32831e-18)
(25.8534 6.25555 0)
(25.4523 5.54738 0)
(25.8747 6.2918 -1.5166e-18)
(25.489 5.57951 -4.14659e-18)
(25.9073 6.333 2.77123e-18)
(25.523 5.61525 -3.76689e-18)
(25.9496 6.37883 2.53721e-18)
(25.5527 5.64561 0)
(25.9973 6.42899 -2.31708e-18)
(25.5838 5.69138 0)
(26.0445 6.48262 0)
(25.6052 5.70416 0)
(26.0827 6.53573 0)
(25.6461 5.79419 0)
(26.0973 6.58557 -3.73255e-18)
(25.6429 5.71197 0)
(26.0687 6.63977 0)
(25.7198 5.9907 0)
(26.0078 6.67206 2.20583e-18)
(25.6862 5.50631 3.32694e-17)
(25.8926 6.66653 0)
)
;
    }
    walls
    {
        type            noSlip;
    }
    frontAndBack
    {
        type            empty;
    }
}


// ************************************************************************* //
