/*--------------------------------*- C++ -*----------------------------------*\
| =========                 |                                                 |
| \\      /  F ield         | OpenFOAM: The Open Source CFD Toolbox           |
|  \\    /   O peration     | Version:  2412                                  |
|   \\  /    A nd           | Website:  www.openfoam.com                      |
|    \\/     M anipulation  |                                                 |
\*---------------------------------------------------------------------------*/
FoamFile
{
    version     2.0;
    format      ascii;
    arch        "LSB;label=32;scalar=64";
    class       volScalarField;
    location    "50";
    object      nuTilda;
}
// * * * * * * * * * * * * * * * * * * * * * * * * * * * * * * * * * * * * * //

dimensions      [0 2 -1 0 0 0 0];

internalField   nonuniform List<scalar> 
10720
(
5.25638e-05
5.50292e-05
5.81384e-05
6.19382e-05
6.66559e-05
7.25678e-05
8.01482e-05
8.97897e-05
0.000102351
0.000118841
0.000140705
0.000170395
0.000211265
0.000269065
0.000352524
0.000476011
0.000661046
0.000961939
0.0014343
0.00234556
0.00376044
0.00765081
0.0133791
0.0367898
0.0747419
0.0892575
0.0885237
0.086243
0.0842211
0.0803051
0.0728328
0.0595772
0.045686
0.0445607
0.0506181
0.0270561
0.035822
0.042786
0.0445605
5.037e-05
4.8332e-05
4.62467e-05
4.42453e-05
4.2609e-05
4.23511e-05
4.46418e-05
4.81814e-05
5.29462e-05
5.92812e-05
6.7775e-05
7.92831e-05
9.49962e-05
0.000116876
0.000147719
0.000192231
0.000257988
0.000357684
0.00051499
0.000768817
0.00119839
0.0019551
0.00341302
0.00602592
0.0120213
0.0241636
0.0533587
0.0899393
0.111327
0.118717
0.120674
0.121153
0.120902
0.120042
0.118671
0.116913
0.114433
0.111391
0.102102
3.90337e-05
3.88346e-05
3.8635e-05
3.84387e-05
3.82095e-05
3.79722e-05
3.77431e-05
3.74998e-05
3.72745e-05
3.70654e-05
3.68706e-05
3.67226e-05
3.6674e-05
3.66318e-05
3.73924e-05
4.11867e-05
5.18127e-05
7.89905e-05
0.000134077
0.000275507
0.000518097
0.0013529
0.0027984
0.00772355
0.0218683
0.0436903
0.0720764
0.104344
0.131053
0.147424
0.155563
0.15901
0.160804
0.154454
0.11392
0.129208
0.177666
0.212247
0.187527
3.91876e-05
3.93761e-05
3.95273e-05
3.96976e-05
3.98241e-05
3.99036e-05
3.97483e-05
3.94838e-05
3.91452e-05
3.87582e-05
3.83374e-05
3.7883e-05
3.73911e-05
3.68577e-05
3.62395e-05
3.5526e-05
3.46139e-05
3.34561e-05
3.18292e-05
2.95337e-05
2.61362e-05
2.11163e-05
1.64067e-05
1.3063e-05
7.03376e-05
0.000289584
0.00182475
0.00870966
0.0221447
0.0389772
0.0545409
0.0653277
0.071285
0.0743794
0.0762658
0.0779189
0.079417
0.0828241
0.0855667
4.02621e-05
4.02892e-05
4.0314e-05
4.03416e-05
4.03756e-05
4.04127e-05
4.04541e-05
4.05016e-05
4.05558e-05
4.06172e-05
4.06884e-05
4.07706e-05
4.08663e-05
4.09799e-05
4.11062e-05
4.12897e-05
4.14518e-05
3.89428e-05
3.81828e-05
6.81036e-07
2.40404e-05
0.000274344
6.36316e-05
7.08528e-05
0.000961544
0.00472138
0.0140414
0.0352179
0.0745921
0.124496
0.167793
0.202162
0.229756
0.242735
0.235822
0.285652
0.341351
0.330933
0.281862
4.02318e-05
4.02017e-05
4.01751e-05
4.01544e-05
4.0158e-05
4.01576e-05
4.01753e-05
4.0204e-05
4.02388e-05
4.02759e-05
4.03172e-05
4.0365e-05
4.04187e-05
4.04765e-05
4.0541e-05
4.06117e-05
4.06915e-05
4.07818e-05
4.08879e-05
4.10139e-05
4.11684e-05
4.13696e-05
4.15973e-05
4.19104e-05
4.19544e-05
4.15806e-05
3.90232e-05
4.6559e-05
0.000317158
0.00163551
0.00512362
0.0112257
0.0194542
0.0288303
0.0382619
0.0469695
0.054237
0.0610126
0.0701378
4.00799e-05
4.00781e-05
4.00778e-05
4.00768e-05
4.00744e-05
4.00731e-05
4.0074e-05
4.00774e-05
4.00852e-05
4.00975e-05
4.01153e-05
4.01396e-05
4.01723e-05
4.02144e-05
4.02713e-05
4.03364e-05
4.04607e-05
4.04295e-05
4.04423e-05
3.70452e-05
3.25672e-05
8.88989e-06
1.62783e-05
1.45447e-05
0.00020091
0.00104705
0.00107895
0.00247133
0.0119658
0.0480107
0.111979
0.18479
0.246846
0.288047
0.334514
0.421014
0.46834
0.429766
0.346017
4.00739e-05
4.00727e-05
4.00716e-05
4.00698e-05
4.00801e-05
4.00857e-05
4.00844e-05
4.00802e-05
4.00751e-05
4.00714e-05
4.00688e-05
4.00673e-05
4.0067e-05
4.00683e-05
4.0071e-05
4.00753e-05
4.00812e-05
4.00885e-05
4.0097e-05
4.01066e-05
4.01169e-05
4.01277e-05
4.01393e-05
4.01524e-05
4.01731e-05
4.01989e-05
4.14314e-05
3.6743e-05
4.09012e-05
2.44432e-05
0.00116986
4.38969e-05
0.000575451
0.00197733
0.00482797
0.00970733
0.0169673
0.0268819
0.0445855
4.00981e-05
4.00997e-05
4.01013e-05
4.01016e-05
4.01008e-05
4.01005e-05
4.01014e-05
4.01044e-05
4.01093e-05
4.01161e-05
4.01249e-05
4.01361e-05
4.01501e-05
4.01677e-05
4.01895e-05
4.02188e-05
4.02506e-05
4.03181e-05
4.02948e-05
4.08389e-05
3.992e-05
3.6864e-05
1.79965e-05
7.3936e-06
1.0434e-06
0
0.000230986
0.000537008
0.00273482
0.00294101
0.0355175
0.116911
0.212497
0.292024
0.394783
0.519518
0.567162
0.511565
0.396005
4.00901e-05
4.00843e-05
4.00818e-05
4.00765e-05
4.00816e-05
4.00847e-05
4.00854e-05
4.00859e-05
4.00873e-05
4.00902e-05
4.00936e-05
4.00978e-05
4.01031e-05
4.0109e-05
4.0116e-05
4.01241e-05
4.01334e-05
4.01441e-05
4.01562e-05
4.01697e-05
4.01847e-05
4.02015e-05
4.02204e-05
4.02424e-05
4.02691e-05
4.03015e-05
4.03336e-05
4.04424e-05
3.98689e-05
4.33049e-05
2.76664e-05
1.92865e-05
0.000142091
7.6836e-05
0.0011389
0.000265428
0.00161296
0.00288791
0.0155874
4.00872e-05
4.00872e-05
4.00874e-05
4.0087e-05
4.00864e-05
4.0087e-05
4.00889e-05
4.0092e-05
4.00966e-05
4.01024e-05
4.01095e-05
4.01181e-05
4.01283e-05
4.01405e-05
4.01554e-05
4.0174e-05
4.01973e-05
4.02314e-05
4.02529e-05
4.03462e-05
4.04872e-05
4.10175e-05
3.87191e-05
3.31679e-05
5.29188e-06
5.84205e-06
0
0
0
0.000651872
0.00916507
0.0401288
0.137319
0.253193
0.413637
0.580706
0.638372
0.576698
0.43892
4.00813e-05
4.00757e-05
4.00742e-05
4.00697e-05
4.00727e-05
4.00751e-05
4.00754e-05
4.00755e-05
4.0077e-05
4.00795e-05
4.00825e-05
4.00856e-05
4.00888e-05
4.0092e-05
4.00954e-05
4.00991e-05
4.0103e-05
4.01073e-05
4.01121e-05
4.01174e-05
4.01231e-05
4.01296e-05
4.01368e-05
4.0145e-05
4.01543e-05
4.01645e-05
4.01758e-05
4.01927e-05
4.01599e-05
4.02899e-05
4.06168e-05
3.91723e-05
3.53448e-05
2.25892e-05
7.79098e-06
6.46262e-05
0.000382351
0.000734612
0.0027247
4.00832e-05
4.00824e-05
4.00822e-05
4.00813e-05
4.00804e-05
4.00805e-05
4.00817e-05
4.00838e-05
4.00869e-05
4.00907e-05
4.00951e-05
4.00999e-05
4.0105e-05
4.01101e-05
4.01152e-05
4.01201e-05
4.01261e-05
4.01331e-05
4.01428e-05
4.01475e-05
4.01838e-05
4.03557e-05
4.0889e-05
4.12683e-05
3.87795e-05
2.81085e-05
8.94939e-06
4.24922e-06
0
0
0
0.0105977
0.053835
0.177866
0.388015
0.601117
0.679298
0.623175
0.475346
4.00791e-05
4.00735e-05
4.00712e-05
4.00667e-05
4.00686e-05
4.00706e-05
4.00709e-05
4.00717e-05
4.00741e-05
4.00766e-05
4.00792e-05
4.00819e-05
4.00847e-05
4.00876e-05
4.00909e-05
4.00945e-05
4.00987e-05
4.01035e-05
4.01089e-05
4.01151e-05
4.01221e-05
4.01299e-05
4.01388e-05
4.01491e-05
4.01613e-05
4.01758e-05
4.01931e-05
4.02138e-05
4.02372e-05
4.02594e-05
4.03328e-05
4.03466e-05
4.00994e-05
3.72364e-05
3.27734e-05
9.77748e-06
6.40804e-06
2.49046e-06
0.000142774
4.00791e-05
4.00777e-05
4.00771e-05
4.0076e-05
4.00749e-05
4.0075e-05
4.00761e-05
4.00783e-05
4.00816e-05
4.00858e-05
4.00908e-05
4.00966e-05
4.01032e-05
4.01106e-05
4.0119e-05
4.01287e-05
4.01398e-05
4.01529e-05
4.0168e-05
4.01817e-05
4.01957e-05
4.02071e-05
4.02958e-05
4.04578e-05
4.16715e-05
4.11112e-05
3.81436e-05
2.08912e-05
6.63039e-06
0
0
1.37323e-05
0.000457315
0.0876208
0.319879
0.576434
0.685221
0.64688
0.502147
4.00768e-05
4.00717e-05
4.00685e-05
4.00638e-05
4.00651e-05
4.00669e-05
4.00675e-05
4.0069e-05
4.00711e-05
4.00731e-05
4.00751e-05
4.00772e-05
4.00793e-05
4.00815e-05
4.0084e-05
4.00866e-05
4.00896e-05
4.0093e-05
4.00968e-05
4.0101e-05
4.01058e-05
4.0111e-05
4.01168e-05
4.01233e-05
4.01305e-05
4.01386e-05
4.01478e-05
4.01581e-05
4.01695e-05
4.01816e-05
4.01962e-05
4.02226e-05
4.02588e-05
4.03233e-05
4.02962e-05
3.54998e-05
2.76971e-05
8.61605e-06
3.40545e-05
4.00757e-05
4.0074e-05
4.00732e-05
4.00718e-05
4.00704e-05
4.00702e-05
4.00711e-05
4.00729e-05
4.00758e-05
4.00795e-05
4.00837e-05
4.00885e-05
4.00938e-05
4.00997e-05
4.01061e-05
4.01131e-05
4.01207e-05
4.01288e-05
4.01379e-05
4.01501e-05
4.01651e-05
4.01833e-05
4.02094e-05
4.01973e-05
4.03958e-05
4.1006e-05
4.26147e-05
4.2995e-05
2.81246e-05
6.86558e-06
0
0
0.000666898
0.0194748
0.223243
0.504883
0.65037
0.641898
0.51413
4.00748e-05
4.00701e-05
4.00663e-05
4.00614e-05
4.00625e-05
4.00644e-05
4.00653e-05
4.00668e-05
4.00684e-05
4.00699e-05
4.00715e-05
4.00731e-05
4.00748e-05
4.00766e-05
4.00785e-05
4.00806e-05
4.00831e-05
4.00859e-05
4.00891e-05
4.00928e-05
4.0097e-05
4.01018e-05
4.01073e-05
4.01137e-05
4.01212e-05
4.01301e-05
4.01405e-05
4.01527e-05
4.01671e-05
4.01839e-05
4.02036e-05
4.02261e-05
4.02528e-05
4.03026e-05
4.04818e-05
4.04012e-05
4.11802e-05
3.58587e-05
5.57374e-06
4.00724e-05
4.00707e-05
4.00697e-05
4.00679e-05
4.00665e-05
4.00661e-05
4.00669e-05
4.00687e-05
4.00713e-05
4.00747e-05
4.00786e-05
4.00831e-05
4.00881e-05
4.00938e-05
4.01001e-05
4.01072e-05
4.01152e-05
4.01242e-05
4.01346e-05
4.01464e-05
4.01597e-05
4.01751e-05
4.0194e-05
4.02193e-05
4.01857e-05
4.0238e-05
4.04467e-05
4.27306e-05
4.53392e-05
2.78194e-05
4.50746e-06
0
0
0.00789222
0.12475
0.392748
0.570513
0.601323
0.504708
4.00723e-05
4.00681e-05
4.0064e-05
4.00589e-05
4.00601e-05
4.00621e-05
4.00632e-05
4.00646e-05
4.00659e-05
4.00671e-05
4.00683e-05
4.00696e-05
4.00709e-05
4.00722e-05
4.00737e-05
4.00753e-05
4.00772e-05
4.00793e-05
4.00818e-05
4.00846e-05
4.00879e-05
4.00917e-05
4.00961e-05
4.01012e-05
4.01071e-05
4.01141e-05
4.01222e-05
4.01315e-05
4.01423e-05
4.01546e-05
4.01686e-05
4.01854e-05
4.02042e-05
4.02347e-05
4.02421e-05
4.0423e-05
3.97356e-05
4.49322e-05
2.16546e-05
4.00692e-05
4.00676e-05
4.00663e-05
4.00642e-05
4.00628e-05
4.00625e-05
4.00633e-05
4.00649e-05
4.00672e-05
4.00702e-05
4.00736e-05
4.00776e-05
4.0082e-05
4.0087e-05
4.00926e-05
4.00989e-05
4.01059e-05
4.01138e-05
4.01226e-05
4.01329e-05
4.01456e-05
4.01606e-05
4.01775e-05
4.02051e-05
4.02241e-05
4.02113e-05
4.01107e-05
4.01044e-05
4.35892e-05
4.57712e-05
1.65226e-05
6.20234e-07
0
0.00138479
0.0474153
0.258485
0.447174
0.519767
0.467263
4.00692e-05
4.00653e-05
4.00611e-05
4.00561e-05
4.00576e-05
4.00597e-05
4.00609e-05
4.00622e-05
4.00634e-05
4.00644e-05
4.00654e-05
4.00665e-05
4.00675e-05
4.00686e-05
4.00697e-05
4.00709e-05
4.00723e-05
4.00739e-05
4.00758e-05
4.00781e-05
4.00808e-05
4.00839e-05
4.00876e-05
4.00921e-05
4.00973e-05
4.01036e-05
4.0111e-05
4.01197e-05
4.01299e-05
4.01418e-05
4.01555e-05
4.01716e-05
4.019e-05
4.02145e-05
4.02202e-05
4.03731e-05
3.97556e-05
4.24664e-05
3.67064e-05
4.0066e-05
4.00647e-05
4.00628e-05
4.00606e-05
4.00593e-05
4.00592e-05
4.00599e-05
4.00613e-05
4.00633e-05
4.00658e-05
4.00689e-05
4.00724e-05
4.00764e-05
4.0081e-05
4.00862e-05
4.0092e-05
4.00986e-05
4.01061e-05
4.01146e-05
4.01243e-05
4.01359e-05
4.01495e-05
4.0165e-05
4.0185e-05
4.02139e-05
4.02279e-05
4.02716e-05
3.99737e-05
3.99678e-05
4.53888e-05
4.07789e-05
7.72541e-06
0
9.91415e-05
0.00324534
0.131164
0.293818
0.396323
0.394562
4.00655e-05
4.00617e-05
4.00576e-05
4.0053e-05
4.00546e-05
4.00569e-05
4.00583e-05
4.00597e-05
4.00608e-05
4.00618e-05
4.00627e-05
4.00637e-05
4.00647e-05
4.00655e-05
4.00664e-05
4.00674e-05
4.00684e-05
4.00697e-05
4.00711e-05
4.00729e-05
4.00749e-05
4.00774e-05
4.00805e-05
4.00841e-05
4.00884e-05
4.00937e-05
4.00998e-05
4.01071e-05
4.01157e-05
4.01256e-05
4.01371e-05
4.01506e-05
4.01667e-05
4.01862e-05
4.02051e-05
4.02616e-05
4.01487e-05
4.05816e-05
4.05324e-05
4.00623e-05
4.00613e-05
4.0059e-05
4.00569e-05
4.0056e-05
4.00559e-05
4.00565e-05
4.00576e-05
4.00593e-05
4.00614e-05
4.00641e-05
4.00672e-05
4.00708e-05
4.0075e-05
4.00797e-05
4.00851e-05
4.00912e-05
4.00981e-05
4.01059e-05
4.0115e-05
4.01257e-05
4.01384e-05
4.01533e-05
4.01703e-05
4.01948e-05
4.02118e-05
4.02605e-05
4.03451e-05
3.95611e-05
4.08036e-05
4.79735e-05
2.95966e-05
1.12041e-06
0
0.00207943
0.0458242
0.144758
0.241866
0.275317
4.00613e-05
4.00576e-05
4.00536e-05
4.00496e-05
4.00511e-05
4.00536e-05
4.00554e-05
4.00568e-05
4.0058e-05
4.00591e-05
4.00601e-05
4.00611e-05
4.0062e-05
4.00629e-05
4.00637e-05
4.00645e-05
4.00654e-05
4.00664e-05
4.00676e-05
4.0069e-05
4.00706e-05
4.00726e-05
4.0075e-05
4.0078e-05
4.00816e-05
4.00859e-05
4.00912e-05
4.00975e-05
4.0105e-05
4.01138e-05
4.01241e-05
4.01362e-05
4.01506e-05
4.01676e-05
4.01879e-05
4.02111e-05
4.02535e-05
4.01798e-05
4.06979e-05
4.00583e-05
4.00575e-05
4.00551e-05
4.00535e-05
4.00526e-05
4.00525e-05
4.00528e-05
4.00537e-05
4.00552e-05
4.0057e-05
4.00593e-05
4.00621e-05
4.00654e-05
4.00691e-05
4.00735e-05
4.00785e-05
4.00842e-05
4.00907e-05
4.0098e-05
4.01065e-05
4.01165e-05
4.01283e-05
4.01422e-05
4.0158e-05
4.01778e-05
4.0202e-05
4.02085e-05
4.03423e-05
4.02601e-05
3.91462e-05
4.38103e-05
4.45901e-05
7.23379e-06
0
0.000224715
0.00729304
0.0458217
0.101452
0.126938
4.00569e-05
4.00533e-05
4.00494e-05
4.00457e-05
4.00472e-05
4.00499e-05
4.00521e-05
4.00537e-05
4.00551e-05
4.00563e-05
4.00574e-05
4.00585e-05
4.00596e-05
4.00604e-05
4.00613e-05
4.00621e-05
4.00629e-05
4.00639e-05
4.0065e-05
4.00662e-05
4.00676e-05
4.00692e-05
4.00711e-05
4.00734e-05
4.00763e-05
4.00798e-05
4.00842e-05
4.00894e-05
4.00957e-05
4.01032e-05
4.0112e-05
4.01225e-05
4.0135e-05
4.01501e-05
4.01681e-05
4.01877e-05
4.02293e-05
4.01911e-05
4.04249e-05
4.00542e-05
4.00536e-05
4.00514e-05
4.00501e-05
4.00492e-05
4.0049e-05
4.00492e-05
4.00499e-05
4.00512e-05
4.00527e-05
4.00547e-05
4.00571e-05
4.006e-05
4.00634e-05
4.00674e-05
4.0072e-05
4.00773e-05
4.00834e-05
4.00903e-05
4.00982e-05
4.01075e-05
4.01185e-05
4.01314e-05
4.01465e-05
4.0163e-05
4.01888e-05
4.01994e-05
4.02168e-05
4.05241e-05
3.96664e-05
3.96444e-05
4.89063e-05
2.6471e-05
1.01109e-06
0
0.00185132
0.00720057
0.024711
0.0324629
4.00526e-05
4.00491e-05
4.00453e-05
4.00419e-05
4.00433e-05
4.0046e-05
4.00485e-05
4.00504e-05
4.00519e-05
4.00533e-05
4.00546e-05
4.00559e-05
4.0057e-05
4.0058e-05
4.0059e-05
4.00599e-05
4.00608e-05
4.00619e-05
4.0063e-05
4.00642e-05
4.00655e-05
4.00668e-05
4.00684e-05
4.00702e-05
4.00725e-05
4.00753e-05
4.00788e-05
4.00831e-05
4.00884e-05
4.00948e-05
4.01024e-05
4.01115e-05
4.01224e-05
4.01356e-05
4.01512e-05
4.017e-05
4.01976e-05
4.02104e-05
4.02955e-05
4.00504e-05
4.00498e-05
4.00478e-05
4.00467e-05
4.00461e-05
4.00457e-05
4.00458e-05
4.00464e-05
4.00473e-05
4.00486e-05
4.00503e-05
4.00524e-05
4.00549e-05
4.00579e-05
4.00615e-05
4.00657e-05
4.00707e-05
4.00763e-05
4.00828e-05
4.00902e-05
4.00989e-05
4.01091e-05
4.0121e-05
4.01352e-05
4.01506e-05
4.01704e-05
4.01998e-05
4.01728e-05
4.03653e-05
4.04247e-05
3.86771e-05
4.46912e-05
4.26429e-05
3.64535e-06
0
0
0.00171261
0.00305954
0.00549179
4.00488e-05
4.00455e-05
4.00418e-05
4.00385e-05
4.00396e-05
4.00423e-05
4.00448e-05
4.0047e-05
4.00488e-05
4.00503e-05
4.00518e-05
4.00532e-05
4.00544e-05
4.00556e-05
4.00567e-05
4.00577e-05
4.00588e-05
4.00599e-05
4.00611e-05
4.00624e-05
4.00637e-05
4.00649e-05
4.00663e-05
4.00678e-05
4.00695e-05
4.00718e-05
4.00746e-05
4.00781e-05
4.00825e-05
4.00878e-05
4.00943e-05
4.01021e-05
4.01115e-05
4.01229e-05
4.01366e-05
4.01535e-05
4.01751e-05
4.02001e-05
4.02497e-05
4.00471e-05
4.00466e-05
4.00447e-05
4.00438e-05
4.00432e-05
4.00428e-05
4.00428e-05
4.00431e-05
4.00439e-05
4.00449e-05
4.00462e-05
4.00479e-05
4.00501e-05
4.00527e-05
4.00559e-05
4.00597e-05
4.00642e-05
4.00695e-05
4.00756e-05
4.00825e-05
4.00906e-05
4.01001e-05
4.01112e-05
4.01242e-05
4.01393e-05
4.01543e-05
4.01855e-05
4.01856e-05
4.01931e-05
4.06253e-05
3.93783e-05
4.03321e-05
4.96676e-05
9.42592e-06
3.63323e-07
0
2.40836e-06
8.05888e-05
0.000315772
4.00459e-05
4.00428e-05
4.00393e-05
4.00359e-05
4.00365e-05
4.00389e-05
4.00414e-05
4.00436e-05
4.00456e-05
4.00474e-05
4.00489e-05
4.00504e-05
4.00518e-05
4.00531e-05
4.00544e-05
4.00556e-05
4.00569e-05
4.00581e-05
4.00594e-05
4.00607e-05
4.0062e-05
4.00632e-05
4.00644e-05
4.00658e-05
4.00672e-05
4.00691e-05
4.00713e-05
4.00742e-05
4.00779e-05
4.00823e-05
4.00878e-05
4.00944e-05
4.01025e-05
4.01123e-05
4.01242e-05
4.01392e-05
4.01577e-05
4.01817e-05
4.02254e-05
4.00448e-05
4.00441e-05
4.00423e-05
4.00414e-05
4.00408e-05
4.00404e-05
4.00403e-05
4.00405e-05
4.00409e-05
4.00416e-05
4.00426e-05
4.0044e-05
4.00458e-05
4.0048e-05
4.00508e-05
4.00541e-05
4.00582e-05
4.00629e-05
4.00686e-05
4.0075e-05
4.00826e-05
4.00915e-05
4.0102e-05
4.01139e-05
4.01282e-05
4.01422e-05
4.01644e-05
4.01932e-05
4.0147e-05
4.04378e-05
4.02119e-05
3.88672e-05
4.62444e-05
3.43989e-05
3.29746e-06
0
0
1.81741e-05
7.19176e-05
4.0044e-05
4.00414e-05
4.00379e-05
4.00343e-05
4.00344e-05
4.00362e-05
4.00384e-05
4.00405e-05
4.00425e-05
4.00444e-05
4.00461e-05
4.00477e-05
4.00493e-05
4.00508e-05
4.00522e-05
4.00536e-05
4.0055e-05
4.00564e-05
4.00578e-05
4.00591e-05
4.00604e-05
4.00615e-05
4.00627e-05
4.0064e-05
4.00653e-05
4.00668e-05
4.00687e-05
4.00711e-05
4.00741e-05
4.00779e-05
4.00825e-05
4.00881e-05
4.0095e-05
4.01035e-05
4.01138e-05
4.01271e-05
4.01432e-05
4.01647e-05
4.02048e-05
4.00435e-05
4.00426e-05
4.00407e-05
4.00398e-05
4.00391e-05
4.00387e-05
4.00385e-05
4.00385e-05
4.00386e-05
4.0039e-05
4.00397e-05
4.00408e-05
4.00421e-05
4.0044e-05
4.00463e-05
4.00491e-05
4.00527e-05
4.00569e-05
4.00621e-05
4.0068e-05
4.0075e-05
4.00833e-05
4.00931e-05
4.01042e-05
4.01173e-05
4.01316e-05
4.01472e-05
4.01804e-05
4.0164e-05
4.02401e-05
4.05142e-05
3.92751e-05
4.17171e-05
4.59711e-05
9.2868e-06
3.61103e-07
0
0
0
4.00433e-05
4.00411e-05
4.00376e-05
4.00339e-05
4.00333e-05
4.00345e-05
4.00362e-05
4.00381e-05
4.00399e-05
4.00417e-05
4.00435e-05
4.00452e-05
4.00468e-05
4.00485e-05
4.005e-05
4.00516e-05
4.00531e-05
4.00546e-05
4.0056e-05
4.00574e-05
4.00587e-05
4.00599e-05
4.00611e-05
4.00623e-05
4.00635e-05
4.00649e-05
4.00665e-05
4.00686e-05
4.00711e-05
4.00743e-05
4.00782e-05
4.0083e-05
4.00889e-05
4.00963e-05
4.01052e-05
4.01169e-05
4.01309e-05
4.015e-05
4.01858e-05
4.00432e-05
4.0042e-05
4.00401e-05
4.00391e-05
4.00383e-05
4.00378e-05
4.00375e-05
4.00373e-05
4.00372e-05
4.00373e-05
4.00377e-05
4.00383e-05
4.00393e-05
4.00407e-05
4.00425e-05
4.00449e-05
4.00479e-05
4.00515e-05
4.00561e-05
4.00614e-05
4.00678e-05
4.00754e-05
4.00845e-05
4.00949e-05
4.01069e-05
4.01207e-05
4.01346e-05
4.016e-05
4.0176e-05
4.01641e-05
4.04253e-05
4.0002e-05
3.97309e-05
4.47588e-05
3.43752e-05
7.12261e-06
2.056e-06
0
0
4.00437e-05
4.00418e-05
4.00384e-05
4.00345e-05
4.00333e-05
4.00339e-05
4.0035e-05
4.00364e-05
4.00379e-05
4.00395e-05
4.00411e-05
4.00428e-05
4.00444e-05
4.00461e-05
4.00478e-05
4.00494e-05
4.00511e-05
4.00526e-05
4.00542e-05
4.00556e-05
4.0057e-05
4.00583e-05
4.00594e-05
4.00605e-05
4.00617e-05
4.0063e-05
4.00645e-05
4.00663e-05
4.00685e-05
4.00713e-05
4.00747e-05
4.00788e-05
4.0084e-05
4.00904e-05
4.00982e-05
4.01083e-05
4.01205e-05
4.01376e-05
4.0169e-05
4.00438e-05
4.00423e-05
4.00403e-05
4.00392e-05
4.00384e-05
4.00377e-05
4.00372e-05
4.00369e-05
4.00366e-05
4.00365e-05
4.00365e-05
4.00368e-05
4.00374e-05
4.00383e-05
4.00396e-05
4.00415e-05
4.00439e-05
4.0047e-05
4.00508e-05
4.00556e-05
4.00612e-05
4.00681e-05
4.00763e-05
4.0086e-05
4.0097e-05
4.01097e-05
4.01237e-05
4.01423e-05
4.01676e-05
4.01594e-05
4.02777e-05
4.03167e-05
3.96667e-05
4.17217e-05
4.24553e-05
2.78403e-05
9.85655e-06
3.32523e-06
0
4.00447e-05
4.00432e-05
4.00398e-05
4.00359e-05
4.00342e-05
4.00342e-05
4.00347e-05
4.00355e-05
4.00366e-05
4.00379e-05
4.00393e-05
4.00408e-05
4.00424e-05
4.0044e-05
4.00457e-05
4.00474e-05
4.0049e-05
4.00507e-05
4.00523e-05
4.00538e-05
4.00553e-05
4.00566e-05
4.00577e-05
4.00588e-05
4.00599e-05
4.00612e-05
4.00626e-05
4.00643e-05
4.00663e-05
4.00687e-05
4.00718e-05
4.00754e-05
4.00799e-05
4.00855e-05
4.00924e-05
4.01013e-05
4.01118e-05
4.01271e-05
4.01543e-05
4.0045e-05
4.00432e-05
4.00411e-05
4.004e-05
4.00391e-05
4.00382e-05
4.00377e-05
4.00372e-05
4.00368e-05
4.00365e-05
4.00362e-05
4.00362e-05
4.00364e-05
4.00369e-05
4.00377e-05
4.0039e-05
4.00409e-05
4.00433e-05
4.00466e-05
4.00506e-05
4.00555e-05
4.00615e-05
4.00688e-05
4.00775e-05
4.00876e-05
4.00991e-05
4.01127e-05
4.01288e-05
4.01497e-05
4.01631e-05
4.02062e-05
4.02983e-05
4.00483e-05
4.04835e-05
4.16271e-05
3.9372e-05
3.59795e-05
1.41404e-05
4.94781e-07
4.00462e-05
4.00448e-05
4.00417e-05
4.00377e-05
4.00358e-05
4.00352e-05
4.00352e-05
4.00356e-05
4.00362e-05
4.0037e-05
4.00381e-05
4.00393e-05
4.00407e-05
4.00422e-05
4.00438e-05
4.00454e-05
4.00471e-05
4.00487e-05
4.00504e-05
4.00519e-05
4.00534e-05
4.00548e-05
4.0056e-05
4.0057e-05
4.00581e-05
4.00593e-05
4.00606e-05
4.00622e-05
4.00641e-05
4.00664e-05
4.00692e-05
4.00725e-05
4.00765e-05
4.00816e-05
4.00876e-05
4.00955e-05
4.01046e-05
4.01183e-05
4.01417e-05
4.00464e-05
4.00445e-05
4.00424e-05
4.00412e-05
4.00402e-05
4.00393e-05
4.00386e-05
4.00381e-05
4.00376e-05
4.00371e-05
4.00367e-05
4.00364e-05
4.00363e-05
4.00364e-05
4.00368e-05
4.00376e-05
4.00389e-05
4.00407e-05
4.00433e-05
4.00466e-05
4.00508e-05
4.00559e-05
4.00621e-05
4.00698e-05
4.00788e-05
4.00891e-05
4.01017e-05
4.0117e-05
4.01324e-05
4.01549e-05
4.01888e-05
4.02063e-05
4.02234e-05
4.04628e-05
4.0029e-05
4.05822e-05
4.80947e-05
2.56676e-05
9.38489e-07
4.00476e-05
4.00464e-05
4.00435e-05
4.00398e-05
4.00376e-05
4.00367e-05
4.00364e-05
4.00362e-05
4.00364e-05
4.00369e-05
4.00376e-05
4.00385e-05
4.00395e-05
4.00408e-05
4.00422e-05
4.00438e-05
4.00453e-05
4.00469e-05
4.00485e-05
4.00501e-05
4.00516e-05
4.00531e-05
4.00543e-05
4.00553e-05
4.00562e-05
4.00574e-05
4.00587e-05
4.00602e-05
4.0062e-05
4.00642e-05
4.00668e-05
4.00698e-05
4.00736e-05
4.00782e-05
4.00837e-05
4.00907e-05
4.00986e-05
4.0111e-05
4.0131e-05
4.00477e-05
4.00458e-05
4.00437e-05
4.00425e-05
4.00415e-05
4.00406e-05
4.00399e-05
4.00393e-05
4.00387e-05
4.00382e-05
4.00377e-05
4.00372e-05
4.00368e-05
4.00366e-05
4.00367e-05
4.00371e-05
4.00378e-05
4.00391e-05
4.0041e-05
4.00437e-05
4.00471e-05
4.00513e-05
4.00565e-05
4.0063e-05
4.00708e-05
4.00799e-05
4.00911e-05
4.01055e-05
4.01181e-05
4.01392e-05
4.01823e-05
4.01549e-05
4.01917e-05
4.06924e-05
3.95239e-05
3.94149e-05
5.06263e-05
3.01798e-05
1.15266e-06
4.00488e-05
4.00477e-05
4.00451e-05
4.00416e-05
4.00395e-05
4.00384e-05
4.00378e-05
4.00374e-05
4.00372e-05
4.00373e-05
4.00376e-05
4.00382e-05
4.0039e-05
4.004e-05
4.00412e-05
4.00425e-05
4.00439e-05
4.00454e-05
4.00469e-05
4.00485e-05
4.00499e-05
4.00513e-05
4.00526e-05
4.00536e-05
4.00544e-05
4.00554e-05
4.00567e-05
4.00581e-05
4.00599e-05
4.00619e-05
4.00644e-05
4.00674e-05
4.00709e-05
4.00753e-05
4.00803e-05
4.00868e-05
4.00938e-05
4.01051e-05
4.01221e-05
4.00486e-05
4.00468e-05
4.00448e-05
4.00437e-05
4.00427e-05
4.00418e-05
4.00411e-05
4.00406e-05
4.00401e-05
4.00396e-05
4.00391e-05
4.00385e-05
4.00379e-05
4.00375e-05
4.00373e-05
4.00373e-05
4.00376e-05
4.00384e-05
4.00398e-05
4.00418e-05
4.00444e-05
4.00478e-05
4.00521e-05
4.00574e-05
4.00639e-05
4.00717e-05
4.00814e-05
4.00945e-05
4.01056e-05
4.01227e-05
4.01727e-05
4.0128e-05
4.01378e-05
4.07882e-05
3.95461e-05
3.83588e-05
5.09456e-05
3.17609e-05
1.26647e-06
4.00496e-05
4.00485e-05
4.00462e-05
4.00431e-05
4.00411e-05
4.004e-05
4.00392e-05
4.00387e-05
4.00383e-05
4.00381e-05
4.00381e-05
4.00384e-05
4.00389e-05
4.00396e-05
4.00405e-05
4.00416e-05
4.00428e-05
4.00442e-05
4.00456e-05
4.0047e-05
4.00484e-05
4.00497e-05
4.00509e-05
4.00519e-05
4.00526e-05
4.00535e-05
4.00547e-05
4.0056e-05
4.00577e-05
4.00597e-05
4.00621e-05
4.00649e-05
4.00684e-05
4.00726e-05
4.00773e-05
4.00834e-05
4.00898e-05
4.01002e-05
4.01147e-05
4.00492e-05
4.00475e-05
4.00456e-05
4.00446e-05
4.00437e-05
4.00429e-05
4.00423e-05
4.00418e-05
4.00414e-05
4.00409e-05
4.00405e-05
4.00399e-05
4.00393e-05
4.00388e-05
4.00383e-05
4.00381e-05
4.00381e-05
4.00385e-05
4.00394e-05
4.00408e-05
4.00428e-05
4.00454e-05
4.00488e-05
4.00529e-05
4.00583e-05
4.00646e-05
4.00728e-05
4.00842e-05
4.00937e-05
4.01085e-05
4.01597e-05
4.01e-05
4.01449e-05
4.0727e-05
3.93597e-05
3.88839e-05
5.05945e-05
3.15771e-05
1.31408e-06
4.005e-05
4.00488e-05
4.00467e-05
4.0044e-05
4.00422e-05
4.00412e-05
4.00405e-05
4.00399e-05
4.00394e-05
4.00391e-05
4.00389e-05
4.00389e-05
4.00392e-05
4.00397e-05
4.00403e-05
4.00412e-05
4.00422e-05
4.00433e-05
4.00445e-05
4.00458e-05
4.00471e-05
4.00483e-05
4.00494e-05
4.00503e-05
4.0051e-05
4.00518e-05
4.00527e-05
4.0054e-05
4.00555e-05
4.00574e-05
4.00598e-05
4.00625e-05
4.00659e-05
4.00699e-05
4.00745e-05
4.00803e-05
4.00863e-05
4.00963e-05
4.01087e-05
4.00493e-05
4.00477e-05
4.00461e-05
4.00453e-05
4.00445e-05
4.00438e-05
4.00432e-05
4.00428e-05
4.00425e-05
4.00422e-05
4.00418e-05
4.00414e-05
4.00408e-05
4.00402e-05
4.00397e-05
4.00393e-05
4.00391e-05
4.00392e-05
4.00397e-05
4.00406e-05
4.00421e-05
4.00441e-05
4.00465e-05
4.00497e-05
4.00538e-05
4.00588e-05
4.00654e-05
4.00752e-05
4.00825e-05
4.00971e-05
4.01437e-05
4.00732e-05
4.01706e-05
4.06383e-05
3.90408e-05
4.02623e-05
4.93953e-05
3.03359e-05
1.31665e-06
4.00498e-05
4.00485e-05
4.00465e-05
4.00441e-05
4.00427e-05
4.00419e-05
4.00413e-05
4.00407e-05
4.00403e-05
4.00399e-05
4.00397e-05
4.00396e-05
4.00397e-05
4.004e-05
4.00404e-05
4.00411e-05
4.00419e-05
4.00428e-05
4.00438e-05
4.00449e-05
4.0046e-05
4.00471e-05
4.00481e-05
4.00489e-05
4.00495e-05
4.00501e-05
4.00509e-05
4.0052e-05
4.00534e-05
4.00552e-05
4.00574e-05
4.00601e-05
4.00634e-05
4.00673e-05
4.00718e-05
4.00774e-05
4.00832e-05
4.00928e-05
4.01038e-05
4.0049e-05
4.00476e-05
4.00462e-05
4.00456e-05
4.00449e-05
4.00443e-05
4.00439e-05
4.00437e-05
4.00435e-05
4.00433e-05
4.00431e-05
4.00427e-05
4.00423e-05
4.00417e-05
4.00411e-05
4.00407e-05
4.00404e-05
4.00402e-05
4.00404e-05
4.0041e-05
4.0042e-05
4.00435e-05
4.00453e-05
4.00475e-05
4.00505e-05
4.00542e-05
4.00593e-05
4.00674e-05
4.00726e-05
4.0087e-05
4.01266e-05
4.00534e-05
4.01799e-05
4.06003e-05
3.87912e-05
4.09589e-05
4.88383e-05
2.95274e-05
1.33611e-06
4.0049e-05
4.00476e-05
4.00455e-05
4.00435e-05
4.00423e-05
4.00418e-05
4.00414e-05
4.0041e-05
4.00407e-05
4.00405e-05
4.00403e-05
4.00402e-05
4.00402e-05
4.00404e-05
4.00407e-05
4.00412e-05
4.00418e-05
4.00425e-05
4.00434e-05
4.00443e-05
4.00452e-05
4.00461e-05
4.0047e-05
4.00476e-05
4.00481e-05
4.00485e-05
4.00491e-05
4.00501e-05
4.00513e-05
4.0053e-05
4.00551e-05
4.00577e-05
4.00609e-05
4.00647e-05
4.00691e-05
4.00746e-05
4.00802e-05
4.00897e-05
4.00995e-05
4.00482e-05
4.00471e-05
4.0046e-05
4.00456e-05
4.00451e-05
4.00447e-05
4.00444e-05
4.00443e-05
4.00442e-05
4.00442e-05
4.00441e-05
4.00439e-05
4.00436e-05
4.00431e-05
4.00426e-05
4.00421e-05
4.00418e-05
4.00415e-05
4.00415e-05
4.00418e-05
4.00425e-05
4.00436e-05
4.00448e-05
4.00463e-05
4.00484e-05
4.00509e-05
4.00545e-05
4.0061e-05
4.00643e-05
4.0077e-05
4.01116e-05
4.00407e-05
4.0171e-05
4.05781e-05
3.86608e-05
4.10364e-05
4.90856e-05
2.94301e-05
1.38766e-06
4.00478e-05
4.00461e-05
4.0044e-05
4.00421e-05
4.00412e-05
4.00409e-05
4.00408e-05
4.00406e-05
4.00406e-05
4.00405e-05
4.00404e-05
4.00404e-05
4.00405e-05
4.00407e-05
4.0041e-05
4.00414e-05
4.00419e-05
4.00425e-05
4.00431e-05
4.00439e-05
4.00446e-05
4.00454e-05
4.00461e-05
4.00466e-05
4.0047e-05
4.00472e-05
4.00476e-05
4.00483e-05
4.00494e-05
4.00509e-05
4.00528e-05
4.00553e-05
4.00583e-05
4.0062e-05
4.00664e-05
4.00718e-05
4.00773e-05
4.00866e-05
4.00956e-05
4.00471e-05
4.00464e-05
4.00456e-05
4.00454e-05
4.00452e-05
4.00449e-05
4.00448e-05
4.00448e-05
4.00448e-05
4.00449e-05
4.0045e-05
4.00449e-05
4.00447e-05
4.00444e-05
4.00439e-05
4.00435e-05
4.00431e-05
4.00429e-05
4.00428e-05
4.00429e-05
4.00434e-05
4.00441e-05
4.00449e-05
4.00458e-05
4.00471e-05
4.00487e-05
4.00509e-05
4.00559e-05
4.00578e-05
4.00666e-05
4.0101e-05
4.00339e-05
4.01338e-05
4.05758e-05
3.86499e-05
4.09284e-05
4.92707e-05
2.95277e-05
1.44995e-06
4.00463e-05
4.00444e-05
4.00422e-05
4.00402e-05
4.00394e-05
4.00392e-05
4.00393e-05
4.00395e-05
4.00397e-05
4.00399e-05
4.004e-05
4.00402e-05
4.00404e-05
4.00407e-05
4.00411e-05
4.00415e-05
4.00419e-05
4.00424e-05
4.0043e-05
4.00436e-05
4.00442e-05
4.00448e-05
4.00453e-05
4.00457e-05
4.00459e-05
4.0046e-05
4.00462e-05
4.00467e-05
4.00476e-05
4.00489e-05
4.00507e-05
4.0053e-05
4.00559e-05
4.00594e-05
4.00637e-05
4.0069e-05
4.00744e-05
4.00835e-05
4.00919e-05
4.00458e-05
4.00454e-05
4.0045e-05
4.00452e-05
4.00452e-05
4.00451e-05
4.00451e-05
4.00452e-05
4.00454e-05
4.00456e-05
4.00457e-05
4.00458e-05
4.00457e-05
4.00455e-05
4.00452e-05
4.00448e-05
4.00445e-05
4.00442e-05
4.00441e-05
4.00442e-05
4.00444e-05
4.00449e-05
4.00454e-05
4.00459e-05
4.00466e-05
4.00474e-05
4.00485e-05
4.0052e-05
4.00528e-05
4.00572e-05
4.00931e-05
4.00301e-05
4.0076e-05
4.06151e-05
3.86763e-05
4.07501e-05
4.92368e-05
2.95935e-05
1.51251e-06
4.00447e-05
4.0043e-05
4.00406e-05
4.00384e-05
4.00374e-05
4.00372e-05
4.00374e-05
4.00377e-05
4.00381e-05
4.00386e-05
4.0039e-05
4.00394e-05
4.00399e-05
4.00403e-05
4.00408e-05
4.00413e-05
4.00418e-05
4.00423e-05
4.00428e-05
4.00434e-05
4.00439e-05
4.00444e-05
4.00448e-05
4.0045e-05
4.00451e-05
4.0045e-05
4.0045e-05
4.00453e-05
4.0046e-05
4.0047e-05
4.00486e-05
4.00507e-05
4.00534e-05
4.00569e-05
4.0061e-05
4.00662e-05
4.00714e-05
4.00803e-05
4.00882e-05
4.00446e-05
4.00445e-05
4.00444e-05
4.00449e-05
4.00451e-05
4.00453e-05
4.00455e-05
4.00457e-05
4.0046e-05
4.00463e-05
4.00465e-05
4.00466e-05
4.00466e-05
4.00465e-05
4.00463e-05
4.0046e-05
4.00457e-05
4.00455e-05
4.00454e-05
4.00454e-05
4.00456e-05
4.0046e-05
4.00462e-05
4.00464e-05
4.00466e-05
4.00468e-05
4.00471e-05
4.00493e-05
4.00491e-05
4.005e-05
4.00845e-05
4.00285e-05
4.00243e-05
4.06542e-05
3.86904e-05
4.06018e-05
4.91158e-05
2.93686e-05
1.56156e-06
4.00437e-05
4.00424e-05
4.00399e-05
4.00373e-05
4.00358e-05
4.00353e-05
4.00354e-05
4.00357e-05
4.00362e-05
4.00368e-05
4.00374e-05
4.00381e-05
4.00387e-05
4.00394e-05
4.00401e-05
4.00407e-05
4.00413e-05
4.00419e-05
4.00425e-05
4.00431e-05
4.00435e-05
4.0044e-05
4.00442e-05
4.00443e-05
4.00443e-05
4.00441e-05
4.00439e-05
4.0044e-05
4.00445e-05
4.00454e-05
4.00467e-05
4.00487e-05
4.00512e-05
4.00544e-05
4.00584e-05
4.00633e-05
4.00684e-05
4.00771e-05
4.00845e-05
4.00439e-05
4.00439e-05
4.00441e-05
4.00448e-05
4.00452e-05
4.00455e-05
4.00459e-05
4.00463e-05
4.00466e-05
4.0047e-05
4.00473e-05
4.00475e-05
4.00476e-05
4.00476e-05
4.00474e-05
4.00472e-05
4.0047e-05
4.00468e-05
4.00467e-05
4.00467e-05
4.00468e-05
4.00471e-05
4.00472e-05
4.00471e-05
4.00469e-05
4.00467e-05
4.00463e-05
4.00476e-05
4.0047e-05
4.00448e-05
4.00759e-05
4.00277e-05
3.99959e-05
4.06446e-05
3.87167e-05
4.04987e-05
4.87892e-05
2.97775e-05
1.64597e-06
4.00436e-05
4.0043e-05
4.00405e-05
4.00374e-05
4.00354e-05
4.00343e-05
4.00338e-05
4.00339e-05
4.00343e-05
4.00348e-05
4.00355e-05
4.00363e-05
4.00372e-05
4.0038e-05
4.00389e-05
4.00397e-05
4.00405e-05
4.00412e-05
4.00419e-05
4.00425e-05
4.0043e-05
4.00434e-05
4.00436e-05
4.00437e-05
4.00435e-05
4.00432e-05
4.00429e-05
4.00429e-05
4.00432e-05
4.00438e-05
4.0045e-05
4.00467e-05
4.0049e-05
4.0052e-05
4.00558e-05
4.00605e-05
4.00654e-05
4.00738e-05
4.00806e-05
4.00442e-05
4.0044e-05
4.00442e-05
4.0045e-05
4.00456e-05
4.0046e-05
4.00465e-05
4.0047e-05
4.00474e-05
4.00479e-05
4.00482e-05
4.00484e-05
4.00486e-05
4.00487e-05
4.00486e-05
4.00484e-05
4.00482e-05
4.0048e-05
4.00479e-05
4.00479e-05
4.0048e-05
4.00482e-05
4.00483e-05
4.0048e-05
4.00474e-05
4.00469e-05
4.0046e-05
4.00465e-05
4.00462e-05
4.00416e-05
4.00689e-05
4.00297e-05
3.99819e-05
4.05937e-05
3.87555e-05
4.06396e-05
4.73832e-05
3.34224e-05
1.91962e-06
4.00448e-05
4.00451e-05
4.00428e-05
4.00393e-05
4.00365e-05
4.00346e-05
4.00335e-05
4.0033e-05
4.0033e-05
4.00333e-05
4.00339e-05
4.00346e-05
4.00355e-05
4.00364e-05
4.00374e-05
4.00384e-05
4.00393e-05
4.00402e-05
4.0041e-05
4.00417e-05
4.00423e-05
4.00427e-05
4.00429e-05
4.00429e-05
4.00427e-05
4.00423e-05
4.0042e-05
4.00418e-05
4.00419e-05
4.00424e-05
4.00434e-05
4.00449e-05
4.00469e-05
4.00498e-05
4.00533e-05
4.00577e-05
4.00624e-05
4.00705e-05
4.00768e-05
4.00456e-05
4.0045e-05
4.0045e-05
4.00457e-05
4.00463e-05
4.00468e-05
4.00474e-05
4.00479e-05
4.00484e-05
4.00489e-05
4.00493e-05
4.00496e-05
4.00498e-05
4.00499e-05
4.00499e-05
4.00498e-05
4.00495e-05
4.00493e-05
4.00492e-05
4.00491e-05
4.00492e-05
4.00494e-05
4.00494e-05
4.00489e-05
4.00481e-05
4.00473e-05
4.00463e-05
4.00463e-05
4.00467e-05
4.00404e-05
4.00632e-05
4.00376e-05
3.99637e-05
4.05308e-05
3.90154e-05
4.01269e-05
4.63532e-05
3.79528e-05
2.26339e-06
4.00474e-05
4.00485e-05
4.00465e-05
4.00427e-05
4.00394e-05
4.00367e-05
4.00348e-05
4.00335e-05
4.00328e-05
4.00327e-05
4.00328e-05
4.00333e-05
4.00341e-05
4.00349e-05
4.00359e-05
4.00369e-05
4.00379e-05
4.00389e-05
4.00398e-05
4.00406e-05
4.00413e-05
4.00417e-05
4.0042e-05
4.0042e-05
4.00417e-05
4.00413e-05
4.00409e-05
4.00407e-05
4.00407e-05
4.00411e-05
4.00418e-05
4.00431e-05
4.0045e-05
4.00476e-05
4.00509e-05
4.0055e-05
4.00594e-05
4.00671e-05
4.00729e-05
4.00482e-05
4.0047e-05
4.00467e-05
4.00472e-05
4.00476e-05
4.0048e-05
4.00486e-05
4.00491e-05
4.00497e-05
4.00502e-05
4.00506e-05
4.00509e-05
4.00512e-05
4.00513e-05
4.00513e-05
4.00513e-05
4.00511e-05
4.00508e-05
4.00506e-05
4.00505e-05
4.00505e-05
4.00506e-05
4.00504e-05
4.00498e-05
4.00489e-05
4.0048e-05
4.00473e-05
4.00468e-05
4.00479e-05
4.00415e-05
4.00581e-05
4.00501e-05
3.99439e-05
4.04849e-05
3.93215e-05
3.9193e-05
4.6255e-05
4.13861e-05
3.35957e-06
4.00509e-05
4.00524e-05
4.00508e-05
4.00472e-05
4.00436e-05
4.00404e-05
4.00377e-05
4.00357e-05
4.00343e-05
4.00334e-05
4.0033e-05
4.0033e-05
4.00334e-05
4.0034e-05
4.00348e-05
4.00357e-05
4.00366e-05
4.00376e-05
4.00385e-05
4.00394e-05
4.00401e-05
4.00406e-05
4.00409e-05
4.00409e-05
4.00406e-05
4.00402e-05
4.00398e-05
4.00395e-05
4.00395e-05
4.00397e-05
4.00404e-05
4.00415e-05
4.00432e-05
4.00455e-05
4.00485e-05
4.00524e-05
4.00565e-05
4.00639e-05
4.0069e-05
4.00515e-05
4.00498e-05
4.00491e-05
4.00492e-05
4.00493e-05
4.00496e-05
4.00501e-05
4.00506e-05
4.00511e-05
4.00517e-05
4.00521e-05
4.00525e-05
4.00527e-05
4.00529e-05
4.00529e-05
4.00529e-05
4.00527e-05
4.00525e-05
4.00522e-05
4.0052e-05
4.00519e-05
4.00519e-05
4.00516e-05
4.00508e-05
4.00499e-05
4.00491e-05
4.00486e-05
4.0048e-05
4.00494e-05
4.00444e-05
4.00534e-05
4.00638e-05
3.99342e-05
4.0437e-05
3.95226e-05
3.87539e-05
4.6053e-05
4.28057e-05
4.324e-06
4.00546e-05
4.00559e-05
4.00548e-05
4.00517e-05
4.00482e-05
4.00449e-05
4.00419e-05
4.00393e-05
4.00372e-05
4.00356e-05
4.00346e-05
4.0034e-05
4.00338e-05
4.0034e-05
4.00344e-05
4.0035e-05
4.00357e-05
4.00366e-05
4.00374e-05
4.00382e-05
4.00388e-05
4.00393e-05
4.00396e-05
4.00396e-05
4.00393e-05
4.00389e-05
4.00385e-05
4.00382e-05
4.00381e-05
4.00383e-05
4.00389e-05
4.00398e-05
4.00414e-05
4.00435e-05
4.00463e-05
4.00498e-05
4.00537e-05
4.00606e-05
4.00652e-05
4.00547e-05
4.00527e-05
4.00517e-05
4.00515e-05
4.00514e-05
4.00514e-05
4.00517e-05
4.00522e-05
4.00527e-05
4.00532e-05
4.00537e-05
4.00541e-05
4.00544e-05
4.00546e-05
4.00547e-05
4.00547e-05
4.00546e-05
4.00543e-05
4.0054e-05
4.00537e-05
4.00535e-05
4.00533e-05
4.00528e-05
4.0052e-05
4.00513e-05
4.00507e-05
4.00504e-05
4.005e-05
4.00513e-05
4.00485e-05
4.00501e-05
4.00749e-05
3.99391e-05
4.03663e-05
3.97283e-05
3.87057e-05
4.45888e-05
4.45865e-05
1.78784e-05
4.00574e-05
4.00579e-05
4.00571e-05
4.00548e-05
4.00521e-05
4.00492e-05
4.00462e-05
4.00435e-05
4.0041e-05
4.0039e-05
4.00374e-05
4.00362e-05
4.00354e-05
4.00351e-05
4.0035e-05
4.00352e-05
4.00356e-05
4.00361e-05
4.00367e-05
4.00373e-05
4.00378e-05
4.00382e-05
4.00384e-05
4.00383e-05
4.0038e-05
4.00376e-05
4.00371e-05
4.00368e-05
4.00367e-05
4.00369e-05
4.00373e-05
4.00382e-05
4.00395e-05
4.00415e-05
4.0044e-05
4.00473e-05
4.0051e-05
4.00575e-05
4.00614e-05
4.00569e-05
4.00551e-05
4.0054e-05
4.00536e-05
4.00533e-05
4.00532e-05
4.00534e-05
4.00537e-05
4.00542e-05
4.00547e-05
4.00552e-05
4.00557e-05
4.0056e-05
4.00563e-05
4.00565e-05
4.00565e-05
4.00565e-05
4.00563e-05
4.0056e-05
4.00556e-05
4.00553e-05
4.00549e-05
4.00543e-05
4.00536e-05
4.00531e-05
4.00528e-05
4.00527e-05
4.00525e-05
4.00534e-05
4.00533e-05
4.00492e-05
4.00804e-05
3.99609e-05
4.02656e-05
3.99889e-05
3.86623e-05
4.28429e-05
4.7121e-05
2.31361e-05
4.00583e-05
4.00577e-05
4.0057e-05
4.00556e-05
4.00539e-05
4.00519e-05
4.00496e-05
4.00472e-05
4.00449e-05
4.00427e-05
4.00408e-05
4.00393e-05
4.00381e-05
4.00372e-05
4.00366e-05
4.00363e-05
4.00363e-05
4.00364e-05
4.00366e-05
4.00369e-05
4.00372e-05
4.00374e-05
4.00374e-05
4.00372e-05
4.00368e-05
4.00362e-05
4.00358e-05
4.00355e-05
4.00353e-05
4.00354e-05
4.00357e-05
4.00365e-05
4.00377e-05
4.00395e-05
4.00418e-05
4.00449e-05
4.00483e-05
4.00544e-05
4.00577e-05
4.00573e-05
4.00562e-05
4.00553e-05
4.0055e-05
4.00547e-05
4.00546e-05
4.00547e-05
4.0055e-05
4.00555e-05
4.0056e-05
4.00565e-05
4.0057e-05
4.00575e-05
4.00578e-05
4.00581e-05
4.00583e-05
4.00583e-05
4.00582e-05
4.0058e-05
4.00576e-05
4.00572e-05
4.00568e-05
4.00561e-05
4.00557e-05
4.00555e-05
4.00554e-05
4.00555e-05
4.00557e-05
4.00563e-05
4.00578e-05
4.00514e-05
4.00801e-05
3.99966e-05
4.01465e-05
4.02546e-05
3.86841e-05
4.13325e-05
4.75355e-05
3.15447e-05
4.00568e-05
4.00549e-05
4.00541e-05
4.00535e-05
4.00528e-05
4.0052e-05
4.00508e-05
4.00493e-05
4.00476e-05
4.00458e-05
4.0044e-05
4.00424e-05
4.0041e-05
4.00398e-05
4.00389e-05
4.00382e-05
4.00378e-05
4.00375e-05
4.00373e-05
4.00373e-05
4.00372e-05
4.00371e-05
4.00369e-05
4.00364e-05
4.00358e-05
4.00351e-05
4.00346e-05
4.00341e-05
4.00339e-05
4.00339e-05
4.00342e-05
4.00348e-05
4.00359e-05
4.00375e-05
4.00397e-05
4.00425e-05
4.00457e-05
4.00513e-05
4.00541e-05
4.00555e-05
4.00554e-05
4.00551e-05
4.00552e-05
4.00551e-05
4.00552e-05
4.00554e-05
4.00558e-05
4.00563e-05
4.00569e-05
4.00575e-05
4.0058e-05
4.00586e-05
4.00591e-05
4.00595e-05
4.00598e-05
4.006e-05
4.006e-05
4.006e-05
4.00597e-05
4.00593e-05
4.00588e-05
4.00584e-05
4.00582e-05
4.00582e-05
4.00582e-05
4.00585e-05
4.0059e-05
4.00596e-05
4.00618e-05
4.00569e-05
4.00751e-05
4.00377e-05
4.0044e-05
4.04166e-05
3.89354e-05
3.99972e-05
4.71627e-05
3.83725e-05
4.00531e-05
4.00501e-05
4.0049e-05
4.00486e-05
4.00488e-05
4.00491e-05
4.00492e-05
4.00488e-05
4.0048e-05
4.0047e-05
4.00458e-05
4.00446e-05
4.00434e-05
4.00423e-05
4.00413e-05
4.00404e-05
4.00397e-05
4.00391e-05
4.00386e-05
4.00382e-05
4.00378e-05
4.00374e-05
4.00368e-05
4.00361e-05
4.00352e-05
4.00344e-05
4.00336e-05
4.0033e-05
4.00327e-05
4.00325e-05
4.00327e-05
4.00332e-05
4.00341e-05
4.00356e-05
4.00376e-05
4.00402e-05
4.00431e-05
4.00483e-05
4.00506e-05
4.00518e-05
4.00528e-05
4.00534e-05
4.0054e-05
4.00544e-05
4.00548e-05
4.00553e-05
4.00558e-05
4.00565e-05
4.00572e-05
4.00579e-05
4.00586e-05
4.00593e-05
4.00599e-05
4.00604e-05
4.00609e-05
4.00613e-05
4.00615e-05
4.00616e-05
4.00616e-05
4.00613e-05
4.0061e-05
4.00608e-05
4.00608e-05
4.00609e-05
4.00611e-05
4.00615e-05
4.00623e-05
4.0063e-05
4.00651e-05
4.00634e-05
4.00699e-05
4.00718e-05
3.99902e-05
4.04144e-05
3.94376e-05
3.89291e-05
4.58502e-05
4.24618e-05
4.00478e-05
4.00444e-05
4.00427e-05
4.00421e-05
4.00426e-05
4.00436e-05
4.00447e-05
4.00455e-05
4.00458e-05
4.00458e-05
4.00455e-05
4.0045e-05
4.00444e-05
4.00437e-05
4.0043e-05
4.00422e-05
4.00415e-05
4.00408e-05
4.00401e-05
4.00395e-05
4.00388e-05
4.00381e-05
4.00373e-05
4.00362e-05
4.00351e-05
4.00339e-05
4.0033e-05
4.00322e-05
4.00317e-05
4.00314e-05
4.00314e-05
4.00317e-05
4.00325e-05
4.00337e-05
4.00355e-05
4.00379e-05
4.00406e-05
4.00454e-05
4.00471e-05
4.0047e-05
4.0049e-05
4.00504e-05
4.00518e-05
4.00528e-05
4.00536e-05
4.00544e-05
4.00553e-05
4.00561e-05
4.0057e-05
4.00578e-05
4.00587e-05
4.00594e-05
4.00602e-05
4.00609e-05
4.00616e-05
4.00621e-05
4.00626e-05
4.00629e-05
4.00631e-05
4.00631e-05
4.0063e-05
4.0063e-05
4.00632e-05
4.00636e-05
4.0064e-05
4.00645e-05
4.00654e-05
4.00664e-05
4.00681e-05
4.00692e-05
4.00684e-05
4.0089e-05
3.99936e-05
4.02873e-05
3.9983e-05
3.84364e-05
4.37059e-05
4.50746e-05
4.00423e-05
4.00391e-05
4.00368e-05
4.00356e-05
4.00357e-05
4.00367e-05
4.00382e-05
4.00398e-05
4.0041e-05
4.0042e-05
4.00427e-05
4.00431e-05
4.00433e-05
4.00433e-05
4.00432e-05
4.00429e-05
4.00424e-05
4.00419e-05
4.00413e-05
4.00406e-05
4.00399e-05
4.0039e-05
4.00379e-05
4.00367e-05
4.00353e-05
4.00339e-05
4.00327e-05
4.00317e-05
4.0031e-05
4.00305e-05
4.00303e-05
4.00304e-05
4.0031e-05
4.0032e-05
4.00336e-05
4.00357e-05
4.00381e-05
4.00425e-05
4.00438e-05
4.00423e-05
4.0045e-05
4.00471e-05
4.00491e-05
4.00506e-05
4.00519e-05
4.00531e-05
4.00543e-05
4.00554e-05
4.00564e-05
4.00574e-05
4.00584e-05
4.00593e-05
4.00601e-05
4.0061e-05
4.00618e-05
4.00625e-05
4.00632e-05
4.00637e-05
4.00641e-05
4.00644e-05
4.00646e-05
4.00649e-05
4.00654e-05
4.0066e-05
4.00666e-05
4.00674e-05
4.00684e-05
4.00697e-05
4.00712e-05
4.00735e-05
4.00713e-05
4.00904e-05
4.00321e-05
4.01389e-05
4.03209e-05
3.86594e-05
4.13973e-05
4.51516e-05
4.00382e-05
4.00358e-05
4.0033e-05
4.00307e-05
4.00298e-05
4.00301e-05
4.00313e-05
4.00329e-05
4.00346e-05
4.00362e-05
4.00376e-05
4.00389e-05
4.004e-05
4.00408e-05
4.00415e-05
4.00418e-05
4.0042e-05
4.00419e-05
4.00416e-05
4.00411e-05
4.00405e-05
4.00396e-05
4.00385e-05
4.00371e-05
4.00356e-05
4.0034e-05
4.00326e-05
4.00315e-05
4.00305e-05
4.00298e-05
4.00294e-05
4.00294e-05
4.00297e-05
4.00305e-05
4.00318e-05
4.00336e-05
4.00358e-05
4.00398e-05
4.00406e-05
4.00391e-05
4.00418e-05
4.00443e-05
4.00467e-05
4.00486e-05
4.00503e-05
4.00518e-05
4.00532e-05
4.00546e-05
4.00558e-05
4.00569e-05
4.00579e-05
4.00589e-05
4.00599e-05
4.00608e-05
4.00617e-05
4.00626e-05
4.00634e-05
4.00641e-05
4.00648e-05
4.00653e-05
4.00658e-05
4.00664e-05
4.00672e-05
4.00681e-05
4.0069e-05
4.007e-05
4.00712e-05
4.00727e-05
4.00743e-05
4.00767e-05
4.00763e-05
4.00863e-05
4.00702e-05
4.00535e-05
4.0375e-05
3.92965e-05
3.98108e-05
4.34322e-05
4.00363e-05
4.00351e-05
4.00322e-05
4.00287e-05
4.00265e-05
4.00255e-05
4.00256e-05
4.00265e-05
4.00279e-05
4.00296e-05
4.00313e-05
4.00331e-05
4.00348e-05
4.00364e-05
4.00378e-05
4.00389e-05
4.00398e-05
4.00403e-05
4.00406e-05
4.00405e-05
4.00402e-05
4.00395e-05
4.00385e-05
4.00372e-05
4.00357e-05
4.00341e-05
4.00326e-05
4.00313e-05
4.00302e-05
4.00294e-05
4.00288e-05
4.00285e-05
4.00286e-05
4.00292e-05
4.00303e-05
4.00318e-05
4.00337e-05
4.00372e-05
4.00376e-05
4.00381e-05
4.00403e-05
4.00427e-05
4.00453e-05
4.00473e-05
4.00492e-05
4.0051e-05
4.00526e-05
4.0054e-05
4.00554e-05
4.00566e-05
4.00577e-05
4.00587e-05
4.00597e-05
4.00606e-05
4.00616e-05
4.00625e-05
4.00634e-05
4.00642e-05
4.0065e-05
4.00658e-05
4.00665e-05
4.00674e-05
4.00685e-05
4.00697e-05
4.0071e-05
4.00723e-05
4.00737e-05
4.00754e-05
4.00773e-05
4.00795e-05
4.00808e-05
4.00845e-05
4.00896e-05
4.00421e-05
4.02666e-05
3.98714e-05
3.93103e-05
4.14211e-05
4.00372e-05
4.00372e-05
4.00344e-05
4.00302e-05
4.00265e-05
4.0024e-05
4.00226e-05
4.00223e-05
4.00227e-05
4.00237e-05
4.00252e-05
4.0027e-05
4.00289e-05
4.00309e-05
4.00328e-05
4.00345e-05
4.0036e-05
4.00372e-05
4.00381e-05
4.00386e-05
4.00387e-05
4.00384e-05
4.00377e-05
4.00367e-05
4.00353e-05
4.00338e-05
4.00323e-05
4.0031e-05
4.00299e-05
4.00289e-05
4.00282e-05
4.00278e-05
4.00277e-05
4.00281e-05
4.0029e-05
4.00302e-05
4.00318e-05
4.00348e-05
4.00349e-05
4.00393e-05
4.00406e-05
4.00427e-05
4.00451e-05
4.00471e-05
4.0049e-05
4.00509e-05
4.00525e-05
4.00541e-05
4.00554e-05
4.00567e-05
4.00578e-05
4.00588e-05
4.00598e-05
4.00607e-05
4.00616e-05
4.00625e-05
4.00634e-05
4.00643e-05
4.00652e-05
4.00661e-05
4.00669e-05
4.0068e-05
4.00694e-05
4.00709e-05
4.00725e-05
4.00741e-05
4.00758e-05
4.00778e-05
4.00799e-05
4.00821e-05
4.00843e-05
4.00859e-05
4.00944e-05
4.00645e-05
4.01521e-05
4.01476e-05
3.95167e-05
4.01748e-05
4.00402e-05
4.00411e-05
4.00389e-05
4.00343e-05
4.00298e-05
4.00259e-05
4.0023e-05
4.00212e-05
4.00203e-05
4.00201e-05
4.00207e-05
4.00219e-05
4.00235e-05
4.00254e-05
4.00275e-05
4.00295e-05
4.00313e-05
4.0033e-05
4.00344e-05
4.00354e-05
4.0036e-05
4.00362e-05
4.00359e-05
4.00352e-05
4.00341e-05
4.00328e-05
4.00316e-05
4.00303e-05
4.00292e-05
4.00283e-05
4.00276e-05
4.00271e-05
4.00269e-05
4.00271e-05
4.00278e-05
4.00288e-05
4.00302e-05
4.00327e-05
4.00325e-05
4.00422e-05
4.00426e-05
4.0044e-05
4.0046e-05
4.00478e-05
4.00497e-05
4.00514e-05
4.00531e-05
4.00546e-05
4.0056e-05
4.00573e-05
4.00584e-05
4.00594e-05
4.00603e-05
4.00611e-05
4.0062e-05
4.00628e-05
4.00637e-05
4.00645e-05
4.00654e-05
4.00663e-05
4.00673e-05
4.00685e-05
4.007e-05
4.00717e-05
4.00735e-05
4.00754e-05
4.00774e-05
4.00797e-05
4.0082e-05
4.00844e-05
4.00869e-05
4.00886e-05
4.00943e-05
4.00855e-05
4.00978e-05
4.01898e-05
3.98616e-05
3.98114e-05
4.00442e-05
4.00454e-05
4.00439e-05
4.00397e-05
4.0035e-05
4.00305e-05
4.00265e-05
4.00233e-05
4.0021e-05
4.00196e-05
4.0019e-05
4.00192e-05
4.002e-05
4.00213e-05
4.00229e-05
4.00247e-05
4.00266e-05
4.00285e-05
4.00301e-05
4.00314e-05
4.00325e-05
4.00331e-05
4.00332e-05
4.00329e-05
4.00321e-05
4.00312e-05
4.00302e-05
4.00292e-05
4.00282e-05
4.00274e-05
4.00267e-05
4.00263e-05
4.0026e-05
4.00262e-05
4.00267e-05
4.00275e-05
4.00287e-05
4.00309e-05
4.00305e-05
4.00455e-05
4.00451e-05
4.0046e-05
4.00475e-05
4.0049e-05
4.00507e-05
4.00523e-05
4.00539e-05
4.00555e-05
4.00569e-05
4.00581e-05
4.00593e-05
4.00603e-05
4.00611e-05
4.0062e-05
4.00628e-05
4.00635e-05
4.00643e-05
4.00651e-05
4.00659e-05
4.00667e-05
4.00677e-05
4.00689e-05
4.00705e-05
4.00723e-05
4.00742e-05
4.00763e-05
4.00786e-05
4.0081e-05
4.00836e-05
4.00862e-05
4.00889e-05
4.00911e-05
4.00946e-05
4.00957e-05
4.00891e-05
4.01506e-05
4.00649e-05
3.98899e-05
4.00477e-05
4.00486e-05
4.00477e-05
4.00445e-05
4.00404e-05
4.0036e-05
4.00317e-05
4.00277e-05
4.00244e-05
4.00218e-05
4.00201e-05
4.00191e-05
4.00189e-05
4.00193e-05
4.00202e-05
4.00214e-05
4.00229e-05
4.00245e-05
4.00261e-05
4.00275e-05
4.00287e-05
4.00295e-05
4.00299e-05
4.00299e-05
4.00295e-05
4.00289e-05
4.00282e-05
4.00275e-05
4.00268e-05
4.00261e-05
4.00256e-05
4.00253e-05
4.00251e-05
4.00252e-05
4.00256e-05
4.00264e-05
4.00275e-05
4.00294e-05
4.00288e-05
4.00479e-05
4.00472e-05
4.00476e-05
4.00488e-05
4.005e-05
4.00514e-05
4.0053e-05
4.00546e-05
4.00561e-05
4.00576e-05
4.00589e-05
4.00601e-05
4.00612e-05
4.00621e-05
4.0063e-05
4.00638e-05
4.00645e-05
4.00652e-05
4.00659e-05
4.00667e-05
4.00675e-05
4.00683e-05
4.00695e-05
4.0071e-05
4.00728e-05
4.00747e-05
4.00768e-05
4.00792e-05
4.00819e-05
4.00847e-05
4.00876e-05
4.00904e-05
4.0093e-05
4.00957e-05
4.0099e-05
4.0095e-05
4.01177e-05
4.01263e-05
4.0028e-05
4.00494e-05
4.00495e-05
4.0049e-05
4.00471e-05
4.00442e-05
4.00407e-05
4.00367e-05
4.00327e-05
4.0029e-05
4.00258e-05
4.00232e-05
4.00214e-05
4.00202e-05
4.00196e-05
4.00196e-05
4.00201e-05
4.00208e-05
4.00219e-05
4.0023e-05
4.00242e-05
4.00253e-05
4.00261e-05
4.00266e-05
4.00267e-05
4.00265e-05
4.00262e-05
4.00258e-05
4.00253e-05
4.00249e-05
4.00245e-05
4.00242e-05
4.0024e-05
4.00239e-05
4.00241e-05
4.00245e-05
4.00252e-05
4.00263e-05
4.00279e-05
4.00274e-05
4.00486e-05
4.00481e-05
4.00483e-05
4.00491e-05
4.00502e-05
4.00514e-05
4.00529e-05
4.00545e-05
4.00561e-05
4.00576e-05
4.00591e-05
4.00605e-05
4.00617e-05
4.00628e-05
4.00638e-05
4.00647e-05
4.00655e-05
4.00662e-05
4.00669e-05
4.00676e-05
4.00684e-05
4.00692e-05
4.00703e-05
4.00717e-05
4.00734e-05
4.00752e-05
4.00773e-05
4.00797e-05
4.00824e-05
4.00853e-05
4.00883e-05
4.00913e-05
4.00942e-05
4.00968e-05
4.01e-05
4.01004e-05
4.01058e-05
4.01264e-05
4.01001e-05
4.00486e-05
4.00477e-05
4.00473e-05
4.00464e-05
4.0045e-05
4.00428e-05
4.00398e-05
4.00364e-05
4.0033e-05
4.00298e-05
4.0027e-05
4.00248e-05
4.0023e-05
4.00218e-05
4.0021e-05
4.00206e-05
4.00206e-05
4.0021e-05
4.00215e-05
4.00222e-05
4.00229e-05
4.00235e-05
4.00238e-05
4.00239e-05
4.00237e-05
4.00235e-05
4.00232e-05
4.00229e-05
4.00227e-05
4.00225e-05
4.00224e-05
4.00224e-05
4.00225e-05
4.00228e-05
4.00233e-05
4.0024e-05
4.0025e-05
4.00265e-05
4.0026e-05
4.00472e-05
4.00473e-05
4.00476e-05
4.00484e-05
4.00493e-05
4.00505e-05
4.00519e-05
4.00534e-05
4.0055e-05
4.00567e-05
4.00583e-05
4.00599e-05
4.00613e-05
4.00627e-05
4.00639e-05
4.0065e-05
4.0066e-05
4.00669e-05
4.00678e-05
4.00686e-05
4.00694e-05
4.00702e-05
4.00712e-05
4.00725e-05
4.00741e-05
4.00757e-05
4.00777e-05
4.00799e-05
4.00826e-05
4.00855e-05
4.00886e-05
4.00917e-05
4.00947e-05
4.00975e-05
4.01004e-05
4.01027e-05
4.01044e-05
4.01169e-05
4.01194e-05
4.00456e-05
4.00437e-05
4.0043e-05
4.00427e-05
4.00424e-05
4.00416e-05
4.00398e-05
4.00374e-05
4.00347e-05
4.00321e-05
4.00297e-05
4.00276e-05
4.00259e-05
4.00244e-05
4.00233e-05
4.00224e-05
4.00219e-05
4.00216e-05
4.00215e-05
4.00216e-05
4.00217e-05
4.00219e-05
4.00219e-05
4.00217e-05
4.00214e-05
4.00211e-05
4.00208e-05
4.00206e-05
4.00205e-05
4.00204e-05
4.00204e-05
4.00205e-05
4.00208e-05
4.00212e-05
4.00218e-05
4.00226e-05
4.00236e-05
4.0025e-05
4.00247e-05
4.00441e-05
4.0045e-05
4.00457e-05
4.00467e-05
4.00476e-05
4.00487e-05
4.00501e-05
4.00515e-05
4.00531e-05
4.00548e-05
4.00566e-05
4.00583e-05
4.006e-05
4.00616e-05
4.00631e-05
4.00645e-05
4.00658e-05
4.0067e-05
4.00681e-05
4.00691e-05
4.007e-05
4.0071e-05
4.00721e-05
4.00734e-05
4.00748e-05
4.00764e-05
4.00781e-05
4.00802e-05
4.00826e-05
4.00854e-05
4.00885e-05
4.00917e-05
4.00948e-05
4.00977e-05
4.01005e-05
4.01033e-05
4.01051e-05
4.01116e-05
4.01192e-05
4.00411e-05
4.00386e-05
4.00372e-05
4.00368e-05
4.00371e-05
4.00372e-05
4.00365e-05
4.00351e-05
4.00333e-05
4.00315e-05
4.00299e-05
4.00285e-05
4.00273e-05
4.00262e-05
4.00252e-05
4.00243e-05
4.00235e-05
4.00229e-05
4.00224e-05
4.0022e-05
4.00217e-05
4.00214e-05
4.0021e-05
4.00205e-05
4.00199e-05
4.00193e-05
4.00189e-05
4.00186e-05
4.00184e-05
4.00184e-05
4.00184e-05
4.00186e-05
4.00189e-05
4.00194e-05
4.00201e-05
4.00209e-05
4.0022e-05
4.00234e-05
4.00234e-05
4.00402e-05
4.00419e-05
4.00432e-05
4.00445e-05
4.00456e-05
4.00467e-05
4.0048e-05
4.00493e-05
4.00508e-05
4.00524e-05
4.00541e-05
4.00559e-05
4.00577e-05
4.00595e-05
4.00613e-05
4.0063e-05
4.00646e-05
4.00662e-05
4.00676e-05
4.00689e-05
4.00701e-05
4.00713e-05
4.00726e-05
4.00741e-05
4.00755e-05
4.0077e-05
4.00786e-05
4.00804e-05
4.00827e-05
4.00853e-05
4.00882e-05
4.00912e-05
4.00943e-05
4.00973e-05
4.01001e-05
4.01029e-05
4.01052e-05
4.01095e-05
4.01158e-05
4.00364e-05
4.00336e-05
4.00314e-05
4.00304e-05
4.00305e-05
4.00307e-05
4.00305e-05
4.00297e-05
4.00288e-05
4.00279e-05
4.00272e-05
4.00267e-05
4.00263e-05
4.0026e-05
4.00256e-05
4.00251e-05
4.00246e-05
4.0024e-05
4.00235e-05
4.00229e-05
4.00223e-05
4.00217e-05
4.00209e-05
4.00201e-05
4.00191e-05
4.00183e-05
4.00176e-05
4.00171e-05
4.00168e-05
4.00167e-05
4.00167e-05
4.00168e-05
4.00171e-05
4.00176e-05
4.00183e-05
4.00192e-05
4.00204e-05
4.00217e-05
4.0022e-05
4.00364e-05
4.00388e-05
4.00407e-05
4.00424e-05
4.00438e-05
4.00451e-05
4.00463e-05
4.00475e-05
4.00488e-05
4.00502e-05
4.00517e-05
4.00534e-05
4.00551e-05
4.00569e-05
4.00588e-05
4.00607e-05
4.00626e-05
4.00644e-05
4.00662e-05
4.00679e-05
4.00694e-05
4.0071e-05
4.00725e-05
4.00742e-05
4.00758e-05
4.00773e-05
4.00789e-05
4.00806e-05
4.00827e-05
4.0085e-05
4.00877e-05
4.00905e-05
4.00935e-05
4.00964e-05
4.00992e-05
4.0102e-05
4.01045e-05
4.01082e-05
4.0113e-05
4.00325e-05
4.00298e-05
4.00271e-05
4.0025e-05
4.00243e-05
4.00239e-05
4.00234e-05
4.00228e-05
4.00222e-05
4.0022e-05
4.0022e-05
4.00224e-05
4.00228e-05
4.00233e-05
4.00237e-05
4.0024e-05
4.00241e-05
4.0024e-05
4.00237e-05
4.00233e-05
4.00228e-05
4.00221e-05
4.00212e-05
4.00201e-05
4.0019e-05
4.00179e-05
4.0017e-05
4.00163e-05
4.00158e-05
4.00154e-05
4.00153e-05
4.00154e-05
4.00157e-05
4.00161e-05
4.00168e-05
4.00176e-05
4.00188e-05
4.002e-05
4.00206e-05
4.00335e-05
4.00362e-05
4.00387e-05
4.00409e-05
4.00426e-05
4.00441e-05
4.00453e-05
4.00465e-05
4.00476e-05
4.00487e-05
4.00499e-05
4.00513e-05
4.00528e-05
4.00544e-05
4.00562e-05
4.00581e-05
4.006e-05
4.0062e-05
4.0064e-05
4.0066e-05
4.00679e-05
4.00698e-05
4.00717e-05
4.00737e-05
4.00756e-05
4.00773e-05
4.00789e-05
4.00806e-05
4.00826e-05
4.00847e-05
4.00871e-05
4.00898e-05
4.00925e-05
4.00953e-05
4.0098e-05
4.01007e-05
4.01032e-05
4.01067e-05
4.01105e-05
4.00302e-05
4.0028e-05
4.00249e-05
4.00218e-05
4.00199e-05
4.00184e-05
4.00169e-05
4.00159e-05
4.00153e-05
4.00152e-05
4.00157e-05
4.00165e-05
4.00175e-05
4.00187e-05
4.00199e-05
4.00209e-05
4.00217e-05
4.00222e-05
4.00225e-05
4.00226e-05
4.00223e-05
4.00218e-05
4.00211e-05
4.00201e-05
4.00189e-05
4.00178e-05
4.00168e-05
4.00159e-05
4.00153e-05
4.00149e-05
4.00147e-05
4.00147e-05
4.00148e-05
4.00152e-05
4.00158e-05
4.00165e-05
4.00176e-05
4.00188e-05
4.00194e-05
4.00318e-05
4.00346e-05
4.00374e-05
4.00399e-05
4.00419e-05
4.00436e-05
4.00451e-05
4.00463e-05
4.00473e-05
4.00482e-05
4.00491e-05
4.00501e-05
4.00512e-05
4.00525e-05
4.0054e-05
4.00557e-05
4.00575e-05
4.00594e-05
4.00615e-05
4.00636e-05
4.00657e-05
4.00679e-05
4.00701e-05
4.00724e-05
4.00745e-05
4.00765e-05
4.00784e-05
4.00802e-05
4.00822e-05
4.00842e-05
4.00865e-05
4.00889e-05
4.00913e-05
4.00939e-05
4.00964e-05
4.0099e-05
4.01014e-05
4.01048e-05
4.01081e-05
4.00294e-05
4.00278e-05
4.00248e-05
4.0021e-05
4.0018e-05
4.00152e-05
4.00126e-05
4.00108e-05
4.00099e-05
4.00096e-05
4.00099e-05
4.00107e-05
4.00119e-05
4.00133e-05
4.00149e-05
4.00164e-05
4.00177e-05
4.00189e-05
4.00198e-05
4.00204e-05
4.00207e-05
4.00206e-05
4.00202e-05
4.00194e-05
4.00185e-05
4.00175e-05
4.00167e-05
4.0016e-05
4.00154e-05
4.0015e-05
4.00148e-05
4.00147e-05
4.00149e-05
4.00151e-05
4.00156e-05
4.00163e-05
4.00172e-05
4.00182e-05
4.00188e-05
4.00313e-05
4.00337e-05
4.00364e-05
4.00391e-05
4.00413e-05
4.00433e-05
4.0045e-05
4.00463e-05
4.00474e-05
4.00483e-05
4.0049e-05
4.00498e-05
4.00506e-05
4.00515e-05
4.00526e-05
4.00539e-05
4.00554e-05
4.00571e-05
4.0059e-05
4.0061e-05
4.00632e-05
4.00654e-05
4.00678e-05
4.00704e-05
4.00728e-05
4.0075e-05
4.00772e-05
4.00792e-05
4.00813e-05
4.00834e-05
4.00856e-05
4.00878e-05
4.00901e-05
4.00924e-05
4.00947e-05
4.00971e-05
4.00993e-05
4.01025e-05
4.01054e-05
4.00297e-05
4.00288e-05
4.00262e-05
4.00222e-05
4.00184e-05
4.00146e-05
4.00111e-05
4.00086e-05
4.00071e-05
4.00064e-05
4.00064e-05
4.00068e-05
4.00077e-05
4.00089e-05
4.00103e-05
4.00118e-05
4.00134e-05
4.00148e-05
4.00161e-05
4.00171e-05
4.00179e-05
4.00183e-05
4.00183e-05
4.0018e-05
4.00174e-05
4.00169e-05
4.00164e-05
4.00159e-05
4.00156e-05
4.00155e-05
4.00154e-05
4.00155e-05
4.00156e-05
4.00159e-05
4.00163e-05
4.00169e-05
4.00177e-05
4.00185e-05
4.00191e-05
4.00312e-05
4.00332e-05
4.00356e-05
4.00381e-05
4.00403e-05
4.00425e-05
4.00444e-05
4.00459e-05
4.00472e-05
4.00483e-05
4.00491e-05
4.00498e-05
4.00505e-05
4.00511e-05
4.00519e-05
4.00528e-05
4.00539e-05
4.00553e-05
4.00568e-05
4.00586e-05
4.00607e-05
4.00628e-05
4.00652e-05
4.00678e-05
4.00704e-05
4.00729e-05
4.00752e-05
4.00775e-05
4.00798e-05
4.00821e-05
4.00843e-05
4.00865e-05
4.00887e-05
4.00908e-05
4.00928e-05
4.0095e-05
4.0097e-05
4.01e-05
4.01026e-05
4.00303e-05
4.00298e-05
4.00278e-05
4.00243e-05
4.00203e-05
4.00159e-05
4.00118e-05
4.00089e-05
4.00071e-05
4.00061e-05
4.00057e-05
4.00057e-05
4.0006e-05
4.00067e-05
4.00076e-05
4.00087e-05
4.001e-05
4.00114e-05
4.00126e-05
4.00138e-05
4.00147e-05
4.00154e-05
4.00158e-05
4.00159e-05
4.00158e-05
4.00156e-05
4.00155e-05
4.00155e-05
4.00156e-05
4.00158e-05
4.0016e-05
4.00163e-05
4.00166e-05
4.00171e-05
4.00176e-05
4.00181e-05
4.00189e-05
4.00196e-05
4.00201e-05
4.00311e-05
4.00325e-05
4.00344e-05
4.00366e-05
4.00386e-05
4.00406e-05
4.00426e-05
4.00444e-05
4.00459e-05
4.00473e-05
4.00484e-05
4.00494e-05
4.00501e-05
4.00508e-05
4.00514e-05
4.00521e-05
4.00529e-05
4.00539e-05
4.00551e-05
4.00566e-05
4.00584e-05
4.00604e-05
4.00626e-05
4.00651e-05
4.00677e-05
4.00702e-05
4.00727e-05
4.00752e-05
4.00776e-05
4.00801e-05
4.00825e-05
4.00848e-05
4.00869e-05
4.00889e-05
4.00908e-05
4.00928e-05
4.00946e-05
4.00973e-05
4.00996e-05
4.00305e-05
4.003e-05
4.00287e-05
4.00259e-05
4.00223e-05
4.00179e-05
4.00137e-05
4.00106e-05
4.00087e-05
4.00076e-05
4.00071e-05
4.00068e-05
4.00068e-05
4.0007e-05
4.00074e-05
4.0008e-05
4.00087e-05
4.00096e-05
4.00105e-05
4.00115e-05
4.00123e-05
4.0013e-05
4.00134e-05
4.00137e-05
4.00138e-05
4.0014e-05
4.00143e-05
4.00147e-05
4.00152e-05
4.00157e-05
4.00163e-05
4.00169e-05
4.00175e-05
4.00181e-05
4.00187e-05
4.00194e-05
4.00202e-05
4.00209e-05
4.00214e-05
4.00303e-05
4.00312e-05
4.00326e-05
4.00343e-05
4.00359e-05
4.00377e-05
4.00396e-05
4.00414e-05
4.00431e-05
4.00448e-05
4.00463e-05
4.00476e-05
4.00487e-05
4.00495e-05
4.00503e-05
4.0051e-05
4.00518e-05
4.00527e-05
4.00537e-05
4.0055e-05
4.00565e-05
4.00582e-05
4.00602e-05
4.00624e-05
4.00648e-05
4.00672e-05
4.00697e-05
4.00723e-05
4.00749e-05
4.00775e-05
4.00801e-05
4.00825e-05
4.00847e-05
4.00867e-05
4.00886e-05
4.00904e-05
4.0092e-05
4.00945e-05
4.00966e-05
4.00295e-05
4.00288e-05
4.00279e-05
4.0026e-05
4.00232e-05
4.00191e-05
4.00151e-05
4.00121e-05
4.00102e-05
4.00092e-05
4.00088e-05
4.00087e-05
4.00087e-05
4.00088e-05
4.0009e-05
4.00092e-05
4.00095e-05
4.00099e-05
4.00104e-05
4.00109e-05
4.00113e-05
4.00118e-05
4.0012e-05
4.00122e-05
4.00124e-05
4.00127e-05
4.00133e-05
4.0014e-05
4.00148e-05
4.00156e-05
4.00165e-05
4.00173e-05
4.00182e-05
4.0019e-05
4.00198e-05
4.00206e-05
4.00215e-05
4.00223e-05
4.00229e-05
4.00284e-05
4.00293e-05
4.00302e-05
4.00314e-05
4.00326e-05
4.0034e-05
4.00356e-05
4.00372e-05
4.00389e-05
4.00408e-05
4.00425e-05
4.00442e-05
4.00456e-05
4.00468e-05
4.00479e-05
4.0049e-05
4.005e-05
4.0051e-05
4.00521e-05
4.00533e-05
4.00547e-05
4.00562e-05
4.0058e-05
4.006e-05
4.00621e-05
4.00643e-05
4.00667e-05
4.00692e-05
4.00718e-05
4.00745e-05
4.00772e-05
4.00797e-05
4.00821e-05
4.00842e-05
4.0086e-05
4.00877e-05
4.00893e-05
4.00916e-05
4.00934e-05
4.00271e-05
4.00261e-05
4.00252e-05
4.00241e-05
4.00222e-05
4.00186e-05
4.00149e-05
4.0012e-05
4.00101e-05
4.00091e-05
4.0009e-05
4.00093e-05
4.00099e-05
4.00104e-05
4.00108e-05
4.00112e-05
4.00114e-05
4.00116e-05
4.00118e-05
4.0012e-05
4.00121e-05
4.00122e-05
4.00122e-05
4.00121e-05
4.00124e-05
4.00129e-05
4.00136e-05
4.00145e-05
4.00155e-05
4.00165e-05
4.00176e-05
4.00186e-05
4.00196e-05
4.00206e-05
4.00215e-05
4.00224e-05
4.00233e-05
4.00242e-05
4.00247e-05
4.00257e-05
4.00266e-05
4.00274e-05
4.00283e-05
4.00292e-05
4.00302e-05
4.00313e-05
4.00326e-05
4.00341e-05
4.00358e-05
4.00375e-05
4.00393e-05
4.00409e-05
4.00425e-05
4.00441e-05
4.00456e-05
4.0047e-05
4.00484e-05
4.00498e-05
4.00513e-05
4.00527e-05
4.00542e-05
4.00559e-05
4.00577e-05
4.00595e-05
4.00615e-05
4.00636e-05
4.00659e-05
4.00685e-05
4.00711e-05
4.00739e-05
4.00765e-05
4.00789e-05
4.00811e-05
4.00831e-05
4.00848e-05
4.00863e-05
4.00884e-05
4.00901e-05
4.00238e-05
4.00223e-05
4.00211e-05
4.00204e-05
4.00191e-05
4.0016e-05
4.00127e-05
4.00098e-05
4.00079e-05
4.0007e-05
4.00072e-05
4.0008e-05
4.00092e-05
4.00104e-05
4.00115e-05
4.00124e-05
4.00131e-05
4.00136e-05
4.0014e-05
4.00141e-05
4.00142e-05
4.00141e-05
4.0014e-05
4.00141e-05
4.00145e-05
4.00153e-05
4.00162e-05
4.00173e-05
4.00184e-05
4.00195e-05
4.00207e-05
4.00218e-05
4.00229e-05
4.00239e-05
4.00249e-05
4.00258e-05
4.00266e-05
4.00274e-05
4.00277e-05
4.00223e-05
4.00235e-05
4.00244e-05
4.00253e-05
4.00261e-05
4.00268e-05
4.00275e-05
4.00284e-05
4.00294e-05
4.00307e-05
4.00322e-05
4.00337e-05
4.00353e-05
4.00371e-05
4.00389e-05
4.00407e-05
4.00426e-05
4.00445e-05
4.00463e-05
4.00482e-05
4.00499e-05
4.00516e-05
4.00534e-05
4.00552e-05
4.00569e-05
4.00586e-05
4.00605e-05
4.00626e-05
4.00649e-05
4.00675e-05
4.00702e-05
4.00729e-05
4.00754e-05
4.00777e-05
4.00797e-05
4.00815e-05
4.0083e-05
4.00851e-05
4.00866e-05
4.00199e-05
4.0018e-05
4.00165e-05
4.00157e-05
4.00145e-05
4.00117e-05
4.00088e-05
4.00063e-05
4.00047e-05
4.00042e-05
4.00046e-05
4.00057e-05
4.00073e-05
4.0009e-05
4.00107e-05
4.00123e-05
4.00137e-05
4.00149e-05
4.00158e-05
4.00164e-05
4.00168e-05
4.0017e-05
4.00173e-05
4.00179e-05
4.00189e-05
4.002e-05
4.00211e-05
4.00223e-05
4.00235e-05
4.00247e-05
4.0026e-05
4.00272e-05
4.00283e-05
4.00294e-05
4.00304e-05
4.00313e-05
4.00322e-05
4.00329e-05
4.00327e-05
4.00189e-05
4.00204e-05
4.00216e-05
4.00227e-05
4.00235e-05
4.00241e-05
4.00246e-05
4.00252e-05
4.00258e-05
4.00266e-05
4.00275e-05
4.00286e-05
4.00298e-05
4.00313e-05
4.0033e-05
4.00349e-05
4.0037e-05
4.00392e-05
4.00414e-05
4.00437e-05
4.00458e-05
4.00479e-05
4.005e-05
4.00519e-05
4.00537e-05
4.00554e-05
4.00571e-05
4.0059e-05
4.00611e-05
4.00635e-05
4.00661e-05
4.00687e-05
4.00713e-05
4.00737e-05
4.00759e-05
4.00778e-05
4.00794e-05
4.00815e-05
4.00829e-05
4.00161e-05
4.0014e-05
4.00121e-05
4.00109e-05
4.00094e-05
4.0007e-05
4.00046e-05
4.00033e-05
4.00028e-05
4.00029e-05
4.00034e-05
4.00045e-05
4.0006e-05
4.00078e-05
4.00098e-05
4.00118e-05
4.00137e-05
4.00155e-05
4.0017e-05
4.00182e-05
4.00192e-05
4.00201e-05
4.00213e-05
4.00226e-05
4.00242e-05
4.00257e-05
4.00271e-05
4.00285e-05
4.00299e-05
4.00312e-05
4.00325e-05
4.00337e-05
4.00349e-05
4.00361e-05
4.00371e-05
4.00381e-05
4.0039e-05
4.00399e-05
4.00398e-05
4.00157e-05
4.00175e-05
4.00191e-05
4.00205e-05
4.00215e-05
4.00223e-05
4.00228e-05
4.00232e-05
4.00234e-05
4.00238e-05
4.00242e-05
4.00247e-05
4.00254e-05
4.00263e-05
4.00276e-05
4.00291e-05
4.0031e-05
4.00331e-05
4.00355e-05
4.00379e-05
4.00405e-05
4.00429e-05
4.00453e-05
4.00476e-05
4.00497e-05
4.00515e-05
4.00532e-05
4.00549e-05
4.00568e-05
4.0059e-05
4.00614e-05
4.00639e-05
4.00665e-05
4.00691e-05
4.00714e-05
4.00736e-05
4.00754e-05
4.00776e-05
4.00791e-05
4.0013e-05
4.00109e-05
4.00088e-05
4.0007e-05
4.0005e-05
4.00034e-05
4.00017e-05
4.00022e-05
4.00032e-05
4.00041e-05
4.0005e-05
4.0006e-05
4.00072e-05
4.00088e-05
4.00105e-05
4.00125e-05
4.00144e-05
4.00164e-05
4.00182e-05
4.00199e-05
4.00215e-05
4.00232e-05
4.0025e-05
4.0027e-05
4.00291e-05
4.0031e-05
4.00328e-05
4.00345e-05
4.00361e-05
4.00376e-05
4.0039e-05
4.00404e-05
4.00416e-05
4.00428e-05
4.00439e-05
4.0045e-05
4.00459e-05
4.0047e-05
4.00473e-05
4.00132e-05
4.00151e-05
4.00169e-05
4.00187e-05
4.002e-05
4.0021e-05
4.00217e-05
4.00222e-05
4.00223e-05
4.00224e-05
4.00224e-05
4.00224e-05
4.00225e-05
4.00228e-05
4.00234e-05
4.00243e-05
4.00256e-05
4.00273e-05
4.00294e-05
4.00318e-05
4.00343e-05
4.0037e-05
4.00397e-05
4.00424e-05
4.00448e-05
4.00468e-05
4.00487e-05
4.00504e-05
4.00522e-05
4.00541e-05
4.00562e-05
4.00585e-05
4.00609e-05
4.00634e-05
4.00658e-05
4.00682e-05
4.00703e-05
4.00727e-05
4.00745e-05
4.00107e-05
4.00088e-05
4.00066e-05
4.00043e-05
4.0002e-05
4.00016e-05
4.00009e-05
4.00032e-05
4.00057e-05
4.00076e-05
4.00091e-05
4.00103e-05
4.00115e-05
4.00128e-05
4.00142e-05
4.00156e-05
4.00172e-05
4.00189e-05
4.00207e-05
4.00224e-05
4.00243e-05
4.00263e-05
4.00285e-05
4.00309e-05
4.00333e-05
4.00356e-05
4.00377e-05
4.00397e-05
4.00415e-05
4.00432e-05
4.00448e-05
4.00462e-05
4.00476e-05
4.00488e-05
4.00499e-05
4.0051e-05
4.0052e-05
4.0053e-05
4.00536e-05
4.00117e-05
4.00136e-05
4.00155e-05
4.00173e-05
4.00188e-05
4.00201e-05
4.0021e-05
4.00215e-05
4.00216e-05
4.00217e-05
4.00215e-05
4.00213e-05
4.00211e-05
4.0021e-05
4.0021e-05
4.00214e-05
4.00221e-05
4.00232e-05
4.00248e-05
4.00268e-05
4.00291e-05
4.00317e-05
4.00345e-05
4.00374e-05
4.00402e-05
4.00426e-05
4.00448e-05
4.00467e-05
4.00484e-05
4.00502e-05
4.00519e-05
4.00539e-05
4.00559e-05
4.00581e-05
4.00603e-05
4.00626e-05
4.00647e-05
4.00672e-05
4.00692e-05
4.00096e-05
4.00079e-05
4.00057e-05
4.00031e-05
4.00008e-05
4.00014e-05
4.00017e-05
4.00055e-05
4.0009e-05
4.00119e-05
4.0014e-05
4.00157e-05
4.00171e-05
4.00184e-05
4.00195e-05
4.00207e-05
4.00218e-05
4.00231e-05
4.00244e-05
4.00259e-05
4.00276e-05
4.00295e-05
4.00316e-05
4.0034e-05
4.00364e-05
4.00388e-05
4.00411e-05
4.00432e-05
4.00452e-05
4.00471e-05
4.00488e-05
4.00504e-05
4.00517e-05
4.0053e-05
4.00541e-05
4.00552e-05
4.00561e-05
4.0057e-05
4.00576e-05
4.00107e-05
4.00125e-05
4.00143e-05
4.00161e-05
4.00177e-05
4.0019e-05
4.002e-05
4.00207e-05
4.00209e-05
4.0021e-05
4.00209e-05
4.00207e-05
4.00206e-05
4.00203e-05
4.00201e-05
4.002e-05
4.00201e-05
4.00207e-05
4.00216e-05
4.0023e-05
4.00249e-05
4.00271e-05
4.00297e-05
4.00326e-05
4.00355e-05
4.00382e-05
4.00407e-05
4.00429e-05
4.0045e-05
4.00468e-05
4.00486e-05
4.00504e-05
4.00523e-05
4.00542e-05
4.00561e-05
4.00581e-05
4.006e-05
4.00623e-05
4.00642e-05
4.00091e-05
4.00076e-05
4.00056e-05
4.00027e-05
4.00007e-05
4.00019e-05
4.0003e-05
4.00078e-05
4.00119e-05
4.00155e-05
4.00183e-05
4.00204e-05
4.00221e-05
4.00235e-05
4.00246e-05
4.00255e-05
4.00264e-05
4.00273e-05
4.00282e-05
4.00294e-05
4.00307e-05
4.00323e-05
4.00342e-05
4.00364e-05
4.00387e-05
4.00411e-05
4.00434e-05
4.00456e-05
4.00477e-05
4.00497e-05
4.00516e-05
4.00533e-05
4.00548e-05
4.00562e-05
4.00575e-05
4.00587e-05
4.00598e-05
4.00608e-05
4.00614e-05
4.00104e-05
4.00119e-05
4.00135e-05
4.0015e-05
4.00164e-05
4.00176e-05
4.00186e-05
4.00193e-05
4.00196e-05
4.00196e-05
4.00197e-05
4.00198e-05
4.00199e-05
4.00198e-05
4.00195e-05
4.00192e-05
4.00191e-05
4.00191e-05
4.00195e-05
4.00203e-05
4.00215e-05
4.00231e-05
4.00252e-05
4.00276e-05
4.00302e-05
4.00327e-05
4.00352e-05
4.00376e-05
4.00399e-05
4.0042e-05
4.0044e-05
4.00459e-05
4.00479e-05
4.00498e-05
4.00518e-05
4.00538e-05
4.00557e-05
4.00579e-05
4.00597e-05
4.00091e-05
4.00078e-05
4.0006e-05
4.00031e-05
4.00012e-05
4.00023e-05
4.00036e-05
4.0009e-05
4.00135e-05
4.00177e-05
4.0021e-05
4.00236e-05
4.00257e-05
4.00274e-05
4.00287e-05
4.00298e-05
4.00306e-05
4.00314e-05
4.00322e-05
4.00331e-05
4.00342e-05
4.00355e-05
4.00371e-05
4.0039e-05
4.00411e-05
4.00432e-05
4.00454e-05
4.00476e-05
4.00497e-05
4.00518e-05
4.00538e-05
4.00557e-05
4.00574e-05
4.0059e-05
4.00606e-05
4.0062e-05
4.00634e-05
4.00647e-05
4.00658e-05
4.00101e-05
4.00114e-05
4.00127e-05
4.00139e-05
4.00149e-05
4.00158e-05
4.00166e-05
4.00171e-05
4.00174e-05
4.00172e-05
4.00175e-05
4.0018e-05
4.00184e-05
4.00187e-05
4.00187e-05
4.00185e-05
4.00183e-05
4.00181e-05
4.00182e-05
4.00185e-05
4.00192e-05
4.00202e-05
4.00216e-05
4.00234e-05
4.00254e-05
4.00275e-05
4.00297e-05
4.00319e-05
4.00341e-05
4.00361e-05
4.0038e-05
4.004e-05
4.00419e-05
4.00439e-05
4.00459e-05
4.00481e-05
4.00502e-05
4.00527e-05
4.00549e-05
4.00091e-05
4.0008e-05
4.00063e-05
4.00036e-05
4.00016e-05
4.00023e-05
4.00035e-05
4.00092e-05
4.00139e-05
4.00185e-05
4.00222e-05
4.00252e-05
4.00277e-05
4.00297e-05
4.00314e-05
4.00327e-05
4.00337e-05
4.00346e-05
4.00354e-05
4.00362e-05
4.00371e-05
4.00382e-05
4.00395e-05
4.00411e-05
4.00429e-05
4.00449e-05
4.00469e-05
4.00489e-05
4.00509e-05
4.00529e-05
4.00549e-05
4.00568e-05
4.00586e-05
4.00604e-05
4.00621e-05
4.00637e-05
4.00653e-05
4.00668e-05
4.00683e-05
4.00098e-05
4.00109e-05
4.00118e-05
4.00127e-05
4.00134e-05
4.00139e-05
4.00143e-05
4.00144e-05
4.00145e-05
4.00138e-05
4.00142e-05
4.00151e-05
4.0016e-05
4.00167e-05
4.0017e-05
4.00172e-05
4.00171e-05
4.0017e-05
4.0017e-05
4.00171e-05
4.00174e-05
4.00179e-05
4.00188e-05
4.002e-05
4.00213e-05
4.00229e-05
4.00245e-05
4.00263e-05
4.00282e-05
4.003e-05
4.00318e-05
4.00335e-05
4.00353e-05
4.0037e-05
4.00389e-05
4.00409e-05
4.0043e-05
4.00456e-05
4.00482e-05
4.00088e-05
4.00078e-05
4.00063e-05
4.00039e-05
4.00017e-05
4.00019e-05
4.00031e-05
4.00089e-05
4.00137e-05
4.00186e-05
4.00225e-05
4.00257e-05
4.00283e-05
4.00305e-05
4.00324e-05
4.00339e-05
4.00352e-05
4.00363e-05
4.00372e-05
4.00382e-05
4.00391e-05
4.00401e-05
4.00414e-05
4.00428e-05
4.00444e-05
4.00462e-05
4.0048e-05
4.00499e-05
4.00519e-05
4.00538e-05
4.00557e-05
4.00576e-05
4.00595e-05
4.00613e-05
4.00631e-05
4.00649e-05
4.00667e-05
4.00684e-05
4.00702e-05
4.00093e-05
4.00102e-05
4.00109e-05
4.00115e-05
4.00119e-05
4.0012e-05
4.0012e-05
4.00117e-05
4.00115e-05
4.00102e-05
4.00105e-05
4.00115e-05
4.00127e-05
4.00137e-05
4.00145e-05
4.0015e-05
4.00153e-05
4.00155e-05
4.00155e-05
4.00156e-05
4.00158e-05
4.0016e-05
4.00165e-05
4.00171e-05
4.00178e-05
4.00188e-05
4.00199e-05
4.00212e-05
4.00226e-05
4.00241e-05
4.00256e-05
4.00271e-05
4.00285e-05
4.00299e-05
4.00314e-05
4.0033e-05
4.00347e-05
4.00369e-05
4.00394e-05
4.00084e-05
4.00073e-05
4.00059e-05
4.00037e-05
4.00015e-05
4.00016e-05
4.0003e-05
4.0009e-05
4.00139e-05
4.00187e-05
4.00226e-05
4.00256e-05
4.0028e-05
4.00301e-05
4.0032e-05
4.00336e-05
4.00351e-05
4.00365e-05
4.00377e-05
4.00389e-05
4.004e-05
4.00412e-05
4.00426e-05
4.00441e-05
4.00458e-05
4.00476e-05
4.00495e-05
4.00514e-05
4.00533e-05
4.00553e-05
4.00573e-05
4.00593e-05
4.00613e-05
4.00633e-05
4.00653e-05
4.00673e-05
4.00693e-05
4.00713e-05
4.00734e-05
4.00085e-05
4.00094e-05
4.001e-05
4.00104e-05
4.00105e-05
4.00104e-05
4.001e-05
4.00093e-05
4.00088e-05
4.0007e-05
4.00071e-05
4.00079e-05
4.00091e-05
4.00103e-05
4.00113e-05
4.00121e-05
4.00127e-05
4.00132e-05
4.00135e-05
4.00137e-05
4.00139e-05
4.00141e-05
4.00143e-05
4.00145e-05
4.00148e-05
4.00152e-05
4.00158e-05
4.00165e-05
4.00175e-05
4.00186e-05
4.00197e-05
4.00209e-05
4.00221e-05
4.00232e-05
4.00243e-05
4.00255e-05
4.00268e-05
4.00284e-05
4.00304e-05
4.00076e-05
4.00065e-05
4.00051e-05
4.00031e-05
4.00012e-05
4.00017e-05
4.00036e-05
4.00097e-05
4.00147e-05
4.00193e-05
4.00228e-05
4.00253e-05
4.00274e-05
4.00292e-05
4.0031e-05
4.00327e-05
4.00344e-05
4.0036e-05
4.00376e-05
4.00392e-05
4.00407e-05
4.00423e-05
4.00441e-05
4.0046e-05
4.0048e-05
4.00502e-05
4.00524e-05
4.00547e-05
4.00569e-05
4.00592e-05
4.00615e-05
4.00638e-05
4.00661e-05
4.00684e-05
4.00708e-05
4.00733e-05
4.00758e-05
4.00783e-05
4.0081e-05
4.00077e-05
4.00084e-05
4.0009e-05
4.00093e-05
4.00093e-05
4.0009e-05
4.00084e-05
4.00075e-05
4.00067e-05
4.00048e-05
4.00045e-05
4.0005e-05
4.00059e-05
4.00069e-05
4.00079e-05
4.00088e-05
4.00096e-05
4.00102e-05
4.00108e-05
4.00113e-05
4.00116e-05
4.00118e-05
4.00119e-05
4.0012e-05
4.0012e-05
4.00121e-05
4.00122e-05
4.00125e-05
4.0013e-05
4.00135e-05
4.00141e-05
4.00148e-05
4.00155e-05
4.00163e-05
4.0017e-05
4.00178e-05
4.00186e-05
4.00198e-05
4.00211e-05
4.00067e-05
4.00056e-05
4.00041e-05
4.00021e-05
4.0001e-05
4.00022e-05
4.00046e-05
4.00107e-05
4.00157e-05
4.00201e-05
4.0023e-05
4.00252e-05
4.00269e-05
4.00287e-05
4.00305e-05
4.00323e-05
4.00343e-05
4.00363e-05
4.00383e-05
4.00404e-05
4.00425e-05
4.00447e-05
4.00471e-05
4.00496e-05
4.00523e-05
4.00551e-05
4.00579e-05
4.00607e-05
4.00635e-05
4.00663e-05
4.0069e-05
4.00717e-05
4.00745e-05
4.00773e-05
4.00802e-05
4.00832e-05
4.00863e-05
4.00895e-05
4.0093e-05
4.00067e-05
4.00075e-05
4.0008e-05
4.00083e-05
4.00082e-05
4.00078e-05
4.00072e-05
4.00062e-05
4.00052e-05
4.00034e-05
4.00029e-05
4.0003e-05
4.00035e-05
4.00042e-05
4.00049e-05
4.00057e-05
4.00064e-05
4.00071e-05
4.00077e-05
4.00083e-05
4.00088e-05
4.00092e-05
4.00094e-05
4.00095e-05
4.00094e-05
4.00093e-05
4.00091e-05
4.0009e-05
4.0009e-05
4.0009e-05
4.00091e-05
4.00094e-05
4.00097e-05
4.00101e-05
4.00106e-05
4.00112e-05
4.00119e-05
4.00129e-05
4.00139e-05
4.00057e-05
4.00046e-05
4.00031e-05
4.00011e-05
4.00011e-05
4.00029e-05
4.00056e-05
4.00113e-05
4.00162e-05
4.00204e-05
4.00234e-05
4.00257e-05
4.00277e-05
4.00297e-05
4.00318e-05
4.00339e-05
4.00361e-05
4.00385e-05
4.00409e-05
4.00433e-05
4.00459e-05
4.00486e-05
4.00515e-05
4.00545e-05
4.00578e-05
4.0061e-05
4.00642e-05
4.00674e-05
4.00704e-05
4.00734e-05
4.00763e-05
4.00791e-05
4.0082e-05
4.00849e-05
4.00879e-05
4.0091e-05
4.00943e-05
4.00978e-05
4.01016e-05
4.00056e-05
4.00063e-05
4.00069e-05
4.00071e-05
4.0007e-05
4.00066e-05
4.00059e-05
4.0005e-05
4.0004e-05
4.00024e-05
4.0002e-05
4.00019e-05
4.00021e-05
4.00024e-05
4.00028e-05
4.00032e-05
4.00037e-05
4.00043e-05
4.00049e-05
4.00054e-05
4.0006e-05
4.00065e-05
4.00068e-05
4.0007e-05
4.00069e-05
4.00067e-05
4.00065e-05
4.00062e-05
4.00062e-05
4.00061e-05
4.00061e-05
4.00062e-05
4.00064e-05
4.00068e-05
4.00073e-05
4.00079e-05
4.00086e-05
4.00093e-05
4.00104e-05
4.00047e-05
4.00037e-05
4.00023e-05
4.00004e-05
4.00013e-05
4.00033e-05
4.00061e-05
4.00107e-05
4.00156e-05
4.00204e-05
4.00243e-05
4.00275e-05
4.00302e-05
4.00325e-05
4.00347e-05
4.00367e-05
4.00388e-05
4.00409e-05
4.00431e-05
4.00454e-05
4.00479e-05
4.00504e-05
4.00531e-05
4.00559e-05
4.00589e-05
4.00618e-05
4.00646e-05
4.00672e-05
4.00696e-05
4.00719e-05
4.00741e-05
4.00761e-05
4.00781e-05
4.00801e-05
4.00822e-05
4.00843e-05
4.00866e-05
4.00887e-05
4.00913e-05
4.00044e-05
4.0005e-05
4.00054e-05
4.00055e-05
4.00054e-05
4.0005e-05
4.00044e-05
4.00036e-05
4.00028e-05
4.00015e-05
4.00012e-05
4.00012e-05
4.00012e-05
4.00012e-05
4.00013e-05
4.00014e-05
4.00017e-05
4.0002e-05
4.00024e-05
4.00028e-05
4.00033e-05
4.00037e-05
4.00041e-05
4.00043e-05
4.00043e-05
4.00044e-05
4.00044e-05
4.00046e-05
4.00046e-05
4.00048e-05
4.00049e-05
4.00051e-05
4.00052e-05
4.00055e-05
4.00058e-05
4.00061e-05
4.00065e-05
4.00073e-05
4.00075e-05
4.00036e-05
4.00028e-05
4.00016e-05
4.00001e-05
4.00013e-05
4.00031e-05
4.00056e-05
4.00088e-05
4.00141e-05
4.00204e-05
4.00255e-05
4.00291e-05
4.00316e-05
4.00333e-05
4.00345e-05
4.00355e-05
4.00365e-05
4.00375e-05
4.00387e-05
4.00401e-05
4.00416e-05
4.00431e-05
4.00448e-05
4.00466e-05
4.00484e-05
4.00502e-05
4.00519e-05
4.00535e-05
4.0055e-05
4.00564e-05
4.00578e-05
4.00592e-05
4.00607e-05
4.00622e-05
4.00638e-05
4.00655e-05
4.00672e-05
4.0069e-05
4.00711e-05
4.00029e-05
4.00032e-05
4.00035e-05
4.00035e-05
4.00034e-05
4.00031e-05
4.00026e-05
4.0002e-05
4.00014e-05
4.00006e-05
4.00005e-05
4.00006e-05
4.00007e-05
4.00007e-05
4.00007e-05
4.00006e-05
4.00006e-05
4.00007e-05
4.00008e-05
4.00009e-05
4.0001e-05
4.00013e-05
4.00017e-05
4.00022e-05
4.00028e-05
4.00037e-05
4.00047e-05
4.00059e-05
4.00073e-05
4.00083e-05
4.00096e-05
4.00109e-05
4.00124e-05
4.00139e-05
4.00155e-05
4.00173e-05
4.00191e-05
4.00213e-05
4.00238e-05
4.00024e-05
4.00018e-05
4.0001e-05
4e-05
4.0001e-05
4.00023e-05
4.0004e-05
4.00056e-05
4.00118e-05
4.00187e-05
4.00225e-05
4.00239e-05
4.00243e-05
4.00243e-05
4.00244e-05
4.00245e-05
4.00247e-05
4.00251e-05
4.00256e-05
4.00263e-05
4.00271e-05
4.0028e-05
4.00291e-05
4.00304e-05
4.00319e-05
4.00336e-05
4.00355e-05
4.00378e-05
4.00405e-05
4.00435e-05
4.00468e-05
4.00503e-05
4.0054e-05
4.00578e-05
4.00617e-05
4.00658e-05
4.00703e-05
4.00755e-05
4.00798e-05
4.0001e-05
4.00012e-05
4.00012e-05
4.00012e-05
4.00011e-05
4.0001e-05
4.00008e-05
4.00005e-05
4.00003e-05
4e-05
4.00001e-05
4.00002e-05
4.00002e-05
4.00002e-05
4.00005e-05
4.0001e-05
4.00017e-05
4.00025e-05
4.00032e-05
4.00039e-05
4.00045e-05
4.0005e-05
4.00056e-05
4.00061e-05
4.00068e-05
4.00076e-05
4.00085e-05
4.00097e-05
4.0011e-05
4.00119e-05
4.0013e-05
4.00142e-05
4.00154e-05
4.00166e-05
4.00178e-05
4.00191e-05
4.00205e-05
4.0022e-05
4.00237e-05
4.00009e-05
4.00007e-05
4.00004e-05
4e-05
4.00004e-05
4.00008e-05
4.00015e-05
4.00018e-05
4.00067e-05
4.00091e-05
4.00074e-05
4.0006e-05
4.00065e-05
4.00081e-05
4.00102e-05
4.00126e-05
4.00148e-05
4.0017e-05
4.00189e-05
4.00206e-05
4.00223e-05
4.0024e-05
4.00258e-05
4.00278e-05
4.003e-05
4.00323e-05
4.00347e-05
4.00371e-05
4.00395e-05
4.00419e-05
4.00442e-05
4.00464e-05
4.00485e-05
4.00504e-05
4.00523e-05
4.00541e-05
4.00559e-05
4.00579e-05
4.00591e-05
0.186022
0.230626
0.251933
0.274189
0.291478
0.298356
0.301331
0.301484
0.295201
0.276998
0.241203
0.183191
0.104502
0.029656
0.0101072
0.00265547
0.00260489
0.0027215
0.00284789
0.00292926
0.00290995
0.00273828
0.00237592
0.00180565
0.00104871
0.000175293
0
0
0
0
0
0
0
0
0
0
2.80298e-07
1.44375e-06
1.44334e-06
1.39925e-05
2.24197e-05
2.99496e-05
3.75636e-05
4.3468e-05
4.49985e-05
4.32692e-05
4.11824e-05
4.0108e-05
3.98929e-05
3.9987e-05
4.00817e-05
4.01187e-05
4.01242e-05
4.01211e-05
4.01174e-05
4.0114e-05
4.01108e-05
4.01075e-05
4.01041e-05
4.01007e-05
4.00973e-05
4.00938e-05
4.00903e-05
4.00866e-05
4.00828e-05
4.00789e-05
4.00745e-05
4.00693e-05
4.00643e-05
4.00599e-05
4.00552e-05
4.00488e-05
4.00401e-05
4.00309e-05
4.00214e-05
4.00141e-05
4.00111e-05
4.0008e-05
4.00257e-05
4.00252e-05
0.124416
0.0745506
0.0444672
0.0225588
0.00633828
0.0006799
8.17087e-05
1.92555e-05
6.19706e-06
2.73623e-05
3.87701e-05
4.08376e-05
4.06695e-05
4.04119e-05
4.03075e-05
4.02676e-05
4.0242e-05
4.02192e-05
4.01982e-05
4.01796e-05
4.01632e-05
4.01491e-05
4.0137e-05
4.01267e-05
4.01182e-05
4.01113e-05
4.01055e-05
4.01007e-05
4.00963e-05
4.00922e-05
4.00883e-05
4.00843e-05
4.00804e-05
4.00764e-05
4.00724e-05
4.00684e-05
4.00644e-05
4.00605e-05
4.00567e-05
4.00531e-05
4.00495e-05
4.0046e-05
4.00429e-05
4.004e-05
4.00373e-05
4.00348e-05
4.00327e-05
4.00309e-05
4.00295e-05
4.00284e-05
4.00273e-05
4.00263e-05
4.00252e-05
4.0024e-05
4.00228e-05
4.00217e-05
4.00211e-05
4.00212e-05
4.0022e-05
4.00233e-05
4.00246e-05
4.00263e-05
4.0029e-05
4.00337e-05
4.00403e-05
4.00478e-05
4.00544e-05
4.00584e-05
4.00624e-05
4.0067e-05
4.00698e-05
4.0072e-05
4.00757e-05
4.00838e-05
4.00965e-05
4.01047e-05
4.00935e-05
4.00732e-05
4.0083e-05
4.00603e-05
0.239521
0.264309
0.278578
0.290118
0.29176
0.286351
0.277932
0.267378
0.252881
0.231801
0.202577
0.166838
0.130689
0.10336
0.0903825
0.0853225
0.0842938
0.0843463
0.0842675
0.0827835
0.0785741
0.0706693
0.0586278
0.0426184
0.023687
0.00379031
0.0153542
0.014586
0.0154237
0.0175385
0.0205764
0.0219187
0.019818
0.0137707
0.00639454
0.000433141
0
0
1.1418e-07
1.14826e-06
4.18447e-06
1.40146e-05
2.46749e-05
3.69328e-05
4.35436e-05
4.44247e-05
4.23922e-05
4.06289e-05
3.99917e-05
3.99708e-05
4.0066e-05
4.01168e-05
4.01281e-05
4.01258e-05
4.01214e-05
4.01171e-05
4.0113e-05
4.0109e-05
4.01051e-05
4.01012e-05
4.00974e-05
4.00936e-05
4.00899e-05
4.00861e-05
4.00821e-05
4.00782e-05
4.00738e-05
4.00687e-05
4.00638e-05
4.00594e-05
4.00549e-05
4.00486e-05
4.004e-05
4.00307e-05
4.00214e-05
4.00144e-05
4.00117e-05
4.00085e-05
4.00271e-05
4.00262e-05
0.190985
0.132847
0.0758675
0.0314489
0.00570855
0.00149486
1.93654e-05
5.78188e-06
5.35279e-06
3.20739e-05
4.00603e-05
4.08912e-05
4.05772e-05
4.03752e-05
4.03014e-05
4.02681e-05
4.02428e-05
4.02196e-05
4.01986e-05
4.01798e-05
4.01631e-05
4.01485e-05
4.01359e-05
4.01251e-05
4.01163e-05
4.01091e-05
4.01033e-05
4.00983e-05
4.00939e-05
4.00898e-05
4.00858e-05
4.0082e-05
4.00782e-05
4.00744e-05
4.00706e-05
4.00669e-05
4.00634e-05
4.00601e-05
4.00568e-05
4.00537e-05
4.00506e-05
4.00476e-05
4.00448e-05
4.00422e-05
4.00396e-05
4.00374e-05
4.00353e-05
4.00337e-05
4.00324e-05
4.00313e-05
4.00304e-05
4.00294e-05
4.00284e-05
4.00272e-05
4.00259e-05
4.00248e-05
4.0024e-05
4.0024e-05
4.00246e-05
4.00256e-05
4.00267e-05
4.00282e-05
4.00307e-05
4.00349e-05
4.00412e-05
4.00484e-05
4.0055e-05
4.0059e-05
4.00631e-05
4.0068e-05
4.00709e-05
4.00733e-05
4.00774e-05
4.0086e-05
4.0099e-05
4.01068e-05
4.0095e-05
4.00749e-05
4.00852e-05
4.00611e-05
0.240447
0.265498
0.28699
0.305209
0.320045
0.333175
0.34474
0.354799
0.362531
0.366741
0.366862
0.363958
0.360476
0.358675
0.359893
0.364543
0.371419
0.379391
0.387276
0.393508
0.396331
0.39408
0.38566
0.371279
0.35257
0.332209
0.313758
0.3009
0.304933
0.332372
0.374022
0.382368
0.331911
0.221556
0.0988858
0.00644125
0.0108352
0.00109954
0
0
0
1.19614e-06
5.19124e-06
1.8891e-05
3.71141e-05
4.41629e-05
4.36995e-05
4.15116e-05
4.02599e-05
3.99904e-05
4.00503e-05
4.01127e-05
4.01317e-05
4.01309e-05
4.01258e-05
4.01204e-05
4.01154e-05
4.01106e-05
4.01059e-05
4.01015e-05
4.00972e-05
4.00932e-05
4.00892e-05
4.00852e-05
4.00811e-05
4.00771e-05
4.00727e-05
4.00676e-05
4.00628e-05
4.00585e-05
4.00541e-05
4.0048e-05
4.00396e-05
4.00304e-05
4.00215e-05
4.0015e-05
4.00126e-05
4.00091e-05
4.00285e-05
4.00271e-05
0.217661
0.187649
0.144267
0.0907714
0.0382469
0.00674669
3.11435e-05
7.39552e-06
7.36754e-06
3.1865e-05
4.02908e-05
4.08996e-05
4.05466e-05
4.03674e-05
4.03005e-05
4.02644e-05
4.02354e-05
4.02099e-05
4.01878e-05
4.01688e-05
4.01536e-05
4.01403e-05
4.01285e-05
4.01185e-05
4.01104e-05
4.0104e-05
4.00988e-05
4.00944e-05
4.00906e-05
4.0087e-05
4.00837e-05
4.00807e-05
4.00776e-05
4.00745e-05
4.00713e-05
4.00682e-05
4.00653e-05
4.00624e-05
4.00596e-05
4.00568e-05
4.00541e-05
4.00514e-05
4.00489e-05
4.00464e-05
4.0044e-05
4.00418e-05
4.00397e-05
4.00381e-05
4.00368e-05
4.00356e-05
4.00346e-05
4.00336e-05
4.00324e-05
4.00311e-05
4.00297e-05
4.00284e-05
4.00275e-05
4.00272e-05
4.00275e-05
4.00282e-05
4.00291e-05
4.00304e-05
4.00326e-05
4.00364e-05
4.00422e-05
4.00489e-05
4.00555e-05
4.00595e-05
4.00638e-05
4.00687e-05
4.00717e-05
4.00744e-05
4.00789e-05
4.00879e-05
4.01013e-05
4.01087e-05
4.00965e-05
4.00764e-05
4.00878e-05
4.00621e-05
0.175181
0.200608
0.224126
0.246838
0.269625
0.29282
0.316391
0.340269
0.364155
0.387487
0.409746
0.430819
0.451199
0.471623
0.492861
0.515175
0.537953
0.560201
0.580856
0.598849
0.613298
0.623525
0.629387
0.632077
0.634509
0.640968
0.655512
0.684075
0.739651
0.823214
0.925124
1.02113
1.04011
0.930978
0.690972
0.39299
0.142852
0.0156805
0.00701635
0
0
0
0
4.07039e-06
1.50581e-05
3.70669e-05
4.39403e-05
4.26952e-05
4.0797e-05
4.00956e-05
4.00452e-05
4.01067e-05
4.01346e-05
4.01365e-05
4.01308e-05
4.01244e-05
4.01182e-05
4.01125e-05
4.0107e-05
4.01019e-05
4.00972e-05
4.00927e-05
4.00884e-05
4.00842e-05
4.00799e-05
4.00758e-05
4.00714e-05
4.00664e-05
4.00617e-05
4.00573e-05
4.0053e-05
4.00472e-05
4.00392e-05
4.00303e-05
4.00219e-05
4.00158e-05
4.00135e-05
4.00098e-05
4.00299e-05
4.00277e-05
0.166842
0.154169
0.128522
0.0873048
0.0389003
0.00661248
0.00158228
1.37266e-06
6.07665e-06
3.55117e-05
4.07119e-05
4.08745e-05
4.05565e-05
4.04097e-05
4.03409e-05
4.02945e-05
4.02565e-05
4.02245e-05
4.01978e-05
4.01755e-05
4.01574e-05
4.01422e-05
4.01293e-05
4.01189e-05
4.01108e-05
4.01047e-05
4.00999e-05
4.0096e-05
4.00926e-05
4.00894e-05
4.00865e-05
4.00837e-05
4.0081e-05
4.00781e-05
4.00753e-05
4.00725e-05
4.00698e-05
4.00671e-05
4.00645e-05
4.0062e-05
4.00594e-05
4.00568e-05
4.00544e-05
4.00519e-05
4.00495e-05
4.00472e-05
4.00451e-05
4.00433e-05
4.00418e-05
4.00404e-05
4.00392e-05
4.0038e-05
4.00366e-05
4.00351e-05
4.00335e-05
4.0032e-05
4.00309e-05
4.00303e-05
4.00304e-05
4.00308e-05
4.00315e-05
4.00325e-05
4.00344e-05
4.00379e-05
4.00431e-05
4.00494e-05
4.00558e-05
4.00599e-05
4.00642e-05
4.00692e-05
4.00724e-05
4.00752e-05
4.00801e-05
4.00897e-05
4.01035e-05
4.01106e-05
4.00979e-05
4.00778e-05
4.00907e-05
4.0063e-05
0.0600658
0.0753519
0.0915515
0.107709
0.124233
0.141502
0.159721
0.179028
0.199502
0.221153
0.243955
0.267938
0.293248
0.31985
0.347846
0.377787
0.410137
0.444807
0.48094
0.517005
0.551171
0.581788
0.607782
0.62916
0.647355
0.665552
0.689233
0.727523
0.793614
0.897727
1.04429
1.23238
1.40745
1.46433
1.32544
0.994234
0.580877
0.240188
0.05902
0.0150173
0.000289933
0
0
0
4.50437e-06
1.99311e-05
3.96023e-05
4.32596e-05
4.15632e-05
4.03447e-05
4.00741e-05
4.01029e-05
4.01369e-05
4.01425e-05
4.01368e-05
4.01292e-05
4.01218e-05
4.0115e-05
4.01087e-05
4.01028e-05
4.00975e-05
4.00925e-05
4.00879e-05
4.00834e-05
4.00789e-05
4.00746e-05
4.00701e-05
4.00652e-05
4.00605e-05
4.00562e-05
4.00519e-05
4.00463e-05
4.00387e-05
4.00303e-05
4.00225e-05
4.00167e-05
4.00145e-05
4.00105e-05
4.00313e-05
4.00283e-05
0.0587932
0.0530563
0.0421556
0.0263222
0.010535
0.00164269
0.000394614
7.57913e-06
3.0954e-05
4.00566e-05
4.11783e-05
4.10042e-05
4.07772e-05
4.0643e-05
4.05466e-05
4.04674e-05
4.04002e-05
4.03432e-05
4.02954e-05
4.02555e-05
4.02225e-05
4.01952e-05
4.0173e-05
4.01552e-05
4.01414e-05
4.01307e-05
4.01222e-05
4.01152e-05
4.01092e-05
4.01041e-05
4.00995e-05
4.00954e-05
4.00915e-05
4.00878e-05
4.00843e-05
4.0081e-05
4.00779e-05
4.00749e-05
4.0072e-05
4.00693e-05
4.00665e-05
4.00638e-05
4.00611e-05
4.00585e-05
4.00558e-05
4.00533e-05
4.00509e-05
4.00488e-05
4.0047e-05
4.00454e-05
4.00439e-05
4.00423e-05
4.00407e-05
4.0039e-05
4.00372e-05
4.00354e-05
4.00341e-05
4.00333e-05
4.00331e-05
4.00332e-05
4.00337e-05
4.00345e-05
4.00361e-05
4.00392e-05
4.00439e-05
4.00498e-05
4.00562e-05
4.00602e-05
4.00647e-05
4.00697e-05
4.00729e-05
4.0076e-05
4.00812e-05
4.00914e-05
4.01058e-05
4.01125e-05
4.00993e-05
4.00791e-05
4.00938e-05
4.00638e-05
0.00723679
0.0105635
0.0146798
0.0193643
0.0246176
0.0305143
0.0371362
0.0445573
0.0529063
0.0623212
0.0728936
0.0847992
0.0982742
0.113645
0.130675
0.148664
0.168275
0.192052
0.222224
0.259285
0.301997
0.347893
0.394065
0.437935
0.477711
0.512908
0.545741
0.583556
0.640382
0.734023
0.880833
1.0918
1.35505
1.57165
1.62293
1.43153
1.0319
0.578155
0.235764
0.0602353
0.0039549
0.000994155
0
0
0
6.30236e-06
2.85365e-05
4.16429e-05
4.22133e-05
4.07383e-05
4.01642e-05
4.011e-05
4.01397e-05
4.0149e-05
4.01438e-05
4.01351e-05
4.01264e-05
4.01183e-05
4.0111e-05
4.01043e-05
4.00983e-05
4.00928e-05
4.00877e-05
4.00829e-05
4.00782e-05
4.00737e-05
4.00691e-05
4.00642e-05
4.00595e-05
4.00551e-05
4.00508e-05
4.00454e-05
4.00382e-05
4.00303e-05
4.0023e-05
4.00175e-05
4.00154e-05
4.0011e-05
4.00328e-05
4.00287e-05
0.00789245
0.00743967
0.00613592
0.00391366
0.00156415
0.000269474
2.44464e-05
3.37408e-05
4.0159e-05
4.14616e-05
4.14644e-05
4.12821e-05
4.11176e-05
4.09825e-05
4.0862e-05
4.07528e-05
4.06545e-05
4.05671e-05
4.04904e-05
4.04238e-05
4.03668e-05
4.03185e-05
4.02781e-05
4.02449e-05
4.02177e-05
4.01955e-05
4.01771e-05
4.01618e-05
4.01489e-05
4.01379e-05
4.01285e-05
4.01204e-05
4.01132e-05
4.01068e-05
4.0101e-05
4.00959e-05
4.00913e-05
4.00871e-05
4.00832e-05
4.00796e-05
4.00761e-05
4.00727e-05
4.00695e-05
4.00663e-05
4.00631e-05
4.00601e-05
4.00573e-05
4.00548e-05
4.00526e-05
4.00505e-05
4.00486e-05
4.00467e-05
4.00447e-05
4.00426e-05
4.00406e-05
4.00386e-05
4.0037e-05
4.00359e-05
4.00354e-05
4.00353e-05
4.00356e-05
4.00361e-05
4.00375e-05
4.00402e-05
4.00446e-05
4.00503e-05
4.00566e-05
4.00607e-05
4.00652e-05
4.00702e-05
4.00734e-05
4.00767e-05
4.00824e-05
4.00933e-05
4.01082e-05
4.01145e-05
4.01005e-05
4.00803e-05
4.00969e-05
4.00645e-05
0.000190836
0.000489428
0.000869373
0.00139496
0.00210573
0.00301536
0.00415218
0.00554601
0.00727162
0.00935798
0.0118635
0.0149622
0.0187659
0.0235996
0.0297107
0.0351169
0.0401704
0.0492359
0.0662852
0.0940228
0.13282
0.180612
0.233856
0.288613
0.341395
0.389851
0.433982
0.478563
0.535526
0.622592
0.757942
0.955499
1.21841
1.48321
1.64843
1.60752
1.32002
0.875756
0.451407
0.171689
0.0420324
0.00387609
0.000839355
0
0
1.7986e-06
1.1158e-05
3.64572e-05
4.20871e-05
4.1161e-05
4.03244e-05
4.01389e-05
4.01458e-05
4.01562e-05
4.01516e-05
4.01419e-05
4.01319e-05
4.01226e-05
4.01141e-05
4.01065e-05
4.00996e-05
4.00936e-05
4.0088e-05
4.00828e-05
4.00778e-05
4.0073e-05
4.00683e-05
4.00634e-05
4.00587e-05
4.00542e-05
4.00499e-05
4.00446e-05
4.00377e-05
4.00302e-05
4.00234e-05
4.00182e-05
4.00161e-05
4.00115e-05
4.00343e-05
4.00293e-05
0.000384756
0.000530513
0.000571021
0.00044579
0.000211395
6.72068e-05
3.88613e-05
4.0744e-05
4.15699e-05
4.16335e-05
4.15442e-05
4.14281e-05
4.13149e-05
4.1204e-05
4.10944e-05
4.09875e-05
4.08849e-05
4.0788e-05
4.06981e-05
4.06161e-05
4.05425e-05
4.04773e-05
4.04202e-05
4.03709e-05
4.03285e-05
4.0292e-05
4.02608e-05
4.0234e-05
4.02111e-05
4.01915e-05
4.01746e-05
4.016e-05
4.01473e-05
4.01363e-05
4.01267e-05
4.01183e-05
4.0111e-05
4.01045e-05
4.00987e-05
4.00934e-05
4.00886e-05
4.0084e-05
4.00798e-05
4.00757e-05
4.00717e-05
4.0068e-05
4.00645e-05
4.00613e-05
4.00585e-05
4.00559e-05
4.00534e-05
4.0051e-05
4.00486e-05
4.00462e-05
4.00438e-05
4.00415e-05
4.00396e-05
4.00383e-05
4.00375e-05
4.00372e-05
4.00371e-05
4.00375e-05
4.00386e-05
4.00411e-05
4.00452e-05
4.00509e-05
4.00573e-05
4.00613e-05
4.00658e-05
4.00708e-05
4.00741e-05
4.00775e-05
4.00837e-05
4.00954e-05
4.01108e-05
4.01165e-05
4.01016e-05
4.00817e-05
4.01e-05
4.0065e-05
7.2684e-06
7.13202e-06
5.45133e-06
1.95771e-05
5.36822e-05
0.000113891
0.000208277
0.000334574
0.00051635
0.000759724
0.0010761
0.00152531
0.00207026
0.0027778
0.00381501
0.00304977
0.00399351
0.0106132
0.0252805
0.0504584
0.0871285
0.133547
0.186382
0.241714
0.295941
0.346605
0.393549
0.440836
0.498758
0.583656
0.71287
0.89816
1.13721
1.38802
1.5794
1.61956
1.43883
1.06285
0.630593
0.291748
0.100186
0.0222887
0.00197103
0.000400159
0
0
5.45737e-06
2.78994e-05
4.07011e-05
4.14013e-05
4.05241e-05
4.01954e-05
4.01586e-05
4.01646e-05
4.01604e-05
4.01498e-05
4.01383e-05
4.01276e-05
4.01179e-05
4.01093e-05
4.01016e-05
4.00948e-05
4.00888e-05
4.00831e-05
4.00778e-05
4.00727e-05
4.00678e-05
4.0063e-05
4.00583e-05
4.00537e-05
4.00492e-05
4.0044e-05
4.00373e-05
4.003e-05
4.00235e-05
4.00187e-05
4.00166e-05
4.00118e-05
4.00358e-05
4.00299e-05
2.04431e-05
5.25375e-05
7.80482e-05
8.0567e-05
5.92874e-05
4.40902e-05
4.11415e-05
4.14485e-05
4.15291e-05
4.15026e-05
4.1451e-05
4.13894e-05
4.1322e-05
4.12487e-05
4.11706e-05
4.10889e-05
4.10054e-05
4.09218e-05
4.08399e-05
4.07612e-05
4.06868e-05
4.06175e-05
4.05538e-05
4.04959e-05
4.04436e-05
4.03967e-05
4.0355e-05
4.03181e-05
4.02857e-05
4.02571e-05
4.02322e-05
4.02103e-05
4.01913e-05
4.01746e-05
4.01602e-05
4.01475e-05
4.01365e-05
4.01269e-05
4.01184e-05
4.01108e-05
4.0104e-05
4.00978e-05
4.0092e-05
4.00867e-05
4.00816e-05
4.00769e-05
4.00725e-05
4.00686e-05
4.0065e-05
4.00616e-05
4.00585e-05
4.00555e-05
4.00526e-05
4.00497e-05
4.00469e-05
4.00443e-05
4.00421e-05
4.00405e-05
4.00394e-05
4.00387e-05
4.00384e-05
4.00385e-05
4.00394e-05
4.00417e-05
4.00457e-05
4.00518e-05
4.00581e-05
4.00622e-05
4.00667e-05
4.00716e-05
4.00748e-05
4.00784e-05
4.00852e-05
4.00978e-05
4.01135e-05
4.01185e-05
4.01025e-05
4.00834e-05
4.0103e-05
4.00653e-05
3.44517e-05
3.27556e-05
3.17967e-05
2.92958e-05
2.65601e-05
2.47928e-05
2.61157e-05
3.04548e-05
3.73841e-05
5.48632e-05
8.11717e-05
0.000115693
6.6323e-05
5.46991e-05
0.000389819
0.000850713
0.00975097
0.0255484
0.0490096
0.0805834
0.119998
0.165568
0.214737
0.264643
0.312715
0.357373
0.399281
0.443165
0.499171
0.581779
0.706573
0.883463
1.0995
1.32162
1.49895
1.56329
1.44832
1.14476
0.74513
0.389795
0.159918
0.0485397
0.00940359
0.000645652
0.000123932
0
3.05243e-06
1.86614e-05
3.79522e-05
4.1258e-05
4.07007e-05
4.02743e-05
4.0181e-05
4.01753e-05
4.017e-05
4.01585e-05
4.01456e-05
4.01334e-05
4.01224e-05
4.01127e-05
4.01041e-05
4.00966e-05
4.00899e-05
4.00838e-05
4.00781e-05
4.00727e-05
4.00676e-05
4.00628e-05
4.00581e-05
4.00533e-05
4.00487e-05
4.00436e-05
4.00371e-05
4.00299e-05
4.00235e-05
4.00189e-05
4.00169e-05
4.00119e-05
4.00372e-05
4.00307e-05
3.7157e-05
4.01645e-05
4.38475e-05
4.52083e-05
4.31228e-05
4.14909e-05
4.12339e-05
4.12984e-05
4.13082e-05
4.12977e-05
4.12784e-05
4.12518e-05
4.1218e-05
4.11773e-05
4.11303e-05
4.10774e-05
4.10198e-05
4.09589e-05
4.08959e-05
4.08322e-05
4.0769e-05
4.0707e-05
4.06472e-05
4.05901e-05
4.05363e-05
4.04861e-05
4.04397e-05
4.03972e-05
4.03586e-05
4.03237e-05
4.02924e-05
4.02644e-05
4.02395e-05
4.02175e-05
4.01981e-05
4.0181e-05
4.0166e-05
4.01529e-05
4.01413e-05
4.0131e-05
4.01219e-05
4.01136e-05
4.01061e-05
4.00992e-05
4.00928e-05
4.00868e-05
4.00814e-05
4.00765e-05
4.00719e-05
4.00678e-05
4.00639e-05
4.00603e-05
4.00567e-05
4.00533e-05
4.005e-05
4.0047e-05
4.00445e-05
4.00425e-05
4.00411e-05
4.00401e-05
4.00395e-05
4.00393e-05
4.004e-05
4.00422e-05
4.00464e-05
4.00528e-05
4.00592e-05
4.00633e-05
4.00677e-05
4.00725e-05
4.00757e-05
4.00796e-05
4.0087e-05
4.01003e-05
4.01163e-05
4.01202e-05
4.01032e-05
4.00852e-05
4.0106e-05
4.00655e-05
4.0483e-05
4.09786e-05
4.13732e-05
4.07691e-05
3.91773e-05
3.83644e-05
4.0378e-05
4.38119e-05
4.13175e-05
3.09003e-05
1.79077e-06
2.40051e-06
0
0.00158849
0.00612249
0.0218931
0.0455066
0.07582
0.111338
0.150626
0.192378
0.235223
0.277707
0.318418
0.356221
0.390796
0.423838
0.460921
0.512883
0.593953
0.716767
0.884518
1.07934
1.27214
1.42369
1.4841
1.40054
1.15262
0.798093
0.453892
0.208604
0.0752143
0.0198202
0.00321825
0.00011681
2.08214e-05
1.84756e-06
1.1119e-05
3.46214e-05
4.07108e-05
4.07964e-05
4.03618e-05
4.02131e-05
4.01892e-05
4.01807e-05
4.0168e-05
4.01536e-05
4.01399e-05
4.01276e-05
4.01166e-05
4.01071e-05
4.00987e-05
4.00914e-05
4.00848e-05
4.00788e-05
4.0073e-05
4.00677e-05
4.00629e-05
4.00582e-05
4.00533e-05
4.00485e-05
4.00434e-05
4.00371e-05
4.003e-05
4.00235e-05
4.0019e-05
4.0017e-05
4.00118e-05
4.00386e-05
4.00316e-05
4.03256e-05
4.06985e-05
4.12021e-05
4.13993e-05
4.11652e-05
4.1011e-05
4.10275e-05
4.10587e-05
4.10724e-05
4.10804e-05
4.10833e-05
4.10795e-05
4.10691e-05
4.10524e-05
4.10295e-05
4.10005e-05
4.09661e-05
4.0927e-05
4.08843e-05
4.08387e-05
4.07911e-05
4.0742e-05
4.06924e-05
4.0643e-05
4.05944e-05
4.05472e-05
4.0502e-05
4.04591e-05
4.04188e-05
4.03812e-05
4.03466e-05
4.03148e-05
4.02859e-05
4.02599e-05
4.02365e-05
4.02156e-05
4.0197e-05
4.01805e-05
4.01659e-05
4.01529e-05
4.01413e-05
4.01308e-05
4.01214e-05
4.01127e-05
4.01048e-05
4.00976e-05
4.0091e-05
4.00849e-05
4.00794e-05
4.00744e-05
4.00696e-05
4.00652e-05
4.0061e-05
4.0057e-05
4.00532e-05
4.00497e-05
4.00468e-05
4.00444e-05
4.00426e-05
4.00413e-05
4.00404e-05
4.004e-05
4.00406e-05
4.00428e-05
4.00472e-05
4.0054e-05
4.00605e-05
4.00646e-05
4.00689e-05
4.00736e-05
4.00768e-05
4.00809e-05
4.00889e-05
4.01031e-05
4.01191e-05
4.01218e-05
4.01037e-05
4.00873e-05
4.01088e-05
4.00656e-05
4.06915e-05
4.14233e-05
4.2254e-05
4.14824e-05
3.99621e-05
4.18825e-05
4.78048e-05
5.0003e-05
3.71879e-05
9.4519e-06
2.77249e-08
0
0.00281342
0.0116227
0.0352532
0.068452
0.108273
0.151442
0.195176
0.237519
0.277301
0.313902
0.347023
0.376548
0.402601
0.426026
0.44958
0.479762
0.52759
0.606838
0.728629
0.886309
1.06115
1.22682
1.35141
1.39748
1.32547
1.11548
0.804485
0.485155
0.241369
0.0974063
0.0305697
0.00688834
0.00089714
0.000177203
1.05358e-06
6.2449e-06
3.13423e-05
3.98469e-05
4.07788e-05
4.04407e-05
4.02527e-05
4.02068e-05
4.01926e-05
4.01782e-05
4.01623e-05
4.01471e-05
4.01333e-05
4.01211e-05
4.01105e-05
4.01013e-05
4.00933e-05
4.00862e-05
4.00797e-05
4.00735e-05
4.00681e-05
4.00633e-05
4.00585e-05
4.00535e-05
4.00486e-05
4.00434e-05
4.00373e-05
4.00303e-05
4.00236e-05
4.00188e-05
4.0017e-05
4.00116e-05
4.00399e-05
4.00328e-05
4.07346e-05
4.09818e-05
4.09685e-05
4.08654e-05
4.07942e-05
4.07912e-05
4.08158e-05
4.08335e-05
4.08498e-05
4.08683e-05
4.08849e-05
4.08968e-05
4.09035e-05
4.09049e-05
4.09006e-05
4.08906e-05
4.0875e-05
4.08545e-05
4.08295e-05
4.08007e-05
4.07686e-05
4.07336e-05
4.06964e-05
4.06576e-05
4.06179e-05
4.05778e-05
4.05379e-05
4.04987e-05
4.04605e-05
4.04239e-05
4.03891e-05
4.03562e-05
4.03257e-05
4.02974e-05
4.02715e-05
4.0248e-05
4.02267e-05
4.02075e-05
4.01903e-05
4.01749e-05
4.0161e-05
4.01485e-05
4.01372e-05
4.01269e-05
4.01174e-05
4.01088e-05
4.0101e-05
4.00938e-05
4.00873e-05
4.00812e-05
4.00756e-05
4.00704e-05
4.00654e-05
4.00608e-05
4.00564e-05
4.00525e-05
4.00491e-05
4.00463e-05
4.00441e-05
4.00425e-05
4.00412e-05
4.00406e-05
4.00411e-05
4.00434e-05
4.00482e-05
4.00554e-05
4.00619e-05
4.0066e-05
4.00702e-05
4.00747e-05
4.0078e-05
4.00824e-05
4.00911e-05
4.0106e-05
4.01218e-05
4.01232e-05
4.01041e-05
4.00895e-05
4.01115e-05
4.00655e-05
4.10088e-05
4.15633e-05
4.24884e-05
4.16519e-05
4.00886e-05
4.25984e-05
4.81004e-05
4.76001e-05
3.29309e-05
7.98902e-06
0
0.00246633
0.0107047
0.039148
0.0807255
0.130467
0.183061
0.234161
0.280848
0.321578
0.355903
0.384116
0.406924
0.425215
0.440029
0.453059
0.468025
0.492427
0.537847
0.616939
0.735208
0.881746
1.03756
1.17871
1.2785
1.30802
1.23816
1.05351
0.780009
0.490382
0.258512
0.113041
0.039864
0.0108143
0.0020578
0.000207241
4.10535e-05
3.9075e-06
2.87601e-05
3.88081e-05
4.06406e-05
4.04952e-05
4.02953e-05
4.02279e-05
4.0206e-05
4.0189e-05
4.01715e-05
4.01547e-05
4.01394e-05
4.0126e-05
4.01142e-05
4.01041e-05
4.00954e-05
4.00877e-05
4.00808e-05
4.00743e-05
4.00687e-05
4.00638e-05
4.0059e-05
4.00539e-05
4.00488e-05
4.00436e-05
4.00376e-05
4.00307e-05
4.00239e-05
4.00187e-05
4.00168e-05
4.00112e-05
4.0041e-05
4.00343e-05
4.12234e-05
4.13504e-05
4.11211e-05
4.08925e-05
4.07815e-05
4.0739e-05
4.07085e-05
4.06863e-05
4.06804e-05
4.06887e-05
4.07033e-05
4.07193e-05
4.07349e-05
4.07484e-05
4.07581e-05
4.07632e-05
4.07631e-05
4.07581e-05
4.07483e-05
4.07342e-05
4.07162e-05
4.06946e-05
4.06699e-05
4.06425e-05
4.06129e-05
4.05817e-05
4.05493e-05
4.05162e-05
4.04829e-05
4.04498e-05
4.04174e-05
4.0386e-05
4.03559e-05
4.03274e-05
4.03007e-05
4.02759e-05
4.0253e-05
4.02321e-05
4.0213e-05
4.01957e-05
4.018e-05
4.01658e-05
4.01528e-05
4.01409e-05
4.01301e-05
4.01202e-05
4.01112e-05
4.01029e-05
4.00953e-05
4.00883e-05
4.00818e-05
4.00757e-05
4.007e-05
4.00647e-05
4.00597e-05
4.00553e-05
4.00515e-05
4.00483e-05
4.00457e-05
4.00436e-05
4.00421e-05
4.00412e-05
4.00417e-05
4.00442e-05
4.00492e-05
4.00568e-05
4.00634e-05
4.00674e-05
4.00715e-05
4.00759e-05
4.00792e-05
4.0084e-05
4.00934e-05
4.0109e-05
4.01244e-05
4.01244e-05
4.01043e-05
4.00919e-05
4.01142e-05
4.00655e-05
4.14928e-05
4.17974e-05
4.27809e-05
4.21613e-05
4.06465e-05
4.2933e-05
4.80901e-05
4.70055e-05
1.77668e-05
4.32149e-06
0.000309174
0.00134488
0.0258275
0.0699411
0.127276
0.189968
0.251302
0.306638
0.353386
0.390629
0.418655
0.438545
0.451817
0.460148
0.465291
0.469586
0.477402
0.496906
0.540381
0.619522
0.732763
0.867682
1.00568
1.1251
1.20329
1.21745
1.14625
0.979335
0.737155
0.477441
0.262872
0.122087
0.0468691
0.014405
0.00336434
0.000536971
4.08423e-05
8.06167e-06
2.7114e-05
3.77706e-05
4.04082e-05
4.05173e-05
4.0336e-05
4.02515e-05
4.02207e-05
4.02006e-05
4.01812e-05
4.01627e-05
4.0146e-05
4.01312e-05
4.01183e-05
4.01073e-05
4.00978e-05
4.00895e-05
4.00821e-05
4.00752e-05
4.00694e-05
4.00645e-05
4.00596e-05
4.00544e-05
4.00492e-05
4.00439e-05
4.00381e-05
4.00312e-05
4.00244e-05
4.00188e-05
4.00167e-05
4.0011e-05
4.0042e-05
4.0036e-05
4.17721e-05
4.17359e-05
4.1409e-05
4.11576e-05
4.10164e-05
4.09062e-05
4.07958e-05
4.06999e-05
4.06356e-05
4.05987e-05
4.05817e-05
4.05795e-05
4.05871e-05
4.06003e-05
4.06149e-05
4.06288e-05
4.06397e-05
4.06469e-05
4.06499e-05
4.06488e-05
4.06436e-05
4.06344e-05
4.06215e-05
4.06052e-05
4.0586e-05
4.05642e-05
4.05402e-05
4.05145e-05
4.04875e-05
4.04597e-05
4.04315e-05
4.04033e-05
4.03755e-05
4.03485e-05
4.03225e-05
4.02978e-05
4.02746e-05
4.02529e-05
4.02328e-05
4.02143e-05
4.01973e-05
4.01818e-05
4.01675e-05
4.01544e-05
4.01424e-05
4.01314e-05
4.01213e-05
4.0112e-05
4.01034e-05
4.00955e-05
4.00881e-05
4.00812e-05
4.00748e-05
4.00688e-05
4.00632e-05
4.00583e-05
4.0054e-05
4.00503e-05
4.00474e-05
4.00449e-05
4.0043e-05
4.0042e-05
4.00425e-05
4.0045e-05
4.00503e-05
4.00581e-05
4.00648e-05
4.00688e-05
4.00727e-05
4.00771e-05
4.00804e-05
4.00857e-05
4.00958e-05
4.01119e-05
4.01268e-05
4.01254e-05
4.01044e-05
4.00946e-05
4.01169e-05
4.00653e-05
4.20443e-05
4.21195e-05
4.29837e-05
4.27763e-05
4.11019e-05
4.29775e-05
4.84684e-05
4.79567e-05
1.48081e-06
3.61082e-07
0.000536858
0.00232916
0.0344879
0.090517
0.160046
0.232818
0.301045
0.359845
0.406811
0.441415
0.464441
0.477547
0.482912
0.482928
0.480043
0.477203
0.47933
0.495138
0.536735
0.613814
0.720531
0.843618
0.965205
1.06572
1.12577
1.12706
1.05399
0.900642
0.6848
0.453187
0.258001
0.125596
0.0514739
0.0173475
0.0046466
0.000935261
0.000128803
2.07519e-05
2.70748e-05
3.69096e-05
4.01221e-05
4.05065e-05
4.03711e-05
4.02766e-05
4.02367e-05
4.02127e-05
4.01912e-05
4.01711e-05
4.01529e-05
4.01368e-05
4.01227e-05
4.01107e-05
4.01004e-05
4.00915e-05
4.00837e-05
4.00763e-05
4.00703e-05
4.00653e-05
4.00603e-05
4.0055e-05
4.00497e-05
4.00444e-05
4.00387e-05
4.00319e-05
4.00251e-05
4.00191e-05
4.00166e-05
4.00108e-05
4.0043e-05
4.0038e-05
4.22789e-05
4.20833e-05
4.17255e-05
4.14908e-05
4.13373e-05
4.11897e-05
4.10363e-05
4.08936e-05
4.07723e-05
4.06716e-05
4.0592e-05
4.0538e-05
4.05076e-05
4.04953e-05
4.04963e-05
4.05048e-05
4.05171e-05
4.05299e-05
4.05415e-05
4.05506e-05
4.05565e-05
4.05586e-05
4.05568e-05
4.05512e-05
4.05421e-05
4.05297e-05
4.05145e-05
4.04968e-05
4.04769e-05
4.04553e-05
4.04325e-05
4.04088e-05
4.03846e-05
4.03603e-05
4.03364e-05
4.0313e-05
4.02905e-05
4.0269e-05
4.02488e-05
4.02299e-05
4.02123e-05
4.01959e-05
4.01808e-05
4.01668e-05
4.01539e-05
4.0142e-05
4.0131e-05
4.01208e-05
4.01113e-05
4.01026e-05
4.00944e-05
4.00868e-05
4.00796e-05
4.0073e-05
4.00669e-05
4.00614e-05
4.00566e-05
4.00526e-05
4.00492e-05
4.00464e-05
4.00442e-05
4.00431e-05
4.00435e-05
4.00461e-05
4.00515e-05
4.00593e-05
4.00662e-05
4.00701e-05
4.00738e-05
4.00781e-05
4.00816e-05
4.00873e-05
4.00982e-05
4.01148e-05
4.01291e-05
4.01261e-05
4.01045e-05
4.00975e-05
4.01198e-05
4.00651e-05
4.26173e-05
4.25067e-05
4.31531e-05
4.33024e-05
4.17007e-05
4.24153e-05
4.86053e-05
4.95855e-05
2.99025e-05
7.309e-06
0.00026385
0.00114183
0.0305834
0.0914905
0.169245
0.250643
0.326256
0.390373
0.440215
0.475153
0.496077
0.504949
0.504464
0.497732
0.488003
0.478937
0.476003
0.488303
0.527704
0.6004
0.699176
0.810427
0.917144
1.00158
1.04689
1.03817
0.964067
0.822167
0.628903
0.422862
0.247182
0.124983
0.053985
0.0195568
0.00579981
0.00136066
0.000243243
4.28344e-05
2.92618e-05
3.64135e-05
3.9831e-05
4.0468e-05
4.0398e-05
4.03017e-05
4.02535e-05
4.02252e-05
4.02015e-05
4.01797e-05
4.016e-05
4.01426e-05
4.01274e-05
4.01144e-05
4.01033e-05
4.00938e-05
4.00854e-05
4.00776e-05
4.00713e-05
4.00662e-05
4.00612e-05
4.00556e-05
4.00503e-05
4.0045e-05
4.00394e-05
4.00327e-05
4.00259e-05
4.00196e-05
4.00166e-05
4.00108e-05
4.00439e-05
4.00402e-05
4.27045e-05
4.23917e-05
4.2053e-05
4.18422e-05
4.16766e-05
4.15039e-05
4.13267e-05
4.11599e-05
4.10093e-05
4.08733e-05
4.07518e-05
4.06474e-05
4.05613e-05
4.04954e-05
4.04525e-05
4.043e-05
4.04225e-05
4.04261e-05
4.04354e-05
4.04479e-05
4.04606e-05
4.04717e-05
4.04797e-05
4.0484e-05
4.04846e-05
4.04816e-05
4.04752e-05
4.04657e-05
4.04534e-05
4.04386e-05
4.04218e-05
4.04034e-05
4.03838e-05
4.03633e-05
4.03423e-05
4.03213e-05
4.03004e-05
4.02801e-05
4.02605e-05
4.02419e-05
4.02243e-05
4.02078e-05
4.01923e-05
4.01778e-05
4.01643e-05
4.01518e-05
4.01401e-05
4.01292e-05
4.0119e-05
4.01095e-05
4.01007e-05
4.00923e-05
4.00845e-05
4.00773e-05
4.00707e-05
4.00647e-05
4.00595e-05
4.0055e-05
4.00512e-05
4.00481e-05
4.00457e-05
4.00443e-05
4.00447e-05
4.00474e-05
4.00528e-05
4.00604e-05
4.00674e-05
4.00712e-05
4.00748e-05
4.00791e-05
4.00827e-05
4.00889e-05
4.01006e-05
4.01177e-05
4.01313e-05
4.01266e-05
4.01045e-05
4.01008e-05
4.01227e-05
4.00648e-05
4.31163e-05
4.29186e-05
4.32727e-05
4.37147e-05
4.24284e-05
4.18776e-05
4.72314e-05
5.17331e-05
3.64213e-05
8.9226e-06
0
0.00360799
0.0155535
0.071589
0.152489
0.241155
0.325381
0.397719
0.454276
0.49371
0.516515
0.524554
0.520768
0.508897
0.493123
0.478021
0.469677
0.477496
0.51308
0.579705
0.669609
0.769356
0.862874
0.933956
0.967767
0.951901
0.878138
0.746714
0.573235
0.390139
0.233019
0.121605
0.0548703
0.0210887
0.00677849
0.00178047
0.000375368
7.37713e-05
3.40639e-05
3.64602e-05
3.95888e-05
4.04114e-05
4.04162e-05
4.03257e-05
4.02709e-05
4.0238e-05
4.02119e-05
4.01884e-05
4.01672e-05
4.01485e-05
4.01322e-05
4.01182e-05
4.01063e-05
4.00961e-05
4.00872e-05
4.0079e-05
4.00724e-05
4.00673e-05
4.00621e-05
4.00564e-05
4.00509e-05
4.00456e-05
4.00401e-05
4.00336e-05
4.00267e-05
4.00202e-05
4.00168e-05
4.00109e-05
4.00447e-05
4.00426e-05
4.30232e-05
4.26645e-05
4.23771e-05
4.21852e-05
4.20072e-05
4.18179e-05
4.16271e-05
4.14467e-05
4.12789e-05
4.11222e-05
4.09765e-05
4.08436e-05
4.07246e-05
4.06207e-05
4.0533e-05
4.04622e-05
4.04097e-05
4.03781e-05
4.03638e-05
4.03624e-05
4.03703e-05
4.03819e-05
4.03948e-05
4.04065e-05
4.04159e-05
4.04221e-05
4.04246e-05
4.04235e-05
4.0419e-05
4.04115e-05
4.04012e-05
4.03886e-05
4.03741e-05
4.0358e-05
4.03408e-05
4.03228e-05
4.03043e-05
4.02859e-05
4.02677e-05
4.02501e-05
4.02331e-05
4.02169e-05
4.02015e-05
4.0187e-05
4.01733e-05
4.01604e-05
4.01483e-05
4.0137e-05
4.01263e-05
4.01163e-05
4.01068e-05
4.00979e-05
4.00896e-05
4.00819e-05
4.00748e-05
4.00684e-05
4.00627e-05
4.00578e-05
4.00536e-05
4.00501e-05
4.00475e-05
4.00461e-05
4.00464e-05
4.0049e-05
4.00542e-05
4.00613e-05
4.00684e-05
4.00721e-05
4.00756e-05
4.00798e-05
4.00837e-05
4.00905e-05
4.0103e-05
4.01204e-05
4.01331e-05
4.01268e-05
4.01044e-05
4.01047e-05
4.01259e-05
4.00643e-05
4.34382e-05
4.32861e-05
4.33501e-05
4.39087e-05
4.32085e-05
4.16111e-05
4.49557e-05
5.19764e-05
4.31414e-05
1.08653e-05
0
0.000168393
0.000727145
0.0382455
0.113594
0.206038
0.298897
0.381715
0.448653
0.49699
0.526247
0.537672
0.533986
0.519261
0.498575
0.47759
0.463134
0.464943
0.494587
0.553581
0.634019
0.72285
0.804905
0.865248
0.890533
0.870173
0.798159
0.676658
0.520637
0.357817
0.217648
0.116719
0.0546837
0.022102
0.00759601
0.00218292
0.000519605
0.000112899
4.17573e-05
3.72169e-05
3.94516e-05
4.03495e-05
4.04265e-05
4.03482e-05
4.02887e-05
4.02514e-05
4.02227e-05
4.01975e-05
4.01749e-05
4.01549e-05
4.01374e-05
4.01224e-05
4.01097e-05
4.00988e-05
4.00894e-05
4.00807e-05
4.00737e-05
4.00685e-05
4.00632e-05
4.00572e-05
4.00515e-05
4.00461e-05
4.00408e-05
4.00344e-05
4.00276e-05
4.00209e-05
4.00171e-05
4.0011e-05
4.00456e-05
4.00452e-05
4.32163e-05
4.28913e-05
4.26656e-05
4.24886e-05
4.23051e-05
4.211e-05
4.1915e-05
4.17287e-05
4.15515e-05
4.13823e-05
4.12218e-05
4.10714e-05
4.09322e-05
4.08047e-05
4.06898e-05
4.05883e-05
4.05013e-05
4.04297e-05
4.03742e-05
4.03367e-05
4.03189e-05
4.03135e-05
4.03177e-05
4.03281e-05
4.03405e-05
4.03528e-05
4.0363e-05
4.03701e-05
4.03737e-05
4.0374e-05
4.03709e-05
4.03647e-05
4.03559e-05
4.03448e-05
4.03319e-05
4.03176e-05
4.03023e-05
4.02863e-05
4.02702e-05
4.0254e-05
4.02382e-05
4.02228e-05
4.0208e-05
4.01938e-05
4.01803e-05
4.01674e-05
4.01552e-05
4.01436e-05
4.01327e-05
4.01223e-05
4.01124e-05
4.0103e-05
4.00943e-05
4.00861e-05
4.00786e-05
4.00719e-05
4.00658e-05
4.00606e-05
4.00561e-05
4.00523e-05
4.00494e-05
4.00479e-05
4.00481e-05
4.00507e-05
4.00556e-05
4.00622e-05
4.00693e-05
4.0073e-05
4.00763e-05
4.00805e-05
4.00846e-05
4.0092e-05
4.01053e-05
4.01231e-05
4.01348e-05
4.01267e-05
4.01043e-05
4.0109e-05
4.01292e-05
4.00636e-05
4.35403e-05
4.35268e-05
4.34052e-05
4.38202e-05
4.38323e-05
4.19414e-05
4.25158e-05
5.02534e-05
5.00946e-05
2.57463e-05
6.36109e-06
0
0.00193093
0.00830105
0.0600617
0.147769
0.24725
0.342181
0.42314
0.485124
0.52599
0.545729
0.546184
0.531079
0.506184
0.478822
0.457216
0.451364
0.472668
0.522135
0.592244
0.670278
0.741791
0.79298
0.81179
0.788976
0.720124
0.608725
0.469095
0.325032
0.200838
0.110277
0.0533619
0.0225069
0.00817581
0.00252434
0.000658645
0.000155573
5.15722e-05
3.86589e-05
3.94533e-05
4.02934e-05
4.04277e-05
4.03657e-05
4.0304e-05
4.02628e-05
4.02318e-05
4.02051e-05
4.01814e-05
4.01604e-05
4.01421e-05
4.01263e-05
4.01129e-05
4.01015e-05
4.00917e-05
4.00826e-05
4.00754e-05
4.00701e-05
4.00648e-05
4.00585e-05
4.00524e-05
4.00469e-05
4.00416e-05
4.00353e-05
4.00287e-05
4.00218e-05
4.00176e-05
4.00113e-05
4.00464e-05
4.0048e-05
4.32845e-05
4.30419e-05
4.28725e-05
4.27126e-05
4.25369e-05
4.235e-05
4.21629e-05
4.19806e-05
4.18029e-05
4.16299e-05
4.14629e-05
4.13034e-05
4.11524e-05
4.10106e-05
4.08789e-05
4.07579e-05
4.06485e-05
4.05515e-05
4.0468e-05
4.03991e-05
4.0345e-05
4.0306e-05
4.02846e-05
4.02775e-05
4.028e-05
4.02892e-05
4.03004e-05
4.03119e-05
4.03218e-05
4.03289e-05
4.03327e-05
4.03332e-05
4.03305e-05
4.03249e-05
4.03168e-05
4.03067e-05
4.0295e-05
4.02823e-05
4.02688e-05
4.02549e-05
4.02408e-05
4.02267e-05
4.02129e-05
4.01994e-05
4.01864e-05
4.01739e-05
4.01618e-05
4.01502e-05
4.01391e-05
4.01285e-05
4.01183e-05
4.01086e-05
4.00995e-05
4.0091e-05
4.00832e-05
4.0076e-05
4.00696e-05
4.0064e-05
4.00591e-05
4.0055e-05
4.0052e-05
4.00503e-05
4.00504e-05
4.00528e-05
4.00573e-05
4.00634e-05
4.00699e-05
4.00735e-05
4.00768e-05
4.00807e-05
4.00852e-05
4.00933e-05
4.01075e-05
4.01256e-05
4.01361e-05
4.01261e-05
4.01042e-05
4.01141e-05
4.01325e-05
4.00625e-05
4.35197e-05
4.36397e-05
4.35808e-05
4.36773e-05
4.39918e-05
4.32465e-05
4.19003e-05
4.48859e-05
5.12716e-05
4.34677e-05
5.01315e-06
1.25072e-06
0
0.0024784
0.010173
0.059164
0.14462
0.244944
0.342709
0.426913
0.491341
0.532957
0.551175
0.547725
0.526919
0.496005
0.465105
0.446209
0.451456
0.484385
0.539668
0.606072
0.669415
0.715999
0.734327
0.71575
0.656128
0.558552
0.435619
0.30767
0.195431
0.11133
0.0565064
0.0253235
0.00993203
0.00337962
0.000994368
0.000262592
7.88598e-05
4.38714e-05
4.0038e-05
4.02827e-05
4.04314e-05
4.03922e-05
4.03292e-05
4.02824e-05
4.02473e-05
4.0218e-05
4.01923e-05
4.01697e-05
4.01499e-05
4.01328e-05
4.01183e-05
4.01061e-05
4.00956e-05
4.00859e-05
4.00782e-05
4.00728e-05
4.00673e-05
4.00607e-05
4.00542e-05
4.00483e-05
4.00428e-05
4.00367e-05
4.003e-05
4.00231e-05
4.00183e-05
4.0012e-05
4.00471e-05
4.00511e-05
4.33243e-05
4.31664e-05
4.30303e-05
4.28841e-05
4.27235e-05
4.25552e-05
4.23851e-05
4.2215e-05
4.2045e-05
4.1876e-05
4.17097e-05
4.15476e-05
4.13908e-05
4.12404e-05
4.10973e-05
4.09624e-05
4.08366e-05
4.07207e-05
4.06154e-05
4.05216e-05
4.04396e-05
4.03703e-05
4.03146e-05
4.02732e-05
4.02485e-05
4.024e-05
4.02415e-05
4.02505e-05
4.02627e-05
4.02756e-05
4.02871e-05
4.02957e-05
4.03009e-05
4.03022e-05
4.03001e-05
4.02951e-05
4.02877e-05
4.02787e-05
4.02684e-05
4.02573e-05
4.02454e-05
4.02332e-05
4.02208e-05
4.02084e-05
4.01961e-05
4.0184e-05
4.01721e-05
4.01605e-05
4.01493e-05
4.01384e-05
4.01278e-05
4.01177e-05
4.01082e-05
4.00991e-05
4.00907e-05
4.00831e-05
4.00761e-05
4.007e-05
4.00646e-05
4.00601e-05
4.00566e-05
4.00546e-05
4.00545e-05
4.00564e-05
4.00604e-05
4.00657e-05
4.00712e-05
4.00749e-05
4.00779e-05
4.00811e-05
4.00856e-05
4.00947e-05
4.01101e-05
4.01283e-05
4.01373e-05
4.01251e-05
4.01042e-05
4.01205e-05
4.01364e-05
4.00615e-05
4.35176e-05
4.36565e-05
4.37052e-05
4.36779e-05
4.38592e-05
4.39905e-05
4.28635e-05
4.18337e-05
4.66974e-05
5.22909e-05
3.6889e-05
9.39502e-06
0
0
0.000424431
0.00145318
0.0348226
0.108215
0.206025
0.308675
0.40158
0.475605
0.525585
0.549342
0.547593
0.524505
0.488755
0.454155
0.437315
0.447477
0.481251
0.531102
0.584868
0.628579
0.649828
0.639371
0.592424
0.510814
0.404972
0.29235
0.191119
0.112919
0.0600092
0.0284537
0.0119537
0.00442064
0.00143509
0.000417309
0.000123647
5.42777e-05
4.18464e-05
4.04879e-05
4.04619e-05
4.04251e-05
4.03611e-05
4.03081e-05
4.02679e-05
4.0235e-05
4.02066e-05
4.01816e-05
4.01598e-05
4.0141e-05
4.0125e-05
4.01115e-05
4.01001e-05
4.00895e-05
4.00812e-05
4.00756e-05
4.00701e-05
4.00631e-05
4.00559e-05
4.00495e-05
4.00439e-05
4.00378e-05
4.00313e-05
4.00243e-05
4.00191e-05
4.00127e-05
4.00479e-05
4.00544e-05
4.34e-05
4.32895e-05
4.31727e-05
4.30404e-05
4.28971e-05
4.27479e-05
4.2595e-05
4.24387e-05
4.22795e-05
4.21187e-05
4.19579e-05
4.17982e-05
4.16409e-05
4.14873e-05
4.13383e-05
4.11951e-05
4.10585e-05
4.09295e-05
4.08087e-05
4.06971e-05
4.05949e-05
4.05032e-05
4.04226e-05
4.03536e-05
4.02975e-05
4.02543e-05
4.02249e-05
4.0211e-05
4.02093e-05
4.02159e-05
4.02277e-05
4.02404e-05
4.02524e-05
4.02617e-05
4.02674e-05
4.02694e-05
4.0268e-05
4.02639e-05
4.02578e-05
4.02503e-05
4.02417e-05
4.02324e-05
4.02224e-05
4.02121e-05
4.02015e-05
4.01907e-05
4.01798e-05
4.0169e-05
4.01582e-05
4.01476e-05
4.01371e-05
4.0127e-05
4.01173e-05
4.01081e-05
4.00994e-05
4.00913e-05
4.0084e-05
4.00774e-05
4.00716e-05
4.00666e-05
4.00628e-05
4.00605e-05
4.006e-05
4.00614e-05
4.00646e-05
4.00689e-05
4.00734e-05
4.00768e-05
4.00792e-05
4.00818e-05
4.00863e-05
4.00962e-05
4.01128e-05
4.0131e-05
4.01378e-05
4.01234e-05
4.01056e-05
4.01285e-05
4.01405e-05
4.00598e-05
4.33547e-05
4.34281e-05
4.34902e-05
4.34934e-05
4.35196e-05
4.3731e-05
4.35474e-05
4.22417e-05
4.23988e-05
4.81638e-05
5.16481e-05
2.73546e-05
6.95167e-06
0
0
1.17463e-05
0.00408385
0.0161035
0.0708247
0.160109
0.264095
0.364789
0.449339
0.509644
0.541372
0.543773
0.520582
0.481666
0.444595
0.428992
0.438494
0.467312
0.506995
0.545612
0.569938
0.568662
0.534962
0.468756
0.378368
0.27905
0.187279
0.11429
0.0632602
0.0315153
0.0140468
0.00557192
0.00196169
0.000619762
0.000189039
7.18005e-05
4.56315e-05
4.11251e-05
4.05625e-05
4.04663e-05
4.03951e-05
4.03359e-05
4.02904e-05
4.02538e-05
4.02225e-05
4.01951e-05
4.01712e-05
4.01505e-05
4.01328e-05
4.01179e-05
4.01053e-05
4.00938e-05
4.00847e-05
4.00787e-05
4.00731e-05
4.00658e-05
4.00579e-05
4.00508e-05
4.00447e-05
4.00387e-05
4.00324e-05
4.00254e-05
4.00199e-05
4.00135e-05
4.00487e-05
4.00579e-05
4.33323e-05
4.32754e-05
4.32009e-05
4.31068e-05
4.29986e-05
4.28797e-05
4.27516e-05
4.26154e-05
4.24725e-05
4.23247e-05
4.21735e-05
4.20204e-05
4.18668e-05
4.1714e-05
4.15634e-05
4.14162e-05
4.12734e-05
4.1136e-05
4.1005e-05
4.08813e-05
4.07655e-05
4.06584e-05
4.05608e-05
4.0473e-05
4.03959e-05
4.03297e-05
4.02753e-05
4.02333e-05
4.02032e-05
4.01862e-05
4.01834e-05
4.01888e-05
4.01999e-05
4.02128e-05
4.02248e-05
4.0234e-05
4.02395e-05
4.02414e-05
4.02403e-05
4.02368e-05
4.02317e-05
4.02253e-05
4.0218e-05
4.02099e-05
4.02013e-05
4.01923e-05
4.01829e-05
4.01732e-05
4.01634e-05
4.01534e-05
4.01436e-05
4.01338e-05
4.01243e-05
4.01152e-05
4.01065e-05
4.00984e-05
4.00909e-05
4.0084e-05
4.0078e-05
4.00728e-05
4.00687e-05
4.00661e-05
4.00652e-05
4.00662e-05
4.00686e-05
4.00721e-05
4.00757e-05
4.00785e-05
4.00804e-05
4.00825e-05
4.00871e-05
4.00978e-05
4.01157e-05
4.01334e-05
4.01377e-05
4.01213e-05
4.01084e-05
4.01372e-05
4.01443e-05
4.00575e-05
4.28633e-05
4.28716e-05
4.28935e-05
4.29252e-05
4.29499e-05
4.30506e-05
4.32384e-05
4.2905e-05
4.18542e-05
4.26611e-05
4.88473e-05
4.93657e-05
1.79857e-05
4.59136e-06
0
0
0
0.000886351
0.00318483
0.0375924
0.110017
0.208496
0.313956
0.409298
0.482392
0.525779
0.536473
0.516957
0.477505
0.437616
0.419271
0.423514
0.443236
0.470054
0.492959
0.49953
0.479655
0.429622
0.354653
0.267812
0.184503
0.116053
0.0666641
0.0347357
0.0163255
0.00688908
0.00260302
0.00088562
0.000282969
9.9872e-05
5.26109e-05
4.25375e-05
4.08068e-05
4.05268e-05
4.04317e-05
4.03647e-05
4.03135e-05
4.0273e-05
4.0239e-05
4.02096e-05
4.01837e-05
4.01613e-05
4.0142e-05
4.01256e-05
4.01118e-05
4.00992e-05
4.00891e-05
4.00827e-05
4.0077e-05
4.00693e-05
4.00606e-05
4.00525e-05
4.00458e-05
4.00395e-05
4.00333e-05
4.00264e-05
4.00205e-05
4.00141e-05
4.00495e-05
4.00614e-05
4.29315e-05
4.29521e-05
4.29525e-05
4.2931e-05
4.28894e-05
4.28295e-05
4.27528e-05
4.26608e-05
4.25558e-05
4.24397e-05
4.23147e-05
4.21825e-05
4.20452e-05
4.19043e-05
4.17615e-05
4.16183e-05
4.14762e-05
4.13365e-05
4.12005e-05
4.10695e-05
4.09444e-05
4.08263e-05
4.0716e-05
4.0614e-05
4.05212e-05
4.04379e-05
4.03649e-05
4.03025e-05
4.0251e-05
4.02112e-05
4.01833e-05
4.01663e-05
4.01607e-05
4.01667e-05
4.0178e-05
4.01914e-05
4.02031e-05
4.02118e-05
4.02167e-05
4.02184e-05
4.02174e-05
4.02145e-05
4.021e-05
4.02043e-05
4.01978e-05
4.01905e-05
4.01826e-05
4.01742e-05
4.01655e-05
4.01565e-05
4.01474e-05
4.01383e-05
4.01292e-05
4.01204e-05
4.0112e-05
4.0104e-05
4.00965e-05
4.00896e-05
4.00834e-05
4.0078e-05
4.00739e-05
4.00711e-05
4.007e-05
4.00705e-05
4.00723e-05
4.0075e-05
4.00779e-05
4.00801e-05
4.00814e-05
4.00832e-05
4.00882e-05
4.00999e-05
4.01187e-05
4.01356e-05
4.01371e-05
4.01193e-05
4.01128e-05
4.01465e-05
4.01474e-05
4.00544e-05
4.226e-05
4.22682e-05
4.22921e-05
4.23509e-05
4.24369e-05
4.25435e-05
4.27401e-05
4.29374e-05
4.25917e-05
4.17948e-05
4.33057e-05
4.90873e-05
4.72639e-05
1.49642e-05
3.85928e-06
0
0
0
2.72363e-05
0.00384164
0.0149251
0.0650538
0.1507
0.255129
0.358878
0.445335
0.502906
0.525408
0.513122
0.475639
0.432781
0.408695
0.404425
0.412455
0.425089
0.432585
0.423638
0.390032
0.331709
0.257994
0.182987
0.118613
0.0704997
0.0382798
0.018881
0.00842312
0.00338915
0.00123287
0.000415438
0.00014333
6.4752e-05
4.53805e-05
4.13639e-05
4.06337e-05
4.04696e-05
4.03914e-05
4.0335e-05
4.02909e-05
4.02545e-05
4.02234e-05
4.01961e-05
4.01723e-05
4.01517e-05
4.01341e-05
4.01192e-05
4.01057e-05
4.00947e-05
4.00878e-05
4.00819e-05
4.00738e-05
4.00643e-05
4.00551e-05
4.00474e-05
4.00406e-05
4.00344e-05
4.00275e-05
4.00212e-05
4.00148e-05
4.00501e-05
4.0065e-05
4.23366e-05
4.23974e-05
4.24496e-05
4.24904e-05
4.25149e-05
4.25218e-05
4.251e-05
4.24799e-05
4.24323e-05
4.23688e-05
4.2291e-05
4.22006e-05
4.20994e-05
4.19892e-05
4.18718e-05
4.17488e-05
4.16221e-05
4.14932e-05
4.13639e-05
4.12357e-05
4.11103e-05
4.09887e-05
4.08722e-05
4.07619e-05
4.06587e-05
4.05633e-05
4.04765e-05
4.03989e-05
4.0331e-05
4.02733e-05
4.02262e-05
4.01896e-05
4.01642e-05
4.01501e-05
4.01457e-05
4.01505e-05
4.0162e-05
4.0175e-05
4.01858e-05
4.01936e-05
4.0198e-05
4.01995e-05
4.01986e-05
4.0196e-05
4.01918e-05
4.01865e-05
4.01803e-05
4.01733e-05
4.01658e-05
4.01578e-05
4.01495e-05
4.01411e-05
4.01327e-05
4.01243e-05
4.01162e-05
4.01084e-05
4.0101e-05
4.00942e-05
4.0088e-05
4.00826e-05
4.00784e-05
4.00756e-05
4.00742e-05
4.00744e-05
4.00758e-05
4.00779e-05
4.008e-05
4.00814e-05
4.00822e-05
4.00839e-05
4.00896e-05
4.01026e-05
4.01222e-05
4.01377e-05
4.01359e-05
4.01175e-05
4.01187e-05
4.01561e-05
4.01497e-05
4.00505e-05
4.1976e-05
4.20527e-05
4.21343e-05
4.22475e-05
4.24017e-05
4.25829e-05
4.27932e-05
4.30766e-05
4.32748e-05
4.30274e-05
4.24521e-05
4.43416e-05
4.92242e-05
4.69019e-05
1.84015e-05
4.76907e-06
0
0
0
0
0.000558594
0.00180562
0.0322234
0.0994419
0.19556
0.30245
0.400171
0.472575
0.509333
0.507547
0.474665
0.42942
0.398026
0.383669
0.378766
0.376701
0.369482
0.34782
0.30608
0.24725
0.181916
0.122012
0.074966
0.0422949
0.021811
0.0102379
0.00436102
0.00168603
0.000599555
0.000208309
8.4541e-05
5.05446e-05
4.252e-05
4.08684e-05
4.05259e-05
4.04161e-05
4.03526e-05
4.03055e-05
4.02673e-05
4.02351e-05
4.0207e-05
4.01825e-05
4.01611e-05
4.01427e-05
4.0127e-05
4.01128e-05
4.0101e-05
4.00936e-05
4.00876e-05
4.00793e-05
4.0069e-05
4.00586e-05
4.00497e-05
4.00421e-05
4.00356e-05
4.00286e-05
4.0022e-05
4.00156e-05
4.00505e-05
4.00686e-05
4.19441e-05
4.19557e-05
4.1982e-05
4.20214e-05
4.20621e-05
4.20985e-05
4.21257e-05
4.21408e-05
4.21419e-05
4.21284e-05
4.21002e-05
4.20578e-05
4.2002e-05
4.19338e-05
4.18546e-05
4.17656e-05
4.16685e-05
4.15648e-05
4.14561e-05
4.13443e-05
4.12307e-05
4.1117e-05
4.10047e-05
4.08952e-05
4.07896e-05
4.06893e-05
4.05951e-05
4.05079e-05
4.04287e-05
4.03581e-05
4.02965e-05
4.02444e-05
4.02025e-05
4.01712e-05
4.01501e-05
4.01391e-05
4.01366e-05
4.01408e-05
4.01506e-05
4.0162e-05
4.01717e-05
4.01786e-05
4.01825e-05
4.01837e-05
4.01828e-05
4.01802e-05
4.01761e-05
4.01709e-05
4.01648e-05
4.0158e-05
4.01508e-05
4.01432e-05
4.01354e-05
4.01276e-05
4.01199e-05
4.01124e-05
4.01051e-05
4.00984e-05
4.00922e-05
4.0087e-05
4.00828e-05
4.00798e-05
4.00784e-05
4.00783e-05
4.00793e-05
4.00808e-05
4.0082e-05
4.00825e-05
4.00828e-05
4.00849e-05
4.00914e-05
4.01059e-05
4.01259e-05
4.01395e-05
4.01343e-05
4.01163e-05
4.01263e-05
4.01659e-05
4.0151e-05
4.00458e-05
4.22766e-05
4.24656e-05
4.26262e-05
4.2793e-05
4.29881e-05
4.32139e-05
4.34571e-05
4.37252e-05
4.40282e-05
4.42231e-05
4.40131e-05
4.36847e-05
4.55526e-05
4.91459e-05
4.82052e-05
2.61611e-05
6.7546e-06
7.94331e-10
0
0
0
1.63616e-05
0.00335424
0.0130094
0.0585374
0.139444
0.242411
0.347236
0.433702
0.486567
0.498553
0.473485
0.428272
0.389036
0.363458
0.34507
0.328351
0.307709
0.276659
0.232234
0.178609
0.124982
0.0797339
0.0466354
0.0250382
0.0123094
0.00552864
0.00226626
0.0008533
0.000305306
0.00011659
5.95489e-05
4.46325e-05
4.12843e-05
4.06057e-05
4.04398e-05
4.03653e-05
4.03146e-05
4.02752e-05
4.02426e-05
4.02145e-05
4.01899e-05
4.01684e-05
4.01498e-05
4.01339e-05
4.01194e-05
4.01073e-05
4.00996e-05
4.00936e-05
4.00854e-05
4.00746e-05
4.0063e-05
4.00527e-05
4.0044e-05
4.0037e-05
4.00299e-05
4.00229e-05
4.00166e-05
4.00509e-05
4.00722e-05
4.2052e-05
4.19299e-05
4.185e-05
4.18118e-05
4.18002e-05
4.18059e-05
4.18204e-05
4.18372e-05
4.18513e-05
4.18593e-05
4.18585e-05
4.18476e-05
4.18255e-05
4.17922e-05
4.17478e-05
4.16928e-05
4.1628e-05
4.15544e-05
4.14732e-05
4.13855e-05
4.12926e-05
4.1196e-05
4.1097e-05
4.09972e-05
4.08979e-05
4.08004e-05
4.07061e-05
4.06161e-05
4.05316e-05
4.04534e-05
4.03824e-05
4.03192e-05
4.02647e-05
4.02195e-05
4.0184e-05
4.01581e-05
4.01411e-05
4.01322e-05
4.01303e-05
4.01339e-05
4.01417e-05
4.01515e-05
4.01599e-05
4.01658e-05
4.01691e-05
4.01699e-05
4.01688e-05
4.01659e-05
4.01618e-05
4.01567e-05
4.01508e-05
4.01443e-05
4.01374e-05
4.01302e-05
4.0123e-05
4.01158e-05
4.01089e-05
4.01023e-05
4.00963e-05
4.0091e-05
4.00868e-05
4.00839e-05
4.00823e-05
4.00821e-05
4.00828e-05
4.00836e-05
4.00838e-05
4.00833e-05
4.00833e-05
4.00859e-05
4.00937e-05
4.011e-05
4.013e-05
4.01409e-05
4.01321e-05
4.01154e-05
4.01357e-05
4.01758e-05
4.0151e-05
4.00404e-05
4.30432e-05
4.33196e-05
4.35273e-05
4.37019e-05
4.38728e-05
4.40581e-05
4.42606e-05
4.44737e-05
4.47069e-05
4.49455e-05
4.50977e-05
4.48841e-05
4.47603e-05
4.60298e-05
4.9747e-05
4.84343e-05
3.32643e-05
1.13848e-07
1.18321e-07
0
0
0
0
0.000551891
0.00182474
0.029082
0.0907733
0.18257
0.28802
0.385245
0.454217
0.482279
0.467945
0.425194
0.378712
0.342086
0.310762
0.280876
0.249727
0.213952
0.172008
0.127066
0.085393
0.0521752
0.0290929
0.0148396
0.00693548
0.00297673
0.00118052
0.000441943
0.000167669
7.63125e-05
4.93288e-05
4.23614e-05
4.0798e-05
4.04684e-05
4.03732e-05
4.03202e-05
4.02801e-05
4.02474e-05
4.02196e-05
4.01955e-05
4.01743e-05
4.01558e-05
4.01401e-05
4.01257e-05
4.01136e-05
4.01058e-05
4.00999e-05
4.00919e-05
4.00809e-05
4.00682e-05
4.00566e-05
4.00466e-05
4.0039e-05
4.00315e-05
4.00244e-05
4.00177e-05
4.00505e-05
4.00759e-05
4.26401e-05
4.23536e-05
4.21262e-05
4.19596e-05
4.18431e-05
4.17665e-05
4.17197e-05
4.16939e-05
4.16811e-05
4.16753e-05
4.16713e-05
4.16656e-05
4.16554e-05
4.16389e-05
4.1615e-05
4.15831e-05
4.15429e-05
4.14947e-05
4.14386e-05
4.13751e-05
4.13049e-05
4.1229e-05
4.11483e-05
4.10639e-05
4.09771e-05
4.08891e-05
4.08011e-05
4.07145e-05
4.06305e-05
4.05503e-05
4.04748e-05
4.0405e-05
4.0342e-05
4.02866e-05
4.02395e-05
4.0201e-05
4.01709e-05
4.0149e-05
4.01346e-05
4.01269e-05
4.01251e-05
4.01283e-05
4.01353e-05
4.01435e-05
4.01506e-05
4.01555e-05
4.01581e-05
4.01586e-05
4.01571e-05
4.01541e-05
4.015e-05
4.01449e-05
4.01392e-05
4.01329e-05
4.01264e-05
4.01197e-05
4.01131e-05
4.01067e-05
4.01008e-05
4.00957e-05
4.00915e-05
4.00885e-05
4.00869e-05
4.00866e-05
4.00868e-05
4.00868e-05
4.00858e-05
4.00841e-05
4.00841e-05
4.00876e-05
4.00968e-05
4.01147e-05
4.01339e-05
4.01413e-05
4.01294e-05
4.01171e-05
4.01474e-05
4.01856e-05
4.01498e-05
4.00337e-05
4.39956e-05
4.42347e-05
4.43873e-05
4.44862e-05
4.4557e-05
4.46229e-05
4.47004e-05
4.47953e-05
4.49096e-05
4.50473e-05
4.52001e-05
4.52813e-05
4.51133e-05
4.50505e-05
4.59098e-05
4.88327e-05
4.8583e-05
4.15185e-05
1.28412e-05
3.41707e-06
0
0
0
0
1.75528e-05
0.00314624
0.0122067
0.0522103
0.126249
0.225448
0.330609
0.418504
0.469515
0.474323
0.439606
0.384096
0.331512
0.282339
0.235759
0.193113
0.154424
0.118298
0.0847002
0.0556073
0.0331448
0.0178868
0.00873526
0.0038726
0.00157119
0.000595583
0.000223444
9.52931e-05
5.53763e-05
4.41187e-05
4.12366e-05
4.05511e-05
4.0379e-05
4.0315e-05
4.02748e-05
4.02432e-05
4.02168e-05
4.0194e-05
4.0174e-05
4.01565e-05
4.01418e-05
4.01284e-05
4.01172e-05
4.01098e-05
4.01044e-05
4.00972e-05
4.00864e-05
4.00732e-05
4.00601e-05
4.00488e-05
4.00402e-05
4.00327e-05
4.00248e-05
4.00189e-05
4.0052e-05
4.00788e-05
4.35854e-05
4.32114e-05
4.28707e-05
4.25729e-05
4.23239e-05
4.21226e-05
4.19649e-05
4.18445e-05
4.17544e-05
4.16876e-05
4.16378e-05
4.15993e-05
4.15677e-05
4.15393e-05
4.15115e-05
4.14822e-05
4.14498e-05
4.14134e-05
4.13721e-05
4.13255e-05
4.12735e-05
4.12163e-05
4.11541e-05
4.10873e-05
4.10166e-05
4.09426e-05
4.08664e-05
4.07892e-05
4.07119e-05
4.06357e-05
4.05614e-05
4.04904e-05
4.04237e-05
4.03625e-05
4.03076e-05
4.02597e-05
4.0219e-05
4.01858e-05
4.01599e-05
4.0141e-05
4.01287e-05
4.01223e-05
4.01209e-05
4.01231e-05
4.01276e-05
4.01337e-05
4.0139e-05
4.0143e-05
4.0145e-05
4.01454e-05
4.0144e-05
4.01411e-05
4.01371e-05
4.01323e-05
4.01269e-05
4.0121e-05
4.0115e-05
4.0109e-05
4.01034e-05
4.00984e-05
4.00943e-05
4.00914e-05
4.00899e-05
4.00894e-05
4.00893e-05
4.00884e-05
4.0086e-05
4.00833e-05
4.00837e-05
4.00885e-05
4.01003e-05
4.01198e-05
4.0138e-05
4.01419e-05
4.01269e-05
4.01187e-05
4.01582e-05
4.01943e-05
4.01458e-05
4.00254e-05
4.35704e-05
4.36306e-05
4.36711e-05
4.36861e-05
4.36801e-05
4.36674e-05
4.36631e-05
4.36773e-05
4.37153e-05
4.3782e-05
4.38809e-05
4.40145e-05
4.41133e-05
4.40887e-05
4.39894e-05
4.46108e-05
4.64124e-05
4.8349e-05
4.55232e-05
3.05812e-05
7.62463e-06
0
0
0
0
0
0.000125208
3.80429e-06
0.0149516
0.0529947
0.118146
0.202123
0.289248
0.360549
0.400925
0.404581
0.378028
0.332782
0.281174
0.226264
0.173089
0.126658
0.0889828
0.0596315
0.0375748
0.0219272
0.0117164
0.00569143
0.00251064
0.00101336
0.000385371
0.000150488
7.21006e-05
4.86923e-05
4.23916e-05
4.0826e-05
4.04412e-05
4.0329e-05
4.0279e-05
4.02457e-05
4.0219e-05
4.01963e-05
4.01764e-05
4.0159e-05
4.01443e-05
4.01311e-05
4.01204e-05
4.01135e-05
4.01092e-05
4.01032e-05
4.00937e-05
4.00809e-05
4.00674e-05
4.00543e-05
4.00448e-05
4.00359e-05
4.00286e-05
4.00206e-05
4.00489e-05
4.00854e-05
4.34833e-05
4.3331e-05
4.31527e-05
4.29579e-05
4.27611e-05
4.2572e-05
4.23971e-05
4.22399e-05
4.21016e-05
4.19814e-05
4.18777e-05
4.17883e-05
4.17105e-05
4.16419e-05
4.15804e-05
4.15237e-05
4.14702e-05
4.14184e-05
4.13672e-05
4.13157e-05
4.12633e-05
4.12095e-05
4.11539e-05
4.10962e-05
4.10364e-05
4.09745e-05
4.0911e-05
4.08462e-05
4.07806e-05
4.07146e-05
4.0649e-05
4.05845e-05
4.05219e-05
4.04623e-05
4.04063e-05
4.03547e-05
4.03081e-05
4.02669e-05
4.02315e-05
4.02019e-05
4.01782e-05
4.01602e-05
4.01474e-05
4.01388e-05
4.01338e-05
4.01315e-05
4.01306e-05
4.01302e-05
4.013e-05
4.01301e-05
4.01306e-05
4.01301e-05
4.01285e-05
4.01259e-05
4.01225e-05
4.01184e-05
4.01139e-05
4.01093e-05
4.01047e-05
4.01007e-05
4.00975e-05
4.00955e-05
4.00947e-05
4.00945e-05
4.00938e-05
4.00917e-05
4.00882e-05
4.00849e-05
4.00864e-05
4.0094e-05
4.01091e-05
4.01288e-05
4.01425e-05
4.01393e-05
4.01239e-05
4.01322e-05
4.01821e-05
4.0205e-05
4.01386e-05
4.00197e-05
)
;

boundaryField
{
    inlet
    {
        type            freestream;
        freestreamValue uniform 4e-05;
        value           nonuniform List<scalar> 
134
(
4e-05
4e-05
4e-05
4e-05
4e-05
4e-05
4e-05
4e-05
4e-05
4e-05
4.00001e-05
4.00002e-05
4.00002e-05
4.00002e-05
4.00005e-05
4.0001e-05
4.00017e-05
4.00025e-05
4.00032e-05
4.00039e-05
4e-05
4.00045e-05
4.0005e-05
4.00056e-05
4.00061e-05
4.00068e-05
4.00076e-05
4.00085e-05
4.00097e-05
4.0011e-05
4.00119e-05
4.0013e-05
4.00142e-05
4.00154e-05
4.00166e-05
4.00178e-05
4.00191e-05
4.00205e-05
4.0022e-05
4.00237e-05
4e-05
4e-05
4e-05
4e-05
4e-05
4e-05
4e-05
4.00252e-05
4.00262e-05
4.00271e-05
4.00277e-05
4.00283e-05
4.00287e-05
4.00293e-05
4.00299e-05
4.00307e-05
4.00316e-05
4.00328e-05
4.00343e-05
4.0036e-05
4.0038e-05
4.00402e-05
4.00426e-05
4.00452e-05
4.0048e-05
4.00511e-05
4.00544e-05
4.00579e-05
4.00614e-05
4.0065e-05
4.00686e-05
4.00722e-05
4.00759e-05
4.00788e-05
4.00854e-05
4e-05
4e-05
4e-05
4e-05
4e-05
4e-05
4e-05
4e-05
4e-05
4e-05
4e-05
4e-05
4e-05
4e-05
4e-05
4e-05
4e-05
4e-05
4e-05
4e-05
4e-05
4e-05
4e-05
4e-05
4e-05
4e-05
4e-05
4e-05
4e-05
4e-05
4e-05
4e-05
4e-05
4e-05
4e-05
4e-05
4e-05
4e-05
4e-05
4e-05
4e-05
4e-05
4e-05
4e-05
4e-05
4e-05
4e-05
4e-05
4e-05
4e-05
4e-05
4e-05
4e-05
4e-05
4e-05
4e-05
4e-05
4e-05
4e-05
)
;
    }
    outlet
    {
        type            freestream;
        freestreamValue uniform 4e-05;
        value           nonuniform List<scalar> 
160
(
4.35704e-05
4.34833e-05
4.36306e-05
4.3331e-05
4.36711e-05
4.31527e-05
4.36861e-05
4.29579e-05
4.36801e-05
4.27611e-05
4.36674e-05
4.2572e-05
4.36631e-05
4.23971e-05
4.36773e-05
4.22399e-05
4.37153e-05
4.21016e-05
4.3782e-05
4.19814e-05
4.38809e-05
4.18777e-05
4.40145e-05
4.17883e-05
4.41133e-05
4.17105e-05
4.40887e-05
4.16419e-05
4.39894e-05
4.15804e-05
4.46108e-05
4.15237e-05
4.64124e-05
4.14702e-05
4.8349e-05
4.14184e-05
4.55232e-05
4.13672e-05
3.05812e-05
4.13157e-05
7.62463e-06
4.12633e-05
0
4.12095e-05
0
4.11539e-05
0
4.10962e-05
0
4.10364e-05
0
4.09745e-05
0.000125208
4.0911e-05
3.80429e-06
4.08462e-05
0.0149516
4.07806e-05
0.0529947
4.07146e-05
0.118146
4.0649e-05
0.202123
4.05845e-05
0.289248
4.05219e-05
0.360549
4.04623e-05
0.400925
4.04063e-05
0.404581
4.03547e-05
0.378028
4.03081e-05
0.332782
4.02669e-05
0.281174
4.02315e-05
0.226264
4.02019e-05
0.173089
4.01782e-05
0.126658
4.01602e-05
0.0889828
4.01474e-05
0.0596315
4.01388e-05
0.0375748
4.01338e-05
0.0219272
4.01315e-05
0.0117164
4.01306e-05
0.00569143
4.01302e-05
0.00251064
4.013e-05
0.00101336
4.01301e-05
0.000385371
4.01306e-05
0.000150488
4.01301e-05
7.21006e-05
4.01285e-05
4.86923e-05
4.01259e-05
4.23916e-05
4.01225e-05
4.0826e-05
4.01184e-05
4.04412e-05
4.01139e-05
4.0329e-05
4.01093e-05
4.0279e-05
4.01047e-05
4.02457e-05
4.01007e-05
4.0219e-05
4.00975e-05
4.01963e-05
4.00955e-05
4.01764e-05
4.00947e-05
4.0159e-05
4.00945e-05
4.01443e-05
4.00938e-05
4.01311e-05
4.00917e-05
4.01204e-05
4.00882e-05
4.01135e-05
4.00849e-05
4.01092e-05
4.00864e-05
4.01032e-05
4.0094e-05
4.00937e-05
4.01091e-05
4.00809e-05
4.01288e-05
4.00674e-05
4.01425e-05
4.00543e-05
4.01393e-05
4.00448e-05
4.01239e-05
4.00359e-05
4.01322e-05
4.00286e-05
4.01821e-05
4.00206e-05
4.0205e-05
4.00489e-05
4.01386e-05
4.00854e-05
4.00197e-05
)
;
    }
    walls
    {
        type            fixedValue;
        value           uniform 0;
    }
    frontAndBack
    {
        type            empty;
    }
}


// ************************************************************************* //
