/*--------------------------------*- C++ -*----------------------------------*\
| =========                 |                                                 |
| \\      /  F ield         | OpenFOAM: The Open Source CFD Toolbox           |
|  \\    /   O peration     | Version:  2412                                  |
|   \\  /    A nd           | Website:  www.openfoam.com                      |
|    \\/     M anipulation  |                                                 |
\*---------------------------------------------------------------------------*/
FoamFile
{
    version     2.0;
    format      ascii;
    arch        "LSB;label=32;scalar=64";
    class       surfaceScalarField;
    location    "50";
    object      phi;
}
// * * * * * * * * * * * * * * * * * * * * * * * * * * * * * * * * * * * * * //

dimensions      [0 3 -1 0 0 0 0];

oriented        oriented;

internalField   nonuniform List<scalar> 
21254
(
-0.142226
0.163603
-0.0213751
0.187028
-0.0234239
0.208915
-0.021886
0.229348
-0.0204323
0.249108
-0.0197591
0.266326
-0.017217
0.281132
-0.0148061
0.294039
-0.0129062
0.304207
-0.0101675
0.312383
-0.00817566
0.318716
-0.00633231
0.323059
-0.00434173
0.325823
-0.00276325
0.326908
-0.00108471
0.325697
0.00121178
0.321798
0.00389939
0.314558
0.0072395
0.303542
0.0110172
0.287932
0.0156098
0.266997
0.0209346
0.239358
0.0276397
0.205041
0.034317
0.166421
0.0386185
0.131701
0.0347178
0.109538
0.0221601
0.100623
0.00891158
0.099541
0.00108723
0.0999215
-0.000374853
0.0970222
0.00288353
0.0898968
0.00713627
0.0795948
0.0103421
0.0661215
0.0132148
0.0526046
0.0137951
0.0462679
0.00771144
0.0358743
0.00909979
0.000935578
0.034434
-0.0417262
0.043376
-0.0492417
0.00774436
0.0268213
-0.0715656
-0.118726
-0.0234988
-0.0939324
-0.0247915
-0.0650913
-0.0288395
-0.0346366
-0.0304516
-0.00372722
-0.0309074
0.0275804
-0.0313052
0.0584935
-0.0309109
0.0866917
-0.0281958
0.111648
-0.024954
0.132674
-0.0210245
0.14976
-0.017084
0.163586
-0.0138254
0.174741
-0.0111532
0.183678
-0.00893659
0.191193
-0.00751301
0.197516
-0.00632105
0.203126
-0.00560829
0.208199
-0.00507067
0.213021
-0.00482001
0.21766
-0.00463609
0.222257
-0.00459397
0.226746
-0.00448502
0.231006
-0.00425841
0.234269
-0.00326326
0.236368
-0.00209901
0.23771
-0.00134165
0.238411
-0.000698865
0.23877
-0.000354625
0.23882
-3.5229e-05
0.238427
0.000395642
0.237417
0.00101792
0.235706
0.00171613
0.233273
0.00244426
0.230126
0.0031485
0.22618
0.00396858
0.221071
0.00512075
0.213586
0.00747277
0.19983
0.0136017
0.185204
0.0149286
-0.130375
0.151778
-0.0427757
0.173923
-0.0455678
0.197448
-0.0454103
0.219734
-0.0427166
0.24173
-0.0417544
0.262602
-0.0380891
0.281813
-0.0340173
0.29957
-0.030663
0.315513
-0.0261091
0.329649
-0.022311
0.342014
-0.0186958
0.352643
-0.0149707
0.361634
-0.0117534
0.36923
-0.00868023
0.375936
-0.00549305
0.381959
-0.00212369
0.387241
0.0019588
0.391699
0.00655977
0.394509
0.0128007
0.395192
0.0202534
0.392053
0.030781
0.383141
0.0432313
0.365669
0.0560933
0.338699
0.0616911
0.305353
0.0555093
0.269582
0.0446878
0.23407
0.0366044
0.201756
0.0319442
0.17457
0.0300656
0.151521
0.0301874
0.129503
0.0323893
0.106642
0.0359456
0.0874157
0.0330505
0.0738357
0.0217562
0.0472659
0.0353525
0.0076313
0.0740151
-0.0144895
0.0658448
-0.0200336
0.0134889
0.0204721
-0.109533
-0.108744
-0.0451286
-0.0855307
-0.0480031
-0.0583577
-0.0560115
-0.029718
-0.0590897
0.000835975
-0.0614605
0.0321391
-0.062607
0.0618366
-0.0606064
0.0889948
-0.0553517
0.113328
-0.0492853
0.134746
-0.0424404
0.153069
-0.0354053
0.168673
-0.0294272
0.181962
-0.0244409
0.193171
-0.0201443
0.202838
-0.0171781
0.21126
-0.0147418
0.218733
-0.0130787
0.225576
-0.0119106
0.232039
-0.011281
0.238205
-0.0107977
0.244225
-0.0106108
0.250151
-0.0104069
0.255883
-0.00998706
0.260886
-0.00826422
0.264837
-0.00604834
0.267908
-0.00440977
0.26992
-0.0027075
0.270767
-0.00119679
0.270518
0.000227962
0.269366
0.00155272
0.26753
0.00286301
0.265199
0.0040556
0.262422
0.00523389
0.259191
0.00638587
0.25543
0.00774905
0.250836
0.00972357
0.245113
0.0131807
0.234711
0.0238455
0.220103
0.0299248
-0.126807
0.14892
-0.0648878
0.171496
-0.0681426
0.196059
-0.0699724
0.218817
-0.0654738
0.240878
-0.0638148
0.262274
-0.0594845
0.281736
-0.0534799
0.299603
-0.0485291
0.315454
-0.0419598
0.329416
-0.0362714
0.341492
-0.0307712
0.351781
-0.0252583
0.360102
-0.0200738
0.366758
-0.0153353
0.3714
-0.0101348
0.374498
-0.00522132
0.375994
0.000462764
0.376631
0.00592339
0.376718
0.0127126
0.377049
0.0199221
0.378579
0.0292505
0.38183
0.0399795
0.385671
0.0522503
0.386362
0.0609962
0.380552
0.0613137
0.366887
0.0583481
0.344533
0.0589562
0.312529
0.0639496
0.27255
0.070036
0.230184
0.0725606
0.190175
0.0724171
0.154021
0.0719791
0.124576
0.0626845
0.0989372
0.0480181
0.0630874
0.0706712
0.0267476
0.110143
0.0126545
0.0801393
0.00886229
0.0173328
0.0255338
-0.12464
-0.104715
-0.0672191
-0.0809639
-0.0717532
-0.0527864
-0.084188
-0.0237688
-0.0881071
0.00636832
-0.0915976
0.0372318
-0.093469
0.0670099
-0.0903823
0.0943616
-0.0827012
0.118961
-0.0738821
0.140731
-0.0642092
0.159512
-0.0541845
0.175537
-0.0454506
0.18922
-0.0381227
0.200898
-0.0318208
0.210926
-0.027205
0.219705
-0.0235195
0.227513
-0.0208845
0.234634
-0.0190301
0.241274
-0.0179183
0.247591
-0.0171116
0.253768
-0.0167861
0.25979
-0.0164262
0.265511
-0.0157068
0.270585
-0.0133374
0.274684
-0.0101493
0.277952
-0.00767792
0.280456
-0.005213
0.282231
-0.0029686
0.283369
-0.000896726
0.283868
0.00105689
0.283776
0.00296143
0.28303
0.00480634
0.281633
0.0066402
0.279484
0.00853354
0.276517
0.0107382
0.272343
0.0139119
0.266461
0.0190502
0.255949
0.0342659
0.239891
0.0461395
-0.123077
0.145887
-0.0876956
0.169023
-0.0912778
0.194627
-0.0955753
0.218142
-0.088989
0.241204
-0.0868765
0.263582
-0.0818628
0.284314
-0.0742111
0.303353
-0.067568
0.320808
-0.0594134
0.336434
-0.0518962
0.350342
-0.0446787
0.362506
-0.0374214
0.372926
-0.030493
0.381603
-0.0240115
0.388772
-0.017303
0.394213
-0.0106622
0.398066
-0.00338882
0.399952
0.00403794
0.40001
0.0126565
0.398146
0.0217873
0.394827
0.0325724
0.391186
0.0436231
0.388562
0.0548768
0.387421
0.0621409
0.386488
0.0622511
0.384424
0.0604171
0.379965
0.0634215
0.370152
0.0737685
0.349045
0.0911416
0.31229
0.109317
0.263806
0.120923
0.213737
0.121966
0.170053
0.106367
0.1297
0.088572
0.0854622
0.114795
0.0510873
0.144528
0.0405514
0.0908692
0.0385138
0.0195136
0.045631
-0.130184
-0.100514
-0.0897818
-0.0765454
-0.0957214
-0.0475747
-0.113159
-0.0180582
-0.117624
0.0124074
-0.122062
0.0436433
-0.124704
0.0738055
-0.120543
0.101278
-0.110171
0.125887
-0.0984884
0.147753
-0.0860734
0.166694
-0.0731238
0.183031
-0.0617855
0.19719
-0.0522807
0.209461
-0.0440901
0.220223
-0.0379647
0.229699
-0.0329941
0.238255
-0.0294381
0.246064
-0.0268369
0.253378
-0.0252289
0.260327
-0.0240578
0.26702
-0.0234754
0.273511
-0.0229135
0.279713
-0.0219046
0.285253
-0.0188742
0.289858
-0.0147519
0.293606
-0.0114236
0.296555
-0.00815868
0.298752
-0.0051616
0.300244
-0.00237548
0.301078
0.000228488
0.301292
0.00275668
0.300893
0.00521444
0.299881
0.00766599
0.298218
0.0102037
0.295786
0.0131905
0.292158
0.0175488
0.286701
0.0244896
0.276422
0.0444222
0.258119
0.0648037
-0.121211
0.144923
-0.111406
0.168985
-0.115339
0.195954
-0.122544
0.220233
-0.113268
0.244203
-0.110846
0.267531
-0.105191
0.289
-0.0956804
0.308818
-0.0873843
0.327165
-0.0777601
0.343464
-0.0681931
0.358045
-0.0592588
0.370826
-0.050201
0.382006
-0.0416721
0.391286
-0.0332912
0.39877
-0.024787
0.404466
-0.0163575
0.408413
-0.00733557
0.4107
0.0017515
0.41119
0.0121657
0.410214
0.0227631
0.407741
0.0350446
0.404035
0.0473269
0.399535
0.0593748
0.39462
0.0670511
0.389472
0.0673924
0.384456
0.0654253
0.380464
0.0674087
0.378267
0.0759614
0.37554
0.0938595
0.363206
0.121659
0.33085
0.153296
0.280741
0.17196
0.225236
0.162051
0.169264
0.145099
0.115778
0.167859
0.0808419
0.179268
0.0709203
0.100945
0.0693772
0.0210811
0.0742694
-0.134066
-0.0976504
-0.113343
-0.0729777
-0.120394
-0.0428028
-0.143334
-0.0124093
-0.148018
0.0188236
-0.153295
0.0508362
-0.156714
0.0816953
-0.151399
0.109586
-0.13806
0.13447
-0.12337
0.156593
-0.108195
0.175715
-0.0922435
0.192286
-0.0783545
0.206776
-0.0667701
0.219421
-0.0567331
0.230594
-0.0491365
0.240588
-0.0429867
0.249601
-0.0384493
0.257843
-0.0350768
0.265539
-0.0329226
0.272837
-0.0313532
0.279825
-0.0304613
0.286542
-0.029628
0.292932
-0.0282929
0.298678
-0.0246206
0.303497
-0.019572
0.307437
-0.0153654
0.310542
-0.0112668
0.312862
-0.00748155
0.314424
-0.0039263
0.315252
-0.000596045
0.315424
0.00258896
0.314999
0.0056427
0.313988
0.00868351
0.312355
0.0118345
0.310098
0.015468
0.306821
0.0208428
0.302009
0.0292872
0.293066
0.0533257
0.274629
0.0833173
-0.119967
0.144695
-0.136132
0.169941
-0.140584
0.198227
-0.15083
0.223557
-0.138598
0.248421
-0.13571
0.272873
-0.129643
0.295108
-0.117915
0.315895
-0.108171
0.334972
-0.0968351
0.352169
-0.0853889
0.367724
-0.074813
0.381464
-0.0639396
0.393548
-0.0537558
0.40395
-0.0436925
0.412527
-0.0333633
0.419528
-0.0233572
0.424649
-0.012456
0.427965
-0.00156299
0.429581
0.0105509
0.429344
0.0230013
0.427385
0.0370059
0.424024
0.0506916
0.419402
0.0639996
0.41353
0.0729279
0.406261
0.074666
0.397814
0.0738795
0.389092
0.0761378
0.381856
0.0832042
0.378552
0.0971646
0.378386
0.121826
0.370133
0.161571
0.339377
0.202642
0.285407
0.216008
0.218283
0.212346
0.15517
0.230895
0.116812
0.217651
0.1049
0.113031
0.102161
0.0239524
0.105106
-0.135842
-0.095417
-0.137892
-0.0698716
-0.145939
-0.0383232
-0.174883
-0.00674343
-0.179597
0.0255836
-0.185621
0.0586772
-0.189807
0.0904844
-0.183204
0.119011
-0.166584
0.144308
-0.148664
0.166707
-0.130592
0.18603
-0.111564
0.202734
-0.0950568
0.217409
-0.0814432
0.230342
-0.069665
0.241856
-0.0606481
0.252232
-0.0533609
0.261656
-0.0478715
0.270372
-0.0437905
0.278516
-0.0410637
0.286243
-0.0390765
0.293654
-0.0378689
0.300765
-0.0367357
0.307508
-0.0350319
0.313679
-0.0307873
0.318914
-0.0248036
0.323216
-0.0196645
0.326692
-0.0147399
0.329332
-0.0101179
0.331188
-0.00577155
0.33228
-0.00168293
0.332665
0.00221228
0.332359
0.0059567
0.331376
0.00967963
0.329726
0.0134908
0.327287
0.0179246
0.323766
0.0243733
0.318528
0.0345071
0.309552
0.062236
0.29082
0.102351
-0.119451
0.145468
-0.162149
0.171802
-0.166916
0.201614
-0.180641
0.228141
-0.165124
0.254157
-0.161726
0.279614
-0.1551
0.302854
-0.141154
0.324371
-0.129687
0.344294
-0.116757
0.362232
-0.103326
0.378432
-0.0910117
0.39299
-0.0784961
0.405786
-0.0665509
0.416871
-0.0547771
0.426266
-0.0427577
0.433806
-0.0308975
0.439627
-0.018276
0.443595
-0.00553117
0.445782
0.00836433
0.446181
0.0226017
0.444941
0.0382457
0.442251
0.0533799
0.438435
0.0678127
0.433287
0.0780716
0.42654
0.081407
0.418004
0.0824065
0.408008
0.086125
0.397302
0.0939037
0.387692
0.106758
0.383153
0.12637
0.383998
0.160747
0.37609
0.210414
0.339804
0.252498
0.273678
0.279036
0.203859
0.300288
0.159956
0.261351
0.143524
0.129635
0.137719
0.0297699
0.137275
-0.134719
-0.0937057
-0.163637
-0.067059
-0.172586
-0.0340041
-0.207938
-0.00105698
-0.212544
0.0325813
-0.219259
0.0670225
-0.224246
0.0999812
-0.216161
0.129368
-0.195968
0.155253
-0.174546
0.17806
-0.153395
0.197636
-0.131137
0.214507
-0.111926
0.229348
-0.096283
0.242478
-0.0827938
0.254235
-0.0724028
0.2649
-0.0640246
0.2747
-0.0576698
0.283787
-0.0528755
0.292323
-0.0495972
0.300419
-0.0471703
0.308168
-0.0456154
0.315582
-0.0441484
0.322638
-0.0420853
0.32906
-0.0372097
0.334624
-0.0303673
0.339246
-0.0242899
0.342965
-0.0184616
0.345836
-0.0129923
0.347862
-0.00778798
0.349096
-0.00291668
0.34956
0.00175185
0.349317
0.00620124
0.348381
0.0106211
0.346691
0.0151758
0.344232
0.0204017
0.340606
0.0280177
0.335168
0.0399266
0.326086
0.0713231
0.307375
0.121058
-0.119389
0.146741
-0.189498
0.174458
-0.194633
0.205915
-0.212097
0.233625
-0.192833
0.260859
-0.18896
0.287476
-0.181718
0.311637
-0.165313
0.334179
-0.152229
0.354797
-0.137373
0.373483
-0.12201
0.390507
-0.108035
0.405734
-0.0937217
0.419216
-0.0800322
0.431057
-0.0666174
0.441183
-0.0528833
0.449547
-0.0392605
0.456158
-0.0248856
0.460964
-0.0103363
0.463894
0.00543582
0.464988
0.0215097
0.46438
0.0388557
0.46217
0.0555934
0.458617
0.0713687
0.453817
0.082877
0.447502
0.0877276
0.439495
0.0904201
0.429957
0.0956712
0.419136
0.104733
0.407173
0.118724
0.396052
0.137494
0.391515
0.165306
0.392849
0.209007
0.378799
0.266527
0.328491
0.329442
0.260201
0.368501
0.210873
0.310709
0.187738
0.152951
0.176816
0.040822
0.171071
-0.128061
-0.0923857
-0.190641
-0.0645377
-0.200434
-0.029745
-0.242731
0.00475749
-0.247047
0.039896
-0.254396
0.0758457
-0.260195
0.110167
-0.25048
0.140569
-0.226367
0.167195
-0.201169
0.190543
-0.17674
0.210428
-0.15102
0.227485
-0.128981
0.242472
-0.111268
0.255746
-0.0960661
0.267656
-0.0843105
0.278584
-0.0749515
0.288644
-0.0677279
0.298052
-0.0622804
0.30692
-0.0584628
0.315371
-0.0556184
0.323449
-0.0536902
0.331218
-0.051913
0.338603
-0.0494664
0.345394
-0.0439969
0.35132
-0.0362886
0.356301
-0.0292674
0.360364
-0.0225211
0.363545
-0.0161704
0.36584
-0.0100736
0.367282
-0.0043546
0.367936
0.00110367
0.367807
0.00633793
0.366928
0.011511
0.365249
0.0168616
0.362688
0.0229779
0.358899
0.0318141
0.353204
0.0456058
0.343807
0.0807044
0.325103
0.139986
-0.119836
0.148586
-0.218246
0.177746
-0.223791
0.210901
-0.245252
0.23997
-0.221902
0.268598
-0.217588
0.296504
-0.209624
0.321787
-0.190596
0.345157
-0.175598
0.366734
-0.158949
0.386128
-0.141403
0.403737
-0.125643
0.419621
-0.109605
0.43379
-0.0941999
0.446272
-0.0790994
0.457056
-0.0636659
0.466148
-0.0483525
0.473429
-0.0321661
0.478864
-0.0157709
0.482429
0.00187145
0.484128
0.0198103
0.484089
0.0388951
0.48242
0.0572607
0.479296
0.0744911
0.47482
0.0873506
0.468841
0.0937007
0.461217
0.0980373
0.452108
0.104771
0.441885
0.114944
0.430487
0.130099
0.417526
0.150451
0.40604
0.17681
0.403091
0.2118
0.401939
0.267899
0.375034
0.356974
0.319711
0.423369
0.268841
0.361329
0.238121
0.183884
0.220208
0.0587367
0.206928
-0.11427
-0.0913658
-0.219111
-0.062151
-0.229649
-0.0255348
-0.279347
0.0106229
-0.283204
0.0474636
-0.291236
0.0850989
-0.297828
0.120976
-0.286355
0.152581
-0.257969
0.180081
-0.228666
0.204071
-0.200727
0.224372
-0.171318
0.241672
-0.146279
0.256815
-0.126409
0.270212
-0.109461
0.282269
-0.0963662
0.293338
-0.0860187
0.303647
-0.0780357
0.313303
-0.0719342
0.322456
-0.0676134
0.331218
-0.0643786
0.339647
-0.0621172
0.347708
-0.0599711
0.355404
-0.0571613
0.362533
-0.051125
0.36883
-0.0425856
0.374136
-0.0345746
0.378522
-0.0269113
0.381962
-0.0196147
0.384516
-0.0126209
0.386165
-0.00600272
0.386954
0.000313497
0.386936
0.0063568
0.386097
0.0123537
0.384422
0.0185312
0.381827
0.0255867
0.377935
0.0357259
0.372026
0.0514947
0.362471
0.0902888
0.343979
0.158435
-0.120551
0.150899
-0.248592
0.181607
-0.254498
0.216635
-0.28028
0.247159
-0.252425
0.277084
-0.247514
0.306402
-0.238941
0.332797
-0.216991
0.357215
-0.200015
0.379683
-0.181415
0.399843
-0.161561
0.418176
-0.143974
0.434777
-0.126205
0.449517
-0.108939
0.462576
-0.0921585
0.474057
-0.075146
0.483726
-0.0580206
0.491654
-0.0400929
0.497728
-0.0218439
0.501984
-0.00238286
0.504379
0.0174178
0.504865
0.0384109
0.50372
0.0584088
0.501005
0.0772097
0.496848
0.0915124
0.491117
0.0994368
0.483673
0.105488
0.47477
0.113683
0.464805
0.124917
0.454004
0.140905
0.441954
0.162503
0.428231
0.190553
0.417837
0.222121
0.416987
0.268723
0.409466
0.364588
0.375727
0.457023
0.330655
0.406427
0.294006
0.220734
0.268021
0.08485
0.244967
-0.0904275
-0.0906473
-0.249014
-0.0599462
-0.26035
-0.0213414
-0.317952
0.0167
-0.321245
0.0553327
-0.329868
0.0948652
-0.33736
0.132404
-0.323892
0.16535
-0.290912
0.193885
-0.257198
0.21865
-0.225489
0.239445
-0.192111
0.257045
-0.163877
0.272382
-0.141744
0.285886
-0.122963
0.29805
-0.108529
0.309267
-0.0972336
0.319713
-0.0884795
0.329575
-0.0817946
0.338996
-0.077032
0.348031
-0.0734108
0.356709
-0.0707917
0.3651
-0.0683591
0.373125
-0.0651812
0.38059
-0.0585857
0.387234
-0.049225
0.39292
-0.0402567
0.397623
-0.0316098
0.401392
-0.0233798
0.404207
-0.0154275
0.406086
-0.00787795
0.407077
-0.000673556
0.407173
0.00626625
0.406424
0.0131121
0.404771
0.0201897
0.402117
0.0282527
0.398086
0.0397636
0.391995
0.0575728
0.382273
0.100028
0.364029
0.176836
-0.121652
0.15361
-0.280548
0.185924
-0.286811
0.222891
-0.317245
0.255052
-0.284585
0.286557
-0.279019
0.31732
-0.269705
0.344852
-0.244522
0.37042
-0.225581
0.393846
-0.204839
0.414851
-0.182564
0.433879
-0.163
0.451024
-0.143349
0.466424
-0.124338
0.480172
-0.105906
0.49213
-0.0871033
0.502435
-0.0683242
0.510958
-0.0486151
0.517689
-0.0285741
0.522501
-0.0071942
0.525456
0.014463
0.526538
0.0373289
0.525842
0.0591055
0.523546
0.0795047
0.51974
0.0953166
0.514319
0.104855
0.507175
0.112627
0.498434
0.122418
0.488478
0.134858
0.477774
0.151586
0.466465
0.173792
0.453639
0.2034
0.439464
0.236113
0.43255
0.275881
0.43355
0.364282
0.421762
0.468296
0.390182
0.437687
0.352368
0.258848
0.319276
0.117928
0.284677
-0.0552947
-0.0900822
-0.280584
-0.0578245
-0.292608
-0.0171079
-0.358669
0.0229235
-0.361277
0.0635635
-0.370507
0.10507
-0.378865
0.144461
-0.36328
0.178901
-0.32535
0.208595
-0.28689
0.234232
-0.251122
0.255628
-0.213503
0.273585
-0.181832
0.289156
-0.157313
0.302807
-0.136612
0.315073
-0.120794
0.326368
-0.108527
0.336946
-0.0990553
0.346974
-0.0918205
0.356569
-0.0866255
0.365836
-0.0826758
0.374818
-0.0797718
0.383494
-0.0770322
0.391801
-0.0734858
0.399614
-0.066398
0.406613
-0.0562227
0.412649
-0.0462928
0.417709
-0.0366727
0.42178
-0.0274544
0.424888
-0.0185302
0.427
-0.00999128
0.428157
-0.00183225
0.428415
0.00600444
0.427737
0.013792
0.426115
0.021805
0.423415
0.0309663
0.419299
0.0438988
0.413015
0.063833
0.403176
0.109905
0.38532
0.194624
-0.122952
0.156707
-0.3143
0.190788
-0.320891
0.229805
-0.356261
0.263596
-0.318376
0.296705
-0.312128
0.329029
-0.302029
0.357999
-0.273491
0.384674
-0.252255
0.40912
-0.229283
0.430962
-0.204404
0.450787
-0.182825
0.468682
-0.161242
0.484608
-0.140264
0.498874
-0.120171
0.511467
-0.0996955
0.522333
-0.0791898
0.531396
-0.0576768
0.538644
-0.0358205
0.544027
-0.012576
0.547555
0.0109374
0.549192
0.0356943
0.549018
0.059282
0.547146
0.08138
0.543681
0.0987858
0.538556
0.109986
0.531686
0.119503
0.52315
0.130962
0.513312
0.144705
0.502481
0.162423
0.491202
0.185075
0.479461
0.215155
0.465263
0.250241
0.452972
0.288135
0.452821
0.364518
0.455009
0.466011
0.439828
0.45288
0.407177
0.291754
0.370715
0.154524
0.324161
-0.00789673
-0.0896995
-0.313836
-0.0557051
-0.326602
-0.012789
-0.401585
0.0293775
-0.403443
0.0721357
-0.413264
0.115781
-0.42251
0.157189
-0.404686
0.19323
-0.361388
0.224208
-0.317865
0.250844
-0.277755
0.27292
-0.235577
0.291324
-0.200233
0.307167
-0.173155
0.320969
-0.150412
0.33333
-0.133153
0.344722
-0.119918
0.355373
-0.109704
0.365523
-0.101969
0.375295
-0.096396
0.384753
-0.0921313
0.393957
-0.0889724
0.402883
-0.085955
0.411519
-0.0821176
0.419658
-0.0745327
0.427014
-0.0635735
0.433411
-0.0526839
0.438808
-0.0420655
0.44322
-0.0318608
0.446593
-0.0218963
0.448972
-0.0123653
0.450342
-0.00320001
0.450741
0.00560971
0.45018
0.0143585
0.448577
0.0234124
0.445858
0.0336946
0.44164
0.0481232
0.435184
0.0702788
0.425306
0.119818
0.407904
0.21213
-0.124573
0.160103
-0.349827
0.196056
-0.356842
0.237246
-0.39745
0.272878
-0.354008
0.307734
-0.346984
0.341697
-0.335992
0.372065
-0.303859
0.400031
-0.280219
0.425511
-0.254762
0.448279
-0.22717
0.46888
-0.203424
0.487439
-0.1798
0.50407
-0.156894
0.518934
-0.135034
0.532041
-0.112801
0.543396
-0.0905439
0.553009
-0.0672888
0.560822
-0.0436324
0.566748
-0.0185013
0.570736
0.00695143
0.572875
0.0335562
0.573143
0.0590146
0.571677
0.0828471
0.568603
0.101861
0.563865
0.114723
0.557286
0.126081
0.549006
0.139237
0.539302
0.154399
0.528465
0.173235
0.516934
0.196584
0.505436
0.226667
0.492439
0.263084
0.478124
0.302711
0.473139
0.370249
0.478583
0.460014
0.474892
0.456149
0.450792
0.316265
0.416568
0.188712
0.360367
0.0488873
-0.089417
-0.348992
-0.0536835
-0.362336
-0.00837116
-0.446897
0.036057
-0.447871
0.0811028
-0.45831
0.127076
-0.468481
0.170562
-0.44817
0.208379
-0.399203
0.240749
-0.350232
0.268484
-0.305487
0.291347
-0.258437
0.310268
-0.219152
0.32644
-0.189324
0.340454
-0.164424
0.352911
-0.145609
0.364371
-0.131376
0.375098
-0.12043
0.385342
-0.112211
0.395227
-0.106279
0.404852
-0.101754
0.414247
-0.0983648
0.423427
-0.0951329
0.432335
-0.0910225
0.44081
-0.0830055
0.448505
-0.0712666
0.455258
-0.0594353
0.461006
-0.0478142
0.465721
-0.0365772
0.469411
-0.0255815
0.472051
-0.0150062
0.473648
-0.00480112
0.474228
0.00502542
0.473768
0.0148138
0.472227
0.0249473
0.469478
0.0364554
0.465204
0.0524158
0.458605
0.0768506
0.448671
0.129791
0.431835
0.228902
-0.126353
0.163852
-0.387325
0.201786
-0.394775
0.245292
-0.440955
0.282825
-0.391541
0.319478
-0.383637
0.355199
-0.371713
0.387096
-0.335755
0.416367
-0.309489
0.443037
-0.28143
0.466764
-0.250895
0.488262
-0.224921
0.507541
-0.199078
0.524807
-0.174159
0.540256
-0.150482
0.553823
-0.126367
0.565744
-0.102464
0.575868
-0.0774117
0.584163
-0.0519263
0.590617
-0.0249533
0.595142
0.00242793
0.597738
0.030963
0.598473
0.0582814
0.597425
0.083899
0.594705
0.104584
0.590284
0.119148
0.584009
0.132361
0.576005
0.147248
0.566496
0.163915
0.555754
0.183983
0.544073
0.208267
0.532258
0.23849
0.519986
0.275291
0.506013
0.316638
0.497397
0.37893
0.499561
0.457751
0.498655
0.457059
0.479983
0.335234
0.449476
0.219357
0.389213
0.109974
-0.0893427
-0.386
-0.051585
-0.400093
-0.00381484
-0.494668
0.0430283
-0.494713
0.0904798
-0.50576
0.138872
-0.516872
0.184675
-0.493971
0.224376
-0.438901
0.258281
-0.384135
0.287219
-0.334421
0.310946
-0.282162
0.330436
-0.23864
0.347006
-0.205892
0.361238
-0.178655
0.373831
-0.1582
0.385384
-0.142927
0.396176
-0.131221
0.406458
-0.12249
0.416434
-0.116253
0.426198
-0.111517
0.435765
-0.107929
0.445154
-0.104518
0.454336
-0.1002
0.463114
-0.0917792
0.471144
-0.0792908
0.478244
-0.0665295
0.484341
-0.0539052
0.489405
-0.0416348
0.493404
-0.0295725
0.496319
-0.0179167
0.498143
-0.006622
0.498893
0.00427826
0.498568
0.0151417
0.497091
0.0264257
0.494341
0.0392123
0.490005
0.0567573
0.483296
0.0835502
0.473416
0.139713
0.457186
0.245194
-0.128343
0.167959
-0.426938
0.207954
-0.434769
0.253893
-0.486894
0.293412
-0.43106
0.332011
-0.422237
0.369667
-0.409369
0.403107
-0.369193
0.433801
-0.340181
0.461788
-0.309414
0.486581
-0.275686
0.508934
-0.247272
0.529003
-0.219145
0.546856
-0.192011
0.562902
-0.166527
0.577116
-0.140581
0.589516
-0.114863
0.600138
-0.0880323
0.608897
-0.0606839
0.615738
-0.031793
0.620711
-0.00254386
0.623788
0.027888
0.624907
0.0571645
0.624259
0.0845499
0.621911
0.106933
0.61785
0.123212
0.611943
0.138269
0.604185
0.155007
0.594872
0.173221
0.584286
0.194556
0.572613
0.219923
0.560484
0.25064
0.548199
0.287472
0.535107
0.329986
0.525198
0.38966
0.523137
0.459264
0.51961
0.460092
0.501317
0.354003
0.47077
0.249832
0.411651
0.169481
-0.0892958
-0.425047
-0.0495745
-0.439814
0.00088496
-0.545126
0.0502806
-0.54411
0.100282
-0.555761
0.151306
-0.567894
0.199499
-0.542163
0.241236
-0.480636
0.276768
-0.419664
0.307037
-0.364687
0.331714
-0.306836
0.351887
-0.25881
0.368894
-0.222897
0.383415
-0.193175
0.39616
-0.170944
0.407793
-0.154557
0.418627
-0.142054
0.428974
-0.132835
0.439012
-0.126289
0.448863
-0.121365
0.458576
-0.11764
0.468175
-0.114114
0.477604
-0.109627
0.486666
-0.100838
0.495041
-0.087663
0.502479
-0.0739639
0.50892
-0.0603444
0.514306
-0.0470192
0.51862
-0.0338828
0.521806
-0.0211019
0.523884
-0.00870286
0.524846
0.0033094
0.524643
0.0153398
0.523262
0.027795
0.520532
0.0419539
0.516154
0.0611532
0.509367
0.090307
0.499525
0.149589
0.484019
0.260641
-0.130586
0.172395
-0.468745
0.214559
-0.476932
0.263052
-0.535386
0.304667
-0.472676
0.345381
-0.462951
0.385009
-0.448997
0.420151
-0.404335
0.452394
-0.372423
0.481669
-0.338687
0.507541
-0.301555
0.530855
-0.270584
0.551755
-0.240044
0.570401
-0.210656
0.587024
-0.183149
0.601754
-0.155309
0.614652
-0.127759
0.625731
-0.0991104
0.634944
-0.0698954
0.642307
-0.0391548
0.647686
-0.00791983
0.651134
0.0244418
0.652693
0.0556076
0.652396
0.0848501
0.650402
0.108931
0.646669
0.126947
0.641091
0.143852
0.633657
0.162446
0.624565
0.182318
0.614098
0.205026
0.602498
0.231526
0.590218
0.262918
0.577671
0.299956
0.564973
0.342632
0.554952
0.399723
0.550295
0.463827
0.543519
0.466875
0.523445
0.374368
0.490851
0.282539
0.434453
0.226434
-0.0893523
-0.466279
-0.0474515
-0.481714
0.00578415
-0.598363
0.0578665
-0.596191
0.110586
-0.60848
0.164373
-0.621681
0.215144
-0.592931
0.25904
-0.524529
0.296338
-0.456959
0.328003
-0.39635
0.353744
-0.332575
0.374637
-0.279701
0.392163
-0.240422
0.406991
-0.208001
0.419944
-0.183894
0.431668
-0.16628
0.442564
-0.152948
0.452939
-0.143209
0.463028
-0.136376
0.47296
-0.131295
0.482778
-0.127455
0.492533
-0.123865
0.502194
-0.119284
0.511571
-0.11021
0.520243
-0.0963293
0.528004
-0.0817189
0.534782
-0.0671152
0.540502
-0.0527317
0.545136
-0.0385085
0.548628
-0.0245876
0.550959
-0.0110301
0.552106
0.00216557
0.552085
0.0153616
0.550791
0.0290885
0.548099
0.0446475
0.543707
0.0655486
0.536861
0.0971435
0.527146
0.159344
0.512446
0.275372
-0.132985
0.177068
-0.512826
0.221586
-0.521449
0.272785
-0.586584
0.316662
-0.516553
0.359553
-0.505842
0.401244
-0.490689
0.438237
-0.441327
0.472083
-0.406267
0.502742
-0.369343
0.529824
-0.328635
0.554227
-0.294985
0.575955
-0.26177
0.595327
-0.230027
0.612617
-0.200439
0.627884
-0.170575
0.641301
-0.141175
0.652835
-0.110643
0.662511
-0.0795691
0.670237
-0.0468792
0.676052
-0.013733
0.679877
0.0206198
0.68177
0.0537176
0.681855
0.0847682
0.680197
0.110592
0.676835
0.130313
0.671574
0.149117
0.664439
0.169586
0.655591
0.191168
0.645261
0.215355
0.633762
0.243022
0.621441
0.275277
0.608648
0.312697
0.595925
0.355641
0.585851
0.410547
0.579809
0.469382
0.570836
0.47531
0.549239
0.396446
0.514558
0.317126
0.460229
0.280925
-0.089485
-0.509778
-0.0453193
-0.525879
0.0108488
-0.65453
0.0658173
-0.651161
0.121393
-0.664055
0.178078
-0.678364
0.231617
-0.646468
0.277796
-0.570704
0.316988
-0.496149
0.350176
-0.429534
0.377035
-0.359431
0.398741
-0.301405
0.416833
-0.258512
0.432047
-0.223215
0.445202
-0.197048
0.45708
-0.178156
0.468031
-0.163897
0.478452
-0.153628
0.488569
-0.14649
0.498546
-0.14127
0.508475
-0.137381
0.518367
-0.133754
0.528234
-0.129148
0.537851
-0.119823
0.546823
-0.105297
0.55492
-0.0898112
0.562023
-0.0742141
0.568086
-0.0587913
0.573026
-0.043443
0.576818
-0.0283762
0.579413
-0.0136255
0.580801
0.00077236
0.580937
0.0152176
0.579748
0.0302662
0.577123
0.0472786
0.57273
0.0699592
0.565897
0.103941
0.556321
0.168952
0.542454
0.289196
-0.135622
0.182146
-0.559347
0.229132
-0.568433
0.283091
-0.640542
0.329431
-0.562893
0.37455
-0.550962
0.418508
-0.534647
0.457373
-0.480192
0.492937
-0.44183
0.525124
-0.401528
0.553493
-0.357001
0.578886
-0.320376
0.601607
-0.28449
0.621716
-0.250134
0.639674
-0.218396
0.655602
-0.186502
0.669496
-0.155069
0.68152
-0.122666
0.691609
-0.0896559
0.699777
-0.055046
0.705936
-0.0198896
0.710109
0.0164492
0.712385
0.0514435
0.71275
0.0844059
0.711418
0.111926
0.708361
0.133374
0.703424
0.154056
0.69661
0.176405
0.688023
0.199758
0.677903
0.225477
0.666483
0.254443
0.65416
0.287592
0.641229
0.32557
0.628304
0.368512
0.617823
0.421039
0.610623
0.476497
0.600277
0.485674
0.577672
0.419313
0.541347
0.353531
0.48858
0.334033
-0.089733
-0.555667
-0.0431427
-0.572469
0.0161638
-0.713838
0.0741197
-0.709116
0.13275
-0.722685
0.192533
-0.738147
0.24892
-0.702852
0.297576
-0.619358
0.338763
-0.537333
0.373606
-0.464375
0.401691
-0.387513
0.424276
-0.323989
0.443002
-0.277236
0.458624
-0.238835
0.472058
-0.21048
0.484066
-0.190162
0.495115
-0.174945
0.505561
-0.164072
0.515707
-0.156634
0.525718
-0.151279
0.535712
-0.147372
0.545731
-0.14377
0.555794
-0.139207
0.565664
-0.129688
0.574923
-0.11455
0.583311
-0.0981922
0.590726
-0.0816223
0.597098
-0.0651554
0.602371
-0.0487064
0.606452
-0.0324496
0.609333
-0.0165004
0.610937
-0.000827392
0.611276
0.0148796
0.610242
0.031297
0.607661
0.0498582
0.60334
0.0742784
0.59652
0.110751
0.587187
0.178318
0.574217
0.302175
-0.138441
0.187536
-0.60844
0.237054
-0.617951
0.294091
-0.697578
0.342818
-0.611621
0.390454
-0.598598
0.436717
-0.58091
0.477681
-0.521155
0.515003
-0.479151
0.548771
-0.435293
0.578473
-0.3867
0.605107
-0.347009
0.62875
-0.308131
0.64975
-0.271133
0.668424
-0.237068
0.684934
-0.203011
0.699381
-0.169514
0.711853
-0.135137
0.722343
-0.100144
0.730853
-0.0635546
0.737381
-0.0264147
0.741925
0.0119085
0.74445
0.0489217
0.745126
0.0837339
0.744114
0.112943
0.741363
0.13613
0.736779
0.158647
0.730268
0.182922
0.721934
0.208101
0.711984
0.235434
0.700693
0.265752
0.688386
0.299938
0.675374
0.338593
0.662247
0.381878
0.651133
0.432799
0.642646
0.4846
0.630988
0.49675
0.607585
0.443174
0.570007
0.391002
0.518702
0.38536
-0.0900321
-0.604075
-0.0408906
-0.62161
0.0216987
-0.776426
0.0828111
-0.770229
0.144657
-0.784531
0.207715
-0.801202
0.267185
-0.76232
0.318411
-0.670581
0.361743
-0.580662
0.398312
-0.500941
0.427722
-0.416921
0.451279
-0.347544
0.470697
-0.296653
0.486801
-0.254938
0.50053
-0.224208
0.512729
-0.20236
0.523863
-0.186077
0.534356
-0.174563
0.54452
-0.166796
0.554587
-0.161344
0.564616
-0.157398
0.574747
-0.153897
0.584966
-0.149422
0.595078
-0.139795
0.604604
-0.124071
0.613263
-0.106846
0.621003
-0.0893564
0.627687
-0.071834
0.633247
-0.0542598
0.63766
-0.0368574
0.640809
-0.0196459
0.642669
-0.00268956
0.643184
0.0143586
0.642298
0.0321707
0.639849
0.0523116
0.635576
0.0785621
0.62886
0.117432
0.619769
0.187437
0.607762
0.314153
-0.141487
0.19326
-0.660211
0.245499
-0.670187
0.305647
-0.757725
0.357108
-0.663083
0.407241
-0.648733
0.45604
-0.62971
0.499065
-0.564179
0.538336
-0.51842
0.573806
-0.470761
0.604977
-0.417868
0.632788
-0.374818
0.657549
-0.33289
0.67941
-0.292994
0.69884
-0.256497
0.715955
-0.220125
0.730983
-0.18454
0.743903
-0.148056
0.754801
-0.111039
0.763721
-0.0724729
0.770557
-0.0332484
0.775375
0.00709197
0.778203
0.0460961
0.77915
0.0827891
0.778411
0.113685
0.775968
0.138575
0.771667
0.162952
0.765451
0.189141
0.75742
0.216135
0.747686
0.245169
0.736498
0.276939
0.724201
0.312223
0.711145
0.351595
0.697842
0.395129
0.68601
0.444623
0.676095
0.494443
0.663028
0.509838
0.638646
0.467783
0.599912
0.429788
0.5501
0.435372
-0.0903922
-0.655168
-0.0385668
-0.673435
0.027495
-0.84249
0.0919746
-0.834708
0.157183
-0.849739
0.223687
-0.867706
0.286396
-0.825025
0.340377
-0.724558
0.385988
-0.62627
0.424425
-0.539376
0.455256
-0.44775
0.479827
-0.372113
0.500011
-0.316835
0.516634
-0.271559
0.530703
-0.238275
0.543126
-0.214781
0.554376
-0.197325
0.564944
-0.185129
0.575136
-0.176986
0.585199
-0.171404
0.595292
-0.167489
0.605491
-0.164093
0.615884
-0.15981
0.626197
-0.150104
0.635956
-0.133824
0.644906
-0.115789
0.652912
-0.0973555
0.659896
-0.0788091
0.665791
-0.060146
0.670467
-0.0415241
0.673902
-0.0230729
0.67603
-0.00481122
0.676782
0.0136087
0.676063
0.0328872
0.673716
0.0546544
0.669558
0.0827144
0.662973
0.124001
0.654191
0.196246
0.643168
0.325167
-0.14468
0.19934
-0.714869
0.254466
-0.725312
0.317938
-0.821197
0.372148
-0.717293
0.425026
-0.701611
0.476384
-0.681068
0.521716
-0.60951
0.563012
-0.559714
0.600273
-0.508019
0.632882
-0.450474
0.662056
-0.403989
0.687873
-0.358706
0.710686
-0.315805
0.730967
-0.276777
0.748756
-0.237912
0.764338
-0.200122
0.777776
-0.161492
0.789128
-0.12239
0.798359
-0.0817007
0.805532
-0.040419
0.810603
0.00202392
0.813692
0.04301
0.814933
0.0815526
0.814347
0.114275
0.812197
0.140731
0.808202
0.166952
0.80221
0.195142
0.794513
0.223842
0.784988
0.254708
0.773965
0.287984
0.761696
0.324536
0.748572
0.364741
0.735065
0.40882
0.722551
0.457614
0.711184
0.505495
0.696635
0.523869
0.670977
0.493845
0.631053
0.469611
0.582987
0.483382
-0.0908184
-0.709028
-0.0361551
-0.728098
0.033533
-0.912177
0.101573
-0.90275
0.170362
-0.918528
0.240517
-0.937858
0.306662
-0.891168
0.363541
-0.781434
0.411549
-0.674275
0.451954
-0.579778
0.484305
-0.4801
0.510006
-0.397812
0.53101
-0.337837
0.548204
-0.288752
0.562666
-0.252735
0.575331
-0.227445
0.586736
-0.208728
0.59735
-0.195741
0.607583
-0.187217
0.617682
-0.1815
0.627805
-0.177608
0.6381
-0.174384
0.648605
-0.170311
0.659115
-0.160609
0.669123
-0.143827
0.678302
-0.124963
0.686581
-0.105628
0.693863
-0.0860844
0.700043
-0.0663181
0.705034
-0.0465079
0.708756
-0.0267895
0.711149
-0.0072021
0.712109
0.0126469
0.711583
0.0334034
0.709411
0.0568291
0.705362
0.0867683
0.698977
0.130348
0.690571
0.204676
0.680536
0.335192
-0.148155
0.205795
-0.772506
0.263928
-0.783443
0.330897
-0.888165
0.38807
-0.774467
0.443771
-0.757313
0.497912
-0.735209
0.545607
-0.657205
0.589091
-0.603195
0.628211
-0.547136
0.662499
-0.484759
0.693009
-0.434497
0.720042
-0.385737
0.743849
-0.339611
0.764884
-0.297811
0.783465
-0.256491
0.799625
-0.21628
0.81357
-0.175436
0.825325
-0.134143
0.834909
-0.0912831
0.842368
-0.0478755
0.847731
-0.00333688
0.851
0.0397438
0.852443
0.0801119
0.852135
0.114584
0.850161
0.142708
0.846474
0.170641
0.840845
0.200774
0.833382
0.231306
0.824102
0.263989
0.813118
0.298966
0.800934
0.336704
0.787787
0.377839
0.774065
0.422495
0.760776
0.470883
0.748048
0.518162
0.731994
0.539955
0.704738
0.521288
0.66374
0.510635
0.617566
0.529661
-0.0913145
-0.765868
-0.033678
-0.785734
0.0398701
-0.985727
0.111631
-0.97451
0.184231
-0.991127
0.25823
-1.01186
0.327971
-0.960905
0.387933
-0.841391
0.438498
-0.724838
0.481025
-0.622302
0.514958
-0.514031
0.541868
-0.424721
0.563761
-0.359728
0.581586
-0.306576
0.596489
-0.267636
0.609437
-0.240392
0.621011
-0.2203
0.631747
-0.206475
0.642022
-0.19749
0.652131
-0.191606
0.662295
-0.187769
0.672637
-0.184723
0.683274
-0.180944
0.693983
-0.171313
0.704179
-0.154017
0.713593
-0.13437
0.722139
-0.114167
0.729688
-0.0936261
0.736142
-0.0727626
0.741426
-0.0517825
0.745425
-0.0307802
0.748075
-0.00984388
0.749303
0.0114233
0.748976
0.0337297
0.746965
0.0588347
0.743122
0.0906025
0.736951
0.136498
0.72896
0.212688
0.719996
0.344136
-0.151833
0.212616
-0.833287
0.273969
-0.844795
0.344603
-0.958798
0.404821
-0.834685
0.46362
-0.816112
0.520627
-0.792217
0.570859
-0.707436
0.616533
-0.648869
0.657743
-0.588343
0.693685
-0.520698
0.725703
-0.466512
0.753969
-0.414001
0.778827
-0.364468
0.800811
-0.319794
0.820089
-0.275768
0.836905
-0.233095
0.851361
-0.18989
0.863551
-0.146332
0.873478
-0.101208
0.881273
-0.0556683
0.886878
-0.00893858
0.890376
0.0362486
0.891889
0.0786022
0.891784
0.114694
0.890113
0.144383
0.886643
0.174117
0.881266
0.206159
0.873921
0.238662
0.864899
0.273023
0.854128
0.309758
0.842066
0.348796
0.828643
0.391275
0.814664
0.436591
0.80076
0.485065
0.786731
0.531979
0.769184
0.557072
0.740235
0.550554
0.698251
0.552522
0.653646
0.574148
-0.0918289
-0.82587
-0.0310466
-0.846517
0.0465186
-1.06329
0.122265
-1.05026
0.198823
-1.06768
0.276886
-1.08992
0.35045
-1.03447
0.41364
-0.904577
0.466923
-0.778118
0.511657
-0.667033
0.547323
-0.549695
0.5755
-0.452897
0.598365
-0.382592
0.616896
-0.325105
0.632248
-0.282987
0.645527
-0.253669
0.657301
-0.232072
0.668141
-0.217312
0.678489
-0.207836
0.688657
-0.201771
0.698834
-0.197943
0.709248
-0.195133
0.720014
-0.191706
0.730841
-0.182135
0.741244
-0.164415
0.75096
-0.14408
0.759593
-0.122794
0.767431
-0.101456
0.774224
-0.0795481
0.779742
-0.0572914
0.784014
-0.0350467
0.787023
-0.0128463
0.788488
0.00995906
0.788356
0.0338589
0.786556
0.0606338
0.782906
0.0942536
0.777038
0.142324
0.769515
0.220238
0.761567
0.352091
-0.155726
0.219856
-0.897413
0.284543
-0.90948
0.359063
-1.03332
0.422598
-0.898221
0.484496
-0.878011
0.544589
-0.85231
0.597489
-0.760336
0.645621
-0.696998
0.688838
-0.631557
0.7266
-0.558457
0.760156
-0.500065
0.789806
-0.443649
0.815803
-0.390463
0.838751
-0.34274
0.858808
-0.295824
0.876211
-0.250497
0.891313
-0.204991
0.903929
-0.158946
0.914292
-0.111569
0.922192
-0.0635661
0.928104
-0.0148486
0.931779
0.0325755
0.933493
0.0768912
0.933585
0.114604
0.932013
0.145958
0.928707
0.177425
0.923556
0.211313
0.916467
0.245752
0.907546
0.281945
0.897135
0.320166
0.884905
0.36101
0.871633
0.404504
0.857318
0.450865
0.842619
0.499742
0.827408
0.547148
0.808201
0.576314
0.777594
0.581306
0.734825
0.595299
0.691283
0.617722
-0.0924776
-0.889118
-0.0283279
-0.910666
0.0535483
-1.14517
0.133428
-1.13014
0.214175
-1.14843
0.296509
-1.17225
0.374093
-1.11205
0.440751
-0.971232
0.496875
-0.834239
0.543992
-0.714148
0.581473
-0.587174
0.61102
-0.482443
0.634903
-0.406472
0.654171
-0.344372
0.670061
-0.298876
0.683702
-0.267308
0.695717
-0.244085
0.706711
-0.228304
0.717121
-0.218243
0.727365
-0.212012
0.737614
-0.208189
0.748016
-0.205532
0.758834
-0.20252
0.769954
-0.19325
0.780485
-0.17494
0.790299
-0.153888
0.799393
-0.131881
0.807342
-0.109397
0.814243
-0.0864407
0.820198
-0.0632377
0.824769
-0.0396084
0.827799
-0.0158673
0.829542
0.00822136
0.829844
0.0335591
0.828229
0.0622443
0.824841
0.0976323
0.819331
0.147808
0.812299
0.227287
0.805392
0.35897
-0.159848
0.227531
-0.965093
0.295742
-0.977691
0.374341
-1.11191
0.441336
-0.965216
0.506576
-0.943252
0.569925
-0.91566
0.62563
-0.81604
0.676231
-0.747597
0.721733
-0.677056
0.761402
-0.598123
0.796622
-0.535282
0.827639
-0.474664
0.854784
-0.417606
0.878754
-0.36671
0.899648
-0.316716
0.917853
-0.268701
0.933421
-0.220558
0.946406
-0.17193
0.957159
-0.12232
0.965458
-0.071863
0.971427
-0.0208146
0.975323
0.0286816
0.977137
0.0750797
0.977324
0.11442
0.975976
0.147309
0.972946
0.18046
0.967992
0.216273
0.96114
0.252611
0.952459
0.290636
0.941954
0.330685
0.929999
0.372979
0.916435
0.418066
0.901775
0.465574
0.886613
0.515063
0.870014
0.563601
0.849339
0.596688
0.817037
0.613846
0.773521
0.638729
0.730191
0.660899
-0.0930971
-0.955868
-0.0254983
-0.978265
0.0608724
-1.23154
0.145143
-1.21441
0.230324
-1.23361
0.317204
-1.25913
0.399052
-1.19389
0.469315
-1.04149
0.528463
-0.893384
0.578061
-0.763744
0.617487
-0.626598
0.648484
-0.513439
0.673478
-0.431465
0.693551
-0.364444
0.70998
-0.315304
0.724098
-0.281424
0.736328
-0.256312
0.747538
-0.239513
0.758051
-0.228754
0.768219
-0.222177
0.778494
-0.218461
0.789081
-0.216116
0.800182
-0.213617
0.811201
-0.204265
0.822051
-0.185784
0.831975
-0.163806
0.841219
-0.141119
0.849496
-0.117668
0.856772
-0.0937087
0.862733
-0.0691911
0.86761
-0.0444776
0.871097
-0.0193481
0.873032
0.00629115
0.873407
0.0331843
0.872216
0.0634351
0.869036
0.10081
0.863955
0.15285
0.85746
0.233815
0.851577
0.364871
-0.16424
0.235608
-1.03646
0.307535
-1.04961
0.390438
-1.19482
0.46106
-1.03584
0.529845
-1.01204
0.596587
-0.982402
0.655268
-0.874722
0.708549
-0.800875
0.756409
-0.724913
0.798061
-0.639771
0.835047
-0.572264
0.86758
-0.507195
0.896022
-0.446045
0.921068
-0.391754
0.94285
-0.338497
0.961802
-0.287652
0.97782
-0.236574
0.99153
-0.185638
1.00246
-0.133248
1.01115
-0.0805486
1.01725
-0.0269147
1.02123
0.0247069
1.02329
0.073017
1.02342
0.114288
1.02225
0.148483
1.01919
0.183519
1.01456
0.220911
1.00791
0.259257
0.999453
0.299097
0.988996
0.341138
0.976871
0.385089
0.963452
0.431449
0.948582
0.480415
0.93239
0.531241
0.914866
0.581095
0.892426
0.619165
0.858649
0.647732
0.81452
0.682856
0.770494
0.704902
-0.0938548
-1.02625
-0.0225229
-1.0496
0.0685868
-1.32265
0.15748
-1.3033
0.247348
-1.32348
0.338976
-1.35075
0.425304
-1.28021
0.499422
-1.1156
0.561765
-0.955725
0.61401
-0.815987
0.655461
-0.668048
0.688035
-0.546012
0.714232
-0.45766
0.735182
-0.385394
0.7523
-0.33242
0.766678
-0.2958
0.779363
-0.268995
0.790672
-0.25082
0.801352
-0.239433
0.811675
-0.232498
0.822101
-0.228884
0.832742
-0.226754
0.843683
-0.224554
0.855096
-0.215673
0.865999
-0.196682
0.876143
-0.173945
0.885386
-0.150357
0.893838
-0.126113
0.901334
-0.101197
0.907692
-0.0755418
0.912729
-0.0495063
0.916538
-0.0231483
0.91881
0.0040249
0.9194
0.032598
0.918443
0.0643892
0.915625
0.10362
0.91092
0.157529
0.905141
0.239609
0.900246
0.36973
-0.168883
0.244138
-1.11171
0.320049
-1.12552
0.40748
-1.28225
0.481947
-1.11031
0.554451
-1.08454
0.624773
-1.05273
0.686571
-0.936518
0.742656
-0.856959
0.793027
-0.775281
0.836812
-0.683554
0.875613
-0.611062
0.90968
-0.54126
0.939538
-0.475901
0.965516
-0.417731
0.988469
-0.361448
1.00811
-0.307295
1.02495
-0.253407
1.03895
-0.199642
1.05032
-0.144611
1.05921
-0.089438
1.06558
-0.0332835
1.06959
0.0206968
1.07161
0.0710034
1.07211
0.113791
1.07075
0.149837
1.06804
0.186236
1.06323
0.225725
1.05691
0.265576
1.0485
0.307513
1.03837
0.351274
1.02636
0.397101
1.0125
0.445298
0.997417
0.495514
0.980648
0.548093
0.961676
0.599977
0.937763
0.642904
0.902806
0.682846
0.857699
0.727884
0.812563
0.749867
-0.0946412
-1.10049
-0.019427
-1.12481
0.0767167
-1.4188
0.170477
-1.39706
0.265275
-1.41827
0.361933
-1.4474
0.452996
-1.37127
0.531139
-1.19374
0.596869
-1.02145
0.651891
-0.871006
0.695532
-0.711687
0.729715
-0.580195
0.757171
-0.485114
0.778972
-0.407193
0.796775
-0.350221
0.811828
-0.310849
0.824665
-0.28183
0.836304
-0.262458
0.847055
-0.250182
0.857667
-0.243107
0.868002
-0.239216
0.878564
-0.237313
0.889842
-0.235828
0.901259
-0.227085
0.912339
-0.207758
0.922684
-0.184285
0.932302
-0.15997
0.940912
-0.134716
0.948477
-0.108756
0.954948
-0.0820051
0.960405
-0.0549569
0.964396
-0.027132
0.966876
0.00154926
0.967969
0.0315078
0.967142
0.0652167
0.964777
0.105984
0.960658
0.161612
0.955336
0.24497
0.95143
0.373665
-0.173814
0.253197
-1.19109
0.333184
-1.20551
0.42544
-1.3745
0.503917
-1.18878
0.580345
-1.16097
0.65448
-1.12686
0.719525
-1.00156
0.778612
-0.916043
0.831574
-0.82824
0.877619
-0.729595
0.918324
-0.651763
0.954219
-0.577151
0.985201
-0.506882
1.01277
-0.445299
1.03639
-0.385062
1.05694
-0.327851
1.07442
-0.270884
1.08895
-0.214167
1.10077
-0.156435
1.1098
-0.0984661
1.11655
-0.040025
1.12065
0.0165962
1.12277
0.0688831
1.12309
0.11347
1.12199
0.150945
1.11916
0.189062
1.11474
0.230148
1.10827
0.272051
1.10003
0.315754
1.08991
0.361386
1.07786
0.40914
1.06413
0.459004
1.0484
0.511223
1.03107
0.565418
1.01111
0.619925
0.985683
0.668367
0.949289
0.719319
0.903452
0.773715
0.856559
0.796701
-0.0954838
-1.17882
-0.016149
-1.20414
0.0852491
-1.5202
0.184157
-1.49597
0.284154
-1.51827
0.386126
-1.54937
0.482181
-1.46732
0.564578
-1.27614
0.633849
-1.09072
0.691829
-0.928984
0.737824
-0.757682
0.773694
-0.616064
0.802472
-0.51389
0.825357
-0.430076
0.843806
-0.368667
0.859333
-0.326374
0.872689
-0.295185
0.88445
-0.274217
0.895518
-0.261249
0.906056
-0.253643
0.916571
-0.249729
0.927434
-0.248174
0.938674
-0.247064
0.950356
-0.238764
0.961594
-0.218992
0.972001
-0.194688
0.981584
-0.169548
0.990463
-0.14359
0.998345
-0.116632
1.00518
-0.0888337
1.01051
-0.0602788
1.01481
-0.0314298
1.01778
-0.00140963
1.01898
0.0303055
1.01872
0.0654845
1.01671
0.107984
1.01282
0.165481
1.00832
0.24948
1.00539
0.376552
-0.17899
0.262719
-1.27482
0.347118
-1.28991
0.444376
-1.47176
0.527113
-1.27152
0.607671
-1.24153
0.685795
-1.20499
0.754362
-1.07013
0.816551
-0.97823
0.87228
-0.883966
0.920798
-0.778109
0.963606
-0.694567
1.00101
-0.614557
1.03387
-0.539736
1.06233
-0.473752
1.08721
-0.409944
1.10852
-0.34916
1.12665
-0.289014
1.14181
-0.229329
1.15415
-0.168774
1.16352
-0.107833
1.17011
-0.0466109
1.17451
0.0121978
1.17645
0.0669475
1.17674
0.113177
1.1757
0.151989
1.17285
0.191912
1.16847
0.234526
1.16225
0.278273
1.154
0.324007
1.14388
0.371515
1.13191
0.421099
1.11801
0.472888
1.10222
0.527021
1.08394
0.58374
1.06303
0.640782
1.03608
0.695227
0.998929
0.756567
0.951783
0.82079
0.90256
0.845762
-0.0964028
-1.26141
-0.0127493
-1.2878
0.0942141
-1.62716
0.198562
-1.60032
0.304029
-1.62374
0.411597
-1.65694
0.512905
-1.56862
0.599801
-1.36303
0.672882
-1.1638
0.733997
-0.990098
0.78226
-0.805943
0.820161
-0.653963
0.850289
-0.544016
0.874286
-0.45407
0.893526
-0.387905
0.909649
-0.342495
0.923312
-0.308846
0.935573
-0.286476
0.94674
-0.272415
0.95748
-0.264382
0.968046
-0.260293
0.978977
-0.259102
0.990433
-0.258517
1.00224
-0.250572
1.01352
-0.230265
1.02423
-0.205397
1.03403
-0.179341
1.0429
-0.152455
1.05082
-0.124543
1.05773
-0.0957445
1.06373
-0.0662662
1.06807
-0.0357664
1.07125
-0.00458749
1.07285
0.0287099
1.07276
0.0655756
1.07114
0.109607
1.06806
0.168527
1.06412
0.253467
1.06222
0.378479
-0.184495
0.272794
-1.36311
0.361795
-1.37891
0.464347
-1.57431
0.551609
-1.35878
0.636535
-1.32646
0.718848
-1.2873
0.791095
-1.14238
0.856586
-1.04372
0.91525
-0.942627
0.966048
-0.828903
1.01117
-0.739685
1.05057
-0.653954
1.08481
-0.573972
1.11482
-0.503757
1.14074
-0.435861
1.16305
-0.371479
1.18206
-0.308023
1.1977
-0.244961
1.21024
-0.181314
1.21997
-0.117565
1.22689
-0.0535252
1.23103
0.00805552
1.23328
0.0647021
1.23364
0.112812
1.2323
0.153335
1.22968
0.194531
1.22516
0.239048
1.21886
0.284577
1.21085
0.332011
1.20083
0.381534
1.18879
0.433131
1.17457
0.487091
1.15828
0.543303
1.13965
0.60238
1.11759
0.662838
1.08941
0.723433
1.05111
0.794922
1.0026
0.869296
0.94949
0.898809
-0.0974007
-1.3485
-0.0091368
-1.37606
0.103696
-1.73999
0.213755
-1.71038
0.324993
-1.73497
0.438465
-1.7704
0.545298
-1.67545
0.636963
-1.45469
0.713935
-1.24077
0.778329
-1.05449
0.8294
-0.857013
0.869108
-0.693671
0.900714
-0.57562
0.92575
-0.479103
0.94593
-0.408083
0.962568
-0.359131
0.976913
-0.323189
0.989326
-0.298887
1.00073
-0.283818
1.01167
-0.275327
1.02256
-0.271176
1.03357
-0.270107
1.04513
-0.270078
1.05707
-0.262514
1.06863
-0.241815
1.07939
-0.216155
1.08926
-0.189206
1.09837
-0.161559
1.10657
-0.132739
1.11368
-0.102854
1.11953
-0.0721022
1.1243
-0.0405383
1.12757
-0.00784596
1.12957
0.0267086
1.12995
0.0651977
1.12876
0.110792
1.12623
0.171034
1.12303
0.256678
1.12197
0.379495
-0.190283
0.283412
-1.45624
0.377251
-1.47274
0.48543
-1.68248
0.577402
-1.45075
0.66692
-1.41598
0.753698
-1.37408
0.8298
-1.21848
0.898761
-1.11268
0.960488
-1.00435
1.01416
-0.882567
1.06136
-0.786886
1.10281
-0.695397
1.13875
-0.609908
1.17015
-0.535158
1.1973
-0.463009
1.22047
-0.394647
1.24017
-0.327719
1.25656
-0.26135
1.26961
-0.194369
1.27954
-0.127489
1.28657
-0.0605602
1.29103
0.00359994
1.29291
0.0628198
1.29314
0.11259
1.29209
0.15438
1.2892
0.197426
1.28464
0.243607
1.2785
0.290719
1.27027
0.340244
1.26018
0.391621
1.24804
0.445262
1.23393
0.501193
1.2173
0.559925
1.19793
0.621768
1.17494
0.685808
1.14584
0.752492
1.1068
0.834025
1.05601
0.920019
0.99752
0.957166
-0.0984059
-1.44037
-0.00536878
-1.4691
0.11367
-1.85903
0.229733
-1.82644
0.347081
-1.85232
0.46673
-1.89005
0.579468
-1.78819
0.676129
-1.55135
0.75726
-1.3219
0.825208
-1.12244
0.878727
-0.910531
0.920551
-0.735493
0.954028
-0.609095
0.980229
-0.505301
1.00125
-0.429106
1.01866
-0.376535
1.03324
-0.337764
1.04619
-0.311836
1.05796
-0.295596
1.06901
-0.286374
1.07999
-0.282156
1.09108
-0.281195
1.10288
-0.281872
1.1151
-0.274728
1.1268
-0.253517
1.13761
-0.226962
1.14781
-0.199397
1.15701
-0.170761
1.16522
-0.140941
1.17238
-0.110017
1.17859
-0.0783074
1.18366
-0.045602
1.18728
-0.0114573
1.18942
0.024568
1.19028
0.0643371
1.18953
0.111542
1.18748
0.173071
1.185
0.259192
1.18463
0.379911
-0.196407
0.294607
-1.55443
0.39359
-1.57172
0.507661
-1.79655
0.604625
-1.54772
0.698992
-1.51034
0.79045
-1.46554
0.870615
-1.29865
0.943252
-1.18532
1.00833
-1.06943
1.06462
-0.938859
1.11443
-0.836685
1.1578
-0.738768
1.19553
-0.647629
1.22841
-0.568044
1.2568
-0.491399
1.28122
-0.419062
1.30164
-0.348139
1.31857
-0.278273
1.33203
-0.207829
1.34245
-0.137915
1.34953
-0.0676365
1.35398
-0.00084358
1.35609
0.0607113
1.35617
0.112508
1.35486
0.155695
1.35198
0.200299
1.34748
0.248112
1.34103
0.297174
1.33296
0.348312
1.32277
0.401811
1.31066
0.457369
1.29607
0.515772
1.27927
0.576725
1.25936
0.641678
1.23553
0.709637
1.20527
0.78278
1.16577
0.873562
1.11275
0.973034
1.04853
1.02134
-0.0994996
-1.53728
-0.00134244
-1.56726
0.124165
-1.98454
0.246612
-1.94889
0.370365
-1.97607
0.496588
-2.01627
0.615426
-1.90702
0.717422
-1.65334
0.803052
-1.40752
0.874617
-1.194
0.931128
-0.967041
0.975083
-0.779448
1.00998
-0.64399
1.03762
-0.532936
1.05951
-0.450998
1.0777
-0.39472
1.09302
-0.353081
1.10616
-0.324973
1.11822
-0.307657
1.12963
-0.297787
1.1407
-0.293225
1.15215
-0.29264
1.16406
-0.293788
1.17643
-0.28709
1.18845
-0.265535
1.19942
-0.237929
1.20954
-0.20952
1.21884
-0.18005
1.22717
-0.149268
1.23477
-0.117616
1.24107
-0.0846065
1.24616
-0.0506802
1.25011
-0.015413
1.25268
0.0220107
1.25377
0.0632466
1.25349
0.111814
1.25219
0.174359
1.25047
0.26092
1.25083
0.379511
-0.202849
0.30644
-1.65802
0.410818
-1.6761
0.531088
-1.91682
0.63334
-1.64997
0.732826
-1.60983
0.829223
-1.56194
0.913727
-1.38315
0.990247
-1.26183
1.05864
-1.13782
1.11792
-0.998133
1.17028
-0.889037
1.21597
-0.784451
1.25554
-0.687197
1.29006
-0.602564
1.31968
-0.521012
1.34515
-0.444535
1.3665
-0.369486
1.3841
-0.295879
1.39826
-0.221983
1.40868
-0.148339
1.41613
-0.0750851
1.42065
-0.00536103
1.42245
0.0589147
1.4225
0.112461
1.42096
0.157238
1.41802
0.203234
1.41339
0.252744
1.40701
0.303553
1.39864
0.356688
1.38845
0.411994
1.37606
0.46976
1.36156
0.530261
1.34432
0.593962
1.32396
0.662052
1.29927
0.734313
1.26855
0.813485
1.22826
0.913889
1.17312
1.02813
1.10405
1.09031
-0.100652
-1.63947
0.00284953
-1.67076
0.135269
-2.11696
0.264398
-2.07802
0.394933
-2.1066
0.528059
-2.14939
0.653508
-2.03246
0.760915
-1.76074
0.851125
-1.49773
0.926565
-1.26944
0.986096
-1.02657
1.03244
-0.825794
1.06929
-0.680837
1.09816
-0.561799
1.12117
-0.474008
1.14008
-0.413632
1.15589
-0.368882
1.16961
-0.338697
1.18196
-0.320005
1.19351
-0.309336
1.20496
-0.304676
1.21653
-0.304208
1.2287
-0.305961
1.24136
-0.299744
1.2534
-0.277577
1.26469
-0.249217
1.27488
-0.219702
1.28425
-0.189423
1.29283
-0.157843
1.30033
-0.125112
1.30684
-0.091116
1.3122
-0.0560318
1.31637
-0.0195762
1.31921
0.0191736
1.32067
0.0617876
1.32114
0.111345
1.32031
0.175177
1.31906
0.262201
1.32041
0.3782
-0.209636
0.318895
-1.76728
0.428973
-1.78617
0.555827
-2.04367
0.663622
-1.75777
0.768483
-1.7147
0.870104
-1.66356
0.95911
-1.47216
1.03975
-1.34248
1.11178
-1.20985
1.1743
-1.06064
1.22919
-0.94393
1.27715
-0.832403
1.31875
-0.728789
1.35496
-0.638781
1.38614
-0.552188
1.41255
-0.47094
1.43491
-0.391852
1.45332
-0.314287
1.46772
-0.236384
1.47883
-0.159443
1.48629
-0.0825426
1.49073
-0.0098024
1.49268
0.0569684
1.49248
0.112654
1.4909
0.158824
1.48775
0.206389
1.4828
0.257693
1.47631
0.310046
1.46787
0.365127
1.45752
0.422347
1.4451
0.48217
1.43027
0.545088
1.41276
0.611475
1.39202
0.682799
1.36673
0.759599
1.33519
0.845052
1.29485
0.95425
1.23831
1.08466
1.165
1.16358
-0.101839
-1.74727
0.0073179
-1.77991
0.146973
-2.25662
0.283167
-2.21422
0.420827
-2.24426
0.561231
-2.28979
0.693397
-2.16462
0.806821
-1.87416
0.902012
-1.59292
0.981495
-1.34892
1.04423
-1.0893
1.09303
-0.874599
1.13159
-0.719388
1.16195
-0.592162
1.18602
-0.498072
1.20588
-0.433486
1.22222
-0.385225
1.23654
-0.35302
1.2492
-0.332663
1.26129
-0.321425
1.27275
-0.316135
1.28457
-0.316028
1.29717
-0.318559
1.30987
-0.312448
1.32223
-0.28993
1.33357
-0.260553
1.34407
-0.230205
1.35366
-0.199009
1.36222
-0.1664
1.36974
-0.132627
1.37645
-0.0978288
1.38194
-0.0615148
1.38631
-0.0239388
1.38956
0.0159212
1.39153
0.0598148
1.39207
0.110798
1.39203
0.175215
1.39152
0.262712
1.39336
0.376326
-0.216826
0.332022
-1.88247
0.448117
-1.90227
0.581875
-2.17743
0.695546
-1.87144
0.806094
-1.82524
0.913184
-1.77065
1.00703
-1.56601
1.09182
-1.42726
1.16787
-1.2859
1.23347
-1.12624
1.29142
-1.00188
1.34187
-0.88285
1.38556
-0.772471
1.42338
-0.676599
1.45599
-0.584798
1.48394
-0.498894
1.50723
-0.415134
1.52623
-0.333283
1.54139
-0.251546
1.55259
-0.170639
1.56043
-0.090384
1.56477
-0.0141411
1.56648
0.055256
1.56632
0.112814
1.56443
0.160719
1.56101
0.209812
1.55599
0.262712
1.5492
0.316839
1.5408
0.373524
1.53025
0.432903
1.51751
0.494903
1.50249
0.560104
1.48473
0.629231
1.46356
0.70397
1.43797
0.785191
1.40589
0.877133
1.36562
0.994541
1.30863
1.14161
1.23297
1.23917
-0.103131
-1.86096
0.0120028
-1.89505
0.159299
-2.40392
0.302931
-2.35785
0.448127
-2.38946
0.596275
-2.43794
0.735644
-2.30399
0.855186
-1.9937
0.955528
-1.69326
1.03925
-1.43264
1.10543
-1.15548
1.15671
-0.925886
1.19753
-0.760201
1.2293
-0.623925
1.25465
-0.523426
1.27512
-0.453954
1.2924
-0.402496
1.30709
-0.367717
1.3202
-0.345767
1.33247
-0.333699
1.34447
-0.328128
1.35657
-0.328132
1.36919
-0.331177
1.38235
-0.325608
1.3949
-0.302484
1.40643
-0.272079
1.41714
-0.240909
1.42667
-0.208545
1.43534
-0.175064
1.44327
-0.140552
1.44991
-0.104471
1.45565
-0.0672525
1.46021
-0.0284939
1.46361
0.0125275
1.46596
0.0574692
1.46727
0.109485
1.46755
0.174936
1.46789
0.2624
1.47033
0.373916
-0.224355
0.345885
-2.00399
0.468289
-2.02467
0.609373
-2.31851
0.729216
-1.99128
0.845774
-1.9418
0.958646
-1.88353
1.05742
-1.66479
1.14696
-1.51681
1.22701
-1.36595
1.29614
-1.19535
1.35687
-1.06261
1.4101
-0.936072
1.45599
-0.818361
1.49586
-0.716464
1.53
-0.618941
1.55908
-0.527967
1.58348
-0.439539
1.60336
-0.353156
1.61898
-0.267171
1.63065
-0.182304
1.63845
-0.0981851
1.64304
-0.0187288
1.6447
0.0535993
1.64409
0.113424
1.64211
0.162693
1.63852
0.213411
1.63325
0.267984
1.62626
0.323825
1.61744
0.382343
1.60665
0.443693
1.59386
0.507695
1.57866
0.575307
1.56054
0.647345
1.5393
0.725212
1.51317
0.811332
1.48083
0.909482
1.44059
1.03481
1.38459
1.19761
1.30917
1.31456
-0.104464
-1.98085
0.0169475
-2.01646
0.172329
-2.5593
0.323823
-2.50934
0.476973
-2.54261
0.633088
-2.59405
0.78026
-2.45115
0.906204
-2.11964
1.01202
-1.79908
1.10037
-1.52098
1.16995
-1.22506
1.22412
-0.980054
1.26682
-0.802902
1.30038
-0.657483
1.32684
-0.549881
1.34845
-0.475558
1.36628
-0.420333
1.38149
-0.382921
1.39521
-0.359482
1.40792
-0.346411
1.42008
-0.340288
1.43249
-0.340543
1.44542
-0.344114
1.45904
-0.339223
1.47182
-0.315268
1.48355
-0.283807
1.4942
-0.251556
1.50396
-0.218299
1.51286
-0.183969
1.52067
-0.148353
1.5275
-0.111301
1.53349
-0.073235
1.53836
-0.0333668
1.54203
0.00886239
1.54475
0.0547492
1.54641
0.107818
1.54744
0.173907
1.54806
0.261773
1.55102
0.370927
-0.232331
0.360488
-2.13215
0.489579
-2.15376
0.638323
-2.46725
0.764697
-2.11765
0.887561
-2.06467
1.00655
-2.00253
1.11079
-1.76903
1.20514
-1.61115
1.28923
-1.45004
1.3621
-1.26822
1.42622
-1.12672
1.48199
-0.991843
1.5301
-0.866472
1.57201
-0.758363
1.6078
-0.654734
1.63836
-0.558531
1.66374
-0.464912
1.68458
-0.373998
1.70074
-0.283331
1.71274
-0.1943
1.72102
-0.106461
1.72543
-0.0231406
1.72694
0.0520905
1.72628
0.114086
1.72393
0.165043
1.72014
0.217206
1.71458
0.273544
1.70736
0.33104
1.69823
0.391475
1.68733
0.454601
1.67432
0.520702
1.6588
0.590823
1.64065
0.665493
1.619
0.746866
1.59278
0.837548
1.56038
0.941881
1.52058
1.07462
1.46629
1.25187
1.39389
1.38692
-0.105886
-2.10729
0.02216
-2.1445
0.186011
-2.72315
0.345806
-2.66914
0.507294
-2.70409
0.672077
-2.75883
0.827147
-2.60622
0.960147
-2.25263
1.07173
-1.91065
1.16475
-1.61401
1.23814
-1.29845
1.29498
-1.03689
1.34014
-0.848052
1.37527
-0.692611
1.40294
-0.577556
1.42571
-0.498324
1.44426
-0.438879
1.46025
-0.398909
1.47434
-0.373574
1.48725
-0.359317
1.5
-0.353044
1.51272
-0.353262
1.52613
-0.35752
1.53985
-0.35295
1.55297
-0.328385
1.56493
-0.295763
1.57592
-0.262551
1.58577
-0.228148
1.59479
-0.192984
1.6026
-0.156165
1.60975
-0.118446
1.61571
-0.0791934
1.62063
-0.038282
1.62469
0.00480482
1.62764
0.051803
1.62978
0.105678
1.63124
0.172449
1.63266
0.26038
1.63609
0.36753
-0.240788
0.37592
-2.26727
0.51204
-2.28987
0.668941
-2.62415
0.802156
-2.25087
0.931701
-2.19422
1.05719
-2.12802
1.16702
-1.87886
1.26626
-1.71039
1.35496
-1.53874
1.4317
-1.34495
1.49918
-1.19419
1.55781
-1.05047
1.60859
-0.917249
1.65237
-0.802145
1.69019
-0.692546
1.72195
-0.590298
1.74867
-0.491625
1.77028
-0.39561
1.78731
-0.300357
1.79969
-0.206678
1.80796
-0.114728
1.81245
-0.0276362
1.81381
0.0507317
1.81309
0.114807
1.81046
0.167675
1.80629
0.22138
1.80041
0.279422
1.79294
0.338516
1.7836
0.400811
1.77242
0.465789
1.7589
0.534214
1.74336
0.606365
1.72495
0.683907
1.70323
0.768586
1.67711
0.863667
1.64464
0.974364
1.60518
1.11409
1.55329
1.30376
1.48659
1.45361
-0.107417
-2.24066
0.0275834
-2.2795
0.200435
-2.896
0.368959
-2.83767
0.539355
-2.87449
0.713085
-2.93255
0.876717
-2.76984
1.01688
-2.39279
1.13441
-2.02818
1.23265
-1.71225
1.31001
-1.37581
1.36992
-1.0968
1.4173
-0.895427
1.45429
-0.729593
1.48347
-0.60674
1.50704
-0.521892
1.5267
-0.458536
1.54313
-0.415335
1.55784
-0.388285
1.57138
-0.372857
1.58434
-0.366
1.59739
-0.36631
1.61116
-0.371293
1.62525
-0.367044
1.63877
-0.341901
1.65108
-0.308075
1.66205
-0.273518
1.67213
-0.238228
1.68113
-0.201984
1.68922
-0.16425
1.69628
-0.125506
1.70247
-0.0853828
1.70769
-0.0434977
1.71201
0.000493657
1.71531
0.0485037
1.71788
0.103096
1.71991
0.170422
1.72169
0.258603
1.72537
0.363816
-0.24969
0.39219
-2.40977
0.535764
-2.43344
0.70117
-2.78955
0.841636
-2.39133
0.978249
-2.33083
1.11045
-2.26022
1.22624
-1.99466
1.33083
-1.81498
1.42437
-1.63228
1.50512
-1.42569
1.57608
-1.26515
1.6379
-1.11228
1.69104
-0.970387
1.73738
-0.848473
1.77674
-0.731906
1.81024
-0.623799
1.83812
-0.519503
1.86078
-0.418274
1.8784
-0.317977
1.89133
-0.219608
1.89976
-0.123153
1.90442
-0.0322899
1.90574
0.0494046
1.90448
0.116073
1.90166
0.170493
1.89726
0.225783
1.89104
0.285646
1.88313
0.346421
1.87344
0.410509
1.86195
0.477277
1.84849
0.547677
1.83251
0.62234
1.81389
0.702526
1.79218
0.790294
1.76619
0.889663
1.73418
1.00638
1.69552
1.15276
1.64605
1.35321
1.58598
1.51367
-0.109088
-2.38126
0.0333292
-2.42192
0.215595
-3.07827
0.393368
-3.01544
0.57307
-3.05419
0.756237
-3.11572
0.928846
-2.94245
1.07673
-2.54067
1.20075
-2.15219
1.30432
-1.81582
1.3857
-1.45719
1.44899
-1.16008
1.49885
-0.945288
1.53773
-0.768467
1.56832
-0.637327
1.59307
-0.54665
1.61337
-0.478833
1.63075
-0.432714
1.64587
-0.403405
1.65991
-0.386891
1.67334
-0.379433
1.68675
-0.379723
1.70103
-0.385569
1.71565
-0.38167
1.72944
-0.355687
1.74188
-0.320515
1.75322
-0.284861
1.76342
-0.248427
1.77255
-0.211109
1.78078
-0.172481
1.78789
-0.132614
1.79418
-0.0916679
1.79956
-0.0488719
1.80398
-0.00392409
1.80774
0.0447473
1.81063
0.10021
1.81304
0.168014
1.81524
0.256422
1.81941
0.359674
-0.25911
0.409391
-2.56004
0.560756
-2.5848
0.7352
-2.96399
0.883301
-2.53944
1.02726
-2.47479
1.16675
-2.39972
1.2886
-2.11652
1.39898
-1.92536
1.4974
-1.7307
1.58243
-1.51073
1.65721
-1.33992
1.7223
-1.17736
1.77837
-1.02646
1.82675
-0.896853
1.86835
-0.773503
1.9035
-0.658948
1.93265
-0.548644
1.95621
-0.441839
1.97457
-0.336339
1.98811
-0.233142
1.99677
-0.131814
2.00129
-0.0368068
2.00239
0.0483093
2.00102
0.117443
1.99803
0.173482
1.99319
0.230622
1.98674
0.2921
1.97839
0.354774
1.96845
0.420453
1.95651
0.489213
1.94268
0.561506
1.92671
0.638311
1.90807
0.721164
1.88633
0.812039
1.86058
0.915414
1.82919
1.03778
1.79131
1.19064
1.74434
1.40019
1.69119
1.56681
-0.110809
-2.52956
0.0393531
-2.57208
0.23162
-3.27054
0.419098
-3.20292
0.608574
-3.24367
0.801962
-3.3091
0.98391
-3.12439
1.13982
-2.69658
1.27066
-2.28303
1.37969
-1.92485
1.46566
-1.54315
1.53211
-1.22654
1.58466
-0.997828
1.62556
-0.809368
1.65772
-0.66948
1.68384
-0.572773
1.70515
-0.500144
1.72311
-0.450675
1.73892
-0.419211
1.75347
-0.401438
1.76729
-0.39325
1.78121
-0.39365
1.79573
-0.40009
1.81092
-0.396861
1.82512
-0.36988
1.83784
-0.333244
1.84945
-0.296469
1.85978
-0.258753
1.86904
-0.220371
1.8773
-0.180732
1.88472
-0.140034
1.89097
-0.0979119
1.89649
-0.0543966
1.90127
-0.00869993
1.90521
0.0408125
1.9085
0.0969208
1.91125
0.165258
1.91399
0.253688
1.9183
0.355342
-0.269073
0.427537
-2.7185
0.587169
-2.74443
0.771119
-3.14794
0.92727
-2.69559
1.07912
-2.62665
1.22602
-2.54662
1.35469
-2.24519
1.47092
-2.04159
1.57465
-1.83443
1.66424
-1.60031
1.74293
-1.41861
1.81131
-1.24574
1.87035
-1.08549
1.92133
-0.947837
1.96484
-0.817004
2.00178
-0.69589
2.03242
-0.579286
2.05708
-0.466496
2.07631
-0.355565
2.09
-0.246832
2.09914
-0.140951
2.10365
-0.0413115
2.10479
0.0471635
2.10315
0.119092
2.09965
0.176975
2.09452
0.235761
2.08768
0.29894
2.079
0.363454
2.06866
0.430793
2.05655
0.501326
2.04249
0.575559
2.02614
0.654668
2.00753
0.739768
1.98584
0.833726
1.96032
0.940942
1.9299
1.0682
1.89327
1.22728
1.84843
1.44501
1.80174
1.6135
-0.112687
-2.68594
0.0456967
-2.73046
0.248432
-3.47327
0.446203
-3.40069
0.646066
-3.44353
0.849874
-3.51291
1.04199
-3.3165
1.20636
-2.86094
1.34436
-2.42103
1.45944
-2.03993
1.54991
-1.63362
1.62008
-1.29671
1.67532
-1.05306
1.71832
-0.852365
1.75218
-0.703335
1.77942
-0.600015
1.80165
-0.522377
1.8205
-0.469518
1.83713
-0.435839
1.8521
-0.416406
1.86644
-0.407588
1.88099
-0.408206
1.89609
-0.415185
1.91145
-0.412229
1.92623
-0.384655
1.93937
-0.34639
1.95113
-0.308226
1.96173
-0.269356
1.97114
-0.22978
1.97956
-0.189143
1.98677
-0.147242
1.99337
-0.104509
1.99904
-0.0600612
2.00389
-0.0135494
2.00811
0.0365929
2.01164
0.0933942
2.01484
0.162065
2.0178
0.250736
2.02232
0.350854
-0.279593
0.446725
-2.88563
0.615042
-2.91274
0.808999
-3.34189
0.973662
-2.86025
1.13374
-2.78674
1.28866
-2.70154
1.42414
-2.38068
1.54667
-2.16411
1.65604
-1.9438
1.75035
-1.69462
1.83324
-1.50149
1.90532
-1.31781
1.96735
-1.1475
2.02099
-1.00148
2.06677
-0.862781
2.10544
-0.734567
2.13746
-0.611302
2.16343
-0.492461
2.18333
-0.375463
2.19787
-0.261375
2.2072
-0.150275
2.21189
-0.0460047
2.21264
0.0464164
2.2108
0.120936
2.20708
0.180689
2.20151
0.241333
2.19427
0.306183
2.18539
0.372336
2.17465
0.441538
2.16208
0.513896
2.14768
0.58996
2.13137
0.670977
2.11257
0.758561
2.09104
0.855262
2.06624
0.965743
2.03669
1.09775
2.00142
1.26254
1.95906
1.48737
1.91798
1.65458
-0.114672
-2.85086
0.0523346
-2.89747
0.26621
-3.68715
0.474695
-3.60918
0.685544
-3.65438
0.900613
-3.72797
1.10305
-3.51893
1.27661
-3.0345
1.42192
-2.56634
1.54325
-2.16125
1.63878
-1.72916
1.71262
-1.37055
1.771
-1.11143
1.81622
-0.897584
1.8517
-0.738819
1.88034
-0.628656
1.90379
-0.545822
1.92339
-0.489111
1.94047
-0.452927
1.95624
-0.432174
1.97125
-0.422598
1.98613
-0.423079
2.00178
-0.43084
2.01788
-0.428325
2.03286
-0.399636
2.04645
-0.359981
2.05851
-0.320294
2.06928
-0.280122
2.07885
-0.23935
2.0873
-0.197588
2.09483
-0.154769
2.10139
-0.11106
2.10719
-0.0658578
2.11223
-0.0185909
2.11658
0.0322458
2.12044
0.0895337
2.12392
0.158585
2.12703
0.247635
2.13171
0.346148
-0.290704
0.466936
-3.06186
0.644456
-3.09026
0.848971
-3.5464
1.02261
-3.03389
1.19129
-2.95541
1.35471
-2.86497
1.49761
-2.52358
1.62675
-2.29326
1.74184
-2.05889
1.84137
-1.79414
1.92859
-1.58871
2.00443
-1.39365
2.06971
-1.21279
2.12615
-1.05791
2.17431
-0.910932
2.21482
-0.775081
2.2485
-0.644976
2.27556
-0.519518
2.29648
-0.396387
2.31169
-0.27658
2.32112
-0.159712
2.3259
-0.0507783
2.32663
0.0456844
2.32447
0.123103
2.32052
0.184634
2.31474
0.247115
2.30695
0.313976
2.29758
0.381703
2.28643
0.45269
2.27369
0.52664
2.25895
0.604697
2.24245
0.687477
2.22364
0.777364
2.20248
0.876431
2.1781
0.990117
2.1495
1.12636
2.11615
1.2959
2.07592
1.52759
2.03988
1.69062
-0.116757
-3.02481
0.0593901
-3.07362
0.284919
-3.91268
0.504916
-3.82918
0.727265
-3.87673
0.954129
-3.95484
1.16758
-3.73238
1.35038
-3.21729
1.50399
-2.71995
1.63187
-2.28913
1.73254
-1.82983
1.81031
-1.44832
1.87175
-1.17286
1.91939
-0.945222
1.95679
-0.776213
1.98687
-0.658733
2.01128
-0.570236
2.03191
-0.509735
2.04986
-0.470882
2.06624
-0.448548
2.08169
-0.438044
2.09711
-0.438494
2.11334
-0.447075
2.13008
-0.445069
2.14568
-0.41523
2.15961
-0.373919
2.17187
-0.332548
2.18295
-0.291202
2.19269
-0.249094
2.20132
-0.206215
2.20892
-0.162356
2.21555
-0.117696
2.22148
-0.0717781
2.22656
-0.0236726
2.23114
0.0276662
2.23517
0.0855132
2.239
0.154761
2.24237
0.244269
2.24689
0.341651
-0.302394
0.488269
-3.24772
0.675459
-3.27744
0.891149
-3.76209
1.07416
-3.21691
1.25218
-3.13344
1.42438
-3.03717
1.57492
-2.67413
1.71097
-2.42931
1.83254
-2.18047
1.9372
-1.8988
2.0292
-1.68071
2.10894
-1.47338
2.1778
-1.28164
2.23709
-1.11721
2.28772
-0.961558
2.33045
-0.817804
2.36581
-0.680342
2.39409
-0.547796
2.41606
-0.418349
2.4316
-0.292119
2.44157
-0.169687
2.44638
-0.0555815
2.44691
0.0451531
2.44467
0.125347
2.44031
0.188993
2.43407
0.253351
2.426
0.322054
2.41614
0.391559
2.40472
0.464112
2.39139
0.539966
2.37661
0.619478
2.35981
0.704278
2.34132
0.795855
2.32031
0.897439
2.29657
1.01386
2.26917
1.15376
2.23749
1.32758
2.19995
1.56514
2.16805
1.72253
-0.118947
-3.20825
0.0668401
-3.2594
0.304688
-4.15053
0.536656
-4.06115
0.77116
-4.11124
1.01026
-4.19394
1.23548
-3.95759
1.42858
-3.41038
1.59029
-2.88166
1.72516
-2.424
1.83129
-1.93596
1.91345
-1.53048
1.97798
-1.23739
2.02833
-0.995565
2.06741
-0.815289
2.09909
-0.690416
2.12488
-0.596027
2.14646
-0.531312
2.16518
-0.4896
2.18213
-0.465498
2.1983
-0.454209
2.21445
-0.454646
2.23119
-0.463813
2.24844
-0.462315
2.26469
-0.43149
2.27899
-0.388211
2.29171
-0.345279
2.30286
-0.302349
2.3128
-0.259034
2.32162
-0.215031
2.32928
-0.170009
2.33614
-0.124548
2.34204
-0.0776802
2.34728
-0.0289084
2.35194
0.0230089
2.35624
0.0812127
2.36011
0.150893
2.36354
0.240851
2.36827
0.336897
-0.314722
0.51075
-3.44374
0.708163
-3.47485
0.935646
-3.98957
1.12874
-3.41
1.31634
-3.32104
1.49778
-3.21861
1.65672
-2.83307
1.80004
-2.57263
1.92794
-2.30837
2.03839
-2.00924
2.13521
-1.77752
2.21939
-1.55756
2.29174
-1.35398
2.35424
-1.1797
2.40743
-1.01474
2.45217
-0.862546
2.48929
-0.717461
2.51923
-0.577738
2.54203
-0.441141
2.55842
-0.308513
2.56875
-0.180012
2.57367
-0.0605057
2.57418
0.044653
2.57156
0.127966
2.5668
0.193753
2.5602
0.259943
2.5517
0.33056
2.54149
0.401771
2.52966
0.475938
2.51618
0.55345
2.50096
0.634695
2.48429
0.72094
2.46547
0.814674
2.44482
0.918096
2.42177
1.03691
2.39571
1.17982
2.36554
1.35775
2.33054
1.60014
2.30279
1.75029
-0.12124
-3.40173
0.0747001
-3.45534
0.32557
-4.4014
0.570201
-4.30578
0.817546
-4.35858
1.06982
-4.44621
1.30734
-4.1951
1.51071
-3.61375
1.68132
-3.05227
1.82365
-2.56633
1.93538
-2.04768
2.022
-1.61709
2.09017
-1.30556
2.14301
-1.0484
2.18434
-0.856614
2.21753
-0.723604
2.24461
-0.623108
2.26715
-0.553854
2.28677
-0.509219
2.30449
-0.483218
2.32127
-0.470987
2.33803
-0.471401
2.35567
-0.481452
2.37358
-0.480229
2.39026
-0.448163
2.40508
-0.403037
2.41818
-0.358378
2.42968
-0.313851
2.43983
-0.269182
2.44872
-0.223921
2.45659
-0.177868
2.46326
-0.131223
2.46928
-0.0836911
2.47479
-0.0344166
2.47949
0.018306
2.4839
0.0768109
2.48775
0.147041
2.49135
0.237254
2.49595
0.332319
-0.327723
0.534474
-3.65049
0.742686
-3.68306
0.982535
-4.22941
1.18605
-3.61352
1.38392
-3.51892
1.57536
-3.41006
1.74266
-3.00039
1.8939
-2.72387
2.02888
-2.44335
2.14519
-2.12554
2.2473
-1.87963
2.33588
-1.64612
2.41193
-1.43002
2.47764
-1.24541
2.53374
-1.07083
2.58099
-0.909799
2.61985
-0.756326
2.6511
-0.608981
2.6751
-0.465143
2.69221
-0.325619
2.70284
-0.190643
2.70786
-0.0655254
2.70839
0.0441285
2.70541
0.130945
2.7005
0.198659
2.69355
0.266894
2.68461
0.339499
2.67405
0.412336
2.66168
0.488301
2.64777
0.567357
2.63255
0.649922
2.6155
0.737982
2.59707
0.833111
2.5768
0.938365
2.55437
1.05933
2.52912
1.20508
2.50106
1.38581
2.46826
1.63294
2.44412
1.77444
-0.123647
-3.6058
0.082997
-3.66198
0.347617
-4.66602
0.605671
-4.56384
0.866421
-4.61933
1.13237
-4.71216
1.3829
-4.44562
1.59748
-3.82832
1.77736
-3.23215
1.92742
-2.71639
2.04537
-2.16564
2.13657
-1.70829
2.20835
-1.37733
2.26409
-1.10414
2.30757
-0.900084
2.34253
-0.758562
2.37081
-0.651388
2.39445
-0.5775
2.41504
-0.529809
2.43368
-0.501847
2.45121
-0.488518
2.46861
-0.4888
2.4868
-0.499641
2.50555
-0.498978
2.52279
-0.465405
2.53816
-0.418404
2.55166
-0.371875
2.56353
-0.325727
2.57391
-0.279558
2.58289
-0.232898
2.59071
-0.185681
2.59773
-0.138248
2.60371
-0.0896694
2.60908
-0.0397821
2.61407
0.0133157
2.61839
0.0724912
2.62249
0.142949
2.62592
0.233828
2.63037
0.32786
-0.3414
0.559478
-3.86856
0.779044
-3.90262
1.03203
-4.4824
1.24674
-3.82822
1.45522
-3.72741
1.65717
-3.61201
1.83359
-3.17682
1.99309
-2.88337
2.13506
-2.58533
2.25771
-2.24818
2.36526
-1.98718
2.45853
-1.73938
2.53881
-1.5103
2.60807
-1.31467
2.66691
-1.12967
2.71653
-0.959418
2.75759
-0.797386
2.7904
-0.64179
2.81541
-0.490155
2.83343
-0.343642
2.84462
-0.201831
2.84987
-0.0707754
2.85003
0.0439719
2.84705
0.133931
2.84172
0.203987
2.83426
0.274353
2.82502
0.348738
2.81396
0.423396
2.80134
0.500925
2.78715
0.581542
2.77138
0.665686
2.75452
0.754842
2.73608
0.85155
2.7161
0.958352
2.69444
1.081
2.6704
1.22912
2.64371
1.4125
2.61306
1.66359
2.59209
1.79541
-0.126162
-3.82104
0.0918012
-3.87995
0.37092
-4.94514
0.642961
-4.83588
0.918105
-4.89448
1.19863
-4.99269
1.46279
-4.70977
1.68905
-4.05458
1.87873
-3.42183
2.03688
-2.87454
2.16131
-2.29007
2.25733
-1.8043
2.33309
-1.45309
2.39168
-1.16272
2.43757
-0.945978
2.47424
-0.795228
2.50413
-0.681278
2.52893
-0.602303
2.55046
-0.551335
2.56978
-0.521169
2.58811
-0.506841
2.60645
-0.507139
2.62532
-0.518509
2.64483
-0.518487
2.66292
-0.483498
2.67874
-0.43422
2.69267
-0.385796
2.70481
-0.337868
2.71544
-0.290186
2.72452
-0.241979
2.73269
-0.193848
2.73954
-0.145102
2.74575
-0.0958751
2.75109
-0.0451241
2.75596
0.0084479
2.76044
0.0680105
2.76446
0.138935
2.76798
0.230316
2.77208
0.323779
-0.355845
0.585835
-4.09854
0.817426
-4.1342
1.08423
-4.7492
1.31057
-4.05456
1.53059
-3.94744
1.74337
-3.8248
1.92952
-3.36297
2.0975
-3.05136
2.24738
-2.73521
2.37646
-2.37726
2.48985
-2.10056
2.58813
-1.83765
2.67267
-1.59484
2.74568
-1.38767
2.80761
-1.1916
2.85994
-1.01174
2.9029
-0.840347
2.93737
-0.676257
2.96381
-0.5166
2.98258
-0.362406
2.9943
-0.213552
2.99945
-0.0759267
2.99987
0.0435595
2.99647
0.137332
2.99084
0.209617
2.98315
0.282044
2.97347
0.358417
2.96192
0.434947
2.94876
0.514076
2.93431
0.595996
2.91855
0.681439
2.90121
0.772181
2.88306
0.869702
2.86349
0.977918
2.84232
1.10217
2.81943
1.25201
2.79427
1.43766
2.76555
1.69233
2.74721
1.81377
-0.128848
-4.04803
0.101028
-4.10982
0.395397
-5.23951
0.682376
-5.12287
0.972578
-5.18468
1.26848
-5.28859
1.54709
-4.98838
1.78574
-4.29323
1.98571
-3.62179
2.15241
-3.04125
2.28353
-2.4212
2.38488
-1.90565
2.46456
-1.53277
2.52627
-1.22441
2.57452
-0.994229
2.61328
-0.833994
2.64455
-0.712541
2.67066
-0.628414
2.6932
-0.573878
2.7136
-0.541564
2.73274
-0.525981
2.75163
-0.526028
2.77152
-0.538397
2.79179
-0.538754
2.81055
-0.502251
2.82696
-0.450627
2.84146
-0.400296
2.85403
-0.350436
2.86479
-0.300953
2.87426
-0.251443
2.88227
-0.201859
2.88935
-0.152181
2.89538
-0.101911
2.90082
-0.0505623
2.90565
0.0036215
2.91015
0.0635187
2.91404
0.135049
2.91746
0.226906
2.92149
0.319743
-0.371131
0.613686
-4.34109
0.857935
-4.37844
1.1393
-5.03056
1.37801
-4.29327
1.60994
-4.17937
1.83443
-4.0493
2.03055
-3.5591
2.20771
-3.22853
2.36556
-2.89305
2.50182
-2.51352
2.6212
-2.21993
2.725
-1.94145
2.81393
-1.68377
2.89065
-1.46438
2.95606
-1.25701
3.01088
-1.06656
3.05626
-0.885723
3.09261
-0.712608
3.12038
-0.544376
3.13987
-0.381893
3.15207
-0.225753
3.15781
-0.0816589
3.15781
0.0435636
3.15439
0.140757
3.1484
0.215599
3.14036
0.290096
3.13023
0.368542
3.11832
0.446857
3.10491
0.52748
3.08991
0.610991
3.07377
0.697577
3.05663
0.78932
3.03822
0.88811
3.01894
0.997203
2.99863
1.12248
2.97659
1.27405
2.95264
1.46161
2.92576
1.71921
2.90945
1.83008
-0.131688
-4.28747
0.110773
-4.35228
0.421179
-5.54992
0.724088
-5.42578
1.03
-5.49059
1.34223
-5.60082
1.63604
-5.28218
1.88759
-4.54477
2.09856
-3.83276
2.27435
-3.21704
2.41249
-2.55933
2.51924
-2.0124
2.60328
-1.6168
2.66838
-1.28952
2.71915
-1.04499
2.75981
-0.874646
2.79272
-0.745452
2.82016
-0.655853
2.84372
-0.597446
2.8651
-0.562939
2.88524
-0.546121
2.90512
-0.545907
2.92575
-0.559027
2.94683
-0.559833
2.96649
-0.521908
2.98371
-0.467837
2.99842
-0.415008
3.01131
-0.363326
3.02251
-0.312145
3.03211
-0.261046
3.04024
-0.209989
3.04742
-0.159365
3.05355
-0.108039
3.05894
-0.0559562
3.06375
-0.00118324
3.06806
0.0592168
3.07207
0.131043
3.07511
0.223874
3.07889
0.315978
-0.387246
0.643076
-4.59691
0.90067
-4.63603
1.19742
-5.3273
1.44913
-4.54498
1.69381
-4.42406
1.93042
-4.28592
2.13721
-3.76589
2.32393
-3.41526
2.49048
-3.0596
2.63411
-2.65714
2.75994
-2.34576
2.86898
-2.05048
2.9629
-1.77769
3.04379
-1.54526
3.11258
-1.3258
3.17044
-1.12441
3.21816
-0.933448
3.25633
-0.750779
3.28544
-0.573484
3.30614
-0.402587
3.31894
-0.238551
3.32478
-0.087497
3.32489
0.043458
3.321
0.144641
3.31487
0.221738
3.30642
0.298546
3.29584
0.379119
3.28357
0.45913
3.26949
0.541554
3.25436
0.626115
3.23797
0.713971
3.22061
0.806666
3.20248
0.906242
3.18345
1.01623
3.1634
1.14254
3.14223
1.29522
3.11967
1.48418
3.0938
1.74508
3.07954
1.84436
-0.134717
-4.54
0.120999
-4.608
0.448453
-5.87738
0.76781
-5.74514
1.0905
-5.81329
1.41978
-5.9301
1.7297
-5.5921
1.99513
-4.81019
2.21748
-4.05511
2.40286
-3.40242
2.54846
-2.70494
2.66119
-2.12512
2.7496
-1.7052
2.81818
-1.35809
2.87159
-1.0984
2.91456
-0.917619
2.94904
-0.779926
2.97797
-0.684781
3.00282
-0.622299
3.0251
-0.585216
3.04595
-0.566978
3.0667
-0.566656
3.08853
-0.580857
3.11058
-0.58188
3.13098
-0.542306
3.14871
-0.485555
3.16421
-0.430508
3.17758
-0.376694
3.18896
-0.323527
3.19873
-0.270812
3.20726
-0.218518
3.21429
-0.1664
3.22038
-0.114129
3.22573
-0.0613013
3.2306
-0.00605401
3.23475
0.0550679
3.23845
0.127354
3.24146
0.22087
3.24498
0.312461
-0.404296
0.674086
-4.86669
0.945773
-4.90771
1.25865
-5.64017
1.52423
-4.81057
1.78216
-4.68199
2.03158
-4.53535
2.24968
-3.984
2.4467
-3.6123
2.62231
-3.23522
2.77352
-2.80834
2.90623
-2.47846
3.02124
-2.16548
3.1201
-1.87654
3.20528
-1.63045
3.27781
-1.39832
3.33874
-1.18535
3.38904
-0.983747
3.42911
-0.790847
3.45976
-0.604135
3.48151
-0.424336
3.49501
-0.252049
3.50096
-0.0934457
3.50125
0.0431722
3.49734
0.148553
3.49072
0.228352
3.48187
0.307406
3.47083
0.390153
3.45805
0.471906
3.44372
0.555889
3.42804
0.641787
3.41125
0.730759
3.39381
0.824099
3.37565
0.924395
3.35684
1.03504
3.33741
1.16197
3.317
1.31564
3.29508
1.5061
3.27049
1.76968
3.2575
1.85736
-0.138012
-4.80628
0.131684
-4.87769
0.47711
-6.2228
0.813958
-6.08199
1.15453
-6.15386
1.50163
-6.27721
1.82865
-5.91911
2.10846
-5.09
2.34317
-4.28982
2.53863
-3.59789
2.69217
-2.85848
2.81069
-2.24364
2.90408
-1.79858
2.97628
-1.43028
3.03254
-1.15466
3.07756
-0.962634
3.114
-0.816367
3.14417
-0.714952
3.17024
-0.64837
3.19367
-0.60864
3.21581
-0.589119
3.23749
-0.588338
3.26014
-0.603504
3.28331
-0.605045
3.30457
-0.563569
3.32316
-0.50414
3.3392
-0.446539
3.35295
-0.390445
3.36482
-0.335387
3.37477
-0.280765
3.38319
-0.226937
3.39034
-0.17356
3.39667
-0.120451
3.40196
-0.066595
3.40651
-0.0105994
3.41058
0.051
3.41422
0.123725
3.41681
0.218277
3.41989
0.309401
-0.422359
0.706902
-5.15123
0.993381
-5.19418
1.3235
-5.97029
1.60339
-5.09046
1.87534
-4.95395
2.13859
-4.79861
2.36844
-4.21387
2.57611
-3.81997
2.76109
-3.4202
2.92061
-2.96786
3.06044
-2.61829
3.18176
-2.2868
3.28599
-1.98076
3.37576
-1.72021
3.45212
-1.47469
3.51635
-1.24957
3.56914
-1.03654
3.61139
-0.833094
3.64379
-0.636538
3.66668
-0.447218
3.68069
-0.266061
3.68724
-0.099995
3.68731
0.0431032
3.68317
0.152695
3.67621
0.235316
3.6671
0.316522
3.65573
0.401519
3.64244
0.485194
3.62769
0.570634
3.6116
0.657882
3.59465
0.747689
3.57683
0.841916
3.55848
0.942732
3.53982
1.05371
3.5208
1.18099
3.50088
1.33556
3.47985
1.52714
3.45573
1.79381
3.44397
1.86914
-0.141455
-5.08717
0.142983
-5.16213
0.507307
-6.58713
0.862483
-6.43717
1.22166
-6.51304
1.5881
-6.64365
1.93282
-6.26382
2.22817
-5.38534
2.47548
-4.53713
2.68165
-3.80405
2.84361
-3.02044
2.96864
-2.36867
3.06694
-1.89687
3.14293
-1.50627
3.20219
-1.21391
3.2497
-1.01014
3.28802
-0.85469
3.31974
-0.746673
3.34713
-0.675757
3.37176
-0.633272
3.3947
-0.612056
3.41755
-0.611188
3.44131
-0.627263
3.46542
-0.62915
3.4877
-0.585848
3.50703
-0.523468
3.52378
-0.46328
3.53795
-0.404607
3.55006
-0.347497
3.56048
-0.291188
3.56908
-0.235533
3.57638
-0.180861
3.58241
-0.126491
3.58766
-0.0718392
3.59214
-0.0150782
3.59627
0.0468802
3.59943
0.120568
3.60185
0.215869
3.60464
0.306628
-0.441399
0.741495
-5.45132
1.04367
-5.49635
1.39171
-6.31833
1.68694
-5.38569
1.97391
-5.24092
2.25131
-5.07603
2.49382
-4.45638
2.71256
-4.03873
2.90777
-3.61541
3.07596
-3.13604
3.22334
-2.76566
3.35119
-2.41463
3.46102
-2.09059
3.55558
-1.81476
3.63594
-1.55505
3.70369
-1.31732
3.75936
-1.09221
3.80391
-0.877648
3.83791
-0.670539
3.86201
-0.471313
3.87691
-0.280953
3.88362
-0.106713
3.88384
0.0428986
3.87947
0.157056
3.87242
0.242376
3.86288
0.326049
3.85091
0.413499
3.83723
0.49887
3.82193
0.585939
3.80539
0.674413
3.78801
0.765061
3.76991
0.860008
3.7516
0.961043
3.73303
1.07227
3.71418
1.19984
3.69451
1.35523
3.67399
1.54766
3.65055
1.81726
3.6394
1.88031
-0.145192
-5.38338
0.154822
-5.46214
0.539138
-6.97145
0.913845
-6.81188
1.29271
-6.89191
1.67908
-7.03002
2.04281
-6.62754
2.35417
-5.69671
2.61511
-4.79807
2.83249
-4.02143
3.00322
-3.19118
3.13511
-2.50055
3.23864
-2.00039
3.31889
-1.58652
3.38132
-1.27634
3.43112
-1.05994
3.47147
-0.895043
3.50498
-0.780186
3.53365
-0.704423
3.55948
-0.659099
3.58361
-0.636181
3.60757
-0.635152
3.63234
-0.652035
3.65764
-0.654444
3.68087
-0.609078
3.7011
-0.54369
3.71847
-0.480644
3.73334
-0.419476
3.74586
-0.360011
3.75639
-0.301717
3.76519
-0.244325
3.77251
-0.188189
3.77867
-0.132649
3.78387
-0.0770395
3.78828
-0.019476
3.79194
0.0432252
3.795
0.11751
3.79699
0.213895
3.79936
0.304277
-0.461534
0.778027
-5.7678
1.0967
-5.81501
1.46377
-6.68539
1.77522
-5.69713
2.07766
-5.54337
2.37021
-5.36859
2.62597
-4.71215
2.85679
-4.26956
3.06245
-3.82108
3.2396
-3.31318
3.39516
-2.92121
3.52984
-2.5493
3.64557
-2.20631
3.74529
-1.91448
3.83015
-1.63991
3.90131
-1.38848
3.96003
-1.15093
4.00703
-0.924639
4.04279
-0.706307
4.06806
-0.49658
4.08392
-0.296811
4.09103
-0.113811
4.09125
0.0426796
4.08677
0.161539
4.07931
0.249827
4.06935
0.336014
4.05714
0.425701
4.0428
0.513226
4.02705
0.60168
4.01005
0.691413
3.9922
0.782897
3.97392
0.878294
3.95544
0.979509
3.93677
1.09094
3.91781
1.2188
3.89865
1.37439
3.87826
1.56805
3.85493
1.8406
3.84415
1.8911
-0.14912
-5.69579
0.16732
-5.77858
0.572654
-7.37678
0.967857
-7.20709
1.36744
-7.2915
1.77495
-7.43753
2.15869
-7.01127
2.48721
-6.02523
2.76243
-5.07328
2.99173
-4.25073
3.17174
-3.3712
3.31072
-2.63952
3.42006
-2.10973
3.5044
-1.67086
3.57019
-1.34212
3.62283
-1.11258
3.66511
-0.937316
3.70023
-0.815315
3.73054
-0.734729
3.75749
-0.686051
3.78298
-0.66167
3.8079
-0.660069
3.834
-0.678127
3.86051
-0.680959
3.88488
-0.633438
3.90591
-0.564723
3.92392
-0.498645
3.9394
-0.434951
3.95235
-0.372961
3.96315
-0.31251
3.97216
-0.253338
3.97967
-0.195692
3.9857
-0.138681
3.99074
-0.0820763
3.99497
-0.0236999
3.99852
0.0396872
4.00141
0.114624
4.00294
0.21238
4.00501
0.302222
-0.482775
0.816594
-6.10161
1.15268
-6.15109
1.53983
-7.07254
1.86823
-6.02553
2.18717
-5.86232
2.49565
-5.67708
2.7652
-4.98172
3.00859
-4.51296
3.22554
-4.03803
3.41251
-3.50015
3.57627
-3.08496
3.71838
-2.6914
3.84027
-2.32819
3.94544
-2.01965
4.03469
-1.72916
4.10989
-1.46367
4.17174
-1.21279
4.22122
-0.974119
4.25887
-0.743953
4.28577
-0.523482
4.30229
-0.313325
4.30988
-0.121397
4.31018
0.0423879
4.30553
0.166189
4.29782
0.257537
4.2874
0.346433
4.27468
0.438422
4.26003
0.527872
4.24355
0.618161
4.2262
0.708767
4.20771
0.801377
4.18906
0.896948
4.1701
0.998471
4.15134
1.10969
4.13251
1.23762
4.11329
1.39361
4.09306
1.58829
4.06952
1.86415
4.05913
1.9015
-0.153217
-6.02534
0.180527
-6.11232
0.607981
-7.80424
1.02492
-7.62403
1.44639
-7.71298
1.87622
-7.86737
2.28082
-7.41587
2.62727
-6.37166
2.91771
-5.36372
3.15949
-4.4925
3.34938
-3.56109
3.49603
-2.78617
3.61106
-2.22475
3.70017
-1.75996
3.76941
-1.41137
3.8248
-1.16796
3.86947
-0.981987
3.90635
-0.852194
3.93809
-0.766466
3.96656
-0.714523
3.99316
-0.688264
4.01951
-0.686425
4.04665
-0.705265
4.0746
-0.708901
4.10007
-0.658912
4.12197
-0.586615
4.14091
-0.517578
4.15676
-0.450799
4.17031
-0.386509
4.1814
-0.323592
4.19066
-0.262596
4.19798
-0.203004
4.20417
-0.144869
4.20919
-0.0870929
4.21335
-0.0278603
4.21659
0.0364469
4.21911
0.112118
4.22035
0.21115
4.22201
0.300586
-0.505166
0.857247
-6.45368
1.2117
-6.50554
1.62001
-7.48085
1.96625
-6.37177
2.30268
-6.19875
2.62816
-6.00257
2.91241
-5.26599
3.16905
-4.76961
3.39773
-4.26673
3.59486
-3.69727
3.76758
-3.25767
3.91729
-2.84111
4.04587
-2.45676
4.15669
-2.13046
4.25083
-1.8233
4.32989
-1.54273
4.39517
-1.27806
4.44736
-1.02631
4.48717
-0.783765
4.5154
-0.55171
4.53291
-0.330827
4.54081
-0.129297
4.54128
0.0419211
4.53647
0.171007
4.52844
0.265559
4.51767
0.357205
4.50426
0.451829
4.48903
0.543106
4.47219
0.635001
4.45404
0.726919
4.43528
0.820136
4.41607
0.916161
4.39682
1.01772
4.37764
1.12885
4.35874
1.25651
4.33922
1.41312
4.31885
1.60866
4.29502
1.88799
4.28444
1.9121
-0.157601
-6.3729
0.1944
-6.46432
0.645318
-8.25516
1.08506
-8.06378
1.52956
-8.15748
1.98295
-8.32075
2.40981
-7.84272
2.77516
-6.73701
3.08124
-5.66981
3.33635
-4.74761
3.53676
-3.7615
3.69119
-2.9406
3.81273
-2.34629
3.90659
-1.85382
3.97957
-1.48433
4.0379
-1.22629
4.08487
-1.02895
4.1238
-0.891125
4.15715
-0.799817
4.18703
-0.744405
4.21495
-0.716176
4.24245
-0.71393
4.27124
-0.734048
4.3002
-0.737864
4.32702
-0.685723
4.35003
-0.609626
4.36956
-0.537102
4.38634
-0.467579
4.40013
-0.400289
4.41166
-0.335127
4.42107
-0.271995
4.42874
-0.210671
4.43485
-0.150968
4.4396
-0.0918513
4.44358
-0.0318402
4.44676
0.0332688
4.44883
0.110057
4.44968
0.210324
4.45079
0.299487
-0.528775
0.900136
-6.82503
1.27401
-6.8794
1.7046
-7.91144
2.06982
-6.73699
2.42463
-6.55357
2.76769
-6.34565
3.06745
-5.56576
3.33807
-5.04024
3.57932
-4.50798
3.78707
-3.90501
3.96916
-3.43976
4.12697
-2.9989
4.2627
-2.59249
4.37937
-2.24712
4.47873
-1.92266
4.56216
-1.62616
4.63087
-1.34677
4.68577
-1.08122
4.72786
-0.825854
4.75761
-0.581459
4.77605
-0.34926
4.78473
-0.137974
4.78519
0.041468
4.78013
0.176067
4.77192
0.273761
4.76062
0.368505
4.7468
0.465649
4.73081
0.559097
4.7133
0.652506
4.69459
0.745636
4.67524
0.839488
4.65541
0.935989
4.63566
1.03748
4.61609
1.14841
4.59681
1.2758
4.57705
1.43287
4.55643
1.62928
4.53196
1.91247
4.52111
1.92297
-0.162136
-6.73954
0.209214
-6.83567
0.684685
-8.73063
1.1485
-8.5276
1.61731
-8.62629
2.09565
-8.79911
2.54576
-8.29283
2.9312
-7.12245
3.25405
-5.99266
3.52308
-5.01664
3.73423
-3.97265
3.8973
-3.10367
4.02531
-2.47429
4.12422
-1.95272
4.2013
-1.5614
4.26264
-1.28763
4.31219
-1.0785
4.35311
-0.932051
4.38824
-0.834938
4.4196
-0.775768
4.44894
-0.74551
4.47792
-0.742911
4.50786
-0.763989
4.53856
-0.768564
4.56631
-0.713464
4.59052
-0.633833
4.61104
-0.557623
4.62826
-0.484799
4.64271
-0.414729
4.6546
-0.347011
4.66417
-0.281563
4.67183
-0.218324
4.678
-0.157137
4.6829
-0.0967511
4.68662
-0.0355564
4.68936
0.0305366
4.69125
0.108165
4.69169
0.209896
4.69254
0.298657
-0.553685
0.945401
-7.21674
1.33974
-7.27373
1.79397
-8.36566
2.17907
-7.12208
2.55321
-6.92772
2.91498
-6.70744
3.23114
-5.88193
3.51655
-5.32565
3.7707
-4.76214
3.98971
-4.12402
4.18179
-3.63183
4.34834
-3.16545
4.49117
-2.73531
4.61437
-2.37032
4.71897
-2.02725
4.80707
-1.71425
4.87959
-1.41929
4.93744
-1.13907
4.98175
-0.870165
5.01319
-0.612902
5.03278
-0.368834
5.04179
-0.146991
5.04243
0.0408381
5.03726
0.181239
5.02853
0.282494
5.01696
0.380061
5.00251
0.480107
4.98599
0.575611
4.96778
0.670719
4.94831
0.765099
4.92818
0.859624
4.90781
0.95636
4.88748
1.0578
4.86745
1.16844
4.84763
1.29561
4.82743
1.45306
4.80618
1.65054
4.7809
1.93775
4.76964
1.93425
-0.166966
-7.12625
0.224647
-7.22728
0.72646
-9.23244
1.21558
-9.01673
1.71017
-9.12088
2.21449
-9.30343
2.68921
-8.76754
3.09571
-7.52894
3.43622
-6.33316
3.71983
-5.30025
3.94256
-4.19538
4.11449
-3.27559
4.24955
-2.60934
4.35387
-2.05703
4.43494
-1.64247
4.49973
-1.35243
4.55183
-1.13059
4.59501
-0.975241
4.63182
-0.871739
4.66495
-0.808895
4.69578
-0.776336
4.72614
-0.773277
4.75764
-0.795484
4.78974
-0.800661
4.81915
-0.742869
4.84418
-0.658862
4.86561
-0.579058
4.88358
-0.502758
4.89871
-0.429863
4.91085
-0.359146
4.92076
-0.291463
4.92856
-0.226122
4.93469
-0.163268
4.93939
-0.101446
4.94296
-0.039124
4.94569
0.0278089
4.94715
0.10671
4.9471
0.209958
4.94746
0.298314
-0.579965
0.99315
-7.62991
1.40906
-7.68963
1.88799
-8.84459
2.29435
-7.52845
2.68885
-7.32222
3.07043
-7.08904
3.40378
-6.21529
3.70456
-5.62645
3.97268
-5.03027
4.20381
-4.35515
4.40611
-3.83412
4.58165
-3.34098
4.73234
-2.88599
4.86232
-2.5003
4.97261
-2.13754
5.06533
-1.80697
5.14176
-1.49571
5.20304
-1.20035
5.24969
-0.916817
5.28282
-0.646018
5.3036
-0.389616
5.31311
-0.156481
5.31391
0.0400256
5.30858
0.186586
5.29953
0.291526
5.28737
0.392232
5.2724
0.495067
5.25518
0.592841
5.2362
0.689684
5.21594
0.785368
5.19496
0.880593
5.17385
0.977489
5.15286
1.07878
5.13226
1.18906
5.11167
1.31618
5.09101
1.47374
5.06891
1.67263
5.04267
1.96401
5.03071
1.94622
-0.172031
-7.53418
0.241211
-7.64052
0.770204
-9.76144
1.28631
-9.53284
1.80788
-9.64245
2.33985
-9.83541
2.84068
-9.26836
3.26936
-7.95761
3.62855
-6.69235
3.92762
-5.59933
4.16241
-4.43017
4.34366
-3.45685
4.48599
-2.75167
4.59601
-2.16704
4.68152
-1.72798
4.74982
-1.42072
4.8046
-1.18537
4.84999
-1.02063
4.88891
-0.91065
4.92371
-0.843697
4.95607
-0.808695
4.98798
-0.805181
5.02125
-0.828751
5.05479
-0.834208
5.08549
-0.773567
5.11192
-0.685287
5.13432
-0.601452
5.15306
-0.521496
5.16853
-0.445333
5.18135
-0.371962
5.19135
-0.301464
5.19947
-0.234231
5.20546
-0.169257
5.21022
-0.1062
5.2137
-0.0426064
5.21601
0.0254984
5.21723
0.105487
5.21674
0.210461
5.21661
0.298455
-0.607782
1.04357
-8.0657
1.48234
-8.12839
1.98756
-9.3498
2.41592
-7.95681
2.83202
-7.73833
3.23439
-7.49142
3.58587
-6.5668
3.90311
-5.9437
4.18587
-5.31304
4.42929
-4.59855
4.64294
-4.04777
4.82792
-3.52595
4.98685
-3.04491
5.12357
-2.63701
5.24001
-2.25397
5.33784
-1.90479
5.41847
-1.57635
5.4829
-1.26478
5.53214
-0.96605
5.56723
-0.681105
5.58913
-0.411503
5.59939
-0.166742
5.60016
0.0392696
5.59479
0.191944
5.58532
0.301014
5.57263
0.404901
5.55697
0.510747
5.53897
0.610819
5.5192
0.709468
5.4982
0.806354
5.47647
0.902345
5.45451
0.999423
5.43254
1.10077
5.41101
1.21058
5.38982
1.33738
5.3682
1.49536
5.34533
1.6955
5.31785
1.99149
5.30509
1.95902
-0.177474
-7.96448
0.258287
-8.07628
0.816587
-10.3197
1.36093
-10.0772
1.91127
-10.1928
2.47238
-10.3965
3.00057
-9.79656
3.45257
-8.4096
3.83123
-7.07101
4.14664
-5.91474
4.39426
-4.67779
4.58543
-3.648
4.73547
-2.9017
4.85126
-2.28282
4.9414
-1.81811
5.01337
-1.49269
5.0713
-1.24329
5.11907
-1.06841
5.16013
-0.951707
5.19653
-0.880096
5.23073
-0.842886
5.26424
-0.838694
5.29903
-0.863535
5.33446
-0.869636
5.36665
-0.805757
5.39426
-0.712898
5.41766
-0.624848
5.43736
-0.541189
5.45347
-0.461445
5.46661
-0.385105
5.47702
-0.311867
5.48508
-0.24229
5.49136
-0.175536
5.49596
-0.110796
5.49924
-0.0458764
5.50134
0.0233818
5.50218
0.104656
5.50125
0.211403
5.50082
0.298912
-0.63714
1.09684
-8.52538
1.55957
-8.59111
2.0925
-9.88273
2.54426
-8.40857
2.9832
-8.17728
3.40746
-7.9157
3.77812
-6.93747
4.11274
-6.27834
4.41071
-5.61101
4.66746
-4.8553
4.89243
-4.27273
5.08746
-3.72097
5.255
-3.21245
5.3994
-2.7814
5.52213
-2.37669
5.62522
-2.00788
5.71021
-1.66134
5.77828
-1.33285
5.83025
-1.01803
5.86737
-0.718208
5.89046
-0.434586
5.90136
-0.177634
5.9024
0.0382303
5.89663
0.197713
5.88677
0.310872
5.87352
0.41815
5.85707
0.527191
5.83841
0.629487
5.81762
0.73025
5.79571
0.828267
5.77298
0.925065
5.75002
1.02239
5.72736
1.12344
5.70495
1.233
5.68292
1.35941
5.66032
1.51797
5.63636
1.71946
5.60723
2.02063
5.5937
1.97256
-0.183259
-8.41836
0.276488
-8.53602
0.865374
-10.9086
1.43949
-10.6513
2.02002
-10.7733
2.61208
-10.9886
3.16909
-10.3536
3.64604
-8.88654
4.04539
-7.47036
4.37796
-6.24731
4.63902
-4.93886
4.84043
-3.84941
4.99852
-3.05978
5.12079
-2.40508
5.21577
-1.91308
5.29158
-1.5685
5.35243
-1.30414
5.40285
-1.11883
5.44587
-0.994714
5.48453
-0.918765
5.5202
-0.878554
5.55563
-0.874116
5.59215
-0.900054
5.62924
-0.906722
5.66314
-0.839657
5.69209
-0.741848
5.71667
-0.649431
5.73711
-0.561627
5.75405
-0.478378
5.76756
-0.398617
5.77841
-0.322712
5.78659
-0.25047
5.79293
-0.181875
5.79741
-0.115269
5.80051
-0.0489878
5.80228
0.0216139
5.80294
0.104006
5.8015
0.212861
5.80065
0.299786
-0.668184
1.15307
-9.01026
1.64109
-9.07912
2.20322
-10.4448
2.6798
-8.88516
3.14258
-8.64006
3.59009
-8.36322
3.98091
-7.32832
4.33365
-6.63108
4.64788
-5.92524
4.91865
-5.12607
5.15591
-4.50998
5.36162
-3.92668
5.53816
-3.38898
5.6903
-2.93353
5.81957
-2.50596
5.92848
-2.11679
6.01799
-1.75085
6.08982
-1.40468
6.14471
-1.07291
6.18373
-0.75722
6.20818
-0.459027
6.21978
-0.189235
6.2209
0.0371085
6.21492
0.2037
6.20471
0.321076
6.19085
0.432002
6.17373
0.544308
6.15406
0.649163
6.13247
0.751831
6.1093
0.851435
6.08567
0.948693
6.06161
1.04646
6.03779
1.14727
6.01441
1.25638
5.99118
1.38265
5.96766
1.5415
5.94232
1.7448
5.9118
2.05115
5.89713
1.98724
-0.189472
-8.89707
0.295399
-9.02089
0.916519
-11.5297
1.52245
-11.2573
2.13476
-11.3857
2.75922
-11.6131
3.34692
-10.9412
3.84992
-9.38954
4.27117
-7.89161
4.62193
-6.59807
4.8971
-5.21404
5.10941
-4.06171
5.27616
-3.22651
5.40483
-2.53375
5.50492
-2.01316
5.58481
-1.64839
5.64911
-1.36844
5.70213
-1.17186
5.74751
-1.04009
5.78798
-0.959227
5.8257
-0.916271
5.86278
-0.911203
5.90135
-0.93862
5.94042
-0.945795
5.97591
-0.875139
6.00631
-0.772252
6.032
-0.675114
6.05334
-0.58297
6.07088
-0.495915
6.08507
-0.412806
6.09614
-0.333779
6.10475
-0.259074
6.11093
-0.188052
6.11546
-0.119798
6.11842
-0.0519444
6.12017
0.0198694
6.1203
0.10389
6.11852
0.214666
6.11714
0.301184
-0.701169
1.2127
-9.52178
1.72733
-9.59375
2.32014
-11.0377
2.82281
-9.38782
3.31106
-9.12832
3.78285
-8.83503
4.19514
-7.74062
4.56704
-7.00299
4.89834
-6.25655
5.18378
-5.4115
5.43384
-4.76004
5.65064
-4.14347
5.83673
-3.57506
5.99711
-3.0939
6.13346
-2.64231
6.24802
-2.23134
6.34272
-1.84555
6.41821
-1.48017
6.47616
-1.13087
6.51739
-0.79844
6.54334
-0.484967
6.55555
-0.201444
6.55694
0.0357216
6.55078
0.209855
6.5401
0.331756
6.5254
0.446699
6.50754
0.56217
6.48679
0.66991
6.46421
0.774414
6.44012
0.875525
6.41511
0.973706
6.39
1.07157
6.36506
1.17221
6.34047
1.28098
6.31624
1.40689
6.29128
1.56647
6.26475
1.77134
6.23224
2.08368
6.21635
2.00314
-0.196083
-9.40215
0.315472
-9.53244
0.970678
-12.185
1.60968
-11.8963
2.2557
-12.0317
2.91429
-12.2717
3.53433
-11.5613
4.06502
-9.92022
4.50936
-8.33594
4.87915
-6.96786
5.16947
-5.50435
5.39318
-4.28542
5.56895
-3.40226
5.70465
-2.66944
5.81007
-2.11858
5.89414
-1.73245
5.96175
-1.43605
6.01764
-1.22774
6.0654
-1.08784
6.10808
-1.00191
6.14789
-0.956078
6.18697
-0.950276
6.22733
-0.978983
6.26834
-0.986801
6.30573
-0.912528
6.33759
-0.804113
6.36444
-0.701964
6.38691
-0.605431
6.40523
-0.514238
6.41989
-0.42746
6.43136
-0.345248
6.44017
-0.267881
6.44662
-0.194503
6.45097
-0.124138
6.45385
-0.0548233
6.45537
0.0183632
6.45526
0.104013
6.45292
0.217015
6.45123
0.302893
-0.735942
1.27535
-10.0612
1.81847
-10.1369
2.44363
-11.6628
2.97383
-9.91802
3.4885
-9.643
3.98629
-9.33283
4.42094
-8.17529
4.8132
-7.39526
5.16265
-6.606
5.4636
-5.71244
5.72724
-5.02367
5.9557
-4.37192
6.15197
-3.77133
6.321
-3.26292
6.46468
-2.786
6.58556
-2.35222
6.68504
-1.94504
6.76482
-1.55996
6.82593
-1.19198
6.86938
-0.841878
6.89675
-0.512332
6.90973
-0.214405
6.91116
0.034288
6.90475
0.216272
6.89347
0.343034
6.87833
0.461847
6.85949
0.580999
6.83787
0.691536
6.81395
0.798333
6.78861
0.900884
6.7624
0.999907
6.73591
1.09807
6.70965
1.19848
6.68395
1.30669
6.65832
1.43253
6.632
1.59281
6.6039
1.79945
6.56956
2.11805
6.55251
2.02019
-0.203288
-9.9348
0.336192
-10.0719
1.02751
-12.8763
1.70163
-12.5704
2.38303
-12.7131
3.07795
-12.9666
3.7319
-12.2152
4.29166
-10.48
4.76049
-8.80477
5.15049
-7.35787
5.45641
-5.81028
5.69259
-4.52159
5.87775
-3.58741
6.0207
-2.81238
6.1318
-2.22967
6.22053
-1.82118
6.29168
-1.50719
6.35049
-1.28655
6.40083
-1.13818
6.44563
-1.04671
6.48741
-0.997847
6.5285
-0.991371
6.57113
-1.02161
6.61435
-1.03002
6.65359
-0.951766
6.68697
-0.83749
6.71517
-0.730161
6.73865
-0.628913
6.75781
-0.533398
6.77311
-0.442756
6.78503
-0.357165
6.79396
-0.276811
6.80047
-0.20101
6.80494
-0.128606
6.80778
-0.057655
6.80886
0.0172935
6.80856
0.104319
6.80577
0.219808
6.80374
0.304928
-0.772801
1.34177
-10.6301
1.91455
-10.7096
2.57402
-12.3223
3.13318
-10.4772
3.67584
-10.1857
4.20105
-9.85805
4.65932
-8.63357
5.0729
-7.80885
5.44133
-6.97444
5.75867
-6.02978
6.03659
-5.30158
6.27747
-4.6128
6.48435
-3.97821
6.66251
-3.44108
6.81408
-2.93757
6.94138
-2.47952
7.0464
-2.05006
7.13045
-1.64403
7.1941
-1.2556
7.2408
-0.888582
7.26974
-0.541227
7.28294
-0.227626
7.28523
0.0320226
7.2777
0.223793
7.26644
0.35431
7.25017
0.478101
7.23021
0.600979
7.20803
0.713709
7.18258
0.823803
7.15641
0.927042
7.12856
1.02778
7.10086
1.12576
7.07334
1.22602
7.04547
1.33456
7.01826
1.45977
6.99073
1.62033
6.96072
1.82949
6.92458
2.15419
6.9061
2.03869
-0.21104
-10.4966
0.35823
-10.6412
1.08723
-13.6053
1.79831
-13.2815
2.51712
-13.4319
3.25034
-13.6998
3.94024
-12.9051
4.53083
-11.0706
5.02504
-9.29897
5.43652
-7.76935
5.75925
-6.13301
6.00805
-4.77039
6.20343
-3.78277
6.35425
-2.9632
6.47121
-2.34661
6.56455
-1.91452
6.63959
-1.58222
6.7016
-1.34856
6.75439
-1.19096
6.80214
-1.09446
6.84592
-1.04163
6.88868
-1.03413
6.93305
-1.06598
6.97946
-1.07643
7.01967
-0.991973
7.05503
-0.872849
7.08499
-0.760122
7.10956
-0.653486
7.12961
-0.553442
7.14481
-0.457961
7.15788
-0.370231
7.16711
-0.286039
7.17386
-0.207748
7.17851
-0.133258
7.18123
-0.0603652
7.18216
0.0163671
7.1816
0.104876
7.17746
0.223954
7.17549
0.3069
-0.811828
1.41201
-11.2303
2.01578
-11.3134
2.71142
-13.0179
3.3011
-11.0669
3.87386
-10.7584
4.42721
-10.4114
4.91075
-9.11713
5.34701
-8.24512
5.73558
-7.36301
6.07013
-6.36433
6.36328
-5.59472
6.61723
-4.86675
6.8354
-4.19638
7.0231
-3.62878
7.18275
-3.09722
7.3169
-2.61367
7.4273
-2.16049
7.5162
-1.73291
7.5843
-1.32372
7.63242
-0.936658
7.66256
-0.571391
7.67714
-0.242168
7.67827
0.0308531
7.67271
0.229385
7.65935
0.367638
7.64263
0.494855
7.62178
0.621803
7.59714
0.738387
7.57123
0.849686
7.54288
0.95543
7.51471
1.05592
7.48418
1.15633
7.45513
1.25503
7.42759
1.36214
7.39855
1.48879
7.36896
1.64995
7.33694
1.86149
7.29843
2.19274
7.27818
2.05891
-0.219252
-11.0891
0.380932
-11.2414
1.1501
-14.3744
1.90032
-14.0317
2.65878
-14.1904
3.43189
-14.4729
4.15984
-13.6331
4.78286
-11.6936
5.30423
-9.82034
5.73804
-8.20316
6.07843
-6.47341
6.34094
-5.03289
6.54688
-3.98871
6.70611
-3.12241
6.8298
-2.47031
6.92717
-2.01189
7.00681
-1.66186
7.07116
-1.41292
7.1275
-1.2473
7.17692
-1.14388
7.22353
-1.08824
7.26849
-1.07908
7.31584
-1.11333
7.36313
-1.12371
7.40684
-1.03569
7.44435
-0.910354
7.47434
-0.79012
7.50067
-0.679806
7.52073
-0.573507
7.53838
-0.475606
7.55094
-0.382793
7.55972
-0.294817
7.5674
-0.215428
7.57149
-0.137338
7.57359
-0.0624691
7.57428
0.0156788
7.57417
0.104983
7.57113
0.226995
7.56739
0.310634
-0.852991
1.4859
-11.8632
2.12329
-11.9508
2.85666
-13.7513
3.47855
-11.6887
4.08246
-11.3623
4.66633
-10.9953
5.17619
-9.62698
5.63619
-8.70514
6.04602
-7.77284
6.3986
-6.71692
6.7077
-5.90382
6.97559
-5.13464
7.20539
-4.42618
7.40343
-3.82682
7.572
-3.26579
7.71252
-2.75421
7.82944
-2.2774
7.92294
-1.82644
7.99498
-1.39574
8.0446
-0.986299
8.07643
-0.603207
8.09278
-0.258542
8.09471
0.028935
8.08617
0.237914
8.07414
0.379684
8.05608
0.512898
8.03409
0.643819
8.00961
0.762843
7.98136
0.877956
7.952
0.984773
7.9203
1.08764
7.8902
1.18641
7.8591
1.28615
7.82814
1.39309
7.79843
1.5185
7.76676
1.68159
7.73401
1.89425
7.69193
2.23481
7.67096
2.07991
-0.227888
-11.7142
0.405307
-11.8746
1.21655
-15.1857
2.00781
-14.8229
2.80771
-14.9903
3.62358
-15.2888
4.39118
-14.4006
5.0485
-12.3509
5.59829
-10.3701
6.05591
-8.66079
6.41502
-6.83251
6.69203
-5.30991
6.90831
-4.20496
7.07546
-3.28957
7.20539
-2.60021
7.31075
-2.11726
7.39362
-1.74471
7.46284
-1.48215
7.52084
-1.30529
7.57245
-1.1955
7.62131
-1.13707
7.66984
-1.12763
7.71958
-1.16306
7.76935
-1.17349
7.81559
-1.08191
7.85295
-0.94773
7.88666
-0.823811
7.91273
-0.705892
7.93511
-0.595867
7.95236
-0.492866
7.96447
-0.394893
7.97534
-0.305698
7.98112
-0.221193
7.98586
-0.142083
7.98857
-0.0651782
7.98986
0.0143851
7.98777
0.107072
7.98415
0.230618
7.9817
0.313092
-0.615256
1.07523
-12.3232
1.56024
-12.4358
2.17242
-14.3635
2.76481
-12.2811
3.43787
-12.0354
4.22324
-11.7807
5.0681
-10.4719
6.01803
-9.65507
7.0862
-8.84101
8.69069
-8.32141
8.30435
-5.51748
7.91703
-4.74732
7.58357
-4.09272
7.29071
-3.53397
7.03535
-3.01043
6.81234
-2.53121
6.61654
-2.08162
6.44641
-1.6563
6.29948
-1.24884
6.17755
-0.864375
6.0749
-0.500567
5.99277
-0.176409
5.92983
0.0918865
5.88515
0.282597
5.85218
0.412678
5.82487
0.540203
5.80934
0.659355
5.78959
0.78258
5.76962
0.897936
5.79039
0.963997
5.79493
1.08311
5.80572
1.1756
5.82006
1.27183
5.83913
1.37398
5.86408
1.49355
5.89437
1.65128
5.92953
1.85909
5.97461
2.18973
6.01125
2.04329
-0.165389
-12.1641
0.302562
-12.3425
0.94788
-15.831
1.66559
-15.5407
2.53514
-15.8598
3.65748
-16.4111
5.06475
-15.8079
6.48007
-13.7662
6.35422
-10.2443
6.20766
-8.51423
6.08833
-6.7132
5.99577
-5.21735
5.92458
-4.13376
5.87172
-3.2367
5.83075
-2.55922
5.79971
-2.08622
5.77502
-1.72003
5.75702
-1.46415
5.74169
-1.28996
5.72878
-1.18259
5.71655
-1.12484
5.70735
-1.11843
5.70097
-1.15668
5.69748
-1.16999
5.69776
-1.08219
5.70481
-0.954771
5.71347
-0.832479
5.72648
-0.718894
5.74387
-0.613257
5.76305
-0.512046
5.78668
-0.418514
5.81348
-0.332495
5.84223
-0.249944
5.87439
-0.174238
5.91156
-0.10235
5.95164
-0.0256908
5.99918
0.0595383
6.05852
0.171304
6.11068
0.26095
-0.675277
1.18127
-12.8292
1.71447
-12.969
2.38752
-15.0365
3.03882
-12.9324
3.77864
-12.7752
4.64163
-12.6437
5.57036
-11.4006
6.61396
-10.6987
7.78794
-10.015
9.55073
-10.0842
9.12642
-5.09316
8.70104
-4.32194
8.33474
-3.72642
8.01476
-3.214
7.73373
-2.7294
7.48829
-2.28579
7.27352
-1.86685
7.08634
-1.46914
6.92686
-1.08936
6.79024
-0.727763
6.67858
-0.388908
6.58925
-0.0870707
6.52083
0.160316
6.46985
0.333601
6.43359
0.448945
6.40317
0.57064
6.38461
0.677904
6.36598
0.801224
6.34454
0.91936
6.36524
0.943308
6.37113
1.07721
6.38204
1.1647
6.39789
1.25597
6.41986
1.35202
6.44634
1.46705
6.47818
1.61945
6.51872
1.81857
6.56626
2.14222
6.60592
2.00364
-0.180196
-12.6592
0.334707
-12.8574
1.04455
-16.5408
1.83395
-16.3301
2.79062
-16.8165
4.02557
-17.6461
5.57449
-17.3568
7.13177
-15.3235
6.99278
-10.1053
6.83125
-8.35269
6.69987
-6.58181
6.59651
-5.114
6.51826
-4.05549
6.45824
-3.17666
6.41566
-2.51664
6.38104
-2.05159
6.35485
-1.69384
6.33232
-1.44161
6.31486
-1.2725
6.301
-1.16873
6.28907
-1.11291
6.27887
-1.10822
6.27164
-1.14945
6.26747
-1.16582
6.26967
-1.08439
6.27459
-0.959688
6.28498
-0.842869
6.29959
-0.733496
6.31719
-0.630862
6.33913
-0.533977
6.36542
-0.444801
6.3935
-0.360573
6.42609
-0.282529
6.46203
-0.210168
6.50032
-0.140636
6.54549
-0.0708487
6.5982
0.0068444
6.66297
0.106556
6.72132
0.202624
-0.740914
1.29732
-13.3856
1.88353
-13.5552
2.62395
-15.7769
3.33969
-13.6482
4.15308
-13.5886
5.10199
-13.5926
6.12229
-12.4209
7.26913
-11.8455
8.55894
-11.3048
10.4965
-12.0217
10.0294
-4.62615
9.56374
-3.85623
9.16174
-3.32442
8.80965
-2.86191
8.50189
-2.42165
8.23209
-2.01599
7.99644
-1.63123
7.79177
-1.26446
7.61536
-0.912979
7.46494
-0.57735
7.34265
-0.266613
7.2431
0.0124994
7.16629
0.237143
7.11272
0.387202
7.07292
0.488743
7.03918
0.604398
7.02004
0.697042
6.9983
0.822968
6.97257
0.945083
6.9983
0.917584
7.00406
1.07145
7.01493
1.15383
7.03344
1.23745
7.05684
1.32864
7.08607
1.4378
7.12199
1.58356
7.16381
1.77675
7.21766
2.08839
7.26023
1.96108
-0.196587
-13.2035
0.369714
-13.4237
1.15077
-17.3219
2.01961
-17.1989
3.07215
-17.8691
4.43115
-19.0051
6.13539
-19.0611
7.84853
-17.0366
7.69343
-9.95019
7.51646
-8.17574
7.36921
-6.43458
7.2574
-5.00217
7.1713
-3.96937
7.10588
-3.11123
7.05682
-2.46755
7.01888
-2.01365
6.99011
-1.66506
6.96723
-1.41873
6.94781
-1.25308
6.93184
-1.15276
6.91905
-1.10012
6.9067
-1.09587
6.89753
-1.14028
6.89413
-1.16243
6.89583
-1.08608
6.90141
-0.965271
6.91234
-0.853798
6.92872
-0.749874
6.94799
-0.650128
6.97281
-0.558791
7.00058
-0.472564
7.03136
-0.391356
7.06658
-0.317733
7.1064
-0.249991
7.14985
-0.184071
7.20021
-0.121199
7.25691
-0.049838
7.32855
0.0349276
7.39055
0.140642
-0.81287
1.4249
-13.9976
2.06975
-14.2
2.88346
-16.5906
3.6707
-14.4354
4.56474
-14.4826
5.60757
-14.6354
6.729
-13.5423
7.98949
-13.106
9.40646
-12.7218
11.5348
-14.15
11.023
-4.11431
10.5121
-3.3454
10.0685
-2.8808
9.68203
-2.47544
9.34536
-2.08499
9.04788
-1.71853
8.78946
-1.37281
8.56407
-1.03911
8.37028
-0.719183
8.20698
-0.414072
8.071
-0.1306
7.96225
0.121261
7.88073
0.318707
7.819
0.448935
7.77547
0.532295
7.73814
0.64171
7.71825
0.716959
7.69186
0.849333
7.66563
0.971333
7.69218
0.891018
7.69892
1.06473
7.71215
1.14059
7.73051
1.21912
7.75641
1.30272
7.78826
1.40598
7.82662
1.54518
7.87486
1.72854
7.93073
2.0325
7.98009
1.91176
-0.214005
-13.8023
0.408923
-14.0466
1.26815
-18.1811
2.22375
-18.1545
3.38199
-19.0273
4.87735
-20.5005
6.75276
-20.9365
8.63873
-18.9225
8.46754
-9.77898
8.27001
-7.97819
8.1093
-6.27387
7.98459
-4.87744
7.88867
-3.87342
7.81701
-3.03952
7.76183
-2.41236
7.72089
-1.97269
7.68848
-1.63266
7.66415
-1.39438
7.64299
-1.23193
7.6251
-1.13484
7.60896
-1.08399
7.59862
-1.08551
7.58893
-1.1306
7.58397
-1.15746
7.58533
-1.08745
7.59179
-0.971718
7.60478
-0.866792
7.62045
-0.765539
7.64285
-0.672534
7.66939
-0.585319
7.70009
-0.503262
7.73502
-0.42628
7.77297
-0.355688
7.81547
-0.292478
7.8629
-0.231497
7.91724
-0.175533
7.98062
-0.113217
8.058
-0.0424456
8.12892
0.069719
-0.891778
1.56482
-14.6706
2.27434
-14.9095
3.1689
-17.4852
4.03443
-15.3009
5.01716
-15.4654
6.16343
-15.7817
7.39609
-14.775
8.78123
-14.4912
10.3389
-14.2794
12.6778
-16.489
12.1164
-3.55289
11.5527
-2.78173
11.0688
-2.39692
10.6442
-2.05087
10.2712
-1.71193
9.94783
-1.3952
9.66197
-1.08699
9.41532
-0.792457
9.20224
-0.506147
9.023
-0.234794
8.87289
0.0195201
8.75455
0.239655
8.66133
0.411948
8.5965
0.513784
8.54768
0.581117
8.50662
0.682777
8.48308
0.740506
8.45721
0.87521
8.42762
1.00092
8.45617
0.862476
8.46238
1.05852
8.47651
1.12646
8.49847
1.19716
8.5254
1.2758
8.55954
1.37184
8.6029
1.50183
8.65458
1.67686
8.71763
1.96946
8.76829
1.86108
-0.233201
-14.4609
0.452196
-14.732
1.39725
-19.1262
2.44902
-19.2063
3.72315
-20.3015
5.36861
-22.1459
7.43174
-22.9996
9.50546
-20.9962
9.31658
-9.59013
9.09922
-7.76086
8.92225
-6.09691
8.78552
-4.7407
8.67784
-3.7657
8.59916
-2.96081
8.53957
-2.35276
8.49463
-1.92774
8.45889
-1.59691
8.42942
-1.36491
8.40669
-1.20919
8.38707
-1.11523
8.37046
-1.06737
8.35701
-1.07206
8.34578
-1.11937
8.34207
-1.15375
8.34202
-1.08739
8.35085
-0.980551
8.36346
-0.879402
8.38257
-0.784643
8.40697
-0.696931
8.43538
-0.613735
8.46785
-0.53573
8.50576
-0.464193
8.54923
-0.399157
8.59455
-0.337801
8.64867
-0.285615
8.7071
-0.233965
8.77737
-0.183483
8.86318
-0.128267
8.93928
-0.00638058
-0.978274
1.71858
-15.4109
2.49847
-15.6894
3.4827
-18.4694
4.43405
-16.2522
5.51455
-16.5458
6.77448
-17.0416
8.12965
-16.1302
9.65207
-16.0136
11.363
-15.9904
13.9333
-19.0593
13.3162
-2.93569
12.6985
-2.16406
12.1662
-1.86464
11.6995
-1.58417
11.2916
-1.30406
10.9336
-1.03721
10.6222
-0.775591
10.3495
-0.519898
10.1154
-0.271935
9.91694
-0.036356
9.75356
0.182943
9.62258
0.370682
9.52263
0.51192
9.4491
0.587336
9.39603
0.634187
9.35094
0.727882
9.32484
0.766606
9.29523
0.904829
9.26337
1.03278
9.2963
0.829554
9.30307
1.05175
9.31789
1.11165
9.3406
1.17445
9.37098
1.24544
9.40862
1.3342
9.45537
1.45509
9.51024
1.62198
9.57987
1.89985
9.63524
1.8057
-0.253687
-15.1855
0.499839
-15.4855
1.53985
-20.1662
2.69669
-20.3631
4.09866
-21.7034
5.90923
-23.9565
8.18041
-25.2707
10.4621
-23.2779
10.2519
-9.37985
10.0111
-7.52005
9.81539
-5.90121
9.66372
-4.58894
9.54762
-3.64955
9.45985
-2.87298
9.3937
-2.2866
9.34254
-1.87657
9.30375
-1.55812
9.27328
-1.33444
9.24798
-1.18389
9.22549
-1.09274
9.20858
-1.05046
9.19098
-1.05446
9.18101
-1.1094
9.17485
-1.14759
9.17628
-1.08882
9.18379
-0.988056
9.19882
-0.894431
9.21893
-0.804748
9.2455
-0.723505
9.27728
-0.645506
9.31429
-0.572747
9.35533
-0.50523
9.40182
-0.445648
9.45401
-0.389993
9.50972
-0.341327
9.57636
-0.300617
9.65229
-0.259408
9.74553
-0.22152
9.83081
-0.0916643
-1.07333
1.88759
-16.2252
2.74522
-16.547
3.8271
-19.5513
4.87331
-17.2984
6.06133
-17.7338
7.44653
-18.4268
8.93596
-17.6196
10.61
-17.6876
12.4915
-17.8719
15.3173
-21.8852
14.6381
-2.25653
13.9595
-1.48545
13.3731
-1.27819
12.8603
-1.07146
12.4125
-0.856251
12.0188
-0.643522
11.6743
-0.431123
11.3763
-0.22192
11.1203
-0.015864
10.9021
0.181886
10.7223
0.362765
10.5782
0.514763
10.4686
0.621639
10.3874
0.668544
10.3285
0.69303
10.2806
0.775823
10.2518
0.795463
10.2196
0.937007
10.1827
1.0697
10.2172
0.795029
10.2258
1.04321
10.2424
1.09499
10.2671
1.14979
10.3008
1.21174
10.3431
1.29193
10.393
1.40513
10.4537
1.56137
10.5289
1.82468
10.5897
1.74492
-0.276474
-15.9824
0.552839
-16.3149
1.6968
-21.3101
2.96944
-21.6358
4.51192
-23.2459
6.50371
-25.9482
9.00216
-27.7691
11.5116
-25.7872
11.28
-9.14838
11.0154
-7.25552
10.7987
-5.68441
10.6318
-4.42207
10.5029
-3.52055
10.4053
-2.7754
10.3344
-2.2156
10.2774
-1.81956
10.2345
-1.51526
10.1995
-1.2994
10.1705
-1.15486
10.148
-1.07032
10.1271
-1.02951
10.1107
-1.03813
10.0984
-1.09702
10.0913
-1.14055
10.0932
-1.09063
10.1022
-0.997072
10.1173
-0.909545
10.1399
-0.827351
10.1688
-0.752437
10.2028
-0.6795
10.2432
-0.613151
10.2888
-0.550833
10.3385
-0.495294
10.395
-0.446541
10.459
-0.405303
10.53
-0.371607
10.613
-0.342421
10.7176
-0.326097
10.8093
-0.183425
-1.17732
2.07286
-17.1207
3.01598
-17.4901
4.20606
-20.7413
5.35637
-18.4487
6.66239
-19.0398
8.18549
-19.9499
9.82297
-19.2571
11.6629
-19.5275
13.7308
-19.9398
16.8392
-24.9937
16.0903
-1.50754
15.344
-0.739126
14.7002
-0.63436
14.1359
-0.50722
13.6438
-0.364164
13.2118
-0.211582
12.8346
-0.0538313
12.5064
0.106318
12.2237
0.266834
11.9851
0.420584
11.787
0.560936
11.6292
0.67251
11.5066
0.744245
11.4186
0.75661
11.3548
0.756786
11.2996
0.831129
11.2688
0.826184
11.2323
0.973545
11.1925
1.10947
11.2308
0.756762
11.2393
1.03465
11.2575
1.07685
11.2837
1.12356
11.3192
1.17634
11.3644
1.24661
11.42
1.34958
11.4872
1.49421
11.5677
1.74419
11.6345
1.67811
-0.300911
-16.8588
0.611084
-17.2268
1.86943
-22.5685
3.26943
-23.0358
4.96612
-24.9426
7.15794
-28.14
9.90599
-30.5171
12.6654
-28.5467
12.4115
-8.89429
12.1192
-6.96319
11.8804
-5.4456
11.6958
-4.2373
11.5537
-3.3784
11.4484
-2.67006
11.3667
-2.1338
11.3068
-1.75966
11.2576
-1.46603
11.2194
-1.26126
11.1896
-1.125
11.1621
-1.04283
11.14
-1.00739
11.1212
-1.01934
11.1066
-1.08243
11.1002
-1.13416
11.1013
-1.09174
11.1108
-1.00648
11.1274
-0.926171
11.1514
-0.851323
11.1828
-0.783902
11.2205
-0.717184
11.2645
-0.657111
11.3148
-0.601162
11.3704
-0.550852
11.4328
-0.508914
11.5012
-0.473735
11.5793
-0.449731
11.671
-0.434075
11.7848
-0.439933
11.8863
-0.284881
-1.29164
2.27636
-18.1055
3.31363
-18.5274
4.62188
-22.0496
5.8869
-19.7138
7.32297
-20.4759
8.9977
-21.6246
10.7986
-21.0579
12.8218
-21.5507
15.0958
-22.2138
18.5126
-28.4104
17.6912
-0.686215
16.8699
0.0822531
16.1616
0.074004
15.5421
0.112225
14.9995
0.178507
14.524
0.263972
14.1088
0.361382
13.7467
0.46851
13.4366
0.577005
13.1741
0.683088
12.9557
0.77936
12.7827
0.845592
12.6496
0.87734
12.5534
0.852817
12.4821
0.828037
12.4237
0.889595
12.3886
0.861288
12.3492
1.01292
12.3055
1.15319
12.3491
0.713135
12.3578
1.02589
12.3762
1.05842
12.4068
1.09298
12.4466
1.13658
12.4963
1.19691
12.5562
1.28969
12.6291
1.42125
12.7202
1.65311
12.7938
1.60453
-0.327657
-17.8227
0.675275
-18.2298
2.05934
-23.9525
3.59936
-24.5758
5.46581
-26.809
7.87723
-30.5514
10.8982
-33.5379
13.9361
-31.5844
13.6558
-8.61416
13.3336
-6.64118
13.072
-5.1839
12.8667
-4.03201
12.711
-3.22259
12.5922
-2.55112
12.5041
-2.04574
12.4354
-1.69091
12.3842
-1.41475
12.3419
-1.21901
12.3061
-1.0892
12.2764
-1.01309
12.2519
-0.982888
12.2308
-0.998231
12.2155
-1.0671
12.206
-1.12468
12.2079
-1.09364
12.2179
-1.01645
12.2361
-0.944423
12.2629
-0.878046
12.2956
-0.816614
12.3369
-0.758553
12.3844
-0.704584
12.4394
-0.65616
12.5008
-0.61227
12.5676
-0.575728
12.6431
-0.549171
12.7295
-0.536155
12.8294
-0.53397
12.9524
-0.562919
13.062
-0.394557
-1.41678
2.49968
-19.1884
3.64026
-19.668
5.07899
-23.4883
6.47
-21.1047
8.04923
-22.0551
9.89059
-23.4659
11.8707
-23.038
14.0949
-23.7748
16.597
-24.7159
20.355
-32.1684
19.451
0.217994
18.5471
0.986101
17.7675
0.85366
17.0849
0.79487
16.488
0.775469
15.9663
0.785732
15.5093
0.818507
15.1121
0.865814
14.7707
0.918391
14.4807
0.973158
14.2423
1.01784
14.0499
1.03797
13.9023
1.02494
13.7952
0.959976
13.7178
0.905437
13.6508
0.956555
13.6128
0.89937
13.5693
1.05636
13.5203
1.20216
13.5652
0.668235
13.5756
1.01547
13.5973
1.03677
13.6286
1.06163
13.6719
1.09325
13.7252
1.14362
13.7911
1.22386
13.869
1.34336
13.9642
1.55791
14.0417
1.527
-0.356701
-18.8828
0.746338
-19.3328
2.26846
-25.4746
3.96201
-26.2693
6.01478
-28.8618
8.66572
-33.2022
11.9901
-36.8621
15.329
-34.9234
15.0244
-8.3093
14.6691
-6.28589
14.3805
-4.89535
14.156
-3.80723
13.9819
-3.04846
13.851
-2.42007
13.7529
-1.94756
13.6781
-1.61609
13.6186
-1.35522
13.5714
-1.17176
13.534
-1.05182
13.501
-0.980087
13.4731
-0.954919
13.4511
-0.976291
13.4326
-1.04858
13.4229
-1.11495
13.4232
-1.09398
13.4328
-1.02597
13.4531
-0.964691
13.4816
-0.906585
13.5199
-0.854933
13.5642
-0.80277
13.6169
-0.757365
13.6758
-0.715012
13.7422
-0.678635
13.8164
-0.650004
13.8993
-0.631987
13.9932
-0.63013
14.104
-0.644664
14.2427
-0.701652
14.3658
-0.517602
-1.5542
2.74501
-20.3791
3.9992
-20.9222
5.58119
-25.0702
7.11058
-22.6341
8.8473
-23.7918
10.8728
-25.4915
13.05
-25.2151
15.4977
-26.2225
18.2488
-27.467
22.3835
-36.3029
21.3878
1.21367
20.394
1.98003
19.5356
1.71226
18.7844
1.54618
18.128
1.43201
17.5528
1.36099
17.0485
1.32289
16.6124
1.30205
16.2363
1.29458
15.9195
1.29
15.6557
1.28174
15.446
1.24762
15.2866
1.18444
15.1702
1.07644
15.0855
0.9902
15.0142
1.02784
14.9734
0.940242
14.9247
1.10495
14.8752
1.25179
14.9261
0.61729
14.9373
1.00437
14.9609
1.01311
14.9983
1.02427
15.045
1.04655
15.1045
1.08425
15.1781
1.15024
15.2691
1.2525
15.3804
1.44663
15.4722
1.43527
-0.388553
-20.0484
0.824573
-20.5459
2.49827
-27.1483
4.36055
-28.1316
6.6177
-31.1189
9.5326
-36.1169
13.1872
-40.5166
16.8613
-38.597
16.5285
-7.97611
16.1396
-5.89688
15.8205
-4.57588
15.573
-3.55956
15.3798
-2.85501
15.2353
-2.27539
15.1263
-1.8384
15.0414
-1.53112
14.9759
-1.2896
14.9246
-1.12047
14.8803
-1.00752
14.8457
-0.945343
14.8147
-0.92399
14.7875
-0.948958
14.7677
-1.02878
14.758
-1.10518
14.7567
-1.0926
14.7682
-1.03735
14.7888
-0.985227
14.8202
-0.937843
14.8585
-0.893177
14.9078
-0.852005
14.9642
-0.81376
15.0293
-0.780011
15.1019
-0.751173
15.1824
-0.7304
15.2727
-0.72221
15.3765
-0.733854
15.4963
-0.764294
15.6422
-0.847435
15.7717
-0.647029
-1.70435
3.01362
-21.6884
4.39288
-22.3014
6.13256
-26.8099
7.81457
-24.316
9.72461
-25.7018
11.952
-27.7188
14.3468
-27.6099
17.039
-28.9145
20.0666
-30.4944
24.6154
-40.8517
23.5196
2.30962
22.4249
3.07503
21.4803
2.65694
20.6545
2.37211
19.9319
2.15475
19.2959
1.9971
18.7435
1.87542
18.2611
1.78455
17.848
1.70771
17.4954
1.64272
17.2056
1.57158
16.9718
1.48147
16.7913
1.36504
16.6604
1.2074
16.564
1.08662
16.4844
1.10761
16.4365
0.988121
16.3826
1.15898
16.321
1.31343
16.3755
0.562931
16.3856
0.994316
16.4102
0.988683
16.446
0.988516
16.4967
0.995976
16.5613
1.01973
16.638
1.07375
16.729
1.1616
16.8375
1.33823
16.9254
1.3475
-0.422936
-21.3298
0.91044
-21.8793
2.75067
-28.9885
4.79789
-30.1788
7.27999
-33.6009
10.4856
-39.3222
14.5026
-44.533
18.5476
-42.6417
18.1833
-7.61147
17.7582
-5.47138
17.4044
-4.22174
17.1286
-3.28329
16.9151
-2.64123
16.7573
-2.11732
16.6375
-1.71835
16.5458
-1.43923
16.4757
-1.21936
16.417
-1.06165
16.3706
-0.960965
16.329
-0.903539
16.2945
-0.889404
16.2651
-0.919327
16.2428
-1.00628
16.2308
-1.09291
16.233
-1.0946
16.2453
-1.04941
16.2693
-1.00896
16.3051
-0.973425
16.3504
-0.938209
16.4065
-0.907832
16.4708
-0.877798
16.5434
-0.852371
16.6245
-0.832042
16.7159
-0.821552
16.8172
-0.823275
16.9317
-0.848113
17.0687
-0.900965
17.2416
-1.02007
17.3963
-0.801592
-1.86897
3.3082
4.82457
6.73774
8.58795
10.6889
13.1399
15.7759
18.7376
22.0688
27.0747
25.8683
24.6623
23.6222
22.7106
21.9143
21.2171
20.6063
20.0771
19.6213
19.2379
18.9217
18.6728
18.4823
18.3449
18.2457
18.1627
18.1155
18.0626
18.0068
18.0693
18.0864
18.119
18.1669
18.2286
18.3047
18.3986
18.5138
18.6619
18.7814
-0.460195
1.00555
3.0277
5.27778
8.00451
11.5268
15.9469
20.3932
20.0043
19.5403
19.1542
18.8514
18.6156
18.4359
18.3021
18.1998
18.1208
18.0608
18.0109
17.9716
17.9369
17.9096
17.8866
17.8729
17.8721
17.8851
17.9109
17.9472
17.9968
18.0559
18.1258
18.2055
18.2951
18.3936
18.5041
18.6302
18.7735
18.9452
19.1012
-0.35539
0.242541
0.139441
0.14726
0.115977
0.0603944
0.112457
-0.0201276
0.126342
-0.0946771
0.148938
-0.163309
0.173879
-0.225392
0.199514
-0.279963
0.225781
-0.325706
0.252811
-0.361297
0.280581
-0.385291
0.308778
-0.397605
0.336429
-0.399252
0.36212
-0.394887
0.384769
-0.388952
0.405831
-0.382681
0.428109
-0.374613
0.452282
-0.364233
0.478134
-0.350833
0.505422
-0.334698
0.533926
-0.315561
0.563966
-0.293726
0.595711
-0.26877
0.628794
-0.240877
0.663406
-0.210093
0.699492
-0.176094
0.736544
-0.138212
0.77475
-0.0949942
0.813433
-0.0449454
0.852572
0.0128811
0.891773
0.0754423
0.935003
0.138006
0.986068
0.196592
1.0455
0.250367
1.11132
0.300834
1.18253
0.349887
1.2602
0.397128
1.34668
0.440293
1.44349
0.476799
1.54949
0.50557
1.66246
0.526976
1.78036
0.542377
1.90262
0.553016
2.02926
0.559962
2.16113
0.563936
2.29883
0.565504
2.44257
0.565129
2.59248
0.563214
2.74913
0.560116
2.91256
0.556123
3.08353
0.551479
3.26215
0.546432
3.44902
0.541097
3.64474
0.53562
3.84964
0.530105
4.06466
0.524632
4.28992
0.519262
4.52649
0.514041
4.77488
0.509006
5.03576
0.504156
5.30994
0.499565
5.59829
0.49519
5.90151
0.491058
6.22049
0.487169
6.55641
0.48351
6.90976
0.480077
7.28164
0.476835
7.67419
0.474549
6.01354
0.472283
6.60821
0.470018
7.26251
0.467835
7.98226
0.46564
8.7705
0.4636
9.63728
0.461555
10.5917
0.459714
11.6364
0.45792
12.7956
0.455878
14.0437
0.4546
15.4735
0.451303
16.9287
18.7819
-0.352174
0.182155
-0.345982
0.213489
-0.341705
0.235665
-0.33802
0.25404
-0.333869
0.27049
-0.330201
0.286824
-0.32687
0.304037
-0.32445
0.322448
-0.322393
0.341902
-0.320974
0.362436
-0.319868
0.384181
-0.31925
0.407171
-0.318958
0.431499
-0.319076
0.457226
-0.319523
0.484413
-0.320291
0.513169
-0.321418
0.543525
-0.322821
0.575598
-0.324581
0.609463
-0.326609
0.645191
-0.329009
0.682878
-0.331667
0.72266
-0.334706
0.76455
-0.337995
0.808696
-0.341657
0.855186
-0.345543
0.904153
-0.34977
0.955609
-0.354178
1.00982
-0.358871
1.06687
-0.363683
1.12681
-0.368705
1.18961
-0.373762
1.25591
-0.378972
1.32559
-0.384144
1.39856
-0.389361
1.47552
-0.394488
1.55617
-0.399588
1.64116
-0.404545
1.73035
-0.409417
1.82426
-0.414109
1.92301
-0.418674
2.02687
-0.423033
2.13609
-0.427235
2.25108
-0.431205
2.37226
-0.435011
2.49975
-0.438612
2.63399
-0.442008
2.77547
-0.445185
2.92468
-0.44817
3.08187
-0.450939
3.24776
-0.453513
3.42248
-0.455883
3.60702
-0.458061
3.80155
-0.460042
4.00701
-0.461835
4.22381
-0.463441
4.45241
-0.464866
4.69398
-0.466117
4.94872
-0.467202
5.21771
-0.468135
5.50176
-0.468911
5.80144
-0.46959
6.11783
-0.470145
6.45179
-0.470603
6.80421
-0.470969
7.17585
-0.471236
7.56766
-0.471391
7.98186
-0.471416
6.11071
-0.471383
6.7213
-0.471277
7.39045
-0.471164
8.12881
-0.470996
8.93911
-0.470741
9.83055
-0.470414
10.809
-0.469914
11.8857
-0.469606
13.0617
-0.468735
14.3649
-0.469015
15.772
-0.467295
17.3947
19.1047
-0.0886089
0.0457143
0.180313
-0.0215767
0.182244
-0.101508
0.191836
-0.182657
0.2068
-0.25783
0.223857
-0.325755
0.241317
-0.385202
0.258775
-0.436106
0.276343
-0.477365
0.293991
-0.508856
0.311859
-0.530051
0.329961
-0.541981
0.348238
-0.546447
0.366615
-0.546849
0.385112
-0.545084
0.404114
-0.540949
0.423955
-0.533258
0.444649
-0.521344
0.466226
-0.504594
0.488741
-0.482804
0.512159
-0.455514
0.536757
-0.422585
0.562817
-0.383807
0.590117
-0.339517
0.619161
-0.290147
0.650251
-0.23461
0.681067
-0.168976
0.709287
-0.0910449
0.735587
0.0040085
0.757695
0.116785
0.779057
0.237799
0.814114
0.351313
0.872594
0.442187
0.954715
0.502445
1.05109
0.535472
1.14958
0.553149
1.24255
0.567962
1.33192
0.585766
1.4257
0.605155
1.53014
0.621895
1.64574
0.633195
1.76908
0.638816
1.89701
0.640004
2.02808
0.63809
2.16305
0.63404
2.30288
0.62849
2.44813
0.621856
2.59911
0.614487
2.75651
0.606643
2.9204
0.598567
3.09162
0.590439
3.27028
0.582354
3.45712
0.574465
3.65264
0.566835
3.85728
0.559511
4.07199
0.552529
4.29691
0.545907
4.53312
0.539655
4.78114
0.53377
5.04166
0.528268
5.31546
0.523098
5.60347
0.518255
5.90635
0.513764
6.22498
0.509589
6.56059
0.505713
6.91365
0.502103
7.28523
0.498737
7.67758
0.496369
6.01591
0.494036
6.61054
0.491754
7.2648
0.489502
7.98454
0.487292
8.7727
0.485177
9.63939
0.483102
10.5938
0.48124
11.6383
0.479399
12.7975
0.477278
14.0458
0.476025
15.4748
0.472823
16.932
18.7824
-0.0974521
0.189977
-0.0990079
0.214038
-0.102586
0.238339
-0.108973
0.259398
-0.116284
0.277093
-0.123719
0.293448
-0.130659
0.310598
-0.137897
0.329129
-0.145217
0.349047
-0.153467
0.370291
-0.162042
0.392696
-0.171482
0.416321
-0.181216
0.441237
-0.191697
0.467486
-0.202391
0.495142
-0.213698
0.524302
-0.225103
0.554982
-0.236965
0.587319
-0.248824
0.621379
-0.260966
0.657217
-0.272977
0.69495
-0.285107
0.734694
-0.296986
0.776486
-0.308833
0.820462
-0.320323
0.866732
-0.331654
0.915415
-0.342547
0.966552
-0.353181
1.0204
-0.363323
1.07706
-0.373136
1.13658
-0.382426
1.19894
-0.391356
1.2648
-0.399728
1.334
-0.407716
1.40651
-0.415182
1.48302
-0.422246
1.56321
-0.428809
1.64776
-0.43498
1.7365
-0.440686
1.83
-0.446021
1.92833
-0.450933
2.0318
-0.455504
2.14065
-0.459697
2.2553
-0.463599
2.37615
-0.467154
2.50333
-0.470421
2.63725
-0.473413
2.77848
-0.476167
2.92743
-0.478666
3.08439
-0.480951
3.25005
-0.483018
3.42456
-0.484894
3.60891
-0.486576
3.80325
-0.488083
4.00852
-0.489414
4.22515
-0.490583
4.45359
-0.491611
4.69502
-0.492476
4.9496
-0.493188
5.21844
-0.493791
5.50238
-0.494294
5.80196
-0.494664
6.11821
-0.494961
6.4521
-0.495197
6.80445
-0.495326
7.17598
-0.495392
7.56772
-0.495367
7.98184
-0.495288
6.11064
-0.495126
6.72116
-0.494952
7.39029
-0.494709
8.12857
-0.494445
8.93884
-0.49411
9.83021
-0.493744
10.8086
-0.493217
11.8852
-0.492896
13.0614
-0.491842
14.3639
-0.492173
15.7723
-0.490596
17.3933
19.1084
0.212811
-0.252997
0.219674
-0.301751
0.230612
-0.353158
0.242631
-0.403186
0.256375
-0.451178
0.271145
-0.496474
0.286223
-0.539564
0.301144
-0.579343
0.315774
-0.616057
0.330032
-0.648422
0.343989
-0.676792
0.357758
-0.700188
0.371515
-0.719443
0.385408
-0.733842
0.399482
-0.743841
0.413752
-0.747959
0.428106
-0.746205
0.442613
-0.737287
0.45736
-0.721186
0.472417
-0.696996
0.488024
-0.664757
0.504337
-0.623385
0.521476
-0.572885
0.539467
-0.512072
0.55835
-0.439887
0.577938
-0.354192
0.595332
-0.251976
0.606942
-0.129705
0.613242
0.0173892
0.610492
0.189198
0.607185
0.377067
0.626177
0.562997
0.686619
0.722108
0.795561
0.83136
0.941803
0.88046
1.10045
0.878002
1.24498
0.847543
1.36236
0.813569
1.45966
0.789035
1.55466
0.774036
1.66072
0.763103
1.78001
0.751893
1.9082
0.739043
2.04093
0.724962
2.17712
0.710467
2.31737
0.696025
2.46255
0.681865
2.61327
0.668125
2.77023
0.654925
2.93361
0.642292
3.10425
0.630339
3.28224
0.619066
3.46839
0.6085
3.66321
0.59865
3.86713
0.589471
4.08117
0.580956
4.30543
0.573077
4.54101
0.56578
4.78845
0.559066
5.04838
0.552872
5.32165
0.547168
5.60917
0.541935
5.91159
0.537094
6.22983
0.532664
6.56503
0.528589
6.91773
0.52486
7.28899
0.52137
7.68106
0.518939
6.01834
0.516565
6.61293
0.514238
7.26714
0.511969
7.98681
0.509725
8.77496
0.507583
9.64153
0.505537
10.5958
0.50357
11.6403
0.501798
12.7992
0.499557
14.0481
0.498482
15.4759
0.495242
16.9353
18.7827
0.183311
0.219006
0.160049
0.237039
0.139255
0.258627
0.118664
0.279712
0.0968476
0.29831
0.0747127
0.315331
0.0518758
0.332812
0.0293122
0.351533
0.00621798
0.371606
-0.0164949
0.392964
-0.0396668
0.415449
-0.0624
0.43909
-0.0854434
0.463948
-0.107951
0.490066
-0.130598
0.517525
-0.152619
0.546421
-0.174613
0.576766
-0.195883
0.608691
-0.21696
0.642287
-0.23724
0.677603
-0.25718
0.714754
-0.276236
0.753847
-0.294811
0.794953
-0.312466
0.838208
-0.329505
0.883683
-0.34556
0.931549
-0.360927
0.981848
-0.375296
1.03484
-0.388914
1.09062
-0.401543
1.14927
-0.413398
1.21074
-0.424299
1.27575
-0.434445
1.3441
-0.443714
1.41582
-0.452256
1.49153
-0.459988
1.57098
-0.467073
1.65481
-0.473442
1.7429
-0.479222
1.83575
-0.484415
1.93355
-0.489083
2.03646
-0.493244
2.14484
-0.497004
2.25904
-0.500299
2.37947
-0.503266
2.50628
-0.505877
2.63988
-0.508226
2.78082
-0.51027
2.92949
-0.512083
3.08621
-0.513652
3.25164
-0.515049
3.42597
-0.516277
3.61015
-0.517316
3.80429
-0.518213
4.00943
-0.51899
4.22594
-0.519599
4.45421
-0.520107
4.69553
-0.520502
4.95
-0.520796
5.21874
-0.521001
5.50259
-0.521125
5.80209
-0.521175
6.11828
-0.521165
6.4521
-0.521101
6.80438
-0.521001
7.17587
-0.520831
7.56755
-0.520583
7.98159
-0.52035
6.11042
-0.5201
6.72092
-0.519781
7.38998
-0.519471
8.12826
-0.5191
8.93846
-0.518716
9.82982
-0.518324
10.8082
-0.517752
11.8847
-0.517383
13.061
-0.516117
14.3626
-0.516513
15.7727
-0.515076
17.3919
19.1123
0.107842
-0.125796
0.235655
-0.142784
0.246499
-0.158856
0.257878
-0.173925
0.270402
-0.187517
0.284102
-0.20098
0.298742
-0.214272
0.313978
-0.228906
0.329572
-0.24442
0.345287
-0.262205
0.361038
-0.281356
0.376753
-0.302887
0.392394
-0.325429
0.407879
-0.349594
0.423085
-0.373608
0.437772
-0.397516
0.451545
-0.418895
0.46405
-0.436926
0.475006
-0.448707
0.484304
-0.452968
0.491979
-0.446768
0.498253
-0.428782
0.503254
-0.396396
0.507204
-0.348435
0.510218
-0.282337
0.511936
-0.198001
0.51088
-0.0957615
0.504769
0.0253615
0.492036
0.163777
0.472106
0.318607
0.452288
0.493225
0.451563
0.683692
0.4961
0.872566
0.606675
1.03124
0.783086
1.13179
0.999879
1.16095
1.21578
1.12918
1.3941
1.06528
1.52353
0.998653
1.62126
0.944596
1.71475
0.903797
1.82078
0.870908
1.94108
0.841538
2.07028
0.814029
2.20462
0.788212
2.34317
0.764245
2.48651
0.742128
2.63538
0.721785
2.79059
0.703063
2.95233
0.685893
3.12143
0.670096
3.29804
0.655656
3.48284
0.642476
3.67639
0.63042
3.87919
0.619454
4.09214
0.609479
4.31541
0.600413
4.55008
0.592195
4.79667
0.584693
5.05589
0.577892
5.32846
0.571709
5.61536
0.566088
5.91721
0.560997
6.23492
0.556337
6.5697
0.552111
6.92198
0.54825
7.29284
0.544712
7.68461
0.542247
6.02082
0.539848
6.61533
0.537513
7.26949
0.535244
7.9891
0.533002
8.7772
0.530862
9.64366
0.528806
10.5979
0.526832
11.6423
0.525094
12.801
0.522822
14.0503
0.521873
15.4769
0.518766
16.9385
18.7829
0.0838017
0.242422
0.0609086
0.259158
0.0416169
0.277535
0.0245097
0.296168
0.00817949
0.314416
-0.0097194
0.332693
-0.0287069
0.351699
-0.049279
0.371673
-0.0703119
0.392616
-0.0922285
0.414526
-0.114187
0.437435
-0.136733
0.461342
-0.159058
0.486327
-0.181664
0.512426
-0.203823
0.539756
-0.225973
0.568364
-0.247465
0.598335
-0.268711
0.629763
-0.289118
0.662777
-0.30908
0.69742
-0.328085
0.733839
-0.346504
0.772143
-0.363866
0.812394
-0.380548
0.85479
-0.396172
0.899379
-0.411045
0.946338
-0.424868
0.99574
-0.437921
1.04783
-0.449957
1.10272
-0.461225
1.16048
-0.471522
1.2211
-0.481075
1.28526
-0.489724
1.3528
-0.497666
1.42373
-0.504779
1.49869
-0.51124
1.57741
-0.516961
1.66058
-0.522098
1.74802
-0.526604
1.8403
-0.530571
1.9375
-0.534005
2.03992
-0.53701
2.14783
-0.539563
2.26163
-0.541764
2.38167
-0.543601
2.50815
-0.545164
2.64144
-0.546437
2.78212
-0.547495
2.93056
-0.548336
3.08707
-0.549015
3.25233
-0.54953
3.4265
-0.549925
3.61055
-0.55019
3.80457
-0.55036
4.0096
-0.550429
4.22602
-0.550438
4.45422
-0.550335
4.69545
-0.550186
4.94986
-0.549998
5.21856
-0.549748
5.50235
-0.549438
5.80179
-0.549113
6.11796
-0.548757
6.45175
-0.548379
6.80401
-0.547977
7.17547
-0.547551
7.56712
-0.547092
7.98114
-0.546714
6.11006
-0.546309
6.72054
-0.545884
7.38957
-0.545449
8.12783
-0.545004
8.93801
-0.544543
9.82936
-0.54412
10.8078
-0.543501
11.884
-0.543055
13.0606
-0.541643
14.3612
-0.542069
15.7732
-0.540917
17.3908
19.1163
-0.496415
0.511261
0.221574
0.52738
0.230715
0.54375
0.241753
0.560584
0.253768
0.578243
0.266569
0.596843
0.280254
0.615989
0.294875
0.635167
0.310444
0.653628
0.326818
0.670791
0.343908
0.685802
0.361706
0.698242
0.379983
0.707169
0.398895
0.711921
0.418363
0.711164
0.438458
0.704148
0.458597
0.690331
0.477789
0.670491
0.494892
0.646146
0.508571
0.620062
0.518119
0.595112
0.523132
0.57467
0.523767
0.561396
0.520416
0.558039
0.513656
0.566094
0.503834
0.586104
0.490961
0.616326
0.474515
0.655004
0.453451
0.69965
0.427437
0.751495
0.400532
0.817667
0.385374
0.90763
0.406206
1.02241
0.491878
1.14734
0.658212
1.2539
0.893304
1.31271
1.157
1.30942
1.39738
1.25436
1.57861
1.17479
1.70082
1.09635
1.7932
1.03103
1.8861
0.978528
1.99358
0.934366
2.11443
0.895216
2.24377
0.859733
2.37865
0.827568
2.51868
0.798534
2.66443
0.77235
2.81677
0.748764
2.97593
0.727495
3.1427
0.708336
3.3172
0.691078
3.50009
0.675554
3.69192
0.661597
3.89314
0.649062
4.10468
0.637809
4.32666
0.627712
4.56018
0.618652
4.80574
0.610519
5.06403
0.603208
5.33577
0.596634
5.62193
0.59072
5.92312
0.585395
6.24025
0.580599
6.5745
0.576264
6.92631
0.572348
7.29678
0.56879
7.68816
0.566298
6.02331
0.563925
6.61772
0.561593
7.27183
0.559344
7.99135
0.557133
8.77942
0.555
9.64579
0.552996
10.5999
0.551047
11.6442
0.549343
12.8027
0.547144
14.0525
0.54626
15.4778
0.543416
16.9414
18.7832
-0.49426
0.240641
-0.491312
0.256466
-0.486726
0.273202
-0.481137
0.290722
-0.475497
0.308919
-0.47065
0.327909
-0.466632
0.347736
-0.463518
0.368581
-0.461249
0.390339
-0.459808
0.413085
-0.459276
0.43685
-0.459556
0.461621
-0.460779
0.48747
-0.462781
0.514432
-0.465673
0.542553
-0.469232
0.571937
-0.473609
0.602611
-0.47848
0.634661
-0.484011
0.668209
-0.489847
0.703292
-0.496152
0.740049
-0.502554
0.778592
-0.509219
0.818974
-0.515798
0.86142
-0.522451
0.905957
-0.528852
0.952797
-0.535179
1.002
-0.541139
1.05384
-0.546906
1.10843
-0.552233
1.16586
-0.55729
1.22611
-0.561874
1.2899
-0.566144
1.35704
-0.569933
1.42757
-0.573392
1.50212
-0.576386
1.58045
-0.579052
1.66322
-0.581286
1.75029
-0.583211
1.84221
-0.58475
1.93908
-0.58601
2.04117
-0.586956
2.14881
-0.587631
2.26229
-0.588051
2.38212
-0.588284
2.50838
-0.5883
2.64148
-0.588175
2.782
-0.587893
2.9303
-0.587514
3.0867
-0.587027
3.25186
-0.586498
3.42597
-0.585862
3.60993
-0.585208
3.80392
-0.584506
4.00892
-0.583788
4.22531
-0.583039
4.45349
-0.582284
4.6947
-0.581515
4.94912
-0.580752
5.21781
-0.57999
5.5016
-0.579239
5.80105
-0.57851
6.11725
-0.577762
6.45101
-0.577044
6.80329
-0.576335
7.17475
-0.575636
7.56641
-0.574937
7.98044
-0.5744
6.10953
-0.573848
6.72
-0.573286
7.38902
-0.572732
8.12728
-0.572191
8.93746
-0.571667
9.82882
-0.571189
10.8073
-0.570515
11.8834
-0.569945
13.06
-0.568478
14.3597
-0.568908
15.7736
-0.568098
17.3901
19.1202
-1.01507
1.03591
0.201129
1.0571
0.209672
1.07872
0.22029
1.10074
0.23185
1.12337
0.244041
1.14666
0.257028
1.17091
0.270712
1.19605
0.285353
1.22207
0.300871
1.24861
0.3174
1.27564
0.334739
1.30276
0.352874
1.32987
0.371831
1.3561
0.392132
1.38033
0.414264
1.40053
0.438377
1.4145
0.463847
1.42043
0.488936
1.4176
0.511428
1.40634
0.52935
1.38815
0.541346
1.36518
0.5467
1.33992
0.545702
1.3146
0.538945
1.29113
0.527336
1.2707
0.511371
1.25374
0.491513
1.23943
0.467738
1.22621
0.440708
1.21257
0.414161
1.20069
0.39731
1.19841
0.408471
1.21695
0.473399
1.26062
0.614532
1.31875
0.835224
1.36692
1.10883
1.37977
1.38458
1.34666
1.61172
1.27861
1.76892
1.1979
1.87392
1.12241
1.96162
1.05859
2.05741
1.00509
2.16796
0.958671
2.2902
0.917213
2.42013
0.879857
2.55606
0.846282
2.69802
0.816173
2.8469
0.789193
3.00291
0.765043
3.16685
0.743451
3.33879
0.724136
3.51941
0.706864
3.70919
0.691477
3.90853
0.677764
4.11839
0.665553
4.33887
0.654688
4.57105
0.645019
4.81541
0.636428
5.07262
0.628758
5.34344
0.621899
5.62879
0.615792
5.92923
0.610339
6.24571
0.605477
6.57937
0.601106
6.9307
0.597155
7.30073
0.593599
7.69173
0.591166
6.02575
0.588792
6.62009
0.586523
7.27411
0.584347
7.99356
0.582193
8.78158
0.580099
9.64788
0.578159
10.6019
0.576267
11.6462
0.574649
12.8043
0.572538
14.0546
0.57177
15.4786
0.569136
16.9441
18.7835
-1.00128
0.227
-0.98648
0.241805
-0.970734
0.257552
-0.954169
0.27425
-0.93712
0.291924
-0.919762
0.310603
-0.902327
0.330329
-0.884834
0.351108
-0.867501
0.373017
-0.850399
0.395978
-0.833635
0.42009
-0.817418
0.44538
-0.801788
0.471841
-0.786909
0.499515
-0.772779
0.528428
-0.759557
0.558667
-0.747191
0.590254
-0.735846
0.623261
-0.725364
0.657742
-0.715905
0.693775
-0.707285
0.731449
-0.699668
0.770916
-0.692846
0.812178
-0.686876
0.855392
-0.68158
0.900693
-0.67706
0.948224
-0.673036
0.998013
-0.669614
1.05037
-0.666555
1.10541
-0.663947
1.16321
-0.661566
1.22377
-0.659497
1.28779
-0.657539
1.35512
-0.655762
1.42576
-0.65403
1.50043
-0.652411
1.57881
-0.650761
1.66161
-0.649162
1.74868
-0.647502
1.84058
-0.645853
1.93742
-0.644149
2.0395
-0.642403
2.14706
-0.640606
2.26053
-0.638822
2.38033
-0.636961
2.50655
-0.635108
2.63963
-0.633202
2.78012
-0.631337
2.92843
-0.629464
3.08485
-0.627649
3.25004
-0.625815
3.42416
-0.624051
3.60816
-0.622337
3.80222
-0.62067
4.00725
-0.619026
4.22368
-0.617466
4.45194
-0.615954
4.69321
-0.614513
4.94768
-0.613128
5.21644
-0.611813
5.50029
-0.610555
5.79981
-0.609361
6.11606
-0.608239
6.4499
-0.607141
6.80219
-0.606108
7.17372
-0.605122
7.56543
-0.604185
7.97952
-0.603467
6.10883
-0.602754
6.71931
-0.602048
7.38833
-0.601365
8.1266
-0.600736
8.93682
-0.600114
9.82819
-0.599566
10.8068
-0.598813
11.8826
-0.598138
13.0594
-0.596634
14.3582
-0.597135
15.7741
-0.596631
17.3897
19.1242
-1.26646
1.27794
0.189244
1.28946
0.198029
1.30129
0.208314
1.31369
0.219405
1.32657
0.231077
1.34015
0.243466
1.35438
0.256435
1.36952
0.270246
1.38553
0.284848
1.40257
0.300402
1.42061
0.31669
1.43989
0.333628
1.46055
0.351163
1.48286
0.369853
1.50662
0.39049
1.53119
0.413829
1.55505
0.439974
1.57633
0.467679
1.59304
0.494698
1.60388
0.518524
1.6082
0.536999
1.60628
0.548638
1.5988
0.553158
1.58693
0.550828
1.57178
0.542457
1.55452
0.528642
1.53581
0.510195
1.51575
0.487815
1.49321
0.463228
1.46621
0.441175
1.43313
0.430373
1.39621
0.445409
1.36372
0.505872
1.34695
0.631334
1.35074
0.831421
1.36657
1.09304
1.37456
1.37659
1.3562
1.63011
1.30726
1.81786
1.23908
1.94212
1.1675
2.03321
1.10266
2.12228
1.04685
2.22377
0.998455
2.33863
0.955419
2.46319
0.916648
2.59485
0.881658
2.73302
0.850154
2.87841
0.821864
3.0312
0.7965
3.19222
0.773803
3.3615
0.753516
3.5397
0.735423
3.72728
0.719313
3.92464
0.704994
4.13271
0.692289
4.35158
0.681026
4.58232
0.67105
4.82539
0.662215
5.08147
0.654381
5.35128
0.647435
5.63573
0.641272
5.93539
0.6358
6.25119
0.630935
6.58425
0.626594
6.93505
0.62272
7.30462
0.61923
7.69522
0.616838
6.02814
0.614556
6.62239
0.612387
7.2763
0.610262
7.99569
0.608204
8.78364
0.606215
9.64987
0.604376
10.6037
0.602568
11.648
0.601052
12.8058
0.599076
14.0566
0.598439
15.4793
0.596033
16.9465
18.7837
-1.25602
0.216388
-1.24445
0.230075
-1.23172
0.244667
-1.21781
0.260226
-1.20281
0.276804
-1.18672
0.294448
-1.16969
0.313214
-1.15173
0.333114
-1.13304
0.354256
-1.11364
0.376571
-1.09378
0.400171
-1.0735
0.425105
-1.05306
0.451361
-1.03252
0.478987
-1.01213
0.507997
-0.99192
0.538476
-0.972137
0.570438
-0.952798
0.603938
-0.934097
0.639008
-0.916023
0.675721
-0.898747
0.714141
-0.882221
0.754412
-0.866586
0.79651
-0.851751
0.840582
-0.837839
0.886748
-0.824735
0.935144
-0.812531
0.985777
-0.801089
1.03896
-0.790485
1.09478
-0.780571
1.15332
-0.771404
1.21458
-0.762829
1.27925
-0.754894
1.34716
-0.747448
1.41835
-0.740534
1.49349
-0.734012
1.57231
-0.727919
1.6555
-0.722135
1.74292
-0.716693
1.83513
-0.711496
1.93225
-0.70657
2.03457
-0.701842
2.14236
-0.697346
2.25602
-0.693007
2.37602
-0.688879
2.50241
-0.684886
2.63566
-0.681084
2.77631
-0.677413
2.92479
-0.673922
3.08135
-0.670564
3.24671
-0.667379
3.42097
-0.66433
3.60514
-0.661449
3.79934
-0.658702
4.00453
-0.656114
4.22109
-0.653654
4.4495
-0.651348
4.6909
-0.649165
4.94552
-0.647127
5.21441
-0.645211
5.49839
-0.64344
5.79804
-0.641746
6.11438
-0.640179
6.44834
-0.638715
6.80073
-0.637345
7.17234
-0.63606
7.56414
-0.634843
7.97831
-0.633968
6.10798
-0.633094
6.71845
-0.632233
7.38749
-0.631416
8.12578
-0.630656
8.93605
-0.629958
9.82748
-0.629307
10.8061
-0.628461
11.8818
-0.627665
13.0586
-0.626189
14.3567
-0.626831
15.7747
-0.626532
17.3895
19.1282
-1.3471
1.35133
0.185
1.35503
0.194293
1.35863
0.204632
1.3624
0.215569
1.36622
0.227167
1.37033
0.239283
1.3747
0.252001
1.37944
0.265436
1.38463
0.27961
1.3904
0.294582
1.39681
0.310251
1.40392
0.326476
1.41196
0.343105
1.42129
0.360486
1.43259
0.379184
1.44629
0.400097
1.4628
0.423465
1.48168
0.448777
1.50184
0.47454
1.52192
0.498423
1.54053
0.518402
1.55632
0.532825
1.56859
0.540897
1.57684
0.542559
1.58117
0.538131
1.58151
0.528287
1.57813
0.513588
1.57046
0.495462
1.55733
0.476379
1.53635
0.462133
1.50526
0.461477
1.46362
0.487031
1.416
0.553503
1.37203
0.675299
1.34206
0.861397
1.32896
1.10613
1.32378
1.38178
1.31058
1.64331
1.27813
1.85032
1.22754
1.99272
1.16857
2.0922
1.11093
2.17993
1.05926
2.27546
1.01373
2.38416
0.973145
2.5038
0.936423
2.63158
0.903027
2.76643
0.872717
2.90872
0.845296
3.05863
0.820539
3.21698
0.798274
3.38376
0.778291
3.55969
0.760398
3.74518
0.744444
3.9406
0.730224
4.14694
0.717591
4.36422
0.706399
4.59352
0.69648
4.83533
0.687718
5.09023
0.679971
5.35902
0.67314
5.64256
0.667085
5.94145
0.661714
6.25657
0.656971
6.58901
0.652764
6.93928
0.649031
7.30835
0.645663
7.6986
0.643381
6.03043
0.641208
6.62457
0.639143
7.27838
0.637165
7.99769
0.635239
8.78557
0.633378
9.65172
0.63169
10.6054
0.630005
11.6497
0.628631
12.8072
0.626823
14.0584
0.626332
15.4798
0.624143
16.9488
18.7839
-1.34176
0.211096
-1.33548
0.223838
-1.32826
0.237517
-1.32005
0.25208
-1.3108
0.267618
-1.30048
0.284191
-1.28908
0.301868
-1.27661
0.320703
-1.26301
0.340698
-1.24838
0.36199
-1.23279
0.384616
-1.21623
0.408585
-1.19884
0.433994
-1.18067
0.46085
-1.16192
0.489267
-1.1427
0.519279
-1.1231
0.550856
-1.10325
0.58411
-1.08336
0.619125
-1.06352
0.655888
-1.04387
0.694507
-1.02447
0.735012
-1.00547
0.777524
-0.986985
0.822092
-0.969004
0.868779
-0.951625
0.917756
-0.934897
0.969063
-0.918875
1.02292
-0.90353
1.07945
-0.888924
1.1387
-0.875006
1.20068
-0.861823
1.26605
-0.849301
1.33466
-0.8375
1.40653
-0.826294
1.48231
-0.81573
1.56174
-0.805723
1.64551
-0.796288
1.73348
-0.787327
1.82619
-0.778907
1.92383
-0.770879
2.02657
-0.763319
2.13479
-0.756147
2.24888
-0.749355
2.36921
-0.742894
2.49597
-0.736804
2.62956
-0.731017
2.77055
-0.725545
2.91931
-0.720342
3.07618
-0.71543
3.24179
-0.710794
3.41636
-0.706459
3.60081
-0.702334
3.79524
-0.69849
4.00069
-0.69489
4.21752
-0.691504
4.44611
-0.68836
4.68778
-0.685428
4.94259
-0.682678
5.21168
-0.680152
5.49587
-0.677803
5.79571
-0.675631
6.11222
-0.673618
6.44634
-0.671778
6.79889
-0.67006
7.17063
-0.668472
7.56256
-0.666967
7.97682
-0.665938
6.10696
-0.664893
6.71743
-0.663882
7.38649
-0.662926
8.12482
-0.66203
8.93514
-0.661235
9.82668
-0.660472
10.8053
-0.65952
11.8808
-0.65862
13.0577
-0.657214
14.3554
-0.657965
15.7755
-0.657916
17.3896
19.1324
-1.35478
1.35536
0.18497
1.35517
0.194729
1.35479
0.20527
1.35408
0.216452
1.35328
0.228174
1.35226
0.240421
1.35118
0.253234
1.34996
0.266723
1.34879
0.280887
1.34765
0.295747
1.34661
0.311359
1.34568
0.327416
1.34485
0.34398
1.34441
0.360922
1.34496
0.378656
1.3476
0.397445
1.35359
0.417486
1.3637
0.438652
1.37832
0.45992
1.39669
0.480038
1.41769
0.497396
1.43972
0.510786
1.46123
0.519376
1.4809
0.522881
1.49769
0.521323
1.51089
0.515088
1.51959
0.504871
1.52282
0.492233
1.51868
0.480503
1.50474
0.476083
1.47844
0.487762
1.43925
0.526224
1.38983
0.602913
1.33765
0.727481
1.29271
0.906331
1.26248
1.13636
1.246
1.39825
1.23333
1.65598
1.21252
1.87113
1.17861
2.02663
1.13531
2.1355
1.08959
2.22565
1.04646
2.31859
1.00754
2.42308
0.972416
2.53891
0.940385
2.66362
0.910978
2.79583
0.884011
2.9357
0.859356
3.08329
0.836916
3.23942
0.816509
3.40418
0.798075
3.57812
0.781439
3.76182
0.766474
3.95557
0.753092
4.16032
0.741158
4.37616
0.730552
4.60414
0.721152
4.84473
0.712811
5.09857
0.705418
5.36641
0.6989
5.64908
0.693144
5.94721
0.688076
6.26164
0.683572
6.59353
0.679595
6.94326
0.676077
7.31189
0.672952
7.70173
0.670821
6.03256
0.668815
6.62659
0.666905
7.28032
0.665095
7.99951
0.663349
8.78733
0.661674
9.65339
0.660132
10.607
0.658608
11.6512
0.657445
12.8084
0.655811
14.06
0.65551
15.4801
0.653571
16.9508
18.784
-1.35273
0.209298
-1.35023
0.221524
-1.34701
0.234495
-1.34321
0.248389
-1.33861
0.263168
-1.33331
0.278955
-1.32702
0.295699
-1.31993
0.313646
-1.31182
0.332681
-1.3028
0.352981
-1.2927
0.374593
-1.28166
0.397543
-1.26954
0.421941
-1.25654
0.447839
-1.2425
0.475282
-1.22761
0.50438
-1.21189
0.535176
-1.1955
0.567709
-1.17845
0.602104
-1.16093
0.638358
-1.14298
0.676584
-1.12481
0.716838
-1.10642
0.759141
-1.08802
0.803691
-1.06967
0.850441
-1.05149
0.89958
-1.03356
0.95114
-1.01596
1.00533
-0.998762
1.06225
-0.982008
1.12196
-0.965791
1.18446
-0.950051
1.25032
-0.934909
1.31951
-0.920336
1.39198
-0.906368
1.46834
-0.892984
1.54837
-0.880203
1.63274
-0.867997
1.72129
-0.856394
1.81459
-0.845299
1.91275
-0.834806
2.01607
-0.824794
2.12481
-0.815326
2.23938
-0.806315
2.36022
-0.797821
2.48745
-0.789736
2.6215
-0.78212
2.76292
-0.774896
2.91211
-0.768109
3.06939
-0.761696
3.23541
-0.755699
3.41037
-0.750024
3.59516
-0.744755
3.78998
-0.739799
3.99576
-0.735172
4.2129
-0.730882
4.44185
-0.726875
4.68378
-0.723171
4.93891
-0.719777
5.20828
-0.71662
5.49273
-0.713703
5.79279
-0.711039
6.10957
-0.708565
6.44387
-0.706309
6.79664
-0.704243
7.16857
-0.702348
7.56067
-0.700614
7.97509
-0.699372
6.10574
-0.698169
6.71625
-0.697004
7.38534
-0.695914
8.12373
-0.694926
8.93414
-0.693984
9.82571
-0.69309
10.8045
-0.692037
11.8797
-0.691081
13.0567
-0.689755
14.354
-0.690662
15.7764
-0.690853
17.3899
19.1365
-1.34103
1.33944
0.186811
1.33721
0.197101
1.33463
0.207921
1.3318
0.219385
1.32865
0.231363
1.32518
0.243961
1.32139
0.257048
1.31734
0.270833
1.31301
0.285223
1.30847
0.30033
1.30379
0.316038
1.29889
0.332351
1.29378
0.349085
1.28858
0.366156
1.28385
0.383377
1.28066
0.400651
1.28018
0.417968
1.28375
0.435091
1.29207
0.451597
1.30522
0.466895
1.32237
0.480239
1.34241
0.490755
1.36368
0.498102
1.3848
0.501764
1.40425
0.501865
1.4209
0.498444
1.4334
0.492365
1.44013
0.485505
1.43887
0.48176
1.42706
0.487887
1.40266
0.512169
1.36515
0.563728
1.31704
0.651025
1.26409
0.780431
1.21477
0.955651
1.17717
1.17396
1.15431
1.4211
1.14125
1.66904
1.12834
1.88404
1.10819
2.04679
1.08001
2.16369
1.0476
2.25803
1.01521
2.35098
0.984966
2.4533
0.957215
2.56667
0.931562
2.68927
0.907759
2.81965
0.88563
2.95783
0.865139
3.10378
0.846246
3.25833
0.828906
3.42152
0.813013
3.59403
0.798548
3.77629
0.78543
3.9687
0.773586
4.17218
0.762951
4.38682
0.753419
4.61368
0.744913
4.85323
0.737349
5.10613
0.730652
5.3731
0.724693
5.65504
0.719435
5.95247
0.714795
6.2663
0.710709
6.59762
0.707095
6.9469
0.70388
7.31511
0.70104
7.70457
0.699129
6.03448
0.697338
6.62839
0.695678
7.28199
0.694098
8.00112
0.692578
8.78885
0.691091
9.65488
0.689782
10.6083
0.688468
11.6525
0.687548
12.8093
0.686131
14.0614
0.68603
15.4802
0.68435
16.9525
18.7839
-1.34109
0.209478
-1.34078
0.22133
-1.34012
0.233914
-1.33894
0.247308
-1.3373
0.261569
-1.33501
0.276755
-1.33222
0.292936
-1.32865
0.310145
-1.32447
0.328511
-1.31943
0.348003
-1.31359
0.368762
-1.30688
0.390877
-1.29932
0.414378
-1.29079
0.439356
-1.28138
0.465868
-1.271
0.494035
-1.25974
0.523913
-1.24759
0.555586
-1.23459
0.589106
-1.22078
0.62457
-1.20625
0.662048
-1.19107
0.701689
-1.1754
0.743466
-1.1592
0.787507
-1.14268
0.833926
-1.12592
0.882833
-1.10899
0.934211
-1.09199
0.988339
-1.07502
1.04529
-1.05816
1.10511
-1.04147
1.16778
-1.02508
1.23395
-1.00899
1.30343
-0.993249
1.37624
-0.977941
1.45304
-0.963082
1.53352
-0.948699
1.61836
-0.934811
1.70741
-0.921434
1.80123
-0.908589
1.89991
-0.896254
2.00376
-0.884513
2.11302
-0.873241
2.22813
-0.862568
2.34951
-0.85234
2.47725
-0.842661
2.61181
-0.833433
2.75373
-0.82475
2.90343
-0.816527
3.06119
-0.808806
3.2277
-0.801503
3.40309
-0.794678
3.58835
-0.788278
3.78361
-0.78231
3.9898
-0.776737
4.20735
-0.771565
4.43669
-0.766765
4.67901
-0.762344
4.93448
-0.758259
5.20421
-0.754513
5.48897
-0.751073
5.78937
-0.747893
6.1064
-0.745011
6.441
-0.742354
6.79399
-0.739944
7.16617
-0.737755
7.55848
-0.735737
7.97309
-0.73435
6.10437
-0.732983
6.71492
-0.731693
7.38407
-0.730458
8.1225
-0.729337
8.933
-0.728289
9.82465
-0.727275
10.8034
-0.726126
11.8786
-0.725134
13.0557
-0.723919
14.3528
-0.724979
15.7775
-0.72542
17.3905
19.1408
-1.32194
1.31907
0.189647
1.31585
0.200305
1.3123
0.211465
1.30844
0.223227
1.30425
0.235553
1.29976
0.248442
1.29488
0.261938
1.28959
0.276111
1.28394
0.290879
1.27802
0.306245
1.27185
0.32222
1.26536
0.338839
1.25857
0.35588
1.25169
0.37303
1.2452
0.389875
1.23989
0.405961
1.23682
0.421046
1.23692
0.434993
1.2408
0.447717
1.24865
0.459048
1.26019
0.468698
1.2745
0.47645
1.29055
0.482055
1.30695
0.485368
1.32252
0.486306
1.33584
0.485122
1.3455
0.482715
1.34964
0.481368
1.34599
0.485423
1.33217
0.501711
1.30656
0.537782
1.26928
0.601011
1.22267
0.697636
1.17154
0.831554
1.12288
1.00432
1.08392
1.21292
1.05898
1.44605
1.04641
1.6816
1.0391
1.89136
1.02946
2.05643
1.01409
2.17904
0.994259
2.27788
0.972805
2.37242
0.951878
2.47425
0.932209
2.58634
0.913792
2.7077
0.896385
2.83706
0.879945
2.97428
0.864472
3.11927
0.849965
3.27285
0.836428
3.43508
0.823873
3.60659
0.812302
3.78788
0.801646
3.97937
0.791927
4.18193
0.783074
4.39568
0.775064
4.62169
0.767854
4.86044
0.761377
5.11261
0.755611
5.37887
0.750491
5.66015
0.74594
5.95703
0.741904
6.27033
0.738333
6.60121
0.735189
6.95004
0.732448
7.31787
0.729989
7.70702
0.728354
6.03611
0.726844
6.62991
0.725458
7.28341
0.724155
8.00243
0.72292
8.79009
0.721736
9.65606
0.720696
10.6093
0.719633
11.6536
0.718953
12.8099
0.71783
14.0625
0.717934
15.4802
0.716396
16.9541
18.7836
-1.32318
0.210719
-1.32421
0.222339
-1.32493
0.234629
-1.32538
0.247747
-1.32547
0.261662
-1.32521
0.276487
-1.32445
0.292178
-1.32328
0.308962
-1.3215
0.326743
-1.31919
0.345685
-1.31626
0.365847
-1.31265
0.38726
-1.3083
0.410044
-1.30318
0.434236
-1.29731
0.460009
-1.2906
0.487326
-1.28303
0.51636
-1.27459
0.547151
-1.26531
0.579844
-1.2552
0.614465
-1.24429
0.65115
-1.23257
0.689978
-1.22007
0.730993
-1.20696
0.774406
-1.1932
0.820187
-1.17889
0.868531
-1.16413
0.919478
-1.14901
0.973232
-1.1336
1.02989
-1.11799
1.08952
-1.10227
1.15207
-1.08651
1.2182
-1.0708
1.28772
-1.05523
1.36067
-1.0398
1.43762
-1.02463
1.51835
-1.00973
1.60348
-0.995173
1.69287
-0.980992
1.78706
-0.96721
1.88615
-0.953904
1.99042
-0.94101
2.10018
-0.928675
2.21578
-0.916731
2.33762
-0.905355
2.46588
-0.894456
2.60095
-0.884126
2.7434
-0.874269
2.89361
-0.864932
3.05188
-0.856085
3.21889
-0.847768
3.3948
-0.839961
3.58057
-0.832607
3.77628
-0.825741
3.98297
-0.819353
4.201
-0.8134
4.43077
-0.807893
4.67351
-0.8028
4.92941
-0.798105
5.1995
-0.793804
5.48469
-0.789834
5.78541
-0.786223
6.10281
-0.782907
6.43769
-0.779911
6.79101
-0.777184
7.16344
-0.774706
7.55602
-0.772431
7.97082
-0.770894
6.10287
-0.769383
6.71344
-0.767923
7.38264
-0.766604
8.12117
-0.765355
8.93173
-0.764221
9.82349
-0.76309
10.8023
-0.761869
11.8774
-0.760812
13.0546
-0.759775
14.3517
-0.760941
15.7787
-0.761634
17.3913
19.1451
-1.30243
1.29908
0.192906
1.2954
0.20395
1.29142
0.215399
1.28718
0.227447
1.28264
0.240067
1.27771
0.253368
1.2724
0.267234
1.26671
0.281807
1.26067
0.29691
1.25433
0.312605
1.24766
0.328886
1.24065
0.345867
1.23328
0.363253
1.2258
0.38053
1.21871
0.396971
1.21267
0.412021
1.20828
0.425447
1.20615
0.437146
1.2067
0.447177
1.21007
0.455695
1.21596
0.462816
1.22394
0.468487
1.2332
0.472813
1.2428
0.475776
1.25162
0.477505
1.25853
0.478221
1.26212
0.479141
1.2606
0.482894
1.25189
0.494147
1.23402
0.519584
1.20599
0.565826
1.16823
0.638774
1.12312
0.742766
1.07489
0.87979
1.02923
1.05
0.992209
1.24994
0.968213
1.47007
0.957147
1.69267
0.954096
1.89444
0.952137
2.05838
0.946905
2.18431
0.937697
2.2871
0.926208
2.38395
0.914147
2.48632
0.902394
2.59812
0.89108
2.71902
0.880199
2.84796
0.86968
2.98482
0.859529
3.12944
0.849804
3.28259
0.840541
3.44436
0.831758
3.61541
0.823449
3.79621
0.81571
3.98716
0.808482
4.18917
0.801798
4.40238
0.795653
4.62783
0.790052
4.86605
0.784988
5.11767
0.780388
5.38346
0.776284
5.66426
0.772613
5.96069
0.769363
6.2736
0.766494
6.60407
0.763973
6.95259
0.761738
7.32009
0.759818
7.70895
0.758532
6.0374
0.757378
6.6311
0.756315
7.28448
0.755382
8.0034
0.754491
8.79099
0.753609
9.65694
0.752888
10.61
0.75216
11.6543
0.751742
12.8103
0.750954
14.0633
0.751301
15.4799
0.750163
16.9553
18.7831
-1.30431
0.212556
-1.30601
0.224038
-1.3076
0.23619
-1.30893
0.249085
-1.31005
0.262773
-1.31086
0.277311
-1.31145
0.292758
-1.31161
0.309153
-1.31148
0.326612
-1.31088
0.345109
-1.30981
0.364784
-1.30824
0.38572
-1.30614
0.407955
-1.30346
0.431583
-1.3001
0.456668
-1.29608
0.48334
-1.29136
0.511666
-1.28592
0.541744
-1.2797
0.57365
-1.2727
0.607493
-1.26489
0.643368
-1.25632
0.681441
-1.24701
0.721711
-1.23691
0.764327
-1.2261
0.80942
-1.21467
0.857117
-1.20257
0.907419
-1.18993
0.960612
-1.17678
1.01678
-1.16322
1.07597
-1.14929
1.13818
-1.13507
1.20401
-1.12068
1.27338
-1.10614
1.34616
-1.09155
1.42308
-1.07699
1.50382
-1.0625
1.58903
-1.04818
1.67857
-1.03403
1.77297
-1.02018
1.87231
-1.00659
1.97691
-0.99336
2.08698
-0.980435
2.20295
-0.967997
2.32521
-0.955975
2.45393
-0.944433
2.58943
-0.933323
2.73234
-0.922727
2.88305
-0.912635
3.04183
-0.90307
3.20936
-0.894
3.38577
-0.885412
3.57203
-0.877372
3.76828
-0.8698
3.97545
-0.862714
4.19395
-0.856136
4.42422
-0.850028
4.66742
-0.844395
4.92376
-0.839197
5.19432
-0.834385
5.47989
-0.829979
5.78103
-0.825964
6.0988
-0.822304
6.43405
-0.818958
6.78766
-0.815931
7.16043
-0.813202
7.55329
-0.810727
7.96837
-0.809017
6.10119
-0.807365
6.71184
-0.805806
7.3811
-0.804363
8.11973
-0.803057
8.9304
-0.801793
9.82222
-0.800582
10.801
-0.799309
11.8761
-0.798276
13.0536
-0.797366
14.3508
-0.798689
15.78
-0.799707
17.3925
19.1498
-1.28356
1.28004
0.196366
1.27615
0.207788
1.27194
0.219539
1.26751
0.231809
1.26272
0.244779
1.25766
0.258368
1.25222
0.272625
1.24641
0.28757
1.24025
0.303042
1.23382
0.319012
1.22709
0.335609
1.21994
0.353004
1.21236
0.370843
1.20451
0.388382
1.19683
0.404656
1.18976
0.419098
1.18387
0.431355
1.17953
0.441494
1.17693
0.449796
1.17617
0.45647
1.17709
0.461907
1.17928
0.466317
1.18218
0.469926
1.18506
0.472925
1.18708
0.475489
1.18718
0.478155
1.18414
0.482185
1.1764
0.49067
1.16219
0.508362
1.14012
0.541688
1.10967
0.596276
1.07175
0.676735
1.02861
0.785901
0.983964
0.924477
0.942426
1.09154
0.909051
1.28335
0.887588
1.49153
0.878823
1.70147
0.879196
1.89407
0.882942
2.05468
0.88523
2.18202
0.884457
2.28791
0.881208
2.3872
0.876824
2.49075
0.872117
2.60284
0.867381
2.72379
0.862596
2.85276
0.85771
2.98972
0.85274
3.13443
0.847746
3.2876
0.842785
3.44935
0.837863
3.62034
0.833075
3.80105
0.828392
3.99185
0.823894
4.1937
0.819592
4.40668
0.815564
4.63188
0.811763
4.86985
0.808265
5.12117
0.80508
5.38665
0.80217
5.66717
0.799548
5.96332
0.797211
6.27592
0.795166
6.60614
0.79336
6.95436
0.791841
7.32163
0.79049
7.71028
0.789644
6.03828
0.78889
6.63184
0.788301
7.28513
0.787741
8.00397
0.787269
8.79148
0.786828
9.65738
0.786518
10.6103
0.786066
11.6548
0.786063
12.8103
0.785563
14.0638
0.786204
15.4793
0.785372
16.9562
18.7822
-1.2857
0.214753
-1.28777
0.226114
-1.28971
0.238197
-1.29158
0.250975
-1.29325
0.264522
-1.2948
0.27889
-1.29611
0.294138
-1.29726
0.310329
-1.29805
0.327474
-1.29861
0.345699
-1.2988
0.365041
-1.29867
0.385629
-1.29808
0.407428
-1.29704
0.430579
-1.29552
0.455198
-1.2935
0.481364
-1.29088
0.509095
-1.28764
0.538543
-1.28378
0.569835
-1.27926
0.603012
-1.27407
0.638221
-1.26812
0.675536
-1.2615
0.715114
-1.25414
0.757012
-1.24611
0.801416
-1.23731
0.848368
-1.2279
0.898022
-1.21781
0.950575
-1.20716
1.00614
-1.19592
1.06478
-1.18422
1.12649
-1.17206
1.1919
-1.15953
1.26085
-1.14666
1.33334
-1.13359
1.41002
-1.12031
1.49059
-1.10697
1.57569
-1.09356
1.66522
-1.08018
1.75959
-1.06686
1.85905
-1.05373
1.96378
-1.04074
2.07405
-1.02808
2.19028
-1.01562
2.31282
-1.00353
2.44185
-0.991793
2.57776
-0.980478
2.72107
-0.969606
2.87223
-0.959171
3.03144
-0.949188
3.19942
-0.939688
3.37633
-0.93069
3.56308
-0.922163
3.75983
-0.914148
3.96748
-0.906626
4.18647
-0.8996
4.41722
-0.893095
4.66091
-0.887023
4.91771
-0.881387
5.18871
-0.876205
5.47474
-0.871476
5.7763
-0.867099
6.09445
-0.863139
6.43008
-0.859537
6.78408
-0.856276
7.15716
-0.853297
7.55034
-0.85062
7.96569
-0.848806
6.09944
-0.847048
6.71012
-0.845378
7.37948
-0.843838
8.11818
-0.842435
8.92899
-0.841144
9.82089
-0.839869
10.7998
-0.838582
11.8748
-0.83753
13.0525
-0.83676
14.35
-0.838268
15.7816
-0.839566
17.3939
19.1545
-1.26389
1.26084
0.200019
1.25715
0.211754
1.25322
0.22377
1.24889
0.236363
1.24434
0.249589
1.2394
0.263476
1.2342
0.278043
1.22857
0.293314
1.22267
0.309121
1.21636
0.325391
1.20975
0.342362
1.2026
0.360191
1.1949
0.378655
1.18651
0.39679
1.17779
0.413466
1.16906
0.427823
1.16091
0.439576
1.15356
0.44884
1.14742
0.456
1.14238
0.461512
1.13852
0.465817
1.13544
0.469393
1.1328
0.472629
1.12984
0.475878
1.12593
0.479464
1.12004
0.484037
1.11116
0.49113
1.09794
0.503888
1.07919
0.527168
1.05392
0.566962
1.02214
0.628116
0.984884
0.713988
0.944463
0.826381
0.903932
0.965005
0.867242
1.12828
0.838292
1.3123
0.820398
1.50948
0.814321
1.70755
0.817685
1.89076
0.825457
2.0469
0.833263
2.17427
0.838773
2.28239
0.842073
2.38395
0.843923
2.48888
0.84516
2.60165
0.845985
2.72295
0.846476
2.8523
0.846584
2.98961
0.846342
3.13468
0.845735
3.28823
0.844783
3.45031
0.843606
3.62157
0.842176
3.80249
0.84057
3.99349
0.838801
4.19546
0.836983
4.40854
0.835092
4.63377
0.833264
4.8717
0.83146
5.12298
0.829768
5.38834
0.828206
5.66873
0.82679
5.96472
0.825533
6.27719
0.824393
6.60722
0.823482
6.95529
0.822705
7.32235
0.82214
7.71089
0.821739
6.03863
0.821485
6.63217
0.821386
7.28522
0.821409
8.004
0.821323
8.79158
0.821319
9.65739
0.821418
10.6102
0.821424
11.6548
0.821817
12.8099
0.821694
14.0639
0.82266
15.4784
0.822313
16.9567
18.7811
-1.26606
0.21716
-1.26833
0.228553
-1.27052
0.240556
-1.27275
0.253306
-1.27488
0.26678
-1.27701
0.281077
-1.27893
0.296159
-1.28079
0.312226
-1.28243
0.329198
-1.28392
0.347217
-1.28516
0.366345
-1.28611
0.386611
-1.28675
0.408127
-1.28708
0.430933
-1.28702
0.455191
-1.28652
0.480887
-1.28554
0.508182
-1.28411
0.537133
-1.2821
0.567891
-1.27957
0.6005
-1.2764
0.635112
-1.27267
0.671829
-1.26821
0.710717
-1.26318
0.752004
-1.2574
0.795696
-1.25102
0.842005
-1.24393
0.890999
-1.23626
0.942905
-1.2279
0.997846
-1.219
1.05589
-1.20949
1.11704
-1.19952
1.18193
-1.18901
1.25041
-1.17819
1.3225
-1.16689
1.3988
-1.15538
1.47906
-1.14354
1.56392
-1.13157
1.65324
-1.11945
1.74754
-1.10732
1.8469
-1.0951
1.95162
-1.08304
2.06199
-1.07099
2.1783
-1.05919
2.30101
-1.04754
2.43026
-1.03621
2.56642
-1.02515
2.71006
-1.01441
2.86151
-1.00406
3.02112
-0.994095
3.1895
-0.984578
3.36685
-0.975458
3.55402
-0.966791
3.7512
-0.958585
3.95933
-0.950879
4.1788
-0.943641
4.40999
-0.936843
4.65413
-0.930506
4.91142
-0.924646
5.18288
-0.919223
5.46933
-0.914199
5.77131
-0.90964
6.08988
-0.90542
6.42589
-0.901617
6.78026
-0.898144
7.15372
-0.895052
7.5472
-0.892171
7.96288
-0.890274
6.09754
-0.888396
6.70834
-0.886668
7.37776
-0.885084
8.11662
-0.883621
8.9275
-0.882219
9.81948
-0.880961
10.7985
-0.879766
11.8736
-0.878774
13.0515
-0.878306
14.3496
-0.879797
15.7831
-0.881397
17.3957
19.1597
-1.24621
1.24188
0.203378
1.23774
0.215425
1.23345
0.227729
1.22893
0.240549
1.22435
0.253987
1.21946
0.268142
1.2145
0.282915
1.20925
0.298439
1.20379
0.314543
1.1979
0.331218
1.19176
0.348511
1.18511
0.366822
1.17773
0.386055
1.16926
0.405268
1.15979
0.422977
1.14956
0.438078
1.13899
0.450178
1.12854
0.45934
1.11858
0.465986
1.1094
0.470747
1.10095
0.4743
1.09321
0.47719
1.08569
0.480174
1.07798
0.48367
1.06913
0.488323
1.05847
0.494784
1.04488
0.50473
1.02753
0.521328
1.0054
0.549296
0.978236
0.594211
0.946202
0.660141
0.910657
0.749615
0.873463
0.863556
0.837561
1.00098
0.805874
1.15994
0.781813
1.33643
0.767728
1.52353
0.764651
1.71069
0.770477
1.88489
0.781381
2.03605
0.793023
2.16258
0.803231
2.27223
0.811365
2.37576
0.818168
2.48212
0.82402
2.59574
0.82938
2.71763
0.834166
2.84746
0.838474
2.98533
0.84217
3.13096
0.845335
3.28506
0.847985
3.44767
0.850089
3.61944
0.851744
3.80085
0.852955
3.99226
0.85385
4.19462
0.854387
4.40799
0.854701
4.63349
0.854804
4.8716
0.854804
5.123
0.854706
5.38845
0.854557
5.66888
0.854443
5.96485
0.854318
6.27723
0.854298
6.60725
0.854364
6.95515
0.854469
7.32229
0.854673
7.7106
0.854939
6.03845
0.855365
6.63171
0.855677
7.28499
0.856178
8.00352
0.856896
8.79091
0.85742
9.65687
0.857878
10.6098
0.858346
11.6543
0.859341
12.8089
0.859615
14.0636
0.860832
15.4772
0.860652
16.9569
18.7795
-1.24897
0.219474
-1.25172
0.230866
-1.25444
0.24288
-1.25716
0.25558
-1.25977
0.269011
-1.26237
0.283225
-1.2649
0.298273
-1.26729
0.314197
-1.26953
0.331094
-1.2716
0.348949
-1.27338
0.367891
-1.275
0.38799
-1.2763
0.40929
-1.27738
0.431875
-1.27807
0.455814
-1.2785
0.481252
-1.27849
0.508165
-1.27816
0.536792
-1.27738
0.567126
-1.27614
0.599302
-1.27442
0.633426
-1.2722
0.669672
-1.2695
0.708061
-1.26617
0.74876
-1.26234
0.791911
-1.2579
0.837665
-1.25291
0.886051
-1.24726
0.93737
-1.2411
0.991726
-1.23429
1.0492
-1.22701
1.10979
-1.21911
1.17415
-1.2108
1.24213
-1.20192
1.31374
-1.19272
1.38962
-1.18305
1.46951
-1.17315
1.55403
-1.16287
1.64307
-1.15246
1.73713
-1.14178
1.83633
-1.1311
1.94094
-1.12023
2.05121
-1.10946
2.16751
-1.09866
2.2903
-1.08802
2.41961
-1.07744
2.55592
-1.06711
2.69971
-1.05696
2.85142
-1.04713
3.01129
-1.0376
3.18
-1.02836
3.35764
-1.01951
3.54519
-1.01104
3.74277
-1.00296
3.95128
-0.995281
4.17114
-0.988045
4.40277
-0.981203
4.64735
-0.974813
4.90506
-0.968849
5.17695
-0.963309
5.46382
-0.958213
5.76622
-0.953473
6.08517
-0.949185
6.42158
-0.945208
6.77632
-0.941666
7.1501
-0.938382
7.54398
-0.935492
7.95991
-0.933531
6.0957
-0.931614
6.70642
-0.929724
7.37595
-0.928092
8.11497
-0.926661
8.92606
-0.925407
9.8182
-0.924123
10.7972
-0.922735
11.8722
-0.921815
13.0506
-0.92149
14.3492
-0.923524
15.7852
-0.925315
17.3977
19.1651
-1.22921
1.22675
0.206879
1.22347
0.219179
1.2199
0.231737
1.21599
0.244799
1.21188
0.258455
1.20747
0.272786
1.20289
0.287796
1.19796
0.303515
1.19277
0.31999
1.18699
0.33709
1.18088
0.354837
1.17418
0.373567
1.16696
0.393472
1.15833
0.413902
1.14825
0.433222
1.1364
0.449921
1.12344
0.46328
1.10958
0.47318
1.09562
0.480094
1.08172
0.484616
1.06853
0.487632
1.05574
0.489955
1.04356
0.492483
1.03113
0.496069
1.01809
0.501497
1.00322
0.50961
0.986041
0.522041
0.965514
0.541797
0.941513
0.573422
0.913592
0.62206
0.882684
0.691163
0.849618
0.782602
0.816579
0.896698
0.785484
1.03199
0.759228
1.18629
0.73994
1.35564
0.730005
1.53354
0.729743
1.71086
0.737972
1.87673
0.751027
2.02291
0.765517
2.14814
0.778862
2.25881
0.790629
2.36404
0.8009
2.47178
0.810342
2.58633
0.81903
2.70887
0.827199
2.83932
0.834679
2.9778
0.84156
3.12408
0.847748
3.27883
0.853292
3.44209
0.858219
3.61449
0.862519
3.79651
0.866311
3.9885
0.869536
4.19137
0.872332
4.40523
0.874689
4.63112
0.876708
4.86961
0.878428
5.12128
0.879983
5.3869
0.881356
5.66752
0.882673
5.96343
0.883846
6.27607
0.884933
6.60607
0.886119
6.95401
0.887379
7.32093
0.888447
7.70962
0.889438
6.03741
0.890305
6.63093
0.891503
7.28377
0.892514
8.00258
0.893678
8.78974
0.894809
9.65578
0.896134
10.6085
0.897118
11.6533
0.89832
12.8077
0.899019
14.063
0.900999
15.4753
0.900972
16.957
18.7772
-1.23134
0.22206
-1.23356
0.233468
-1.23587
0.245548
-1.23835
0.25828
-1.24071
0.271728
-1.24315
0.285944
-1.24547
0.300975
-1.24786
0.316865
-1.25009
0.333708
-1.25237
0.351488
-1.25447
0.370334
-1.25658
0.390311
-1.25845
0.411464
-1.2603
0.433875
-1.26183
0.457613
-1.2633
0.48282
-1.26437
0.509475
-1.26531
0.537808
-1.26578
0.567822
-1.26607
0.599644
-1.26582
0.633386
-1.26533
0.669215
-1.26423
0.707164
-1.26284
0.747393
-1.2608
0.790075
-1.2584
0.835274
-1.25531
0.883156
-1.25187
0.933935
-1.2477
0.98775
-1.24318
1.04468
-1.23795
1.10474
-1.23236
1.16857
-1.2261
1.23604
-1.21953
1.30716
-1.21234
1.38259
-1.20489
1.46205
-1.19689
1.54619
-1.18871
1.63487
-1.18008
1.72864
-1.17133
1.82757
-1.16225
1.93197
-1.15313
2.04207
-1.14378
2.15827
-1.13448
2.28098
-1.12506
2.41028
-1.11577
2.54661
-1.10648
2.69049
-1.09737
2.8423
-1.08837
3.00233
-1.07961
3.17123
-1.07107
3.3491
-1.06279
3.53691
-1.0548
3.73477
-1.04711
3.9436
-1.03977
4.1638
-1.03275
4.3958
-1.02614
4.64075
-1.01987
4.89882
-1.01398
5.17108
-1.00849
5.45835
-1.00338
5.76115
-0.998725
6.08051
-0.994228
6.41713
-0.990444
6.77244
-0.986714
7.14643
-0.98342
7.54057
-0.980355
7.95696
-0.978444
6.09375
-0.976483
6.70456
-0.97471
7.37416
-0.973239
8.11351
-0.971627
8.9244
-0.970291
9.81687
-0.969065
10.7959
-0.967912
11.871
-0.967109
13.0498
-0.967007
14.3491
-0.96918
15.7874
-0.97165
17.4003
19.1711
-1.21513
1.21266
0.210123
1.20968
0.222598
1.20616
0.23536
1.2027
0.248621
1.19866
0.262521
1.19475
0.277022
1.19032
0.292207
1.18595
0.308198
1.18091
0.324984
1.17573
0.34257
1.16962
0.360871
1.16344
0.380041
1.15642
0.400393
1.14875
0.421845
1.13882
0.443035
1.12682
0.462168
1.11212
0.47786
1.09587
0.489662
1.07803
0.497808
1.06001
0.502852
1.04177
0.505755
1.02441
0.50753
1.00741
0.509364
0.991176
0.512514
0.974392
0.518178
0.95665
0.527559
0.936512
0.542082
0.914042
0.564471
0.888671
0.598707
0.861229
0.649695
0.83177
0.720543
0.801983
0.812567
0.772982
0.925632
0.747127
1.05801
0.725997
1.20736
0.711944
1.36983
0.706053
1.53938
0.709108
1.70793
0.71948
1.86631
0.734607
2.0079
0.750989
2.13172
0.766718
2.24317
0.780797
2.34992
0.793567
2.45908
0.805262
2.5746
0.816329
2.69786
0.826679
2.82893
0.836461
2.96804
0.845583
3.11493
0.853962
3.27047
0.861728
3.43431
0.868845
3.60737
0.875371
3.78999
0.881311
3.98253
0.886636
4.18606
0.891312
4.40052
0.895602
4.62686
0.899474
4.86573
0.903098
5.11766
0.906135
5.38388
0.909124
5.66443
0.911708
5.96087
0.914199
6.27348
0.916808
6.60351
0.918931
6.95178
0.921234
7.31871
0.923543
7.70726
0.925039
6.03601
0.926677
6.62923
0.928493
7.28205
0.930429
8.0006
0.93216
8.78807
0.933916
9.654
0.935751
10.6067
0.937273
11.6517
0.939227
12.8057
0.94031
14.0619
0.942757
15.4729
0.943066
16.9567
18.7742
-1.217
0.224462
-1.21885
0.235961
-1.22076
0.248122
-1.22267
0.260925
-1.22477
0.274432
-1.2268
0.288695
-1.22907
0.303758
-1.23124
0.319687
-1.23366
0.336491
-1.23587
0.354276
-1.2384
0.373108
-1.24059
0.393012
-1.24306
0.41409
-1.24512
0.436386
-1.24743
0.460023
-1.24927
0.485085
-1.25133
0.51159
-1.25282
0.539687
-1.25446
0.569494
-1.2555
0.601065
-1.25664
0.634542
-1.25711
0.670043
-1.25757
0.70763
-1.25735
0.747516
-1.25707
0.7898
-1.25606
0.834587
-1.25494
0.882028
-1.25306
0.932356
-1.25102
0.985697
-1.24821
1.04215
-1.24521
1.10172
-1.24146
1.16507
-1.2375
1.23206
-1.23283
1.30272
-1.22798
1.37771
-1.22244
1.45672
-1.21673
1.54044
-1.21043
1.62876
-1.20398
1.72214
-1.19706
1.82081
-1.19002
1.92489
-1.18259
2.03478
-1.17516
2.15079
-1.16739
2.27332
-1.15966
2.40252
-1.15176
2.53879
-1.14395
2.68264
-1.13606
2.83446
-1.12829
2.99454
-1.12053
3.16351
-1.11297
3.34152
-1.10551
3.52947
-1.09832
3.72759
-1.0912
3.93649
-1.08443
4.15706
-1.07795
4.38931
-1.0716
4.63444
-1.0657
4.89292
-1.0602
5.16562
-1.05481
5.45299
-1.04987
5.75619
-1.04523
6.07593
-1.04122
6.413
-1.0371
6.76837
-1.03358
7.14279
-1.03041
7.53749
-1.02747
7.95396
-1.02528
6.09167
-1.02342
6.70268
-1.02181
7.37259
-1.0201
8.11173
-1.01883
8.92316
-1.01742
9.81541
-1.01627
10.7948
-1.01523
11.8699
-1.01475
13.0493
-1.01471
14.349
-1.01731
15.79
-1.01987
17.403
19.1777
-1.19706
1.19699
0.213108
1.19496
0.225713
1.19284
0.238644
1.19007
0.25211
1.18731
0.266231
1.18384
0.280964
1.18042
0.296408
1.17625
0.312626
1.17214
0.329752
1.16707
0.347773
1.16188
0.36663
1.15563
0.386307
1.14955
0.406978
1.1424
0.428926
1.13436
0.451509
1.12322
0.473184
1.1093
0.492147
1.09153
0.507287
1.07135
0.518302
1.04864
0.525412
1.02524
0.529442
1.00118
0.531444
0.978024
0.532787
0.95535
0.535038
0.933905
0.539884
0.912001
0.54931
0.889555
0.564778
0.865334
0.588546
0.840259
0.624018
0.814361
0.67545
0.789038
0.746079
0.764733
0.836747
0.742863
0.947692
0.724411
1.07635
0.711134
1.2208
0.703736
1.37714
0.703485
1.53978
0.709913
1.70143
0.722092
1.85425
0.737375
1.99256
0.753758
2.11544
0.769234
2.22766
0.783526
2.3357
0.796732
2.44585
0.809098
2.56229
0.821056
2.68588
0.832532
2.81749
0.84349
2.95708
0.854
3.10445
0.863961
3.26052
0.873372
3.42492
0.882353
3.59841
0.89062
3.78174
0.898189
3.97499
0.905315
4.17894
0.912049
4.3938
0.918126
4.6208
0.923704
4.86014
0.928749
5.11264
0.933611
5.37894
0.93794
5.66013
0.942054
5.95669
0.94601
6.26958
0.949676
6.59978
0.953386
6.94813
0.956621
7.31546
0.959919
7.70407
0.962216
6.03364
0.964697
6.62684
0.967158
7.27949
0.96973
7.9981
0.972285
8.78545
0.974749
9.65161
0.977283
10.6041
0.979346
11.6497
0.982019
12.803
0.983408
14.0605
0.986696
15.4696
0.987117
16.9564
18.77
-1.19796
0.226671
-1.1992
0.238287
-1.2006
0.25056
-1.20238
0.263468
-1.20417
0.277074
-1.2064
0.291425
-1.20848
0.306567
-1.21101
0.322563
-1.2133
0.339425
-1.21603
0.35725
-1.21842
0.376092
-1.22125
0.396026
-1.22371
0.417117
-1.22655
0.439373
-1.22895
0.462968
-1.23172
0.487966
-1.23399
0.514389
-1.23659
0.542379
-1.23863
0.572058
-1.24097
0.603473
-1.2427
0.636771
-1.24464
0.672046
-1.24597
0.709438
-1.24746
0.749044
-1.24818
0.790968
-1.24907
0.835496
-1.2493
0.882673
-1.24959
0.932656
-1.24908
0.985564
-1.24841
1.04149
-1.24716
1.10081
-1.24573
1.16363
-1.24374
1.23037
-1.24136
1.30032
-1.23842
1.37503
-1.23544
1.45371
-1.23177
1.537
-1.2278
1.62477
-1.22336
1.7179
-1.21874
1.81615
-1.21366
1.91997
-1.20851
2.02961
-1.20287
2.14528
-1.19711
2.26753
-1.19118
2.39668
-1.18499
2.53259
-1.17875
2.67646
-1.17247
2.82817
-1.16602
2.98815
-1.15971
3.1572
-1.15326
3.33511
-1.1469
3.52313
-1.14064
3.72137
-1.13467
3.93057
-1.1285
4.15093
-1.12268
4.38353
-1.11722
4.62903
-1.11166
4.88739
-1.10649
5.1605
-1.10164
5.44812
-1.09699
5.75161
-1.09275
6.0716
-1.08871
6.40901
-1.08507
6.76464
-1.0818
7.13957
-1.07852
7.53419
-1.07564
7.95117
-1.07379
6.08983
-1.072
6.70094
-1.07042
7.37092
-1.06894
8.11027
-1.0677
8.92183
-1.06656
9.81431
-1.06559
10.7937
-1.06483
11.8692
-1.0643
13.0487
-1.06479
14.3495
-1.06787
15.7932
-1.07049
17.4058
19.1854
-1.86163
1.86327
0.217735
1.86087
0.230679
1.85838
0.243715
1.85497
0.25756
1.85144
0.27194
1.84651
0.287362
1.84172
0.303018
1.83555
0.319848
1.82944
0.337394
1.82179
0.356101
1.8144
0.375325
1.80515
0.395983
1.79608
0.417211
1.78568
0.439521
1.77495
0.463253
1.76063
0.487512
1.74213
0.511507
1.71613
0.533193
1.68394
0.551243
1.64437
0.564842
1.60053
0.573976
1.55288
0.578955
1.50472
0.581614
1.45641
0.583211
1.41112
0.585839
1.36772
0.592585
1.32743
0.605714
1.28762
0.628219
1.24957
0.662686
1.21269
0.712169
1.18012
0.779211
1.15134
0.865346
1.12873
0.970777
1.11155
1.09336
1.1018
1.23096
1.09887
1.37989
1.10374
1.53525
1.11469
1.69031
1.13055
1.83867
1.14811
1.97483
1.16556
2.0982
1.18127
2.21179
1.19562
2.32151
1.20841
2.43292
1.22111
2.54971
1.23318
2.67372
1.24531
2.80545
1.25697
2.94537
1.26813
3.09333
1.2788
3.24985
1.28882
3.41493
1.29771
3.58958
1.30584
3.77362
1.31314
3.96778
1.31912
4.17296
1.32405
4.38897
1.32773
4.61711
1.33033
4.85762
1.33153
5.11142
1.33153
5.379
1.33035
5.66129
1.32786
5.95923
1.32412
6.27331
1.31895
6.60499
1.31262
6.95449
1.30508
7.32313
1.29596
7.7131
1.28813
6.04159
1.27872
6.63608
1.26813
7.29018
1.2556
8.01048
1.24146
8.79969
1.22492
9.66805
1.20642
10.6227
1.18492
11.6712
1.16139
12.8266
1.13349
14.0884
1.10481
15.4984
1.06842
16.9928
18.8
-1.86166
0.229553
-1.86208
0.241282
-1.86292
0.253784
-1.86433
0.266923
-1.86586
0.28058
-1.86821
0.29529
-1.87058
0.310586
-1.87343
0.326548
-1.87645
0.343859
-1.87996
0.361576
-1.88323
0.380626
-1.88727
0.400698
-1.89085
0.421874
-1.89503
0.444046
-1.89871
0.467796
-1.90322
0.49289
-1.90672
0.519027
-1.91116
0.547172
-1.91456
0.576583
-1.91878
0.608
-1.92195
0.641044
-1.92564
0.676011
-1.92826
0.713138
-1.93159
0.752595
-1.93373
0.794145
-1.93634
0.838287
-1.93744
0.88476
-1.93901
0.934346
-1.93936
0.986823
-1.94008
1.04228
-1.93919
1.10075
-1.93876
1.16321
-1.93651
1.22886
-1.93462
1.29841
-1.93128
1.37233
-1.92767
1.45004
-1.92282
1.53269
-1.91781
1.61967
-1.91145
1.71199
-1.90487
1.80946
-1.89703
1.91251
-1.88893
2.0214
-1.87953
2.13617
-1.87002
2.25792
-1.8592
2.38609
-1.84825
2.52158
-1.83617
2.66457
-1.82396
2.81596
-1.81084
2.97517
-1.79742
3.14385
-1.78348
3.32129
-1.76911
3.50888
-1.75442
3.70676
-1.73918
3.91548
-1.72397
4.13578
-1.70814
4.36785
-1.69232
4.61323
-1.67631
4.87153
-1.66009
5.14429
-1.64381
5.43195
-1.62756
5.73534
-1.61084
6.05495
-1.59417
6.3923
-1.57743
6.74792
-1.56033
7.12249
-1.54315
7.51711
-1.52566
7.93376
-1.51242
6.07669
-1.49856
6.68691
-1.48343
7.35583
-1.46738
8.09405
-1.44995
8.90446
-1.43138
9.79561
-1.41107
10.7735
-1.38912
11.8472
-1.36563
13.0253
-1.3412
14.3251
-1.31714
15.7692
-1.29105
17.3799
19.1589
-1.82888
1.8298
0.221754
1.82758
0.234486
1.82493
0.24799
1.82126
0.26204
1.81754
0.276855
1.81295
0.292293
1.80827
0.30866
1.80233
0.325878
1.79677
0.343798
1.79
0.362839
1.78349
0.382615
1.77577
0.403605
1.768
0.425717
1.75901
0.448367
1.75032
0.472652
1.73973
0.497911
1.72732
0.524578
1.70881
0.551489
1.68375
0.576904
1.6496
0.598775
1.60817
0.615927
1.55909
0.627847
1.50618
0.635007
1.4508
0.638393
1.3965
0.640586
1.34504
0.643866
1.2991
0.652075
1.25794
0.669166
1.2224
0.698609
1.1907
0.743656
1.1644
0.805838
1.14341
0.886113
1.12956
0.9849
1.12199
1.10073
1.12157
1.23161
1.12683
1.37443
1.13786
1.5244
1.15222
1.67578
1.16943
1.82159
1.18672
1.95737
1.20318
2.08185
1.21772
2.19711
1.23082
2.30847
1.24278
2.42083
1.25438
2.53812
1.26564
2.66233
1.27688
2.79418
1.28776
2.93438
1.29859
3.08245
1.30908
3.2393
1.31889
3.40506
1.32825
3.58021
1.33698
3.76485
1.34486
3.95994
1.35192
4.16587
1.35802
4.38295
1.36302
4.61209
1.36696
4.85376
1.36975
5.1086
1.37144
5.37738
1.3717
5.66103
1.37083
5.96017
1.36854
6.27561
1.36506
6.6085
1.36014
6.95951
1.35374
7.32947
1.346
7.721
1.33865
6.04881
1.33026
6.64458
1.31996
7.30028
1.30808
8.02248
1.2942
8.81337
1.27817
9.68421
1.2596
10.6412
1.23793
11.6929
1.2141
12.8504
1.18577
14.1168
1.15617
15.528
1.11851
17.0305
18.8305
-1.82926
0.232057
-1.83023
0.243986
-1.83174
0.25684
-1.83364
0.269867
-1.83592
0.284043
-1.83862
0.298635
-1.84114
0.314132
-1.84458
0.330458
-1.84737
0.34764
-1.85111
0.365716
-1.85442
0.384948
-1.85838
0.40504
-1.86184
0.426383
-1.86615
0.448722
-1.8699
0.472608
-1.87417
0.497509
-1.87817
0.524087
-1.88266
0.551992
-1.88651
0.58148
-1.891
0.612771
-1.89493
0.645992
-1.89948
0.68079
-1.90325
0.717868
-1.90756
0.757075
-1.91089
0.798351
-1.91483
0.842336
-1.9179
0.888627
-1.92133
0.937815
-1.92365
0.989859
-1.92639
1.04502
-1.928
1.10298
-1.92974
1.16489
-1.93049
1.23014
-1.93126
1.29908
-1.93067
1.3722
-1.93035
1.44959
-1.92852
1.53124
-1.92684
1.61786
-1.92385
1.70932
-1.92061
1.80608
-1.91628
1.90842
-1.91128
2.01627
-1.90563
2.1307
-1.89944
2.2516
-1.8922
2.37895
-1.88455
2.51381
-1.87612
2.6562
-1.86692
2.80668
-1.85726
2.96552
-1.84663
3.1332
-1.8357
3.31035
-1.82398
3.4972
-1.81162
3.69439
-1.79884
3.9028
-1.7856
4.12252
-1.77184
4.35423
-1.7576
4.59898
-1.74296
4.85703
-1.72812
5.12944
-1.71284
5.41679
-1.6971
5.71959
-1.68122
6.03914
-1.66508
6.37614
-1.64857
6.73143
-1.63172
7.1057
-1.61438
7.49988
-1.59677
7.91631
-1.58362
6.06339
-1.56929
6.67265
-1.55407
7.34038
-1.53755
8.0776
-1.51981
8.88655
-1.50065
9.77654
-1.47969
10.7524
-1.45691
11.8245
-1.43284
13.0011
-1.4079
14.3002
-1.38289
15.7443
-1.35618
17.3533
19.1308
-1.81851
1.80689
0.224902
1.79988
0.237807
1.79368
0.251322
1.78779
0.265426
1.78227
0.280354
1.77676
0.29613
1.7714
0.312594
1.76596
0.33024
1.76028
0.348448
1.75466
0.367737
1.74862
0.387893
1.74244
0.409291
1.73593
0.431649
1.72897
0.454966
1.72144
0.479715
1.71358
0.505506
1.70486
0.532916
1.69404
0.562126
1.67864
0.592
1.6558
0.621492
1.62361
0.647897
1.58185
0.669524
1.53123
0.685456
1.47424
0.695319
1.41404
0.700667
1.35437
0.703487
1.29913
0.707233
1.2515
0.716778
1.2134
0.736669
1.18448
0.772574
1.16359
0.826717
1.14969
0.900038
1.14276
0.991837
1.14294
1.10058
1.15011
1.22445
1.16328
1.36129
1.18063
1.50708
1.20038
1.65607
1.22041
1.80157
1.2393
1.93852
1.25624
2.06492
1.27096
2.18242
1.2839
2.29552
1.29565
2.40909
1.30676
2.527
1.31765
2.65147
1.32835
2.78347
1.33896
2.92384
1.34925
3.07215
1.3591
3.22954
1.36859
3.39554
1.37769
3.57123
1.38601
3.75648
1.39383
3.95225
1.4006
4.15904
1.40687
4.37679
1.41199
4.6069
1.41626
4.84959
1.41917
5.10562
1.42128
5.37536
1.42201
5.66025
1.42174
5.96052
1.42009
6.27723
1.41722
6.61141
1.41282
6.96388
1.40703
7.33533
1.39969
7.72835
1.39304
6.0556
1.38481
6.65265
1.37504
7.31021
1.36349
8.03376
1.34999
8.82701
1.33384
9.70022
1.31534
10.6597
1.29361
11.7145
1.26934
12.8747
1.24045
14.1457
1.21002
15.5585
1.17127
17.0693
18.8618
-1.82431
0.234002
-1.82983
0.246269
-1.83468
0.259001
-1.83926
0.272518
-1.84351
0.286568
-1.84726
0.301342
-1.85116
0.31701
-1.85479
0.333652
-1.8584
0.3507
-1.86183
0.369084
-1.86544
0.388313
-1.86898
0.408701
-1.87253
0.42988
-1.87609
0.452504
-1.87977
0.476354
-1.88339
0.501376
-1.88705
0.527902
-1.8907
0.555904
-1.89449
0.585478
-1.89833
0.61684
-1.90205
0.649959
-1.90586
0.68481
-1.90949
0.72176
-1.91305
0.760822
-1.91652
0.802097
-1.92006
0.84605
-1.92329
0.892141
-1.92642
0.941102
-1.92933
0.993053
-1.9321
1.04793
-1.93444
1.1056
-1.93676
1.16733
-1.93843
1.23207
-1.94003
1.30079
-1.94126
1.37367
-1.94186
1.45029
-1.94223
1.53181
-1.94207
1.61778
-1.94133
1.70874
-1.94016
1.80498
-1.93822
1.90662
-1.93614
2.01426
-1.93313
2.1278
-1.92944
2.24797
-1.92533
2.37492
-1.92033
2.50887
-1.91477
2.6507
-1.90844
2.80046
-1.90147
2.9586
-1.8937
3.12558
-1.88537
3.30206
-1.87622
3.48826
-1.86664
3.68482
-1.85609
3.89248
-1.84507
4.11147
-1.83331
4.34268
-1.82135
4.58696
-1.80841
4.84428
-1.7952
5.11616
-1.78114
5.40287
-1.76685
5.70523
-1.75202
6.02439
-1.73667
6.36072
-1.72073
6.71553
-1.70434
7.08936
-1.68729
7.48299
-1.66982
7.89871
-1.65655
6.05026
-1.64242
6.65824
-1.62688
7.32492
-1.61033
8.06082
-1.59232
8.86864
-1.57278
9.75677
-1.5514
10.7311
-1.52834
11.8013
-1.50354
12.9764
-1.4782
14.2749
-1.45231
15.7186
-1.42472
17.3259
19.1013
-1.80139
1.80398
0.227677
1.80355
0.240666
1.80235
0.254144
1.80114
0.268234
1.79933
0.283178
1.79733
0.299161
1.79476
0.315764
1.79206
0.333604
1.78862
0.352211
1.78503
0.371774
1.78087
0.392205
1.77662
0.413868
1.77162
0.436693
1.76636
0.46048
1.76023
0.485809
1.75366
0.512302
1.74621
0.540273
1.73853
0.570006
1.72885
0.601543
1.71589
0.634645
1.69558
0.668022
1.66571
0.699567
1.62446
0.726492
1.5727
0.747228
1.51183
0.761297
1.4462
0.769237
1.37976
0.773408
1.31883
0.777801
1.26737
0.787818
1.23001
0.810018
1.20595
0.85043
1.19382
0.912242
1.18993
0.995373
1.19361
1.09698
1.20376
1.21397
1.22084
1.34428
1.2428
1.48481
1.26751
1.63144
1.29124
1.77756
1.31278
1.91706
1.33042
2.04703
1.34501
2.16791
1.35702
2.2833
1.36801
2.39818
1.37791
2.51691
1.38781
2.64167
1.39731
2.7738
1.4069
2.91429
1.41596
3.06293
1.42503
3.22057
1.4334
3.38701
1.44155
3.56319
1.44891
3.74898
1.45593
3.94534
1.46206
4.15278
1.46762
4.37135
1.47206
4.60234
1.47582
4.84595
1.47854
5.1028
1.48022
5.37378
1.48084
5.65954
1.48034
5.9611
1.47852
6.27899
1.47547
6.61452
1.4711
6.96821
1.46543
7.34106
1.45837
7.73552
1.45154
6.0623
1.44355
6.66082
1.4338
7.31974
1.42235
8.04537
1.40879
8.84041
1.39284
9.71628
1.3741
10.6783
1.35195
11.7367
1.32736
12.8992
1.29798
14.1752
1.26654
15.5899
1.22671
17.1092
18.8939
-1.80076
0.235828
-1.80071
0.248223
-1.80123
0.261096
-1.80267
0.275029
-1.80449
0.289227
-1.80714
0.304429
-1.81005
0.320235
-1.81339
0.337005
-1.81736
0.35462
-1.82151
0.372978
-1.82594
0.392463
-1.83055
0.412948
-1.83562
0.434511
-1.84074
0.457208
-1.84618
0.48126
-1.85155
0.506333
-1.85743
0.533176
-1.86311
0.56119
-1.86917
0.590906
-1.8749
0.622238
-1.88075
0.655162
-1.88662
0.690394
-1.89261
0.727109
-1.89838
0.766362
-1.90442
0.80751
-1.9097
0.851155
-1.91553
0.897377
-1.92069
0.946142
-1.92608
0.997871
-1.93072
1.0525
-1.93571
1.11006
-1.93975
1.17134
-1.94424
1.23609
-1.94775
1.30432
-1.95134
1.37683
-1.95425
1.45325
-1.95701
1.53421
-1.95892
1.61977
-1.96078
1.7103
-1.9618
1.80609
-1.96269
1.90727
-1.96243
2.0141
-1.96215
2.12731
-1.96088
2.24681
-1.95939
2.37325
-1.95691
2.50652
-1.95402
2.64765
-1.95015
2.79671
-1.94602
2.95431
-1.94089
3.12059
-1.9352
3.29621
-1.9285
3.48173
-1.9213
3.67746
-1.91311
3.88447
-1.90464
4.10286
-1.89492
4.33316
-1.88482
4.57673
-1.87373
4.83337
-1.86214
5.10446
-1.84985
5.39072
-1.83707
5.69236
-1.82325
6.01066
-1.8091
6.3465
-1.79406
6.70053
-1.77823
7.07363
-1.76207
7.46669
-1.74505
7.8819
-1.73226
6.03724
-1.71797
6.64408
-1.70269
7.30939
-1.68586
8.04411
-1.66793
8.85039
-1.64809
9.73703
-1.62648
10.7093
-1.60273
11.7776
-1.5777
12.9512
-1.55163
14.249
-1.52524
15.6923
-1.49721
17.2981
19.0703
-1.82119
1.82005
0.229172
1.81919
0.242061
1.81793
0.255497
1.81718
0.269556
1.81577
0.284603
1.81487
0.300562
1.81333
0.317188
1.81211
0.335225
1.81022
0.353839
1.80858
0.373733
1.80586
0.39454
1.8035
0.416455
1.80031
0.439412
1.79719
0.463785
1.79292
0.489536
1.78869
0.516692
1.78333
0.545047
1.77823
0.575272
1.77189
0.607241
1.76538
0.641353
1.7553
0.677449
1.74024
0.714842
1.71467
0.751434
1.67791
0.78421
1.62764
0.810989
1.56696
0.830136
1.49804
0.841778
1.4278
0.848266
1.3618
0.853274
1.30829
0.863768
1.27107
0.887115
1.25293
0.930644
1.24884
0.998958
1.25548
1.09062
1.26786
1.20112
1.2864
1.32603
1.30961
1.4612
1.33749
1.60384
1.36557
1.74912
1.39146
1.89147
1.41198
2.02619
1.42826
2.15192
1.44016
2.27112
1.45047
2.38816
1.45942
2.50774
1.46841
2.63294
1.47681
2.7652
1.48557
2.90585
1.49341
3.05494
1.50153
3.21274
1.50856
3.37985
1.51591
3.55613
1.52197
3.74279
1.52804
3.93957
1.53309
4.14758
1.53766
4.36702
1.54118
4.59867
1.54423
4.84309
1.54595
5.10093
1.5471
5.37279
1.54679
5.65972
1.5458
5.9622
1.54339
6.2813
1.54006
6.61792
1.53518
6.97299
1.5292
7.34712
1.52171
7.74289
1.51483
6.06925
1.50635
6.66924
1.4967
7.32959
1.48495
8.05702
1.47117
8.85439
1.45473
9.73241
1.43583
10.6972
1.4136
11.7587
1.38842
12.9246
1.35827
14.2053
1.32621
15.6222
1.28513
17.1503
18.9264
-1.82131
0.236346
-1.82171
0.248837
-1.82254
0.262235
-1.82333
0.276021
-1.82474
0.290777
-1.82635
0.306134
-1.82843
0.322246
-1.83083
0.339325
-1.83361
0.357119
-1.83663
0.375798
-1.84026
0.395602
-1.84389
0.416265
-1.84833
0.43828
-1.85265
0.461144
-1.85755
0.485351
-1.86251
0.510855
-1.86794
0.537684
-1.87328
0.5661
-1.87929
0.595917
-1.88478
0.627331
-1.89128
0.660611
-1.89696
0.695736
-1.90369
0.732768
-1.90947
0.771871
-1.91617
0.813146
-1.9221
0.856892
-1.9288
0.903042
-1.93447
0.951715
-1.94106
1.00347
-1.94638
1.05782
-1.95275
1.11551
-1.95778
1.17644
-1.96352
1.24098
-1.96803
1.30897
-1.97334
1.38137
-1.97724
1.45735
-1.98173
1.53801
-1.98499
1.62324
-1.98873
1.71343
-1.9911
1.8087
-1.99401
1.90966
-1.99562
2.01595
-1.99734
2.12859
-1.99795
2.24767
-1.99856
2.3735
-1.99816
2.50632
-1.99746
2.64667
-1.99576
2.79525
-1.99371
2.95204
-1.99051
3.11768
-1.98711
3.29263
-1.98254
3.47748
-1.97764
3.6724
-1.97157
3.87875
-1.96506
4.09617
-1.95742
4.32585
-1.94937
4.56849
-1.94026
4.82454
-1.93072
5.09474
-1.91977
5.37998
-1.90851
5.68093
-1.89615
5.99842
-1.88328
6.33348
-1.8693
6.68661
-1.85466
7.05886
-1.83888
7.45102
-1.82272
7.86571
-1.80997
6.02467
-1.79631
6.63021
-1.78101
7.29428
-1.76472
8.02743
-1.74643
8.83222
-1.72661
9.71691
-1.70469
10.6874
-1.68088
11.7535
-1.65508
12.9256
-1.62913
14.223
-1.60222
15.6657
-1.57344
17.2694
19.038
-1.87819
1.86757
0.229892
1.86317
0.242632
1.85857
0.256084
1.85495
0.270281
1.85092
0.285314
1.84827
0.301248
1.84475
0.317993
1.8428
0.335899
1.83957
0.35482
1.8379
0.374688
1.83489
0.395657
1.83313
0.417897
1.82971
0.441194
1.82771
0.465775
1.82392
0.491882
1.82159
0.519204
1.81714
0.548196
1.81408
0.57866
1.80901
0.611102
1.80568
0.645115
1.80028
0.6817
1.795
0.720628
1.78373
0.761615
1.76547
0.803022
1.73338
0.842083
1.68859
0.875439
1.62869
0.900777
1.56009
0.917362
1.48589
0.926618
1.41693
0.933169
1.3597
0.943501
1.32387
0.966914
1.30931
1.01269
1.31468
1.08566
1.33023
1.1848
1.35263
1.30402
1.3768
1.43634
1.40514
1.57586
1.43453
1.71911
1.46438
1.86196
1.48952
2.00049
1.50961
2.13215
1.52347
2.25677
1.53432
2.37761
1.54247
2.49917
1.55072
2.62495
1.55832
2.75725
1.56641
2.89801
1.5738
3.04725
1.58119
3.20559
1.58772
3.37306
1.59416
3.54996
1.5997
3.73701
1.60507
3.93445
1.60913
4.14328
1.61307
4.36334
1.61576
4.59575
1.6181
4.84097
1.61907
5.09976
1.61945
5.37259
1.61849
5.6605
1.61684
5.96399
1.61378
6.28423
1.60977
6.622
1.60441
6.97825
1.59791
7.35371
1.58973
7.751
1.58241
6.07662
1.57396
6.6779
1.56363
7.33989
1.55168
8.06933
1.53735
8.86837
1.52084
9.74904
1.50129
10.7164
1.47854
11.7817
1.45261
12.9503
1.42195
14.2363
1.38891
15.6551
1.34671
17.1926
18.9589
-1.88215
0.235852
-1.88592
0.248579
-1.88936
0.261969
-1.89249
0.276042
-1.89561
0.290836
-1.89795
0.306252
-1.90093
0.322715
-1.9031
0.33989
-1.90603
0.357932
-1.90819
0.376873
-1.91137
0.396951
-1.91375
0.417897
-1.91705
0.439925
-1.91961
0.463221
-1.92338
0.487585
-1.92624
0.513384
-1.93054
0.540506
-1.93371
0.569068
-1.93827
0.599025
-1.94193
0.630854
-1.94701
0.664253
-1.95083
0.699487
-1.95611
0.736615
-1.96033
0.776086
-1.96588
0.817285
-1.97016
0.861226
-1.97591
0.907409
-1.98033
0.956248
-1.98604
1.00786
-1.99055
1.06248
-1.99614
1.11983
-2.0005
1.18101
-2.00602
1.24532
-2.01018
1.31337
-2.01539
1.3855
-2.01912
1.46135
-2.02408
1.542
-2.02748
1.62691
-2.03181
1.7169
-2.03463
1.81181
-2.03825
1.91253
-2.04045
2.01841
-2.04328
2.13077
-2.04492
2.24956
-2.04673
2.37477
-2.04744
2.50726
-2.04832
2.6471
-2.04796
2.79516
-2.04754
2.95124
-2.04607
3.11647
-2.04445
3.29068
-2.04145
3.47478
-2.03845
3.66909
-2.0339
3.87452
-2.02951
4.09149
-2.02343
4.32008
-2.01734
4.56212
-2.00961
4.8171
-2.00182
5.0867
-1.99249
5.37088
-1.98286
5.6711
-1.97183
5.98755
-1.95994
6.32143
-1.94716
6.67389
-1.93349
7.04506
-1.91891
7.43654
-1.90325
7.85022
-1.89127
6.0125
-1.87747
6.6167
-1.86291
7.27935
-1.84642
8.01115
-1.82855
8.81401
-1.80848
9.69696
-1.78656
10.6652
-1.76225
11.7294
-1.73675
12.8999
-1.71018
14.1968
-1.68289
15.6383
-1.65395
17.2406
19.005
-1.95843
1.95284
0.23076
1.94978
0.243898
1.94637
0.257365
1.94364
0.27181
1.94016
0.286932
1.93766
0.302933
1.93414
0.319859
1.93161
0.337946
1.92825
0.356683
1.92576
0.376909
1.92189
0.398154
1.91924
0.420462
1.91506
0.44411
1.91183
0.469045
1.9073
0.495234
1.90378
0.522886
1.89865
0.552231
1.89445
0.583097
1.88884
0.615685
1.88417
0.650085
1.87836
0.686531
1.87401
0.725337
1.86789
0.766789
1.86026
0.811061
1.8445
0.856948
1.8187
0.901671
1.77641
0.94223
1.71939
0.974826
1.6478
0.997431
1.57041
1.011
1.49386
1.01929
1.43166
1.02958
1.39101
1.05256
1.37862
1.09857
1.38813
1.17454
1.4126
1.2801
1.44082
1.4074
1.47035
1.5469
1.49866
1.69014
1.52827
1.83291
1.55573
1.97243
1.58079
2.10766
1.59937
2.23765
1.61354
2.36397
1.62285
2.48939
1.63133
2.61698
1.63816
2.75001
1.64582
2.89078
1.65282
3.0399
1.66034
3.19847
1.66684
3.36625
1.67324
3.54392
1.67843
3.73152
1.68361
3.92964
1.68756
4.13905
1.69129
4.35997
1.6936
4.59314
1.6956
4.83929
1.69619
5.0989
1.69621
5.37283
1.69488
5.66159
1.69272
5.96633
1.68919
6.28757
1.68456
6.62675
1.67864
6.98401
1.67176
7.36078
1.66308
7.75951
1.65542
6.08446
1.64611
6.68717
1.63562
7.3509
1.62278
8.08188
1.60835
8.88314
1.59066
9.76625
1.57084
10.7364
1.5472
11.8049
1.52094
12.9769
1.48921
14.2678
1.45573
15.6888
1.41173
17.2366
18.9901
-1.96076
0.235877
-1.96254
0.248633
-1.96451
0.261944
-1.9657
0.276096
-1.96759
0.290994
-1.96862
0.306542
-1.97047
0.323023
-1.97137
0.340377
-1.97345
0.35862
-1.97455
0.377785
-1.97685
0.397967
-1.97814
0.419175
-1.98089
0.441478
-1.98247
0.464923
-1.98559
0.489585
-1.98769
0.515688
-1.99122
0.542979
-1.9936
0.571711
-1.99769
0.602115
-2.0005
0.633965
-2.005
0.667798
-2.00836
0.703178
-2.0131
0.740439
-2.0167
0.780025
-2.02192
0.821614
-2.02585
0.865498
-2.03105
0.911751
-2.03526
0.960786
-2.04066
1.01243
-2.04492
1.06707
-2.05044
1.12457
-2.05469
1.18558
-2.06012
1.25
-2.06442
1.31799
-2.06952
1.38991
-2.07366
1.46582
-2.07838
1.54608
-2.08213
1.63102
-2.08668
1.72088
-2.09
1.8155
-2.09389
1.9159
-2.09684
2.02176
-2.10031
2.13379
-2.1024
2.25207
-2.10509
2.37706
-2.10656
2.50916
-2.10839
2.64859
-2.10887
2.79606
-2.10977
2.95184
-2.10925
3.11644
-2.10884
3.29
-2.1071
3.47359
-2.10564
3.66736
-2.10245
3.87193
-2.09926
4.08801
-2.09478
4.31618
-2.09011
4.55714
-2.0839
4.81136
-2.07739
5.07986
-2.06944
5.36327
-2.06103
5.66238
-2.05116
5.97791
-2.04071
6.31071
-2.02884
6.66214
-2.01633
7.03231
-2.00221
7.4226
-1.98785
7.83563
-1.97586
6.00071
-1.96278
6.60348
-1.94814
7.26508
-1.93222
7.99495
-1.91404
8.7961
-1.89433
9.6768
-1.87182
10.6429
-1.84778
11.705
-1.82172
12.8742
-1.79543
14.1702
-1.76821
15.6114
-1.73886
17.2114
18.9719
-2.07026
2.05989
0.231878
2.05246
0.245184
2.04485
0.259085
2.0374
0.27356
2.03012
0.288821
2.0232
0.305064
2.01643
0.322082
2.01061
0.340246
2.00448
0.359177
1.99941
0.379477
1.99388
0.400811
1.98934
0.423363
1.98401
0.447157
1.97962
0.472387
1.97424
0.498736
1.96987
0.526657
1.96439
0.556124
1.95994
0.587245
1.95425
0.619996
1.94955
0.654704
1.9435
0.691357
1.93896
0.729965
1.93347
0.771159
1.92962
0.815127
1.92325
0.862277
1.91318
0.912069
1.89172
0.962748
1.85642
1.01051
1.80169
1.05133
1.73096
1.08215
1.64801
1.10148
1.56546
1.11254
1.49469
1.12264
1.45104
1.14265
1.4394
1.18553
1.45896
1.26097
1.49581
1.36997
1.538
1.50515
1.57435
1.65328
1.60502
1.80265
1.62978
1.94723
1.65252
2.0853
1.67169
2.21809
1.68806
2.34795
1.6998
2.47731
1.70899
2.6081
1.71584
2.74285
1.72278
2.8841
1.72911
3.03327
1.73627
3.19169
1.74259
3.35964
1.74949
3.53749
1.75492
3.72578
1.76073
3.9244
1.76499
4.13448
1.76935
4.3562
1.77206
4.59012
1.77468
4.83719
1.77552
5.09778
1.77602
5.37273
1.77473
5.6627
1.77274
5.96865
1.76898
6.29128
1.76444
6.63157
1.75816
6.99036
1.7508
7.36849
1.74185
7.76862
1.73339
6.09321
1.72403
6.69726
1.71231
7.36243
1.69944
8.0955
1.6835
8.89864
1.66559
9.78449
1.64449
10.7572
1.62044
11.8294
1.59299
13.0043
1.56057
14.3006
1.52623
15.7233
1.47994
17.2831
19.0175
-2.07387
0.23595
-2.07579
0.2485
-2.07801
0.261753
-2.07874
0.275865
-2.08004
0.290611
-2.08014
0.306297
-2.08119
0.322807
-2.08088
0.340082
-2.08154
0.358272
-2.08109
0.377543
-2.08185
0.397858
-2.08158
0.419225
-2.08245
0.441578
-2.08238
0.465232
-2.08362
0.490125
-2.08385
0.516341
-2.08542
0.543901
-2.08604
0.572784
-2.08801
0.603481
-2.08922
0.635639
-2.09149
0.669507
-2.09304
0.705205
-2.09591
0.742785
-2.09796
0.782545
-2.10115
0.824307
-2.10367
0.868494
-2.10729
0.914905
-2.11014
0.964084
-2.11416
1.01601
-2.11729
1.07063
-2.12151
1.12837
-2.12488
1.18934
-2.12926
1.25398
-2.1328
1.32188
-2.13729
1.39399
-2.14094
1.46978
-2.14532
1.55005
-2.14901
1.63498
-2.15307
1.72451
-2.15672
1.81938
-2.16068
1.91942
-2.16391
2.0252
-2.16739
2.13682
-2.17013
2.25498
-2.17333
2.37981
-2.17535
2.51129
-2.17789
2.65068
-2.17938
2.79764
-2.18087
2.95288
-2.18136
3.11707
-2.18187
3.29005
-2.18124
3.47318
-2.18038
3.66603
-2.17837
3.87027
-2.17636
4.08555
-2.17267
4.31288
-2.16914
4.55317
-2.1639
4.80653
-2.15859
5.07417
-2.15166
5.35668
-2.1443
5.65476
-2.1353
5.96921
-2.12587
6.30114
-2.11485
6.65138
-2.10298
7.02044
-2.09003
7.40997
-2.07594
7.82162
-2.06445
5.98951
-2.0515
6.59116
-2.03727
7.25067
-2.02085
7.97919
-2.00348
8.77827
-1.98328
9.6569
-1.96133
10.6205
-1.9366
11.6806
-1.91123
12.8486
-1.88476
14.1442
-1.85748
15.5842
-1.82827
17.1824
18.9406
-2.11885
2.1162
0.234417
2.11532
0.24788
2.11462
0.261963
2.11411
0.276635
2.11328
0.292211
2.11228
0.308615
2.11086
0.325889
2.10907
0.344011
2.10709
0.363123
2.10449
0.38345
2.10192
0.404925
2.0985
0.427617
2.09539
0.451431
2.09165
0.476569
2.08803
0.50323
2.08367
0.531201
2.07961
0.560829
2.07491
0.591954
2.07056
0.624829
2.06551
0.65968
2.06086
0.696371
2.05563
0.735082
2.05094
0.776135
2.04655
0.819409
2.04319
0.865874
2.0396
0.915563
2.034
0.968551
2.02025
1.02419
1.99254
1.07922
1.94453
1.13011
1.87369
1.17247
1.78249
1.2037
1.68054
1.22474
1.58254
1.24061
1.50678
1.26141
1.46776
1.29995
1.46969
1.36814
1.50494
1.46985
1.55795
1.60035
1.61279
1.74779
1.66042
1.89965
1.69831
2.04739
1.72802
2.18841
1.75146
2.32458
1.76989
2.45889
1.78422
2.59388
1.79484
2.73225
1.80337
2.87586
1.81051
3.02617
1.81766
3.18515
1.82411
3.35325
1.83103
3.53148
1.83694
3.71995
1.84322
3.91935
1.84789
4.12994
1.85313
4.35233
1.85621
4.58726
1.85958
4.83525
1.86084
5.09686
1.86213
5.37288
1.86105
5.66424
1.85969
5.97136
1.85607
6.29544
1.85161
6.6372
1.84501
6.99744
1.83733
7.37729
1.82734
7.77889
1.8191
6.10258
1.80792
6.70832
1.79642
7.3751
1.7817
8.11011
1.76536
8.91564
1.74597
9.80398
1.72425
10.7793
1.69844
11.8553
1.67042
13.0327
1.63537
14.3359
1.60289
15.756
1.54958
17.3365
19.0345
-2.12064
0.237209
-2.12296
0.249768
-2.12473
0.263023
-2.12698
0.277131
-2.12853
0.291753
-2.13053
0.307444
-2.13196
0.323967
-2.13376
0.341146
-2.13512
0.359511
-2.13692
0.378712
-2.13817
0.399107
-2.13993
0.420443
-2.14118
0.442922
-2.14318
0.466719
-2.14452
0.491648
-2.14674
0.518053
-2.14829
0.545693
-2.15083
0.574811
-2.15283
0.605752
-2.15564
0.637914
-2.1579
0.672062
-2.16129
0.70805
-2.16413
0.745929
-2.16788
0.785726
-2.17108
0.827793
-2.17529
0.872148
-2.17884
0.918728
-2.18349
0.968196
-2.18738
1.02013
-2.19226
1.07502
-2.19643
1.13275
-2.20148
1.19396
-2.20603
1.25868
-2.21098
1.32652
-2.21555
1.39868
-2.22051
1.4745
-2.22532
1.55493
-2.23003
1.63957
-2.23456
1.7291
-2.23899
1.82379
-2.24332
1.92378
-2.24735
2.02935
-2.25128
2.14076
-2.25488
2.25883
-2.25819
2.38313
-2.26111
2.51464
-2.26385
2.65346
-2.26591
2.80026
-2.26818
2.95519
-2.26903
3.11874
-2.27028
3.29137
-2.26975
3.47382
-2.26988
3.66627
-2.26796
3.86977
-2.26673
4.08447
-2.26337
4.31118
-2.26049
4.55053
-2.25534
4.80306
-2.2507
5.06986
-2.2439
5.35151
-2.23724
5.64854
-2.22847
5.96194
-2.21945
6.29263
-2.2086
6.64181
-2.19738
7.00966
-2.18414
7.39792
-2.1709
7.80861
-2.15913
5.97893
-2.14689
6.57877
-2.13199
7.23693
-2.11639
7.96345
-2.09793
8.76046
-2.07775
9.63677
-2.0549
10.5981
-2.03055
11.6564
-2.00441
12.823
-1.97848
14.1185
-1.95217
15.5583
-1.92002
17.1505
18.9167
-2.16313
2.17067
2.17323
2.176
2.1774
2.17925
2.17936
2.18039
2.17942
2.17956
2.1777
2.17739
2.17504
2.17427
2.17127
2.17007
2.16659
2.16497
2.16106
2.15895
2.15468
2.15222
2.14742
2.14454
2.1394
2.13664
2.13235
2.13003
2.12422
2.11502
2.09354
2.05876
2.00509
1.93736
1.85981
1.78622
1.72808
1.69846
1.69863
1.72234
1.75664
1.79018
1.8176
1.83712
1.85249
1.8635
1.87358
1.88032
1.8874
1.89154
1.89743
1.90124
1.90783
1.91223
1.91951
1.92421
1.93142
1.93586
1.94198
1.94502
1.9486
1.94916
1.94917
1.94645
1.94235
1.93561
1.92738
1.91687
1.90709
1.89621
1.88271
1.86737
1.84944
1.82846
1.8054
1.77731
1.74976
1.7095
1.68314
1.61362
-2.15975
-2.15832
-2.15614
-2.15588
-2.15445
-2.15504
-2.15386
-2.15502
-2.15427
-2.15578
-2.15532
-2.15714
-2.15712
-2.15926
-2.15961
-2.16213
-2.16292
-2.16602
-2.1672
-2.17082
-2.17275
-2.17681
-2.17929
-2.18401
-2.18722
-2.19246
-2.19644
-2.20225
-2.2069
-2.21334
-2.21869
-2.22566
-2.23158
-2.23895
-2.24555
-2.25319
-2.26028
-2.26794
-2.27554
-2.28312
-2.29076
-2.2978
-2.30536
-2.31165
-2.31872
-2.32398
-2.33012
-2.33403
-2.33889
-2.34136
-2.34493
-2.34558
-2.34766
-2.34646
-2.34693
-2.34388
-2.34259
-2.33813
-2.3349
-2.32879
-2.32338
-2.31562
-2.30794
-2.29814
-2.28796
-2.27595
-2.26289
-2.25165
-2.23876
-2.22491
-2.20887
-2.19121
-2.17116
-2.14897
-2.12497
-2.09977
-2.07429
-2.05012
-2.01113
)
;

boundaryField
{
    inlet
    {
        type            calculated;
        value           nonuniform List<scalar> 
134
(
-23.1276
-23.8178
-28.723
-26.1662
-27.8027
-30.1697
-30.2458
-31.8761
-33.8256
-45.8575
3.51614
4.28108
3.69711
3.28377
2.95114
2.69437
2.48628
2.31377
2.16357
2.02617
-22.7386
1.88771
1.73052
1.55553
1.34489
1.18582
1.1908
1.03539
1.21196
1.36925
0.500584
0.977262
0.956288
0.940666
0.934384
0.943705
0.980054
1.04646
1.19028
1.22802
-23.345
-31.0107
-32.4289
-36.3275
-42.8444
-48.953
-47.088
0.450879
0.472394
0.495009
0.518571
0.543152
0.568896
0.595834
0.624036
0.653528
0.684537
0.716722
0.750721
0.78622
0.823522
0.862325
0.903243
0.946152
0.991334
1.03844
1.08804
1.13999
1.19465
1.25267
1.31427
1.38056
1.45262
1.53259
1.5659
-7.22238
-5.0073
-3.83538
-2.98025
-2.40527
-1.93734
-1.58447
-1.3366
-1.14026
-1.00132
-0.910914
-0.863906
-0.854516
-0.891722
-0.983113
-1.07888
-1.09352
-1.06212
-1.0345
-1.00945
-0.987538
-0.966622
-0.947455
-0.93174
-0.921334
-0.919751
-0.933526
-0.973835
-1.04402
-1.19142
-0.957403
-0.470561
-0.494074
-0.518758
-0.544636
-0.571796
-0.600328
-0.630301
-0.661749
-0.694733
-0.729366
-0.765756
-0.80399
-0.844105
-0.88624
-0.930571
-0.97742
-1.02635
-1.07799
-1.26447
-1.32797
-1.39512
-1.4661
-1.54106
-1.62083
-1.70564
-1.79688
-1.89606
-2.00489
)
;
    }
    outlet
    {
        type            calculated;
        value           nonuniform List<scalar> 
160
(
0.236432
0.238103
0.249797
0.250734
0.263932
0.264054
0.278803
0.278096
0.294452
0.292907
0.310921
0.308533
0.328242
0.324998
0.346522
0.342383
0.365775
0.36071
0.386099
0.380015
0.407566
0.400403
0.430253
0.421881
0.454206
0.444523
0.479501
0.468377
0.506212
0.493517
0.534381
0.520028
0.564084
0.547932
0.595411
0.577338
0.628483
0.608336
0.663409
0.640967
0.700338
0.67535
0.739319
0.711593
0.780498
0.749749
0.824001
0.789969
0.870138
0.832349
0.919377
0.877027
0.972412
0.924077
1.0296
0.973759
1.08999
1.02619
1.15137
1.08144
1.20881
1.13953
1.25735
1.20112
1.29399
1.26608
1.31854
1.33442
1.33659
1.4068
1.35888
1.48296
1.39946
1.56357
1.47106
1.6485
1.57842
1.73828
1.71534
1.83304
1.86791
1.93305
2.02242
2.03857
2.17074
2.15001
2.31217
2.26776
2.44978
2.39196
2.5873
2.52302
2.72749
2.66145
2.87269
2.8077
3.02408
2.96199
3.18347
3.12506
3.35155
3.29696
3.52947
3.47876
3.7177
3.67045
3.91677
3.87313
4.12734
4.08702
4.34974
4.31274
4.58478
4.55122
4.83327
4.80286
5.09554
5.0684
5.37264
5.34892
5.66511
5.64461
5.9738
5.95682
6.2993
6.28616
6.64295
6.63382
7.005
7.00038
7.38661
7.38713
7.79016
7.79637
6.11322
5.96871
6.72048
6.5673
7.38919
7.22378
8.12633
7.94843
8.93402
8.74333
9.8253
9.61715
10.8027
10.5763
11.8837
11.6327
13.0604
12.798
14.3762
14.0932
15.7824
15.5342
17.406
17.1115
19.0822
18.9105
)
;
    }
    walls
    {
        type            calculated;
        value           uniform 0;
    }
    frontAndBack
    {
        type            empty;
    }
}


// ************************************************************************* //
