/*--------------------------------*- C++ -*----------------------------------*\
| =========                 |                                                 |
| \\      /  F ield         | OpenFOAM: The Open Source CFD Toolbox           |
|  \\    /   O peration     | Version:  2412                                  |
|   \\  /    A nd           | Website:  www.openfoam.com                      |
|    \\/     M anipulation  |                                                 |
\*---------------------------------------------------------------------------*/
FoamFile
{
    version     2.0;
    format      ascii;
    arch        "LSB;label=32;scalar=64";
    class       volScalarField;
    location    "500";
    object      nut;
}
// * * * * * * * * * * * * * * * * * * * * * * * * * * * * * * * * * * * * * //

dimensions      [0 2 -1 0 0 0 0];

internalField   nonuniform List<scalar> 
10720
(
2.16632e-05
2.49376e-05
2.93589e-05
3.51555e-05
4.27579e-05
5.27236e-05
6.58568e-05
8.25486e-05
0.000104255
0.000131271
0.000164521
0.000206918
0.000261552
0.000341466
0.000433398
0.00068666
0.000399362
0.00978038
0.0128855
0.0172262
0.0235744
0.0295418
0.0322559
0.0354944
0.0375665
0.0386242
0.0390883
0.0392491
0.0393618
0.0397742
0.0405981
0.0417867
0.0432916
0.0452654
0.0478876
0.0506878
0.0506127
0.0411722
0.0475203
1.88735e-05
1.64718e-05
1.41455e-05
1.20233e-05
1.00733e-05
8.38261e-06
7.21705e-06
7.89636e-06
1.00417e-05
1.38101e-05
1.9949e-05
2.97199e-05
4.47054e-05
6.66124e-05
9.66749e-05
0.000136749
0.00019102
0.000267997
0.000383994
0.000568613
0.000877859
0.00140657
0.00239491
0.00427137
0.00832754
0.0165969
0.0365906
0.0729073
0.101487
0.114032
0.118434
0.120436
0.121645
0.122378
0.122864
0.12334
0.123876
0.125375
0.116339
5.23165e-06
5.12838e-06
5.03368e-06
4.95353e-06
4.86429e-06
4.78637e-06
4.73179e-06
4.71747e-06
4.68186e-06
5.14084e-06
6.90203e-06
1.35927e-05
3.17362e-05
8.99638e-05
0.000138432
0.000446267
1.00353e-07
0.00358378
0.00959955
0.0628084
0.0887689
0.0897036
0.0851986
0.0895171
0.088868
0.0840996
0.0790285
0.074756
0.0708835
0.0678281
0.0658541
0.0650618
0.0656957
0.0688045
0.0756995
0.0863466
0.0989435
0.131284
0.229796
5.31474e-06
5.42387e-06
5.51954e-06
5.64299e-06
5.76386e-06
5.87589e-06
5.96088e-06
5.93433e-06
5.81984e-06
5.65154e-06
5.4449e-06
5.20834e-06
4.94625e-06
4.65821e-06
4.33075e-06
3.94171e-06
3.5639e-06
2.96962e-06
2.15674e-06
1.74727e-06
1.21565e-06
2.58243e-07
0.000512788
0.000308208
0.000387077
0.000213756
0.000700902
0.00473968
0.0154494
0.030925
0.0466363
0.0581909
0.0645487
0.0676397
0.0694175
0.0708446
0.0724067
0.073363
0.0780044
6.21177e-06
6.22795e-06
6.24456e-06
6.26243e-06
6.28422e-06
6.30853e-06
6.33645e-06
6.36938e-06
6.40893e-06
6.45766e-06
6.52653e-06
6.42914e-06
5.24864e-06
7.64094e-06
1.73834e-06
0.000119803
3.71652e-05
0.000774555
0.00375637
0.0296623
0.0985016
0.152833
0.182978
0.201902
0.203284
0.193374
0.181435
0.171502
0.162487
0.155061
0.149966
0.147443
0.147535
0.152275
0.165495
0.188156
0.216158
0.285093
0.473462
6.19935e-06
6.18155e-06
6.16877e-06
6.1501e-06
6.13615e-06
6.12169e-06
6.11104e-06
6.11384e-06
6.12521e-06
6.14295e-06
6.16354e-06
6.18862e-06
6.21786e-06
6.24998e-06
6.2863e-06
6.32739e-06
6.36605e-06
6.44265e-06
6.51346e-06
6.4993e-06
6.59996e-06
6.95977e-06
7.34835e-06
3.70493e-06
4.89669e-06
5.22829e-06
5.49198e-06
7.16592e-07
5.45004e-05
0.000752468
0.00292906
0.00716284
0.0132096
0.020401
0.028064
0.0355179
0.0426503
0.0467647
0.0607523
6.06621e-06
6.06447e-06
6.06414e-06
6.06453e-06
6.06546e-06
6.06817e-06
6.07322e-06
6.08074e-06
6.09171e-06
6.11048e-06
6.12506e-06
6.19705e-06
5.91527e-06
6.04805e-06
2.69154e-06
5.98177e-06
6.51261e-08
3.758e-06
0.00024174
0.00369537
0.0512682
0.1475
0.230733
0.279791
0.305919
0.314852
0.310108
0.296833
0.281463
0.268076
0.258589
0.253606
0.252589
0.25803
0.277231
0.313309
0.359483
0.466978
0.754153
6.06581e-06
6.06737e-06
6.06988e-06
6.07167e-06
6.07585e-06
6.07794e-06
6.07867e-06
6.07724e-06
6.07461e-06
6.07177e-06
6.06865e-06
6.06507e-06
6.06171e-06
6.0584e-06
6.0548e-06
6.05139e-06
6.04842e-06
6.04401e-06
6.04278e-06
6.04406e-06
6.03471e-06
6.01635e-06
6.00671e-06
6.01533e-06
6.02951e-06
6.05213e-06
6.07374e-06
6.18689e-06
6.34578e-06
5.3046e-06
2.84192e-06
1.06059e-05
0.000169109
0.000615213
0.00165485
0.00349065
0.00685335
0.009637
0.0202849
6.08529e-06
6.0861e-06
6.08637e-06
6.08728e-06
6.08891e-06
6.09093e-06
6.09363e-06
6.09728e-06
6.10235e-06
6.10923e-06
6.11983e-06
6.13304e-06
6.14896e-06
6.13263e-06
6.06478e-06
3.70156e-06
3.36989e-06
6.59843e-08
0
0.00140329
0.0111461
0.0864151
0.216109
0.320707
0.381384
0.416095
0.431468
0.431099
0.419139
0.402939
0.389275
0.381538
0.379885
0.386613
0.411314
0.461893
0.528205
0.674102
1.05846
6.08381e-06
6.0823e-06
6.08287e-06
6.08159e-06
6.08294e-06
6.08254e-06
6.0813e-06
6.08046e-06
6.08013e-06
6.08039e-06
6.08079e-06
6.08132e-06
6.08217e-06
6.08311e-06
6.08441e-06
6.08594e-06
6.08774e-06
6.08982e-06
6.092e-06
6.09445e-06
6.09762e-06
6.10106e-06
6.10404e-06
6.10657e-06
6.10971e-06
6.11358e-06
6.11797e-06
6.12237e-06
6.12627e-06
6.13672e-06
6.1737e-06
6.20677e-06
6.0819e-06
5.33761e-06
4.49224e-06
3.26189e-06
3.45303e-05
9.60658e-05
0.000430985
6.07982e-06
6.08007e-06
6.08108e-06
6.08207e-06
6.08274e-06
6.08357e-06
6.08451e-06
6.08562e-06
6.08736e-06
6.08944e-06
6.09393e-06
6.09473e-06
6.11912e-06
6.04986e-06
6.40019e-06
5.39541e-06
7.53145e-06
4.8184e-07
1.62643e-11
0
0.00397391
0.0301471
0.145887
0.306382
0.423651
0.493086
0.534236
0.55415
0.556618
0.547695
0.535542
0.527492
0.527253
0.537954
0.568464
0.633734
0.721086
0.903901
1.37914
6.07828e-06
6.07754e-06
6.07824e-06
6.07748e-06
6.07892e-06
6.07915e-06
6.07847e-06
6.07783e-06
6.07762e-06
6.07773e-06
6.07788e-06
6.07818e-06
6.07849e-06
6.07862e-06
6.07879e-06
6.07893e-06
6.07909e-06
6.07927e-06
6.07946e-06
6.07961e-06
6.07972e-06
6.07953e-06
6.07961e-06
6.08013e-06
6.08107e-06
6.08236e-06
6.08404e-06
6.08621e-06
6.08897e-06
6.09243e-06
6.09651e-06
6.1015e-06
6.10743e-06
6.11967e-06
6.13048e-06
6.18379e-06
6.10679e-06
5.95677e-06
4.71079e-06
6.07956e-06
6.08006e-06
6.08108e-06
6.08185e-06
6.0823e-06
6.08268e-06
6.08305e-06
6.08363e-06
6.08439e-06
6.08534e-06
6.08709e-06
6.08797e-06
6.09649e-06
6.07426e-06
6.16286e-06
5.98298e-06
6.6845e-06
6.77525e-06
1.50644e-08
0
4.95537e-07
0.000321392
0.0652222
0.232328
0.415826
0.539719
0.614877
0.660572
0.683482
0.689829
0.687497
0.685218
0.690707
0.710215
0.749717
0.829362
0.937625
1.15475
1.7111
6.07808e-06
6.07728e-06
6.07764e-06
6.07677e-06
6.07766e-06
6.07803e-06
6.07746e-06
6.07718e-06
6.07748e-06
6.07793e-06
6.07838e-06
6.07875e-06
6.07907e-06
6.0792e-06
6.07936e-06
6.07949e-06
6.0797e-06
6.07998e-06
6.08038e-06
6.08086e-06
6.08144e-06
6.0821e-06
6.08284e-06
6.08368e-06
6.08463e-06
6.0858e-06
6.08724e-06
6.089e-06
6.09114e-06
6.09372e-06
6.09684e-06
6.10057e-06
6.10492e-06
6.11035e-06
6.11465e-06
6.12796e-06
6.10086e-06
6.26872e-06
5.5469e-06
6.07888e-06
6.07955e-06
6.08066e-06
6.08151e-06
6.0821e-06
6.08274e-06
6.08333e-06
6.08379e-06
6.08431e-06
6.08484e-06
6.08537e-06
6.08626e-06
6.08676e-06
6.08969e-06
6.07521e-06
6.14843e-06
5.80299e-06
8.49828e-06
2.45839e-06
8.40371e-11
0
0.000780633
0.0116621
0.128854
0.344594
0.541166
0.66759
0.746762
0.795719
0.822606
0.836314
0.846638
0.864018
0.898907
0.955058
1.04985
1.17783
1.42555
2.05058
6.07746e-06
6.07674e-06
6.07692e-06
6.07606e-06
6.07633e-06
6.07682e-06
6.07649e-06
6.07664e-06
6.0773e-06
6.07783e-06
6.07826e-06
6.07858e-06
6.07883e-06
6.07889e-06
6.07894e-06
6.07892e-06
6.07892e-06
6.07896e-06
6.07908e-06
6.07923e-06
6.07943e-06
6.07963e-06
6.07986e-06
6.08008e-06
6.08024e-06
6.08041e-06
6.08057e-06
6.08071e-06
6.08109e-06
6.08165e-06
6.08242e-06
6.08342e-06
6.08473e-06
6.08629e-06
6.08868e-06
6.08957e-06
6.09989e-06
6.06981e-06
6.22512e-06
6.07855e-06
6.07929e-06
6.08038e-06
6.08119e-06
6.08172e-06
6.08225e-06
6.08269e-06
6.083e-06
6.08331e-06
6.08357e-06
6.08363e-06
6.08401e-06
6.08342e-06
6.08782e-06
6.0716e-06
6.1295e-06
5.93787e-06
6.33461e-06
9.14164e-06
1.67149e-08
0
0
0.00509954
0.0476679
0.228531
0.480413
0.679923
0.807229
0.889692
0.942546
0.976854
1.00483
1.03986
1.09695
1.18046
1.29664
1.44213
1.7156
2.39455
6.07714e-06
6.07646e-06
6.07658e-06
6.07588e-06
6.07549e-06
6.07594e-06
6.0759e-06
6.07642e-06
6.07713e-06
6.07766e-06
6.07809e-06
6.07839e-06
6.07861e-06
6.07868e-06
6.07871e-06
6.07865e-06
6.0786e-06
6.07857e-06
6.07862e-06
6.07872e-06
6.07889e-06
6.0791e-06
6.07939e-06
6.07973e-06
6.08011e-06
6.08061e-06
6.08125e-06
6.08204e-06
6.08295e-06
6.08399e-06
6.08515e-06
6.08645e-06
6.08788e-06
6.08944e-06
6.09102e-06
6.09295e-06
6.09357e-06
6.10007e-06
6.0791e-06
6.07823e-06
6.07905e-06
6.08015e-06
6.08095e-06
6.08146e-06
6.08198e-06
6.08241e-06
6.08276e-06
6.08314e-06
6.0835e-06
6.08385e-06
6.08423e-06
6.08461e-06
6.08489e-06
6.08599e-06
6.07382e-06
6.16331e-06
5.58678e-06
8.76194e-06
2.3802e-06
1.94108e-10
0
0.000182621
0.00309436
0.110929
0.360945
0.634299
0.83169
0.960266
1.04619
1.10591
1.15529
1.21194
1.29636
1.41689
1.56975
1.73134
2.02456
2.739
6.0768e-06
6.07614e-06
6.07627e-06
6.07588e-06
6.07494e-06
6.07523e-06
6.0755e-06
6.0762e-06
6.07692e-06
6.07742e-06
6.07784e-06
6.07814e-06
6.07833e-06
6.0784e-06
6.07843e-06
6.07835e-06
6.07825e-06
6.07818e-06
6.07815e-06
6.07818e-06
6.07826e-06
6.07837e-06
6.07855e-06
6.07877e-06
6.079e-06
6.07929e-06
6.07968e-06
6.08015e-06
6.08068e-06
6.08124e-06
6.08181e-06
6.08239e-06
6.08294e-06
6.08338e-06
6.0836e-06
6.08395e-06
6.08464e-06
6.08543e-06
6.08957e-06
6.07797e-06
6.07887e-06
6.07995e-06
6.08069e-06
6.08118e-06
6.08165e-06
6.08204e-06
6.08235e-06
6.08267e-06
6.08298e-06
6.08329e-06
6.08353e-06
6.08402e-06
6.08321e-06
6.08829e-06
6.06767e-06
6.14852e-06
5.89955e-06
6.19158e-06
9.62711e-06
3.45465e-10
9.45979e-15
0
0.00244951
0.0306942
0.214551
0.522081
0.803987
0.998921
1.12891
1.22025
1.29488
1.37583
1.49036
1.65383
1.86049
2.04664
2.35251
3.08078
6.07653e-06
6.07585e-06
6.07597e-06
6.07591e-06
6.0747e-06
6.07473e-06
6.07522e-06
6.07597e-06
6.07666e-06
6.07714e-06
6.07754e-06
6.07783e-06
6.07804e-06
6.07812e-06
6.07815e-06
6.07808e-06
6.07796e-06
6.07786e-06
6.0778e-06
6.07778e-06
6.07781e-06
6.07788e-06
6.07802e-06
6.07822e-06
6.07844e-06
6.07875e-06
6.07916e-06
6.07967e-06
6.08025e-06
6.08091e-06
6.08162e-06
6.08239e-06
6.0832e-06
6.08403e-06
6.08487e-06
6.08564e-06
6.08637e-06
6.08662e-06
6.0869e-06
6.07777e-06
6.07871e-06
6.07975e-06
6.08045e-06
6.08091e-06
6.08134e-06
6.08171e-06
6.08201e-06
6.08233e-06
6.08263e-06
6.08294e-06
6.08327e-06
6.08363e-06
6.08383e-06
6.08472e-06
6.08381e-06
6.07687e-06
6.18188e-06
5.48239e-06
8.98326e-06
2.7291e-06
2.31316e-10
0
0
0.0113494
0.09216
0.362831
0.70974
0.991922
1.18365
1.31578
1.42051
1.52829
1.67415
1.88259
2.15246
2.38903
2.70005
3.41855
6.07632e-06
6.0756e-06
6.07568e-06
6.07594e-06
6.07465e-06
6.07442e-06
6.07496e-06
6.07572e-06
6.07637e-06
6.07684e-06
6.07723e-06
6.07752e-06
6.07772e-06
6.07779e-06
6.07784e-06
6.0778e-06
6.07769e-06
6.07756e-06
6.07746e-06
6.07742e-06
6.0774e-06
6.07745e-06
6.07755e-06
6.07769e-06
6.07787e-06
6.07813e-06
6.07847e-06
6.07889e-06
6.07937e-06
6.0799e-06
6.08046e-06
6.08106e-06
6.08167e-06
6.08227e-06
6.08283e-06
6.0833e-06
6.08348e-06
6.08407e-06
6.08473e-06
6.0776e-06
6.07854e-06
6.07956e-06
6.0802e-06
6.08064e-06
6.08106e-06
6.0814e-06
6.08167e-06
6.08196e-06
6.08224e-06
6.08253e-06
6.08285e-06
6.0831e-06
6.08371e-06
6.08281e-06
6.08878e-06
6.06408e-06
6.16864e-06
5.84385e-06
6.22417e-06
1.02932e-05
4.81257e-10
1.33067e-14
0
0.00105969
0.0174083
0.197428
0.552198
0.923077
1.19916
1.38669
1.52849
1.66632
1.84425
2.0972
2.4332
2.7508
3.06832
3.75231
6.07614e-06
6.07537e-06
6.0754e-06
6.07591e-06
6.07464e-06
6.07428e-06
6.07476e-06
6.07547e-06
6.07609e-06
6.07654e-06
6.0769e-06
6.07717e-06
6.07738e-06
6.07747e-06
6.07753e-06
6.07751e-06
6.07743e-06
6.07728e-06
6.07714e-06
6.07708e-06
6.07705e-06
6.07708e-06
6.07713e-06
6.07723e-06
6.07739e-06
6.07762e-06
6.07791e-06
6.07828e-06
6.0787e-06
6.07919e-06
6.07973e-06
6.08032e-06
6.08092e-06
6.08154e-06
6.08215e-06
6.08272e-06
6.08311e-06
6.08342e-06
6.08396e-06
6.07744e-06
6.07839e-06
6.07937e-06
6.07997e-06
6.08039e-06
6.08078e-06
6.08109e-06
6.08133e-06
6.0816e-06
6.08187e-06
6.08214e-06
6.08245e-06
6.08276e-06
6.08319e-06
6.08317e-06
6.08503e-06
6.0812e-06
6.08362e-06
6.17536e-06
5.4265e-06
9.40894e-06
2.55434e-06
3.95509e-10
0
0
0.00786923
0.0763249
0.362252
0.784258
1.16006
1.42393
1.61394
1.78648
1.9976
2.29374
2.69455
3.10484
3.45904
4.08371
6.07599e-06
6.07518e-06
6.07517e-06
6.07582e-06
6.07456e-06
6.07419e-06
6.07458e-06
6.07523e-06
6.0758e-06
6.07622e-06
6.07657e-06
6.07684e-06
6.07704e-06
6.07715e-06
6.0772e-06
6.07719e-06
6.07712e-06
6.07698e-06
6.07682e-06
6.07673e-06
6.07668e-06
6.07668e-06
6.07672e-06
6.07678e-06
6.0769e-06
6.07708e-06
6.07732e-06
6.07763e-06
6.078e-06
6.07843e-06
6.07891e-06
6.07943e-06
6.07998e-06
6.08053e-06
6.08107e-06
6.08157e-06
6.08183e-06
6.08228e-06
6.08283e-06
6.07729e-06
6.07824e-06
6.07918e-06
6.07975e-06
6.08014e-06
6.0805e-06
6.08078e-06
6.08102e-06
6.08127e-06
6.08152e-06
6.08179e-06
6.08208e-06
6.08242e-06
6.08269e-06
6.08336e-06
6.08243e-06
6.08917e-06
6.06036e-06
6.1887e-06
5.76124e-06
6.46852e-06
9.7123e-06
4.44302e-09
1.27344e-13
0
0.000476339
0.00780915
0.184602
0.588397
1.052
1.41433
1.66954
1.88458
2.13092
2.46899
2.93132
3.43468
3.87313
4.41617
6.07585e-06
6.07504e-06
6.07502e-06
6.0757e-06
6.07446e-06
6.07408e-06
6.07441e-06
6.07499e-06
6.07551e-06
6.0759e-06
6.07623e-06
6.07649e-06
6.07668e-06
6.07679e-06
6.07685e-06
6.07685e-06
6.07681e-06
6.07669e-06
6.07653e-06
6.07639e-06
6.0763e-06
6.07628e-06
6.07629e-06
6.07633e-06
6.07643e-06
6.07657e-06
6.07677e-06
6.07704e-06
6.07736e-06
6.07774e-06
6.07818e-06
6.07866e-06
6.07917e-06
6.0797e-06
6.08022e-06
6.08071e-06
6.081e-06
6.08136e-06
6.08187e-06
6.07716e-06
6.0781e-06
6.079e-06
6.07953e-06
6.07991e-06
6.08024e-06
6.0805e-06
6.08072e-06
6.08096e-06
6.08119e-06
6.08145e-06
6.08173e-06
6.08205e-06
6.08234e-06
6.0829e-06
6.08248e-06
6.08616e-06
6.0762e-06
6.09971e-06
6.12959e-06
5.51014e-06
9.23019e-06
2.78071e-06
7.81768e-10
0
0
0.00511607
0.0607393
0.370832
0.872159
1.34174
1.68468
1.95461
2.24042
2.61978
3.13979
3.73225
4.28071
4.75499
6.07576e-06
6.07495e-06
6.07489e-06
6.07555e-06
6.07434e-06
6.07394e-06
6.07422e-06
6.07474e-06
6.07523e-06
6.07559e-06
6.0759e-06
6.07615e-06
6.07633e-06
6.07644e-06
6.07651e-06
6.07651e-06
6.07648e-06
6.07639e-06
6.07624e-06
6.07607e-06
6.07595e-06
6.0759e-06
6.07588e-06
6.0759e-06
6.07598e-06
6.07607e-06
6.07624e-06
6.07645e-06
6.07673e-06
6.07707e-06
6.07746e-06
6.0779e-06
6.07837e-06
6.07885e-06
6.07934e-06
6.0798e-06
6.08007e-06
6.08045e-06
6.08094e-06
6.07704e-06
6.07796e-06
6.07882e-06
6.07933e-06
6.07967e-06
6.07999e-06
6.08023e-06
6.08044e-06
6.08066e-06
6.08089e-06
6.08113e-06
6.08141e-06
6.08171e-06
6.08204e-06
6.08238e-06
6.08289e-06
6.08264e-06
6.08764e-06
6.06295e-06
6.18679e-06
5.74629e-06
6.54396e-06
9.48621e-06
2.37889e-08
7.2349e-13
0
3.88279e-05
0.00119587
0.183309
0.640128
1.19355
1.6446
1.98799
2.32117
2.74256
3.31656
3.99236
4.6479
5.10234
6.07569e-06
6.07487e-06
6.07476e-06
6.07539e-06
6.07422e-06
6.0738e-06
6.07402e-06
6.0745e-06
6.07494e-06
6.07528e-06
6.07557e-06
6.07579e-06
6.07597e-06
6.07607e-06
6.07615e-06
6.07616e-06
6.07614e-06
6.07607e-06
6.07595e-06
6.07577e-06
6.07562e-06
6.07553e-06
6.07549e-06
6.07549e-06
6.07553e-06
6.0756e-06
6.07572e-06
6.07591e-06
6.07614e-06
6.07644e-06
6.07679e-06
6.07718e-06
6.07761e-06
6.07807e-06
6.07853e-06
6.07896e-06
6.07923e-06
6.07956e-06
6.08001e-06
6.07693e-06
6.07783e-06
6.07866e-06
6.07912e-06
6.07946e-06
6.07975e-06
6.07998e-06
6.08018e-06
6.08039e-06
6.08061e-06
6.08085e-06
6.08111e-06
6.0814e-06
6.08173e-06
6.08202e-06
6.08266e-06
6.08203e-06
6.08675e-06
6.07298e-06
6.10961e-06
6.10219e-06
5.56878e-06
9.05315e-06
3.1083e-06
1.03937e-09
0
0
0.00360427
0.0563393
0.394581
0.971065
1.53273
1.97251
2.36627
2.83309
3.45798
4.21119
4.96836
5.46208
6.07562e-06
6.0748e-06
6.07462e-06
6.07522e-06
6.07408e-06
6.07365e-06
6.07383e-06
6.07426e-06
6.07466e-06
6.07497e-06
6.07524e-06
6.07545e-06
6.07562e-06
6.07572e-06
6.0758e-06
6.07581e-06
6.0758e-06
6.07575e-06
6.07565e-06
6.07549e-06
6.0753e-06
6.07518e-06
6.07511e-06
6.07507e-06
6.07509e-06
6.07513e-06
6.07522e-06
6.07537e-06
6.07557e-06
6.07582e-06
6.07613e-06
6.07648e-06
6.07688e-06
6.0773e-06
6.07773e-06
6.07814e-06
6.07841e-06
6.0787e-06
6.07911e-06
6.07682e-06
6.0777e-06
6.0785e-06
6.07893e-06
6.07925e-06
6.07953e-06
6.07975e-06
6.07994e-06
6.08014e-06
6.08035e-06
6.08058e-06
6.08084e-06
6.08111e-06
6.08142e-06
6.08175e-06
6.08217e-06
6.08248e-06
6.08304e-06
6.08592e-06
6.06588e-06
6.18333e-06
5.74808e-06
6.54626e-06
9.38408e-06
3.74981e-08
1.20006e-12
0
0
0.0219344
0.189045
0.698864
1.33796
1.89208
2.36605
2.88577
3.56006
4.38519
5.23939
5.83706
6.07556e-06
6.07474e-06
6.07449e-06
6.07504e-06
6.07395e-06
6.07349e-06
6.07363e-06
6.07402e-06
6.07439e-06
6.07467e-06
6.07492e-06
6.07511e-06
6.07526e-06
6.07536e-06
6.07543e-06
6.07546e-06
6.07545e-06
6.07541e-06
6.07533e-06
6.07519e-06
6.075e-06
6.07485e-06
6.07474e-06
6.07468e-06
6.07466e-06
6.07468e-06
6.07474e-06
6.07485e-06
6.07501e-06
6.07523e-06
6.0755e-06
6.07581e-06
6.07617e-06
6.07656e-06
6.07696e-06
6.07735e-06
6.07762e-06
6.07786e-06
6.07823e-06
6.07673e-06
6.07758e-06
6.07834e-06
6.07875e-06
6.07906e-06
6.07933e-06
6.07953e-06
6.07971e-06
6.07991e-06
6.08012e-06
6.08034e-06
6.08059e-06
6.08086e-06
6.08116e-06
6.0815e-06
6.0818e-06
6.08248e-06
6.0818e-06
6.08713e-06
6.07084e-06
6.11556e-06
6.09277e-06
5.58463e-06
8.90327e-06
3.36748e-06
1.76119e-09
0
0
0.00323368
0.0535693
0.421473
1.06603
1.73022
2.30696
2.89283
3.61836
4.51051
5.45602
6.15799
6.07551e-06
6.07468e-06
6.07435e-06
6.07486e-06
6.07381e-06
6.07334e-06
6.07344e-06
6.07378e-06
6.07412e-06
6.07438e-06
6.0746e-06
6.07478e-06
6.07492e-06
6.07502e-06
6.07509e-06
6.07512e-06
6.07511e-06
6.07507e-06
6.075e-06
6.07489e-06
6.07471e-06
6.07453e-06
6.0744e-06
6.07431e-06
6.07427e-06
6.07425e-06
6.07428e-06
6.07435e-06
6.07448e-06
6.07466e-06
6.07489e-06
6.07517e-06
6.07549e-06
6.07585e-06
6.07622e-06
6.07659e-06
6.07686e-06
6.07706e-06
6.0774e-06
6.07664e-06
6.07746e-06
6.07819e-06
6.07859e-06
6.07888e-06
6.07913e-06
6.07932e-06
6.0795e-06
6.0797e-06
6.0799e-06
6.08012e-06
6.08036e-06
6.08063e-06
6.08091e-06
6.08124e-06
6.08156e-06
6.08208e-06
6.08215e-06
6.08355e-06
6.0846e-06
6.06685e-06
6.18781e-06
5.73905e-06
6.52261e-06
9.13697e-06
1.0345e-07
3.42338e-12
0
0.000145068
0.0025315
0.198329
0.747841
1.47849
2.17215
2.84356
3.62686
4.58289
5.61378
6.41587
6.07547e-06
6.07463e-06
6.07422e-06
6.07469e-06
6.07366e-06
6.07318e-06
6.07324e-06
6.07355e-06
6.07386e-06
6.07408e-06
6.07428e-06
6.07445e-06
6.07458e-06
6.07467e-06
6.07473e-06
6.07476e-06
6.07476e-06
6.07473e-06
6.07467e-06
6.07457e-06
6.07442e-06
6.07423e-06
6.07407e-06
6.07395e-06
6.07387e-06
6.07382e-06
6.07383e-06
6.07388e-06
6.07397e-06
6.07412e-06
6.07432e-06
6.07456e-06
6.07485e-06
6.07517e-06
6.07551e-06
6.07586e-06
6.07612e-06
6.07629e-06
6.0766e-06
6.07655e-06
6.07735e-06
6.07806e-06
6.07844e-06
6.07872e-06
6.07895e-06
6.07914e-06
6.07932e-06
6.07952e-06
6.07972e-06
6.07993e-06
6.08017e-06
6.08043e-06
6.08071e-06
6.08102e-06
6.08136e-06
6.08171e-06
6.08234e-06
6.08172e-06
6.08766e-06
6.0678e-06
6.12374e-06
6.08443e-06
5.59035e-06
8.63174e-06
3.97995e-06
2.00114e-09
0
0
0.00368911
0.0526462
0.435927
1.14829
1.94614
2.72355
3.5773
4.59725
5.70856
6.61285
6.07543e-06
6.07458e-06
6.0741e-06
6.07451e-06
6.07351e-06
6.07302e-06
6.07305e-06
6.07332e-06
6.07359e-06
6.0738e-06
6.07398e-06
6.07413e-06
6.07424e-06
6.07432e-06
6.07438e-06
6.07441e-06
6.07442e-06
6.07439e-06
6.07434e-06
6.07426e-06
6.07413e-06
6.07394e-06
6.07376e-06
6.07361e-06
6.07351e-06
6.07344e-06
6.07342e-06
6.07344e-06
6.0735e-06
6.07361e-06
6.07378e-06
6.07399e-06
6.07424e-06
6.07453e-06
6.07484e-06
6.07516e-06
6.07543e-06
6.07558e-06
6.07584e-06
6.07647e-06
6.07725e-06
6.07793e-06
6.0783e-06
6.07856e-06
6.07879e-06
6.07898e-06
6.07915e-06
6.07935e-06
6.07955e-06
6.07976e-06
6.08e-06
6.08025e-06
6.08052e-06
6.08082e-06
6.08115e-06
6.08147e-06
6.08205e-06
6.08186e-06
6.08433e-06
6.08255e-06
6.06881e-06
6.19235e-06
5.73651e-06
6.42809e-06
9.42651e-06
1.08013e-07
3.67496e-12
0
2.88981e-05
0.00103994
0.194557
0.779901
1.62476
2.51605
3.45833
4.54655
5.73636
6.74528
6.07539e-06
6.07453e-06
6.07398e-06
6.07433e-06
6.07336e-06
6.07285e-06
6.07286e-06
6.0731e-06
6.07334e-06
6.07351e-06
6.07367e-06
6.0738e-06
6.07391e-06
6.07398e-06
6.07404e-06
6.07407e-06
6.07408e-06
6.07406e-06
6.07401e-06
6.07394e-06
6.07383e-06
6.07366e-06
6.07347e-06
6.0733e-06
6.07317e-06
6.07308e-06
6.07303e-06
6.07302e-06
6.07306e-06
6.07314e-06
6.07327e-06
6.07344e-06
6.07366e-06
6.07392e-06
6.0742e-06
6.07449e-06
6.07476e-06
6.07491e-06
6.07514e-06
6.07639e-06
6.07715e-06
6.07781e-06
6.07816e-06
6.07842e-06
6.07865e-06
6.07883e-06
6.07901e-06
6.07921e-06
6.07941e-06
6.07962e-06
6.07986e-06
6.0801e-06
6.08037e-06
6.08066e-06
6.08097e-06
6.08131e-06
6.0817e-06
6.08222e-06
6.08189e-06
6.08776e-06
6.06529e-06
6.13147e-06
6.08177e-06
5.56741e-06
8.66012e-06
3.8916e-06
1.69654e-09
0
0
0.00282797
0.0427894
0.432151
1.22699
2.20797
3.25525
4.42189
5.69237
6.808
6.07536e-06
6.07449e-06
6.07386e-06
6.07415e-06
6.0732e-06
6.07269e-06
6.07266e-06
6.07287e-06
6.07308e-06
6.07324e-06
6.07338e-06
6.07349e-06
6.07358e-06
6.07365e-06
6.0737e-06
6.07373e-06
6.07374e-06
6.07373e-06
6.07369e-06
6.07362e-06
6.07353e-06
6.07339e-06
6.0732e-06
6.07302e-06
6.07287e-06
6.07276e-06
6.07268e-06
6.07264e-06
6.07265e-06
6.0727e-06
6.0728e-06
6.07294e-06
6.07312e-06
6.07335e-06
6.0736e-06
6.07387e-06
6.07412e-06
6.07429e-06
6.07449e-06
6.07632e-06
6.07706e-06
6.0777e-06
6.07804e-06
6.07829e-06
6.07851e-06
6.0787e-06
6.07889e-06
6.07909e-06
6.07929e-06
6.07951e-06
6.07974e-06
6.07998e-06
6.08024e-06
6.08052e-06
6.08082e-06
6.08116e-06
6.08148e-06
6.0821e-06
6.08172e-06
6.08512e-06
6.08028e-06
6.07184e-06
6.19605e-06
5.72741e-06
6.40589e-06
9.69562e-06
7.58249e-08
2.66162e-12
0
0
0.0188988
0.178239
0.803478
1.80044
2.95218
4.21147
5.56907
6.79499
6.07533e-06
6.07445e-06
6.07374e-06
6.07397e-06
6.07304e-06
6.07252e-06
6.07247e-06
6.07265e-06
6.07283e-06
6.07296e-06
6.07308e-06
6.07318e-06
6.07326e-06
6.07332e-06
6.07337e-06
6.0734e-06
6.07342e-06
6.07341e-06
6.07338e-06
6.07332e-06
6.07323e-06
6.07311e-06
6.07294e-06
6.07276e-06
6.0726e-06
6.07247e-06
6.07238e-06
6.07232e-06
6.0723e-06
6.07231e-06
6.07238e-06
6.07249e-06
6.07264e-06
6.07283e-06
6.07305e-06
6.07329e-06
6.07352e-06
6.07372e-06
6.07391e-06
6.07625e-06
6.07697e-06
6.0776e-06
6.07792e-06
6.07817e-06
6.0784e-06
6.07859e-06
6.07879e-06
6.07899e-06
6.0792e-06
6.07942e-06
6.07964e-06
6.07989e-06
6.08014e-06
6.08041e-06
6.0807e-06
6.08102e-06
6.08136e-06
6.0818e-06
6.08215e-06
6.08234e-06
6.08731e-06
6.06424e-06
6.13776e-06
6.075e-06
5.53416e-06
9.01871e-06
3.41587e-06
8.73607e-10
0
0
0.00176849
0.0284894
0.421619
1.32239
2.53928
3.90081
5.35631
6.69823
6.07529e-06
6.0744e-06
6.07363e-06
6.07379e-06
6.07287e-06
6.07234e-06
6.07227e-06
6.07242e-06
6.07258e-06
6.07269e-06
6.07279e-06
6.07287e-06
6.07295e-06
6.073e-06
6.07305e-06
6.07308e-06
6.0731e-06
6.07309e-06
6.07307e-06
6.07301e-06
6.07294e-06
6.07284e-06
6.07269e-06
6.07253e-06
6.07237e-06
6.07224e-06
6.07213e-06
6.07205e-06
6.072e-06
6.07199e-06
6.07202e-06
6.0721e-06
6.07222e-06
6.07237e-06
6.07256e-06
6.07277e-06
6.07298e-06
6.07319e-06
6.07337e-06
6.07618e-06
6.07689e-06
6.0775e-06
6.07781e-06
6.07806e-06
6.07829e-06
6.0785e-06
6.0787e-06
6.07892e-06
6.07913e-06
6.07935e-06
6.07958e-06
6.07982e-06
6.08007e-06
6.08033e-06
6.08061e-06
6.08091e-06
6.08125e-06
6.08159e-06
6.08218e-06
6.0818e-06
6.08564e-06
6.07841e-06
6.07639e-06
6.19311e-06
5.69718e-06
6.5669e-06
9.5377e-06
1.71728e-08
6.22409e-13
0
0
0.0149386
0.156727
0.834935
2.0247
3.47568
5.04084
6.50788
6.07526e-06
6.07436e-06
6.07352e-06
6.07361e-06
6.0727e-06
6.07217e-06
6.07208e-06
6.0722e-06
6.07233e-06
6.07241e-06
6.0725e-06
6.07258e-06
6.07264e-06
6.07269e-06
6.07274e-06
6.07277e-06
6.07279e-06
6.07279e-06
6.07278e-06
6.07274e-06
6.07268e-06
6.07259e-06
6.07246e-06
6.07232e-06
6.07217e-06
6.07204e-06
6.07194e-06
6.07185e-06
6.07178e-06
6.07175e-06
6.07175e-06
6.0718e-06
6.07188e-06
6.072e-06
6.07216e-06
6.07234e-06
6.07253e-06
6.07274e-06
6.07291e-06
6.07612e-06
6.07681e-06
6.07741e-06
6.07772e-06
6.07796e-06
6.07821e-06
6.07842e-06
6.07864e-06
6.07886e-06
6.07908e-06
6.07931e-06
6.07954e-06
6.07978e-06
6.08003e-06
6.08028e-06
6.08055e-06
6.08084e-06
6.08116e-06
6.08149e-06
6.08195e-06
6.08216e-06
6.08285e-06
6.08629e-06
6.06608e-06
6.13877e-06
6.05596e-06
5.56076e-06
9.23706e-06
2.8327e-06
6.69304e-10
0
0
0.000618421
0.00987827
0.413049
1.44711
2.93063
4.60759
6.21188
6.07523e-06
6.07432e-06
6.07342e-06
6.07344e-06
6.07253e-06
6.072e-06
6.07188e-06
6.07198e-06
6.07208e-06
6.07214e-06
6.07222e-06
6.07229e-06
6.07235e-06
6.0724e-06
6.07245e-06
6.07248e-06
6.07251e-06
6.07252e-06
6.07251e-06
6.07248e-06
6.07243e-06
6.07236e-06
6.07226e-06
6.07214e-06
6.07202e-06
6.0719e-06
6.0718e-06
6.07172e-06
6.07165e-06
6.0716e-06
6.07158e-06
6.0716e-06
6.07165e-06
6.07174e-06
6.07186e-06
6.07202e-06
6.07218e-06
6.07239e-06
6.07254e-06
6.07606e-06
6.07674e-06
6.07733e-06
6.07763e-06
6.07788e-06
6.07813e-06
6.07836e-06
6.07859e-06
6.07883e-06
6.07906e-06
6.07929e-06
6.07953e-06
6.07977e-06
6.08001e-06
6.08027e-06
6.08053e-06
6.0808e-06
6.0811e-06
6.08142e-06
6.08176e-06
6.08228e-06
6.08208e-06
6.08541e-06
6.07861e-06
6.07867e-06
6.1867e-06
5.67437e-06
6.72805e-06
9.08949e-06
1.10741e-08
4.17362e-13
0
0
0.00973538
0.128531
0.876223
2.28155
4.04327
5.79498
6.07519e-06
6.07429e-06
6.07332e-06
6.07327e-06
6.07236e-06
6.07182e-06
6.07169e-06
6.07175e-06
6.07183e-06
6.07188e-06
6.07195e-06
6.07201e-06
6.07207e-06
6.07213e-06
6.07218e-06
6.07222e-06
6.07225e-06
6.07227e-06
6.07228e-06
6.07227e-06
6.07223e-06
6.07218e-06
6.0721e-06
6.07201e-06
6.07191e-06
6.07182e-06
6.07174e-06
6.07167e-06
6.0716e-06
6.07155e-06
6.07152e-06
6.07152e-06
6.07155e-06
6.07161e-06
6.0717e-06
6.07184e-06
6.07197e-06
6.07218e-06
6.0723e-06
6.076e-06
6.07667e-06
6.07725e-06
6.07755e-06
6.07781e-06
6.07808e-06
6.07832e-06
6.07857e-06
6.07882e-06
6.07906e-06
6.0793e-06
6.07954e-06
6.07978e-06
6.08003e-06
6.08028e-06
6.08053e-06
6.0808e-06
6.08107e-06
6.08138e-06
6.08169e-06
6.08212e-06
6.08235e-06
6.08294e-06
6.08605e-06
6.06755e-06
6.13968e-06
6.03125e-06
5.62658e-06
9.1392e-06
2.76156e-06
8.49479e-10
0
0
0
0.049262
0.41278
1.58134
3.34707
5.24065
6.07516e-06
6.07426e-06
6.07322e-06
6.0731e-06
6.07219e-06
6.07165e-06
6.07149e-06
6.07153e-06
6.07158e-06
6.07162e-06
6.07168e-06
6.07175e-06
6.07182e-06
6.07188e-06
6.07195e-06
6.072e-06
6.07205e-06
6.07208e-06
6.07211e-06
6.07211e-06
6.0721e-06
6.07206e-06
6.072e-06
6.07194e-06
6.07188e-06
6.07182e-06
6.07177e-06
6.07171e-06
6.07166e-06
6.07162e-06
6.07159e-06
6.07158e-06
6.0716e-06
6.07164e-06
6.07171e-06
6.07182e-06
6.07193e-06
6.07214e-06
6.07222e-06
6.07595e-06
6.07662e-06
6.07718e-06
6.07748e-06
6.07775e-06
6.07804e-06
6.0783e-06
6.07857e-06
6.07883e-06
6.07908e-06
6.07933e-06
6.07958e-06
6.07983e-06
6.08007e-06
6.08032e-06
6.08057e-06
6.08082e-06
6.08109e-06
6.08137e-06
6.08168e-06
6.08199e-06
6.0825e-06
6.08225e-06
6.08526e-06
6.07913e-06
6.08086e-06
6.17487e-06
5.68963e-06
6.73432e-06
9.0215e-06
2.14059e-08
8.43052e-13
0
0
0.00692639
0.112514
0.913755
2.54494
4.53697
6.07514e-06
6.07423e-06
6.07314e-06
6.07293e-06
6.07203e-06
6.07148e-06
6.0713e-06
6.07131e-06
6.07134e-06
6.07137e-06
6.07144e-06
6.07152e-06
6.0716e-06
6.07168e-06
6.07177e-06
6.07184e-06
6.0719e-06
6.07196e-06
6.072e-06
6.07202e-06
6.07203e-06
6.07202e-06
6.07199e-06
6.07196e-06
6.07193e-06
6.07191e-06
6.07188e-06
6.07186e-06
6.07184e-06
6.07181e-06
6.0718e-06
6.0718e-06
6.07181e-06
6.07184e-06
6.0719e-06
6.072e-06
6.07208e-06
6.0723e-06
6.07234e-06
6.07591e-06
6.07657e-06
6.07712e-06
6.07742e-06
6.07771e-06
6.07802e-06
6.0783e-06
6.07859e-06
6.07887e-06
6.07913e-06
6.0794e-06
6.07966e-06
6.07991e-06
6.08015e-06
6.0804e-06
6.08064e-06
6.08089e-06
6.08114e-06
6.08141e-06
6.0817e-06
6.08198e-06
6.08239e-06
6.08259e-06
6.08292e-06
6.08626e-06
6.06864e-06
6.13615e-06
6.03322e-06
5.63672e-06
9.07232e-06
2.92332e-06
1.46171e-09
0
0
0
0.0451931
0.394873
1.70638
3.68871
6.07511e-06
6.0742e-06
6.07305e-06
6.07277e-06
6.07186e-06
6.07131e-06
6.07111e-06
6.07109e-06
6.07111e-06
6.07114e-06
6.07122e-06
6.07132e-06
6.07143e-06
6.07154e-06
6.07165e-06
6.07174e-06
6.07183e-06
6.0719e-06
6.07197e-06
6.07202e-06
6.07205e-06
6.07207e-06
6.07208e-06
6.07208e-06
6.07208e-06
6.0721e-06
6.07211e-06
6.07212e-06
6.07213e-06
6.07213e-06
6.07214e-06
6.07215e-06
6.07217e-06
6.07221e-06
6.07227e-06
6.07236e-06
6.07244e-06
6.07266e-06
6.07267e-06
6.07587e-06
6.07652e-06
6.07707e-06
6.07737e-06
6.07768e-06
6.07802e-06
6.07833e-06
6.07863e-06
6.07893e-06
6.07922e-06
6.07949e-06
6.07976e-06
6.08002e-06
6.08027e-06
6.08051e-06
6.08075e-06
6.08099e-06
6.08123e-06
6.08148e-06
6.08174e-06
6.08202e-06
6.08229e-06
6.08279e-06
6.08233e-06
6.08546e-06
6.07957e-06
6.07925e-06
6.17778e-06
5.69089e-06
6.71663e-06
8.96443e-06
7.0674e-08
2.92307e-12
0
0
0.00461297
0.0745122
0.931974
2.73633
6.07509e-06
6.07418e-06
6.07298e-06
6.07262e-06
6.0717e-06
6.07114e-06
6.07092e-06
6.07088e-06
6.07089e-06
6.07094e-06
6.07104e-06
6.07117e-06
6.07132e-06
6.07146e-06
6.0716e-06
6.07172e-06
6.07183e-06
6.07194e-06
6.07203e-06
6.0721e-06
6.07217e-06
6.07222e-06
6.07225e-06
6.07229e-06
6.07233e-06
6.07239e-06
6.07243e-06
6.07248e-06
6.07252e-06
6.07255e-06
6.07259e-06
6.07262e-06
6.07266e-06
6.07272e-06
6.07278e-06
6.07288e-06
6.07295e-06
6.07319e-06
6.07318e-06
6.07584e-06
6.07649e-06
6.07703e-06
6.07734e-06
6.07767e-06
6.07804e-06
6.07837e-06
6.0787e-06
6.07903e-06
6.07933e-06
6.07962e-06
6.0799e-06
6.08017e-06
6.08042e-06
6.08066e-06
6.0809e-06
6.08113e-06
6.08135e-06
6.08159e-06
6.08183e-06
6.08209e-06
6.08232e-06
6.08273e-06
6.08278e-06
6.08311e-06
6.08677e-06
6.06719e-06
6.13839e-06
6.03617e-06
5.63069e-06
8.90715e-06
3.51514e-06
2.72952e-09
0
0
0
0.0365053
0.372033
1.77633
6.07508e-06
6.07416e-06
6.07291e-06
6.07246e-06
6.07154e-06
6.07097e-06
6.07073e-06
6.07068e-06
6.0707e-06
6.07078e-06
6.07092e-06
6.07109e-06
6.07128e-06
6.07146e-06
6.07163e-06
6.07179e-06
6.07193e-06
6.07206e-06
6.07218e-06
6.07228e-06
6.07238e-06
6.07246e-06
6.07253e-06
6.0726e-06
6.07268e-06
6.07276e-06
6.07285e-06
6.07292e-06
6.07299e-06
6.07306e-06
6.07312e-06
6.07318e-06
6.07325e-06
6.07332e-06
6.07339e-06
6.0735e-06
6.07359e-06
6.07385e-06
6.07383e-06
6.07582e-06
6.07646e-06
6.077e-06
6.07733e-06
6.07769e-06
6.07808e-06
6.07845e-06
6.0788e-06
6.07915e-06
6.07948e-06
6.07979e-06
6.08008e-06
6.08035e-06
6.08061e-06
6.08085e-06
6.08108e-06
6.0813e-06
6.08152e-06
6.08174e-06
6.08196e-06
6.08219e-06
6.08242e-06
6.08266e-06
6.08308e-06
6.08249e-06
6.08607e-06
6.0788e-06
6.07878e-06
6.18531e-06
5.68525e-06
6.63964e-06
9.07629e-06
2.06909e-07
9.01957e-12
0
0
0.002539
0.0410362
0.942062
6.07507e-06
6.07415e-06
6.07284e-06
6.07231e-06
6.07138e-06
6.0708e-06
6.07055e-06
6.0705e-06
6.07055e-06
6.07066e-06
6.07086e-06
6.07109e-06
6.07133e-06
6.07155e-06
6.07176e-06
6.07195e-06
6.07212e-06
6.07228e-06
6.07242e-06
6.07255e-06
6.07267e-06
6.07278e-06
6.07289e-06
6.07299e-06
6.0731e-06
6.07321e-06
6.07333e-06
6.07343e-06
6.07353e-06
6.07363e-06
6.07371e-06
6.0738e-06
6.07388e-06
6.07398e-06
6.07407e-06
6.0742e-06
6.0743e-06
6.07457e-06
6.07455e-06
6.0758e-06
6.07645e-06
6.07698e-06
6.07733e-06
6.07773e-06
6.07815e-06
6.07855e-06
6.07894e-06
6.07931e-06
6.07966e-06
6.07999e-06
6.08029e-06
6.08057e-06
6.08084e-06
6.08108e-06
6.08131e-06
6.08152e-06
6.08173e-06
6.08193e-06
6.08213e-06
6.08234e-06
6.08255e-06
6.08273e-06
6.08309e-06
6.08297e-06
6.08358e-06
6.08689e-06
6.06541e-06
6.14486e-06
6.03461e-06
5.60714e-06
8.72263e-06
4.40004e-06
3.78855e-09
0
0
0
0.0320101
0.39438
6.07506e-06
6.07414e-06
6.07278e-06
6.07216e-06
6.07122e-06
6.07063e-06
6.07037e-06
6.07034e-06
6.07043e-06
6.07061e-06
6.07088e-06
6.07117e-06
6.07146e-06
6.07173e-06
6.07198e-06
6.0722e-06
6.0724e-06
6.07258e-06
6.07275e-06
6.0729e-06
6.07305e-06
6.07318e-06
6.07331e-06
6.07344e-06
6.07358e-06
6.07372e-06
6.07386e-06
6.07399e-06
6.07411e-06
6.07422e-06
6.07433e-06
6.07444e-06
6.07454e-06
6.07465e-06
6.07476e-06
6.0749e-06
6.07501e-06
6.07531e-06
6.0753e-06
6.0758e-06
6.07644e-06
6.07697e-06
6.07735e-06
6.07779e-06
6.07825e-06
6.07868e-06
6.07911e-06
6.07951e-06
6.07988e-06
6.08023e-06
6.08055e-06
6.08084e-06
6.08111e-06
6.08135e-06
6.08158e-06
6.08179e-06
6.08198e-06
6.08217e-06
6.08235e-06
6.08253e-06
6.08272e-06
6.08288e-06
6.08308e-06
6.08337e-06
6.0828e-06
6.08663e-06
6.07753e-06
6.08123e-06
6.1887e-06
5.67904e-06
6.53821e-06
9.45574e-06
3.03442e-07
1.38726e-11
0
0
0.0080104
0.126187
6.07506e-06
6.07413e-06
6.07272e-06
6.07201e-06
6.07107e-06
6.07046e-06
6.0702e-06
6.0702e-06
6.07036e-06
6.07062e-06
6.07097e-06
6.07133e-06
6.07168e-06
6.072e-06
6.07228e-06
6.07253e-06
6.07276e-06
6.07297e-06
6.07315e-06
6.07333e-06
6.07349e-06
6.07364e-06
6.07379e-06
6.07394e-06
6.0741e-06
6.07426e-06
6.07441e-06
6.07456e-06
6.07469e-06
6.07482e-06
6.07495e-06
6.07507e-06
6.07518e-06
6.0753e-06
6.07542e-06
6.07558e-06
6.0757e-06
6.07601e-06
6.076e-06
6.0758e-06
6.07644e-06
6.07697e-06
6.0774e-06
6.07788e-06
6.07838e-06
6.07885e-06
6.07932e-06
6.07975e-06
6.08015e-06
6.08052e-06
6.08085e-06
6.08115e-06
6.08142e-06
6.08167e-06
6.08189e-06
6.0821e-06
6.08228e-06
6.08246e-06
6.08262e-06
6.08278e-06
6.08293e-06
6.08308e-06
6.08319e-06
6.08348e-06
6.08326e-06
6.08413e-06
6.08661e-06
6.06513e-06
6.15008e-06
6.02899e-06
5.59639e-06
8.60228e-06
4.82165e-06
5.17831e-09
0
0
0.00158603
0.0241023
6.07506e-06
6.07412e-06
6.07266e-06
6.07187e-06
6.07091e-06
6.07029e-06
6.07004e-06
6.07009e-06
6.07033e-06
6.07069e-06
6.07112e-06
6.07156e-06
6.07197e-06
6.07233e-06
6.07265e-06
6.07293e-06
6.07318e-06
6.07341e-06
6.07361e-06
6.0738e-06
6.07397e-06
6.07414e-06
6.0743e-06
6.07447e-06
6.07463e-06
6.0748e-06
6.07496e-06
6.07512e-06
6.07526e-06
6.0754e-06
6.07553e-06
6.07566e-06
6.07578e-06
6.07591e-06
6.07604e-06
6.0762e-06
6.07632e-06
6.07664e-06
6.07664e-06
6.07581e-06
6.07645e-06
6.07699e-06
6.07747e-06
6.078e-06
6.07854e-06
6.07906e-06
6.07956e-06
6.08003e-06
6.08046e-06
6.08085e-06
6.0812e-06
6.08151e-06
6.08179e-06
6.08204e-06
6.08226e-06
6.08246e-06
6.08264e-06
6.0828e-06
6.08294e-06
6.08308e-06
6.0832e-06
6.08332e-06
6.08342e-06
6.08356e-06
6.08374e-06
6.08325e-06
6.08696e-06
6.0766e-06
6.08552e-06
6.18168e-06
5.69827e-06
6.43729e-06
9.5332e-06
4.93939e-07
2.35858e-11
0
0
0.0047614
6.07507e-06
6.07411e-06
6.07261e-06
6.07172e-06
6.07075e-06
6.07012e-06
6.06989e-06
6.07001e-06
6.07034e-06
6.07081e-06
6.07134e-06
6.07185e-06
6.07232e-06
6.07273e-06
6.07308e-06
6.07338e-06
6.07365e-06
6.07388e-06
6.0741e-06
6.07429e-06
6.07448e-06
6.07465e-06
6.07482e-06
6.07499e-06
6.07516e-06
6.07533e-06
6.0755e-06
6.07565e-06
6.0758e-06
6.07593e-06
6.07607e-06
6.07619e-06
6.07632e-06
6.07645e-06
6.07658e-06
6.07674e-06
6.07686e-06
6.07718e-06
6.07718e-06
6.07582e-06
6.07648e-06
6.07702e-06
6.07757e-06
6.07815e-06
6.07873e-06
6.07931e-06
6.07986e-06
6.08036e-06
6.08082e-06
6.08123e-06
6.0816e-06
6.08192e-06
6.0822e-06
6.08246e-06
6.08268e-06
6.08287e-06
6.08304e-06
6.08319e-06
6.08332e-06
6.08344e-06
6.08354e-06
6.08363e-06
6.0837e-06
6.08376e-06
6.08396e-06
6.08368e-06
6.08466e-06
6.08613e-06
6.06731e-06
6.14704e-06
6.03551e-06
5.60111e-06
8.39468e-06
5.3773e-06
6.13479e-09
0
0
0
6.07508e-06
6.07411e-06
6.07256e-06
6.07158e-06
6.07059e-06
6.06995e-06
6.06976e-06
6.06997e-06
6.07042e-06
6.071e-06
6.07162e-06
6.07221e-06
6.07272e-06
6.07317e-06
6.07354e-06
6.07386e-06
6.07414e-06
6.07438e-06
6.0746e-06
6.07479e-06
6.07498e-06
6.07515e-06
6.07532e-06
6.07548e-06
6.07565e-06
6.07582e-06
6.07598e-06
6.07613e-06
6.07627e-06
6.07641e-06
6.07653e-06
6.07666e-06
6.07678e-06
6.07691e-06
6.07703e-06
6.07719e-06
6.07731e-06
6.07762e-06
6.07763e-06
6.07585e-06
6.0765e-06
6.07707e-06
6.0777e-06
6.07832e-06
6.07896e-06
6.0796e-06
6.08019e-06
6.08073e-06
6.08123e-06
6.08166e-06
6.08205e-06
6.08238e-06
6.08268e-06
6.08293e-06
6.08315e-06
6.08335e-06
6.08351e-06
6.08364e-06
6.08376e-06
6.08385e-06
6.08393e-06
6.08399e-06
6.08403e-06
6.08406e-06
6.08414e-06
6.08425e-06
6.0838e-06
6.08712e-06
6.07696e-06
6.08777e-06
6.1717e-06
5.73907e-06
6.32589e-06
9.49456e-06
5.97232e-07
2.92774e-11
0
0
6.07509e-06
6.0741e-06
6.07251e-06
6.07143e-06
6.07044e-06
6.06979e-06
6.06965e-06
6.06997e-06
6.07055e-06
6.07125e-06
6.07197e-06
6.07261e-06
6.07317e-06
6.07364e-06
6.07402e-06
6.07435e-06
6.07463e-06
6.07487e-06
6.07508e-06
6.07527e-06
6.07545e-06
6.07562e-06
6.07578e-06
6.07593e-06
6.07609e-06
6.07625e-06
6.0764e-06
6.07654e-06
6.07667e-06
6.0768e-06
6.07692e-06
6.07704e-06
6.07715e-06
6.07727e-06
6.0774e-06
6.07754e-06
6.07766e-06
6.07797e-06
6.07797e-06
6.07589e-06
6.07654e-06
6.07714e-06
6.07785e-06
6.07853e-06
6.07922e-06
6.07991e-06
6.08054e-06
6.08113e-06
6.08165e-06
6.08212e-06
6.08253e-06
6.0829e-06
6.08321e-06
6.08347e-06
6.08369e-06
6.08388e-06
6.08404e-06
6.08416e-06
6.08426e-06
6.08434e-06
6.08439e-06
6.08442e-06
6.08443e-06
6.08444e-06
6.08445e-06
6.0846e-06
6.08429e-06
6.08529e-06
6.08577e-06
6.07124e-06
6.13711e-06
6.05317e-06
5.61714e-06
8.14286e-06
5.74835e-06
6.30579e-09
0
0
6.0751e-06
6.0741e-06
6.07247e-06
6.07129e-06
6.07028e-06
6.06964e-06
6.06958e-06
6.07003e-06
6.07075e-06
6.07156e-06
6.07236e-06
6.07306e-06
6.07364e-06
6.07412e-06
6.07451e-06
6.07483e-06
6.0751e-06
6.07533e-06
6.07554e-06
6.07572e-06
6.07588e-06
6.07604e-06
6.07618e-06
6.07633e-06
6.07647e-06
6.07662e-06
6.07675e-06
6.07688e-06
6.077e-06
6.07712e-06
6.07723e-06
6.07734e-06
6.07745e-06
6.07756e-06
6.07768e-06
6.07782e-06
6.07793e-06
6.07823e-06
6.07823e-06
6.07593e-06
6.0766e-06
6.07724e-06
6.07803e-06
6.07877e-06
6.07951e-06
6.08025e-06
6.08092e-06
6.08154e-06
6.0821e-06
6.0826e-06
6.08305e-06
6.08344e-06
6.08377e-06
6.08406e-06
6.0843e-06
6.08449e-06
6.08464e-06
6.08476e-06
6.08484e-06
6.0849e-06
6.08493e-06
6.08494e-06
6.08493e-06
6.08494e-06
6.08494e-06
6.08498e-06
6.08502e-06
6.0847e-06
6.08708e-06
6.07949e-06
6.086e-06
6.16314e-06
5.79186e-06
6.20967e-06
9.48048e-06
5.78377e-07
2.82966e-11
0
6.07511e-06
6.07409e-06
6.07243e-06
6.07115e-06
6.07013e-06
6.06951e-06
6.06954e-06
6.07014e-06
6.07101e-06
6.07193e-06
6.0728e-06
6.07353e-06
6.07412e-06
6.0746e-06
6.07498e-06
6.07529e-06
6.07554e-06
6.07576e-06
6.07594e-06
6.07611e-06
6.07626e-06
6.07639e-06
6.07652e-06
6.07665e-06
6.07678e-06
6.07691e-06
6.07703e-06
6.07715e-06
6.07726e-06
6.07737e-06
6.07747e-06
6.07757e-06
6.07768e-06
6.07779e-06
6.0779e-06
6.07804e-06
6.07815e-06
6.07845e-06
6.07844e-06
6.07598e-06
6.07666e-06
6.07736e-06
6.07822e-06
6.07902e-06
6.07981e-06
6.0806e-06
6.08131e-06
6.08197e-06
6.08258e-06
6.08311e-06
6.08358e-06
6.084e-06
6.08437e-06
6.08468e-06
6.08494e-06
6.08516e-06
6.08532e-06
6.08544e-06
6.08552e-06
6.08557e-06
6.0856e-06
6.08562e-06
6.08562e-06
6.08561e-06
6.0856e-06
6.08557e-06
6.08564e-06
6.08537e-06
6.08594e-06
6.08671e-06
6.07448e-06
6.12476e-06
6.08084e-06
5.61615e-06
8.03025e-06
5.66949e-06
4.9586e-09
0
6.07512e-06
6.07409e-06
6.0724e-06
6.07101e-06
6.06998e-06
6.06939e-06
6.06955e-06
6.07032e-06
6.07132e-06
6.07234e-06
6.07326e-06
6.074e-06
6.07459e-06
6.07505e-06
6.07541e-06
6.0757e-06
6.07593e-06
6.07613e-06
6.07629e-06
6.07644e-06
6.07657e-06
6.07669e-06
6.0768e-06
6.07691e-06
6.07703e-06
6.07714e-06
6.07725e-06
6.07736e-06
6.07747e-06
6.07757e-06
6.07767e-06
6.07778e-06
6.07788e-06
6.078e-06
6.07811e-06
6.07826e-06
6.07837e-06
6.07868e-06
6.07866e-06
6.07602e-06
6.07674e-06
6.07751e-06
6.07843e-06
6.07928e-06
6.08013e-06
6.08096e-06
6.08172e-06
6.08243e-06
6.08307e-06
6.08364e-06
6.08414e-06
6.08459e-06
6.08498e-06
6.08532e-06
6.08561e-06
6.08585e-06
6.08604e-06
6.08618e-06
6.08628e-06
6.08635e-06
6.08639e-06
6.08642e-06
6.08644e-06
6.08644e-06
6.08641e-06
6.08636e-06
6.08632e-06
6.0863e-06
6.08591e-06
6.08759e-06
6.083e-06
6.08111e-06
6.16398e-06
5.82229e-06
6.15986e-06
9.53497e-06
3.5954e-07
7.215e-11
6.07514e-06
6.07409e-06
6.07237e-06
6.07088e-06
6.06984e-06
6.0693e-06
6.06962e-06
6.07055e-06
6.07169e-06
6.07278e-06
6.07372e-06
6.07446e-06
6.07502e-06
6.07545e-06
6.07579e-06
6.07605e-06
6.07626e-06
6.07643e-06
6.07658e-06
6.0767e-06
6.07682e-06
6.07692e-06
6.07702e-06
6.07712e-06
6.07723e-06
6.07734e-06
6.07745e-06
6.07755e-06
6.07766e-06
6.07777e-06
6.07788e-06
6.078e-06
6.07811e-06
6.07824e-06
6.07837e-06
6.07853e-06
6.07866e-06
6.07898e-06
6.07897e-06
6.07608e-06
6.07684e-06
6.07767e-06
6.07865e-06
6.07955e-06
6.08046e-06
6.08135e-06
6.08215e-06
6.0829e-06
6.08358e-06
6.08418e-06
6.08472e-06
6.0852e-06
6.08562e-06
6.08599e-06
6.08631e-06
6.08657e-06
6.08678e-06
6.08695e-06
6.08707e-06
6.08716e-06
6.08722e-06
6.08727e-06
6.0873e-06
6.08732e-06
6.0873e-06
6.08726e-06
6.08718e-06
6.08715e-06
6.08691e-06
6.08686e-06
6.08893e-06
6.07538e-06
6.11866e-06
6.09975e-06
5.60891e-06
8.10025e-06
5.21201e-06
7.61494e-10
6.07516e-06
6.07409e-06
6.07235e-06
6.07075e-06
6.0697e-06
6.06925e-06
6.06973e-06
6.07084e-06
6.07209e-06
6.07322e-06
6.07416e-06
6.07487e-06
6.0754e-06
6.0758e-06
6.0761e-06
6.07634e-06
6.07652e-06
6.07668e-06
6.07681e-06
6.07692e-06
6.07702e-06
6.07712e-06
6.07721e-06
6.07731e-06
6.07742e-06
6.07754e-06
6.07765e-06
6.07777e-06
6.0779e-06
6.07803e-06
6.07816e-06
6.07829e-06
6.07844e-06
6.07859e-06
6.07875e-06
6.07894e-06
6.07909e-06
6.07944e-06
6.07945e-06
6.07614e-06
6.07695e-06
6.07784e-06
6.07888e-06
6.07984e-06
6.0808e-06
6.08174e-06
6.0826e-06
6.08339e-06
6.0841e-06
6.08475e-06
6.08532e-06
6.08583e-06
6.08628e-06
6.08668e-06
6.08702e-06
6.08732e-06
6.08756e-06
6.08774e-06
6.08789e-06
6.088e-06
6.08809e-06
6.08815e-06
6.0882e-06
6.08823e-06
6.08824e-06
6.08821e-06
6.08815e-06
6.08806e-06
6.08805e-06
6.08738e-06
6.08909e-06
6.08568e-06
6.07742e-06
6.17253e-06
5.80969e-06
6.28491e-06
8.6955e-06
1.44812e-06
6.07519e-06
6.07409e-06
6.07233e-06
6.07063e-06
6.06957e-06
6.06922e-06
6.06989e-06
6.07116e-06
6.0725e-06
6.07366e-06
6.07457e-06
6.07524e-06
6.07573e-06
6.07609e-06
6.07636e-06
6.07657e-06
6.07674e-06
6.07688e-06
6.077e-06
6.07711e-06
6.07721e-06
6.07731e-06
6.07741e-06
6.07753e-06
6.07765e-06
6.07779e-06
6.07794e-06
6.07809e-06
6.07824e-06
6.07841e-06
6.07857e-06
6.07875e-06
6.07893e-06
6.07912e-06
6.07932e-06
6.07956e-06
6.07976e-06
6.08015e-06
6.08019e-06
6.0762e-06
6.07707e-06
6.07803e-06
6.07913e-06
6.08015e-06
6.08116e-06
6.08215e-06
6.08305e-06
6.08389e-06
6.08465e-06
6.08533e-06
6.08594e-06
6.08648e-06
6.08697e-06
6.08739e-06
6.08777e-06
6.08809e-06
6.08835e-06
6.08857e-06
6.08874e-06
6.08888e-06
6.08898e-06
6.08907e-06
6.08914e-06
6.08919e-06
6.08921e-06
6.0892e-06
6.08917e-06
6.08908e-06
6.08906e-06
6.08878e-06
6.08837e-06
6.0917e-06
6.07406e-06
6.12635e-06
6.07529e-06
5.71764e-06
7.69941e-06
5.80681e-06
6.07522e-06
6.07409e-06
6.07231e-06
6.07051e-06
6.06946e-06
6.06922e-06
6.07009e-06
6.07151e-06
6.07291e-06
6.07406e-06
6.07493e-06
6.07555e-06
6.076e-06
6.07633e-06
6.07658e-06
6.07678e-06
6.07694e-06
6.07708e-06
6.07721e-06
6.07733e-06
6.07744e-06
6.07756e-06
6.07768e-06
6.07783e-06
6.07799e-06
6.07817e-06
6.07836e-06
6.07856e-06
6.07877e-06
6.07899e-06
6.07921e-06
6.07944e-06
6.07968e-06
6.07992e-06
6.08018e-06
6.08047e-06
6.08073e-06
6.08119e-06
6.08126e-06
6.07628e-06
6.07719e-06
6.07822e-06
6.07938e-06
6.08046e-06
6.08153e-06
6.08258e-06
6.08353e-06
6.08441e-06
6.08521e-06
6.08592e-06
6.08657e-06
6.08715e-06
6.08766e-06
6.08812e-06
6.08853e-06
6.08887e-06
6.08917e-06
6.08941e-06
6.08961e-06
6.08978e-06
6.08991e-06
6.09001e-06
6.0901e-06
6.09017e-06
6.09021e-06
6.09022e-06
6.09021e-06
6.09016e-06
6.09007e-06
6.09012e-06
6.08914e-06
6.09177e-06
6.08563e-06
6.08436e-06
6.1582e-06
5.83437e-06
6.40486e-06
7.08325e-06
6.07525e-06
6.07409e-06
6.07228e-06
6.0704e-06
6.06934e-06
6.06925e-06
6.07032e-06
6.07188e-06
6.07331e-06
6.07443e-06
6.07524e-06
6.07581e-06
6.07622e-06
6.07653e-06
6.07678e-06
6.07698e-06
6.07716e-06
6.07732e-06
6.07747e-06
6.07761e-06
6.07776e-06
6.07791e-06
6.07808e-06
6.07828e-06
6.07851e-06
6.07875e-06
6.07901e-06
6.07928e-06
6.07955e-06
6.07984e-06
6.08013e-06
6.08043e-06
6.08074e-06
6.08105e-06
6.08138e-06
6.08174e-06
6.08207e-06
6.0826e-06
6.08272e-06
6.07635e-06
6.07733e-06
6.07842e-06
6.07965e-06
6.08079e-06
6.08192e-06
6.08301e-06
6.08401e-06
6.08494e-06
6.08578e-06
6.08653e-06
6.08722e-06
6.08783e-06
6.08838e-06
6.08887e-06
6.0893e-06
6.08968e-06
6.09001e-06
6.09028e-06
6.09051e-06
6.0907e-06
6.09085e-06
6.09098e-06
6.09109e-06
6.09118e-06
6.09124e-06
6.09128e-06
6.09128e-06
6.09127e-06
6.09118e-06
6.09123e-06
6.09076e-06
6.0909e-06
6.09293e-06
6.0775e-06
6.13065e-06
6.03498e-06
5.96528e-06
6.54018e-06
6.07528e-06
6.0741e-06
6.07226e-06
6.07028e-06
6.06924e-06
6.0693e-06
6.07059e-06
6.07226e-06
6.07369e-06
6.07475e-06
6.0755e-06
6.07603e-06
6.07643e-06
6.07674e-06
6.07701e-06
6.07725e-06
6.07746e-06
6.07766e-06
6.07785e-06
6.07804e-06
6.07824e-06
6.07845e-06
6.07869e-06
6.07896e-06
6.07927e-06
6.0796e-06
6.07994e-06
6.08029e-06
6.08065e-06
6.08102e-06
6.08139e-06
6.08177e-06
6.08215e-06
6.08254e-06
6.08295e-06
6.08338e-06
6.08379e-06
6.08439e-06
6.08458e-06
6.07643e-06
6.07747e-06
6.07863e-06
6.07993e-06
6.08112e-06
6.08231e-06
6.08346e-06
6.08451e-06
6.08548e-06
6.08636e-06
6.08715e-06
6.08787e-06
6.08852e-06
6.0891e-06
6.08962e-06
6.09009e-06
6.0905e-06
6.09086e-06
6.09116e-06
6.09142e-06
6.09164e-06
6.09182e-06
6.09198e-06
6.09211e-06
6.09222e-06
6.0923e-06
6.09236e-06
6.09239e-06
6.09239e-06
6.09235e-06
6.09231e-06
6.0923e-06
6.09149e-06
6.09413e-06
6.08616e-06
6.09699e-06
6.11407e-06
5.98154e-06
6.11723e-06
6.07532e-06
6.0741e-06
6.07223e-06
6.07018e-06
6.06914e-06
6.06939e-06
6.07088e-06
6.07263e-06
6.07403e-06
6.07503e-06
6.07572e-06
6.07624e-06
6.07665e-06
6.07701e-06
6.07733e-06
6.07762e-06
6.0779e-06
6.07816e-06
6.07842e-06
6.07868e-06
6.07895e-06
6.07923e-06
6.07955e-06
6.07992e-06
6.08033e-06
6.08076e-06
6.08119e-06
6.08164e-06
6.08209e-06
6.08254e-06
6.08299e-06
6.08345e-06
6.08391e-06
6.08438e-06
6.08486e-06
6.08536e-06
6.08584e-06
6.08652e-06
6.08677e-06
6.07652e-06
6.07761e-06
6.07885e-06
6.08021e-06
6.08146e-06
6.08271e-06
6.08391e-06
6.08501e-06
6.08602e-06
6.08695e-06
6.08778e-06
6.08854e-06
6.08922e-06
6.08984e-06
6.09039e-06
6.09089e-06
6.09134e-06
6.09173e-06
6.09206e-06
6.09235e-06
6.0926e-06
6.09281e-06
6.09299e-06
6.09315e-06
6.09329e-06
6.09339e-06
6.09347e-06
6.09352e-06
6.09354e-06
6.09355e-06
6.09349e-06
6.09356e-06
6.09302e-06
6.09379e-06
6.09313e-06
6.08744e-06
6.1125e-06
6.06646e-06
6.03259e-06
6.07535e-06
6.0741e-06
6.07221e-06
6.07008e-06
6.06905e-06
6.06951e-06
6.0712e-06
6.07299e-06
6.07434e-06
6.07526e-06
6.07593e-06
6.07646e-06
6.07694e-06
6.07738e-06
6.07779e-06
6.07818e-06
6.07855e-06
6.0789e-06
6.07924e-06
6.07958e-06
6.07993e-06
6.08031e-06
6.08073e-06
6.0812e-06
6.08171e-06
6.08224e-06
6.08277e-06
6.08331e-06
6.08384e-06
6.08437e-06
6.08491e-06
6.08544e-06
6.08597e-06
6.0865e-06
6.08704e-06
6.08761e-06
6.08815e-06
6.08888e-06
6.08921e-06
6.0766e-06
6.07777e-06
6.07907e-06
6.0805e-06
6.08181e-06
6.08312e-06
6.08437e-06
6.08551e-06
6.08657e-06
6.08754e-06
6.08841e-06
6.0892e-06
6.08992e-06
6.09057e-06
6.09116e-06
6.0917e-06
6.09218e-06
6.0926e-06
6.09297e-06
6.09329e-06
6.09357e-06
6.09382e-06
6.09403e-06
6.09421e-06
6.09437e-06
6.0945e-06
6.0946e-06
6.09468e-06
6.09473e-06
6.09476e-06
6.09474e-06
6.09475e-06
6.09462e-06
6.09433e-06
6.09554e-06
6.09085e-06
6.09827e-06
6.10059e-06
6.06697e-06
6.07539e-06
6.0741e-06
6.07218e-06
6.06998e-06
6.06897e-06
6.06967e-06
6.07153e-06
6.07333e-06
6.0746e-06
6.07547e-06
6.07615e-06
6.07676e-06
6.07735e-06
6.07792e-06
6.07846e-06
6.07897e-06
6.07945e-06
6.07991e-06
6.08035e-06
6.08078e-06
6.08123e-06
6.0817e-06
6.08221e-06
6.08278e-06
6.0834e-06
6.08402e-06
6.08464e-06
6.08525e-06
6.08586e-06
6.08645e-06
6.08704e-06
6.08763e-06
6.08821e-06
6.0888e-06
6.08938e-06
6.09e-06
6.09059e-06
6.09136e-06
6.09174e-06
6.07669e-06
6.07792e-06
6.07929e-06
6.08079e-06
6.08216e-06
6.08352e-06
6.08483e-06
6.08601e-06
6.08712e-06
6.08812e-06
6.08903e-06
6.08987e-06
6.09062e-06
6.09131e-06
6.09193e-06
6.0925e-06
6.09302e-06
6.09348e-06
6.09388e-06
6.09424e-06
6.09456e-06
6.09483e-06
6.09507e-06
6.09529e-06
6.09547e-06
6.09563e-06
6.09575e-06
6.09586e-06
6.09594e-06
6.09599e-06
6.09602e-06
6.09601e-06
6.09603e-06
6.0957e-06
6.09626e-06
6.09519e-06
6.09384e-06
6.10136e-06
6.09437e-06
6.07542e-06
6.07409e-06
6.07215e-06
6.0699e-06
6.06891e-06
6.06986e-06
6.07187e-06
6.07363e-06
6.07482e-06
6.07567e-06
6.07643e-06
6.07718e-06
6.07794e-06
6.07868e-06
6.07939e-06
6.08004e-06
6.08065e-06
6.08122e-06
6.08176e-06
6.08228e-06
6.08281e-06
6.08337e-06
6.08397e-06
6.08463e-06
6.08532e-06
6.08602e-06
6.0867e-06
6.08737e-06
6.08802e-06
6.08866e-06
6.0893e-06
6.08992e-06
6.09053e-06
6.09115e-06
6.09177e-06
6.09241e-06
6.09304e-06
6.09383e-06
6.09426e-06
6.07678e-06
6.07807e-06
6.07952e-06
6.08107e-06
6.0825e-06
6.08392e-06
6.08527e-06
6.08651e-06
6.08765e-06
6.0887e-06
6.08965e-06
6.09052e-06
6.09131e-06
6.09203e-06
6.09269e-06
6.09329e-06
6.09384e-06
6.09434e-06
6.09478e-06
6.09518e-06
6.09553e-06
6.09584e-06
6.09612e-06
6.09637e-06
6.09658e-06
6.09676e-06
6.09692e-06
6.09705e-06
6.09716e-06
6.09725e-06
6.09731e-06
6.09733e-06
6.09736e-06
6.09724e-06
6.09721e-06
6.09747e-06
6.09568e-06
6.09756e-06
6.10004e-06
6.07546e-06
6.07408e-06
6.07211e-06
6.06982e-06
6.06886e-06
6.07008e-06
6.0722e-06
6.07389e-06
6.07501e-06
6.07589e-06
6.07681e-06
6.07777e-06
6.07875e-06
6.0797e-06
6.08059e-06
6.08139e-06
6.08212e-06
6.0828e-06
6.08342e-06
6.08403e-06
6.08463e-06
6.08525e-06
6.08591e-06
6.08663e-06
6.08738e-06
6.08813e-06
6.08885e-06
6.08955e-06
6.09023e-06
6.0909e-06
6.09156e-06
6.0922e-06
6.09283e-06
6.09347e-06
6.09411e-06
6.09477e-06
6.09542e-06
6.09624e-06
6.09671e-06
6.07687e-06
6.07822e-06
6.07974e-06
6.08135e-06
6.08284e-06
6.08431e-06
6.08571e-06
6.08699e-06
6.08818e-06
6.08926e-06
6.09025e-06
6.09115e-06
6.09197e-06
6.09273e-06
6.09342e-06
6.09406e-06
6.09465e-06
6.09518e-06
6.09566e-06
6.0961e-06
6.09649e-06
6.09684e-06
6.09715e-06
6.09743e-06
6.09768e-06
6.09789e-06
6.09808e-06
6.09825e-06
6.0984e-06
6.09852e-06
6.09861e-06
6.09867e-06
6.09872e-06
6.09873e-06
6.09859e-06
6.09878e-06
6.09829e-06
6.09746e-06
6.09914e-06
6.07549e-06
6.07407e-06
6.07208e-06
6.06973e-06
6.06883e-06
6.07032e-06
6.07251e-06
6.07411e-06
6.07519e-06
6.07619e-06
6.07734e-06
6.07857e-06
6.07981e-06
6.08098e-06
6.08204e-06
6.08298e-06
6.08382e-06
6.08458e-06
6.08528e-06
6.08594e-06
6.08659e-06
6.08725e-06
6.08795e-06
6.0887e-06
6.08948e-06
6.09025e-06
6.09099e-06
6.09171e-06
6.09242e-06
6.0931e-06
6.09377e-06
6.09443e-06
6.09509e-06
6.09574e-06
6.0964e-06
6.09709e-06
6.09777e-06
6.09862e-06
6.09913e-06
6.07695e-06
6.07836e-06
6.07995e-06
6.08163e-06
6.08316e-06
6.08468e-06
6.08613e-06
6.08745e-06
6.08867e-06
6.0898e-06
6.09081e-06
6.09175e-06
6.0926e-06
6.09339e-06
6.09412e-06
6.09479e-06
6.09541e-06
6.09598e-06
6.09651e-06
6.09698e-06
6.09742e-06
6.09781e-06
6.09816e-06
6.09848e-06
6.09876e-06
6.09901e-06
6.09923e-06
6.09944e-06
6.09962e-06
6.09978e-06
6.09991e-06
6.10002e-06
6.1001e-06
6.10016e-06
6.10012e-06
6.10011e-06
6.10016e-06
6.09937e-06
6.09941e-06
6.07551e-06
6.07405e-06
6.07203e-06
6.06963e-06
6.06882e-06
6.07059e-06
6.07279e-06
6.07429e-06
6.07538e-06
6.0766e-06
6.07806e-06
6.0796e-06
6.08111e-06
6.08249e-06
6.0837e-06
6.08475e-06
6.08567e-06
6.08648e-06
6.08722e-06
6.08791e-06
6.08858e-06
6.08927e-06
6.08999e-06
6.09076e-06
6.09155e-06
6.09234e-06
6.0931e-06
6.09384e-06
6.09457e-06
6.09528e-06
6.09598e-06
6.09667e-06
6.09736e-06
6.09805e-06
6.09875e-06
6.09948e-06
6.1002e-06
6.10109e-06
6.10166e-06
6.07702e-06
6.0785e-06
6.08015e-06
6.08188e-06
6.08347e-06
6.08503e-06
6.08652e-06
6.08788e-06
6.08914e-06
6.09029e-06
6.09134e-06
6.0923e-06
6.09318e-06
6.094e-06
6.09476e-06
6.09547e-06
6.09613e-06
6.09674e-06
6.09731e-06
6.09783e-06
6.0983e-06
6.09874e-06
6.09914e-06
6.09949e-06
6.09981e-06
6.1001e-06
6.10036e-06
6.1006e-06
6.10082e-06
6.10102e-06
6.1012e-06
6.10136e-06
6.10148e-06
6.10157e-06
6.10163e-06
6.1016e-06
6.10168e-06
6.10137e-06
6.10106e-06
6.07554e-06
6.07403e-06
6.07199e-06
6.06954e-06
6.06882e-06
6.07086e-06
6.07303e-06
6.07443e-06
6.07564e-06
6.07716e-06
6.07898e-06
6.08085e-06
6.0826e-06
6.08415e-06
6.08547e-06
6.08659e-06
6.08756e-06
6.0884e-06
6.08916e-06
6.08987e-06
6.09056e-06
6.09125e-06
6.09199e-06
6.09278e-06
6.09361e-06
6.09442e-06
6.09522e-06
6.096e-06
6.09677e-06
6.09753e-06
6.09828e-06
6.09903e-06
6.09978e-06
6.10053e-06
6.10129e-06
6.10208e-06
6.10288e-06
6.10384e-06
6.10447e-06
6.0771e-06
6.07863e-06
6.08034e-06
6.08213e-06
6.08376e-06
6.08536e-06
6.08688e-06
6.08827e-06
6.08956e-06
6.09073e-06
6.0918e-06
6.09279e-06
6.0937e-06
6.09455e-06
6.09535e-06
6.09609e-06
6.09679e-06
6.09744e-06
6.09805e-06
6.09862e-06
6.09914e-06
6.09963e-06
6.10007e-06
6.10047e-06
6.10083e-06
6.10115e-06
6.10145e-06
6.10173e-06
6.102e-06
6.10224e-06
6.10247e-06
6.10267e-06
6.10284e-06
6.10298e-06
6.1031e-06
6.10314e-06
6.1032e-06
6.1031e-06
6.10297e-06
6.07556e-06
6.07401e-06
6.07194e-06
6.06943e-06
6.06885e-06
6.07114e-06
6.07323e-06
6.07457e-06
6.07598e-06
6.07789e-06
6.08011e-06
6.08228e-06
6.08422e-06
6.08589e-06
6.08727e-06
6.08844e-06
6.08943e-06
6.09029e-06
6.09107e-06
6.0918e-06
6.09251e-06
6.09323e-06
6.094e-06
6.09484e-06
6.09572e-06
6.0966e-06
6.09747e-06
6.09833e-06
6.09917e-06
6.10001e-06
6.10084e-06
6.10167e-06
6.1025e-06
6.10333e-06
6.10417e-06
6.10505e-06
6.10593e-06
6.10698e-06
6.1077e-06
6.07716e-06
6.07875e-06
6.08051e-06
6.08235e-06
6.08401e-06
6.08565e-06
6.0872e-06
6.08861e-06
6.08992e-06
6.09111e-06
6.0922e-06
6.09321e-06
6.09415e-06
6.09503e-06
6.09586e-06
6.09664e-06
6.09737e-06
6.09807e-06
6.09872e-06
6.09934e-06
6.09991e-06
6.10045e-06
6.10094e-06
6.10139e-06
6.10179e-06
6.10215e-06
6.1025e-06
6.10282e-06
6.10313e-06
6.10342e-06
6.10369e-06
6.10394e-06
6.10417e-06
6.10437e-06
6.10454e-06
6.10466e-06
6.10475e-06
6.10472e-06
6.10475e-06
6.07558e-06
6.07398e-06
6.07189e-06
6.06933e-06
6.0689e-06
6.07142e-06
6.07338e-06
6.07473e-06
6.07646e-06
6.07881e-06
6.08141e-06
6.08381e-06
6.08589e-06
6.08763e-06
6.08906e-06
6.09025e-06
6.09128e-06
6.09217e-06
6.09298e-06
6.09375e-06
6.09451e-06
6.09528e-06
6.09612e-06
6.09704e-06
6.09802e-06
6.099e-06
6.09997e-06
6.10093e-06
6.10188e-06
6.10282e-06
6.10374e-06
6.10466e-06
6.10558e-06
6.1065e-06
6.10743e-06
6.1084e-06
6.10937e-06
6.11052e-06
6.11132e-06
6.07722e-06
6.07886e-06
6.08067e-06
6.08254e-06
6.08424e-06
6.0859e-06
6.08747e-06
6.0889e-06
6.09021e-06
6.09142e-06
6.09253e-06
6.09356e-06
6.09452e-06
6.09542e-06
6.09628e-06
6.09709e-06
6.09786e-06
6.0986e-06
6.0993e-06
6.09996e-06
6.10059e-06
6.10118e-06
6.10172e-06
6.10222e-06
6.10267e-06
6.10309e-06
6.10348e-06
6.10385e-06
6.10421e-06
6.10455e-06
6.10487e-06
6.10517e-06
6.10546e-06
6.10571e-06
6.10594e-06
6.10613e-06
6.1063e-06
6.10633e-06
6.10644e-06
6.07559e-06
6.07395e-06
6.07183e-06
6.06921e-06
6.06897e-06
6.07168e-06
6.07349e-06
6.07493e-06
6.07709e-06
6.0799e-06
6.08281e-06
6.08539e-06
6.08755e-06
6.08934e-06
6.09082e-06
6.09207e-06
6.09315e-06
6.09412e-06
6.095e-06
6.09584e-06
6.09667e-06
6.09754e-06
6.09847e-06
6.09951e-06
6.1006e-06
6.10171e-06
6.10279e-06
6.10386e-06
6.1049e-06
6.10594e-06
6.10695e-06
6.10796e-06
6.10895e-06
6.10995e-06
6.11095e-06
6.11199e-06
6.11303e-06
6.11424e-06
6.11514e-06
6.07726e-06
6.07894e-06
6.0808e-06
6.0827e-06
6.08442e-06
6.0861e-06
6.08768e-06
6.08911e-06
6.09042e-06
6.09164e-06
6.09276e-06
6.0938e-06
6.09478e-06
6.0957e-06
6.09657e-06
6.09741e-06
6.09821e-06
6.09898e-06
6.09973e-06
6.10044e-06
6.10112e-06
6.10177e-06
6.10238e-06
6.10293e-06
6.10344e-06
6.1039e-06
6.10435e-06
6.10478e-06
6.1052e-06
6.1056e-06
6.10598e-06
6.10634e-06
6.10668e-06
6.107e-06
6.1073e-06
6.10756e-06
6.1078e-06
6.10792e-06
6.10808e-06
6.07558e-06
6.07391e-06
6.07176e-06
6.0691e-06
6.06907e-06
6.07193e-06
6.07357e-06
6.07522e-06
6.07787e-06
6.08112e-06
6.08427e-06
6.08696e-06
6.08919e-06
6.09106e-06
6.09263e-06
6.09398e-06
6.09517e-06
6.09623e-06
6.09721e-06
6.09815e-06
6.09909e-06
6.10005e-06
6.1011e-06
6.10225e-06
6.10346e-06
6.10466e-06
6.10584e-06
6.10699e-06
6.10811e-06
6.10921e-06
6.11028e-06
6.11133e-06
6.11237e-06
6.11341e-06
6.11444e-06
6.11551e-06
6.1166e-06
6.11784e-06
6.1188e-06
6.07728e-06
6.079e-06
6.08089e-06
6.08282e-06
6.08455e-06
6.08624e-06
6.08781e-06
6.08923e-06
6.09055e-06
6.09177e-06
6.09289e-06
6.09393e-06
6.09491e-06
6.09584e-06
6.09672e-06
6.09758e-06
6.0984e-06
6.09921e-06
6.09999e-06
6.10075e-06
6.10148e-06
6.10219e-06
6.10285e-06
6.10347e-06
6.10403e-06
6.10456e-06
6.10507e-06
6.10556e-06
6.10605e-06
6.10651e-06
6.10696e-06
6.1074e-06
6.10781e-06
6.1082e-06
6.10857e-06
6.10891e-06
6.10923e-06
6.10945e-06
6.10969e-06
6.07556e-06
6.07385e-06
6.07168e-06
6.06898e-06
6.06919e-06
6.07216e-06
6.07363e-06
6.07562e-06
6.0788e-06
6.0824e-06
6.08572e-06
6.08851e-06
6.09086e-06
6.09287e-06
6.09459e-06
6.09608e-06
6.0974e-06
6.09858e-06
6.09967e-06
6.10071e-06
6.10173e-06
6.10278e-06
6.10391e-06
6.10514e-06
6.10642e-06
6.10768e-06
6.1089e-06
6.11008e-06
6.11122e-06
6.11233e-06
6.11341e-06
6.11447e-06
6.11551e-06
6.11654e-06
6.11757e-06
6.11863e-06
6.11971e-06
6.12095e-06
6.12194e-06
6.07727e-06
6.07902e-06
6.08094e-06
6.08288e-06
6.08461e-06
6.0863e-06
6.08785e-06
6.08926e-06
6.09057e-06
6.09177e-06
6.09288e-06
6.09391e-06
6.09489e-06
6.09581e-06
6.09671e-06
6.09758e-06
6.09844e-06
6.09927e-06
6.10009e-06
6.1009e-06
6.10168e-06
6.10244e-06
6.10316e-06
6.10383e-06
6.10445e-06
6.10503e-06
6.1056e-06
6.10616e-06
6.1067e-06
6.10724e-06
6.10777e-06
6.10828e-06
6.10877e-06
6.10925e-06
6.10971e-06
6.11014e-06
6.11056e-06
6.11089e-06
6.11123e-06
6.07552e-06
6.07377e-06
6.07159e-06
6.06887e-06
6.06931e-06
6.07236e-06
6.07368e-06
6.07614e-06
6.07984e-06
6.0837e-06
6.08716e-06
6.0901e-06
6.09263e-06
6.09483e-06
6.09673e-06
6.09838e-06
6.09983e-06
6.10111e-06
6.10228e-06
6.10338e-06
6.10445e-06
6.10555e-06
6.1067e-06
6.10795e-06
6.10923e-06
6.11048e-06
6.11168e-06
6.11283e-06
6.11394e-06
6.11502e-06
6.11606e-06
6.11707e-06
6.11807e-06
6.11906e-06
6.12006e-06
6.12109e-06
6.12214e-06
6.12334e-06
6.12434e-06
6.07723e-06
6.079e-06
6.08093e-06
6.08287e-06
6.08459e-06
6.08626e-06
6.08778e-06
6.08918e-06
6.09047e-06
6.09164e-06
6.09272e-06
6.09374e-06
6.09471e-06
6.09565e-06
6.09656e-06
6.09746e-06
6.09834e-06
6.09922e-06
6.10008e-06
6.10092e-06
6.10176e-06
6.10257e-06
6.10334e-06
6.10406e-06
6.10472e-06
6.10535e-06
6.10597e-06
6.10658e-06
6.10719e-06
6.10779e-06
6.10838e-06
6.10897e-06
6.10954e-06
6.11011e-06
6.11067e-06
6.1112e-06
6.11173e-06
6.1122e-06
6.11265e-06
6.07546e-06
6.07368e-06
6.07148e-06
6.06875e-06
6.06944e-06
6.07254e-06
6.07375e-06
6.07678e-06
6.08093e-06
6.08498e-06
6.08861e-06
6.09177e-06
6.09455e-06
6.09697e-06
6.09903e-06
6.1008e-06
6.10232e-06
6.10365e-06
6.10484e-06
6.10595e-06
6.10701e-06
6.10808e-06
6.10921e-06
6.1104e-06
6.11162e-06
6.11281e-06
6.11394e-06
6.11503e-06
6.11607e-06
6.11708e-06
6.11807e-06
6.11903e-06
6.11999e-06
6.12094e-06
6.1219e-06
6.1229e-06
6.12393e-06
6.1251e-06
6.1261e-06
6.07715e-06
6.07893e-06
6.08087e-06
6.08279e-06
6.08449e-06
6.08612e-06
6.0876e-06
6.08899e-06
6.09021e-06
6.09135e-06
6.09241e-06
6.09343e-06
6.09441e-06
6.09535e-06
6.09629e-06
6.09721e-06
6.09812e-06
6.09903e-06
6.09993e-06
6.10083e-06
6.10171e-06
6.10258e-06
6.10341e-06
6.10418e-06
6.10489e-06
6.10556e-06
6.10623e-06
6.10688e-06
6.10753e-06
6.10818e-06
6.10882e-06
6.10947e-06
6.1101e-06
6.11074e-06
6.11138e-06
6.11201e-06
6.11265e-06
6.11326e-06
6.11385e-06
6.07536e-06
6.07356e-06
6.07137e-06
6.06863e-06
6.06956e-06
6.07267e-06
6.07384e-06
6.07753e-06
6.08202e-06
6.08624e-06
6.09011e-06
6.09356e-06
6.09659e-06
6.09918e-06
6.10134e-06
6.10314e-06
6.10466e-06
6.10597e-06
6.10712e-06
6.10817e-06
6.10917e-06
6.11017e-06
6.11121e-06
6.11232e-06
6.11346e-06
6.11457e-06
6.11563e-06
6.11666e-06
6.11766e-06
6.11865e-06
6.11961e-06
6.12058e-06
6.12153e-06
6.1225e-06
6.12348e-06
6.1245e-06
6.12557e-06
6.12678e-06
6.12781e-06
6.07702e-06
6.07881e-06
6.08073e-06
6.08262e-06
6.08428e-06
6.08586e-06
6.08729e-06
6.08866e-06
6.08977e-06
6.09092e-06
6.09198e-06
6.09299e-06
6.09396e-06
6.09491e-06
6.09584e-06
6.09677e-06
6.0977e-06
6.09863e-06
6.09957e-06
6.10051e-06
6.10145e-06
6.10238e-06
6.10327e-06
6.10412e-06
6.1049e-06
6.10564e-06
6.10638e-06
6.1071e-06
6.10782e-06
6.10854e-06
6.10924e-06
6.10994e-06
6.11063e-06
6.11132e-06
6.11201e-06
6.11272e-06
6.11343e-06
6.11415e-06
6.11486e-06
6.07523e-06
6.07343e-06
6.07124e-06
6.06851e-06
6.06969e-06
6.07279e-06
6.07398e-06
6.07836e-06
6.08305e-06
6.08751e-06
6.09171e-06
6.09545e-06
6.09865e-06
6.1013e-06
6.10345e-06
6.10519e-06
6.10664e-06
6.10786e-06
6.10892e-06
6.10989e-06
6.11081e-06
6.11173e-06
6.1127e-06
6.11375e-06
6.11485e-06
6.11594e-06
6.11702e-06
6.11808e-06
6.11914e-06
6.12021e-06
6.12127e-06
6.12234e-06
6.12342e-06
6.12451e-06
6.12563e-06
6.12679e-06
6.12801e-06
6.1294e-06
6.13054e-06
6.07688e-06
6.07865e-06
6.08055e-06
6.08239e-06
6.08401e-06
6.08552e-06
6.08688e-06
6.08818e-06
6.08916e-06
6.09032e-06
6.09133e-06
6.09231e-06
6.09328e-06
6.09423e-06
6.09517e-06
6.09611e-06
6.09706e-06
6.09802e-06
6.09899e-06
6.09997e-06
6.10096e-06
6.10195e-06
6.1029e-06
6.10381e-06
6.10465e-06
6.10546e-06
6.10626e-06
6.10706e-06
6.10787e-06
6.10866e-06
6.10945e-06
6.11024e-06
6.11101e-06
6.11178e-06
6.11254e-06
6.11332e-06
6.1141e-06
6.11491e-06
6.1157e-06
6.0751e-06
6.07329e-06
6.0711e-06
6.06839e-06
6.06982e-06
6.07289e-06
6.0742e-06
6.07932e-06
6.08404e-06
6.08882e-06
6.0933e-06
6.09718e-06
6.10039e-06
6.10296e-06
6.10499e-06
6.10662e-06
6.10795e-06
6.10908e-06
6.11007e-06
6.11098e-06
6.11186e-06
6.11275e-06
6.11372e-06
6.1148e-06
6.11597e-06
6.11718e-06
6.11839e-06
6.11963e-06
6.12088e-06
6.12214e-06
6.12342e-06
6.12472e-06
6.12602e-06
6.12735e-06
6.12871e-06
6.13013e-06
6.1316e-06
6.13328e-06
6.13464e-06
6.07674e-06
6.0785e-06
6.08036e-06
6.08213e-06
6.08368e-06
6.08509e-06
6.08636e-06
6.08751e-06
6.08837e-06
6.08941e-06
6.09034e-06
6.0913e-06
6.0923e-06
6.09329e-06
6.09428e-06
6.09526e-06
6.09625e-06
6.09724e-06
6.09826e-06
6.09929e-06
6.10034e-06
6.10139e-06
6.1024e-06
6.10336e-06
6.10425e-06
6.10509e-06
6.10593e-06
6.10677e-06
6.10762e-06
6.10847e-06
6.10932e-06
6.11017e-06
6.11102e-06
6.11188e-06
6.11273e-06
6.1136e-06
6.11449e-06
6.11539e-06
6.11628e-06
6.07498e-06
6.07318e-06
6.071e-06
6.06831e-06
6.06988e-06
6.07292e-06
6.07445e-06
6.08019e-06
6.08516e-06
6.09026e-06
6.09486e-06
6.09869e-06
6.10174e-06
6.10414e-06
6.10602e-06
6.10753e-06
6.10878e-06
6.10987e-06
6.11085e-06
6.11177e-06
6.1127e-06
6.11367e-06
6.11475e-06
6.11598e-06
6.11735e-06
6.11879e-06
6.12025e-06
6.12175e-06
6.12327e-06
6.12481e-06
6.12637e-06
6.12793e-06
6.12951e-06
6.1311e-06
6.13272e-06
6.1344e-06
6.13615e-06
6.13813e-06
6.13977e-06
6.07657e-06
6.07829e-06
6.08009e-06
6.08179e-06
6.08324e-06
6.08453e-06
6.08567e-06
6.08664e-06
6.08735e-06
6.08812e-06
6.08898e-06
6.08995e-06
6.09101e-06
6.09207e-06
6.09311e-06
6.09415e-06
6.09519e-06
6.09624e-06
6.0973e-06
6.09839e-06
6.09949e-06
6.10059e-06
6.10167e-06
6.10268e-06
6.10363e-06
6.10453e-06
6.10542e-06
6.10632e-06
6.10721e-06
6.1081e-06
6.10899e-06
6.10989e-06
6.11079e-06
6.11171e-06
6.11264e-06
6.11359e-06
6.11458e-06
6.11562e-06
6.11664e-06
6.07484e-06
6.07306e-06
6.07089e-06
6.06824e-06
6.06993e-06
6.07293e-06
6.0747e-06
6.08101e-06
6.08634e-06
6.09172e-06
6.09631e-06
6.09997e-06
6.10281e-06
6.10504e-06
6.10682e-06
6.1083e-06
6.10958e-06
6.11073e-06
6.1118e-06
6.11285e-06
6.11392e-06
6.11508e-06
6.11638e-06
6.1179e-06
6.11958e-06
6.12134e-06
6.12312e-06
6.12493e-06
6.12675e-06
6.12856e-06
6.13037e-06
6.13217e-06
6.13396e-06
6.13576e-06
6.13757e-06
6.13943e-06
6.14136e-06
6.1435e-06
6.14536e-06
6.07634e-06
6.07802e-06
6.07974e-06
6.08134e-06
6.08267e-06
6.08382e-06
6.08479e-06
6.08555e-06
6.0861e-06
6.0865e-06
6.08729e-06
6.08831e-06
6.08946e-06
6.09059e-06
6.09171e-06
6.09282e-06
6.09392e-06
6.09504e-06
6.09616e-06
6.09731e-06
6.09846e-06
6.09961e-06
6.10073e-06
6.10179e-06
6.10277e-06
6.10372e-06
6.10467e-06
6.10562e-06
6.10658e-06
6.10753e-06
6.10848e-06
6.10944e-06
6.11039e-06
6.11136e-06
6.11234e-06
6.11335e-06
6.11442e-06
6.11555e-06
6.11669e-06
6.07464e-06
6.07289e-06
6.07076e-06
6.06816e-06
6.06997e-06
6.07293e-06
6.07499e-06
6.0818e-06
6.08749e-06
6.09303e-06
6.09749e-06
6.10093e-06
6.10361e-06
6.10578e-06
6.10761e-06
6.10921e-06
6.11067e-06
6.11202e-06
6.11332e-06
6.11461e-06
6.11594e-06
6.11737e-06
6.11897e-06
6.12081e-06
6.12282e-06
6.12487e-06
6.12691e-06
6.12892e-06
6.13088e-06
6.1328e-06
6.13466e-06
6.13648e-06
6.13824e-06
6.13997e-06
6.14169e-06
6.14342e-06
6.14519e-06
6.1471e-06
6.14887e-06
6.07604e-06
6.07765e-06
6.07928e-06
6.08075e-06
6.08194e-06
6.08292e-06
6.08371e-06
6.08423e-06
6.08458e-06
6.08456e-06
6.08529e-06
6.08638e-06
6.08763e-06
6.08886e-06
6.09007e-06
6.09125e-06
6.09243e-06
6.09361e-06
6.0948e-06
6.096e-06
6.09721e-06
6.09841e-06
6.09957e-06
6.10067e-06
6.10169e-06
6.10267e-06
6.10366e-06
6.10465e-06
6.10566e-06
6.10667e-06
6.10768e-06
6.1087e-06
6.10973e-06
6.11076e-06
6.11182e-06
6.1129e-06
6.11404e-06
6.11526e-06
6.11649e-06
6.07439e-06
6.07268e-06
6.0706e-06
6.06808e-06
6.06999e-06
6.0729e-06
6.07527e-06
6.08247e-06
6.08847e-06
6.09404e-06
6.0983e-06
6.10158e-06
6.10427e-06
6.10662e-06
6.10873e-06
6.11066e-06
6.11246e-06
6.11413e-06
6.11573e-06
6.1173e-06
6.11888e-06
6.12054e-06
6.12235e-06
6.12435e-06
6.12645e-06
6.12849e-06
6.13043e-06
6.13225e-06
6.13395e-06
6.13552e-06
6.13698e-06
6.13833e-06
6.13958e-06
6.14075e-06
6.14185e-06
6.14291e-06
6.14396e-06
6.14498e-06
6.14609e-06
6.07565e-06
6.07718e-06
6.07868e-06
6.08001e-06
6.08103e-06
6.08183e-06
6.0824e-06
6.08268e-06
6.0828e-06
6.08235e-06
6.08304e-06
6.08421e-06
6.08556e-06
6.0869e-06
6.08819e-06
6.08946e-06
6.09071e-06
6.09195e-06
6.09321e-06
6.09446e-06
6.09573e-06
6.09697e-06
6.09818e-06
6.09932e-06
6.10037e-06
6.10138e-06
6.10239e-06
6.10342e-06
6.10446e-06
6.10549e-06
6.10654e-06
6.10761e-06
6.10869e-06
6.10979e-06
6.11092e-06
6.11208e-06
6.11331e-06
6.11464e-06
6.11597e-06
6.07407e-06
6.07242e-06
6.07042e-06
6.06801e-06
6.06998e-06
6.07284e-06
6.07551e-06
6.08291e-06
6.08911e-06
6.09459e-06
6.09873e-06
6.10212e-06
6.10516e-06
6.10798e-06
6.11057e-06
6.11292e-06
6.11506e-06
6.11698e-06
6.11875e-06
6.1204e-06
6.12199e-06
6.12357e-06
6.1252e-06
6.12687e-06
6.12848e-06
6.1299e-06
6.1311e-06
6.13209e-06
6.13289e-06
6.1335e-06
6.13396e-06
6.13428e-06
6.13448e-06
6.13457e-06
6.13458e-06
6.1345e-06
6.13437e-06
6.13407e-06
6.13404e-06
6.07516e-06
6.07657e-06
6.07793e-06
6.07908e-06
6.07993e-06
6.08052e-06
6.08087e-06
6.0809e-06
6.08078e-06
6.07997e-06
6.08063e-06
6.08186e-06
6.08331e-06
6.08474e-06
6.08612e-06
6.08745e-06
6.08877e-06
6.09008e-06
6.09139e-06
6.09269e-06
6.094e-06
6.09529e-06
6.09654e-06
6.09771e-06
6.09879e-06
6.09983e-06
6.10086e-06
6.10191e-06
6.10298e-06
6.10403e-06
6.1051e-06
6.10619e-06
6.1073e-06
6.10844e-06
6.10961e-06
6.11084e-06
6.11215e-06
6.11359e-06
6.11505e-06
6.07368e-06
6.07211e-06
6.0702e-06
6.06794e-06
6.06995e-06
6.07272e-06
6.07564e-06
6.08302e-06
6.08923e-06
6.09467e-06
6.09903e-06
6.10296e-06
6.10664e-06
6.11002e-06
6.11296e-06
6.11545e-06
6.11754e-06
6.11927e-06
6.12071e-06
6.12194e-06
6.12299e-06
6.12391e-06
6.12471e-06
6.12533e-06
6.12571e-06
6.12582e-06
6.12568e-06
6.12533e-06
6.12481e-06
6.12416e-06
6.12342e-06
6.12261e-06
6.12178e-06
6.12093e-06
6.12009e-06
6.11925e-06
6.11842e-06
6.11758e-06
6.11705e-06
6.07455e-06
6.07582e-06
6.077e-06
6.07796e-06
6.07861e-06
6.07899e-06
6.07911e-06
6.07892e-06
6.07858e-06
6.07751e-06
6.07815e-06
6.07943e-06
6.08096e-06
6.08245e-06
6.08389e-06
6.08528e-06
6.08665e-06
6.088e-06
6.08935e-06
6.0907e-06
6.09204e-06
6.09337e-06
6.09464e-06
6.09584e-06
6.09694e-06
6.098e-06
6.09904e-06
6.10011e-06
6.10119e-06
6.10225e-06
6.10333e-06
6.10442e-06
6.10554e-06
6.10667e-06
6.10785e-06
6.10909e-06
6.11042e-06
6.1119e-06
6.11342e-06
6.07318e-06
6.07173e-06
6.06995e-06
6.06789e-06
6.06987e-06
6.07252e-06
6.0756e-06
6.08265e-06
6.08875e-06
6.0945e-06
6.09958e-06
6.10428e-06
6.10841e-06
6.11176e-06
6.11428e-06
6.11607e-06
6.11727e-06
6.11803e-06
6.11846e-06
6.11862e-06
6.11857e-06
6.1183e-06
6.11779e-06
6.117e-06
6.11596e-06
6.11477e-06
6.11353e-06
6.1123e-06
6.11113e-06
6.11008e-06
6.10921e-06
6.10855e-06
6.10812e-06
6.10792e-06
6.10797e-06
6.10828e-06
6.10885e-06
6.11008e-06
6.11161e-06
6.07378e-06
6.07489e-06
6.07587e-06
6.07662e-06
6.07707e-06
6.07725e-06
6.07716e-06
6.07679e-06
6.07628e-06
6.07512e-06
6.07573e-06
6.07702e-06
6.07858e-06
6.0801e-06
6.08157e-06
6.083e-06
6.08439e-06
6.08577e-06
6.08715e-06
6.08852e-06
6.08988e-06
6.09122e-06
6.09252e-06
6.09372e-06
6.09483e-06
6.0959e-06
6.09695e-06
6.09803e-06
6.09913e-06
6.10018e-06
6.10127e-06
6.10237e-06
6.1035e-06
6.10465e-06
6.10584e-06
6.1071e-06
6.10845e-06
6.10996e-06
6.11154e-06
6.07257e-06
6.07126e-06
6.06965e-06
6.06784e-06
6.06974e-06
6.0722e-06
6.0753e-06
6.08166e-06
6.08778e-06
6.09443e-06
6.10033e-06
6.10512e-06
6.10846e-06
6.1104e-06
6.11123e-06
6.1113e-06
6.1109e-06
6.11021e-06
6.10937e-06
6.10843e-06
6.10742e-06
6.10633e-06
6.10514e-06
6.10393e-06
6.10288e-06
6.10215e-06
6.1018e-06
6.10182e-06
6.10221e-06
6.10318e-06
6.10471e-06
6.10673e-06
6.10915e-06
6.11195e-06
6.11508e-06
6.11858e-06
6.1225e-06
6.12707e-06
6.13139e-06
6.07284e-06
6.07374e-06
6.07451e-06
6.07505e-06
6.07531e-06
6.07531e-06
6.07507e-06
6.07458e-06
6.074e-06
6.07289e-06
6.07348e-06
6.07473e-06
6.07626e-06
6.07777e-06
6.07923e-06
6.08065e-06
6.08205e-06
6.08343e-06
6.0848e-06
6.08618e-06
6.08754e-06
6.08889e-06
6.09018e-06
6.09138e-06
6.09249e-06
6.09355e-06
6.09459e-06
6.09565e-06
6.09672e-06
6.09775e-06
6.0988e-06
6.09986e-06
6.10092e-06
6.10201e-06
6.10312e-06
6.1043e-06
6.10556e-06
6.10697e-06
6.10842e-06
6.07182e-06
6.07069e-06
6.06931e-06
6.06781e-06
6.06952e-06
6.0717e-06
6.07463e-06
6.07996e-06
6.08661e-06
6.0942e-06
6.09965e-06
6.10254e-06
6.10326e-06
6.10261e-06
6.10136e-06
6.09991e-06
6.09857e-06
6.09749e-06
6.09669e-06
6.09615e-06
6.09586e-06
6.09581e-06
6.09614e-06
6.09721e-06
6.09913e-06
6.10174e-06
6.10486e-06
6.10835e-06
6.11208e-06
6.11594e-06
6.11983e-06
6.12369e-06
6.12746e-06
6.13112e-06
6.13467e-06
6.13814e-06
6.14157e-06
6.14498e-06
6.14796e-06
6.07168e-06
6.07235e-06
6.07289e-06
6.07323e-06
6.07333e-06
6.07321e-06
6.07289e-06
6.0724e-06
6.07185e-06
6.07094e-06
6.0715e-06
6.07265e-06
6.07411e-06
6.07555e-06
6.07696e-06
6.07833e-06
6.07969e-06
6.08103e-06
6.08237e-06
6.0837e-06
6.08503e-06
6.08635e-06
6.08762e-06
6.08882e-06
6.08992e-06
6.091e-06
6.09206e-06
6.09318e-06
6.09435e-06
6.0954e-06
6.09653e-06
6.0977e-06
6.09889e-06
6.1001e-06
6.10135e-06
6.10266e-06
6.10405e-06
6.10561e-06
6.10722e-06
6.07089e-06
6.07001e-06
6.06891e-06
6.06778e-06
6.06919e-06
6.07097e-06
6.07348e-06
6.07748e-06
6.08502e-06
6.09166e-06
6.09405e-06
6.09334e-06
6.09157e-06
6.09006e-06
6.08923e-06
6.08897e-06
6.08967e-06
6.09106e-06
6.09291e-06
6.09508e-06
6.09755e-06
6.10037e-06
6.10366e-06
6.10746e-06
6.11152e-06
6.11548e-06
6.11915e-06
6.12246e-06
6.12538e-06
6.12789e-06
6.12999e-06
6.13169e-06
6.13301e-06
6.13397e-06
6.13459e-06
6.13486e-06
6.13478e-06
6.13413e-06
6.13335e-06
6.07027e-06
6.07069e-06
6.071e-06
6.07116e-06
6.07116e-06
6.071e-06
6.07072e-06
6.07033e-06
6.06994e-06
6.06931e-06
6.06985e-06
6.07091e-06
6.07228e-06
6.07365e-06
6.07501e-06
6.07635e-06
6.07768e-06
6.07901e-06
6.08031e-06
6.0816e-06
6.08285e-06
6.08403e-06
6.08512e-06
6.0861e-06
6.08695e-06
6.08774e-06
6.08848e-06
6.0892e-06
6.08992e-06
6.09061e-06
6.0913e-06
6.09208e-06
6.09296e-06
6.09393e-06
6.095e-06
6.09619e-06
6.09752e-06
6.09907e-06
6.10085e-06
6.06976e-06
6.06918e-06
6.06845e-06
6.06774e-06
6.06871e-06
6.06993e-06
6.07171e-06
6.0741e-06
6.08133e-06
6.08321e-06
6.08206e-06
6.08039e-06
6.08101e-06
6.08372e-06
6.08735e-06
6.09116e-06
6.09477e-06
6.09803e-06
6.10093e-06
6.10354e-06
6.10592e-06
6.1081e-06
6.11014e-06
6.11193e-06
6.1133e-06
6.11413e-06
6.11444e-06
6.11429e-06
6.11375e-06
6.11288e-06
6.11171e-06
6.11031e-06
6.1087e-06
6.10691e-06
6.10491e-06
6.10271e-06
6.10026e-06
6.09748e-06
6.09491e-06
6.06857e-06
6.06872e-06
6.06881e-06
6.06884e-06
6.06882e-06
6.06873e-06
6.0686e-06
6.06845e-06
6.0683e-06
6.06806e-06
6.06854e-06
6.06947e-06
6.07071e-06
6.07196e-06
6.07318e-06
6.07434e-06
6.07544e-06
6.0765e-06
6.07753e-06
6.07855e-06
6.07956e-06
6.08057e-06
6.08155e-06
6.08248e-06
6.08337e-06
6.08423e-06
6.08515e-06
6.08606e-06
6.08691e-06
6.08804e-06
6.08909e-06
6.09016e-06
6.09127e-06
6.09243e-06
6.09367e-06
6.09502e-06
6.0965e-06
6.09825e-06
6.09978e-06
6.0684e-06
6.06819e-06
6.06792e-06
6.06767e-06
6.06804e-06
6.0685e-06
6.06918e-06
6.06983e-06
6.07304e-06
6.07016e-06
6.0716e-06
6.07526e-06
6.07916e-06
6.08249e-06
6.08504e-06
6.08688e-06
6.08813e-06
6.0889e-06
6.08929e-06
6.08938e-06
6.08918e-06
6.0887e-06
6.0879e-06
6.08676e-06
6.0854e-06
6.08396e-06
6.08249e-06
6.08102e-06
6.07956e-06
6.07811e-06
6.0767e-06
6.07532e-06
6.07397e-06
6.07265e-06
6.0713e-06
6.07009e-06
6.06918e-06
6.06854e-06
6.06817e-06
0.867615
1.40098
1.91144
2.39902
2.86529
3.30942
3.72949
4.12318
4.48796
4.82274
5.12696
5.39981
5.64036
5.84776
6.02174
6.16236
6.27063
6.35073
6.42003
6.55126
6.74259
6.97964
7.17106
7.31098
7.3911
7.40071
7.32674
7.15351
6.86378
6.4383
5.85642
5.0996
4.16189
3.07082
1.92469
0.917505
0.298961
0.0548923
0.00332958
0.000570553
0
0
0
0
0
1.29638e-10
1.64262e-07
3.57586e-06
7.05494e-06
7.01094e-06
6.30634e-06
6.03887e-06
6.04149e-06
6.08439e-06
6.10042e-06
6.10072e-06
6.09986e-06
6.10101e-06
6.10298e-06
6.1049e-06
6.10667e-06
6.10838e-06
6.11005e-06
6.11165e-06
6.11316e-06
6.11444e-06
6.11554e-06
6.11643e-06
6.11705e-06
6.11747e-06
6.11759e-06
6.11744e-06
6.11698e-06
6.11611e-06
6.11452e-06
6.11263e-06
6.10947e-06
6.10831e-06
6.10192e-06
6.10089e-06
0.352095
0.0475641
0.0137753
0.00427785
0.00102742
4.063e-08
9.27213e-06
5.65126e-06
6.1641e-06
6.0797e-06
6.08984e-06
6.08712e-06
6.08599e-06
6.08487e-06
6.08368e-06
6.08259e-06
6.08149e-06
6.08044e-06
6.07942e-06
6.07845e-06
6.07752e-06
6.07664e-06
6.07583e-06
6.0751e-06
6.07444e-06
6.07386e-06
6.07337e-06
6.07299e-06
6.07275e-06
6.07269e-06
6.07283e-06
6.07318e-06
6.0737e-06
6.07436e-06
6.07508e-06
6.0758e-06
6.07648e-06
6.07709e-06
6.07759e-06
6.078e-06
6.07831e-06
6.07855e-06
6.07875e-06
6.07899e-06
6.07934e-06
6.07988e-06
6.0807e-06
6.08188e-06
6.08344e-06
6.0854e-06
6.08767e-06
6.09014e-06
6.09269e-06
6.0952e-06
6.09764e-06
6.10007e-06
6.10264e-06
6.10554e-06
6.10886e-06
6.11255e-06
6.11639e-06
6.12002e-06
6.12308e-06
6.12539e-06
6.12709e-06
6.12887e-06
6.13184e-06
6.13625e-06
6.14163e-06
6.14721e-06
6.15023e-06
6.14638e-06
6.13318e-06
6.11632e-06
6.11337e-06
6.13497e-06
6.14987e-06
6.1324e-06
6.09303e-06
6.06793e-06
0.972406
1.53558
2.07649
2.59542
3.09354
3.5704
4.02485
4.45556
4.86113
5.24026
5.59166
5.91403
6.20606
6.46642
6.69361
6.88651
7.04464
7.16829
7.25888
7.31831
7.3488
7.35951
7.4196
7.53593
7.62258
7.66473
7.6471
7.55217
7.36001
7.04828
6.59274
5.96856
5.15354
4.13778
2.94939
1.69798
0.670363
0.136976
0.0263355
0
0
0
0
0
0
3.88226e-12
8.20522e-09
1.71208e-06
6.29575e-06
7.36119e-06
6.57468e-06
6.09115e-06
6.02203e-06
6.06981e-06
6.09843e-06
6.1023e-06
6.10075e-06
6.1012e-06
6.10307e-06
6.1051e-06
6.10695e-06
6.10871e-06
6.11042e-06
6.11207e-06
6.11363e-06
6.11497e-06
6.11612e-06
6.11704e-06
6.11768e-06
6.11813e-06
6.11829e-06
6.11816e-06
6.11773e-06
6.11688e-06
6.11532e-06
6.11341e-06
6.11021e-06
6.10904e-06
6.10261e-06
6.10171e-06
0.407556
0.0255848
0.00638178
3.90599e-05
1.4901e-07
2.64969e-08
1.11664e-05
5.16549e-06
6.30904e-06
6.04854e-06
6.09916e-06
6.08772e-06
6.08811e-06
6.08649e-06
6.08519e-06
6.08392e-06
6.08267e-06
6.08149e-06
6.08035e-06
6.07926e-06
6.07821e-06
6.07724e-06
6.07635e-06
6.07554e-06
6.07482e-06
6.07421e-06
6.07371e-06
6.07333e-06
6.07311e-06
6.07309e-06
6.07327e-06
6.07365e-06
6.07419e-06
6.07485e-06
6.07555e-06
6.07625e-06
6.07689e-06
6.07745e-06
6.07791e-06
6.07827e-06
6.07854e-06
6.07876e-06
6.07897e-06
6.07924e-06
6.07964e-06
6.08026e-06
6.08119e-06
6.08248e-06
6.08416e-06
6.0862e-06
6.08854e-06
6.09104e-06
6.09358e-06
6.09608e-06
6.0985e-06
6.10094e-06
6.10357e-06
6.10654e-06
6.10994e-06
6.11369e-06
6.11754e-06
6.12111e-06
6.12407e-06
6.12626e-06
6.12792e-06
6.12978e-06
6.13299e-06
6.13771e-06
6.14327e-06
6.14875e-06
6.15119e-06
6.1463e-06
6.13219e-06
6.11575e-06
6.11511e-06
6.13777e-06
6.15105e-06
6.13144e-06
6.09163e-06
6.06778e-06
0.549335
1.05196
1.56338
2.06602
2.56022
3.04592
3.52147
3.98452
4.43246
4.86252
5.27189
5.65774
6.01719
6.34736
6.64548
6.90889
7.13533
7.32307
7.47113
7.57986
7.65165
7.69194
7.70883
7.71373
7.73244
7.76667
7.77994
7.74698
7.6421
7.43887
7.10999
6.62754
5.96385
5.09461
4.0086
2.73259
1.41419
0.420281
0.023536
0.00416908
0
0
0
0
0
0
5.8982e-10
5.13859e-07
4.7148e-06
7.43385e-06
6.95954e-06
6.22779e-06
6.0163e-06
6.04748e-06
6.09187e-06
6.10355e-06
6.10225e-06
6.10167e-06
6.10322e-06
6.10531e-06
6.10727e-06
6.10908e-06
6.11084e-06
6.11253e-06
6.11413e-06
6.11553e-06
6.11673e-06
6.11768e-06
6.11835e-06
6.11883e-06
6.11903e-06
6.11892e-06
6.11852e-06
6.1177e-06
6.11617e-06
6.11422e-06
6.111e-06
6.10981e-06
6.10335e-06
6.10264e-06
0.143725
0.00479617
0.00115906
0
3.05382e-08
6.71736e-06
6.85667e-06
5.7324e-06
6.22363e-06
6.05781e-06
6.10242e-06
6.08878e-06
6.09008e-06
6.08791e-06
6.08657e-06
6.08512e-06
6.08376e-06
6.08245e-06
6.0812e-06
6.08001e-06
6.07887e-06
6.07782e-06
6.07685e-06
6.07598e-06
6.07522e-06
6.07457e-06
6.07406e-06
6.07369e-06
6.0735e-06
6.07352e-06
6.07373e-06
6.07414e-06
6.0747e-06
6.07535e-06
6.07603e-06
6.07668e-06
6.07727e-06
6.07777e-06
6.07818e-06
6.07849e-06
6.07873e-06
6.07894e-06
6.07916e-06
6.07947e-06
6.07994e-06
6.08067e-06
6.08171e-06
6.08313e-06
6.08493e-06
6.08707e-06
6.08947e-06
6.09199e-06
6.09452e-06
6.09699e-06
6.0994e-06
6.10187e-06
6.10456e-06
6.10762e-06
6.11111e-06
6.11492e-06
6.11876e-06
6.12226e-06
6.1251e-06
6.12717e-06
6.12879e-06
6.13077e-06
6.13428e-06
6.13933e-06
6.14504e-06
6.15036e-06
6.15208e-06
6.14602e-06
6.13102e-06
6.11528e-06
6.11723e-06
6.14074e-06
6.15211e-06
6.13029e-06
6.09015e-06
6.0677e-06
0.0603868
0.273111
0.654035
1.11264
1.59016
2.06982
2.54893
3.02647
3.50041
3.9678
4.42516
4.86876
5.29465
5.69882
6.07722
6.4259
6.74098
7.01888
7.25648
7.45137
7.60214
7.70882
7.77336
7.80043
7.79728
7.77707
7.78387
7.78042
7.7387
7.62967
7.42206
7.08388
6.58314
5.889
4.97464
3.82632
2.47558
1.11729
0.21215
0.0444438
0
0
0
0
0
0
5.33764e-11
1.04679e-07
2.81404e-06
6.91403e-06
7.35228e-06
6.48037e-06
6.05204e-06
6.02156e-06
6.07762e-06
6.10288e-06
6.10426e-06
6.10258e-06
6.10344e-06
6.10551e-06
6.10758e-06
6.10947e-06
6.11126e-06
6.113e-06
6.11465e-06
6.1161e-06
6.11736e-06
6.11835e-06
6.11904e-06
6.11955e-06
6.11979e-06
6.11972e-06
6.11934e-06
6.11855e-06
6.11704e-06
6.11508e-06
6.11182e-06
6.11062e-06
6.10414e-06
6.10365e-06
0.00267247
0.00015235
6.01073e-06
2.21307e-08
5.42845e-06
7.28369e-06
5.80518e-06
6.13184e-06
6.10904e-06
6.08726e-06
6.09805e-06
6.09113e-06
6.09115e-06
6.089e-06
6.08756e-06
6.08602e-06
6.08458e-06
6.0832e-06
6.08188e-06
6.08062e-06
6.07943e-06
6.07833e-06
6.07731e-06
6.07641e-06
6.07562e-06
6.07497e-06
6.07446e-06
6.07411e-06
6.07396e-06
6.074e-06
6.07425e-06
6.07468e-06
6.07523e-06
6.07586e-06
6.07649e-06
6.07709e-06
6.07762e-06
6.07806e-06
6.07841e-06
6.07868e-06
6.0789e-06
6.0791e-06
6.07935e-06
6.07972e-06
6.08029e-06
6.08113e-06
6.0823e-06
6.08386e-06
6.08578e-06
6.08801e-06
6.09046e-06
6.09299e-06
6.09551e-06
6.09795e-06
6.10036e-06
6.10286e-06
6.10562e-06
6.10879e-06
6.11237e-06
6.11622e-06
6.12004e-06
6.12345e-06
6.12615e-06
6.12811e-06
6.12971e-06
6.13184e-06
6.13569e-06
6.14109e-06
6.14694e-06
6.15199e-06
6.15287e-06
6.14555e-06
6.12973e-06
6.11497e-06
6.11972e-06
6.14383e-06
6.15304e-06
6.12893e-06
6.08862e-06
6.06771e-06
0.00135383
0.00263726
0.0495885
0.19503
0.484814
0.88485
1.33881
1.81272
2.29388
2.77812
3.26295
3.74534
4.22148
4.68701
5.13723
5.56724
5.97196
6.34634
6.68539
6.98433
7.23877
7.44497
7.60031
7.70398
7.75816
7.76951
7.75148
7.72367
7.711
7.66974
7.56432
7.35882
7.01721
6.50407
5.78559
4.83221
3.62762
2.21241
0.840664
0.0862377
0.0172829
0
0
0
0
0
1.82053e-12
3.33967e-09
1.12679e-06
5.60635e-06
7.57612e-06
6.8646e-06
6.16764e-06
6.00447e-06
6.05358e-06
6.09757e-06
6.10621e-06
6.10412e-06
6.10387e-06
6.10569e-06
6.10786e-06
6.10985e-06
6.1117e-06
6.11348e-06
6.11518e-06
6.11669e-06
6.118e-06
6.11904e-06
6.11975e-06
6.1203e-06
6.12058e-06
6.12054e-06
6.12019e-06
6.11943e-06
6.11796e-06
6.11598e-06
6.11268e-06
6.11148e-06
6.105e-06
6.10474e-06
2.97414e-06
5.76412e-11
2.19566e-08
5.61085e-06
7.17263e-06
6.05196e-06
6.02507e-06
6.14057e-06
6.086e-06
6.09909e-06
6.09449e-06
6.09271e-06
6.09127e-06
6.08946e-06
6.08794e-06
6.0864e-06
6.08495e-06
6.08356e-06
6.08223e-06
6.08098e-06
6.07979e-06
6.07869e-06
6.07768e-06
6.07678e-06
6.076e-06
6.07537e-06
6.07489e-06
6.07458e-06
6.07446e-06
6.07454e-06
6.07482e-06
6.07525e-06
6.07579e-06
6.07637e-06
6.07695e-06
6.07748e-06
6.07794e-06
6.07832e-06
6.07861e-06
6.07885e-06
6.07905e-06
6.07927e-06
6.07957e-06
6.08002e-06
6.08069e-06
6.08167e-06
6.08299e-06
6.08468e-06
6.08672e-06
6.08904e-06
6.09152e-06
6.09405e-06
6.09654e-06
6.09896e-06
6.10137e-06
6.10392e-06
6.10677e-06
6.11005e-06
6.11372e-06
6.11761e-06
6.12138e-06
6.12468e-06
6.12724e-06
6.12909e-06
6.13069e-06
6.13301e-06
6.13725e-06
6.14302e-06
6.14895e-06
6.15363e-06
6.15352e-06
6.14486e-06
6.12836e-06
6.11489e-06
6.12258e-06
6.147e-06
6.15379e-06
6.12738e-06
6.08707e-06
6.06782e-06
0
2.87825e-06
0.000644207
0.00466688
0.00867547
0.0855068
0.271338
0.585784
0.999526
1.46648
1.95626
2.45553
2.9589
3.46281
3.96323
4.45534
4.93368
5.39238
5.82528
6.22609
6.58848
6.90636
7.17413
7.38726
7.54298
7.64134
7.68656
7.68828
7.66275
7.63735
7.59018
7.4835
7.27813
6.93409
6.41203
5.67441
4.68789
3.43359
1.96116
0.630131
0.0245542
0.00679951
0
0
0
0
0
3.79926e-10
3.35959e-07
3.84232e-06
7.26282e-06
7.28394e-06
6.40889e-06
6.02709e-06
6.02183e-06
6.08334e-06
6.10651e-06
6.10639e-06
6.10474e-06
6.10591e-06
6.10811e-06
6.11021e-06
6.11213e-06
6.11396e-06
6.11571e-06
6.11728e-06
6.11866e-06
6.11974e-06
6.12049e-06
6.12107e-06
6.12139e-06
6.12138e-06
6.12108e-06
6.12035e-06
6.11891e-06
6.11693e-06
6.11359e-06
6.11238e-06
6.10592e-06
6.10592e-06
0
9.38443e-09
2.48256e-06
7.72517e-06
6.00453e-06
6.0616e-06
6.11096e-06
6.10189e-06
6.09379e-06
6.09721e-06
6.09323e-06
6.09233e-06
6.09056e-06
6.08904e-06
6.08756e-06
6.08612e-06
6.08474e-06
6.08343e-06
6.08217e-06
6.08098e-06
6.07986e-06
6.07881e-06
6.07786e-06
6.07702e-06
6.0763e-06
6.07572e-06
6.0753e-06
6.07505e-06
6.07499e-06
6.07511e-06
6.0754e-06
6.07582e-06
6.07633e-06
6.07686e-06
6.07738e-06
6.07784e-06
6.07823e-06
6.07854e-06
6.0788e-06
6.07901e-06
6.07921e-06
6.07946e-06
6.07983e-06
6.08038e-06
6.08119e-06
6.08231e-06
6.08379e-06
6.08562e-06
6.08777e-06
6.09016e-06
6.09266e-06
6.09518e-06
6.09763e-06
6.10003e-06
6.10246e-06
6.10507e-06
6.10803e-06
6.11141e-06
6.11517e-06
6.11907e-06
6.12279e-06
6.12596e-06
6.12837e-06
6.13011e-06
6.13174e-06
6.1343e-06
6.13897e-06
6.14511e-06
6.15106e-06
6.15525e-06
6.15401e-06
6.14396e-06
6.12692e-06
6.11508e-06
6.12583e-06
6.15022e-06
6.15434e-06
6.12561e-06
6.0855e-06
6.06804e-06
4.22872e-16
0
0
0
9.84851e-05
0.00123609
0.00910557
0.0217567
0.120322
0.339049
0.69038
1.1387
1.63733
2.15685
2.68447
3.2145
3.74238
4.26279
4.76945
5.25546
5.71351
6.13604
6.5155
6.84469
7.11724
7.32821
7.47511
7.55916
7.58693
7.57254
7.53785
7.48907
7.38595
7.18582
6.84471
6.31939
5.56858
4.55498
3.2558
1.74918
0.47372
0.0325925
0.0058347
0
0
0
0
9.67833e-14
1.66501e-10
1.71532e-06
6.57655e-06
7.66868e-06
6.77067e-06
6.13046e-06
5.99978e-06
6.05726e-06
6.10145e-06
6.10878e-06
6.10632e-06
6.10631e-06
6.10832e-06
6.11055e-06
6.11257e-06
6.11445e-06
6.11625e-06
6.11788e-06
6.11932e-06
6.12045e-06
6.12124e-06
6.12186e-06
6.12222e-06
6.12226e-06
6.12199e-06
6.1213e-06
6.1199e-06
6.11793e-06
6.11453e-06
6.11334e-06
6.1069e-06
6.10719e-06
8.6966e-09
2.20304e-06
7.01883e-06
6.18289e-06
6.02796e-06
6.1115e-06
6.09984e-06
6.09406e-06
6.09501e-06
6.09327e-06
6.09159e-06
6.0904e-06
6.08894e-06
6.08764e-06
6.08634e-06
6.08509e-06
6.08388e-06
6.08272e-06
6.08162e-06
6.08057e-06
6.07957e-06
6.07865e-06
6.07782e-06
6.07708e-06
6.07647e-06
6.07599e-06
6.07566e-06
6.07549e-06
6.07548e-06
6.07565e-06
6.07595e-06
6.07636e-06
6.07683e-06
6.0773e-06
6.07775e-06
6.07814e-06
6.07847e-06
6.07873e-06
6.07895e-06
6.07916e-06
6.07939e-06
6.07969e-06
6.08015e-06
6.08083e-06
6.08178e-06
6.08307e-06
6.08471e-06
6.08668e-06
6.08893e-06
6.09136e-06
6.09387e-06
6.09636e-06
6.09878e-06
6.10117e-06
6.10363e-06
6.10632e-06
6.10939e-06
6.11289e-06
6.11672e-06
6.12062e-06
6.12425e-06
6.12727e-06
6.12952e-06
6.13117e-06
6.13287e-06
6.13574e-06
6.14088e-06
6.14737e-06
6.15326e-06
6.1568e-06
6.15428e-06
6.14281e-06
6.12546e-06
6.11556e-06
6.12948e-06
6.15345e-06
6.15464e-06
6.12363e-06
6.08395e-06
6.06838e-06
3.24293e-08
1.93169e-10
0
0
0
0
0
0.000329145
0.00193279
0.0163573
0.0467794
0.185531
0.467853
0.887487
1.39327
1.93669
2.49294
3.05217
3.60874
4.15666
4.68887
5.19741
5.67382
6.10938
6.49551
6.82412
7.0883
7.28321
7.40717
7.46325
7.461
7.41709
7.3778
7.28515
7.09443
6.75975
6.23511
5.47577
4.44046
3.10511
1.58296
0.417195
0.101171
0
0
0
0
0
3.85911e-11
3.74798e-08
4.08142e-06
8.07824e-06
7.34461e-06
6.33307e-06
6.00897e-06
6.02551e-06
6.08737e-06
6.10927e-06
6.10872e-06
6.10714e-06
6.10853e-06
6.11084e-06
6.11299e-06
6.11494e-06
6.11679e-06
6.11849e-06
6.11999e-06
6.12117e-06
6.12201e-06
6.12267e-06
6.12308e-06
6.12317e-06
6.12293e-06
6.12229e-06
6.12093e-06
6.11898e-06
6.11553e-06
6.11434e-06
6.10795e-06
6.10856e-06
5.0981e-06
6.48082e-06
6.24019e-06
6.04256e-06
6.1055e-06
6.10011e-06
6.09486e-06
6.09386e-06
6.09278e-06
6.09087e-06
6.08958e-06
6.0882e-06
6.08692e-06
6.08571e-06
6.08455e-06
6.08346e-06
6.08242e-06
6.08145e-06
6.08054e-06
6.07968e-06
6.07888e-06
6.07815e-06
6.07749e-06
6.07693e-06
6.07647e-06
6.07613e-06
6.07592e-06
6.07585e-06
6.07592e-06
6.07612e-06
6.07644e-06
6.07682e-06
6.07725e-06
6.07766e-06
6.07804e-06
6.07838e-06
6.07865e-06
6.07888e-06
6.07909e-06
6.07931e-06
6.07958e-06
6.07998e-06
6.08055e-06
6.08138e-06
6.0825e-06
6.08396e-06
6.08576e-06
6.08786e-06
6.09019e-06
6.09266e-06
6.09516e-06
6.09761e-06
6.1e-06
6.10238e-06
6.10489e-06
6.10768e-06
6.11088e-06
6.11449e-06
6.11837e-06
6.12225e-06
6.12578e-06
6.12863e-06
6.13071e-06
6.13229e-06
6.13412e-06
6.13734e-06
6.14299e-06
6.1498e-06
6.15552e-06
6.15826e-06
6.1543e-06
6.14141e-06
6.12403e-06
6.11656e-06
6.13352e-06
6.15664e-06
6.15465e-06
6.12142e-06
6.08241e-06
6.06884e-06
5.88607e-06
2.4341e-06
1.18142e-08
2.04846e-14
0
0
0
0
0
0
0.000792998
0.00513005
0.00804751
0.104883
0.337239
0.734931
1.2519
1.82284
2.41015
2.99925
3.58321
4.15526
4.70741
5.23071
5.71564
6.15254
6.53205
6.84573
7.08683
7.25166
7.34136
7.36462
7.34045
7.29459
7.20199
7.01587
6.68664
6.16425
5.39985
4.34694
2.98368
1.46683
0.356074
0.0883617
0
0
0
0
0
5.5806e-10
2.76515e-07
6.32162e-06
8.48352e-06
6.8503e-06
6.05963e-06
5.98549e-06
6.06328e-06
6.10536e-06
6.11129e-06
6.10884e-06
6.10895e-06
6.11105e-06
6.11336e-06
6.11542e-06
6.11734e-06
6.1191e-06
6.12067e-06
6.12191e-06
6.1228e-06
6.12351e-06
6.12397e-06
6.12411e-06
6.12391e-06
6.12331e-06
6.12201e-06
6.12008e-06
6.11657e-06
6.1154e-06
6.10907e-06
6.11002e-06
6.68155e-06
6.1553e-06
6.08906e-06
6.10206e-06
6.10673e-06
6.09943e-06
6.09769e-06
6.09581e-06
6.09363e-06
6.09161e-06
6.08981e-06
6.08806e-06
6.08645e-06
6.08495e-06
6.08356e-06
6.08229e-06
6.08115e-06
6.08015e-06
6.07928e-06
6.07852e-06
6.07786e-06
6.07731e-06
6.07686e-06
6.0765e-06
6.07625e-06
6.07609e-06
6.07604e-06
6.07609e-06
6.07624e-06
6.07649e-06
6.07681e-06
6.07718e-06
6.07756e-06
6.07793e-06
6.07825e-06
6.07854e-06
6.07878e-06
6.079e-06
6.07921e-06
6.07947e-06
6.07982e-06
6.08033e-06
6.08105e-06
6.08205e-06
6.08336e-06
6.08499e-06
6.08694e-06
6.08916e-06
6.09155e-06
6.09403e-06
6.09651e-06
6.09892e-06
6.10129e-06
6.10368e-06
6.10626e-06
6.10917e-06
6.11249e-06
6.11621e-06
6.12013e-06
6.12397e-06
6.12735e-06
6.13002e-06
6.13194e-06
6.13348e-06
6.13548e-06
6.13913e-06
6.14531e-06
6.1524e-06
6.15781e-06
6.15955e-06
6.15402e-06
6.13977e-06
6.1227e-06
6.11819e-06
6.13794e-06
6.15974e-06
6.15434e-06
6.119e-06
6.08092e-06
6.06941e-06
6.47163e-06
6.82272e-06
5.40404e-06
1.18172e-06
5.76289e-09
2.30893e-14
0
0
0
0
0
0
0.000128739
0.0019742
0.0232669
0.0739221
0.280465
0.679517
1.2211
1.8248
2.44371
3.06065
3.66783
4.25771
4.82136
5.34891
5.83002
6.2544
6.61238
6.89588
7.09959
7.22268
7.2709
7.25962
7.21263
7.12331
6.94413
6.62274
6.1056
5.33962
4.27475
2.89633
1.4022
0.332276
0.0832419
0
0
0
0
0
1.90893e-09
6.72721e-07
7.69102e-06
8.35737e-06
6.45763e-06
5.9317e-06
6.00903e-06
6.09436e-06
6.113e-06
6.11106e-06
6.10989e-06
6.11139e-06
6.1137e-06
6.11588e-06
6.11789e-06
6.11972e-06
6.12136e-06
6.12265e-06
6.12361e-06
6.12437e-06
6.12489e-06
6.12508e-06
6.12493e-06
6.12438e-06
6.12313e-06
6.12124e-06
6.11768e-06
6.11652e-06
6.11025e-06
6.11158e-06
6.15559e-06
6.09791e-06
6.11738e-06
6.11299e-06
6.10815e-06
6.1048e-06
6.10217e-06
6.09945e-06
6.09681e-06
6.09438e-06
6.09208e-06
6.08992e-06
6.08791e-06
6.08604e-06
6.08431e-06
6.08271e-06
6.08127e-06
6.07998e-06
6.07885e-06
6.07789e-06
6.0771e-06
6.07651e-06
6.07612e-06
6.07589e-06
6.0758e-06
6.07583e-06
6.07594e-06
6.07614e-06
6.0764e-06
6.07671e-06
6.07706e-06
6.07741e-06
6.07776e-06
6.07808e-06
6.07837e-06
6.07863e-06
6.07885e-06
6.07908e-06
6.07933e-06
6.07966e-06
6.08012e-06
6.08077e-06
6.08167e-06
6.08286e-06
6.08436e-06
6.08618e-06
6.08827e-06
6.09058e-06
6.09301e-06
6.09549e-06
6.09793e-06
6.1003e-06
6.10265e-06
6.10509e-06
6.10776e-06
6.11079e-06
6.11425e-06
6.11806e-06
6.122e-06
6.12575e-06
6.12898e-06
6.13145e-06
6.13321e-06
6.13475e-06
6.137e-06
6.14115e-06
6.14788e-06
6.15516e-06
6.16009e-06
6.16063e-06
6.15338e-06
6.13789e-06
6.1216e-06
6.12054e-06
6.1427e-06
6.16268e-06
6.15365e-06
6.11637e-06
6.07949e-06
6.0701e-06
6.13633e-06
6.25922e-06
6.68423e-06
6.6512e-06
4.79388e-06
1.07057e-06
5.22822e-09
3.529e-14
0
0
0
0
0
0
0
0.00146839
0.0204422
0.0652809
0.283141
0.717338
1.3011
1.94116
2.58916
3.22879
3.85207
4.45065
5.01477
5.5338
5.9968
6.39329
6.71402
6.95207
7.10469
7.17551
7.17737
7.13192
7.04789
6.87751
6.56609
6.05684
5.29274
4.22052
2.8361
1.36119
0.321125
0.0810941
0
0
0
0
0
3.13927e-09
8.88816e-07
8.13425e-06
8.09259e-06
6.22066e-06
5.89443e-06
6.04505e-06
6.11492e-06
6.11525e-06
6.11076e-06
6.11167e-06
6.11406e-06
6.11633e-06
6.11842e-06
6.12034e-06
6.12205e-06
6.1234e-06
6.12442e-06
6.12525e-06
6.12583e-06
6.12609e-06
6.12599e-06
6.12549e-06
6.1243e-06
6.12245e-06
6.11885e-06
6.1177e-06
6.1115e-06
6.11325e-06
6.11624e-06
6.12812e-06
6.12354e-06
6.11811e-06
6.11415e-06
6.11059e-06
6.10725e-06
6.104e-06
6.10094e-06
6.09807e-06
6.09536e-06
6.09283e-06
6.09045e-06
6.08823e-06
6.08617e-06
6.08427e-06
6.08253e-06
6.08096e-06
6.07956e-06
6.07833e-06
6.0773e-06
6.07648e-06
6.07588e-06
6.07551e-06
6.07539e-06
6.07545e-06
6.07566e-06
6.07597e-06
6.07633e-06
6.07672e-06
6.07711e-06
6.07748e-06
6.07782e-06
6.07813e-06
6.0784e-06
6.07864e-06
6.07888e-06
6.07914e-06
6.07946e-06
6.0799e-06
6.0805e-06
6.08133e-06
6.08243e-06
6.08383e-06
6.08553e-06
6.08752e-06
6.08973e-06
6.09211e-06
6.09456e-06
6.09701e-06
6.09941e-06
6.10175e-06
6.10411e-06
6.1066e-06
6.10939e-06
6.11257e-06
6.11617e-06
6.12005e-06
6.12397e-06
6.12761e-06
6.13064e-06
6.1329e-06
6.13453e-06
6.13612e-06
6.1387e-06
6.14341e-06
6.15069e-06
6.15804e-06
6.1623e-06
6.16141e-06
6.15235e-06
6.13581e-06
6.12083e-06
6.12366e-06
6.14776e-06
6.16538e-06
6.15254e-06
6.11352e-06
6.07812e-06
6.07091e-06
6.13769e-06
6.1236e-06
6.17859e-06
6.42557e-06
6.8301e-06
6.71774e-06
4.41798e-06
1.30186e-06
6.37206e-09
5.40958e-14
0
0
0
0
0
0
0
0.00136816
0.0250347
0.0845415
0.353357
0.855168
1.49028
2.16341
2.83369
3.48777
4.1174
4.71335
5.26502
5.76129
6.1911
6.54425
6.81265
6.99191
7.08352
7.09793
7.05482
6.97707
6.81679
6.51671
6.01684
5.25672
4.1816
2.79791
1.34046
0.319419
0.0810974
0
0
0
0
0
3.25576e-09
7.96562e-07
7.97462e-06
7.88652e-06
6.11478e-06
5.89746e-06
6.07438e-06
6.12719e-06
6.1165e-06
6.11157e-06
6.11399e-06
6.11683e-06
6.11901e-06
6.12096e-06
6.12274e-06
6.12416e-06
6.12526e-06
6.12616e-06
6.12681e-06
6.12713e-06
6.12708e-06
6.12664e-06
6.12551e-06
6.12373e-06
6.12008e-06
6.11895e-06
6.11281e-06
6.11502e-06
6.13804e-06
6.13557e-06
6.12927e-06
6.12479e-06
6.12045e-06
6.11641e-06
6.11258e-06
6.10892e-06
6.10547e-06
6.10221e-06
6.09914e-06
6.09625e-06
6.09355e-06
6.09102e-06
6.08867e-06
6.0865e-06
6.0845e-06
6.08267e-06
6.08103e-06
6.07958e-06
6.07832e-06
6.07727e-06
6.07645e-06
6.07586e-06
6.0755e-06
6.07536e-06
6.07546e-06
6.07572e-06
6.0761e-06
6.07652e-06
6.07695e-06
6.07735e-06
6.07772e-06
6.07804e-06
6.07833e-06
6.0786e-06
6.07888e-06
6.07921e-06
6.07964e-06
6.08022e-06
6.08101e-06
6.08205e-06
6.08337e-06
6.08499e-06
6.08688e-06
6.08901e-06
6.09133e-06
6.09375e-06
6.0962e-06
6.09861e-06
6.10096e-06
6.10328e-06
6.10567e-06
6.10826e-06
6.11118e-06
6.11452e-06
6.11823e-06
6.12217e-06
6.12604e-06
6.12953e-06
6.13234e-06
6.13439e-06
6.13591e-06
6.13763e-06
6.14063e-06
6.14596e-06
6.15375e-06
6.16102e-06
6.16436e-06
6.16182e-06
6.1509e-06
6.1336e-06
6.12052e-06
6.1276e-06
6.15304e-06
6.16776e-06
6.15098e-06
6.11049e-06
6.07699e-06
6.07182e-06
6.15249e-06
6.15204e-06
6.14508e-06
6.15048e-06
6.24125e-06
6.53412e-06
6.85768e-06
6.89734e-06
4.7344e-06
1.5874e-06
7.73712e-09
6.82747e-14
1.11587e-17
0
0
0
0
0
0
0.00454853
0.0120527
0.143015
0.509918
1.09929
1.78209
2.47865
3.16098
3.81862
4.44264
5.02288
5.54819
6.00715
6.38907
6.68489
6.88887
7.00094
7.02924
6.99236
6.9204
6.76807
6.47749
5.9862
5.23043
4.15539
2.77546
1.33267
0.323805
0.0823301
0
0
0
0
0
2.48761e-09
5.5379e-07
7.57018e-06
7.80896e-06
6.09953e-06
5.90708e-06
6.08712e-06
6.13273e-06
6.11867e-06
6.11362e-06
6.11631e-06
6.11936e-06
6.12164e-06
6.12348e-06
6.12493e-06
6.12609e-06
6.12709e-06
6.12782e-06
6.12821e-06
6.12822e-06
6.12784e-06
6.12678e-06
6.12507e-06
6.12139e-06
6.12027e-06
6.11419e-06
6.1169e-06
6.14672e-06
6.14136e-06
6.13612e-06
6.13127e-06
6.12661e-06
6.12221e-06
6.11799e-06
6.11398e-06
6.11018e-06
6.10659e-06
6.1032e-06
6.10001e-06
6.09701e-06
6.09421e-06
6.0916e-06
6.08917e-06
6.08694e-06
6.0849e-06
6.08304e-06
6.08139e-06
6.07993e-06
6.07869e-06
6.07766e-06
6.07685e-06
6.07626e-06
6.07589e-06
6.07572e-06
6.07574e-06
6.07595e-06
6.07627e-06
6.07666e-06
6.07706e-06
6.07746e-06
6.07782e-06
6.07817e-06
6.0785e-06
6.07887e-06
6.07932e-06
6.07989e-06
6.08066e-06
6.08167e-06
6.08294e-06
6.0845e-06
6.08633e-06
6.0884e-06
6.09066e-06
6.09305e-06
6.09548e-06
6.0979e-06
6.10026e-06
6.10258e-06
6.1049e-06
6.10736e-06
6.11007e-06
6.11315e-06
6.11664e-06
6.12046e-06
6.12442e-06
6.1282e-06
6.1315e-06
6.13407e-06
6.13591e-06
6.13738e-06
6.13931e-06
6.14282e-06
6.14882e-06
6.15704e-06
6.16402e-06
6.16618e-06
6.16178e-06
6.14899e-06
6.13134e-06
6.1208e-06
6.13236e-06
6.15847e-06
6.16973e-06
6.14893e-06
6.10732e-06
6.07618e-06
6.07283e-06
6.15876e-06
6.1632e-06
6.16573e-06
6.16165e-06
6.15551e-06
6.17203e-06
6.28652e-06
6.55455e-06
7.01505e-06
7.09378e-06
4.63377e-06
1.60686e-06
2.27776e-10
4.9134e-12
7.39881e-18
0
0
0
0
0
0.000262745
0.0105486
0.0326197
0.263111
0.767722
1.43955
2.15671
2.86563
3.54942
4.19906
4.80491
5.35602
5.84103
6.24885
6.56978
6.79716
6.92952
6.9735
6.94743
6.87693
6.72966
6.44677
5.96298
5.21156
4.13778
2.76272
1.33155
0.329907
0.0837497
0
0
0
0
0
1.5528e-09
3.2507e-07
7.11207e-06
7.85408e-06
6.15452e-06
5.92047e-06
6.08451e-06
6.13117e-06
6.12206e-06
6.11847e-06
6.11994e-06
6.122e-06
6.12405e-06
6.12569e-06
6.12697e-06
6.12804e-06
6.12885e-06
6.12932e-06
6.12941e-06
6.12909e-06
6.1281e-06
6.12648e-06
6.12278e-06
6.12168e-06
6.11564e-06
6.11889e-06
6.153e-06
6.14766e-06
6.1424e-06
6.13734e-06
6.13248e-06
6.12782e-06
6.12334e-06
6.11906e-06
6.11499e-06
6.11112e-06
6.10745e-06
6.104e-06
6.10075e-06
6.0977e-06
6.09485e-06
6.09221e-06
6.08976e-06
6.08752e-06
6.08548e-06
6.08364e-06
6.082e-06
6.08057e-06
6.07936e-06
6.07835e-06
6.07755e-06
6.07694e-06
6.07653e-06
6.07629e-06
6.07621e-06
6.07628e-06
6.07648e-06
6.07678e-06
6.07713e-06
6.07752e-06
6.07793e-06
6.07837e-06
6.07888e-06
6.07949e-06
6.08027e-06
6.08127e-06
6.08252e-06
6.08405e-06
6.08585e-06
6.08788e-06
6.0901e-06
6.09245e-06
6.09487e-06
6.09729e-06
6.09967e-06
6.10199e-06
6.10428e-06
6.10665e-06
6.1092e-06
6.11206e-06
6.11531e-06
6.11895e-06
6.12285e-06
6.12678e-06
6.13043e-06
6.1335e-06
6.13581e-06
6.13747e-06
6.13895e-06
6.14119e-06
6.14532e-06
6.15202e-06
6.16055e-06
6.16696e-06
6.16765e-06
6.16118e-06
6.14665e-06
6.12915e-06
6.12184e-06
6.13795e-06
6.16392e-06
6.17118e-06
6.14637e-06
6.10406e-06
6.07574e-06
6.07392e-06
6.16398e-06
6.16821e-06
6.17218e-06
6.17558e-06
6.17659e-06
6.17033e-06
6.16554e-06
6.17132e-06
6.31782e-06
6.6658e-06
7.19297e-06
7.15587e-06
4.76491e-06
1.75646e-06
1.21394e-10
3.43794e-12
0
0
0
0
0
0
0.000803679
0.000172467
0.127881
0.511902
1.13965
1.86427
2.596
3.30435
3.97793
4.60726
5.18189
5.6905
6.12178
6.4656
6.71446
6.86571
6.92463
6.90773
6.83947
6.69714
6.42135
5.94433
5.19689
4.12474
2.7532
1.32985
0.334378
0.0846403
0
0
0
0
0
8.52898e-10
1.72189e-07
6.67802e-06
7.95799e-06
6.24921e-06
5.95401e-06
6.08485e-06
6.11981e-06
6.11552e-06
6.11967e-06
6.12386e-06
6.12528e-06
6.12636e-06
6.1277e-06
6.12899e-06
6.12993e-06
6.13049e-06
6.13064e-06
6.13039e-06
6.12948e-06
6.12795e-06
6.12425e-06
6.12318e-06
6.11716e-06
6.12099e-06
6.15842e-06
6.15315e-06
6.1479e-06
6.14283e-06
6.13789e-06
6.1331e-06
6.12847e-06
6.12403e-06
6.11977e-06
6.1157e-06
6.11183e-06
6.10817e-06
6.1047e-06
6.10145e-06
6.0984e-06
6.09556e-06
6.09292e-06
6.09049e-06
6.08827e-06
6.08626e-06
6.08445e-06
6.08285e-06
6.08145e-06
6.08025e-06
6.07925e-06
6.07843e-06
6.07778e-06
6.0773e-06
6.07696e-06
6.07677e-06
6.0767e-06
6.07675e-06
6.07694e-06
6.07725e-06
6.07768e-06
6.07824e-06
6.07893e-06
6.07978e-06
6.08081e-06
6.08208e-06
6.08361e-06
6.08539e-06
6.08741e-06
6.08961e-06
6.09195e-06
6.09435e-06
6.09677e-06
6.09916e-06
6.10149e-06
6.10378e-06
6.10609e-06
6.10853e-06
6.11121e-06
6.11425e-06
6.11768e-06
6.12145e-06
6.1254e-06
6.12925e-06
6.13272e-06
6.13552e-06
6.13758e-06
6.13908e-06
6.14067e-06
6.14334e-06
6.14819e-06
6.15558e-06
6.16422e-06
6.16974e-06
6.16864e-06
6.15997e-06
6.1439e-06
6.12725e-06
6.12407e-06
6.14431e-06
6.16926e-06
6.17201e-06
6.14327e-06
6.10077e-06
6.0757e-06
6.07507e-06
6.168e-06
6.17201e-06
6.17561e-06
6.17924e-06
6.18293e-06
6.18584e-06
6.18565e-06
6.17573e-06
6.16504e-06
6.18733e-06
6.36242e-06
6.71545e-06
7.21163e-06
7.2267e-06
4.64402e-06
1.54789e-06
7.5763e-09
5.97571e-14
0
0
0
0
0
9.50252e-10
0.0123216
0.0416845
0.316713
0.879267
1.59719
2.34672
3.07774
3.77386
4.42533
5.02189
5.55226
6.00506
6.36976
6.63819
6.80672
6.8794
6.87127
6.80588
6.66849
6.39925
5.92809
5.18362
4.11179
2.74099
1.32331
0.335574
0.0843984
0
0
0
0
0
4.56432e-10
9.3499e-08
6.24807e-06
7.98288e-06
6.26721e-06
5.98554e-06
6.13906e-06
6.15031e-06
6.11913e-06
6.11765e-06
6.12507e-06
6.12814e-06
6.12895e-06
6.12992e-06
6.13098e-06
6.13169e-06
6.13193e-06
6.13174e-06
6.13092e-06
6.12949e-06
6.12581e-06
6.12477e-06
6.11875e-06
6.12321e-06
6.16272e-06
6.15765e-06
6.15258e-06
6.14761e-06
6.14272e-06
6.13794e-06
6.13329e-06
6.12879e-06
6.12444e-06
6.12026e-06
6.11626e-06
6.11245e-06
6.10883e-06
6.10542e-06
6.1022e-06
6.09919e-06
6.09639e-06
6.09379e-06
6.0914e-06
6.08922e-06
6.08724e-06
6.08547e-06
6.08389e-06
6.0825e-06
6.0813e-06
6.08028e-06
6.07941e-06
6.0787e-06
6.07813e-06
6.07768e-06
6.07736e-06
6.07715e-06
6.07708e-06
6.07719e-06
6.07757e-06
6.0782e-06
6.0791e-06
6.08022e-06
6.08156e-06
6.08314e-06
6.08495e-06
6.08698e-06
6.08919e-06
6.09152e-06
6.09393e-06
6.09636e-06
6.09876e-06
6.1011e-06
6.10339e-06
6.10568e-06
6.10804e-06
6.11059e-06
6.11344e-06
6.11667e-06
6.12027e-06
6.12414e-06
6.12808e-06
6.13182e-06
6.13505e-06
6.13756e-06
6.13936e-06
6.14078e-06
6.14258e-06
6.14583e-06
6.15147e-06
6.15949e-06
6.16798e-06
6.17221e-06
6.16902e-06
6.15806e-06
6.14084e-06
6.12588e-06
6.12767e-06
6.15134e-06
6.17433e-06
6.1721e-06
6.13963e-06
6.09754e-06
6.07607e-06
6.07626e-06
6.17077e-06
6.17458e-06
6.17797e-06
6.18123e-06
6.18449e-06
6.18798e-06
6.19155e-06
6.19387e-06
6.19039e-06
6.17753e-06
6.17086e-06
6.20042e-06
6.37615e-06
6.75137e-06
7.25713e-06
7.20858e-06
4.27489e-06
7.4941e-07
3.81041e-09
2.41592e-14
0
0
0
0
0
0.00103317
0.0465906
0.175447
0.655238
1.34986
2.11263
2.86539
3.58316
4.25545
4.87243
5.4231
5.89592
6.27999
6.5665
6.751
6.83646
6.83667
6.77466
6.6421
6.37857
5.9118
5.16843
4.09395
2.72026
1.3069
0.329404
0.0816155
0
0
0
0
0
2.45401e-10
5.01016e-08
6.05667e-06
8.20079e-06
6.12777e-06
5.75101e-06
6.05782e-06
6.1715e-06
6.14156e-06
6.12269e-06
6.1249e-06
6.1294e-06
6.13134e-06
6.13221e-06
6.1329e-06
6.13326e-06
6.13316e-06
6.13242e-06
6.13111e-06
6.12745e-06
6.12646e-06
6.12041e-06
6.12552e-06
6.1659e-06
6.16116e-06
6.15636e-06
6.1516e-06
6.14688e-06
6.14223e-06
6.13767e-06
6.1332e-06
6.12886e-06
6.12466e-06
6.12061e-06
6.11673e-06
6.11302e-06
6.10949e-06
6.10615e-06
6.103e-06
6.10006e-06
6.09731e-06
6.09477e-06
6.09242e-06
6.09028e-06
6.08833e-06
6.08658e-06
6.08501e-06
6.08361e-06
6.08238e-06
6.08131e-06
6.08038e-06
6.07958e-06
6.07891e-06
6.07834e-06
6.07789e-06
6.07758e-06
6.07748e-06
6.07771e-06
6.07836e-06
6.07945e-06
6.08089e-06
6.08258e-06
6.08448e-06
6.08656e-06
6.0888e-06
6.09116e-06
6.09358e-06
6.09602e-06
6.09843e-06
6.10079e-06
6.10309e-06
6.10537e-06
6.10769e-06
6.11014e-06
6.11285e-06
6.1159e-06
6.11932e-06
6.12307e-06
6.127e-06
6.13088e-06
6.13443e-06
6.13738e-06
6.13959e-06
6.14117e-06
6.1426e-06
6.14475e-06
6.1487e-06
6.1552e-06
6.16373e-06
6.17169e-06
6.17419e-06
6.16862e-06
6.15544e-06
6.13762e-06
6.12536e-06
6.13274e-06
6.15889e-06
6.17893e-06
6.17137e-06
6.13549e-06
6.09444e-06
6.07689e-06
6.07747e-06
6.17261e-06
6.17614e-06
6.1793e-06
6.1823e-06
6.18522e-06
6.18814e-06
6.19116e-06
6.19449e-06
6.19759e-06
6.19843e-06
6.19355e-06
6.18044e-06
6.17335e-06
6.20605e-06
6.40183e-06
6.81728e-06
7.38271e-06
6.71011e-06
3.88673e-06
2.4856e-07
1.24928e-09
7.92213e-15
0
0
0
0
0
0.025443
0.095463
0.462428
1.10493
1.87216
2.65084
3.39614
4.093
4.73222
5.30376
5.79647
6.19939
6.5033
6.70298
6.80041
6.80833
6.74917
6.62099
6.36278
5.89988
5.15653
4.07769
2.69902
1.28788
0.306693
0.0872477
0.00136432
0
0
0
0
1.22231e-10
2.36824e-08
5.40942e-06
9.77268e-06
7.14449e-06
5.85101e-06
5.92181e-06
6.12257e-06
6.15227e-06
6.13415e-06
6.12808e-06
6.13082e-06
6.13339e-06
6.13435e-06
6.13467e-06
6.13464e-06
6.13399e-06
6.1328e-06
6.12919e-06
6.12826e-06
6.12217e-06
6.128e-06
6.16824e-06
6.16388e-06
6.15944e-06
6.15499e-06
6.15053e-06
6.1461e-06
6.14171e-06
6.13738e-06
6.13314e-06
6.129e-06
6.12497e-06
6.12108e-06
6.11734e-06
6.11375e-06
6.11034e-06
6.10709e-06
6.10403e-06
6.10116e-06
6.09847e-06
6.09598e-06
6.09367e-06
6.09155e-06
6.08961e-06
6.08785e-06
6.08625e-06
6.08482e-06
6.08353e-06
6.08238e-06
6.08136e-06
6.08045e-06
6.07965e-06
6.07896e-06
6.07842e-06
6.07813e-06
6.07821e-06
6.07883e-06
6.08005e-06
6.08178e-06
6.08384e-06
6.08606e-06
6.08839e-06
6.0908e-06
6.09326e-06
6.09573e-06
6.09817e-06
6.10055e-06
6.10287e-06
6.10515e-06
6.10745e-06
6.10985e-06
6.11245e-06
6.11536e-06
6.11862e-06
6.12223e-06
6.1261e-06
6.13004e-06
6.1338e-06
6.1371e-06
6.13973e-06
6.14163e-06
6.14306e-06
6.14461e-06
6.14727e-06
6.15206e-06
6.15943e-06
6.16827e-06
6.17527e-06
6.17555e-06
6.16737e-06
6.15213e-06
6.13444e-06
6.12588e-06
6.13928e-06
6.16679e-06
6.18291e-06
6.16972e-06
6.13087e-06
6.09153e-06
6.07815e-06
6.07868e-06
6.17407e-06
6.17726e-06
6.18009e-06
6.18275e-06
6.18533e-06
6.18785e-06
6.19032e-06
6.1928e-06
6.19537e-06
6.19806e-06
6.20038e-06
6.20102e-06
6.19755e-06
6.18743e-06
6.18432e-06
6.21527e-06
6.39419e-06
6.68719e-06
7.02656e-06
6.06162e-06
3.53521e-06
1.82375e-07
9.96093e-10
5.57199e-16
0
0
0
0
0.00821334
0.0273104
0.22644
0.69417
1.3792
2.15629
2.9357
3.67703
4.36311
4.98256
5.52437
5.97736
6.33137
6.57936
6.72007
6.76098
6.71735
6.61099
6.38749
5.97219
5.28752
4.27555
2.9643
1.57481
0.540807
0.0219364
0.0125284
0
0
0
0
1.51927e-12
7.07884e-09
5.26471e-07
6.64338e-06
8.16156e-06
6.48209e-06
5.94342e-06
6.05011e-06
6.14141e-06
6.14545e-06
6.13467e-06
6.13326e-06
6.13535e-06
6.13633e-06
6.13634e-06
6.13574e-06
6.13469e-06
6.13113e-06
6.13028e-06
6.12408e-06
6.13056e-06
6.17028e-06
6.16641e-06
6.16241e-06
6.15837e-06
6.15427e-06
6.15016e-06
6.14604e-06
6.14193e-06
6.13787e-06
6.13387e-06
6.12994e-06
6.12611e-06
6.12238e-06
6.11878e-06
6.11532e-06
6.112e-06
6.10883e-06
6.10583e-06
6.10299e-06
6.10032e-06
6.09782e-06
6.09549e-06
6.09333e-06
6.09133e-06
6.08949e-06
6.08779e-06
6.08624e-06
6.08482e-06
6.08352e-06
6.08233e-06
6.08125e-06
6.08031e-06
6.07958e-06
6.07918e-06
6.07927e-06
6.08002e-06
6.08155e-06
6.08372e-06
6.08619e-06
6.08873e-06
6.09125e-06
6.09377e-06
6.09626e-06
6.09871e-06
6.1011e-06
6.10343e-06
6.10572e-06
6.10802e-06
6.11042e-06
6.11299e-06
6.11583e-06
6.119e-06
6.12251e-06
6.12629e-06
6.1302e-06
6.13403e-06
6.1375e-06
6.1404e-06
6.14259e-06
6.14416e-06
6.14551e-06
6.14744e-06
6.15094e-06
6.15687e-06
6.16514e-06
6.17384e-06
6.17887e-06
6.17587e-06
6.16453e-06
6.14752e-06
6.13138e-06
6.12872e-06
6.14847e-06
6.17571e-06
6.1862e-06
6.16668e-06
6.12535e-06
6.08875e-06
6.07999e-06
6.07995e-06
6.17495e-06
6.17768e-06
6.1801e-06
6.18234e-06
6.18448e-06
6.18654e-06
6.18853e-06
6.19045e-06
6.19231e-06
6.19417e-06
6.1961e-06
6.19822e-06
6.20029e-06
6.20082e-06
6.19678e-06
6.18244e-06
6.17355e-06
6.19038e-06
6.3368e-06
6.70413e-06
7.21873e-06
6.19155e-06
4.02478e-06
2.03231e-08
1.33593e-10
0
0
0
0
0.000478184
0.0123555
0.0361999
0.257625
0.743723
1.44104
2.23113
3.02476
3.77799
4.47044
5.08857
5.62015
6.05333
6.37821
6.58939
6.68994
6.69506
6.62666
6.46367
6.13559
5.55978
4.66421
3.43905
2.05275
0.845308
0.140398
0.0449498
0
0
0
0
0
3.33849e-11
2.53709e-12
3.08003e-06
7.9137e-06
7.02618e-06
6.07069e-06
5.9926e-06
6.10937e-06
6.14761e-06
6.14071e-06
6.13653e-06
6.13757e-06
6.13826e-06
6.13775e-06
6.13677e-06
6.13326e-06
6.13251e-06
6.12614e-06
6.13324e-06
6.17188e-06
6.16859e-06
6.16515e-06
6.16161e-06
6.15797e-06
6.15425e-06
6.15049e-06
6.1467e-06
6.1429e-06
6.13911e-06
6.13535e-06
6.13164e-06
6.12799e-06
6.12442e-06
6.12094e-06
6.11757e-06
6.11432e-06
6.11119e-06
6.10819e-06
6.10534e-06
6.10262e-06
6.10005e-06
6.09763e-06
6.09535e-06
6.09321e-06
6.09122e-06
6.08936e-06
6.08763e-06
6.08601e-06
6.08453e-06
6.08319e-06
6.08207e-06
6.08126e-06
6.08091e-06
6.08118e-06
6.08222e-06
6.08414e-06
6.08679e-06
6.08965e-06
6.0924e-06
6.095e-06
6.09751e-06
6.09997e-06
6.10237e-06
6.10471e-06
6.10702e-06
6.10936e-06
6.11179e-06
6.1144e-06
6.11725e-06
6.12041e-06
6.12389e-06
6.12761e-06
6.13147e-06
6.13528e-06
6.1388e-06
6.14181e-06
6.14415e-06
6.14585e-06
6.14717e-06
6.14872e-06
6.15141e-06
6.15617e-06
6.16344e-06
6.17236e-06
6.18003e-06
6.18172e-06
6.17431e-06
6.15965e-06
6.14192e-06
6.12966e-06
6.13527e-06
6.1604e-06
6.18511e-06
6.1882e-06
6.16189e-06
6.11889e-06
6.08621e-06
6.08246e-06
6.08118e-06
6.17471e-06
6.17697e-06
6.17898e-06
6.1808e-06
6.18251e-06
6.18411e-06
6.18562e-06
6.18704e-06
6.18836e-06
6.1896e-06
6.19075e-06
6.19187e-06
6.19305e-06
6.19437e-06
6.19551e-06
6.19464e-06
6.18949e-06
6.17749e-06
6.16611e-06
6.20415e-06
6.39555e-06
6.75574e-06
7.33805e-06
5.97724e-06
2.0186e-06
9.90645e-09
1.5671e-14
0
0
0
0
0.000669968
0.0164365
0.0507903
0.302679
0.825047
1.55299
2.36659
3.17737
3.94081
4.63493
5.24447
5.75591
6.15732
6.44077
6.60574
6.66299
6.62854
6.51542
6.25896
5.77139
4.96804
3.82077
2.44721
1.13694
0.297981
0.0842331
0.000813579
0
0
0
0
1.11881e-16
7.75509e-09
1.4816e-06
7.23682e-06
7.33186e-06
6.21348e-06
5.9825e-06
6.08839e-06
6.14685e-06
6.14509e-06
6.13971e-06
6.13977e-06
6.13986e-06
6.13905e-06
6.13553e-06
6.13485e-06
6.12829e-06
6.13601e-06
6.17244e-06
6.16981e-06
6.167e-06
6.16402e-06
6.16088e-06
6.15761e-06
6.15424e-06
6.15078e-06
6.14727e-06
6.14372e-06
6.14015e-06
6.13658e-06
6.13303e-06
6.12952e-06
6.12605e-06
6.12266e-06
6.11934e-06
6.11611e-06
6.11298e-06
6.10995e-06
6.10704e-06
6.10425e-06
6.10159e-06
6.09906e-06
6.09666e-06
6.0944e-06
6.09227e-06
6.09028e-06
6.08844e-06
6.08677e-06
6.08533e-06
6.0842e-06
6.08351e-06
6.08338e-06
6.08394e-06
6.08529e-06
6.0875e-06
6.09036e-06
6.0934e-06
6.09623e-06
6.0988e-06
6.10126e-06
6.10367e-06
6.10606e-06
6.10843e-06
6.11083e-06
6.11334e-06
6.11602e-06
6.11894e-06
6.12213e-06
6.1256e-06
6.1293e-06
6.13312e-06
6.13689e-06
6.14041e-06
6.14347e-06
6.14591e-06
6.14771e-06
6.14905e-06
6.1504e-06
6.15253e-06
6.15637e-06
6.1626e-06
6.17103e-06
6.17989e-06
6.18539e-06
6.1826e-06
6.17044e-06
6.15332e-06
6.13672e-06
6.13059e-06
6.14544e-06
6.17334e-06
6.19328e-06
6.18814e-06
6.15564e-06
6.11232e-06
6.08483e-06
6.08539e-06
6.08224e-06
6.17228e-06
6.17394e-06
6.17537e-06
6.1766e-06
6.17768e-06
6.17861e-06
6.17942e-06
6.18011e-06
6.18068e-06
6.18115e-06
6.18152e-06
6.1818e-06
6.18201e-06
6.18221e-06
6.18249e-06
6.18296e-06
6.18313e-06
6.18248e-06
6.17682e-06
6.16621e-06
6.15292e-06
6.21079e-06
6.36909e-06
6.98266e-06
7.00645e-06
5.54379e-06
4.47001e-07
2.20949e-09
0
0
0
0
0
0.000992728
0.0241627
0.0801872
0.37664
0.951807
1.72232
2.56437
3.39171
4.16087
4.84893
5.43944
5.91852
6.27551
6.50608
6.61575
6.62053
6.54486
6.34312
5.92637
5.20233
4.12651
2.76948
1.40378
0.442438
0.0131041
0.00504362
0
0
0
0
0
3.62582e-09
7.12641e-07
6.66982e-06
7.87255e-06
6.48205e-06
6.00561e-06
6.07801e-06
6.14672e-06
6.14827e-06
6.14226e-06
6.14135e-06
6.14112e-06
6.13791e-06
6.13736e-06
6.13055e-06
6.13886e-06
6.171e-06
6.16916e-06
6.16711e-06
6.16481e-06
6.1623e-06
6.1596e-06
6.15673e-06
6.15371e-06
6.15057e-06
6.14733e-06
6.14402e-06
6.14065e-06
6.13725e-06
6.13383e-06
6.13042e-06
6.12703e-06
6.12368e-06
6.12039e-06
6.11716e-06
6.11401e-06
6.11095e-06
6.10799e-06
6.10515e-06
6.10243e-06
6.09984e-06
6.09739e-06
6.0951e-06
6.09298e-06
6.09106e-06
6.08938e-06
6.08801e-06
6.08706e-06
6.08662e-06
6.08678e-06
6.08762e-06
6.08918e-06
6.09142e-06
6.09418e-06
6.09715e-06
6.09996e-06
6.10252e-06
6.10497e-06
6.10741e-06
6.10989e-06
6.11243e-06
6.11506e-06
6.11786e-06
6.12088e-06
6.12415e-06
6.12765e-06
6.13135e-06
6.13513e-06
6.13886e-06
6.14234e-06
6.1454e-06
6.14789e-06
6.14975e-06
6.15112e-06
6.15237e-06
6.15415e-06
6.15732e-06
6.16263e-06
6.17033e-06
6.17942e-06
6.18714e-06
6.18911e-06
6.1809e-06
6.16424e-06
6.14628e-06
6.13349e-06
6.13617e-06
6.15878e-06
6.18643e-06
6.19954e-06
6.18575e-06
6.14806e-06
6.10599e-06
6.08483e-06
6.08867e-06
6.08312e-06
6.16476e-06
6.16532e-06
6.16577e-06
6.16603e-06
6.16613e-06
6.16611e-06
6.16597e-06
6.16574e-06
6.16544e-06
6.16507e-06
6.16466e-06
6.16421e-06
6.16374e-06
6.16326e-06
6.16279e-06
6.16241e-06
6.16216e-06
6.16229e-06
6.16216e-06
6.1614e-06
6.1524e-06
6.14448e-06
6.1205e-06
6.21404e-06
6.46291e-06
7.13797e-06
6.90607e-06
2.49462e-06
1.22842e-08
9.94794e-16
0
0
0
0
0
0.0016549
0.0356849
0.123583
0.49056
1.14019
1.9632
2.83459
3.67375
4.44005
5.1105
5.66799
6.09899
6.39581
6.56014
6.60798
6.56068
6.40044
6.04073
5.38374
4.36597
3.0308
1.63798
0.560414
0.0405888
0.01233
0
0
0
0
0
1.64721e-09
3.20217e-07
6.16477e-06
8.18465e-06
6.62549e-06
5.98576e-06
6.05752e-06
6.14534e-06
6.15149e-06
6.14544e-06
6.14377e-06
6.14038e-06
6.13991e-06
6.1329e-06
6.14182e-06
6.16517e-06
6.1646e-06
6.1637e-06
6.1624e-06
6.16077e-06
6.15886e-06
6.1567e-06
6.15431e-06
6.15173e-06
6.14898e-06
6.14608e-06
6.14307e-06
6.13995e-06
6.13677e-06
6.13353e-06
6.13027e-06
6.127e-06
6.12374e-06
6.12052e-06
6.11735e-06
6.11425e-06
6.11124e-06
6.10833e-06
6.10555e-06
6.10291e-06
6.10044e-06
6.09814e-06
6.09605e-06
6.09421e-06
6.09269e-06
6.09154e-06
6.09084e-06
6.09067e-06
6.09107e-06
6.09206e-06
6.09364e-06
6.09572e-06
6.09816e-06
6.10082e-06
6.10356e-06
6.10622e-06
6.10881e-06
6.11142e-06
6.11413e-06
6.11695e-06
6.11993e-06
6.1231e-06
6.12647e-06
6.13005e-06
6.13376e-06
6.13751e-06
6.14118e-06
6.14461e-06
6.14762e-06
6.15009e-06
6.15197e-06
6.15336e-06
6.15457e-06
6.15615e-06
6.15887e-06
6.16349e-06
6.17045e-06
6.17928e-06
6.18807e-06
6.19324e-06
6.1903e-06
6.17621e-06
6.15617e-06
6.13978e-06
6.13381e-06
6.14697e-06
6.17434e-06
6.19862e-06
6.20322e-06
6.18088e-06
6.1394e-06
6.10032e-06
6.08628e-06
6.09216e-06
6.08379e-06
6.14872e-06
6.148e-06
6.14747e-06
6.14689e-06
6.14624e-06
6.14556e-06
6.14485e-06
6.14413e-06
6.14341e-06
6.1427e-06
6.14201e-06
6.14135e-06
6.14073e-06
6.14015e-06
6.13963e-06
6.13918e-06
6.13881e-06
6.13859e-06
6.13857e-06
6.13894e-06
6.13908e-06
6.13743e-06
6.12952e-06
6.11096e-06
6.11902e-06
6.19837e-06
6.83689e-06
6.90849e-06
5.79703e-06
2.30447e-08
1.36448e-10
0
0
0
0
0
0
0.00269353
0.0516143
0.182326
0.659589
1.40571
2.28922
3.18711
4.02921
4.77944
5.4153
5.92014
6.28314
6.50274
6.59094
6.56698
6.43917
6.12507
5.52131
4.54949
3.23877
1.81511
0.656156
0.0728276
0.019913
0
0
0
0
0
3.29151e-10
1.9533e-08
4.05871e-06
8.4527e-06
6.97008e-06
6.05517e-06
6.05585e-06
6.14077e-06
6.14787e-06
6.14457e-06
6.14281e-06
6.143e-06
6.13545e-06
6.14489e-06
6.15145e-06
6.15291e-06
6.1539e-06
6.15429e-06
6.15416e-06
6.15356e-06
6.15255e-06
6.15118e-06
6.14949e-06
6.14754e-06
6.14534e-06
6.14294e-06
6.14037e-06
6.13766e-06
6.13484e-06
6.13193e-06
6.12896e-06
6.12596e-06
6.12296e-06
6.11997e-06
6.11703e-06
6.11416e-06
6.11139e-06
6.10875e-06
6.10624e-06
6.10391e-06
6.10178e-06
6.09987e-06
6.09825e-06
6.09696e-06
6.09605e-06
6.09559e-06
6.09559e-06
6.09608e-06
6.09706e-06
6.09849e-06
6.10029e-06
6.10239e-06
6.10474e-06
6.10733e-06
6.11016e-06
6.11305e-06
6.11599e-06
6.11904e-06
6.12224e-06
6.1256e-06
6.12912e-06
6.13278e-06
6.13652e-06
6.14025e-06
6.14385e-06
6.14719e-06
6.15011e-06
6.15251e-06
6.15437e-06
6.15575e-06
6.15695e-06
6.15844e-06
6.16088e-06
6.16502e-06
6.17137e-06
6.17979e-06
6.18897e-06
6.19609e-06
6.19708e-06
6.18816e-06
6.16864e-06
6.14753e-06
6.13619e-06
6.14028e-06
6.16241e-06
6.19076e-06
6.20876e-06
6.20373e-06
6.17353e-06
6.13003e-06
6.09564e-06
6.08913e-06
6.0957e-06
6.08424e-06
6.12662e-06
6.12564e-06
6.12508e-06
6.1246e-06
6.12416e-06
6.12375e-06
6.12338e-06
6.12303e-06
6.12274e-06
6.12249e-06
6.1223e-06
6.12219e-06
6.12215e-06
6.12219e-06
6.12231e-06
6.12252e-06
6.12282e-06
6.12318e-06
6.12364e-06
6.12415e-06
6.12504e-06
6.12575e-06
6.12723e-06
6.12326e-06
6.11641e-06
6.08847e-06
6.13107e-06
6.33034e-06
7.33617e-06
6.44395e-06
8.26192e-07
4.11556e-09
8.08765e-17
0
0
0
0
0
0
0.0127345
0.0385772
0.323058
0.936199
1.78652
2.72153
3.63178
4.45978
5.17395
5.75294
6.18212
6.45608
6.58222
6.57916
6.47384
6.19278
5.62744
4.68963
3.39311
1.93872
0.723338
0.0953687
0.0273909
0
0
0
0
0
2.86426e-12
4.93376e-11
2.85781e-06
7.79622e-06
7.00879e-06
6.09646e-06
6.09042e-06
6.1679e-06
6.15896e-06
6.14418e-06
6.1444e-06
6.13804e-06
6.1481e-06
6.13034e-06
6.13332e-06
6.13602e-06
6.13829e-06
6.14005e-06
6.14129e-06
6.14201e-06
6.14225e-06
6.14203e-06
6.14139e-06
6.14037e-06
6.13902e-06
6.1374e-06
6.13554e-06
6.13348e-06
6.13127e-06
6.12893e-06
6.1265e-06
6.12401e-06
6.1215e-06
6.119e-06
6.11653e-06
6.11414e-06
6.11184e-06
6.10967e-06
6.10765e-06
6.10581e-06
6.10419e-06
6.10283e-06
6.10178e-06
6.10108e-06
6.10075e-06
6.10083e-06
6.10131e-06
6.10218e-06
6.10343e-06
6.10502e-06
6.10691e-06
6.10914e-06
6.11176e-06
6.11479e-06
6.11809e-06
6.12144e-06
6.12487e-06
6.12844e-06
6.13211e-06
6.13585e-06
6.13961e-06
6.14329e-06
6.14679e-06
6.14998e-06
6.15276e-06
6.15505e-06
6.15683e-06
6.1582e-06
6.15941e-06
6.1609e-06
6.16327e-06
6.16719e-06
6.17317e-06
6.18124e-06
6.19048e-06
6.19865e-06
6.20223e-06
6.19736e-06
6.18197e-06
6.15884e-06
6.14042e-06
6.13806e-06
6.15367e-06
6.18114e-06
6.20661e-06
6.21591e-06
6.20078e-06
6.16392e-06
6.12047e-06
6.09264e-06
6.0932e-06
6.09908e-06
6.08444e-06
6.10965e-06
6.1098e-06
6.11021e-06
6.11064e-06
6.11107e-06
6.11153e-06
6.11205e-06
6.11264e-06
6.11331e-06
6.11408e-06
6.11495e-06
6.11591e-06
6.11697e-06
6.11812e-06
6.11933e-06
6.12056e-06
6.12182e-06
6.12307e-06
6.1243e-06
6.12543e-06
6.1265e-06
6.12749e-06
6.12867e-06
6.1298e-06
6.1297e-06
6.12838e-06
6.10311e-06
6.09469e-06
6.1498e-06
7.18236e-06
6.80348e-06
3.90405e-06
1.48371e-09
1.43431e-11
0
0
0
0
0
0
0.000891786
0.037518
0.134786
0.58039
1.35499
2.2971
3.25701
4.14906
4.93014
5.57422
6.06327
6.38795
6.55171
6.57713
6.49093
6.23633
5.70185
4.79089
3.50071
2.02522
0.778728
0.145181
0.0313647
0
0
0
0
0
1.51795e-15
9.4858e-09
2.33524e-06
7.89551e-06
7.0446e-06
5.98535e-06
5.99886e-06
6.14472e-06
6.1622e-06
6.15114e-06
6.14018e-06
6.15153e-06
6.11161e-06
6.11386e-06
6.11635e-06
6.11899e-06
6.1216e-06
6.12406e-06
6.12626e-06
6.12813e-06
6.1296e-06
6.13065e-06
6.13126e-06
6.13145e-06
6.13125e-06
6.1307e-06
6.12985e-06
6.12873e-06
6.12739e-06
6.12588e-06
6.12423e-06
6.12249e-06
6.12069e-06
6.11887e-06
6.11707e-06
6.11531e-06
6.11362e-06
6.11204e-06
6.11059e-06
6.10931e-06
6.10823e-06
6.10742e-06
6.10689e-06
6.10667e-06
6.1068e-06
6.10727e-06
6.10809e-06
6.10926e-06
6.11076e-06
6.11263e-06
6.11489e-06
6.1176e-06
6.12079e-06
6.12436e-06
6.12808e-06
6.13181e-06
6.13559e-06
6.13938e-06
6.14312e-06
6.14673e-06
6.1501e-06
6.15316e-06
6.15581e-06
6.15799e-06
6.15973e-06
6.16112e-06
6.16241e-06
6.16398e-06
6.16637e-06
6.17015e-06
6.1758e-06
6.18344e-06
6.1924e-06
6.20095e-06
6.20617e-06
6.20447e-06
6.1931e-06
6.17269e-06
6.15003e-06
6.13947e-06
6.14927e-06
6.17312e-06
6.20092e-06
6.21955e-06
6.21829e-06
6.19353e-06
6.15224e-06
6.1117e-06
6.09243e-06
6.09836e-06
6.10225e-06
6.0846e-06
6.10706e-06
6.10901e-06
6.11071e-06
6.11239e-06
6.11417e-06
6.11611e-06
6.11817e-06
6.1203e-06
6.12247e-06
6.12465e-06
6.12682e-06
6.12896e-06
6.13105e-06
6.13309e-06
6.13505e-06
6.13692e-06
6.13869e-06
6.14032e-06
6.14182e-06
6.14316e-06
6.14432e-06
6.1453e-06
6.14606e-06
6.14679e-06
6.14707e-06
6.14883e-06
6.14707e-06
6.1392e-06
6.07488e-06
6.16619e-06
6.69161e-06
7.41147e-06
5.56873e-06
7.30719e-07
3.75929e-09
6.42536e-15
0
0
0
0
0
0
0.00897195
0.0258069
0.326564
1.01169
1.96939
3.00956
3.99838
4.86731
5.58172
6.12152
6.47672
6.65134
6.66966
6.5642
6.29731
5.75405
4.82554
3.49567
1.96011
0.637807
0.0600836
0.0451398
0.0092219
0.000606758
0
0
0
0
6.15364e-09
1.35999e-06
7.75054e-06
7.76033e-06
6.35957e-06
6.06018e-06
6.12095e-06
6.15362e-06
6.14558e-06
6.15433e-06
6.105e-06
6.10413e-06
6.10387e-06
6.10429e-06
6.10528e-06
6.10672e-06
6.10849e-06
6.11047e-06
6.1125e-06
6.11449e-06
6.11631e-06
6.1179e-06
6.11921e-06
6.12021e-06
6.12089e-06
6.12126e-06
6.12133e-06
6.12114e-06
6.12071e-06
6.12009e-06
6.1193e-06
6.11839e-06
6.1174e-06
6.11637e-06
6.11531e-06
6.11427e-06
6.11328e-06
6.11239e-06
6.11164e-06
6.11109e-06
6.11077e-06
6.11072e-06
6.11096e-06
6.11153e-06
6.11244e-06
6.1137e-06
6.11535e-06
6.11742e-06
6.11998e-06
6.1231e-06
6.12676e-06
6.13074e-06
6.1347e-06
6.13861e-06
6.14246e-06
6.14618e-06
6.14969e-06
6.15289e-06
6.15572e-06
6.15811e-06
6.16002e-06
6.16151e-06
6.16271e-06
6.16387e-06
6.16541e-06
6.16783e-06
6.17173e-06
6.17759e-06
6.18557e-06
6.19513e-06
6.20476e-06
6.21174e-06
6.21248e-06
6.20367e-06
6.18454e-06
6.15981e-06
6.14137e-06
6.14352e-06
6.1654e-06
6.19418e-06
6.21955e-06
6.23008e-06
6.21845e-06
6.18516e-06
6.14071e-06
6.10409e-06
6.09373e-06
6.10352e-06
6.10483e-06
6.08426e-06
6.12929e-06
6.13182e-06
6.1339e-06
6.13583e-06
6.1377e-06
6.1395e-06
6.14124e-06
6.14292e-06
6.14451e-06
6.14601e-06
6.14742e-06
6.14873e-06
6.14992e-06
6.151e-06
6.15197e-06
6.15283e-06
6.15357e-06
6.15419e-06
6.1547e-06
6.15509e-06
6.15538e-06
6.15555e-06
6.15561e-06
6.15553e-06
6.15526e-06
6.15487e-06
6.15606e-06
6.15675e-06
6.15358e-06
6.10826e-06
6.12657e-06
6.31974e-06
7.28679e-06
6.94782e-06
4.62482e-06
9.16426e-08
3.04314e-10
0
0
0
0
0
0
0.000634171
0.0268046
0.0839755
0.452025
1.15147
2.07304
3.07054
4.03296
4.8896
5.59571
6.12369
6.46265
6.62234
6.61158
6.44692
6.0371
5.27067
4.10228
2.65264
1.35085
0.519072
0.135239
0.00851366
0.00154451
0
0
0
0
2.46447e-09
4.34132e-07
4.47503e-06
6.54858e-06
6.36136e-06
6.16483e-06
6.14806e-06
6.14688e-06
6.16147e-06
6.12494e-06
6.12114e-06
6.11766e-06
6.11477e-06
6.11245e-06
6.11074e-06
6.10963e-06
6.10907e-06
6.10897e-06
6.10926e-06
6.10985e-06
6.11066e-06
6.11161e-06
6.11263e-06
6.11364e-06
6.1146e-06
6.11547e-06
6.11623e-06
6.11686e-06
6.11735e-06
6.1177e-06
6.11794e-06
6.11808e-06
6.11813e-06
6.11813e-06
6.1181e-06
6.11808e-06
6.11811e-06
6.11825e-06
6.11854e-06
6.11902e-06
6.11973e-06
6.1207e-06
6.12196e-06
6.12353e-06
6.12545e-06
6.12775e-06
6.13047e-06
6.13362e-06
6.13718e-06
6.1409e-06
6.14455e-06
6.14804e-06
6.15138e-06
6.15452e-06
6.15741e-06
6.16001e-06
6.1623e-06
6.16429e-06
6.16604e-06
6.16766e-06
6.16935e-06
6.17139e-06
6.17411e-06
6.17791e-06
6.18309e-06
6.18981e-06
6.19783e-06
6.20631e-06
6.21369e-06
6.21762e-06
6.21544e-06
6.20519e-06
6.18724e-06
6.16625e-06
6.15191e-06
6.15608e-06
6.17835e-06
6.20507e-06
6.22753e-06
6.2383e-06
6.23058e-06
6.20321e-06
6.16241e-06
6.12209e-06
6.09963e-06
6.10255e-06
6.11231e-06
6.10757e-06
6.08477e-06
)
;

boundaryField
{
    inlet
    {
        type            freestream;
        freestreamValue uniform 1e-05;
        value           nonuniform List<scalar> 
134
(
1e-05
1e-05
1e-05
1e-05
1e-05
1e-05
1e-05
1e-05
1e-05
1e-05
6.06854e-06
6.06947e-06
6.07071e-06
6.07196e-06
6.07318e-06
6.07434e-06
6.07544e-06
6.0765e-06
6.07753e-06
6.07855e-06
1e-05
6.07956e-06
6.08057e-06
6.08155e-06
6.08248e-06
6.08337e-06
6.08423e-06
6.08515e-06
6.08606e-06
6.08691e-06
6.08804e-06
6.08909e-06
6.09016e-06
6.09127e-06
6.09243e-06
6.09367e-06
6.09502e-06
6.0965e-06
6.09825e-06
6.09978e-06
1e-05
1e-05
1e-05
1e-05
1e-05
1e-05
1e-05
6.10089e-06
6.10171e-06
6.10264e-06
6.10365e-06
6.10474e-06
6.10592e-06
6.10719e-06
6.10856e-06
6.11002e-06
6.11158e-06
6.11325e-06
6.11502e-06
6.1169e-06
6.11889e-06
6.12099e-06
6.12321e-06
6.12552e-06
6.128e-06
6.13056e-06
6.13324e-06
6.13601e-06
6.13886e-06
6.14182e-06
6.14489e-06
6.1481e-06
6.15153e-06
6.15433e-06
6.16147e-06
1e-05
1e-05
1e-05
1e-05
1e-05
1e-05
1e-05
1e-05
1e-05
1e-05
1e-05
1e-05
1e-05
1e-05
1e-05
1e-05
1e-05
1e-05
1e-05
1e-05
1e-05
1e-05
1e-05
1e-05
1e-05
1e-05
1e-05
1e-05
1e-05
1e-05
1e-05
1e-05
1e-05
1e-05
1e-05
1e-05
1e-05
1e-05
1e-05
1e-05
1e-05
1e-05
1e-05
1e-05
1e-05
1e-05
1e-05
1e-05
1e-05
1e-05
1e-05
1e-05
1e-05
1e-05
1e-05
1e-05
1e-05
1e-05
1e-05
)
;
    }
    outlet
    {
        type            freestream;
        freestreamValue uniform 1e-05;
        value           nonuniform List<scalar> 
160
(
6.12929e-06
6.12494e-06
6.13182e-06
6.12114e-06
6.1339e-06
6.11766e-06
6.13583e-06
6.11477e-06
6.1377e-06
6.11245e-06
6.1395e-06
6.11074e-06
6.14124e-06
6.10963e-06
6.14292e-06
6.10907e-06
6.14451e-06
6.10897e-06
6.14601e-06
6.10926e-06
6.14742e-06
6.10985e-06
6.14873e-06
6.11066e-06
6.14992e-06
6.11161e-06
6.151e-06
6.11263e-06
6.15197e-06
6.11364e-06
6.15283e-06
6.1146e-06
6.15357e-06
6.11547e-06
6.15419e-06
6.11623e-06
6.1547e-06
6.11686e-06
6.15509e-06
6.11735e-06
6.15538e-06
6.1177e-06
6.15555e-06
6.11794e-06
6.15561e-06
6.11808e-06
6.15553e-06
6.11813e-06
6.15526e-06
6.11813e-06
6.15487e-06
6.1181e-06
6.15606e-06
6.11808e-06
6.15675e-06
6.11811e-06
6.15358e-06
6.11825e-06
6.10826e-06
6.11854e-06
6.12657e-06
6.11902e-06
6.31974e-06
6.11973e-06
7.28679e-06
6.1207e-06
6.94782e-06
6.12196e-06
4.62482e-06
6.12353e-06
9.16426e-08
6.12545e-06
3.04314e-10
6.12775e-06
0
6.13047e-06
0
6.13362e-06
0
6.13718e-06
0
6.1409e-06
0
6.14455e-06
0
6.14804e-06
0.000634171
6.15138e-06
0.0268046
6.15452e-06
0.0839755
6.15741e-06
0.452025
6.16001e-06
1.15147
6.1623e-06
2.07304
6.16429e-06
3.07054
6.16604e-06
4.03296
6.16766e-06
4.8896
6.16935e-06
5.59571
6.17139e-06
6.12369
6.17411e-06
6.46265
6.17791e-06
6.62234
6.18309e-06
6.61158
6.18981e-06
6.44692
6.19783e-06
6.0371
6.20631e-06
5.27067
6.21369e-06
4.10228
6.21762e-06
2.65264
6.21544e-06
1.35085
6.20519e-06
0.519072
6.18724e-06
0.135239
6.16625e-06
0.00851366
6.15191e-06
0.00154451
6.15608e-06
0
6.17835e-06
0
6.20507e-06
0
6.22753e-06
0
6.2383e-06
2.46447e-09
6.23058e-06
4.34132e-07
6.20321e-06
4.47503e-06
6.16241e-06
6.54858e-06
6.12209e-06
6.36136e-06
6.09963e-06
6.16483e-06
6.10255e-06
6.14806e-06
6.11231e-06
6.14688e-06
6.10757e-06
6.16147e-06
6.08477e-06
)
;
    }
    walls
    {
        type            nutUSpaldingWallFunction;
        value           nonuniform List<scalar> 
78
(
0.00264756
0.00285463
0.0030678
0.00323726
0.00339265
0.00352488
0.00362214
0.00368712
0.00372287
0.00371392
0.00365281
0.00352554
0.00331018
0.00297552
0.00247131
0.00174871
0.0007661
0.000396846
0.000520787
0.000613904
0.000631507
0.000693052
0.000750096
0.000819249
0.000880141
0.000931076
0.000967522
0.000990555
0.00100818
0.00103056
0.0010618
0.00110029
0.00114222
0.00118694
0.00123542
0.0012778
0.00126573
0.00104417
0.000677558
0.00242686
0.0021763
0.00189721
0.00155295
0.00117643
0.000784841
0.000476826
0.000522301
0.000839431
0.00116913
0.00144726
0.00167312
0.00185794
0.00201075
0.00213871
0.00224834
0.00234484
0.00243201
0.00251313
0.00259027
0.00266535
0.0027389
0.00281085
0.00287773
0.00293277
0.00297561
0.00300979
0.0030385
0.00306316
0.00308433
0.0031026
0.00311771
0.00312957
0.0031387
0.00314635
0.00315497
0.00316472
0.00319097
0.0031975
)
;
    }
    frontAndBack
    {
        type            empty;
    }
}


// ************************************************************************* //
