/*--------------------------------*- C++ -*----------------------------------*\
| =========                 |                                                 |
| \\      /  F ield         | OpenFOAM: The Open Source CFD Toolbox           |
|  \\    /   O peration     | Version:  2412                                  |
|   \\  /    A nd           | Website:  www.openfoam.com                      |
|    \\/     M anipulation  |                                                 |
\*---------------------------------------------------------------------------*/
FoamFile
{
    version     2.0;
    format      ascii;
    arch        "LSB;label=32;scalar=64";
    class       volVectorField;
    location    "500";
    object      U;
}
// * * * * * * * * * * * * * * * * * * * * * * * * * * * * * * * * * * * * * //

dimensions      [0 1 -1 0 0 0 0];

internalField   nonuniform List<vector> 
10720
(
(0.641916 21.8427 -1.56849e-17)
(1.97547 23.853 1.43089e-17)
(3.67659 25.7882 0)
(5.64901 27.3084 -1.18155e-16)
(7.8299 28.4695 1.29044e-16)
(10.1507 29.2268 1.18004e-16)
(12.4667 29.4965 2.21951e-16)
(14.6727 29.292 0)
(16.6634 28.7025 0)
(18.2787 27.653 0)
(19.3947 26.1263 8.75679e-17)
(19.8759 24.0845 0)
(19.5181 21.455 1.22089e-15)
(18.0194 18.1397 0)
(14.9877 13.9915 0)
(10.2006 8.93846 0)
(3.88584 3.1714 -4.81361e-15)
(-1.82977 -1.31801 -1.44758e-14)
(-2.86203 -1.29493 1.53829e-14)
(-3.75329 -0.80214 0)
(-3.91275 -0.691875 1.01746e-14)
(-4.41136 -0.580455 -1.83669e-14)
(-4.87839 -0.446988 8.61114e-15)
(-5.44306 -0.33094 -2.36471e-16)
(-5.9455 -0.199087 0)
(-6.36799 -0.058689 3.30932e-15)
(-6.6714 0.0850433 5.01998e-17)
(-6.86247 0.230415 -1.54171e-15)
(-7.00413 0.385433 -5.92871e-15)
(-7.18112 0.552057 -2.25779e-14)
(-7.43109 0.726355 1.06865e-14)
(-7.74264 0.90315 2.07135e-14)
(-8.08353 1.08233 1.91343e-14)
(-8.44811 1.26668 7.14984e-14)
(-8.84627 1.45406 -3.24711e-14)
(-9.19864 1.5978 -2.38029e-16)
(-9.0945 1.57646 1.96234e-16)
(-7.28498 0.705224 8.0888e-14)
(-4.33213 -0.179621 -5.91744e-14)
(-0.377004 19.6979 -1.61481e-17)
(-1.15082 17.2866 -4.67812e-17)
(-1.60595 14.5699 1.32781e-16)
(-1.63425 11.4404 -3.44236e-16)
(-1.09482 8.21186 -1.07787e-15)
(-0.00352721 5.08303 1.88312e-15)
(1.46816 2.36082 1.056e-14)
(3.11465 0.011308 3.03013e-15)
(5.11894 -2.1507 0)
(7.34442 -3.87158 0)
(9.50639 -5.03576 1.74489e-15)
(11.4747 -5.7351 6.5903e-16)
(13.2303 -6.0968 -1.12602e-15)
(14.7749 -6.22029 9.39372e-16)
(16.1262 -6.19078 1.56982e-15)
(17.3183 -6.06537 1.01803e-15)
(18.3842 -5.88567 1.29026e-15)
(19.3552 -5.67506 8.52167e-16)
(20.2614 -5.44901 0)
(21.1238 -5.20693 0)
(21.9604 -4.94787 -1.10263e-15)
(22.7821 -4.65998 -4.56916e-17)
(23.5902 -4.32685 6.34874e-16)
(24.3524 -3.91997 -3.52592e-16)
(24.9966 -3.43882 2.91357e-17)
(25.5057 -2.92804 0)
(25.9129 -2.42589 -7.8412e-17)
(26.2564 -1.88199 0)
(26.552 -1.23048 0)
(26.7965 -0.501985 -2.04762e-16)
(26.9904 0.233384 0)
(27.1336 0.927993 1.0676e-15)
(27.229 1.56246 2.20604e-15)
(27.2858 2.13498 1.19017e-14)
(27.3202 2.65461 -5.01898e-15)
(27.36 3.1383 2.00471e-17)
(27.4043 3.60848 0)
(27.6067 4.12341 -1.21553e-14)
(27.5915 4.66748 -1.37274e-14)
(6.0505 18.996 -2.62926e-17)
(7.49602 20.5142 2.25395e-17)
(9.28168 21.8979 0)
(11.3566 23.0507 0)
(13.602 23.9133 -3.25384e-17)
(16.0116 24.4316 -1.13597e-16)
(18.4814 24.561 0)
(20.8943 24.3258 0)
(23.1792 23.7194 2.85495e-16)
(25.2721 22.9285 0)
(27.147 22.0845 1.14648e-15)
(28.6867 21.3096 0)
(29.7832 20.6658 3.33149e-16)
(30.2553 20.1684 -3.19376e-16)
(29.7431 19.6213 5.60832e-16)
(27.5985 18.3564 -1.09085e-15)
(23.0023 15.2209 1.30097e-15)
(15.7607 9.95275 1.87242e-15)
(7.57641 4.18708 3.5053e-15)
(-0.531688 -0.12719 4.59275e-16)
(-2.55471 -0.421348 -8.59566e-15)
(-3.71289 -0.445949 6.75653e-15)
(-4.44523 -0.385583 -3.41659e-16)
(-5.11573 -0.310844 0)
(-5.68859 -0.217202 0)
(-6.16559 -0.0989254 0)
(-6.50205 0.0292467 2.62421e-16)
(-6.72731 0.160209 -6.30615e-17)
(-6.93181 0.311536 3.94399e-15)
(-7.18989 0.489344 7.94396e-18)
(-7.50672 0.681432 -6.80804e-18)
(-7.84373 0.87076 -1.13445e-16)
(-8.16561 1.05239 1.21073e-14)
(-8.44708 1.22501 -2.22268e-14)
(-8.66898 1.38421 -1.56802e-16)
(-8.75875 1.49141 -3.53844e-14)
(-8.43766 1.63832 0)
(-5.80965 0.802081 -1.79544e-14)
(-3.11571 -0.451995 -2.27758e-14)
(4.86017 17.3797 3.7021e-17)
(3.85899 15.5857 -1.03494e-16)
(3.04376 13.4837 -1.0661e-15)
(2.50718 11.0995 1.31365e-15)
(2.41848 8.52503 0)
(2.84703 5.92028 -2.5882e-15)
(3.76703 3.46644 -1.74563e-15)
(5.02622 1.20042 -9.2942e-15)
(6.60165 -0.764038 2.28982e-15)
(8.41112 -2.25854 -1.71195e-15)
(10.2728 -3.27245 2.18016e-15)
(12.0608 -3.90232 -6.22391e-16)
(13.7265 -4.24674 0)
(15.2477 -4.38139 -4.11234e-16)
(16.6175 -4.38178 6.51175e-17)
(17.8527 -4.29479 -9.06428e-16)
(18.9742 -4.15818 0)
(20.0069 -3.99077 0)
(20.9753 -3.80613 -9.12119e-17)
(21.9027 -3.59748 8.7921e-17)
(22.805 -3.35957 -9.94276e-16)
(23.6949 -3.0718 -1.01559e-16)
(24.5746 -2.70974 4.29664e-17)
(25.4202 -2.22938 3.81331e-16)
(26.1776 -1.63556 -1.62234e-16)
(26.8188 -0.995041 -4.03452e-17)
(27.3551 -0.333154 0)
(27.7816 0.31222 0)
(28.0926 0.895439 0)
(28.297 1.40186 1.04757e-17)
(28.413 1.84756 0)
(28.4647 2.25592 0)
(28.4763 2.64453 -3.83998e-15)
(28.4703 3.0218 -4.11025e-15)
(28.4656 3.3955 4.31178e-15)
(28.4868 3.77685 -4.45478e-15)
(28.531 4.19279 9.32607e-15)
(28.7253 4.66268 1.00066e-14)
(28.76 5.29082 1.04322e-14)
(7.3868 17.6245 -7.31451e-18)
(8.3723 18.9659 -9.71785e-17)
(9.5896 20.2731 7.07361e-17)
(11.0009 21.4776 3.99902e-17)
(12.5625 22.4791 -3.23392e-18)
(14.2634 23.2571 9.429e-17)
(16.0339 23.776 -8.86925e-17)
(17.8003 24.0069 -1.56907e-16)
(19.4989 23.949 2.82525e-18)
(21.0673 23.6043 -2.83193e-16)
(22.4195 23.0129 2.32461e-16)
(23.6334 22.2 -6.98507e-16)
(24.7646 21.2848 -2.86177e-16)
(25.9035 20.4876 0)
(27.1767 20.1031 -5.50893e-16)
(28.5337 20.2135 9.58873e-16)
(29.1678 19.9384 0)
(27.3381 17.7561 -2.04748e-15)
(21.7745 13.1187 -1.30076e-15)
(12.449 6.91198 2.42728e-16)
(3.33289 1.92684 -4.48744e-16)
(-1.19901 0.30665 -3.19136e-16)
(-2.72804 0.0567453 -4.05738e-15)
(-3.81026 -0.0374994 1.80693e-15)
(-4.63378 -0.0387396 0)
(-5.27442 0.0195604 1.54047e-15)
(-5.73173 0.105477 -1.84952e-16)
(-6.04502 0.20362 0)
(-6.30554 0.331194 2.72812e-15)
(-6.59592 0.493311 5.27961e-15)
(-6.92744 0.673479 -9.90236e-15)
(-7.26674 0.849595 -9.08987e-15)
(-7.58505 1.01587 -1.39153e-16)
(-7.8664 1.1712 -1.55477e-14)
(-8.1017 1.31052 -1.39603e-14)
(-8.20845 1.35318 2.36021e-14)
(-7.82485 1.42068 0)
(-5.16299 0.428832 -1.07648e-14)
(-2.80292 -1.1071 2.67608e-14)
(6.6051 16.2128 -3.79564e-17)
(5.94204 14.6759 -1.04364e-16)
(5.43836 12.8696 4.46087e-16)
(5.09088 10.8474 0)
(5.03276 8.68373 7.10099e-16)
(5.29907 6.4638 0)
(5.9045 4.29867 4.49709e-15)
(6.82585 2.27162 2.02194e-15)
(8.03832 0.484213 1.6524e-15)
(9.45632 -0.988852 0)
(10.9602 -2.13241 -2.33289e-15)
(12.4568 -2.97584 -4.90417e-16)
(13.897 -3.5659 2.21994e-15)
(15.2521 -3.95057 0)
(16.5068 -4.17776 -1.01168e-15)
(17.6637 -4.28703 -3.04722e-16)
(18.7335 -4.31132 1.24284e-15)
(19.7323 -4.27215 6.37093e-16)
(20.6779 -4.18423 1.69813e-16)
(21.5885 -4.04967 -9.42106e-17)
(22.4776 -3.86795 9.09582e-16)
(23.3544 -3.62823 0)
(24.2195 -3.31445 0)
(25.0529 -2.9033 2.8425e-17)
(25.8089 -2.40928 0)
(26.4624 -1.88261 1.0884e-16)
(27.0244 -1.345 2.81076e-19)
(27.5102 -0.799687 4.23067e-17)
(27.9267 -0.24173 0)
(28.2767 0.332064 1.80369e-16)
(28.5642 0.917301 -4.07296e-16)
(28.7953 1.50055 0)
(28.9776 2.06757 2.05619e-15)
(29.1218 2.60919 0)
(29.2408 3.12673 0)
(29.3558 3.62963 5.77735e-17)
(29.475 4.1495 -1.49233e-16)
(29.684 4.69864 -1.09305e-14)
(29.8872 5.4763 -2.23019e-14)
(9.53865 16.2823 -3.12127e-17)
(10.4374 17.4272 -4.54255e-17)
(11.5338 18.5469 6.75448e-17)
(12.8088 19.5721 5.67637e-17)
(14.2259 20.4248 0)
(15.7817 21.089 0)
(17.425 21.5249 -1.00299e-16)
(19.0976 21.7032 2.22049e-16)
(20.7503 21.6182 0)
(22.3176 21.2813 -3.761e-16)
(23.749 20.7244 -5.7796e-16)
(24.9616 20.026 -5.07132e-16)
(25.8609 19.2929 6.04902e-16)
(26.444 18.6219 5.12572e-16)
(26.8324 18.1624 0)
(27.406 18.1848 6.66758e-16)
(28.6414 18.7683 2.0927e-16)
(29.9515 19.0969 1.66365e-15)
(29.2916 17.8392 1.09178e-16)
(24.4163 13.9313 -1.24775e-16)
(15.0532 7.99199 1.59554e-15)
(5.35849 2.99152 -4.35057e-16)
(0.0747721 0.925768 3.44341e-15)
(-2.04919 0.41245 1.5124e-15)
(-3.3647 0.219554 -8.09683e-17)
(-4.28253 0.174723 -1.09417e-15)
(-4.90848 0.195756 8.48069e-18)
(-5.32547 0.251977 -8.07343e-18)
(-5.65001 0.354042 -1.96318e-15)
(-5.98161 0.500365 -5.82807e-17)
(-6.33885 0.667728 3.68713e-15)
(-6.6923 0.830309 -6.81312e-15)
(-7.02307 0.983326 -5.94593e-15)
(-7.32776 1.12593 -8.10408e-17)
(-7.60425 1.2546 9.82807e-15)
(-7.754 1.25822 0)
(-7.42779 1.26195 1.35296e-14)
(-4.85346 0.145349 7.40552e-15)
(-2.82399 -1.65702 -9.46529e-15)
(8.80618 15.0851 -4.6529e-17)
(8.17147 13.7908 1.62172e-16)
(7.66218 12.2647 5.88501e-16)
(7.28788 10.5434 0)
(7.15763 8.69643 -6.05958e-16)
(7.29703 6.78107 0)
(7.71483 4.8723 -3.2316e-15)
(8.3977 3.05079 -8.5805e-17)
(9.32887 1.40826 1.25316e-15)
(10.4514 0.00385788 1.07213e-15)
(11.6865 -1.13287 2.6179e-17)
(12.9631 -2.00498 1.785e-15)
(14.2348 -2.64167 -1.12518e-15)
(15.4686 -3.079 3.59121e-16)
(16.6432 -3.35376 1.21233e-15)
(17.7507 -3.50237 1.32079e-15)
(18.7931 -3.5555 -1.16778e-15)
(19.7778 -3.53653 1.06675e-17)
(20.7163 -3.46191 0)
(21.6217 -3.33797 1.15812e-15)
(22.5046 -3.16513 5.35396e-17)
(23.372 -2.93504 -8.02025e-16)
(24.2238 -2.63357 0)
(25.0434 -2.24013 2.87363e-17)
(25.7933 -1.75883 0)
(26.4487 -1.22786 -6.30056e-17)
(27.0152 -0.670161 0)
(27.5055 -0.0962131 -4.04277e-17)
(27.9256 0.483985 2.89548e-18)
(28.2801 1.05547 -2.14516e-18)
(28.5773 1.60398 3.83116e-16)
(28.828 2.12109 1.29095e-17)
(29.0434 2.60612 0)
(29.2359 3.06316 -2.11456e-15)
(29.4184 3.50248 -3.47657e-17)
(29.6076 3.93872 4.9697e-15)
(29.8147 4.40565 -2.11021e-14)
(30.0736 4.91802 -4.21167e-17)
(30.446 5.6913 0)
(10.9485 15.3146 -4.18479e-17)
(11.6815 16.3357 -3.55561e-17)
(12.5808 17.3541 1.2148e-16)
(13.6202 18.311 -3.6965e-16)
(14.7693 19.1361 7.40775e-17)
(16.0359 19.8271 6.59956e-17)
(17.3772 20.3495 2.45387e-17)
(18.7478 20.676 0)
(20.1104 20.8035 3.25756e-16)
(21.4147 20.7362 2.22891e-16)
(22.6109 20.494 0)
(23.6616 20.1086 4.99941e-16)
(24.5782 19.5837 -2.47346e-16)
(25.3465 18.9652 6.37445e-16)
(25.9602 18.326 0)
(26.475 17.778 -8.97946e-16)
(27.2046 17.5536 8.06213e-16)
(28.5847 17.837 -3.91014e-17)
(30.1977 18.2358 0)
(30.0512 17.3173 8.26443e-16)
(25.284 13.6495 -9.8745e-16)
(15.7312 7.98852 -7.49407e-17)
(6.1117 3.3192 -1.78256e-15)
(0.727898 1.27095 -2.2135e-15)
(-1.64365 0.640704 0)
(-3.0728 0.400589 0)
(-3.9813 0.318832 -2.19601e-16)
(-4.55984 0.315831 -2.52393e-17)
(-4.97995 0.385972 1.53617e-15)
(-5.37147 0.514749 -4.45085e-17)
(-5.76695 0.668216 4.18156e-17)
(-6.14286 0.816407 5.02491e-15)
(-6.49045 0.956774 0)
(-6.81975 1.08803 1.69723e-14)
(-7.14154 1.2067 -5.80518e-17)
(-7.34813 1.17763 0)
(-7.12611 1.12108 1.51435e-17)
(-4.70824 -0.0869852 0)
(-3.0154 -2.10321 7.48509e-15)
(10.3473 14.2538 6.18146e-17)
(9.82456 13.1193 -3.17874e-16)
(9.39257 11.7812 -4.27849e-17)
(9.05681 10.2742 1.23368e-15)
(8.91076 8.66245 -1.90263e-15)
(8.97666 6.98003 -2.34688e-15)
(9.26857 5.27928 2.44795e-15)
(9.78372 3.63795 -2.21621e-15)
(10.5115 2.13669 -9.6652e-16)
(11.4126 0.817714 -8.47113e-16)
(12.4305 -0.292241 1.61442e-15)
(13.511 -1.18654 -1.51703e-15)
(14.6158 -1.88217 -6.57064e-16)
(15.7146 -2.40325 6.38359e-16)
(16.785 -2.77355 -1.36293e-15)
(17.8152 -3.02078 2.54557e-16)
(18.8016 -3.16869 0)
(19.7459 -3.23646 -9.18719e-16)
(20.6546 -3.23778 3.20717e-16)
(21.5365 -3.17966 -1.21751e-15)
(22.3995 -3.06288 0)
(23.2484 -2.88163 6.96731e-16)
(24.0823 -2.6252 5.15195e-16)
(24.8865 -2.28036 -3.32534e-16)
(25.6293 -1.85185 0)
(26.2868 -1.3717 -1.08222e-16)
(26.8602 -0.864871 0)
(27.3596 -0.343136 0)
(27.7903 0.185302 0)
(28.1563 0.71158 -1.38085e-16)
(28.4643 1.2295 0)
(28.7237 1.73649 0)
(28.9455 2.23238 1.83398e-15)
(29.1424 2.71776 2.06931e-15)
(29.3293 3.19799 0)
(29.5235 3.6828 4.79106e-15)
(29.7433 4.20329 1.324e-16)
(30.0071 4.77544 0)
(30.412 5.5947 1.17896e-14)
(12.258 14.4864 5.82863e-17)
(12.9046 15.3979 -4.23355e-17)
(13.6961 16.3142 0)
(14.6087 17.1799 9.05809e-18)
(15.6144 17.9324 2.10293e-16)
(16.7281 18.5752 -6.16659e-17)
(17.9143 19.0751 3.2661e-17)
(19.1375 19.4072 -2.80317e-17)
(20.3713 19.5654 -6.34107e-17)
(21.5764 19.5475 3.26919e-16)
(22.7139 19.3637 -1.31016e-16)
(23.7575 19.0341 3.41817e-16)
(24.6591 18.6185 1.68908e-16)
(25.3914 18.1823 1.00801e-16)
(25.9674 17.7774 0)
(26.4313 17.415 -2.02969e-16)
(26.8614 17.0678 -4.06946e-16)
(27.4993 16.8365 -1.49322e-15)
(28.7628 17.0569 4.31669e-16)
(30.4501 17.4918 -5.12869e-16)
(30.2429 16.5382 -8.17122e-17)
(24.9677 12.7845 0)
(15.1303 7.3704 9.99838e-16)
(5.96127 3.2305 9.29317e-17)
(0.943703 1.4032 -5.79292e-17)
(-1.44284 0.769361 -8.03036e-16)
(-2.83905 0.505621 1.67955e-16)
(-3.68764 0.409938 3.42601e-16)
(-4.26198 0.43404 -1.24846e-15)
(-4.74591 0.539956 -7.21432e-17)
(-5.19889 0.67707 2.28466e-15)
(-5.60839 0.809286 3.94935e-15)
(-5.97676 0.936596 0)
(-6.32795 1.05717 4.84327e-17)
(-6.69232 1.16647 -5.92698e-15)
(-6.96133 1.10729 0)
(-6.86752 0.989252 -1.57897e-14)
(-4.65318 -0.287732 0)
(-3.30404 -2.46829 -6.14968e-15)
(11.7228 13.5433 -5.88434e-17)
(11.2557 12.5417 1.32159e-16)
(10.8612 11.3577 -2.99185e-16)
(10.5451 10.022 0)
(10.3867 8.59628 8.00895e-16)
(10.4026 7.09905 3.66269e-15)
(10.609 5.56921 0)
(11.0051 4.08189 -1.65613e-15)
(11.5823 2.70719 -1.54537e-15)
(12.3138 1.47548 1.50733e-15)
(13.1585 0.411116 -4.90293e-17)
(14.0754 -0.473342 6.45546e-16)
(15.0349 -1.18672 3.71848e-17)
(16.0115 -1.74455 1.65177e-15)
(16.984 -2.1617 1.46138e-15)
(17.9395 -2.45829 -1.35619e-15)
(18.871 -2.6527 1.87882e-16)
(19.776 -2.76115 -3.46848e-16)
(20.6565 -2.79612 1.59324e-16)
(21.517 -2.76532 9.02568e-16)
(22.3624 -2.67107 1.14755e-16)
(23.1953 -2.51018 -7.58525e-17)
(24.0133 -2.27457 -4.32568e-16)
(24.8034 -1.95441 0)
(25.5385 -1.55261 1.11063e-17)
(26.1959 -1.09425 2.14176e-16)
(26.7735 -0.602377 6.24458e-19)
(27.2785 -0.0884858 -6.2053e-19)
(27.7157 0.439399 0)
(28.0886 0.971689 1.2988e-16)
(28.4034 1.49938 0)
(28.6696 2.01551 0)
(28.898 2.51569 -1.69971e-15)
(29.1014 2.99811 -1.89817e-15)
(29.2941 3.46735 0)
(29.4927 3.93411 -4.52212e-15)
(29.7149 4.42979 1.95341e-14)
(29.9736 4.97414 -7.79407e-17)
(30.3572 5.76255 -1.12482e-14)
(13.3432 13.8065 7.58077e-18)
(13.9077 14.6327 -3.83099e-17)
(14.599 15.4712 1.01303e-16)
(15.3928 16.2702 -9.89517e-17)
(16.2621 16.9738 -1.23977e-16)
(17.226 17.5914 0)
(18.253 18.0944 8.06459e-17)
(19.3139 18.4607 -2.9264e-18)
(20.3904 18.6866 -8.73591e-17)
(21.4498 18.7697 -1.86884e-16)
(22.4622 18.7166 0)
(23.4001 18.5475 -5.98944e-16)
(24.2444 18.2824 -5.50957e-16)
(24.9893 17.9461 -1.2683e-15)
(25.6366 17.5827 0)
(26.2087 17.24 -6.94721e-16)
(26.7314 16.9111 -6.89101e-16)
(27.2091 16.5247 7.19639e-16)
(27.8011 16.2301 -6.96757e-16)
(29.0643 16.4674 6.24329e-16)
(30.7502 16.8549 7.57482e-17)
(30.0015 15.5842 -6.75224e-16)
(23.7575 11.5553 0)
(13.7279 6.47123 -1.03416e-15)
(5.36975 2.94728 8.07646e-17)
(0.904937 1.40437 7.51105e-16)
(-1.33079 0.80849 0)
(-2.6229 0.557023 -1.94507e-17)
(-3.44391 0.508259 5.10356e-17)
(-4.07199 0.580013 1.93688e-15)
(-4.61343 0.695739 -1.81163e-15)
(-5.07463 0.80921 -3.29602e-15)
(-5.47168 0.922313 3.01244e-15)
(-5.84338 1.03238 -3.15592e-18)
(-6.24502 1.13306 4.81313e-15)
(-6.57598 1.04611 8.10443e-15)
(-6.62372 0.865815 6.52817e-15)
(-4.64707 -0.465443 -6.55646e-17)
(-3.64749 -2.76979 1.90504e-17)
(12.8726 12.9546 2.46465e-17)
(12.46 12.0561 2.40859e-16)
(12.1042 10.9929 2.79856e-16)
(11.8112 9.7928 -5.69981e-16)
(11.6497 8.51556 -2.07296e-15)
(11.6329 7.16761 6.50487e-16)
(11.7793 5.77996 1.41131e-15)
(12.0891 4.42495 3.41337e-15)
(12.5539 3.16322 1.32354e-15)
(13.1554 2.01667 -1.23175e-15)
(13.8626 1.00667 -2.42552e-17)
(14.6435 0.146987 -5.67088e-16)
(15.4762 -0.567712 0)
(16.34 -1.14768 -2.09136e-17)
(17.2166 -1.60195 -9.00105e-16)
(18.0939 -1.9448 3.88187e-16)
(18.9637 -2.18965 -3.8005e-16)
(19.8207 -2.34881 0)
(20.664 -2.43215 5.57599e-16)
(21.4948 -2.44631 -9.47774e-16)
(22.3154 -2.39336 0)
(23.1263 -2.27107 6.50314e-16)
(23.9245 -2.07328 0)
(24.6977 -1.79318 -1.91332e-17)
(25.4227 -1.43361 1.89826e-17)
(26.078 -1.01494 -1.1367e-16)
(26.6584 -0.558563 -2.71625e-18)
(27.1691 -0.0769002 2.99307e-19)
(27.6138 0.421051 -1.43534e-18)
(27.9956 0.92522 1.08145e-16)
(28.3201 1.4263 2.77926e-16)
(28.5961 1.91789 -6.46802e-16)
(28.8338 2.39698 -2.27752e-17)
(29.0452 2.86369 3.88887e-17)
(29.244 3.32407 0)
(29.4458 3.78993 -6.84259e-17)
(29.668 4.29141 -8.96701e-15)
(29.9199 4.85724 8.94684e-18)
(30.2766 5.64331 -1.04217e-14)
(14.2991 13.2246 9.96423e-18)
(14.8027 13.9787 6.40256e-17)
(15.419 14.7487 0)
(16.1246 15.4859 -1.7167e-17)
(16.8936 16.1394 -1.42902e-16)
(17.7468 16.7226 0)
(18.657 17.2089 5.27985e-17)
(19.5998 17.579 -3.56246e-17)
(20.5629 17.8298 -1.11422e-16)
(21.5204 17.9575 3.08777e-17)
(22.4486 17.9651 1.42186e-16)
(23.3284 17.8641 6.95809e-16)
(24.1406 17.6735 5.4705e-16)
(24.8671 17.4272 6.61714e-16)
(25.5065 17.1578 1.67052e-16)
(26.0792 16.8917 5.17295e-16)
(26.6227 16.6381 6.66543e-16)
(27.1424 16.3438 6.27013e-16)
(27.5756 15.9471 -4.57923e-16)
(28.1312 15.6943 -1.37401e-15)
(29.511 16.027 0)
(31.0354 16.2382 1.82086e-17)
(29.2503 14.421 5.64353e-16)
(21.8579 10.129 7.50914e-16)
(11.9856 5.50257 -5.68242e-17)
(4.63385 2.59381 -5.71643e-16)
(0.763401 1.31588 4.84996e-18)
(-1.25126 0.795659 -3.27102e-16)
(-2.46003 0.625198 3.10537e-17)
(-3.30829 0.642182 -3.45239e-15)
(-3.98347 0.727239 2.01757e-19)
(-4.52397 0.817093 -4.5176e-17)
(-4.96389 0.913592 -2.62391e-15)
(-5.35869 1.01274 -2.70739e-18)
(-5.79298 1.1056 -4.04694e-15)
(-6.18124 0.993364 -1.37173e-14)
(-6.37732 0.751568 5.50494e-15)
(-4.66335 -0.622682 3.30205e-15)
(-4.01721 -3.01854 -4.80141e-15)
(13.8766 12.4494 -9.52515e-17)
(13.5053 11.636 -3.236e-16)
(13.18 10.6724 -2.15731e-16)
(12.9064 9.5837 -5.1824e-16)
(12.7455 8.42789 1.16082e-15)
(12.7073 7.20311 -6.29306e-17)
(12.8108 5.93553 -3.50202e-15)
(13.0567 4.69417 -1.15473e-15)
(13.4364 3.53217 2.47404e-17)
(13.9371 2.46527 0)
(14.5345 1.51233 -1.03508e-15)
(15.2032 0.6868 9.58091e-16)
(15.927 -0.0151473 -9.10902e-16)
(16.69 -0.600534 -4.5855e-16)
(17.4772 -1.07432 3.79949e-16)
(18.2785 -1.4464 3.76438e-16)
(19.0856 -1.72571 1.32549e-15)
(19.8922 -1.92083 -3.1118e-16)
(20.6952 -2.03906 -5.17694e-16)
(21.4938 -2.08581 0)
(22.2876 -2.06289 -7.53613e-16)
(23.0755 -1.96891 -5.3723e-16)
(23.8533 -1.79921 -1.47638e-17)
(24.6097 -1.54918 -5.24237e-17)
(25.3238 -1.22141 -1.20767e-17)
(25.9752 -0.831918 1.58074e-16)
(26.557 -0.400108 -8.93065e-23)
(27.0717 0.0614572 -9.25772e-18)
(27.5223 0.543589 -8.45556e-18)
(27.9112 1.03651 -9.92665e-17)
(28.2433 1.53101 -1.36817e-17)
(28.5266 2.02044 1.259e-15)
(28.771 2.50114 1.36619e-15)
(28.9879 2.97219 1.62547e-15)
(29.1908 3.4381 5.53068e-17)
(29.3945 3.90902 -2.87065e-17)
(29.6161 4.41358 8.33279e-15)
(29.8616 4.97846 8.99779e-15)
(30.1959 5.76216 9.76252e-15)
(15.1368 12.7243 -3.31577e-17)
(15.5889 13.4178 -2.83455e-17)
(16.1419 14.13 -1.69024e-16)
(16.773 14.8152 6.11163e-16)
(17.4571 15.426 -2.51785e-16)
(18.216 15.9793 1.73044e-16)
(19.0253 16.4511 -2.12966e-16)
(19.864 16.824 0)
(20.7241 17.0971 2.76437e-17)
(21.5844 17.2661 1.15662e-17)
(22.4264 17.333 -1.02628e-16)
(23.2354 17.3063 -6.22978e-16)
(23.9949 17.2003 -3.05286e-16)
(24.6964 17.0306 0)
(25.3368 16.8193 0)
(25.9246 16.5892 0)
(26.4804 16.3558 0)
(27.0269 16.1132 -6.06777e-16)
(27.527 15.805 6.01278e-16)
(27.8974 15.4047 5.88885e-16)
(28.5167 15.2616 -4.7043e-16)
(30.0854 15.679 3.93048e-16)
(31.1273 15.512 -4.14971e-16)
(27.9018 13.0476 -3.36324e-17)
(19.5349 8.63882 -2.14681e-17)
(10.201 4.56814 4.5957e-16)
(3.89792 2.21721 1.26178e-16)
(0.589565 1.19017 0)
(-1.22481 0.812589 0)
(-2.40426 0.738508 2.90411e-18)
(-3.27632 0.777066 0)
(-3.93501 0.835159 2.59161e-15)
(-4.43989 0.910809 -2.39114e-15)
(-4.86571 0.997703 -3.99388e-15)
(-5.33135 1.08337 6.92498e-15)
(-5.7703 0.948636 5.97609e-15)
(-6.11636 0.647553 -4.77222e-15)
(-4.6828 -0.760359 -5.92673e-15)
(-4.39202 -3.21997 4.38609e-15)
(14.7554 12.013 0)
(14.4194 11.2701 9.34625e-17)
(14.1207 10.3892 4.04308e-16)
(13.8652 9.39317 -1.71046e-15)
(13.7079 8.33822 1.44562e-15)
(13.6558 7.21685 -1.03608e-15)
(13.7282 6.05168 1.90158e-17)
(13.9259 4.90852 9.22559e-16)
(14.2405 3.83471 9.34038e-16)
(14.6624 2.8416 0)
(15.1718 1.94543 4.30481e-16)
(15.7481 1.15883 -1.30067e-15)
(16.3791 0.478273 2.03091e-15)
(17.0531 -0.101627 3.65659e-16)
(17.7582 -0.583799 -7.32446e-16)
(18.4865 -0.974905 -6.7386e-16)
(19.2308 -1.28068 -6.11519e-16)
(19.9846 -1.50664 0)
(20.744 -1.65757 0)
(21.5064 -1.7372 0)
(22.2697 -1.74668 7.03048e-16)
(23.0313 -1.68472 0)
(23.7864 -1.54754 -4.16288e-16)
(24.5241 -1.33199 -5.07195e-17)
(25.2254 -1.04036 -2.51692e-16)
(25.871 -0.685586 -1.37062e-16)
(26.4524 -0.28492 0)
(26.97 0.149055 8.70615e-18)
(27.4258 0.606895 8.88638e-18)
(27.8217 1.07878 -2.0776e-18)
(28.1618 1.55529 -4.55046e-16)
(28.4535 2.02936 -2.34965e-17)
(28.7059 2.49691 -1.30938e-15)
(28.9302 2.95687 1.44026e-15)
(29.1389 3.41368 0)
(29.3463 3.87802 5.89194e-17)
(29.5688 4.37752 -1.83752e-16)
(29.8084 4.94571 -8.54509e-15)
(30.1213 5.71317 6.59809e-17)
(15.8828 12.2873 3.22686e-17)
(16.2925 12.9287 0)
(16.7934 13.5907 3.15289e-16)
(17.3634 14.2297 -2.92898e-16)
(17.9786 14.8016 1.10015e-16)
(18.6607 15.3256 -1.60964e-16)
(19.3878 15.7793 1.05617e-16)
(20.1413 16.1478 6.27761e-17)
(20.9167 16.4309 0)
(21.6965 16.6244 -7.09652e-17)
(22.4663 16.729 -1.04111e-16)
(23.2154 16.7509 1.05764e-16)
(23.9307 16.6994 5.55436e-16)
(24.6037 16.588 2.54357e-16)
(25.2292 16.4347 -7.20692e-16)
(25.8113 16.2551 -5.07794e-16)
(26.3631 16.058 3.80825e-16)
(26.8999 15.8436 2.70107e-16)
(27.4283 15.6051 -1.29968e-16)
(27.8756 15.2822 1.37453e-16)
(28.1995 14.911 3.38905e-16)
(29.0132 14.9336 6.05772e-17)
(30.6976 15.3216 -5.97731e-17)
(30.8155 14.5841 -4.08395e-16)
(25.9909 11.5125 0)
(17.021 7.17704 -3.28292e-16)
(8.51458 3.71257 -2.00962e-16)
(3.20913 1.86577 -2.20778e-16)
(0.37926 1.1158 -8.56607e-16)
(-1.29551 0.888347 3.094e-15)
(-2.45211 0.854039 1.25106e-15)
(-3.28183 0.867413 3.52817e-17)
(-3.88321 0.915243 8.87013e-19)
(-4.3544 0.987089 0)
(-4.85475 1.06585 -3.08469e-15)
(-5.33875 0.911764 0)
(-5.83204 0.554786 0)
(-4.69018 -0.878489 2.70867e-15)
(-4.75812 -3.38016 -2.89498e-17)
(15.5355 11.6306 -1.04315e-16)
(15.229 10.9473 3.13705e-16)
(14.9532 10.1368 1.55105e-17)
(14.714 9.21945 3.83549e-16)
(14.5615 8.24969 -1.28042e-15)
(14.501 7.21629 8.55644e-16)
(14.5505 6.13948 1.76429e-17)
(14.7114 5.08201 -7.75118e-16)
(14.9756 4.08626 -7.42173e-16)
(15.3352 3.16049 -7.67092e-16)
(15.7737 2.319 -1.4857e-15)
(16.2736 1.57326 0)
(16.8261 0.919359 -7.34655e-16)
(17.4222 0.352637 -2.18826e-17)
(18.0531 -0.128514 0)
(18.713 -0.528989 -5.98465e-16)
(19.3961 -0.851972 -2.83414e-16)
(20.0967 -1.10063 -2.62339e-16)
(20.8107 -1.27762 8.86856e-16)
(21.5345 -1.38484 7.759e-16)
(22.265 -1.42239 -7.70236e-17)
(22.9985 -1.38887 5.66546e-16)
(23.7293 -1.28102 1.02019e-16)
(24.4472 -1.09647 -4.89178e-17)
(25.1343 -0.83733 2.23551e-16)
(25.7723 -0.514005 1.24514e-17)
(26.3516 -0.141457 0)
(26.8708 0.268099 0)
(27.3307 0.705112 1.74099e-18)
(27.7325 1.15993 -7.12013e-18)
(28.0797 1.62314 4.09696e-16)
(28.3787 2.08749 -2.284e-17)
(28.6382 2.54869 -1.19506e-15)
(28.8686 3.00543 -1.36002e-15)
(29.082 3.46176 -4.98282e-17)
(29.2917 3.9278 -5.44239e-18)
(29.5133 4.43007 -1.44086e-14)
(29.7461 5.00153 7.79189e-15)
(30.0364 5.76692 -6.12536e-17)
(16.5514 11.9021 1.34267e-17)
(16.9251 12.4986 0)
(17.3819 13.1166 -1.50128e-16)
(17.9004 13.7149 0)
(18.4574 14.2524 1.80814e-16)
(19.0746 14.7493 -1.77157e-16)
(19.7318 15.1853 -1.11015e-16)
(20.4129 15.547 -5.8733e-17)
(21.1151 15.8352 0)
(21.824 16.0461 6.70193e-18)
(22.5284 16.18 1.1597e-16)
(23.2207 16.2415 -2.60641e-16)
(23.89 16.237 -1.70934e-16)
(24.5301 16.1757 -1.8655e-16)
(25.1367 16.0689 4.70689e-16)
(25.7103 15.9285 4.92073e-16)
(26.258 15.7634 -5.04555e-16)
(26.7873 15.5732 -4.83404e-16)
(27.3043 15.3615 0)
(27.8055 15.1206 1.27664e-16)
(28.1826 14.7799 -2.4398e-16)
(28.531 14.4882 5.48709e-17)
(29.6438 14.6742 -2.64606e-18)
(31.1705 14.844 9.49974e-16)
(29.9512 13.4188 -5.68735e-17)
(23.5972 9.87429 3.77116e-17)
(14.4731 5.81153 1.59425e-16)
(6.9803 2.98123 2.07677e-16)
(2.55953 1.61797 6.92926e-16)
(0.103538 1.12237 -1.43024e-15)
(-1.46038 0.971677 -1.14967e-15)
(-2.53246 0.920212 -4.53661e-15)
(-3.27379 0.929484 3.97344e-15)
(-3.81226 0.981363 -5.21838e-17)
(-4.35591 1.05266 2.83504e-15)
(-4.8826 0.8826 -1.09568e-16)
(-5.5175 0.474448 5.88409e-17)
(-4.6719 -0.976622 -4.18998e-17)
(-5.10185 -3.50275 3.8528e-15)
(16.2333 11.2927 5.74447e-17)
(15.9522 10.6605 -1.52539e-16)
(15.6967 9.91022 2.87973e-16)
(15.4724 9.06056 0)
(15.3254 8.16392 7.32798e-16)
(15.2602 7.20628 0)
(15.2928 6.20676 0)
(15.4253 5.22448 0)
(15.65 4.29809 1.35882e-15)
(15.9599 3.43363 -6.53664e-16)
(16.3408 2.64381 7.24379e-16)
(16.7776 1.93908 0)
(17.2636 1.3149 0)
(17.7921 0.766578 -6.26811e-16)
(18.3566 0.293129 0)
(18.9532 -0.10917 5.55143e-16)
(19.5779 -0.442228 1.0527e-17)
(20.226 -0.707292 0)
(20.8936 -0.905164 -6.31808e-16)
(21.5772 -1.03631 -9.16729e-16)
(22.2727 -1.09982 -6.21812e-16)
(22.9758 -1.0938 -5.18999e-16)
(23.6807 -1.01502 8.45264e-16)
(24.3773 -0.861455 0)
(25.0486 -0.634985 2.33696e-16)
(25.6771 -0.343831 1.74876e-16)
(26.2526 -0.000919999 4.18966e-17)
(26.772 0.382141 0)
(27.2349 0.795802 3.51871e-18)
(27.6419 1.23055 5.87772e-17)
(27.9957 1.67707 -3.57635e-16)
(28.3021 2.12792 -2.19229e-17)
(28.5688 2.57849 1.07267e-15)
(28.8057 3.02724 -1.15335e-15)
(29.0243 3.47775 4.99644e-18)
(29.2369 3.93996 -4.54341e-17)
(29.4584 4.43908 1.33507e-14)
(29.6851 5.01068 -7.23819e-15)
(29.9555 5.7621 -1.52441e-14)
(17.1556 11.5596 1.02478e-17)
(17.4986 12.1166 -4.3336e-17)
(17.9177 12.6957 0)
(18.3924 13.2577 -2.25737e-16)
(18.9003 13.7639 0)
(19.4627 14.2354 0)
(20.0609 14.6537 1.80317e-17)
(20.6805 15.0062 -4.96629e-17)
(21.3204 15.2948 -5.92992e-17)
(21.9682 15.516 5.77316e-17)
(22.6154 15.6698 9.63686e-17)
(23.2566 15.7598 1.76673e-16)
(23.8832 15.7901 0)
(24.4904 15.7674 5.40601e-16)
(25.074 15.6999 -1.82837e-16)
(25.6324 15.5963 0)
(26.1696 15.4635 4.30403e-16)
(26.6907 15.3024 4.68275e-16)
(27.1947 15.112 0)
(27.6906 14.9052 4.49858e-16)
(28.1532 14.6529 -4.4667e-16)
(28.4607 14.3058 0)
(28.9549 14.1451 -5.57389e-17)
(30.3436 14.4075 1.22911e-17)
(31.3062 14.1636 2.5035e-17)
(28.4404 12.0159 4.43087e-16)
(20.8202 8.21493 -1.08496e-18)
(12.0075 4.61598 -1.89207e-17)
(5.60463 2.4364 -2.0634e-17)
(1.9297 1.49416 4.09038e-17)
(-0.235624 1.15066 1.20532e-15)
(-1.64628 1.00323 4.20057e-15)
(-2.58662 0.957828 5.67123e-17)
(-3.22404 0.981849 -3.12795e-15)
(-3.82553 1.04378 -2.50454e-15)
(-4.39626 0.860969 -4.297e-15)
(-5.16724 0.40764 -3.50635e-15)
(-4.61549 -1.05406 7.72434e-17)
(-5.4089 -3.5899 -3.6367e-15)
(16.8627 10.9914 -1.13949e-16)
(16.6035 10.4036 -3.76307e-16)
(16.3658 9.70577 7.12889e-16)
(16.1554 8.91507 0)
(16.0142 8.08179 1.18635e-15)
(15.9466 7.19044 0)
(15.967 6.25893 -5.67837e-16)
(16.0774 5.34314 2.23401e-15)
(16.2708 4.47862 -1.68336e-15)
(16.5407 3.6701 0)
(16.8746 2.92866 1.18166e-15)
(17.259 2.26383 1.12985e-15)
(17.6887 1.67052 0)
(18.1587 1.14399 -1.08084e-15)
(18.6641 0.6833 2.56199e-16)
(19.203 0.284991 -2.55302e-16)
(19.7728 -0.0519095 2.44098e-16)
(20.3699 -0.327434 4.21967e-16)
(20.9914 -0.541028 -1.82174e-17)
(21.6337 -0.691826 4.90953e-16)
(22.2928 -0.777901 1.37597e-16)
(22.964 -0.796746 -1.33224e-16)
(23.6416 -0.74501 -3.9988e-16)
(24.3155 -0.620636 3.21394e-16)
(24.9696 -0.424997 -2.06333e-16)
(25.5869 -0.164634 -1.77543e-16)
(26.1568 0.149532 -3.9418e-17)
(26.6749 0.506715 1.05571e-19)
(27.1396 0.897537 -3.42105e-18)
(27.5508 1.31278 -5.54183e-17)
(27.9105 1.74326 1.13498e-17)
(28.2235 2.18148 -2.11005e-17)
(28.4969 2.6226 -9.70634e-16)
(28.7399 3.06484 1.16256e-15)
(28.9632 3.51142 -4.25052e-17)
(29.1783 3.97195 2.85339e-15)
(29.3988 4.47048 -6.27097e-15)
(29.619 5.04271 0)
(29.869 5.78641 1.45608e-14)
(17.705 11.2526 2.19701e-17)
(18.0214 11.7746 0)
(18.408 12.3191 0)
(18.8449 12.8486 3.99867e-16)
(19.3107 13.3264 -1.83515e-17)
(19.8263 13.7745 0)
(20.374 14.1753 0)
(20.9407 14.5175 2.60265e-16)
(21.5267 14.8037 -1.10536e-17)
(22.1212 15.0306 -1.57905e-17)
(22.7176 15.1982 -2.1737e-16)
(23.3123 15.3094 -1.07942e-16)
(23.8985 15.3669 2.16407e-16)
(24.4723 15.3755 -3.08246e-17)
(25.0307 15.3407 0)
(25.5712 15.2684 0)
(26.0952 15.164 -1.19903e-15)
(26.6055 15.0301 -2.18127e-16)
(27.1013 14.865 2.02023e-16)
(27.5807 14.6747 -4.36233e-16)
(28.0594 14.4709 8.48978e-16)
(28.4646 14.1939 4.13514e-16)
(28.7469 13.8738 -4.08482e-16)
(29.4986 13.859 -4.5908e-16)
(30.9789 14.0518 7.1858e-17)
(30.9091 13.2226 -4.15697e-16)
(26.246 10.429 -5.46485e-17)
(17.8164 6.65504 1.56488e-17)
(9.72201 3.66989 -1.75521e-17)
(4.39252 2.08635 7.33818e-17)
(1.31597 1.42442 -2.60477e-18)
(-0.570786 1.13109 -2.12621e-15)
(-1.78966 1.00705 -5.6928e-17)
(-2.5708 0.991133 4.92099e-17)
(-3.25215 1.03974 0)
(-3.87214 0.846766 3.93578e-15)
(-4.77624 0.355313 3.18698e-15)
(-4.50934 -1.11018 0)
(-5.66539 -3.64347 0)
(17.4339 10.7208 0)
(17.1939 10.172 3.36251e-16)
(16.9723 9.52033 -1.05777e-15)
(16.7746 8.78143 -4.75387e-16)
(16.6394 8.00384 -1.06763e-15)
(16.5711 7.17096 0)
(16.5826 6.29982 0)
(16.6758 5.44331 -9.98103e-16)
(16.8441 4.63444 1.01226e-15)
(17.0816 3.87679 0)
(17.3768 3.18024 -5.00745e-16)
(17.7175 2.55365 -5.2678e-16)
(18.0995 1.99158 4.94059e-16)
(18.519 1.48876 5.01777e-16)
(18.9723 1.04404 -9.30154e-16)
(19.459 0.654187 0)
(19.9777 0.318492 -2.02675e-16)
(20.5261 0.0376272 1.4909e-17)
(21.1021 -0.187003 8.76262e-16)
(21.703 -0.353491 -1.54983e-16)
(22.3248 -0.458949 1.48009e-16)
(22.963 -0.500281 -1.06975e-16)
(23.6119 -0.473832 1.48495e-16)
(24.2619 -0.377314 -6.53024e-16)
(24.8973 -0.211411 -2.10534e-16)
(25.5019 0.018876 1.4767e-16)
(26.0644 0.304373 -7.94174e-18)
(26.5796 0.635283 0)
(27.0448 1.00257 1.67493e-18)
(27.4593 1.3973 -3.74941e-17)
(27.8241 1.81054 1.39686e-16)
(28.1432 2.23476 -3.76657e-16)
(28.423 2.66493 1.7956e-15)
(28.6719 3.09907 -2.09462e-15)
(28.8999 3.54004 3.46139e-17)
(29.1175 3.99707 -2.65577e-15)
(29.3373 4.49297 -9.46748e-17)
(29.5512 5.06384 1.93608e-16)
(29.7825 5.79533 1.28606e-14)
(18.2074 10.9757 -1.97556e-17)
(18.5006 11.4665 0)
(18.8588 11.9798 0)
(19.263 12.4798 -1.71314e-16)
(19.6926 12.9317 1.17479e-17)
(20.1676 13.3579 1.06312e-16)
(20.6718 13.7418 -1.07953e-16)
(21.193 14.0728 -1.24691e-16)
(21.7322 14.3545 6.2457e-17)
(22.2802 14.5835 -1.02991e-18)
(22.8316 14.7599 6.61194e-17)
(23.3844 14.8863 0)
(23.933 14.9642 -2.03472e-16)
(24.4745 14.9972 -2.77571e-16)
(25.0068 14.989 -7.82705e-16)
(25.5272 14.9437 -3.24264e-16)
(26.0353 14.8652 5.85928e-16)
(26.5324 14.7559 0)
(27.0185 14.6163 2.03709e-16)
(27.4886 14.4459 -8.59508e-16)
(27.95 14.2593 -9.88353e-16)
(28.4063 14.0469 -3.05858e-16)
(28.741 13.7433 3.47583e-16)
(29.0866 13.4918 4.6906e-17)
(30.1335 13.5881 2.37747e-17)
(31.3709 13.5298 -1.6888e-17)
(29.7906 12.0093 -4.34598e-17)
(23.4356 8.77689 -3.23634e-18)
(14.7839 5.31363 4.734e-16)
(7.71105 2.98851 0)
(3.34162 1.84837 -1.1047e-15)
(0.763862 1.32557 6.11833e-17)
(-0.840901 1.08751 1.06832e-16)
(-1.82846 1.01361 5.68807e-15)
(-2.62184 1.04183 7.29407e-17)
(-3.30092 0.840108 -5.84238e-17)
(-4.33836 0.318173 0)
(-4.34271 -1.1444 0)
(-5.85763 -3.66471 -3.32031e-15)
(17.9556 10.4762 1.10608e-16)
(17.7325 9.96205 1.04687e-16)
(17.5252 9.35134 2.01632e-16)
(17.3392 8.65847 8.69788e-16)
(17.2101 7.93023 -4.3671e-16)
(17.1422 7.14938 4.32485e-16)
(17.1473 6.33235 1.20437e-15)
(17.2271 5.529 0)
(17.3752 4.77034 0)
(17.5861 4.0591 0)
(17.8493 3.40429 -8.70037e-16)
(18.1534 2.8141 1.32514e-15)
(18.4948 2.28259 -8.89157e-16)
(18.8707 1.80433 4.15255e-16)
(19.2782 1.37777 3.10902e-17)
(19.718 0.999527 0)
(20.1896 0.668945 -7.51182e-16)
(20.6921 0.387065 0)
(21.2243 0.155736 -1.31116e-17)
(21.7841 -0.0225211 -5.80401e-16)
(22.3684 -0.144118 6.27028e-16)
(22.9728 -0.20534 -5.50005e-16)
(23.592 -0.202048 -3.6283e-16)
(24.2168 -0.131439 2.57146e-16)
(24.8323 0.00641855 1.44041e-18)
(25.4224 0.207858 -1.38565e-16)
(25.9759 0.46538 5.95873e-18)
(26.4866 0.770286 2.11302e-18)
(26.9511 1.11402 -6.61838e-19)
(27.3677 1.48805 1.11769e-17)
(27.7367 1.88377 -1.47092e-17)
(28.0612 2.2937 -1.40181e-17)
(28.347 2.71271 -8.07499e-16)
(28.6014 3.13861 1.94586e-15)
(28.8338 3.57392 -3.6071e-17)
(29.0536 4.0275 3.5586e-17)
(29.2723 4.52091 -8.7538e-17)
(29.4798 5.08977 1.78995e-16)
(29.693 5.81014 -1.24899e-14)
(18.669 10.7244 -1.58508e-17)
(18.9418 11.187 3.03434e-17)
(19.2751 11.672 -9.52409e-17)
(19.6507 12.1451 -2.51723e-16)
(20.0486 12.5735 2.7098e-16)
(20.4885 12.9793 0)
(20.9548 13.3467 0)
(21.4363 13.6664 -2.67638e-17)
(21.9347 13.942 -9.57058e-17)
(22.4417 14.1706 0)
(22.9532 14.3521 0)
(23.468 14.489 -1.26688e-16)
(23.9819 14.5822 3.19331e-16)
(24.4926 14.6343 -1.96191e-16)
(24.9987 14.6477 4.44037e-17)
(25.4977 14.6251 4.78881e-16)
(25.9884 14.5694 -2.20304e-17)
(26.4709 14.4823 1.02744e-15)
(26.9449 14.3652 5.31403e-16)
(27.4077 14.2176 7.4883e-16)
(27.8551 14.0442 2.80702e-16)
(28.3056 13.859 8.87855e-17)
(28.721 13.6224 -4.08158e-16)
(29.0002 13.3072 4.44549e-17)
(29.5118 13.1575 2.00055e-16)
(30.7819 13.2788 1.64771e-16)
(31.2868 12.778 3.56066e-17)
(27.8519 10.5822 -2.57532e-17)
(20.212 7.20501 -3.82785e-16)
(11.9595 4.2501 0)
(6.02695 2.49267 -8.78279e-16)
(2.46317 1.62295 -5.72679e-17)
(0.315134 1.21436 -1.57932e-15)
(-0.965462 1.05639 -5.75754e-15)
(-1.91693 1.05253 -7.10154e-17)
(-2.67153 0.841557 5.62644e-17)
(-3.84558 0.296796 -2.82586e-15)
(-4.10569 -1.15614 -3.2321e-17)
(-5.97213 -3.65419 6.48126e-15)
(18.4342 10.2539 0)
(18.2262 9.77065 -1.74377e-16)
(18.0319 9.19673 -1.77539e-16)
(17.8567 8.54504 3.60383e-16)
(17.7336 7.86103 0)
(17.6671 7.12695 0)
(17.6676 6.35857 -2.84887e-15)
(17.7367 5.60324 -1.42361e-15)
(17.8685 4.8901 2.20827e-15)
(18.0576 4.22134 -2.25209e-15)
(18.294 3.60515 8.0277e-16)
(18.5674 3.04921 -8.15892e-16)
(18.8742 2.54733 3.43407e-17)
(19.2123 2.09381 -8.0276e-16)
(19.5797 1.68677 1.15609e-15)
(19.9774 1.32252 7.31704e-16)
(20.4061 1.00017 3.47474e-16)
(20.8657 0.720757 0)
(21.356 0.486323 -4.55698e-16)
(21.8759 0.29981 -1.3945e-16)
(22.4227 0.165253 0)
(22.9929 0.0868966 5.02102e-16)
(23.5817 0.0693166 1.6997e-16)
(24.1804 0.115868 -1.71384e-16)
(24.7747 0.22731 1.83485e-16)
(25.3489 0.401148 0)
(25.8917 0.63141 0)
(26.3965 0.910534 2.91439e-19)
(26.8588 1.2306 -1.15726e-18)
(27.2763 1.58354 3.15104e-17)
(27.6486 1.96112 -1.06475e-16)
(27.9779 2.35604 -2.73482e-16)
(28.269 2.76308 7.15358e-16)
(28.5286 3.17993 8.25603e-16)
(28.7651 3.60873 -2.00239e-15)
(28.9871 4.05795 -8.28728e-18)
(29.2044 4.54787 7.23329e-17)
(29.4058 5.11338 -5.23856e-15)
(29.6021 5.82093 0)
(19.095 10.495 -4.16763e-17)
(19.3496 10.9321 -4.43803e-17)
(19.661 11.3913 9.4579e-17)
(20.0113 11.8399 1.51675e-16)
(20.3815 12.2464 -2.52567e-16)
(20.7905 12.633 -1.97049e-16)
(21.2236 12.9848 1.34922e-16)
(21.6705 13.293 1.78482e-16)
(22.1331 13.5615 -9.13516e-17)
(22.604 13.7875 0)
(23.0799 13.9714 -5.19603e-17)
(23.5605 14.1151 2.58375e-16)
(24.0424 14.2195 -1.09711e-16)
(24.5239 14.2861 2.19382e-16)
(25.0043 14.3169 3.0162e-16)
(25.4813 14.3133 5.46011e-16)
(25.9535 14.2773 -5.89258e-16)
(26.4204 14.2102 -3.45372e-17)
(26.881 14.113 -6.78779e-16)
(27.3339 13.9868 0)
(27.7741 13.8313 -7.6033e-16)
(28.2055 13.6565 -6.02438e-18)
(28.6424 13.4634 9.51868e-17)
(28.9962 13.1919 -4.42706e-17)
(29.2694 12.8963 -1.54527e-16)
(30.0399 12.8628 2.02929e-17)
(31.2867 12.865 0)
(30.4861 11.7736 -8.01532e-17)
(25.1504 9.05167 3.91657e-16)
(16.8985 5.82254 -8.20825e-16)
(9.52542 3.42174 8.42092e-16)
(4.67087 2.07407 1.073e-16)
(1.75855 1.41179 1.51083e-15)
(0.0598024 1.13044 2.87377e-15)
(-1.11437 1.07603 -7.00781e-17)
(-1.9706 0.852347 5.53732e-17)
(-3.28823 0.291777 2.71226e-15)
(-3.78904 -1.14518 1.92831e-15)
(-5.99541 -3.61194 -3.15822e-15)
(18.8754 10.051 4.0914e-17)
(18.6808 9.59556 1.47637e-16)
(18.4984 9.05469 0)
(18.3331 8.44026 0)
(18.2161 7.79609 6.84175e-16)
(18.1514 7.10431 6.14426e-16)
(18.1487 6.38011 2.46783e-15)
(18.2094 5.66836 6.9918e-16)
(18.3278 4.99679 -1.33907e-15)
(18.4988 4.367 3.669e-17)
(18.7128 3.78665 6.94633e-16)
(18.9601 3.2629 0)
(19.2374 2.78938 7.2529e-16)
(19.5429 2.36028 6.89248e-16)
(19.875 1.97327 -1.37567e-15)
(20.2352 1.62445 0)
(20.6249 1.31255 -6.17548e-16)
(21.0448 1.03839 5.78812e-16)
(21.4956 0.803982 -2.74075e-16)
(21.9769 0.612397 1.11786e-16)
(22.4869 0.467968 5.4761e-16)
(23.023 0.375284 0)
(23.5808 0.339288 0)
(24.1528 0.363836 -1.94806e-18)
(24.7248 0.450586 -2.29205e-17)
(25.2816 0.598275 -1.34671e-16)
(25.8123 0.802248 4.79112e-18)
(26.3095 1.05608 2.20636e-17)
(26.7683 1.35261 0)
(27.1855 1.68431 -2.47268e-17)
(27.56 2.0434 9.73959e-17)
(27.8933 2.42284 1.74764e-17)
(28.1892 2.81741 -1.31843e-15)
(28.4535 3.22466 -1.63749e-15)
(28.6938 3.64644 1.91056e-15)
(28.9175 4.09076 6.78925e-17)
(29.1334 4.57667 4.47483e-15)
(29.3286 5.13781 4.88862e-15)
(29.509 5.83216 1.03214e-14)
(19.4896 10.2847 1.04804e-17)
(19.7281 10.6986 3.95507e-17)
(20.0198 11.1341 7.22504e-17)
(20.3477 11.56 0)
(20.6934 11.9463 0)
(21.0752 12.3149 3.61678e-16)
(21.4791 12.6517 -1.23888e-16)
(21.8954 12.9483 2.02033e-17)
(22.3264 13.209 1.72666e-16)
(22.7653 13.4312 -4.45385e-17)
(23.2095 13.6152 6.23131e-18)
(23.6591 13.763 -3.14786e-16)
(24.1114 13.8751 9.22868e-17)
(24.5656 13.9526 -3.24022e-16)
(25.0211 13.9971 0)
(25.4763 14.0091 -2.51243e-16)
(25.9295 13.99 4.61375e-16)
(26.38 13.9405 -7.3814e-16)
(26.8265 13.8613 1.60002e-16)
(27.2674 13.7535 4.63934e-16)
(27.7002 13.6174 6.50442e-16)
(28.1201 13.4545 0)
(28.541 13.2773 3.28966e-16)
(28.9492 13.0622 4.16781e-17)
(29.2317 12.7571 2.125e-18)
(29.5929 12.5297 1.18665e-16)
(30.6426 12.5817 3.78192e-17)
(31.4063 12.2791 5.68457e-17)
(28.8232 10.536 -3.34797e-16)
(21.9476 7.53462 7.67144e-16)
(13.8234 4.65279 -4.59747e-17)
(7.5462 2.73811 1.46393e-15)
(3.59931 1.71596 -1.43429e-15)
(1.3064 1.25276 0)
(-0.182877 1.11896 2.22691e-15)
(-1.18181 0.874862 -5.47916e-17)
(-2.65472 0.303819 -4.02619e-17)
(-3.38306 -1.11129 -1.79027e-15)
(-5.91398 -3.53773 -4.28844e-17)
(19.2835 9.86472 3.19114e-17)
(19.1011 9.43464 -2.71619e-16)
(18.9294 8.92385 0)
(18.7735 8.34326 -5.56946e-16)
(18.6622 7.73527 1.14167e-15)
(18.5999 7.08202 -1.12183e-15)
(18.595 6.39807 -5.27468e-17)
(18.6491 5.72618 1.13652e-15)
(18.7566 5.09263 0)
(18.9123 4.4987 1.73837e-15)
(19.1075 3.95157 -6.13931e-16)
(19.3325 3.45796 6.2129e-16)
(19.5845 3.01151 -9.50536e-16)
(19.8617 2.60613 -1.5027e-17)
(20.1628 2.23935 -2.88684e-16)
(20.4897 1.90681 0)
(20.8442 1.60695 8.61917e-16)
(21.2276 1.34026 -2.68445e-16)
(21.6413 1.1085 1.40522e-17)
(22.0857 0.914681 -9.02391e-16)
(22.5601 0.763134 -3.1164e-16)
(23.0623 0.658692 -9.40505e-17)
(23.5892 0.606631 -6.97583e-17)
(24.1338 0.611453 3.19461e-16)
(24.6826 0.675567 2.21378e-17)
(25.221 0.798668 2.63894e-16)
(25.7379 0.977411 1.59871e-17)
(26.2261 1.20656 -2.5345e-17)
(26.6799 1.47976 -7.88999e-19)
(27.0956 1.79011 1.6077e-17)
(27.4713 2.13039 3.37846e-18)
(27.8076 2.49383 1.65409e-17)
(28.1076 2.8753 6.07197e-16)
(28.3761 3.27229 -1.79839e-17)
(28.6199 3.68636 -7.55603e-18)
(28.8452 4.12504 5.50391e-17)
(29.0594 4.60611 -4.15853e-15)
(29.2486 5.16168 4.39059e-15)
(29.4142 5.84179 -9.81264e-15)
(19.8563 10.0912 4.78834e-17)
(20.0802 10.4835 -1.57531e-16)
(20.3543 10.8972 6.90194e-17)
(20.6623 11.3022 0)
(20.9862 11.6696 -1.82767e-16)
(21.3438 12.0213 3.3402e-16)
(21.7219 12.3437 1.13045e-16)
(22.1111 12.6289 -3.67554e-17)
(22.514 12.8813 -7.99166e-17)
(22.9244 13.0986 -4.95861e-17)
(23.3401 13.2811 -8.26115e-18)
(23.7616 13.4307 1.54141e-16)
(24.187 13.5479 -1.19437e-16)
(24.6156 13.6334 1.46563e-16)
(25.0473 13.6885 0)
(25.481 13.7131 0)
(25.9152 13.7081 -7.59985e-16)
(26.3488 13.6739 2.50207e-16)
(26.7805 13.6109 5.47914e-16)
(27.2086 13.5194 -5.925e-16)
(27.6314 13.4007 7.336e-16)
(28.0444 13.2539 -6.55453e-16)
(28.4473 13.0848 -1.51163e-16)
(28.8572 12.8998 3.46303e-17)
(29.2126 12.6472 3.39063e-16)
(29.4473 12.3351 -1.64381e-16)
(30.0252 12.2261 -2.84273e-17)
(31.1964 12.2564 0)
(30.8712 11.4529 -2.79486e-16)
(26.3606 9.13108 3.80796e-17)
(18.6265 6.11764 -4.04834e-17)
(11.1869 3.66027 -1.33225e-15)
(5.97389 2.17482 5.61179e-19)
(2.85829 1.44917 -8.19072e-17)
(0.92154 1.19171 -6.15392e-18)
(-0.28484 0.913335 -3.46144e-15)
(-1.93072 0.333826 2.69096e-15)
(-2.87677 -1.05439 4.52287e-19)
(-5.71439 -3.43107 8.73055e-17)
(19.6625 9.69317 1.388e-16)
(19.4911 9.28622 1.15422e-16)
(19.3292 8.80294 2.26784e-16)
(19.1819 8.25333 2.70418e-16)
(19.0763 7.67835 -1.56664e-15)
(19.0164 7.06043 9.48e-16)
(19.0102 6.4134 4.06535e-16)
(19.059 5.77812 0)
(19.1575 5.17954 5.04089e-16)
(19.3005 4.61876 -5.6971e-16)
(19.4796 4.10251 1.05867e-15)
(19.6857 3.63717 -1.09156e-15)
(19.9158 3.21627 0)
(20.1684 2.83379 0)
(20.4423 2.48693 8.3917e-16)
(20.7396 2.17109 2.74459e-16)
(21.0623 1.8843 -2.74229e-16)
(21.4123 1.62669 2.28477e-16)
(21.7915 1.39967 4.59723e-16)
(22.2012 1.206 4.1996e-16)
(22.6411 1.04996 3.68781e-16)
(23.1103 0.936393 0)
(23.6064 0.870732 -2.81371e-16)
(24.1233 0.857931 -5.39029e-17)
(24.6483 0.901256 5.38209e-17)
(25.167 1.00144 1.9463e-17)
(25.669 1.15624 -1.06322e-17)
(26.1468 1.36151 -5.07197e-18)
(26.5942 1.6118 7.44928e-19)
(27.007 1.90089 0)
(27.3828 2.22213 5.94048e-17)
(27.7212 2.56918 1.9155e-16)
(28.0245 2.93705 5.27602e-16)
(28.2966 3.32318 1.30034e-15)
(28.5434 3.72888 1.49499e-15)
(28.77 4.16122 -1.7004e-15)
(28.9824 4.63669 3.77831e-15)
(29.1657 5.18561 -4.36195e-15)
(29.3176 5.85078 1.32936e-16)
(20.198 9.91222 -9.28025e-17)
(20.4089 10.2848 4.29241e-17)
(20.6672 10.6782 -4.72295e-17)
(20.9571 11.0636 3.10586e-16)
(21.2615 11.4135 -3.68538e-16)
(21.5975 11.7492 -2.98906e-16)
(21.9525 12.0577 -1.02621e-16)
(22.3177 12.3317 -6.92235e-17)
(22.6955 12.5756 -1.13897e-16)
(23.0805 12.7872 4.66044e-17)
(23.4705 12.9669 -3.37402e-17)
(23.8666 13.1167 2.87276e-17)
(24.2671 13.2369 0)
(24.672 13.3281 4.12374e-16)
(25.0811 13.3911 -1.53928e-16)
(25.494 13.4258 0)
(25.9092 13.4326 4.72799e-16)
(26.3257 13.4114 0)
(26.7424 13.3624 -5.29009e-16)
(27.1573 13.2856 -5.24127e-16)
(27.5684 13.182 1.2044e-16)
(27.9734 13.0517 5.09209e-16)
(28.3663 12.8941 2.10338e-16)
(28.756 12.7197 -7.38204e-17)
(29.1449 12.5144 -2.23486e-16)
(29.4253 12.22 -1.84313e-17)
(29.6996 11.9608 2.17972e-17)
(30.5816 11.9746 -4.16276e-18)
(31.4647 11.7877 2.33813e-16)
(29.5117 10.3571 5.68774e-16)
(23.3652 7.65079 0)
(15.5131 4.83798 0)
(9.0129 2.83873 0)
(4.82549 1.75537 -7.87006e-17)
(2.26276 1.31187 -1.9668e-15)
(0.746624 0.97457 3.46795e-15)
(-1.09791 0.383028 -5.58908e-15)
(-2.25786 -0.974516 -6.08018e-17)
(-5.38363 -3.29207 -2.96514e-15)
(20.0154 9.53457 1.20306e-16)
(19.8539 9.14885 -3.13795e-16)
(19.7011 8.6909 -3.79711e-16)
(19.5618 8.16982 8.60927e-16)
(19.4617 7.62514 8.70856e-16)
(19.4044 7.03976 0)
(19.3975 6.42683 -1.67694e-15)
(19.4422 5.82528 -1.66333e-15)
(19.5332 5.25904 -1.73464e-15)
(19.6654 4.72896 4.12916e-16)
(19.8308 4.24141 -1.46631e-15)
(20.0205 3.80246 1.01807e-15)
(20.2317 3.40572 4.9752e-16)
(20.4628 3.04511 -1.32952e-17)
(20.7127 2.71768 -1.01732e-15)
(20.9837 2.41859 0)
(21.278 2.14548 0)
(21.5976 1.89812 -4.50635e-16)
(21.945 1.67752 0)
(22.3219 1.48606 0)
(22.729 1.32776 -5.11658e-16)
(23.1662 1.20741 -1.40767e-16)
(23.6319 1.13054 3.26912e-16)
(24.121 1.10241 -6.07911e-17)
(24.6216 1.12701 4.07302e-17)
(25.1199 1.20604 -3.79191e-17)
(25.6058 1.33826 0)
(26.0718 1.52059 0)
(26.5115 1.74848 0)
(26.9202 2.01648 -6.55181e-18)
(27.2947 2.31858 -4.75745e-17)
(27.6343 2.64888 1.67291e-17)
(27.9401 3.00263 -4.77629e-16)
(28.2152 3.37731 -1.16637e-15)
(28.4644 3.77396 -1.45402e-15)
(28.6919 4.1992 3.21647e-15)
(28.9023 4.66822 -1.6343e-16)
(29.0799 5.20935 0)
(29.2193 5.8587 -8.0825e-15)
(20.5173 9.74625 3.54324e-17)
(20.7163 10.1005 -3.3635e-17)
(20.9602 10.475 -2.01226e-16)
(21.2339 10.8421 -1.76525e-16)
(21.5208 11.1755 3.36565e-16)
(21.8375 11.496 0)
(22.1718 11.7913 0)
(22.5153 12.0543 2.28346e-16)
(22.8707 12.2896 -1.70062e-16)
(23.2327 12.495 -4.64771e-17)
(23.5996 12.6709 5.72043e-18)
(23.9726 12.8195 -1.00794e-16)
(24.3504 12.9409 9.12752e-17)
(24.7331 13.0358 1.23612e-16)
(25.121 13.1046 -1.71642e-16)
(25.5138 13.1472 -3.59116e-17)
(25.9105 13.1636 -2.16907e-16)
(26.3102 13.1533 0)
(26.7114 13.1165 -4.65085e-16)
(27.1127 13.0529 5.06135e-16)
(27.5116 12.9628 -5.20425e-16)
(27.9062 12.8469 1.35338e-16)
(28.292 12.704 -6.58326e-16)
(28.6655 12.5373 2.64843e-16)
(29.0452 12.3546 0)
(29.391 12.113 1.33812e-16)
(29.6065 11.804 0)
(30.0703 11.6642 0)
(31.1648 11.7002 0)
(31.1628 11.0653 -5.05639e-16)
(27.3626 9.02711 6.67971e-17)
(20.1855 6.19234 1.06111e-15)
(12.7621 3.7388 7.58573e-17)
(7.33467 2.2158 -7.42983e-17)
(3.92254 1.50516 0)
(1.95336 1.06987 0)
(-0.131778 0.453054 9.44408e-17)
(-1.5124 -0.871466 -3.87716e-15)
(-4.9087 -3.12116 2.985e-15)
(20.3448 9.38745 1.06743e-16)
(20.1925 9.02136 9.05838e-17)
(20.048 8.58684 3.5175e-16)
(19.9161 8.09214 -4.33077e-16)
(19.8213 7.57544 -4.18039e-16)
(19.7667 7.0202 1.41581e-15)
(19.7597 6.43882 -1.76147e-15)
(19.8011 5.86857 1.53113e-15)
(19.8858 5.33233 1.60491e-15)
(20.0088 4.83078 -2.24835e-17)
(20.1624 4.36999 -4.27442e-16)
(20.3379 3.95577 0)
(20.5326 3.5818 -8.79505e-16)
(20.7449 3.24201 4.42848e-16)
(20.9738 2.93331 0)
(21.2214 2.65073 4.2909e-16)
(21.4901 2.39158 2.06443e-16)
(21.7821 2.15523 -7.95592e-16)
(22.1002 1.94227 -1.76343e-16)
(22.4466 1.7547 -3.42661e-16)
(22.8227 1.59614 3.12063e-16)
(23.229 1.47116 4.30592e-16)
(23.665 1.38521 -1.12632e-16)
(24.1266 1.34392 2.08337e-16)
(24.6026 1.35192 3.88144e-17)
(25.0798 1.41163 -5.16416e-17)
(25.5485 1.52277 1.48297e-17)
(26.0014 1.68323 3.22335e-17)
(26.432 1.8894 0)
(26.8353 2.13664 6.19127e-18)
(27.2075 2.4196 0)
(27.5471 2.73291 2.84961e-16)
(27.8545 3.07212 0)
(28.1319 3.43476 5.05481e-16)
(28.3831 3.82171 3.59019e-17)
(28.6111 4.23906 -1.47179e-15)
(28.8193 4.70078 -3.28454e-15)
(28.9914 5.23301 0)
(29.1194 5.86578 7.69411e-15)
(20.8163 9.59185 -3.1662e-17)
(21.0045 9.92894 2.73398e-17)
(21.2353 10.2857 9.07078e-17)
(21.4943 10.6357 -1.65022e-16)
(21.7653 10.9536 0)
(22.0645 11.2597 -2.3008e-16)
(22.3801 11.5422 -8.35254e-17)
(22.7042 11.7945 3.45634e-16)
(23.0394 12.0211 4.34719e-17)
(23.3807 12.2198 -4.20081e-19)
(23.7266 12.3914 1.7058e-17)
(24.0786 12.5377 7.24721e-17)
(24.4355 12.659 -1.28094e-16)
(24.7977 12.7559 -2.05781e-16)
(25.1657 12.8287 2.66935e-16)
(25.5394 12.8773 -1.91031e-16)
(25.9182 12.9013 5.71512e-16)
(26.3011 12.9002 0)
(26.6869 12.8739 4.48416e-16)
(27.0742 12.8217 4.48121e-16)
(27.4607 12.7438 -1.23439e-16)
(27.8439 12.6405 -4.86248e-16)
(28.221 12.512 4.35672e-16)
(28.5855 12.3568 -1.34968e-16)
(28.9447 12.1828 6.19688e-17)
(29.3111 11.9811 -4.0918e-18)
(29.5871 11.6995 -3.13902e-17)
(29.8229 11.4383 0)
(30.5976 11.4228 0)
(31.5416 11.2738 5.99927e-17)
(30.0961 10.0386 -1.00743e-15)
(24.6379 7.5647 -2.1143e-15)
(17.0825 4.85793 6.78641e-17)
(10.4879 2.87254 0)
(6.00577 1.80719 2.17769e-15)
(3.39563 1.21487 3.30701e-15)
(0.998722 0.548014 5.73773e-15)
(-0.625388 -0.744132 7.83371e-15)
(-4.27489 -2.91856 0)
(20.6531 9.25059 7.27997e-17)
(20.5091 8.90272 -1.67632e-16)
(20.3723 8.48996 0)
(20.2474 8.01977 -1.35924e-15)
(20.1576 7.52907 -9.81905e-16)
(20.1058 7.00182 -3.73918e-16)
(20.0989 6.44979 6.56005e-16)
(20.1377 5.90865 -6.35282e-16)
(20.2171 5.40032 0)
(20.3324 4.92537 1.40567e-15)
(20.4757 4.48955 7.398e-16)
(20.6389 4.09849 3.9076e-16)
(20.8191 3.74594 4.18663e-16)
(21.0149 3.42589 -8.12379e-16)
(21.2252 3.13517 0)
(21.452 2.86869 -4.02775e-16)
(21.6978 2.62351 -7.63363e-16)
(21.9648 2.39866 3.71879e-16)
(22.256 2.19425 3.49438e-16)
(22.5742 2.01184 3.23581e-16)
(22.9211 1.85469 -5.81111e-16)
(23.298 1.72707 -1.29825e-16)
(23.7052 1.63426 3.51885e-16)
(24.1396 1.58196 -2.22481e-18)
(24.5908 1.57532 -1.63026e-16)
(25.0464 1.61754 -1.29506e-16)
(25.4971 1.70915 0)
(25.9359 1.84894 -3.04594e-17)
(26.3562 2.03423 0)
(26.7528 2.26114 0)
(27.1214 2.52507 0)
(27.46 2.82123 -2.69459e-16)
(27.768 3.14551 3.56119e-16)
(28.0469 3.49557 4.60776e-16)
(28.2994 3.87214 7.69643e-17)
(28.5276 4.28082 -1.63897e-16)
(28.7335 4.73433 2.98908e-15)
(28.9003 5.2566 0)
(29.018 5.87204 0)
(21.0968 9.44777 -4.45964e-17)
(21.2751 9.76881 7.22078e-18)
(21.494 10.1089 -6.64944e-17)
(21.7395 10.4427 3.14474e-16)
(21.9962 10.746 0)
(22.2794 11.0384 2.15461e-16)
(22.5782 11.3087 0)
(22.8846 11.5506 2.28473e-16)
(23.2015 11.7684 5.88689e-17)
(23.5241 11.9603 -4.07012e-17)
(23.851 12.1269 3.36964e-17)
(24.1838 12.2702 -3.48836e-17)
(24.5214 12.3904 1.206e-16)
(24.8646 12.4879 -1.73216e-16)
(25.2139 12.5633 -2.51037e-16)
(25.5695 12.6162 -1.73741e-16)
(25.9309 12.6462 1.61816e-16)
(26.2975 12.6526 -2.0319e-16)
(26.6681 12.6349 -2.44441e-17)
(27.0413 12.5927 -6.46851e-16)
(27.4151 12.5257 0)
(27.7866 12.4337 3.43008e-16)
(28.1532 12.3176 -4.62997e-16)
(28.5104 12.1761 -1.87825e-16)
(28.8554 12.0102 -1.78284e-16)
(29.2088 11.8267 -1.38184e-16)
(29.5418 11.5926 4.9024e-17)
(29.7557 11.2981 -3.63742e-18)
(30.1645 11.1404 -2.29767e-16)
(31.1911 11.1412 0)
(31.423 10.5814 1.78562e-15)
(28.2514 8.7557 1.86343e-15)
(21.5976 6.11045 0)
(14.2849 3.7448 0)
(8.62447 2.25888 -2.10474e-15)
(5.15489 1.43245 -3.29326e-15)
(2.33702 0.676388 -2.75629e-15)
(0.42006 -0.590247 -4.12507e-15)
(-3.46579 -2.6855 -4.70927e-17)
(20.9421 9.12292 -1.00556e-16)
(20.8059 8.79205 1.49e-16)
(20.6762 8.39959 6.69156e-16)
(20.5579 7.95227 3.22189e-16)
(20.4728 7.48579 9.19374e-16)
(20.4238 6.98465 -8.71458e-16)
(20.4173 6.46001 0)
(20.454 5.94606 1.19475e-15)
(20.529 5.46381 6.12573e-16)
(20.6374 5.01374 -2.55679e-15)
(20.7718 4.6013 -2.03507e-15)
(20.9243 4.23191 7.0675e-16)
(21.0918 3.89949 3.55459e-16)
(21.273 3.59812 3.64338e-16)
(21.4668 3.32459 -3.67084e-16)
(21.6751 3.0737 7.13765e-16)
(21.9003 2.84231 1.47218e-18)
(22.1447 2.62915 6.46198e-16)
(22.4115 2.43389 -6.26236e-16)
(22.7035 2.2577 0)
(23.0232 2.10335 3.9845e-16)
(23.3721 1.97477 -4.83069e-16)
(23.7517 1.87694 -9.70773e-17)
(24.1594 1.8156 -1.83893e-16)
(24.5861 1.79632 1.54067e-16)
(25.0198 1.82292 -2.73436e-17)
(25.4518 1.89666 2.74176e-17)
(25.8754 2.01712 3.23046e-17)
(26.2843 2.18245 0)
(26.6729 2.38963 2.46339e-18)
(27.0368 2.63478 4.79341e-17)
(27.3732 2.91371 0)
(27.6809 3.22276 -3.60177e-16)
(27.9605 3.55975 -3.08351e-17)
(28.2137 3.92529 9.88675e-17)
(28.4416 4.32451 -1.48996e-16)
(28.6449 4.76891 -2.58408e-15)
(28.8066 5.28014 -8.72937e-17)
(28.9152 5.8775 0)
(21.3604 9.31298 5.30024e-17)
(21.5296 9.61893 0)
(21.7375 9.94335 -2.82365e-16)
(21.9707 10.2619 0)
(22.2143 10.5512 -1.04572e-16)
(22.4831 10.8305 1.03409e-16)
(22.7664 11.0891 -1.34159e-16)
(23.0569 11.3208 -1.98101e-16)
(23.3571 11.5299 -4.00226e-18)
(23.6626 11.7148 -5.8067e-17)
(23.9722 11.8761 1.51962e-17)
(24.2874 12.0157 -1.37066e-16)
(24.6073 12.1339 1.28333e-16)
(24.9329 12.2311 2.95476e-17)
(25.2648 12.3078 4.28145e-16)
(25.6032 12.3636 0)
(25.948 12.3981 -3.17163e-16)
(26.2987 12.4104 0)
(26.6542 12.4001 0)
(27.0134 12.3663 7.82613e-16)
(27.3743 12.3088 0)
(27.7339 12.2272 0)
(28.0893 12.1219 8.63218e-16)
(28.4376 11.9932 2.17468e-16)
(28.7746 11.8386 2.5874e-16)
(29.1094 11.6631 -2.75552e-17)
(29.4561 11.4619 -7.26271e-18)
(29.7317 11.194 -1.04346e-16)
(29.9636 10.935 2.25941e-16)
(30.6636 10.8693 0)
(31.6234 10.6965 -7.7063e-17)
(30.597 9.59421 -8.17678e-16)
(25.7501 7.34392 3.57299e-15)
(18.5391 4.8038 0)
(11.8519 2.89471 -1.85894e-15)
(7.33032 1.75324 1.05298e-16)
(3.93347 0.852335 -8.75652e-17)
(1.65116 -0.405572 0)
(-2.46209 -2.42357 0)
(21.2136 9.00351 -8.3034e-17)
(21.0845 8.68859 0)
(20.9615 8.31511 -9.50032e-16)
(20.8492 7.88922 -1.02817e-15)
(20.7687 7.44541 0)
(20.7224 6.9687 0)
(20.7165 6.46976 1.90813e-15)
(20.7516 5.98129 1.00488e-15)
(20.8228 5.52347 0)
(20.9253 5.09667 6.20668e-16)
(21.0519 4.70617 -6.00634e-16)
(21.1948 4.35714 0)
(21.3512 4.04366 0)
(21.5194 3.75994 3.21944e-16)
(21.6985 3.50272 -6.50735e-16)
(21.8904 3.26679 6.40275e-16)
(22.0971 3.04886 -3.17044e-16)
(22.3212 2.84734 -1.33934e-17)
(22.5656 2.66159 -2.76998e-16)
(22.8337 2.49237 5.32954e-16)
(23.1279 2.34198 -1.22605e-16)
(23.4506 2.21392 -1.15398e-16)
(23.8036 2.11282 2.99049e-16)
(24.1856 2.04436 1.69968e-16)
(24.588 2.01439 -7.86974e-17)
(24.9996 2.02724 0)
(25.4124 2.08472 -9.09302e-17)
(25.8202 2.18721 1.32096e-18)
(26.2166 2.33364 0)
(26.5961 2.52177 -2.32999e-18)
(26.954 2.74848 -4.53445e-17)
(27.287 3.01025 -7.24664e-17)
(27.5934 3.30382 -1.45057e-17)
(27.8728 3.62727 -2.35086e-17)
(28.1261 3.98115 6.30486e-17)
(28.3532 4.37014 -1.19786e-15)
(28.5538 4.80452 7.17203e-17)
(28.7106 5.30372 -2.65164e-15)
(28.8111 5.88237 0)
(21.6085 9.18658 -6.77078e-17)
(21.7693 9.47828 4.21824e-17)
(21.9671 9.78785 1.28329e-17)
(22.189 10.0919 0)
(22.4205 10.368 -1.98255e-16)
(22.6761 10.6349 0)
(22.9453 10.8821 2.68527e-16)
(23.2212 11.1039 -1.17421e-16)
(23.5063 11.3045 -2.22529e-16)
(23.7962 11.4823 -7.55455e-17)
(24.0898 11.6379 1.29807e-17)
(24.3889 11.7734 1.00008e-16)
(24.6925 11.8889 0)
(25.0017 11.9849 2.80279e-16)
(25.3172 12.0619 -1.82746e-16)
(25.6394 12.1195 -9.68529e-18)
(25.9684 12.1571 5.78076e-16)
(26.3038 12.1741 -4.5983e-16)
(26.6447 12.1697 -1.60856e-16)
(26.99 12.1431 -7.23471e-16)
(27.3378 12.0937 1.97173e-16)
(27.6854 12.0213 -8.45263e-17)
(28.0295 11.9258 -6.10272e-16)
(28.3674 11.8081 -1.11036e-16)
(28.6972 11.6661 0)
(29.0201 11.4987 0)
(29.3537 11.3121 0)
(29.6768 11.0832 8.10139e-17)
(29.9037 10.7996 2.58092e-17)
(30.2842 10.6083 4.62369e-16)
(31.2288 10.5369 -8.66002e-16)
(31.6261 10.0103 6.87076e-16)
(28.9854 8.38085 -3.24949e-15)
(22.8527 5.95931 1.08701e-16)
(15.6498 3.72377 1.65137e-15)
(10.0198 2.2113 0)
(5.85738 1.09746 -2.81598e-15)
(3.0985 -0.185771 -1.39401e-16)
(-1.24076 -2.13212 -3.28745e-15)
(21.469 8.89158 5.18842e-18)
(21.3464 8.59164 -1.1497e-17)
(21.2297 8.23601 4.18702e-16)
(21.1231 7.83024 1.17942e-15)
(21.0468 7.40772 4.30299e-16)
(21.0032 6.95398 4.24165e-16)
(20.9981 6.47916 -2.2058e-15)
(21.032 6.01467 8.37213e-16)
(21.0999 5.57978 4.78406e-16)
(21.1972 5.17489 1.53383e-15)
(21.317 4.80499 -5.34701e-16)
(21.4514 4.47508 5.46391e-16)
(21.5978 4.17938 0)
(21.7545 3.91227 0)
(21.9206 3.67051 0)
(22.0977 3.4489 -2.83931e-16)
(22.2878 3.24399 1.08063e-17)
(22.4935 3.054 2.64862e-16)
(22.7177 2.87796 -5.13965e-16)
(22.9637 2.71624 2.08321e-18)
(23.2344 2.57071 2.26965e-16)
(23.5325 2.44437 -9.67598e-17)
(23.8604 2.34152 -1.72948e-16)
(24.2174 2.26763 1.08846e-17)
(24.596 2.22875 7.32495e-17)
(24.9857 2.22964 0)
(25.379 2.27257 8.60183e-17)
(25.7701 2.35852 -3.01502e-17)
(26.1532 2.48719 -2.34228e-18)
(26.5225 2.65711 -1.56074e-19)
(26.8733 2.86586 -2.40548e-17)
(27.2019 3.11058 1.54545e-16)
(27.5058 3.38856 -3.6181e-17)
(27.7841 3.6981 -3.10253e-16)
(28.0367 4.03972 0)
(28.2626 4.41769 9.41395e-16)
(28.4603 4.84116 2.25407e-15)
(28.6125 5.32733 2.52004e-15)
(28.7059 5.88661 5.22195e-15)
(21.8423 9.06776 1.05706e-17)
(21.9954 9.34601 0)
(22.1839 9.64149 1.15701e-17)
(22.3952 9.93173 9.93991e-17)
(22.6157 10.1953 8.82563e-17)
(22.859 10.4502 2.90772e-16)
(23.1154 10.6865 -2.52227e-16)
(23.3778 10.8986 1.14796e-16)
(23.649 11.0909 2.0483e-16)
(23.9246 11.2616 4.8183e-17)
(24.2036 11.4114 2.44828e-17)
(24.4878 11.5423 0)
(24.7764 11.6546 0)
(25.0703 11.7487 -2.64066e-16)
(25.3706 11.8251 0)
(25.6775 11.8835 -2.19565e-16)
(25.9915 11.9232 -7.89979e-16)
(26.3121 11.9437 6.07654e-16)
(26.6388 11.9439 0)
(26.9704 11.9232 4.92828e-16)
(27.3052 11.8809 1.65556e-16)
(27.6406 11.8164 -9.4401e-17)
(27.9735 11.7298 1.86821e-16)
(28.3004 11.6217 9.6692e-17)
(28.6214 11.4912 0)
(28.9372 11.3344 2.57691e-17)
(29.2547 11.1549 -3.08881e-17)
(29.5861 10.9513 -9.28441e-17)
(29.8679 10.6904 -2.48347e-16)
(30.1085 10.4178 -7.44377e-16)
(30.7311 10.2778 -9.88394e-17)
(31.6674 10.0611 6.96705e-17)
(30.9694 9.08041 0)
(26.6938 7.06664 0)
(19.8017 4.70945 1.6069e-15)
(13.2734 2.83254 3.07957e-15)
(8.1926 1.43923 2.82027e-15)
(4.81627 0.0808313 4.54918e-15)
(0.215777 -1.8112 3.42701e-15)
(21.7096 8.78648 1.86474e-16)
(21.5931 8.50063 -4.08421e-16)
(21.4821 8.16179 1.91607e-16)
(21.3809 7.77503 2.20196e-16)
(21.3087 7.37256 -4.36896e-16)
(21.2677 6.94046 0)
(21.2635 6.4884 1.87401e-15)
(21.2963 6.04645 -1.64945e-15)
(21.3614 5.63318 1.24133e-15)
(21.4542 5.24888 0)
(21.5678 4.89839 0)
(21.6947 4.58646 -5.12637e-16)
(21.8322 4.30753 5.0882e-16)
(21.9787 4.05612 -1.71812e-17)
(22.1331 3.82896 5.13467e-16)
(22.2969 3.62095 0)
(22.4722 3.42856 2.59917e-16)
(22.6612 3.24983 0)
(22.8671 3.08351 8.51576e-19)
(23.0929 2.92961 6.534e-16)
(23.3419 2.78959 -4.0656e-16)
(23.617 2.66603 1.04439e-16)
(23.9211 2.5628 8.73505e-17)
(24.2542 2.48508 0)
(24.6096 2.439 1.24472e-16)
(24.9776 2.42961 0)
(25.3512 2.45964 -7.37377e-17)
(25.7253 2.53053 -1.05013e-17)
(26.0942 2.64264 -2.36281e-19)
(26.4524 2.79522 -1.3652e-17)
(26.795 2.98659 2.29157e-17)
(27.1179 3.21452 -6.83827e-17)
(27.4185 3.47681 0)
(27.6947 3.77213 2.85945e-16)
(27.9459 4.10096 0)
(28.1701 4.46716 -8.65268e-16)
(28.3646 4.87885 -2.0773e-15)
(28.5124 5.35107 1.4622e-16)
(28.5997 5.89044 -5.12308e-15)
(22.0629 8.95586 1.62706e-17)
(22.2087 9.22135 -3.34503e-17)
(22.3885 9.50343 2.08716e-16)
(22.5902 9.78053 -8.07279e-18)
(22.8004 10.032 -4.88151e-16)
(23.0325 10.2755 -2.72902e-16)
(23.2769 10.5013 0)
(23.527 10.7041 -1.59872e-16)
(23.7854 10.888 0)
(24.0478 11.0516 0)
(24.3134 11.1955 -2.34882e-17)
(24.5838 11.3217 -3.37094e-17)
(24.8584 11.4303 6.0279e-17)
(25.1382 11.522 0)
(25.4242 11.5972 0)
(25.7168 11.6554 4.11245e-16)
(26.0164 11.6964 5.16823e-16)
(26.323 11.7193 5.38368e-16)
(26.6358 11.7232 4.1922e-16)
(26.954 11.7072 -3.32484e-16)
(27.2761 11.6707 -1.60816e-17)
(27.5993 11.6131 4.90276e-16)
(27.9207 11.5344 0)
(28.2368 11.4348 -1.83504e-16)
(28.5476 11.314 4.77233e-17)
(28.8563 11.1685 4.68511e-17)
(29.1636 10.9965 0)
(29.4821 10.8039 1.89566e-16)
(29.7997 10.5736 1.92074e-16)
(30.0437 10.2853 3.81874e-16)
(30.3905 10.041 -7.30294e-16)
(31.2364 9.89144 -1.44528e-15)
(31.737 9.39909 0)
(29.5742 7.96783 -1.84735e-16)
(23.9045 5.76004 -1.32844e-15)
(17.027 3.61788 -4.8713e-17)
(11.0152 1.90567 2.88525e-15)
(6.86975 0.408879 -4.60942e-15)
(1.93268 -1.45586 0)
(21.9364 8.68757 -6.50277e-17)
(21.8257 8.41505 9.10277e-18)
(21.7201 8.09209 0)
(21.624 7.72329 -3.7149e-16)
(21.5556 7.33975 -2.04163e-17)
(21.5171 6.92809 -3.3087e-16)
(21.5138 6.49751 -1.38523e-15)
(21.5458 6.07689 -1.39583e-15)
(21.6085 5.68401 3.02787e-16)
(21.6972 5.31918 -1.57006e-15)
(21.8053 4.98697 1.25088e-15)
(21.9255 4.69198 4.42487e-16)
(22.055 4.42882 -4.62983e-16)
(22.1922 4.19218 -1.76513e-17)
(22.3361 3.97883 -9.61406e-16)
(22.488 3.78372 0)
(22.65 3.60327 0)
(22.824 3.43545 2.16804e-16)
(23.0131 3.27876 -4.31992e-16)
(23.2206 3.13286 -5.92612e-16)
(23.4496 2.99885 3.70461e-16)
(23.7033 2.87889 -1.35895e-17)
(23.985 2.77639 -8.76778e-17)
(24.2954 2.69621 -1.34638e-16)
(24.6283 2.64451 6.06049e-17)
(24.975 2.62649 -9.73718e-17)
(25.329 2.6452 -3.16997e-20)
(25.6857 2.70251 0)
(26.0397 2.79935 3.93507e-18)
(26.3859 2.9356 1.27604e-17)
(26.7192 3.11025 0)
(27.0356 3.32175 -6.53866e-17)
(27.3316 3.56842 -1.57221e-16)
(27.6049 3.84923 -5.22036e-16)
(27.8539 4.16479 0)
(28.0757 4.51852 1.59794e-15)
(28.267 4.91757 -1.79117e-15)
(28.4106 5.37499 -1.99127e-15)
(28.4927 5.89394 -4.46663e-15)
(22.2712 8.8503 1.6907e-17)
(22.4103 9.10365 0)
(22.582 9.37296 0)
(22.7747 9.63751 1.73603e-16)
(22.9754 9.87755 4.42982e-16)
(23.197 10.11 1.30127e-16)
(23.4304 10.3256 8.38541e-17)
(23.6691 10.5193 6.44988e-17)
(23.9156 10.6952 3.35934e-17)
(24.1658 10.8517 -3.49316e-17)
(24.419 10.9896 0)
(24.6767 11.1107 0)
(24.9383 11.2154 8.70666e-17)
(25.2049 11.3042 -3.0144e-16)
(25.4776 11.3775 -1.63479e-16)
(25.7566 11.4351 -2.15786e-16)
(26.0427 11.4764 2.5251e-16)
(26.3357 11.5008 -2.5454e-16)
(26.6352 11.5073 -2.64817e-16)
(26.9405 11.4951 -2.69489e-16)
(27.2498 11.4635 0)
(27.5609 11.4118 -3.17949e-16)
(27.8707 11.3398 -8.40677e-17)
(28.176 11.248 8.07656e-17)
(28.4763 11.1357 4.45819e-17)
(28.7762 11.0002 -4.57478e-17)
(29.0768 10.8377 0)
(29.3808 10.6507 -6.78722e-17)
(29.7004 10.4392 1.07977e-16)
(29.9894 10.1723 -4.75278e-17)
(30.2289 9.86814 8.03045e-16)
(30.7652 9.65267 7.03078e-16)
(31.6492 9.40464 1.33032e-15)
(31.2413 8.54757 -1.72045e-16)
(27.4565 6.74035 -1.01853e-15)
(21.0457 4.52611 -5.67785e-15)
(14.3489 2.51527 -5.29292e-15)
(9.33063 0.818759 -4.22795e-15)
(3.94442 -1.05862 -4.0666e-15)
(22.1506 8.59432 5.81744e-17)
(22.0451 8.33443 9.56336e-17)
(21.9447 8.02651 -7.15691e-16)
(21.8533 7.67473 0)
(21.7885 7.30913 -3.22504e-16)
(21.7525 6.91682 -1.02657e-17)
(21.7501 6.50661 2.94497e-16)
(21.7815 6.10616 1.30232e-15)
(21.842 5.73258 -1.38242e-15)
(21.927 5.38613 7.2662e-16)
(22.0301 5.0712 -3.8408e-17)
(22.1443 4.79218 0)
(22.2666 4.54389 0)
(22.3955 4.32113 5.41715e-18)
(22.5299 4.12081 -9.90042e-18)
(22.6711 3.93791 -4.25544e-16)
(22.821 3.76891 0)
(22.9815 3.61158 0)
(23.1555 3.4643 0)
(23.3462 3.32646 1.8492e-16)
(23.5568 3.19881 0)
(23.7907 3.08305 0)
(24.0514 2.9822 -1.33087e-16)
(24.3402 2.9008 1.31469e-16)
(24.6516 2.8449 4.754e-17)
(24.9774 2.81979 4.20954e-17)
(25.312 2.82873 -7.84516e-18)
(25.651 2.87392 3.62257e-17)
(25.9897 2.95677 -2.35763e-18)
(26.3231 3.07772 1.6816e-17)
(26.6463 3.23644 2.14342e-18)
(26.955 3.43195 9.74472e-17)
(27.2455 3.6631 2.99721e-16)
(27.515 3.92927 4.57486e-16)
(27.7609 4.23109 -4.08461e-17)
(27.9799 4.57172 -6.96787e-16)
(28.1676 4.95735 1.97259e-16)
(28.3073 5.39914 1.78538e-15)
(28.385 5.89727 4.12394e-15)
(22.468 8.75053 4.21081e-19)
(22.6009 8.99232 -7.27429e-17)
(22.765 9.24943 0)
(22.9493 9.50197 2.93001e-16)
(23.1411 9.73101 -5.10817e-16)
(23.3531 9.95287 -2.03707e-16)
(23.5762 10.1586 1.83944e-17)
(23.8043 10.3436 4.77542e-17)
(24.0397 10.5114 -5.21567e-17)
(24.2787 10.661 -3.28408e-17)
(24.5203 10.7929 0)
(24.7662 10.9089 -2.74571e-17)
(25.0157 11.0094 7.34842e-17)
(25.27 11.0949 3.6502e-16)
(25.5301 11.166 1.48821e-16)
(25.7964 11.2222 -1.55882e-16)
(26.0696 11.2633 -4.23401e-16)
(26.3497 11.2884 -4.77122e-16)
(26.6364 11.2968 -2.65254e-16)
(26.929 11.2874 2.4924e-16)
(27.2261 11.2596 3.98684e-16)
(27.5251 11.2127 4.21693e-16)
(27.8234 11.1466 7.81085e-17)
(28.1176 11.0615 -7.51709e-17)
(28.4074 10.9568 0)
(28.6974 10.8298 -1.04933e-16)
(28.9907 10.6771 1.48256e-17)
(29.2853 10.4968 8.73914e-17)
(29.5906 10.293 -1.70743e-16)
(29.9035 10.0516 0)
(30.1536 9.74292 6.56342e-16)
(30.456 9.4428 -6.49212e-16)
(31.1948 9.23243 -2.57729e-15)
(31.7904 8.78309 0)
(30.0243 7.51024 2.39812e-15)
(24.9289 5.46864 2.28035e-16)
(18.1035 3.26241 2.55321e-15)
(12.2545 1.33191 4.36987e-15)
(6.29716 -0.608063 4.10763e-15)
(22.3529 8.50628 1.2823e-16)
(22.2524 8.25838 4.28599e-16)
(22.1567 7.96474 2.6757e-16)
(22.0698 7.62914 8.33752e-16)
(22.0085 7.28054 0)
(21.9748 6.90659 -1.03257e-15)
(21.9733 6.5157 -1.03475e-15)
(22.0042 6.13441 1.09944e-15)
(22.0627 5.77912 0)
(22.1445 5.45007 -1.22965e-15)
(22.2431 5.15149 -3.45018e-17)
(22.3517 4.88756 6.94153e-16)
(22.4675 4.65329 1.082e-15)
(22.5889 4.44365 -3.60889e-16)
(22.7147 4.25558 0)
(22.8463 4.08423 -3.7247e-16)
(22.9852 3.92603 1.40493e-17)
(23.1334 3.77876 -3.53846e-16)
(23.2937 3.6406 3.52685e-16)
(23.4691 3.51076 3.20084e-16)
(23.6629 3.38964 -4.5673e-16)
(23.8785 3.2786 4.23759e-16)
(24.1197 3.18021 0)
(24.388 3.09867 -1.70787e-16)
(24.6788 3.03983 -1.54835e-16)
(24.9844 3.00902 0)
(25.2998 3.00964 5.45372e-17)
(25.6212 3.04414 1.56883e-17)
(25.9442 3.11429 2.23345e-18)
(26.2642 3.22105 -1.79504e-17)
(26.5765 3.36464 -1.71793e-18)
(26.8765 3.54471 -1.72097e-17)
(27.1606 3.76059 -3.79394e-16)
(27.4252 4.01202 -2.08035e-16)
(27.6673 4.29977 0)
(27.883 4.6267 -6.20829e-16)
(28.0669 4.99814 1.63122e-15)
(28.2028 5.42361 -1.72206e-15)
(28.277 5.90057 0)
(22.6542 8.65609 2.54857e-17)
(22.7811 8.88686 9.31557e-17)
(22.9382 9.13228 -1.33685e-16)
(23.1146 9.37333 -3.93261e-16)
(23.2982 9.59182 2.3338e-16)
(23.501 9.80347 3.56625e-16)
(23.7145 9.99977 -6.23634e-16)
(23.9327 10.1761 9.12275e-17)
(24.1579 10.3362 1.94525e-16)
(24.3864 10.4789 3.65899e-17)
(24.6172 10.6047 3.19523e-17)
(24.8521 10.7155 -6.77731e-17)
(25.0904 10.8116 -3.90642e-16)
(25.3331 10.8937 3.30442e-16)
(25.5814 10.962 -5.11575e-16)
(25.8357 11.0164 2.84227e-16)
(26.0967 11.0566 5.75874e-16)
(26.3645 11.0818 2.00915e-16)
(26.6389 11.0913 0)
(26.9192 11.084 -2.57667e-16)
(27.2042 11.0592 -6.48624e-16)
(27.4915 11.0164 -2.61087e-16)
(27.7782 10.9552 1.13212e-17)
(28.0613 10.8759 -1.398e-16)
(28.3405 10.778 0)
(28.6203 10.6584 7.53605e-17)
(28.9045 10.5144 -4.99793e-18)
(29.1919 10.3425 1.90645e-18)
(29.4831 10.1433 -8.07775e-17)
(29.7913 9.91651 4.67341e-16)
(30.0787 9.63141 -7.17201e-16)
(30.3038 9.29026 6.3691e-16)
(30.7494 9.01387 4.30557e-17)
(31.598 8.74892 -1.52302e-16)
(31.4176 7.97743 -1.21863e-15)
(28.1988 6.32279 2.72354e-15)
(22.0272 4.1038 2.33921e-15)
(15.6391 1.96168 -1.3425e-16)
(9.0391 -0.0901236 0)
(22.5442 8.42302 -1.54922e-16)
(22.4483 8.18654 -3.89035e-16)
(22.3572 7.90648 2.14312e-16)
(22.2745 7.58626 -1.26009e-15)
(22.2164 7.25385 0)
(22.1849 6.89735 4.86977e-16)
(22.1844 6.52483 1.42928e-15)
(22.2149 6.16175 -1.02775e-15)
(22.2716 5.82382 1.03933e-15)
(22.3503 5.51129 5.93334e-16)
(22.4448 5.22817 5.82044e-16)
(22.5484 4.9785 -1.91154e-15)
(22.6582 4.75744 -1.00182e-15)
(22.7727 4.56016 3.53395e-16)
(22.8908 4.38366 1.1856e-17)
(23.0136 4.22319 -6.66029e-16)
(23.1426 4.07525 3.52836e-16)
(23.2797 3.93755 3.28428e-16)
(23.4275 3.80822 3.1839e-16)
(23.5891 3.68624 -2.96778e-16)
(23.7674 3.57173 2.85534e-16)
(23.9661 3.46576 1.13427e-16)
(24.189 3.37044 -1.02445e-17)
(24.4381 3.28963 -1.03179e-16)
(24.7093 3.22896 0)
(24.9955 3.19375 0)
(25.2921 3.18742 1.45738e-17)
(25.596 3.2126 -1.45738e-17)
(25.9031 3.27134 3.50461e-18)
(26.2092 3.36505 -3.51872e-18)
(26.5098 3.49442 -1.20915e-17)
(26.8004 3.65963 -2.54096e-17)
(27.077 3.86057 4.46439e-16)
(27.3359 4.09727 0)
(27.5735 4.37065 4.44974e-16)
(27.7851 4.68337 5.89285e-16)
(27.9651 5.03997 1.29662e-15)
(28.0974 5.44846 3.10361e-15)
(28.1687 5.904 3.20748e-15)
(22.8303 8.56659 -3.63517e-17)
(22.9517 8.7868 7.69811e-17)
(23.1022 9.02104 -6.7365e-17)
(23.2711 9.25106 -9.75224e-17)
(23.4469 9.45942 1.70319e-17)
(23.6413 9.66125 9.11552e-17)
(23.8458 9.84836 3.92526e-16)
(24.0548 10.0164 -1.18247e-16)
(24.2704 10.1689 -1.72033e-16)
(24.489 10.3048 4.3538e-17)
(24.7098 10.4246 -3.56422e-17)
(24.9343 10.5302 -1.28695e-16)
(25.162 10.6218 1.13808e-16)
(25.3939 10.7001 -6.83926e-16)
(25.6311 10.7655 1.75635e-16)
(25.874 10.8177 2.90703e-16)
(26.1235 10.8566 -6.94074e-16)
(26.3795 10.8813 3.93064e-16)
(26.6421 10.8911 0)
(26.9106 10.8852 0)
(27.1838 10.8627 4.8372e-16)
(27.4595 10.823 -1.29537e-16)
(27.7349 10.7659 3.77999e-16)
(28.0068 10.6916 0)
(28.2752 10.5996 7.21312e-17)
(28.5446 10.4867 -1.60594e-16)
(28.8189 10.3501 -9.5529e-18)
(29.0982 10.1868 -6.59687e-17)
(29.3796 9.99371 -2.20977e-16)
(29.6712 9.77307 -2.29709e-16)
(29.9732 9.51165 0)
(30.2169 9.17629 -5.79089e-16)
(30.4667 8.82877 2.48458e-15)
(31.1254 8.57277 -1.39478e-16)
(31.7739 8.13537 0)
(30.4606 6.9663 0)
(25.7164 4.95482 -2.26336e-15)
(19.3655 2.69882 0)
(12.1984 0.509794 3.99588e-15)
(22.7252 8.34419 1.21527e-16)
(22.6337 8.11859 2.3463e-16)
(22.5467 7.85148 -2.11148e-17)
(22.4681 7.54593 1.15117e-15)
(22.4131 7.22893 -2.1461e-16)
(22.3837 6.88904 1.62349e-15)
(22.384 6.53402 -1.63027e-15)
(22.4141 6.18828 0)
(22.4692 5.86685 -9.737e-16)
(22.5452 5.57001 1.47362e-15)
(22.6359 5.30156 5.07579e-16)
(22.7348 5.06539 1.1369e-15)
(22.8391 4.8568 2.91489e-16)
(22.9474 4.67116 -6.04126e-16)
(23.0584 4.50555 2.27444e-17)
(23.1732 4.35535 9.22588e-16)
(23.2933 4.21711 2.84721e-16)
(23.4203 4.08853 -2.43628e-17)
(23.5568 3.96764 -1.17874e-17)
(23.7056 3.8533 0)
(23.8699 3.74541 0)
(24.053 3.64471 -4.68499e-16)
(24.259 3.55296 0)
(24.4901 3.47364 6.91318e-18)
(24.7426 3.41213 3.96064e-17)
(25.0101 3.37366 -1.1214e-16)
(25.2885 3.36164 -6.06186e-17)
(25.5751 3.37878 -2.40888e-17)
(25.8662 3.42737 0)
(26.1581 3.50914 -3.36661e-18)
(26.4463 3.62524 1.30924e-17)
(26.7267 3.77628 0)
(26.9951 3.96264 -2.84149e-16)
(27.2474 4.18471 0)
(27.4797 4.44355 -8.11663e-16)
(27.6868 4.74161 0)
(27.8626 5.08281 3.75919e-18)
(27.9914 5.47377 -1.46857e-15)
(28.0604 5.90769 -1.72838e-16)
(22.997 8.48165 -1.05571e-17)
(23.1132 8.69175 0)
(23.2574 8.91527 0)
(23.4193 9.13469 1.19493e-16)
(23.5879 9.3333 2.59901e-16)
(23.7742 9.52565 -5.73709e-16)
(23.9703 9.70388 -9.43796e-17)
(24.1706 9.86382 -6.90361e-17)
(24.3772 10.009 7.12927e-17)
(24.5865 10.1381 0)
(24.7979 10.252 0)
(25.0127 10.3523 4.03698e-17)
(25.2305 10.4394 2.10087e-16)
(25.4522 10.5138 1.77856e-16)
(25.6789 10.5759 0)
(25.9111 10.6257 8.15795e-18)
(26.1496 10.6628 0)
(26.3945 10.6865 -3.76574e-16)
(26.6457 10.6963 0)
(26.9027 10.691 0)
(27.1645 10.6701 -4.30886e-16)
(27.4287 10.6329 1.1988e-16)
(27.6929 10.5791 -3.59397e-16)
(27.9538 10.509 6.47956e-17)
(28.2112 10.4221 -1.90189e-16)
(28.4701 10.3153 1.71434e-17)
(28.734 10.1852 1.74657e-17)
(29.0037 10.0296 0)
(29.277 9.8443 1.41141e-16)
(29.5537 9.62807 -3.43799e-16)
(29.8456 9.37996 6.77987e-17)
(30.1219 9.0708 5.65102e-16)
(30.3203 8.69543 9.6978e-17)
(30.6999 8.37008 -1.32568e-16)
(31.4869 8.06493 1.0286e-15)
(31.5767 7.3281 0)
(28.7105 5.70495 0)
(23.1613 3.50103 3.7186e-15)
(15.7401 1.198 -3.76646e-15)
(22.8964 8.26945 -1.00331e-16)
(22.8091 8.05425 1.9862e-16)
(22.7261 7.79948 3.3943e-16)
(22.6512 7.50795 0)
(22.5991 7.20564 0)
(22.5717 6.8816 -7.55414e-17)
(22.573 6.54327 1.52444e-15)
(22.6027 6.21404 3.97383e-16)
(22.6563 5.90834 1.2265e-15)
(22.7296 5.62642 -1.34056e-15)
(22.8168 5.3719 -1.46102e-15)
(22.9114 5.1485 -2.67023e-17)
(23.0107 4.95173 0)
(23.1132 4.77707 0)
(23.2178 4.6217 5.53246e-16)
(23.3253 4.48115 -2.7696e-16)
(23.4372 4.35206 -2.77694e-16)
(23.555 4.23211 -5.30221e-16)
(23.6812 4.1193 -2.16004e-18)
(23.8185 4.01236 0)
(23.9698 3.911 -2.22516e-16)
(24.1387 3.81571 3.33949e-16)
(24.329 3.72788 1.00944e-16)
(24.5432 3.65065 6.67283e-18)
(24.7781 3.58913 -1.8964e-16)
(25.0278 3.54841 7.16441e-18)
(25.2886 3.53185 8.87994e-17)
(25.5581 3.54219 2.46823e-18)
(25.8334 3.58184 -7.95618e-18)
(26.1108 3.65279 3.4036e-18)
(26.3863 3.75655 -1.68046e-17)
(26.6557 3.89419 0)
(26.9151 4.06644 8.16034e-17)
(27.16 4.27406 2.79202e-16)
(27.3863 4.51826 3.31867e-16)
(27.5883 4.80134 -6.10426e-17)
(27.7597 5.12661 -1.09462e-17)
(27.8851 5.4996 0)
(27.9523 5.91181 -2.74518e-15)
(23.1548 8.40094 -3.40058e-17)
(23.2662 8.60137 -2.75645e-17)
(23.4044 8.81458 5.33172e-17)
(23.5597 9.02381 -3.57648e-16)
(23.7214 9.21305 3.1654e-16)
(23.9001 9.39625 1.23034e-16)
(24.0883 9.56589 -7.45354e-17)
(24.2804 9.718 9.12243e-17)
(24.4785 9.8559 5.7669e-17)
(24.6791 9.97854 3.01403e-17)
(24.8816 10.0865 -3.85356e-17)
(25.0873 10.1816 -1.95711e-19)
(25.2957 10.264 -7.91557e-17)
(25.5078 10.3344 -1.18168e-16)
(25.7246 10.3932 4.12469e-17)
(25.9467 10.4402 -1.85154e-16)
(26.1746 10.4752 -2.74188e-16)
(26.4088 10.4976 -3.65297e-16)
(26.6491 10.5068 7.01065e-16)
(26.8951 10.5017 0)
(27.1457 10.4818 4.13485e-16)
(27.3989 10.4463 1.10877e-16)
(27.6519 10.3952 -2.21759e-16)
(27.9018 10.3286 1.11708e-16)
(28.1483 10.246 1.2299e-16)
(28.3965 10.1445 3.18617e-17)
(28.6499 10.0205 -4.66468e-17)
(28.9089 9.87156 3.28412e-17)
(29.1731 9.69428 3.47997e-17)
(29.4391 9.48434 -1.85978e-16)
(29.7125 9.24239 6.37654e-16)
(29.997 8.95649 -1.32455e-16)
(30.2208 8.59346 -9.29412e-16)
(30.4347 8.20587 0)
(30.9947 7.88712 -1.26655e-15)
(31.7313 7.41945 2.37573e-16)
(30.6564 6.25035 -1.62887e-15)
(26.6154 4.28999 -3.86198e-15)
(19.5127 1.95845 -3.41396e-15)
(23.0586 8.19852 -1.05119e-16)
(22.9751 7.99326 -3.72977e-16)
(22.8959 7.75028 -6.81724e-16)
(22.8246 7.47214 -1.90131e-16)
(22.7753 7.18387 3.37837e-16)
(22.7497 6.87497 -1.34734e-15)
(22.7518 6.55257 -3.32927e-16)
(22.7812 6.23909 7.02617e-16)
(22.8334 5.94838 -1.9192e-15)
(22.9043 5.68066 8.161e-16)
(22.9881 5.43939 0)
(23.0787 5.22812 -9.15095e-16)
(23.1734 5.0425 9.3301e-16)
(23.2706 4.87821 0)
(23.3692 4.73249 4.86275e-16)
(23.47 4.60104 -9.79188e-16)
(23.5745 4.48057 2.46074e-16)
(23.6839 4.36877 -1.98741e-18)
(23.8007 4.26365 4.58402e-16)
(23.9274 4.16382 -2.24013e-16)
(24.067 4.06885 2.12688e-16)
(24.2227 3.97898 1.98578e-16)
(24.3985 3.89533 -8.81201e-17)
(24.597 3.82067 7.92567e-17)
(24.8153 3.75988 1.45288e-16)
(25.048 3.7178 6.34088e-17)
(25.2919 3.69773 -5.22834e-17)
(25.5449 3.70237 2.11966e-17)
(25.8044 3.73421 -2.00722e-18)
(26.0672 3.79544 0)
(26.3295 3.88786 1.59352e-17)
(26.5876 4.01286 4.346e-18)
(26.8372 4.17154 2.08427e-17)
(27.074 4.36498 -7.82998e-17)
(27.2936 4.59453 3.24412e-17)
(27.4901 4.86238 3.24024e-16)
(27.6567 5.17137 -7.96858e-16)
(27.7788 5.52603 -1.16582e-15)
(27.8447 5.91651 0)
(23.3043 8.32419 4.80686e-17)
(23.411 8.51531 -2.98066e-17)
(23.5436 8.71863 -1.73869e-16)
(23.6927 8.91806 2.02828e-18)
(23.8478 9.09827 -1.52808e-16)
(24.0194 9.27264 0)
(24.2 9.43397 1.12276e-16)
(24.3843 9.57847 7.98796e-17)
(24.5744 9.70934 -8.16375e-17)
(24.7669 9.82558 0)
(24.961 9.92779 -8.25313e-17)
(25.158 10.0176 1.48878e-16)
(25.3576 10.0954 0)
(25.5606 10.1617 5.44591e-18)
(25.768 10.217 -1.912e-16)
(25.9804 10.261 6.45007e-16)
(26.1984 10.2937 5.34604e-16)
(26.4223 10.3145 0)
(26.6521 10.3226 -1.20131e-17)
(26.8875 10.3172 3.50216e-16)
(27.1273 10.2978 0)
(27.3695 10.2636 -2.04892e-16)
(27.6116 10.2144 3.98281e-16)
(27.8506 10.1507 0)
(28.0863 10.0719 0)
(28.3235 9.97502 2.95617e-17)
(28.5661 9.85653 -2.84042e-17)
(28.8144 9.71368 0)
(29.0678 9.54366 0)
(29.3245 9.34162 1.00825e-17)
(29.5823 9.1049 -4.97328e-16)
(29.853 8.8321 1.23894e-16)
(30.1057 8.49629 8.28791e-16)
(30.2861 8.0898 -9.37714e-16)
(30.5825 7.70287 1.83547e-15)
(31.3401 7.32637 0)
(31.479 6.53959 3.3229e-15)
(29.2871 4.96866 4.16838e-16)
(23.2158 2.74307 3.15689e-15)
(23.2122 8.13113 0)
(23.1324 7.93538 1.66294e-16)
(23.0567 7.70368 -7.08503e-16)
(22.9888 7.43837 0)
(22.942 7.16351 3.12984e-16)
(22.9183 6.86908 5.55949e-16)
(22.9211 6.56191 2.89191e-16)
(22.9502 6.2635 0)
(23.001 5.98708 -3.34769e-16)
(23.0696 5.73288 1.73477e-15)
(23.1504 5.50421 3.63735e-16)
(23.2372 5.30444 4.06969e-16)
(23.3275 5.12938 -8.43028e-16)
(23.4198 4.97488 0)
(23.5129 4.83826 -4.29729e-16)
(23.6076 4.71538 2.26682e-16)
(23.7052 4.60301 2.127e-16)
(23.807 4.49891 -1.12615e-17)
(23.9152 4.40106 2.02846e-16)
(24.0323 4.30804 -4.04646e-16)
(24.1611 4.21928 -3.74258e-16)
(24.3047 4.13484 3.50341e-16)
(24.4671 4.05552 7.20177e-18)
(24.651 3.98383 2.11583e-16)
(24.8537 3.9243 -1.97045e-16)
(25.0704 3.88162 2.66352e-17)
(25.298 3.85894 -2.54577e-17)
(25.5349 3.8589 -2.01111e-17)
(25.7789 3.88401 -4.42813e-21)
(26.0271 3.9366 -2.04973e-17)
(26.2762 4.01863 0)
(26.5223 4.13179 -4.12311e-18)
(26.7616 4.27751 0)
(26.9897 4.45711 -5.05169e-17)
(27.202 4.67209 2.77059e-17)
(27.3924 4.92459 -3.58969e-16)
(27.5541 5.217 0)
(27.673 5.55308 9.90546e-16)
(27.7379 5.92191 0)
(23.4459 8.25111 1.41614e-17)
(23.5482 8.43331 -2.2997e-18)
(23.6754 8.62711 7.90408e-17)
(23.8185 8.8171 3.06064e-16)
(23.9674 8.98862 1.2908e-16)
(24.1323 9.15445 3.07343e-16)
(24.3057 9.30773 -6.78513e-17)
(24.4827 9.44485 4.82339e-17)
(24.6652 9.56887 -5.35116e-17)
(24.8498 9.67885 -2.97597e-17)
(25.036 9.77539 1.15494e-16)
(25.2249 9.86006 2.96174e-17)
(25.416 9.9332 0)
(25.6104 9.9954 2.4336e-16)
(25.8089 10.0471 -1.75588e-16)
(26.012 10.0881 1.83231e-16)
(26.2205 10.1182 -1.59259e-17)
(26.4347 10.137 -3.11993e-16)
(26.6544 10.1437 -3.5432e-16)
(26.8794 10.1377 -1.97489e-16)
(27.1087 10.1183 1.64437e-16)
(27.3403 10.0848 0)
(27.5717 10.0372 -1.93496e-16)
(27.7999 9.97585 -1.947e-16)
(28.0247 9.90015 -1.01336e-16)
(28.2509 9.80732 -1.04226e-16)
(28.4826 9.6938 1.33048e-17)
(28.7198 9.55667 1.10904e-16)
(28.9619 9.3932 -5.45062e-17)
(29.2082 9.19924 5.67828e-16)
(29.4544 8.96966 -1.10812e-16)
(29.7054 8.70394 -1.15611e-16)
(29.9611 8.39061 9.53264e-16)
(30.1679 8.00018 9.16268e-16)
(30.3263 7.56296 -1.80508e-15)
(30.8223 7.16127 1.44029e-15)
(31.4276 6.59855 -9.27729e-17)
(30.8772 5.45246 3.34554e-15)
(26.4334 3.473 -3.12757e-15)
(23.3576 8.06704 -3.2453e-16)
(23.2813 7.8804 6.99679e-17)
(23.209 7.65952 1.30517e-15)
(23.1443 7.40649 -5.58933e-16)
(23.1 7.14447 2.66559e-16)
(23.0779 6.86388 -1.06511e-15)
(23.0814 6.57129 -1.54544e-15)
(23.1102 6.28725 5.53568e-16)
(23.1597 6.02449 0)
(23.2261 5.7832 -1.29802e-15)
(23.3039 5.56653 -6.98145e-16)
(23.3872 5.37769 -7.04617e-16)
(23.4734 5.21263 1.44116e-17)
(23.5611 5.06737 3.97663e-16)
(23.6491 4.93933 7.38436e-18)
(23.7382 4.82448 1.97742e-16)
(23.8295 4.71974 -5.98274e-16)
(23.9244 4.6229 -1.97347e-16)
(24.0247 4.53193 0)
(24.133 4.44541 -1.74586e-16)
(24.2519 4.36263 1.72813e-16)
(24.3844 4.28349 -4.69675e-16)
(24.5345 4.20861 2.99461e-16)
(24.7047 4.14014 -1.98161e-16)
(24.8929 4.08237 1.84361e-16)
(25.0943 4.03974 1.0357e-16)
(25.3064 4.01525 1.27602e-18)
(25.5279 4.01146 0)
(25.7567 4.03083 1.30118e-20)
(25.9905 4.07574 1.94505e-17)
(26.2261 4.14833 -2.16393e-17)
(26.4601 4.25049 1.58891e-18)
(26.6886 4.38388 5.05051e-17)
(26.9074 4.55006 -1.76054e-16)
(27.1118 4.75066 -6.55535e-17)
(27.2957 4.98776 6.53855e-17)
(27.4523 5.26345 0)
(27.5679 5.58083 0)
(27.6321 5.92816 0)
(23.58 8.18148 -1.33198e-17)
(23.6781 8.35511 1.79221e-16)
(23.8002 8.53975 3.30859e-16)
(23.9377 8.72064 -1.91975e-17)
(24.0807 8.88378 -3.48523e-16)
(24.239 9.04138 -1.83748e-16)
(24.4057 9.18688 1.53948e-16)
(24.5757 9.31684 4.15091e-16)
(24.7509 9.4342 1.01778e-16)
(24.9281 9.53806 -9.10589e-18)
(25.1067 9.62904 -2.46389e-17)
(25.2878 9.70863 -2.604e-17)
(25.471 9.77715 0)
(25.6571 9.83522 0)
(25.8471 9.88322 -1.61337e-16)
(26.0415 9.92104 3.68447e-16)
(26.2408 9.94851 -6.70278e-16)
(26.4456 9.96512 2.43797e-16)
(26.6556 9.9703 2.70542e-16)
(26.8707 9.96329 -2.98304e-16)
(27.0898 9.94347 0)
(27.311 9.91034 3.28148e-16)
(27.5319 9.86379 -1.7163e-16)
(27.7494 9.80423 4.61802e-16)
(27.9634 9.73121 5.18683e-18)
(28.1787 9.64193 7.52052e-17)
(28.3993 9.53288 1.15502e-17)
(28.6253 9.40113 -1.04982e-16)
(28.8558 9.24379 5.05915e-17)
(29.0904 9.05733 -9.40464e-18)
(29.3259 8.83636 -3.05117e-16)
(29.5605 8.57735 1.11814e-16)
(29.8001 8.27732 -1.10766e-15)
(30.0285 7.9137 6.02223e-16)
(30.1671 7.46848 2.0235e-16)
(30.4168 7.00942 -8.46719e-17)
(30.945 6.51576 -3.04955e-15)
(31.392 5.71143 -2.72403e-15)
(28.7608 4.06252 2.71759e-15)
(23.4954 8.00604 1.26961e-16)
(23.4224 7.82815 0)
(23.3533 7.61762 -2.43241e-17)
(23.2916 7.37637 0)
(23.2496 7.12664 9.46738e-16)
(23.2291 6.85931 0)
(23.2333 6.58067 9.55287e-16)
(23.2616 6.31041 4.70815e-16)
(23.3099 6.0607 5.30156e-16)
(23.3741 5.83172 0)
(23.4492 5.62648 5.79267e-16)
(23.5291 5.44801 1.31403e-15)
(23.6115 5.29243 0)
(23.6949 5.15591 1.37943e-17)
(23.7782 5.03594 7.64274e-18)
(23.8621 4.92867 5.40787e-16)
(23.9476 4.83109 0)
(24.036 4.74107 3.39639e-16)
(24.1292 4.65659 -3.39974e-16)
(24.2295 4.57623 0)
(24.3393 4.4992 -1.48841e-16)
(24.4616 4.42526 4.31942e-16)
(24.6002 4.35482 -2.64924e-16)
(24.7578 4.28975 1.17447e-16)
(24.9323 4.2341 0)
(25.1194 4.19205 -9.83103e-17)
(25.3168 4.16645 4.23483e-17)
(25.5234 4.15972 0)
(25.7376 4.17425 3.39977e-18)
(25.9571 4.21243 1.9252e-17)
(26.1793 4.2765 2.05376e-17)
(26.4009 4.36847 -3.19638e-18)
(26.6183 4.4902 1.27313e-18)
(26.8274 4.64345 -1.09855e-17)
(27.0234 4.82995 1.83019e-16)
(27.2004 5.05172 0)
(27.3516 5.31063 6.12685e-16)
(27.4639 5.60929 0)
(27.5275 5.93537 -1.07061e-16)
(23.7071 8.11509 1.27244e-17)
(23.8011 8.28048 0)
(23.9184 8.4563 -2.58371e-16)
(24.0504 8.62843 2.2761e-16)
(24.1878 8.78348 1.89936e-16)
(24.34 8.93314 -1.66655e-16)
(24.5001 9.07111 -2.64693e-16)
(24.6634 9.19415 -1.37058e-16)
(24.8317 9.30502 -2.97893e-17)
(25.0019 9.40293 1.1892e-18)
(25.1732 9.48847 -1.12152e-16)
(25.3469 9.56306 7.1187e-17)
(25.5224 9.62705 1.47878e-16)
(25.7007 9.68101 2.04312e-16)
(25.8825 9.72531 0)
(26.0685 9.75988 -3.33008e-16)
(26.2591 9.78453 0)
(26.4548 9.79881 -7.71981e-16)
(26.6556 9.80218 2.4985e-16)
(26.861 9.79392 2.85474e-16)
(27.0702 9.77345 0)
(27.2812 9.74031 -3.14587e-16)
(27.4918 9.69444 3.32204e-16)
(27.6988 9.63631 -3.35814e-16)
(27.9022 9.56553 0)
(28.1066 9.47938 0)
(28.316 9.37435 0)
(28.5306 9.24761 4.86178e-17)
(28.7494 9.09618 -4.68555e-17)
(28.9717 8.91668 -1.99207e-16)
(29.1956 8.70448 4.01137e-16)
(29.4175 8.45407 0)
(29.6368 8.16276 -8.01231e-16)
(29.8615 7.82076 -9.89195e-16)
(30.0242 7.39677 1.67136e-15)
(30.1602 6.90636 -1.52027e-15)
(30.4174 6.3903 1.46224e-15)
(31.1456 5.78666 0)
(29.9999 4.46054 -2.42986e-15)
(23.626 7.94794 -1.95924e-17)
(23.5561 7.77844 -1.18042e-16)
(23.4901 7.57784 -3.23674e-16)
(23.4312 7.34789 0)
(23.3914 7.10995 -8.87219e-16)
(23.3724 6.85532 -1.60086e-15)
(23.3771 6.59004 4.17477e-16)
(23.4051 6.33296 -1.35048e-15)
(23.452 6.09572 0)
(23.5143 5.8785 9.78889e-16)
(23.5866 5.68416 -1.11264e-15)
(23.6633 5.51555 5.71877e-16)
(23.742 5.36896 -3.08374e-16)
(23.8214 5.24068 -6.2125e-16)
(23.9003 5.12832 1.14465e-17)
(23.9794 5.02817 -4.31255e-18)
(24.0596 4.93733 1.65695e-16)
(24.1421 4.85371 0)
(24.2287 4.77535 0)
(24.3215 4.70083 0)
(24.423 4.62927 0)
(24.536 4.56037 1.25392e-16)
(24.6641 4.49432 1.15546e-16)
(24.8099 4.4328 -5.03782e-18)
(24.9717 4.37954 0)
(25.1453 4.33851 0)
(25.3288 4.31238 0)
(25.5212 4.30341 -3.60893e-18)
(25.7211 4.31392 9.12707e-18)
(25.9267 4.34626 -3.11957e-17)
(26.1356 4.40265 -1.51351e-17)
(26.3447 4.48525 0)
(26.5508 4.59603 -2.22295e-17)
(26.7498 4.73687 0)
(26.9371 4.90961 -1.73849e-16)
(27.1068 5.11625 0)
(27.2524 5.35846 -5.82737e-16)
(27.3614 5.63847 8.60086e-17)
(27.4245 5.94364 -8.74395e-17)
(23.8274 8.05174 -2.88178e-17)
(23.9176 8.20921 3.75779e-17)
(24.0302 8.37654 -2.16828e-16)
(24.1571 8.54022 -1.24699e-17)
(24.2891 8.68749 -5.15184e-16)
(24.4353 8.82947 2.85806e-16)
(24.5892 8.96016 -3.14087e-16)
(24.7461 9.07647 9.20962e-17)
(24.9077 9.18106 -6.81837e-17)
(25.0711 9.2732 -1.12339e-18)
(25.2355 9.35342 6.6064e-17)
(25.4021 9.42312 -6.8654e-17)
(25.5704 9.48264 -1.39794e-16)
(25.7411 9.53252 -5.96908e-16)
(25.9152 9.57315 2.23356e-16)
(26.0931 9.60443 9.55668e-16)
(26.2753 9.62621 -7.2374e-16)
(26.4623 9.63805 2.05516e-16)
(26.654 9.63945 4.89214e-16)
(26.85 9.62975 2.62002e-16)
(27.0496 9.60838 2.6569e-16)
(27.2508 9.57494 2.78224e-16)
(27.4512 9.52943 1.5414e-16)
(27.648 9.47239 -3.02757e-16)
(27.8408 9.40351 -1.58966e-16)
(28.0344 9.32011 -1.03429e-16)
(28.2326 9.21875 2.08122e-17)
(28.4357 9.09666 0)
(28.6427 8.95094 0)
(28.8526 8.77817 0)
(29.0639 8.57431 1.84722e-16)
(29.2737 8.33381 -7.01474e-16)
(29.4764 8.05153 1.41672e-15)
(29.6816 7.72384 -1.76286e-16)
(29.8575 7.3279 -1.4479e-15)
(29.981 6.84552 0)
(30.0301 6.29034 1.27154e-15)
(30.5834 5.7635 -2.91194e-16)
(30.3005 4.68808 4.86519e-15)
(23.7496 7.89256 5.06349e-18)
(23.6827 7.73112 0)
(23.6196 7.54004 7.15193e-16)
(23.5634 7.32094 -1.17459e-15)
(23.5257 7.09431 1.124e-15)
(23.5081 6.85186 1.50214e-15)
(23.5133 6.59938 0)
(23.5409 6.35492 1.93621e-15)
(23.5866 6.12962 -2.49279e-15)
(23.6468 5.92363 -1.792e-15)
(23.7165 5.73967 4.84689e-16)
(23.7901 5.58044 0)
(23.8654 5.44236 5.32042e-16)
(23.941 5.32189 -5.61224e-16)
(24.0158 5.2167 1.58099e-17)
(24.0903 5.12324 -5.74014e-16)
(24.1656 5.03871 5.69625e-16)
(24.2426 4.9611 0)
(24.3232 4.88851 0)
(24.4092 4.81948 -2.55189e-16)
(24.5031 4.75315 3.73568e-16)
(24.6075 4.68909 0)
(24.7259 4.62736 -3.19858e-16)
(24.8608 4.56944 9.78905e-17)
(25.0107 4.51877 0)
(25.1717 4.47909 7.89094e-17)
(25.3419 4.45292 0)
(25.5208 4.44233 -1.46675e-17)
(25.7071 4.44954 -5.20155e-18)
(25.8991 4.47681 -1.98167e-18)
(26.0949 4.52637 3.63374e-17)
(26.2916 4.60039 -6.97253e-18)
(26.4862 4.70092 -7.46337e-19)
(26.6748 4.82993 0)
(26.8531 4.98934 -4.06044e-17)
(27.0153 5.18113 9.41837e-17)
(27.155 5.40682 3.39616e-16)
(27.2607 5.6684 1.40638e-16)
(27.3234 5.95307 8.97256e-17)
(23.9413 7.99127 1.1991e-18)
(24.0279 8.14112 -6.06691e-17)
(24.136 8.30027 2.56992e-16)
(24.2579 8.45581 -1.05405e-16)
(24.3847 8.59557 2.3303e-16)
(24.5253 8.73014 0)
(24.6732 8.8538 -7.74832e-17)
(24.8239 8.96361 7.98623e-17)
(24.9792 9.06212 9.59868e-18)
(25.1361 9.14862 -9.39921e-18)
(25.2938 9.22368 2.55309e-17)
(25.4536 9.28861 -1.70851e-16)
(25.6148 9.34373 -2.57362e-16)
(25.7783 9.38961 5.28604e-16)
(25.9449 9.42658 0)
(26.115 9.45458 -8.65773e-18)
(26.2892 9.47345 3.51883e-16)
(26.4678 9.48277 -4.22541e-16)
(26.6507 9.4821 4.42689e-16)
(26.8377 9.47081 -1.19988e-15)
(27.0279 9.44834 -1.68129e-17)
(27.2194 9.41439 -2.66482e-16)
(27.41 9.36901 -4.09132e-16)
(27.5966 9.31278 2.84623e-16)
(27.7791 9.24552 7.58682e-17)
(27.962 9.16458 1.17841e-16)
(28.1491 9.06659 -2.91798e-17)
(28.3407 8.94886 -3.14889e-17)
(28.5358 8.80862 2.8368e-16)
(28.7333 8.64249 -1.6565e-16)
(28.9315 8.44666 8.17321e-17)
(29.1284 8.21627 8.58662e-16)
(29.3174 7.94492 -1.53726e-15)
(29.5015 7.62882 0)
(29.668 7.2556 1.26084e-15)
(29.8067 6.80432 -9.0503e-16)
(29.7832 6.23844 -1.54824e-15)
(30.0351 5.72058 2.10708e-15)
(30.0551 4.8208 -2.14956e-15)
(23.8668 7.83974 -1.0143e-16)
(23.8027 7.68604 8.85108e-17)
(23.7424 7.50411 -1.3099e-15)
(23.6887 7.29542 1.40936e-15)
(23.653 7.07964 -2.03606e-15)
(23.6366 6.84886 -1.26897e-15)
(23.6423 6.60866 -3.3122e-16)
(23.6694 6.3763 -1.09868e-15)
(23.7138 6.1624 1.55158e-15)
(23.7721 5.96714 4.34229e-17)
(23.8392 5.79309 0)
(23.9099 5.64278 -4.56013e-16)
(23.9819 5.51278 4.84202e-16)
(24.0539 5.39969 7.62492e-18)
(24.1248 5.30126 -5.02223e-16)
(24.1951 5.21409 7.57535e-16)
(24.2658 5.13549 -3.87152e-16)
(24.3378 5.06352 -1.24385e-16)
(24.4127 4.99632 3.64668e-16)
(24.4926 4.93247 0)
(24.5794 4.87108 -1.14633e-16)
(24.6759 4.81165 -1.02333e-16)
(24.7853 4.75413 1.94027e-16)
(24.9102 4.69979 -2.69856e-16)
(25.049 4.65185 8.53418e-17)
(25.1981 4.61381 -4.04633e-17)
(25.356 4.58798 -3.45661e-17)
(25.522 4.5763 1.39305e-17)
(25.6951 4.58085 0)
(25.8742 4.60377 -1.67668e-17)
(26.0571 4.64725 2.22776e-17)
(26.2415 4.71345 0)
(26.4246 4.80444 -3.32601e-18)
(26.6027 4.92225 0)
(26.7717 5.06881 0)
(26.9262 5.24612 0)
(27.0599 5.45557 -4.3625e-16)
(27.1621 5.69902 4.71762e-16)
(27.2244 5.96368 0)
(24.0492 7.93351 6.3977e-17)
(24.1323 8.07602 2.41539e-17)
(24.2361 8.22729 -1.36632e-16)
(24.3532 8.375 -4.06038e-16)
(24.475 8.50752 2.62964e-16)
(24.6101 8.63494 0)
(24.7522 8.75181 -2.253e-16)
(24.897 8.85534 6.91285e-17)
(25.0462 8.94795 1.18154e-18)
(25.1968 9.029 -6.80018e-18)
(25.3482 9.09904 6.08003e-17)
(25.5013 9.15932 3.56774e-17)
(25.6558 9.21017 4.03112e-17)
(25.8124 9.25211 -4.75348e-16)
(25.9718 9.28548 -4.14109e-16)
(26.1344 9.31022 1.68264e-17)
(26.3007 9.32618 -2.93982e-16)
(26.4712 9.33297 4.01475e-16)
(26.6457 9.33014 -5.95757e-16)
(26.8239 9.31714 2.38252e-16)
(27.0049 9.29347 -4.48686e-16)
(27.187 9.25885 0)
(27.3679 9.2134 5.01755e-16)
(27.5446 9.1578 -1.35698e-16)
(27.717 9.09192 6.94024e-17)
(27.8893 9.0132 7.28751e-17)
(28.0655 8.91835 -1.8567e-17)
(28.2456 8.80475 3.61359e-17)
(28.4287 8.6698 -8.46282e-17)
(28.6139 8.51023 2.30226e-16)
(28.799 8.32235 -1.50503e-16)
(28.9823 8.10185 0)
(29.1582 7.8426 -1.55629e-16)
(29.3248 7.53923 4.56691e-16)
(29.4713 7.18326 -1.52486e-15)
(29.6095 6.76618 9.02017e-16)
(29.5998 6.22445 1.34043e-15)
(29.6318 5.70056 1.01992e-16)
(29.6405 4.92691 1.74596e-15)
(23.9777 7.78934 7.6346e-17)
(23.9164 7.64308 -1.67751e-16)
(23.8586 7.46993 7.40333e-16)
(23.8075 7.27124 -9.65422e-16)
(23.7736 7.06587 1.54889e-15)
(23.7583 6.84629 6.17242e-17)
(23.7644 6.61786 -2.95149e-16)
(23.791 6.39708 -9.12328e-16)
(23.8342 6.19411 1.31133e-15)
(23.8905 6.00911 3.78995e-16)
(23.9551 5.84449 7.67948e-16)
(24.023 5.70267 -4.13727e-16)
(24.0919 5.58034 4.17844e-16)
(24.1604 5.47422 8.97628e-16)
(24.2276 5.38217 -9.07579e-16)
(24.294 5.3009 4.48574e-16)
(24.3604 5.22786 2.21161e-16)
(24.4277 5.16116 -1.15187e-16)
(24.4975 5.09902 -1.122e-16)
(24.5716 5.04004 3.08755e-16)
(24.652 4.98331 -2.04613e-16)
(24.7412 4.92829 5.02426e-18)
(24.8423 4.87484 8.5022e-17)
(24.9578 4.82405 -8.37431e-17)
(25.0863 4.77891 7.21989e-17)
(25.2244 4.7427 0)
(25.3706 4.71753 1.52449e-17)
(25.5244 4.7052 1.08673e-17)
(25.6851 4.70762 2.8917e-18)
(25.8515 4.72684 5.58666e-20)
(26.022 4.76494 -7.29764e-17)
(26.1943 4.82404 8.18123e-18)
(26.366 4.90619 -2.38972e-20)
(26.5335 5.01343 5.84002e-18)
(26.6932 5.14772 2.821e-17)
(26.8397 5.31099 -2.8205e-17)
(26.9674 5.50463 3.34265e-16)
(27.066 5.73035 -8.5502e-16)
(27.1277 5.97558 0)
(24.1513 7.87832 -1.49874e-17)
(24.231 8.01377 -2.57695e-18)
(24.3307 8.15746 7.76677e-17)
(24.4432 8.29762 2.99908e-16)
(24.5602 8.42316 -1.40704e-16)
(24.69 8.54369 -2.60507e-17)
(24.8265 8.654 6.7514e-18)
(24.9657 8.75147 -5.94846e-17)
(25.1089 8.83839 7.38242e-17)
(25.2534 8.91417 2.40181e-17)
(25.3986 8.97934 8.56842e-17)
(25.5455 9.0351 1.52553e-16)
(25.6934 9.08179 2.2672e-16)
(25.8433 9.11989 2.98592e-16)
(25.9957 9.14974 7.72204e-16)
(26.1511 9.17126 -2.12181e-16)
(26.3099 9.18434 2.98754e-16)
(26.4725 9.18859 -3.65269e-16)
(26.6388 9.1836 7.62727e-16)
(26.8084 9.16884 -3.80917e-16)
(26.9806 9.14388 8.40489e-16)
(27.1535 9.10848 0)
(27.3248 9.06284 -2.35109e-16)
(27.4919 9.0077 -6.51638e-18)
(27.6543 8.94305 2.50577e-16)
(27.8163 8.86638 -6.64284e-17)
(27.9816 8.77447 0)
(28.1504 8.66484 -1.02689e-16)
(28.3217 8.53501 2.64844e-17)
(28.4945 8.38192 0)
(28.6667 8.20201 2.7475e-16)
(28.8362 7.9913 0)
(28.9986 7.74439 2.62945e-16)
(29.1504 7.45562 8.1692e-16)
(29.2778 7.11583 -1.33255e-15)
(29.3966 6.72684 -7.56604e-16)
(29.4174 6.22857 -2.24943e-15)
(29.3565 5.71214 -1.65341e-15)
(29.2668 5.03582 -3.34021e-15)
(24.0828 7.74123 0)
(24.024 7.60211 -2.83523e-16)
(23.9688 7.4374 2.67774e-16)
(23.9199 7.24832 -2.71365e-16)
(23.8878 7.05293 1.05705e-15)
(23.8736 6.8441 2.33149e-15)
(23.88 6.62697 -7.48673e-16)
(23.9061 6.41727 5.96031e-16)
(23.948 6.22475 -1.23493e-15)
(24.0023 6.04954 1.23964e-15)
(24.0645 5.89393 -6.68699e-16)
(24.1296 5.76019 3.63551e-16)
(24.1955 5.64513 -1.16099e-15)
(24.2608 5.54561 4.01341e-16)
(24.3245 5.45955 5.99189e-16)
(24.3872 5.38385 -6.23538e-16)
(24.4496 5.31601 1.92066e-16)
(24.5126 5.25425 -4.06374e-16)
(24.5776 5.19684 0)
(24.6464 5.14242 -2.82654e-16)
(24.7208 5.09008 2.71813e-16)
(24.8032 5.03925 8.75661e-17)
(24.8967 4.98969 -7.72307e-17)
(25.0036 4.94238 7.0099e-17)
(25.1225 4.90006 -7.46806e-17)
(25.2502 4.86579 -6.395e-17)
(25.3854 4.84154 -2.75012e-17)
(25.5278 4.82892 1.677e-17)
(25.6767 4.82969 -5.34318e-18)
(25.831 4.84578 1.50783e-17)
(25.9895 4.87914 6.27171e-17)
(26.1501 4.93181 0)
(26.3104 5.00581 -1.59758e-17)
(26.4675 5.10313 1.85054e-17)
(26.6177 5.22573 -7.72369e-17)
(26.7563 5.37551 2.30934e-17)
(26.8778 5.55379 -5.17498e-16)
(26.9727 5.7623 5.44695e-17)
(27.0337 5.98871 -1.01748e-15)
(24.2479 7.82556 -2.70022e-17)
(24.3244 7.95423 2.68706e-16)
(24.4201 8.09062 6.41997e-17)
(24.5281 8.2235 -1.87593e-16)
(24.6405 8.34233 -8.87816e-17)
(24.7652 8.45621 0)
(24.8963 8.5602 9.9853e-17)
(25.0299 8.65181 -2.2134e-16)
(25.1674 8.73324 1.0368e-16)
(25.3061 8.80392 5.80387e-18)
(25.4453 8.86439 1.12029e-16)
(25.586 8.91578 -1.1475e-16)
(25.7277 8.95843 0)
(25.871 8.99281 -7.05121e-18)
(26.0167 9.01922 1.82946e-16)
(26.1651 9.03761 -1.8699e-16)
(26.3167 9.04785 -5.36515e-16)
(26.4716 9.0496 3.32128e-16)
(26.6299 9.04245 -3.3124e-16)
(26.7913 9.02592 -3.60324e-16)
(26.9547 8.99962 -7.70167e-16)
(27.1187 8.9634 0)
(27.2808 8.91749 -1.08905e-16)
(27.4384 8.86275 -1.13928e-16)
(27.591 8.79921 1.12244e-16)
(27.743 8.72446 0)
(27.8977 8.63536 0)
(28.0553 8.52957 3.18921e-17)
(28.2149 8.40476 -1.29913e-16)
(28.3753 8.25805 0)
(28.5348 8.08615 -2.65899e-16)
(28.6909 7.8853 0)
(28.8394 7.65068 -7.93043e-16)
(28.977 7.37741 4.76739e-16)
(29.0897 7.05557 7.8353e-16)
(29.1835 6.68931 9.93444e-16)
(29.217 6.23708 1.81977e-15)
(29.1431 5.7458 0)
(28.9855 5.14928 1.17639e-16)
(24.1822 7.69528 2.8414e-17)
(24.126 7.56303 4.00848e-16)
(24.0731 7.40642 -5.63702e-16)
(24.0265 7.22656 -9.70502e-16)
(23.996 7.04076 -1.93521e-15)
(23.9828 6.84225 -4.94328e-17)
(23.9894 6.63593 3.24046e-15)
(24.0149 6.43687 -9.96224e-16)
(24.0555 6.25434 5.3428e-16)
(24.1079 6.08849 -1.16862e-15)
(24.1678 5.94147 3.40648e-17)
(24.2302 5.81541 3.24595e-16)
(24.2931 5.70724 -3.45571e-16)
(24.3553 5.61396 3.45873e-16)
(24.4158 5.53356 -1.87178e-16)
(24.4749 5.46307 1.77912e-16)
(24.5336 5.40011 0)
(24.5925 5.34297 0)
(24.6531 5.28998 0)
(24.717 5.23982 1.66604e-16)
(24.7859 5.1916 -3.27742e-16)
(24.8621 5.14472 -1.49563e-16)
(24.9485 5.0989 1.51292e-16)
(25.0474 5.05495 -5.54936e-17)
(25.1573 5.01545 6.3166e-17)
(25.2754 4.98321 5.39183e-17)
(25.4004 4.96005 0)
(25.532 4.94741 -2.13791e-17)
(25.6696 4.94694 -2.20824e-18)
(25.8125 4.96037 0)
(25.9594 4.98957 -4.07108e-17)
(26.1086 5.03645 -5.77937e-17)
(26.2579 5.10295 2.58891e-17)
(26.4047 5.19102 -2.71143e-17)
(26.5455 5.30256 2.68358e-17)
(26.676 5.43943 9.1359e-17)
(26.7913 5.60295 2.83968e-16)
(26.8824 5.79482 2.60111e-16)
(26.9426 6.00315 7.69668e-16)
(24.3393 7.77512 -1.28223e-17)
(24.4126 7.89726 -8.7489e-17)
(24.5045 8.02662 0)
(24.6082 8.1525 2.21858e-16)
(24.7162 8.26487 1.23479e-17)
(24.8359 8.37235 1.23328e-16)
(24.9618 8.47026 -1.2983e-16)
(25.09 8.55623 5.75739e-17)
(25.2219 8.63235 -9.27202e-17)
(25.3549 8.69813 -2.53858e-17)
(25.4884 8.75407 -7.82532e-17)
(25.6231 8.80124 1.60805e-16)
(25.7587 8.83999 5.36709e-17)
(25.8958 8.87076 -4.90007e-16)
(26.0349 8.89385 -2.96467e-16)
(26.1765 8.90919 -3.55352e-16)
(26.321 8.91668 0)
(26.4685 8.91598 0)
(26.6191 8.90671 -3.14764e-16)
(26.7723 8.88845 3.67148e-16)
(26.9274 8.86083 5.51725e-16)
(27.0826 8.82376 -7.27436e-16)
(27.2357 8.77756 3.7315e-16)
(27.384 8.72315 1.03156e-16)
(27.5272 8.66067 -1.07635e-16)
(27.6693 8.58777 0)
(27.8136 8.50139 -7.09893e-18)
(27.9603 8.39936 6.91245e-18)
(28.1084 8.27948 1.17713e-16)
(28.2568 8.1391 1.1288e-16)
(28.4037 7.9752 2.29023e-16)
(28.5467 7.7843 -6.98311e-16)
(28.6817 7.56202 2.32075e-16)
(28.8051 7.30431 -4.80393e-16)
(28.9057 7.00216 8.78833e-16)
(28.9789 6.6572 0)
(29.0067 6.24559 -6.53568e-16)
(28.9438 5.78958 -1.91836e-16)
(28.7692 5.261 1.40732e-15)
(24.2763 7.65139 -2.88579e-16)
(24.2224 7.52573 3.37862e-16)
(24.1719 7.3769 2.12441e-16)
(24.1273 7.20591 2.63586e-16)
(24.0984 7.02931 8.85524e-16)
(24.0862 6.84069 -1.26068e-15)
(24.0929 6.64474 -2.916e-15)
(24.1178 6.45586 -4.46449e-16)
(24.157 6.2829 9.53564e-16)
(24.2075 6.12598 9.82963e-16)
(24.2651 5.98715 5.55789e-16)
(24.3249 5.86839 -5.89785e-16)
(24.385 5.76677 8.98533e-16)
(24.4442 5.67938 -6.43165e-16)
(24.5015 5.60431 -3.28383e-16)
(24.5574 5.53871 -4.91738e-16)
(24.6125 5.48032 4.89193e-16)
(24.6677 5.42748 3.17752e-16)
(24.7242 5.37861 -3.19204e-16)
(24.7835 5.33244 2.23706e-16)
(24.8473 5.28808 -2.47036e-18)
(24.9178 5.24492 0)
(24.9977 5.20263 5.92492e-17)
(25.0891 5.16193 1.22033e-16)
(25.1907 5.12518 5.34881e-17)
(25.2999 5.09501 -3.81556e-18)
(25.4152 5.07306 -4.75582e-17)
(25.5367 5.06065 9.98209e-18)
(25.6638 5.05925 2.09851e-18)
(25.7958 5.07047 -1.15942e-17)
(25.9316 5.09602 5.09004e-17)
(26.0698 5.13769 3.88588e-17)
(26.2084 5.19734 1.15468e-17)
(26.3451 5.2768 -1.38102e-17)
(26.4767 5.37793 1.38313e-17)
(26.5992 5.50254 -4.4456e-17)
(26.7081 5.65192 4.45293e-17)
(26.7955 5.82782 0)
(26.8546 6.01881 5.88198e-16)
(24.4257 7.72688 -7.00469e-17)
(24.496 7.84275 -1.03874e-16)
(24.5842 7.96535 2.72143e-16)
(24.6837 8.08448 -3.13544e-16)
(24.7873 8.19065 4.0087e-16)
(24.9022 8.29197 -3.54138e-16)
(25.0231 8.38401 -6.73319e-17)
(25.1461 8.46457 2.25036e-16)
(25.2726 8.53559 -2.60272e-17)
(25.4001 8.59664 0)
(25.5279 8.64821 0)
(25.6569 8.69133 -1.00504e-16)
(25.7866 8.72633 -1.82062e-16)
(25.9175 8.75363 2.11774e-16)
(26.0503 8.77351 6.27763e-16)
(26.1853 8.78593 3.38452e-17)
(26.3229 8.79077 0)
(26.4633 8.7877 0)
(26.6063 8.77639 5.67106e-16)
(26.7517 8.75643 6.08136e-16)
(26.8985 8.72752 6.16108e-18)
(27.0452 8.68964 -1.53061e-16)
(27.1895 8.64316 -1.05158e-17)
(27.3288 8.5891 1.79071e-16)
(27.4628 8.52767 4.91956e-18)
(27.5953 8.45658 -9.59826e-17)
(27.7295 8.37289 1.29196e-17)
(27.8656 8.27454 -1.25981e-17)
(28.0025 8.15956 -1.07083e-16)
(28.1392 8.02548 -4.30052e-16)
(28.2739 7.86955 9.22369e-17)
(28.4042 7.68864 4.44065e-16)
(28.5262 7.4788 -6.3065e-16)
(28.6359 7.23647 -2.76129e-18)
(28.7248 6.95456 -6.48757e-16)
(28.7836 6.63176 -9.59523e-16)
(28.7991 6.25498 -5.29258e-16)
(28.743 5.83646 0)
(28.58 5.36657 1.17175e-15)
(24.3653 7.60944 1.01934e-16)
(24.3137 7.49012 -4.25899e-16)
(24.2654 7.34875 1.77902e-16)
(24.2228 7.18628 4.2961e-17)
(24.1953 7.01851 0)
(24.184 6.83938 1.42713e-15)
(24.1908 6.65338 8.02564e-17)
(24.215 6.47424 0)
(24.2529 6.31042 4.25334e-16)
(24.3015 6.16204 -2.2654e-15)
(24.3567 6.03102 0)
(24.414 5.9192 1.0266e-15)
(24.4713 5.82377 -1.11523e-15)
(24.5277 5.74195 2.92533e-16)
(24.582 5.6719 2.82777e-16)
(24.6348 5.61089 2.89138e-16)
(24.6866 5.55677 -4.46398e-16)
(24.7383 5.50796 -2.84747e-16)
(24.7909 5.46293 2.86174e-16)
(24.846 5.42047 1.98279e-16)
(24.9052 5.37972 -3.9781e-16)
(24.9704 5.34004 0)
(25.0442 5.3011 -6.21701e-18)
(25.1286 5.2635 -1.04524e-16)
(25.2226 5.22942 -3.40469e-18)
(25.3234 5.20132 -4.75543e-17)
(25.4298 5.18067 -1.91868e-17)
(25.5418 5.16865 1.92538e-17)
(25.6589 5.1666 0)
(25.7806 5.17596 0)
(25.9059 5.19832 -1.87703e-17)
(26.0336 5.23532 2.55219e-17)
(26.1619 5.2887 -2.53373e-17)
(26.2887 5.3602 -6.41316e-18)
(26.4113 5.45159 -1.37341e-17)
(26.526 5.56461 2.26472e-17)
(26.6286 5.70056 0)
(26.712 5.86121 -5.96376e-17)
(26.77 6.03567 -4.99196e-16)
(24.5073 7.68074 3.68157e-17)
(24.5748 7.79058 0)
(24.6593 7.90668 7.80614e-17)
(24.7548 8.01934 6.41545e-18)
(24.8542 8.11952 -2.22016e-16)
(24.9644 8.21493 2.32659e-16)
(25.0803 8.30134 1.39267e-17)
(25.1983 8.37669 -7.21542e-17)
(25.3195 8.44281 -4.66398e-18)
(25.4417 8.49933 -6.11484e-17)
(25.564 8.54671 5.13388e-17)
(25.6874 8.58594 3.33237e-16)
(25.8113 8.61734 -1.68116e-16)
(25.9363 8.64132 0)
(26.063 8.65814 0)
(26.1916 8.66775 -3.26964e-16)
(26.3225 8.67004 4.23901e-16)
(26.4559 8.66473 1.74148e-17)
(26.5916 8.65147 -5.4956e-16)
(26.7293 8.6299 0)
(26.8682 8.59979 0)
(27.0065 8.56116 1.40097e-16)
(27.1423 8.51447 1.63274e-16)
(27.2729 8.46078 -2.47381e-16)
(27.398 8.4004 4.74022e-18)
(27.5212 8.33112 0)
(27.6456 8.2501 1.11627e-17)
(27.7714 8.15544 0)
(27.8975 8.04531 0)
(28.0228 7.91751 -8.6419e-17)
(28.1457 7.76953 9.20758e-17)
(28.2638 7.59859 -1.92165e-16)
(28.3735 7.40122 4.01655e-16)
(28.4705 7.17415 0)
(28.5479 6.91209 0)
(28.596 6.61237 1.43232e-15)
(28.601 6.26692 3.77438e-16)
(28.5441 5.88423 -3.12205e-16)
(28.3981 5.46504 -1.13887e-15)
(24.4495 7.56935 4.69116e-18)
(24.4001 7.45611 1.79836e-16)
(24.3539 7.32191 -6.41588e-16)
(24.3132 7.16762 -3.23201e-16)
(24.2871 7.00832 -1.47853e-17)
(24.2765 6.83828 -1.02357e-15)
(24.2834 6.66181 7.18035e-17)
(24.3068 6.49201 0)
(24.3433 6.33693 0)
(24.3901 6.19669 8.31268e-16)
(24.443 6.0731 4.32232e-16)
(24.4977 5.96788 -1.40634e-15)
(24.5525 5.87832 0)
(24.606 5.80177 -5.01534e-16)
(24.6576 5.73643 2.57518e-16)
(24.7074 5.67973 2.58706e-16)
(24.7561 5.6296 -2.64802e-16)
(24.8044 5.58454 -1.25831e-16)
(24.8535 5.54309 0)
(24.9047 5.50408 0)
(24.9595 5.46668 -1.70239e-16)
(25.0198 5.43027 1.19153e-16)
(25.088 5.39447 -1.07237e-16)
(25.1661 5.35982 -8.82364e-17)
(25.2529 5.32833 1.35917e-16)
(25.3459 5.30225 -3.91613e-18)
(25.444 5.28293 -2.84749e-18)
(25.5471 5.27144 0)
(25.6549 5.26894 6.45235e-18)
(25.7669 5.27677 -6.47744e-18)
(25.8823 5.29633 1.8043e-17)
(25.9999 5.32915 2.647e-17)
(26.1184 5.37683 -2.10586e-18)
(26.2357 5.441 0)
(26.3494 5.52331 0)
(26.4564 5.62546 -8.28764e-17)
(26.5528 5.7487 0)
(26.6322 5.89488 -3.39181e-16)
(26.6888 6.05367 -2.98308e-16)
(24.5845 7.63661 1.43736e-17)
(24.6491 7.74065 -2.98748e-17)
(24.7301 7.8505 -2.58528e-16)
(24.8217 7.95694 8.64597e-17)
(24.917 8.05138 0)
(25.0226 8.1411 -8.22673e-17)
(25.1338 8.22211 3.71279e-16)
(25.2468 8.29246 9.75775e-17)
(25.363 8.35389 -2.33942e-17)
(25.4799 8.40607 5.78496e-17)
(25.5969 8.44944 -1.36371e-16)
(25.7148 8.48496 0)
(25.8331 8.51292 -4.75325e-16)
(25.9524 8.53374 1.79549e-16)
(26.0731 8.54763 0)
(26.1955 8.55457 3.09492e-16)
(26.3199 8.55446 -3.549e-16)
(26.4464 8.54701 -8.85987e-16)
(26.575 8.53192 -2.71836e-16)
(26.7053 8.50886 1.13787e-17)
(26.8364 8.47764 -2.55885e-16)
(26.9666 8.43835 -2.85377e-16)
(27.0941 8.39152 1.4887e-16)
(27.2162 8.33828 -1.47726e-16)
(27.3327 8.27901 7.68325e-17)
(27.447 8.21158 0)
(27.562 8.13325 -8.62199e-20)
(27.6778 8.04226 -5.37137e-17)
(27.7935 7.93699 4.2318e-17)
(27.908 7.81543 1.10029e-17)
(28.0196 7.67536 0)
(28.126 7.51431 0)
(28.2241 7.32932 -3.39442e-16)
(28.3095 7.11739 0)
(28.376 6.87451 -3.34977e-16)
(28.415 6.59792 -3.45993e-16)
(28.4131 6.2819 1.79122e-15)
(28.3533 5.93274 0)
(28.2206 5.5575 -9.46654e-16)
(24.529 7.53102 -3.98785e-19)
(24.4818 7.42363 -9.00175e-17)
(24.4376 7.29631 -1.19216e-16)
(24.3987 7.14987 5.09902e-16)
(24.3739 6.99869 -1.48713e-15)
(24.3641 6.83738 0)
(24.3709 6.67003 1.5101e-15)
(24.3935 6.50915 2.61356e-18)
(24.4286 6.36242 6.46035e-16)
(24.4735 6.22995 3.61478e-16)
(24.5241 6.11344 0)
(24.5765 6.01448 4.29705e-16)
(24.6286 5.93049 -4.24909e-16)
(24.6796 5.8589 -4.4824e-16)
(24.7283 5.798 9.29106e-16)
(24.7753 5.74534 -7.02133e-16)
(24.8211 5.69894 0)
(24.8664 5.65737 1.19397e-16)
(24.9121 5.61924 0)
(24.9597 5.58344 2.16443e-16)
(25.0105 5.54916 -3.1783e-16)
(25.0662 5.51579 1.03212e-16)
(25.1293 5.48294 9.14708e-17)
(25.2014 5.45107 8.95267e-17)
(25.2815 5.42204 0)
(25.3673 5.39793 0)
(25.4576 5.37997 -5.05787e-17)
(25.5524 5.36907 1.60341e-17)
(25.6515 5.3663 -5.98298e-18)
(25.7544 5.37285 4.96998e-18)
(25.8605 5.38997 -2.69374e-17)
(25.9686 5.41905 -4.82356e-17)
(26.0777 5.46155 -1.78341e-18)
(26.1859 5.51898 -1.20603e-18)
(26.2911 5.59289 1.20858e-18)
(26.3906 5.68488 7.88432e-17)
(26.4809 5.7962 -1.00572e-16)
(26.5562 5.9287 3.22834e-16)
(26.6113 6.0727 3.94679e-16)
(24.6573 7.59439 -4.30906e-17)
(24.7191 7.69286 1.22087e-16)
(24.7968 7.79672 -1.21731e-17)
(24.8846 7.89718 -7.68121e-17)
(24.9759 7.98612 1.0074e-16)
(25.0771 8.07038 -1.00162e-16)
(25.1836 8.14621 -1.28741e-16)
(25.2918 8.21178 -7.09627e-17)
(25.4029 8.26872 -3.49628e-18)
(25.5148 8.31673 -4.60351e-17)
(25.6266 8.35629 1.29056e-16)
(25.7392 8.38826 -1.66506e-16)
(25.8521 8.41296 1.62636e-16)
(25.9657 8.43077 -3.59763e-16)
(26.0806 8.4419 4.47444e-16)
(26.1969 8.44633 0)
(26.315 8.44396 6.57821e-16)
(26.435 8.43452 3.77792e-16)
(26.5567 8.41773 4.89736e-16)
(26.6797 8.39332 2.76102e-16)
(26.8032 8.36112 -4.85109e-16)
(26.9257 8.32129 4.89619e-16)
(27.0451 8.27441 3.92064e-16)
(27.159 8.22171 4.33499e-19)
(27.2672 8.16362 -7.47258e-18)
(27.3729 8.0981 7.1789e-17)
(27.4789 8.02249 0)
(27.5852 7.93519 -3.72769e-17)
(27.6909 7.83476 7.57067e-17)
(27.795 7.71941 1.02315e-17)
(27.8959 7.58719 7.03995e-18)
(27.9914 7.43592 -3.04491e-16)
(28.0786 7.2631 3.30574e-16)
(28.1533 7.0661 1.56913e-16)
(28.2099 6.8417 -3.0267e-16)
(28.2408 6.58755 0)
(28.2345 6.29947 -8.4856e-17)
(28.1734 5.98185 -2.33286e-16)
(28.0504 5.64531 2.00109e-15)
(24.6042 7.49437 1.60264e-17)
(24.559 7.3926 1.5167e-16)
(24.5167 7.27187 9.24357e-16)
(24.4796 7.13297 -8.04648e-16)
(24.456 6.98958 1.38593e-15)
(24.4468 6.83662 -1.0135e-15)
(24.4535 6.678 -2.6502e-16)
(24.4753 6.52566 1.09963e-15)
(24.509 6.3869 -2.12874e-15)
(24.5519 6.26183 0)
(24.6004 6.15206 3.44572e-16)
(24.6504 6.05906 -3.75766e-16)
(24.7001 5.98032 4.01963e-16)
(24.7484 5.91343 0)
(24.7946 5.85671 4.10687e-16)
(24.839 5.80781 -2.08066e-16)
(24.882 5.7649 0)
(24.9243 5.72657 1.01009e-16)
(24.967 5.69153 1.0152e-16)
(25.0112 5.6587 -2.00348e-16)
(25.0582 5.62731 5.31935e-18)
(25.1097 5.59677 2.64272e-16)
(25.168 5.56667 -2.60085e-16)
(25.2346 5.53742 0)
(25.3086 5.51073 0)
(25.3876 5.48851 -3.22447e-17)
(25.4707 5.47187 3.23642e-17)
(25.5578 5.46164 -1.3516e-17)
(25.6487 5.45873 0)
(25.7431 5.4642 1.02504e-17)
(25.8404 5.47918 -1.42253e-17)
(25.9396 5.50493 -5.56072e-18)
(26.0397 5.54274 3.44103e-17)
(26.1393 5.594 0)
(26.2364 5.66015 0)
(26.3285 5.74271 0)
(26.4129 5.84288 9.57043e-17)
(26.4842 5.96256 0)
(26.5375 6.09267 0)
(24.726 7.554 -3.75069e-17)
(24.7852 7.64714 1.08732e-16)
(24.8596 7.74524 -7.37816e-17)
(24.9436 7.83995 -1.1396e-16)
(25.031 7.92362 1.12722e-16)
(25.128 8.00266 0)
(25.2298 8.07353 2.05084e-16)
(25.3334 8.13451 -1.05164e-16)
(25.4397 8.18716 3.30743e-18)
(25.5465 8.23122 0)
(25.6533 8.26714 0)
(25.7608 8.29575 1.90058e-16)
(25.8683 8.31737 -1.45499e-16)
(25.9765 8.33234 8.20377e-16)
(26.0857 8.34087 -6.4827e-16)
(26.1961 8.34295 -2.58219e-16)
(26.3081 8.33847 -3.04769e-16)
(26.4216 8.3272 -7.25646e-16)
(26.5366 8.30886 8.00661e-16)
(26.6526 8.28323 0)
(26.7688 8.25019 -6.5803e-16)
(26.8837 8.20996 2.2234e-16)
(26.9953 8.16318 -5.9808e-16)
(27.1014 8.11113 -7.08142e-18)
(27.2016 8.05432 0)
(27.2991 7.99076 -3.39227e-17)
(27.3964 7.91791 3.32222e-17)
(27.4937 7.83433 6.93659e-17)
(27.59 7.73873 -4.55636e-18)
(27.6843 7.62954 1.47274e-16)
(27.7751 7.50507 9.81311e-18)
(27.8603 7.36343 2.97145e-16)
(27.9373 7.20251 0)
(28.0024 7.02005 2.79845e-16)
(28.0503 6.81345 -1.80164e-18)
(28.0741 6.58072 2.38902e-16)
(28.0644 6.31893 -1.24835e-15)
(28.0044 6.03104 2.25795e-16)
(27.8901 5.72911 -8.25023e-16)
(24.6752 7.45933 -6.16703e-17)
(24.6319 7.36294 4.54972e-16)
(24.5915 7.24854 -5.94151e-16)
(24.556 7.11686 5.48465e-17)
(24.5337 6.98095 9.46809e-16)
(24.525 6.83599 2.33045e-15)
(24.5315 6.68572 -9.36837e-16)
(24.5525 6.54154 4.46273e-16)
(24.5847 6.41038 2.71206e-15)
(24.6258 6.29237 -8.62233e-16)
(24.6721 6.189 -2.92373e-16)
(24.7197 6.10164 -6.48344e-16)
(24.767 6.02789 0)
(24.8129 5.96541 3.52881e-16)
(24.8566 5.91261 -3.67338e-16)
(24.8984 5.86726 3.79676e-16)
(24.9388 5.82759 0)
(24.9784 5.79228 -1.86361e-16)
(25.0182 5.7601 1.8502e-16)
(25.0592 5.73002 -3.5415e-16)
(25.1028 5.7013 1.78073e-16)
(25.1504 5.67338 -3.66625e-18)
(25.2042 5.64584 -8.16752e-17)
(25.2657 5.61904 0)
(25.3339 5.59455 -9.16624e-19)
(25.4067 5.57413 -6.37618e-17)
(25.4831 5.55878 0)
(25.5631 5.54922 -5.42617e-18)
(25.6464 5.54627 5.93701e-18)
(25.7329 5.55085 -9.3549e-18)
(25.8219 5.56396 -1.54012e-17)
(25.9127 5.58672 3.98988e-18)
(26.0044 5.62029 5.28368e-17)
(26.0958 5.66593 0)
(26.1851 5.72496 -2.2616e-18)
(26.2703 5.7988 -2.4028e-17)
(26.3488 5.88862 -1.53159e-17)
(26.4161 5.99632 2.11977e-16)
(26.4674 6.11346 0)
(24.7907 7.51536 1.19753e-17)
(24.8474 7.60338 7.81625e-17)
(24.9186 7.69596 -2.36919e-16)
(24.999 7.78518 -1.00994e-16)
(25.0826 7.86379 2.73284e-16)
(25.1753 7.93783 0)
(25.2728 8.00395 -3.72002e-16)
(25.3717 8.06057 9.9471e-17)
(25.4733 8.10913 9.05445e-18)
(25.5753 8.14943 0)
(25.6772 8.1819 0)
(25.7795 8.20734 1.70875e-16)
(25.8819 8.22604 2.66068e-16)
(25.9848 8.23834 -5.87505e-16)
(26.0885 8.24444 -3.70254e-16)
(26.1932 8.24433 4.65719e-16)
(26.2992 8.23791 5.27473e-16)
(26.4065 8.22496 -6.40308e-16)
(26.515 8.20525 3.47848e-16)
(26.6242 8.17856 0)
(26.7332 8.14485 2.11004e-17)
(26.8408 8.10437 0)
(26.9449 8.05782 -2.09276e-16)
(27.0434 8.00655 6.01255e-18)
(27.136 7.9511 -1.13646e-16)
(27.2257 7.88959 2.75416e-17)
(27.3149 7.81956 2.21485e-17)
(27.4036 7.73971 -5.77809e-17)
(27.4909 7.64893 -1.93049e-16)
(27.576 7.54584 1.25886e-16)
(27.6574 7.42899 1.33372e-16)
(27.7332 7.29678 -2.48353e-16)
(27.8008 7.1474 5.02356e-16)
(27.8571 6.97899 -1.67765e-17)
(27.8973 6.78943 4.71296e-16)
(27.9152 6.57701 -2.50285e-16)
(27.9029 6.33971 -8.35607e-16)
(27.8453 6.07961 9.39989e-16)
(27.7398 5.80894 -8.69229e-16)
(24.7421 7.42582 1.03501e-16)
(24.7008 7.3346 -3.6277e-16)
(24.6622 7.22625 1.00477e-16)
(24.6283 7.10152 9.20098e-16)
(24.607 6.97275 -8.92442e-16)
(24.5989 6.83545 1.18266e-15)
(24.6052 6.69317 -4.14113e-16)
(24.6252 6.55677 -2.68631e-15)
(24.656 6.43287 -5.35376e-17)
(24.6952 6.32158 1.51028e-15)
(24.7393 6.2243 5.62645e-16)
(24.7847 6.14229 1.27233e-17)
(24.8297 6.07325 0)
(24.8732 6.01493 -1.85304e-17)
(24.9146 5.96581 -3.28639e-16)
(24.954 5.92377 1.76355e-16)
(24.9919 5.88711 0)
(25.0289 5.85461 8.58933e-17)
(25.066 5.82507 -7.70445e-17)
(25.1041 5.79753 2.38707e-16)
(25.1444 5.77129 7.88343e-17)
(25.1884 5.74578 2.17863e-16)
(25.2381 5.72062 -2.10631e-16)
(25.2948 5.69609 6.1869e-17)
(25.3577 5.67366 5.69904e-17)
(25.4247 5.65494 -5.7701e-17)
(25.4948 5.64083 -2.49442e-17)
(25.5681 5.63195 2.30508e-17)
(25.6445 5.62902 -9.49367e-18)
(25.7235 5.63285 1.84288e-17)
(25.8048 5.64432 1.16196e-17)
(25.8878 5.6644 -2.57632e-17)
(25.9717 5.69415 -1.84462e-17)
(26.0552 5.73468 -1.29319e-17)
(26.1372 5.78719 2.15148e-18)
(26.2157 5.85302 -1.33508e-17)
(26.2886 5.93326 0)
(26.3519 6.02984 -2.06242e-16)
(26.4012 6.13491 2.21156e-16)
(24.8518 7.47841 -3.94809e-17)
(24.906 7.56152 -3.60737e-17)
(24.974 7.6488 2.23781e-16)
(25.0509 7.73276 0)
(25.1308 7.80653 1.43058e-16)
(25.2194 7.87579 -9.60706e-17)
(25.3125 7.93739 2.69877e-16)
(25.407 7.98984 0)
(25.5039 8.03453 -8.56805e-18)
(25.6012 8.07125 1.08186e-16)
(25.6983 8.10047 -2.07628e-16)
(25.7957 8.1229 -3.18743e-16)
(25.8931 8.13886 4.56083e-16)
(25.9907 8.14868 2.04933e-17)
(26.0891 8.15253 6.86598e-16)
(26.1882 8.1504 -3.68851e-17)
(26.2884 8.14222 -4.08171e-17)
(26.3897 8.12777 2.9174e-16)
(26.4919 8.10684 2.34809e-17)
(26.5945 8.07927 -6.70711e-16)
(26.6967 8.04504 1.96863e-17)
(26.7972 8.00447 0)
(26.8941 7.95831 1.99738e-16)
(26.9854 7.90794 1.04097e-16)
(27.0707 7.85397 5.35191e-17)
(27.153 7.79457 -1.08199e-16)
(27.2344 7.72741 0)
(27.315 7.65131 -2.89467e-17)
(27.394 7.56532 5.87824e-17)
(27.4705 7.46825 0)
(27.5431 7.35887 1.11281e-16)
(27.6102 7.23581 2.39185e-16)
(27.6694 7.09759 -2.37437e-16)
(27.7177 6.94265 -8.99095e-16)
(27.7513 6.76928 -4.53558e-16)
(27.7642 6.57601 0)
(27.7501 6.36139 4.31773e-16)
(27.6954 6.12701 -7.02529e-16)
(27.5989 5.88465 6.96496e-16)
(24.8053 7.39378 -1.03715e-16)
(24.7658 7.30752 3.05559e-16)
(24.729 7.20497 0)
(24.6966 7.08688 -7.7737e-16)
(24.6763 6.96496 -7.54579e-16)
(24.6687 6.83498 -1.89886e-15)
(24.6746 6.70033 3.69959e-16)
(24.6937 6.57136 4.91815e-16)
(24.723 6.45437 -1.32321e-15)
(24.7604 6.34948 -1.38386e-15)
(24.8025 6.25798 -4.99718e-16)
(24.8456 6.18104 0)
(24.8884 6.11645 2.75334e-16)
(24.9296 6.06204 -5.92086e-16)
(24.9687 6.01638 -2.89822e-16)
(25.0058 5.97742 3.0572e-16)
(25.0414 5.94357 -3.04964e-16)
(25.076 5.91366 7.27428e-17)
(25.1105 5.88657 -2.89492e-16)
(25.1458 5.86137 -6.5198e-17)
(25.1831 5.83741 2.79632e-16)
(25.2238 5.81413 1.28558e-16)
(25.2696 5.79116 -1.26188e-16)
(25.3219 5.76874 0)
(25.3799 5.74822 -5.26497e-17)
(25.4414 5.73109 -4.8246e-17)
(25.5058 5.71815 7.21533e-17)
(25.5729 5.70994 -1.07438e-17)
(25.6427 5.70707 0)
(25.7149 5.71026 -8.09004e-18)
(25.7891 5.72028 4.13761e-17)
(25.8648 5.73798 -4.41323e-17)
(25.9412 5.76428 1.3468e-17)
(26.0175 5.80018 -6.30441e-18)
(26.0926 5.84676 2.55653e-17)
(26.1647 5.90524 2.20444e-17)
(26.2322 5.97669 -9.37093e-18)
(26.2915 6.06299 -3.23234e-17)
(26.3387 6.15691 -9.45451e-17)
(24.9093 7.44306 3.73651e-17)
(24.961 7.52147 -1.24301e-16)
(25.026 7.60369 -8.8152e-17)
(25.0995 7.68261 9.59798e-17)
(25.1758 7.75175 -1.82846e-17)
(25.2604 7.81645 0)
(25.3492 7.87374 0)
(25.4394 7.92224 1.20976e-17)
(25.5317 7.96323 -1.25776e-17)
(25.6244 7.99658 -2.04761e-16)
(25.7168 8.02272 1.96601e-16)
(25.8094 8.04234 4.36012e-16)
(25.9019 8.05575 -2.02093e-16)
(25.9945 8.06326 -5.34303e-16)
(26.0876 8.06503 -3.66088e-16)
(26.1814 8.06106 7.28247e-16)
(26.276 8.05128 -4.14275e-16)
(26.3714 8.0355 4.99514e-16)
(26.4674 8.01354 5.70446e-16)
(26.5637 7.98526 9.27909e-16)
(26.6593 7.95069 3.13453e-16)
(26.753 7.91019 6.52007e-16)
(26.843 7.86457 0)
(26.9274 7.81524 -4.85814e-18)
(27.0059 7.76286 9.19462e-17)
(27.0811 7.70565 0)
(27.1553 7.6414 0)
(27.2283 7.56906 2.42359e-17)
(27.2995 7.48782 -5.38481e-17)
(27.368 7.39666 -9.69274e-17)
(27.4326 7.29455 9.1754e-17)
(27.4916 7.18035 0)
(27.5432 7.05283 1.96275e-16)
(27.5846 6.91072 8.01948e-16)
(27.6123 6.75263 -1.92334e-16)
(27.6212 6.5773 1.8677e-16)
(27.6058 6.38362 0)
(27.5544 6.17286 -2.97804e-16)
(27.4667 5.95611 2.97373e-16)
(24.8649 7.36314 -1.95544e-16)
(24.8272 7.28162 8.0056e-17)
(24.792 7.18463 -6.48203e-16)
(24.761 7.07291 7.32923e-16)
(24.7418 6.95754 1.06417e-15)
(24.7345 6.83456 -3.24253e-16)
(24.7401 6.70719 -3.37203e-16)
(24.7581 6.58531 1.84084e-15)
(24.786 6.47491 -3.85132e-16)
(24.8216 6.37609 1.25671e-15)
(24.8616 6.29009 0)
(24.9027 6.21794 9.33655e-16)
(24.9432 6.15754 -9.8924e-16)
(24.9823 6.10683 0)
(25.0192 6.06439 2.7464e-16)
(25.0541 6.02831 7.65152e-18)
(25.0874 5.99707 -3.98294e-16)
(25.1198 5.96956 7.17439e-17)
(25.1519 5.94472 -3.23972e-16)
(25.1846 5.92168 -5.51262e-17)
(25.2192 5.8998 -5.23164e-17)
(25.2567 5.87857 2.4041e-16)
(25.2989 5.85761 0)
(25.3471 5.83714 1.51602e-16)
(25.4004 5.8184 -5.06287e-17)
(25.457 5.80274 0)
(25.516 5.79089 -2.01507e-17)
(25.5774 5.78331 2.02382e-17)
(25.6411 5.78054 0)
(25.7069 5.78319 2.27271e-17)
(25.7745 5.79193 -6.02621e-17)
(25.8434 5.80749 1.08701e-16)
(25.913 5.83069 8.74447e-18)
(25.9825 5.8624 -4.88211e-17)
(26.051 5.90359 -1.00433e-17)
(26.1172 5.95539 0)
(26.1795 6.01879 1.4072e-17)
(26.2349 6.09564 -1.41284e-17)
(26.2798 6.17929 0)
(24.9634 7.40927 -1.70288e-17)
(25.0128 7.48317 1.17482e-16)
(25.0748 7.56054 0)
(25.1449 7.63464 0)
(25.2177 7.69937 -2.57102e-16)
(25.2984 7.75973 1.76209e-16)
(25.383 7.81291 4.33441e-17)
(25.4689 7.85765 -9.61779e-17)
(25.5569 7.89515 0)
(25.645 7.92532 9.69013e-17)
(25.7328 7.94857 0)
(25.8208 7.96556 -2.7221e-16)
(25.9084 7.9766 0)
(25.9961 7.98197 -2.24127e-16)
(26.0842 7.98184 0)
(26.1728 7.97621 -1.67126e-17)
(26.2619 7.96501 0)
(26.3517 7.94808 1.04413e-17)
(26.4418 7.92526 -1.56731e-15)
(26.532 7.89645 -2.90748e-16)
(26.6213 7.8617 1.60572e-18)
(26.7084 7.82145 -6.04051e-16)
(26.7919 7.77651 -3.1279e-16)
(26.8697 7.72836 -8.74671e-17)
(26.9417 7.67766 8.24279e-17)
(27.0103 7.62272 0)
(27.0777 7.56141 0)
(27.1437 7.49282 -6.86238e-17)
(27.2076 7.41627 4.14043e-17)
(27.2687 7.33089 1.90006e-16)
(27.3259 7.23582 -1.98877e-16)
(27.3778 7.13014 5.20005e-18)
(27.4225 7.01284 -1.88986e-16)
(27.4577 6.88287 -1.9384e-16)
(27.4804 6.73911 -5.04972e-16)
(27.4861 6.5805 0)
(27.4701 6.4061 0)
(27.4221 6.21694 5.32551e-16)
(27.3428 6.02332 4.87884e-16)
(24.921 7.33385 -1.47532e-16)
(24.885 7.25687 -1.72498e-16)
(24.8514 7.16519 4.58278e-16)
(24.8218 7.05957 7.73928e-16)
(24.8036 6.95046 3.14907e-16)
(24.7966 6.83417 8.62458e-16)
(24.8018 6.71374 -1.16713e-15)
(24.8188 6.59861 1.25513e-15)
(24.8453 6.49448 1.34762e-15)
(24.879 6.40145 -1.07858e-15)
(24.9171 6.32065 1.17262e-15)
(24.9561 6.25304 -2.38262e-17)
(24.9945 6.19659 4.59542e-16)
(25.0315 6.14933 2.26228e-16)
(25.0662 6.10992 0)
(25.099 6.07652 6.80747e-18)
(25.1303 6.04769 1.24743e-16)
(25.1604 6.0224 -1.13622e-16)
(25.1903 5.99963 6.69595e-17)
(25.2206 5.97856 2.92872e-16)
(25.2525 5.9586 2.76198e-16)
(25.2871 5.93924 -2.16341e-16)
(25.326 5.92013 0)
(25.3703 5.90145 -4.81718e-17)
(25.4194 5.88434 0)
(25.4713 5.87004 0)
(25.5253 5.8592 0)
(25.5814 5.85222 -8.65409e-18)
(25.6395 5.84956 8.48566e-18)
(25.6994 5.85173 -3.49921e-17)
(25.7609 5.85933 -9.17778e-18)
(25.8235 5.87299 -3.86508e-17)
(25.8867 5.8934 3.27799e-17)
(25.9499 5.92133 0)
(26.0123 5.95765 1.00013e-17)
(26.0729 6.00337 -1.08993e-17)
(26.1303 6.05945 8.76006e-19)
(26.1819 6.12766 4.13904e-17)
(26.2245 6.2019 1.2107e-16)
(25.0142 7.37695 2.80663e-17)
(25.0614 7.44655 7.21463e-17)
(25.1205 7.51929 -6.98094e-17)
(25.1873 7.58879 -4.9234e-17)
(25.2566 7.64931 1.24058e-16)
(25.3335 7.70552 -1.66663e-16)
(25.4141 7.7548 0)
(25.4958 7.79598 4.22553e-17)
(25.5794 7.83019 3.34902e-17)
(25.6632 7.85737 -5.53952e-17)
(25.7465 7.87791 3.48801e-17)
(25.8299 7.89245 3.55909e-17)
(25.9129 7.90129 1.74496e-16)
(25.9959 7.9047 3.91548e-16)
(26.0791 7.90284 -1.28566e-17)
(26.1626 7.89573 -3.11333e-16)
(26.2465 7.88329 3.46954e-16)
(26.3307 7.86539 -4.33565e-16)
(26.4152 7.84189 1.1901e-15)
(26.4995 7.81271 -2.43684e-16)
(26.5827 7.77797 -2.71467e-16)
(26.6636 7.73812 2.62385e-16)
(26.7408 7.69402 1.44874e-16)
(26.8124 7.64717 2.16295e-16)
(26.8783 7.59824 -7.28966e-17)
(26.9408 7.54561 3.73024e-17)
(27.0018 7.48728 4.80247e-19)
(27.0613 7.42242 3.06315e-17)
(27.1185 7.35047 -5.7913e-20)
(27.1729 7.27071 -2.44748e-16)
(27.2234 7.18245 -8.25549e-18)
(27.2688 7.08491 6.16184e-18)
(27.3074 6.97731 5.43944e-18)
(27.3372 6.85877 3.03893e-16)
(27.3556 6.72837 3.19934e-16)
(27.3587 6.58523 -2.80555e-16)
(27.3425 6.42853 -2.58344e-16)
(27.2981 6.25904 -7.68504e-16)
(27.2267 6.0863 -4.72171e-16)
(24.9739 7.30584 -6.26814e-17)
(24.9395 7.23322 3.64189e-16)
(24.9075 7.14661 -1.37058e-16)
(24.8792 7.04684 1.06763e-16)
(24.8619 6.9437 -2.81466e-16)
(24.8552 6.83379 -8.2854e-16)
(24.8599 6.71997 1.10195e-15)
(24.8759 6.61128 2.25194e-16)
(24.9009 6.51311 -1.58254e-15)
(24.9329 6.42556 6.75585e-16)
(24.9691 6.34969 -1.42258e-15)
(25.0061 6.28637 -7.68639e-16)
(25.0424 6.23365 7.98021e-16)
(25.0773 6.18963 -6.3504e-16)
(25.11 6.15303 2.08321e-16)
(25.1408 6.12211 -1.0234e-16)
(25.17 6.09553 2.19754e-16)
(25.1981 6.07227 0)
(25.2258 6.0514 0)
(25.2539 6.03215 -2.54735e-16)
(25.2833 6.01393 2.03235e-16)
(25.3152 5.99629 -4.66862e-17)
(25.3509 5.97886 0)
(25.3917 5.96181 0)
(25.4368 5.94619 0)
(25.4843 5.93314 -7.29537e-17)
(25.5337 5.92323 3.63737e-17)
(25.5849 5.9168 8.2262e-18)
(25.6378 5.91425 -7.87077e-18)
(25.6923 5.91602 6.97157e-18)
(25.7481 5.9226 0)
(25.8049 5.93455 -1.59846e-17)
(25.8622 5.95245 3.63811e-17)
(25.9196 5.97699 0)
(25.9764 6.00892 0)
(26.0316 6.04916 -1.52174e-17)
(26.0844 6.0986 7.25569e-20)
(26.1324 6.15894 2.67265e-18)
(26.1727 6.2246 -4.33627e-17)
(25.0621 7.34606 2.50717e-17)
(25.1069 7.41155 -1.17614e-16)
(25.1632 7.47986 0)
(25.2268 7.54496 -2.40843e-16)
(25.2928 7.60148 -8.47586e-17)
(25.3659 7.65375 1.41408e-16)
(25.4425 7.69933 -9.27041e-17)
(25.5201 7.73714 3.78976e-17)
(25.5995 7.76825 4.63357e-17)
(25.679 7.79261 3.108e-17)
(25.758 7.81063 0)
(25.8369 7.8229 0)
(25.9155 7.82972 -5.92549e-16)
(25.9938 7.83135 -3.8387e-16)
(26.0722 7.82794 -4.56432e-16)
(26.1508 7.81951 2.55253e-16)
(26.2297 7.806 -3.28789e-16)
(26.3087 7.7873 3.59867e-16)
(26.3877 7.76328 0)
(26.4663 7.73392 -2.36589e-16)
(26.5437 7.69934 4.54732e-16)
(26.6188 7.66005 2.35184e-16)
(26.69 7.61694 1.21423e-16)
(26.7558 7.57149 -2.67262e-16)
(26.8159 7.52441 2.01187e-16)
(26.8727 7.47415 -2.41421e-18)
(26.9278 7.4188 8.64356e-18)
(26.9812 7.35762 -2.72058e-17)
(27.0324 7.29018 3.54186e-17)
(27.0807 7.21587 2.15449e-16)
(27.1251 7.13413 -2.83092e-16)
(27.1646 7.04435 0)
(27.1979 6.94589 1.49043e-16)
(27.223 6.83804 -2.92491e-16)
(27.2378 6.72007 -2.68657e-16)
(27.2389 6.59118 5.32165e-16)
(27.223 6.45066 5.05503e-16)
(27.1821 6.29904 0)
(27.1181 6.14513 1.96293e-16)
(25.0236 7.27907 6.95277e-17)
(24.9909 7.2106 -4.78877e-16)
(24.9604 7.12885 1.14093e-16)
(24.9333 7.03466 4.67291e-16)
(24.9168 6.93723 0)
(24.9103 6.8334 9.21449e-16)
(24.9146 6.72588 1.8674e-15)
(24.9295 6.62332 -1.06051e-15)
(24.9531 6.53081 0)
(24.9835 6.44847 -1.14448e-15)
(25.0178 6.37727 9.68482e-16)
(25.0528 6.31799 -3.44245e-16)
(25.0871 6.26875 3.48458e-16)
(25.12 6.22776 3.68205e-16)
(25.1507 6.19378 -5.8524e-16)
(25.1795 6.16518 -3.83574e-16)
(25.2068 6.14065 8.74726e-16)
(25.2329 6.11927 -3.9223e-16)
(25.2586 6.10014 0)
(25.2846 6.08253 9.33503e-17)
(25.3117 6.06591 0)
(25.3409 6.04982 4.4348e-17)
(25.3738 6.03393 -7.95986e-17)
(25.4112 6.01837 0)
(25.4525 6.00411 7.01227e-17)
(25.4961 5.9922 -3.55402e-17)
(25.5412 5.98313 0)
(25.5878 5.97721 1.43191e-17)
(25.636 5.97477 -7.09467e-18)
(25.6854 5.97617 2.29244e-17)
(25.736 5.98186 -1.63656e-18)
(25.7875 5.99227 1.85433e-17)
(25.8394 6.00794 -2.80163e-18)
(25.8914 6.02943 -3.16922e-17)
(25.9429 6.05741 1.61712e-17)
(25.9932 6.09273 3.56114e-18)
(26.0416 6.13617 2.40314e-17)
(26.0861 6.18937 -3.28051e-17)
(26.1241 6.24725 -6.773e-18)
(25.107 7.31653 2.24091e-17)
(25.1496 7.37809 -1.00505e-16)
(25.2032 7.44217 0)
(25.2636 7.5031 3.27033e-16)
(25.3263 7.55579 -9.82552e-17)
(25.3957 7.60433 2.44075e-16)
(25.4685 7.64641 0)
(25.5421 7.68104 0)
(25.6174 7.70923 0)
(25.6926 7.73096 0)
(25.7674 7.74664 0)
(25.842 7.75681 0)
(25.9162 7.76177 2.74127e-16)
(25.99 7.76179 3.28408e-16)
(26.0639 7.75699 6.42833e-16)
(26.1378 7.74741 3.05429e-17)
(26.2117 7.73301 -2.93893e-16)
(26.2857 7.71367 -2.63171e-17)
(26.3595 7.68931 7.62555e-16)
(26.4327 7.65992 3.67978e-18)
(26.5046 7.62567 -2.17148e-16)
(26.574 7.58708 -2.10965e-16)
(26.6396 7.54507 -5.56102e-16)
(26.6999 7.50113 2.31347e-16)
(26.7547 7.45598 -1.17224e-16)
(26.8061 7.40811 -3.17001e-17)
(26.8558 7.35572 -1.59352e-17)
(26.9038 7.29818 7.76389e-18)
(26.9493 7.23512 6.42799e-17)
(26.9921 7.16606 -1.91759e-16)
(27.0311 7.09056 2.57177e-16)
(27.0654 7.00812 -1.22822e-16)
(27.094 6.91824 2.42751e-16)
(27.1151 6.82037 2.46347e-16)
(27.1268 6.71386 -1.09579e-17)
(27.1265 6.59805 0)
(27.1111 6.47227 0)
(27.0738 6.33684 -1.85875e-16)
(27.0165 6.19987 -1.72184e-17)
(25.0703 7.25348 1.60813e-16)
(25.0392 7.18898 5.78337e-17)
(25.0101 7.11185 0)
(24.9843 7.02302 -9.34242e-16)
(24.9687 6.93102 2.25122e-16)
(24.9623 6.83298 -1.50599e-15)
(24.9659 6.73146 -1.34075e-15)
(24.9798 6.63473 -1.79824e-15)
(25.0021 6.54761 9.65776e-16)
(25.0309 6.4702 5.73883e-17)
(25.0633 6.4034 0)
(25.0964 6.34792 0)
(25.1288 6.30196 -1.34263e-17)
(25.1596 6.26379 -3.42372e-16)
(25.1884 6.23225 3.47845e-16)
(25.2153 6.20577 0)
(25.2407 6.18314 -9.01151e-17)
(25.265 6.16348 0)
(25.2887 6.14594 8.37229e-17)
(25.3126 6.12983 -1.26853e-16)
(25.3376 6.11466 1.64774e-16)
(25.3644 6.09998 -7.59784e-17)
(25.3946 6.08549 7.56155e-17)
(25.4289 6.07128 -6.77163e-17)
(25.4667 6.05825 6.36443e-17)
(25.5065 6.04737 -6.39596e-17)
(25.5477 6.03907 -1.4274e-17)
(25.5901 6.03361 -4.12222e-19)
(25.6339 6.03127 -8.05276e-18)
(25.6787 6.03236 1.11829e-17)
(25.7246 6.03723 -2.03471e-17)
(25.7711 6.04629 0)
(25.818 6.05995 0)
(25.8651 6.07872 2.38278e-17)
(25.9118 6.10318 -6.73801e-17)
(25.9576 6.13406 3.18835e-17)
(26.0018 6.17213 -1.91968e-17)
(26.043 6.2189 5.22927e-18)
(26.0787 6.26974 -3.53908e-17)
(25.1491 7.28832 0)
(25.1896 7.34613 1.45339e-18)
(25.2405 7.40618 -1.58002e-16)
(25.2978 7.46311 -1.72118e-16)
(25.3573 7.51218 -2.13912e-16)
(25.4231 7.55717 -1.41059e-17)
(25.492 7.59594 0)
(25.5618 7.62758 0)
(25.633 7.65303 -4.40017e-17)
(25.7042 7.67232 4.63502e-17)
(25.7748 7.68581 2.42178e-16)
(25.8453 7.69405 0)
(25.9152 7.69733 2.3429e-16)
(25.9847 7.6959 -3.1127e-16)
(26.0541 7.68988 -3.583e-16)
(26.1234 7.67932 0)
(26.1927 7.66417 -7.60526e-16)
(26.2618 7.64436 -3.09e-16)
(26.3307 7.61981 -3.76906e-16)
(26.3987 7.59055 -4.03955e-16)
(26.4653 7.55676 3.62189e-16)
(26.5294 7.51901 1.30398e-17)
(26.5898 7.47823 2.95455e-16)
(26.6449 7.43588 -1.04945e-16)
(26.6948 7.3927 1.04168e-16)
(26.7413 7.34724 1.35016e-18)
(26.786 7.29779 -2.04771e-17)
(26.8289 7.2438 -6.98401e-17)
(26.8695 7.185 5.56699e-17)
(26.9072 7.12097 1.73064e-16)
(26.9414 7.05139 -1.16938e-16)
(26.9712 6.97588 1.13925e-16)
(26.9956 6.89402 -2.33085e-16)
(27.0133 6.80539 -2.09741e-16)
(27.0226 6.70944 -2.21572e-16)
(27.0211 6.60558 1.9857e-16)
(27.0064 6.49318 -1.92632e-16)
(26.9726 6.37237 3.28784e-16)
(26.9217 6.25061 3.06206e-16)
(25.1143 7.22902 -5.30756e-18)
(25.0847 7.16832 1.10874e-16)
(25.057 7.0956 -8.31598e-16)
(25.0323 7.01189 0)
(25.0175 6.92506 -4.0293e-16)
(25.0112 6.83254 3.71107e-16)
(25.0142 6.73672 1.49644e-15)
(25.0271 6.64553 2.11245e-15)
(25.0481 6.56351 -9.15217e-16)
(25.0753 6.49077 9.62851e-16)
(25.1059 6.42813 -5.13747e-16)
(25.1371 6.37621 0)
(25.1675 6.3333 0)
(25.1964 6.29776 -3.0859e-16)
(25.2232 6.26847 -1.50485e-16)
(25.2483 6.24395 1.52562e-16)
(25.2719 6.22307 -7.67286e-17)
(25.2943 6.20498 7.64092e-17)
(25.3162 6.18888 -7.9477e-17)
(25.3382 6.17415 -1.51414e-16)
(25.3611 6.16028 1.44416e-16)
(25.3857 6.14689 -7.06067e-17)
(25.4133 6.13366 0)
(25.4447 6.12068 -5.80665e-17)
(25.4793 6.10877 6.434e-17)
(25.5157 6.09882 5.81094e-17)
(25.5532 6.09122 -1.20756e-17)
(25.5918 6.08618 3.18727e-17)
(25.6315 6.08393 2.87315e-18)
(25.6721 6.08474 -2.48444e-19)
(25.7136 6.08889 0)
(25.7556 6.09673 3.34594e-17)
(25.7981 6.10861 0)
(25.8406 6.12495 6.83115e-17)
(25.8828 6.14626 -3.76464e-17)
(25.9244 6.17321 3.47034e-18)
(25.9649 6.20645 2.07673e-17)
(26.0029 6.24744 2.19449e-17)
(26.0363 6.29197 4.31783e-18)
(25.1886 7.26136 0)
(25.227 7.31559 -5.37451e-17)
(25.2752 7.3718 2.42405e-16)
(25.3295 7.42494 1.00395e-17)
(25.3858 7.47057 4.04521e-16)
(25.4481 7.5122 -5.17005e-16)
(25.5133 7.54784 -8.06963e-17)
(25.5793 7.57667 -4.76008e-17)
(25.6466 7.59956 -7.35617e-17)
(25.7138 7.61656 4.24052e-17)
(25.7804 7.62805 -2.29454e-16)
(25.8468 7.63452 3.16352e-16)
(25.9126 7.63628 -2.22058e-16)
(25.978 7.63355 0)
(26.0431 7.62647 6.92504e-16)
(26.108 7.61508 -7.81538e-16)
(26.1728 7.59934 9.02656e-16)
(26.2373 7.57921 0)
(26.3013 7.55462 -2.15271e-17)
(26.3645 7.52562 3.12594e-16)
(26.4262 7.49244 -3.44234e-16)
(26.4853 7.45565 8.53061e-16)
(26.5406 7.41618 -1.84807e-16)
(26.591 7.37551 -8.81104e-17)
(26.6363 7.33433 -9.55205e-17)
(26.6783 7.29128 1.4248e-16)
(26.7185 7.24473 -6.33295e-18)
(26.7568 7.1942 3.65637e-17)
(26.7928 7.13949 -1.481e-16)
(26.826 7.08027 5.10193e-17)
(26.856 7.01629 0)
(26.8818 6.94727 9.51244e-17)
(26.9026 6.87288 -3.92266e-16)
(26.9174 6.79278 1.84239e-17)
(26.9247 6.70651 1.82087e-16)
(26.9225 6.61353 1.80172e-16)
(26.9088 6.51323 -3.19733e-16)
(26.8782 6.4056 -3.16856e-16)
(26.8332 6.29749 -2.95649e-16)
(25.1555 7.20565 -9.48422e-17)
(25.1274 7.14858 9.27369e-17)
(25.1011 7.08006 6.99398e-16)
(25.0775 7.00124 1.86377e-16)
(25.0635 6.91933 -5.33288e-16)
(25.0572 6.83205 -1.33349e-15)
(25.0596 6.74164 2.65826e-16)
(25.0715 6.65572 0)
(25.0913 6.57855 0)
(25.1169 6.51021 8.22871e-16)
(25.1457 6.45147 -4.39051e-16)
(25.1749 6.4029 -4.95772e-16)
(25.2033 6.36283 5.09265e-16)
(25.2302 6.32972 -8.10171e-16)
(25.2552 6.30251 1.49043e-16)
(25.2785 6.2798 4.17753e-16)
(25.3003 6.26051 -2.13433e-16)
(25.321 6.24385 -7.25125e-17)
(25.3411 6.22907 -2.75216e-16)
(25.3614 6.21558 6.14977e-16)
(25.3823 6.20291 -2.0344e-16)
(25.4049 6.19068 1.24958e-16)
(25.4301 6.17859 -1.2268e-16)
(25.4588 6.16673 1.1101e-16)
(25.4904 6.15584 -5.36057e-18)
(25.5236 6.14673 -5.28402e-17)
(25.5577 6.13976 -2.38285e-17)
(25.5928 6.1351 -3.16017e-19)
(25.6288 6.13293 -1.70062e-17)
(25.6656 6.13349 3.32732e-19)
(25.7031 6.13701 0)
(25.7411 6.14376 -1.59791e-17)
(25.7794 6.15405 2.58551e-17)
(25.8177 6.16824 -4.93924e-17)
(25.856 6.18676 -2.89192e-18)
(25.8937 6.21019 -6.27891e-18)
(25.9306 6.23915 -1.97513e-17)
(25.9657 6.27497 -2.08679e-17)
(25.9968 6.31384 -4.10538e-18)
(25.2255 7.23561 -1.6504e-17)
(25.2619 7.28643 1.19741e-16)
(25.3075 7.33898 -9.59238e-18)
(25.3589 7.38852 1.62115e-16)
(25.4121 7.43088 -2.4067e-16)
(25.471 7.46933 1.82791e-16)
(25.5325 7.50202 1.1731e-16)
(25.5948 7.52821 -2.10947e-18)
(25.6583 7.54871 4.00062e-17)
(25.7216 7.56359 7.395e-17)
(25.7843 7.57323 -7.4895e-17)
(25.8468 7.5781 -4.25378e-16)
(25.9085 7.57849 3.74965e-16)
(25.9699 7.57462 0)
(26.0309 7.56663 -2.85206e-16)
(26.0916 7.55455 3.37762e-16)
(26.1521 7.53837 -4.26923e-16)
(26.2122 7.51805 -7.12176e-18)
(26.2717 7.49356 -8.09831e-16)
(26.3302 7.46495 2.78159e-16)
(26.3872 7.43249 0)
(26.4416 7.39676 -1.6895e-18)
(26.4923 7.3587 -3.15212e-16)
(26.5382 7.31975 8.39305e-17)
(26.5793 7.28059 4.0061e-17)
(26.6172 7.23993 -2.20481e-17)
(26.6532 7.19622 0)
(26.6874 7.14904 -2.26557e-17)
(26.7194 7.09825 8.78191e-17)
(26.7486 7.04361 4.59325e-17)
(26.7748 6.98491 -1.76411e-16)
(26.7971 6.92195 1.7429e-16)
(26.815 6.85448 -6.5997e-18)
(26.8273 6.78222 3.46959e-16)
(26.833 6.70479 -9.62668e-18)
(26.8304 6.62167 -1.58562e-16)
(26.8176 6.5323 5.94276e-16)
(26.7903 6.43652 -1.75247e-17)
(26.7506 6.34063 -5.00833e-16)
(25.1942 7.18332 -4.18222e-18)
(25.1675 7.1297 0)
(25.1426 7.06518 0)
(25.1201 6.99105 0)
(25.1068 6.9138 0)
(25.1004 6.83151 1.2495e-15)
(25.1022 6.74625 -1.57688e-15)
(25.1131 6.66534 6.61365e-16)
(25.1317 6.59273 -1.85256e-18)
(25.1558 6.52854 -7.95639e-16)
(25.1828 6.47346 1.25636e-15)
(25.21 6.42799 4.3545e-16)
(25.2363 6.39056 -4.67937e-16)
(25.2614 6.35971 -4.77721e-16)
(25.2845 6.33441 7.50433e-16)
(25.306 6.31336 -2.55811e-16)
(25.3261 6.29553 1.27638e-16)
(25.3452 6.28019 -2.56889e-16)
(25.3637 6.26662 6.12881e-17)
(25.3822 6.25425 -2.42965e-16)
(25.4014 6.24266 3.58052e-16)
(25.422 6.23149 -2.33103e-16)
(25.445 6.22044 0)
(25.4713 6.20959 -1.00782e-16)
(25.5001 6.19962 5.03687e-17)
(25.5303 6.19128 -2.29558e-17)
(25.5614 6.18488 -2.06527e-17)
(25.5932 6.18056 3.69441e-17)
(25.6259 6.17847 -5.07184e-18)
(25.6592 6.1788 2.62706e-17)
(25.693 6.18176 -1.74097e-17)
(25.7273 6.18755 -1.50572e-17)
(25.7619 6.19643 -2.67946e-17)
(25.7965 6.20871 -6.6577e-17)
(25.831 6.22475 4.7623e-17)
(25.8652 6.24507 6.9277e-17)
(25.8989 6.27022 5.23646e-17)
(25.9311 6.30143 -2.67195e-17)
(25.9601 6.33527 2.72831e-17)
(25.2601 7.21101 8.10323e-19)
(25.2945 7.25859 1.54507e-16)
(25.3376 7.30765 -4.73992e-17)
(25.3861 7.35376 -2.03812e-16)
(25.4362 7.39303 6.63894e-16)
(25.4917 7.42847 -9.48227e-17)
(25.5497 7.4584 0)
(25.6083 7.48211 3.68898e-17)
(25.6681 7.50039 6.05038e-17)
(25.7276 7.51332 -2.06571e-16)
(25.7866 7.52126 -9.64285e-17)
(25.8452 7.52467 1.12122e-16)
(25.9031 7.52384 -3.55442e-16)
(25.9605 7.51897 6.52023e-16)
(26.0176 7.5102 5.35293e-17)
(26.0743 7.49758 -1.239e-15)
(26.1307 7.48109 3.41452e-16)
(26.1865 7.46071 8.61502e-16)
(26.2418 7.43644 -6.63456e-16)
(26.2959 7.40835 -2.65012e-16)
(26.3485 7.37671 2.54241e-16)
(26.3985 7.34213 3.98045e-16)
(26.4449 7.30554 6.2259e-18)
(26.4867 7.26834 7.39801e-17)
(26.5239 7.23121 -1.82438e-16)
(26.558 7.19289 -3.78024e-17)
(26.5903 7.15195 3.27977e-17)
(26.6208 7.10801 1.83774e-17)
(26.6491 7.06097 -1.17776e-16)
(26.6749 7.01064 7.67339e-17)
(26.6978 6.9569 -8.07279e-17)
(26.7171 6.89958 1.53092e-16)
(26.7323 6.8385 -3.04093e-16)
(26.7427 6.77342 0)
(26.7471 6.70402 2.84819e-16)
(26.7443 6.62984 -7.96624e-18)
(26.7326 6.5503 -2.63234e-16)
(26.7083 6.46514 -2.27026e-16)
(26.6736 6.38017 8.87749e-16)
(25.2305 7.16198 -7.17468e-17)
(25.2052 7.11167 0)
(25.1816 7.05095 0)
(25.1601 6.9813 -2.99137e-16)
(25.1476 6.90847 2.77022e-16)
(25.141 6.83092 -1.0626e-15)
(25.1421 6.75054 1.07754e-15)
(25.1522 6.67438 -2.97345e-16)
(25.1697 6.60609 3.19784e-16)
(25.1922 6.54578 -3.61645e-16)
(25.2172 6.49412 7.10997e-16)
(25.2423 6.45154 -3.99533e-16)
(25.2667 6.41655 -5.0323e-18)
(25.2898 6.38778 4.39577e-16)
(25.3111 6.36424 0)
(25.331 6.34472 0)
(25.3495 6.32824 1.17968e-16)
(25.367 6.31409 0)
(25.3839 6.30162 -5.81797e-17)
(25.4009 6.29029 2.19564e-16)
(25.4184 6.27968 -1.10531e-16)
(25.4372 6.26946 5.08341e-17)
(25.4582 6.25936 0)
(25.4822 6.24942 -4.57557e-17)
(25.5085 6.24029 9.14354e-17)
(25.536 6.23264 6.33653e-17)
(25.5642 6.22675 -2.10743e-17)
(25.5931 6.22274 -9.77411e-18)
(25.6227 6.22073 -1.11206e-18)
(25.6528 6.22086 7.62682e-18)
(25.6834 6.22331 -1.62229e-17)
(25.7143 6.22825 -2.82485e-17)
(25.7454 6.23588 5.10554e-17)
(25.7766 6.24647 2.95863e-18)
(25.8078 6.26032 4.3882e-17)
(25.8387 6.27789 2.19569e-18)
(25.8693 6.29967 5.73246e-18)
(25.899 6.32679 -4.28978e-17)
(25.926 6.35616 0)
(25.2925 7.18752 7.16569e-19)
(25.3249 7.232 -1.0474e-16)
(25.3655 7.27776 -7.59807e-17)
(25.4111 7.32061 1.13381e-16)
(25.4583 7.35694 -3.16456e-16)
(25.5104 7.38956 1.38812e-16)
(25.565 7.41688 3.07642e-17)
(25.62 7.43828 -6.86862e-17)
(25.6761 7.45449 -2.58115e-17)
(25.732 7.46562 9.48762e-17)
(25.7873 7.47202 1.64891e-16)
(25.8422 7.47412 0)
(25.8964 7.4722 -1.68823e-16)
(25.9501 7.46647 -1.34762e-17)
(26.0034 7.45705 7.21831e-16)
(26.0562 7.44401 5.13003e-17)
(26.1087 7.42733 -3.02574e-16)
(26.1605 7.40702 3.54011e-16)
(26.2117 7.38307 8.64304e-16)
(26.2618 7.35559 -2.02978e-16)
(26.3102 7.32487 2.37963e-16)
(26.356 7.2915 -2.34973e-16)
(26.3985 7.25643 -2.38459e-16)
(26.4365 7.221 -1.25919e-16)
(26.4702 7.18589 6.20947e-17)
(26.5009 7.14988 0)
(26.5298 7.11161 4.33628e-18)
(26.557 7.07077 -1.41217e-18)
(26.5821 7.02729 6.79967e-17)
(26.6048 6.98103 -6.73274e-17)
(26.6248 6.93191 6.47547e-17)
(26.6415 6.87982 -2.68595e-16)
(26.6546 6.8246 2.72071e-16)
(26.6633 6.76609 0)
(26.6668 6.70398 1.20832e-16)
(26.6639 6.63785 0)
(26.6534 6.56714 0)
(26.6319 6.49149 -1.98453e-16)
(26.6016 6.41626 -2.05251e-16)
(25.2645 7.1416 -1.87181e-16)
(25.2406 7.09443 4.81073e-16)
(25.2183 7.03733 -5.95257e-16)
(25.1978 6.97196 0)
(25.1859 6.90331 -9.94586e-16)
(25.1791 6.83027 1.00444e-15)
(25.1795 6.75453 -1.01875e-15)
(25.1889 6.68287 0)
(25.2052 6.61862 1.11977e-15)
(25.226 6.56195 -1.18962e-15)
(25.249 6.51346 -6.79463e-16)
(25.2721 6.47356 3.51517e-16)
(25.2945 6.44083 -7.62517e-16)
(25.3157 6.41398 0)
(25.3353 6.39208 1.97194e-16)
(25.3535 6.37396 3.05793e-16)
(25.3705 6.35872 -5.19617e-16)
(25.3865 6.34568 2.04647e-16)
(25.4021 6.33421 -2.56902e-16)
(25.4176 6.32381 0)
(25.4336 6.3141 -5.01331e-17)
(25.4507 6.30476 -2.3402e-16)
(25.4699 6.29551 1.82377e-16)
(25.4917 6.2864 -1.26844e-16)
(25.5156 6.27803 8.31856e-17)
(25.5406 6.271 0)
(25.5663 6.26557 0)
(25.5925 6.26182 1.29721e-17)
(25.6192 6.25987 5.8306e-18)
(25.6464 6.25983 -1.58153e-17)
(25.674 6.26182 1.44006e-17)
(25.7018 6.266 5.34802e-17)
(25.7298 6.27254 -7.04942e-17)
(25.7579 6.28163 2.75315e-17)
(25.786 6.29355 3.39878e-18)
(25.814 6.3087 -3.22133e-17)
(25.8418 6.3275 -5.27962e-17)
(25.869 6.351 4.07813e-17)
(25.894 6.37643 3.72008e-17)
(25.3227 7.16509 2.45128e-17)
(25.3532 7.20663 -7.87829e-17)
(25.3913 7.24923 6.82392e-17)
(25.4341 7.289 2.2184e-16)
(25.4784 7.32256 7.68388e-17)
(25.5273 7.3525 -2.07936e-16)
(25.5784 7.37738 0)
(25.63 7.39663 4.26448e-18)
(25.6825 7.41092 -1.21113e-17)
(25.7348 7.4204 5.32653e-17)
(25.7866 7.42539 0)
(25.8379 7.42631 2.32574e-16)
(25.8886 7.42344 -5.41662e-16)
(25.9387 7.41697 3.10787e-16)
(25.9883 7.40703 -4.26e-16)
(26.0375 7.39368 2.51787e-16)
(26.0862 7.37693 0)
(26.1343 7.35678 -6.73011e-16)
(26.1816 7.33326 3.52384e-16)
(26.2278 7.30647 -1.79237e-16)
(26.2723 7.27673 -3.60148e-18)
(26.3144 7.24465 -2.03982e-16)
(26.3531 7.21112 -1.03324e-16)
(26.3877 7.17747 -5.46529e-17)
(26.4181 7.14434 -5.9364e-17)
(26.4458 7.11057 5.68699e-17)
(26.4717 7.07488 0)
(26.4959 7.037 -1.53762e-17)
(26.5181 6.99689 -2.83726e-17)
(26.5381 6.95445 1.19016e-16)
(26.5556 6.90963 -1.17935e-16)
(26.5702 6.86235 1.17453e-16)
(26.5814 6.81252 -3.4753e-16)
(26.5888 6.75998 -1.06322e-16)
(26.5916 6.70446 9.83299e-19)
(26.5889 6.64557 -2.07962e-16)
(26.5795 6.58277 2.026e-16)
(26.5607 6.51562 1.653e-17)
(26.5345 6.44907 0)
(25.2963 7.12213 2.2535e-16)
(25.2738 7.07796 -2.5621e-16)
(25.2527 7.02429 8.80467e-16)
(25.2331 6.96302 0)
(25.2219 6.89831 1.17331e-15)
(25.2148 6.82957 -1.92696e-15)
(25.2147 6.75821 4.47546e-16)
(25.2233 6.69082 2.51179e-18)
(25.2384 6.63034 -1.57494e-15)
(25.2574 6.57705 2.46644e-15)
(25.2783 6.53151 -2.99388e-16)
(25.2993 6.49409 0)
(25.3197 6.46346 0)
(25.3391 6.43838 -3.48286e-16)
(25.3571 6.418 1.80985e-16)
(25.3738 6.40119 6.42357e-16)
(25.3894 6.38708 -2.81755e-16)
(25.4041 6.37505 -9.13403e-17)
(25.4182 6.36451 -1.80985e-16)
(25.4324 6.35496 1.39328e-16)
(25.4469 6.34606 4.3344e-17)
(25.4625 6.3375 1.68592e-16)
(25.4799 6.32903 -1.65547e-16)
(25.4998 6.32067 0)
(25.5216 6.31296 0)
(25.5443 6.30649 -3.50018e-17)
(25.5675 6.30147 0)
(25.5912 6.29796 -8.26041e-18)
(25.6153 6.29606 -9.76296e-19)
(25.6398 6.29585 7.33836e-18)
(25.6646 6.29744 -2.30768e-19)
(25.6897 6.30094 -7.35781e-17)
(25.7148 6.3065 4.85002e-17)
(25.7401 6.31428 -8.40879e-17)
(25.7654 6.32451 7.08672e-17)
(25.7906 6.33752 -9.42827e-18)
(25.8159 6.35372 -6.82295e-17)
(25.8408 6.37402 -5.22468e-17)
(25.8639 6.39597 -6.97671e-17)
(25.3508 7.14367 -1.12989e-17)
(25.3794 7.1824 0)
(25.4151 7.22201 0)
(25.4552 7.25885 -1.01791e-17)
(25.4966 7.28979 -2.44998e-16)
(25.5423 7.31723 -1.15133e-16)
(25.5901 7.33981 4.88993e-17)
(25.6383 7.35706 0)
(25.6874 7.36958 -4.05828e-17)
(25.7362 7.37754 0)
(25.7845 7.38127 0)
(25.8324 7.38114 3.13811e-17)
(25.8796 7.37744 -2.14054e-16)
(25.9262 7.37035 -6.12964e-16)
(25.9724 7.36 6.86939e-16)
(26.0181 7.34645 0)
(26.0632 7.32972 -2.11483e-17)
(26.1077 7.30982 2.71873e-16)
(26.1514 7.2868 3.34699e-16)
(26.194 7.26078 2.65729e-17)
(26.2349 7.23209 -1.87575e-16)
(26.2735 7.20131 0)
(26.3088 7.16935 9.82918e-17)
(26.3403 7.13747 9.30711e-17)
(26.3678 7.10627 4.17835e-18)
(26.3926 7.07468 0)
(26.4159 7.04146 0)
(26.4374 7.00638 5.17791e-17)
(26.4572 6.96944 5.14386e-19)
(26.4748 6.93056 0)
(26.4902 6.88973 5.39543e-17)
(26.5029 6.84689 -2.00728e-16)
(26.5126 6.80197 -9.69328e-17)
(26.5189 6.75484 2.11831e-18)
(26.5212 6.70527 1.04959e-16)
(26.5188 6.65287 1.87067e-16)
(26.5106 6.59714 0)
(26.4942 6.53758 1.67472e-16)
(26.4717 6.47874 1.47945e-16)
(25.3261 7.10353 1.13335e-18)
(25.3049 7.06222 -1.08014e-16)
(25.2849 7.01182 -4.05519e-16)
(25.2663 6.95446 0)
(25.2557 6.89346 -8.02059e-16)
(25.2482 6.82881 1.61881e-15)
(25.2476 6.7616 0)
(25.2557 6.69824 -1.68133e-15)
(25.2694 6.64126 0)
(25.2864 6.59109 -5.2351e-16)
(25.3051 6.5483 -5.38636e-16)
(25.324 6.51318 5.62549e-16)
(25.3426 6.48449 0)
(25.3603 6.46108 0)
(25.3767 6.44209 3.24894e-16)
(25.392 6.42649 -3.45975e-16)
(25.4062 6.41343 0)
(25.4196 6.40232 8.66802e-17)
(25.4325 6.39261 4.29586e-17)
(25.4454 6.38384 4.22175e-17)
(25.4586 6.37567 -4.1159e-17)
(25.4727 6.36781 3.80118e-17)
(25.4885 6.36003 1.4586e-16)
(25.5065 6.35233 -2.81878e-16)
(25.5262 6.34523 1.38142e-16)
(25.5467 6.33925 3.3251e-17)
(25.5677 6.33458 -3.05193e-17)
(25.5891 6.33128 2.33303e-17)
(25.6108 6.32941 0)
(25.6329 6.32905 -2.60856e-17)
(25.6552 6.33028 8.68643e-19)
(25.6776 6.33319 -2.35756e-17)
(25.7002 6.33789 0)
(25.7229 6.34451 4.01821e-17)
(25.7456 6.35325 0)
(25.7684 6.36441 0)
(25.7913 6.37831 5.56446e-17)
(25.814 6.39582 0)
(25.8354 6.41471 0)
(25.377 7.12321 -1.93445e-17)
(25.4038 7.15927 -6.38072e-17)
(25.4371 7.19604 1.47743e-16)
(25.4744 7.2301 -2.07614e-16)
(25.513 7.25856 2.78207e-16)
(25.5556 7.28365 -6.24122e-17)
(25.6001 7.30409 4.72847e-17)
(25.645 7.31948 -4.90483e-17)
(25.6907 7.33038 0)
(25.7363 7.33696 -8.26892e-17)
(25.7812 7.33954 1.63636e-16)
(25.8257 7.33848 1.48705e-16)
(25.8696 7.33405 2.02141e-16)
(25.913 7.32646 2.73868e-16)
(25.9558 7.3158 -3.3163e-16)
(25.9981 7.30214 3.62491e-16)
(26.0399 7.28552 -2.27215e-16)
(26.0811 7.26596 0)
(26.1214 7.24351 2.93409e-16)
(26.1606 7.21832 -2.99107e-16)
(26.1981 7.1907 1.41519e-16)
(26.2334 7.16125 3.22332e-16)
(26.2657 7.13085 -1.6159e-16)
(26.2942 7.10071 -8.85513e-17)
(26.3191 7.07141 4.53869e-17)
(26.3414 7.0419 0)
(26.3623 7.01103 0)
(26.3815 6.97861 -4.51391e-17)
(26.3991 6.94464 2.11451e-17)
(26.4147 6.90907 0)
(26.4283 6.87192 9.02932e-17)
(26.4394 6.83314 9.1702e-19)
(26.4479 6.7927 1.85195e-16)
(26.4534 6.75047 -8.22948e-18)
(26.4554 6.70624 0)
(26.4532 6.65966 -1.58739e-16)
(26.4462 6.61023 1.54907e-16)
(26.4321 6.55742 0)
(26.413 6.50544 1.40606e-16)
(25.3539 7.08576 8.88841e-17)
(25.3339 7.04717 0)
(25.3152 6.99988 0)
(25.2975 6.94627 -1.94213e-16)
(25.2875 6.88875 5.61972e-16)
(25.2795 6.82802 3.47083e-16)
(25.2785 6.76471 0)
(25.286 6.70516 1.20353e-15)
(25.2982 6.65137 2.04377e-15)
(25.313 6.6041 -8.65605e-16)
(25.3296 6.56385 0)
(25.3465 6.53087 -1.95952e-17)
(25.3633 6.504 -2.88333e-16)
(25.3794 6.48213 2.8644e-16)
(25.3943 6.46444 2.99709e-16)
(25.4082 6.44994 -1.55028e-16)
(25.4211 6.43784 0)
(25.4333 6.42757 3.03179e-16)
(25.445 6.4186 -6.8195e-16)
(25.4566 6.41052 2.28767e-16)
(25.4685 6.403 -1.44367e-16)
(25.4813 6.39577 2.80698e-16)
(25.4955 6.3886 -2.03011e-16)
(25.5117 6.3815 6.30757e-17)
(25.5295 6.37492 -3.02301e-17)
(25.548 6.36937 6.09739e-17)
(25.5668 6.36501 0)
(25.5861 6.36189 7.0019e-18)
(25.6056 6.36006 8.12309e-19)
(25.6254 6.35956 0)
(25.6454 6.36047 1.19504e-17)
(25.6655 6.36286 2.24097e-17)
(25.6858 6.3668 -2.07663e-17)
(25.7061 6.37242 -3.52968e-17)
(25.7265 6.37987 7.4199e-17)
(25.747 6.3894 -6.07596e-17)
(25.7678 6.40131 1.14672e-16)
(25.7885 6.41637 -1.51566e-16)
(25.8082 6.43261 6.54755e-18)
(25.4014 7.10367 1.95551e-17)
(25.4263 7.13718 -5.75428e-17)
(25.4573 7.17125 4.98273e-17)
(25.492 7.20268 -1.63048e-16)
(25.5278 7.22881 2.57532e-16)
(25.5673 7.25168 -2.63662e-16)
(25.6086 7.27013 1.2527e-16)
(25.6503 7.28381 8.57106e-18)
(25.6927 7.29322 0)
(25.735 7.29855 0)
(25.7767 7.3001 -1.96784e-16)
(25.818 7.29821 -1.32457e-17)
(25.8587 7.29316 -2.74045e-17)
(25.8989 7.28516 0)
(25.9386 7.27429 2.68631e-16)
(25.9778 7.26062 -6.60977e-16)
(26.0164 7.24418 -4.01104e-16)
(26.0543 7.22502 4.1823e-16)
(26.0915 7.2032 0)
(26.1275 7.17887 0)
(26.1619 7.15236 -2.88787e-16)
(26.1942 7.12425 0)
(26.2236 7.09539 -1.38263e-16)
(26.2495 7.06694 0)
(26.272 7.03946 -7.6545e-17)
(26.2922 7.01194 5.75299e-17)
(26.3109 6.9833 0)
(26.3281 6.95337 0)
(26.3438 6.92217 9.74463e-17)
(26.3577 6.88968 4.86588e-19)
(26.3696 6.85591 -1.56561e-16)
(26.3795 6.82085 7.3362e-17)
(26.387 6.78446 -2.99091e-16)
(26.3918 6.74665 2.21448e-16)
(26.3936 6.70723 -7.76218e-18)
(26.3919 6.66584 0)
(26.386 6.62203 0)
(26.3741 6.57522 2.37089e-16)
(26.3579 6.52932 -2.4237e-16)
(25.3798 7.06878 -1.03751e-16)
(25.3611 7.03278 1.77453e-16)
(25.3435 6.98845 0)
(25.3267 6.93842 6.6569e-16)
(25.3172 6.88416 0)
(25.3088 6.82721 1.24451e-15)
(25.3075 6.76755 3.25089e-16)
(25.3143 6.71158 1.01462e-15)
(25.3248 6.66069 -1.53982e-15)
(25.3374 6.61609 1.21533e-15)
(25.3518 6.57822 -1.28498e-15)
(25.3669 6.54724 5.43863e-18)
(25.382 6.52205 -1.00519e-15)
(25.3965 6.5016 -9.47274e-18)
(25.41 6.4851 -8.47357e-18)
(25.4225 6.4716 0)
(25.4341 6.46035 2.74265e-16)
(25.445 6.45083 -2.12139e-16)
(25.4555 6.44253 7.05757e-17)
(25.466 6.43507 1.36014e-16)
(25.4766 6.42813 0)
(25.488 6.42145 -3.28381e-17)
(25.5008 6.41482 6.28189e-17)
(25.5153 6.40824 -5.9904e-17)
(25.5312 6.40214 -5.6639e-17)
(25.5478 6.39697 0)
(25.5648 6.39289 -1.30103e-17)
(25.582 6.38993 0)
(25.5995 6.38812 -1.52391e-18)
(25.6172 6.38752 2.26334e-17)
(25.6351 6.38815 -2.2766e-17)
(25.6532 6.39009 0)
(25.6713 6.39338 -5.6303e-17)
(25.6895 6.39813 2.84523e-18)
(25.7078 6.40446 -6.53301e-17)
(25.7263 6.41259 5.93429e-18)
(25.7451 6.42278 5.9731e-17)
(25.764 6.43571 4.88229e-17)
(25.7822 6.44963 0)
(25.424 7.08499 -1.40536e-17)
(25.4471 7.11608 1.37688e-16)
(25.4758 7.14758 0)
(25.5078 7.17651 4.49756e-16)
(25.5409 7.20045 -2.43886e-16)
(25.5774 7.22124 1.77178e-16)
(25.6156 7.23783 0)
(25.6541 7.24995 -6.03319e-17)
(25.6934 7.25799 9.30399e-18)
(25.7325 7.2622 0)
(25.771 7.26284 0)
(25.8093 7.26022 0)
(25.847 7.25466 -1.76924e-16)
(25.8842 7.24634 1.84008e-16)
(25.9209 7.23534 -2.54771e-16)
(25.957 7.22173 3.28796e-16)
(25.9927 7.20554 -2.87503e-16)
(26.0276 7.18684 3.26258e-17)
(26.0618 7.16569 -2.08188e-16)
(26.0949 7.14225 2.27114e-16)
(26.1264 7.11686 2.47524e-16)
(26.1559 7.09008 -3.65608e-16)
(26.1827 7.06274 2.54517e-16)
(26.2063 7.03594 6.52302e-17)
(26.2266 7.0102 -6.4993e-17)
(26.2448 6.98457 5.11545e-17)
(26.2616 6.95804 -3.77995e-17)
(26.2771 6.93043 -3.3754e-17)
(26.291 6.90181 -8.4801e-17)
(26.3034 6.87215 6.78045e-17)
(26.3141 6.84148 -2.91114e-17)
(26.3229 6.80979 -1.98703e-16)
(26.3296 6.77708 2.66962e-16)
(26.3339 6.74324 6.23132e-17)
(26.3357 6.70811 -3.85096e-16)
(26.3344 6.67135 4.87737e-16)
(26.3296 6.63253 -2.35162e-16)
(26.3196 6.59105 0)
(26.3062 6.55053 0)
(25.404 7.05255 -2.2131e-16)
(25.3866 7.01903 -8.90216e-17)
(25.37 6.97752 -1.48584e-16)
(25.3541 6.93092 -1.39485e-15)
(25.3451 6.8797 2.91566e-16)
(25.3361 6.82639 -1.17724e-15)
(25.3347 6.77009 -2.92667e-16)
(25.3407 6.71753 -9.75974e-16)
(25.3493 6.66921 0)
(25.3596 6.62709 -1.06014e-15)
(25.372 6.59146 1.96252e-15)
(25.3853 6.56234 8.51613e-16)
(25.3987 6.53869 -4.50439e-16)
(25.4116 6.51953 -4.63528e-16)
(25.4236 6.5041 4.7919e-16)
(25.4347 6.49149 2.4548e-16)
(25.4451 6.48101 -3.76358e-16)
(25.4548 6.47215 -3.75849e-16)
(25.4641 6.46445 6.58225e-17)
(25.4733 6.45752 1.8609e-16)
(25.4828 6.4511 -5.92555e-17)
(25.493 6.44492 0)
(25.5043 6.43877 -1.10692e-16)
(25.5172 6.43266 5.62504e-17)
(25.5315 6.42698 2.63978e-17)
(25.5463 6.42216 0)
(25.5614 6.41833 -2.34318e-17)
(25.5768 6.41553 1.81762e-17)
(25.5925 6.41376 7.14568e-19)
(25.6084 6.41307 -1.07036e-17)
(25.6244 6.41348 4.02061e-17)
(25.6405 6.41503 -2.27022e-18)
(25.6568 6.41778 -5.68821e-17)
(25.6731 6.42178 7.68736e-21)
(25.6896 6.42716 -3.27873e-17)
(25.7062 6.43408 0)
(25.7232 6.44279 5.61448e-17)
(25.7405 6.45388 5.09463e-17)
(25.7572 6.46581 -4.68702e-17)
(25.445 7.06714 -2.76184e-17)
(25.4663 7.0959 -1.23132e-16)
(25.4927 7.12497 -1.85235e-16)
(25.5221 7.15153 -4.77686e-16)
(25.5526 7.17341 1.22085e-16)
(25.5861 7.19225 0)
(25.6213 7.20713 -6.80859e-17)
(25.6567 7.21782 -4.04227e-17)
(25.6929 7.2246 -6.31413e-18)
(25.7288 7.22783 0)
(25.7643 7.22767 -1.30691e-16)
(25.7996 7.22441 -1.18181e-16)
(25.8345 7.21844 1.23421e-16)
(25.8688 7.20992 1.89441e-16)
(25.9027 7.19887 6.0185e-18)
(25.936 7.18537 2.62282e-16)
(25.9688 7.16949 3.04098e-16)
(26.001 7.15127 0)
(26.0324 7.13081 1.63184e-16)
(26.0627 7.10827 -3.48164e-18)
(26.0917 7.08397 -2.03919e-16)
(26.1186 7.05849 0)
(26.143 7.03261 0)
(26.1644 7.0074 0)
(26.1828 6.98333 -3.0391e-17)
(26.1992 6.95948 5.72372e-17)
(26.2144 6.93492 6.98754e-18)
(26.2283 6.90949 -6.5756e-18)
(26.2408 6.88325 5.90569e-17)
(26.252 6.85619 -2.80924e-17)
(26.2615 6.82835 1.17799e-16)
(26.2694 6.79973 5.80874e-18)
(26.2754 6.77033 -1.15567e-16)
(26.2795 6.74006 -5.95708e-17)
(26.2813 6.70875 -2.17829e-16)
(26.2805 6.67611 5.24203e-16)
(26.2767 6.64171 -4.97083e-16)
(26.2685 6.60495 1.27358e-17)
(26.2575 6.56919 -1.72375e-16)
(25.4264 7.03703 7.55023e-17)
(25.4103 7.00587 -7.12556e-17)
(25.3948 6.96706 -5.0765e-16)
(25.3798 6.92373 5.6706e-16)
(25.3713 6.87534 -2.74641e-16)
(25.3615 6.82557 2.53342e-16)
(25.3602 6.77232 0)
(25.3653 6.72305 0)
(25.3716 6.67692 1.49252e-15)
(25.3797 6.63713 3.40098e-16)
(25.3902 6.60362 -3.33832e-17)
(25.4018 6.57621 3.77986e-16)
(25.4135 6.55396 3.86851e-16)
(25.4247 6.53595 -4.28177e-16)
(25.4351 6.52147 -4.45735e-16)
(25.4448 6.50966 6.76511e-16)
(25.4539 6.49985 -1.59308e-18)
(25.4624 6.49158 5.85554e-17)
(25.4706 6.48441 -2.38979e-18)
(25.4787 6.47798 5.51554e-17)
(25.4871 6.47201 5.62613e-17)
(25.496 6.46628 0)
(25.5061 6.46057 1.0122e-16)
(25.5176 6.45489 -4.95742e-17)
(25.5302 6.44961 0)
(25.5435 6.44511 0)
(25.557 6.44153 3.34568e-17)
(25.5708 6.43888 1.08031e-17)
(25.5848 6.43717 -5.33898e-18)
(25.599 6.43641 1.01719e-17)
(25.6133 6.43664 3.76313e-17)
(25.6278 6.43788 -3.78434e-17)
(25.6423 6.44016 1.76098e-17)
(25.657 6.44354 6.60836e-20)
(25.6718 6.4481 -1.49995e-19)
(25.6868 6.454 -5.62263e-17)
(25.7022 6.46144 3.01036e-18)
(25.7179 6.47096 -4.84161e-17)
(25.7334 6.48118 3.97637e-18)
(25.4643 7.05005 0)
(25.4839 7.07661 0)
(25.508 7.10336 2.78621e-16)
(25.5349 7.12768 0)
(25.5627 7.14764 -1.94735e-16)
(25.5933 7.16465 0)
(25.6256 7.17799 1.01412e-16)
(25.658 7.18734 0)
(25.6912 7.19297 5.98407e-18)
(25.7241 7.19541 0)
(25.7567 7.19449 1.23901e-16)
(25.7893 7.19061 -1.01514e-16)
(25.8214 7.18432 3.33695e-16)
(25.853 7.17568 -2.88585e-16)
(25.8841 7.16465 3.60077e-18)
(25.9148 7.15133 -2.04249e-16)
(25.9449 7.13581 0)
(25.9745 7.11814 2.99742e-16)
(26.0032 7.09841 -3.43095e-16)
(26.031 7.07679 1.8405e-16)
(26.0575 7.05361 9.61987e-18)
(26.0821 7.02941 -1.80805e-16)
(26.1044 7.00495 9.01427e-17)
(26.1238 6.98125 0)
(26.1405 6.95874 -2.59442e-17)
(26.1554 6.93656 3.71011e-17)
(26.1691 6.91382 -3.12858e-17)
(26.1817 6.8904 6.6681e-18)
(26.193 6.86634 7.51343e-17)
(26.203 6.84165 2.71661e-17)
(26.2116 6.81638 -1.54595e-16)
(26.2188 6.79054 5.30369e-17)
(26.2243 6.76411 5.24331e-17)
(26.2281 6.73703 1.93814e-16)
(26.23 6.70914 -3.55025e-18)
(26.2297 6.68015 -3.69521e-16)
(26.2269 6.64967 9.18064e-17)
(26.2204 6.6171 1.29441e-17)
(26.2115 6.58555 3.24075e-16)
(25.4473 7.02218 6.10273e-17)
(25.4323 6.99326 -7.35124e-17)
(25.4179 6.95704 5.92893e-16)
(25.4038 6.91684 2.55641e-16)
(25.3957 6.8711 -1.18804e-15)
(25.3853 6.8248 -2.35889e-16)
(25.3843 6.77426 -1.61423e-15)
(25.3879 6.72826 0)
(25.392 6.6838 -1.12596e-15)
(25.398 6.64621 -1.14705e-15)
(25.4066 6.61472 -6.54938e-16)
(25.4164 6.58884 -3.34432e-16)
(25.4262 6.56781 -3.81314e-16)
(25.4356 6.55083 3.69363e-16)
(25.4445 6.5372 -6.07328e-16)
(25.4529 6.5261 0)
(25.4607 6.51691 -1.05998e-16)
(25.468 6.50918 -1.02214e-16)
(25.4752 6.50249 -3.09836e-16)
(25.4823 6.49651 4.08063e-16)
(25.4896 6.49097 -1.53475e-16)
(25.4974 6.48565 4.79812e-17)
(25.5063 6.48036 -2.31464e-16)
(25.5164 6.47509 1.82399e-16)
(25.5277 6.47018 0)
(25.5395 6.46601 0)
(25.5515 6.46267 -4.13464e-17)
(25.5639 6.46018 0)
(25.5764 6.45854 0)
(25.5891 6.45776 -7.32568e-17)
(25.602 6.45786 1.08904e-16)
(25.6149 6.45885 -5.26049e-17)
(25.628 6.46075 0)
(25.6411 6.46361 3.15293e-17)
(25.6545 6.46749 5.77634e-17)
(25.668 6.47253 -5.79995e-17)
(25.682 6.4789 -1.0082e-16)
(25.6963 6.48708 1.00992e-16)
(25.7105 6.49585 4.24821e-17)
(25.4821 7.03366 0)
(25.4999 7.05812 0)
(25.5217 7.08268 1.12993e-16)
(25.5461 7.10489 -1.23816e-16)
(25.5713 7.12306 6.08416e-18)
(25.599 7.13838 0)
(25.6285 7.15036 0)
(25.6579 7.15841 1.00963e-16)
(25.6885 7.16317 0)
(25.7183 7.16493 0)
(25.7483 7.16312 9.06754e-17)
(25.7783 7.15856 0)
(25.8079 7.15206 -2.15908e-16)
(25.8368 7.14341 2.73706e-16)
(25.8653 7.13245 -1.6937e-16)
(25.8934 7.11935 5.33694e-16)
(25.921 7.10421 2.07492e-16)
(25.9481 7.0871 0)
(25.9744 7.06809 -2.95078e-16)
(25.9999 7.04736 0)
(26.024 7.02524 1.11145e-17)
(26.0465 7.00229 -1.56127e-16)
(26.0668 6.97921 -8.56613e-17)
(26.0845 6.95696 -3.96889e-17)
(26.0997 6.93595 0)
(26.1132 6.91536 -5.35085e-17)
(26.1256 6.89434 1.89116e-17)
(26.1371 6.87278 -3.83593e-17)
(26.1474 6.85073 6.43209e-17)
(26.1565 6.82822 6.66854e-17)
(26.1644 6.80528 -8.70805e-17)
(26.171 6.78192 0)
(26.1762 6.75814 4.06858e-17)
(26.1798 6.73389 -7.99903e-17)
(26.1819 6.70901 -1.62376e-16)
(26.1821 6.68324 3.24415e-16)
(26.1802 6.65619 -2.24585e-16)
(26.1751 6.62728 1.36165e-16)
(26.1683 6.59942 -2.84325e-16)
(25.4665 7.00793 -5.67367e-17)
(25.4528 6.98115 -1.78522e-16)
(25.4394 6.94743 0)
(25.4263 6.91021 0)
(25.4185 6.86698 1.12333e-15)
(25.4076 6.82409 -2.06255e-16)
(25.4069 6.77586 1.74858e-15)
(25.4087 6.73329 0)
(25.4107 6.68985 0)
(25.4145 6.65435 1.08626e-15)
(25.4211 6.62478 5.66658e-16)
(25.4289 6.60021 6.41003e-16)
(25.4368 6.58023 3.24604e-16)
(25.4444 6.56415 -6.99304e-16)
(25.4518 6.55127 1.77986e-16)
(25.4588 6.5408 0)
(25.4654 6.53217 4.67087e-16)
(25.4717 6.52494 -2.85801e-16)
(25.4779 6.5187 2.36271e-16)
(25.484 6.51313 -5.07576e-17)
(25.4904 6.50799 -2.3228e-16)
(25.4973 6.50306 -1.6141e-18)
(25.5051 6.49816 1.50043e-18)
(25.514 6.49327 0)
(25.524 6.48873 -7.89633e-17)
(25.5345 6.48486 4.09861e-17)
(25.5453 6.48176 5.81229e-17)
(25.5563 6.47944 -1.82702e-17)
(25.5675 6.47788 1.68839e-17)
(25.5789 6.4771 -2.52718e-19)
(25.5904 6.47711 -1.67062e-17)
(25.602 6.4779 3.24531e-17)
(25.6137 6.4795 0)
(25.6255 6.48192 -5.81278e-17)
(25.6375 6.48524 8.67035e-17)
(25.6497 6.48956 0)
(25.6624 6.49503 0)
(25.6755 6.50207 0)
(25.6886 6.50961 1.30703e-16)
(25.496 7.0204 1.21194e-17)
(25.5124 7.04312 -7.97377e-17)
(25.5325 7.06574 -5.54421e-17)
(25.5548 7.0859 6.12581e-17)
(25.578 7.10214 4.35989e-16)
(25.6034 7.11535 -7.68634e-17)
(25.6304 7.12535 6.9971e-17)
(25.6568 7.13108 -1.64961e-16)
(25.6848 7.13421 -1.22096e-17)
(25.7109 7.13281 5.33147e-17)
(25.7375 7.1303 -1.81746e-16)
(25.7652 7.12662 0)
(25.793 7.12152 0)
(25.8201 7.11407 0)
(25.8467 7.10413 2.86505e-16)
(25.8731 7.092 -7.5006e-16)
(25.8991 7.07784 -1.92387e-17)
(25.9245 7.06173 0)
(25.9493 7.04375 3.10725e-16)
(25.9732 7.02411 0)
(25.9959 7.00311 9.72201e-17)
(26.0169 6.98129 -4.08594e-18)
(26.0358 6.95937 9.5372e-17)
(26.0523 6.93829 5.18099e-17)
(26.0664 6.91844 0)
(26.0788 6.89906 3.92893e-17)
(26.0902 6.87934 -3.1313e-18)
(26.1007 6.8592 0)
(26.1102 6.83868 -5.19682e-17)
(26.1186 6.81782 1.03462e-16)
(26.1258 6.79666 -1.80041e-18)
(26.1319 6.77519 1.00288e-16)
(26.1367 6.75344 -1.02801e-16)
(26.1402 6.73135 4.60832e-18)
(26.1423 6.70879 1.85791e-16)
(26.1428 6.68548 -8.28603e-17)
(26.1415 6.66108 -7.7005e-17)
(26.1375 6.63502 1.55593e-16)
(26.1319 6.61006 -1.45418e-16)
(25.4817 6.99638 9.07811e-17)
(25.4691 6.97127 2.31576e-16)
(25.4568 6.93944 2.85412e-16)
(25.4449 6.90451 1.00937e-16)
(25.438 6.86319 0)
(25.4275 6.82325 0)
(25.4286 6.77692 -1.48051e-15)
(25.4295 6.73851 7.86484e-16)
(25.4297 6.69599 -1.71756e-15)
(25.4296 6.66203 9.49472e-16)
(25.4333 6.63373 -5.62209e-16)
(25.4388 6.60989 -3.00205e-16)
(25.4446 6.5905 -3.50522e-16)
(25.4506 6.57495 3.77493e-18)
(25.4566 6.56254 -2.01091e-16)
(25.4624 6.55249 2.06082e-16)
(25.4681 6.54423 -3.27396e-16)
(25.4736 6.53733 0)
(25.479 6.5314 1.67398e-16)
(25.4844 6.52612 -2.81814e-16)
(25.49 6.52126 1.10439e-16)
(25.4961 6.5166 -3.27116e-16)
(25.5031 6.51197 2.63941e-16)
(25.5112 6.50736 -1.02891e-16)
(25.5202 6.50307 -4.92783e-17)
(25.5297 6.49943 0)
(25.5394 6.49651 -4.76661e-17)
(25.5494 6.49431 4.77098e-17)
(25.5596 6.49283 2.88935e-18)
(25.5699 6.49207 -1.1331e-17)
(25.5803 6.49202 8.65353e-17)
(25.5909 6.49269 -1.05703e-16)
(25.6015 6.49409 4.15822e-17)
(25.6122 6.49623 0)
(25.6231 6.49917 -1.0972e-16)
(25.6342 6.503 1.42966e-16)
(25.6457 6.50785 6.64446e-17)
(25.6577 6.5141 5.93111e-17)
(25.6698 6.5208 -1.1822e-16)
(25.507 7.0097 1.05967e-17)
(25.5222 7.0309 7.58346e-17)
(25.5409 7.05168 0)
(25.5617 7.06979 -9.28634e-17)
(25.5832 7.08388 -2.24893e-18)
(25.6065 7.09459 -3.04244e-16)
(25.6311 7.10201 1.65731e-16)
(25.6546 7.10466 -2.87641e-17)
(25.6798 7.10538 2.8157e-17)
(25.7014 7.0992 -1.79777e-17)
(25.7244 7.096 2.21717e-16)
(25.7503 7.0943 -2.74235e-16)
(25.7771 7.09155 1.27852e-16)
(25.8029 7.08606 0)
(25.8283 7.07779 5.36588e-18)
(25.8536 7.06717 -2.72054e-16)
(25.8786 7.05442 -6.06142e-16)
(25.9032 7.03961 2.26188e-16)
(25.927 7.02286 -2.34308e-17)
(25.9499 7.0044 0)
(25.9717 6.98458 -1.47762e-16)
(25.9918 6.96393 1.52912e-16)
(26.0099 6.94316 -4.42428e-18)
(26.0256 6.92317 8.34326e-17)
(26.0389 6.90437 0)
(26.0506 6.88603 -1.14594e-17)
(26.0614 6.86739 2.88578e-18)
(26.0712 6.84838 -9.26693e-19)
(26.0801 6.82908 4.52104e-17)
(26.0878 6.80947 -2.31612e-17)
(26.0944 6.78968 -4.56795e-17)
(26.1 6.76965 0)
(26.1045 6.74945 -8.79575e-17)
(26.1077 6.72901 8.33594e-17)
(26.1097 6.70822 0)
(26.1103 6.68681 8.00556e-17)
(26.1093 6.66447 6.93298e-17)
(26.1058 6.64064 -1.29015e-16)
(26.1012 6.61798 2.56639e-16)
(25.4937 6.98711 4.7477e-17)
(25.4822 6.96333 5.80789e-17)
(25.471 6.93306 -3.64682e-16)
(25.4607 6.89996 -9.31028e-17)
(25.455 6.8603 7.24542e-16)
(25.4459 6.82318 -9.9729e-16)
(25.4493 6.77872 1.03096e-15)
(25.4503 6.74475 -6.41876e-16)
(25.4489 6.70203 1.55807e-15)
(25.4438 6.6692 -9.15795e-16)
(25.4435 6.64171 0)
(25.4466 6.61829 5.79403e-16)
(25.4505 6.59924 0)
(25.4548 6.58401 0)
(25.4596 6.57188 -3.57369e-16)
(25.4645 6.56209 3.80084e-16)
(25.4694 6.55406 -1.94329e-16)
(25.4742 6.54737 4.00702e-16)
(25.4789 6.54164 -1.52654e-16)
(25.4837 6.53655 -9.99132e-17)
(25.4888 6.53187 2.02625e-16)
(25.4943 6.52739 -4.77388e-17)
(25.5006 6.52293 9.62831e-17)
(25.5079 6.5185 4.54079e-17)
(25.5161 6.51437 -9.02758e-17)
(25.5248 6.51087 4.50943e-17)
(25.5337 6.50806 2.20787e-17)
(25.5428 6.50595 -1.08088e-17)
(25.5521 6.50452 -2.61696e-18)
(25.5615 6.50377 0)
(25.571 6.50369 -3.96098e-17)
(25.5806 6.50428 -1.8505e-17)
(25.5903 6.50554 8.80199e-19)
(25.6 6.50748 -6.94528e-17)
(25.6099 6.51016 1.03355e-16)
(25.62 6.51363 -1.27053e-16)
(25.6306 6.51805 1.98377e-18)
(25.6415 6.52374 0)
(25.6527 6.52984 0)
(25.5179 6.99862 -3.00762e-19)
(25.5319 7.01827 -3.23704e-17)
(25.5491 7.03721 2.29849e-16)
(25.5682 7.0533 -9.94918e-17)
(25.5878 7.06532 -1.72426e-17)
(25.6089 7.07371 1.53959e-16)
(25.6309 7.07877 -3.60684e-16)
(25.6514 7.07875 5.8209e-17)
(25.6735 7.07742 0)
(25.6908 7.06723 -1.74501e-17)
(25.7103 7.06349 -1.75254e-16)
(25.7344 7.0636 1.21266e-16)
(25.7602 7.06288 2.66487e-17)
(25.7849 7.05903 7.5211e-18)
(25.8092 7.0522 0)
(25.8334 7.04294 5.5992e-16)
(25.8574 7.03147 3.4177e-16)
(25.8809 7.01787 1.94269e-16)
(25.9038 7.00229 -2.38568e-16)
(25.9258 6.98496 1.24727e-16)
(25.9465 6.96623 1.31189e-16)
(25.9657 6.94666 -3.26864e-18)
(25.9829 6.92695 -2.06477e-16)
(25.9978 6.90798 -7.20658e-17)
(26.0104 6.89018 7.25133e-17)
(26.0215 6.87286 -9.81419e-18)
(26.0316 6.85528 1.8644e-17)
(26.0408 6.83741 -2.87088e-17)
(26.0492 6.81933 7.37685e-17)
(26.0565 6.80096 -1.967e-17)
(26.0626 6.78251 0)
(26.0677 6.7639 3.81218e-17)
(26.0719 6.74519 -1.48002e-16)
(26.075 6.72635 7.12007e-17)
(26.0769 6.70724 0)
(26.0775 6.68764 0)
(26.0768 6.66726 -6.49615e-17)
(26.0739 6.64554 1.09084e-16)
(26.0701 6.62502 -7.98859e-18)
(25.5057 6.9775 -9.16993e-17)
(25.4953 6.95508 1.01192e-16)
(25.4853 6.92647 -2.5431e-16)
(25.4764 6.89522 3.50588e-16)
(25.4717 6.85728 -1.90503e-16)
(25.4638 6.82296 1.25187e-15)
(25.4693 6.7801 5.74755e-16)
(25.4695 6.74987 6.14406e-16)
(25.4662 6.70746 -1.47307e-15)
(25.4562 6.67561 0)
(25.4523 6.64887 -4.63232e-16)
(25.453 6.62593 1.22825e-17)
(25.4551 6.60732 5.60367e-16)
(25.4581 6.59248 -3.08878e-16)
(25.4617 6.58072 1.63835e-16)
(25.4657 6.57124 -3.44162e-16)
(25.4699 6.56349 0)
(25.474 6.55705 2.68802e-16)
(25.4781 6.55155 4.27606e-17)
(25.4823 6.54667 -2.30413e-16)
(25.4868 6.54218 -2.24722e-16)
(25.4917 6.5379 2.85601e-18)
(25.4973 6.53363 1.73919e-16)
(25.5038 6.52937 4.21874e-17)
(25.5111 6.52542 1.2098e-16)
(25.5189 6.52205 -8.15406e-17)
(25.5268 6.51936 0)
(25.535 6.51732 9.60715e-18)
(25.5433 6.51594 -9.29769e-18)
(25.5517 6.51519 3.66879e-17)
(25.5602 6.51507 1.76334e-17)
(25.5688 6.51557 -3.47602e-17)
(25.5774 6.51669 9.95178e-17)
(25.5861 6.51844 -6.58679e-17)
(25.595 6.52084 0)
(25.604 6.52399 -5.74006e-17)
(25.6135 6.52798 -5.11128e-17)
(25.6234 6.53312 1.06932e-16)
(25.6335 6.53866 0)
(25.5285 6.98726 -9.31075e-18)
(25.5412 7.00533 -1.84264e-16)
(25.5568 7.02242 -1.39818e-16)
(25.5741 7.03652 1.72226e-16)
(25.5917 7.04654 -1.17558e-16)
(25.6105 7.05278 1.11828e-16)
(25.6298 7.05568 1.36772e-16)
(25.6472 7.05335 0)
(25.6662 7.05024 1.22448e-17)
(25.6791 7.03687 3.30236e-17)
(25.6953 7.03281 6.93637e-17)
(25.7178 7.03448 1.55594e-16)
(25.7426 7.03544 3.62129e-17)
(25.7662 7.03296 -1.54722e-16)
(25.7893 7.02736 -3.8027e-16)
(25.8124 7.0193 -2.85601e-16)
(25.8354 7.00898 1.18474e-16)
(25.858 6.99648 -1.41516e-18)
(25.8798 6.98198 -1.75138e-16)
(25.9008 6.96572 0)
(25.9206 6.94806 -3.15699e-16)
(25.9388 6.92954 1.06651e-16)
(25.9552 6.91086 5.44413e-17)
(25.9692 6.8929 -8.84583e-17)
(25.9811 6.87606 2.97056e-17)
(25.9915 6.85973 3.01498e-17)
(26.0011 6.84318 3.96309e-18)
(26.0097 6.82641 -1.98177e-17)
(26.0176 6.80952 -1.70141e-18)
(26.0244 6.79236 -1.53611e-18)
(26.0301 6.77522 0)
(26.0349 6.75801 9.4698e-17)
(26.0389 6.74077 2.80384e-17)
(26.0418 6.72346 -1.2054e-16)
(26.0437 6.70599 0)
(26.0445 6.68812 -1.09876e-16)
(26.0441 6.66958 2.10586e-16)
(26.0418 6.64986 -4.84067e-16)
(26.0387 6.63136 1.93901e-16)
(25.5175 6.96767 0)
(25.5082 6.94667 -9.34676e-17)
(25.4993 6.91982 -8.45199e-17)
(25.4918 6.89045 1.56933e-16)
(25.488 6.85435 -1.21295e-15)
(25.4812 6.82288 -2.72317e-16)
(25.4884 6.78137 7.49191e-16)
(25.4869 6.75452 -6.55991e-18)
(25.4815 6.71223 -1.30092e-15)
(25.467 6.68112 7.34605e-16)
(25.4594 6.65516 4.25052e-16)
(25.458 6.63277 8.70044e-18)
(25.4586 6.61464 -2.63863e-16)
(25.4603 6.60029 0)
(25.4629 6.58895 -1.43642e-16)
(25.466 6.57984 6.18034e-16)
(25.4694 6.57239 -3.99578e-16)
(25.4728 6.56622 -4.86741e-16)
(25.4763 6.56094 8.49966e-17)
(25.4799 6.55627 1.65472e-16)
(25.4836 6.55198 8.16602e-17)
(25.4878 6.54787 -1.1939e-16)
(25.4926 6.54377 1.56788e-16)
(25.4982 6.53968 0)
(25.5045 6.53586 -1.10186e-16)
(25.5112 6.53261 9.16158e-17)
(25.5181 6.52999 0)
(25.5251 6.52801 -8.83561e-18)
(25.5323 6.52664 -5.22665e-18)
(25.5396 6.52588 -1.65112e-17)
(25.5471 6.5257 -3.24701e-17)
(25.5545 6.52611 3.14925e-17)
(25.5621 6.52708 0)
(25.5697 6.52864 0)
(25.5774 6.5308 0)
(25.5853 6.53362 0)
(25.5937 6.53721 5.09204e-17)
(25.6024 6.54184 -1.40106e-16)
(25.6114 6.54685 2.28961e-16)
(25.5388 6.97563 4.96702e-17)
(25.5501 6.99207 8.72715e-17)
(25.564 7.00731 0)
(25.5794 7.01946 0)
(25.5949 7.02758 0)
(25.6112 7.03185 0)
(25.6278 7.0328 -1.01579e-16)
(25.6422 7.02859 1.73867e-16)
(25.6579 7.02398 2.04047e-17)
(25.6667 7.00831 1.3282e-17)
(25.6799 7.00418 -2.0264e-17)
(25.7007 7.00716 0)
(25.7245 7.00948 -1.63277e-16)
(25.7469 7.00811 0)
(25.7688 7.00355 2.33566e-17)
(25.7908 6.99652 1.82272e-16)
(25.8127 6.98721 0)
(25.8342 6.97571 -1.24562e-16)
(25.855 6.96219 -1.37958e-16)
(25.875 6.94691 1.38746e-17)
(25.8939 6.93024 -1.54719e-16)
(25.9112 6.91272 8.49231e-17)
(25.9267 6.89503 -4.95431e-17)
(25.9399 6.87804 4.91922e-17)
(25.9511 6.86214 -2.56222e-17)
(25.9609 6.84674 -3.54807e-19)
(25.9699 6.83116 1.3028e-17)
(25.9779 6.81543 2.57181e-17)
(25.9854 6.79965 2.65219e-17)
(25.9918 6.78362 -7.40743e-17)
(25.9971 6.76768 2.49806e-17)
(26.0016 6.75175 1.03658e-16)
(26.0054 6.73585 -1.27305e-16)
(26.0083 6.71997 0)
(26.0102 6.704 0)
(26.0112 6.68772 4.44277e-17)
(26.0112 6.67088 0)
(26.0095 6.65297 1.64785e-16)
(26.0073 6.63626 1.56442e-16)
(25.5291 6.95761 -1.8438e-17)
(25.5208 6.93809 0)
(25.5131 6.91312 2.81715e-16)
(25.5069 6.88564 0)
(25.5038 6.85154 2.83782e-16)
(25.498 6.82295 1.18097e-15)
(25.5064 6.78243 8.53642e-16)
(25.5022 6.75881 -8.46435e-16)
(25.4947 6.71617 4.11492e-17)
(25.4759 6.68559 6.62172e-16)
(25.4651 6.6605 -7.62691e-16)
(25.4616 6.63873 -4.31712e-16)
(25.4608 6.62113 4.71717e-16)
(25.4613 6.60729 2.48788e-16)
(25.4628 6.59641 2.66596e-16)
(25.465 6.58769 -4.17521e-16)
(25.4676 6.58058 7.30415e-17)
(25.4702 6.57468 7.43945e-17)
(25.4729 6.56963 3.3143e-16)
(25.4757 6.56515 -2.97169e-16)
(25.4787 6.56103 -3.72e-17)
(25.482 6.55707 -9.42289e-19)
(25.4858 6.55312 0)
(25.4903 6.54916 3.35804e-17)
(25.4955 6.54545 -9.87746e-17)
(25.5009 6.54228 1.14628e-16)
(25.5066 6.53973 -3.34616e-17)
(25.5124 6.53778 -3.98325e-17)
(25.5185 6.53641 -8.39478e-18)
(25.5246 6.53562 3.04985e-17)
(25.5308 6.53539 5.80102e-17)
(25.5372 6.5357 -7.22754e-17)
(25.5436 6.53655 5.42974e-17)
(25.5501 6.53793 2.38944e-17)
(25.5567 6.53987 -1.04348e-16)
(25.5636 6.5424 -1.20341e-16)
(25.5708 6.54564 4.43501e-18)
(25.5784 6.54982 1.32788e-16)
(25.5863 6.55435 5.0125e-19)
(25.5486 6.96373 -2.94617e-17)
(25.5585 6.97851 8.03481e-17)
(25.5706 6.99189 -7.16383e-17)
(25.5839 7.00216 2.13973e-16)
(25.5973 7.00848 1.07089e-16)
(25.6111 7.01098 -2.02003e-17)
(25.6248 7.01023 -2.10363e-17)
(25.6363 7.00454 -6.90486e-17)
(25.6487 6.99876 4.63506e-18)
(25.6538 6.98164 5.98877e-18)
(25.6644 6.97773 -1.82823e-17)
(25.6834 6.98176 0)
(25.7059 6.98513 7.01173e-17)
(25.7272 6.98463 -2.09091e-16)
(25.7479 6.98091 6.21629e-16)
(25.7686 6.97474 -6.07219e-16)
(25.7894 6.9663 -2.43702e-17)
(25.8099 6.95566 3.04858e-16)
(25.8297 6.94301 2.43404e-16)
(25.8486 6.92861 7.26666e-17)
(25.8665 6.91284 7.23869e-17)
(25.8829 6.89622 -1.5106e-16)
(25.8976 6.87945 7.48149e-17)
(25.9101 6.86335 -2.12743e-17)
(25.9206 6.84832 0)
(25.9298 6.83383 1.12971e-17)
(25.9382 6.8192 -1.61307e-17)
(25.9457 6.80448 -1.05958e-17)
(25.9527 6.78982 0)
(25.9587 6.7749 -3.83867e-17)
(25.9635 6.76018 2.04394e-17)
(25.9678 6.74552 -8.56104e-17)
(25.9714 6.73096 1.91934e-16)
(25.9743 6.71648 -8.36221e-17)
(25.9763 6.70197 0)
(25.9775 6.68723 -1.57831e-16)
(25.9779 6.67204 3.29829e-16)
(25.9768 6.6559 -7.90985e-17)
(25.9752 6.64103 -1.67685e-16)
(25.5402 6.94733 6.95985e-17)
(25.533 6.92937 0)
(25.5264 6.9064 -4.02172e-16)
(25.5214 6.88083 1.30877e-16)
(25.5188 6.84896 -4.92763e-16)
(25.514 6.82324 3.8371e-16)
(25.5232 6.78336 -7.81371e-16)
(25.5154 6.76315 0)
(25.5057 6.71927 1.52915e-15)
(25.4831 6.68892 5.90526e-16)
(25.4693 6.66483 7.34813e-16)
(25.4641 6.64382 -7.87462e-16)
(25.4619 6.62681 4.25039e-16)
(25.461 6.61345 -1.14812e-15)
(25.4612 6.60296 9.67088e-16)
(25.4622 6.59454 -3.76678e-16)
(25.4636 6.58767 -3.20838e-16)
(25.4652 6.58198 2.64242e-16)
(25.467 6.57712 0)
(25.4689 6.57281 -3.2752e-17)
(25.4709 6.56883 0)
(25.4732 6.56501 -3.28334e-17)
(25.4759 6.56117 -3.1181e-17)
(25.4792 6.55732 -3.09905e-17)
(25.4831 6.55371 6.01374e-17)
(25.4872 6.55063 0)
(25.4917 6.54815 -1.43158e-17)
(25.4963 6.54626 2.53527e-17)
(25.5012 6.54494 -1.466e-17)
(25.5063 6.54417 4.07133e-17)
(25.5115 6.54394 -6.96631e-18)
(25.5168 6.54423 -6.37445e-17)
(25.5223 6.54503 6.33303e-17)
(25.5278 6.54632 2.42621e-17)
(25.5336 6.54812 -9.15615e-17)
(25.5396 6.55049 1.13212e-16)
(25.546 6.55349 1.69984e-19)
(25.5528 6.55737 0)
(25.5599 6.56154 1.51489e-16)
(25.5579 6.95154 -1.4784e-17)
(25.5663 6.96463 -4.92701e-17)
(25.5765 6.97615 6.52847e-17)
(25.5877 6.9846 -3.21962e-16)
(25.5988 6.98925 -1.95432e-16)
(25.6101 6.99019 2.73486e-18)
(25.621 6.98803 -1.02193e-16)
(25.6297 6.98129 5.29338e-17)
(25.6391 6.9747 -1.75687e-16)
(25.641 6.957 3.58807e-17)
(25.6493 6.95364 -3.54861e-17)
(25.6664 6.95851 2.48806e-17)
(25.6874 6.96261 0)
(25.7073 6.96273 -1.5381e-16)
(25.7266 6.95968 3.59014e-16)
(25.7462 6.95421 -2.05582e-16)
(25.7658 6.94647 1.46012e-16)
(25.785 6.93655 -3.16484e-16)
(25.8037 6.92463 1.70233e-16)
(25.8216 6.91102 -9.95458e-17)
(25.8385 6.89607 5.03533e-17)
(25.854 6.88031 -1.72381e-16)
(25.8678 6.86439 1.48631e-16)
(25.8797 6.84912 0)
(25.8896 6.83488 0)
(25.8983 6.82117 4.58759e-18)
(25.9061 6.80733 -4.3961e-18)
(25.9133 6.79343 1.37743e-17)
(25.92 6.77963 0)
(25.9256 6.76558 0)
(25.9302 6.75176 7.06506e-17)
(25.9342 6.73808 -7.04632e-17)
(25.9377 6.72453 1.62207e-17)
(25.9405 6.71112 0)
(25.9426 6.69776 0)
(25.944 6.68425 -6.39464e-17)
(25.9447 6.67036 -3.2467e-17)
(25.9443 6.65558 2.64507e-17)
(25.9437 6.64196 2.9382e-17)
(25.5507 6.93684 1.66627e-17)
(25.5446 6.92052 7.67795e-17)
(25.5392 6.89968 -1.16554e-16)
(25.5352 6.8761 -4.78614e-16)
(25.533 6.84679 0)
(25.5294 6.82385 -3.72721e-17)
(25.5385 6.78438 6.42562e-16)
(25.5265 6.76806 -6.34083e-16)
(25.5151 6.72161 -9.47277e-16)
(25.4888 6.69095 -5.6625e-16)
(25.4721 6.66778 6.47578e-16)
(25.4651 6.64759 -1.06248e-15)
(25.4613 6.6313 -1.89238e-16)
(25.4587 6.61854 0)
(25.4571 6.60844 -1.07066e-16)
(25.4565 6.60022 -4.49743e-16)
(25.4565 6.59346 9.86812e-16)
(25.4568 6.58784 -2.38817e-16)
(25.4574 6.58304 -2.39069e-16)
(25.4582 6.5788 3.0206e-17)
(25.4592 6.5749 2.91958e-17)
(25.4605 6.57116 2.60357e-16)
(25.4622 6.56742 -1.99917e-16)
(25.4643 6.56368 0)
(25.467 6.5602 7.99567e-17)
(25.4702 6.55725 -1.60887e-16)
(25.4736 6.55492 2.04035e-17)
(25.4774 6.55317 2.61457e-17)
(25.4815 6.55201 -3.92246e-19)
(25.4859 6.5514 0)
(25.4905 6.55133 3.54538e-17)
(25.4953 6.55177 5.66485e-17)
(25.5004 6.5527 -2.04601e-16)
(25.5056 6.55411 1.11337e-16)
(25.5111 6.556 -2.12214e-17)
(25.5168 6.55842 0)
(25.5231 6.56145 -3.86954e-17)
(25.5299 6.56536 0)
(25.537 6.5695 6.79537e-17)
(25.5664 6.93905 -2.47389e-17)
(25.5733 6.95038 2.33283e-17)
(25.5817 6.96005 8.918e-18)
(25.5908 6.96675 2.40302e-16)
(25.5996 6.96988 -1.55031e-16)
(25.6084 6.96951 1.62581e-16)
(25.6166 6.96625 1.85395e-16)
(25.6228 6.95891 8.58112e-17)
(25.6294 6.95196 -5.73191e-17)
(25.6288 6.93454 0)
(25.6351 6.93209 1.1176e-17)
(25.6501 6.93763 0)
(25.6691 6.94214 1.62654e-16)
(25.6874 6.94266 -1.47444e-16)
(25.7054 6.94011 -1.429e-16)
(25.7236 6.93517 1.84717e-16)
(25.7418 6.92795 -1.71965e-16)
(25.7599 6.91854 3.49908e-16)
(25.7775 6.90716 -1.92166e-16)
(25.7943 6.8941 4.15924e-17)
(25.8102 6.87974 -4.54972e-17)
(25.8248 6.86463 -2.28951e-17)
(25.8378 6.84943 6.83556e-17)
(25.8489 6.83494 -1.18527e-17)
(25.8581 6.82152 0)
(25.8662 6.80871 1.37338e-17)
(25.8735 6.79586 -1.5453e-17)
(25.8801 6.78304 0)
(25.8864 6.77042 -2.81272e-17)
(25.8916 6.75759 3.0616e-17)
(25.8959 6.74507 5.63399e-17)
(25.8997 6.73272 -5.62541e-17)
(25.9031 6.72054 -1.24943e-16)
(25.9059 6.70851 1.71506e-18)
(25.9082 6.69656 2.16562e-18)
(25.9098 6.68449 1.31067e-16)
(25.9108 6.67213 0)
(25.9108 6.65909 -3.23364e-18)
(25.9103 6.6474 0)
(25.5605 6.92611 -6.13925e-17)
(25.5556 6.91157 1.91042e-16)
(25.5513 6.89301 0)
(25.5482 6.87157 3.70924e-18)
(25.5464 6.84524 7.79636e-16)
(25.5441 6.82493 -1.32398e-15)
(25.5522 6.78585 -5.54803e-16)
(25.5358 6.77423 0)
(25.5237 6.72367 8.42699e-16)
(25.4938 6.69187 -9.54114e-16)
(25.4735 6.669 5.96849e-16)
(25.4635 6.64899 3.30432e-16)
(25.4572 6.63306 1.77751e-16)
(25.4524 6.62092 0)
(25.449 6.61149 2.79765e-18)
(25.4469 6.60385 -5.01058e-17)
(25.4455 6.5975 5.13689e-17)
(25.4446 6.59216 0)
(25.4441 6.58756 -4.24341e-16)
(25.4439 6.58347 4.27854e-16)
(25.4441 6.57973 -2.68863e-17)
(25.4446 6.57617 -2.60232e-16)
(25.4456 6.57266 2.58413e-18)
(25.4471 6.56922 1.26298e-16)
(25.4493 6.56609 2.07414e-16)
(25.4521 6.5635 -9.7257e-17)
(25.4553 6.56152 -1.06948e-19)
(25.4591 6.56012 1.73504e-17)
(25.4632 6.55931 -1.11825e-17)
(25.4678 6.55905 0)
(25.4727 6.55933 5.47895e-18)
(25.478 6.56012 8.39263e-17)
(25.4835 6.56139 -1.44636e-16)
(25.4894 6.56315 6.118e-17)
(25.4955 6.5654 1.93374e-17)
(25.5022 6.56819 -1.85598e-17)
(25.5093 6.57157 1.39364e-16)
(25.5174 6.57586 2.77978e-17)
(25.5254 6.58018 -2.28409e-16)
(25.5743 6.92619 -4.52379e-17)
(25.5796 6.9357 2.63846e-18)
(25.586 6.94352 4.66504e-17)
(25.593 6.94857 -1.1216e-16)
(25.5996 6.95035 1.57835e-16)
(25.606 6.94897 0)
(25.6118 6.94498 2.21886e-16)
(25.6158 6.93756 -1.84989e-16)
(25.62 6.93074 5.16796e-17)
(25.6177 6.91448 3.0793e-18)
(25.6224 6.91337 -9.46308e-17)
(25.6351 6.91933 -3.33805e-17)
(25.6517 6.92391 1.28908e-17)
(25.6681 6.92465 -1.16171e-16)
(25.6845 6.92244 1.46571e-16)
(25.7011 6.91784 -3.27133e-17)
(25.7179 6.911 -1.98385e-16)
(25.7345 6.90205 2.01231e-16)
(25.7507 6.89121 7.92307e-17)
(25.7664 6.87875 -2.60423e-17)
(25.7813 6.86499 -1.31561e-16)
(25.795 6.85044 4.39764e-17)
(25.8073 6.83572 1.48356e-16)
(25.8179 6.8216 -1.15928e-16)
(25.8268 6.80843 4.08608e-17)
(25.8346 6.79579 0)
(25.8418 6.78306 1.48653e-18)
(25.8482 6.77035 -1.71128e-17)
(25.8544 6.75787 3.20853e-17)
(25.8596 6.74511 -1.55947e-18)
(25.8637 6.73272 0)
(25.8675 6.72057 0)
(25.8709 6.70867 0)
(25.8737 6.69701 9.79096e-18)
(25.8759 6.68551 -7.4651e-17)
(25.8777 6.67399 -7.9363e-17)
(25.8791 6.66222 1.77653e-16)
(25.8802 6.64957 1.25919e-16)
(25.8814 6.63795 -2.9137e-16)
(25.5697 6.91513 2.68902e-17)
(25.5659 6.90253 1.22834e-16)
(25.5626 6.88641 2.08525e-16)
(25.5602 6.86737 9.86665e-18)
(25.5588 6.84452 -1.41223e-15)
(25.5575 6.82649 8.89737e-16)
(25.5632 6.78831 5.07076e-16)
(25.5436 6.78253 0)
(25.5327 6.72604 0)
(25.499 6.69273 -4.20402e-16)
(25.4738 6.66963 0)
(25.4592 6.64868 0)
(25.4487 6.63179 1.53548e-16)
(25.4404 6.61915 -6.77555e-16)
(25.4348 6.60978 7.14564e-16)
(25.4316 6.60266 9.19162e-17)
(25.4297 6.59711 -3.74579e-16)
(25.4287 6.59268 7.60448e-16)
(25.4281 6.58897 -7.41205e-16)
(25.428 6.58571 3.83965e-16)
(25.4282 6.58272 0)
(25.4288 6.57988 3.54851e-17)
(25.43 6.57709 0)
(25.4321 6.57441 -2.26342e-17)
(25.4351 6.57213 7.61007e-17)
(25.439 6.57048 -1.531e-18)
(25.4435 6.56951 -4.92951e-17)
(25.4486 6.56915 -4.50089e-17)
(25.4542 6.56938 -2.03479e-17)
(25.4603 6.57015 -1.94694e-17)
(25.4668 6.57142 -2.80818e-17)
(25.4737 6.57316 1.14765e-17)
(25.4809 6.57535 -7.54063e-18)
(25.4885 6.57797 7.33979e-17)
(25.4964 6.58106 8.84544e-18)
(25.5049 6.58468 1.6887e-17)
(25.5141 6.58893 0)
(25.5247 6.59418 -3.0402e-17)
(25.5348 6.59937 -2.18339e-16)
(25.581 6.9129 -4.13789e-17)
(25.5848 6.92052 7.60543e-17)
(25.5893 6.92651 -5.40558e-17)
(25.5941 6.93002 -4.60467e-17)
(25.5986 6.93069 -1.98729e-16)
(25.6029 6.92864 2.43208e-16)
(25.6066 6.92436 -2.44119e-16)
(25.6089 6.91742 -8.21919e-17)
(25.6112 6.91128 4.53718e-17)
(25.6083 6.89695 0)
(25.6117 6.89768 -1.03619e-17)
(25.6218 6.90379 -1.14017e-17)
(25.6356 6.90822 1.51266e-17)
(25.6497 6.90908 -2.1185e-17)
(25.6642 6.90704 -1.28059e-16)
(25.6791 6.90246 1.49634e-16)
(25.6943 6.89549 -2.1291e-17)
(25.7096 6.88637 7.06097e-17)
(25.7245 6.87541 -1.56501e-16)
(25.7389 6.86298 2.34825e-17)
(25.7525 6.8495 -1.03244e-17)
(25.765 6.83554 -9.37663e-17)
(25.7761 6.82175 1.57634e-16)
(25.7855 6.80889 -7.59142e-17)
(25.7933 6.79722 3.03632e-17)
(25.8002 6.78624 0)
(25.8065 6.77534 -4.05635e-18)
(25.8122 6.76457 3.24428e-18)
(25.818 6.7541 -1.5774e-18)
(25.8226 6.74352 3.99218e-18)
(25.8264 6.73333 6.54419e-17)
(25.8301 6.72331 -6.54706e-17)
(25.8336 6.71346 3.84724e-18)
(25.8366 6.70378 -5.23782e-18)
(25.8393 6.6942 -8.82647e-18)
(25.8415 6.68459 0)
(25.8432 6.67481 9.51307e-17)
(25.8437 6.66478 -9.55045e-17)
(25.8433 6.6563 0)
(25.5777 6.90384 -5.50937e-19)
(25.5749 6.89335 0)
(25.5725 6.87986 -1.87371e-16)
(25.5707 6.8636 3.65553e-16)
(25.5694 6.84465 6.38273e-16)
(25.5686 6.82845 -5.20229e-16)
(25.571 6.7928 0)
(25.5507 6.79411 7.02866e-16)
(25.5419 6.72805 -1.9136e-15)
(25.5027 6.69308 1.82943e-15)
(25.4718 6.67077 0)
(25.4531 6.65033 1.15818e-15)
(25.4394 6.63349 -1.38122e-15)
(25.4283 6.62028 0)
(25.4205 6.60992 4.32161e-17)
(25.4159 6.6018 -7.08982e-16)
(25.4137 6.59555 9.84521e-16)
(25.4132 6.5908 -3.28227e-16)
(25.4138 6.58714 3.2833e-16)
(25.4153 6.58421 -2.46509e-18)
(25.4173 6.58176 -3.5061e-16)
(25.42 6.5796 -2.12873e-17)
(25.4235 6.57762 0)
(25.4279 6.57591 0)
(25.4334 6.57472 -1.51228e-16)
(25.4399 6.57425 1.56629e-16)
(25.4471 6.57454 -4.85252e-18)
(25.4549 6.57552 2.39159e-18)
(25.4633 6.57714 -2.94031e-19)
(25.4722 6.57932 0)
(25.4814 6.58202 -4.51303e-18)
(25.4909 6.58518 5.70595e-17)
(25.5006 6.58873 6.67435e-17)
(25.5105 6.59264 -1.36068e-16)
(25.5206 6.59692 -8.04607e-18)
(25.5313 6.60163 0)
(25.5425 6.60694 -2.36003e-16)
(25.5553 6.61338 9.2133e-18)
(25.5676 6.62046 8.89779e-18)
(25.5859 6.899 0)
(25.5884 6.90467 1.27087e-16)
(25.5912 6.90889 -1.05096e-16)
(25.5943 6.91103 4.25889e-17)
(25.597 6.91087 -1.45115e-16)
(25.5995 6.90854 1.48904e-16)
(25.6015 6.90446 8.04733e-17)
(25.6027 6.89863 -1.0286e-16)
(25.6038 6.89362 2.72991e-17)
(25.6013 6.88197 0)
(25.6038 6.88504 9.09742e-18)
(25.6109 6.89113 -4.90565e-18)
(25.6214 6.89522 2.96416e-19)
(25.6328 6.89617 4.54378e-17)
(25.6448 6.89454 -1.22427e-16)
(25.6573 6.89055 1.69201e-16)
(25.6702 6.88423 -2.17524e-17)
(25.6835 6.87567 -5.595e-17)
(25.697 6.865 0)
(25.7104 6.85245 1.18554e-16)
(25.7234 6.83839 -1.12244e-16)
(25.7358 6.82334 -1.03597e-17)
(25.7472 6.80797 -3.51207e-17)
(25.7572 6.79309 3.88488e-17)
(25.7657 6.77917 2.21994e-17)
(25.7731 6.76585 -2.35483e-17)
(25.7799 6.75253 6.16889e-19)
(25.786 6.73936 -5.95368e-18)
(25.792 6.72672 -1.96554e-18)
(25.7974 6.71352 -3.6692e-18)
(25.8015 6.70103 5.37113e-17)
(25.8051 6.68899 -5.3787e-17)
(25.8086 6.67737 -3.54105e-18)
(25.8116 6.66613 1.02741e-16)
(25.8142 6.65521 -1.20582e-18)
(25.8166 6.64438 -1.03664e-16)
(25.8191 6.63338 4.53867e-18)
(25.8227 6.62118 -1.64636e-17)
(25.8272 6.60995 8.17591e-18)
(25.5836 6.89206 7.17707e-17)
(25.5817 6.88388 1.08519e-16)
(25.5799 6.87332 -2.50185e-16)
(25.5787 6.86039 1.6512e-16)
(25.578 6.84566 1.46196e-16)
(25.5776 6.83134 0)
(25.5774 6.80153 1.74643e-16)
(25.5607 6.80972 -1.31677e-16)
(25.5515 6.72716 5.64699e-16)
(25.5012 6.6849 -2.25834e-15)
(25.4627 6.66102 5.74859e-16)
(25.4423 6.64395 9.08572e-16)
(25.4308 6.63345 1.27988e-16)
(25.424 6.62698 -1.53182e-15)
(25.4203 6.62211 -2.43325e-18)
(25.4187 6.61774 5.71287e-16)
(25.4184 6.61364 5.58562e-16)
(25.4192 6.60989 -6.05857e-16)
(25.4211 6.6066 0)
(25.424 6.60385 -3.02659e-16)
(25.4281 6.60168 3.02875e-16)
(25.4333 6.60017 1.85966e-17)
(25.4398 6.59944 -3.02101e-16)
(25.4478 6.59953 2.89636e-16)
(25.4569 6.60022 -5.99456e-19)
(25.4666 6.6013 7.44189e-17)
(25.4766 6.60272 -6.54987e-17)
(25.487 6.60447 -2.18469e-18)
(25.4976 6.60657 2.68367e-19)
(25.5084 6.60901 6.61591e-17)
(25.5193 6.61176 -1.3505e-16)
(25.5302 6.61485 -5.84869e-17)
(25.5412 6.61829 1.26669e-16)
(25.5522 6.62212 3.57054e-18)
(25.5633 6.6264 0)
(25.5746 6.63123 2.26348e-16)
(25.5861 6.63657 -2.23105e-16)
(25.5976 6.64237 2.08352e-16)
(25.6069 6.64619 -2.23725e-16)
(25.5891 6.88405 3.97949e-17)
(25.5908 6.88768 -7.66263e-18)
(25.5926 6.89016 -1.61648e-16)
(25.5946 6.89115 1.65233e-16)
(25.5962 6.89056 5.54815e-17)
(25.5977 6.88849 0)
(25.5987 6.88529 4.08876e-17)
(25.5993 6.88122 0)
(25.5996 6.87773 0)
(25.5979 6.86978 0)
(25.5991 6.87523 2.0097e-18)
(25.6025 6.88159 4.33156e-18)
(25.6094 6.88544 3.95007e-18)
(25.6184 6.8855 3.56495e-17)
(25.6285 6.88232 -1.50803e-18)
(25.639 6.87654 -4.13621e-17)
(25.6497 6.86874 0)
(25.6604 6.85939 9.5319e-18)
(25.6711 6.84887 0)
(25.6816 6.83759 -7.51641e-17)
(25.6915 6.82598 7.38118e-17)
(25.7006 6.81459 0)
(25.7085 6.80395 0)
(25.7151 6.79455 0)
(25.7207 6.78631 -1.13646e-17)
(25.7261 6.77858 1.25374e-17)
(25.7311 6.77097 -5.64752e-19)
(25.7358 6.76337 4.13573e-18)
(25.741 6.75583 -3.33739e-17)
(25.7445 6.74944 5.15245e-17)
(25.7479 6.74266 -2.44821e-17)
(25.7514 6.73563 4.73901e-17)
(25.7549 6.72874 -4.74351e-17)
(25.7581 6.72203 -4.58152e-17)
(25.7612 6.7154 4.56516e-17)
(25.7638 6.70877 0)
(25.7659 6.70215 -7.78689e-17)
(25.7653 6.69616 1.52749e-17)
(25.7631 6.69131 9.69555e-17)
(25.5876 6.87948 -4.1244e-17)
(25.5863 6.87401 1.92286e-16)
(25.5854 6.86697 -7.45235e-17)
(25.585 6.85828 -6.8518e-16)
(25.5855 6.8484 3.87212e-16)
(25.5866 6.83736 0)
(25.5875 6.81768 -1.59441e-16)
(25.5789 6.8281 1.19718e-16)
(25.5656 6.72716 1.40301e-16)
(25.5025 6.66514 1.76868e-16)
(25.4556 6.62448 1.94581e-16)
(25.4317 6.59941 8.23653e-16)
(25.4218 6.58901 -1.05328e-15)
(25.4206 6.58872 0)
(25.4255 6.59379 5.78658e-16)
(25.4338 6.60095 -5.38087e-16)
(25.4432 6.6085 1.64729e-17)
(25.452 6.61553 5.11797e-16)
(25.4596 6.62158 -1.01786e-17)
(25.4663 6.62661 -5.0928e-16)
(25.4724 6.63061 5.11895e-18)
(25.4787 6.63371 2.34491e-16)
(25.4861 6.63597 -2.36766e-16)
(25.4958 6.63784 0)
(25.5075 6.64031 -7.7749e-18)
(25.5197 6.64381 0)
(25.5315 6.64801 0)
(25.5428 6.65257 0)
(25.5535 6.65737 2.69221e-17)
(25.5638 6.6623 2.6245e-17)
(25.5736 6.66729 4.8955e-17)
(25.5829 6.67224 -1.01995e-16)
(25.5917 6.67709 0)
(25.6 6.68181 -1.96817e-16)
(25.608 6.68647 1.8388e-16)
(25.6162 6.69123 -1.77457e-16)
(25.6254 6.69662 6.45652e-18)
(25.6381 6.7036 1.64437e-16)
(25.6524 6.71357 -7.07656e-18)
(25.5935 6.86749 -1.05571e-18)
(25.5944 6.86877 -9.65808e-17)
(25.5954 6.86956 2.25984e-16)
(25.5965 6.86974 -3.76453e-16)
(25.5974 6.86933 1.87551e-16)
(25.598 6.86835 1.05871e-16)
(25.5985 6.86699 -2.47868e-16)
(25.5986 6.86545 1.24889e-16)
(25.5986 6.86407 -3.66414e-17)
(25.5978 6.86123 2.86352e-17)
(25.5982 6.86705 -1.77771e-18)
(25.5975 6.87381 0)
(25.5983 6.88067 1.97009e-17)
(25.6015 6.88478 -2.21952e-17)
(25.607 6.88517 0)
(25.6144 6.88153 0)
(25.6236 6.87388 0)
(25.6341 6.86242 3.87492e-17)
(25.6459 6.84746 -1.24468e-17)
(25.6587 6.82947 -2.75991e-17)
(25.6724 6.80912 0)
(25.6866 6.78737 3.31086e-17)
(25.7008 6.76541 -7.43519e-17)
(25.7138 6.74461 4.15062e-17)
(25.7247 6.72566 0)
(25.7341 6.70773 -3.17029e-19)
(25.7431 6.69028 0)
(25.7515 6.67307 -2.40815e-18)
(25.7614 6.65582 -3.16088e-17)
(25.7705 6.63998 7.10157e-17)
(25.7759 6.62465 -3.78411e-17)
(25.7818 6.61 0)
(25.7883 6.59589 7.97286e-17)
(25.7944 6.58232 -1.60033e-16)
(25.7999 6.56922 8.01104e-17)
(25.8057 6.55624 1.66408e-16)
(25.8125 6.54305 -1.64657e-16)
(25.8232 6.5285 1.77718e-18)
(25.8367 6.51582 0)
(25.5928 6.86581 1.60292e-16)
(25.5924 6.86379 1.82343e-16)
(25.5922 6.86123 -5.65771e-16)
(25.5925 6.85806 3.40334e-16)
(25.5935 6.85436 -4.31436e-16)
(25.5956 6.84975 3.4976e-16)
(25.5988 6.84315 -3.66373e-16)
(25.5989 6.84724 8.24564e-16)
(25.5884 6.76387 -8.82811e-16)
(25.5379 6.70153 1.06423e-16)
(25.5013 6.64667 0)
(25.4793 6.60233 8.20679e-16)
(25.4654 6.57053 -1.8137e-15)
(25.4571 6.54922 1.05153e-15)
(25.4548 6.53562 1.25983e-15)
(25.458 6.52723 -6.52843e-16)
(25.4656 6.52225 1.31456e-17)
(25.4767 6.51922 -1.46108e-15)
(25.49 6.51719 7.41279e-16)
(25.5046 6.51564 0)
(25.5196 6.51427 -4.52318e-18)
(25.5343 6.51295 -3.52071e-16)
(25.5476 6.51165 3.51311e-16)
(25.5575 6.51071 3.41755e-16)
(25.5637 6.51068 -5.10593e-16)
(25.5688 6.51165 1.70669e-16)
(25.5746 6.51341 0)
(25.5808 6.51587 0)
(25.587 6.51897 0)
(25.5932 6.52263 8.16314e-17)
(25.5995 6.52678 8.05586e-17)
(25.6058 6.53134 -1.60871e-16)
(25.6121 6.53621 0)
(25.6183 6.54131 3.63292e-18)
(25.6242 6.54658 -2.8848e-16)
(25.629 6.55197 2.8832e-16)
(25.6317 6.55769 -2.74262e-16)
(25.6284 6.56376 8.02553e-16)
(25.6208 6.5716 -5.4043e-16)
(23.7944 6.35884 -6.61917e-18)
(19.2389 5.49094 -1.61687e-18)
(15.4688 4.64042 1.21984e-17)
(12.3384 3.86538 0)
(9.68931 3.13088 0)
(7.40985 2.42978 -2.23077e-18)
(5.42097 1.76524 0)
(3.66473 1.13836 0)
(2.09862 0.547852 0)
(0.695498 -0.0057608 0)
(-0.562749 -0.5221 -3.83896e-18)
(-1.68843 -1.00112 0)
(-2.68849 -1.44202 0)
(-3.56497 -1.84298 0)
(-4.31877 -2.20242 -2.20415e-17)
(-4.94613 -2.51786 0)
(-5.43841 -2.7865 7.50762e-18)
(-5.78242 -3.00527 -7.68851e-18)
(-5.96105 -3.1711 0)
(-5.95519 -3.28038 0)
(-5.74805 -3.33024 0)
(-5.32563 -3.31943 0)
(-4.67344 -3.24793 0)
(-3.77349 -3.11562 1.84923e-17)
(-2.60641 -2.92299 0)
(-1.15007 -2.6699 0)
(0.620084 -2.35404 0)
(2.72422 -1.96975 0)
(5.18094 -1.50627 0)
(8.01354 -0.949286 -5.05367e-17)
(11.2375 -0.284124 0)
(14.8295 0.495854 0)
(18.6723 1.37405 1.89232e-16)
(22.4998 2.29206 0)
(25.8766 3.14314 0)
(28.2987 3.79939 0)
(29.4797 4.18988 0)
(29.6554 4.37697 0)
(29.3572 4.48782 -5.73237e-17)
(28.9826 4.60109 0)
(28.688 4.7341 2.2278e-16)
(28.4799 4.87811 -4.00422e-16)
(28.3167 5.02139 0)
(28.1652 5.15673 0)
(28.0146 5.28239 0)
(27.8663 5.3995 0)
(27.7246 5.50943 2.30331e-16)
(27.5912 5.6128 0)
(27.466 5.70976 4.62482e-17)
(27.3483 5.80039 0)
(27.2376 5.88481 0)
(27.1335 5.96325 2.60647e-16)
(27.0358 6.03591 2.35703e-17)
(26.9441 6.10305 -1.9804e-17)
(26.8582 6.1649 0)
(26.7776 6.22169 0)
(26.7022 6.27367 0)
(26.6315 6.32109 -1.93051e-17)
(26.5653 6.36419 2.24916e-16)
(26.5032 6.40322 0)
(26.4449 6.43841 -3.71447e-16)
(26.3901 6.46999 0)
(26.3386 6.49817 0)
(26.2899 6.52319 0)
(26.244 6.54519 0)
(26.2004 6.5645 1.88024e-16)
(26.1592 6.58093 0)
(26.1245 6.59353 7.30514e-18)
(26.0948 6.60297 0)
(26.0648 6.61151 -2.61355e-16)
(26.0344 6.61929 0)
(26.004 6.62538 -6.1178e-18)
(25.9727 6.63151 0)
(25.9422 6.63311 0)
(25.9091 6.64024 0)
(25.8816 6.63024 3.70322e-18)
(25.8428 6.65169 1.03804e-16)
(25.8296 6.60221 0)
(25.7626 6.68959 -4.87708e-17)
(25.8441 6.50863 0)
(28.7684 6.92607 1.06736e-17)
(30.2401 6.89897 0)
(30.488 6.89007 -1.56684e-20)
(30.5256 6.88746 0)
(30.4382 6.8544 0)
(30.3603 6.85456 -1.39849e-19)
(30.2733 6.8138 0)
(30.1882 6.81485 0)
(30.1014 6.77873 0)
(30.0117 6.76963 0)
(29.9218 6.74164 0)
(29.8295 6.72444 -5.97783e-19)
(29.7363 6.7005 6.28607e-19)
(29.6414 6.6795 0)
(29.5454 6.65647 0)
(29.4481 6.63391 0)
(29.3498 6.61067 -3.48753e-17)
(29.2504 6.58741 0)
(29.15 6.56387 0)
(29.0489 6.54024 0)
(28.9469 6.51654 0)
(28.8444 6.49285 0)
(28.7413 6.4693 0)
(28.6378 6.44591 0)
(28.5339 6.42283 0)
(28.4298 6.40015 1.75763e-18)
(28.3257 6.37802 0)
(28.2216 6.35653 0)
(28.1176 6.33582 -6.55403e-17)
(28.014 6.31604 0)
(27.9109 6.29731 0)
(27.8085 6.27979 0)
(27.7069 6.26359 0)
(27.6063 6.24887 8.24808e-17)
(27.5069 6.23571 4.80155e-19)
(27.409 6.22426 0)
(27.3127 6.21458 -2.19306e-20)
(27.2183 6.20678 0)
(27.126 6.2009 0)
(27.036 6.19698 -9.60042e-19)
(26.9486 6.19506 7.39507e-17)
(26.8638 6.1951 0)
(26.782 6.19709 5.5818e-17)
(26.7033 6.20098 3.07805e-18)
(26.6277 6.20669 0)
(26.5555 6.21412 -6.88197e-17)
(26.4867 6.22316 0)
(26.4213 6.23366 0)
(26.3593 6.24549 -3.51989e-17)
(26.3007 6.25847 0)
(26.2454 6.27243 5.19931e-18)
(26.1932 6.28721 3.45444e-17)
(26.1442 6.30266 0)
(26.0981 6.31862 1.13529e-17)
(26.055 6.33495 0)
(26.0148 6.35152 0)
(25.9772 6.36821 0)
(25.9421 6.38488 1.50747e-17)
(25.9091 6.40139 0)
(25.878 6.41762 5.84746e-17)
(25.8485 6.43344 0)
(25.8203 6.44878 7.17001e-17)
(25.7933 6.46358 0)
(25.7675 6.47784 0)
(25.7428 6.49156 4.48716e-18)
(25.7193 6.50481 -3.92805e-18)
(25.6965 6.51735 -8.06735e-17)
(25.677 6.52766 0)
(25.6593 6.53601 0)
(25.6393 6.54416 -8.91782e-17)
(25.6164 6.55173 -1.69608e-16)
(25.5907 6.55869 0)
(25.564 6.56548 -1.4923e-16)
(25.5414 6.57337 -1.38505e-16)
(25.5311 6.58425 2.66651e-18)
(25.5424 6.60377 2.36604e-16)
(25.5766 6.62636 4.55465e-18)
(25.6143 6.64935 0)
(25.6598 6.72029 0)
(25.6213 6.57926 -5.73813e-16)
(28.704 7.82385 8.43163e-18)
(26.8883 7.59637 -1.25391e-18)
(24.5822 7.26489 -1.72849e-17)
(22.0919 6.85141 0)
(19.5745 6.36788 0)
(17.1107 5.83174 -8.0488e-18)
(14.7425 5.25826 0)
(12.4917 4.65923 0)
(10.3689 4.04427 1.16992e-17)
(8.37826 3.42155 0)
(6.52073 2.7983 -2.73735e-17)
(4.79565 2.1809 0)
(3.20204 1.57535 0)
(1.7393 0.986794 0)
(0.411281 0.420927 0)
(-0.775651 -0.116946 0)
(-1.81317 -0.621803 7.35966e-18)
(-2.68993 -1.08803 -7.33361e-18)
(-3.39103 -1.50962 0)
(-3.89729 -1.88027 0)
(-4.18506 -2.19359 0)
(-4.22733 -2.44362 -5.5699e-17)
(-3.99783 -2.6244 0)
(-3.47778 -2.73061 1.59447e-17)
(-2.65463 -2.75946 0)
(-1.51807 -2.70842 0)
(-0.063301 -2.57452 0)
(1.71693 -2.35303 6.07641e-17)
(3.842 -2.03934 0)
(6.32768 -1.62498 -1.63807e-16)
(9.1835 -1.09756 0)
(12.4034 -0.44315 0)
(15.9427 0.344437 -1.78628e-16)
(19.6693 1.24619 0)
(23.305 2.19671 0)
(26.3904 3.07223 2.54015e-16)
(28.3813 3.71617 0)
(29.0914 4.06755 0)
(28.9767 4.23565 -6.27098e-17)
(28.6208 4.35949 1.92798e-16)
(28.3164 4.49801 -4.91162e-17)
(28.1165 4.65315 7.21887e-16)
(27.9814 4.8129 0)
(27.8666 4.96707 0)
(27.7512 5.11114 0)
(27.6333 5.24506 0)
(27.5175 5.37021 -2.30232e-16)
(27.407 5.48752 0)
(27.3027 5.59732 5.59427e-17)
(27.2039 5.69969 0)
(27.1103 5.79481 0)
(27.0215 5.88292 -3.37785e-17)
(26.9375 5.96433 2.30843e-16)
(26.858 6.03936 -2.3908e-17)
(26.783 6.10832 0)
(26.7122 6.1715 0)
(26.6453 6.22923 0)
(26.5822 6.2818 -2.3415e-17)
(26.5227 6.32951 -2.23586e-16)
(26.4665 6.37265 0)
(26.4135 6.41151 0)
(26.3633 6.44635 0)
(26.3157 6.47742 2.49593e-16)
(26.2706 6.505 0)
(26.2277 6.52924 -1.92587e-16)
(26.1867 6.55055 0)
(26.1478 6.56871 0)
(26.1148 6.58264 9.16052e-18)
(26.0866 6.5931 0)
(26.0579 6.60264 1.27529e-16)
(26.0287 6.61139 0)
(25.9993 6.61826 -7.60559e-18)
(25.9691 6.62533 0)
(25.9395 6.62737 -1.15422e-16)
(25.9072 6.63563 0)
(25.8803 6.62536 5.25629e-18)
(25.8427 6.64864 -1.03458e-16)
(25.8287 6.59774 0)
(25.765 6.68792 0)
(25.8438 6.50576 0)
(29.6002 7.86813 0)
(30.0056 7.86159 0)
(29.9243 7.82402 -2.27783e-18)
(29.8671 7.78593 0)
(29.8032 7.74618 2.08929e-17)
(29.7425 7.70299 -4.0055e-18)
(29.679 7.66141 0)
(29.6147 7.61765 0)
(29.5481 7.57299 0)
(29.4801 7.52896 0)
(29.4104 7.48263 0)
(29.339 7.43733 -5.75207e-18)
(29.2661 7.3904 5.40153e-18)
(29.1915 7.3439 0)
(29.1155 7.29666 0)
(29.038 7.24951 0)
(28.9591 7.20214 3.21824e-17)
(28.8788 7.15487 0)
(28.7973 7.10774 -5.1271e-17)
(28.7146 7.06085 0)
(28.6308 7.01434 -4.63932e-17)
(28.5459 6.96829 0)
(28.4601 6.92289 0)
(28.3735 6.87821 0)
(28.2862 6.83438 0)
(28.1983 6.79152 7.67133e-17)
(28.1099 6.7498 0)
(28.0211 6.70928 0)
(27.9321 6.67013 0)
(27.843 6.63245 0)
(27.7539 6.59638 0)
(27.665 6.56205 0)
(27.5764 6.52956 0)
(27.4884 6.49905 -5.57941e-18)
(27.401 6.47061 7.23019e-17)
(27.3145 6.44436 0)
(27.2291 6.42037 -1.17182e-16)
(27.1449 6.39872 0)
(27.0622 6.37949 0)
(26.9811 6.36271 8.23065e-17)
(26.9019 6.34841 -7.23223e-17)
(26.8248 6.33658 -6.09244e-17)
(26.7499 6.32722 -5.47204e-17)
(26.6774 6.32029 -2.25915e-18)
(26.6075 6.31571 0)
(26.5403 6.31341 6.76759e-17)
(26.4758 6.31326 0)
(26.4142 6.31514 4.66391e-17)
(26.3554 6.3189 3.81016e-17)
(26.2995 6.32436 0)
(26.2464 6.33137 1.84274e-18)
(26.196 6.33974 -3.41316e-17)
(26.1484 6.34931 0)
(26.1034 6.3599 0)
(26.0612 6.37137 0)
(26.0215 6.38355 3.88365e-18)
(25.9842 6.39628 0)
(25.9492 6.4094 -2.61147e-17)
(25.9162 6.42275 -1.81222e-17)
(25.885 6.43617 -2.68916e-17)
(25.8552 6.44951 0)
(25.8267 6.46266 -2.6649e-18)
(25.7994 6.47556 0)
(25.7732 6.48817 7.06198e-17)
(25.7482 6.50047 3.85042e-18)
(25.7243 6.51249 -3.42884e-18)
(25.7011 6.52398 7.37693e-17)
(25.6812 6.53351 4.82319e-17)
(25.6629 6.54122 0)
(25.6424 6.54877 8.86581e-17)
(25.619 6.55578 1.63795e-16)
(25.5929 6.56225 0)
(25.5662 6.5687 1.41346e-16)
(25.5443 6.5765 1.31714e-16)
(25.5354 6.5876 2.73043e-18)
(25.5482 6.60727 -2.26987e-16)
(25.5831 6.6308 4.37462e-18)
(25.6213 6.65241 -2.08373e-16)
(25.6608 6.72369 0)
(25.6287 6.58654 5.71785e-16)
(29.1097 8.40496 1.51207e-18)
(28.6934 8.39182 -1.18204e-18)
(27.8503 8.31632 8.32489e-18)
(26.6345 8.17231 0)
(25.1279 7.95539 4.93569e-18)
(23.4082 7.66785 0)
(21.5415 7.31514 0)
(19.5821 6.90385 0)
(17.5739 6.44105 -3.16001e-18)
(15.5523 5.93434 0)
(13.546 5.39144 1.90148e-17)
(11.5779 4.81994 0)
(9.66755 4.22738 0)
(7.83176 3.62097 0)
(6.08588 3.00788 0)
(4.44495 2.39522 0)
(2.92449 1.79013 7.02296e-18)
(1.54172 1.19986 -2.50925e-17)
(0.316317 0.63207 0)
(-0.729371 0.094894 0)
(-1.57015 -0.402962 0)
(-2.17738 -0.851563 5.4474e-17)
(-2.52028 -1.24023 0)
(-2.56634 -1.55814 9.41216e-17)
(-2.28397 -1.79492 -3.89301e-17)
(-1.64788 -1.94189 0)
(-0.639981 -1.99324 0)
(0.752692 -1.94681 -5.8263e-17)
(2.53086 -1.79882 0)
(4.69242 -1.54577 -8.10031e-17)
(7.23235 -1.18227 0)
(10.1383 -0.700644 0)
(13.3816 -0.0919611 0)
(16.8933 0.647227 0)
(20.5194 1.49821 0)
(23.96 2.39664 -2.41543e-16)
(26.7111 3.20709 0)
(28.2277 3.76447 0)
(28.5295 4.04586 -6.02653e-17)
(28.2607 4.19608 -1.93825e-16)
(27.9434 4.33776 -1.76488e-16)
(27.7371 4.49893 -5.59556e-16)
(27.6209 4.66875 0)
(27.5402 4.83481 0)
(27.4619 4.99061 1.83755e-16)
(27.3773 5.13501 -1.67994e-16)
(27.29 5.26937 1.53468e-16)
(27.2046 5.39509 0)
(27.1229 5.51281 5.47122e-17)
(27.0447 5.62267 0)
(26.9698 5.72481 0)
(26.8979 5.81945 -3.33236e-17)
(26.8289 5.90691 0)
(26.7629 5.98753 -1.80255e-16)
(26.6999 6.06164 0)
(26.6397 6.12956 0)
(26.5823 6.19163 0)
(26.5276 6.24816 -4.33117e-16)
(26.4755 6.29949 1.83272e-16)
(26.4259 6.34591 0)
(26.3785 6.38772 0)
(26.3334 6.42524 0)
(26.2902 6.45871 -2.48106e-16)
(26.249 6.48845 0)
(26.2094 6.51461 1.91486e-16)
(26.1714 6.53763 0)
(26.1351 6.5573 0)
(26.104 6.57241 9.21353e-18)
(26.0773 6.58379 0)
(26.0501 6.59422 1.14706e-16)
(26.0223 6.60384 1.93569e-16)
(25.9941 6.61141 -7.68897e-18)
(25.965 6.61933 0)
(25.9363 6.62179 1.14914e-16)
(25.9052 6.63105 0)
(25.8785 6.62064 1.50532e-16)
(25.8428 6.64543 0)
(25.8272 6.59359 0)
(25.768 6.68591 0)
(25.8424 6.50314 0)
(29.171 8.36248 -1.29841e-17)
(29.1303 8.33739 0)
(29.0677 8.29099 -2.2349e-18)
(29.032 8.24894 0)
(28.9951 8.20423 -1.92826e-17)
(28.9577 8.158 -4.02628e-18)
(28.9189 8.11188 0)
(28.8787 8.06309 1.41982e-17)
(28.8369 8.01474 -1.38777e-17)
(28.7938 7.96425 0)
(28.7492 7.91353 0)
(28.703 7.86153 -6.07657e-18)
(28.6553 7.80887 5.75251e-18)
(28.606 7.75543 -2.42361e-17)
(28.5552 7.7013 0)
(28.5027 7.64662 0)
(28.4487 7.59146 -2.19012e-17)
(28.3931 7.53589 0)
(28.336 7.48009 4.83747e-17)
(28.2773 7.42414 0)
(28.2172 7.36818 8.11475e-17)
(28.1555 7.31235 0)
(28.0925 7.2568 0)
(28.0282 7.20169 6.42782e-17)
(27.9625 7.14716 0)
(27.8957 7.09339 -5.75353e-17)
(27.8278 7.04056 0)
(27.7588 6.98881 0)
(27.689 6.93832 0)
(27.6184 6.88927 0)
(27.5471 6.84182 0)
(27.4753 6.79613 0)
(27.4031 6.75235 0)
(27.3307 6.71064 -6.79655e-18)
(27.2582 6.67112 -5.96522e-17)
(27.1859 6.63393 5.441e-17)
(27.1138 6.59917 9.88011e-17)
(27.0423 6.56695 0)
(26.9715 6.53735 0)
(26.9015 6.51044 0)
(26.8326 6.48626 6.38122e-17)
(26.765 6.46483 5.96712e-17)
(26.6989 6.44617 0)
(26.6344 6.43025 -9.01393e-17)
(26.5717 6.41702 0)
(26.511 6.40642 0)
(26.4523 6.39835 5.39807e-17)
(26.3958 6.3927 -7.6828e-19)
(26.3415 6.38933 -3.03547e-19)
(26.2894 6.38808 0)
(26.2395 6.3888 -4.7176e-17)
(26.1919 6.39131 3.68179e-17)
(26.1466 6.39545 0)
(26.1036 6.40103 0)
(26.0629 6.4079 0)
(26.0244 6.41589 -9.37802e-18)
(25.988 6.42481 0)
(25.9537 6.43449 1.88786e-17)
(25.9211 6.44474 3.11657e-18)
(25.8901 6.45537 0)
(25.8604 6.46623 0)
(25.8318 6.47719 -2.52046e-18)
(25.8044 6.48817 0)
(25.778 6.49909 -7.01476e-17)
(25.7528 6.50993 3.7914e-18)
(25.7287 6.52069 -3.41196e-18)
(25.7052 6.53109 -7.33442e-17)
(25.6849 6.53978 -1.83018e-18)
(25.6663 6.54683 0)
(25.6453 6.55374 -8.25927e-17)
(25.6214 6.56013 -1.58086e-16)
(25.5949 6.56609 -1.46248e-16)
(25.5684 6.57217 -1.40679e-16)
(25.5473 6.57988 -3.1808e-18)
(25.54 6.59125 2.78979e-18)
(25.5543 6.61109 4.60536e-18)
(25.5899 6.63535 2.10309e-16)
(25.6289 6.65615 2.07689e-16)
(25.6614 6.72662 0)
(25.6371 6.59391 0)
(28.419 8.65928 1.72731e-18)
(28.4545 8.69759 -1.44505e-18)
(28.3636 8.71527 0)
(28.0464 8.7041 0)
(27.4656 8.65173 -1.65261e-18)
(26.6239 8.54821 0)
(25.5427 8.3879 0)
(24.252 8.16864 0)
(22.785 7.89051 -2.58343e-18)
(21.176 7.5551 0)
(19.4586 7.16532 -1.40114e-17)
(17.6648 6.72509 0)
(15.8247 6.23928 -5.4795e-18)
(13.9665 5.7134 5.41607e-18)
(12.1169 5.15349 0)
(10.3011 4.56603 0)
(8.54366 3.95803 5.3598e-18)
(6.8691 3.33703 0)
(5.30189 2.71105 0)
(3.86753 2.08897 0)
(2.59321 1.48057 0)
(1.50835 0.89673 0)
(0.646431 0.34961 -2.46532e-17)
(0.0447423 -0.147448 -1.35866e-17)
(-0.256957 -0.580108 1.38719e-17)
(-0.218173 -0.933845 0)
(0.196595 -1.19408 0)
(1.01129 -1.34839 0)
(2.24049 -1.388 -4.76451e-17)
(3.88836 -1.30656 1.24771e-16)
(5.95019 -1.09913 0)
(8.41223 -0.761631 0)
(11.2493 -0.29052 4.76365e-17)
(14.4149 0.315672 0)
(17.8182 1.05075 0)
(21.2838 1.88721 -8.93753e-17)
(24.4754 2.74969 0)
(26.8365 3.48507 0)
(27.8905 3.93861 -2.39704e-16)
(27.9069 4.14509 0)
(27.6066 4.27398 -8.67225e-17)
(27.3775 4.42032 7.5227e-17)
(27.266 4.58667 0)
(27.2135 4.75561 0)
(27.171 4.9163 -4.81102e-17)
(27.1203 5.06542 1.67701e-16)
(27.0619 5.20374 -3.54673e-17)
(27.0013 5.33298 0)
(26.9416 5.45417 5.19522e-17)
(26.8838 5.56761 0)
(26.8274 5.67339 0)
(26.7722 5.77164 -3.20717e-17)
(26.7183 5.86263 0)
(26.6659 5.94669 1.32608e-16)
(26.6149 6.0241 0)
(26.5655 6.09519 0)
(26.5178 6.16027 0)
(26.4716 6.21965 3.83984e-16)
(26.4271 6.27365 -3.44892e-16)
(26.3841 6.32256 0)
(26.3427 6.36668 0)
(26.3027 6.40633 0)
(26.2641 6.44175 2.09629e-16)
(26.2268 6.47327 0)
(26.1908 6.50105 0)
(26.1558 6.52554 0)
(26.1221 6.54652 0)
(26.093 6.56266 9.1736e-18)
(26.0679 6.57486 0)
(26.0422 6.58608 -6.07281e-18)
(26.0157 6.5965 -1.92455e-16)
(25.9888 6.60472 -7.70558e-18)
(25.9609 6.61342 -1.26993e-16)
(25.9332 6.61628 -1.05136e-16)
(25.9032 6.62646 1.65776e-16)
(25.8769 6.61597 0)
(25.8428 6.64212 0)
(25.8261 6.5895 0)
(25.7704 6.68385 0)
(25.8419 6.50022 0)
(28.3706 8.60589 9.26647e-18)
(28.3314 8.57838 0)
(28.3116 8.53452 -1.76937e-18)
(28.2919 8.4942 0)
(28.2714 8.45059 1.08701e-17)
(28.2501 8.40624 -3.24644e-18)
(28.2279 8.36032 0)
(28.2047 8.31302 -3.04085e-18)
(28.1806 8.2646 2.93523e-18)
(28.1555 8.21464 0)
(28.1292 8.16371 0)
(28.1019 8.11143 -5.21774e-18)
(28.0733 8.05817 4.99537e-18)
(28.0435 8.00381 4.77128e-18)
(28.0125 7.94851 0)
(27.9801 7.89237 0)
(27.9464 7.83546 4.09472e-18)
(27.9112 7.7779 0)
(27.8747 7.71979 -3.13727e-17)
(27.8367 7.66126 0)
(27.7972 7.60244 -3.55671e-17)
(27.7563 7.54348 0)
(27.7138 7.48449 0)
(27.6699 7.42564 -6.16575e-17)
(27.6245 7.36709 0)
(27.5777 7.30898 8.73252e-18)
(27.5294 7.2515 0)
(27.4798 7.1948 0)
(27.4289 7.13907 0)
(27.3767 7.08447 0)
(27.3233 7.03119 0)
(27.2688 6.97941 0)
(27.2134 6.9293 0)
(27.1571 6.88102 -7.45928e-18)
(27.1001 6.83475 5.80028e-17)
(27.0425 6.79064 -5.69017e-18)
(26.9845 6.74884 -9.62905e-17)
(26.9262 6.70947 0)
(26.8679 6.67265 0)
(26.8097 6.63848 0)
(26.7519 6.60705 -1.19905e-16)
(26.6945 6.5784 -5.11225e-17)
(26.6378 6.55258 4.51872e-17)
(26.5821 6.52961 0)
(26.5273 6.50946 -6.90191e-17)
(26.4738 6.49209 0)
(26.4216 6.47746 -2.28251e-18)
(26.3708 6.46546 -1.58219e-18)
(26.3216 6.45598 -1.00763e-18)
(26.274 6.44889 0)
(26.228 6.44406 0)
(26.1837 6.44133 2.1774e-19)
(26.1412 6.44055 0)
(26.1006 6.44154 0)
(26.0618 6.44415 1.269e-17)
(26.0249 6.4482 1.22563e-17)
(25.9899 6.45351 0)
(25.9565 6.45989 -2.79006e-18)
(25.9246 6.46713 1.47178e-17)
(25.894 6.47504 0)
(25.8646 6.48347 0)
(25.8362 6.49225 -2.38884e-18)
(25.8088 6.50129 0)
(25.7824 6.51052 0)
(25.7572 6.51989 3.75e-18)
(25.7329 6.52936 -3.4128e-18)
(25.7091 6.53863 0)
(25.6885 6.54645 -1.86209e-18)
(25.6695 6.5528 0)
(25.648 6.55902 2.90111e-18)
(25.6237 6.56478 2.54345e-18)
(25.597 6.57019 4.43979e-18)
(25.5706 6.5759 0)
(25.5505 6.58354 -3.31615e-18)
(25.5448 6.59518 2.87409e-18)
(25.5608 6.61524 4.83284e-18)
(25.5969 6.64001 2.00977e-16)
(25.6363 6.66026 -1.98347e-16)
(25.6633 6.72956 0)
(25.6438 6.60086 0)
(27.6428 8.6602 1.68381e-18)
(27.6613 8.69419 -1.65736e-18)
(27.698 8.72698 7.06504e-18)
(27.7274 8.76179 0)
(27.6861 8.78524 -7.38184e-18)
(27.4997 8.78432 -4.12667e-18)
(27.1196 8.75127 0)
(26.5269 8.67842 0)
(25.7216 8.55824 -7.8307e-18)
(24.7145 8.38582 0)
(23.5235 8.15884 1.09138e-17)
(22.1708 7.87666 3.97696e-18)
(20.6815 7.53983 5.96691e-18)
(19.0827 7.15018 -5.75224e-18)
(17.4025 6.71066 0)
(15.6693 6.22529 0)
(13.9117 5.69919 4.40849e-18)
(12.1588 5.13834 6.29347e-18)
(10.4393 4.54967 0)
(8.78301 3.94104 0)
(7.22089 3.32141 0)
(5.78592 2.70082 -1.2244e-17)
(4.51386 2.09058 3.46662e-17)
(3.44401 1.50351 -1.05237e-17)
(2.61979 0.954163 2.33457e-17)
(2.0884 0.458733 0)
(1.89918 0.034625 0)
(2.09952 -0.300654 0)
(2.72575 -0.530387 4.73995e-17)
(3.7962 -0.641292 -2.46943e-17)
(5.31416 -0.623755 -2.08886e-17)
(7.26919 -0.470122 0)
(9.63836 -0.174789 -2.53651e-17)
(12.3834 0.26552 0)
(15.4412 0.849589 0)
(18.7049 1.56555 8.28847e-17)
(21.9748 2.37665 0)
(24.8724 3.19048 0)
(26.816 3.8356 1.26243e-16)
(27.4698 4.18298 0)
(27.3245 4.32493 8.5784e-17)
(27.0616 4.43539 6.9136e-17)
(26.9257 4.57706 -9.40621e-17)
(26.8876 4.73592 0)
(26.8776 4.89281 -1.35081e-16)
(26.8609 5.03981 0)
(26.832 5.17623 -3.38451e-17)
(26.796 5.30376 0)
(26.758 5.42375 5.01933e-17)
(26.7199 5.53665 0)
(26.6817 5.64249 0)
(26.6432 5.74127 -3.15406e-17)
(26.6044 5.83313 0)
(26.5655 5.9183 -2.2873e-17)
(26.5268 5.99703 0)
(26.4884 6.06958 0)
(26.4505 6.13622 0)
(26.4131 6.1972 -2.33624e-17)
(26.3763 6.2528 1.96269e-17)
(26.3403 6.30331 0)
(26.305 6.349 0)
(26.2704 6.39014 0)
(26.2366 6.42699 -2.08277e-16)
(26.2034 6.45986 0)
(26.171 6.48889 0)
(26.1393 6.51456 0)
(26.1083 6.5366 0)
(26.0814 6.5536 1.45705e-16)
(26.058 6.5665 -1.17563e-16)
(26.0338 6.5784 -2.08086e-16)
(26.0088 6.5895 0)
(25.9832 6.59829 -8.10459e-18)
(25.9565 6.60768 6.34204e-18)
(25.9299 6.61092 1.04634e-16)
(25.901 6.62192 -7.3429e-18)
(25.8752 6.61138 0)
(25.8426 6.63877 8.92152e-17)
(25.8252 6.58547 0)
(25.7722 6.68175 -4.23652e-17)
(25.842 6.49713 0)
(27.6391 8.61646 1.64252e-18)
(27.6289 8.59234 0)
(27.6234 8.5552 -5.36804e-18)
(27.6155 8.5204 0)
(27.6077 8.48294 -1.78998e-17)
(27.5993 8.44468 -1.76666e-17)
(27.5905 8.4049 7.29441e-18)
(27.5811 8.3639 -9.95514e-18)
(27.5712 8.32157 2.66344e-18)
(27.5607 8.27791 0)
(27.5495 8.23299 -1.38122e-17)
(27.5375 8.18677 -1.83803e-17)
(27.5247 8.13932 1.79578e-17)
(27.511 8.09065 1.75198e-17)
(27.4964 8.04081 -1.283e-17)
(27.4808 7.98988 0)
(27.4641 7.93787 3.8568e-18)
(27.4462 7.88493 0)
(27.4272 7.83108 3.02166e-17)
(27.4068 7.77645 0)
(27.3852 7.72114 0)
(27.3622 7.66527 0)
(27.3377 7.60897 0)
(27.3118 7.55235 0)
(27.2845 7.49562 0)
(27.2556 7.43888 4.50583e-17)
(27.2252 7.38231 0)
(27.1932 7.32608 0)
(27.1597 7.27037 -3.13624e-17)
(27.1248 7.21535 0)
(27.0883 7.16121 0)
(27.0504 7.10813 0)
(27.0111 7.0563 0)
(26.9705 7.00589 -5.43007e-17)
(26.9287 6.9571 0)
(26.8857 6.91007 -4.60957e-17)
(26.8418 6.865 0)
(26.797 6.82204 0)
(26.7516 6.78132 0)
(26.7055 6.74299 0)
(26.6592 6.70716 5.62576e-17)
(26.6126 6.67392 5.01032e-17)
(26.5659 6.64335 -4.43229e-17)
(26.5195 6.6155 0)
(26.4733 6.5904 6.78061e-17)
(26.4276 6.56804 0)
(26.3826 6.54841 -5.00149e-17)
(26.3382 6.53146 -2.71765e-18)
(26.2947 6.5171 -3.51783e-17)
(26.2522 6.50525 -5.48184e-17)
(26.2107 6.4958 0)
(26.1704 6.48862 -7.11609e-17)
(26.1313 6.48357 0)
(26.0936 6.48053 0)
(26.0573 6.47934 -1.25485e-17)
(26.0225 6.47983 -6.70812e-18)
(25.9891 6.48182 5.21728e-18)
(25.9571 6.48512 -1.98036e-18)
(25.9262 6.48954 0)
(25.8964 6.49487 1.53839e-17)
(25.8675 6.50094 0)
(25.8395 6.50761 -2.08418e-18)
(25.8123 6.51476 -5.2941e-17)
(25.7861 6.52232 5.71985e-17)
(25.7609 6.53022 6.37388e-17)
(25.7366 6.53839 -3.2447e-18)
(25.7127 6.54652 0)
(25.6918 6.55345 -4.35053e-17)
(25.6725 6.55907 0)
(25.6506 6.56458 2.8768e-18)
(25.6258 6.56968 2.54379e-18)
(25.5989 6.57453 1.40238e-16)
(25.5729 6.57989 0)
(25.5539 6.58749 -1.23464e-16)
(25.55 6.59943 2.96859e-18)
(25.5677 6.61971 2.14894e-16)
(25.6044 6.64484 -2.00195e-16)
(25.6436 6.66464 1.97636e-16)
(25.666 6.73256 0)
(25.6497 6.60762 0)
(27.0368 8.52889 1.31699e-18)
(27.0257 8.55312 -1.31273e-18)
(27.0206 8.57623 -2.60939e-18)
(27.0306 8.60527 0)
(27.0577 8.63816 4.45723e-18)
(27.0888 8.67023 6.39197e-18)
(27.0884 8.69497 0)
(27.0004 8.70338 0)
(26.7685 8.68644 0)
(26.3571 8.63628 0)
(25.7521 8.54527 -2.20061e-18)
(24.9534 8.40696 -2.00719e-18)
(23.9698 8.2172 0)
(22.8162 7.97406 0)
(21.5121 7.67688 0)
(20.0805 7.32621 0)
(18.5472 6.92386 3.26144e-18)
(16.9398 6.47282 -3.23266e-18)
(15.2879 5.97739 0)
(13.6223 5.44302 0)
(11.9754 4.87637 -2.67063e-18)
(10.3815 4.28545 6.64763e-18)
(8.87717 3.67977 -1.14988e-17)
(7.50203 3.07046 -1.57866e-17)
(6.2992 2.47063 0)
(5.31611 1.89557 0)
(4.60454 1.36295 0)
(4.21949 0.892617 0)
(4.21582 0.50566 -5.08237e-18)
(4.64049 0.223014 -1.70916e-17)
(5.52277 0.0625575 2.04853e-17)
(6.87074 0.0374309 0)
(8.67361 0.15669 -1.85987e-17)
(10.9033 0.425993 0)
(13.5124 0.846953 0)
(16.4263 1.41498 1.79616e-18)
(19.5197 2.11284 1.85848e-18)
(22.5651 2.8944 7.57334e-19)
(25.1463 3.65006 -3.63648e-17)
(26.6903 4.19824 0)
(27.047 4.45097 -1.23195e-17)
(26.8356 4.54577 5.90604e-17)
(26.6371 4.64182 9.31146e-17)
(26.5787 4.77396 0)
(26.5891 4.91876 0)
(26.6042 5.05815 -5.04676e-17)
(26.6044 5.1877 -3.11079e-17)
(26.5924 5.30873 0)
(26.5749 5.42303 4.70859e-17)
(26.5553 5.53133 0)
(26.5344 5.63365 0)
(26.5119 5.72983 -3.03763e-17)
(26.4879 5.81982 0)
(26.4624 5.90372 -2.23657e-17)
(26.4358 5.98168 0)
(26.4084 6.05388 0)
(26.3803 6.1205 0)
(26.3518 6.18174 -2.34424e-17)
(26.323 6.2378 1.41055e-16)
(26.2941 6.28892 0)
(26.2651 6.33532 2.03854e-16)
(26.2361 6.37726 0)
(26.2072 6.41494 0)
(26.1785 6.44864 0)
(26.1499 6.47852 0)
(26.1215 6.505 0)
(26.0934 6.52782 0)
(26.0688 6.54547 -1.25047e-16)
(26.0472 6.55891 1.16714e-16)
(26.0247 6.57134 6.69186e-18)
(26.0012 6.583 -1.59573e-16)
(25.9771 6.59226 -8.56005e-18)
(25.9517 6.60224 1.1935e-16)
(25.9262 6.60579 0)
(25.8985 6.61751 -7.79753e-18)
(25.8733 6.60696 0)
(25.8422 6.63541 -8.8861e-17)
(25.8242 6.58158 0)
(25.7738 6.67958 4.22204e-17)
(25.8421 6.49401 0)
(27.0463 8.49551 1.28495e-18)
(27.0459 8.47506 0)
(27.0474 8.445 2.45243e-18)
(27.048 8.41642 0)
(27.0486 8.38577 2.38838e-18)
(27.0491 8.35433 1.20079e-17)
(27.0494 8.32162 -1.18968e-17)
(27.0495 8.28778 0)
(27.0493 8.25274 6.91196e-18)
(27.0487 8.21652 0)
(27.0479 8.17909 1.3418e-17)
(27.0466 8.14047 0)
(27.0448 8.10065 0)
(27.0426 8.05965 8.97224e-18)
(27.0397 8.0175 3.61224e-18)
(27.0361 7.97421 0)
(27.0319 7.9298 3.33964e-18)
(27.0268 7.88436 0)
(27.0208 7.83789 0)
(27.0139 7.79048 0)
(27.006 7.74218 0)
(26.9969 7.6931 0)
(26.9867 7.6433 0)
(26.9752 7.59289 0)
(26.9624 7.542 -2.80018e-17)
(26.9483 7.49072 0)
(26.9326 7.43921 0)
(26.9155 7.38761 0)
(26.8969 7.33605 3.05127e-17)
(26.8767 7.28471 0)
(26.8549 7.23375 0)
(26.8316 7.18335 0)
(26.8067 7.13369 0)
(26.7803 7.08493 3.66635e-17)
(26.7523 7.03729 0)
(26.723 6.99091 3.20719e-17)
(26.6922 6.94599 0)
(26.6602 6.9027 0)
(26.627 6.86121 0)
(26.5928 6.82167 0)
(26.5576 6.78423 4.21846e-17)
(26.5217 6.749 -3.81344e-17)
(26.4852 6.71611 0)
(26.4482 6.68563 0)
(26.4109 6.65764 0)
(26.3734 6.63218 0)
(26.3358 6.60927 4.10397e-17)
(26.2983 6.58891 -3.70405e-18)
(26.2611 6.57105 2.97962e-17)
(26.2241 6.55565 5.40366e-17)
(26.1877 6.54264 0)
(26.1518 6.53195 3.45982e-17)
(26.1166 6.52346 0)
(26.0823 6.51707 0)
(26.049 6.51266 0)
(26.0167 6.51007 7.36579e-18)
(25.9854 6.50914 -5.16275e-18)
(25.9551 6.50969 -1.10539e-18)
(25.9256 6.51153 0)
(25.8968 6.51448 -1.5244e-17)
(25.8688 6.51836 0)
(25.8414 6.52303 -1.72448e-18)
(25.8147 6.52838 5.2523e-17)
(25.7889 6.53433 -5.67678e-17)
(25.764 6.5408 -5.66122e-17)
(25.7398 6.54768 -3.01074e-18)
(25.7158 6.55467 6.0128e-17)
(25.6947 6.56069 0)
(25.675 6.56557 0)
(25.6528 6.57037 2.80522e-18)
(25.6277 6.57479 7.13691e-17)
(25.6007 6.5791 0)
(25.5752 6.58414 1.23253e-16)
(25.5575 6.59173 1.16005e-16)
(25.5556 6.60397 1.12184e-16)
(25.575 6.62451 0)
(25.6123 6.64985 0)
(25.651 6.66929 0)
(25.6692 6.73552 0)
(25.6553 6.61434 0)
(26.5682 8.31375 9.95555e-19)
(26.5533 8.32974 -9.89678e-19)
(26.5367 8.34395 -1.96534e-18)
(26.5205 8.3621 0)
(26.5094 8.3834 -1.93678e-18)
(26.5103 8.40673 0)
(26.5274 8.43197 0)
(26.5559 8.45814 0)
(26.5761 8.48178 0)
(26.5484 8.4951 0)
(26.4182 8.48847 -2.41933e-18)
(26.1376 8.4533 -4.10631e-18)
(25.6788 8.38206 -1.64448e-18)
(25.0332 8.26766 0)
(24.2038 8.10469 0)
(23.2013 7.89011 0)
(22.0414 7.62267 2.53504e-18)
(20.7446 7.30227 -2.43414e-18)
(19.335 6.93002 0)
(17.8402 6.50837 0)
(16.29 6.04109 2.29799e-18)
(14.7171 5.53349 4.58152e-18)
(13.1566 4.99239 0)
(11.6467 4.42631 4.63418e-18)
(10.2286 3.84564 0)
(8.94784 3.26306 0)
(7.85479 2.69373 -1.77088e-18)
(7.00477 2.15556 0)
(6.45778 1.66935 1.03507e-17)
(6.27529 1.2579 -3.70684e-18)
(6.51375 0.944772 0)
(7.21295 0.75164 0)
(8.38783 0.695267 0)
(10.0292 0.786967 0)
(12.1058 1.03313 0)
(14.564 1.43465 2.16528e-17)
(17.3183 1.98433 -1.72168e-18)
(20.2273 2.6596 -6.95884e-19)
(23.039 3.40484 0)
(25.3067 4.09303 0)
(26.5112 4.54633 2.43094e-17)
(26.6738 4.72188 4.62561e-17)
(26.457 4.78306 0)
(26.3243 4.86654 0)
(26.3215 4.98594 0)
(26.3601 5.11339 3.03184e-17)
(26.3882 5.23349 -2.68977e-17)
(26.399 5.34491 0)
(26.3998 5.45009 4.18774e-17)
(26.3965 5.55046 0)
(26.3909 5.64619 0)
(26.383 5.737 -2.80087e-17)
(26.3725 5.82266 0)
(26.3596 5.90309 -2.10484e-17)
(26.3445 5.97832 0)
(26.3276 6.04843 0)
(26.3091 6.11351 0)
(26.2893 6.17366 -2.28212e-17)
(26.2684 6.22902 0)
(26.2465 6.27975 0)
(26.2238 6.326 -2.7853e-17)
(26.2005 6.36798 0)
(26.1766 6.40586 1.47396e-16)
(26.1523 6.43988 0)
(26.1277 6.47013 0)
(26.1028 6.49706 0)
(26.0778 6.52034 0)
(26.0555 6.53841 1.02611e-17)
(26.0358 6.55222 0)
(26.015 6.56503 1.7878e-16)
(25.9932 6.5771 3.05952e-16)
(25.9705 6.58671 -1.34401e-16)
(25.9466 6.59715 0)
(25.9222 6.60096 0)
(25.8958 6.61327 -8.12399e-18)
(25.8712 6.60274 0)
(25.8416 6.63207 0)
(25.8231 6.57789 0)
(25.7753 6.67732 0)
(25.8422 6.4909 0)
(26.5803 8.28977 9.74521e-19)
(26.5854 8.27383 0)
(26.5921 8.25121 -9.46798e-19)
(26.5984 8.22942 0)
(26.6049 8.20603 1.83289e-18)
(26.6112 8.18192 -1.80047e-18)
(26.6175 8.15674 1.76663e-18)
(26.6238 8.13059 0)
(26.63 8.10338 0)
(26.6361 8.07515 0)
(26.642 8.04587 0)
(26.6477 8.01549 0)
(26.6532 7.98405 0)
(26.6584 7.9515 -2.98007e-18)
(26.6633 7.91789 2.89008e-18)
(26.6678 7.88318 0)
(26.6718 7.84739 2.70268e-18)
(26.6753 7.81055 0)
(26.6782 7.77268 0)
(26.6805 7.7338 0)
(26.682 7.69396 0)
(26.6827 7.6532 0)
(26.6825 7.61159 0)
(26.6813 7.56919 0)
(26.6791 7.52607 7.52607e-18)
(26.6757 7.48232 0)
(26.6711 7.43805 0)
(26.6652 7.39335 0)
(26.658 7.34834 0)
(26.6493 7.30315 0)
(26.6392 7.25793 0)
(26.6275 7.21281 0)
(26.6143 7.16796 0)
(26.5995 7.12352 -3.58252e-17)
(26.5832 7.07968 0)
(26.5653 7.0366 -6.38053e-18)
(26.5459 6.99445 0)
(26.525 6.95341 0)
(26.5027 6.91365 0)
(26.479 6.87534 0)
(26.4541 6.83862 -7.02993e-18)
(26.428 6.80366 6.11061e-18)
(26.4009 6.77058 0)
(26.3729 6.7395 0)
(26.344 6.71053 0)
(26.3144 6.68374 0)
(26.2842 6.65919 -5.28078e-18)
(26.2536 6.63691 -4.31133e-18)
(26.2226 6.61692 -3.46535e-18)
(26.1914 6.59922 0)
(26.1602 6.58377 0)
(26.129 6.57054 0)
(26.098 6.55948 0)
(26.0675 6.5505 0)
(26.0374 6.54351 0)
(26.0079 6.5384 -7.2829e-18)
(25.979 6.53501 0)
(25.9507 6.5332 -3.51188e-19)
(25.9229 6.53278 0)
(25.8955 6.5336 1.24585e-17)
(25.8685 6.53549 0)
(25.842 6.53832 -1.39584e-18)
(25.816 6.54199 0)
(25.7908 6.54642 0)
(25.7662 6.55152 2.88888e-18)
(25.7423 6.55716 -2.79135e-18)
(25.7184 6.56302 -2.6639e-18)
(25.6971 6.56814 0)
(25.6772 6.57228 0)
(25.6546 6.57634 2.73978e-18)
(25.6292 6.5801 -6.59367e-17)
(25.6024 6.58389 -1.25285e-16)
(25.5776 6.58863 -3.95946e-18)
(25.5613 6.59626 -1.15397e-16)
(25.5615 6.60883 0)
(25.5828 6.62963 0)
(25.6205 6.65502 0)
(25.6585 6.67422 0)
(25.6727 6.73842 0)
(25.6608 6.62098 0)
(26.222 8.06529 7.13484e-19)
(26.2072 8.07568 -7.0602e-19)
(26.1915 8.08426 -3.9985e-18)
(26.1744 8.09533 0)
(26.1557 8.10789 -1.36351e-18)
(26.1368 8.12084 0)
(26.1214 8.13481 0)
(26.115 8.15083 0)
(26.1231 8.16942 0)
(26.1464 8.18963 0)
(26.1742 8.20902 -3.54904e-18)
(26.179 8.22254 9.66447e-19)
(26.1131 8.22128 1.75006e-18)
(25.922 8.19535 0)
(25.5661 8.13652 0)
(25.0291 8.03769 0)
(24.3102 7.89288 1.89798e-18)
(23.4176 7.69835 -1.30186e-18)
(22.3655 7.45244 0)
(21.1733 7.15481 0)
(19.8645 6.80631 4.34313e-19)
(18.4666 6.40914 2.81476e-18)
(17.0104 5.96707 0)
(15.5304 5.48548 -3.53933e-18)
(14.0641 4.97159 0)
(12.6535 4.43468 0)
(11.3447 3.88644 1.65942e-18)
(10.1893 3.34128 0)
(9.24483 2.81681 5.60467e-18)
(8.57382 2.33381 0)
(8.24236 1.91605 0)
(8.31417 1.58867 0)
(8.83918 1.37664 -1.55255e-17)
(9.84051 1.30026 0)
(11.3135 1.37278 0)
(13.2272 1.60149 -2.17673e-17)
(15.5237 1.9867 0)
(18.1089 2.5187 0)
(20.8278 3.1701 3.2272e-17)
(23.4061 3.87479 0)
(25.3852 4.49411 1.57796e-17)
(26.3239 4.86388 3.30099e-17)
(26.3758 4.98235 0)
(26.1808 5.02024 0)
(26.103 5.09165 -1.31941e-17)
(26.1356 5.19654 1.94064e-17)
(26.188 5.30576 -2.21018e-17)
(26.2218 5.40696 0)
(26.2392 5.50115 3.56106e-17)
(26.2493 5.59118 0)
(26.2563 5.67798 0)
(26.2607 5.76125 -2.48891e-17)
(26.2621 5.84058 0)
(26.2603 5.91571 -6.3384e-17)
(26.2557 5.98653 0)
(26.2484 6.05302 0)
(26.2388 6.11517 0)
(26.2272 6.17301 -2.16676e-17)
(26.2137 6.22657 0)
(26.1986 6.27594 0)
(26.1821 6.3212 -1.73126e-16)
(26.1643 6.3625 0)
(26.1454 6.39994 -1.46294e-16)
(26.1256 6.43373 0)
(26.1049 6.46391 -1.07216e-16)
(26.0835 6.49088 0)
(26.0615 6.51429 8.83347e-17)
(26.0417 6.53253 1.03501e-17)
(26.0239 6.54654 0)
(26.0049 6.55954 -6.9997e-18)
(25.9848 6.57187 -1.46416e-16)
(25.9636 6.58171 0)
(25.9411 6.59248 0)
(25.918 6.59648 0)
(25.8929 6.60925 -1.39621e-16)
(25.8689 6.59876 1.12944e-16)
(25.8409 6.62878 7.60395e-17)
(25.822 6.57438 0)
(25.7766 6.67501 0)
(25.8425 6.48778 0)
(26.2351 8.04859 7.01477e-19)
(26.2438 8.0366 0)
(26.2536 8.02024 -6.86855e-19)
(26.2631 8.00428 0)
(26.2727 7.9872 1.3406e-18)
(26.2824 7.96953 -1.32251e-18)
(26.2921 7.95104 2.8915e-18)
(26.3018 7.9318 0)
(26.3116 7.91172 -1.62694e-18)
(26.3213 7.89082 0)
(26.3311 7.86906 -3.32194e-18)
(26.3407 7.84641 0)
(26.3503 7.82286 0)
(26.3598 7.79839 -5.67614e-18)
(26.3692 7.77297 2.21954e-18)
(26.3784 7.74661 0)
(26.3873 7.71928 2.09994e-18)
(26.3959 7.69099 0)
(26.4042 7.66173 0)
(26.4121 7.63151 0)
(26.4195 7.60035 0)
(26.4263 7.56825 -6.79855e-18)
(26.4325 7.53525 0)
(26.438 7.50138 0)
(26.4428 7.46669 6.17686e-18)
(26.4466 7.43122 0)
(26.4495 7.39504 0)
(26.4514 7.35822 -1.24748e-17)
(26.4521 7.32085 -1.21799e-17)
(26.4517 7.28301 0)
(26.45 7.24481 0)
(26.447 7.20637 0)
(26.4425 7.16781 -2.14111e-17)
(26.4367 7.12926 2.05397e-17)
(26.4294 7.09086 0)
(26.4206 7.05276 -5.79525e-18)
(26.4102 7.01512 0)
(26.3984 6.9781 0)
(26.3851 6.94186 0)
(26.3703 6.90655 0)
(26.3541 6.87235 -6.05726e-17)
(26.3365 6.8394 5.9551e-18)
(26.3177 6.80784 2.26191e-17)
(26.2976 6.77782 0)
(26.2763 6.74947 0)
(26.254 6.72286 0)
(26.2307 6.69811 -3.45257e-17)
(26.2065 6.67528 -4.61975e-18)
(26.1815 6.65441 -3.79373e-18)
(26.1559 6.63556 0)
(26.1298 6.61874 -3.04088e-17)
(26.1033 6.60394 2.45683e-17)
(26.0766 6.59116 0)
(26.0499 6.58035 0)
(26.0233 6.57146 9.81107e-18)
(25.9968 6.56441 0)
(25.9705 6.55906 0)
(25.9443 6.55531 2.92795e-19)
(25.9184 6.55299 -7.09384e-18)
(25.8925 6.55197 -6.17235e-19)
(25.8668 6.55211 0)
(25.8414 6.5533 -1.0936e-18)
(25.8163 6.55545 0)
(25.7917 6.55847 0)
(25.7678 6.56228 2.60566e-18)
(25.7442 6.56674 -2.58208e-18)
(25.7204 6.5715 -2.51456e-18)
(25.699 6.57573 3.57227e-17)
(25.6789 6.57914 6.878e-17)
(25.656 6.58248 2.6767e-18)
(25.6305 6.58559 6.54825e-17)
(25.6038 6.58887 1.24489e-16)
(25.5799 6.59338 -1.17902e-16)
(25.5654 6.60108 0)
(25.5679 6.614 0)
(25.5909 6.63506 0)
(25.6291 6.66034 0)
(25.666 6.67941 0)
(25.6766 6.74127 0)
(25.6658 6.62751 0)
(25.9818 7.8161 4.87925e-19)
(25.9674 7.82233 -4.80991e-19)
(25.9529 7.82705 1.62243e-18)
(25.9378 7.8335 0)
(25.9217 7.84082 -9.1683e-19)
(25.9041 7.84799 0)
(25.885 7.85514 0)
(25.8651 7.86276 0)
(25.8471 7.87132 0)
(25.8359 7.88137 0)
(25.8373 7.8935 -3.04388e-19)
(25.855 7.90764 -1.53082e-18)
(25.8841 7.92229 8.38702e-19)
(25.9046 7.9335 0)
(25.8752 7.93362 0)
(25.7389 7.9123 0)
(25.4482 7.86029 1.48977e-18)
(24.9806 7.7703 -1.78513e-18)
(24.3332 7.6364 0)
(23.5139 7.45468 -1.91683e-18)
(22.5365 7.22337 0)
(21.4203 6.94212 1.63007e-18)
(20.1892 6.61182 0)
(18.8712 6.23477 -1.47384e-18)
(17.4987 5.81495 0)
(16.1079 5.35821 0)
(14.7395 4.87252 0)
(13.4395 4.36833 0)
(12.2594 3.85902 2.71983e-18)
(11.257 3.36122 -1.38363e-17)
(10.4966 2.89522 0)
(10.0473 2.48488 0)
(9.97728 2.15644 1.42421e-17)
(10.3445 1.93653 0)
(11.1817 1.8479 0)
(12.4908 1.90639 0)
(14.2427 2.12038 0)
(16.3771 2.48989 0)
(18.7936 3.00315 6.8574e-18)
(21.3261 3.62828 0)
(23.6831 4.29032 8.7743e-18)
(25.4115 4.84409 2.02233e-17)
(26.1563 5.14564 0)
(26.1528 5.22385 0)
(25.9893 5.24572 -2.01656e-17)
(25.9511 5.30582 0)
(26.0031 5.39593 -1.73466e-17)
(26.0603 5.48771 0)
(26.0958 5.57164 2.91495e-17)
(26.1174 5.65024 0)
(26.1339 5.7264 0)
(26.148 5.80054 -2.14565e-17)
(26.1591 5.87206 0)
(26.1669 5.94047 2.67215e-17)
(26.1712 6.00554 0)
(26.1725 6.06715 0)
(26.1709 6.12521 0)
(26.1667 6.17965 -8.41308e-17)
(26.1601 6.23043 0)
(26.1513 6.27755 0)
(26.1406 6.32103 1.18846e-16)
(26.1281 6.36094 0)
(26.114 6.39733 0)
(26.0985 6.43035 -1.00049e-16)
(26.0817 6.45998 1.35544e-17)
(26.0638 6.48659 0)
(26.0449 6.5098 -8.77151e-17)
(26.0276 6.52796 1.03544e-17)
(26.0117 6.54196 0)
(25.9945 6.55499 -1.48379e-16)
(25.9761 6.56741 0)
(25.9565 6.57733 0)
(25.9355 6.58829 -8.94229e-17)
(25.9136 6.5924 0)
(25.8899 6.60548 0)
(25.8666 6.59505 -6.63185e-18)
(25.8402 6.62557 -4.36777e-18)
(25.8209 6.57107 0)
(25.7777 6.67269 -3.28724e-17)
(25.8429 6.48468 0)
(25.9951 7.80513 4.81689e-19)
(26.0055 7.79661 2.49519e-19)
(26.0165 7.78539 -4.75201e-19)
(26.0275 7.77432 0)
(26.0385 7.76249 9.35154e-19)
(26.0495 7.75019 -2.15921e-18)
(26.0606 7.73729 6.45535e-19)
(26.0718 7.7238 0)
(26.083 7.70969 8.96843e-19)
(26.0942 7.69492 0)
(26.1055 7.67948 1.74647e-18)
(26.1169 7.66334 0)
(26.1282 7.64648 0)
(26.1396 7.62886 1.67516e-18)
(26.1509 7.61048 1.63205e-18)
(26.1621 7.5913 0)
(26.1733 7.57132 1.56407e-18)
(26.1844 7.55051 0)
(26.1953 7.52886 0)
(26.2059 7.50636 0)
(26.2163 7.483 0)
(26.2264 7.45879 6.66025e-18)
(26.2361 7.43372 0)
(26.2453 7.40781 0)
(26.254 7.38108 4.88056e-18)
(26.2621 7.35355 0)
(26.2695 7.32524 0)
(26.2762 7.2962 4.2639e-18)
(26.282 7.26648 4.05023e-18)
(26.2869 7.23614 0)
(26.2908 7.20524 0)
(26.2936 7.17387 -1.49696e-17)
(26.2953 7.14212 6.3574e-18)
(26.2958 7.11008 -5.92306e-18)
(26.2949 7.07787 0)
(26.2928 7.04561 -5.06995e-18)
(26.2893 7.01342 0)
(26.2844 6.98143 0)
(26.2781 6.9498 0)
(26.2704 6.91865 0)
(26.2612 6.88815 4.65318e-17)
(26.2506 6.85843 5.57565e-18)
(26.2386 6.82965 -2.22084e-17)
(26.2253 6.80194 0)
(26.2106 6.77543 0)
(26.1946 6.75023 0)
(26.1774 6.72646 0)
(26.159 6.70421 -4.70731e-18)
(26.1395 6.68357 -3.93445e-18)
(26.1191 6.6646 0)
(26.0978 6.64735 2.99723e-17)
(26.0758 6.63188 -2.42281e-17)
(26.0533 6.6182 0)
(26.0304 6.60631 0)
(26.0071 6.59618 -9.6897e-18)
(25.9837 6.58777 4.48698e-18)
(25.9601 6.58098 0)
(25.9363 6.57572 8.5265e-19)
(25.9123 6.57188 7.01932e-18)
(25.8881 6.56935 -1.1602e-17)
(25.8638 6.56802 0)
(25.8396 6.56779 -8.05616e-19)
(25.8156 6.56859 0)
(25.7919 6.57035 0)
(25.7686 6.57299 4.98748e-17)
(25.7454 6.57634 -5.21703e-17)
(25.7218 6.58005 -5.37388e-17)
(25.7004 6.58342 -3.53961e-17)
(25.6801 6.5861 -2.80651e-18)
(25.657 6.58874 2.60473e-18)
(25.6315 6.59122 0)
(25.6052 6.59405 0)
(25.5824 6.59836 1.09218e-16)
(25.5698 6.6062 0)
(25.5747 6.61949 0)
(25.5996 6.6408 0)
(25.638 6.66582 0)
(25.6736 6.68482 0)
(25.6809 6.7441 0)
(25.6703 6.63394 0)
(25.8244 7.58701 2.17343e-19)
(25.8109 7.59028 -3.1438e-19)
(25.7976 7.59237 -6.15673e-19)
(25.784 7.59562 0)
(25.7698 7.59942 -5.8987e-19)
(25.755 7.60303 0)
(25.7393 7.60647 0)
(25.7223 7.60994 0)
(25.7038 7.61345 0)
(25.6841 7.61706 0)
(25.6654 7.62111 -9.84059e-19)
(25.6517 7.62622 -9.43564e-19)
(25.6489 7.6331 1.50548e-18)
(25.6622 7.64216 0)
(25.6904 7.65237 0)
(25.7178 7.66048 0)
(25.7062 7.65965 1.13844e-18)
(25.5972 7.63933 -9.00734e-19)
(25.3386 7.58962 0)
(24.906 7.50315 5.24275e-18)
(24.2968 7.37432 2.80683e-18)
(23.5195 7.19949 -4.73035e-18)
(22.5888 6.97707 0)
(21.5247 6.70688 1.05451e-17)
(20.352 6.39004 0)
(19.1001 6.02923 0)
(17.8031 5.62898 0)
(16.4996 5.1959 0)
(15.2343 4.73918 8.98966e-19)
(14.0576 4.2709 1.30202e-17)
(13.0267 3.80654 0)
(12.2063 3.36555 0)
(11.6664 2.97119 0)
(11.4792 2.64991 0)
(11.7086 2.42933 0)
(12.3963 2.33418 0)
(13.5512 2.38244 0)
(15.1477 2.58364 0)
(17.1251 2.93768 2.66312e-18)
(19.3792 3.43136 0)
(21.7345 4.02877 -3.08311e-17)
(23.8892 4.64743 1.0139e-17)
(25.4106 5.14245 0)
(26.0217 5.39176 0)
(25.9958 5.44295 -1.40716e-17)
(25.8625 5.45348 0)
(25.8499 5.50294 -1.28861e-17)
(25.9103 5.57892 0)
(25.9672 5.65494 2.28139e-17)
(26.0024 5.72373 0)
(26.0264 5.78869 0)
(26.047 5.85251 -1.79582e-17)
(26.0655 5.91517 0)
(26.0809 5.97592 -1.46864e-17)
(26.0928 6.03429 0)
(26.1013 6.09005 -3.76729e-17)
(26.1066 6.14307 0)
(26.1089 6.19322 4.49126e-17)
(26.1084 6.24038 0)
(26.1054 6.28448 0)
(26.1001 6.32547 -1.17787e-16)
(26.0925 6.36335 0)
(26.083 6.39811 8.78775e-17)
(26.0716 6.42983 9.92388e-17)
(26.0585 6.45847 1.32113e-17)
(26.044 6.48433 0)
(26.0281 6.50698 0)
(26.0132 6.52481 1.02597e-17)
(25.9993 6.5386 0)
(25.9839 6.55146 1.33135e-16)
(25.9672 6.56379 1.10244e-16)
(25.9492 6.57365 9.56994e-17)
(25.9297 6.58466 8.88521e-17)
(25.9091 6.58878 0)
(25.8867 6.60204 1.12542e-16)
(25.8643 6.59165 -1.05227e-16)
(25.8393 6.6225 -7.09922e-17)
(25.8199 6.56799 0)
(25.7787 6.67039 3.27395e-17)
(25.8434 6.48164 0)
(25.837 7.5803 3.17749e-19)
(25.8479 7.5745 -2.4553e-19)
(25.8592 7.5672 -3.16166e-19)
(25.8703 7.55987 0)
(25.8815 7.55204 6.27846e-19)
(25.8927 7.54385 5.86762e-19)
(25.904 7.53524 -6.34486e-19)
(25.9153 7.5262 0)
(25.9267 7.51669 6.90861e-19)
(25.9381 7.5067 0)
(25.9496 7.49621 1.49096e-18)
(25.9612 7.48518 0)
(25.9728 7.4736 0)
(25.9845 7.46144 -1.17078e-18)
(25.9961 7.44868 1.69067e-18)
(26.0079 7.4353 5.95636e-19)
(26.0196 7.42126 1.12159e-18)
(26.0313 7.40656 0)
(26.0429 7.39116 0)
(26.0545 7.37506 0)
(26.0659 7.35824 0)
(26.0772 7.34067 0)
(26.0883 7.32236 0)
(26.0991 7.30329 0)
(26.1096 7.28347 7.85159e-18)
(26.1197 7.2629 0)
(26.1293 7.24158 0)
(26.1385 7.21954 7.78134e-18)
(26.147 7.19679 7.70736e-18)
(26.1549 7.17337 0)
(26.1621 7.14931 0)
(26.1684 7.12468 1.46589e-17)
(26.1739 7.09952 1.43026e-17)
(26.1784 7.0739 -4.88554e-18)
(26.1818 7.04789 0)
(26.1842 7.0216 -1.29422e-17)
(26.1855 6.9951 0)
(26.1855 6.96851 0)
(26.1843 6.94194 0)
(26.1818 6.91551 0)
(26.1779 6.88935 -5.56699e-18)
(26.1728 6.86358 5.02014e-18)
(26.1662 6.83834 0)
(26.1582 6.81375 0)
(26.1489 6.78994 -2.11532e-17)
(26.1382 6.76702 0)
(26.1262 6.74512 1.72102e-17)
(26.1128 6.72434 -4.58852e-18)
(26.0981 6.70479 -3.89549e-18)
(26.0823 6.68655 0)
(26.0654 6.66972 0)
(26.0476 6.65435 -1.53399e-17)
(26.029 6.6405 0)
(26.0096 6.6282 0)
(25.9897 6.61746 0)
(25.9692 6.60824 -1.51973e-18)
(25.9482 6.60052 0)
(25.9267 6.59421 1.30872e-18)
(25.9048 6.58924 0)
(25.8824 6.58553 0)
(25.8597 6.58301 0)
(25.8368 6.5816 -5.4094e-19)
(25.8139 6.58126 0)
(25.7912 6.58193 0)
(25.7687 6.58352 -4.51174e-17)
(25.7461 6.58586 0)
(25.7227 6.58859 0)
(25.7012 6.59113 0)
(25.6808 6.59312 -2.68955e-18)
(25.6576 6.59508 2.52616e-18)
(25.6321 6.59697 0)
(25.6064 6.59939 -1.09727e-16)
(25.585 6.60358 -4.00205e-18)
(25.5746 6.6116 9.92069e-17)
(25.582 6.62529 0)
(25.6087 6.64684 0)
(25.6472 6.67146 0)
(25.6812 6.69043 0)
(25.6855 6.74688 0)
(25.6744 6.6403 0)
(25.7283 7.38752 3.00464e-19)
(25.716 7.3889 -1.94624e-19)
(25.7039 7.38937 -3.78803e-19)
(25.6916 7.3906 0)
(25.679 7.39214 -3.57942e-19)
(25.6659 7.39347 0)
(25.6523 7.39465 0)
(25.6383 7.3958 0)
(25.6235 7.39689 1.68237e-18)
(25.6077 7.39782 0)
(25.5903 7.39855 1.26611e-18)
(25.5717 7.39916 -5.29173e-19)
(25.5533 7.39994 -1.48541e-18)
(25.5388 7.40147 0)
(25.5341 7.4045 0)
(25.5451 7.40964 0)
(25.5726 7.41628 6.58684e-19)
(25.6021 7.42145 4.09225e-18)
(25.595 7.41834 0)
(25.49 7.39617 -3.77623e-18)
(25.2349 7.34496 -3.49283e-18)
(24.8082 7.25761 0)
(24.2096 7.12908 0)
(23.4494 6.95631 -1.23428e-17)
(22.5436 6.73807 0)
(21.5135 6.47453 0)
(20.3852 6.16727 0)
(19.1899 5.81959 0)
(17.9643 5.4369 -1.72092e-19)
(16.7504 5.02703 -1.31722e-17)
(15.5968 4.60073 0)
(14.5597 4.17229 0)
(13.7027 3.75988 -1.50173e-17)
(13.0963 3.38592 0)
(12.8146 3.07658 0)
(12.9265 2.8598 3.42801e-17)
(13.4812 2.76175 0)
(14.4948 2.80214 0)
(15.9463 2.99165 8.11297e-20)
(17.7762 3.33035 0)
(19.8776 3.80384 0)
(22.0688 4.37271 3.43138e-18)
(24.0444 4.94959 0)
(25.4003 5.39459 0)
(25.9218 5.60516 4.34856e-17)
(25.8917 5.63859 0)
(25.7834 5.6408 2.75665e-17)
(25.7854 5.68031 0)
(25.8471 5.74329 1.68571e-17)
(25.9011 5.80554 0)
(25.9351 5.86144 2.2968e-17)
(25.9601 5.91472 0)
(25.9831 5.96774 0)
(26.004 6.0202 -1.22492e-17)
(26.0218 6.0713 0)
(26.0361 6.12061 2.0321e-17)
(26.0471 6.16794 0)
(26.0549 6.21312 -4.44322e-17)
(26.0598 6.25601 0)
(26.0618 6.29645 0)
(26.0612 6.33436 6.98291e-17)
(26.0581 6.36965 0)
(26.0527 6.40226 -8.7098e-17)
(26.0452 6.43222 -6.82162e-17)
(26.0357 6.45943 1.26855e-17)
(26.0243 6.48415 0)
(26.0113 6.50593 0)
(25.9988 6.52315 1.00395e-17)
(25.9868 6.53654 0)
(25.9733 6.54905 -6.97998e-18)
(25.9582 6.5611 -1.09391e-16)
(25.9418 6.57076 -9.50122e-17)
(25.9238 6.58164 -7.35504e-17)
(25.9045 6.58569 0)
(25.8835 6.59897 -1.11896e-16)
(25.8619 6.5886 9.09768e-17)
(25.8383 6.61959 6.15302e-17)
(25.8188 6.56517 0)
(25.7794 6.66812 0)
(25.8441 6.4787 0)
(25.74 7.38369 1.98875e-19)
(25.7506 7.37989 0)
(25.7615 7.37537 -1.99847e-19)
(25.7722 7.37073 0)
(25.783 7.36579 -4.96634e-20)
(25.7937 7.36059 4.38897e-19)
(25.8045 7.3551 -3.89132e-19)
(25.8153 7.3493 0)
(25.8261 7.34318 3.25808e-19)
(25.837 7.33672 0)
(25.8479 7.32989 0)
(25.8588 7.32268 0)
(25.8699 7.31506 0)
(25.881 7.30702 -1.37718e-19)
(25.8921 7.29853 0)
(25.9033 7.28957 -7.78374e-19)
(25.9145 7.28011 6.4127e-19)
(25.9258 7.27014 0)
(25.9371 7.25963 0)
(25.9484 7.24856 0)
(25.9596 7.2369 0)
(25.9708 7.22465 3.50931e-19)
(25.9819 7.21178 0)
(25.9929 7.19827 0)
(26.0037 7.18412 -1.34014e-18)
(26.0143 7.16931 0)
(26.0246 7.15385 0)
(26.0346 7.13772 0)
(26.0442 7.12093 0)
(26.0533 7.1035 -2.14199e-18)
(26.062 7.08544 0)
(26.0701 7.06678 0)
(26.0776 7.04754 0)
(26.0843 7.02776 -8.8252e-18)
(26.0903 7.0075 0)
(26.0954 6.98681 5.03679e-18)
(26.0996 6.96577 0)
(26.1028 6.94443 0)
(26.105 6.92289 0)
(26.1061 6.90124 0)
(26.106 6.87958 -1.39204e-17)
(26.1047 6.85801 4.34747e-18)
(26.1021 6.83664 8.29734e-18)
(26.0983 6.81557 0)
(26.0931 6.79493 6.3315e-18)
(26.0865 6.77483 0)
(26.0786 6.75537 -1.69224e-17)
(26.0693 6.73668 -4.28648e-18)
(26.0587 6.71885 -2.24143e-17)
(26.0468 6.702 0)
(26.0338 6.68621 -1.33686e-17)
(26.0196 6.67158 2.5858e-17)
(26.0045 6.65818 0)
(25.9884 6.64606 0)
(25.9715 6.63524 3.39249e-18)
(25.9538 6.62575 -2.87577e-18)
(25.9354 6.61755 0)
(25.9162 6.61061 1.63425e-18)
(25.8962 6.60489 -8.76442e-18)
(25.8756 6.60035 0)
(25.8545 6.59693 0)
(25.833 6.5946 -1.69949e-17)
(25.8114 6.59333 0)
(25.7897 6.59308 0)
(25.7681 6.59377 1.78006e-18)
(25.7461 6.5952 0)
(25.723 6.59703 4.63584e-17)
(25.7015 6.5988 3.04918e-17)
(25.681 6.60013 -2.57538e-18)
(25.6578 6.60146 2.44825e-18)
(25.6325 6.60281 0)
(25.6075 6.60488 1.08936e-16)
(25.5877 6.60903 -1.03814e-16)
(25.5798 6.6173 -9.85838e-17)
(25.5898 6.6314 0)
(25.6183 6.65315 0)
(25.6567 6.67723 0)
(25.6888 6.69622 0)
(25.6903 6.74964 0)
(25.678 6.6466 0)
(25.6751 7.22025 1.15316e-19)
(25.6639 7.22048 -1.11641e-19)
(25.6531 7.22003 -2.15287e-19)
(25.6421 7.22009 0)
(25.6308 7.22029 -1.99191e-19)
(25.6191 7.22027 0)
(25.6071 7.22009 0)
(25.5947 7.21986 0)
(25.582 7.21956 -1.64799e-18)
(25.569 7.21913 -2.01981e-18)
(25.5553 7.2185 -2.07011e-18)
(25.5408 7.21763 1.86551e-18)
(25.5249 7.21647 2.17607e-18)
(25.5077 7.21506 0)
(25.4903 7.21363 0)
(25.4762 7.21273 0)
(25.4713 7.21317 2.40664e-19)
(25.4821 7.21567 -4.92415e-18)
(25.5097 7.21974 0)
(25.5379 7.22229 0)
(25.5228 7.21583 0)
(25.4006 7.18928 0)
(25.125 7.13322 0)
(24.681 7.04129 1.3969e-17)
(24.0722 6.90924 0)
(23.3108 6.73473 -6.19233e-18)
(22.4144 6.51701 6.05898e-18)
(21.406 6.25674 0)
(20.3138 5.95623 -1.28202e-17)
(19.1715 5.61971 1.29885e-17)
(18.0185 5.25376 1.24596e-17)
(16.9015 4.86792 -1.28211e-17)
(15.8742 4.47507 1.41354e-17)
(14.999 4.09213 -1.3823e-17)
(14.3459 3.74045 0)
(13.9899 3.44544 -3.18153e-17)
(14.0034 3.23497 0)
(14.4421 3.13617 0)
(15.3288 3.1702 -3.31024e-17)
(16.6478 3.34879 0)
(18.3416 3.67228 0)
(20.3026 4.12531 -5.47327e-19)
(22.3449 4.66568 0)
(24.1654 5.20388 0)
(25.3911 5.60738 0)
(25.8532 5.78951 0)
(25.828 5.81135 0)
(25.7386 5.80709 0)
(25.7473 5.83737 1.15926e-17)
(25.8061 5.88868 -4.40748e-17)
(25.8561 5.93918 -2.25825e-17)
(25.8884 5.9843 0)
(25.9137 6.02768 0)
(25.9375 6.07136 -9.83363e-18)
(25.9593 6.11489 0)
(25.9781 6.15748 1.70169e-17)
(25.9935 6.19876 0)
(26.0057 6.23856 0)
(26.0149 6.27671 0)
(26.0212 6.31304 0)
(26.0247 6.34738 -2.04519e-17)
(26.0256 6.37962 0)
(26.0239 6.40964 0)
(26.0199 6.43743 6.75979e-17)
(26.0136 6.46284 1.19865e-17)
(26.0052 6.48607 0)
(25.9949 6.50665 0)
(25.9847 6.52304 9.69159e-18)
(25.9745 6.53583 0)
(25.9627 6.5478 -1.0328e-16)
(25.9493 6.5594 8.5915e-17)
(25.9344 6.56869 -7.5928e-17)
(25.9179 6.5793 7.30378e-17)
(25.8999 6.58316 0)
(25.8803 6.59631 9.34957e-17)
(25.8594 6.58595 -1.73955e-16)
(25.8373 6.61689 -6.12142e-17)
(25.8179 6.56262 0)
(25.7801 6.66592 0)
(25.8449 6.47589 0)
(25.6858 7.21836 1.15826e-19)
(25.696 7.21598 0)
(25.7062 7.21337 -1.17964e-19)
(25.7163 7.2106 0)
(25.7263 7.20766 6.80572e-19)
(25.7363 7.20455 -1.06336e-18)
(25.7462 7.20124 3.80394e-19)
(25.7562 7.19772 0)
(25.7662 7.19398 -3.18478e-19)
(25.7761 7.19001 0)
(25.7861 7.18579 0)
(25.7962 7.1813 0)
(25.8062 7.17653 0)
(25.8163 7.17146 -1.14209e-18)
(25.8265 7.16606 7.60624e-19)
(25.8367 7.16033 -5.06673e-19)
(25.8469 7.15423 6.33859e-19)
(25.8572 7.14775 0)
(25.8676 7.14088 0)
(25.8779 7.13357 0)
(25.8883 7.12583 0)
(25.8987 7.11761 -9.8895e-19)
(25.909 7.10892 5.27123e-19)
(25.9193 7.09971 0)
(25.9295 7.08999 1.31027e-18)
(25.9397 7.07973 0)
(25.9496 7.06892 0)
(25.9594 7.05755 0)
(25.969 7.0456 0)
(25.9783 7.03308 1.71374e-18)
(25.9873 7.02 0)
(25.9959 7.00634 1.37446e-18)
(26.0041 6.99213 -1.63571e-18)
(26.0117 6.97739 0)
(26.0188 6.96214 0)
(26.0253 6.94641 -4.9324e-18)
(26.0311 6.93024 0)
(26.0361 6.91369 0)
(26.0403 6.8968 0)
(26.0436 6.87965 0)
(26.0459 6.8623 0)
(26.0472 6.84482 1.35493e-17)
(26.0474 6.82731 -8.14274e-18)
(26.0464 6.80986 0)
(26.0442 6.79255 2.29067e-17)
(26.0407 6.77549 0)
(26.0359 6.75878 0)
(26.0298 6.74252 -1.05148e-17)
(26.0224 6.72681 9.21026e-18)
(26.0138 6.71177 0)
(26.0039 6.69748 4.95008e-18)
(25.9928 6.68406 -1.69965e-17)
(25.9807 6.67157 -4.61588e-18)
(25.9675 6.66009 0)
(25.9533 6.64966 -3.34702e-18)
(25.9382 6.64031 0)
(25.9221 6.63205 0)
(25.905 6.62487 1.82296e-18)
(25.887 6.61875 1.85097e-17)
(25.8681 6.61368 0)
(25.8485 6.60966 0)
(25.8285 6.60666 0)
(25.8081 6.60469 0)
(25.7876 6.60371 0)
(25.7669 6.60364 4.25562e-17)
(25.7455 6.60428 0)
(25.7227 6.6053 -4.59749e-17)
(25.7013 6.60635 -3.01795e-17)
(25.6807 6.60707 -2.46961e-18)
(25.6575 6.60782 2.37562e-18)
(25.6326 6.60869 0)
(25.6086 6.6105 0)
(25.5907 6.61469 9.51123e-17)
(25.5854 6.62327 0)
(25.5982 6.63781 0)
(25.6283 6.65971 0)
(25.6665 6.68315 0)
(25.6963 6.70215 0)
(25.6953 6.75235 0)
(25.6811 6.65286 0)
(25.6508 7.08387 5.14569e-19)
(25.6406 7.08351 -5.54765e-20)
(25.6308 7.08265 1.77511e-18)
(25.6209 7.08212 9.53448e-19)
(25.6108 7.08165 8.73892e-19)
(25.6003 7.08097 0)
(25.5896 7.08012 0)
(25.5785 7.07919 0)
(25.5672 7.07818 2.05446e-18)
(25.5557 7.07704 -1.15802e-19)
(25.5439 7.07573 2.02066e-18)
(25.5319 7.07424 0)
(25.5195 7.07253 -2.12519e-18)
(25.5063 7.07054 0)
(25.4919 7.06819 0)
(25.4762 7.0655 0)
(25.4601 7.06267 -2.86499e-20)
(25.4472 7.06029 4.83644e-18)
(25.4437 7.0592 0)
(25.4564 7.06018 0)
(25.4844 7.06251 0)
(25.5061 7.0624 -9.45905e-18)
(25.4683 7.05104 8.63929e-18)
(25.3091 7.0175 -1.59387e-17)
(24.9939 6.95361 0)
(24.516 6.85402 6.91664e-18)
(23.8827 6.71543 -6.55671e-18)
(23.108 6.53621 0)
(22.2118 6.31625 0)
(21.219 6.05692 0)
(20.1604 5.76146 -1.23424e-17)
(19.0729 5.4354 1.2485e-17)
(18.0002 5.08698 -1.16288e-17)
(16.9939 4.72783 1.30756e-17)
(16.1145 4.3736 -2.47149e-17)
(15.4308 4.04438 0)
(15.018 3.76463 0)
(14.9506 3.56192 0)
(15.2894 3.46379 0)
(16.0638 3.49247 -2.77889e-17)
(17.2634 3.66073 0)
(18.8342 3.96927 -2.74875e-18)
(20.6681 4.40207 0)
(22.5773 4.91489 0)
(24.2653 5.41809 0)
(25.3889 5.78736 0)
(25.8113 5.94839 0)
(25.794 5.96247 0)
(25.718 5.95293 -5.42493e-17)
(25.728 5.97481 -7.55555e-18)
(25.7818 6.0159 0)
(25.8275 6.05652 0)
(25.8578 6.09268 0)
(25.8825 6.12773 -7.56323e-18)
(25.9061 6.16337 0)
(25.9278 6.19915 1.3772e-17)
(25.9465 6.23432 -5.64195e-18)
(25.9621 6.26858 -1.36441e-18)
(25.9747 6.30175 0)
(25.9844 6.33365 0)
(25.9913 6.36411 -1.80988e-17)
(25.9954 6.39296 0)
(25.997 6.42006 3.85094e-17)
(25.996 6.44533 0)
(25.9926 6.46862 5.25345e-17)
(25.987 6.49006 4.12624e-17)
(25.9792 6.50917 0)
(25.971 6.52448 9.22425e-18)
(25.9626 6.53649 0)
(25.9524 6.54774 4.77916e-17)
(25.9406 6.55873 -1.09108e-17)
(25.9272 6.56751 7.53318e-17)
(25.9121 6.57767 -5.80074e-17)
(25.8953 6.58125 -5.10157e-17)
(25.8771 6.59411 -9.29099e-17)
(25.8571 6.58372 8.29984e-17)
(25.8362 6.61444 0)
(25.817 6.56038 0)
(25.7806 6.66382 0)
(25.8458 6.47325 0)
(25.6606 7.08317 5.91947e-20)
(25.6702 7.08173 -4.30986e-19)
(25.6796 7.08036 3.57854e-19)
(25.689 7.07883 0)
(25.6983 7.07721 -6.63143e-19)
(25.7075 7.07548 -1.31155e-19)
(25.7166 7.07363 -7.41975e-19)
(25.7257 7.07164 0)
(25.7347 7.06952 6.90018e-19)
(25.7437 7.06724 0)
(25.7527 7.0648 0)
(25.7617 7.06218 1.2167e-18)
(25.7707 7.05938 0)
(25.7797 7.05637 8.03167e-19)
(25.7887 7.05315 -7.41687e-19)
(25.7978 7.04969 1.66789e-18)
(25.8069 7.04597 3.11262e-19)
(25.816 7.04199 0)
(25.8251 7.03773 0)
(25.8343 7.03316 0)
(25.8435 7.02826 0)
(25.8527 7.02303 6.30305e-19)
(25.862 7.01742 6.42488e-19)
(25.8712 7.01144 0)
(25.8804 7.00505 0)
(25.8896 6.99824 1.64474e-18)
(25.8987 6.991 -1.43216e-18)
(25.9077 6.9833 0)
(25.9166 6.97514 0)
(25.9253 6.96649 1.21143e-18)
(25.9338 6.95736 1.31743e-18)
(25.9421 6.94774 -1.34369e-18)
(25.9502 6.93763 2.26139e-18)
(25.9579 6.92702 0)
(25.9651 6.91594 0)
(25.972 6.90439 0)
(25.9784 6.89239 0)
(25.9841 6.87997 0)
(25.9893 6.86717 0)
(25.9937 6.85402 0)
(25.9974 6.84056 -1.80592e-18)
(26.0002 6.82686 -4.86313e-18)
(26.002 6.81297 0)
(26.0029 6.79896 0)
(26.0026 6.7849 -1.25358e-17)
(26.0013 6.77087 0)
(25.9987 6.75695 0)
(25.995 6.74325 0)
(25.99 6.72984 0)
(25.9838 6.71683 0)
(25.9765 6.70432 4.45988e-18)
(25.9679 6.69239 3.80591e-18)
(25.9583 6.68115 3.20026e-18)
(25.9475 6.67065 0)
(25.9357 6.66095 0)
(25.9228 6.65209 0)
(25.9087 6.64411 6.75174e-18)
(25.8935 6.637 1.88211e-18)
(25.8773 6.6308 -2.07372e-17)
(25.8601 6.6255 0)
(25.8421 6.62113 0)
(25.8234 6.61771 1.61844e-17)
(25.8043 6.61525 0)
(25.785 6.61372 -3.73522e-17)
(25.7651 6.61304 -3.92465e-17)
(25.7443 6.61302 0)
(25.7219 6.61332 0)
(25.7005 6.61372 2.73959e-17)
(25.6799 6.61389 -5.54076e-17)
(25.6568 6.61411 5.35127e-17)
(25.6324 6.61459 0)
(25.6098 6.61623 0)
(25.594 6.62056 -1.84829e-16)
(25.5916 6.62953 0)
(25.6071 6.64452 0)
(25.6387 6.66651 0)
(25.6764 6.68919 0)
(25.7039 6.70822 0)
(25.7003 6.75502 0)
(25.6838 6.6591 0)
(25.6446 6.97563 -4.21643e-19)
(25.6352 6.97496 -1.92196e-20)
(25.6263 6.9739 -1.85935e-18)
(25.6174 6.97309 -9.25713e-19)
(25.6082 6.97228 0)
(25.5989 6.97129 0)
(25.5892 6.97014 9.84104e-19)
(25.5794 6.96891 0)
(25.5692 6.96759 -1.99695e-18)
(25.5589 6.96615 4.05846e-18)
(25.5484 6.96456 -2.05095e-18)
(25.5377 6.96281 0)
(25.5269 6.96088 0)
(25.516 6.95877 0)
(25.5047 6.95641 0)
(25.4929 6.95375 0)
(25.4798 6.95069 -1.82664e-19)
(25.4655 6.94726 0)
(25.4509 6.94368 0)
(25.4399 6.94055 0)
(25.4394 6.93882 0)
(25.4555 6.93909 7.01878e-19)
(25.4827 6.94007 -7.68897e-19)
(25.4877 6.93638 7.91184e-19)
(25.4096 6.91788 0)
(25.1966 6.87479 0)
(24.8286 6.80052 6.07574e-18)
(24.3062 6.69086 0)
(23.6398 6.54344 0)
(22.8456 6.35739 0)
(21.9458 6.13336 0)
(20.968 5.87373 0)
(19.9464 5.58301 1.18289e-18)
(18.9219 5.26837 0)
(17.9439 4.94026 2.39537e-18)
(17.0704 4.61303 0)
(16.3688 4.30553 0)
(15.9136 4.04122 0)
(15.7809 3.84705 0)
(16.035 3.75057 5.01764e-17)
(16.7115 3.77479 0)
(17.8056 3.9334 -3.83772e-18)
(19.2664 4.22756 0)
(20.9865 4.64072 0)
(22.7783 5.12744 0)
(24.3538 5.5993 0)
(25.3962 5.94005 0)
(25.7907 6.0849 0)
(25.7812 6.09341 6.32025e-17)
(25.714 6.07937 -4.31641e-18)
(25.7222 6.09375 0)
(25.7701 6.12608 0)
(25.8115 6.15853 2.96423e-17)
(25.8397 6.18737 -5.513e-18)
(25.8632 6.21546 0)
(25.8857 6.24427 1.07114e-17)
(25.9065 6.27338 5.56271e-18)
(25.9245 6.30215 -7.08883e-18)
(25.9395 6.33029 0)
(25.9518 6.35764 0)
(25.9614 6.38403 -1.5631e-17)
(25.9682 6.40927 0)
(25.9724 6.4332 -1.28204e-17)
(25.974 6.45571 0)
(25.9731 6.47661 0)
(25.9698 6.496 -8.939e-18)
(25.9643 6.5134 0)
(25.9581 6.52745 4.85179e-17)
(25.9512 6.53852 0)
(25.9426 6.5489 0)
(25.9323 6.5591 -7.36191e-17)
(25.9202 6.56722 0)
(25.9065 6.5768 7.00611e-18)
(25.891 6.57998 9.56701e-17)
(25.874 6.59241 0)
(25.8548 6.58194 -6.86111e-17)
(25.8352 6.61227 -4.64965e-17)
(25.8162 6.55846 0)
(25.7811 6.66185 0)
(25.8468 6.47081 0)
(25.6537 6.97563 2.23585e-20)
(25.6627 6.9748 8.60482e-19)
(25.6715 6.97421 0)
(25.6802 6.97345 0)
(25.6888 6.97268 0)
(25.6973 6.97182 1.54771e-18)
(25.7056 6.97089 -6.00341e-20)
(25.7139 6.96988 0)
(25.7221 6.96879 6.53878e-20)
(25.7303 6.96761 0)
(25.7383 6.96633 0)
(25.7464 6.96493 1.46867e-19)
(25.7544 6.96342 0)
(25.7624 6.96178 0)
(25.7703 6.96 -1.17995e-18)
(25.7783 6.95807 -9.61129e-19)
(25.7862 6.95597 1.7229e-19)
(25.7942 6.95369 0)
(25.8022 6.95122 0)
(25.8101 6.94854 0)
(25.8181 6.94563 0)
(25.8262 6.94248 -1.62459e-18)
(25.8342 6.93907 -1.12717e-18)
(25.8422 6.93539 -2.82695e-18)
(25.8502 6.93141 0)
(25.8582 6.92712 8.09118e-19)
(25.8662 6.9225 -8.13674e-19)
(25.8742 6.91753 0)
(25.8821 6.9122 0)
(25.8899 6.90649 8.12731e-19)
(25.8975 6.90039 1.61458e-18)
(25.9051 6.89389 0)
(25.9125 6.88697 1.5758e-18)
(25.9196 6.87964 -1.90928e-18)
(25.9265 6.87189 0)
(25.9331 6.86372 0)
(25.9393 6.85513 0)
(25.9452 6.84614 0)
(25.9505 6.83677 0)
(25.9553 6.82702 0)
(25.9595 6.81693 1.76906e-18)
(25.9629 6.80653 0)
(25.9656 6.79585 1.65822e-19)
(25.9675 6.78495 0)
(25.9684 6.77388 3.68438e-18)
(25.9684 6.76269 0)
(25.9673 6.75145 0)
(25.9651 6.74024 3.71406e-19)
(25.9619 6.72913 0)
(25.9575 6.71822 0)
(25.952 6.70759 3.86763e-18)
(25.9455 6.69732 3.34388e-18)
(25.9378 6.68751 1.32722e-18)
(25.929 6.6782 0)
(25.9191 6.66947 -2.99159e-18)
(25.908 6.66135 0)
(25.8957 6.6539 -6.6622e-18)
(25.8822 6.64713 1.82394e-18)
(25.8675 6.64109 1.08724e-17)
(25.8518 6.63582 0)
(25.8352 6.63134 0)
(25.818 6.62771 6.10382e-20)
(25.8001 6.62495 0)
(25.7818 6.62304 8.81304e-19)
(25.7629 6.62191 1.23125e-18)
(25.7427 6.62134 0)
(25.7205 6.62102 3.98486e-17)
(25.6991 6.62085 -1.15346e-18)
(25.6786 6.62053 0)
(25.6558 6.6203 0)
(25.6321 6.62048 0)
(25.611 6.62206 -8.95658e-17)
(25.5977 6.62663 8.97225e-17)
(25.5983 6.63605 0)
(25.6166 6.6515 0)
(25.6496 6.67351 0)
(25.6865 6.69535 0)
(25.7114 6.71438 -1.3389e-16)
(25.7053 6.75764 0)
(25.686 6.66534 0)
(25.6494 6.89141 -2.65834e-21)
(25.6406 6.8908 4.00616e-21)
(25.6325 6.88983 1.82148e-18)
(25.6243 6.88902 0)
(25.616 6.88818 0)
(25.6075 6.88717 -9.23383e-19)
(25.5988 6.88602 -2.32649e-20)
(25.5899 6.88477 0)
(25.5808 6.88344 0)
(25.5716 6.88199 -3.86523e-18)
(25.5622 6.8804 1.98798e-18)
(25.5526 6.87866 0)
(25.5429 6.87675 0)
(25.5331 6.87468 0)
(25.5232 6.87243 0)
(25.5134 6.86998 0)
(25.5032 6.86727 -2.61816e-19)
(25.4925 6.86424 -4.01717e-18)
(25.4807 6.86081 0)
(25.4675 6.85699 0)
(25.4545 6.85308 0)
(25.4464 6.84976 8.9961e-18)
(25.4506 6.84803 -9.06506e-18)
(25.4705 6.84805 1.72381e-17)
(25.4903 6.84718 0)
(25.4619 6.83776 0)
(25.3258 6.80951 -7.62025e-19)
(25.0475 6.75451 0)
(24.6193 6.66773 0)
(24.047 6.54611 0)
(23.3438 6.38815 9.36121e-18)
(22.5287 6.19388 -9.11409e-18)
(21.6265 5.96492 1.01583e-17)
(20.6686 5.70493 0)
(19.6933 5.42014 2.03754e-17)
(18.7475 5.1199 0)
(17.8869 4.81738 0)
(17.177 4.53025 0)
(16.6915 4.28086 0)
(16.507 4.0954 -2.25089e-17)
(16.6907 4.00122 0)
(17.2835 4.02183 -4.2517e-18)
(18.2857 4.17169 0)
(19.6498 4.45236 0)
(21.2696 4.84696 0)
(22.9586 5.3094 0)
(24.4386 5.75336 0)
(25.4149 6.06999 0)
(25.7874 6.20176 7.91353e-19)
(25.7834 6.20592 5.22233e-17)
(25.7211 6.18808 0)
(25.7256 6.19603 0)
(25.7671 6.22091 -2.90999e-17)
(25.8043 6.24653 -3.74902e-18)
(25.8306 6.26931 0)
(25.8527 6.29165 -2.42012e-17)
(25.8738 6.31476 0)
(25.8931 6.3382 8.31507e-18)
(25.9098 6.36145 0)
(25.9239 6.38428 0)
(25.9354 6.40654 -1.3889e-17)
(25.9442 6.42808 0)
(25.9505 6.44869 -2.49977e-17)
(25.9542 6.46827 -1.82418e-17)
(25.9554 6.48661 -2.14197e-17)
(25.9542 6.50377 -3.16225e-17)
(25.9506 6.51927 0)
(25.9461 6.53188 0)
(25.9407 6.54187 0)
(25.9335 6.55124 0)
(25.9245 6.56052 -5.2693e-17)
(25.9137 6.56784 0)
(25.9013 6.57669 6.7247e-18)
(25.8869 6.57938 -4.46804e-17)
(25.871 6.59123 0)
(25.8528 6.58065 6.81776e-17)
(25.8343 6.61041 4.62231e-17)
(25.8155 6.5569 0)
(25.7816 6.66001 0)
(25.848 6.46862 0)
(25.6579 6.89169 -1.53841e-21)
(25.6665 6.89117 -4.27885e-19)
(25.6747 6.89099 0)
(25.6829 6.89067 0)
(25.6909 6.89037 0)
(25.6988 6.89001 -1.56308e-18)
(25.7065 6.88962 7.56512e-19)
(25.7141 6.8892 0)
(25.7217 6.88873 -7.13246e-19)
(25.7291 6.88821 0)
(25.7364 6.88765 -1.37829e-18)
(25.7436 6.88702 4.75064e-20)
(25.7508 6.88633 0)
(25.7579 6.88558 0)
(25.7649 6.88474 1.14508e-18)
(25.7719 6.88381 1.16464e-18)
(25.7789 6.88278 -1.04539e-18)
(25.7858 6.88164 0)
(25.7927 6.88038 2.05745e-18)
(25.7996 6.87898 0)
(25.8065 6.87744 0)
(25.8134 6.87573 -1.99276e-19)
(25.8202 6.87385 1.68521e-18)
(25.8271 6.87178 2.75008e-18)
(25.8339 6.8695 0)
(25.8408 6.867 -2.3485e-18)
(25.8476 6.86426 2.1522e-18)
(25.8544 6.86127 0)
(25.8612 6.85801 0)
(25.8679 6.85446 5.04658e-19)
(25.8746 6.85061 -2.82832e-18)
(25.8812 6.84645 0)
(25.8877 6.84195 1.02998e-18)
(25.894 6.83712 1.86368e-18)
(25.9002 6.83194 0)
(25.9061 6.82641 0)
(25.9118 6.82052 0)
(25.9172 6.81426 0)
(25.9222 6.80765 0)
(25.9268 6.80068 0)
(25.931 6.79338 0)
(25.9345 6.78574 -2.05993e-18)
(25.9374 6.7778 -1.62464e-19)
(25.9397 6.76959 0)
(25.9411 6.76113 2.846e-18)
(25.9418 6.75248 0)
(25.9415 6.74367 0)
(25.9403 6.73477 -3.64728e-19)
(25.9382 6.72584 1.7673e-18)
(25.935 6.71696 0)
(25.9309 6.70819 -2.9499e-19)
(25.9257 6.69961 -8.56812e-19)
(25.9195 6.69128 3.93028e-18)
(25.9122 6.68327 0)
(25.9038 6.67563 -1.71723e-18)
(25.8942 6.66841 0)
(25.8833 6.66167 0)
(25.8712 6.65543 1.66435e-18)
(25.858 6.64976 0)
(25.8436 6.6447 0)
(25.8283 6.64032 0)
(25.8123 6.63667 -1.58846e-17)
(25.7957 6.63379 0)
(25.7784 6.63165 3.57121e-17)
(25.7602 6.63019 1.14277e-18)
(25.7406 6.62919 0)
(25.7186 6.62834 -3.94794e-17)
(25.6973 6.62768 -2.56436e-17)
(25.6769 6.62693 0)
(25.6545 6.62635 0)
(25.6318 6.62633 0)
(25.6125 6.62797 8.88026e-17)
(25.6019 6.63289 8.09945e-17)
(25.6058 6.64283 0)
(25.6268 6.65875 0)
(25.6608 6.68068 0)
(25.6967 6.70162 0)
(25.7188 6.72062 1.33157e-16)
(25.7102 6.76019 0)
(25.6877 6.6716 0)
(25.6601 6.82699 3.97082e-19)
(25.6518 6.82633 1.75975e-20)
(25.6442 6.82539 -3.70876e-20)
(25.6367 6.82459 0)
(25.629 6.82378 0)
(25.6213 6.82282 8.91726e-19)
(25.6134 6.82175 -8.98061e-19)
(25.6053 6.8206 0)
(25.5972 6.81938 1.72143e-18)
(25.5889 6.81806 1.05528e-19)
(25.5804 6.81662 0)
(25.5719 6.81505 0)
(25.5632 6.81333 0)
(25.5544 6.81148 0)
(25.5456 6.80946 0)
(25.5367 6.80727 0)
(25.5278 6.8049 -2.95363e-19)
(25.5189 6.80233 3.8906e-18)
(25.5098 6.79951 0)
(25.5001 6.79635 0)
(25.4892 6.79279 0)
(25.4771 6.78889 0)
(25.4661 6.78502 0)
(25.4623 6.78204 -1.5388e-17)
(25.4726 6.78078 0)
(25.493 6.78038 -7.08653e-18)
(25.4912 6.77582 -8.24134e-19)
(25.4095 6.75772 -5.83606e-18)
(25.2024 6.71718 0)
(24.8528 6.64831 0)
(24.3614 6.54744 -1.21035e-18)
(23.7381 6.41261 1.1596e-18)
(22.9989 6.24328 0)
(22.166 6.04045 -7.86718e-18)
(21.268 5.80711 0)
(20.3408 5.54861 0)
(19.4287 5.27332 0)
(18.5851 4.99334 0)
(17.8738 4.72519 0)
(17.3672 4.49011 -1.67455e-17)
(17.142 4.31342 0)
(17.2678 4.22208 -4.21856e-18)
(17.7897 4.23984 0)
(18.7126 4.38174 0)
(19.9926 4.64966 0)
(21.5247 5.02651 0)
(23.1244 5.46608 0)
(24.5227 5.88451 0)
(25.443 6.1795 -1.54113e-18)
(25.7959 6.2995 -5.11761e-17)
(25.7952 6.29987 4.5671e-17)
(25.736 6.27939 0)
(25.7366 6.28295 0)
(25.772 6.30251 -2.24596e-18)
(25.8048 6.32281 0)
(25.8285 6.34041 3.70555e-17)
(25.8489 6.35765 0)
(25.8682 6.37576 -2.15224e-17)
(25.8858 6.39433 0)
(25.901 6.41283 0)
(25.9137 6.43105 0)
(25.9239 6.44887 0)
(25.9317 6.46613 0)
(25.937 6.4827 2.73615e-17)
(25.9399 6.49837 2.11878e-17)
(25.9403 6.51316 0)
(25.9383 6.52662 0)
(25.9353 6.53767 0)
(25.9312 6.54646 -2.33994e-17)
(25.9252 6.5547 0)
(25.9174 6.56293 5.21796e-17)
(25.9078 6.56936 0)
(25.8965 6.57735 6.36348e-18)
(25.8831 6.57944 3.37064e-17)
(25.8684 6.59058 0)
(25.8509 6.57985 0)
(25.8335 6.60887 0)
(25.815 6.55572 0)
(25.7821 6.65832 1.0526e-17)
(25.8493 6.46669 0)
(25.6682 6.82752 -1.57096e-20)
(25.6763 6.82726 -3.97858e-19)
(25.6841 6.82737 0)
(25.6918 6.82735 3.83675e-19)
(25.6994 6.82735 0)
(25.7068 6.82733 2.16456e-20)
(25.714 6.8273 0)
(25.7212 6.82724 0)
(25.7281 6.82717 0)
(25.735 6.82708 0)
(25.7417 6.82695 2.0534e-20)
(25.7483 6.8268 -1.56506e-20)
(25.7548 6.82661 0)
(25.7612 6.82639 0)
(25.7675 6.82611 1.17002e-18)
(25.7737 6.82579 4.65781e-21)
(25.7798 6.8254 0)
(25.7859 6.82496 0)
(25.7919 6.82444 -1.99471e-18)
(25.7979 6.82384 0)
(25.8038 6.82315 0)
(25.8097 6.82235 -7.09028e-20)
(25.8156 6.82145 8.06818e-20)
(25.8214 6.82043 0)
(25.8272 6.81927 0)
(25.833 6.81796 0)
(25.8388 6.81649 0)
(25.8445 6.81484 0)
(25.8503 6.81301 0)
(25.8559 6.81097 2.75422e-19)
(25.8616 6.80872 0)
(25.8671 6.80623 4.02144e-18)
(25.8726 6.8035 6.11039e-19)
(25.8781 6.8005 0)
(25.8833 6.79723 0)
(25.8885 6.79368 0)
(25.8934 6.78983 0)
(25.8981 6.78568 0)
(25.9025 6.78122 0)
(25.9066 6.77644 0)
(25.9103 6.77136 0)
(25.9136 6.76596 -1.18942e-18)
(25.9163 6.76026 2.8806e-18)
(25.9185 6.75428 0)
(25.92 6.74803 2.09266e-18)
(25.9208 6.74154 0)
(25.9209 6.73484 0)
(25.9202 6.72799 0)
(25.9187 6.72103 -1.73534e-18)
(25.9163 6.714 0)
(25.913 6.70697 6.01544e-18)
(25.9088 6.69999 0)
(25.9037 6.69312 1.98099e-18)
(25.8974 6.68641 0)
(25.8901 6.67991 4.59448e-18)
(25.8816 6.67367 0)
(25.8719 6.66773 0)
(25.8609 6.66214 1.42577e-18)
(25.8488 6.65697 -1.4027e-17)
(25.8356 6.65228 0)
(25.8215 6.64814 0)
(25.8067 6.64462 1.58323e-17)
(25.7911 6.64176 -3.27657e-17)
(25.7748 6.63954 -3.37602e-17)
(25.7573 6.63786 3.57321e-17)
(25.7381 6.63652 0)
(25.7163 6.63524 3.59258e-17)
(25.6951 6.63416 -2.315e-17)
(25.6748 6.63307 0)
(25.6529 6.63223 0)
(25.6314 6.63212 0)
(25.6142 6.63396 0)
(25.6067 6.63935 -4.05901e-18)
(25.614 6.64988 0)
(25.6376 6.66624 0)
(25.6725 6.68799 0)
(25.707 6.70797 0)
(25.726 6.72691 -1.18867e-16)
(25.7149 6.76264 0)
(25.6891 6.67792 0)
(25.6726 6.77943 -4.2151e-19)
(25.6647 6.77892 2.3792e-20)
(25.6576 6.77813 -4.8867e-20)
(25.6505 6.77747 7.59407e-19)
(25.6434 6.7768 0)
(25.6363 6.776 0)
(25.629 6.7751 7.67149e-19)
(25.6217 6.77413 -7.69663e-19)
(25.6143 6.77311 -1.1537e-19)
(25.6068 6.772 1.18766e-19)
(25.5992 6.77079 0)
(25.5915 6.76947 0)
(25.5838 6.76804 0)
(25.576 6.76648 1.56606e-18)
(25.5681 6.76479 0)
(25.5601 6.76295 0)
(25.5521 6.76096 -2.9239e-19)
(25.5441 6.75881 0)
(25.5362 6.75648 0)
(25.5282 6.75396 0)
(25.52 6.7512 0)
(25.511 6.7481 -6.35159e-18)
(25.5007 6.74462 6.35548e-18)
(25.4897 6.7409 7.12784e-19)
(25.4819 6.73751 0)
(25.4843 6.73539 7.09715e-18)
(25.4997 6.73471 -7.61038e-19)
(25.5092 6.73262 6.63121e-18)
(25.464 6.72143 0)
(25.312 6.69185 0)
(25.0266 6.63705 -9.59324e-18)
(24.6033 6.55274 1.0343e-18)
(24.0485 6.43647 -7.37872e-18)
(23.3757 6.2873 8.02634e-18)
(22.6045 6.10582 0)
(21.7613 5.89445 0)
(20.8796 5.65784 0)
(20.0014 5.4036 0)
(19.1781 5.14292 0)
(18.4715 4.89131 1.58058e-17)
(17.9528 4.66898 0)
(17.6984 4.50046 -4.12096e-18)
(17.7796 4.41227 0)
(18.2448 4.42826 0)
(19.1026 4.56382 0)
(20.3115 4.821 0)
(21.7678 5.18243 0)
(23.2892 5.60197 0)
(24.6147 5.99819 -3.30924e-18)
(25.4817 6.27431 4.79578e-17)
(25.8107 6.38366 -4.36386e-17)
(25.8064 6.37975 0)
(25.7477 6.35591 0)
(25.7471 6.35531 2.76705e-17)
(25.7804 6.37087 0)
(25.811 6.38753 -3.64064e-17)
(25.8322 6.40127 3.20858e-17)
(25.85 6.41429 -4.03724e-18)
(25.8672 6.42807 0)
(25.8829 6.44242 1.37133e-17)
(25.8963 6.45682 -1.81295e-17)
(25.9074 6.47107 0)
(25.9162 6.48502 0)
(25.9226 6.49858 -7.29857e-18)
(25.9266 6.51156 0)
(25.9284 6.52392 0)
(25.9277 6.53526 0)
(25.9258 6.54466 0)
(25.9228 6.55218 2.31239e-17)
(25.9179 6.55921 -1.74849e-17)
(25.9112 6.5663 0)
(25.9026 6.57173 0)
(25.8923 6.57875 5.93601e-18)
(25.8798 6.58017 -4.91692e-18)
(25.8661 6.59046 0)
(25.8493 6.57956 4.75488e-17)
(25.833 6.60766 0)
(25.8147 6.55496 0)
(25.7827 6.65677 -1.04684e-17)
(25.8506 6.46512 0)
(25.6803 6.77996 -2.23333e-20)
(25.6881 6.7798 2.15954e-20)
(25.6956 6.78002 0)
(25.703 6.78012 -3.69731e-19)
(25.7102 6.78027 0)
(25.7173 6.7804 3.67701e-20)
(25.7242 6.78054 0)
(25.731 6.78067 0)
(25.7376 6.7808 6.34249e-19)
(25.744 6.78091 0)
(25.7503 6.78102 1.26714e-18)
(25.7565 6.78112 -1.23404e-18)
(25.7625 6.7812 -1.15345e-18)
(25.7684 6.78127 0)
(25.7742 6.78131 -1.1308e-18)
(25.7798 6.78134 -3.39428e-20)
(25.7854 6.78133 1.02936e-18)
(25.7908 6.78129 0)
(25.7962 6.78122 1.92863e-18)
(25.8015 6.7811 0)
(25.8067 6.78094 0)
(25.8118 6.78071 1.35408e-20)
(25.8169 6.78043 -3.32331e-18)
(25.8219 6.78007 0)
(25.8269 6.77963 0)
(25.8318 6.77909 0)
(25.8367 6.77846 0)
(25.8415 6.77771 0)
(25.8463 6.77683 0)
(25.851 6.77582 1.0837e-19)
(25.8557 6.77466 0)
(25.8604 6.77333 -3.91282e-18)
(25.865 6.77183 2.95036e-19)
(25.8694 6.77014 0)
(25.8738 6.76824 0)
(25.8781 6.76612 0)
(25.8822 6.76377 0)
(25.8861 6.76117 0)
(25.8898 6.75832 0)
(25.8932 6.75521 0)
(25.8962 6.75182 0)
(25.899 6.74816 -7.69096e-19)
(25.9012 6.74423 -2.81797e-18)
(25.903 6.74003 0)
(25.9043 6.73556 1.43305e-18)
(25.905 6.73086 0)
(25.9051 6.72593 0)
(25.9045 6.72081 0)
(25.9032 6.71553 4.39098e-18)
(25.9012 6.71013 0)
(25.8984 6.70465 1.91911e-18)
(25.8948 6.69913 0)
(25.8903 6.69361 -5.75061e-18)
(25.8848 6.68813 7.12194e-18)
(25.8782 6.68274 7.04926e-18)
(25.8705 6.67746 0)
(25.8616 6.67236 0)
(25.8515 6.66748 1.1244e-18)
(25.8403 6.66289 2.84676e-17)
(25.8281 6.65867 0)
(25.815 6.65489 0)
(25.8012 6.65162 -1.5639e-17)
(25.7866 6.64889 4.57439e-19)
(25.7711 6.64668 6.59375e-17)
(25.7542 6.64489 0)
(25.7353 6.64329 0)
(25.7136 6.64166 -1.56937e-18)
(25.6924 6.64024 2.28658e-17)
(25.6725 6.6389 0)
(25.6513 6.63791 0)
(25.6313 6.63786 0)
(25.6165 6.64002 0)
(25.6123 6.646 -4.10682e-18)
(25.623 6.65716 0)
(25.6491 6.67394 0)
(25.6844 6.69541 0)
(25.7172 6.71439 0)
(25.7332 6.73324 1.18161e-16)
(25.7193 6.76494 0)
(25.6902 6.68429 0)
(25.6851 6.74375 3.05143e-19)
(25.6775 6.74333 2.80442e-20)
(25.6707 6.74267 -5.6892e-20)
(25.6641 6.74213 -5.77179e-20)
(25.6574 6.74158 6.74153e-19)
(25.6508 6.74092 0)
(25.6441 6.74017 -7.38044e-19)
(25.6373 6.73936 7.40623e-19)
(25.6305 6.7385 -1.24983e-19)
(25.6237 6.73758 1.27128e-19)
(25.6168 6.73657 0)
(25.6099 6.73546 0)
(25.603 6.73427 0)
(25.596 6.73296 -1.50916e-18)
(25.589 6.73154 0)
(25.582 6.72999 0)
(25.5749 6.7283 -2.89099e-19)
(25.5678 6.72647 0)
(25.5607 6.72447 0)
(25.5536 6.72231 0)
(25.5465 6.71997 0)
(25.5394 6.71741 6.36462e-19)
(25.532 6.71457 -6.48593e-19)
(25.5235 6.71137 6.14526e-18)
(25.5137 6.7078 0)
(25.5046 6.70415 -5.46021e-18)
(25.5019 6.70116 -6.12764e-18)
(25.5111 6.69939 -5.36138e-18)
(25.5237 6.69741 0)
(25.5026 6.6898 0)
(25.3957 6.66831 0)
(25.167 6.62571 8.62714e-18)
(24.8047 6.55693 1.48107e-17)
(24.3115 6.45868 0)
(23.6985 6.32937 0)
(22.983 6.16898 0)
(22.1892 5.97929 0)
(21.3486 5.76428 0)
(20.5011 5.53069 0)
(19.6961 5.28867 1.14587e-17)
(18.9935 5.05263 -1.15493e-17)
(18.4635 4.84162 -3.50852e-18)
(18.1823 4.67905 0)
(18.2231 4.59077 0)
(18.6374 4.6006 2.31768e-17)
(19.4382 4.72454 -2.26849e-17)
(20.5863 4.96538 -2.20714e-17)
(21.9794 5.30657 0)
(23.4371 5.70366 -3.53906e-18)
(24.7052 6.0796 0)
(25.533 6.34461 0)
(25.847 6.45524 0)
(25.8387 6.45641 0)
(25.7721 6.43092 0)
(25.7619 6.4224 0)
(25.7903 6.43034 0)
(25.8197 6.44245 1.9744e-18)
(25.8399 6.45315 -2.41242e-18)
(25.8556 6.46288 0)
(25.8702 6.47291 -1.35048e-17)
(25.8836 6.48348 1.78671e-17)
(25.8951 6.49429 -1.61764e-17)
(25.9043 6.50506 0)
(25.9114 6.51566 -5.8418e-18)
(25.9162 6.52594 6.60154e-19)
(25.9188 6.53585 0)
(25.919 6.54503 0)
(25.9181 6.55272 0)
(25.9159 6.5589 -1.2348e-17)
(25.9119 6.56466 1.72849e-17)
(25.9061 6.57053 0)
(25.8983 6.5749 0)
(25.8889 6.58085 3.01727e-17)
(25.8772 6.58154 -5.20079e-17)
(25.8644 6.59085 0)
(25.8481 6.57977 -6.1206e-18)
(25.8328 6.60678 0)
(25.8144 6.55461 0)
(25.7837 6.65543 0)
(25.8518 6.46366 0)
(25.6925 6.74428 -2.69231e-20)
(25.7001 6.7442 2.63063e-20)
(25.7073 6.74448 0)
(25.7145 6.74467 3.11411e-19)
(25.7215 6.7449 0)
(25.7283 6.74512 4.71531e-20)
(25.735 6.74535 0)
(25.7415 6.74558 0)
(25.7478 6.74582 -4.24987e-20)
(25.754 6.74606 0)
(25.76 6.7463 -1.08998e-18)
(25.7659 6.74655 1.06583e-18)
(25.7716 6.74679 1.11233e-18)
(25.7772 6.74704 0)
(25.7826 6.74728 9.90565e-19)
(25.7879 6.74752 -5.97483e-20)
(25.793 6.74774 -5.57888e-20)
(25.798 6.74796 0)
(25.8029 6.74817 -1.86368e-18)
(25.8077 6.74836 0)
(25.8123 6.74853 0)
(25.8169 6.74867 1.67142e-18)
(25.8214 6.74878 3.15056e-18)
(25.8258 6.74885 0)
(25.8301 6.74888 0)
(25.8343 6.74886 -2.74385e-18)
(25.8385 6.74878 0)
(25.8426 6.74863 0)
(25.8466 6.74841 2.39633e-18)
(25.8505 6.7481 -4.57105e-18)
(25.8544 6.74768 0)
(25.8582 6.74716 4.10863e-18)
(25.862 6.74652 -3.8156e-18)
(25.8656 6.74574 3.66615e-18)
(25.8692 6.74481 3.45082e-18)
(25.8726 6.74372 0)
(25.8758 6.74245 0)
(25.8789 6.74099 0)
(25.8818 6.73933 0)
(25.8845 6.73746 0)
(25.8868 6.73535 4.58339e-18)
(25.8889 6.73302 -4.41064e-19)
(25.8906 6.73045 3.94421e-18)
(25.8919 6.72764 0)
(25.8927 6.72459 -5.87607e-18)
(25.8931 6.72131 0)
(25.893 6.71782 0)
(25.8923 6.71413 0)
(25.891 6.71026 7.81983e-19)
(25.8891 6.70623 0)
(25.8865 6.70208 -7.68539e-18)
(25.8831 6.69783 8.59824e-18)
(25.8789 6.69351 0)
(25.8738 6.68914 -7.00296e-18)
(25.8677 6.68475 -6.93539e-18)
(25.8606 6.68039 0)
(25.8523 6.67609 -1.50503e-17)
(25.8429 6.67192 -1.41637e-17)
(25.8325 6.66794 5.55153e-19)
(25.8211 6.66422 0)
(25.8089 6.66086 0)
(25.7959 6.6579 1.53132e-17)
(25.7821 6.65538 5.80899e-19)
(25.7673 6.65324 -8.97723e-19)
(25.7508 6.65139 0)
(25.7321 6.6496 0)
(25.7105 6.64767 -1.58142e-18)
(25.6894 6.64598 0)
(25.6698 6.64446 0)
(25.6496 6.64343 0)
(25.6314 6.64357 0)
(25.6194 6.64621 0)
(25.6187 6.65287 -4.14246e-18)
(25.6328 6.6647 0)
(25.6612 6.68188 0)
(25.6966 6.70292 0)
(25.7275 6.72089 0)
(25.7401 6.73963 1.03194e-16)
(25.7232 6.767 0)
(25.6914 6.69077 -2.65864e-16)
(25.7022 6.71449 -2.38577e-19)
(25.6949 6.71418 2.09328e-19)
(25.6885 6.71362 -4.20981e-19)
(25.6823 6.71321 -4.2306e-19)
(25.6762 6.71282 -4.25111e-19)
(25.6701 6.71234 3.62892e-19)
(25.6639 6.71178 0)
(25.6578 6.71118 0)
(25.6517 6.71055 -8.6713e-19)
(25.6456 6.70988 1.60734e-18)
(25.6395 6.70914 0)
(25.6335 6.70834 0)
(25.6275 6.70747 0)
(25.6215 6.70653 0)
(25.6155 6.7055 0)
(25.6095 6.70438 0)
(25.6036 6.70315 -3.29885e-18)
(25.5977 6.70182 -1.50144e-18)
(25.5918 6.70037 0)
(25.5859 6.69878 0)
(25.5801 6.69706 0)
(25.5743 6.69517 2.16592e-18)
(25.5685 6.69313 -6.69901e-18)
(25.5627 6.69089 -3.01244e-18)
(25.5564 6.68837 -3.01004e-18)
(25.5493 6.68553 3.71895e-18)
(25.5416 6.68245 0)
(25.5365 6.67952 3.73307e-18)
(25.5385 6.67733 -2.96853e-18)
(25.5467 6.6755 0)
(25.5427 6.6713 -5.45864e-18)
(25.4879 6.65878 0)
(25.3396 6.63069 -1.00421e-17)
(25.0719 6.58091 3.963e-18)
(24.6772 6.50513 0)
(24.16 6.40066 0)
(23.5331 6.26655 -6.61726e-18)
(22.816 6.10365 -6.4659e-18)
(22.0359 5.91481 0)
(21.2281 5.70533 -1.43568e-17)
(20.4377 5.48377 7.92374e-18)
(19.7202 5.26248 -2.25825e-17)
(19.1421 5.05836 0)
(18.7786 4.89277 1.3971e-17)
(18.7052 4.79015 -2.0682e-18)
(18.9831 4.77465 1.62569e-17)
(19.6387 4.86444 1.60887e-17)
(20.6475 5.06584 1.41005e-17)
(21.9214 5.36714 -3.1186e-17)
(23.297 5.73111 0)
(24.5415 6.09051 0)
(25.4188 6.36441 2.49719e-17)
(25.8269 6.50346 0)
(25.8859 6.52818 -2.16127e-17)
(25.8252 6.50587 1.92483e-17)
(25.7912 6.48808 0)
(25.8021 6.48677 -2.85997e-17)
(25.8271 6.49382 -8.39736e-19)
(25.8474 6.5015 0)
(25.8619 6.50803 0)
(25.8739 6.51437 1.27538e-17)
(25.8848 6.5212 1.43578e-17)
(25.8941 6.52842 0)
(25.9016 6.53578 3.5566e-18)
(25.9069 6.54305 -5.98754e-19)
(25.9102 6.55019 0)
(25.9111 6.5569 0)
(25.911 6.56264 0)
(25.9096 6.56728 1.78848e-17)
(25.9065 6.57156 0)
(25.9015 6.57601 0)
(25.8945 6.57915 1.80008e-17)
(25.8858 6.58381 0)
(25.8749 6.58368 2.2665e-17)
(25.8629 6.59175 3.269e-17)
(25.8472 6.58062 -3.97793e-17)
(25.8329 6.60606 0)
(25.8146 6.55496 0)
(25.7847 6.65375 3.17674e-18)
(25.8534 6.46333 -1.16288e-16)
(25.7094 6.71499 -2.99351e-20)
(25.7166 6.71496 2.02257e-19)
(25.7236 6.71525 -1.70674e-19)
(25.7305 6.71545 -1.96841e-19)
(25.7372 6.71569 0)
(25.7438 6.71594 3.8232e-19)
(25.7502 6.71619 0)
(25.7565 6.71645 0)
(25.7626 6.71673 -5.05603e-20)
(25.7685 6.717 0)
(25.7743 6.7173 3.99131e-19)
(25.7798 6.7176 -1.28642e-18)
(25.7852 6.7179 5.86395e-19)
(25.7905 6.71822 0)
(25.7955 6.71855 -1.21248e-18)
(25.8004 6.71888 -6.33185e-19)
(25.8052 6.71921 -6.18378e-19)
(25.8098 6.71956 0)
(25.8142 6.7199 0)
(25.8185 6.72024 0)
(25.8227 6.72058 0)
(25.8267 6.72092 0)
(25.8305 6.72125 -1.07626e-19)
(25.8343 6.72157 0)
(25.838 6.72187 -1.77363e-18)
(25.8415 6.72216 1.88801e-18)
(25.8449 6.72241 0)
(25.8482 6.72264 0)
(25.8514 6.72282 -3.23677e-18)
(25.8546 6.72296 1.02678e-19)
(25.8576 6.72305 0)
(25.8605 6.72307 -1.42722e-19)
(25.8633 6.72302 -2.67628e-18)
(25.866 6.72289 -2.64889e-18)
(25.8686 6.72266 -2.50995e-18)
(25.8711 6.72233 2.34558e-18)
(25.8733 6.72187 0)
(25.8755 6.72129 0)
(25.8774 6.72056 0)
(25.8791 6.71967 0)
(25.8806 6.71862 -7.12002e-18)
(25.8818 6.71739 3.25312e-18)
(25.8827 6.71597 -3.03907e-18)
(25.8832 6.71437 6.15468e-18)
(25.8834 6.71257 -5.81108e-18)
(25.8833 6.71059 5.48675e-18)
(25.8827 6.70842 0)
(25.8816 6.70607 -4.89915e-18)
(25.8801 6.70355 -4.10426e-18)
(25.8781 6.70087 -4.40219e-18)
(25.8754 6.69804 0)
(25.8721 6.69507 -7.09675e-18)
(25.8681 6.69198 0)
(25.8632 6.68877 0)
(25.8573 6.68548 0)
(25.8505 6.68213 0)
(25.8427 6.67877 1.28965e-17)
(25.8339 6.67545 1.34892e-17)
(25.8242 6.67223 3.32042e-19)
(25.8136 6.66918 0)
(25.8023 6.66639 0)
(25.7902 6.66389 -2.688e-17)
(25.7772 6.66168 1.43174e-17)
(25.763 6.65972 -5.497e-17)
(25.7468 6.65787 -2.70054e-17)
(25.7282 6.65592 2.71878e-17)
(25.7066 6.65375 -2.93921e-17)
(25.6856 6.65186 0)
(25.6667 6.65028 3.30739e-17)
(25.6479 6.64937 0)
(25.6322 6.64992 0)
(25.6239 6.65326 -2.99033e-17)
(25.6273 6.6608 -6.27317e-17)
(25.6452 6.67337 0)
(25.6756 6.69086 0)
(25.7106 6.71121 0)
(25.7387 6.72796 9.85781e-17)
(25.7474 6.74661 -1.00279e-16)
(25.7271 6.76895 7.97928e-17)
(25.6915 6.69741 2.5966e-16)
(25.7165 6.69805 1.16075e-19)
(25.7093 6.69789 1.43782e-19)
(25.7032 6.69749 0)
(25.6973 6.69727 1.45017e-19)
(25.6916 6.69709 0)
(25.6859 6.69684 -6.39429e-19)
(25.6802 6.69654 -2.93049e-19)
(25.6746 6.69621 -2.9398e-19)
(25.6691 6.69588 0)
(25.6636 6.69554 -1.00045e-18)
(25.6582 6.69515 5.9278e-19)
(25.6528 6.69472 -5.94079e-19)
(25.6476 6.69426 -5.95254e-19)
(25.6424 6.69376 -5.9634e-19)
(25.6373 6.69322 0)
(25.6323 6.69262 0)
(25.6274 6.69197 1.4366e-18)
(25.6226 6.69125 2.41955e-19)
(25.6179 6.69047 -1.19743e-18)
(25.6132 6.68961 0)
(25.6086 6.68867 1.1964e-18)
(25.6041 6.68762 1.44548e-18)
(25.5997 6.68648 2.89143e-18)
(25.5953 6.68523 5.27296e-18)
(25.591 6.68385 5.26494e-18)
(25.5866 6.68231 0)
(25.5817 6.68057 0)
(25.5758 6.67859 0)
(25.5701 6.67653 2.86311e-18)
(25.5682 6.67475 4.64376e-18)
(25.5738 6.6734 5.6489e-18)
(25.5828 6.67143 0)
(25.5747 6.66555 9.91927e-19)
(25.5123 6.64991 -9.08392e-19)
(25.3567 6.61781 0)
(25.0836 6.56362 0)
(24.6865 6.48342 7.21999e-18)
(24.1705 6.37511 1.27675e-18)
(23.5493 6.23844 0)
(22.8442 6.07511 6.45344e-18)
(22.0846 5.88898 5.24241e-18)
(21.3096 5.68678 1.14784e-18)
(20.5686 5.47878 0)
(19.9231 5.2794 -1.31855e-17)
(19.4454 5.10768 -2.44984e-17)
(19.2137 4.98655 0)
(19.3001 4.94026 0)
(19.7509 4.98948 -1.34055e-17)
(20.5668 5.14503 0)
(21.6872 5.40141 0)
(22.9775 5.7296 2.0348e-17)
(24.2297 6.07322 -2.28292e-17)
(25.2064 6.35865 0)
(25.7563 6.52938 2.11974e-18)
(25.9183 6.58328 -1.84061e-17)
(25.8842 6.57084 0)
(25.8316 6.54776 -2.64392e-17)
(25.8219 6.53808 2.36238e-17)
(25.8387 6.53972 0)
(25.8575 6.54434 0)
(25.8707 6.54811 -1.24607e-17)
(25.8803 6.55125 -1.05089e-17)
(25.8885 6.55465 -1.60264e-17)
(25.8955 6.55851 1.1555e-17)
(25.9009 6.56261 0)
(25.9043 6.5668 0)
(25.9057 6.57084 0)
(25.906 6.57441 0)
(25.9052 6.57733 -6.43693e-18)
(25.9026 6.57996 4.30416e-18)
(25.8983 6.58279 5.40581e-18)
(25.8919 6.58453 -3.01617e-17)
(25.8839 6.58772 -1.32071e-17)
(25.8735 6.58663 1.38842e-17)
(25.8622 6.59328 -3.22423e-17)
(25.8471 6.58199 2.77552e-17)
(25.8332 6.60574 0)
(25.8155 6.55569 0)
(25.7854 6.6524 -3.14206e-18)
(25.8561 6.46332 1.15155e-16)
(25.7234 6.69839 -2.65383e-20)
(25.7305 6.69836 1.39303e-19)
(25.7373 6.69856 1.63468e-19)
(25.744 6.6987 0)
(25.7506 6.69887 0)
(25.757 6.69903 0)
(25.7633 6.6992 2.61145e-19)
(25.7694 6.69938 -2.57507e-19)
(25.7754 6.69956 -3.00753e-19)
(25.7812 6.69975 0)
(25.7868 6.69995 2.913e-19)
(25.7922 6.70016 5.72846e-19)
(25.7975 6.70038 -8.61607e-20)
(25.8026 6.7006 0)
(25.8075 6.70084 5.42326e-19)
(25.8122 6.70109 -4.52204e-19)
(25.8168 6.70135 0)
(25.8211 6.70162 0)
(25.8253 6.70189 4.26477e-19)
(25.8293 6.70218 0)
(25.8332 6.70247 0)
(25.8368 6.70277 0)
(25.8403 6.70308 -9.0385e-19)
(25.8437 6.70339 -7.61613e-19)
(25.8469 6.7037 1.7094e-18)
(25.8499 6.70401 -1.44669e-18)
(25.8528 6.70431 1.40773e-18)
(25.8556 6.70461 0)
(25.8582 6.7049 1.50509e-18)
(25.8606 6.70517 1.4528e-18)
(25.863 6.70542 0)
(25.8652 6.70564 -2.69466e-18)
(25.8672 6.70583 2.56185e-19)
(25.8691 6.70598 0)
(25.8708 6.70608 0)
(25.8724 6.70612 -2.27236e-18)
(25.8738 6.70609 -2.00552e-18)
(25.875 6.70599 1.92468e-18)
(25.876 6.7058 0)
(25.8768 6.70552 0)
(25.8773 6.70513 3.53706e-18)
(25.8776 6.70463 0)
(25.8777 6.704 -3.07412e-18)
(25.8775 6.70325 -5.9902e-18)
(25.877 6.70237 5.65969e-18)
(25.8762 6.70135 -3.38336e-20)
(25.875 6.70019 0)
(25.8735 6.69889 9.59536e-18)
(25.8715 6.69745 -4.58727e-18)
(25.8692 6.69586 -7.37792e-20)
(25.8662 6.69413 0)
(25.8627 6.69226 -7.99812e-18)
(25.8585 6.69024 0)
(25.8535 6.68809 -7.3855e-18)
(25.8477 6.68581 0)
(25.8411 6.68343 0)
(25.8336 6.68098 0)
(25.8252 6.67852 -1.32505e-17)
(25.8161 6.6761 -1.31284e-17)
(25.8063 6.67379 0)
(25.7957 6.67163 0)
(25.7844 6.66965 1.30893e-17)
(25.772 6.66783 7.07103e-19)
(25.7582 6.66607 2.64682e-17)
(25.7422 6.66425 2.6657e-17)
(25.7234 6.66218 -5.16978e-17)
(25.7018 6.65984 2.48797e-17)
(25.6811 6.65787 0)
(25.6634 6.65638 -3.26355e-17)
(25.6467 6.65581 2.88516e-17)
(25.6344 6.65702 0)
(25.6305 6.66131 2.95977e-17)
(25.6387 6.66987 0)
(25.6604 6.6832 0)
(25.6924 6.70085 0)
(25.7261 6.72029 -4.58561e-17)
(25.7507 6.7357 -9.80262e-17)
(25.7547 6.75397 0)
(25.7312 6.77138 -7.94989e-17)
(25.6893 6.70448 0)
(25.7226 6.69176 -1.59e-19)
(25.7155 6.69172 -1.3738e-19)
(25.7095 6.69144 0)
(25.7038 6.69135 -2.25606e-20)
(25.6983 6.69133 0)
(25.6928 6.69125 5.12977e-19)
(25.6874 6.69111 5.14827e-19)
(25.6821 6.69096 2.81055e-19)
(25.6769 6.69082 0)
(25.6717 6.69068 2.82698e-19)
(25.6667 6.69051 -8.04379e-19)
(25.6619 6.69031 5.68276e-19)
(25.6571 6.6901 5.69488e-19)
(25.6525 6.68985 1.04851e-18)
(25.6479 6.6896 0)
(25.6436 6.6893 -4.79043e-19)
(25.6393 6.68896 4.794e-19)
(25.6352 6.68859 1.62609e-18)
(25.6313 6.68816 1.14691e-18)
(25.6274 6.68769 9.58746e-19)
(25.6237 6.68716 -1.14639e-18)
(25.6201 6.68656 -9.56851e-19)
(25.6166 6.6859 0)
(25.6132 6.68515 -1.33073e-18)
(25.6099 6.68432 -2.27867e-18)
(25.6067 6.68338 -1.89552e-18)
(25.6036 6.68233 0)
(25.6002 6.68113 0)
(25.5961 6.67971 0)
(25.5914 6.67812 -6.32585e-18)
(25.5885 6.67657 0)
(25.5915 6.67541 0)
(25.6023 6.67454 4.35878e-18)
(25.6139 6.67256 -4.25602e-18)
(25.6032 6.66575 0)
(25.532 6.64803 0)
(25.3629 6.61267 2.74142e-18)
(25.0742 6.55424 6.1511e-18)
(24.6612 6.46925 0)
(24.1315 6.35623 0)
(23.5012 6.21568 -9.54353e-18)
(22.795 6.05029 1.10167e-18)
(22.0468 5.86528 0)
(21.301 5.66902 0)
(20.6142 5.47392 1.0516e-17)
(20.0555 5.29694 0)
(19.7033 5.1595 0)
(19.6364 5.08566 0)
(19.9165 5.09815 0)
(20.5654 5.21201 0)
(21.5466 5.42767 -3.52014e-17)
(22.7494 5.72397 0)
(23.985 6.05306 0)
(25.0216 6.34695 1.67274e-17)
(25.6776 6.54359 -1.3986e-17)
(25.9308 6.6231 1.2975e-17)
(25.9326 6.62123 2.18299e-18)
(25.8729 6.59508 -2.05707e-17)
(25.8465 6.57857 0)
(25.8542 6.57537 -1.52219e-17)
(25.8703 6.57732 0)
(25.8821 6.57893 1.02696e-17)
(25.8894 6.57964 2.40201e-17)
(25.895 6.58042 -1.13108e-17)
(25.8995 6.58166 -9.28321e-18)
(25.9026 6.58324 -6.16234e-18)
(25.9038 6.58488 0)
(25.9042 6.58646 -8.50604e-19)
(25.9035 6.58776 0)
(25.9012 6.58881 -2.47197e-18)
(25.8972 6.59009 -5.30904e-18)
(25.8912 6.59045 1.22432e-17)
(25.8834 6.59219 1.29961e-17)
(25.8734 6.59008 -1.36749e-17)
(25.8623 6.59533 0)
(25.8477 6.58376 -4.76126e-18)
(25.8339 6.60589 0)
(25.8169 6.55669 0)
(25.7862 6.65155 1.56095e-18)
(25.8592 6.46364 0)
(25.7295 6.69196 -1.34779e-19)
(25.7365 6.6919 -2.44399e-19)
(25.7433 6.69201 -1.09804e-19)
(25.75 6.69207 0)
(25.7566 6.69215 0)
(25.7631 6.69223 0)
(25.7694 6.69232 -2.4995e-19)
(25.7755 6.6924 4.51709e-19)
(25.7816 6.69249 0)
(25.7874 6.69259 0)
(25.7931 6.69269 0)
(25.7986 6.6928 0)
(25.8039 6.69292 -2.66848e-19)
(25.8091 6.69305 3.73847e-19)
(25.814 6.69319 0)
(25.8188 6.69333 7.94865e-19)
(25.8234 6.69349 0)
(25.8278 6.69366 0)
(25.832 6.69384 -4.09493e-19)
(25.836 6.69403 0)
(25.8399 6.69424 0)
(25.8435 6.69445 0)
(25.847 6.69468 0)
(25.8502 6.69491 7.32629e-19)
(25.8533 6.69516 0)
(25.8562 6.69541 8.07106e-19)
(25.8589 6.69566 -1.35577e-18)
(25.8614 6.69593 0)
(25.8637 6.69619 0)
(25.8659 6.69645 -1.0545e-18)
(25.8679 6.6967 0)
(25.8697 6.69695 -9.9512e-19)
(25.8713 6.69718 2.25326e-18)
(25.8727 6.69739 1.87088e-18)
(25.8739 6.69758 -1.81086e-18)
(25.8749 6.69774 0)
(25.8757 6.69786 2.50093e-19)
(25.8763 6.69794 -1.86431e-18)
(25.8767 6.69797 1.5732e-18)
(25.8769 6.69795 0)
(25.8768 6.69786 0)
(25.8765 6.6977 0)
(25.876 6.69746 2.97202e-19)
(25.8752 6.69714 0)
(25.8741 6.69674 2.47482e-18)
(25.8728 6.69624 -4.2762e-19)
(25.8711 6.69564 0)
(25.8691 6.69494 -4.69387e-18)
(25.8667 6.69412 4.47477e-18)
(25.8638 6.69319 8.27608e-18)
(25.8605 6.69212 -3.84446e-18)
(25.8566 6.69092 7.81882e-18)
(25.8521 6.68959 -7.11343e-18)
(25.8469 6.68812 7.22992e-18)
(25.8409 6.68653 -6.63327e-18)
(25.8342 6.68483 0)
(25.8268 6.68307 0)
(25.8187 6.68127 0)
(25.81 6.67949 0)
(25.8006 6.67777 0)
(25.7906 6.67614 0)
(25.7797 6.67459 0)
(25.7676 6.67307 1.22603e-17)
(25.7538 6.67148 0)
(25.7376 6.66967 0)
(25.7186 6.66752 4.678e-17)
(25.6969 6.66513 -2.4584e-17)
(25.6769 6.66324 1.36813e-17)
(25.6607 6.66205 0)
(25.6467 6.66204 -2.94081e-18)
(25.6383 6.66413 0)
(25.6391 6.66953 2.38177e-17)
(25.652 6.67915 0)
(25.6771 6.69316 0)
(25.7099 6.71082 0)
(25.7417 6.72926 4.55406e-17)
(25.7622 6.74342 0)
(25.7616 6.76105 -7.3814e-17)
(25.7346 6.77434 6.69216e-17)
(25.6864 6.71202 1.02537e-16)
(25.7242 6.69301 -2.15232e-20)
(25.7172 6.69307 0)
(25.7114 6.69289 0)
(25.7059 6.69291 -1.1075e-19)
(25.7005 6.69299 0)
(25.6953 6.69302 -2.23209e-19)
(25.6902 6.69299 -2.24081e-19)
(25.6853 6.69295 0)
(25.6804 6.69292 0)
(25.6758 6.6929 1.82338e-19)
(25.6712 6.69285 2.26902e-19)
(25.6668 6.69278 0)
(25.6626 6.69269 0)
(25.6585 6.69258 -8.24886e-19)
(25.6546 6.69246 -3.68544e-19)
(25.6509 6.69232 4.58053e-19)
(25.6473 6.69214 -8.93416e-20)
(25.6438 6.69192 -4.58751e-19)
(25.6406 6.69166 0)
(25.6375 6.69137 -1.6554e-18)
(25.6345 6.69103 0)
(25.6317 6.69064 1.65191e-18)
(25.629 6.69019 7.34195e-19)
(25.6265 6.68968 -9.13185e-19)
(25.6241 6.68911 0)
(25.6218 6.68847 3.27126e-18)
(25.6197 6.68774 0)
(25.6176 6.68693 -1.44091e-18)
(25.6156 6.68601 0)
(25.6131 6.68493 3.62601e-19)
(25.61 6.68367 0)
(25.6074 6.68237 0)
(25.608 6.68134 0)
(25.616 6.68091 2.74923e-18)
(25.6319 6.68077 -2.704e-18)
(25.6453 6.67906 0)
(25.6294 6.67143 -5.58671e-18)
(25.5441 6.6512 0)
(25.3529 6.61148 0)
(25.0375 6.54711 0)
(24.5966 6.45512 4.45031e-18)
(24.0411 6.33483 9.22299e-19)
(23.3913 6.18779 3.18196e-18)
(22.6769 6.01796 -3.10717e-18)
(21.9382 5.83229 3.06873e-18)
(21.2276 5.64146 0)
(20.611 5.46074 0)
(20.1662 5.31014 -6.17472e-18)
(19.9762 5.21342 0)
(20.1142 5.1948 -6.16603e-18)
(20.6199 5.27294 1.52614e-17)
(21.4765 5.45354 -1.19375e-17)
(22.593 5.72177 0)
(23.799 6.03668 0)
(24.8702 6.33468 2.02448e-18)
(25.6048 6.55003 -1.21711e-17)
(25.9343 6.65011 2.22897e-17)
(25.973 6.65867 1.98706e-17)
(25.9126 6.63183 0)
(25.8731 6.61038 1.48243e-17)
(25.8717 6.60311 1.16528e-17)
(25.8842 6.60262 0)
(25.8939 6.60238 -1.62372e-17)
(25.8991 6.60113 0)
(25.9021 6.5998 -7.8738e-19)
(25.9043 6.59895 6.03764e-18)
(25.9049 6.59845 0)
(25.9051 6.59829 8.32026e-19)
(25.9043 6.59816 7.97334e-19)
(25.9021 6.59777 -1.6857e-18)
(25.8981 6.59762 0)
(25.8922 6.59667 0)
(25.8845 6.59703 0)
(25.8745 6.5939 -7.53084e-18)
(25.8635 6.59777 0)
(25.8491 6.58585 -2.23064e-17)
(25.8352 6.60644 0)
(25.8188 6.55795 0)
(25.7872 6.65112 -1.54258e-18)
(25.8621 6.46438 -9.99667e-17)
(25.7311 6.69311 4.30935e-20)
(25.7381 6.693 1.062e-19)
(25.7449 6.69303 2.09799e-20)
(25.7517 6.69303 0)
(25.7583 6.69303 8.16158e-20)
(25.7648 6.69302 0)
(25.7712 6.69302 -7.92983e-20)
(25.7775 6.69302 -1.18078e-19)
(25.7837 6.69302 0)
(25.7896 6.69302 0)
(25.7955 6.69302 1.49214e-19)
(25.8011 6.69303 -1.46849e-19)
(25.8066 6.69304 -1.81935e-19)
(25.8119 6.69305 -5.00046e-19)
(25.817 6.69308 -2.79356e-19)
(25.822 6.6931 -3.45956e-19)
(25.8267 6.69314 2.69696e-19)
(25.8313 6.69318 0)
(25.8356 6.69324 0)
(25.8397 6.6933 0)
(25.8437 6.69337 0)
(25.8474 6.69346 -4.90235e-19)
(25.8509 6.69355 0)
(25.8542 6.69365 4.70242e-19)
(25.8573 6.69375 0)
(25.8602 6.69387 5.6309e-19)
(25.8628 6.69399 -4.39932e-19)
(25.8653 6.69412 0)
(25.8675 6.69426 8.3907e-19)
(25.8695 6.6944 1.01588e-18)
(25.8714 6.69453 0)
(25.8729 6.69467 9.59659e-19)
(25.8743 6.6948 0)
(25.8755 6.69493 -1.06944e-18)
(25.8764 6.69505 1.74909e-18)
(25.8771 6.69515 0)
(25.8775 6.69524 2.85368e-19)
(25.8778 6.6953 0)
(25.8778 6.69534 -2.53897e-19)
(25.8775 6.69535 -1.22916e-18)
(25.8771 6.69533 0)
(25.8764 6.69527 0)
(25.8754 6.69516 2.61076e-18)
(25.8742 6.69501 0)
(25.8727 6.6948 -2.40554e-18)
(25.871 6.69452 -4.61511e-18)
(25.8689 6.69418 0)
(25.8664 6.69376 0)
(25.8636 6.69325 0)
(25.8604 6.69264 -3.90685e-18)
(25.8566 6.69192 3.75262e-18)
(25.8523 6.69109 -3.22841e-18)
(25.8475 6.69014 6.95373e-18)
(25.842 6.68908 0)
(25.8358 6.68791 6.4937e-18)
(25.8291 6.68667 0)
(25.8217 6.68536 -5.54316e-18)
(25.8138 6.68403 -5.40923e-18)
(25.8053 6.68272 0)
(25.7963 6.68144 5.18905e-18)
(25.7865 6.6802 0)
(25.7758 6.67896 0)
(25.7637 6.67764 0)
(25.7496 6.67612 0)
(25.7329 6.67428 0)
(25.7136 6.67207 -2.19615e-17)
(25.6922 6.66973 1.93374e-17)
(25.6734 6.66811 -1.34702e-17)
(25.6593 6.6674 0)
(25.6486 6.66818 -2.5212e-17)
(25.6445 6.67134 0)
(25.6502 6.67795 -2.35522e-17)
(25.6675 6.68863 -1.98837e-17)
(25.6952 6.70321 0)
(25.7281 6.72071 0)
(25.7573 6.73809 -3.55686e-17)
(25.7734 6.7511 0)
(25.7679 6.76787 1.37919e-16)
(25.7372 6.77769 -6.66551e-17)
(25.6838 6.72019 -1.01994e-16)
(25.7201 6.70057 -5.13942e-20)
(25.7133 6.70065 0)
(25.7078 6.70049 6.4995e-20)
(25.7027 6.70052 6.53824e-20)
(25.6978 6.70063 0)
(25.693 6.70072 -6.60136e-20)
(25.6884 6.70074 6.63313e-20)
(25.684 6.70072 0)
(25.6798 6.70071 0)
(25.6758 6.70071 -1.74024e-19)
(25.6719 6.70069 -1.34719e-19)
(25.6682 6.70064 1.35107e-19)
(25.6647 6.70057 -1.35444e-19)
(25.6613 6.70047 4.8727e-19)
(25.6582 6.70035 8.01781e-20)
(25.6552 6.70021 0)
(25.6524 6.70003 -3.52806e-19)
(25.6497 6.69981 0)
(25.6472 6.69955 -2.72492e-19)
(25.6449 6.69925 7.05603e-19)
(25.6427 6.69891 0)
(25.6406 6.69851 -7.04009e-19)
(25.6387 6.69806 -7.02716e-19)
(25.6369 6.69755 5.40586e-19)
(25.6353 6.69698 0)
(25.6337 6.69635 -1.3933e-18)
(25.6322 6.69565 0)
(25.6308 6.69488 1.38128e-18)
(25.6296 6.69403 1.0572e-18)
(25.6284 6.6931 1.36577e-18)
(25.627 6.69206 0)
(25.6252 6.69087 0)
(25.623 6.68958 1.02578e-18)
(25.6221 6.68841 -2.64606e-18)
(25.6262 6.68775 4.62981e-18)
(25.6389 6.6879 -1.98389e-18)
(25.6589 6.68827 4.48492e-18)
(25.672 6.68637 1.87462e-18)
(25.6459 6.67692 1.75289e-18)
(25.5379 6.65253 0)
(25.314 6.60626 0)
(24.9604 6.5334 3.51308e-18)
(24.4809 6.43182 -3.29084e-18)
(23.8912 6.30188 7.20488e-19)
(23.2171 6.14645 -5.36606e-18)
(22.4953 5.97124 2.28496e-18)
(21.7747 5.78558 4.5202e-18)
(21.1181 5.60326 5.86242e-18)
(20.6022 5.44306 0)
(20.3131 5.32828 1.03753e-17)
(20.3322 5.28416 0)
(20.714 5.33217 1.14495e-17)
(21.4589 5.48226 0)
(22.4939 5.72489 0)
(23.6643 6.02482 1.85803e-17)
(24.7529 6.32246 -8.0004e-18)
(25.544 6.55007 0)
(25.9344 6.66598 -7.16479e-18)
(26.0065 6.68388 0)
(25.9492 6.65772 1.15277e-17)
(25.9003 6.633 -1.13503e-17)
(25.8911 6.62282 0)
(25.8998 6.62075 1.515e-17)
(25.9073 6.61949 0)
(25.91 6.61707 9.66105e-18)
(25.9104 6.61427 3.58332e-18)
(25.9096 6.61175 0)
(25.909 6.60991 -2.08614e-18)
(25.9078 6.60842 -7.80279e-19)
(25.9052 6.60669 1.06414e-18)
(25.901 6.60518 1.28687e-19)
(25.8949 6.60299 1.18072e-18)
(25.887 6.60205 1.92809e-18)
(25.8769 6.59792 2.11722e-18)
(25.8656 6.60048 -5.47975e-18)
(25.8513 6.58816 0)
(25.8371 6.60729 0)
(25.8209 6.55942 0)
(25.7885 6.65096 -4.41239e-18)
(25.8648 6.46556 9.88745e-17)
(25.7269 6.70062 2.18812e-20)
(25.7337 6.70049 -3.10497e-20)
(25.7404 6.70048 4.94738e-20)
(25.7471 6.70042 6.03093e-20)
(25.7538 6.70037 -7.79115e-20)
(25.7604 6.70031 5.85236e-20)
(25.7669 6.70024 7.57285e-20)
(25.7732 6.70016 -7.46278e-20)
(25.7795 6.70008 0)
(25.7857 6.69999 0)
(25.7917 6.6999 -3.4456e-20)
(25.7975 6.6998 1.40399e-19)
(25.8032 6.6997 0)
(25.8088 6.6996 1.35904e-19)
(25.8141 6.69949 1.66142e-19)
(25.8193 6.69939 0)
(25.8243 6.69928 -4.53508e-19)
(25.829 6.69918 0)
(25.8336 6.69908 0)
(25.838 6.69898 0)
(25.8421 6.69888 0)
(25.8461 6.69878 2.92009e-19)
(25.8498 6.69869 0)
(25.8533 6.6986 -4.51296e-19)
(25.8565 6.69852 0)
(25.8595 6.69843 0)
(25.8623 6.69836 7.44985e-19)
(25.8649 6.69828 0)
(25.8672 6.6982 -8.07064e-19)
(25.8693 6.69813 0)
(25.8711 6.69805 0)
(25.8727 6.69798 0)
(25.8741 6.6979 0)
(25.8752 6.69781 -7.10343e-19)
(25.876 6.69773 0)
(25.8767 6.69763 0)
(25.877 6.69752 1.30447e-18)
(25.8772 6.69741 0)
(25.877 6.69728 -1.2277e-18)
(25.8767 6.69713 1.18973e-18)
(25.876 6.69697 0)
(25.8752 6.69679 0)
(25.874 6.69658 0)
(25.8726 6.69635 -1.69512e-18)
(25.8709 6.69608 0)
(25.8689 6.69577 -1.59955e-18)
(25.8666 6.69541 0)
(25.8639 6.695 0)
(25.8608 6.69452 0)
(25.8572 6.69397 2.84199e-18)
(25.8531 6.69333 0)
(25.8486 6.69261 4.7093e-19)
(25.8434 6.69181 0)
(25.8378 6.69093 -2.53382e-18)
(25.8315 6.68997 0)
(25.8248 6.68897 -4.80934e-18)
(25.8175 6.68794 5.43158e-18)
(25.8098 6.68691 9.89346e-18)
(25.8015 6.68589 -4.49456e-18)
(25.7927 6.6849 -6.85665e-19)
(25.7831 6.68389 0)
(25.7723 6.68281 0)
(25.7599 6.68155 8.43174e-18)
(25.7453 6.68 0)
(25.7281 6.67809 0)
(25.7087 6.67586 0)
(25.6879 6.67374 -1.90904e-17)
(25.6708 6.67257 0)
(25.6595 6.67258 0)
(25.6525 6.67433 0)
(25.6531 6.67872 0)
(25.6637 6.68659 0)
(25.685 6.69826 1.96723e-17)
(25.7146 6.71328 1.61218e-17)
(25.7466 6.73045 0)
(25.7726 6.74672 3.53058e-17)
(25.7841 6.75865 0)
(25.7737 6.77444 -6.41369e-17)
(25.7393 6.78139 -5.16358e-17)
(25.6816 6.72909 -8.19817e-17)
(25.716 6.71035 -9.48023e-21)
(25.7099 6.71044 -2.12012e-20)
(25.705 6.71028 -8.33489e-20)
(25.7006 6.71026 -1.0543e-19)
(25.6965 6.71035 -4.3349e-20)
(25.6925 6.71045 6.29521e-20)
(25.6888 6.71047 -1.07068e-19)
(25.6852 6.71043 -4.40311e-20)
(25.6819 6.71037 -4.42474e-20)
(25.6788 6.71032 -8.88713e-20)
(25.6759 6.71026 1.28567e-19)
(25.6731 6.71016 -1.28951e-19)
(25.6706 6.71002 1.29306e-19)
(25.6682 6.70984 -1.29604e-19)
(25.666 6.70964 2.59684e-19)
(25.664 6.70939 9.03685e-20)
(25.6621 6.7091 -1.80974e-19)
(25.6604 6.70877 0)
(25.6588 6.70839 2.60482e-19)
(25.6573 6.70795 1.81144e-19)
(25.6559 6.70747 0)
(25.6547 6.70692 0)
(25.6535 6.70631 0)
(25.6524 6.70563 -5.17408e-19)
(25.6514 6.70489 3.59215e-19)
(25.6504 6.70407 0)
(25.6494 6.70318 0)
(25.6485 6.70222 -3.55042e-19)
(25.6476 6.70118 -1.36687e-18)
(25.6468 6.70007 7.02382e-19)
(25.646 6.69888 0)
(25.6451 6.6976 6.92913e-19)
(25.6439 6.6962 -1.67249e-18)
(25.6421 6.69468 0)
(25.6403 6.69314 -1.9331e-18)
(25.641 6.69191 1.91221e-18)
(25.6484 6.69147 -3.2105e-18)
(25.6657 6.692 -1.86663e-18)
(25.6888 6.69251 -3.10788e-18)
(25.6976 6.6896 1.22209e-18)
(25.653 6.67672 0)
(25.5107 6.64584 1.04082e-18)
(25.2416 6.59034 0)
(24.8391 6.50637 2.51806e-18)
(24.313 6.39294 2.3726e-18)
(23.6851 6.25172 -2.27151e-18)
(22.9888 6.08733 -5.95835e-18)
(22.2696 5.9079 0)
(21.5877 5.72592 0)
(21.0184 5.55914 -4.28115e-18)
(20.6493 5.43039 2.98244e-18)
(20.5688 5.36562 2.97101e-18)
(20.8434 5.38861 2.94322e-18)
(21.4893 5.51296 2.90458e-18)
(22.449 5.7335 -1.07513e-17)
(23.5815 6.01975 1.9028e-18)
(24.6747 6.31523 5.59129e-18)
(25.5026 6.55094 6.75909e-18)
(25.9365 6.67853 0)
(26.0334 6.70379 -1.11327e-17)
(25.9782 6.67831 0)
(25.9213 6.65071 -7.53444e-18)
(25.9049 6.63742 -7.08306e-18)
(25.9101 6.63312 5.38268e-18)
(25.9163 6.63035 0)
(25.918 6.62677 -6.85244e-18)
(25.9167 6.62301 -2.45002e-18)
(25.9154 6.62001 2.03806e-18)
(25.9137 6.61756 -1.38883e-18)
(25.9107 6.61483 -1.83336e-18)
(25.9061 6.61223 -5.76505e-19)
(25.8996 6.609 -1.64532e-18)
(25.8913 6.60692 -7.2603e-19)
(25.8808 6.60189 3.36432e-18)
(25.869 6.60324 9.30978e-18)
(25.8544 6.59053 0)
(25.8397 6.60827 0)
(25.8235 6.56101 0)
(25.7901 6.65091 -1.42734e-18)
(25.8673 6.46724 0)
(25.7221 6.71033 -6.0074e-20)
(25.7285 6.71019 2.96155e-20)
(25.7348 6.71012 2.91921e-20)
(25.7412 6.71002 -5.75424e-20)
(25.7476 6.70991 -1.94216e-20)
(25.754 6.70978 -1.76256e-20)
(25.7603 6.70964 -3.762e-20)
(25.7666 6.70949 3.70137e-20)
(25.7729 6.70932 0)
(25.7791 6.70914 0)
(25.7851 6.70895 -1.03341e-19)
(25.7911 6.70875 0)
(25.7969 6.70854 6.81084e-20)
(25.8026 6.70831 6.69672e-20)
(25.8082 6.70808 1.62562e-19)
(25.8135 6.70783 6.47156e-20)
(25.8187 6.70758 1.233e-19)
(25.8237 6.70732 0)
(25.8285 6.70705 0)
(25.8331 6.70677 -1.20768e-19)
(25.8375 6.70649 0)
(25.8417 6.70621 2.87325e-19)
(25.8457 6.70592 0)
(25.8494 6.70562 -1.12582e-19)
(25.8529 6.70532 0)
(25.8561 6.70503 -2.17341e-19)
(25.8591 6.70472 -3.09498e-19)
(25.8618 6.70442 0)
(25.8643 6.70411 0)
(25.8666 6.70381 0)
(25.8686 6.7035 0)
(25.8703 6.70319 0)
(25.8718 6.70287 0)
(25.873 6.70256 -3.76276e-19)
(25.8739 6.70225 0)
(25.8746 6.70193 0)
(25.875 6.70161 0)
(25.8752 6.70128 0)
(25.8751 6.70095 0)
(25.8747 6.70062 0)
(25.8741 6.70028 0)
(25.8732 6.69993 0)
(25.872 6.69957 6.32543e-19)
(25.8705 6.69919 2.88318e-18)
(25.8687 6.69878 0)
(25.8665 6.69835 1.55345e-18)
(25.864 6.69789 0)
(25.8611 6.69738 0)
(25.8578 6.69682 0)
(25.854 6.69621 -1.67922e-18)
(25.8497 6.69554 0)
(25.845 6.69482 2.61475e-18)
(25.8397 6.69403 0)
(25.8339 6.69321 4.81868e-19)
(25.8277 6.69235 0)
(25.821 6.69148 6.61682e-18)
(25.8139 6.69061 -3.74572e-18)
(25.8064 6.68976 -4.49747e-18)
(25.7984 6.68892 4.40796e-18)
(25.7897 6.68808 -7.81799e-19)
(25.78 6.68718 3.49104e-18)
(25.7689 6.68614 3.44095e-18)
(25.756 6.68484 -8.29522e-18)
(25.7408 6.6832 0)
(25.7233 6.68121 0)
(25.704 6.67906 0)
(25.6847 6.67733 -6.53596e-18)
(25.6701 6.67684 0)
(25.6621 6.67773 0)
(25.6596 6.68062 -7.38728e-18)
(25.6651 6.68631 0)
(25.6802 6.69541 0)
(25.7047 6.70794 -1.33289e-17)
(25.7353 6.7232 -2.88592e-17)
(25.7657 6.73988 0)
(25.7878 6.75502 0)
(25.7944 6.76597 0)
(25.7792 6.78068 0)
(25.7411 6.78547 7.27144e-17)
(25.6799 6.7389 1.51972e-16)
(25.709 6.72154 -7.259e-21)
(25.7041 6.72157 2.02045e-20)
(25.7004 6.72136 7.4104e-21)
(25.6971 6.7212 4.10795e-20)
(25.6941 6.72114 2.81717e-20)
(25.6913 6.72112 0)
(25.6887 6.72105 4.17696e-20)
(25.6863 6.72089 4.19941e-20)
(25.6841 6.72069 4.2207e-20)
(25.6822 6.72049 8.47817e-20)
(25.6804 6.72026 0)
(25.6788 6.71999 0)
(25.6773 6.71968 0)
(25.6761 6.71931 0)
(25.6749 6.7189 0)
(25.6739 6.71844 -8.63157e-20)
(25.673 6.71793 1.1814e-19)
(25.6723 6.71737 0)
(25.6716 6.71674 0)
(25.671 6.71606 -1.73186e-19)
(25.6704 6.71531 0)
(25.6699 6.7145 -1.09614e-19)
(25.6694 6.71362 0)
(25.669 6.71266 0)
(25.6685 6.71163 -3.43909e-19)
(25.6679 6.71053 -2.17821e-19)
(25.6674 6.70934 0)
(25.6668 6.70809 3.40256e-19)
(25.6661 6.70675 3.38637e-19)
(25.6653 6.70534 -8.88548e-19)
(25.6645 6.70385 0)
(25.6636 6.70229 -6.65057e-19)
(25.6626 6.70066 6.60065e-19)
(25.6613 6.69894 4.20985e-19)
(25.6593 6.69711 0)
(25.6568 6.69521 0)
(25.6549 6.69344 1.68342e-18)
(25.6569 6.69224 0)
(25.6677 6.69216 1.24035e-18)
(25.6894 6.69321 -1.22235e-18)
(25.7131 6.69367 0)
(25.7099 6.68873 -1.13144e-18)
(25.6334 6.67043 0)
(25.4415 6.63052 0)
(25.1141 6.56328 1.19734e-18)
(24.653 6.46609 0)
(24.0752 6.33937 2.6193e-18)
(23.4103 6.1865 1.03732e-18)
(22.7006 6.01435 0)
(22.0036 5.83419 -1.00488e-18)
(21.3933 5.66262 -8.2167e-19)
(20.9586 5.52192 -2.82247e-18)
(20.7934 5.43846 -7.84314e-19)
(20.9757 5.43807 -2.792e-18)
(21.5359 5.53773 7.3635e-19)
(22.4307 5.73646 5.43439e-18)
(23.5298 6.008 -5.32132e-18)
(24.6241 6.29864 0)
(25.4793 6.53879 0)
(25.9472 6.67531 0)
(26.0659 6.70838 -3.27692e-18)
(26.0163 6.68753 1.01547e-17)
(25.9554 6.6625 0)
(25.9323 6.65063 -5.25375e-18)
(25.9308 6.64645 0)
(25.9311 6.64228 3.27159e-18)
(25.9279 6.63656 2.39718e-18)
(25.9247 6.63131 -8.66212e-19)
(25.9217 6.62711 2.55439e-18)
(25.9178 6.62295 7.45705e-19)
(25.9125 6.6191 4.41167e-19)
(25.9054 6.61478 4.77305e-19)
(25.8965 6.61158 -1.14643e-18)
(25.8854 6.60571 5.75173e-19)
(25.873 6.60594 -5.17001e-18)
(25.8579 6.59287 0)
(25.8425 6.60931 0)
(25.8261 6.5627 0)
(25.7916 6.6508 5.70785e-18)
(25.8689 6.46958 0)
(25.7141 6.72153 6.28451e-21)
(25.7194 6.72145 0)
(25.7248 6.72141 1.22168e-20)
(25.7304 6.72134 0)
(25.7361 6.72125 6.65969e-21)
(25.7418 6.72115 -3.64811e-20)
(25.7477 6.72103 4.74293e-20)
(25.7535 6.7209 -3.53299e-20)
(25.7594 6.72074 0)
(25.7653 6.72057 0)
(25.7712 6.72038 0)
(25.777 6.72016 0)
(25.7827 6.71993 -6.50763e-20)
(25.7884 6.71968 -4.32203e-20)
(25.794 6.7194 -1.03869e-19)
(25.7994 6.71911 -6.1876e-20)
(25.8047 6.71879 1.00569e-19)
(25.8099 6.71846 0)
(25.8149 6.71811 3.85832e-20)
(25.8197 6.71773 1.53633e-19)
(25.8244 6.71734 0)
(25.8289 6.71693 -1.11706e-19)
(25.8331 6.7165 7.28221e-20)
(25.8372 6.71606 1.79714e-19)
(25.841 6.71559 0)
(25.8446 6.71512 2.78299e-19)
(25.848 6.71462 6.88282e-20)
(25.8511 6.71411 0)
(25.854 6.71359 0)
(25.8566 6.71305 0)
(25.859 6.7125 1.30269e-19)
(25.8611 6.71194 1.28488e-19)
(25.8629 6.71136 0)
(25.8645 6.71078 6.1235e-19)
(25.8658 6.71018 0)
(25.8669 6.70957 0)
(25.8677 6.70895 0)
(25.8682 6.70832 0)
(25.8685 6.70768 -2.33035e-19)
(25.8684 6.70703 0)
(25.8681 6.70638 -4.52601e-19)
(25.8674 6.7057 0)
(25.8665 6.70502 -6.12521e-19)
(25.8652 6.70433 -1.63312e-18)
(25.8636 6.70361 4.25393e-19)
(25.8615 6.70288 0)
(25.8591 6.70212 0)
(25.8563 6.70133 8.0948e-19)
(25.853 6.70051 0)
(25.8493 6.69967 -1.05986e-18)
(25.8451 6.6988 0)
(25.8404 6.69791 0)
(25.8353 6.697 0)
(25.8297 6.69609 3.40305e-18)
(25.8238 6.69519 0)
(25.8174 6.69432 -1.86879e-18)
(25.8106 6.69347 3.66568e-18)
(25.8033 6.69265 0)
(25.7955 6.69183 0)
(25.7867 6.69097 -6.11534e-18)
(25.7768 6.68999 -3.42728e-18)
(25.7652 6.68879 -8.16036e-19)
(25.7517 6.6873 -2.53389e-18)
(25.7358 6.68548 0)
(25.7181 6.68342 0)
(25.6995 6.68146 4.92278e-18)
(25.6822 6.68036 6.44612e-18)
(25.6709 6.68082 0)
(25.6669 6.68282 2.83906e-18)
(25.669 6.68702 7.27788e-18)
(25.6794 6.6941 0)
(25.6988 6.70439 5.10811e-18)
(25.7258 6.71762 1.31747e-17)
(25.7565 6.73293 3.19085e-18)
(25.7845 6.74898 0)
(25.8025 6.76297 0)
(25.804 6.77296 -9.19146e-18)
(25.7843 6.78648 0)
(25.743 6.7899 -2.12051e-17)
(25.6792 6.74986 -4.1293e-17)
(25.7173 6.72462 -1.00458e-20)
(25.7141 6.72449 2.12202e-21)
(25.7118 6.72424 1.02503e-20)
(25.7099 6.72398 0)
(25.7082 6.7238 1.68607e-20)
(25.7068 6.72366 0)
(25.7055 6.72349 -4.29414e-21)
(25.7045 6.72325 -4.29602e-21)
(25.7036 6.72296 8.60273e-21)
(25.7029 6.72265 8.60448e-21)
(25.7023 6.72232 0)
(25.7019 6.72196 0)
(25.7016 6.72154 0)
(25.7015 6.72108 0)
(25.7014 6.72056 -8.5835e-21)
(25.7015 6.72 1.71602e-20)
(25.7016 6.71937 5.23482e-20)
(25.7017 6.71869 0)
(25.7019 6.71793 0)
(25.7021 6.7171 0)
(25.7023 6.71621 -1.71443e-20)
(25.7025 6.71523 1.04926e-19)
(25.7027 6.71418 0)
(25.7027 6.71304 -3.4287e-20)
(25.7027 6.71181 -3.42738e-20)
(25.7026 6.71048 2.43007e-19)
(25.7023 6.70906 -3.4233e-20)
(25.702 6.70754 0)
(25.7014 6.70592 0)
(25.7007 6.70419 2.7441e-19)
(25.6998 6.70234 0)
(25.6986 6.70039 0)
(25.6973 6.69832 0)
(25.6959 6.69614 -4.04567e-19)
(25.6941 6.69384 0)
(25.6917 6.69138 -1.31937e-19)
(25.6886 6.68876 -2.66391e-19)
(25.6849 6.68606 0)
(25.6828 6.68361 0)
(25.6868 6.68197 0)
(25.7023 6.68172 0)
(25.7283 6.68241 -2.28167e-19)
(25.7476 6.68104 0)
(25.7196 6.67081 0)
(25.5944 6.64269 -1.4536e-18)
(25.3387 6.58911 -1.38185e-19)
(24.9445 6.50589 -1.10327e-18)
(24.4231 6.39223 -1.04231e-18)
(23.7999 6.25065 8.99779e-20)
(23.1138 6.08724 9.74133e-19)
(22.4189 5.91245 -1.92338e-18)
(21.7869 5.74216 -1.22173e-20)
(21.3062 5.59818 -1.88005e-18)
(21.0741 5.50711 0)
(21.1762 5.49595 2.45311e-18)
(21.6549 5.58364 -8.38862e-19)
(22.4792 5.77141 0)
(23.5286 6.03485 0)
(24.5976 6.3211 -1.98566e-18)
(25.4473 6.55918 0)
(25.9178 6.69248 3.13415e-18)
(26.0394 6.71863 -2.73723e-18)
(25.9935 6.68889 2.91972e-18)
(25.9409 6.65712 0)
(25.929 6.64328 0)
(25.9366 6.64089 0)
(25.9405 6.63969 -6.84346e-19)
(25.9388 6.63672 8.45343e-19)
(25.9345 6.63288 -1.16943e-18)
(25.9291 6.62839 0)
(25.9228 6.62399 -9.6652e-20)
(25.9149 6.6191 0)
(25.9051 6.61519 0)
(25.8931 6.60871 1.20951e-18)
(25.8797 6.60799 3.2708e-19)
(25.8637 6.59464 0)
(25.8474 6.60977 5.651e-19)
(25.83 6.56401 0)
(25.7952 6.6496 -3.83255e-18)
(25.8686 6.47234 1.54947e-17)
(25.7208 6.72469 -3.89845e-21)
(25.7246 6.72467 0)
(25.7286 6.72465 -1.16645e-20)
(25.7329 6.72461 -2.0589e-21)
(25.7373 6.72453 1.13363e-20)
(25.7419 6.72444 0)
(25.7467 6.72432 -1.10128e-20)
(25.7516 6.72417 0)
(25.7566 6.724 0)
(25.7617 6.7238 0)
(25.7668 6.72358 -3.94734e-21)
(25.772 6.72333 0)
(25.7772 6.72305 0)
(25.7824 6.72275 -1.98769e-20)
(25.7875 6.72243 3.14339e-20)
(25.7926 6.72208 -7.70432e-21)
(25.7976 6.7217 -3.03681e-20)
(25.8026 6.7213 0)
(25.8074 6.72087 -3.69554e-20)
(25.8122 6.72042 -3.64309e-20)
(25.8167 6.71994 0)
(25.8212 6.71945 0)
(25.8254 6.71893 -6.98404e-20)
(25.8295 6.71839 -6.88753e-20)
(25.8334 6.71783 -3.01633e-20)
(25.8371 6.71725 -6.70102e-20)
(25.8406 6.71666 -9.62664e-20)
(25.8439 6.71605 0)
(25.8469 6.71543 0)
(25.8497 6.7148 0)
(25.8523 6.71416 -1.25321e-19)
(25.8546 6.7135 -6.30374e-20)
(25.8566 6.71284 0)
(25.8584 6.71218 -1.80032e-19)
(25.86 6.71151 0)
(25.8612 6.71084 0)
(25.8622 6.71016 6.11211e-20)
(25.8629 6.70949 0)
(25.8633 6.70881 2.25126e-19)
(25.8634 6.70813 0)
(25.8632 6.70745 5.60239e-19)
(25.8627 6.70676 0)
(25.8619 6.70607 0)
(25.8606 6.70537 1.74899e-19)
(25.859 6.70465 -4.12467e-19)
(25.8571 6.70392 0)
(25.8547 6.70317 0)
(25.8519 6.7024 -7.86498e-19)
(25.8486 6.7016 0)
(25.8449 6.70079 2.36473e-19)
(25.8408 6.69996 4.69089e-19)
(25.8363 6.69912 0)
(25.8313 6.69829 -4.60302e-19)
(25.826 6.69747 -1.42142e-18)
(25.8202 6.69667 0)
(25.8141 6.6959 4.45548e-19)
(25.8075 6.69516 0)
(25.8003 6.69443 0)
(25.7924 6.69367 -8.61325e-19)
(25.7835 6.69283 2.58461e-18)
(25.7731 6.69182 -8.4181e-19)
(25.7609 6.69055 -2.51884e-18)
(25.7468 6.68899 3.31143e-18)
(25.7308 6.68717 0)
(25.7137 6.68528 0)
(25.6972 6.68382 -4.84927e-18)
(25.6836 6.68365 1.5333e-18)
(25.6768 6.68521 0)
(25.6776 6.68835 -2.79215e-18)
(25.6847 6.69379 0)
(25.6998 6.70206 0)
(25.7225 6.71326 -6.59145e-18)
(25.7509 6.72689 3.01191e-18)
(25.7803 6.74197 9.47086e-18)
(25.8047 6.75721 0)
(25.8177 6.77008 5.73349e-18)
(25.8139 6.77922 9.1273e-18)
(25.7896 6.79152 0)
(25.7461 6.79456 -5.16732e-18)
(25.6808 6.76254 -7.6407e-18)
(25.7106 6.73241 -1.08224e-21)
(25.7092 6.73195 -1.58812e-21)
(25.7085 6.73154 1.62458e-21)
(25.708 6.73105 0)
(25.7078 6.73061 -3.35724e-21)
(25.7077 6.73024 0)
(25.7079 6.72984 4.76013e-21)
(25.7081 6.72937 4.09956e-21)
(25.7086 6.72884 -9.39261e-21)
(25.7092 6.72827 -8.2131e-21)
(25.7099 6.72769 0)
(25.7107 6.72706 9.97712e-22)
(25.7116 6.72638 0)
(25.7125 6.72566 -8.97226e-22)
(25.7136 6.72488 8.20048e-21)
(25.7146 6.72405 -1.47603e-20)
(25.7157 6.72317 0)
(25.7168 6.72223 0)
(25.7179 6.72124 1.48158e-21)
(25.7189 6.72019 0)
(25.7199 6.7191 1.64006e-20)
(25.7208 6.71794 0)
(25.7216 6.71673 0)
(25.7223 6.71547 3.57048e-20)
(25.7229 6.71415 2.98862e-20)
(25.7233 6.71277 -2.98153e-20)
(25.7235 6.71134 2.97075e-20)
(25.7236 6.70985 -3.19808e-21)
(25.7233 6.70831 0)
(25.7229 6.70671 -6.53726e-20)
(25.7221 6.70505 0)
(25.721 6.70334 -7.64263e-21)
(25.7195 6.70157 0)
(25.7178 6.69976 -8.45867e-21)
(25.7156 6.69791 0)
(25.7131 6.69604 1.26737e-19)
(25.71 6.69411 -1.25262e-19)
(25.7059 6.69213 2.06548e-20)
(25.7006 6.69013 0)
(25.6951 6.68831 0)
(25.6926 6.68718 0)
(25.6994 6.68758 2.21476e-19)
(25.7199 6.69001 0)
(25.7467 6.69324 0)
(25.7488 6.69241 1.77004e-19)
(25.6744 6.67863 2.01373e-19)
(25.4766 6.64216 0)
(25.1342 6.57558 -1.37751e-19)
(24.6507 6.47482 7.52825e-20)
(24.0479 6.3396 0)
(23.363 6.17399 0)
(22.6502 5.98729 1.16169e-20)
(21.9828 5.7952 2.77708e-19)
(21.4543 5.62074 3.56731e-19)
(21.1707 5.49373 -4.86264e-19)
(21.2299 5.44678 8.10021e-19)
(21.686 5.50646 0)
(22.5144 5.68154 4.59047e-19)
(23.592 5.95243 1.91708e-18)
(24.7034 6.26597 -7.2389e-21)
(25.5927 6.54436 0)
(26.0812 6.71862 0)
(26.1861 6.77198 -2.81505e-18)
(26.0967 6.74841 3.29164e-19)
(25.9961 6.70586 1.02105e-19)
(25.951 6.67486 0)
(25.9431 6.65819 6.68408e-19)
(25.944 6.64926 0)
(25.9423 6.64306 8.72416e-20)
(25.9366 6.63656 6.3732e-20)
(25.9287 6.63035 9.456e-20)
(25.9196 6.62414 -2.83031e-20)
(25.909 6.61924 9.28933e-21)
(25.8964 6.61217 0)
(25.8822 6.61069 9.51002e-19)
(25.8657 6.59722 0)
(25.8487 6.61119 -5.56223e-19)
(25.8304 6.56664 0)
(25.7958 6.64859 3.77819e-18)
(25.8636 6.47711 -2.45797e-17)
(25.7124 6.73273 -1.50743e-21)
(25.7144 6.73297 5.23265e-22)
(25.7169 6.73317 0)
(25.7196 6.73335 1.96436e-21)
(25.7226 6.7335 0)
(25.7259 6.73362 -1.24528e-21)
(25.7294 6.73372 0)
(25.7332 6.73378 0)
(25.7371 6.73382 0)
(25.7413 6.73382 0)
(25.7456 6.73379 3.76959e-21)
(25.75 6.73373 0)
(25.7546 6.73364 0)
(25.7592 6.73351 0)
(25.764 6.73334 1.0502e-20)
(25.7687 6.73314 7.36447e-21)
(25.7735 6.7329 -1.05236e-20)
(25.7783 6.73263 0)
(25.783 6.73231 -6.49281e-21)
(25.7878 6.73196 0)
(25.7924 6.73156 -6.5655e-21)
(25.797 6.73112 -6.58543e-21)
(25.8015 6.73064 0)
(25.8059 6.73012 0)
(25.8102 6.72956 2.89043e-20)
(25.8143 6.72896 1.31115e-20)
(25.8182 6.72832 1.58783e-20)
(25.822 6.72764 -1.29534e-20)
(25.8256 6.72692 0)
(25.829 6.72617 0)
(25.8323 6.72537 0)
(25.8352 6.72454 -5.82746e-20)
(25.838 6.72367 0)
(25.8405 6.72277 -3.45133e-20)
(25.8428 6.72184 2.35768e-20)
(25.8448 6.72087 0)
(25.8465 6.71988 -5.88933e-20)
(25.848 6.71886 -4.42301e-20)
(25.8491 6.71781 0)
(25.8499 6.71673 -4.20884e-20)
(25.8504 6.71564 -1.18327e-19)
(25.8506 6.71452 3.98595e-20)
(25.8504 6.71338 0)
(25.8498 6.71222 2.36098e-19)
(25.8488 6.71106 -7.3002e-20)
(25.8474 6.70988 0)
(25.8455 6.70869 0)
(25.8432 6.70751 -6.66081e-20)
(25.8405 6.70633 -6.46321e-20)
(25.8374 6.70517 -3.55323e-19)
(25.8338 6.70404 -3.34524e-19)
(25.8299 6.70295 0)
(25.8255 6.70191 4.48522e-19)
(25.8208 6.70093 1.12061e-19)
(25.8157 6.70001 1.09192e-19)
(25.8101 6.69913 -5.41572e-19)
(25.804 6.69828 0)
(25.7972 6.69739 -2.03047e-19)
(25.7893 6.69641 8.43259e-19)
(25.7802 6.69524 0)
(25.7693 6.69379 8.25534e-19)
(25.7565 6.69199 0)
(25.7417 6.68989 -8.06508e-19)
(25.7253 6.68763 -3.75574e-19)
(25.7087 6.6856 0)
(25.6938 6.68446 0)
(25.6834 6.68522 -1.88867e-18)
(25.6806 6.68811 2.27887e-19)
(25.6854 6.69272 0)
(25.6967 6.69971 0)
(25.7156 6.70945 4.0893e-19)
(25.741 6.72174 7.48693e-19)
(25.7701 6.73587 -3.71996e-18)
(25.7983 6.75077 7.13209e-19)
(25.8198 6.76519 0)
(25.829 6.77696 -5.68459e-18)
(25.8212 6.78514 1.39908e-18)
(25.7933 6.7957 0)
(25.7486 6.79836 4.01775e-18)
(25.685 6.77554 -2.07701e-17)
(25.7591 6.69399 -8.95538e-22)
(25.76 6.69387 -4.17687e-22)
(25.761 6.69386 3.93284e-22)
(25.762 6.69357 0)
(25.763 6.69323 -7.19133e-22)
(25.7641 6.69294 0)
(25.7652 6.69267 -6.36641e-22)
(25.7664 6.69233 0)
(25.7675 6.69193 1.1353e-21)
(25.7687 6.69148 0)
(25.7698 6.691 0)
(25.7709 6.69048 -9.58129e-22)
(25.7719 6.68993 0)
(25.7729 6.68933 8.61805e-22)
(25.7739 6.68869 0)
(25.7747 6.68801 -1.57322e-21)
(25.7755 6.6873 0)
(25.7761 6.68655 0)
(25.7766 6.68575 -1.42395e-21)
(25.777 6.68491 0)
(25.7773 6.68404 0)
(25.7775 6.68312 0)
(25.7774 6.68216 0)
(25.7773 6.68115 -2.77275e-21)
(25.7769 6.6801 2.82024e-21)
(25.7764 6.67899 -2.88599e-21)
(25.7758 6.67783 2.97242e-21)
(25.7749 6.67662 3.07831e-21)
(25.7738 6.67534 0)
(25.7725 6.67399 0)
(25.7709 6.67257 0)
(25.7691 6.67106 7.36286e-21)
(25.767 6.66946 0)
(25.7645 6.66775 8.15356e-21)
(25.7618 6.66593 0)
(25.7586 6.66398 0)
(25.7551 6.66189 0)
(25.7511 6.65962 -1.9935e-20)
(25.7463 6.65713 0)
(25.7402 6.65438 0)
(25.7327 6.65143 0)
(25.725 6.64853 0)
(25.7214 6.6462 0)
(25.7285 6.6449 0)
(25.7489 6.64395 0)
(25.7696 6.64019 -5.79872e-20)
(25.7566 6.62744 0)
(25.6642 6.59826 1.52078e-19)
(25.4553 6.5467 -1.79037e-19)
(25.1123 6.46951 0)
(24.6383 6.36614 0)
(24.0541 6.23895 0)
(23.3986 6.0942 -3.18012e-19)
(22.7305 5.94314 -3.43562e-19)
(22.1306 5.80316 0)
(21.6992 5.69733 0)
(21.5426 5.65129 0)
(21.7436 5.68641 -4.39248e-19)
(22.3238 5.81046 0)
(23.2111 6.0093 6.88459e-21)
(24.2322 6.24317 0)
(25.1511 6.45491 0)
(25.7694 6.59546 0)
(26.0416 6.65432 -3.18828e-19)
(26.0797 6.66071 -9.94806e-20)
(26.0351 6.65104 0)
(25.9947 6.6436 0)
(25.9767 6.63976 0)
(25.9698 6.63692 -8.51849e-20)
(25.9631 6.63283 -6.22852e-20)
(25.9542 6.62783 0)
(25.9431 6.62199 2.77151e-20)
(25.9305 6.61682 -9.10563e-21)
(25.9156 6.60958 0)
(25.9001 6.60696 0)
(25.8802 6.59416 0)
(25.8643 6.60462 0)
(25.8374 6.5651 0)
(25.8166 6.6343 0)
(25.8498 6.47432 9.16351e-18)
(25.7585 6.69404 -4.75878e-22)
(25.7581 6.69419 -5.02498e-22)
(25.7581 6.69432 0)
(25.7585 6.69447 0)
(25.7591 6.69462 0)
(25.76 6.69478 1.19635e-21)
(25.7612 6.69495 0)
(25.7627 6.69511 0)
(25.7644 6.69527 0)
(25.7664 6.69543 0)
(25.7686 6.69558 0)
(25.7711 6.69573 0)
(25.7737 6.69587 0)
(25.7765 6.69601 0)
(25.7794 6.69614 -2.98928e-21)
(25.7825 6.69626 0)
(25.7857 6.69637 3.0674e-21)
(25.789 6.69648 0)
(25.7924 6.69657 6.24946e-21)
(25.7959 6.69666 0)
(25.7993 6.69674 6.3213e-21)
(25.8028 6.69681 6.34163e-21)
(25.8063 6.69688 0)
(25.8098 6.69694 0)
(25.8132 6.69699 0)
(25.8165 6.69703 -1.26379e-20)
(25.8198 6.69707 1.25756e-20)
(25.823 6.6971 1.24912e-20)
(25.826 6.69713 0)
(25.8289 6.69716 0)
(25.8317 6.69719 0)
(25.8343 6.69721 0)
(25.8367 6.69723 0)
(25.8389 6.69724 -2.31918e-20)
(25.8409 6.69726 -2.27795e-20)
(25.8426 6.69727 0)
(25.8441 6.69727 0)
(25.8453 6.69727 4.27816e-20)
(25.8463 6.69726 0)
(25.8469 6.69725 4.07399e-20)
(25.8472 6.69722 0)
(25.8472 6.69717 -3.86159e-20)
(25.8468 6.69711 0)
(25.8461 6.69702 0)
(25.845 6.69691 7.08239e-20)
(25.8435 6.69677 0)
(25.8417 6.6966 0)
(25.8394 6.6964 6.47212e-20)
(25.8368 6.69617 6.28404e-20)
(25.8338 6.69591 1.22035e-19)
(25.8305 6.69563 -1.18614e-19)
(25.8267 6.69532 0)
(25.8226 6.69498 0)
(25.818 6.69461 -1.09305e-19)
(25.8129 6.69421 -1.06578e-19)
(25.8071 6.69376 1.03962e-19)
(25.8006 6.69322 0)
(25.793 6.69256 1.98634e-19)
(25.7841 6.69173 0)
(25.7736 6.6907 0)
(25.7616 6.68943 0)
(25.748 6.68799 0)
(25.7334 6.68651 0)
(25.719 6.6853 3.69111e-19)
(25.7065 6.68484 0)
(25.6983 6.68583 0)
(25.6968 6.6891 3.721e-19)
(25.7026 6.69404 -2.23548e-19)
(25.7147 6.70014 0)
(25.7324 6.70842 0)
(25.7557 6.719 -4.02598e-19)
(25.7826 6.73148 7.69415e-19)
(25.8099 6.74509 7.35885e-19)
(25.8331 6.7588 -7.04978e-19)
(25.8474 6.77147 0)
(25.8486 6.78165 0)
(25.833 6.78919 -1.38865e-18)
(25.799 6.79701 0)
(25.7556 6.79912 1.11794e-18)
(25.6987 6.79676 0)
)
;

boundaryField
{
    inlet
    {
        type            freestreamVelocity;
        freestreamValue uniform (25.597 6.8587 0);
        value           nonuniform List<vector> 
134
(
(25.5969 6.85885 -1.7987e-20)
(25.597 6.85887 -1.64554e-18)
(25.597 6.85888 3.85031e-18)
(25.597 6.85889 -6.41402e-18)
(25.597 6.85888 3.19548e-18)
(25.597 6.85886 1.80382e-18)
(25.597 6.85884 -4.22311e-18)
(25.597 6.85882 2.12781e-18)
(25.597 6.85879 -6.24277e-19)
(25.597 6.85874 4.87866e-19)
(25.5977 6.86396 -1.11907e-18)
(25.5973 6.86821 0)
(25.5978 6.87253 1.24047e-17)
(25.5998 6.87512 -1.3976e-17)
(25.6033 6.87537 0)
(25.608 6.87307 0)
(25.6137 6.86826 0)
(25.6204 6.86104 2.43865e-17)
(25.6278 6.85163 -7.83078e-18)
(25.6358 6.84032 -1.73572e-17)
(25.5969 6.85882 2.73101e-18)
(25.6444 6.82753 0)
(25.6533 6.81388 2.0804e-17)
(25.6622 6.80011 -4.66984e-17)
(25.6704 6.78707 2.60579e-17)
(25.6772 6.77521 0)
(25.6835 6.76346 -2.00002e-19)
(25.6881 6.75361 0)
(25.6952 6.74072 -1.53059e-18)
(25.7033 6.72755 -2.04344e-17)
(25.7005 6.72825 4.23569e-17)
(25.709 6.71211 -2.37002e-17)
(25.7127 6.70298 0)
(25.7167 6.69419 4.99066e-17)
(25.7205 6.68574 -1.00147e-16)
(25.724 6.67759 5.01195e-17)
(25.7275 6.66952 1.04084e-16)
(25.7318 6.66132 -1.02961e-16)
(25.7384 6.65229 1.11095e-18)
(25.7509 6.63855 0)
(25.5969 6.85879 3.10669e-18)
(25.5969 6.85874 -9.63927e-18)
(25.5969 6.85869 5.79832e-18)
(25.5969 6.85863 -7.3503e-18)
(25.597 6.85855 5.95866e-18)
(25.597 6.85844 -6.24146e-18)
(25.597 6.8585 1.40474e-17)
(25.7514 6.63996 0)
(25.7512 6.63818 0)
(25.7503 6.63655 0)
(25.75 6.63474 0)
(25.7501 6.63282 0)
(25.7501 6.63088 0)
(25.7502 6.62895 0)
(25.7503 6.62702 0)
(25.7506 6.62509 0)
(25.7509 6.62321 0)
(25.7513 6.62138 0)
(25.7518 6.61964 0)
(25.7524 6.618 0)
(25.753 6.61649 0)
(25.7537 6.61513 0)
(25.7545 6.61394 0)
(25.7553 6.61297 0)
(25.756 6.61207 0)
(25.7571 6.61186 -7.2601e-17)
(25.7588 6.61186 7.18926e-17)
(25.7607 6.61206 0)
(25.7625 6.61252 -6.24099e-17)
(25.7642 6.61326 6.17286e-17)
(25.7657 6.6143 0)
(25.7668 6.61576 0)
(25.7666 6.61747 9.67451e-18)
(25.7634 6.62042 -1.53486e-17)
(25.7549 6.61868 5.72216e-18)
(25.5938 6.8235 -3.27695e-16)
(25.575 6.80031 3.9538e-17)
(25.5614 6.77986 0)
(25.5532 6.76331 3.05348e-16)
(25.548 6.75143 -6.75155e-16)
(25.5449 6.74346 3.91569e-16)
(25.544 6.73837 4.69242e-16)
(25.5452 6.73522 -2.43201e-16)
(25.5481 6.73335 4.89768e-18)
(25.5522 6.73221 -5.44416e-16)
(25.5571 6.73144 2.76237e-16)
(25.5626 6.73085 0)
(25.5681 6.73033 -1.68588e-18)
(25.5736 6.72982 -1.31236e-16)
(25.5786 6.72933 1.30964e-16)
(25.5823 6.72897 1.27409e-16)
(25.5846 6.72895 -1.9036e-16)
(25.5865 6.72931 6.36292e-17)
(25.5886 6.72997 0)
(25.591 6.73089 0)
(25.5933 6.73205 0)
(25.5956 6.73342 3.04316e-17)
(25.5979 6.73497 3.00303e-17)
(25.6003 6.73667 -5.99658e-17)
(25.6026 6.7385 0)
(25.605 6.7404 1.35403e-18)
(25.6072 6.74238 -1.07513e-16)
(25.6089 6.74439 1.07446e-16)
(25.6099 6.74654 -1.02198e-16)
(25.6087 6.74881 2.99017e-16)
(25.6059 6.75175 -2.01319e-16)
(25.6061 6.75462 -2.13727e-16)
(25.6088 6.75734 2.12951e-16)
(25.6119 6.76009 0)
(25.6144 6.76269 0)
(25.6166 6.76522 0)
(25.6187 6.76773 0)
(25.6207 6.77021 0)
(25.6226 6.77264 0)
(25.6243 6.77505 0)
(25.6258 6.77742 0)
(25.6271 6.77977 0)
(25.6283 6.78211 0)
(25.6293 6.78444 0)
(25.6301 6.78677 0)
(25.6308 6.78911 0)
(25.6313 6.79146 0)
(25.6317 6.79384 0)
(25.6321 6.79625 -9.88627e-17)
(25.6321 6.79873 9.65445e-17)
(25.6313 6.80137 0)
(25.6302 6.80418 3.81135e-17)
(25.6293 6.80722 -3.79058e-17)
(25.6284 6.81054 -3.04632e-17)
(25.6278 6.81419 5.64604e-17)
(25.6275 6.81827 -1.53381e-17)
(25.6281 6.82299 -2.83749e-18)
(25.6297 6.82782 -7.71167e-18)
(25.6347 6.83571 0)
)
;
    }
    outlet
    {
        type            freestreamVelocity;
        freestreamValue uniform (25.597 6.8587 0);
        value           nonuniform List<vector> 
160
(
(25.7565 6.69664 -8.81131e-22)
(25.7559 6.69669 -4.68222e-22)
(25.7574 6.69652 -4.10967e-22)
(25.7555 6.69684 -4.94414e-22)
(25.7583 6.69651 3.86957e-22)
(25.7556 6.69696 0)
(25.7593 6.69623 0)
(25.7559 6.69711 0)
(25.7603 6.69589 -7.07568e-22)
(25.7565 6.69726 0)
(25.7614 6.6956 0)
(25.7574 6.69742 1.1771e-21)
(25.7625 6.69534 -6.26407e-22)
(25.7586 6.69758 0)
(25.7636 6.69501 0)
(25.76 6.69774 0)
(25.7648 6.69461 1.11706e-21)
(25.7617 6.6979 0)
(25.7659 6.69417 0)
(25.7637 6.69805 0)
(25.767 6.69369 0)
(25.7659 6.6982 0)
(25.7681 6.69318 -9.42742e-22)
(25.7683 6.69835 0)
(25.7691 6.69264 0)
(25.7708 6.69849 0)
(25.7701 6.69205 8.47972e-22)
(25.7736 6.69862 0)
(25.771 6.69142 0)
(25.7765 6.69875 -2.94123e-21)
(25.7719 6.69075 -1.54798e-21)
(25.7795 6.69887 0)
(25.7726 6.69005 0)
(25.7827 6.69898 3.01812e-21)
(25.7732 6.68931 0)
(25.7859 6.69908 0)
(25.7737 6.68852 -1.40113e-21)
(25.7893 6.69918 6.14909e-21)
(25.7742 6.6877 0)
(25.7927 6.69927 0)
(25.7744 6.68684 0)
(25.7961 6.69934 6.21982e-21)
(25.7746 6.68593 0)
(25.7995 6.69941 6.23985e-21)
(25.7746 6.68498 0)
(25.8029 6.69948 0)
(25.7744 6.68399 -2.72836e-21)
(25.8063 6.69953 0)
(25.7741 6.68295 2.7751e-21)
(25.8097 6.69958 0)
(25.7736 6.68187 -2.83981e-21)
(25.813 6.69962 -1.24352e-20)
(25.7729 6.68073 2.92487e-21)
(25.8162 6.69966 1.2374e-20)
(25.772 6.67953 3.02908e-21)
(25.8193 6.69969 1.2291e-20)
(25.771 6.67827 0)
(25.8223 6.69972 0)
(25.7697 6.67694 0)
(25.8252 6.69975 0)
(25.7681 6.67554 0)
(25.8279 6.69977 0)
(25.7663 6.67406 7.24525e-21)
(25.8305 6.69979 0)
(25.7643 6.67248 0)
(25.8328 6.69981 0)
(25.7619 6.6708 8.02339e-21)
(25.835 6.69983 -2.28205e-20)
(25.7591 6.66901 0)
(25.837 6.69984 -2.24149e-20)
(25.756 6.66709 0)
(25.8387 6.69985 0)
(25.7526 6.66503 0)
(25.8401 6.69985 0)
(25.7486 6.66279 -1.96172e-20)
(25.8413 6.69985 4.2097e-20)
(25.7439 6.66034 0)
(25.8423 6.69985 0)
(25.7379 6.65764 0)
(25.8429 6.69983 4.00881e-20)
(25.7305 6.65473 0)
(25.8432 6.6998 0)
(25.7229 6.65187 0)
(25.8432 6.69975 -3.79981e-20)
(25.7194 6.64959 0)
(25.8428 6.69969 0)
(25.7264 6.6483 0)
(25.8421 6.69961 0)
(25.7465 6.64736 0)
(25.841 6.6995 6.96907e-20)
(25.7669 6.64365 -5.70691e-20)
(25.8396 6.69936 0)
(25.754 6.6311 0)
(25.8378 6.6992 0)
(25.6632 6.60236 1.4968e-19)
(25.8356 6.699 6.36853e-20)
(25.4575 6.55162 -1.76212e-19)
(25.833 6.69878 6.18345e-20)
(25.12 6.47567 0)
(25.83 6.69852 1.20081e-19)
(24.6535 6.37398 0)
(25.8267 6.69824 -1.16714e-19)
(24.0788 6.24888 0)
(25.823 6.69793 0)
(23.4341 6.10655 -3.12873e-19)
(25.819 6.6976 0)
(22.7771 5.95804 -3.3797e-19)
(25.8145 6.69724 -1.07554e-19)
(22.1873 5.82044 0)
(25.8094 6.69685 -1.0487e-19)
(21.7632 5.71638 0)
(25.8038 6.6964 1.02295e-19)
(21.609 5.67106 0)
(25.7973 6.69587 0)
(21.8064 5.7055 -4.32096e-19)
(25.7898 6.69523 1.95447e-19)
(22.3766 5.82738 0)
(25.7811 6.69441 0)
(23.2492 6.02287 6.7746e-21)
(25.7708 6.69339 0)
(24.2538 6.25292 0)
(25.7589 6.69215 0)
(25.1581 6.46126 0)
(25.7455 6.69073 0)
(25.7667 6.59958 0)
(25.7312 6.68928 0)
(26.0346 6.65751 -3.13858e-19)
(25.717 6.6881 3.63169e-19)
(26.0722 6.66379 -9.79314e-20)
(25.7048 6.68764 0)
(26.0283 6.65427 0)
(25.6967 6.68862 0)
(25.9885 6.64695 0)
(25.6952 6.69184 3.66095e-19)
(25.9708 6.64317 0)
(25.7009 6.6967 -2.19937e-19)
(25.964 6.64038 -8.38567e-20)
(25.7128 6.7027 0)
(25.9574 6.63635 -6.13147e-20)
(25.7302 6.71085 0)
(25.9487 6.63142 0)
(25.7531 6.72127 -3.96074e-19)
(25.9377 6.62568 2.7284e-20)
(25.7796 6.73354 7.56927e-19)
(25.9253 6.62058 -8.96407e-21)
(25.8064 6.74694 7.2392e-19)
(25.9107 6.61345 0)
(25.8292 6.76042 -6.93491e-19)
(25.8954 6.61088 0)
(25.8433 6.77289 0)
(25.8758 6.59826 0)
(25.8445 6.78291 0)
(25.8601 6.60857 0)
(25.8291 6.79033 -1.36584e-18)
(25.8337 6.56962 0)
(25.7957 6.79803 0)
(25.8131 6.63784 0)
(25.7529 6.80011 1.09942e-18)
(25.846 6.48009 9.02595e-18)
(25.697 6.79779 0)
)
;
    }
    walls
    {
        type            noSlip;
    }
    frontAndBack
    {
        type            empty;
    }
}


// ************************************************************************* //
