/*--------------------------------*- C++ -*----------------------------------*\
| =========                 |                                                 |
| \\      /  F ield         | OpenFOAM: The Open Source CFD Toolbox           |
|  \\    /   O peration     | Version:  2412                                  |
|   \\  /    A nd           | Website:  www.openfoam.com                      |
|    \\/     M anipulation  |                                                 |
\*---------------------------------------------------------------------------*/
FoamFile
{
    version     2.0;
    format      ascii;
    arch        "LSB;label=32;scalar=64";
    class       volScalarField;
    location    "100";
    object      nut;
}
// * * * * * * * * * * * * * * * * * * * * * * * * * * * * * * * * * * * * * //

dimensions      [0 2 -1 0 0 0 0];

internalField   nonuniform List<scalar> 
10720
(
1.99797e-05
2.29198e-05
2.68754e-05
3.20427e-05
3.88161e-05
4.76938e-05
5.93765e-05
7.42616e-05
9.32282e-05
0.000117081
0.000147092
0.000185766
0.000237159
0.000307372
0.000406261
0.000551381
0.00077188
0.00112559
0.00170808
0.00277083
0.00466844
0.00897209
0.017362
0.0428635
0.0869133
0.110375
0.114533
0.114433
0.114919
0.115504
0.114961
0.112833
0.109535
0.105403
0.100392
0.0944173
0.0864597
0.0770523
0.0540443
1.74629e-05
1.52521e-05
1.30946e-05
1.10983e-05
9.24716e-06
7.61225e-06
6.44449e-06
7.9696e-06
1.06832e-05
1.5033e-05
2.19631e-05
3.28855e-05
4.94301e-05
7.32394e-05
0.000105532
0.000148538
0.000207269
0.000291834
0.000421186
0.000627337
0.000978776
0.00158272
0.00274855
0.0048907
0.00977403
0.0193689
0.0437641
0.0799813
0.103733
0.112569
0.114956
0.115541
0.11537
0.11459
0.113294
0.111602
0.109121
0.106314
0.0963467
5.34511e-06
5.25182e-06
5.16094e-06
5.07822e-06
4.98133e-06
4.88605e-06
4.80308e-06
4.71973e-06
4.65513e-06
4.60976e-06
4.58121e-06
4.60402e-06
4.63908e-06
5.03786e-06
6.83145e-06
1.20969e-05
2.94307e-05
7.53279e-05
0.00016143
0.000320714
0.000633174
0.00139432
0.00302308
0.00734589
0.0178201
0.0327141
0.0523202
0.0756837
0.0999598
0.12018
0.132325
0.136958
0.137156
0.135216
0.132112
0.12832
0.124464
0.119939
0.117656
5.41021e-06
5.50731e-06
5.59585e-06
5.71677e-06
5.83843e-06
5.96359e-06
6.07757e-06
5.98682e-06
5.82834e-06
5.63586e-06
5.41969e-06
5.18275e-06
4.92606e-06
4.64851e-06
4.33539e-06
3.98489e-06
3.56766e-06
3.08092e-06
2.48937e-06
1.80219e-06
1.04761e-06
4.0198e-07
7.09518e-08
4.3885e-09
4.44595e-06
0.000177534
0.00112416
0.00661351
0.0186829
0.0346874
0.0500806
0.0611795
0.0676096
0.0710924
0.0732295
0.0750068
0.0765561
0.0800651
0.0832972
6.21422e-06
6.23612e-06
6.25683e-06
6.27854e-06
6.30359e-06
6.33032e-06
6.35922e-06
6.39124e-06
6.42678e-06
6.46617e-06
6.5111e-06
6.56297e-06
6.62275e-06
6.69871e-06
6.77451e-06
6.93491e-06
6.4007e-06
5.04951e-06
3.12102e-06
3.50506e-05
0.000116397
5.17881e-05
9.72222e-05
0.00152933
8.9394e-06
0.00118088
0.0040866
0.00986728
0.0208281
0.0392195
0.0646458
0.0926626
0.116942
0.133753
0.143719
0.149192
0.152418
0.152074
0.15759
6.19548e-06
6.18434e-06
6.17542e-06
6.16792e-06
6.15675e-06
6.1507e-06
6.13461e-06
6.1396e-06
6.15374e-06
6.17388e-06
6.19703e-06
6.22351e-06
6.25431e-06
6.28809e-06
6.32561e-06
6.3665e-06
6.41225e-06
6.46383e-06
6.52458e-06
6.59758e-06
6.68927e-06
6.80889e-06
6.96367e-06
7.15282e-06
7.26394e-06
7.00715e-06
6.36556e-06
3.18479e-06
0.000211643
0.00124408
0.00421456
0.00975507
0.0175589
0.0266804
0.0360413
0.0447759
0.0521744
0.0587801
0.0681709
6.08636e-06
6.08619e-06
6.08988e-06
6.09499e-06
6.10044e-06
6.10738e-06
6.11613e-06
6.12598e-06
6.13819e-06
6.15283e-06
6.17045e-06
6.19192e-06
6.21832e-06
6.25063e-06
6.29094e-06
6.34303e-06
6.39633e-06
6.36003e-06
6.14171e-06
4.28361e-06
1.79377e-06
1.33671e-12
1.65801e-06
5.85257e-14
2.12476e-08
0.000245395
0.000881389
0.00216498
0.000127471
0.00253139
0.00857285
0.0216905
0.0445427
0.0747962
0.10548
0.130841
0.15013
0.163436
0.177665
6.09525e-06
6.11081e-06
6.12071e-06
6.12915e-06
6.13137e-06
6.13526e-06
6.13409e-06
6.12713e-06
6.11966e-06
6.11298e-06
6.1076e-06
6.10375e-06
6.10109e-06
6.09918e-06
6.09761e-06
6.09722e-06
6.09773e-06
6.09894e-06
6.10054e-06
6.10234e-06
6.10401e-06
6.10516e-06
6.10642e-06
6.10584e-06
6.11759e-06
6.06444e-06
6.2018e-06
6.32274e-06
2.35261e-05
4.37802e-05
0.000149549
0.000294921
0.000600176
0.00170382
0.00437416
0.0091909
0.0165031
0.0264683
0.044432
6.12435e-06
6.11953e-06
6.11893e-06
6.11936e-06
6.12021e-06
6.12186e-06
6.12401e-06
6.12657e-06
6.13044e-06
6.13586e-06
6.14282e-06
6.15139e-06
6.16174e-06
6.1742e-06
6.18928e-06
6.20814e-06
6.23171e-06
6.25309e-06
6.29161e-06
6.38398e-06
5.8887e-06
3.65413e-06
6.83992e-07
3.9967e-11
3.43876e-09
6.39846e-12
0
0
2.5351e-06
0.000563768
0.00197212
0.00127989
0.00538198
0.0161649
0.0391276
0.0737743
0.11206
0.147745
0.178468
6.13801e-06
6.14986e-06
6.1541e-06
6.15492e-06
6.15046e-06
6.1485e-06
6.14609e-06
6.14279e-06
6.14015e-06
6.13766e-06
6.13554e-06
6.1341e-06
6.13359e-06
6.13397e-06
6.13554e-06
6.13816e-06
6.14177e-06
6.1462e-06
6.15133e-06
6.15699e-06
6.16305e-06
6.16942e-06
6.17607e-06
6.18354e-06
6.1909e-06
6.20337e-06
6.20031e-06
6.27292e-06
6.13939e-06
5.97181e-06
1.37025e-06
1.14257e-06
0.000132665
0.000405137
0.000262514
0.000488465
0.00146196
0.00297772
0.0169294
6.14286e-06
6.1363e-06
6.13347e-06
6.13149e-06
6.13015e-06
6.12988e-06
6.13054e-06
6.13219e-06
6.13509e-06
6.13919e-06
6.1445e-06
6.15115e-06
6.15913e-06
6.16862e-06
6.17996e-06
6.19355e-06
6.21044e-06
6.23036e-06
6.24927e-06
6.30657e-06
6.38722e-06
6.62011e-06
5.82292e-06
4.42736e-06
1.9876e-06
3.96043e-09
5.97838e-09
2.68206e-09
8.5169e-12
0
0
0.000287133
1.70741e-06
5.08667e-06
0.00373149
0.0188041
0.0519916
0.104315
0.157994
6.15194e-06
6.15596e-06
6.15333e-06
6.14979e-06
6.14379e-06
6.14395e-06
6.14561e-06
6.14625e-06
6.14567e-06
6.14413e-06
6.14208e-06
6.13996e-06
6.13808e-06
6.13653e-06
6.13563e-06
6.13539e-06
6.13587e-06
6.13701e-06
6.13875e-06
6.14092e-06
6.1434e-06
6.14602e-06
6.14866e-06
6.15107e-06
6.15313e-06
6.15459e-06
6.15572e-06
6.15835e-06
6.1635e-06
6.1959e-06
5.98191e-06
5.5021e-06
5.2024e-06
8.9001e-07
3.35434e-05
9.6736e-05
0.000343643
0.000768809
0.00352852
6.1534e-06
6.14981e-06
6.14779e-06
6.14567e-06
6.14366e-06
6.14196e-06
6.14042e-06
6.13914e-06
6.13839e-06
6.13822e-06
6.13867e-06
6.13977e-06
6.14141e-06
6.14344e-06
6.14569e-06
6.14759e-06
6.15017e-06
6.15345e-06
6.15763e-06
6.16408e-06
6.16626e-06
6.23153e-06
6.51123e-06
6.83415e-06
6.60221e-06
4.91857e-06
2.78625e-06
1.43871e-06
4.5581e-09
6.09625e-09
3.7327e-10
0
4.90979e-09
1.65007e-08
0.000869633
9.12402e-05
0.00891239
0.0495125
0.117715
6.15187e-06
6.14677e-06
6.1385e-06
6.13327e-06
6.12786e-06
6.13095e-06
6.13613e-06
6.14043e-06
6.1433e-06
6.14474e-06
6.14507e-06
6.14462e-06
6.14373e-06
6.1426e-06
6.14163e-06
6.14097e-06
6.14085e-06
6.14133e-06
6.1425e-06
6.14433e-06
6.14679e-06
6.14983e-06
6.15341e-06
6.15754e-06
6.16225e-06
6.16763e-06
6.17374e-06
6.18067e-06
6.18886e-06
6.19724e-06
6.19506e-06
6.12675e-06
6.11924e-06
4.57487e-06
1.89208e-06
5.20551e-08
4.5947e-09
0
0.000844932
6.14608e-06
6.14769e-06
6.14871e-06
6.14905e-06
6.14896e-06
6.14872e-06
6.14809e-06
6.14723e-06
6.1465e-06
6.146e-06
6.14596e-06
6.1466e-06
6.14804e-06
6.15039e-06
6.15378e-06
6.15828e-06
6.16405e-06
6.17136e-06
6.17912e-06
6.1861e-06
6.19158e-06
6.19503e-06
6.2186e-06
6.33909e-06
6.61805e-06
7.04163e-06
6.93591e-06
6.61937e-06
4.92769e-06
2.54944e-06
1.83623e-07
9.36657e-09
2.0774e-10
0
0
1.31046e-06
0.00231637
0.0111208
0.0696801
6.13473e-06
6.12444e-06
6.11478e-06
6.11112e-06
6.10812e-06
6.11276e-06
6.12026e-06
6.12741e-06
6.13332e-06
6.1377e-06
6.14078e-06
6.14269e-06
6.14369e-06
6.14393e-06
6.14377e-06
6.14342e-06
6.14313e-06
6.14307e-06
6.14337e-06
6.1441e-06
6.14532e-06
6.147e-06
6.14916e-06
6.15173e-06
6.15469e-06
6.15802e-06
6.16169e-06
6.1656e-06
6.1696e-06
6.17379e-06
6.1772e-06
6.18163e-06
6.18673e-06
6.20774e-06
6.16934e-06
4.99468e-06
1.47769e-06
1.04804e-08
0
6.12609e-06
6.13227e-06
6.13662e-06
6.14012e-06
6.14281e-06
6.14501e-06
6.14645e-06
6.1472e-06
6.14755e-06
6.14758e-06
6.1475e-06
6.14753e-06
6.1478e-06
6.14845e-06
6.14958e-06
6.15124e-06
6.15346e-06
6.15613e-06
6.15961e-06
6.16463e-06
6.17139e-06
6.17908e-06
6.18384e-06
6.19091e-06
6.24092e-06
6.38228e-06
6.58543e-06
6.82155e-06
7.19911e-06
7.15615e-06
5.85474e-06
3.10563e-06
9.61459e-08
6.57723e-09
1.7751e-15
0
0
0.00326569
0.0336958
6.11033e-06
6.10053e-06
6.09367e-06
6.09295e-06
6.09186e-06
6.09623e-06
6.10379e-06
6.1119e-06
6.11939e-06
6.12581e-06
6.13118e-06
6.13541e-06
6.13859e-06
6.14078e-06
6.14222e-06
6.14309e-06
6.14362e-06
6.14399e-06
6.14441e-06
6.14501e-06
6.14591e-06
6.14719e-06
6.14894e-06
6.1512e-06
6.15403e-06
6.15748e-06
6.1616e-06
6.16639e-06
6.17187e-06
6.17807e-06
6.18496e-06
6.19218e-06
6.20002e-06
6.21752e-06
6.22092e-06
6.28793e-06
7.33943e-06
2.80742e-06
8.47749e-10
6.10269e-06
6.11094e-06
6.11739e-06
6.12323e-06
6.12822e-06
6.13272e-06
6.13652e-06
6.13955e-06
6.142e-06
6.14388e-06
6.14534e-06
6.14656e-06
6.14768e-06
6.14887e-06
6.15029e-06
6.1521e-06
6.15444e-06
6.15745e-06
6.16121e-06
6.16552e-06
6.17044e-06
6.17632e-06
6.18377e-06
6.18851e-06
6.19049e-06
6.1988e-06
6.23602e-06
6.30059e-06
6.45738e-06
6.73812e-06
7.09659e-06
7.45609e-06
5.73941e-06
2.20536e-06
7.80334e-13
9.66246e-13
0
0.000268672
0.0137327
6.08911e-06
6.08414e-06
6.08239e-06
6.08431e-06
6.0833e-06
6.08587e-06
6.09156e-06
6.09857e-06
6.10581e-06
6.1127e-06
6.11913e-06
6.12481e-06
6.12965e-06
6.13358e-06
6.13673e-06
6.13911e-06
6.1409e-06
6.14225e-06
6.14333e-06
6.14429e-06
6.14528e-06
6.14641e-06
6.14783e-06
6.1496e-06
6.15179e-06
6.15448e-06
6.15772e-06
6.16152e-06
6.16586e-06
6.17075e-06
6.17609e-06
6.1821e-06
6.18865e-06
6.19936e-06
6.19553e-06
6.23571e-06
6.08904e-06
9.36103e-06
1.69666e-07
6.08515e-06
6.09249e-06
6.09904e-06
6.10539e-06
6.1112e-06
6.11678e-06
6.12203e-06
6.12673e-06
6.13097e-06
6.13467e-06
6.13785e-06
6.1406e-06
6.14298e-06
6.14511e-06
6.14714e-06
6.14916e-06
6.15133e-06
6.15375e-06
6.15656e-06
6.15995e-06
6.16418e-06
6.16937e-06
6.17602e-06
6.18395e-06
6.19108e-06
6.1953e-06
6.19894e-06
6.20466e-06
6.21871e-06
6.26099e-06
6.39855e-06
6.74433e-06
7.4262e-06
7.37959e-06
4.82807e-06
3.77997e-10
1.46828e-16
6.89232e-05
0.0046175
6.07829e-06
6.07952e-06
6.08255e-06
6.08581e-06
6.08364e-06
6.08357e-06
6.08623e-06
6.0907e-06
6.09612e-06
6.10191e-06
6.10792e-06
6.11379e-06
6.11929e-06
6.12423e-06
6.12857e-06
6.13224e-06
6.13532e-06
6.13784e-06
6.13993e-06
6.1417e-06
6.14329e-06
6.14481e-06
6.14641e-06
6.14821e-06
6.15031e-06
6.15283e-06
6.15585e-06
6.15943e-06
6.16363e-06
6.1685e-06
6.17403e-06
6.1805e-06
6.18658e-06
6.19892e-06
6.18794e-06
6.27658e-06
5.88807e-06
7.97189e-06
3.35245e-06
6.07857e-06
6.08287e-06
6.08775e-06
6.09282e-06
6.09777e-06
6.10291e-06
6.10819e-06
6.11334e-06
6.11837e-06
6.12314e-06
6.12757e-06
6.13165e-06
6.13537e-06
6.13875e-06
6.14189e-06
6.14485e-06
6.14777e-06
6.15075e-06
6.15395e-06
6.15742e-06
6.16126e-06
6.16566e-06
6.17092e-06
6.17755e-06
6.18547e-06
6.19385e-06
6.20162e-06
6.20871e-06
6.2134e-06
6.21091e-06
6.21481e-06
6.23599e-06
6.51422e-06
7.07374e-06
8.49348e-06
4.0733e-06
6.27045e-09
1.19163e-06
0.00118049
6.0793e-06
6.08507e-06
6.09068e-06
6.09384e-06
6.09057e-06
6.08813e-06
6.08779e-06
6.08929e-06
6.09207e-06
6.09574e-06
6.10017e-06
6.10503e-06
6.11003e-06
6.11494e-06
6.11966e-06
6.12399e-06
6.12791e-06
6.13138e-06
6.13442e-06
6.13707e-06
6.13943e-06
6.14156e-06
6.14362e-06
6.14571e-06
6.14793e-06
6.15041e-06
6.15324e-06
6.1565e-06
6.16027e-06
6.1646e-06
6.16952e-06
6.17524e-06
6.18123e-06
6.19049e-06
6.19059e-06
6.23183e-06
6.12119e-06
6.51029e-06
6.1519e-06
6.08256e-06
6.0833e-06
6.08567e-06
6.08837e-06
6.09135e-06
6.09483e-06
6.09882e-06
6.10312e-06
6.10771e-06
6.11242e-06
6.11713e-06
6.12174e-06
6.12619e-06
6.13042e-06
6.13444e-06
6.13826e-06
6.14195e-06
6.14555e-06
6.14917e-06
6.15294e-06
6.15698e-06
6.16137e-06
6.1663e-06
6.17203e-06
6.17887e-06
6.18693e-06
6.19603e-06
6.20604e-06
6.21687e-06
6.22523e-06
6.22859e-06
6.21114e-06
6.21264e-06
6.34066e-06
6.85769e-06
9.56335e-06
1.43634e-06
3.40372e-10
9.30449e-05
6.08842e-06
6.09541e-06
6.1009e-06
6.10319e-06
6.09979e-06
6.09618e-06
6.09388e-06
6.09301e-06
6.09333e-06
6.09465e-06
6.09697e-06
6.10005e-06
6.1037e-06
6.10771e-06
6.11191e-06
6.11611e-06
6.12021e-06
6.12407e-06
6.12767e-06
6.13096e-06
6.13399e-06
6.13677e-06
6.13941e-06
6.14199e-06
6.1446e-06
6.14733e-06
6.15029e-06
6.15356e-06
6.15724e-06
6.1614e-06
6.16614e-06
6.17154e-06
6.17763e-06
6.18468e-06
6.19217e-06
6.20091e-06
6.21778e-06
6.17985e-06
6.46862e-06
6.09256e-06
6.09077e-06
6.09089e-06
6.09116e-06
6.09187e-06
6.09323e-06
6.09525e-06
6.09787e-06
6.1011e-06
6.1048e-06
6.10883e-06
6.11312e-06
6.11752e-06
6.12195e-06
6.12636e-06
6.1307e-06
6.13498e-06
6.13919e-06
6.14339e-06
6.14768e-06
6.15217e-06
6.15684e-06
6.1618e-06
6.16721e-06
6.17332e-06
6.18041e-06
6.1887e-06
6.19828e-06
6.20948e-06
6.22229e-06
6.23552e-06
6.24468e-06
6.22589e-06
6.24459e-06
6.11513e-06
7.48698e-06
8.8798e-06
1.43772e-10
1.35865e-06
6.09947e-06
6.10452e-06
6.10801e-06
6.10953e-06
6.10708e-06
6.10381e-06
6.10109e-06
6.09911e-06
6.09787e-06
6.0974e-06
6.09781e-06
6.09905e-06
6.10102e-06
6.10359e-06
6.10665e-06
6.11002e-06
6.1136e-06
6.11724e-06
6.12086e-06
6.12437e-06
6.12775e-06
6.13098e-06
6.13409e-06
6.13714e-06
6.14017e-06
6.14326e-06
6.14647e-06
6.14989e-06
6.1536e-06
6.15769e-06
6.16225e-06
6.16735e-06
6.17318e-06
6.17955e-06
6.18786e-06
6.19244e-06
6.21753e-06
6.18211e-06
6.30983e-06
6.10263e-06
6.10014e-06
6.09903e-06
6.09769e-06
6.09671e-06
6.09628e-06
6.09643e-06
6.09727e-06
6.09883e-06
6.10104e-06
6.10382e-06
6.10709e-06
6.11076e-06
6.11471e-06
6.11889e-06
6.1232e-06
6.12762e-06
6.1321e-06
6.13664e-06
6.14129e-06
6.14618e-06
6.1513e-06
6.1566e-06
6.16213e-06
6.16804e-06
6.17459e-06
6.18211e-06
6.19081e-06
6.20088e-06
6.21289e-06
6.2267e-06
6.24441e-06
6.25296e-06
6.25855e-06
6.26778e-06
5.68082e-06
1.23476e-05
6.18421e-09
2.58964e-15
6.10701e-06
6.1085e-06
6.10945e-06
6.11088e-06
6.10991e-06
6.1081e-06
6.10629e-06
6.10456e-06
6.103e-06
6.10175e-06
6.10101e-06
6.10088e-06
6.10138e-06
6.1025e-06
6.10422e-06
6.10642e-06
6.10905e-06
6.11197e-06
6.11511e-06
6.11837e-06
6.12168e-06
6.12499e-06
6.1283e-06
6.13162e-06
6.13497e-06
6.13838e-06
6.14188e-06
6.14553e-06
6.14941e-06
6.15358e-06
6.15813e-06
6.16316e-06
6.16879e-06
6.175e-06
6.18245e-06
6.18919e-06
6.20306e-06
6.204e-06
6.23631e-06
6.10831e-06
6.10677e-06
6.10568e-06
6.10394e-06
6.10232e-06
6.10101e-06
6.10003e-06
6.09959e-06
6.09977e-06
6.10056e-06
6.10199e-06
6.104e-06
6.10657e-06
6.10961e-06
6.11307e-06
6.11687e-06
6.12097e-06
6.1253e-06
6.12984e-06
6.13456e-06
6.13962e-06
6.14501e-06
6.15066e-06
6.15648e-06
6.16249e-06
6.16888e-06
6.17595e-06
6.18402e-06
6.19327e-06
6.20406e-06
6.21664e-06
6.23145e-06
6.25385e-06
6.24113e-06
6.43254e-06
5.48622e-06
9.61077e-06
2.28443e-06
6.46286e-10
6.10849e-06
6.10667e-06
6.10568e-06
6.10741e-06
6.10793e-06
6.10794e-06
6.10774e-06
6.10723e-06
6.1064e-06
6.10541e-06
6.1045e-06
6.1038e-06
6.10346e-06
6.10354e-06
6.10412e-06
6.10518e-06
6.10674e-06
6.1087e-06
6.11104e-06
6.11367e-06
6.11653e-06
6.11956e-06
6.12273e-06
6.12605e-06
6.12948e-06
6.13303e-06
6.13671e-06
6.14055e-06
6.14458e-06
6.14886e-06
6.15347e-06
6.15847e-06
6.164e-06
6.17012e-06
6.17703e-06
6.1847e-06
6.19389e-06
6.20563e-06
6.2187e-06
6.108e-06
6.10826e-06
6.10814e-06
6.10709e-06
6.1059e-06
6.10473e-06
6.10356e-06
6.10265e-06
6.10212e-06
6.10201e-06
6.10241e-06
6.10335e-06
6.10484e-06
6.10684e-06
6.10937e-06
6.11235e-06
6.11576e-06
6.11956e-06
6.12372e-06
6.12818e-06
6.13307e-06
6.13845e-06
6.14424e-06
6.1503e-06
6.15652e-06
6.16298e-06
6.16989e-06
6.17755e-06
6.18624e-06
6.19618e-06
6.20802e-06
6.21997e-06
6.24351e-06
6.22911e-06
6.39691e-06
5.91196e-06
6.97545e-06
7.7262e-06
1.099e-07
6.10448e-06
6.10083e-06
6.09902e-06
6.10102e-06
6.10256e-06
6.10402e-06
6.10539e-06
6.10639e-06
6.10683e-06
6.10682e-06
6.10652e-06
6.10605e-06
6.1056e-06
6.10528e-06
6.10523e-06
6.10551e-06
6.10619e-06
6.10726e-06
6.10874e-06
6.11059e-06
6.11278e-06
6.11526e-06
6.11801e-06
6.12102e-06
6.12428e-06
6.12775e-06
6.13142e-06
6.1353e-06
6.13939e-06
6.14375e-06
6.14841e-06
6.15343e-06
6.15893e-06
6.16498e-06
6.17171e-06
6.17932e-06
6.18777e-06
6.19937e-06
6.21264e-06
6.1029e-06
6.10487e-06
6.10604e-06
6.10627e-06
6.10616e-06
6.10585e-06
6.10528e-06
6.10467e-06
6.10416e-06
6.10381e-06
6.10374e-06
6.10403e-06
6.10474e-06
6.10589e-06
6.10754e-06
6.10966e-06
6.11226e-06
6.11532e-06
6.11885e-06
6.12278e-06
6.1272e-06
6.13221e-06
6.13781e-06
6.14387e-06
6.15021e-06
6.15679e-06
6.16373e-06
6.17121e-06
6.17952e-06
6.18885e-06
6.20003e-06
6.21119e-06
6.2304e-06
6.2315e-06
6.30039e-06
6.25879e-06
5.96643e-06
8.97576e-06
1.82939e-06
6.09754e-06
6.0938e-06
6.0922e-06
6.09415e-06
6.09601e-06
6.09815e-06
6.10049e-06
6.10268e-06
6.10436e-06
6.10552e-06
6.10623e-06
6.10653e-06
6.10657e-06
6.10646e-06
6.10636e-06
6.10635e-06
6.10655e-06
6.10702e-06
6.10781e-06
6.10894e-06
6.11043e-06
6.11226e-06
6.11444e-06
6.11696e-06
6.11982e-06
6.12298e-06
6.12643e-06
6.13016e-06
6.13416e-06
6.13846e-06
6.14309e-06
6.14808e-06
6.15354e-06
6.15954e-06
6.16619e-06
6.17363e-06
6.18208e-06
6.19245e-06
6.20661e-06
6.09576e-06
6.09869e-06
6.10086e-06
6.1023e-06
6.10335e-06
6.10413e-06
6.10452e-06
6.10468e-06
6.10471e-06
6.10467e-06
6.10468e-06
6.10484e-06
6.10522e-06
6.1059e-06
6.10695e-06
6.10839e-06
6.11027e-06
6.1126e-06
6.11541e-06
6.11867e-06
6.12244e-06
6.12684e-06
6.13193e-06
6.13765e-06
6.14385e-06
6.15042e-06
6.1574e-06
6.16484e-06
6.17296e-06
6.18189e-06
6.19234e-06
6.20359e-06
6.21812e-06
6.23361e-06
6.24072e-06
6.36364e-06
5.88036e-06
7.83946e-06
4.78065e-06
6.09061e-06
6.08802e-06
6.08722e-06
6.0888e-06
6.09034e-06
6.09235e-06
6.09487e-06
6.09757e-06
6.10001e-06
6.10207e-06
6.10374e-06
6.10495e-06
6.10576e-06
6.10626e-06
6.10654e-06
6.1067e-06
6.10687e-06
6.10712e-06
6.10755e-06
6.10821e-06
6.10914e-06
6.11039e-06
6.11199e-06
6.11396e-06
6.1163e-06
6.11901e-06
6.12208e-06
6.12548e-06
6.12923e-06
6.13332e-06
6.13779e-06
6.14264e-06
6.14798e-06
6.15388e-06
6.16044e-06
6.16774e-06
6.17615e-06
6.18595e-06
6.19989e-06
6.08933e-06
6.09227e-06
6.0948e-06
6.09692e-06
6.09876e-06
6.10037e-06
6.10165e-06
6.10264e-06
6.10341e-06
6.10397e-06
6.10443e-06
6.10487e-06
6.10534e-06
6.10594e-06
6.10674e-06
6.10781e-06
6.1092e-06
6.11096e-06
6.11315e-06
6.11577e-06
6.11886e-06
6.12254e-06
6.12691e-06
6.13202e-06
6.13777e-06
6.1441e-06
6.15097e-06
6.15836e-06
6.16637e-06
6.1751e-06
6.18494e-06
6.19623e-06
6.20799e-06
6.22847e-06
6.22235e-06
6.3345e-06
6.06141e-06
6.81876e-06
6.3381e-06
6.08587e-06
6.08489e-06
6.08497e-06
6.08601e-06
6.08683e-06
6.08815e-06
6.09018e-06
6.09268e-06
6.09524e-06
6.09767e-06
6.09991e-06
6.10181e-06
6.10335e-06
6.10453e-06
6.1054e-06
6.10602e-06
6.10649e-06
6.10687e-06
6.10726e-06
6.10774e-06
6.10838e-06
6.10924e-06
6.11038e-06
6.11185e-06
6.1137e-06
6.11592e-06
6.11852e-06
6.1215e-06
6.12486e-06
6.12862e-06
6.13279e-06
6.13739e-06
6.1425e-06
6.1482e-06
6.15459e-06
6.16174e-06
6.17001e-06
6.17958e-06
6.19301e-06
6.08543e-06
6.08762e-06
6.08985e-06
6.09196e-06
6.09398e-06
6.09593e-06
6.09771e-06
6.09927e-06
6.10065e-06
6.10182e-06
6.10283e-06
6.10372e-06
6.10453e-06
6.10534e-06
6.10622e-06
6.10721e-06
6.10841e-06
6.10986e-06
6.11163e-06
6.11376e-06
6.1163e-06
6.11931e-06
6.12293e-06
6.12727e-06
6.13234e-06
6.13812e-06
6.14463e-06
6.15182e-06
6.15966e-06
6.16825e-06
6.17769e-06
6.18875e-06
6.19958e-06
6.21854e-06
6.22066e-06
6.28088e-06
6.20789e-06
6.36111e-06
6.61371e-06
6.08422e-06
6.08462e-06
6.08531e-06
6.08581e-06
6.08581e-06
6.08623e-06
6.0874e-06
6.0892e-06
6.09132e-06
6.09356e-06
6.09585e-06
6.09803e-06
6.09998e-06
6.10168e-06
6.10308e-06
6.10421e-06
6.10511e-06
6.10583e-06
6.10644e-06
6.107e-06
6.1076e-06
6.10831e-06
6.10919e-06
6.11034e-06
6.11179e-06
6.11359e-06
6.11574e-06
6.11826e-06
6.12119e-06
6.12453e-06
6.12831e-06
6.13256e-06
6.13733e-06
6.14271e-06
6.14883e-06
6.15575e-06
6.16381e-06
6.17317e-06
6.18614e-06
6.08456e-06
6.08565e-06
6.08714e-06
6.0887e-06
6.09037e-06
6.09214e-06
6.09391e-06
6.09564e-06
6.0973e-06
6.09883e-06
6.10025e-06
6.10156e-06
6.10276e-06
6.1039e-06
6.10503e-06
6.10618e-06
6.10741e-06
6.10879e-06
6.11038e-06
6.11222e-06
6.11439e-06
6.11691e-06
6.1199e-06
6.1235e-06
6.12779e-06
6.13286e-06
6.13876e-06
6.14549e-06
6.15301e-06
6.16135e-06
6.1705e-06
6.18112e-06
6.19192e-06
6.20764e-06
6.21917e-06
6.24439e-06
6.26385e-06
6.24248e-06
6.48415e-06
6.08529e-06
6.08643e-06
6.08732e-06
6.08744e-06
6.08681e-06
6.08642e-06
6.0867e-06
6.08764e-06
6.08901e-06
6.09066e-06
6.09257e-06
6.09457e-06
6.09655e-06
6.09841e-06
6.10012e-06
6.10161e-06
6.1029e-06
6.10399e-06
6.10491e-06
6.10572e-06
6.10646e-06
6.10721e-06
6.10804e-06
6.10903e-06
6.11025e-06
6.11174e-06
6.11353e-06
6.11566e-06
6.11816e-06
6.12106e-06
6.12442e-06
6.12823e-06
6.13259e-06
6.13757e-06
6.1433e-06
6.14988e-06
6.15763e-06
6.16672e-06
6.17928e-06
6.08605e-06
6.08614e-06
6.08681e-06
6.08757e-06
6.08858e-06
6.08981e-06
6.0912e-06
6.09269e-06
6.09426e-06
6.09584e-06
6.0974e-06
6.09892e-06
6.10039e-06
6.1018e-06
6.10318e-06
6.10455e-06
6.10595e-06
6.10741e-06
6.10899e-06
6.11074e-06
6.11272e-06
6.11495e-06
6.11752e-06
6.12055e-06
6.12415e-06
6.12846e-06
6.13363e-06
6.13971e-06
6.1467e-06
6.15462e-06
6.16342e-06
6.17351e-06
6.18438e-06
6.19761e-06
6.21349e-06
6.22606e-06
6.26438e-06
6.24261e-06
6.35501e-06
6.08782e-06
6.08896e-06
6.08966e-06
6.08969e-06
6.08879e-06
6.08793e-06
6.08758e-06
6.08776e-06
6.08836e-06
6.0893e-06
6.09058e-06
6.0921e-06
6.09375e-06
6.09547e-06
6.09716e-06
6.09877e-06
6.10026e-06
6.1016e-06
6.1028e-06
6.10386e-06
6.10482e-06
6.10572e-06
6.10663e-06
6.10762e-06
6.10876e-06
6.11009e-06
6.11165e-06
6.11348e-06
6.11563e-06
6.11816e-06
6.12109e-06
6.12448e-06
6.12839e-06
6.13291e-06
6.13818e-06
6.14431e-06
6.15164e-06
6.16032e-06
6.17241e-06
6.08851e-06
6.08801e-06
6.08808e-06
6.08814e-06
6.08849e-06
6.08911e-06
6.08994e-06
6.09096e-06
6.09217e-06
6.09351e-06
6.09493e-06
6.09642e-06
6.09793e-06
6.09946e-06
6.10099e-06
6.10252e-06
6.10407e-06
6.10566e-06
6.10732e-06
6.10909e-06
6.11101e-06
6.11313e-06
6.11548e-06
6.11813e-06
6.12121e-06
6.12488e-06
6.12932e-06
6.13467e-06
6.14098e-06
6.14832e-06
6.15666e-06
6.16617e-06
6.17687e-06
6.18871e-06
6.20491e-06
6.21659e-06
6.24707e-06
6.25644e-06
6.296e-06
6.0902e-06
6.09073e-06
6.0911e-06
6.09131e-06
6.09056e-06
6.08966e-06
6.08906e-06
6.08882e-06
6.08887e-06
6.08921e-06
6.08988e-06
6.09082e-06
6.09197e-06
6.0933e-06
6.09473e-06
6.0962e-06
6.09766e-06
6.09907e-06
6.1004e-06
6.10163e-06
6.10277e-06
6.10385e-06
6.10489e-06
6.10597e-06
6.10713e-06
6.10841e-06
6.10986e-06
6.11151e-06
6.11342e-06
6.11565e-06
6.11823e-06
6.12123e-06
6.12472e-06
6.12877e-06
6.13355e-06
6.13917e-06
6.14597e-06
6.15412e-06
6.16563e-06
6.09043e-06
6.08991e-06
6.08976e-06
6.08944e-06
6.08937e-06
6.08952e-06
6.08985e-06
6.0904e-06
6.09117e-06
6.09212e-06
6.09324e-06
6.09449e-06
6.09586e-06
6.0973e-06
6.09882e-06
6.10038e-06
6.10199e-06
6.10366e-06
6.1054e-06
6.10722e-06
6.10915e-06
6.11123e-06
6.11349e-06
6.11596e-06
6.11871e-06
6.12191e-06
6.12574e-06
6.13038e-06
6.13596e-06
6.14259e-06
6.15033e-06
6.15924e-06
6.16951e-06
6.18068e-06
6.19551e-06
6.20925e-06
6.23003e-06
6.25665e-06
6.27766e-06
6.09114e-06
6.09079e-06
6.09084e-06
6.09142e-06
6.09115e-06
6.09061e-06
6.09018e-06
6.08991e-06
6.08976e-06
6.08977e-06
6.09001e-06
6.09047e-06
6.09115e-06
6.09203e-06
6.09307e-06
6.09424e-06
6.09549e-06
6.09678e-06
6.09807e-06
6.09933e-06
6.10055e-06
6.10173e-06
6.10288e-06
6.10405e-06
6.10528e-06
6.10659e-06
6.10801e-06
6.10958e-06
6.11135e-06
6.11336e-06
6.11568e-06
6.11836e-06
6.12148e-06
6.12511e-06
6.12941e-06
6.1345e-06
6.14073e-06
6.14825e-06
6.15904e-06
6.09077e-06
6.0907e-06
6.09071e-06
6.09042e-06
6.09026e-06
6.09023e-06
6.09028e-06
6.09052e-06
6.09094e-06
6.09154e-06
6.09232e-06
6.09327e-06
6.09437e-06
6.09561e-06
6.09698e-06
6.09844e-06
6.1e-06
6.10165e-06
6.10338e-06
6.10522e-06
6.10715e-06
6.10923e-06
6.11146e-06
6.11384e-06
6.11642e-06
6.11931e-06
6.12269e-06
6.12674e-06
6.13162e-06
6.13752e-06
6.14455e-06
6.15279e-06
6.16244e-06
6.17319e-06
6.18649e-06
6.20149e-06
6.21736e-06
6.2463e-06
6.26987e-06
6.09014e-06
6.08906e-06
6.08893e-06
6.08985e-06
6.0902e-06
6.09023e-06
6.09024e-06
6.09027e-06
6.09026e-06
6.09027e-06
6.09036e-06
6.09057e-06
6.09093e-06
6.09144e-06
6.09212e-06
6.09295e-06
6.0939e-06
6.09495e-06
6.09607e-06
6.09722e-06
6.0984e-06
6.09957e-06
6.10076e-06
6.10198e-06
6.10326e-06
6.10461e-06
6.10604e-06
6.10758e-06
6.10927e-06
6.11115e-06
6.11329e-06
6.11573e-06
6.11855e-06
6.12182e-06
6.12569e-06
6.13028e-06
6.13593e-06
6.14279e-06
6.15275e-06
6.08936e-06
6.08994e-06
6.09035e-06
6.09036e-06
6.0904e-06
6.09046e-06
6.09053e-06
6.09068e-06
6.09095e-06
6.09134e-06
6.09189e-06
6.09258e-06
6.09343e-06
6.09443e-06
6.09558e-06
6.09686e-06
6.09828e-06
6.09981e-06
6.10147e-06
6.10324e-06
6.10513e-06
6.10716e-06
6.10935e-06
6.11169e-06
6.11417e-06
6.11689e-06
6.11998e-06
6.12358e-06
6.12788e-06
6.13307e-06
6.13935e-06
6.14686e-06
6.15578e-06
6.16605e-06
6.17816e-06
6.19313e-06
6.20772e-06
6.23289e-06
6.26033e-06
6.08768e-06
6.08629e-06
6.08609e-06
6.08717e-06
6.08798e-06
6.08855e-06
6.08908e-06
6.08956e-06
6.0899e-06
6.09015e-06
6.09036e-06
6.09058e-06
6.09083e-06
6.09116e-06
6.0916e-06
6.09215e-06
6.09283e-06
6.09362e-06
6.0945e-06
6.09547e-06
6.09651e-06
6.09759e-06
6.09872e-06
6.09992e-06
6.10119e-06
6.10254e-06
6.10397e-06
6.10549e-06
6.10714e-06
6.10895e-06
6.11096e-06
6.11323e-06
6.11582e-06
6.1188e-06
6.1223e-06
6.12645e-06
6.13156e-06
6.13775e-06
6.14682e-06
6.08682e-06
6.08794e-06
6.08876e-06
6.08917e-06
6.08953e-06
6.08986e-06
6.09012e-06
6.09039e-06
6.09071e-06
6.09108e-06
6.09154e-06
6.09211e-06
6.09279e-06
6.09361e-06
6.09456e-06
6.09565e-06
6.09689e-06
6.09826e-06
6.09978e-06
6.10143e-06
6.10322e-06
6.10516e-06
6.10727e-06
6.10953e-06
6.11194e-06
6.11455e-06
6.11745e-06
6.12075e-06
6.1246e-06
6.12919e-06
6.13476e-06
6.14149e-06
6.14961e-06
6.15924e-06
6.17046e-06
6.18461e-06
6.19922e-06
6.22052e-06
6.24797e-06
6.0848e-06
6.08359e-06
6.08339e-06
6.08434e-06
6.08529e-06
6.08614e-06
6.08703e-06
6.08791e-06
6.08863e-06
6.08922e-06
6.0897e-06
6.0901e-06
6.09045e-06
6.09079e-06
6.09115e-06
6.09157e-06
6.09206e-06
6.09264e-06
6.09332e-06
6.09409e-06
6.09494e-06
6.09587e-06
6.09688e-06
6.09799e-06
6.0992e-06
6.1005e-06
6.10189e-06
6.10338e-06
6.10498e-06
6.10673e-06
6.10865e-06
6.11079e-06
6.1132e-06
6.11596e-06
6.11918e-06
6.12296e-06
6.12758e-06
6.13315e-06
6.14131e-06
6.08418e-06
6.08551e-06
6.08656e-06
6.08728e-06
6.08791e-06
6.08851e-06
6.08902e-06
6.0895e-06
6.08998e-06
6.09046e-06
6.09097e-06
6.09153e-06
6.09217e-06
6.09289e-06
6.09373e-06
6.09468e-06
6.09576e-06
6.09697e-06
6.09833e-06
6.09984e-06
6.10149e-06
6.1033e-06
6.10527e-06
6.10742e-06
6.10973e-06
6.11224e-06
6.11501e-06
6.11811e-06
6.12164e-06
6.12577e-06
6.13071e-06
6.1367e-06
6.144e-06
6.15284e-06
6.16327e-06
6.17635e-06
6.19089e-06
6.20987e-06
6.23491e-06
6.08255e-06
6.08184e-06
6.08166e-06
6.08225e-06
6.08297e-06
6.08377e-06
6.08474e-06
6.0858e-06
6.08677e-06
6.08763e-06
6.0884e-06
6.08904e-06
6.08959e-06
6.09006e-06
6.09049e-06
6.09091e-06
6.09135e-06
6.09182e-06
6.09236e-06
6.09297e-06
6.09366e-06
6.09443e-06
6.0953e-06
6.09627e-06
6.09737e-06
6.09858e-06
6.09989e-06
6.10131e-06
6.10284e-06
6.10451e-06
6.10635e-06
6.10838e-06
6.11065e-06
6.11323e-06
6.11622e-06
6.1197e-06
6.12393e-06
6.12897e-06
6.13625e-06
6.08232e-06
6.08349e-06
6.08454e-06
6.08533e-06
6.08609e-06
6.08683e-06
6.08751e-06
6.08817e-06
6.08881e-06
6.08943e-06
6.09005e-06
6.0907e-06
6.09137e-06
6.0921e-06
6.09289e-06
6.09377e-06
6.09476e-06
6.09586e-06
6.09709e-06
6.09845e-06
6.09996e-06
6.10162e-06
6.10344e-06
6.10543e-06
6.1076e-06
6.10997e-06
6.11262e-06
6.11556e-06
6.11886e-06
6.12265e-06
6.12709e-06
6.13243e-06
6.13895e-06
6.14694e-06
6.15654e-06
6.16854e-06
6.18257e-06
6.20037e-06
6.22269e-06
6.08149e-06
6.0813e-06
6.08115e-06
6.08132e-06
6.08161e-06
6.08208e-06
6.08284e-06
6.08381e-06
6.08481e-06
6.08578e-06
6.08671e-06
6.08755e-06
6.08828e-06
6.08893e-06
6.0895e-06
6.09001e-06
6.09049e-06
6.09096e-06
6.09145e-06
6.09197e-06
6.09255e-06
6.0932e-06
6.09393e-06
6.09477e-06
6.09573e-06
6.09682e-06
6.09803e-06
6.09934e-06
6.10078e-06
6.10236e-06
6.1041e-06
6.10602e-06
6.10816e-06
6.11059e-06
6.11338e-06
6.11661e-06
6.12051e-06
6.12513e-06
6.13164e-06
6.08158e-06
6.08236e-06
6.08321e-06
6.08389e-06
6.0846e-06
6.08532e-06
6.08603e-06
6.08674e-06
6.08746e-06
6.08817e-06
6.08889e-06
6.08961e-06
6.09036e-06
6.09113e-06
6.09194e-06
6.09281e-06
6.09376e-06
6.09479e-06
6.09594e-06
6.09719e-06
6.09858e-06
6.1001e-06
6.10177e-06
6.1036e-06
6.10561e-06
6.10783e-06
6.11032e-06
6.1131e-06
6.11622e-06
6.11974e-06
6.1238e-06
6.12861e-06
6.13441e-06
6.14156e-06
6.15029e-06
6.16125e-06
6.17439e-06
6.19138e-06
6.21159e-06
6.08151e-06
6.08163e-06
6.08152e-06
6.0814e-06
6.08126e-06
6.08131e-06
6.08169e-06
6.08237e-06
6.08319e-06
6.08407e-06
6.08499e-06
6.08589e-06
6.08673e-06
6.08751e-06
6.08821e-06
6.08884e-06
6.08941e-06
6.08994e-06
6.09045e-06
6.09096e-06
6.09149e-06
6.09207e-06
6.0927e-06
6.09343e-06
6.09428e-06
6.09524e-06
6.09632e-06
6.09752e-06
6.09885e-06
6.10031e-06
6.10193e-06
6.10373e-06
6.10574e-06
6.10802e-06
6.11063e-06
6.11366e-06
6.11728e-06
6.12154e-06
6.1274e-06
6.08173e-06
6.08212e-06
6.0827e-06
6.08316e-06
6.08369e-06
6.08429e-06
6.0849e-06
6.08555e-06
6.08624e-06
6.08695e-06
6.08768e-06
6.08844e-06
6.08922e-06
6.09003e-06
6.09087e-06
6.09176e-06
6.0927e-06
6.09371e-06
6.09481e-06
6.096e-06
6.0973e-06
6.09871e-06
6.10025e-06
6.10194e-06
6.10378e-06
6.10584e-06
6.10816e-06
6.11077e-06
6.11371e-06
6.11702e-06
6.12078e-06
6.12515e-06
6.13036e-06
6.13674e-06
6.14457e-06
6.15449e-06
6.16656e-06
6.18265e-06
6.20129e-06
6.08206e-06
6.08219e-06
6.08212e-06
6.08194e-06
6.08156e-06
6.08127e-06
6.08128e-06
6.08161e-06
6.08212e-06
6.08278e-06
6.08355e-06
6.08436e-06
6.08519e-06
6.086e-06
6.08676e-06
6.08748e-06
6.08813e-06
6.08874e-06
6.08931e-06
6.08985e-06
6.09039e-06
6.09094e-06
6.09152e-06
6.09218e-06
6.09294e-06
6.09381e-06
6.09477e-06
6.09585e-06
6.09706e-06
6.0984e-06
6.09989e-06
6.10156e-06
6.10343e-06
6.10555e-06
6.10799e-06
6.11081e-06
6.11418e-06
6.11815e-06
6.12346e-06
6.08222e-06
6.08239e-06
6.08274e-06
6.08299e-06
6.08334e-06
6.08376e-06
6.08423e-06
6.08475e-06
6.08533e-06
6.08596e-06
6.08664e-06
6.08736e-06
6.08812e-06
6.08892e-06
6.08976e-06
6.09065e-06
6.09159e-06
6.09259e-06
6.09365e-06
6.0948e-06
6.09604e-06
6.09738e-06
6.09882e-06
6.10039e-06
6.10209e-06
6.10399e-06
6.10614e-06
6.10858e-06
6.11134e-06
6.11445e-06
6.11797e-06
6.122e-06
6.12673e-06
6.13244e-06
6.13942e-06
6.14833e-06
6.15925e-06
6.17423e-06
6.19151e-06
6.08252e-06
6.08241e-06
6.08239e-06
6.08231e-06
6.08194e-06
6.08153e-06
6.08131e-06
6.08135e-06
6.08158e-06
6.08196e-06
6.0825e-06
6.08315e-06
6.08385e-06
6.0846e-06
6.08534e-06
6.08606e-06
6.08676e-06
6.08742e-06
6.08804e-06
6.08862e-06
6.08919e-06
6.08975e-06
6.09033e-06
6.09096e-06
6.09166e-06
6.09245e-06
6.09333e-06
6.09431e-06
6.0954e-06
6.09662e-06
6.09799e-06
6.09952e-06
6.10124e-06
6.1032e-06
6.10546e-06
6.10809e-06
6.11121e-06
6.11491e-06
6.11975e-06
6.08253e-06
6.08268e-06
6.08293e-06
6.08305e-06
6.08328e-06
6.08358e-06
6.08391e-06
6.0843e-06
6.08476e-06
6.08527e-06
6.08585e-06
6.08649e-06
6.08718e-06
6.08793e-06
6.08873e-06
6.08958e-06
6.09049e-06
6.09146e-06
6.0925e-06
6.09361e-06
6.0948e-06
6.09607e-06
6.09744e-06
6.09892e-06
6.1005e-06
6.10226e-06
6.10425e-06
6.10652e-06
6.10909e-06
6.112e-06
6.11531e-06
6.11907e-06
6.12342e-06
6.12858e-06
6.13483e-06
6.14278e-06
6.15255e-06
6.16627e-06
6.18217e-06
6.08248e-06
6.08208e-06
6.08205e-06
6.08216e-06
6.08196e-06
6.08162e-06
6.08137e-06
6.08127e-06
6.08131e-06
6.08149e-06
6.08182e-06
6.08227e-06
6.08281e-06
6.08342e-06
6.08407e-06
6.08474e-06
6.08542e-06
6.08608e-06
6.08671e-06
6.08733e-06
6.08792e-06
6.08851e-06
6.08909e-06
6.08971e-06
6.09039e-06
6.09114e-06
6.09195e-06
6.09285e-06
6.09385e-06
6.09496e-06
6.09621e-06
6.09761e-06
6.09919e-06
6.10099e-06
6.10307e-06
6.10549e-06
6.10838e-06
6.11183e-06
6.11625e-06
6.08237e-06
6.08265e-06
6.08293e-06
6.08304e-06
6.08323e-06
6.08348e-06
6.08373e-06
6.08404e-06
6.08441e-06
6.08483e-06
6.08531e-06
6.08585e-06
6.08646e-06
6.08712e-06
6.08785e-06
6.08863e-06
6.08949e-06
6.0904e-06
6.09139e-06
6.09245e-06
6.09359e-06
6.0948e-06
6.0961e-06
6.0975e-06
6.09899e-06
6.10063e-06
6.10248e-06
6.10458e-06
6.10697e-06
6.10969e-06
6.11278e-06
6.1163e-06
6.12035e-06
6.12508e-06
6.13071e-06
6.13781e-06
6.14651e-06
6.15891e-06
6.17334e-06
6.08193e-06
6.08133e-06
6.08124e-06
6.08147e-06
6.08148e-06
6.08131e-06
6.08116e-06
6.08108e-06
6.08106e-06
6.08114e-06
6.08133e-06
6.08163e-06
6.08201e-06
6.08248e-06
6.08301e-06
6.08359e-06
6.08419e-06
6.0848e-06
6.08542e-06
6.08603e-06
6.08663e-06
6.08722e-06
6.08782e-06
6.08844e-06
6.08911e-06
6.08983e-06
6.0906e-06
6.09144e-06
6.09237e-06
6.09339e-06
6.09454e-06
6.09582e-06
6.09726e-06
6.09891e-06
6.10081e-06
6.10304e-06
6.1057e-06
6.10888e-06
6.11293e-06
6.08178e-06
6.08223e-06
6.08261e-06
6.08279e-06
6.08301e-06
6.08327e-06
6.08352e-06
6.08381e-06
6.08414e-06
6.08451e-06
6.08493e-06
6.0854e-06
6.08592e-06
6.0865e-06
6.08714e-06
6.08785e-06
6.08862e-06
6.08946e-06
6.09038e-06
6.09137e-06
6.09244e-06
6.09358e-06
6.09481e-06
6.09613e-06
6.09753e-06
6.09908e-06
6.10081e-06
6.10276e-06
6.10497e-06
6.1075e-06
6.11038e-06
6.11367e-06
6.11744e-06
6.12182e-06
6.12697e-06
6.13335e-06
6.14108e-06
6.15222e-06
6.16515e-06
6.0811e-06
6.08047e-06
6.08029e-06
6.08051e-06
6.08062e-06
6.08061e-06
6.08059e-06
6.08061e-06
6.08064e-06
6.08071e-06
6.08085e-06
6.08107e-06
6.08136e-06
6.08171e-06
6.08213e-06
6.0826e-06
6.08311e-06
6.08365e-06
6.08421e-06
6.08478e-06
6.08536e-06
6.08594e-06
6.08653e-06
6.08715e-06
6.08781e-06
6.08851e-06
6.08926e-06
6.09006e-06
6.09094e-06
6.09189e-06
6.09295e-06
6.09413e-06
6.09546e-06
6.09696e-06
6.0987e-06
6.10074e-06
6.10317e-06
6.1061e-06
6.10979e-06
6.08102e-06
6.08159e-06
6.08206e-06
6.08233e-06
6.08261e-06
6.0829e-06
6.08319e-06
6.0835e-06
6.08384e-06
6.0842e-06
6.0846e-06
6.08503e-06
6.0855e-06
6.08602e-06
6.08659e-06
6.08721e-06
6.0879e-06
6.08866e-06
6.08949e-06
6.0904e-06
6.09138e-06
6.09245e-06
6.09359e-06
6.09482e-06
6.09614e-06
6.09759e-06
6.09921e-06
6.10103e-06
6.10309e-06
6.10543e-06
6.10811e-06
6.11117e-06
6.11469e-06
6.11876e-06
6.1235e-06
6.12929e-06
6.1362e-06
6.14617e-06
6.15765e-06
6.08036e-06
6.07985e-06
6.07956e-06
6.07965e-06
6.07971e-06
6.07973e-06
6.07979e-06
6.07989e-06
6.07999e-06
6.08011e-06
6.08027e-06
6.08048e-06
6.08072e-06
6.08102e-06
6.08136e-06
6.08174e-06
6.08217e-06
6.08263e-06
6.08312e-06
6.08364e-06
6.08417e-06
6.08471e-06
6.08528e-06
6.08587e-06
6.08652e-06
6.0872e-06
6.08793e-06
6.0887e-06
6.08953e-06
6.09044e-06
6.09143e-06
6.09252e-06
6.09375e-06
6.09513e-06
6.09673e-06
6.09859e-06
6.1008e-06
6.10349e-06
6.10683e-06
6.08041e-06
6.081e-06
6.08152e-06
6.08183e-06
6.08215e-06
6.08248e-06
6.08279e-06
6.08313e-06
6.0835e-06
6.08387e-06
6.08427e-06
6.08469e-06
6.08513e-06
6.08561e-06
6.08613e-06
6.08669e-06
6.08731e-06
6.08799e-06
6.08873e-06
6.08955e-06
6.09045e-06
6.09142e-06
6.09247e-06
6.0936e-06
6.09483e-06
6.09617e-06
6.09769e-06
6.09939e-06
6.10131e-06
6.10348e-06
6.10596e-06
6.10881e-06
6.11208e-06
6.11586e-06
6.12025e-06
6.12556e-06
6.13176e-06
6.1407e-06
6.15083e-06
6.07996e-06
6.07963e-06
6.07926e-06
6.07914e-06
6.07903e-06
6.07895e-06
6.07896e-06
6.07907e-06
6.07921e-06
6.07937e-06
6.07957e-06
6.07979e-06
6.08004e-06
6.08032e-06
6.08062e-06
6.08096e-06
6.08132e-06
6.08172e-06
6.08214e-06
6.08259e-06
6.08307e-06
6.08357e-06
6.08409e-06
6.08465e-06
6.08526e-06
6.08592e-06
6.08662e-06
6.08736e-06
6.08816e-06
6.08902e-06
6.08995e-06
6.09098e-06
6.09212e-06
6.0934e-06
6.09486e-06
6.09657e-06
6.09859e-06
6.10105e-06
6.10406e-06
6.08016e-06
6.08068e-06
6.08117e-06
6.08148e-06
6.0818e-06
6.08213e-06
6.08246e-06
6.08281e-06
6.08318e-06
6.08356e-06
6.08395e-06
6.08436e-06
6.08479e-06
6.08524e-06
6.08572e-06
6.08624e-06
6.0868e-06
6.08741e-06
6.08808e-06
6.08882e-06
6.08963e-06
6.09051e-06
6.09146e-06
6.09249e-06
6.09361e-06
6.09485e-06
6.09625e-06
6.09783e-06
6.09961e-06
6.10163e-06
6.10393e-06
6.10656e-06
6.1096e-06
6.11311e-06
6.11718e-06
6.12208e-06
6.12771e-06
6.13574e-06
6.14464e-06
6.07997e-06
6.07979e-06
6.07938e-06
6.07905e-06
6.07871e-06
6.07844e-06
6.07832e-06
6.07835e-06
6.07844e-06
6.07859e-06
6.0788e-06
6.07904e-06
6.0793e-06
6.07958e-06
6.07987e-06
6.08018e-06
6.08052e-06
6.08087e-06
6.08124e-06
6.08164e-06
6.08206e-06
6.08251e-06
6.08298e-06
6.0835e-06
6.08407e-06
6.08469e-06
6.08535e-06
6.08606e-06
6.08682e-06
6.08763e-06
6.08852e-06
6.08949e-06
6.09055e-06
6.09175e-06
6.0931e-06
6.09468e-06
6.09652e-06
6.09878e-06
6.10148e-06
6.08029e-06
6.08069e-06
6.08112e-06
6.08138e-06
6.08166e-06
6.08197e-06
6.08229e-06
6.08262e-06
6.08298e-06
6.08333e-06
6.08371e-06
6.08409e-06
6.0845e-06
6.08492e-06
6.08536e-06
6.08584e-06
6.08635e-06
6.08691e-06
6.08752e-06
6.08818e-06
6.08891e-06
6.0897e-06
6.09056e-06
6.09149e-06
6.0925e-06
6.09362e-06
6.0949e-06
6.09636e-06
6.09801e-06
6.09988e-06
6.10201e-06
6.10444e-06
6.10725e-06
6.1105e-06
6.11427e-06
6.11881e-06
6.12396e-06
6.13123e-06
6.13905e-06
6.08029e-06
6.08015e-06
6.07973e-06
6.07926e-06
6.07873e-06
6.07825e-06
6.07795e-06
6.07783e-06
6.07782e-06
6.0779e-06
6.07806e-06
6.07828e-06
6.07853e-06
6.07881e-06
6.0791e-06
6.0794e-06
6.07972e-06
6.08005e-06
6.08039e-06
6.08074e-06
6.08112e-06
6.08152e-06
6.08195e-06
6.08242e-06
6.08295e-06
6.08352e-06
6.08414e-06
6.08481e-06
6.08553e-06
6.0863e-06
6.08714e-06
6.08805e-06
6.08905e-06
6.09017e-06
6.09142e-06
6.09288e-06
6.09457e-06
6.09665e-06
6.09908e-06
6.08066e-06
6.08097e-06
6.08132e-06
6.08152e-06
6.08176e-06
6.08205e-06
6.08234e-06
6.08264e-06
6.08295e-06
6.08326e-06
6.08359e-06
6.08393e-06
6.08429e-06
6.08467e-06
6.08507e-06
6.0855e-06
6.08597e-06
6.08648e-06
6.08703e-06
6.08763e-06
6.08828e-06
6.08899e-06
6.08976e-06
6.09059e-06
6.0915e-06
6.09251e-06
6.09367e-06
6.09499e-06
6.0965e-06
6.09823e-06
6.10019e-06
6.10244e-06
6.10503e-06
6.10803e-06
6.11152e-06
6.11571e-06
6.12045e-06
6.12708e-06
6.13398e-06
6.08072e-06
6.08057e-06
6.08014e-06
6.07958e-06
6.07893e-06
6.0783e-06
6.07782e-06
6.07754e-06
6.07739e-06
6.07736e-06
6.07743e-06
6.07759e-06
6.0778e-06
6.07805e-06
6.07833e-06
6.07862e-06
6.07892e-06
6.07923e-06
6.07956e-06
6.07989e-06
6.08024e-06
6.0806e-06
6.08099e-06
6.08142e-06
6.0819e-06
6.08243e-06
6.083e-06
6.08363e-06
6.0843e-06
6.08502e-06
6.08581e-06
6.08667e-06
6.08761e-06
6.08865e-06
6.08982e-06
6.09118e-06
6.09273e-06
6.09465e-06
6.09684e-06
6.08113e-06
6.08139e-06
6.08168e-06
6.08183e-06
6.08206e-06
6.08233e-06
6.08259e-06
6.08286e-06
6.08312e-06
6.08337e-06
6.08364e-06
6.08392e-06
6.08422e-06
6.08454e-06
6.08489e-06
6.08526e-06
6.08568e-06
6.08613e-06
6.08662e-06
6.08715e-06
6.08774e-06
6.08838e-06
6.08906e-06
6.08981e-06
6.09061e-06
6.09152e-06
6.09255e-06
6.09374e-06
6.09511e-06
6.09668e-06
6.09848e-06
6.10055e-06
6.10293e-06
6.10569e-06
6.1089e-06
6.11278e-06
6.11714e-06
6.12323e-06
6.12936e-06
6.08114e-06
6.08096e-06
6.0805e-06
6.07989e-06
6.07917e-06
6.07845e-06
6.07786e-06
6.07743e-06
6.07715e-06
6.07698e-06
6.07694e-06
6.07701e-06
6.07715e-06
6.07735e-06
6.07759e-06
6.07785e-06
6.07814e-06
6.07843e-06
6.07874e-06
6.07905e-06
6.07937e-06
6.07971e-06
6.08007e-06
6.08047e-06
6.08091e-06
6.0814e-06
6.08193e-06
6.0825e-06
6.08313e-06
6.08381e-06
6.08454e-06
6.08535e-06
6.08623e-06
6.0872e-06
6.0883e-06
6.08955e-06
6.09099e-06
6.09277e-06
6.09475e-06
6.08159e-06
6.08184e-06
6.08209e-06
6.08225e-06
6.08249e-06
6.08276e-06
6.083e-06
6.08322e-06
6.08344e-06
6.08364e-06
6.08385e-06
6.08407e-06
6.0843e-06
6.08456e-06
6.08484e-06
6.08515e-06
6.0855e-06
6.08588e-06
6.08631e-06
6.08677e-06
6.08729e-06
6.08785e-06
6.08846e-06
6.08912e-06
6.08983e-06
6.09063e-06
6.09155e-06
6.09262e-06
6.09384e-06
6.09526e-06
6.0969e-06
6.09878e-06
6.10096e-06
6.10349e-06
6.10643e-06
6.11e-06
6.11402e-06
6.11962e-06
6.12513e-06
6.08154e-06
6.08136e-06
6.08084e-06
6.08014e-06
6.07937e-06
6.07862e-06
6.07797e-06
6.07744e-06
6.07703e-06
6.07674e-06
6.07658e-06
6.07654e-06
6.0766e-06
6.07672e-06
6.07691e-06
6.07713e-06
6.07738e-06
6.07765e-06
6.07793e-06
6.07822e-06
6.07853e-06
6.07885e-06
6.07918e-06
6.07955e-06
6.07996e-06
6.08041e-06
6.08091e-06
6.08144e-06
6.08202e-06
6.08265e-06
6.08334e-06
6.08409e-06
6.08491e-06
6.08582e-06
6.08684e-06
6.08801e-06
6.08934e-06
6.09099e-06
6.09279e-06
6.08206e-06
6.0823e-06
6.08254e-06
6.08275e-06
6.08302e-06
6.08329e-06
6.0835e-06
6.0837e-06
6.08388e-06
6.08404e-06
6.08421e-06
6.08437e-06
6.08454e-06
6.08473e-06
6.08495e-06
6.08519e-06
6.08546e-06
6.08577e-06
6.08612e-06
6.08651e-06
6.08695e-06
6.08743e-06
6.08796e-06
6.08854e-06
6.08916e-06
6.08986e-06
6.09067e-06
6.09161e-06
6.0927e-06
6.09397e-06
6.09544e-06
6.09714e-06
6.09912e-06
6.10143e-06
6.10412e-06
6.10737e-06
6.11106e-06
6.11622e-06
6.1212e-06
6.08197e-06
6.08181e-06
6.08123e-06
6.08039e-06
6.07956e-06
6.07879e-06
6.07809e-06
6.07749e-06
6.07698e-06
6.07658e-06
6.07631e-06
6.07617e-06
6.07614e-06
6.07618e-06
6.0763e-06
6.07646e-06
6.07667e-06
6.0769e-06
6.07715e-06
6.07742e-06
6.0777e-06
6.078e-06
6.07831e-06
6.07865e-06
6.07904e-06
6.07946e-06
6.07992e-06
6.08042e-06
6.08096e-06
6.08154e-06
6.08218e-06
6.08288e-06
6.08365e-06
6.0845e-06
6.08545e-06
6.08654e-06
6.08777e-06
6.0893e-06
6.09095e-06
6.08257e-06
6.08278e-06
6.08304e-06
6.08333e-06
6.08362e-06
6.08388e-06
6.08408e-06
6.08427e-06
6.08443e-06
6.08456e-06
6.08468e-06
6.0848e-06
6.08492e-06
6.08505e-06
6.0852e-06
6.08537e-06
6.08556e-06
6.0858e-06
6.08606e-06
6.08638e-06
6.08673e-06
6.08713e-06
6.08758e-06
6.08806e-06
6.08859e-06
6.0892e-06
6.0899e-06
6.09073e-06
6.09168e-06
6.0928e-06
6.09411e-06
6.09563e-06
6.09741e-06
6.0995e-06
6.10194e-06
6.10491e-06
6.10827e-06
6.11301e-06
6.11754e-06
6.08247e-06
6.08232e-06
6.08168e-06
6.08068e-06
6.07979e-06
6.07898e-06
6.07824e-06
6.07755e-06
6.07695e-06
6.07646e-06
6.0761e-06
6.07587e-06
6.07575e-06
6.07572e-06
6.07576e-06
6.07587e-06
6.07602e-06
6.0762e-06
6.07641e-06
6.07664e-06
6.0769e-06
6.07717e-06
6.07746e-06
6.07777e-06
6.07813e-06
6.07852e-06
6.07895e-06
6.07942e-06
6.07992e-06
6.08047e-06
6.08107e-06
6.08172e-06
6.08244e-06
6.08323e-06
6.08411e-06
6.08512e-06
6.08626e-06
6.08769e-06
6.0892e-06
6.08311e-06
6.08331e-06
6.08361e-06
6.08399e-06
6.08427e-06
6.08453e-06
6.08474e-06
6.08492e-06
6.08506e-06
6.08516e-06
6.08525e-06
6.08533e-06
6.08541e-06
6.08548e-06
6.08557e-06
6.08567e-06
6.0858e-06
6.08595e-06
6.08614e-06
6.08637e-06
6.08664e-06
6.08695e-06
6.08731e-06
6.0877e-06
6.08814e-06
6.08865e-06
6.08925e-06
6.08996e-06
6.09079e-06
6.09177e-06
6.09291e-06
6.09426e-06
6.09585e-06
6.09772e-06
6.09992e-06
6.10261e-06
6.10565e-06
6.10998e-06
6.1141e-06
6.08299e-06
6.08281e-06
6.08213e-06
6.08106e-06
6.08009e-06
6.07922e-06
6.0784e-06
6.07763e-06
6.07694e-06
6.07635e-06
6.0759e-06
6.07559e-06
6.0754e-06
6.0753e-06
6.07529e-06
6.07533e-06
6.07542e-06
6.07555e-06
6.07572e-06
6.07591e-06
6.07613e-06
6.07636e-06
6.07662e-06
6.07691e-06
6.07724e-06
6.0776e-06
6.078e-06
6.07844e-06
6.07891e-06
6.07942e-06
6.07998e-06
6.08059e-06
6.08126e-06
6.08199e-06
6.08281e-06
6.08375e-06
6.08481e-06
6.08614e-06
6.08752e-06
6.08362e-06
6.08386e-06
6.0842e-06
6.08461e-06
6.08492e-06
6.08521e-06
6.08545e-06
6.08563e-06
6.08575e-06
6.08584e-06
6.0859e-06
6.08594e-06
6.08597e-06
6.08601e-06
6.08604e-06
6.08608e-06
6.08615e-06
6.08623e-06
6.08634e-06
6.08649e-06
6.08667e-06
6.0869e-06
6.08716e-06
6.08746e-06
6.08781e-06
6.08822e-06
6.08871e-06
6.08931e-06
6.09002e-06
6.09086e-06
6.09185e-06
6.09303e-06
6.09443e-06
6.09609e-06
6.09806e-06
6.10047e-06
6.10321e-06
6.10714e-06
6.11088e-06
6.08347e-06
6.08324e-06
6.08255e-06
6.08146e-06
6.08045e-06
6.07952e-06
6.0786e-06
6.07772e-06
6.07692e-06
6.07624e-06
6.07571e-06
6.07532e-06
6.07507e-06
6.07491e-06
6.07484e-06
6.07483e-06
6.07487e-06
6.07496e-06
6.07507e-06
6.07522e-06
6.0754e-06
6.07559e-06
6.07582e-06
6.07607e-06
6.07637e-06
6.0767e-06
6.07707e-06
6.07747e-06
6.07791e-06
6.07839e-06
6.07891e-06
6.07948e-06
6.0801e-06
6.08079e-06
6.08155e-06
6.08242e-06
6.0834e-06
6.08464e-06
6.08591e-06
6.08409e-06
6.08436e-06
6.08473e-06
6.08517e-06
6.08552e-06
6.08584e-06
6.08612e-06
6.08633e-06
6.08648e-06
6.08657e-06
6.0866e-06
6.08662e-06
6.08661e-06
6.0866e-06
6.08659e-06
6.08658e-06
6.08658e-06
6.08661e-06
6.08665e-06
6.08672e-06
6.08683e-06
6.08697e-06
6.08715e-06
6.08735e-06
6.0876e-06
6.08791e-06
6.08829e-06
6.08878e-06
6.08937e-06
6.09007e-06
6.09092e-06
6.09194e-06
6.09315e-06
6.09461e-06
6.09635e-06
6.0985e-06
6.10095e-06
6.10449e-06
6.10786e-06
6.08389e-06
6.08363e-06
6.08291e-06
6.08182e-06
6.0808e-06
6.07984e-06
6.07882e-06
6.07782e-06
6.0769e-06
6.07612e-06
6.07551e-06
6.07506e-06
6.07474e-06
6.07454e-06
6.07441e-06
6.07436e-06
6.07435e-06
6.07439e-06
6.07447e-06
6.07457e-06
6.0747e-06
6.07486e-06
6.07504e-06
6.07526e-06
6.07552e-06
6.07582e-06
6.07615e-06
6.07652e-06
6.07693e-06
6.07737e-06
6.07786e-06
6.07839e-06
6.07897e-06
6.07961e-06
6.08032e-06
6.08113e-06
6.08203e-06
6.08318e-06
6.08435e-06
6.0845e-06
6.0848e-06
6.08521e-06
6.08568e-06
6.08606e-06
6.08641e-06
6.08672e-06
6.08696e-06
6.08713e-06
6.08726e-06
6.08732e-06
6.08732e-06
6.08729e-06
6.08725e-06
6.08719e-06
6.08714e-06
6.0871e-06
6.08707e-06
6.08705e-06
6.08705e-06
6.08709e-06
6.08715e-06
6.08724e-06
6.08736e-06
6.08751e-06
6.08772e-06
6.088e-06
6.08837e-06
6.08884e-06
6.08942e-06
6.09013e-06
6.09099e-06
6.09202e-06
6.09328e-06
6.0948e-06
6.09669e-06
6.09887e-06
6.10203e-06
6.10505e-06
6.08425e-06
6.08396e-06
6.08323e-06
6.08211e-06
6.0811e-06
6.08012e-06
6.07905e-06
6.07791e-06
6.07687e-06
6.07599e-06
6.0753e-06
6.07479e-06
6.07442e-06
6.07416e-06
6.074e-06
6.0739e-06
6.07386e-06
6.07385e-06
6.07389e-06
6.07395e-06
6.07404e-06
6.07416e-06
6.07431e-06
6.07449e-06
6.07471e-06
6.07497e-06
6.07527e-06
6.0756e-06
6.07597e-06
6.07638e-06
6.07683e-06
6.07733e-06
6.07787e-06
6.07846e-06
6.07912e-06
6.07987e-06
6.08071e-06
6.08178e-06
6.08284e-06
6.08484e-06
6.08518e-06
6.08562e-06
6.08612e-06
6.08654e-06
6.08692e-06
6.08726e-06
6.08751e-06
6.08771e-06
6.08786e-06
6.08794e-06
6.08799e-06
6.08798e-06
6.08793e-06
6.08785e-06
6.08776e-06
6.08768e-06
6.0876e-06
6.08753e-06
6.08747e-06
6.08744e-06
6.08743e-06
6.08745e-06
6.08748e-06
6.08755e-06
6.08766e-06
6.08784e-06
6.08809e-06
6.08844e-06
6.08889e-06
6.08946e-06
6.09017e-06
6.09104e-06
6.09211e-06
6.09341e-06
6.09506e-06
6.09696e-06
6.09976e-06
6.10244e-06
6.08456e-06
6.08424e-06
6.08348e-06
6.08236e-06
6.08134e-06
6.08034e-06
6.07922e-06
6.07798e-06
6.07683e-06
6.07585e-06
6.07509e-06
6.07452e-06
6.0741e-06
6.0738e-06
6.07359e-06
6.07346e-06
6.07337e-06
6.07333e-06
6.07333e-06
6.07336e-06
6.07342e-06
6.0735e-06
6.07361e-06
6.07375e-06
6.07394e-06
6.07417e-06
6.07443e-06
6.07473e-06
6.07507e-06
6.07545e-06
6.07586e-06
6.07632e-06
6.07682e-06
6.07737e-06
6.07798e-06
6.07868e-06
6.07945e-06
6.08044e-06
6.08141e-06
6.08513e-06
6.0855e-06
6.08597e-06
6.0865e-06
6.08695e-06
6.08736e-06
6.08771e-06
6.08799e-06
6.08821e-06
6.08837e-06
6.08848e-06
6.08855e-06
6.08857e-06
6.08856e-06
6.08851e-06
6.08842e-06
6.0883e-06
6.08818e-06
6.08807e-06
6.08796e-06
6.08787e-06
6.0878e-06
6.08775e-06
6.08771e-06
6.08769e-06
6.08771e-06
6.08779e-06
6.08794e-06
6.08817e-06
6.0885e-06
6.08893e-06
6.08949e-06
6.0902e-06
6.09109e-06
6.09218e-06
6.09359e-06
6.09523e-06
6.09769e-06
6.10004e-06
6.08482e-06
6.08447e-06
6.08368e-06
6.08255e-06
6.08153e-06
6.08051e-06
6.07932e-06
6.07801e-06
6.07674e-06
6.07569e-06
6.07486e-06
6.07424e-06
6.07378e-06
6.07345e-06
6.0732e-06
6.07303e-06
6.07291e-06
6.07284e-06
6.07281e-06
6.07281e-06
6.07283e-06
6.07288e-06
6.07296e-06
6.07308e-06
6.07324e-06
6.07344e-06
6.07367e-06
6.07395e-06
6.07426e-06
6.0746e-06
6.07499e-06
6.07541e-06
6.07588e-06
6.07639e-06
6.07695e-06
6.0776e-06
6.07831e-06
6.07922e-06
6.0801e-06
6.08537e-06
6.08576e-06
6.08626e-06
6.08682e-06
6.08729e-06
6.08771e-06
6.08809e-06
6.08838e-06
6.08862e-06
6.0888e-06
6.08893e-06
6.08901e-06
6.08906e-06
6.08908e-06
6.08906e-06
6.08901e-06
6.08894e-06
6.08881e-06
6.08866e-06
6.08852e-06
6.08838e-06
6.08825e-06
6.08813e-06
6.08803e-06
6.08794e-06
6.08788e-06
6.08787e-06
6.08792e-06
6.08803e-06
6.08823e-06
6.08853e-06
6.08895e-06
6.0895e-06
6.09021e-06
6.09111e-06
6.0923e-06
6.09369e-06
6.09582e-06
6.09786e-06
6.08503e-06
6.08464e-06
6.08382e-06
6.08268e-06
6.08166e-06
6.0806e-06
6.07933e-06
6.07795e-06
6.07661e-06
6.07548e-06
6.07461e-06
6.07396e-06
6.07347e-06
6.0731e-06
6.07283e-06
6.07263e-06
6.07249e-06
6.07239e-06
6.07233e-06
6.0723e-06
6.0723e-06
6.07233e-06
6.07239e-06
6.07249e-06
6.07263e-06
6.07281e-06
6.07302e-06
6.07328e-06
6.07357e-06
6.0739e-06
6.07426e-06
6.07466e-06
6.07509e-06
6.07557e-06
6.07609e-06
6.07669e-06
6.07734e-06
6.07818e-06
6.07897e-06
6.08556e-06
6.08598e-06
6.0865e-06
6.08708e-06
6.08756e-06
6.088e-06
6.08838e-06
6.08868e-06
6.08893e-06
6.08912e-06
6.08927e-06
6.08937e-06
6.08945e-06
6.08949e-06
6.0895e-06
6.08948e-06
6.08944e-06
6.08937e-06
6.08928e-06
6.08913e-06
6.08895e-06
6.08878e-06
6.08861e-06
6.08844e-06
6.08828e-06
6.08815e-06
6.08806e-06
6.08801e-06
6.08802e-06
6.0881e-06
6.08828e-06
6.08855e-06
6.08895e-06
6.08949e-06
6.09021e-06
6.09117e-06
6.09233e-06
6.09414e-06
6.09588e-06
6.08518e-06
6.08474e-06
6.08389e-06
6.08273e-06
6.08171e-06
6.08061e-06
6.07925e-06
6.07779e-06
6.0764e-06
6.07522e-06
6.07432e-06
6.07365e-06
6.07314e-06
6.07276e-06
6.07247e-06
6.07225e-06
6.07209e-06
6.07198e-06
6.0719e-06
6.07186e-06
6.07185e-06
6.07187e-06
6.07192e-06
6.07201e-06
6.07214e-06
6.07232e-06
6.07254e-06
6.07279e-06
6.07307e-06
6.07339e-06
6.07374e-06
6.07412e-06
6.07454e-06
6.07499e-06
6.07548e-06
6.07604e-06
6.07664e-06
6.07741e-06
6.07811e-06
6.08568e-06
6.08613e-06
6.08668e-06
6.08727e-06
6.08776e-06
6.0882e-06
6.08859e-06
6.08889e-06
6.08915e-06
6.08935e-06
6.0895e-06
6.08962e-06
6.08971e-06
6.08978e-06
6.08982e-06
6.08983e-06
6.08983e-06
6.08979e-06
6.08974e-06
6.08966e-06
6.08955e-06
6.08939e-06
6.0892e-06
6.08897e-06
6.08874e-06
6.08854e-06
6.08836e-06
6.08823e-06
6.08814e-06
6.08811e-06
6.08816e-06
6.0883e-06
6.08854e-06
6.08893e-06
6.08946e-06
6.09022e-06
6.09115e-06
6.09267e-06
6.09412e-06
6.08525e-06
6.08476e-06
6.08387e-06
6.0827e-06
6.08168e-06
6.08052e-06
6.07907e-06
6.07753e-06
6.07612e-06
6.07491e-06
6.07399e-06
6.0733e-06
6.07279e-06
6.07239e-06
6.0721e-06
6.07188e-06
6.07172e-06
6.07161e-06
6.07154e-06
6.0715e-06
6.07149e-06
6.07152e-06
6.07158e-06
6.07169e-06
6.07184e-06
6.07203e-06
6.07226e-06
6.07253e-06
6.07282e-06
6.07315e-06
6.0735e-06
6.07388e-06
6.07429e-06
6.07473e-06
6.0752e-06
6.07573e-06
6.07628e-06
6.077e-06
6.07762e-06
6.08572e-06
6.0862e-06
6.08678e-06
6.08739e-06
6.08789e-06
6.08834e-06
6.08872e-06
6.08902e-06
6.08927e-06
6.08947e-06
6.08963e-06
6.08976e-06
6.08987e-06
6.08995e-06
6.09001e-06
6.09005e-06
6.09008e-06
6.09009e-06
6.09008e-06
6.09004e-06
6.08998e-06
6.08989e-06
6.08977e-06
6.0896e-06
6.08937e-06
6.0891e-06
6.08884e-06
6.08861e-06
6.08841e-06
6.08827e-06
6.08819e-06
6.0882e-06
6.0883e-06
6.08852e-06
6.08888e-06
6.08945e-06
6.09016e-06
6.0914e-06
6.09257e-06
6.08523e-06
6.0847e-06
6.08377e-06
6.08259e-06
6.08156e-06
6.08034e-06
6.07879e-06
6.07717e-06
6.07574e-06
6.07455e-06
6.07361e-06
6.07291e-06
6.07239e-06
6.072e-06
6.07172e-06
6.07152e-06
6.07138e-06
6.0713e-06
6.07125e-06
6.07124e-06
6.07126e-06
6.07132e-06
6.07141e-06
6.07155e-06
6.07174e-06
6.07197e-06
6.07224e-06
6.07253e-06
6.07285e-06
6.0732e-06
6.07357e-06
6.07396e-06
6.07437e-06
6.07481e-06
6.07528e-06
6.07579e-06
6.07632e-06
6.077e-06
6.07755e-06
6.08567e-06
6.0862e-06
6.08681e-06
6.08743e-06
6.08794e-06
6.08838e-06
6.08876e-06
6.08906e-06
6.0893e-06
6.0895e-06
6.08966e-06
6.08979e-06
6.08991e-06
6.09e-06
6.09008e-06
6.09015e-06
6.0902e-06
6.09025e-06
6.09027e-06
6.09028e-06
6.09027e-06
6.09024e-06
6.09017e-06
6.09007e-06
6.08993e-06
6.08974e-06
6.08948e-06
6.08917e-06
6.08887e-06
6.08862e-06
6.08841e-06
6.08828e-06
6.08823e-06
6.08829e-06
6.08848e-06
6.08884e-06
6.08935e-06
6.09032e-06
6.09123e-06
6.08513e-06
6.08457e-06
6.0836e-06
6.08241e-06
6.08136e-06
6.08005e-06
6.0784e-06
6.07672e-06
6.07529e-06
6.07413e-06
6.07318e-06
6.07247e-06
6.07194e-06
6.07158e-06
6.07133e-06
6.07118e-06
6.0711e-06
6.07107e-06
6.07107e-06
6.07111e-06
6.07119e-06
6.0713e-06
6.07145e-06
6.07164e-06
6.07189e-06
6.07217e-06
6.07248e-06
6.07281e-06
6.07317e-06
6.07355e-06
6.07394e-06
6.07435e-06
6.07478e-06
6.07523e-06
6.0757e-06
6.07621e-06
6.07673e-06
6.07739e-06
6.0779e-06
6.08556e-06
6.08612e-06
6.08676e-06
6.0874e-06
6.0879e-06
6.08834e-06
6.08871e-06
6.089e-06
6.08923e-06
6.08942e-06
6.08958e-06
6.08971e-06
6.08983e-06
6.08993e-06
6.09003e-06
6.09011e-06
6.0902e-06
6.09027e-06
6.09033e-06
6.09039e-06
6.09043e-06
6.09044e-06
6.09044e-06
6.0904e-06
6.09032e-06
6.0902e-06
6.09004e-06
6.08982e-06
6.08952e-06
6.08918e-06
6.08885e-06
6.08857e-06
6.08837e-06
6.08827e-06
6.08827e-06
6.08844e-06
6.08874e-06
6.08945e-06
6.0901e-06
6.08498e-06
6.08438e-06
6.08338e-06
6.08217e-06
6.08109e-06
6.07968e-06
6.07791e-06
6.0762e-06
6.07478e-06
6.07364e-06
6.0727e-06
6.07197e-06
6.07147e-06
6.07116e-06
6.071e-06
6.07093e-06
6.07093e-06
6.07097e-06
6.07105e-06
6.07117e-06
6.07131e-06
6.07148e-06
6.0717e-06
6.07196e-06
6.07227e-06
6.0726e-06
6.07296e-06
6.07334e-06
6.07373e-06
6.07414e-06
6.07456e-06
6.075e-06
6.07545e-06
6.07591e-06
6.07639e-06
6.07691e-06
6.07743e-06
6.07809e-06
6.07858e-06
6.08539e-06
6.08598e-06
6.08664e-06
6.08728e-06
6.08779e-06
6.08821e-06
6.08857e-06
6.08884e-06
6.08905e-06
6.08923e-06
6.08938e-06
6.08951e-06
6.08963e-06
6.08974e-06
6.08984e-06
6.08995e-06
6.09005e-06
6.09016e-06
6.09026e-06
6.09035e-06
6.09043e-06
6.0905e-06
6.09055e-06
6.09057e-06
6.09056e-06
6.09051e-06
6.09043e-06
6.09029e-06
6.09011e-06
6.08985e-06
6.08952e-06
6.08914e-06
6.08878e-06
6.0885e-06
6.08832e-06
6.08828e-06
6.08836e-06
6.08881e-06
6.08921e-06
6.08479e-06
6.08417e-06
6.08313e-06
6.08189e-06
6.08076e-06
6.07923e-06
6.07736e-06
6.07563e-06
6.07422e-06
6.07309e-06
6.07216e-06
6.07145e-06
6.07103e-06
6.07083e-06
6.07078e-06
6.07083e-06
6.07093e-06
6.07107e-06
6.07123e-06
6.07142e-06
6.07164e-06
6.07188e-06
6.07215e-06
6.07247e-06
6.07283e-06
6.07322e-06
6.07361e-06
6.07402e-06
6.07445e-06
6.07488e-06
6.07532e-06
6.07577e-06
6.07623e-06
6.07671e-06
6.0772e-06
6.07773e-06
6.07827e-06
6.07892e-06
6.07943e-06
6.08519e-06
6.0858e-06
6.08647e-06
6.08711e-06
6.0876e-06
6.08801e-06
6.08833e-06
6.08858e-06
6.08877e-06
6.08894e-06
6.08907e-06
6.08919e-06
6.08931e-06
6.08942e-06
6.08953e-06
6.08965e-06
6.08977e-06
6.0899e-06
6.09003e-06
6.09016e-06
6.09028e-06
6.09039e-06
6.09049e-06
6.09057e-06
6.09062e-06
6.09064e-06
6.09063e-06
6.09058e-06
6.09049e-06
6.09035e-06
6.09014e-06
6.08985e-06
6.08948e-06
6.08905e-06
6.08868e-06
6.08843e-06
6.08827e-06
6.08844e-06
6.08858e-06
6.08459e-06
6.08395e-06
6.08287e-06
6.08161e-06
6.08041e-06
6.07874e-06
6.07678e-06
6.07503e-06
6.07363e-06
6.07249e-06
6.07158e-06
6.07097e-06
6.0707e-06
6.07067e-06
6.07077e-06
6.07094e-06
6.07115e-06
6.07138e-06
6.07162e-06
6.07187e-06
6.07214e-06
6.07243e-06
6.07276e-06
6.07312e-06
6.07351e-06
6.07392e-06
6.07434e-06
6.07477e-06
6.07521e-06
6.07565e-06
6.0761e-06
6.07656e-06
6.07703e-06
6.07751e-06
6.07801e-06
6.07854e-06
6.07909e-06
6.07975e-06
6.08027e-06
6.08498e-06
6.08561e-06
6.08628e-06
6.0869e-06
6.08736e-06
6.08773e-06
6.08802e-06
6.08823e-06
6.0884e-06
6.08853e-06
6.08865e-06
6.08875e-06
6.08885e-06
6.08896e-06
6.08908e-06
6.08921e-06
6.08933e-06
6.08947e-06
6.08961e-06
6.08976e-06
6.08991e-06
6.09006e-06
6.0902e-06
6.09033e-06
6.09044e-06
6.09053e-06
6.09059e-06
6.09062e-06
6.09062e-06
6.09058e-06
6.0905e-06
6.09035e-06
6.09012e-06
6.0898e-06
6.08937e-06
6.08894e-06
6.08855e-06
6.08844e-06
6.08828e-06
6.08438e-06
6.08373e-06
6.08262e-06
6.08132e-06
6.08005e-06
6.07822e-06
6.07618e-06
6.07443e-06
6.07303e-06
6.07188e-06
6.07104e-06
6.07063e-06
6.07059e-06
6.07075e-06
6.071e-06
6.07129e-06
6.07159e-06
6.07188e-06
6.07217e-06
6.07247e-06
6.07277e-06
6.07309e-06
6.07344e-06
6.07382e-06
6.07424e-06
6.07466e-06
6.07509e-06
6.07553e-06
6.07597e-06
6.07641e-06
6.07686e-06
6.07733e-06
6.0778e-06
6.07828e-06
6.07878e-06
6.07931e-06
6.07985e-06
6.08051e-06
6.08104e-06
6.08477e-06
6.08539e-06
6.08606e-06
6.08665e-06
6.08707e-06
6.0874e-06
6.08764e-06
6.0878e-06
6.08793e-06
6.08803e-06
6.08811e-06
6.08819e-06
6.08828e-06
6.08838e-06
6.08848e-06
6.08859e-06
6.0887e-06
6.08882e-06
6.08895e-06
6.08909e-06
6.08925e-06
6.08942e-06
6.0896e-06
6.08978e-06
6.08994e-06
6.09008e-06
6.09022e-06
6.09033e-06
6.09042e-06
6.09049e-06
6.09052e-06
6.0905e-06
6.09043e-06
6.09029e-06
6.09003e-06
6.08966e-06
6.08916e-06
6.0888e-06
6.08844e-06
6.08417e-06
6.0835e-06
6.08236e-06
6.08104e-06
6.07968e-06
6.0777e-06
6.0756e-06
6.07384e-06
6.07242e-06
6.0713e-06
6.07065e-06
6.07054e-06
6.07074e-06
6.07108e-06
6.07146e-06
6.07183e-06
6.07218e-06
6.07252e-06
6.07284e-06
6.07316e-06
6.07348e-06
6.07382e-06
6.07418e-06
6.07458e-06
6.07501e-06
6.07545e-06
6.0759e-06
6.07635e-06
6.0768e-06
6.07725e-06
6.07771e-06
6.07817e-06
6.07864e-06
6.07912e-06
6.07962e-06
6.08014e-06
6.08067e-06
6.08131e-06
6.08183e-06
6.08453e-06
6.08516e-06
6.08581e-06
6.08636e-06
6.08674e-06
6.08701e-06
6.08719e-06
6.08731e-06
6.08738e-06
6.08743e-06
6.08747e-06
6.08752e-06
6.08758e-06
6.08764e-06
6.08769e-06
6.08775e-06
6.08782e-06
6.0879e-06
6.088e-06
6.08813e-06
6.08829e-06
6.08847e-06
6.08867e-06
6.08887e-06
6.08907e-06
6.08927e-06
6.08946e-06
6.08965e-06
6.08983e-06
6.08999e-06
6.09012e-06
6.09023e-06
6.0903e-06
6.09032e-06
6.09027e-06
6.09011e-06
6.0898e-06
6.08936e-06
6.08895e-06
6.08393e-06
6.08323e-06
6.08207e-06
6.08073e-06
6.07929e-06
6.07716e-06
6.07502e-06
6.07325e-06
6.07182e-06
6.07083e-06
6.07052e-06
6.07072e-06
6.07114e-06
6.07162e-06
6.07209e-06
6.07252e-06
6.07291e-06
6.07328e-06
6.07363e-06
6.07397e-06
6.07432e-06
6.07468e-06
6.07507e-06
6.0755e-06
6.07597e-06
6.07644e-06
6.07692e-06
6.07739e-06
6.07787e-06
6.07834e-06
6.07882e-06
6.07929e-06
6.07977e-06
6.08025e-06
6.08074e-06
6.08126e-06
6.08178e-06
6.0824e-06
6.08288e-06
6.08424e-06
6.08487e-06
6.0855e-06
6.08601e-06
6.08635e-06
6.08656e-06
6.08668e-06
6.08674e-06
6.08675e-06
6.08674e-06
6.08674e-06
6.08674e-06
6.08673e-06
6.08672e-06
6.08669e-06
6.08668e-06
6.08669e-06
6.08673e-06
6.0868e-06
6.08692e-06
6.08707e-06
6.08726e-06
6.08747e-06
6.0877e-06
6.08793e-06
6.08816e-06
6.0884e-06
6.08864e-06
6.08887e-06
6.08911e-06
6.08933e-06
6.08954e-06
6.08972e-06
6.08988e-06
6.08999e-06
6.09004e-06
6.09e-06
6.08975e-06
6.08947e-06
6.08361e-06
6.08289e-06
6.08171e-06
6.08036e-06
6.07883e-06
6.07658e-06
6.07443e-06
6.07264e-06
6.07125e-06
6.07055e-06
6.07065e-06
6.07113e-06
6.07172e-06
6.07231e-06
6.07286e-06
6.07336e-06
6.07381e-06
6.07423e-06
6.07462e-06
6.07501e-06
6.0754e-06
6.07581e-06
6.07626e-06
6.07675e-06
6.07727e-06
6.07781e-06
6.07834e-06
6.07886e-06
6.07938e-06
6.07989e-06
6.08039e-06
6.08089e-06
6.08138e-06
6.08188e-06
6.08237e-06
6.08289e-06
6.0834e-06
6.084e-06
6.08445e-06
6.08386e-06
6.08449e-06
6.0851e-06
6.08558e-06
6.08587e-06
6.08602e-06
6.08608e-06
6.08608e-06
6.08603e-06
6.08596e-06
6.0859e-06
6.08582e-06
6.08572e-06
6.0856e-06
6.08549e-06
6.08542e-06
6.08538e-06
6.0854e-06
6.08546e-06
6.08557e-06
6.08573e-06
6.08593e-06
6.08615e-06
6.08639e-06
6.08664e-06
6.0869e-06
6.08717e-06
6.08744e-06
6.08772e-06
6.088e-06
6.08828e-06
6.08855e-06
6.08882e-06
6.08906e-06
6.08929e-06
6.08947e-06
6.08963e-06
6.08964e-06
6.08963e-06
6.0832e-06
6.08245e-06
6.08126e-06
6.0799e-06
6.07829e-06
6.07595e-06
6.0738e-06
6.072e-06
6.07077e-06
6.07054e-06
6.071e-06
6.0717e-06
6.07245e-06
6.07317e-06
6.07383e-06
6.07443e-06
6.07497e-06
6.07548e-06
6.07595e-06
6.07641e-06
6.07688e-06
6.07736e-06
6.07788e-06
6.07845e-06
6.07906e-06
6.07967e-06
6.08026e-06
6.08085e-06
6.08141e-06
6.08197e-06
6.08251e-06
6.08304e-06
6.08356e-06
6.08407e-06
6.08458e-06
6.0851e-06
6.08562e-06
6.08622e-06
6.08663e-06
6.08338e-06
6.08401e-06
6.0846e-06
6.08503e-06
6.08527e-06
6.08537e-06
6.08538e-06
6.08532e-06
6.08519e-06
6.08507e-06
6.08492e-06
6.08473e-06
6.08452e-06
6.08432e-06
6.08416e-06
6.08405e-06
6.084e-06
6.08401e-06
6.08407e-06
6.08419e-06
6.08435e-06
6.08455e-06
6.08479e-06
6.08505e-06
6.08532e-06
6.0856e-06
6.0859e-06
6.0862e-06
6.08651e-06
6.08682e-06
6.08714e-06
6.08745e-06
6.08777e-06
6.08807e-06
6.08837e-06
6.08864e-06
6.08891e-06
6.08908e-06
6.08931e-06
6.0827e-06
6.08193e-06
6.08073e-06
6.07936e-06
6.07766e-06
6.07525e-06
6.07312e-06
6.07135e-06
6.07048e-06
6.07073e-06
6.0715e-06
6.07243e-06
6.07337e-06
6.07427e-06
6.0751e-06
6.07584e-06
6.07652e-06
6.07714e-06
6.07771e-06
6.07826e-06
6.07881e-06
6.07937e-06
6.07998e-06
6.08063e-06
6.08132e-06
6.082e-06
6.08266e-06
6.0833e-06
6.08392e-06
6.08451e-06
6.08509e-06
6.08565e-06
6.08619e-06
6.08673e-06
6.08725e-06
6.08779e-06
6.08832e-06
6.08893e-06
6.08935e-06
6.08281e-06
6.08344e-06
6.08399e-06
6.08438e-06
6.08457e-06
6.0846e-06
6.08456e-06
6.08443e-06
6.08423e-06
6.08405e-06
6.0838e-06
6.08349e-06
6.08321e-06
6.08297e-06
6.08278e-06
6.08266e-06
6.08259e-06
6.08258e-06
6.08263e-06
6.08273e-06
6.08289e-06
6.08309e-06
6.08334e-06
6.08362e-06
6.08391e-06
6.08422e-06
6.08454e-06
6.08488e-06
6.08522e-06
6.08558e-06
6.08593e-06
6.08629e-06
6.08664e-06
6.08699e-06
6.08733e-06
6.08765e-06
6.08798e-06
6.08823e-06
6.08859e-06
6.08212e-06
6.08134e-06
6.08014e-06
6.07875e-06
6.07695e-06
6.0745e-06
6.07239e-06
6.07077e-06
6.07045e-06
6.07111e-06
6.07217e-06
6.07337e-06
6.07458e-06
6.07573e-06
6.07676e-06
6.07768e-06
6.0785e-06
6.07923e-06
6.0799e-06
6.08053e-06
6.08115e-06
6.08178e-06
6.08246e-06
6.08319e-06
6.08394e-06
6.08468e-06
6.08539e-06
6.08608e-06
6.08673e-06
6.08735e-06
6.08796e-06
6.08854e-06
6.0891e-06
6.08965e-06
6.09019e-06
6.09075e-06
6.09129e-06
6.09192e-06
6.09236e-06
6.08217e-06
6.08278e-06
6.08329e-06
6.08363e-06
6.08376e-06
6.08373e-06
6.08364e-06
6.08341e-06
6.08317e-06
6.08291e-06
6.08253e-06
6.08216e-06
6.08183e-06
6.08156e-06
6.08134e-06
6.08118e-06
6.08106e-06
6.081e-06
6.081e-06
6.08107e-06
6.0812e-06
6.0814e-06
6.08165e-06
6.08194e-06
6.08226e-06
6.08261e-06
6.08298e-06
6.08338e-06
6.08379e-06
6.08422e-06
6.08466e-06
6.08509e-06
6.08553e-06
6.08596e-06
6.08637e-06
6.08677e-06
6.08716e-06
6.08747e-06
6.08788e-06
6.08149e-06
6.08072e-06
6.07951e-06
6.0781e-06
6.07621e-06
6.07374e-06
6.07165e-06
6.07036e-06
6.07059e-06
6.07163e-06
6.07308e-06
6.07464e-06
6.07617e-06
6.07758e-06
6.07881e-06
6.07989e-06
6.08083e-06
6.08165e-06
6.0824e-06
6.0831e-06
6.08377e-06
6.08446e-06
6.08518e-06
6.08597e-06
6.08677e-06
6.08756e-06
6.08831e-06
6.08902e-06
6.0897e-06
6.09035e-06
6.09097e-06
6.09156e-06
6.09214e-06
6.0927e-06
6.09325e-06
6.09381e-06
6.09436e-06
6.09499e-06
6.09544e-06
6.0816e-06
6.08219e-06
6.08265e-06
6.08291e-06
6.08298e-06
6.08285e-06
6.08268e-06
6.0823e-06
6.08199e-06
6.08149e-06
6.08104e-06
6.08066e-06
6.08034e-06
6.08007e-06
6.07982e-06
6.07962e-06
6.07947e-06
6.07937e-06
6.07933e-06
6.07936e-06
6.07945e-06
6.07961e-06
6.07983e-06
6.08012e-06
6.08044e-06
6.0808e-06
6.08121e-06
6.08165e-06
6.08213e-06
6.08264e-06
6.08317e-06
6.08372e-06
6.08427e-06
6.08483e-06
6.08539e-06
6.08592e-06
6.08645e-06
6.08689e-06
6.08739e-06
6.08094e-06
6.08017e-06
6.07896e-06
6.07752e-06
6.07552e-06
6.07302e-06
6.0709e-06
6.0702e-06
6.07092e-06
6.0724e-06
6.07424e-06
6.07615e-06
6.07793e-06
6.07952e-06
6.08088e-06
6.08205e-06
6.08305e-06
6.08392e-06
6.0847e-06
6.08542e-06
6.08612e-06
6.08682e-06
6.08756e-06
6.08836e-06
6.08919e-06
6.09e-06
6.09077e-06
6.0915e-06
6.09221e-06
6.09288e-06
6.09353e-06
6.09416e-06
6.09478e-06
6.09538e-06
6.09598e-06
6.09659e-06
6.0972e-06
6.0979e-06
6.09841e-06
6.08115e-06
6.0817e-06
6.08211e-06
6.08229e-06
6.08225e-06
6.08201e-06
6.08169e-06
6.08111e-06
6.08067e-06
6.07977e-06
6.07924e-06
6.07888e-06
6.0786e-06
6.07836e-06
6.07814e-06
6.07796e-06
6.07782e-06
6.07774e-06
6.0777e-06
6.07773e-06
6.07782e-06
6.07797e-06
6.07817e-06
6.07844e-06
6.07874e-06
6.07908e-06
6.07946e-06
6.07988e-06
6.08035e-06
6.08084e-06
6.08137e-06
6.08195e-06
6.08255e-06
6.08318e-06
6.08384e-06
6.08451e-06
6.0852e-06
6.08585e-06
6.08656e-06
6.08051e-06
6.07975e-06
6.07853e-06
6.07704e-06
6.07493e-06
6.07239e-06
6.07022e-06
6.07029e-06
6.07153e-06
6.0735e-06
6.0757e-06
6.07782e-06
6.07974e-06
6.08139e-06
6.08279e-06
6.08396e-06
6.08495e-06
6.08581e-06
6.08657e-06
6.08727e-06
6.08795e-06
6.08862e-06
6.08934e-06
6.09011e-06
6.09091e-06
6.09169e-06
6.09243e-06
6.09315e-06
6.09384e-06
6.09451e-06
6.09516e-06
6.09579e-06
6.09642e-06
6.09705e-06
6.09768e-06
6.09833e-06
6.099e-06
6.09978e-06
6.10043e-06
6.08064e-06
6.08116e-06
6.08149e-06
6.08158e-06
6.08144e-06
6.08107e-06
6.08058e-06
6.0798e-06
6.0792e-06
6.07786e-06
6.07723e-06
6.0769e-06
6.07666e-06
6.07647e-06
6.0763e-06
6.07616e-06
6.07607e-06
6.07601e-06
6.07601e-06
6.07606e-06
6.07617e-06
6.07633e-06
6.07655e-06
6.07682e-06
6.07711e-06
6.07744e-06
6.0778e-06
6.07819e-06
6.07862e-06
6.07907e-06
6.07955e-06
6.08007e-06
6.08063e-06
6.08122e-06
6.08186e-06
6.08254e-06
6.08328e-06
6.08403e-06
6.08491e-06
6.08003e-06
6.07926e-06
6.07805e-06
6.07652e-06
6.07432e-06
6.07175e-06
6.06962e-06
6.07059e-06
6.07243e-06
6.0749e-06
6.07739e-06
6.07967e-06
6.08165e-06
6.08333e-06
6.0847e-06
6.08584e-06
6.0868e-06
6.08761e-06
6.08833e-06
6.08898e-06
6.08961e-06
6.09023e-06
6.09089e-06
6.0916e-06
6.09233e-06
6.09305e-06
6.09374e-06
6.0944e-06
6.09505e-06
6.09567e-06
6.09628e-06
6.09689e-06
6.09748e-06
6.09808e-06
6.09869e-06
6.09933e-06
6.1e-06
6.10078e-06
6.10147e-06
6.08004e-06
6.08051e-06
6.08077e-06
6.08077e-06
6.08051e-06
6.08e-06
6.07935e-06
6.07837e-06
6.07758e-06
6.07581e-06
6.07512e-06
6.07483e-06
6.07465e-06
6.07451e-06
6.07439e-06
6.07429e-06
6.07422e-06
6.07419e-06
6.0742e-06
6.07426e-06
6.07437e-06
6.07454e-06
6.07476e-06
6.07503e-06
6.07533e-06
6.07565e-06
6.07601e-06
6.0764e-06
6.07683e-06
6.07726e-06
6.07772e-06
6.07822e-06
6.07874e-06
6.07929e-06
6.07988e-06
6.08049e-06
6.08117e-06
6.08186e-06
6.08274e-06
6.07945e-06
6.07868e-06
6.07747e-06
6.07592e-06
6.07365e-06
6.0711e-06
6.06912e-06
6.07113e-06
6.0736e-06
6.07651e-06
6.07924e-06
6.0816e-06
6.08359e-06
6.08522e-06
6.08653e-06
6.0876e-06
6.08848e-06
6.08922e-06
6.08987e-06
6.09045e-06
6.09101e-06
6.09156e-06
6.09215e-06
6.09278e-06
6.09344e-06
6.09409e-06
6.09472e-06
6.09533e-06
6.09592e-06
6.09651e-06
6.09708e-06
6.09765e-06
6.09822e-06
6.09879e-06
6.09938e-06
6.1e-06
6.10066e-06
6.10142e-06
6.10212e-06
6.07933e-06
6.07976e-06
6.07994e-06
6.07984e-06
6.07947e-06
6.07883e-06
6.078e-06
6.07685e-06
6.07581e-06
6.07375e-06
6.07303e-06
6.07279e-06
6.07266e-06
6.07256e-06
6.07248e-06
6.0724e-06
6.07235e-06
6.07233e-06
6.07234e-06
6.0724e-06
6.07251e-06
6.07266e-06
6.07287e-06
6.07312e-06
6.07341e-06
6.07372e-06
6.07405e-06
6.07443e-06
6.07485e-06
6.07527e-06
6.07572e-06
6.07622e-06
6.07674e-06
6.07729e-06
6.07786e-06
6.07847e-06
6.07912e-06
6.07977e-06
6.08059e-06
6.07876e-06
6.078e-06
6.07681e-06
6.07523e-06
6.07293e-06
6.07043e-06
6.06879e-06
6.0719e-06
6.07497e-06
6.07826e-06
6.0811e-06
6.08345e-06
6.08534e-06
6.08684e-06
6.08803e-06
6.08899e-06
6.08977e-06
6.09042e-06
6.09098e-06
6.09149e-06
6.09198e-06
6.09246e-06
6.09299e-06
6.09356e-06
6.09416e-06
6.09477e-06
6.09535e-06
6.09593e-06
6.0965e-06
6.09706e-06
6.09762e-06
6.09817e-06
6.09873e-06
6.09929e-06
6.09986e-06
6.10047e-06
6.10111e-06
6.10185e-06
6.10253e-06
6.07851e-06
6.07888e-06
6.07898e-06
6.07878e-06
6.07831e-06
6.07754e-06
6.07655e-06
6.07526e-06
6.07395e-06
6.07185e-06
6.07118e-06
6.07098e-06
6.07088e-06
6.0708e-06
6.07074e-06
6.07069e-06
6.07065e-06
6.07063e-06
6.07065e-06
6.07069e-06
6.07076e-06
6.07088e-06
6.07105e-06
6.07126e-06
6.07149e-06
6.07176e-06
6.07205e-06
6.07237e-06
6.07276e-06
6.07312e-06
6.07354e-06
6.07399e-06
6.07448e-06
6.075e-06
6.07555e-06
6.07613e-06
6.07677e-06
6.0774e-06
6.07819e-06
6.07796e-06
6.07722e-06
6.07605e-06
6.07447e-06
6.07215e-06
6.06978e-06
6.06871e-06
6.07284e-06
6.07643e-06
6.07996e-06
6.08277e-06
6.08497e-06
6.08667e-06
6.088e-06
6.08905e-06
6.08988e-06
6.09057e-06
6.09116e-06
6.09167e-06
6.09215e-06
6.0926e-06
6.09308e-06
6.09359e-06
6.09417e-06
6.0948e-06
6.09544e-06
6.09607e-06
6.0967e-06
6.09732e-06
6.09794e-06
6.09855e-06
6.09915e-06
6.09976e-06
6.10037e-06
6.10099e-06
6.10164e-06
6.10232e-06
6.1031e-06
6.10377e-06
6.07756e-06
6.07788e-06
6.0779e-06
6.07762e-06
6.07705e-06
6.07617e-06
6.07504e-06
6.07363e-06
6.07208e-06
6.07039e-06
6.06987e-06
6.06972e-06
6.06966e-06
6.06965e-06
6.06964e-06
6.06966e-06
6.06968e-06
6.06971e-06
6.06973e-06
6.06974e-06
6.06975e-06
6.06974e-06
6.06978e-06
6.06985e-06
6.06997e-06
6.07012e-06
6.0703e-06
6.07052e-06
6.07082e-06
6.07109e-06
6.07143e-06
6.07181e-06
6.07224e-06
6.07271e-06
6.07323e-06
6.07378e-06
6.0744e-06
6.07502e-06
6.07583e-06
6.07705e-06
6.07634e-06
6.07521e-06
6.07364e-06
6.07135e-06
6.06921e-06
6.06895e-06
6.07381e-06
6.07776e-06
6.08133e-06
6.08397e-06
6.08594e-06
6.08745e-06
6.08865e-06
6.08962e-06
6.09044e-06
6.09114e-06
6.09175e-06
6.09232e-06
6.09285e-06
6.09339e-06
6.09395e-06
6.09458e-06
6.09531e-06
6.0961e-06
6.09691e-06
6.09772e-06
6.09853e-06
6.09933e-06
6.10012e-06
6.1009e-06
6.10168e-06
6.10245e-06
6.10322e-06
6.104e-06
6.10481e-06
6.10565e-06
6.10663e-06
6.10741e-06
6.07648e-06
6.07674e-06
6.07669e-06
6.07633e-06
6.07569e-06
6.07473e-06
6.07352e-06
6.07203e-06
6.07038e-06
6.06961e-06
6.06947e-06
6.06961e-06
6.06981e-06
6.07e-06
6.07018e-06
6.07035e-06
6.0705e-06
6.07062e-06
6.07071e-06
6.07076e-06
6.07077e-06
6.07073e-06
6.07064e-06
6.07053e-06
6.0704e-06
6.07027e-06
6.07017e-06
6.07009e-06
6.07006e-06
6.07008e-06
6.07015e-06
6.07026e-06
6.07042e-06
6.07063e-06
6.0709e-06
6.07123e-06
6.07163e-06
6.07212e-06
6.07273e-06
6.07602e-06
6.07536e-06
6.07428e-06
6.07277e-06
6.07056e-06
6.06876e-06
6.06951e-06
6.07459e-06
6.07863e-06
6.08208e-06
6.08451e-06
6.08636e-06
6.08786e-06
6.08915e-06
6.09027e-06
6.09126e-06
6.09215e-06
6.09296e-06
6.09371e-06
6.09444e-06
6.09518e-06
6.09595e-06
6.09682e-06
6.09782e-06
6.0989e-06
6.1e-06
6.10109e-06
6.10217e-06
6.10324e-06
6.10429e-06
6.10532e-06
6.10635e-06
6.10736e-06
6.10836e-06
6.10938e-06
6.11043e-06
6.11153e-06
6.11278e-06
6.11387e-06
6.07527e-06
6.07546e-06
6.07535e-06
6.07494e-06
6.07425e-06
6.07326e-06
6.07202e-06
6.07053e-06
6.06907e-06
6.06938e-06
6.06975e-06
6.07018e-06
6.07062e-06
6.07099e-06
6.07133e-06
6.07162e-06
6.07186e-06
6.07207e-06
6.07223e-06
6.07234e-06
6.0724e-06
6.07241e-06
6.07235e-06
6.07224e-06
6.07209e-06
6.0719e-06
6.07169e-06
6.07144e-06
6.07118e-06
6.07099e-06
6.07081e-06
6.07068e-06
6.0706e-06
6.07057e-06
6.07058e-06
6.07065e-06
6.07077e-06
6.07094e-06
6.0713e-06
6.07487e-06
6.07427e-06
6.07328e-06
6.07187e-06
6.0698e-06
6.0685e-06
6.07004e-06
6.07487e-06
6.07879e-06
6.08211e-06
6.08459e-06
6.08668e-06
6.08856e-06
6.09028e-06
6.0918e-06
6.09315e-06
6.09436e-06
6.09544e-06
6.09644e-06
6.09738e-06
6.09832e-06
6.09929e-06
6.10036e-06
6.10156e-06
6.10283e-06
6.1041e-06
6.10534e-06
6.10654e-06
6.10771e-06
6.10885e-06
6.10996e-06
6.11105e-06
6.11213e-06
6.1132e-06
6.11428e-06
6.11541e-06
6.1166e-06
6.11797e-06
6.11924e-06
6.0739e-06
6.07403e-06
6.07387e-06
6.07344e-06
6.07275e-06
6.0718e-06
6.0706e-06
6.06924e-06
6.06833e-06
6.06948e-06
6.07024e-06
6.07092e-06
6.07157e-06
6.07212e-06
6.07259e-06
6.073e-06
6.07334e-06
6.07363e-06
6.07386e-06
6.07403e-06
6.07415e-06
6.07421e-06
6.07422e-06
6.07417e-06
6.07409e-06
6.07397e-06
6.07383e-06
6.07369e-06
6.0735e-06
6.07328e-06
6.07307e-06
6.07287e-06
6.07267e-06
6.07248e-06
6.07231e-06
6.07217e-06
6.07204e-06
6.07203e-06
6.07198e-06
6.07357e-06
6.07305e-06
6.07219e-06
6.07093e-06
6.06911e-06
6.06844e-06
6.07041e-06
6.07449e-06
6.07818e-06
6.08176e-06
6.08484e-06
6.08764e-06
6.09013e-06
6.0923e-06
6.09412e-06
6.09564e-06
6.09693e-06
6.09804e-06
6.09901e-06
6.0999e-06
6.10075e-06
6.10161e-06
6.10252e-06
6.10351e-06
6.10453e-06
6.1055e-06
6.10642e-06
6.10728e-06
6.1081e-06
6.10888e-06
6.10962e-06
6.11032e-06
6.11101e-06
6.11167e-06
6.11234e-06
6.11302e-06
6.11376e-06
6.11451e-06
6.11537e-06
6.07235e-06
6.07242e-06
6.07225e-06
6.07184e-06
6.07122e-06
6.07039e-06
6.06935e-06
6.06832e-06
6.06823e-06
6.06956e-06
6.07051e-06
6.0714e-06
6.07228e-06
6.07304e-06
6.0737e-06
6.07427e-06
6.07478e-06
6.07522e-06
6.0756e-06
6.07593e-06
6.07619e-06
6.07638e-06
6.07649e-06
6.07651e-06
6.07646e-06
6.07634e-06
6.07621e-06
6.07597e-06
6.07561e-06
6.07552e-06
6.07526e-06
6.07499e-06
6.07475e-06
6.07452e-06
6.07431e-06
6.07411e-06
6.07387e-06
6.07368e-06
6.0736e-06
6.0721e-06
6.0717e-06
6.071e-06
6.06998e-06
6.06852e-06
6.06843e-06
6.0704e-06
6.07331e-06
6.07709e-06
6.08158e-06
6.08546e-06
6.08859e-06
6.09097e-06
6.09273e-06
6.09402e-06
6.09498e-06
6.09571e-06
6.09629e-06
6.09676e-06
6.09717e-06
6.09754e-06
6.0979e-06
6.09828e-06
6.0987e-06
6.09916e-06
6.09964e-06
6.10014e-06
6.10066e-06
6.1012e-06
6.10177e-06
6.10237e-06
6.10299e-06
6.10363e-06
6.10431e-06
6.10501e-06
6.10578e-06
6.10659e-06
6.10762e-06
6.10845e-06
6.07061e-06
6.07063e-06
6.07048e-06
6.07017e-06
6.06971e-06
6.06911e-06
6.06837e-06
6.06787e-06
6.06834e-06
6.06917e-06
6.0701e-06
6.07115e-06
6.07221e-06
6.0731e-06
6.07383e-06
6.07443e-06
6.07493e-06
6.07537e-06
6.07575e-06
6.07611e-06
6.07645e-06
6.07679e-06
6.07714e-06
6.07746e-06
6.07776e-06
6.07807e-06
6.07834e-06
6.07876e-06
6.07921e-06
6.07938e-06
6.07967e-06
6.08002e-06
6.08041e-06
6.08081e-06
6.08122e-06
6.08167e-06
6.0821e-06
6.08275e-06
6.08336e-06
6.07046e-06
6.07019e-06
6.06972e-06
6.06902e-06
6.06805e-06
6.0683e-06
6.06982e-06
6.07136e-06
6.07575e-06
6.0806e-06
6.08338e-06
6.08478e-06
6.08553e-06
6.08604e-06
6.08645e-06
6.08683e-06
6.08718e-06
6.08751e-06
6.08782e-06
6.08812e-06
6.08841e-06
6.08874e-06
6.08928e-06
6.09011e-06
6.09125e-06
6.09262e-06
6.09418e-06
6.09589e-06
6.09773e-06
6.09967e-06
6.10169e-06
6.10378e-06
6.10591e-06
6.10809e-06
6.11034e-06
6.11269e-06
6.11518e-06
6.11799e-06
6.12056e-06
6.06866e-06
6.06866e-06
6.06859e-06
6.06846e-06
6.06827e-06
6.06804e-06
6.06775e-06
6.06776e-06
6.06806e-06
6.0682e-06
6.06921e-06
6.07077e-06
6.07265e-06
6.07445e-06
6.07616e-06
6.07777e-06
6.07927e-06
6.08066e-06
6.08193e-06
6.08305e-06
6.08403e-06
6.08485e-06
6.0855e-06
6.08595e-06
6.08623e-06
6.08634e-06
6.08635e-06
6.08635e-06
6.08608e-06
6.08589e-06
6.08556e-06
6.0852e-06
6.08493e-06
6.08478e-06
6.08473e-06
6.08478e-06
6.08492e-06
6.08515e-06
6.08532e-06
6.06861e-06
6.06851e-06
6.06834e-06
6.06808e-06
6.06773e-06
6.06794e-06
6.06854e-06
6.06887e-06
6.07243e-06
6.07404e-06
6.07259e-06
6.07194e-06
6.07255e-06
6.074e-06
6.07584e-06
6.07779e-06
6.07971e-06
6.08152e-06
6.08321e-06
6.0848e-06
6.08633e-06
6.08784e-06
6.08939e-06
6.09104e-06
6.09273e-06
6.09438e-06
6.09595e-06
6.09744e-06
6.09883e-06
6.10013e-06
6.10134e-06
6.10245e-06
6.10345e-06
6.10436e-06
6.10518e-06
6.10592e-06
6.10658e-06
6.10724e-06
6.1078e-06
0.135823
0.15257
0.177871
0.201762
0.20748
0.191852
0.154465
0.0998702
0.0461733
0.0164966
0.00555023
0.0014166
0.000115211
2.20048e-06
0
2.98536e-11
1.42121e-08
1.28652e-06
4.41292e-06
6.29693e-06
6.68638e-06
6.55966e-06
6.40509e-06
6.32389e-06
6.29607e-06
6.28869e-06
6.28233e-06
6.2714e-06
6.25733e-06
6.24295e-06
6.22984e-06
6.2181e-06
6.20722e-06
6.19681e-06
6.18687e-06
6.17753e-06
6.16892e-06
6.16104e-06
6.15385e-06
6.14731e-06
6.14138e-06
6.13599e-06
6.13108e-06
6.12656e-06
6.12238e-06
6.11849e-06
6.11485e-06
6.11144e-06
6.10826e-06
6.10531e-06
6.10259e-06
6.10009e-06
6.09781e-06
6.09577e-06
6.09395e-06
6.09236e-06
6.091e-06
6.08988e-06
6.08902e-06
6.08849e-06
6.08841e-06
6.08876e-06
6.08923e-06
6.08941e-06
6.08923e-06
6.08862e-06
6.08801e-06
6.08761e-06
6.0869e-06
6.08536e-06
6.08322e-06
6.08107e-06
6.07872e-06
6.07637e-06
6.07323e-06
6.0716e-06
6.07193e-06
6.07347e-06
6.0835e-06
6.08542e-06
0.117107
0.0867679
0.0609987
0.0353965
0.0119848
0.00159888
5.244e-06
1.86933e-08
1.12496e-09
4.14908e-07
4.54161e-06
6.42231e-06
6.44203e-06
6.28319e-06
6.22788e-06
6.21711e-06
6.21328e-06
6.20801e-06
6.20187e-06
6.19552e-06
6.18912e-06
6.18266e-06
6.17611e-06
6.16956e-06
6.16309e-06
6.15679e-06
6.15075e-06
6.14505e-06
6.13975e-06
6.13488e-06
6.1304e-06
6.12625e-06
6.12237e-06
6.11872e-06
6.11526e-06
6.11198e-06
6.10889e-06
6.10599e-06
6.10329e-06
6.10077e-06
6.09841e-06
6.09622e-06
6.09418e-06
6.09225e-06
6.09043e-06
6.08868e-06
6.087e-06
6.08537e-06
6.0838e-06
6.08231e-06
6.08094e-06
6.07977e-06
6.07888e-06
6.07837e-06
6.0783e-06
6.07865e-06
6.07933e-06
6.08018e-06
6.081e-06
6.08175e-06
6.08253e-06
6.08358e-06
6.08515e-06
6.08735e-06
6.09007e-06
6.09307e-06
6.09614e-06
6.09911e-06
6.1011e-06
6.10209e-06
6.10268e-06
6.10306e-06
6.10437e-06
6.10817e-06
6.11485e-06
6.12005e-06
6.11581e-06
6.10889e-06
6.12217e-06
6.10838e-06
0.169152
0.189411
0.200217
0.216118
0.226803
0.219089
0.18891
0.137272
0.0739104
0.0253496
0.0060117
0.00143661
0.000114053
2.18406e-06
0
7.72516e-12
3.59783e-09
9.33455e-07
4.14248e-06
6.29879e-06
6.735e-06
6.57267e-06
6.41194e-06
6.34697e-06
6.32628e-06
6.31323e-06
6.29962e-06
6.28631e-06
6.27323e-06
6.25968e-06
6.24582e-06
6.23245e-06
6.22007e-06
6.20861e-06
6.19784e-06
6.18768e-06
6.17821e-06
6.16947e-06
6.16147e-06
6.15416e-06
6.14752e-06
6.14147e-06
6.13598e-06
6.13095e-06
6.12633e-06
6.12204e-06
6.11804e-06
6.11432e-06
6.11084e-06
6.10761e-06
6.10462e-06
6.10187e-06
6.09936e-06
6.09709e-06
6.09506e-06
6.09328e-06
6.09173e-06
6.09042e-06
6.08939e-06
6.08868e-06
6.08841e-06
6.0886e-06
6.089e-06
6.08924e-06
6.08915e-06
6.08862e-06
6.08809e-06
6.08776e-06
6.08713e-06
6.08566e-06
6.08356e-06
6.08142e-06
6.07911e-06
6.07676e-06
6.07364e-06
6.07185e-06
6.07193e-06
6.07339e-06
6.08349e-06
6.08562e-06
0.131137
0.0878397
0.0516476
0.0241323
0.00596111
7.76041e-05
3.24791e-06
1.78278e-08
9.94867e-10
1.90655e-06
5.87723e-06
6.52313e-06
6.37137e-06
6.25156e-06
6.22149e-06
6.2168e-06
6.21372e-06
6.20872e-06
6.20303e-06
6.19714e-06
6.19114e-06
6.185e-06
6.17872e-06
6.17237e-06
6.16603e-06
6.15977e-06
6.15369e-06
6.14789e-06
6.14246e-06
6.13743e-06
6.13278e-06
6.12848e-06
6.12445e-06
6.12067e-06
6.1171e-06
6.11372e-06
6.11054e-06
6.10754e-06
6.10474e-06
6.10213e-06
6.09969e-06
6.09742e-06
6.0953e-06
6.09331e-06
6.09142e-06
6.08961e-06
6.08787e-06
6.08618e-06
6.08456e-06
6.08302e-06
6.08161e-06
6.08042e-06
6.07952e-06
6.07901e-06
6.07895e-06
6.07932e-06
6.08001e-06
6.08084e-06
6.08165e-06
6.08238e-06
6.08315e-06
6.0842e-06
6.08579e-06
6.088e-06
6.09073e-06
6.09371e-06
6.09678e-06
6.09973e-06
6.10166e-06
6.10258e-06
6.1031e-06
6.10346e-06
6.10484e-06
6.1088e-06
6.11563e-06
6.12056e-06
6.11607e-06
6.10928e-06
6.12319e-06
6.10878e-06
0.17098
0.20088
0.215714
0.223152
0.233864
0.237284
0.221764
0.182925
0.122966
0.0571777
0.0137295
0.000110924
4.0314e-06
0
0
3.4152e-14
1.55685e-11
4.8464e-07
3.45004e-06
6.07121e-06
6.91024e-06
6.79302e-06
6.49746e-06
6.33167e-06
6.30159e-06
6.32167e-06
6.32891e-06
6.31398e-06
6.2919e-06
6.27345e-06
6.25951e-06
6.24702e-06
6.23422e-06
6.22138e-06
6.20922e-06
6.19805e-06
6.18775e-06
6.1782e-06
6.16938e-06
6.16128e-06
6.15389e-06
6.14716e-06
6.14105e-06
6.13548e-06
6.13037e-06
6.12567e-06
6.1213e-06
6.11724e-06
6.11347e-06
6.10995e-06
6.1067e-06
6.1037e-06
6.10095e-06
6.09846e-06
6.09622e-06
6.09423e-06
6.09249e-06
6.091e-06
6.08979e-06
6.0889e-06
6.08845e-06
6.08847e-06
6.08876e-06
6.08907e-06
6.08905e-06
6.08861e-06
6.08815e-06
6.0879e-06
6.08734e-06
6.08595e-06
6.08389e-06
6.08176e-06
6.0795e-06
6.07716e-06
6.07406e-06
6.07211e-06
6.07195e-06
6.07333e-06
6.08345e-06
6.08592e-06
0.127758
0.0792172
0.038081
0.0125831
0.00152908
0.000365088
3.989e-13
6.48427e-10
2.30769e-07
4.6372e-06
6.53614e-06
6.46834e-06
6.30054e-06
6.23106e-06
6.21995e-06
6.21821e-06
6.21506e-06
6.21023e-06
6.20489e-06
6.19935e-06
6.19363e-06
6.18772e-06
6.18162e-06
6.17541e-06
6.16913e-06
6.16289e-06
6.15675e-06
6.15085e-06
6.14528e-06
6.14009e-06
6.13527e-06
6.13079e-06
6.12661e-06
6.12269e-06
6.119e-06
6.11551e-06
6.11222e-06
6.10913e-06
6.10623e-06
6.10352e-06
6.10099e-06
6.09864e-06
6.09644e-06
6.09438e-06
6.09243e-06
6.09056e-06
6.08875e-06
6.087e-06
6.08532e-06
6.08373e-06
6.08229e-06
6.08107e-06
6.08016e-06
6.07967e-06
6.07963e-06
6.08001e-06
6.08071e-06
6.08153e-06
6.08232e-06
6.08302e-06
6.08378e-06
6.08484e-06
6.08646e-06
6.08869e-06
6.09142e-06
6.09439e-06
6.09745e-06
6.10038e-06
6.10223e-06
6.10308e-06
6.10354e-06
6.10388e-06
6.10534e-06
6.10948e-06
6.11646e-06
6.12108e-06
6.11632e-06
6.10976e-06
6.12426e-06
6.10917e-06
0.142868
0.178818
0.202448
0.213399
0.218354
0.225546
0.226383
0.209767
0.170345
0.110747
0.0486131
0.0114001
8.12016e-05
9.73061e-07
0
0
2.70827e-10
1.16029e-07
2.54307e-06
5.53018e-06
6.36537e-06
6.55725e-06
6.67774e-06
6.5842e-06
6.40505e-06
6.30394e-06
6.29521e-06
6.31716e-06
6.32085e-06
6.30226e-06
6.27839e-06
6.25992e-06
6.24665e-06
6.23468e-06
6.22219e-06
6.2097e-06
6.19809e-06
6.18757e-06
6.17792e-06
6.16901e-06
6.16082e-06
6.15335e-06
6.14656e-06
6.14038e-06
6.13474e-06
6.12956e-06
6.12479e-06
6.12037e-06
6.11626e-06
6.11244e-06
6.10891e-06
6.10565e-06
6.10265e-06
6.09993e-06
6.09746e-06
6.09527e-06
6.09333e-06
6.09166e-06
6.09026e-06
6.08919e-06
6.08854e-06
6.08838e-06
6.08855e-06
6.08887e-06
6.08892e-06
6.08857e-06
6.08819e-06
6.08802e-06
6.08754e-06
6.08622e-06
6.08421e-06
6.08209e-06
6.0799e-06
6.07756e-06
6.0745e-06
6.0724e-06
6.072e-06
6.07327e-06
6.08342e-06
6.08625e-06
0.100901
0.057088
0.0220117
0.00433191
0.000280551
3.22791e-05
2.02512e-12
7.66114e-10
2.12588e-06
6.65165e-06
6.5877e-06
6.36494e-06
6.25189e-06
6.22299e-06
6.22167e-06
6.22051e-06
6.21714e-06
6.21251e-06
6.20748e-06
6.20221e-06
6.19669e-06
6.19092e-06
6.18494e-06
6.17879e-06
6.17255e-06
6.16627e-06
6.16006e-06
6.15403e-06
6.14831e-06
6.14294e-06
6.13793e-06
6.13327e-06
6.12892e-06
6.12484e-06
6.121e-06
6.11739e-06
6.11399e-06
6.11079e-06
6.10779e-06
6.10498e-06
6.10236e-06
6.09992e-06
6.09764e-06
6.09551e-06
6.09348e-06
6.09154e-06
6.08966e-06
6.08785e-06
6.08611e-06
6.08447e-06
6.08298e-06
6.08174e-06
6.08083e-06
6.08035e-06
6.08033e-06
6.08074e-06
6.08144e-06
6.08225e-06
6.08301e-06
6.08369e-06
6.08443e-06
6.08551e-06
6.08715e-06
6.08941e-06
6.09214e-06
6.09509e-06
6.09814e-06
6.10105e-06
6.10282e-06
6.10359e-06
6.10398e-06
6.10431e-06
6.10588e-06
6.11022e-06
6.11733e-06
6.12161e-06
6.11657e-06
6.11033e-06
6.12539e-06
6.10953e-06
0.128889
0.177099
0.213068
0.233626
0.23918
0.235093
0.229184
0.218579
0.19456
0.151555
0.0925437
0.0336933
0.00370607
0.000863369
0
0
0
2.72037e-09
8.85728e-07
6.83242e-06
8.36779e-06
6.62266e-06
5.85118e-06
6.07361e-06
6.4982e-06
6.5733e-06
6.42638e-06
6.31201e-06
6.28941e-06
6.30451e-06
6.30601e-06
6.28735e-06
6.26437e-06
6.2469e-06
6.23408e-06
6.2222e-06
6.21e-06
6.19817e-06
6.18733e-06
6.17749e-06
6.16847e-06
6.1602e-06
6.15265e-06
6.14578e-06
6.13954e-06
6.13383e-06
6.12859e-06
6.12376e-06
6.11929e-06
6.11515e-06
6.11131e-06
6.10777e-06
6.10451e-06
6.10153e-06
6.09884e-06
6.09642e-06
6.09427e-06
6.0924e-06
6.09082e-06
6.08956e-06
6.08871e-06
6.08836e-06
6.08838e-06
6.08864e-06
6.08877e-06
6.0885e-06
6.08821e-06
6.08811e-06
6.08772e-06
6.08649e-06
6.08452e-06
6.08242e-06
6.08028e-06
6.07797e-06
6.07495e-06
6.07272e-06
6.07208e-06
6.07322e-06
6.08341e-06
6.08661e-06
0.0733734
0.0282954
0.00602038
0.00053028
8.06077e-06
3.31823e-08
1.61198e-09
4.83447e-07
5.55631e-06
7.09085e-06
6.41418e-06
6.28627e-06
6.22817e-06
6.22289e-06
6.22451e-06
6.22297e-06
6.21954e-06
6.21519e-06
6.21046e-06
6.20541e-06
6.20005e-06
6.1944e-06
6.1885e-06
6.18241e-06
6.17616e-06
6.16984e-06
6.16354e-06
6.1574e-06
6.15152e-06
6.14597e-06
6.14078e-06
6.13592e-06
6.13138e-06
6.12713e-06
6.12314e-06
6.11939e-06
6.11587e-06
6.11255e-06
6.10944e-06
6.10653e-06
6.10381e-06
6.10127e-06
6.09891e-06
6.0967e-06
6.09459e-06
6.09257e-06
6.09063e-06
6.08874e-06
6.08693e-06
6.08524e-06
6.08371e-06
6.08245e-06
6.08154e-06
6.08107e-06
6.08107e-06
6.0815e-06
6.0822e-06
6.08299e-06
6.08372e-06
6.08437e-06
6.08511e-06
6.0862e-06
6.08786e-06
6.09015e-06
6.09288e-06
6.09582e-06
6.09887e-06
6.10175e-06
6.10343e-06
6.10412e-06
6.10444e-06
6.10477e-06
6.10646e-06
6.11101e-06
6.11823e-06
6.12216e-06
6.11681e-06
6.11098e-06
6.12659e-06
6.10983e-06
0.198714
0.265854
0.318356
0.353937
0.370062
0.366459
0.346515
0.31681
0.279783
0.230781
0.166728
0.0893379
0.0185467
0.00553202
0
0
0
0
1.64268e-09
4.0492e-07
6.86897e-06
1.31039e-05
9.37657e-06
6.13322e-06
5.47558e-06
5.94204e-06
6.47821e-06
6.57153e-06
6.41612e-06
6.299e-06
6.27871e-06
6.29315e-06
6.29179e-06
6.27193e-06
6.24991e-06
6.23378e-06
6.22154e-06
6.20987e-06
6.19815e-06
6.18705e-06
6.17696e-06
6.1678e-06
6.15944e-06
6.15181e-06
6.14487e-06
6.13856e-06
6.13279e-06
6.12749e-06
6.12261e-06
6.1181e-06
6.11393e-06
6.11008e-06
6.10654e-06
6.10329e-06
6.10035e-06
6.09769e-06
6.09533e-06
6.09325e-06
6.09147e-06
6.09001e-06
6.08896e-06
6.08841e-06
6.08827e-06
6.08841e-06
6.0886e-06
6.0884e-06
6.0882e-06
6.08818e-06
6.08788e-06
6.08673e-06
6.08482e-06
6.08274e-06
6.08066e-06
6.07837e-06
6.07541e-06
6.07307e-06
6.07219e-06
6.07318e-06
6.08341e-06
6.087e-06
0.11043
0.0324298
0.00280296
0.000687579
4.25088e-13
4.08077e-10
1.31559e-07
3.70255e-06
7.45461e-06
6.73214e-06
6.26979e-06
6.24637e-06
6.22156e-06
6.22621e-06
6.22733e-06
6.22537e-06
6.22207e-06
6.21804e-06
6.21359e-06
6.20875e-06
6.20353e-06
6.19799e-06
6.19217e-06
6.18611e-06
6.17987e-06
6.1735e-06
6.16713e-06
6.16088e-06
6.15486e-06
6.14914e-06
6.14376e-06
6.13871e-06
6.13397e-06
6.12955e-06
6.1254e-06
6.1215e-06
6.11785e-06
6.11441e-06
6.11119e-06
6.10817e-06
6.10535e-06
6.10271e-06
6.10026e-06
6.09796e-06
6.09577e-06
6.09367e-06
6.09164e-06
6.08969e-06
6.08781e-06
6.08606e-06
6.08449e-06
6.0832e-06
6.08229e-06
6.08184e-06
6.08186e-06
6.0823e-06
6.08301e-06
6.08378e-06
6.08447e-06
6.08509e-06
6.08582e-06
6.08692e-06
6.08861e-06
6.09092e-06
6.09366e-06
6.09658e-06
6.09963e-06
6.10248e-06
6.10407e-06
6.10466e-06
6.10492e-06
6.10526e-06
6.10709e-06
6.11187e-06
6.11917e-06
6.12273e-06
6.11706e-06
6.11172e-06
6.12785e-06
6.11005e-06
0.282467
0.36163
0.42826
0.4809
0.516816
0.533518
0.529632
0.505944
0.465826
0.41219
0.341375
0.250989
0.145994
0.0554741
0.0160758
0.00110143
0
0
0
2.83833e-13
7.60761e-09
1.58254e-06
9.4741e-06
1.34944e-05
8.90838e-06
5.89626e-06
5.47751e-06
6.02892e-06
6.50542e-06
6.54093e-06
6.37862e-06
6.27817e-06
6.26987e-06
6.28334e-06
6.27684e-06
6.25554e-06
6.23538e-06
6.22099e-06
6.20928e-06
6.19782e-06
6.18665e-06
6.17633e-06
6.16699e-06
6.15853e-06
6.15083e-06
6.14382e-06
6.13744e-06
6.13161e-06
6.12626e-06
6.12134e-06
6.1168e-06
6.11262e-06
6.10876e-06
6.10523e-06
6.10202e-06
6.09911e-06
6.09651e-06
6.09421e-06
6.09222e-06
6.09055e-06
6.08929e-06
6.08853e-06
6.08822e-06
6.08821e-06
6.08838e-06
6.08828e-06
6.08816e-06
6.08822e-06
6.08801e-06
6.08696e-06
6.08511e-06
6.08305e-06
6.08103e-06
6.07878e-06
6.07588e-06
6.07345e-06
6.07232e-06
6.07316e-06
6.08344e-06
6.08741e-06
0.178933
0.0725256
0.00574317
0.00139882
1.58899e-11
5.64917e-09
2.5206e-06
7.04719e-06
7.29255e-06
6.34309e-06
6.21784e-06
6.2324e-06
6.22362e-06
6.23016e-06
6.22989e-06
6.22783e-06
6.22477e-06
6.22105e-06
6.21685e-06
6.21218e-06
6.20709e-06
6.20163e-06
6.19588e-06
6.18985e-06
6.18361e-06
6.17721e-06
6.17078e-06
6.16443e-06
6.15829e-06
6.15242e-06
6.14686e-06
6.14162e-06
6.1367e-06
6.13209e-06
6.12777e-06
6.12373e-06
6.11994e-06
6.11638e-06
6.11304e-06
6.10991e-06
6.10698e-06
6.10425e-06
6.1017e-06
6.0993e-06
6.09702e-06
6.09484e-06
6.09273e-06
6.09069e-06
6.08874e-06
6.08693e-06
6.08532e-06
6.08401e-06
6.0831e-06
6.08266e-06
6.08271e-06
6.08316e-06
6.08386e-06
6.0846e-06
6.08525e-06
6.08583e-06
6.08655e-06
6.08767e-06
6.0894e-06
6.09173e-06
6.09447e-06
6.09738e-06
6.10043e-06
6.10324e-06
6.10473e-06
6.10523e-06
6.10542e-06
6.10579e-06
6.10776e-06
6.11278e-06
6.12016e-06
6.12331e-06
6.11731e-06
6.11256e-06
6.12917e-06
6.11019e-06
0.29165
0.374987
0.45041
0.516692
0.571681
0.612916
0.637917
0.644645
0.632168
0.601157
0.552839
0.481956
0.385111
0.266888
0.143607
0.0487065
0.0145707
0.00107436
0
0
0
1.41565e-12
9.92373e-09
1.96238e-06
9.40003e-06
1.21417e-05
8.23317e-06
5.77235e-06
5.58489e-06
6.1677e-06
6.52751e-06
6.48663e-06
6.33168e-06
6.26125e-06
6.26495e-06
6.273e-06
6.26014e-06
6.23881e-06
6.22137e-06
6.20853e-06
6.19714e-06
6.18603e-06
6.17556e-06
6.16606e-06
6.15747e-06
6.14969e-06
6.14262e-06
6.13618e-06
6.1303e-06
6.12491e-06
6.11996e-06
6.1154e-06
6.11121e-06
6.10736e-06
6.10386e-06
6.10068e-06
6.09783e-06
6.0953e-06
6.09308e-06
6.0912e-06
6.08972e-06
6.08873e-06
6.08824e-06
6.08808e-06
6.08814e-06
6.08812e-06
6.08809e-06
6.08823e-06
6.08812e-06
6.08718e-06
6.08539e-06
6.08334e-06
6.08138e-06
6.07918e-06
6.07636e-06
6.07385e-06
6.07248e-06
6.07316e-06
6.08348e-06
6.08786e-06
0.193097
0.0870285
0.00952887
0.00232676
1.41236e-09
4.85802e-07
8.07154e-06
7.42246e-06
6.61205e-06
6.17985e-06
6.21992e-06
6.22984e-06
6.22866e-06
6.23354e-06
6.23232e-06
6.23043e-06
6.22765e-06
6.2242e-06
6.2202e-06
6.21567e-06
6.21069e-06
6.20532e-06
6.19962e-06
6.19362e-06
6.18737e-06
6.18095e-06
6.17447e-06
6.16805e-06
6.16181e-06
6.15581e-06
6.15008e-06
6.14465e-06
6.13954e-06
6.13475e-06
6.13027e-06
6.12607e-06
6.12214e-06
6.11846e-06
6.11499e-06
6.11174e-06
6.1087e-06
6.10587e-06
6.10323e-06
6.10073e-06
6.09836e-06
6.09608e-06
6.09387e-06
6.09175e-06
6.08973e-06
6.08785e-06
6.0862e-06
6.08487e-06
6.08397e-06
6.08355e-06
6.08361e-06
6.08408e-06
6.08476e-06
6.08546e-06
6.08606e-06
6.08661e-06
6.08732e-06
6.08846e-06
6.09022e-06
6.09258e-06
6.09533e-06
6.09823e-06
6.10128e-06
6.10404e-06
6.10542e-06
6.10582e-06
6.10595e-06
6.10635e-06
6.10849e-06
6.11377e-06
6.12119e-06
6.12391e-06
6.11756e-06
6.11351e-06
6.13055e-06
6.11023e-06
0.230859
0.313926
0.393481
0.468136
0.536258
0.595825
0.644554
0.680109
0.700376
0.703821
0.68984
0.659036
0.604496
0.520536
0.407396
0.274526
0.142306
0.0450703
0.0134672
0.000768335
0
0
0
2.1771e-12
1.25926e-08
2.55241e-06
1.00092e-05
1.09245e-05
7.46695e-06
5.67159e-06
5.75437e-06
6.31962e-06
6.53356e-06
6.42012e-06
6.28569e-06
6.24891e-06
6.25959e-06
6.2595e-06
6.24217e-06
6.22271e-06
6.20796e-06
6.19616e-06
6.18512e-06
6.17461e-06
6.16496e-06
6.15626e-06
6.1484e-06
6.14127e-06
6.13478e-06
6.12886e-06
6.12344e-06
6.11847e-06
6.1139e-06
6.10972e-06
6.10589e-06
6.10243e-06
6.0993e-06
6.09652e-06
6.09406e-06
6.09195e-06
6.09024e-06
6.08903e-06
6.08833e-06
6.08801e-06
6.08795e-06
6.08791e-06
6.08798e-06
6.0882e-06
6.0882e-06
6.08737e-06
6.08565e-06
6.08363e-06
6.08173e-06
6.07958e-06
6.07684e-06
6.07427e-06
6.07267e-06
6.07318e-06
6.08354e-06
6.08834e-06
0.143142
0.0558634
0.00282606
0.000690954
5.19318e-09
1.61424e-06
1.04373e-05
6.40307e-06
6.25585e-06
6.17325e-06
6.23203e-06
6.23115e-06
6.23371e-06
6.23613e-06
6.23476e-06
6.23315e-06
6.23061e-06
6.2274e-06
6.22357e-06
6.21918e-06
6.2143e-06
6.20901e-06
6.20336e-06
6.19738e-06
6.19114e-06
6.1847e-06
6.17819e-06
6.17173e-06
6.1654e-06
6.15927e-06
6.15339e-06
6.14779e-06
6.14251e-06
6.13754e-06
6.13289e-06
6.12854e-06
6.12446e-06
6.12064e-06
6.11705e-06
6.11368e-06
6.11053e-06
6.10759e-06
6.10484e-06
6.10225e-06
6.09977e-06
6.09739e-06
6.09509e-06
6.09288e-06
6.09078e-06
6.08884e-06
6.08715e-06
6.0858e-06
6.0849e-06
6.0845e-06
6.08458e-06
6.08505e-06
6.08571e-06
6.08636e-06
6.08692e-06
6.08743e-06
6.08814e-06
6.0893e-06
6.09109e-06
6.09347e-06
6.09623e-06
6.09912e-06
6.10217e-06
6.10488e-06
6.10614e-06
6.10644e-06
6.10651e-06
6.10695e-06
6.10927e-06
6.11484e-06
6.12227e-06
6.12453e-06
6.11782e-06
6.11457e-06
6.13199e-06
6.11017e-06
0.136329
0.213819
0.293438
0.371872
0.447489
0.518624
0.583282
0.639247
0.684282
0.716381
0.734054
0.736659
0.723822
0.689941
0.627566
0.532149
0.406605
0.263715
0.126699
0.0306027
0.00954874
0.000323374
0
0
0
7.80707e-11
3.29801e-09
4.25512e-06
1.13802e-05
9.65541e-06
6.50538e-06
5.559e-06
5.95534e-06
6.43786e-06
6.50069e-06
6.35221e-06
6.25552e-06
6.24484e-06
6.25242e-06
6.24315e-06
6.22438e-06
6.2078e-06
6.19506e-06
6.18392e-06
6.17342e-06
6.1637e-06
6.1549e-06
6.14696e-06
6.13978e-06
6.13325e-06
6.1273e-06
6.12186e-06
6.11688e-06
6.11231e-06
6.10815e-06
6.10436e-06
6.10095e-06
6.09789e-06
6.09518e-06
6.09283e-06
6.09088e-06
6.08943e-06
6.08851e-06
6.08801e-06
6.08782e-06
6.08771e-06
6.08783e-06
6.08814e-06
6.08825e-06
6.08753e-06
6.08589e-06
6.08389e-06
6.08205e-06
6.07998e-06
6.07733e-06
6.07471e-06
6.0729e-06
6.07323e-06
6.08362e-06
6.08885e-06
0.0675206
0.0164215
0.00406798
2.90007e-11
9.91031e-09
7.89147e-06
8.47732e-06
5.83559e-06
6.23169e-06
6.2015e-06
6.23865e-06
6.23399e-06
6.23776e-06
6.23836e-06
6.23734e-06
6.23596e-06
6.23364e-06
6.23062e-06
6.22694e-06
6.22267e-06
6.21789e-06
6.21267e-06
6.20707e-06
6.20112e-06
6.19488e-06
6.18845e-06
6.18194e-06
6.17544e-06
6.16905e-06
6.16282e-06
6.15681e-06
6.15105e-06
6.14559e-06
6.14045e-06
6.13564e-06
6.13113e-06
6.1269e-06
6.12294e-06
6.11922e-06
6.11573e-06
6.11247e-06
6.10942e-06
6.10656e-06
6.10385e-06
6.10127e-06
6.09878e-06
6.09639e-06
6.09408e-06
6.0919e-06
6.08989e-06
6.08816e-06
6.0868e-06
6.0859e-06
6.08552e-06
6.08562e-06
6.08608e-06
6.08671e-06
6.08732e-06
6.08782e-06
6.08829e-06
6.08899e-06
6.09018e-06
6.09201e-06
6.09442e-06
6.09718e-06
6.10006e-06
6.10311e-06
6.10576e-06
6.10689e-06
6.10709e-06
6.10711e-06
6.1076e-06
6.11013e-06
6.11598e-06
6.12341e-06
6.12515e-06
6.11808e-06
6.11576e-06
6.13347e-06
6.10999e-06
0.0485735
0.105051
0.175864
0.252634
0.330882
0.408266
0.482878
0.552636
0.615257
0.668457
0.710211
0.739042
0.754282
0.75549
0.739997
0.699496
0.626663
0.518428
0.380476
0.229995
0.0993051
0.0123407
0.00442935
0
0
0
4.2575e-15
1.96872e-09
3.19039e-07
6.86573e-06
1.16333e-05
8.38449e-06
5.89909e-06
5.64657e-06
6.19392e-06
6.49798e-06
6.42853e-06
6.29024e-06
6.23977e-06
6.24244e-06
6.24079e-06
6.22537e-06
6.20794e-06
6.19402e-06
6.18251e-06
6.17199e-06
6.16224e-06
6.15337e-06
6.14538e-06
6.13815e-06
6.1316e-06
6.12562e-06
6.12017e-06
6.11519e-06
6.11065e-06
6.10652e-06
6.10279e-06
6.09944e-06
6.09646e-06
6.09384e-06
6.09164e-06
6.08994e-06
6.08879e-06
6.0881e-06
6.08776e-06
6.08756e-06
6.08762e-06
6.08802e-06
6.08826e-06
6.08767e-06
6.08611e-06
6.08414e-06
6.08235e-06
6.08035e-06
6.07781e-06
6.07516e-06
6.07315e-06
6.07331e-06
6.08372e-06
6.08939e-06
0.0143431
0.000120926
3.32364e-06
1.44322e-09
4.78351e-07
1.22872e-05
6.09635e-06
5.95425e-06
6.27051e-06
6.21983e-06
6.24172e-06
6.23811e-06
6.24129e-06
6.24104e-06
6.24039e-06
6.23908e-06
6.23687e-06
6.23398e-06
6.23041e-06
6.22623e-06
6.22153e-06
6.21637e-06
6.2108e-06
6.20487e-06
6.19865e-06
6.19223e-06
6.18573e-06
6.17922e-06
6.17278e-06
6.16646e-06
6.16032e-06
6.15442e-06
6.1488e-06
6.1435e-06
6.13851e-06
6.13385e-06
6.12947e-06
6.12537e-06
6.12151e-06
6.11789e-06
6.11451e-06
6.11135e-06
6.10837e-06
6.10555e-06
6.10285e-06
6.10026e-06
6.09775e-06
6.09535e-06
6.09308e-06
6.09102e-06
6.08924e-06
6.08787e-06
6.08698e-06
6.08661e-06
6.08673e-06
6.08718e-06
6.08777e-06
6.08832e-06
6.08875e-06
6.0892e-06
6.0899e-06
6.09111e-06
6.09299e-06
6.09542e-06
6.09818e-06
6.10106e-06
6.1041e-06
6.10667e-06
6.10768e-06
6.10777e-06
6.10773e-06
6.1083e-06
6.11107e-06
6.11722e-06
6.12459e-06
6.12578e-06
6.11835e-06
6.11709e-06
6.13499e-06
6.10968e-06
0.00634962
0.0270613
0.0691077
0.129777
0.201871
0.279344
0.358461
0.43664
0.511498
0.580553
0.641317
0.691543
0.729564
0.754484
0.766035
0.764454
0.742364
0.690995
0.60387
0.480138
0.329384
0.176135
0.0604458
0.0168364
0.000520581
0
0
0
5.12354e-13
1.20126e-08
2.54351e-06
1.04147e-05
1.01538e-05
6.83389e-06
5.57111e-06
5.86822e-06
6.37398e-06
6.47386e-06
6.34269e-06
6.24909e-06
6.23328e-06
6.23499e-06
6.22457e-06
6.20793e-06
6.19315e-06
6.18108e-06
6.17039e-06
6.16059e-06
6.15169e-06
6.14365e-06
6.1364e-06
6.12982e-06
6.12384e-06
6.11839e-06
6.11343e-06
6.10892e-06
6.10484e-06
6.10117e-06
6.0979e-06
6.09501e-06
6.09255e-06
6.09058e-06
6.08918e-06
6.08829e-06
6.08778e-06
6.08747e-06
6.0874e-06
6.08785e-06
6.08821e-06
6.08777e-06
6.08631e-06
6.08437e-06
6.08263e-06
6.08071e-06
6.07828e-06
6.07562e-06
6.07343e-06
6.07342e-06
6.08383e-06
6.08997e-06
0.00166635
7.6108e-12
0
2.23988e-08
5.74701e-06
9.12425e-06
5.43921e-06
6.26706e-06
6.25669e-06
6.23439e-06
6.24553e-06
6.24389e-06
6.24561e-06
6.24508e-06
6.24444e-06
6.24295e-06
6.24071e-06
6.23781e-06
6.23424e-06
6.23007e-06
6.22539e-06
6.22023e-06
6.21465e-06
6.20872e-06
6.20251e-06
6.19612e-06
6.18963e-06
6.18311e-06
6.17663e-06
6.17022e-06
6.16397e-06
6.15792e-06
6.15216e-06
6.14669e-06
6.14154e-06
6.13671e-06
6.13218e-06
6.12793e-06
6.12393e-06
6.12018e-06
6.11667e-06
6.11339e-06
6.11029e-06
6.10735e-06
6.10453e-06
6.10182e-06
6.0992e-06
6.09669e-06
6.09434e-06
6.09221e-06
6.0904e-06
6.08901e-06
6.08813e-06
6.08778e-06
6.08791e-06
6.08834e-06
6.08888e-06
6.08936e-06
6.08974e-06
6.09015e-06
6.09085e-06
6.0921e-06
6.09402e-06
6.09648e-06
6.09923e-06
6.10211e-06
6.10514e-06
6.10762e-06
6.10849e-06
6.10847e-06
6.10839e-06
6.10904e-06
6.11209e-06
6.11855e-06
6.12581e-06
6.12639e-06
6.11863e-06
6.11858e-06
6.13653e-06
6.10923e-06
0.000192923
0.000626697
0.010958
0.03801
0.0846221
0.147858
0.221858
0.301395
0.382622
0.462432
0.53791
0.60621
0.664707
0.711305
0.744782
0.765082
0.772346
0.764067
0.731066
0.664407
0.559222
0.418771
0.259923
0.113081
0.0186413
0.00589708
0
0
0
0
1.09741e-09
1.70461e-07
6.3794e-06
1.15751e-05
8.45173e-06
5.92374e-06
5.62207e-06
6.15239e-06
6.45376e-06
6.39467e-06
6.27403e-06
6.23081e-06
6.22845e-06
6.22173e-06
6.20674e-06
6.19181e-06
6.17944e-06
6.16865e-06
6.15881e-06
6.14986e-06
6.14179e-06
6.13452e-06
6.12794e-06
6.12196e-06
6.11652e-06
6.11159e-06
6.10713e-06
6.10312e-06
6.09953e-06
6.09635e-06
6.0936e-06
6.09135e-06
6.0897e-06
6.08857e-06
6.08788e-06
6.08745e-06
6.08725e-06
6.08762e-06
6.08811e-06
6.08783e-06
6.08648e-06
6.08456e-06
6.08287e-06
6.08104e-06
6.07874e-06
6.07609e-06
6.07374e-06
6.07357e-06
6.08397e-06
6.09058e-06
0
0
5.26344e-09
1.4991e-06
1.04629e-05
6.27215e-06
5.83558e-06
6.37599e-06
6.23772e-06
6.25086e-06
6.2527e-06
6.25197e-06
6.25207e-06
6.25118e-06
6.25003e-06
6.24814e-06
6.24563e-06
6.24251e-06
6.23878e-06
6.23449e-06
6.2297e-06
6.22445e-06
6.21881e-06
6.21283e-06
6.20661e-06
6.20022e-06
6.19373e-06
6.18719e-06
6.18065e-06
6.17415e-06
6.16778e-06
6.16161e-06
6.15569e-06
6.15006e-06
6.14475e-06
6.13975e-06
6.13505e-06
6.13064e-06
6.12649e-06
6.1226e-06
6.11896e-06
6.11555e-06
6.11233e-06
6.10925e-06
6.10631e-06
6.10347e-06
6.10073e-06
6.09812e-06
6.09568e-06
6.09349e-06
6.09164e-06
6.09024e-06
6.08937e-06
6.08904e-06
6.08916e-06
6.08957e-06
6.09006e-06
6.09046e-06
6.09077e-06
6.09115e-06
6.09186e-06
6.09315e-06
6.09511e-06
6.09759e-06
6.10034e-06
6.10321e-06
6.10622e-06
6.1086e-06
6.10933e-06
6.1092e-06
6.10908e-06
6.10985e-06
6.1132e-06
6.11997e-06
6.12708e-06
6.12699e-06
6.11892e-06
6.12024e-06
6.13809e-06
6.10862e-06
0
2.26163e-09
0.00069212
0.00253302
0.0163452
0.047412
0.0972394
0.16302
0.239697
0.322199
0.406205
0.487938
0.563915
0.630949
0.686362
0.728372
0.756317
0.770508
0.771886
0.753291
0.704865
0.618602
0.492797
0.337333
0.177553
0.0591728
0.0161997
0.000317616
0
0
0
6.09149e-13
1.1578e-13
2.93637e-06
1.05346e-05
1.0006e-05
6.76051e-06
5.59175e-06
5.90214e-06
6.35948e-06
6.42611e-06
6.3071e-06
6.2356e-06
6.22474e-06
6.22052e-06
6.20652e-06
6.19062e-06
6.17755e-06
6.16666e-06
6.15684e-06
6.1479e-06
6.13981e-06
6.13253e-06
6.12595e-06
6.11999e-06
6.11459e-06
6.1097e-06
6.10531e-06
6.10138e-06
6.09788e-06
6.09483e-06
6.09229e-06
6.09035e-06
6.08898e-06
6.08809e-06
6.08752e-06
6.08716e-06
6.08734e-06
6.08794e-06
6.08784e-06
6.08661e-06
6.08474e-06
6.08308e-06
6.08134e-06
6.07918e-06
6.07656e-06
6.07408e-06
6.07374e-06
6.08413e-06
6.09123e-06
0
8.982e-10
2.55097e-07
8.02592e-06
7.70059e-06
5.73909e-06
6.27086e-06
6.3297e-06
6.25034e-06
6.2679e-06
6.26424e-06
6.26287e-06
6.26138e-06
6.25963e-06
6.25756e-06
6.25499e-06
6.25196e-06
6.24841e-06
6.24433e-06
6.23975e-06
6.23471e-06
6.22926e-06
6.22346e-06
6.21738e-06
6.2111e-06
6.20468e-06
6.19815e-06
6.19155e-06
6.18492e-06
6.17832e-06
6.17183e-06
6.16552e-06
6.15944e-06
6.15365e-06
6.14816e-06
6.14299e-06
6.13811e-06
6.13353e-06
6.12922e-06
6.12518e-06
6.12141e-06
6.11786e-06
6.11449e-06
6.11128e-06
6.10819e-06
6.10522e-06
6.10235e-06
6.09963e-06
6.0971e-06
6.09485e-06
6.09297e-06
6.09156e-06
6.09071e-06
6.09038e-06
6.0905e-06
6.09087e-06
6.09129e-06
6.09162e-06
6.09186e-06
6.0922e-06
6.09293e-06
6.09426e-06
6.09626e-06
6.09876e-06
6.10151e-06
6.10438e-06
6.10736e-06
6.10961e-06
6.11019e-06
6.10995e-06
6.10981e-06
6.11073e-06
6.11442e-06
6.12149e-06
6.12838e-06
6.12756e-06
6.11924e-06
6.12208e-06
6.13965e-06
6.10784e-06
0
0
0
7.27955e-07
0.00134578
0.00508384
0.0217841
0.055882
0.108524
0.177222
0.257272
0.343366
0.430468
0.514017
0.589952
0.65482
0.706028
0.742217
0.763609
0.770845
0.76288
0.729792
0.661535
0.552511
0.406505
0.243627
0.0980628
0.0108467
0.00361487
0
0
0
2.30639e-19
2.34263e-09
4.26419e-07
7.47329e-06
1.1198e-05
7.95786e-06
5.82526e-06
5.70701e-06
6.2106e-06
6.42297e-06
6.33575e-06
6.23492e-06
6.21075e-06
6.2131e-06
6.20552e-06
6.19031e-06
6.17607e-06
6.16458e-06
6.1547e-06
6.14578e-06
6.13771e-06
6.13043e-06
6.12386e-06
6.11794e-06
6.11259e-06
6.10777e-06
6.10346e-06
6.09962e-06
6.09624e-06
6.09339e-06
6.09115e-06
6.08952e-06
6.0884e-06
6.08767e-06
6.08716e-06
6.08713e-06
6.08769e-06
6.08779e-06
6.08671e-06
6.08487e-06
6.08325e-06
6.08161e-06
6.07959e-06
6.07702e-06
6.07443e-06
6.07394e-06
6.08432e-06
6.0919e-06
6.98633e-10
1.86185e-07
6.18751e-06
8.18519e-06
6.14589e-06
6.09084e-06
6.38174e-06
6.2919e-06
6.27951e-06
6.28484e-06
6.27937e-06
6.27642e-06
6.2733e-06
6.27022e-06
6.26697e-06
6.26349e-06
6.2597e-06
6.25553e-06
6.25094e-06
6.24593e-06
6.24053e-06
6.23478e-06
6.22876e-06
6.22251e-06
6.21611e-06
6.20959e-06
6.20296e-06
6.19626e-06
6.18951e-06
6.18279e-06
6.17616e-06
6.16969e-06
6.16345e-06
6.15748e-06
6.15181e-06
6.14644e-06
6.14138e-06
6.13661e-06
6.13213e-06
6.12794e-06
6.12401e-06
6.12031e-06
6.11679e-06
6.11342e-06
6.11018e-06
6.10707e-06
6.10407e-06
6.10124e-06
6.09861e-06
6.0963e-06
6.09439e-06
6.09298e-06
6.09214e-06
6.09182e-06
6.09193e-06
6.09225e-06
6.09259e-06
6.09282e-06
6.093e-06
6.09331e-06
6.09406e-06
6.09544e-06
6.09748e-06
6.09999e-06
6.10273e-06
6.1056e-06
6.10854e-06
6.11065e-06
6.11107e-06
6.11072e-06
6.11058e-06
6.11168e-06
6.11575e-06
6.12311e-06
6.1297e-06
6.12809e-06
6.11959e-06
6.12412e-06
6.14119e-06
6.10687e-06
3.54544e-09
1.63242e-16
0
0
0
0.000163586
0.000537594
0.00787072
0.0271897
0.0639509
0.119477
0.191618
0.275688
0.365807
0.456016
0.540887
0.61581
0.677186
0.722745
0.751776
0.765171
0.764362
0.743227
0.691025
0.599035
0.466347
0.306017
0.148301
0.0393698
0.0110431
0
0
0
0
9.10246e-11
1.03126e-08
4.36219e-06
1.12924e-05
9.45089e-06
6.32429e-06
5.54719e-06
6.01905e-06
6.43144e-06
6.42907e-06
6.28525e-06
6.20989e-06
6.19957e-06
6.19856e-06
6.18843e-06
6.1748e-06
6.16268e-06
6.1525e-06
6.14356e-06
6.1355e-06
6.12824e-06
6.1217e-06
6.11582e-06
6.11054e-06
6.10581e-06
6.1016e-06
6.09787e-06
6.09468e-06
6.09212e-06
6.0902e-06
6.08884e-06
6.08793e-06
6.08726e-06
6.08701e-06
6.08741e-06
6.08765e-06
6.08676e-06
6.08497e-06
6.08338e-06
6.08183e-06
6.07997e-06
6.07747e-06
6.07481e-06
6.07416e-06
6.08452e-06
6.09262e-06
8.54438e-07
5.77144e-06
7.89877e-06
6.52415e-06
6.08081e-06
6.32838e-06
6.34537e-06
6.29654e-06
6.30307e-06
6.3001e-06
6.29492e-06
6.29072e-06
6.28633e-06
6.28196e-06
6.27755e-06
6.27306e-06
6.26842e-06
6.26353e-06
6.25833e-06
6.25283e-06
6.24702e-06
6.24095e-06
6.23467e-06
6.22823e-06
6.22166e-06
6.21498e-06
6.20821e-06
6.20136e-06
6.19447e-06
6.18759e-06
6.18081e-06
6.17418e-06
6.16776e-06
6.1616e-06
6.15573e-06
6.15016e-06
6.14489e-06
6.13993e-06
6.13527e-06
6.13091e-06
6.12681e-06
6.12293e-06
6.11925e-06
6.11571e-06
6.11231e-06
6.10904e-06
6.10591e-06
6.10295e-06
6.10024e-06
6.09786e-06
6.09593e-06
6.09452e-06
6.09369e-06
6.09338e-06
6.09345e-06
6.09371e-06
6.09396e-06
6.0941e-06
6.0942e-06
6.0945e-06
6.09526e-06
6.09669e-06
6.09876e-06
6.10129e-06
6.10402e-06
6.10688e-06
6.10977e-06
6.11172e-06
6.11197e-06
6.11153e-06
6.11141e-06
6.11273e-06
6.11721e-06
6.12484e-06
6.13105e-06
6.12858e-06
6.11999e-06
6.12636e-06
6.14267e-06
6.10568e-06
3.07235e-06
5.52156e-08
2.75515e-10
0
0
0
1.96185e-09
0.000366498
0.00124005
0.010455
0.0325188
0.0719945
0.130809
0.207109
0.295934
0.390508
0.483714
0.569171
0.641796
0.698048
0.736213
0.756646
0.760548
0.748398
0.709882
0.634402
0.516925
0.364306
0.202085
0.072817
0.0197493
0.000568981
0
0
0
2.54801e-14
6.37322e-09
1.30577e-06
9.05947e-06
1.10604e-05
7.5709e-06
5.46232e-06
5.44916e-06
6.0746e-06
6.39096e-06
6.35683e-06
6.25054e-06
6.20109e-06
6.19029e-06
6.1835e-06
6.1725e-06
6.1607e-06
6.15026e-06
6.14121e-06
6.13317e-06
6.12594e-06
6.11944e-06
6.11362e-06
6.10843e-06
6.1038e-06
6.0997e-06
6.09616e-06
6.09326e-06
6.09103e-06
6.08941e-06
6.08829e-06
6.08745e-06
6.08699e-06
6.08719e-06
6.08746e-06
6.08675e-06
6.08507e-06
6.08346e-06
6.082e-06
6.08032e-06
6.07791e-06
6.0752e-06
6.0744e-06
6.08473e-06
6.09334e-06
6.38638e-06
7.41852e-06
6.59775e-06
6.15059e-06
6.2558e-06
6.33909e-06
6.3091e-06
6.30531e-06
6.31071e-06
6.30812e-06
6.30514e-06
6.30154e-06
6.29725e-06
6.29256e-06
6.28762e-06
6.2825e-06
6.2772e-06
6.2717e-06
6.26598e-06
6.26004e-06
6.25388e-06
6.24754e-06
6.24103e-06
6.2344e-06
6.22765e-06
6.22079e-06
6.21384e-06
6.20681e-06
6.19975e-06
6.19271e-06
6.18576e-06
6.17895e-06
6.17234e-06
6.16598e-06
6.15989e-06
6.1541e-06
6.14862e-06
6.14345e-06
6.1386e-06
6.13405e-06
6.12977e-06
6.12571e-06
6.12184e-06
6.11812e-06
6.11455e-06
6.11111e-06
6.10784e-06
6.10476e-06
6.10195e-06
6.09952e-06
6.09757e-06
6.09617e-06
6.09534e-06
6.09503e-06
6.09506e-06
6.09524e-06
6.09538e-06
6.09542e-06
6.09546e-06
6.09573e-06
6.09653e-06
6.098e-06
6.10011e-06
6.10264e-06
6.10537e-06
6.10822e-06
6.11104e-06
6.11281e-06
6.11289e-06
6.11236e-06
6.11228e-06
6.11388e-06
6.1188e-06
6.12665e-06
6.13239e-06
6.12902e-06
6.12045e-06
6.12883e-06
6.14408e-06
6.10427e-06
7.15304e-06
5.08112e-06
1.32612e-06
6.03501e-09
1.16478e-15
0
0
0
6.85899e-08
0.000687743
0.00247534
0.0131898
0.0373166
0.0791934
0.141015
0.221244
0.314601
0.41336
0.509207
0.594764
0.664458
0.714907
0.74504
0.756126
0.749935
0.722347
0.662409
0.561573
0.421416
0.259525
0.111937
0.018153
0.00621352
0.000247936
0
0
0
3.20844e-10
3.59048e-08
5.20248e-06
1.16631e-05
1.12183e-05
7.71714e-06
5.83864e-06
5.7044e-06
6.08959e-06
6.29761e-06
6.28553e-06
6.22335e-06
6.19034e-06
6.17807e-06
6.16872e-06
6.15819e-06
6.14793e-06
6.13881e-06
6.13077e-06
6.12361e-06
6.1172e-06
6.11146e-06
6.10635e-06
6.10182e-06
6.09788e-06
6.0946e-06
6.09204e-06
6.09013e-06
6.08879e-06
6.08777e-06
6.08709e-06
6.08706e-06
6.0873e-06
6.08674e-06
6.0852e-06
6.08356e-06
6.08213e-06
6.0806e-06
6.07831e-06
6.07559e-06
6.07467e-06
6.08498e-06
6.09413e-06
6.93832e-06
6.48177e-06
6.17723e-06
6.20275e-06
6.27807e-06
6.28344e-06
6.28032e-06
6.29135e-06
6.29779e-06
6.30069e-06
6.30223e-06
6.30196e-06
6.30018e-06
6.29721e-06
6.29332e-06
6.28874e-06
6.28362e-06
6.27809e-06
6.27226e-06
6.26619e-06
6.25992e-06
6.2535e-06
6.24694e-06
6.24025e-06
6.23344e-06
6.22649e-06
6.21944e-06
6.2123e-06
6.20513e-06
6.19797e-06
6.19088e-06
6.18392e-06
6.17714e-06
6.17058e-06
6.16429e-06
6.15829e-06
6.1526e-06
6.14723e-06
6.14219e-06
6.13744e-06
6.13296e-06
6.1287e-06
6.12462e-06
6.12072e-06
6.11696e-06
6.11335e-06
6.10992e-06
6.10672e-06
6.10383e-06
6.10135e-06
6.09937e-06
6.09798e-06
6.09716e-06
6.09682e-06
6.0968e-06
6.09689e-06
6.09691e-06
6.09683e-06
6.0968e-06
6.09706e-06
6.09789e-06
6.09941e-06
6.10154e-06
6.10407e-06
6.10679e-06
6.10964e-06
6.11236e-06
6.11393e-06
6.11383e-06
6.11322e-06
6.11323e-06
6.11514e-06
6.12052e-06
6.12856e-06
6.13372e-06
6.12939e-06
6.12097e-06
6.13152e-06
6.14535e-06
6.10255e-06
6.62192e-06
6.94852e-06
6.59414e-06
3.89123e-06
8.47856e-07
3.96168e-09
8.8319e-16
6.25547e-21
0
0
5.04046e-07
0.000857724
0.0031379
0.012754
0.0338149
0.0709854
0.127471
0.203489
0.295208
0.395179
0.494151
0.583276
0.655711
0.707307
0.736532
0.743562
0.730078
0.691652
0.619033
0.507057
0.362917
0.209423
0.0874611
0.00980103
0.00412542
0.000225034
0
0
5.32649e-14
1.08026e-11
8.25502e-09
1.20203e-06
6.86528e-06
1.02924e-05
8.37974e-06
6.35197e-06
5.86529e-06
6.07144e-06
6.24767e-06
6.2536e-06
6.2079e-06
6.17952e-06
6.16649e-06
6.15665e-06
6.14677e-06
6.13747e-06
6.12922e-06
6.12196e-06
6.11554e-06
6.10982e-06
6.10475e-06
6.10031e-06
6.09656e-06
6.09354e-06
6.09124e-06
6.08959e-06
6.08834e-06
6.08744e-06
6.08713e-06
6.08725e-06
6.08683e-06
6.08545e-06
6.08378e-06
6.08232e-06
6.08085e-06
6.07872e-06
6.07602e-06
6.07495e-06
6.08526e-06
6.09497e-06
6.32781e-06
6.20921e-06
6.19703e-06
6.21855e-06
6.22504e-06
6.22572e-06
6.23477e-06
6.24674e-06
6.25755e-06
6.26777e-06
6.27665e-06
6.28354e-06
6.28831e-06
6.29094e-06
6.29156e-06
6.29036e-06
6.28762e-06
6.28366e-06
6.27877e-06
6.27321e-06
6.2672e-06
6.26088e-06
6.25437e-06
6.24769e-06
6.24085e-06
6.23387e-06
6.22675e-06
6.2195e-06
6.21219e-06
6.20486e-06
6.19757e-06
6.19038e-06
6.18335e-06
6.17654e-06
6.16998e-06
6.16371e-06
6.15775e-06
6.15212e-06
6.14682e-06
6.14181e-06
6.13705e-06
6.13252e-06
6.12819e-06
6.12402e-06
6.12002e-06
6.11619e-06
6.11258e-06
6.10923e-06
6.10625e-06
6.10372e-06
6.10174e-06
6.10035e-06
6.09953e-06
6.09916e-06
6.09905e-06
6.099e-06
6.09886e-06
6.09865e-06
6.09854e-06
6.0988e-06
6.09967e-06
6.10124e-06
6.1034e-06
6.10593e-06
6.10864e-06
6.11145e-06
6.11403e-06
6.11533e-06
6.11502e-06
6.11434e-06
6.11448e-06
6.11682e-06
6.12274e-06
6.13089e-06
6.13527e-06
6.1298e-06
6.1217e-06
6.13472e-06
6.14662e-06
6.10062e-06
6.40764e-06
6.52923e-06
6.80724e-06
7.28466e-06
6.83083e-06
4.26325e-06
1.07805e-06
6.47374e-12
1.27824e-13
5.93676e-18
0
0
7.29947e-07
0.000199055
0.00046201
0.00559102
0.0188349
0.0458333
0.0913182
0.157935
0.244528
0.344874
0.448812
0.545299
0.625394
0.683442
0.717258
0.726578
0.712276
0.672292
0.597864
0.484989
0.34278
0.19648
0.0816864
0.00976988
0.00374974
1.11561e-05
0
0
0
1.33864e-12
5.24181e-09
9.76429e-07
6.75392e-06
9.80756e-06
7.74087e-06
6.11133e-06
5.88925e-06
6.12264e-06
6.24059e-06
6.2246e-06
6.1883e-06
6.16832e-06
6.15695e-06
6.14702e-06
6.1375e-06
6.12887e-06
6.12128e-06
6.11462e-06
6.10872e-06
6.10355e-06
6.09915e-06
6.09559e-06
6.09281e-06
6.09075e-06
6.08921e-06
6.08804e-06
6.0874e-06
6.08732e-06
6.08699e-06
6.08577e-06
6.08408e-06
6.08258e-06
6.0811e-06
6.07913e-06
6.07647e-06
6.07527e-06
6.08559e-06
6.09587e-06
6.347e-06
6.31543e-06
6.29007e-06
6.26113e-06
6.23421e-06
6.21554e-06
6.20576e-06
6.20271e-06
6.20522e-06
6.21216e-06
6.22149e-06
6.23224e-06
6.24316e-06
6.25323e-06
6.26177e-06
6.26822e-06
6.2724e-06
6.2743e-06
6.2741e-06
6.27211e-06
6.26868e-06
6.26417e-06
6.25889e-06
6.25306e-06
6.24685e-06
6.24035e-06
6.23361e-06
6.22668e-06
6.21959e-06
6.21238e-06
6.20511e-06
6.19786e-06
6.19069e-06
6.18369e-06
6.1769e-06
6.17039e-06
6.16417e-06
6.15826e-06
6.15265e-06
6.14732e-06
6.14224e-06
6.13738e-06
6.13271e-06
6.12823e-06
6.12393e-06
6.11984e-06
6.116e-06
6.11249e-06
6.10941e-06
6.10684e-06
6.10485e-06
6.10347e-06
6.10263e-06
6.10218e-06
6.10193e-06
6.10167e-06
6.10132e-06
6.10095e-06
6.10076e-06
6.10102e-06
6.10194e-06
6.10356e-06
6.10573e-06
6.10823e-06
6.11092e-06
6.11368e-06
6.11602e-06
6.11696e-06
6.11642e-06
6.1157e-06
6.11606e-06
6.11895e-06
6.12548e-06
6.13362e-06
6.13692e-06
6.13016e-06
6.12267e-06
6.13847e-06
6.14769e-06
6.09818e-06
6.50194e-06
6.51496e-06
6.55169e-06
6.71276e-06
7.00155e-06
7.34077e-06
6.82205e-06
4.61948e-06
1.48898e-06
4.94971e-09
2.91906e-11
9.66968e-18
0
0
4.45769e-10
9.26561e-06
0.000430298
0.0011553
0.00913526
0.0282778
0.0653183
0.124866
0.208168
0.309757
0.418064
0.519901
0.60485
0.666403
0.701743
0.710643
0.693913
0.649642
0.569449
0.45199
0.309158
0.167673
0.0624957
0.00191238
0.00134654
0
0
0
0
4.60795e-11
2.77079e-09
2.6597e-06
9.43777e-06
9.46833e-06
6.92038e-06
5.96715e-06
6.02997e-06
6.19681e-06
6.22413e-06
6.1943e-06
6.17034e-06
6.15674e-06
6.14636e-06
6.1367e-06
6.12785e-06
6.12009e-06
6.11337e-06
6.10747e-06
6.10232e-06
6.09804e-06
6.09466e-06
6.09216e-06
6.09028e-06
6.08885e-06
6.08787e-06
6.08751e-06
6.08718e-06
6.08613e-06
6.08446e-06
6.08289e-06
6.08136e-06
6.07952e-06
6.07692e-06
6.0756e-06
6.08591e-06
6.09676e-06
6.46662e-06
6.42591e-06
6.38599e-06
6.3477e-06
6.31128e-06
6.27802e-06
6.24909e-06
6.22534e-06
6.20717e-06
6.19442e-06
6.18783e-06
6.18806e-06
6.1927e-06
6.20087e-06
6.21118e-06
6.22215e-06
6.23268e-06
6.24172e-06
6.24876e-06
6.25344e-06
6.25574e-06
6.25585e-06
6.25412e-06
6.25095e-06
6.24671e-06
6.24171e-06
6.23615e-06
6.23018e-06
6.22389e-06
6.21734e-06
6.2106e-06
6.20373e-06
6.19681e-06
6.18995e-06
6.18319e-06
6.17663e-06
6.1703e-06
6.16423e-06
6.1584e-06
6.15282e-06
6.14746e-06
6.14229e-06
6.13733e-06
6.13255e-06
6.12797e-06
6.12365e-06
6.11962e-06
6.11599e-06
6.11284e-06
6.11025e-06
6.10827e-06
6.10689e-06
6.106e-06
6.10543e-06
6.10498e-06
6.10449e-06
6.10392e-06
6.10339e-06
6.10313e-06
6.1034e-06
6.10438e-06
6.10604e-06
6.1082e-06
6.11069e-06
6.11336e-06
6.11602e-06
6.11808e-06
6.11862e-06
6.11786e-06
6.11715e-06
6.11782e-06
6.12134e-06
6.12846e-06
6.13643e-06
6.13847e-06
6.13038e-06
6.1237e-06
6.14251e-06
6.14841e-06
6.09536e-06
6.55955e-06
6.56961e-06
6.56552e-06
6.57262e-06
6.62056e-06
6.7592e-06
6.99018e-06
7.25105e-06
6.87899e-06
5.08272e-06
1.90239e-06
6.47828e-09
3.7426e-11
1.21203e-18
0
0
0
2.63335e-08
4.9948e-05
0.00112716
0.00366903
0.0177565
0.0487335
0.104253
0.187279
0.291604
0.403542
0.508312
0.594665
0.655725
0.688597
0.693354
0.671967
0.620538
0.531444
0.406253
0.261231
0.125727
0.0361509
0.0102809
0.00024086
0
0
0
3.68616e-15
1.69334e-09
3.0623e-07
6.05578e-06
9.64957e-06
7.73687e-06
6.23326e-06
6.0167e-06
6.15894e-06
6.21595e-06
6.19705e-06
6.17163e-06
6.15567e-06
6.14455e-06
6.13491e-06
6.12601e-06
6.1181e-06
6.11141e-06
6.10576e-06
6.10095e-06
6.09695e-06
6.09385e-06
6.09157e-06
6.08986e-06
6.08855e-06
6.08784e-06
6.08743e-06
6.08652e-06
6.0849e-06
6.08327e-06
6.08165e-06
6.07992e-06
6.07737e-06
6.07593e-06
6.08622e-06
6.09762e-06
6.52487e-06
6.4863e-06
6.45283e-06
6.4199e-06
6.38496e-06
6.34968e-06
6.31597e-06
6.28472e-06
6.25634e-06
6.23129e-06
6.21041e-06
6.19421e-06
6.18279e-06
6.17615e-06
6.17466e-06
6.17856e-06
6.18589e-06
6.19548e-06
6.20599e-06
6.21609e-06
6.22482e-06
6.2314e-06
6.23563e-06
6.23749e-06
6.2373e-06
6.23542e-06
6.23227e-06
6.22818e-06
6.22341e-06
6.21813e-06
6.21248e-06
6.20653e-06
6.20039e-06
6.19412e-06
6.18782e-06
6.18155e-06
6.17539e-06
6.16936e-06
6.1635e-06
6.1578e-06
6.15227e-06
6.14691e-06
6.14173e-06
6.13673e-06
6.13196e-06
6.12747e-06
6.12333e-06
6.11963e-06
6.11647e-06
6.1139e-06
6.11195e-06
6.11055e-06
6.10958e-06
6.10885e-06
6.10817e-06
6.10742e-06
6.10663e-06
6.10595e-06
6.10565e-06
6.10595e-06
6.10698e-06
6.10867e-06
6.11083e-06
6.11329e-06
6.11594e-06
6.11847e-06
6.12017e-06
6.12029e-06
6.11934e-06
6.11872e-06
6.11979e-06
6.12401e-06
6.13167e-06
6.13928e-06
6.13983e-06
6.13047e-06
6.1253e-06
6.14678e-06
6.14866e-06
6.0922e-06
6.57765e-06
6.58918e-06
6.58375e-06
6.58069e-06
6.5856e-06
6.59525e-06
6.62357e-06
6.7199e-06
6.93334e-06
7.18509e-06
7.02266e-06
5.20898e-06
1.70324e-06
6.51616e-10
4.86161e-12
9.28121e-19
0
0
0
0
3.68545e-06
0.00054896
0.00159332
0.0123456
0.0400198
0.0964192
0.183794
0.292634
0.406883
0.511206
0.594502
0.650303
0.676634
0.67355
0.644876
0.58269
0.480203
0.343841
0.198464
0.0776695
0.00932826
0.00304762
1.6205e-06
0
0
0
5.3175e-13
1.94984e-18
2.45562e-06
8.90818e-06
8.23724e-06
6.50807e-06
6.04431e-06
6.12658e-06
6.19982e-06
6.19614e-06
6.17423e-06
6.15731e-06
6.1449e-06
6.13451e-06
6.12508e-06
6.11653e-06
6.10935e-06
6.10375e-06
6.09935e-06
6.09583e-06
6.09312e-06
6.09111e-06
6.08947e-06
6.08835e-06
6.08774e-06
6.08693e-06
6.08539e-06
6.08371e-06
6.08199e-06
6.08032e-06
6.07783e-06
6.07625e-06
6.08649e-06
6.09846e-06
6.54727e-06
6.51764e-06
6.4939e-06
6.46767e-06
6.43701e-06
6.40465e-06
6.37249e-06
6.34104e-06
6.31058e-06
6.28164e-06
6.25487e-06
6.23084e-06
6.21001e-06
6.19274e-06
6.17951e-06
6.17053e-06
6.16569e-06
6.16486e-06
6.16817e-06
6.17528e-06
6.18435e-06
6.19418e-06
6.20328e-06
6.21084e-06
6.21623e-06
6.21936e-06
6.22033e-06
6.21951e-06
6.21728e-06
6.21402e-06
6.21e-06
6.20545e-06
6.20051e-06
6.19527e-06
6.18984e-06
6.18427e-06
6.17863e-06
6.17296e-06
6.16731e-06
6.16172e-06
6.15622e-06
6.15083e-06
6.14557e-06
6.1405e-06
6.13565e-06
6.13112e-06
6.12697e-06
6.12331e-06
6.1202e-06
6.1177e-06
6.11579e-06
6.11437e-06
6.11328e-06
6.11235e-06
6.11141e-06
6.11041e-06
6.10941e-06
6.10862e-06
6.10831e-06
6.10866e-06
6.10975e-06
6.11145e-06
6.1136e-06
6.11606e-06
6.11867e-06
6.12101e-06
6.12227e-06
6.12195e-06
6.12086e-06
6.12041e-06
6.122e-06
6.12699e-06
6.13511e-06
6.14211e-06
6.14095e-06
6.13048e-06
6.12767e-06
6.15123e-06
6.14831e-06
6.08847e-06
6.57561e-06
6.59048e-06
6.58532e-06
6.5778e-06
6.58129e-06
6.58977e-06
6.58773e-06
6.57512e-06
6.58678e-06
6.68227e-06
6.93568e-06
7.19589e-06
6.89615e-06
4.78517e-06
1.24946e-06
4.01221e-10
3.34661e-12
1.15386e-17
0
0
0
0
1.80352e-07
0.000166402
0.000191223
0.0100368
0.0402785
0.104253
0.199795
0.313018
0.426736
0.526247
0.601498
0.647156
0.663274
0.650643
0.609835
0.530348
0.409473
0.263356
0.125206
0.0343659
0.00100357
0.000387651
0
0
0
3.2689e-24
4.72361e-09
1.08761e-06
7.38372e-06
8.46763e-06
6.79517e-06
6.13845e-06
6.13507e-06
6.19057e-06
6.18798e-06
6.16898e-06
6.15374e-06
6.14241e-06
6.13297e-06
6.12409e-06
6.11547e-06
6.10787e-06
6.10202e-06
6.09781e-06
6.09478e-06
6.09254e-06
6.0906e-06
6.08905e-06
6.08815e-06
6.08737e-06
6.08592e-06
6.08423e-06
6.08237e-06
6.08074e-06
6.07828e-06
6.07657e-06
6.08671e-06
6.09926e-06
6.55296e-06
6.53639e-06
6.52333e-06
6.50401e-06
6.47854e-06
6.45042e-06
6.42123e-06
6.39134e-06
6.36115e-06
6.33131e-06
6.30246e-06
6.27516e-06
6.24985e-06
6.22695e-06
6.20684e-06
6.18982e-06
6.17614e-06
6.16593e-06
6.15944e-06
6.15669e-06
6.15729e-06
6.16123e-06
6.16834e-06
6.17676e-06
6.18539e-06
6.19301e-06
6.19893e-06
6.20275e-06
6.20453e-06
6.20449e-06
6.203e-06
6.20041e-06
6.19705e-06
6.19313e-06
6.18883e-06
6.18423e-06
6.17941e-06
6.17441e-06
6.16928e-06
6.16407e-06
6.15883e-06
6.15362e-06
6.14849e-06
6.14352e-06
6.13878e-06
6.13436e-06
6.13035e-06
6.12684e-06
6.12389e-06
6.12151e-06
6.11966e-06
6.1182e-06
6.11698e-06
6.11583e-06
6.11463e-06
6.11339e-06
6.11222e-06
6.11138e-06
6.11109e-06
6.11152e-06
6.11266e-06
6.11438e-06
6.11654e-06
6.119e-06
6.12154e-06
6.12361e-06
6.12436e-06
6.12358e-06
6.12242e-06
6.12226e-06
6.12449e-06
6.1303e-06
6.13874e-06
6.14485e-06
6.14177e-06
6.13052e-06
6.1309e-06
6.15575e-06
6.14731e-06
6.08517e-06
6.54831e-06
6.56997e-06
6.57274e-06
6.56477e-06
6.56277e-06
6.57157e-06
6.58008e-06
6.57351e-06
6.54974e-06
6.53085e-06
6.56468e-06
6.69706e-06
6.92845e-06
7.04378e-06
6.36336e-06
4.3185e-06
1.26612e-06
3.98941e-09
2.55625e-11
1.04885e-16
0
0
0
0
5.62825e-11
0.000110267
3.60271e-05
0.0134563
0.0540145
0.130835
0.23506
0.349994
0.458946
0.548761
0.611294
0.643214
0.645425
0.620886
0.56103
0.457164
0.316662
0.171016
0.0625474
0.0057699
0.00182661
3.02737e-08
0
0
0
1.29831e-09
2.76012e-07
5.88914e-06
8.4577e-06
6.88841e-06
6.13881e-06
6.13737e-06
6.20167e-06
6.19189e-06
6.16529e-06
6.14741e-06
6.136e-06
6.12784e-06
6.12082e-06
6.11353e-06
6.1064e-06
6.10061e-06
6.09664e-06
6.09404e-06
6.09188e-06
6.08994e-06
6.08868e-06
6.08785e-06
6.0865e-06
6.08482e-06
6.08283e-06
6.08117e-06
6.07876e-06
6.07689e-06
6.08695e-06
6.10002e-06
6.53511e-06
6.53288e-06
6.53095e-06
6.52137e-06
6.50571e-06
6.48655e-06
6.46432e-06
6.43913e-06
6.41163e-06
6.38277e-06
6.35347e-06
6.32448e-06
6.29645e-06
6.26993e-06
6.24536e-06
6.22311e-06
6.20345e-06
6.18661e-06
6.17284e-06
6.1623e-06
6.15498e-06
6.15098e-06
6.1502e-06
6.15213e-06
6.15658e-06
6.16332e-06
6.17068e-06
6.17778e-06
6.18364e-06
6.18783e-06
6.19013e-06
6.19072e-06
6.18982e-06
6.18779e-06
6.18494e-06
6.18151e-06
6.17769e-06
6.17356e-06
6.16918e-06
6.16461e-06
6.15989e-06
6.1551e-06
6.15033e-06
6.14567e-06
6.14122e-06
6.13709e-06
6.13337e-06
6.13013e-06
6.12742e-06
6.12522e-06
6.12344e-06
6.12194e-06
6.12057e-06
6.11919e-06
6.11775e-06
6.11631e-06
6.11504e-06
6.11419e-06
6.11397e-06
6.11448e-06
6.11568e-06
6.11742e-06
6.11959e-06
6.12206e-06
6.12451e-06
6.12622e-06
6.12639e-06
6.12515e-06
6.12401e-06
6.12426e-06
6.12727e-06
6.13392e-06
6.14252e-06
6.14741e-06
6.14223e-06
6.13065e-06
6.13501e-06
6.16019e-06
6.14556e-06
6.08252e-06
6.52887e-06
6.55963e-06
6.57574e-06
6.57656e-06
6.57383e-06
6.57764e-06
6.58705e-06
6.59127e-06
6.57944e-06
6.55275e-06
6.53085e-06
6.54683e-06
6.62451e-06
6.7482e-06
6.81118e-06
6.66454e-06
6.06684e-06
4.54025e-06
1.69086e-06
2.89634e-08
1.60823e-10
3.21322e-16
0
0
0
0
1.14897e-12
0.0002723
0.000506807
0.0240775
0.0832647
0.174837
0.284879
0.396565
0.494954
0.56938
0.614268
0.629837
0.617335
0.573629
0.485915
0.355628
0.208536
0.0855063
0.0182997
0.000341794
4.41739e-05
0
0
0
2.13943e-10
4.10415e-08
4.59293e-06
8.85952e-06
7.24893e-06
6.11259e-06
6.03694e-06
6.16108e-06
6.19126e-06
6.17032e-06
6.14775e-06
6.13255e-06
6.12291e-06
6.11633e-06
6.11041e-06
6.10445e-06
6.09944e-06
6.09605e-06
6.09344e-06
6.09104e-06
6.08934e-06
6.08835e-06
6.0871e-06
6.08549e-06
6.08335e-06
6.08169e-06
6.07922e-06
6.07716e-06
6.0869e-06
6.10073e-06
6.51355e-06
6.51245e-06
6.51161e-06
6.50798e-06
6.50277e-06
6.49601e-06
6.48605e-06
6.47193e-06
6.45367e-06
6.43179e-06
6.407e-06
6.38014e-06
6.35214e-06
6.32392e-06
6.29628e-06
6.26988e-06
6.24524e-06
6.2228e-06
6.20289e-06
6.18578e-06
6.17163e-06
6.16056e-06
6.15263e-06
6.14765e-06
6.14555e-06
6.14606e-06
6.14861e-06
6.15291e-06
6.15866e-06
6.16458e-06
6.16992e-06
6.17405e-06
6.17667e-06
6.17769e-06
6.17724e-06
6.1756e-06
6.17308e-06
6.16997e-06
6.16649e-06
6.16273e-06
6.15878e-06
6.15471e-06
6.15058e-06
6.14652e-06
6.14262e-06
6.13901e-06
6.13578e-06
6.13297e-06
6.13061e-06
6.12863e-06
6.12696e-06
6.12543e-06
6.12393e-06
6.12236e-06
6.12074e-06
6.11918e-06
6.1179e-06
6.11713e-06
6.11704e-06
6.11766e-06
6.11893e-06
6.12071e-06
6.12292e-06
6.12539e-06
6.12764e-06
6.12887e-06
6.12839e-06
6.12678e-06
6.12582e-06
6.12669e-06
6.13062e-06
6.13806e-06
6.14647e-06
6.14967e-06
6.14232e-06
6.13119e-06
6.14023e-06
6.16435e-06
6.14343e-06
6.08139e-06
6.54844e-06
6.58655e-06
6.61167e-06
6.62326e-06
6.62768e-06
6.63434e-06
6.64837e-06
6.66705e-06
6.68158e-06
6.68435e-06
6.67966e-06
6.68698e-06
6.73294e-06
6.82328e-06
6.89718e-06
6.84275e-06
6.70445e-06
6.68241e-06
6.69778e-06
5.5655e-06
2.50668e-06
7.06223e-08
3.86843e-10
2.07982e-15
0
0
0
0
3.68727e-09
0.0027491
0.0105823
0.0535438
0.133835
0.239703
0.353922
0.459857
0.544385
0.599876
0.624337
0.618359
0.583953
0.506687
0.382213
0.230985
0.0964922
0.0133855
0.00539983
0.000893404
0.000225384
2.44633e-08
0
9.01465e-14
1.01641e-08
2.28432e-06
8.30632e-06
8.09034e-06
6.60597e-06
6.14084e-06
6.1398e-06
6.17096e-06
6.16548e-06
6.14759e-06
6.13111e-06
6.11945e-06
6.11199e-06
6.10647e-06
6.10177e-06
6.0982e-06
6.09519e-06
6.09227e-06
6.09006e-06
6.08883e-06
6.08767e-06
6.08611e-06
6.08394e-06
6.08206e-06
6.07976e-06
6.07747e-06
6.08748e-06
6.10137e-06
6.5144e-06
6.49542e-06
6.47798e-06
6.46541e-06
6.45819e-06
6.45502e-06
6.45331e-06
6.45112e-06
6.44709e-06
6.4401e-06
6.42939e-06
6.41469e-06
6.39631e-06
6.37492e-06
6.35135e-06
6.32647e-06
6.30111e-06
6.27605e-06
6.25201e-06
6.22957e-06
6.20925e-06
6.19141e-06
6.17634e-06
6.16414e-06
6.15486e-06
6.14844e-06
6.14462e-06
6.14322e-06
6.14389e-06
6.14607e-06
6.14921e-06
6.15302e-06
6.15734e-06
6.1611e-06
6.16392e-06
6.1654e-06
6.16557e-06
6.16455e-06
6.16259e-06
6.15992e-06
6.15682e-06
6.1535e-06
6.1501e-06
6.1467e-06
6.14343e-06
6.1404e-06
6.13768e-06
6.13532e-06
6.1333e-06
6.13154e-06
6.12994e-06
6.12837e-06
6.12673e-06
6.12499e-06
6.12322e-06
6.12159e-06
6.12033e-06
6.11966e-06
6.11968e-06
6.12038e-06
6.12168e-06
6.1235e-06
6.12576e-06
6.12824e-06
6.13031e-06
6.13107e-06
6.12996e-06
6.12799e-06
6.12723e-06
6.12871e-06
6.13355e-06
6.14174e-06
6.14996e-06
6.15151e-06
6.14207e-06
6.13148e-06
6.14533e-06
6.16814e-06
6.14021e-06
6.07973e-06
6.85427e-06
6.93379e-06
7.01004e-06
7.08052e-06
7.14427e-06
7.20605e-06
7.27245e-06
7.34718e-06
7.42755e-06
7.50442e-06
7.56794e-06
7.61756e-06
7.67081e-06
7.75924e-06
7.89585e-06
8.01172e-06
7.95807e-06
7.69199e-06
7.59349e-06
8.02308e-06
8.83737e-06
7.87349e-06
4.2121e-06
3.59013e-07
1.37464e-09
0
0
0
0
0
0.000115326
0.00468087
0.0172254
0.0682279
0.148902
0.248277
0.35165
0.444895
0.517481
0.563737
0.583085
0.573027
0.527749
0.437688
0.311925
0.180087
0.0828682
0.0298209
0.00735715
0.000288035
2.80208e-05
0
0
3.07821e-09
6.46513e-07
4.55506e-06
6.66648e-06
6.55292e-06
6.2688e-06
6.18567e-06
6.17258e-06
6.16194e-06
6.14745e-06
6.13302e-06
6.12114e-06
6.1123e-06
6.10599e-06
6.10174e-06
6.09839e-06
6.09494e-06
6.09184e-06
6.08993e-06
6.0886e-06
6.08734e-06
6.08498e-06
6.08323e-06
6.0806e-06
6.07833e-06
6.08643e-06
6.10282e-06
6.74973e-06
6.67402e-06
6.60597e-06
6.55137e-06
6.50823e-06
6.47474e-06
6.44901e-06
6.42986e-06
6.41588e-06
6.40527e-06
6.39621e-06
6.38725e-06
6.37752e-06
6.36645e-06
6.35373e-06
6.3392e-06
6.32295e-06
6.30533e-06
6.28683e-06
6.26798e-06
6.2493e-06
6.23123e-06
6.21426e-06
6.19873e-06
6.18496e-06
6.17314e-06
6.16336e-06
6.15565e-06
6.14993e-06
6.14599e-06
6.14355e-06
6.14247e-06
6.14253e-06
6.14334e-06
6.14449e-06
6.14548e-06
6.14621e-06
6.14691e-06
6.14725e-06
6.14712e-06
6.14644e-06
6.14529e-06
6.14387e-06
6.14233e-06
6.14076e-06
6.13924e-06
6.13783e-06
6.13653e-06
6.13531e-06
6.13408e-06
6.13277e-06
6.13131e-06
6.12971e-06
6.12801e-06
6.12638e-06
6.12502e-06
6.12412e-06
6.12382e-06
6.12418e-06
6.12515e-06
6.12669e-06
6.12875e-06
6.13117e-06
6.13348e-06
6.13486e-06
6.13454e-06
6.13253e-06
6.13053e-06
6.13079e-06
6.13392e-06
6.14041e-06
6.14913e-06
6.15544e-06
6.15294e-06
6.14092e-06
6.13455e-06
6.15644e-06
6.17211e-06
6.13694e-06
6.08294e-06
)
;

boundaryField
{
    inlet
    {
        type            freestream;
        freestreamValue uniform 1e-05;
        value           nonuniform List<scalar> 
134
(
1e-05
1e-05
1e-05
1e-05
1e-05
1e-05
1e-05
1e-05
1e-05
1e-05
6.06921e-06
6.07077e-06
6.07265e-06
6.07445e-06
6.07616e-06
6.07777e-06
6.07927e-06
6.08066e-06
6.08193e-06
6.08305e-06
1e-05
6.08403e-06
6.08485e-06
6.0855e-06
6.08595e-06
6.08623e-06
6.08634e-06
6.08635e-06
6.08635e-06
6.08608e-06
6.08589e-06
6.08556e-06
6.0852e-06
6.08493e-06
6.08478e-06
6.08473e-06
6.08478e-06
6.08492e-06
6.08515e-06
6.08532e-06
1e-05
1e-05
1e-05
1e-05
1e-05
1e-05
1e-05
6.08542e-06
6.08562e-06
6.08592e-06
6.08625e-06
6.08661e-06
6.087e-06
6.08741e-06
6.08786e-06
6.08834e-06
6.08885e-06
6.08939e-06
6.08997e-06
6.09058e-06
6.09123e-06
6.0919e-06
6.09262e-06
6.09334e-06
6.09413e-06
6.09497e-06
6.09587e-06
6.09676e-06
6.09762e-06
6.09846e-06
6.09926e-06
6.10002e-06
6.10073e-06
6.10137e-06
6.10282e-06
1e-05
1e-05
1e-05
1e-05
1e-05
1e-05
1e-05
1e-05
1e-05
1e-05
1e-05
1e-05
1e-05
1e-05
1e-05
1e-05
1e-05
1e-05
1e-05
1e-05
1e-05
1e-05
1e-05
1e-05
1e-05
1e-05
1e-05
1e-05
1e-05
1e-05
1e-05
1e-05
1e-05
1e-05
1e-05
1e-05
1e-05
1e-05
1e-05
1e-05
1e-05
1e-05
1e-05
1e-05
1e-05
1e-05
1e-05
1e-05
1e-05
1e-05
1e-05
1e-05
1e-05
1e-05
1e-05
1e-05
1e-05
1e-05
1e-05
)
;
    }
    outlet
    {
        type            freestream;
        freestreamValue uniform 1e-05;
        value           nonuniform List<scalar> 
160
(
6.85427e-06
6.74973e-06
6.93379e-06
6.67402e-06
7.01004e-06
6.60597e-06
7.08052e-06
6.55137e-06
7.14427e-06
6.50823e-06
7.20605e-06
6.47474e-06
7.27245e-06
6.44901e-06
7.34718e-06
6.42986e-06
7.42755e-06
6.41588e-06
7.50442e-06
6.40527e-06
7.56794e-06
6.39621e-06
7.61756e-06
6.38725e-06
7.67081e-06
6.37752e-06
7.75924e-06
6.36645e-06
7.89585e-06
6.35373e-06
8.01172e-06
6.3392e-06
7.95807e-06
6.32295e-06
7.69199e-06
6.30533e-06
7.59349e-06
6.28683e-06
8.02308e-06
6.26798e-06
8.83737e-06
6.2493e-06
7.87349e-06
6.23123e-06
4.2121e-06
6.21426e-06
3.59013e-07
6.19873e-06
1.37464e-09
6.18496e-06
0
6.17314e-06
0
6.16336e-06
0
6.15565e-06
0
6.14993e-06
0
6.14599e-06
0.000115326
6.14355e-06
0.00468087
6.14247e-06
0.0172254
6.14253e-06
0.0682279
6.14334e-06
0.148902
6.14449e-06
0.248277
6.14548e-06
0.35165
6.14621e-06
0.444895
6.14691e-06
0.517481
6.14725e-06
0.563737
6.14712e-06
0.583085
6.14644e-06
0.573027
6.14529e-06
0.527749
6.14387e-06
0.437688
6.14233e-06
0.311925
6.14076e-06
0.180087
6.13924e-06
0.0828682
6.13783e-06
0.0298209
6.13653e-06
0.00735715
6.13531e-06
0.000288035
6.13408e-06
2.80208e-05
6.13277e-06
0
6.13131e-06
0
6.12971e-06
3.07821e-09
6.12801e-06
6.46513e-07
6.12638e-06
4.55506e-06
6.12502e-06
6.66648e-06
6.12412e-06
6.55292e-06
6.12382e-06
6.2688e-06
6.12418e-06
6.18567e-06
6.12515e-06
6.17258e-06
6.12669e-06
6.16194e-06
6.12875e-06
6.14745e-06
6.13117e-06
6.13302e-06
6.13348e-06
6.12114e-06
6.13486e-06
6.1123e-06
6.13454e-06
6.10599e-06
6.13253e-06
6.10174e-06
6.13053e-06
6.09839e-06
6.13079e-06
6.09494e-06
6.13392e-06
6.09184e-06
6.14041e-06
6.08993e-06
6.14913e-06
6.0886e-06
6.15544e-06
6.08734e-06
6.15294e-06
6.08498e-06
6.14092e-06
6.08323e-06
6.13455e-06
6.0806e-06
6.15644e-06
6.07833e-06
6.17211e-06
6.08643e-06
6.13694e-06
6.10282e-06
6.08294e-06
)
;
    }
    walls
    {
        type            nutUSpaldingWallFunction;
        value           nonuniform List<scalar> 
78
(
0.00276441
0.00300712
0.00326045
0.00347142
0.00367195
0.00385271
0.00400121
0.0041227
0.00421899
0.00428849
0.00433721
0.00436753
0.00437989
0.00437406
0.00434357
0.00428716
0.0042002
0.00407957
0.00391718
0.00370902
0.00344447
0.00312219
0.00275179
0.00238985
0.00216685
0.00212303
0.00218706
0.00228393
0.00237363
0.00243541
0.00246262
0.00244767
0.00239737
0.00232053
0.00221782
0.00208699
0.00189529
0.00165567
0.0010235
0.00251031
0.00222588
0.00191057
0.00152686
0.00111402
0.000711687
0.000480077
0.000665515
0.00101972
0.00135087
0.00162429
0.00184467
0.00202256
0.00216672
0.00228489
0.00238412
0.00246975
0.00254556
0.00261485
0.00267964
0.00274177
0.00280164
0.00285898
0.00291008
0.00294805
0.00297259
0.00298758
0.00299635
0.00300039
0.0029987
0.00298994
0.00297342
0.00294889
0.00291656
0.00287566
0.00282521
0.00275399
0.00265417
0.00237556
)
;
    }
    frontAndBack
    {
        type            empty;
    }
}


// ************************************************************************* //
