/*--------------------------------*- C++ -*----------------------------------*\
| =========                 |                                                 |
| \\      /  F ield         | OpenFOAM: The Open Source CFD Toolbox           |
|  \\    /   O peration     | Version:  2412                                  |
|   \\  /    A nd           | Website:  www.openfoam.com                      |
|    \\/     M anipulation  |                                                 |
\*---------------------------------------------------------------------------*/
FoamFile
{
    version     2.0;
    format      ascii;
    arch        "LSB;label=32;scalar=64";
    class       volVectorField;
    location    "250";
    object      U;
}
// * * * * * * * * * * * * * * * * * * * * * * * * * * * * * * * * * * * * * //

dimensions      [0 1 -1 0 0 0 0];

internalField   nonuniform List<vector> 
10720
(
(0.487658 26.7516 8.73183e-18)
(2.16674 29.1074 -7.99374e-18)
(4.28922 31.3951 0)
(6.74739 33.213 -3.60402e-16)
(9.47764 34.6375 4.0229e-16)
(12.4135 35.6217 3.01551e-16)
(15.4008 36.0639 4.2871e-16)
(18.3428 35.9956 0)
(21.1539 35.4769 0)
(23.7508 34.5464 0)
(26.0934 33.2772 1.19991e-16)
(28.1605 31.7799 0)
(29.8859 30.0245 2.39318e-15)
(31.2479 28.0401 0)
(32.2061 25.8453 0)
(32.7381 23.4693 0)
(32.7836 20.9115 -4.31699e-15)
(32.2807 18.2075 -6.67352e-15)
(31.1168 15.3689 6.19965e-15)
(29.1929 12.4572 0)
(26.3729 9.5306 5.94346e-15)
(22.7004 6.72302 -1.32447e-14)
(18.4569 4.23175 7.85021e-15)
(14.9753 2.29854 -2.75273e-16)
(13.4474 0.923925 0)
(13.8043 0.0407038 3.84796e-15)
(15.0112 -0.444363 5.18629e-17)
(16.3712 -0.732957 -1.26212e-15)
(17.5197 -0.981727 -4.1545e-15)
(18.277 -1.25074 -1.3881e-14)
(18.6368 -1.54291 5.83893e-15)
(18.6444 -1.83807 1.01416e-14)
(18.3152 -2.10768 8.35807e-15)
(17.7077 -2.33021 2.76248e-14)
(16.8155 -2.48075 -1.08401e-14)
(15.6312 -2.54252 -7.50883e-17)
(13.8089 -2.44188 2.2421e-17)
(11.7006 -2.20752 3.10994e-15)
(5.80819 -1.5206 1.42885e-14)
(-0.818729 24.2521 -4.00095e-18)
(-1.84987 21.4517 -2.08949e-17)
(-2.52864 18.3132 7.61153e-17)
(-2.73515 14.7034 -2.10415e-16)
(-2.31009 10.9845 -6.97707e-16)
(-1.2399 7.31968 1.23556e-15)
(0.337646 4.05708 6.94483e-15)
(2.16393 1.40119 3.29019e-15)
(4.21444 -0.979495 0)
(6.53723 -2.97258 0)
(8.851 -4.38645 1.89849e-15)
(10.9568 -5.2655 6.98585e-16)
(12.816 -5.75066 -1.17552e-15)
(14.4386 -5.96157 9.69693e-16)
(15.8467 -5.99367 1.60296e-15)
(17.074 -5.91029 1.03424e-15)
(18.1539 -5.75855 1.31114e-15)
(19.12 -5.56611 8.67208e-16)
(20.0037 -5.35139 0)
(20.8271 -5.11593 0)
(21.6083 -4.86039 -1.16525e-15)
(22.3579 -4.57433 -5.14526e-17)
(23.077 -4.24287 7.44157e-16)
(23.733 -3.84026 -4.82721e-16)
(24.2558 -3.36639 2.83995e-17)
(24.6279 -2.86689 0)
(24.8816 -2.38069 3.52468e-17)
(25.0551 -1.85875 0)
(25.1641 -1.23538 0)
(25.2057 -0.542406 -3.82092e-17)
(25.1512 0.152986 0)
(24.9954 0.801599 2.02326e-16)
(24.7411 1.38043 2.97445e-16)
(24.3958 1.88302 9.92267e-16)
(23.957 2.31181 -2.63333e-17)
(23.4184 2.67489 -6.41061e-19)
(22.6697 2.97303 0)
(21.6304 3.17113 4.32731e-15)
(18.834 3.32208 8.45231e-15)
(7.198 23.1931 -1.18763e-17)
(9.03134 24.9658 3.79417e-18)
(11.2798 26.5882 0)
(13.8858 27.9542 0)
(16.7098 28.9995 -1.18119e-16)
(19.7562 29.662 -2.89473e-16)
(22.9137 29.8923 0)
(26.0504 29.7077 0)
(29.1118 29.1159 6.41599e-16)
(32.0108 28.1633 0)
(34.6971 26.9103 2.41444e-15)
(37.1368 25.3945 0)
(39.3468 23.7488 8.73246e-16)
(41.3403 22.0261 -8.57106e-16)
(43.1368 20.2432 1.73793e-15)
(44.6835 18.4452 -3.46525e-15)
(45.9637 16.6571 3.68916e-15)
(46.9478 14.9096 3.3572e-15)
(47.5931 13.2131 3.26698e-15)
(47.8141 11.5831 1.98356e-16)
(47.4742 9.99469 -3.39029e-15)
(46.3868 8.39247 3.28697e-15)
(44.4274 6.65534 -1.93487e-16)
(41.6401 4.76052 0)
(38.6109 2.95155 0)
(35.7157 1.45399 0)
(32.9897 0.316177 1.79947e-16)
(30.486 -0.541122 -3.98783e-17)
(28.3103 -1.21648 2.47806e-15)
(26.547 -1.75946 3.13456e-17)
(25.1594 -2.18934 -2.37668e-17)
(24.0151 -2.5236 -8.21084e-17)
(22.9674 -2.78356 5.26805e-15)
(21.8795 -2.97961 -8.50635e-15)
(20.6504 -3.10502 -4.44674e-17)
(19.2412 -3.14666 -9.1977e-15)
(17.3194 -3.04337 0)
(15.2369 -2.80693 -7.9821e-16)
(9.3871 -1.93305 6.73346e-15)
(5.66657 21.3149 1.60822e-17)
(4.35133 19.2372 -6.12873e-17)
(3.22572 16.814 -7.10748e-16)
(2.40257 14.0742 8.86358e-16)
(2.06647 11.1103 0)
(2.3059 8.07468 -1.88533e-15)
(3.11987 5.19366 -1.45492e-15)
(4.3665 2.63293 -9.87813e-15)
(5.9284 0.359803 2.48031e-15)
(7.76973 -1.45348 -1.82066e-15)
(9.70357 -2.71753 2.27907e-15)
(11.569 -3.52066 -6.44106e-16)
(13.3006 -3.98739 0)
(14.8755 -4.21073 -4.19554e-16)
(16.2868 -4.27262 6.32959e-17)
(17.5488 -4.22586 -9.21165e-16)
(18.6807 -4.11409 0)
(19.7081 -3.9608 0)
(20.6558 -3.78266 -9.37494e-17)
(21.5474 -3.57537 9.05476e-17)
(22.3987 -3.33553 -1.04869e-15)
(23.2221 -3.04443 -1.11025e-16)
(24.019 -2.67948 4.82463e-17)
(24.7662 -2.19852 4.98753e-16)
(25.4095 -1.6092 -3.11667e-16)
(25.9221 -0.97725 -2.07927e-16)
(26.3147 -0.32817 0)
(26.5807 0.299772 0)
(26.7121 0.859765 0)
(26.7133 1.33452 9.89642e-18)
(26.6209 1.73317 0)
(26.4534 2.08202 0)
(26.2193 2.4011 -4.70388e-16)
(25.9204 2.69873 -3.10462e-16)
(25.5478 2.97806 2.30786e-17)
(25.1022 3.24152 4.09698e-16)
(24.4807 3.48502 -1.80958e-15)
(23.851 3.69582 -3.36255e-15)
(21.753 3.74099 -5.7402e-15)
(8.55158 21.3716 -2.81549e-18)
(9.85257 22.934 -9.02497e-18)
(11.4457 24.4646 5.058e-18)
(13.287 25.8892 -2.6751e-17)
(15.3276 27.0884 -1.50639e-16)
(17.5672 28.0388 5.41671e-16)
(19.9327 28.6989 -3.83307e-16)
(22.3503 29.0288 -4.66145e-16)
(24.7629 29.0271 1.09128e-17)
(27.1118 28.7031 -6.26723e-16)
(29.3429 28.0776 5.9381e-16)
(31.421 27.1788 -1.55452e-15)
(33.3147 26.0335 -7.44871e-16)
(35.0115 24.6671 0)
(36.4836 23.1221 -1.82453e-15)
(37.781 21.4093 3.68381e-15)
(38.9437 19.5456 0)
(39.9875 17.5805 -6.99625e-15)
(40.9634 15.5557 -3.48432e-15)
(41.9067 13.5399 4.04576e-16)
(42.8859 11.5787 -3.91941e-16)
(43.8762 9.69964 -1.78208e-16)
(44.7132 7.82591 -2.51073e-15)
(45.0272 5.88013 1.295e-15)
(44.6182 3.97256 0)
(43.6351 2.29541 1.21675e-15)
(42.2952 0.930318 -1.45024e-16)
(40.6767 -0.173967 0)
(38.7244 -1.09841 1.90653e-15)
(36.4028 -1.87334 3.53573e-15)
(33.8118 -2.49425 -6.17988e-15)
(31.1887 -2.96023 -5.22997e-15)
(28.766 -3.28648 -1.08763e-16)
(26.6106 -3.49294 -7.01943e-15)
(24.5984 -3.59269 -5.43067e-15)
(22.5896 -3.5875 7.46965e-15)
(20.2229 -3.44048 0)
(17.7481 -3.10318 -5.67642e-16)
(12.13 -2.32172 -9.44766e-15)
(7.49975 19.7335 -2.05383e-17)
(6.586 17.9541 -7.01394e-17)
(5.84328 15.8683 2.88854e-16)
(5.26518 13.5428 0)
(5.006 11.0551 5.23907e-16)
(5.11038 8.48514 0)
(5.60478 5.97704 3.9298e-15)
(6.44009 3.65404 2.08492e-15)
(7.59665 1.58278 1.68842e-15)
(9.01196 -0.147337 0)
(10.5461 -1.49663 -2.37303e-15)
(12.0845 -2.49734 -4.98761e-16)
(13.5648 -3.20876 2.24842e-15)
(14.9539 -3.6869 0)
(16.2346 -3.98372 -1.02422e-15)
(17.4065 -4.14341 -3.082e-16)
(18.4784 -4.20372 1.25681e-15)
(19.4653 -4.19004 6.46434e-16)
(20.3852 -4.11989 1.74435e-16)
(21.256 -3.99764 -9.61159e-17)
(22.0906 -3.82465 9.61868e-16)
(22.8979 -3.59181 0)
(23.6779 -3.28486 0)
(24.4104 -2.88259 2.77908e-17)
(25.0507 -2.40063 0)
(25.5738 -1.88983 4.42562e-16)
(25.9904 -1.37288 -5.30654e-18)
(26.3148 -0.854139 -1.53138e-17)
(26.5523 -0.329406 0)
(26.7034 0.203853 2.56191e-17)
(26.7704 0.747406 -5.44113e-17)
(26.7543 1.28748 0)
(26.6543 1.80448 2.31219e-16)
(26.4694 2.28223 0)
(26.189 2.71309 0)
(25.8119 3.09529 4.34625e-17)
(25.2343 3.42955 -6.05807e-17)
(24.5676 3.67381 3.50572e-15)
(22.6518 3.74495 1.14038e-14)
(11.1354 19.5658 -1.63941e-17)
(12.3504 20.8919 -1.64061e-17)
(13.817 22.1921 1.0124e-17)
(15.5136 23.391 2.08587e-18)
(17.3968 24.3965 0)
(19.4734 25.1904 0)
(21.6888 25.7266 -6.40199e-16)
(23.9836 25.968 7.85072e-16)
(26.3115 25.9054 0)
(28.6173 25.5385 -9.88568e-16)
(30.8493 24.8794 -1.27578e-15)
(32.9685 23.948 -1.21014e-15)
(34.9385 22.7739 1.46025e-15)
(36.7296 21.3937 1.38171e-15)
(38.3257 19.8424 0)
(39.7076 18.1601 2.2196e-15)
(40.824 16.408 7.65091e-16)
(41.6578 14.63 6.20628e-15)
(42.2072 12.863 3.76199e-16)
(42.5026 11.1394 -3.70721e-16)
(42.6088 9.4871 3.15104e-15)
(42.6402 7.91487 -5.14599e-16)
(42.7115 6.37543 2.83903e-15)
(42.7786 4.80115 1.20206e-15)
(42.6269 3.23404 -7.39262e-17)
(42.1657 1.81884 -1.11353e-15)
(41.5148 0.637437 8.13956e-18)
(40.8076 -0.345497 -8.20686e-18)
(40.0603 -1.2056 -1.82448e-15)
(39.1616 -1.97745 -4.78539e-17)
(37.9479 -2.65474 2.99272e-15)
(36.2688 -3.21502 -5.00576e-15)
(34.0818 -3.63537 -3.96135e-15)
(31.5305 -3.90388 1.65575e-18)
(28.846 -4.02498 4.91409e-15)
(26.1809 -4.00173 0)
(23.2973 -3.81679 3.60791e-15)
(20.3364 -3.37045 4.72768e-16)
(14.7259 -2.62958 3.82502e-15)
(10.1241 18.184 -3.33614e-17)
(9.2251 16.6929 9.7343e-17)
(8.45523 14.9397 4.0281e-16)
(7.82693 12.9675 0)
(7.47009 10.849 -4.5797e-16)
(7.41597 8.6405 0)
(7.68707 6.4437 -2.81584e-15)
(8.25361 4.36151 -1.09e-16)
(9.09979 2.46797 1.23503e-15)
(10.1808 0.833666 1.06963e-15)
(11.4033 -0.499151 3.40617e-17)
(12.6837 -1.53112 1.78156e-15)
(13.9655 -2.29567 -1.13177e-15)
(15.2103 -2.83384 3.60388e-16)
(16.393 -3.18607 1.21566e-15)
(17.5026 -3.39251 1.32722e-15)
(18.5381 -3.48764 -1.17889e-15)
(19.5051 -3.49826 9.30603e-18)
(20.4144 -3.44367 0)
(21.2781 -3.33261 1.19692e-15)
(22.1061 -3.16762 5.71534e-17)
(22.9046 -2.94233 -8.71521e-16)
(23.6728 -2.64459 0)
(24.3935 -2.25584 2.81524e-17)
(25.0297 -1.78173 0)
(25.557 -1.26099 -2.16522e-16)
(25.9805 -0.717216 0)
(26.3119 -0.161573 1.46076e-17)
(26.5561 0.395109 -1.6046e-19)
(26.716 0.93747 -1.61876e-20)
(26.7968 1.44696 5.21252e-17)
(26.8049 1.90858 1.47116e-18)
(26.7438 2.32083 0)
(26.6145 2.68753 -6.55633e-17)
(26.4064 3.01561 -1.9668e-19)
(26.1136 3.30914 -5.00745e-16)
(25.632 3.57469 4.29434e-15)
(25.035 3.73899 1.09971e-17)
(23.2832 3.76662 0)
(12.7262 18.2152 -2.22642e-17)
(13.7495 19.3904 -8.29705e-18)
(14.9909 20.5646 1.73209e-17)
(16.4178 21.6741 5.81506e-17)
(17.9927 22.635 -3.14585e-17)
(19.7368 23.4433 -1.55971e-16)
(21.6045 24.0579 2.711e-16)
(23.5497 24.4417 0)
(25.5422 24.5839 1.12434e-15)
(27.5358 24.4762 5.35681e-16)
(29.4889 24.1187 0)
(31.3668 23.5215 1.1629e-15)
(33.1343 22.7024 -6.22117e-16)
(34.7618 21.6821 1.73473e-15)
(36.228 20.4855 0)
(37.5108 19.1377 -2.93325e-15)
(38.6092 17.6453 2.7985e-15)
(39.5265 16.0169 -1.68087e-16)
(40.2561 14.2797 0)
(40.7882 12.4777 3.03542e-15)
(41.1211 10.6523 -3.05868e-15)
(41.265 8.84497 -1.58416e-16)
(41.2466 7.06733 -2.42386e-15)
(41.0695 5.32505 -2.28765e-15)
(40.683 3.67868 0)
(40.0736 2.22665 0)
(39.3365 1.0106 -2.61341e-16)
(38.5936 -0.0109301 -2.9063e-17)
(37.9032 -0.905569 1.79548e-15)
(37.2671 -1.7087 -4.74708e-17)
(36.6538 -2.42567 4.7314e-17)
(35.9956 -3.05512 4.93139e-15)
(35.1404 -3.5891 0)
(33.8623 -4.00149 1.30704e-14)
(31.9591 -4.25169 -4.32187e-17)
(29.4567 -4.30348 0)
(26.3721 -4.13999 -2.32445e-17)
(23.0342 -3.62626 0)
(17.337 -2.89586 -3.29604e-15)
(11.8678 16.997 3.51016e-17)
(11.1015 15.6955 -2.11905e-16)
(10.4244 14.1638 -4.63109e-17)
(9.84376 12.4433 9.10747e-16)
(9.47477 10.601 -1.4339e-15)
(9.3405 8.67158 -1.8577e-15)
(9.46593 6.72629 2.13353e-15)
(9.84333 4.85585 -2.12308e-15)
(10.4646 3.1341 -9.37231e-16)
(11.2955 1.61283 -8.2354e-16)
(12.2713 0.327337 1.58139e-15)
(13.3286 -0.713385 -1.50354e-15)
(14.4213 -1.52876 -6.51987e-16)
(15.513 -2.14637 6.35282e-16)
(16.577 -2.59281 -1.3625e-15)
(17.5981 -2.89862 2.52221e-16)
(18.5692 -3.09059 0)
(19.4898 -3.19088 -9.30314e-16)
(20.365 -3.21581 3.27356e-16)
(21.2022 -3.17466 -1.25829e-15)
(22.0082 -3.07025 0)
(22.7868 -2.89864 7.58969e-16)
(23.5361 -2.65097 5.8743e-16)
(24.2409 -2.31579 -4.24204e-16)
(24.8697 -1.89932 0)
(25.3987 -1.43447 -2.51732e-16)
(25.8287 -0.947163 0)
(26.1688 -0.45036 0)
(26.4232 0.0464986 0)
(26.5938 0.532994 5.41881e-19)
(26.6845 1.00182 0)
(26.7007 1.45487 0)
(26.6461 1.89052 1.04903e-16)
(26.5239 2.30451 6.38926e-17)
(26.3275 2.69303 0)
(26.0583 3.0514 -6.02188e-16)
(25.6245 3.37851 8.43475e-17)
(25.112 3.58924 0)
(23.6234 3.66623 -5.64015e-15)
(14.238 17.026 2.80595e-17)
(15.1668 18.0657 -1.99576e-17)
(16.2891 19.1105 0)
(17.5744 20.1005 9.98847e-18)
(18.9862 20.9614 -7.32901e-17)
(20.5544 21.6945 1.46259e-16)
(22.2397 22.2604 4.60734e-17)
(24.0052 22.6256 -6.83035e-16)
(25.8305 22.7763 -9.06447e-17)
(27.6777 22.7 1.0828e-15)
(29.5115 22.391 -3.88115e-16)
(31.3019 21.8517 8.91713e-16)
(33.015 21.0909 4.48824e-16)
(34.6215 20.1219 3.22361e-16)
(36.0959 18.9633 0)
(37.4166 17.6359 -6.33992e-16)
(38.5631 16.1678 -1.41061e-15)
(39.5037 14.6121 -5.2014e-15)
(40.2217 13.013 1.5382e-15)
(40.7178 11.4029 -1.95138e-15)
(41.0027 9.80785 -3.04572e-16)
(41.0974 8.23815 0)
(41.0161 6.68057 2.17286e-15)
(40.7455 5.11981 1.40346e-16)
(40.2543 3.59985 -6.51324e-17)
(39.5482 2.21775 -9.27881e-16)
(38.7038 1.03591 2.15891e-16)
(37.8173 0.0386034 4.51865e-16)
(36.9396 -0.827244 -1.69306e-15)
(36.0799 -1.59531 -9.05942e-17)
(35.2469 -2.27527 2.90051e-15)
(34.4642 -2.87123 4.70911e-15)
(33.7471 -3.38761 0)
(33.0601 -3.82437 -2.2538e-17)
(32.2238 -4.16457 -5.02305e-15)
(30.9222 -4.35231 0)
(28.6612 -4.30898 -6.85943e-15)
(25.5697 -3.82135 0)
(19.9503 -3.13532 3.00628e-15)
(13.4505 15.9516 -3.46873e-17)
(12.7438 14.8108 8.55289e-17)
(12.1051 13.4641 -2.09677e-16)
(11.5431 11.9478 0)
(11.1587 10.3256 6.06031e-16)
(10.9681 8.61986 3.02158e-15)
(10.9938 6.88153 0)
(11.2369 5.19385 -1.53643e-15)
(11.6923 3.62696 -1.45804e-15)
(12.3331 2.21808 1.45219e-15)
(13.113 0.996779 -5.7031e-17)
(13.9845 -0.0222658 6.26252e-16)
(14.9119 -0.84904 3.56163e-17)
(15.8641 -1.50097 1.62885e-15)
(16.8156 -1.99465 1.44855e-15)
(17.75 -2.35217 -1.35324e-15)
(18.6569 -2.59404 1.8856e-16)
(19.5314 -2.73872 -3.50091e-16)
(20.3733 -2.80084 1.61792e-16)
(21.1858 -2.79001 9.29967e-16)
(21.972 -2.7104 1.19784e-16)
(22.7334 -2.56061 -8.39115e-17)
(23.4666 -2.33436 -4.97667e-16)
(24.1575 -2.02359 0)
(24.7792 -1.63266 1.87614e-17)
(25.309 -1.18767 4.76166e-16)
(25.7441 -0.712628 -2.11331e-18)
(26.091 -0.220069 2.11785e-18)
(26.353 0.280959 0)
(26.5316 0.77983 -5.12241e-19)
(26.6304 1.26739 0)
(26.654 1.73138 0)
(26.6061 2.16293 -9.87846e-17)
(26.4894 2.55639 8.18188e-18)
(26.2973 2.91025 0)
(26.0295 3.22081 5.71539e-16)
(25.6015 3.49234 -4.47894e-15)
(25.0881 3.62494 2.2279e-17)
(23.7715 3.62462 5.39436e-15)
(15.4646 16.019 1.40384e-18)
(16.2993 16.952 -1.84742e-17)
(17.3071 17.8969 1.8241e-17)
(18.4559 18.798 -1.76826e-17)
(19.7091 19.5888 5.294e-17)
(21.1016 20.2767 0)
(22.5979 20.8272 -2.94851e-16)
(24.1665 21.2102 1.95106e-18)
(25.7955 21.4139 -3.20792e-16)
(27.4524 21.4254 -6.5378e-16)
(29.1091 21.2366 0)
(30.741 20.8462 -1.61571e-15)
(32.3176 20.2577 -1.40192e-15)
(33.8114 19.4794 -3.43294e-15)
(35.1971 18.5251 0)
(36.4508 17.4123 -2.14822e-15)
(37.5497 16.1641 -2.27288e-15)
(38.4818 14.7932 2.4588e-15)
(39.2384 13.3169 -2.42042e-15)
(39.8121 11.7653 2.24769e-15)
(40.2026 10.1717 2.78088e-16)
(40.4144 8.56895 -2.39251e-15)
(40.4502 6.97323 0)
(40.29 5.39388 -2.11627e-15)
(39.9001 3.87353 1.26773e-16)
(39.283 2.48962 9.66598e-16)
(38.5042 1.29433 0)
(37.6478 0.276852 -3.31957e-17)
(36.7582 -0.608217 7.16912e-17)
(35.8374 -1.39122 2.76811e-15)
(34.8815 -2.07947 -2.57739e-15)
(33.9031 -2.67471 -4.49443e-15)
(32.9315 -3.18082 3.81793e-15)
(32.0092 -3.60069 -6.93992e-17)
(31.1656 -3.93401 5.03061e-15)
(30.3927 -4.16415 6.78e-15)
(29.2474 -4.24007 3.59909e-15)
(27.2938 -3.87601 -9.25703e-18)
(22.3417 -3.31569 -3.65829e-18)
(14.751 15.0571 1.39198e-17)
(14.1072 14.042 1.61622e-16)
(13.513 12.8411 2.11984e-16)
(12.977 11.4877 -4.11127e-16)
(12.5897 10.0431 -1.60901e-15)
(12.3636 8.51869 5.18544e-16)
(12.3205 6.95231 1.2548e-15)
(12.4667 5.42265 3.12765e-15)
(12.7981 3.99436 1.24613e-15)
(13.2939 2.69327 -1.16453e-15)
(13.9193 1.54447 -3.43465e-17)
(14.6379 0.5637 -5.53174e-16)
(15.4224 -0.254983 0)
(16.2473 -0.922894 -2.51027e-17)
(17.0904 -1.45017 -8.90029e-16)
(17.9361 -1.8525 3.85705e-16)
(18.7728 -2.14484 -3.79212e-16)
(19.5928 -2.34118 0)
(20.3926 -2.45315 5.66482e-16)
(21.1719 -2.48912 -9.78113e-16)
(21.931 -2.45286 0)
(22.669 -2.34386 7.04015e-16)
(23.3815 -2.15767 0)
(24.0554 -1.88913 -2.50042e-17)
(24.667 -1.54248 2.49759e-17)
(25.1948 -1.13923 -2.36218e-16)
(25.6331 -0.701936 -4.49387e-18)
(25.9859 -0.244242 -2.27713e-18)
(26.2558 0.223557 3.37748e-19)
(26.4439 0.690132 -1.60275e-17)
(26.5529 1.1442 -6.51169e-18)
(26.5872 1.5792 -9.66091e-18)
(26.55 1.99099 -6.28725e-19)
(26.4432 2.37573 3.3205e-17)
(26.2601 2.7315 0)
(25.9993 3.05306 1.31961e-17)
(25.582 3.33998 2.09643e-15)
(25.0703 3.48947 -1.39452e-17)
(23.8561 3.49601 5.00599e-15)
(16.5393 15.1322 5.29489e-18)
(17.3046 15.9735 2.82123e-17)
(18.2269 16.8292 0)
(19.2742 17.6469 -2.49028e-17)
(20.4097 18.3663 6.29945e-18)
(21.671 18.9986 0)
(23.0259 19.512 -1.08942e-16)
(24.4471 19.8796 8.82903e-16)
(25.928 20.0909 -1.25239e-15)
(27.4423 20.1324 3.98346e-16)
(28.9666 19.9945 5.57353e-16)
(30.4818 19.6724 2.04755e-15)
(31.9614 19.1651 1.478e-15)
(33.3805 18.4755 1.77679e-15)
(34.715 17.6111 4.73604e-16)
(35.9405 16.5839 1.57487e-15)
(37.0353 15.4091 2.17289e-15)
(37.9786 14.1099 2.10695e-15)
(38.7492 12.7228 -1.54881e-15)
(39.3366 11.2791 -4.74608e-15)
(39.7396 9.80654 0)
(39.9649 8.32506 8.85689e-17)
(40.0186 6.84383 1.88378e-15)
(39.8913 5.36866 2.014e-15)
(39.558 3.9329 -1.16065e-16)
(39.0156 2.60301 -8.62085e-16)
(38.3136 1.43177 6.20944e-18)
(37.5233 0.420057 -4.42524e-16)
(36.6862 -0.465878 4.68307e-17)
(35.8045 -1.25147 -5.14595e-15)
(34.8687 -1.94238 -8.96213e-18)
(33.8759 -2.53832 -7.01788e-17)
(32.8287 -3.04 -3.64682e-15)
(31.7409 -3.44685 -6.83017e-17)
(30.6337 -3.75574 -4.73445e-15)
(29.6102 -3.95438 -1.32988e-14)
(28.6339 -4.02998 3.62459e-15)
(27.7702 -3.76061 5.18711e-16)
(24.1011 -3.38547 2.66481e-15)
(15.8801 14.2663 -5.94233e-17)
(15.2835 13.356 -2.17883e-16)
(14.7238 12.277 -1.54138e-16)
(14.21 11.0589 -3.91637e-16)
(13.8238 9.76117 8.91654e-16)
(13.5739 8.38682 -6.30731e-17)
(13.4826 6.96584 -3.08418e-15)
(13.5579 5.57339 -1.06121e-15)
(13.7955 4.26741 2.01783e-17)
(14.1795 3.06618 0)
(14.6824 1.99137 -9.84588e-16)
(15.2756 1.05803 9.15063e-16)
(15.9382 0.261911 -8.7824e-16)
(16.6501 -0.404666 -4.48595e-16)
(17.3928 -0.947345 3.71783e-16)
(18.1527 -1.37696 3.70329e-16)
(18.9186 -1.70349 1.31886e-15)
(19.6815 -1.93664 -3.11826e-16)
(20.4361 -2.08507 -5.26075e-16)
(21.1793 -2.15553 0)
(21.909 -2.15128 -7.91106e-16)
(22.6223 -2.07242 -5.81088e-16)
(23.3136 -1.91584 -1.31983e-17)
(23.9703 -1.67844 -6.15732e-17)
(24.571 -1.36413 -1.88128e-17)
(25.0953 -0.990171 2.83883e-16)
(25.5356 -0.577105 -4.82572e-18)
(25.8932 -0.138768 3.76144e-17)
(26.1697 0.314415 5.54336e-18)
(26.3657 0.771288 1.43928e-17)
(26.4831 1.22142 -1.32668e-17)
(26.5256 1.65582 -3.80537e-18)
(26.496 2.06632 -2.50303e-17)
(26.3963 2.44687 -3.82468e-17)
(26.2198 2.79384 -5.24497e-18)
(25.965 3.09918 3.56284e-18)
(25.5584 3.36136 -2.14168e-15)
(25.0582 3.46816 -3.31572e-15)
(23.9302 3.41815 -4.6065e-15)
(17.4681 14.348 -1.63211e-17)
(18.1734 15.1116 -1.11827e-17)
(19.0221 15.8911 -3.84429e-17)
(19.9818 16.6376 7.4635e-17)
(21.0161 17.2955 1.7637e-17)
(22.1633 17.8792 -1.09718e-16)
(23.3936 18.36 4.00385e-16)
(24.6827 18.7139 0)
(26.028 18.9328 3.80297e-16)
(27.4066 19.004 1.43439e-17)
(28.8 18.9177 -4.76132e-16)
(30.1935 18.6684 -1.88316e-15)
(31.5642 18.2528 -7.73e-16)
(32.8902 17.6706 0)
(34.1495 16.9262 0)
(35.3185 16.0277 0)
(36.3748 14.9887 0)
(37.2976 13.8271 -2.03876e-15)
(38.0715 12.5594 2.02656e-15)
(38.6838 11.2089 1.98708e-15)
(39.1279 9.80179 -1.60399e-15)
(39.4023 8.36449 1.4149e-15)
(39.5062 6.91736 -1.4749e-15)
(39.4305 5.4778 -1.08748e-16)
(39.157 4.0785 -5.07697e-17)
(38.684 2.77377 8.68179e-16)
(38.0522 1.61012 1.8789e-16)
(37.3239 0.594047 0)
(36.5403 -0.300004 0)
(35.7085 -1.09407 4.25636e-17)
(34.8222 -1.79374 0)
(33.8775 -2.39845 3.83144e-15)
(32.869 -2.90781 -3.41565e-15)
(31.7907 -3.31873 -5.52394e-15)
(30.6221 -3.62366 8.76731e-15)
(29.4056 -3.80384 6.32151e-15)
(28.094 -3.84051 -3.51317e-15)
(27.4188 -3.55375 -1.0679e-15)
(24.9929 -3.32061 -2.6929e-15)
(16.8567 13.5629 0)
(16.3013 12.7405 6.10984e-17)
(15.7729 11.7635 2.92915e-16)
(15.2804 10.659 -1.25926e-15)
(14.8994 9.48451 1.1058e-15)
(14.6346 8.23661 -8.54823e-16)
(14.5091 6.94009 1.31123e-17)
(14.5315 5.66694 8.12434e-16)
(14.6976 4.46913 8.52791e-16)
(14.9947 3.3598 0)
(15.4003 2.35737 4.05209e-16)
(15.8909 1.4758 -1.23743e-15)
(16.4505 0.711158 1.95028e-15)
(17.0634 0.0576399 3.53021e-16)
(17.7146 -0.48812 -7.16794e-16)
(18.3931 -0.933433 -6.64478e-16)
(19.0888 -1.28468 -6.0784e-16)
(19.7928 -1.54815 0)
(20.4989 -1.72961 0)
(21.2022 -1.83383 0)
(21.8987 -1.86319 7.38631e-16)
(22.584 -1.8177 0)
(23.2515 -1.69501 -4.67924e-16)
(23.889 -1.49333 -5.93288e-17)
(24.4769 -1.21624 -3.4423e-16)
(24.9955 -0.877945 -2.4928e-16)
(25.4358 -0.49694 0)
(25.7969 -0.0871732 -3.09066e-17)
(26.0794 0.34051 -5.87396e-18)
(26.2832 0.774822 1.06457e-18)
(26.4095 1.20459 4.93984e-17)
(26.4614 1.62089 -2.22797e-17)
(26.4413 2.01696 2.33307e-17)
(26.3505 2.38699 -1.0026e-16)
(26.1826 2.72695 0)
(25.9357 3.02793 -1.2961e-17)
(25.541 3.28582 -5.0749e-17)
(25.0544 3.38791 3.13779e-15)
(24.0092 3.32341 -2.67609e-17)
(18.2849 13.645 1.81039e-17)
(18.9402 14.341 0)
(19.7274 15.0533 8.83047e-17)
(20.6144 15.7359 -5.45177e-17)
(21.5648 16.3375 -1.6164e-17)
(22.6174 16.8744 1.02529e-16)
(23.744 17.3201 -1.75436e-16)
(24.9224 17.6538 -2.22494e-16)
(26.1528 17.8688 0)
(27.4157 17.9533 -4.10048e-16)
(28.6961 17.898 -4.44774e-16)
(29.9829 17.6967 4.411e-16)
(31.2568 17.3444 1.66971e-15)
(32.4993 16.8382 6.77488e-16)
(33.6908 16.1789 -2.05779e-15)
(34.8089 15.3713 -1.49501e-15)
(35.8321 14.4243 1.18537e-15)
(36.7401 13.351 8.82994e-16)
(37.5139 12.1713 -4.41922e-16)
(38.1373 10.9102 4.44411e-16)
(38.6007 9.59201 1.12835e-15)
(38.9005 8.23924 2.10024e-16)
(39.0341 6.87031 -2.01058e-16)
(38.9942 5.50264 -1.34783e-15)
(38.767 4.1651 0)
(38.3508 2.90362 -7.2774e-16)
(37.7773 1.76187 -3.50584e-16)
(37.1001 0.75256 -3.24203e-16)
(36.3585 -0.14141 -1.20243e-15)
(35.5636 -0.937995 4.51907e-15)
(34.7137 -1.64201 1.86834e-15)
(33.8079 -2.25257 4.84317e-18)
(32.8438 -2.76875 4.31837e-17)
(31.8159 -3.1868 0)
(30.6942 -3.49783 -4.09591e-15)
(29.4883 -3.67705 0)
(28.024 -3.70528 0)
(27.0055 -3.35912 5.29156e-16)
(25.2275 -3.157 5.36035e-18)
(17.7136 12.9296 -6.06127e-17)
(17.1934 12.1822 2.01251e-16)
(16.6923 11.2927 1.39162e-17)
(16.2197 10.2856 2.80465e-16)
(15.8457 9.21595 -9.96889e-16)
(15.5724 8.07605 7.06673e-16)
(15.4221 6.88738 3.05257e-17)
(15.405 5.7188 -6.74207e-16)
(15.5162 4.61682 -6.5779e-16)
(15.7451 3.59104 -6.98819e-16)
(16.0727 2.65753 -1.3779e-15)
(16.4794 1.8289 0)
(16.9524 1.1008 -7.02601e-16)
(17.4794 0.468215 -2.44836e-17)
(18.0485 -0.0707543 0)
(18.6513 -0.521463 -5.85595e-16)
(19.2793 -0.887521 -2.78926e-16)
(19.9245 -1.17256 -2.61456e-16)
(20.5805 -1.3799 8.96165e-16)
(21.2415 -1.51225 7.96286e-16)
(21.9024 -1.57063 -8.15878e-17)
(22.5576 -1.55475 6.08829e-16)
(23.1998 -1.4626 1.16795e-16)
(23.8168 -1.29301 -5.70167e-17)
(24.3904 -1.04925 3.04992e-16)
(24.9016 -0.743005 1.85308e-17)
(25.3402 -0.390517 0)
(25.7035 -0.00539977 0)
(25.9909 0.401356 -1.20839e-18)
(26.2014 0.818548 2.71974e-18)
(26.3358 1.23502 -7.23607e-17)
(26.3963 1.64139 -2.17834e-17)
(26.3847 2.02922 9.80155e-17)
(26.3021 2.39148 9.45623e-17)
(26.1423 2.72295 7.93602e-18)
(25.9033 3.01282 5.05111e-18)
(25.5214 3.2549 3.9585e-15)
(25.0503 3.33389 -2.97928e-15)
(24.0883 3.23932 2.47928e-17)
(19.0064 13.0097 6.99e-18)
(19.6182 13.6467 0)
(20.3523 14.2998 -4.8349e-17)
(21.1764 14.9258 0)
(22.0546 15.4771 -4.90824e-17)
(23.0254 15.971 4.74348e-17)
(24.062 16.3838 1.31918e-16)
(25.144 16.6966 2.09103e-16)
(26.2731 16.9043 0)
(27.4323 16.9967 -2.66265e-16)
(28.6097 16.9652 4.54106e-16)
(29.7972 16.8036 -9.36684e-16)
(30.9783 16.5061 -5.26925e-16)
(32.1376 16.0688 -5.39937e-16)
(33.2578 15.4903 1.30838e-15)
(34.3187 14.7725 1.42405e-15)
(35.3 13.9217 -1.53551e-15)
(36.1814 12.9485 -1.53854e-15)
(36.9445 11.8672 0)
(37.5731 10.6961 4.07967e-16)
(38.0547 9.45642 -7.89982e-16)
(38.382 8.17105 1.93065e-16)
(38.5493 6.86154 2.60201e-18)
(38.5489 5.5493 3.17772e-15)
(38.3696 4.26196 -1.7593e-16)
(38.0096 3.03805 1.09863e-16)
(37.4938 1.91663 3.22883e-16)
(36.8673 0.914048 3.42857e-16)
(36.1663 0.0202376 1.03116e-15)
(35.4048 -0.778648 -2.07257e-15)
(34.5838 -1.4864 -1.70648e-15)
(33.7051 -2.10162 -6.71633e-15)
(32.769 -2.6229 5.80075e-15)
(31.7749 -3.04612 -8.24557e-17)
(30.6991 -3.36295 3.79604e-15)
(29.554 -3.5448 -1.17326e-16)
(28.1527 -3.58276 6.48915e-17)
(26.8682 -3.2069 4.97926e-18)
(25.2254 -2.95522 -2.24356e-15)
(18.4702 12.3551 3.03199e-17)
(17.9809 11.6725 -1.02684e-16)
(17.5045 10.8587 2.00127e-16)
(17.0506 9.936 0)
(16.6847 8.9569 5.70448e-16)
(16.4076 7.91036 0)
(16.2398 6.81631 0)
(16.1926 5.73984 0)
(16.2613 4.72305 1.21531e-15)
(16.4363 3.77309 -5.96343e-16)
(16.7012 2.90421 6.74831e-16)
(17.0391 2.1278 0)
(17.4394 1.43885 0)
(17.8924 0.832385 -6.01902e-16)
(18.3887 0.307171 0)
(18.9222 -0.140879 5.43179e-16)
(19.4861 -0.513948 1.19688e-17)
(20.0737 -0.813548 0)
(20.679 -1.04092 -6.37975e-16)
(21.2963 -1.19708 -9.40051e-16)
(21.9196 -1.28183 -6.50853e-16)
(22.5425 -1.29419 -5.60222e-16)
(23.1575 -1.23199 9.5117e-16)
(23.7525 -1.09428 0)
(24.31 -0.883982 3.10123e-16)
(24.8119 -0.610581 2.79974e-16)
(25.2471 -0.288323 1.01259e-16)
(25.6112 0.0697295 0)
(25.9024 0.452507 -6.78369e-18)
(26.1191 0.848842 -3.7432e-17)
(26.2612 1.24748 9.01477e-17)
(26.3303 1.63859 -2.09663e-17)
(26.3276 2.01395 -8.78837e-17)
(26.2539 2.36612 1.42232e-16)
(26.1028 2.68919 -2.98035e-18)
(25.8722 2.97103 8.02867e-18)
(25.5039 3.2031 -3.83283e-15)
(25.0487 3.27032 2.75679e-15)
(24.1662 3.15752 7.01996e-15)
(19.6484 12.4313 3.66043e-18)
(20.2224 13.0162 -2.07418e-17)
(20.91 13.6166 0)
(21.6795 14.1916 -3.482e-17)
(22.4954 14.6973 0)
(23.3955 15.1514 0)
(24.3541 15.5324 2.06091e-17)
(25.3522 15.8233 1.84084e-16)
(26.3928 16.0204 4.31107e-16)
(27.4608 16.1146 1.12328e-15)
(28.5464 16.0984 6.44645e-16)
(29.644 15.9659 7.52342e-16)
(30.7398 15.7111 0)
(31.8211 15.3288 1.49052e-15)
(32.8731 14.8163 -5.29446e-16)
(33.8776 14.1733 0)
(34.8159 13.4035 1.27746e-15)
(35.6685 12.514 1.46721e-15)
(36.4173 11.5166 0)
(37.0449 10.4278 1.44407e-15)
(37.5366 9.26773 -1.41569e-15)
(37.883 8.0571 0)
(38.0766 6.81673 -1.7042e-16)
(38.1099 5.56827 2.92381e-17)
(37.9735 4.33729 8.23449e-17)
(37.6654 3.15649 1.25165e-15)
(37.2045 2.06099 -4.5428e-18)
(36.628 1.07012 -3.35969e-17)
(35.9688 0.180234 -2.82416e-17)
(35.2416 -0.618394 6.24677e-17)
(34.4499 -1.32809 1.70541e-15)
(33.5963 -1.94662 6.02777e-15)
(32.6822 -2.47179 4.79079e-17)
(31.7092 -2.8987 -4.39457e-15)
(30.6599 -3.21932 -3.42089e-15)
(29.5503 -3.40266 -5.01538e-15)
(28.2501 -3.44724 -2.86871e-15)
(26.9232 -3.07582 2.10634e-17)
(25.2526 -2.75701 2.09697e-15)
(19.143 11.8302 -6.70911e-17)
(18.6811 11.2043 -2.4419e-16)
(18.2272 10.4569 4.79993e-16)
(17.791 9.60808 0)
(17.434 8.70788 9.03664e-16)
(17.156 7.74325 0)
(16.9763 6.73284 -4.78318e-16)
(16.9061 5.73799 1.91609e-15)
(16.9416 4.7972 -1.47705e-15)
(17.0737 3.9162 0)
(17.288 3.10742 1.08722e-15)
(17.5692 2.3812 1.04776e-15)
(17.9086 1.732 0)
(18.2981 1.15479 -1.02737e-15)
(18.7304 0.648392 2.47289e-16)
(19.201 0.209058 -2.4775e-16)
(19.7052 -0.164397 2.40152e-16)
(20.2375 -0.472138 4.19753e-16)
(20.7927 -0.713891 -1.66122e-17)
(21.3655 -0.889143 5.03594e-16)
(21.9498 -0.996502 1.46369e-16)
(22.539 -1.03417 -1.41728e-16)
(23.1253 -0.999694 -4.49811e-16)
(23.6969 -0.891924 3.83872e-16)
(24.2369 -0.713164 -2.7334e-16)
(24.7277 -0.471162 -2.8224e-16)
(25.1577 -0.178172 -9.54748e-17)
(25.5212 0.153543 -1.01034e-18)
(25.815 0.51303 7.43314e-18)
(26.037 0.889324 3.54092e-17)
(26.1861 1.27121 1.10159e-17)
(26.2633 1.64865 -2.02059e-17)
(26.2692 2.0127 1.56343e-16)
(26.2041 2.35502 -1.43677e-16)
(26.0618 2.66876 8.4743e-18)
(25.8403 2.94033 -6.68614e-16)
(25.4866 3.15917 1.84177e-15)
(25.0487 3.21145 0)
(24.2423 3.08018 -6.65518e-15)
(20.2225 11.9016 1.13831e-17)
(20.763 12.44 0)
(21.4095 12.9931 0)
(22.1308 13.5223 4.28797e-17)
(22.8919 13.9867 -2.09093e-17)
(23.7299 14.4042 0)
(24.6201 14.7551 0)
(25.5442 15.0245 -5.91363e-16)
(26.5065 15.2094 -3.06458e-17)
(27.4932 15.3021 -3.80603e-17)
(28.4962 15.2962 -1.48965e-15)
(29.5119 15.1858 -3.95053e-16)
(30.5286 14.9656 7.56411e-16)
(31.536 14.6299 -6.51188e-17)
(32.5216 14.1749 0)
(33.4693 13.5989 0)
(34.3622 12.9033 -3.49237e-15)
(35.1819 12.0931 -6.47931e-16)
(35.9107 11.1774 6.65163e-16)
(36.5316 10.1689 -1.39919e-15)
(37.0286 9.08495 2.66534e-15)
(37.3902 7.94499 1.26743e-15)
(37.6073 6.76977 -1.23373e-15)
(37.6717 5.58165 -1.40602e-15)
(37.5755 4.40482 2.24288e-16)
(37.3162 3.26696 -1.22482e-15)
(36.9078 2.19929 -1.3915e-16)
(36.3806 1.22282 3.10321e-17)
(35.7638 0.339192 -3.11887e-17)
(35.0727 -0.457313 1.04761e-16)
(34.3123 -1.16754 -4.38178e-17)
(33.4857 -1.7884 -2.95294e-15)
(32.5949 -2.31669 -1.11785e-16)
(31.6417 -2.74664 1.32727e-16)
(30.6122 -3.0699 0)
(29.52 -3.25444 4.6251e-15)
(28.2789 -3.29836 2.66399e-15)
(27.0162 -2.94411 0)
(25.3619 -2.57459 0)
(19.7448 11.3479 0)
(19.3072 10.7721 2.17337e-16)
(18.8742 10.0832 -7.13564e-16)
(18.4549 9.29978 -3.4236e-16)
(18.1071 8.46918 -8.16116e-16)
(17.8305 7.57701 0)
(17.6427 6.64104 0)
(17.5552 5.71905 -8.54565e-16)
(17.5647 4.84658 8.89523e-16)
(17.6625 4.02812 0)
(17.8354 3.27483 -4.57843e-16)
(18.07 2.59625 -4.92269e-16)
(18.3582 1.98651 4.64307e-16)
(18.6934 1.44008 4.79851e-16)
(19.0697 0.955573 -8.90185e-16)
(19.4841 0.529483 0)
(19.9332 0.160939 -1.99371e-16)
(20.4131 -0.149456 1.33556e-17)
(20.9196 -0.400473 8.80462e-16)
(21.448 -0.590426 -1.60725e-16)
(21.9926 -0.716809 1.54289e-16)
(22.547 -0.777062 -1.16894e-16)
(23.1033 -0.768276 1.6548e-16)
(23.6502 -0.688905 -7.77737e-16)
(24.1712 -0.540458 -2.73464e-16)
(24.6492 -0.329086 2.31802e-16)
(25.0723 -0.0652819 -1.40669e-17)
(25.4336 0.239651 0)
(25.7289 0.575047 -7.48719e-18)
(25.9551 0.930146 4.22946e-17)
(26.1107 1.29385 -5.37225e-17)
(26.1956 1.65582 8.54613e-17)
(26.21 2.00696 -3.30995e-16)
(26.1537 2.33837 3.92079e-16)
(26.0207 2.64235 -6.2883e-18)
(25.8087 2.90419 6.24669e-16)
(25.4704 3.11113 3.50076e-17)
(25.0507 3.15196 -7.84349e-17)
(24.3163 3.00663 -5.89001e-15)
(20.7385 11.4138 -1.0609e-17)
(21.2489 11.9106 0)
(21.8587 12.421 0)
(22.5371 12.9085 -9.31789e-18)
(23.2497 13.3354 1.91981e-17)
(24.0327 13.7193 -6.80686e-17)
(24.8622 14.042 6.81819e-17)
(25.7209 14.2901 2.67079e-16)
(26.6137 14.462 -3.53729e-16)
(27.5279 14.5507 -4.43761e-16)
(28.4567 14.5507 5.33534e-16)
(29.3979 14.4569 0)
(30.3419 14.2641 -7.17205e-16)
(31.2802 13.9667 -8.08934e-16)
(32.2026 13.5603 -2.13311e-15)
(33.095 13.042 -8.99412e-16)
(33.942 12.4117 1.66156e-15)
(34.7268 11.6721 0)
(35.4323 10.8303 6.20975e-16)
(36.042 9.8963 -2.71251e-15)
(36.5393 8.88552 -3.04863e-15)
(36.9109 7.81572 -9.27131e-16)
(37.1467 6.70661 1.04357e-15)
(37.2384 5.5801 1.41584e-16)
(37.1784 4.45861 6.73587e-17)
(36.9639 3.36566 -4.74451e-17)
(36.6048 2.32894 -1.1634e-16)
(36.1253 1.37038 -7.6722e-18)
(35.5509 0.495992 8.72496e-16)
(34.8967 -0.296192 0)
(34.1688 -1.00533 -1.57742e-15)
(33.3711 -1.62733 8.744e-17)
(32.506 -2.15798 9.06625e-17)
(31.5752 -2.59055 7.4804e-15)
(30.5667 -2.9159 8.17459e-17)
(29.4917 -3.10205 -8.01128e-17)
(28.279 -3.14307 0)
(27.0807 -2.80462 0)
(25.5109 -2.40466 1.44436e-15)
(20.2857 10.9024 6.47326e-17)
(19.8702 10.3713 7.18284e-17)
(19.4563 9.73469 1.42331e-16)
(19.0532 9.00947 6.36122e-16)
(18.7149 8.24066 -3.21024e-16)
(18.4412 7.41313 3.43384e-16)
(18.2485 6.54401 9.81439e-16)
(18.1479 5.68737 0)
(18.1369 4.87645 0)
(18.207 4.11492 0)
(18.3462 3.41292 -7.84611e-16)
(18.5421 2.77926 1.21741e-15)
(18.7873 2.20763 -8.23761e-16)
(19.0761 1.69238 3.91649e-16)
(19.4036 1.2317 3.31579e-17)
(19.7679 0.821954 0)
(20.1669 0.462329 -7.33611e-16)
(20.5978 0.153826 0)
(21.0575 -0.101822 -1.44178e-17)
(21.5424 -0.302223 -5.94031e-16)
(22.0473 -0.444052 6.57019e-16)
(22.5662 -0.523993 -5.90061e-16)
(23.0916 -0.538518 -4.06332e-16)
(23.6126 -0.48544 3.05263e-16)
(24.1133 -0.36551 2.46757e-19)
(24.5769 -0.183475 -2.18112e-16)
(24.9913 0.0518661 8.38437e-18)
(25.3489 0.330298 5.54079e-18)
(25.6444 0.641599 -6.5088e-19)
(25.874 0.975324 2.20349e-19)
(26.0352 1.32058 8.82025e-18)
(26.1274 1.66691 2.53707e-18)
(26.15 2.00491 1.67096e-16)
(26.1025 2.32499 -3.66286e-16)
(25.9789 2.61861 8.865e-18)
(25.777 2.86994 -8.60821e-18)
(25.4547 3.06434 3.34279e-17)
(25.0544 3.09427 -7.39454e-17)
(24.3881 2.93724 5.69112e-15)
(21.204 10.9626 -6.78582e-18)
(21.6873 11.4219 1.38536e-17)
(22.2639 11.8935 -3.42296e-17)
(22.9037 12.3432 -4.31172e-17)
(23.5729 12.7359 -1.75602e-17)
(24.3067 13.0887 0)
(25.082 13.3851 0)
(25.8824 13.613 -4.28373e-17)
(26.7129 13.7715 2.62134e-16)
(27.562 13.8546 0)
(28.4238 13.8575 0)
(29.2973 13.7761 -5.66597e-16)
(30.1745 13.6053 1.21717e-15)
(31.0485 13.3397 -6.51778e-16)
(31.9109 12.9747 1.05e-16)
(32.7494 12.5069 1.32171e-15)
(33.5505 11.9348 -3.09043e-17)
(34.2989 11.2596 2.97665e-15)
(34.9783 10.4863 1.59258e-15)
(35.5729 9.62248 2.34233e-15)
(36.0662 8.6814 8.67068e-16)
(36.4436 7.67916 2.70521e-16)
(36.6944 6.63435 -1.17021e-15)
(36.8097 5.56822 1.29796e-16)
(36.7824 4.50155 5.55268e-16)
(36.609 3.45419 4.6425e-16)
(36.2962 2.4505 9.5469e-17)
(35.8627 1.51268 -5.99781e-17)
(35.3303 0.650193 -7.74938e-16)
(34.7133 -0.135513 0)
(34.0187 -0.841868 -1.26744e-15)
(33.2511 -1.46374 -8.08639e-17)
(32.4131 -1.99583 -2.00628e-15)
(31.507 -2.43047 -7.18027e-15)
(30.5221 -2.75765 -7.59952e-17)
(29.4691 -2.94559 7.44554e-17)
(28.2804 -2.98485 -2.30847e-15)
(27.1197 -2.65889 -2.16281e-17)
(25.6593 -2.24102 -2.60251e-15)
(20.7739 10.4894 0)
(20.3787 9.99817 -1.11374e-16)
(19.9826 9.40856 -1.29521e-16)
(19.5948 8.73558 2.50151e-16)
(19.2664 8.02218 0)
(18.9967 7.25278 0)
(18.8011 6.44383 -2.3036e-15)
(18.6909 5.64621 -1.1869e-15)
(18.6637 4.89101 1.90238e-15)
(18.7115 4.1814 -1.97666e-15)
(18.823 3.52663 7.24565e-16)
(18.9866 2.93493 -7.48459e-16)
(19.1956 2.39983 3.58002e-17)
(19.4447 1.91542 -7.56649e-16)
(19.7299 1.47958 1.0996e-15)
(20.0499 1.0884 7.04946e-16)
(20.4035 0.740791 3.41369e-16)
(20.789 0.437772 0)
(21.2046 0.181299 -4.57212e-16)
(21.6473 -0.0257683 -1.4158e-16)
(22.113 -0.179575 0)
(22.5962 -0.276177 5.41909e-16)
(23.09 -0.31149 1.90647e-16)
(23.5843 -0.282653 -2.04448e-16)
(24.0634 -0.189481 2.41046e-16)
(24.5111 -0.0354587 0)
(24.9153 0.17217 0)
(25.2677 0.424326 2.16171e-18)
(25.5621 0.711385 5.10998e-18)
(25.7939 1.0233 -4.47455e-17)
(25.96 1.34944 8.23178e-17)
(26.0589 1.67932 1.24672e-16)
(26.0895 2.00333 -2.26733e-16)
(26.0507 2.31135 -2.18957e-16)
(25.9368 2.59408 5.30891e-16)
(25.7454 2.83475 6.22881e-18)
(25.4399 3.01692 -2.26666e-17)
(25.0597 3.03765 2.21412e-15)
(24.4575 2.8721 0)
(21.6256 10.5435 -1.73668e-17)
(22.0841 10.9688 -1.10998e-17)
(22.6305 11.4052 3.47326e-17)
(23.2353 11.8204 2.16903e-17)
(23.8652 12.1818 1.64462e-17)
(24.5547 12.506 7.34926e-17)
(25.2814 12.7777 -1.68515e-16)
(26.0294 12.9864 -4.63484e-16)
(26.804 13.1314 2.31918e-16)
(27.5943 13.2078 0)
(28.3956 13.2116 -7.75508e-16)
(29.2075 13.1391 1.41168e-15)
(30.0233 12.9858 -5.06747e-16)
(30.8375 12.7467 6.42322e-16)
(31.6432 12.4171 7.65756e-16)
(32.4301 11.993 1.46825e-15)
(33.186 11.4723 -1.61308e-15)
(33.8973 10.8548 -1.13479e-16)
(34.5488 10.1438 -2.02479e-15)
(35.1253 9.34531 0)
(35.6108 8.47018 -2.24512e-15)
(35.9903 7.53303 -3.3793e-18)
(36.2521 6.55118 2.91644e-16)
(36.3873 5.54469 -1.17799e-16)
(36.3888 4.5326 -4.13582e-16)
(36.2529 3.53167 5.67424e-17)
(35.9831 2.56315 0)
(35.5936 1.64892 -1.98461e-16)
(35.1024 0.801097 8.32818e-16)
(34.5228 0.0241276 -1.46086e-15)
(33.8622 -0.677623 1.27683e-15)
(33.1254 -1.29796 1.31676e-16)
(32.3156 -1.83046 1.80206e-15)
(31.4355 -2.26651 3.39519e-15)
(30.476 -2.59523 -9.17588e-17)
(29.4481 -2.78485 4.73956e-17)
(28.2896 -2.82395 2.12951e-15)
(27.1521 -2.51025 6.46679e-16)
(25.7938 -2.0807 1.15283e-15)
(21.2163 10.105 2.76403e-17)
(20.8397 9.64982 9.21593e-17)
(20.4603 9.10254 0)
(20.0871 8.47683 0)
(19.7686 7.81331 5.15489e-16)
(19.5037 7.0965 4.74681e-16)
(19.3071 6.34216 1.9773e-15)
(19.1898 5.59805 5.95644e-16)
(19.1499 4.8936 -1.1404e-15)
(19.1795 4.23144 3.75187e-17)
(19.2681 3.62024 6.17421e-16)
(19.4049 3.06769 0)
(19.5833 2.5672 6.7191e-16)
(19.7985 2.1128 6.44238e-16)
(20.0469 1.70195 -1.3055e-15)
(20.3278 1.33051 0)
(20.6407 0.997033 -6.00453e-16)
(20.9846 0.702315 5.7084e-16)
(21.3588 0.44826 -2.72931e-16)
(21.7613 0.237901 1.148e-16)
(22.1887 0.0754234 5.70933e-16)
(22.6364 -0.0348033 0)
(23.0984 -0.0882383 0)
(23.5651 -0.0814068 -1.6675e-18)
(24.0216 -0.0131336 -3.12356e-17)
(24.4522 0.114403 -2.00413e-16)
(24.8447 0.295323 1.07762e-17)
(25.1903 0.521705 6.84835e-17)
(25.4823 0.784647 0)
(25.7153 1.07457 5.67513e-17)
(25.8854 1.38123 -7.96085e-17)
(25.9904 1.69417 1.64424e-17)
(26.0286 2.00364 4.61121e-16)
(25.9985 2.29905 4.70484e-16)
(25.8943 2.57034 -5.0831e-16)
(25.714 2.79998 -2.32321e-17)
(25.4257 2.96992 -1.66601e-15)
(25.0666 2.98259 -2.06739e-15)
(24.5243 2.81109 -4.77591e-15)
(22.0085 10.1532 2.3265e-18)
(22.4443 10.5474 9.51593e-18)
(22.963 10.9515 1.65256e-17)
(23.5356 11.3352 0)
(24.13 11.6678 0)
(24.7793 11.9656 -1.3537e-16)
(25.4619 12.2145 1.49968e-16)
(26.1625 12.4049 3.30008e-17)
(26.8865 12.5368 -7.19572e-16)
(27.6238 12.6059 2.66043e-16)
(28.3701 12.609 3.50334e-16)
(29.1258 12.5429 -1.72894e-15)
(29.8851 12.4036 4.50276e-16)
(30.6439 12.1865 -1.05446e-15)
(31.3965 11.887 0)
(32.134 11.501 -6.95573e-16)
(32.846 11.0258 1.20267e-15)
(33.5201 10.4602 -2.06557e-15)
(34.1423 9.8061 4.4888e-16)
(34.6984 9.0682 1.37449e-15)
(35.1731 8.25517 1.92204e-15)
(35.5512 7.38017 0)
(35.8205 6.45917 9.16567e-16)
(35.972 5.51096 1.08189e-16)
(35.9988 4.55279 -1.96608e-18)
(35.8964 3.5986 2.98365e-16)
(35.6664 2.66685 9.63761e-17)
(35.3187 1.77869 1.44058e-16)
(34.8678 0.948108 -7.4465e-16)
(34.3255 0.182135 1.46134e-15)
(33.6992 -0.513147 -7.6649e-17)
(32.9941 -1.13045 1.93433e-15)
(32.2134 -1.66226 -1.70688e-15)
(31.3604 -2.09896 0)
(30.4276 -2.42882 2.39065e-15)
(29.4261 -2.62009 -4.43352e-17)
(28.3029 -2.65986 -1.28757e-18)
(27.1885 -2.35993 -5.5341e-16)
(25.9171 -1.92345 3.03475e-17)
(21.6183 9.74614 1.72768e-17)
(21.2591 9.32359 -1.65262e-16)
(20.8953 8.81481 0)
(20.5362 8.23201 -3.85138e-16)
(20.2275 7.61371 8.21486e-16)
(19.9681 6.94477 -8.54576e-16)
(19.7717 6.24014 -5.02938e-17)
(19.6494 5.5448 9.41252e-16)
(19.5995 4.88663 0)
(19.6143 4.26796 1.51531e-15)
(19.684 3.69694 -5.4274e-16)
(19.7982 3.18078 5.65561e-16)
(19.9507 2.71299 -8.73112e-16)
(20.1369 2.28739 -1.55451e-17)
(20.3534 1.90131 -2.69737e-16)
(20.5999 1.55016 0)
(20.8764 1.23225 8.36491e-16)
(21.1825 0.947971 -2.6651e-16)
(21.5183 0.699002 1.47492e-17)
(21.8827 0.488304 -9.21459e-16)
(22.2732 0.320089 -3.24728e-16)
(22.6861 0.199011 -9.99759e-17)
(23.1163 0.130002 -7.98094e-17)
(23.5551 0.117246 3.76765e-16)
(23.9882 0.162781 2.99873e-17)
(24.4004 0.26548 3.8692e-16)
(24.7798 0.420809 2.57669e-17)
(25.1173 0.622035 -7.50452e-17)
(25.4055 0.861063 -8.0609e-18)
(25.6385 1.12889 -4.27766e-17)
(25.8117 1.41569 -5.83111e-18)
(25.9221 1.71117 1.54413e-17)
(25.9676 2.00547 -2.33528e-16)
(25.946 2.28767 3.98748e-17)
(25.8518 2.54701 2.89128e-18)
(25.6828 2.76537 -1.77741e-17)
(25.4124 2.92332 1.53974e-15)
(25.0748 2.9292 -1.94841e-15)
(24.5886 2.75438 4.53723e-15)
(22.3572 9.78841 2.33523e-17)
(22.7719 10.1542 -5.67988e-17)
(23.265 10.5288 2.30328e-17)
(23.8082 10.8834 0)
(24.3701 11.1897 3.92007e-17)
(24.9827 11.4631 -9.68542e-17)
(25.6251 11.6907 -1.34181e-16)
(26.2827 11.8639 -4.89392e-17)
(26.9607 11.9831 2.07238e-16)
(27.6498 12.0447 5.11159e-16)
(28.346 12.0459 2.73333e-16)
(29.0504 11.9842 1.11141e-15)
(29.7579 11.8561 -4.5217e-16)
(30.4653 11.6574 5.18862e-16)
(31.1682 11.3836 0)
(31.8589 11.0307 0)
(32.5284 10.5956 -1.97156e-15)
(33.1656 10.0765 7.01149e-16)
(33.7578 9.47421 1.53114e-15)
(34.2918 8.79228 -1.75455e-15)
(34.7531 8.03745 2.09144e-15)
(35.1267 7.22154 -1.83208e-15)
(35.4003 6.35914 -4.07403e-16)
(35.5647 5.4676 1.00016e-16)
(35.6131 4.56249 8.59153e-16)
(35.5408 3.65517 -4.0874e-16)
(35.3472 2.76147 -6.91392e-17)
(35.0389 1.90158 0)
(34.627 1.09069 -6.30101e-16)
(34.1216 0.337954 7.0879e-17)
(33.53 -0.348956 -7.0729e-17)
(32.8571 -0.961661 -1.83596e-15)
(32.1065 -1.49158 -1.57938e-17)
(31.2817 -1.92808 -9.64912e-17)
(30.3768 -2.25863 -3.80437e-17)
(29.4027 -2.45159 -3.21194e-15)
(28.3168 -2.49248 1.90218e-15)
(27.2302 -2.20814 3.41912e-17)
(26.0346 -1.76969 -2.16584e-17)
(21.9849 9.41016 7.87435e-17)
(21.6417 9.01735 7.03967e-17)
(21.2928 8.54372 1.51753e-16)
(20.947 8.00009 1.92739e-16)
(20.6481 7.42298 -1.12552e-15)
(20.3946 6.79782 7.09774e-16)
(20.1995 6.13863 3.1595e-16)
(20.0738 5.48795 0)
(20.0161 4.87219 4.29528e-16)
(20.0189 4.29351 -4.95996e-16)
(20.0728 3.75959 9.35206e-16)
(20.1681 3.2773 -9.82415e-16)
(20.2985 2.84012 0)
(20.4597 2.442 0)
(20.6486 2.07996 7.90925e-16)
(20.8649 1.74923 2.61394e-16)
(21.109 1.44767 -2.65532e-16)
(21.381 1.17533 2.25918e-16)
(21.6814 0.933507 4.60647e-16)
(22.01 0.724909 4.28944e-16)
(22.3653 0.553689 3.85525e-16)
(22.7444 0.424525 0)
(23.1432 0.342561 -3.155e-16)
(23.5539 0.312488 -6.59137e-17)
(23.9631 0.337268 6.64265e-17)
(24.3559 0.416878 2.82908e-17)
(24.7209 0.547941 -1.4547e-17)
(25.0489 0.72484 -1.05484e-17)
(25.3321 0.940359 7.62394e-18)
(25.564 1.18614 0)
(25.7393 1.45286 -8.90932e-17)
(25.8545 1.73046 -1.30363e-16)
(25.9067 2.00908 -2.84344e-16)
(25.8934 2.27753 -5.02233e-16)
(25.8092 2.52446 -5.55448e-16)
(25.6521 2.73128 6.41013e-16)
(25.3998 2.87745 -1.54566e-15)
(25.0843 2.87761 1.93897e-15)
(24.6501 2.7018 -5.77658e-17)
(22.6755 9.44669 -4.19638e-17)
(23.0707 9.78643 2.16233e-17)
(23.54 10.1338 -4.89202e-19)
(24.0559 10.4617 2.43384e-17)
(24.5879 10.7437 1.35707e-17)
(25.1667 10.9946 1.13727e-16)
(25.7724 11.2024 1.20608e-16)
(26.3906 11.3595 1.57493e-16)
(27.0268 11.4665 3.84792e-16)
(27.6718 11.5204 -4.83214e-16)
(28.3223 11.5191 -3.36629e-16)
(28.9797 11.4603 3.08155e-16)
(29.6395 11.3412 0)
(30.2994 11.1578 1.34627e-15)
(30.9558 10.9061 -4.61225e-16)
(31.6022 10.5821 0)
(32.2309 10.1825 1.22399e-15)
(32.832 9.70503 0)
(33.3941 9.14977 -1.45731e-15)
(33.9048 8.51923 -1.48604e-15)
(34.3507 7.81872 3.05671e-16)
(34.7173 7.05865 1.38835e-15)
(34.9923 6.25223 5.43314e-16)
(35.1663 5.41548 -1.82078e-16)
(35.2329 4.56226 -5.52434e-16)
(35.1871 3.70159 -4.25979e-17)
(35.0266 2.84693 5.22987e-17)
(34.7551 2.01722 -1.00679e-17)
(34.3807 1.22831 5.2923e-16)
(33.9117 0.490993 1.14605e-15)
(33.3547 -0.185623 0)
(32.7146 -0.792117 0)
(31.9949 -1.31887 0)
(31.1993 -1.75428 -7.40012e-17)
(30.3235 -2.085 -1.91207e-15)
(29.3781 -2.27968 3.002e-15)
(28.33 -2.32218 -3.70652e-15)
(27.2754 -2.05483 -3.6932e-17)
(26.149 -1.61953 4.78478e-16)
(22.3199 9.09484 6.56498e-17)
(21.9917 8.72923 -1.82852e-16)
(21.6568 8.28782 -2.40841e-16)
(21.3239 7.7801 5.75031e-16)
(21.0347 7.24069 6.0487e-16)
(20.7874 6.65572 0)
(20.5943 6.03831 -1.31616e-15)
(20.4665 5.42862 -1.34675e-15)
(20.4028 4.85187 -1.45135e-15)
(20.3957 4.31003 3.54152e-16)
(20.4364 3.81039 -1.29279e-15)
(20.5157 3.3595 9.17492e-16)
(20.6274 2.95099 4.57006e-16)
(20.7671 2.57884 -7.86227e-18)
(20.932 2.23994 -9.56313e-16)
(21.1219 1.92933 0)
(21.3372 1.64449 0)
(21.5784 1.38508 -4.43792e-16)
(21.8465 1.15201 0)
(22.142 0.947563 0)
(22.4639 0.775624 -5.37103e-16)
(22.8105 0.640829 -1.54117e-16)
(23.1786 0.548417 3.68325e-16)
(23.5613 0.503434 -7.02653e-17)
(23.9461 0.509627 5.47414e-17)
(24.3188 0.567986 -5.26256e-17)
(24.6684 0.676201 0)
(24.9857 0.829729 0)
(25.2626 1.02227 0)
(25.4921 1.24619 5.38339e-17)
(25.6686 1.49269 7.41759e-17)
(25.7877 1.75208 -7.66908e-18)
(25.8462 2.01453 2.63666e-16)
(25.841 2.26873 5.20232e-16)
(25.7669 2.50281 5.43931e-16)
(25.6219 2.6979 -1.26301e-15)
(25.3879 2.83259 -5.67103e-18)
(25.0948 2.82803 0)
(24.7089 2.65342 3.84792e-15)
(22.9666 9.12583 1.41175e-17)
(23.3436 9.44162 -1.37573e-17)
(23.7907 9.76382 -4.90633e-17)
(24.2813 10.0671 -9.07e-19)
(24.7855 10.3267 -1.49492e-17)
(25.3333 10.5567 0)
(25.9051 10.7461 0)
(26.4872 10.8881 -4.09747e-16)
(27.085 10.9835 4.76897e-16)
(27.6897 11.0299 4.10331e-16)
(28.2983 11.0255 -2.47727e-16)
(28.9125 10.9686 -8.52487e-16)
(29.5284 10.8567 3.6048e-16)
(30.1442 10.6862 3.85322e-16)
(30.7573 10.4535 -4.52069e-16)
(31.362 10.1546 -3.88389e-17)
(31.9517 9.78637 -5.20037e-16)
(32.5179 9.34622 0)
(33.05 8.83359 -1.23087e-15)
(33.5366 8.2502 1.41455e-15)
(33.9656 7.60021 -1.46477e-15)
(34.3231 6.89267 3.52008e-16)
(34.5968 6.13951 -1.70709e-15)
(34.7776 5.35549 6.52243e-16)
(34.8591 4.55281 0)
(34.8363 3.73837 3.10127e-16)
(34.7056 2.92336 0)
(34.4683 2.1254 0)
(34.1297 1.36051 0)
(33.6963 0.640692 -1.02383e-15)
(33.1738 -0.0237146 1.09319e-16)
(32.5668 -0.622333 1.51406e-15)
(31.8786 -1.14458 8.32579e-17)
(31.1133 -1.57794 -8.26975e-17)
(30.2678 -1.90827 0)
(29.3523 -2.10465 0)
(28.3422 -2.14932 4.09777e-17)
(27.3221 -1.89986 -1.34739e-15)
(26.2606 -1.47267 -4.56017e-16)
(22.6267 8.79831 5.73402e-17)
(22.3127 8.45769 5.39148e-17)
(21.991 8.0459 2.24282e-16)
(21.6704 7.57121 -3.02908e-16)
(21.3908 7.06648 -2.99662e-16)
(21.15 6.51852 1.03643e-15)
(20.9595 5.93958 -1.36469e-15)
(20.8307 5.36772 1.23365e-15)
(20.7623 4.82695 1.33802e-15)
(20.7472 4.31914 -2.20632e-17)
(20.7769 3.85124 -3.72637e-16)
(20.8425 3.42951 0)
(20.9381 3.04779 -8.00215e-16)
(21.0594 2.70011 4.09416e-16)
(21.2034 2.38327 0)
(21.3701 2.0922 4.08809e-16)
(21.5599 1.82408 2.00889e-16)
(21.7736 1.57818 -7.82446e-16)
(22.0123 1.35494 -1.7779e-16)
(22.2771 1.15626 -3.50262e-16)
(22.5679 0.985614 3.26984e-16)
(22.8835 0.847398 4.63002e-16)
(23.2217 0.746777 -1.29418e-16)
(23.5768 0.689158 2.4756e-16)
(23.9371 0.678952 5.20627e-17)
(24.2892 0.717965 -7.35568e-17)
(24.6224 0.80487 2.31066e-17)
(24.9279 0.936138 7.40847e-17)
(25.1973 1.10639 0)
(25.4234 1.30875 -5.0953e-17)
(25.6 1.53505 0)
(25.7223 1.77599 -3.25598e-16)
(25.7864 2.02189 0)
(25.789 2.2614 -2.40543e-16)
(25.7249 2.48224 -1.67018e-17)
(25.5923 2.66544 6.0092e-16)
(25.3769 2.78897 1.41385e-15)
(25.1064 2.78063 0)
(24.7648 2.60915 -3.67036e-15)
(23.2333 8.82404 -1.27594e-17)
(23.5931 9.11765 6.24449e-18)
(24.0195 9.41663 1.67788e-17)
(24.4864 9.69708 -1.28064e-17)
(24.9649 9.93605 0)
(25.4839 10.1467 9.47733e-17)
(26.0244 10.3191 9.85461e-17)
(26.5733 10.447 -5.91476e-16)
(27.1357 10.5314 -3.78934e-16)
(27.7033 10.5704 -1.45756e-18)
(28.2735 10.5627 -4.1772e-16)
(28.8479 10.5067 5.46559e-16)
(29.4233 10.4005 -5.94594e-16)
(29.9984 10.2409 -7.1309e-16)
(30.571 10.0246 7.53923e-16)
(31.1365 9.7478 -4.47035e-16)
(31.6892 9.40738 1.43705e-15)
(32.2215 9.00069 0)
(32.7241 8.52673 1.17129e-15)
(33.1865 7.98647 1.19795e-15)
(33.5974 7.3833 -3.28932e-16)
(33.944 6.72498 -1.24821e-15)
(34.2142 6.02225 1.10762e-15)
(34.399 5.28866 -3.36737e-16)
(34.4925 4.53492 1.49692e-16)
(34.4894 3.76597 -1.37376e-17)
(34.3853 2.99092 -6.83096e-17)
(34.1795 2.22596 0)
(33.8748 1.48692 0)
(33.4759 0.786552 1.11478e-16)
(32.9875 0.136211 -1.77926e-15)
(32.4137 -0.452876 -3.13001e-15)
(31.7578 -0.96924 8.89754e-17)
(31.0235 -1.39954 0)
(30.2093 -1.72885 1.87803e-15)
(29.3252 -1.92688 2.51716e-15)
(28.3536 -1.97433 3.31791e-15)
(27.3693 -1.74344 2.53268e-15)
(26.3689 -1.32895 0)
(22.9082 8.51893 3.68847e-17)
(22.6076 8.20133 -9.67451e-17)
(22.2986 7.81686 0)
(21.9899 7.37263 -8.94631e-16)
(21.7195 6.89994 -6.60206e-16)
(21.4852 6.38616 -2.76933e-16)
(21.298 5.8428 5.01265e-16)
(21.1689 5.30591 -5.14012e-16)
(21.097 4.7984 0)
(21.0753 4.32209 1.19854e-15)
(21.0957 3.88358 6.46219e-16)
(21.1498 3.48896 3.51221e-16)
(21.2316 3.1322 3.84377e-16)
(21.3368 2.80748 -7.50884e-16)
(21.4628 2.51156 0)
(21.6091 2.23929 -3.81916e-16)
(21.7763 1.98762 -7.36393e-16)
(21.9653 1.75548 3.65951e-16)
(22.1776 1.54284 3.50107e-16)
(22.4143 1.3511 3.30985e-16)
(22.676 1.18339 -6.09642e-16)
(22.9623 1.04376 -1.42043e-16)
(23.2719 0.937175 3.93912e-16)
(23.5999 0.86913 -2.33157e-18)
(23.9358 0.844585 -2.09285e-16)
(24.2669 0.866149 -1.85802e-16)
(24.5831 0.933346 0)
(24.8757 1.04358 -7.00912e-17)
(25.1366 1.19237 0)
(25.3581 1.37364 0)
(25.5339 1.57985 0)
(25.6585 1.80222 3.08417e-16)
(25.7277 2.03124 -3.04673e-16)
(25.7377 2.25569 -2.83238e-16)
(25.6835 2.46296 -3.68355e-17)
(25.5635 2.63416 7.67559e-17)
(25.3666 2.74691 -1.42405e-15)
(25.1187 2.73551 0)
(24.8181 2.56885 0)
(23.4781 8.53964 -2.02218e-17)
(23.8218 8.81274 8.07966e-18)
(24.2286 9.09018 2.07952e-18)
(24.6733 9.34954 3.58e-17)
(25.1278 9.56936 0)
(25.62 9.76216 -8.91409e-17)
(26.1315 9.91867 0)
(26.6496 10.0334 -4.37179e-16)
(27.1793 10.1075 -2.91742e-16)
(27.7127 10.1395 3.49081e-16)
(28.2474 10.1282 4.38084e-16)
(28.7852 10.0727 -4.45041e-16)
(29.3232 9.97111 5.64197e-16)
(29.8605 9.82077 -6.03722e-16)
(30.3955 9.61858 -7.16378e-16)
(30.9242 9.3612 -4.00599e-16)
(31.4418 9.04546 4.09778e-16)
(31.9416 8.66873 -4.80186e-16)
(32.4154 8.22971 -2.70751e-17)
(32.8535 7.72885 -1.67636e-15)
(33.2456 7.16898 0)
(33.5799 6.55661 9.03046e-16)
(33.8446 5.90148 -1.11416e-15)
(34.0312 5.21597 -4.35797e-16)
(34.1337 4.5094 -3.96905e-16)
(34.1473 3.78497 -3.05484e-16)
(34.0668 3.04988 1.0569e-16)
(33.8897 2.31886 -7.76001e-18)
(33.6169 1.60721 -4.50278e-16)
(33.2513 0.928094 0)
(32.7964 0.293602 3.12614e-15)
(32.2558 -0.284282 2.80695e-15)
(31.6324 -0.793367 0)
(30.93 -1.21957 0)
(30.1481 -1.54723 -1.77872e-15)
(29.2965 -1.74676 -2.3869e-15)
(28.364 -1.79763 -1.51801e-15)
(27.4166 -1.58581 -1.27938e-15)
(26.4735 -1.18777 -8.54264e-18)
(23.1669 8.25531 -5.16785e-17)
(22.8789 7.95896 8.75534e-17)
(22.5821 7.59973 4.2157e-16)
(22.2848 7.18371 2.19373e-16)
(22.0235 6.74067 6.21876e-16)
(21.7958 6.25856 -6.39316e-16)
(21.6121 5.74816 0)
(21.4834 5.24371 9.57106e-16)
(21.409 4.76705 5.11966e-16)
(21.3819 4.31997 -2.16753e-15)
(21.3945 3.90875 -1.77719e-15)
(21.4387 3.53927 6.25199e-16)
(21.5086 3.20576 3.24524e-16)
(21.6 2.90255 3.40498e-16)
(21.7101 2.62639 -3.42199e-16)
(21.8386 2.37208 6.81721e-16)
(21.9859 2.1364 3.52802e-18)
(22.1529 1.91798 6.37985e-16)
(22.3412 1.71634 -6.25828e-16)
(22.5524 1.53249 0)
(22.7872 1.36903 4.20136e-16)
(23.0461 1.22963 -5.23846e-16)
(23.3283 1.11897 -1.12221e-16)
(23.6301 1.04253 -2.19205e-16)
(23.9419 1.00569 1.97969e-16)
(24.2519 1.01172 -4.16525e-17)
(24.5505 1.0609 4.22383e-17)
(24.8295 1.15144 6.96616e-17)
(25.0808 1.27974 0)
(25.2967 1.4405 5.31542e-17)
(25.4707 1.62689 -1.8662e-16)
(25.5967 1.83067 0)
(25.6703 2.0426 3.08556e-16)
(25.6874 2.25169 -1.7612e-17)
(25.643 2.44514 -5.36553e-17)
(25.5355 2.60426 7.53623e-17)
(25.3571 2.70662 1.23081e-15)
(25.1317 2.6929 4.21939e-17)
(24.8685 2.53249 0)
(23.7029 8.27125 2.33109e-17)
(24.0314 8.52532 0)
(24.4198 8.78277 -5.84233e-17)
(24.8436 9.02257 0)
(25.2757 9.22467 2.91936e-17)
(25.7428 9.40087 -2.84432e-17)
(26.2273 9.54268 1.62839e-16)
(26.7168 9.64517 4.4153e-16)
(27.2162 9.7096 1.12403e-17)
(27.718 9.73475 2.79668e-16)
(28.2199 9.71999 -3.22127e-16)
(28.7238 9.6644 -1.23709e-15)
(29.2272 9.56658 5.19734e-16)
(29.7295 9.42417 4.50021e-17)
(30.2294 9.23433 1.21407e-15)
(30.7237 8.99402 0)
(31.2081 8.70026 -7.42675e-16)
(31.677 8.35039 0)
(32.1228 7.94306 0)
(32.5369 7.47818 1.98957e-15)
(32.9098 6.95824 0)
(33.2306 6.38867 0)
(33.4883 5.77828 2.08078e-15)
(33.6744 5.13841 4.96565e-16)
(33.7836 4.47707 5.75345e-16)
(33.8109 3.796 -6.10403e-17)
(33.751 3.10061 -1.44139e-17)
(33.5999 2.40413 -2.0452e-16)
(33.3568 1.72113 4.30527e-16)
(33.0231 1.06487 0)
(32.601 0.447943 -1.36622e-16)
(32.0934 -0.11714 -1.23035e-15)
(31.5028 -0.617539 4.47712e-15)
(30.8328 -1.03855 0)
(30.0841 -1.36389 -1.53455e-15)
(29.2661 -1.56472 6.03981e-17)
(28.3732 -1.61962 -5.80557e-17)
(27.4636 -1.42728 0)
(26.5739 -1.04902 0)
(23.405 8.00615 -3.91238e-17)
(23.1291 7.72954 0)
(22.8438 7.39368 -5.80536e-16)
(22.5576 7.00384 -6.57522e-16)
(22.3051 6.58833 0)
(22.084 6.13561 0)
(21.9041 5.65588 1.44167e-15)
(21.7764 5.18157 7.94739e-16)
(21.7002 4.73358 0)
(21.6688 4.31361 5.36316e-16)
(21.6747 3.92778 -5.18179e-16)
(21.7104 3.58171 0)
(21.77 3.26985 0)
(21.8493 2.98673 2.98536e-16)
(21.9456 2.72911 -6.09587e-16)
(22.0585 2.49183 6.09554e-16)
(22.1882 2.27153 -3.05022e-16)
(22.3356 2.06655 -1.12298e-17)
(22.5025 1.87608 -2.78284e-16)
(22.6903 1.70072 5.44958e-16)
(22.9005 1.54257 -1.28047e-16)
(23.1338 1.40483 -1.23879e-16)
(23.3901 1.29182 3.36906e-16)
(23.6668 1.20891 2.03505e-16)
(23.955 1.16175 -9.78717e-17)
(24.2438 1.15414 0)
(24.5245 1.18697 -1.50905e-16)
(24.7893 1.25922 1.21772e-18)
(25.0301 1.36808 0)
(25.2396 1.50905 -5.03304e-17)
(25.4107 1.67601 1.7674e-16)
(25.5374 1.86131 1.48126e-16)
(25.6147 2.05605 2.00463e-17)
(25.6384 2.24955 -1.61428e-17)
(25.6035 2.42898 -3.62127e-17)
(25.5086 2.57601 6.65027e-16)
(25.3484 2.66839 -3.70798e-17)
(25.1452 2.65287 1.40392e-15)
(24.9162 2.49985 0)
(23.9097 8.01762 -2.60749e-17)
(24.2238 8.25401 1.54779e-17)
(24.5947 8.4929 6.10495e-18)
(24.9989 8.71455 0)
(25.4099 8.90019 3.36824e-17)
(25.8535 9.06102 0)
(26.3127 9.18917 -2.46734e-16)
(26.7756 9.28028 1.43234e-16)
(27.2468 9.33564 6.37279e-16)
(27.7193 9.35441 8.43935e-16)
(28.1908 9.33615 -2.73814e-16)
(28.6634 9.28021 7.93209e-16)
(29.1347 9.18547 0)
(29.6044 9.04988 9.75477e-16)
(30.0717 8.87088 -5.6962e-16)
(30.5337 8.64571 -3.14224e-17)
(30.9869 8.37154 1.3667e-15)
(31.4262 8.04586 -1.07542e-15)
(31.8451 7.66721 -3.98554e-16)
(32.2356 7.23525 -1.78673e-15)
(32.5892 6.75202 4.90249e-16)
(32.8958 6.22222 -2.30397e-16)
(33.1451 5.65373 -1.44637e-15)
(33.3291 5.05694 -2.47216e-16)
(33.4425 4.43882 0)
(33.481 3.79973 0)
(33.4388 3.14351 0)
(33.3112 2.48186 1.59383e-16)
(33.0956 1.82852 4.94368e-17)
(32.7921 1.19653 7.94125e-16)
(32.4018 0.598729 -1.43529e-15)
(31.9268 0.0479488 1.03216e-15)
(31.3691 -0.442362 -4.11992e-15)
(30.7322 -0.857086 1.01824e-16)
(30.0173 -1.17937 1.35685e-15)
(29.2338 -1.38129 0)
(28.3808 -1.44066 -1.39445e-15)
(27.5097 -1.26797 -2.27054e-17)
(26.67 -0.912137 -1.24691e-16)
(23.6244 7.7704 3.70056e-18)
(23.3599 7.5121 -1.33511e-17)
(23.0857 7.19797 2.43135e-16)
(22.8102 6.83247 7.49957e-16)
(22.5663 6.44255 2.7356e-16)
(22.3518 6.0172 2.93585e-16)
(22.176 5.566 -1.67435e-15)
(22.0496 5.1198 6.42445e-16)
(21.9722 4.69849 3.86886e-16)
(21.9372 4.30379 1.30439e-15)
(21.9376 3.94158 -4.60072e-16)
(21.966 3.61726 4.84411e-16)
(22.0166 3.32553 0)
(22.0854 3.06114 0)
(22.1696 2.82089 0)
(22.2687 2.5997 -2.721e-16)
(22.3829 2.39407 8.65581e-18)
(22.513 2.20217 2.63086e-16)
(22.6606 2.02287 -5.17124e-16)
(22.8274 1.85636 1.27514e-19)
(23.015 1.70428 2.39573e-16)
(23.2245 1.56936 -1.07251e-16)
(23.4566 1.45546 -2.00417e-16)
(23.7092 1.36777 8.05824e-18)
(23.9745 1.3121 9.14402e-17)
(24.2426 1.29266 0)
(24.5052 1.31084 1.42876e-16)
(24.7552 1.36626 -6.35901e-17)
(24.9849 1.45686 -7.19954e-18)
(25.1869 1.5789 1.18459e-17)
(25.3543 1.72694 1.71585e-16)
(25.4808 1.89398 -3.25912e-16)
(25.5612 2.07154 3.7361e-17)
(25.5909 2.24934 2.38937e-16)
(25.5652 2.41464 0)
(25.4828 2.54962 -5.23956e-16)
(25.3405 2.63245 -1.26911e-15)
(25.1591 2.61562 -1.33671e-15)
(24.9613 2.47089 -2.72465e-15)
(24.1001 7.77764 4.31006e-18)
(24.4005 7.99761 0)
(24.7549 8.21923 5.34499e-18)
(25.1404 8.42396 -6.83036e-18)
(25.5316 8.59438 -2.50905e-17)
(25.9532 8.74094 -1.41781e-16)
(26.3886 8.85641 2.32775e-16)
(26.8266 8.93693 -1.42443e-16)
(27.2716 8.98388 -5.95272e-16)
(27.7168 8.99663 -2.41377e-16)
(28.1601 8.97502 3.3551e-16)
(28.6036 8.91854 0)
(29.0451 8.82635 0)
(29.4845 8.69666 -9.26634e-16)
(29.9214 8.5272 0)
(30.3532 8.31549 -5.7102e-16)
(30.777 8.05886 -1.79162e-15)
(31.1883 7.75498 1.39132e-15)
(31.5813 7.40231 0)
(31.9489 7.00042 1.19606e-15)
(32.2832 6.55095 4.2446e-16)
(32.5752 6.05798 -2.22005e-16)
(32.8151 5.52869 4.29807e-16)
(32.9953 4.97255 2.02187e-16)
(33.111 4.39558 0)
(33.1583 3.79696 5.03031e-17)
(33.1312 3.1791 -6.13802e-17)
(33.0244 2.55231 -1.71129e-16)
(32.8342 1.92932 -4.33006e-16)
(32.5592 1.32278 -1.23923e-15)
(32.1996 0.74546 -1.45792e-16)
(31.7566 0.210507 1.05294e-16)
(31.2317 -0.268405 0)
(30.6281 -0.675719 0)
(29.9476 -0.994245 1.32246e-15)
(29.1994 -1.19697 1.99422e-15)
(28.3865 -1.26126 1.32496e-15)
(27.5544 -1.10829 1.34438e-15)
(26.7617 -0.776999 1.26546e-16)
(23.8269 7.5471 8.88507e-17)
(23.5732 7.3058 -2.20428e-16)
(23.3097 7.01188 1.19425e-16)
(23.0444 6.66908 1.52769e-16)
(22.809 6.30301 -2.84401e-16)
(22.601 5.90319 0)
(22.4293 5.47864 1.40519e-15)
(22.3047 5.05862 -1.29012e-15)
(22.2266 4.66219 1.01541e-15)
(22.1888 4.29105 0)
(22.1844 3.95084 0)
(22.2064 3.64678 -4.55211e-16)
(22.2492 3.37382 4.63631e-16)
(22.3088 3.1269 -1.27236e-17)
(22.3825 2.90289 4.81233e-16)
(22.4694 2.69678 0)
(22.5698 2.50507 2.52076e-16)
(22.6845 2.32575 0)
(22.8149 2.15742 -7.93249e-19)
(22.9628 1.99991 6.74775e-16)
(23.1299 1.85443 -4.31252e-16)
(23.3176 1.72325 1.10062e-16)
(23.5269 1.60979 9.80472e-17)
(23.7567 1.51888 0)
(24 1.45638 1.61856e-16)
(24.2477 1.42682 0)
(24.4923 1.43202 -1.2019e-16)
(24.7272 1.4721 -2.00017e-17)
(24.9452 1.54567 -2.9367e-18)
(25.1391 1.64969 -9.34663e-17)
(25.302 1.77945 -1.73998e-16)
(25.4274 1.92858 1.583e-16)
(25.5101 2.08908 0)
(25.5453 2.25116 -2.8943e-16)
(25.5285 2.40231 0)
(25.4583 2.52532 5.64611e-16)
(25.3334 2.59901 1.17249e-15)
(25.1732 2.58124 -8.39244e-17)
(25.0038 2.44541 2.68369e-15)
(24.2756 7.55036 4.18916e-18)
(24.5629 7.75503 -1.15519e-17)
(24.9016 7.96059 3.79092e-17)
(25.2695 8.14958 -1.58815e-17)
(25.6419 8.30587 7.95413e-17)
(26.0427 8.43917 1.33608e-16)
(26.4559 8.54287 0)
(26.8705 8.61359 2.82569e-16)
(27.291 8.6527 0)
(27.7107 8.65983 0)
(28.1277 8.635 -2.89049e-16)
(28.5441 8.57786 -3.86622e-17)
(28.9579 8.48785 3.4014e-16)
(29.3693 8.36334 0)
(29.7777 8.20239 0)
(30.1813 8.0027 9.78363e-16)
(30.5775 7.76186 1.13995e-15)
(30.9623 7.47766 1.18029e-15)
(31.3305 7.14862 9.4887e-16)
(31.676 6.77417 -7.57934e-16)
(31.9912 6.35572 -1.46374e-17)
(32.2682 5.89685 1.16849e-15)
(32.4979 5.4041 0)
(32.6731 4.88613 -3.96562e-16)
(32.7895 4.34813 9.45425e-17)
(32.8433 3.78835 8.7607e-17)
(32.829 3.20788 0)
(32.7405 2.61572 3.42552e-16)
(32.5734 2.02353 3.31964e-16)
(32.3252 1.44334 6.20097e-16)
(31.995 0.887761 -1.09623e-15)
(31.5832 0.369921 -2.0228e-15)
(31.0909 -0.0962893 0)
(30.5207 -0.495083 -1.74952e-16)
(29.8751 -0.809126 -1.08574e-15)
(29.1629 -1.01227 -3.15316e-17)
(28.3901 -1.08179 1.3167e-15)
(27.5973 -0.948404 -1.31633e-15)
(26.8489 -0.643238 0)
(24.0137 7.33535 -3.15484e-17)
(23.7705 7.10992 6.71392e-18)
(23.5172 6.83484 0)
(23.2619 6.5132 -2.38606e-16)
(23.0346 6.1694 -1.67696e-17)
(22.8331 5.79343 -2.25121e-16)
(22.6657 5.39378 -1.03572e-15)
(22.5431 4.99826 -1.08874e-15)
(22.4647 4.62507 2.44447e-16)
(22.4246 4.27592 -1.32062e-15)
(22.4161 3.95623 1.0783e-15)
(22.4327 3.67103 3.95335e-16)
(22.4687 3.41552 -4.15648e-16)
(22.5202 3.18486 -1.3462e-17)
(22.5845 2.976 -8.99016e-16)
(22.6608 2.78402 0)
(22.7491 2.60542 0)
(22.85 2.4381 2.16433e-16)
(22.9651 2.28044 -4.3495e-16)
(23.096 2.13194 -6.15898e-16)
(23.2444 1.99341 3.94572e-16)
(23.4121 1.86668 -9.42781e-18)
(23.6004 1.75468 -9.56492e-17)
(23.8086 1.66188 -1.63477e-16)
(24.0309 1.59411 7.69943e-17)
(24.2588 1.55606 -1.40136e-16)
(24.4857 1.54988 1.24515e-19)
(24.7054 1.57612 0)
(24.9112 1.63396 1.28746e-17)
(25.0963 1.721 8.84044e-17)
(25.2538 1.83323 0)
(25.3775 1.96493 2.01891e-16)
(25.4617 2.10863 2.69263e-16)
(25.5019 2.25505 5.62884e-16)
(25.4934 2.3921 0)
(25.4352 2.5033 -1.08709e-15)
(25.3271 2.56829 1.13735e-15)
(25.1873 2.54986 1.18565e-15)
(25.0437 2.4233 2.46203e-15)
(24.4373 7.33494 7.07453e-18)
(24.7122 7.52534 0)
(25.0359 7.71592 0)
(25.3871 7.89026 6.85216e-19)
(25.7418 8.03341 -7.71693e-17)
(26.1229 8.15443 -4.5916e-17)
(26.5151 8.24722 -1.13341e-16)
(26.9079 8.30887 -1.52429e-16)
(27.3053 8.34069 -1.84104e-16)
(27.7012 8.34261 1.89014e-16)
(28.0938 8.31475 0)
(28.4849 8.25693 0)
(28.8729 8.16874 3.41575e-16)
(29.2581 8.04885 -1.06153e-15)
(29.6401 7.89546 -4.25036e-16)
(30.0173 7.70655 -4.96031e-16)
(30.3874 7.47995 5.1381e-16)
(30.7472 7.21358 -5.89832e-16)
(31.0919 6.90603 -6.16332e-16)
(31.4159 6.55666 -6.30521e-16)
(31.7126 6.16671 0)
(31.9745 5.73942 -7.46927e-16)
(32.1935 5.28068 -1.79594e-16)
(32.3627 4.79848 1.73696e-16)
(32.4781 4.29736 8.60875e-17)
(32.5367 3.77466 -9.32297e-17)
(32.5329 3.23045 0)
(32.4605 2.67242 -1.21866e-16)
(32.3143 2.11121 1.79568e-16)
(32.091 1.55806 -6.33909e-17)
(31.7888 1.02523 1.1802e-15)
(31.4073 0.525729 9.47607e-16)
(30.9471 0.0734412 1.61615e-15)
(30.4104 -0.315858 -1.62018e-16)
(29.7998 -0.624615 -8.50144e-16)
(29.1239 -0.827852 -3.64237e-15)
(28.3912 -0.90285 -2.38562e-15)
(27.638 -0.788801 -1.27155e-15)
(26.9312 -0.51074 -4.28492e-16)
(24.1865 7.1344 2.96082e-17)
(23.9532 6.92376 5.84919e-17)
(23.7097 6.66627 -4.05717e-16)
(23.464 6.36441 0)
(23.2447 6.04143 -2.13955e-16)
(23.0495 5.68779 -1.84043e-17)
(22.8865 5.31144 2.12912e-16)
(22.766 4.93884 1.01772e-15)
(22.6877 4.58739 -1.12502e-15)
(22.6458 4.25878 6.11935e-16)
(22.6339 3.95826 -3.48051e-17)
(22.6457 3.69064 0)
(22.6757 3.45138 0)
(22.7201 3.23584 7.75631e-18)
(22.7762 3.04107 -3.69627e-18)
(22.843 2.86231 -4.0433e-16)
(22.9206 2.69607 0)
(23.0094 2.54012 0)
(23.1108 2.39272 0)
(23.2264 2.2531 1.91978e-16)
(23.358 2.12171 0)
(23.5074 1.99993 0)
(23.6763 1.89022 -1.57023e-16)
(23.8644 1.79669 1.56594e-16)
(24.0666 1.72503 6.57041e-17)
(24.2755 1.68 6.37866e-17)
(24.485 1.66398 -1.40825e-17)
(24.6895 1.67785 7.08685e-17)
(24.8829 1.72127 -6.42526e-18)
(25.0587 1.79245 7.19564e-17)
(25.2102 1.888 2.26213e-17)
(25.3313 2.00284 -3.53041e-16)
(25.4165 2.13011 -5.57784e-16)
(25.4609 2.26109 -5.57912e-16)
(25.4604 2.38418 3.3861e-17)
(25.4136 2.48377 4.90856e-16)
(25.3218 2.54048 -6.28258e-17)
(25.2015 2.52158 -1.06367e-15)
(25.0813 2.40441 -2.2836e-15)
(24.5865 7.13056 1.211e-18)
(24.8495 7.30765 -1.82113e-17)
(25.159 7.48426 0)
(25.4942 7.64497 -8.39287e-18)
(25.8321 7.77592 1.20624e-16)
(26.1946 7.88552 1.14642e-16)
(26.567 7.96822 3.1791e-17)
(26.9392 8.02147 5.93612e-17)
(27.3151 8.04656 3.22644e-16)
(27.6886 8.04364 3.66088e-16)
(28.0583 8.01297 0)
(28.4259 7.95446 -4.18975e-17)
(28.7899 7.86791 5.11465e-16)
(29.1505 7.75215 1.30641e-15)
(29.5078 7.60559 3.82766e-16)
(29.8603 7.42644 -3.91383e-16)
(30.2061 7.21274 -8.72027e-16)
(30.5422 6.96257 -1.0097e-15)
(30.8645 6.67462 -5.47825e-16)
(31.1681 6.34823 5.66695e-16)
(31.4467 5.98445 9.03355e-16)
(31.6936 5.58633 9.63539e-16)
(31.9015 5.15918 1.63133e-16)
(32.0638 4.71046 -1.5776e-16)
(32.1771 4.24405 0)
(32.2388 3.75667 -1.95579e-16)
(32.2435 3.24739 2.80749e-17)
(32.185 2.72283 1.47971e-16)
(32.0576 2.19248 -2.776e-16)
(31.8573 1.66684 0)
(31.5817 1.15759 9.20103e-16)
(31.2295 0.677414 -8.36628e-16)
(30.8008 0.240145 -3.02871e-15)
(30.2972 -0.138603 0)
(29.7218 -0.441399 2.01945e-15)
(29.0825 -0.644219 1.47518e-16)
(28.3897 -0.724726 1.13443e-15)
(27.6758 -0.629598 1.23895e-15)
(27.0086 -0.379271 3.87403e-16)
(24.3461 6.94355 5.69235e-17)
(24.1225 6.74673 2.20419e-16)
(23.8884 6.50567 1.46732e-16)
(23.652 6.22234 4.92649e-16)
(23.4404 5.91884 0)
(23.2514 5.5861 -7.09963e-16)
(23.0929 5.2316 -7.59994e-16)
(22.9747 4.88049 8.51259e-16)
(22.8968 4.54939 0)
(22.8534 4.24001 -1.03089e-15)
(22.8386 3.95737 -3.09532e-17)
(22.8462 3.70616 6.1502e-16)
(22.871 3.48204 9.83223e-16)
(22.9091 3.28057 -3.3107e-16)
(22.9579 3.09891 0)
(23.0164 2.93246 -3.60002e-16)
(23.0844 2.77774 1.04809e-17)
(23.1625 2.63253 -3.55853e-16)
(23.2517 2.49493 3.56427e-16)
(23.3537 2.36396 3.36693e-16)
(23.4701 2.23973 -4.9175e-16)
(23.6029 2.12326 4.70432e-16)
(23.7539 2.01655 0)
(23.9233 1.92328 -2.08996e-16)
(24.1067 1.84894 -2.01679e-16)
(24.2974 1.7983 0)
(24.49 1.77388 8.79196e-17)
(24.6795 1.77682 2.80259e-17)
(24.8603 1.80716 6.08912e-18)
(25.0263 1.86361 -8.91252e-17)
(25.1714 1.94341 1.98192e-17)
(25.2893 2.0421 1.2132e-17)
(25.3747 2.15342 8.46293e-16)
(25.4228 2.26925 2.70554e-16)
(25.4295 2.37864 0)
(25.3938 2.46687 5.19277e-16)
(25.3173 2.5157 -1.10644e-15)
(25.2156 2.49646 1.12374e-15)
(25.1165 2.3886 0)
(24.7242 6.93654 9.9306e-18)
(24.9759 7.10121 2.52405e-17)
(25.2717 7.26477 -6.51399e-18)
(25.5917 7.41279 2.66583e-17)
(25.9136 7.53241 -5.76489e-17)
(26.2585 7.63141 -2.41925e-16)
(26.6122 7.70478 6.27181e-16)
(26.9649 7.75026 -2.4548e-16)
(27.3205 7.76917 -8.57775e-16)
(27.6732 7.76178 -7.12842e-16)
(28.0213 7.72853 1.15756e-15)
(28.3669 7.66938 -4.76004e-16)
(28.7084 7.58429 -1.61732e-15)
(29.0463 7.47227 1.14861e-15)
(29.3805 7.33191 -1.3366e-15)
(29.7099 7.16163 7.05556e-16)
(30.0328 6.95966 1.19892e-15)
(30.3467 6.72425 4.2734e-16)
(30.6478 6.45417 0)
(30.9317 6.14885 -5.32713e-16)
(31.1928 5.80917 -1.42234e-15)
(31.425 5.43797 -6.06301e-16)
(31.6216 5.0402 6.48143e-18)
(31.7766 4.6227 -2.86334e-16)
(31.8867 4.18891 0)
(31.95 3.73503 1.35461e-16)
(31.9615 3.25932 -8.3602e-18)
(31.9148 2.76733 1.40301e-18)
(31.8042 2.26755 -1.20922e-16)
(31.6252 1.7696 6.85292e-16)
(31.3745 1.28453 -9.91202e-16)
(31.0504 0.824603 7.99578e-16)
(30.6523 0.403281 5.2967e-17)
(30.1817 0.0360085 -1.38734e-16)
(29.6412 -0.26006 -9.81745e-16)
(29.0386 -0.461987 1.74426e-15)
(28.3852 -0.548054 1.04671e-15)
(27.7104 -0.471284 -5.17215e-17)
(27.0809 -0.248815 0)
(24.4939 6.76218 -7.22661e-17)
(24.2794 6.57827 -2.01626e-16)
(24.0545 6.35258 1.10944e-16)
(23.827 6.0866 -7.52897e-16)
(23.623 5.80138 0)
(23.4401 5.48824 3.27978e-16)
(23.2859 5.15422 1.04192e-15)
(23.1702 4.82328 -7.97239e-16)
(23.0929 4.51125 8.38586e-16)
(23.0484 4.21987 4.92945e-16)
(23.0311 3.95396 5.02532e-16)
(23.0351 3.71804 -1.69028e-15)
(23.0552 3.508 -9.11751e-16)
(23.0877 3.31962 3.22116e-16)
(23.1301 3.15016 8.34557e-18)
(23.1812 2.99515 -6.44048e-16)
(23.2408 2.85121 3.40542e-16)
(23.3093 2.71608 3.24177e-16)
(23.3877 2.58778 3.23227e-16)
(23.4775 2.46515 -3.13092e-16)
(23.5803 2.34803 3.06637e-16)
(23.6981 2.23708 1.31276e-16)
(23.8327 2.13386 -6.50272e-18)
(23.9848 2.04165 -1.2629e-16)
(24.1505 1.96567 0)
(24.3239 1.91067 0)
(24.5002 1.87921 2.5987e-17)
(24.6751 1.87259 -2.64974e-17)
(24.8433 1.89117 1.1168e-17)
(24.9994 1.93411 -1.13939e-17)
(25.1374 1.99916 -1.23648e-16)
(25.2516 2.08249 1.08893e-16)
(25.3365 2.17846 -1.14683e-15)
(25.3876 2.27956 0)
(25.401 2.37557 -5.17482e-16)
(25.3757 2.45275 -4.94194e-16)
(25.3137 2.49411 -1.00115e-15)
(25.2295 2.47459 -2.07926e-15)
(25.1496 2.37575 -1.96443e-15)
(24.8513 6.75225 -1.3886e-17)
(25.0921 6.90531 1.50731e-17)
(25.3749 7.05669 -1.29365e-17)
(25.6804 7.19288 2.09287e-17)
(25.9871 7.30197 2.23847e-17)
(26.3153 7.39117 -3.8578e-17)
(26.6513 7.45589 -4.79519e-16)
(26.9856 7.49421 1.76516e-16)
(27.322 7.50743 7.8988e-16)
(27.655 7.49596 -2.84185e-16)
(27.983 7.46033 -7.43565e-16)
(28.308 7.40063 -8.21593e-16)
(28.6286 7.31689 4.91269e-16)
(28.9451 7.2083 -2.16228e-15)
(29.2577 7.07362 5.67017e-16)
(29.5655 6.91146 6.76126e-16)
(29.867 6.7202 -1.44807e-15)
(30.1599 6.4983 7.72295e-16)
(30.441 6.2446 0)
(30.7062 5.9586 0)
(30.9505 5.6411 1.04562e-15)
(31.1683 5.29481 -2.74146e-16)
(31.3535 4.92425 7.8001e-16)
(31.5006 4.53587 0)
(31.6069 4.13269 1.29168e-16)
(31.6706 3.71047 -2.87674e-16)
(31.6872 3.26685 -1.43003e-17)
(31.6507 2.8064 -1.0647e-16)
(31.555 2.33666 -3.29752e-16)
(31.3953 1.86638 -3.26241e-16)
(31.168 1.40589 0)
(30.8707 0.96686 -7.02249e-16)
(30.5024 0.562364 2.71042e-15)
(30.0639 0.207374 -1.48127e-16)
(29.5581 -0.0812433 0)
(28.992 -0.281809 0)
(28.3776 -0.373197 -1.02271e-15)
(27.7415 -0.314072 0)
(27.1479 -0.119274 5.84933e-16)
(24.6306 6.58971 4.98859e-17)
(24.425 6.41788 1.18524e-16)
(24.2088 6.20658 -1.50808e-17)
(23.99 5.95688 6.82797e-16)
(23.7933 5.68879 -1.29687e-16)
(23.6164 5.39404 1.1024e-15)
(23.4667 5.07928 -1.18684e-15)
(23.3535 4.76726 0)
(23.2769 4.47314 -7.87079e-16)
(23.2316 4.19862 1.24042e-15)
(23.2122 3.94836 4.44454e-16)
(23.213 3.72672 1.01008e-15)
(23.229 3.52979 2.67566e-16)
(23.2566 3.35357 -5.6116e-16)
(23.2932 3.19543 1.6079e-17)
(23.3378 3.05106 8.91025e-16)
(23.39 2.91715 2.86132e-16)
(23.45 2.79147 -1.79962e-17)
(23.5188 2.67194 -8.61759e-18)
(23.5977 2.55728 0)
(23.6883 2.44711 0)
(23.7925 2.34177 -5.28885e-16)
(23.9122 2.24242 0)
(24.0483 2.15193 6.71736e-18)
(24.1976 2.07522 5.51324e-17)
(24.3547 2.01697 -1.62667e-16)
(24.5155 1.9797 -1.01037e-16)
(24.676 1.96482 -4.7734e-17)
(24.8319 1.97293 0)
(24.9778 2.00355 -1.98854e-17)
(25.1085 2.05492 1.73977e-16)
(25.2183 2.12376 0)
(25.3022 2.20506 8.34004e-16)
(25.3557 2.29197 0)
(25.3752 2.37501 9.96176e-16)
(25.3595 2.44152 0)
(25.3112 2.47578 -6.58467e-17)
(25.2433 2.45599 1.01437e-15)
(25.1806 2.36575 3.91818e-17)
(24.9686 6.57711 -3.65511e-18)
(25.199 6.71931 0)
(25.4693 6.85933 0)
(25.7609 6.9845 3.85689e-18)
(26.0532 7.0838 -9.1292e-17)
(26.3655 7.1639 3.71162e-16)
(26.6847 7.22062 1.55404e-16)
(27.0016 7.25236 2.04051e-16)
(27.32 7.26036 -2.08093e-16)
(27.6344 7.24518 0)
(27.9436 7.20743 0)
(28.2492 7.14724 3.7814e-16)
(28.5501 7.0648 8.65323e-16)
(28.8466 6.95939 5.33198e-16)
(29.1391 6.82994 0)
(29.4267 6.67524 3.20058e-17)
(29.708 6.49381 0)
(29.9812 6.28428 -7.34989e-16)
(30.2434 6.04564 0)
(30.4909 5.77743 0)
(30.719 5.48038 -8.86433e-16)
(30.9228 5.15713 2.47684e-16)
(31.0968 4.81184 -7.34572e-16)
(31.2359 4.45055 1.19326e-16)
(31.3376 4.07599 -3.43772e-16)
(31.4007 3.68364 2.85647e-17)
(31.4212 3.27054 2.78278e-17)
(31.3931 2.84049 0)
(31.3105 2.40012 2.10385e-16)
(31.1684 1.95728 -4.71e-16)
(30.9629 1.52152 9.23947e-17)
(30.691 1.10387 6.7174e-16)
(30.3514 0.716862 9.04984e-17)
(29.9444 0.374941 -1.36139e-16)
(29.4727 0.094402 8.38753e-16)
(28.9427 -0.104209 0)
(28.3667 -0.200715 0)
(27.7686 -0.158409 1.21119e-15)
(27.2095 0.00944007 -5.4318e-16)
(24.7572 6.42562 -4.38611e-17)
(24.56 6.2651 9.69392e-17)
(24.3524 6.06728 1.79327e-16)
(24.1419 5.83287 0)
(23.9524 5.58085 0)
(23.7814 5.30337 -5.87016e-17)
(23.636 5.00671 1.11182e-15)
(23.5254 4.71248 3.11755e-16)
(23.4498 4.43516 9.9282e-16)
(23.4039 4.17646 -1.11894e-15)
(23.3826 3.94085 -1.2605e-15)
(23.3806 3.73253 -2.34542e-17)
(23.393 3.54783 0)
(23.4162 3.38291 0)
(23.4478 3.23526 5.28076e-16)
(23.4865 3.10075 -2.66627e-16)
(23.5321 2.97617 -2.74481e-16)
(23.5845 2.85928 -5.38458e-16)
(23.6448 2.748 -4.00582e-18)
(23.714 2.64094 0)
(23.7937 2.5375 -2.47486e-16)
(23.8857 2.43776 3.73187e-16)
(23.9919 2.34252 1.17828e-16)
(24.1134 2.25425 6.47673e-18)
(24.2473 2.17759 -2.59308e-16)
(24.3892 2.11704 5.12453e-18)
(24.5352 2.07509 1.45135e-16)
(24.6821 2.05319 5.40705e-18)
(24.8257 2.05208 -2.09235e-17)
(24.9616 2.07158 1.03511e-17)
(25.0847 2.11037 -1.49897e-16)
(25.1898 2.16567 0)
(25.2721 2.23308 -2.6779e-16)
(25.3273 2.3064 -5.85916e-16)
(25.3521 2.37699 -4.17925e-16)
(25.3454 2.43324 5.9087e-17)
(25.3097 2.46077 -5.9305e-17)
(25.2569 2.44068 0)
(25.2096 2.35849 1.76323e-15)
(25.0769 6.41059 -8.71896e-18)
(25.2973 6.54264 -1.00997e-18)
(25.5557 6.67205 8.8971e-18)
(25.8341 6.78695 5.26043e-17)
(26.1126 6.87717 -1.03388e-16)
(26.4097 6.94884 -1.06177e-16)
(26.7129 6.99819 1.38985e-16)
(27.0134 7.02388 -1.48393e-16)
(27.3147 7.02711 -1.82049e-16)
(27.6117 7.00855 -2.35339e-16)
(27.903 6.9689 -3.17576e-16)
(28.1905 6.90835 1.50508e-17)
(28.473 6.82716 -3.72403e-16)
(28.7508 6.72475 -3.98958e-16)
(29.0245 6.60016 3.76354e-17)
(29.293 6.45235 -4.57257e-16)
(29.5556 6.28001 -5.69578e-16)
(29.8103 6.0819 -6.59673e-16)
(30.0546 5.85713 1.36095e-15)
(30.2852 5.6053 0)
(30.498 5.32713 8.43764e-16)
(30.6883 5.02515 2.22763e-16)
(30.8512 4.70327 -4.35323e-16)
(30.9821 4.36722 2.1284e-16)
(31.0788 4.01941 2.18299e-16)
(31.1405 3.65513 5.17825e-17)
(31.1637 3.27099 -7.65523e-17)
(31.1426 2.8701 4.81245e-17)
(31.0715 2.45821 4.43017e-17)
(30.9453 2.04237 -2.42962e-16)
(30.7599 1.63132 8.08126e-16)
(30.512 1.23537 -1.43804e-16)
(30.1999 0.866369 -9.59057e-16)
(29.8236 0.538133 0)
(29.3852 0.266297 -9.80537e-16)
(28.8908 0.070215 1.74918e-16)
(28.3524 -0.0309738 -8.15741e-16)
(27.7914 -0.00460603 -1.24997e-15)
(27.2656 0.137225 -6.31146e-16)
(24.8745 6.26945 -4.31867e-17)
(24.6854 6.11952 -1.87305e-16)
(24.486 5.93432 -3.76843e-16)
(24.2836 5.71428 -1.22103e-16)
(24.101 5.47736 2.00516e-16)
(23.9357 5.21612 -9.11234e-16)
(23.7946 4.93647 -2.4724e-16)
(23.6867 4.65896 5.39085e-16)
(23.6122 4.39742 -1.54183e-15)
(23.5659 4.15356 6.85041e-16)
(23.5431 3.93167 0)
(23.5387 3.73581 -8.20804e-16)
(23.5478 3.56248 8.49877e-16)
(23.5671 3.40806 0)
(23.5942 3.27015 4.68903e-16)
(23.6277 3.14479 -9.53961e-16)
(23.6674 3.02886 2.43062e-16)
(23.7132 2.92015 -3.58419e-18)
(23.7658 2.81659 4.78379e-16)
(23.8265 2.7167 -2.39367e-16)
(23.8964 2.61972 2.29893e-16)
(23.9774 2.5255 2.243e-16)
(24.0714 2.43452 -1.04539e-16)
(24.1794 2.34887 1.02509e-16)
(24.2994 2.27289 1.9746e-16)
(24.427 2.21088 9.43393e-17)
(24.5591 2.16526 -8.82655e-17)
(24.6929 2.13745 4.20023e-17)
(24.8248 2.1283 -4.96398e-18)
(24.9506 2.13788 0)
(25.0659 2.16519 1.4204e-16)
(25.166 2.20796 -1.36752e-16)
(25.2462 2.26234 -6.39149e-17)
(25.3026 2.32278 1.16714e-16)
(25.332 2.38149 -5.96201e-17)
(25.3333 2.42795 -3.9463e-16)
(25.3092 2.44912 7.0692e-16)
(25.2704 2.42865 9.52963e-16)
(25.2368 2.35387 0)
(25.1769 6.2522 1.40044e-17)
(25.3878 6.37476 -8.03321e-18)
(25.6347 6.49426 -1.2281e-17)
(25.9004 6.5996 -1.31562e-17)
(26.1657 6.68139 3.30536e-17)
(26.4484 6.74526 0)
(26.7364 6.78781 -1.0373e-16)
(27.0213 6.80796 -1.36022e-16)
(27.3064 6.80684 3.88345e-16)
(27.5869 6.78526 0)
(27.8615 6.74394 -8.17955e-16)
(28.132 6.68314 9.34529e-16)
(28.3971 6.60319 0)
(28.6575 6.50361 4.0087e-17)
(28.9135 6.38357 -4.56002e-16)
(29.1643 6.24217 1.46275e-15)
(29.4092 6.07825 1.03324e-15)
(29.6465 5.89069 0)
(29.874 5.67871 -3.56754e-17)
(30.0887 5.44202 6.62408e-16)
(30.2869 5.18131 0)
(30.4642 4.89902 -3.99819e-16)
(30.6163 4.59887 7.72644e-16)
(30.739 4.28627 0)
(30.8305 3.96342 0)
(30.8901 3.62546 4.68898e-17)
(30.9149 3.26872 -4.57872e-17)
(30.8995 2.89565 0)
(30.8385 2.51129 0)
(30.7266 2.12185 1.69322e-17)
(30.5598 1.73529 -6.1279e-16)
(30.3344 1.36112 1.31563e-16)
(30.0485 1.0105 8.36374e-16)
(29.7017 0.696461 -8.47157e-16)
(29.2958 0.433884 1.43441e-15)
(28.8363 0.240877 0)
(28.3346 0.135515 1.64253e-15)
(27.8099 0.147021 1.4475e-16)
(27.316 0.264063 5.52205e-16)
(24.9831 6.12075 0)
(24.8019 5.98074 8.44327e-17)
(24.6104 5.80739 -3.65367e-16)
(24.4158 5.60083 0)
(24.2399 5.37811 1.98942e-16)
(24.0803 5.13214 3.7074e-16)
(23.9435 4.8685 2.02805e-16)
(23.8382 4.60672 0)
(23.7648 4.36001 -2.74324e-16)
(23.7184 4.13006 1.45185e-15)
(23.6943 3.92103 3.12147e-16)
(23.6877 3.7368 3.59989e-16)
(23.694 3.57407 -7.74455e-16)
(23.7098 3.42942 0)
(23.7328 3.30054 -4.13822e-16)
(23.7618 3.18364 2.21886e-16)
(23.7962 3.07572 2.1396e-16)
(23.8361 2.97461 -1.00536e-17)
(23.882 2.87825 2.15554e-16)
(23.9349 2.78509 -4.33855e-16)
(23.9962 2.69429 -4.19381e-16)
(24.0673 2.60546 4.0328e-16)
(24.1503 2.5188 6.83566e-18)
(24.2462 2.43605 2.75361e-16)
(24.3532 2.36125 -2.69669e-16)
(24.4676 2.29849 4.21751e-17)
(24.5868 2.25008 -4.12665e-17)
(24.7081 2.2174 -3.98464e-17)
(24.8287 2.20134 5.91408e-20)
(24.9447 2.20215 -7.15819e-17)
(25.0523 2.21912 0)
(25.147 2.25038 1.29564e-16)
(25.2247 2.29264 0)
(25.2816 2.34099 5.22771e-17)
(25.3149 2.38847 -5.76493e-17)
(25.3236 2.42564 4.29583e-16)
(25.31 2.44081 0)
(25.2837 2.41988 -8.09901e-16)
(25.2624 2.3518 0)
(25.2693 6.10149 4.32105e-18)
(25.471 6.21518 -5.80673e-18)
(25.7069 6.32543 -3.73022e-19)
(25.9604 6.42186 -3.56252e-17)
(26.2131 6.49583 -3.16965e-17)
(26.4821 6.55248 -2.07053e-16)
(26.7556 6.58877 1.22574e-16)
(27.0257 6.60385 -1.59641e-16)
(27.2955 6.5988 -6.06958e-17)
(27.5604 6.57451 -2.17109e-17)
(27.8192 6.53175 1.02447e-15)
(28.0736 6.47082 1.77253e-17)
(28.3226 6.39213 0)
(28.5665 6.29526 7.35179e-16)
(28.8059 6.17952 -4.11339e-16)
(29.0401 6.04411 4.21564e-16)
(29.2685 5.88801 -5.22336e-17)
(29.4895 5.71023 -5.33937e-16)
(29.7012 5.51013 -6.09328e-16)
(29.9009 5.28744 -3.4416e-16)
(30.0851 5.04292 3.23762e-16)
(30.2501 4.77888 0)
(30.3917 4.49888 -3.67446e-16)
(30.5063 4.2081 -3.41206e-16)
(30.5923 3.90849 -1.68272e-16)
(30.6495 3.59518 -1.6511e-16)
(30.6751 3.26426 2.01057e-17)
(30.6643 2.91764 1.56956e-16)
(30.6119 2.55971 -7.74652e-17)
(30.5129 2.19591 7.23626e-16)
(30.3631 1.83342 -1.39219e-16)
(30.1588 1.48098 -1.2023e-16)
(29.8977 1.14892 9.60177e-16)
(29.5792 0.849476 8.10114e-16)
(29.2048 0.596632 -1.37095e-15)
(28.7792 0.407309 9.53867e-16)
(28.3131 0.298316 1.97089e-17)
(27.8237 0.296046 1.25427e-15)
(27.3607 0.389793 -7.20598e-16)
(25.0837 5.97912 -1.29953e-16)
(24.9101 5.8484 3.05252e-17)
(24.7262 5.68617 6.84944e-16)
(24.5392 5.4923 -3.10876e-16)
(24.3699 5.28291 1.55586e-16)
(24.2157 5.0513 -7.12853e-16)
(24.0831 4.80274 -1.12132e-15)
(23.9806 4.55576 4.13787e-16)
(23.9084 4.323 0)
(23.862 4.10612 -1.09171e-15)
(23.8368 3.90913 -6.08204e-16)
(23.8283 3.73577 -6.33765e-16)
(23.832 3.58293 8.83288e-18)
(23.8447 3.44734 3.75038e-16)
(23.8641 3.32683 9.76886e-18)
(23.889 3.21775 1.98502e-16)
(23.9187 3.11724 -5.99742e-16)
(23.9534 3.02318 -2.03193e-16)
(23.9933 2.93351 0)
(24.0395 2.84668 -1.92674e-16)
(24.093 2.76172 1.9187e-16)
(24.1553 2.67808 -5.52301e-16)
(24.2284 2.59572 3.62276e-16)
(24.3133 2.51607 -2.58791e-16)
(24.4084 2.44285 2.53345e-16)
(24.5107 2.37996 1.58658e-16)
(24.6178 2.32956 1.5172e-18)
(24.7275 2.29294 0)
(24.8372 2.27102 7.85148e-20)
(24.9437 2.26414 6.78762e-17)
(25.0436 2.27186 -1.29764e-16)
(25.1328 2.29268 3.10488e-16)
(25.2076 2.32378 -3.63684e-16)
(25.2645 2.36089 5.24525e-16)
(25.301 2.39784 1.08458e-16)
(25.3161 2.42628 -1.04333e-16)
(25.3119 2.4358 0)
(25.297 2.4143 0)
(25.2865 2.35218 0)
(25.3546 5.95806 -4.07706e-18)
(25.5474 6.06345 2.99992e-17)
(25.7727 6.16507 -4.29336e-18)
(26.0146 6.2532 -2.5299e-17)
(26.2553 6.31993 1.1866e-16)
(26.5111 6.36992 1.39266e-16)
(26.7708 6.40046 -1.64941e-16)
(27.0269 6.41091 -9.89857e-16)
(27.2822 6.40229 -6.19436e-16)
(27.5324 6.37559 3.9026e-16)
(27.7763 6.33162 -3.62726e-17)
(28.0156 6.27069 -3.96573e-17)
(28.2493 6.19326 0)
(28.4778 6.09902 0)
(28.7017 5.98735 -3.71079e-16)
(28.9203 5.85757 7.86685e-16)
(29.1332 5.70879 -1.30289e-15)
(29.339 5.54013 4.31956e-16)
(29.5358 5.35105 4.95829e-16)
(29.7213 5.14137 -5.34837e-16)
(29.8924 4.91183 0)
(30.0455 4.66472 6.17968e-16)
(30.1771 4.40344 -3.1263e-16)
(30.2838 4.13292 7.94309e-16)
(30.3643 3.85495 5.84539e-18)
(30.4186 3.56467 1.19945e-16)
(30.4444 3.25802 1.81488e-17)
(30.4373 2.93648 -1.46245e-16)
(30.3923 2.6038 7.01262e-17)
(30.3048 2.26477 -1.45493e-17)
(30.1704 1.92581 -3.61499e-16)
(29.9857 1.59483 1.01858e-16)
(29.7481 1.28137 -1.09873e-15)
(29.4566 0.996774 5.42747e-16)
(29.1124 0.754092 1.67215e-16)
(28.7196 0.568975 -2.70824e-17)
(28.288 0.45705 -1.55021e-15)
(27.8327 0.442165 -1.01119e-15)
(27.3996 0.51422 5.87942e-16)
(25.1769 5.84419 5.1035e-17)
(25.0106 5.72219 0)
(24.8341 5.57039 -1.57416e-17)
(24.6545 5.38844 0)
(24.4914 5.19159 5.70677e-16)
(24.3427 4.97351 0)
(24.2142 4.73914 6.87485e-16)
(24.1144 4.50609 3.50671e-16)
(24.0436 4.28644 4.18606e-16)
(23.9972 4.08184 0)
(23.9712 3.89613 4.99859e-16)
(23.961 3.73293 1.17693e-15)
(23.9624 3.58929 0)
(23.9724 3.46213 8.70561e-18)
(23.9885 3.34937 4.93089e-19)
(24.0097 3.24754 5.33963e-16)
(24.0354 3.15387 0)
(24.0653 3.06632 3.57678e-16)
(24.1 2.98287 -3.59523e-16)
(24.1401 2.90194 0)
(24.1867 2.82248 -1.71693e-16)
(24.2412 2.74384 5.09466e-16)
(24.3054 2.66573 -3.25602e-16)
(24.3803 2.58928 1.55143e-16)
(24.4647 2.51795 0)
(24.5559 2.45542 -1.50595e-16)
(24.6517 2.4037 7.26504e-17)
(24.7505 2.36398 0)
(24.85 2.33716 8.37412e-18)
(24.9474 2.32365 6.37744e-17)
(25.0397 2.3232 1.22998e-16)
(25.1233 2.33462 -2.94559e-16)
(25.1949 2.35555 1.27526e-18)
(25.2514 2.38231 5.75189e-17)
(25.2904 2.4095 -4.20728e-16)
(25.311 2.42978 0)
(25.3151 2.434 -7.54951e-16)
(25.3102 2.41183 0)
(25.3093 2.35493 8.46921e-17)
(25.4333 5.82152 4.81638e-18)
(25.6176 5.91916 0)
(25.8328 6.01272 -1.09141e-17)
(26.0634 6.09314 -3.91039e-17)
(26.2926 6.15314 -8.23386e-17)
(26.5359 6.19699 1.00572e-16)
(26.7825 6.22226 3.74198e-16)
(27.0252 6.2285 5.23033e-16)
(27.2667 6.21668 3.23576e-16)
(27.5029 6.18785 6.79541e-16)
(27.7328 6.14288 -8.42073e-16)
(27.9579 6.08207 4.39779e-16)
(28.1772 6.00594 5.12297e-16)
(28.3913 5.91425 5.70691e-16)
(28.6006 5.80647 0)
(28.8047 5.68201 -6.92042e-16)
(29.003 5.54008 0)
(29.1945 5.37994 -1.30028e-15)
(29.3774 5.20113 4.4607e-16)
(29.5495 5.00354 5.09069e-16)
(29.7082 4.78795 0)
(29.8502 4.55656 -5.88141e-16)
(29.9721 4.31266 5.9207e-16)
(30.0711 4.06097 -5.78266e-16)
(30.1461 3.80314 0)
(30.1973 3.53434 0)
(30.2228 3.25045 0)
(30.2185 2.95257 6.4805e-17)
(30.1799 2.64393 -6.34164e-17)
(30.1025 2.32869 -2.45859e-16)
(29.9823 2.01254 4.61274e-16)
(29.8157 1.70263 0)
(29.6001 1.40765 -7.72377e-16)
(29.3342 1.13803 -8.40468e-16)
(29.019 0.905846 1.28117e-15)
(28.6577 0.725463 -9.57899e-16)
(28.2594 0.611317 7.36775e-16)
(27.837 0.585043 0)
(27.4327 0.637138 -6.77868e-16)
(25.2632 5.71561 -5.43306e-18)
(25.1039 5.60178 -5.76369e-17)
(24.9347 5.45977 -1.68402e-16)
(24.7622 5.28904 0)
(24.6053 5.10399 -5.35621e-16)
(24.4618 4.89863 -1.05594e-15)
(24.3374 4.67762 3.07758e-16)
(24.2403 4.4577 -1.0248e-15)
(24.1708 4.25039 0)
(24.1247 4.0573 8.27381e-16)
(24.0979 3.88219 -9.75341e-16)
(24.0863 3.72847 5.25244e-16)
(24.0857 3.59341 -2.774e-16)
(24.0931 3.47407 -5.944e-16)
(24.1064 3.36849 6.98593e-18)
(24.1244 3.27336 -6.48838e-18)
(24.1463 3.18602 1.66098e-16)
(24.1721 3.10448 0)
(24.2021 3.02678 0)
(24.2369 2.95135 0)
(24.2774 2.87707 0)
(24.3249 2.80318 1.52491e-16)
(24.3811 2.7292 1.47878e-16)
(24.4471 2.65602 -4.95691e-18)
(24.5218 2.58681 0)
(24.6028 2.52504 0)
(24.6883 2.47258 0)
(24.7769 2.43051 -7.88453e-18)
(24.8668 2.39966 2.32266e-17)
(24.9555 2.38051 -1.05311e-16)
(25.0404 2.37293 -8.61173e-17)
(25.1185 2.37599 0)
(25.1867 2.38777 2.18894e-16)
(25.2423 2.40507 0)
(25.2831 2.42329 4.00032e-16)
(25.3083 2.43603 0)
(25.3196 2.43531 7.19265e-16)
(25.3236 2.41236 -8.51163e-17)
(25.3309 2.35996 8.00165e-17)
(25.5059 5.69153 -6.02955e-18)
(25.682 5.78191 8.53748e-18)
(25.8875 5.86797 -2.92398e-18)
(26.1074 5.9412 -1.5946e-18)
(26.3256 5.99498 2.324e-16)
(26.5569 6.03317 -2.38548e-16)
(26.7909 6.05362 5.25907e-16)
(27.0208 6.05603 -1.91374e-16)
(27.2493 6.04134 5.13176e-16)
(27.4723 6.01067 -6.4443e-16)
(27.6889 5.9649 3.87861e-16)
(27.9006 5.90433 -3.98627e-16)
(28.1064 5.82954 -4.86716e-16)
(28.3069 5.74035 -1.6067e-15)
(28.5026 5.63629 5.62852e-16)
(28.693 5.51687 1.942e-15)
(28.8777 5.38141 -1.35848e-15)
(29.0557 5.22926 3.50191e-16)
(29.2256 5.06005 8.2109e-16)
(29.3852 4.87373 4.28772e-16)
(29.5322 4.67112 4.64377e-16)
(29.6636 4.45435 4.97077e-16)
(29.7764 4.22661 2.63844e-16)
(29.868 3.99241 -5.05639e-16)
(29.9375 3.75329 -2.46914e-16)
(29.9854 3.50451 -1.52447e-16)
(30.0102 3.24192 3.04692e-17)
(30.0081 2.96629 0)
(29.975 2.68042 0)
(29.9067 2.3879 0)
(29.7992 2.09376 1.9819e-16)
(29.6493 1.80439 -7.47819e-16)
(29.4542 1.52763 1.32875e-15)
(29.2126 1.27299 -1.60957e-16)
(28.9248 1.05153 -1.07894e-15)
(28.5937 0.876394 0)
(28.2272 0.760767 6.82985e-16)
(27.8364 0.724364 -1.05885e-16)
(27.4599 0.7583 1.42855e-15)
(25.3432 5.59307 2.73813e-18)
(25.1907 5.4869 0)
(25.0284 5.35408 3.53719e-16)
(24.8628 5.19389 -6.4263e-16)
(24.7119 5.01994 6.60114e-16)
(24.5735 4.82657 9.9236e-16)
(24.4531 4.61815 0)
(24.3587 4.41058 1.48692e-15)
(24.2907 4.21487 -2.01367e-15)
(24.2449 4.03262 -1.53216e-15)
(24.2175 3.86741 4.2034e-16)
(24.2046 3.72258 0)
(24.2022 3.59551 5.05704e-16)
(24.2074 3.48345 -5.34497e-16)
(24.2182 3.38451 1.35786e-17)
(24.2332 3.29556 -5.82204e-16)
(24.2519 3.21405 5.86576e-16)
(24.274 3.13807 0)
(24.2998 3.06569 0)
(24.3299 2.99536 -2.90288e-16)
(24.365 2.92593 4.30218e-16)
(24.4063 2.85654 0)
(24.4554 2.78656 -4.08517e-16)
(24.5133 2.71666 1.29769e-16)
(24.5792 2.64973 0)
(24.651 2.58905 1.25099e-16)
(24.7271 2.53634 0)
(24.8064 2.49256 -2.9764e-17)
(24.8873 2.45849 -1.42527e-17)
(24.9678 2.43459 -1.31071e-17)
(25.0456 2.42086 1.91716e-16)
(25.1182 2.4166 -2.60758e-18)
(25.1828 2.4202 -5.33741e-17)
(25.237 2.429 0)
(25.279 2.43906 9.4646e-17)
(25.308 2.44488 -1.80817e-16)
(25.3256 2.43958 -5.09265e-16)
(25.3372 2.41576 -1.60771e-16)
(25.3516 2.36718 -7.36709e-17)
(25.5729 5.56774 1.28768e-18)
(25.7412 5.65136 -5.65594e-18)
(25.9372 5.73041 7.58574e-18)
(26.1468 5.79697 8.57196e-18)
(26.3545 5.845 -1.18977e-16)
(26.5743 5.87798 0)
(26.7964 5.89401 1.71693e-16)
(27.0142 5.89297 -1.75049e-16)
(27.2303 5.87574 -1.94407e-17)
(27.4408 5.84348 2.55275e-16)
(27.6448 5.79708 3.13353e-16)
(27.8438 5.73688 -7.43317e-16)
(28.0369 5.66348 -8.38015e-16)
(28.2246 5.57674 1.4215e-15)
(28.4075 5.47627 0)
(28.5851 5.36166 -3.10069e-17)
(28.7571 5.2323 6.4736e-16)
(28.9225 5.08766 -7.03078e-16)
(29.0801 4.92743 7.19033e-16)
(29.2281 4.75167 -2.00256e-15)
(29.3641 4.56114 -2.09108e-17)
(29.4854 4.35798 -4.73092e-16)
(29.5896 4.14528 -6.95237e-16)
(29.6741 3.92732 4.69476e-16)
(29.7383 3.70559 1.21551e-16)
(29.783 3.47544 1.75223e-16)
(29.8067 3.23272 -4.19266e-17)
(29.8062 2.97799 -3.94595e-17)
(29.7777 2.71361 3.52193e-16)
(29.7174 2.4427 -1.95097e-16)
(29.6216 2.16966 9.40313e-17)
(29.4869 1.90015 8.70802e-16)
(29.3109 1.64123 -1.44864e-15)
(29.0919 1.40146 0)
(28.8301 1.19088 9.55829e-16)
(28.5278 1.02143 -6.16464e-16)
(28.1916 0.905072 -8.34314e-16)
(27.8312 0.85981 9.55009e-16)
(27.4814 0.877422 -6.49085e-16)
(25.4173 5.47627 -3.8593e-17)
(25.2714 5.37727 3.59595e-17)
(25.1158 5.25308 -6.44108e-16)
(24.9568 5.10282 7.53273e-16)
(24.8117 4.93931 -1.20904e-15)
(24.6783 4.75721 -8.31405e-16)
(24.5619 4.56065 -2.43859e-16)
(24.4702 4.36473 -8.48002e-16)
(24.4036 4.17993 1.25548e-15)
(24.3582 4.00785 3.5503e-17)
(24.3304 3.85194 0)
(24.3164 3.71541 -4.23935e-16)
(24.3125 3.59579 4.51466e-16)
(24.3157 3.49048 1.17103e-17)
(24.3242 3.3977 -4.98091e-16)
(24.3366 3.31447 7.73794e-16)
(24.3524 3.23833 -4.01061e-16)
(24.3713 3.16747 -1.35732e-16)
(24.3934 3.10001 3.99063e-16)
(24.4193 3.03441 0)
(24.4496 2.9695 -1.33775e-16)
(24.4854 2.90435 -1.25809e-16)
(24.5282 2.83821 2.51027e-16)
(24.5789 2.77154 -3.6703e-16)
(24.6369 2.707 1.20858e-16)
(24.7003 2.64767 -6.12251e-17)
(24.7678 2.59513 -5.82615e-17)
(24.8385 2.55021 2.82472e-17)
(24.9111 2.51362 0)
(24.9839 2.48582 -5.26119e-17)
(25.055 2.46687 1.02615e-16)
(25.1221 2.45625 0)
(25.183 2.45267 1.9657e-16)
(25.2356 2.45389 0)
(25.2782 2.45661 0)
(25.3103 2.45615 0)
(25.3329 2.44664 6.47823e-16)
(25.351 2.42188 -6.03528e-16)
(25.3715 2.37647 0)
(25.6347 5.44987 1.51327e-17)
(25.7954 5.52715 -1.81662e-18)
(25.9824 5.59967 -1.0374e-17)
(26.1821 5.66004 8.28708e-17)
(26.3796 5.70276 -1.35158e-16)
(26.5885 5.73095 0)
(26.7992 5.74296 4.31649e-16)
(27.0054 5.7388 -1.60022e-16)
(27.2097 5.71932 2.15898e-16)
(27.4083 5.68571 -7.74256e-16)
(27.6005 5.63888 3.18118e-16)
(27.7875 5.57917 6.6456e-17)
(27.9686 5.5072 7.14573e-17)
(28.1444 5.42288 -1.29974e-15)
(28.3153 5.32587 -9.2694e-16)
(28.4809 5.21585 5.05942e-19)
(28.6409 5.09229 -5.50569e-16)
(28.7946 4.95472 6.28559e-16)
(28.9408 4.80293 -9.946e-16)
(29.0777 4.63703 3.87095e-16)
(29.2034 4.45781 -7.47547e-16)
(29.3154 4.26734 0)
(29.4113 4.06863 8.49317e-16)
(29.4891 3.86578 -2.09852e-16)
(29.5483 3.66019 1.08104e-16)
(29.5896 3.44735 1.01824e-16)
(29.6121 3.22316 -2.55122e-17)
(29.6128 2.98796 4.66109e-17)
(29.5882 2.7438 -1.02497e-16)
(29.535 2.49333 2.63085e-16)
(29.4496 2.2404 -1.70061e-16)
(29.3289 1.99002 0)
(29.1705 1.74842 -1.37009e-16)
(28.9727 1.52329 3.77481e-16)
(28.7353 1.32367 -1.153e-15)
(28.4601 1.1603 5.95024e-16)
(28.1528 1.04397 7.70142e-16)
(27.8212 0.991102 9.60171e-17)
(27.4972 0.994225 6.29772e-16)
(25.486 5.36492 2.75515e-17)
(25.3463 5.27266 -7.88865e-17)
(25.1973 5.15655 3.55924e-16)
(25.0447 5.01562 -5.2159e-16)
(24.9053 4.86194 9.09896e-16)
(24.7768 4.69047 4.36612e-17)
(24.6643 4.50509 -2.17289e-16)
(24.5752 4.32012 -7.04597e-16)
(24.5101 4.14559 1.06439e-15)
(24.4652 3.98307 3.16561e-16)
(24.4371 3.83588 6.83336e-16)
(24.4222 3.70711 -3.75705e-16)
(24.4168 3.59444 3.9882e-16)
(24.4183 3.4954 8.82129e-16)
(24.4247 3.40833 -9.11299e-16)
(24.4349 3.33037 4.58677e-16)
(24.4481 3.25919 2.34551e-16)
(24.464 3.19304 -1.24062e-16)
(24.4829 3.13012 -1.2418e-16)
(24.5051 3.0689 3.58305e-16)
(24.5312 3.0082 -2.39465e-16)
(24.5622 2.94704 4.73886e-18)
(24.5993 2.88457 1.13109e-16)
(24.6436 2.82106 -1.12541e-16)
(24.6945 2.75897 1.07713e-16)
(24.7503 2.70118 0)
(24.8101 2.64914 2.61807e-17)
(24.8729 2.60357 2.00163e-17)
(24.9379 2.5651 6.45995e-18)
(25.0035 2.53415 7.8596e-19)
(25.0682 2.51084 -3.36921e-16)
(25.1301 2.49479 4.83721e-17)
(25.1872 2.48497 2.75236e-16)
(25.2379 2.47953 -9.35037e-17)
(25.2807 2.47573 -8.52479e-17)
(25.3149 2.46965 8.238e-17)
(25.3418 2.4563 -6.08801e-16)
(25.3652 2.43055 1.14486e-15)
(25.3907 2.38774 0)
(25.6917 5.33761 -3.86958e-18)
(25.845 5.40898 -6.42956e-18)
(26.0233 5.47541 -8.00611e-18)
(26.2136 5.53005 -6.89633e-17)
(26.4014 5.56786 4.91234e-17)
(26.5997 5.59166 -3.08407e-17)
(26.7996 5.60001 -4.36846e-18)
(26.9948 5.59307 3.47818e-16)
(27.1879 5.57162 -5.83968e-16)
(27.3752 5.53688 4.61587e-16)
(27.5562 5.48978 5.34042e-16)
(27.7319 5.43066 6.38799e-16)
(27.9018 5.36016 7.19765e-16)
(28.0663 5.27824 7.5942e-16)
(28.2258 5.18459 1.71735e-15)
(28.3802 5.07897 -4.3128e-16)
(28.5291 4.96091 4.97334e-16)
(28.6718 4.83004 -5.6503e-16)
(28.8072 4.6862 1.19226e-15)
(28.9339 4.52954 -6.30085e-16)
(29.0499 4.3609 1.38186e-15)
(29.1531 4.18227 0)
(29.2413 3.99659 -3.93556e-16)
(29.3128 3.80778 -6.41168e-18)
(29.3671 3.61717 3.75444e-16)
(29.4052 3.4204 -9.39908e-17)
(29.4263 3.21344 0)
(29.4278 2.99648 -1.2946e-16)
(29.4066 2.77126 3.18681e-17)
(29.3595 2.54006 0)
(29.2835 2.30622 2.93564e-16)
(29.1756 2.07411 0)
(29.0334 1.84924 2.56391e-16)
(28.8552 1.63845 7.01946e-16)
(28.6407 1.44975 -1.0007e-15)
(28.391 1.29279 -5.00896e-16)
(28.1109 1.17722 -1.26974e-15)
(27.8068 1.118 -7.51272e-16)
(27.5074 1.10842 -1.27363e-15)
(25.5496 5.25877 0)
(25.416 5.17281 -1.20997e-16)
(25.2733 5.06431 1.37812e-16)
(25.127 4.93215 -1.338e-16)
(24.993 4.78772 6.20103e-16)
(24.8692 4.62625 1.52906e-15)
(24.7606 4.4514 -5.14606e-16)
(24.6742 4.27675 4.68799e-16)
(24.6106 4.11189 -1.0038e-15)
(24.5663 3.95835 1.0637e-15)
(24.5379 3.81933 -5.99595e-16)
(24.5222 3.69781 3.42756e-16)
(24.5156 3.59161 -1.11189e-15)
(24.5156 3.49841 3.90941e-16)
(24.5202 3.41662 6.13075e-16)
(24.5283 3.34353 -6.42235e-16)
(24.5392 3.27693 2.11169e-16)
(24.5526 3.21512 -4.39718e-16)
(24.5686 3.15638 0)
(24.5876 3.0992 -3.3054e-16)
(24.61 3.04241 3.24129e-16)
(24.6366 2.985 1.08952e-16)
(24.6688 2.92601 -1.02327e-16)
(24.7074 2.86558 1.00956e-16)
(24.7519 2.80596 -1.04545e-16)
(24.8009 2.74985 -1.00426e-16)
(24.8536 2.69859 -4.95471e-17)
(24.9094 2.65279 3.55065e-17)
(24.9673 2.61299 -1.19832e-17)
(25.0263 2.57958 4.65808e-17)
(25.085 2.55271 2.72073e-16)
(25.1419 2.53209 0)
(25.1953 2.51693 -6.12329e-16)
(25.2438 2.50573 -3.46709e-16)
(25.2862 2.49621 3.23091e-16)
(25.322 2.48514 -7.79558e-17)
(25.3521 2.46833 1.0114e-15)
(25.38 2.44158 -3.93955e-18)
(25.4095 2.40086 1.24523e-15)
(25.7441 5.2307 -7.90131e-18)
(25.8905 5.29655 3.33804e-17)
(26.0604 5.35732 -9.43871e-18)
(26.2415 5.40664 5.7037e-17)
(26.4201 5.43992 7.13735e-17)
(26.6084 5.4597 0)
(26.7978 5.46474 -2.61356e-16)
(26.9825 5.4553 8.65982e-16)
(27.1649 5.43214 -6.46374e-16)
(27.3416 5.39648 -4.19812e-16)
(27.5119 5.34928 4.98011e-16)
(27.677 5.29085 -5.36871e-16)
(27.8362 5.22187 0)
(27.9901 5.14232 -3.63422e-17)
(28.1391 5.05195 3.57779e-16)
(28.2829 4.95055 -3.6376e-16)
(28.4213 4.83773 -9.44861e-16)
(28.5538 4.71321 5.07781e-16)
(28.6792 4.57685 -5.2453e-16)
(28.7963 4.42888 -5.6072e-16)
(28.9033 4.27014 -1.23911e-15)
(28.9983 4.10259 0)
(29.0793 3.92904 -1.72667e-16)
(29.1447 3.75329 -1.70493e-16)
(29.1945 3.57659 1.61478e-16)
(29.2294 3.39472 0)
(29.2491 3.20376 0)
(29.2511 3.00377 4.01409e-17)
(29.2327 2.79626 -1.54995e-16)
(29.1912 2.58314 0)
(29.1236 2.36732 -2.81103e-16)
(29.0272 2.1526 0)
(28.8999 1.94379 -7.12197e-16)
(28.7399 1.74691 4.05663e-16)
(28.5466 1.56905 5.73942e-16)
(28.3208 1.41876 6.60311e-16)
(28.0663 1.30463 1.06738e-15)
(27.7882 1.24026 0)
(27.5123 1.21972 -6.97664e-18)
(25.6084 5.15758 8.42041e-18)
(25.4808 5.07753 1.757e-16)
(25.3441 4.97615 -2.61693e-16)
(25.2039 4.85224 -5.02923e-16)
(25.0752 4.71651 -1.13362e-15)
(24.9561 4.56446 -3.42844e-17)
(24.8512 4.39952 2.32118e-15)
(24.7675 4.2346 -7.64134e-16)
(24.7055 4.07883 4.25322e-16)
(24.6618 3.93373 -1.0041e-15)
(24.6333 3.80238 2.79794e-17)
(24.6169 3.68764 3.08379e-16)
(24.6093 3.58748 -3.29115e-16)
(24.6078 3.4997 3.45734e-16)
(24.6108 3.4228 -1.90562e-16)
(24.6171 3.35421 1.87786e-16)
(24.626 3.29182 0)
(24.6372 3.23402 0)
(24.6507 3.17912 0)
(24.6668 3.12568 1.98605e-16)
(24.6859 3.07253 -3.95802e-16)
(24.7088 3.01861 -1.93396e-16)
(24.7365 2.96292 1.93084e-16)
(24.77 2.90546 -8.76445e-17)
(24.8089 2.8483 9.30174e-17)
(24.8518 2.79399 8.97405e-17)
(24.8982 2.74373 0)
(24.9476 2.69805 -4.43943e-17)
(24.9991 2.6574 -5.39731e-18)
(25.052 2.62214 0)
(25.1051 2.59242 -1.68892e-16)
(25.1572 2.56805 -4.11586e-16)
(25.2069 2.5484 5.75273e-16)
(25.2531 2.53228 3.2513e-16)
(25.2947 2.51783 -1.57338e-16)
(25.3315 2.50239 -2.90292e-16)
(25.364 2.48251 -5.43622e-16)
(25.3953 2.45475 -3.82564e-16)
(25.4281 2.4157 -9.51211e-16)
(25.7925 5.12888 -4.25712e-18)
(25.932 5.18959 -1.1422e-17)
(26.0939 5.24509 0)
(26.2662 5.28947 -6.38465e-17)
(26.4359 5.3186 -2.13755e-18)
(26.6145 5.3347 -1.81213e-16)
(26.794 5.33675 1.892e-16)
(26.9688 5.32509 -3.14143e-16)
(27.141 5.30045 9.6537e-16)
(27.3076 5.26408 -3.97111e-16)
(27.4678 5.21692 -4.58991e-16)
(27.6228 5.15928 5.32806e-16)
(27.772 5.09185 4.5972e-17)
(27.9159 5.01465 -1.26237e-15)
(28.055 4.92747 -6.7745e-16)
(28.1889 4.83013 -6.96805e-16)
(28.3176 4.72233 0)
(28.4404 4.60382 0)
(28.5565 4.47455 -4.68271e-16)
(28.6646 4.33475 5.5632e-16)
(28.7633 4.18529 8.45918e-16)
(28.8506 4.02809 -1.16457e-15)
(28.9248 3.86587 6.03323e-16)
(28.9847 3.70226 1.56341e-16)
(29.0301 3.53846 -1.54276e-16)
(29.0621 3.37039 0)
(29.0802 3.19426 -8.94633e-18)
(29.0826 3.01005 8.76276e-18)
(29.0666 2.81903 1.33653e-16)
(29.0299 2.62283 1.20641e-16)
(28.9698 2.42395 2.3926e-16)
(28.884 2.22567 -6.7495e-16)
(28.7702 2.03219 2.20516e-16)
(28.6268 1.84875 -3.9983e-16)
(28.4532 1.68155 6.78635e-16)
(28.2496 1.53814 0)
(28.0191 1.42608 -3.90985e-16)
(27.7655 1.3577 -1.09295e-16)
(27.5121 1.32786 6.00321e-16)
(25.6629 5.06111 -1.01192e-16)
(25.5409 4.98659 1.36153e-16)
(25.4102 4.8919 9.3154e-17)
(25.2759 4.77575 1.3263e-16)
(25.1524 4.64821 5.17875e-16)
(25.0378 4.50502 -8.3151e-16)
(24.9366 4.34943 -2.08995e-15)
(24.8555 4.19366 -3.53102e-16)
(24.7951 4.04645 7.80621e-16)
(24.7521 3.90927 8.71176e-16)
(24.7236 3.78511 5.21031e-16)
(24.7067 3.67672 -5.45997e-16)
(24.6981 3.58219 8.82564e-16)
(24.6954 3.49944 -6.37074e-16)
(24.697 3.42708 -3.34942e-16)
(24.7017 3.36265 -5.25449e-16)
(24.7088 3.30415 5.2979e-16)
(24.718 3.25002 3.60417e-16)
(24.7292 3.19867 -3.6323e-16)
(24.7428 3.14868 2.69248e-16)
(24.759 3.09889 -3.14547e-19)
(24.7786 3.04824 0)
(24.8025 2.99567 8.17917e-17)
(24.8315 2.94106 1.73986e-16)
(24.8653 2.88632 8.29642e-17)
(24.9029 2.83387 -2.34463e-18)
(24.9436 2.78479 -8.38623e-17)
(24.9871 2.73952 2.07852e-17)
(25.0329 2.69845 5.12108e-18)
(25.0802 2.66188 -3.9293e-17)
(25.1281 2.62996 1.97264e-16)
(25.1757 2.60257 2.36282e-16)
(25.2218 2.57923 7.58129e-17)
(25.2655 2.55899 1.49302e-16)
(25.3061 2.54035 -1.47315e-16)
(25.3432 2.52116 1.34636e-16)
(25.3774 2.49858 -1.29921e-16)
(25.4112 2.46987 0)
(25.4465 2.43212 -8.78601e-16)
(25.837 5.03192 -1.35764e-17)
(25.9699 5.08782 -3.89321e-18)
(26.1241 5.13843 -1.34569e-17)
(26.288 5.17825 7.97547e-17)
(26.4491 5.20355 -2.6399e-16)
(26.6185 5.2163 4.48141e-16)
(26.7885 5.21565 2.09993e-16)
(26.9537 5.20204 -9.76426e-16)
(27.1163 5.17614 5.77984e-16)
(27.2732 5.13924 0)
(27.4239 5.09225 0)
(27.5694 5.03549 -4.18451e-16)
(27.7092 4.96966 -5.28752e-16)
(27.8438 4.89479 5.51494e-16)
(27.9735 4.81071 1.29306e-15)
(28.0982 4.7173 3.94587e-17)
(28.2177 4.6143 0)
(28.3316 4.50151 0)
(28.439 4.37892 8.46114e-16)
(28.5388 4.24683 9.34415e-16)
(28.6296 4.10609 -9.41165e-18)
(28.7097 3.95857 -2.43545e-16)
(28.7777 3.8069 -1.1741e-17)
(28.8324 3.65458 2.63628e-16)
(28.8738 3.50274 4.24197e-18)
(28.9029 3.34746 -1.31439e-16)
(28.9196 3.18507 1.60603e-17)
(28.922 3.01548 -1.57386e-17)
(28.9082 2.83978 -1.20214e-16)
(28.8757 2.65935 -4.6437e-16)
(28.8224 2.47633 9.94316e-17)
(28.746 2.29354 4.30785e-16)
(28.6445 2.11461 -5.66249e-16)
(28.5164 1.94405 1.37307e-17)
(28.3609 1.78728 -4.83892e-16)
(28.1778 1.65088 -6.72213e-16)
(27.9697 1.54145 -3.32634e-16)
(27.739 1.47014 0)
(27.507 1.43258 5.81754e-16)
(25.7133 4.96914 3.44444e-17)
(25.5968 4.89981 -1.84151e-16)
(25.4719 4.81138 7.52466e-17)
(25.3432 4.70253 2.5046e-17)
(25.2248 4.58268 0)
(25.1147 4.44785 9.25187e-16)
(25.0171 4.30105 5.80094e-17)
(24.9385 4.15392 0)
(24.8797 4.01475 3.58515e-16)
(24.8375 3.88503 -1.9606e-15)
(24.8091 3.76761 0)
(24.7917 3.66515 9.84345e-16)
(24.7823 3.57587 -1.08563e-15)
(24.7786 3.4978 2.95351e-16)
(24.7789 3.42964 2.96585e-16)
(24.7822 3.36906 3.14394e-16)
(24.7877 3.31414 -4.87069e-16)
(24.7952 3.26341 -3.26872e-16)
(24.8045 3.21532 3.2952e-16)
(24.8159 3.16851 2.44162e-16)
(24.8296 3.12184 -4.91303e-16)
(24.8462 3.07423 0)
(24.8667 3.02459 -6.35794e-18)
(24.8917 2.97272 -1.53047e-16)
(24.9211 2.92037 -2.10906e-18)
(24.9539 2.86981 -7.75169e-17)
(24.9896 2.82205 -3.77269e-17)
(25.0279 2.77744 3.82232e-17)
(25.0684 2.7363 0)
(25.1106 2.69889 0)
(25.1538 2.66535 -7.3847e-17)
(25.1971 2.63561 1.43072e-16)
(25.2397 2.6093 -3.55943e-16)
(25.2809 2.58568 2.11407e-16)
(25.3201 2.56355 -4.07821e-18)
(25.3571 2.5412 -1.30095e-16)
(25.3923 2.5163 0)
(25.4279 2.4867 1.10317e-16)
(25.4649 2.44996 7.33796e-16)
(25.8779 4.93959 8.036e-18)
(26.0045 4.99101 0)
(26.1512 5.03708 -1.93907e-17)
(26.307 5.07268 1.67194e-19)
(26.4599 5.09447 1.53079e-16)
(26.6205 5.10417 -2.67309e-16)
(26.7814 5.1011 -1.35574e-17)
(26.9376 5.08577 2.11787e-16)
(27.0909 5.05883 -2.99798e-16)
(27.2388 5.02155 -6.22799e-16)
(27.3804 4.97485 3.31132e-16)
(27.5169 4.91906 1.25178e-15)
(27.6478 4.85486 -4.79169e-16)
(27.7736 4.7823 0)
(27.8945 4.70125 0)
(28.0106 4.61163 -6.00191e-16)
(28.1216 4.51322 6.83518e-16)
(28.2271 4.40587 -3.32714e-18)
(28.3264 4.28963 -7.99811e-16)
(28.4184 4.1648 0)
(28.5019 4.03225 0)
(28.5754 3.8938 2.20865e-16)
(28.6377 3.752 2.5427e-16)
(28.6875 3.61017 -3.71173e-16)
(28.7251 3.4694 4.53205e-18)
(28.7516 3.32595 0)
(28.7668 3.17627 1.40179e-17)
(28.7693 3.02021 0)
(28.7572 2.85871 0)
(28.7285 2.69293 -9.04944e-17)
(28.6812 2.5247 9.14524e-17)
(28.6133 2.35644 -1.92642e-16)
(28.523 2.19124 3.62276e-16)
(28.4088 2.03299 0)
(28.2698 1.88635 0)
(28.1057 1.75701 1.01985e-15)
(27.9183 1.65072 2.13817e-16)
(27.7091 1.57747 -1.91977e-16)
(27.4972 1.53365 -5.5939e-16)
(25.76 4.88148 2.13215e-18)
(25.6488 4.817 7.26277e-17)
(25.5294 4.73445 -2.93199e-16)
(25.4063 4.63245 -1.72859e-16)
(25.2928 4.51984 -2.87753e-17)
(25.1869 4.39287 -6.74145e-16)
(25.0929 4.25437 5.16051e-17)
(25.017 4.11535 0)
(24.9598 3.98376 0)
(24.9184 3.86104 7.2508e-16)
(24.8901 3.74994 4.05026e-16)
(24.8724 3.65303 -1.33663e-15)
(24.8623 3.56865 0)
(24.8577 3.49494 -5.21698e-16)
(24.8569 3.43067 2.65597e-16)
(24.8589 3.37364 2.84522e-16)
(24.8631 3.32203 -2.9154e-16)
(24.869 3.27443 -1.45108e-16)
(24.8766 3.22935 0)
(24.886 3.18547 0)
(24.8976 3.14168 -2.20617e-16)
(24.9117 3.09691 1.50729e-16)
(24.9291 3.05004 -1.47657e-16)
(24.9507 3.00077 -1.36002e-16)
(24.9761 2.95074 2.12569e-16)
(25.0046 2.90209 -1.13584e-18)
(25.0358 2.85575 -1.7442e-18)
(25.0695 2.812 0)
(25.1054 2.77109 1.7061e-17)
(25.1429 2.73325 -1.73204e-17)
(25.1817 2.69861 6.69894e-17)
(25.2211 2.66711 1.30036e-16)
(25.2604 2.6385 2.44377e-18)
(25.299 2.61218 0)
(25.3366 2.58722 0)
(25.373 2.56225 4.7635e-16)
(25.4086 2.53541 0)
(25.4454 2.50503 8.33254e-16)
(25.4834 2.46908 5.81749e-16)
(25.9155 4.85167 1.08933e-18)
(26.0361 4.89893 -4.44055e-18)
(26.1756 4.94078 3.22265e-17)
(26.3235 4.97248 -1.83227e-17)
(26.4686 4.99105 0)
(26.6207 4.99799 1.38275e-16)
(26.7729 4.99275 -7.93919e-16)
(26.9204 4.97593 -6.14012e-16)
(27.0651 4.94813 2.25315e-16)
(27.2042 4.91063 5.90852e-16)
(27.3373 4.86435 -6.80007e-16)
(27.4653 4.80959 0)
(27.5878 4.74703 -1.25773e-15)
(27.7053 4.67677 4.48771e-16)
(27.8181 4.59867 0)
(27.926 4.51272 5.70698e-16)
(28.0291 4.41871 -5.84269e-16)
(28.1268 4.31655 -1.32754e-15)
(28.2185 4.20631 -3.48269e-16)
(28.3033 4.08834 2.01929e-17)
(28.3801 3.96349 -3.92812e-16)
(28.4475 3.83354 -4.37605e-16)
(28.5043 3.70094 2.29264e-16)
(28.5497 3.56887 -2.11725e-16)
(28.5838 3.43837 1.04386e-16)
(28.6078 3.30584 0)
(28.6217 3.16791 -4.75848e-19)
(28.6241 3.02435 -6.28774e-17)
(28.6135 2.87598 4.9263e-17)
(28.5881 2.72378 1.17496e-17)
(28.5462 2.5693 0)
(28.4859 2.4146 0)
(28.4057 2.26232 -3.10176e-16)
(28.3042 2.11576 0)
(28.1803 1.97889 -2.53665e-16)
(28.0336 1.85662 -2.31986e-16)
(27.8653 1.75388 1.19845e-15)
(27.6761 1.67959 0)
(27.4832 1.63086 -5.32573e-16)
(25.8031 4.79793 -3.15678e-18)
(25.6971 4.73799 -3.9899e-17)
(25.583 4.66094 -5.71308e-17)
(25.4653 4.56538 2.64525e-16)
(25.3566 4.45959 -8.47522e-16)
(25.255 4.34001 0)
(25.1645 4.20932 1.08689e-15)
(25.0911 4.07795 1.75989e-17)
(25.0355 3.95348 5.37045e-16)
(24.9949 3.83734 3.10206e-16)
(24.9669 3.73217 0)
(24.949 3.64046 4.12684e-16)
(24.9383 3.56065 -4.27107e-16)
(24.9329 3.491 -4.71142e-16)
(24.9311 3.43034 9.90636e-16)
(24.9321 3.3766 -7.64695e-16)
(24.935 3.32804 0)
(24.9396 3.28332 1.37644e-16)
(24.9457 3.24101 0)
(24.9535 3.19985 2.71232e-16)
(24.9631 3.15873 -4.0327e-16)
(24.975 3.1166 1.36815e-16)
(24.9898 3.07232 1.29252e-16)
(25.0083 3.02553 1.32669e-16)
(25.0302 2.97775 0)
(25.055 2.93101 0)
(25.0822 2.88616 -9.73403e-17)
(25.1118 2.84343 3.22965e-17)
(25.1434 2.80301 -1.57424e-17)
(25.1769 2.76509 1.60425e-17)
(25.2117 2.72978 -9.52478e-17)
(25.2474 2.69706 -2.51666e-16)
(25.2835 2.66673 2.54153e-18)
(25.3196 2.63834 1.20906e-16)
(25.3554 2.61114 -1.2042e-16)
(25.3909 2.58409 -4.5252e-16)
(25.4264 2.55567 4.18457e-16)
(25.4637 2.52461 -7.9386e-16)
(25.5022 2.48929 -7.38409e-16)
(25.95 4.76797 -7.82219e-18)
(26.0647 4.81135 3.29198e-18)
(26.1973 4.84928 -1.58336e-17)
(26.3378 4.8774 1.75023e-17)
(26.4753 4.89303 -9.59641e-17)
(26.6193 4.89746 9.41696e-17)
(26.7632 4.89029 3.01559e-16)
(26.9024 4.87219 3.74314e-16)
(27.0387 4.8437 4.30465e-16)
(27.1697 4.80612 -2.75921e-16)
(27.2946 4.76034 5.98766e-16)
(27.4147 4.70668 -6.33002e-16)
(27.5293 4.6458 4.14883e-16)
(27.639 4.57781 -8.16147e-16)
(27.7441 4.5026 8.93337e-16)
(27.8444 4.42018 0)
(27.94 4.3304 1.08042e-15)
(28.0305 4.23318 5.65179e-16)
(28.1151 4.12864 6.71653e-16)
(28.1933 4.01715 3.7124e-16)
(28.2638 3.89955 -7.12769e-16)
(28.3255 3.77757 7.4279e-16)
(28.3774 3.65356 5.86005e-16)
(28.4187 3.53056 1.17732e-18)
(28.4496 3.40956 -4.15041e-18)
(28.4713 3.28714 9.45889e-17)
(28.4839 3.16003 0)
(28.4862 3.028 -4.39065e-17)
(28.4769 2.89174 8.52201e-17)
(28.4544 2.75209 1.06213e-17)
(28.4173 2.61035 2.00525e-18)
(28.3639 2.46828 -3.04861e-16)
(28.2928 2.32808 2.896e-16)
(28.2026 2.19256 1.20177e-16)
(28.0925 2.06509 -2.51919e-16)
(27.9617 1.94982 0)
(27.8109 1.85097 -2.59808e-17)
(27.6403 1.77647 -1.42127e-16)
(27.4652 1.72404 1.15828e-15)
(25.843 4.7183 4.1357e-18)
(25.7419 4.66261 6.56198e-17)
(25.6331 4.59072 4.20787e-16)
(25.5206 4.50121 -4.10577e-16)
(25.4165 4.40182 7.90312e-16)
(25.319 4.2892 -6.55372e-16)
(25.232 4.16586 -1.96892e-16)
(25.1611 4.0417 8.40514e-16)
(25.1072 3.92394 -1.77867e-15)
(25.0675 3.81397 0)
(25.0398 3.71437 3.27974e-16)
(25.0217 3.62753 -3.58397e-16)
(25.0106 3.55198 4.04288e-16)
(25.0044 3.48611 0)
(25.0019 3.42881 4.49172e-16)
(25.0018 3.37811 -2.2582e-16)
(25.0037 3.33237 0)
(25.0072 3.29031 1.19273e-16)
(25.012 3.25056 1.25556e-16)
(25.0183 3.21189 -2.46761e-16)
(25.0262 3.17325 5.30403e-18)
(25.0362 3.13358 3.6252e-16)
(25.0487 3.09174 -3.63539e-16)
(25.0645 3.04731 0)
(25.0834 3.0017 0)
(25.1049 2.95685 -5.86891e-17)
(25.1286 2.91354 5.9385e-17)
(25.1545 2.87195 -2.89332e-17)
(25.1824 2.83223 0)
(25.2121 2.79453 2.95655e-17)
(25.2433 2.75894 -5.72998e-17)
(25.2756 2.72546 -5.55284e-17)
(25.3087 2.69393 2.31504e-16)
(25.3423 2.66402 0)
(25.3763 2.63514 0)
(25.4106 2.60647 0)
(25.4456 2.57681 -3.97938e-16)
(25.4828 2.54522 0)
(25.5214 2.51043 0)
(25.9817 4.6883 -5.70371e-18)
(26.0908 4.72807 1.77411e-18)
(26.2167 4.76238 1.13593e-18)
(26.3499 4.78719 6.11395e-17)
(26.4802 4.80012 -5.97394e-17)
(26.6165 4.8023 0)
(26.7524 4.79342 -5.26924e-16)
(26.8837 4.77421 6.50253e-16)
(27.0121 4.7452 -4.08187e-16)
(27.1352 4.70767 0)
(27.2525 4.66249 0)
(27.365 4.60998 6.2875e-16)
(27.4722 4.55079 -3.54406e-16)
(27.5745 4.48504 1.87469e-15)
(27.6724 4.41266 -1.27312e-15)
(27.7657 4.33366 -4.36082e-16)
(27.8544 4.24792 -4.99062e-16)
(27.938 4.15543 -1.06883e-15)
(28.0162 4.0563 1.12646e-15)
(28.0881 3.95092 0)
(28.1529 3.84015 -9.43016e-16)
(28.2094 3.72562 3.26964e-16)
(28.2567 3.60963 -8.99823e-16)
(28.2942 3.49507 -6.89957e-18)
(28.3222 3.38288 0)
(28.3417 3.26977 -4.23759e-17)
(28.3531 3.15264 4.1558e-17)
(28.3553 3.03122 8.12492e-17)
(28.3472 2.90613 -5.02602e-18)
(28.3273 2.77805 1.57122e-16)
(28.2944 2.64809 9.01801e-18)
(28.2471 2.51771 2.85858e-16)
(28.1842 2.38879 0)
(28.1043 2.26367 2.34215e-16)
(28.0066 2.14516 -1.68514e-17)
(27.8902 2.03679 1.80086e-16)
(27.7555 1.9421 -8.63731e-16)
(27.602 1.86807 1.55399e-16)
(27.4436 1.81305 -4.87046e-16)
(25.8799 4.64242 -2.12773e-17)
(25.7836 4.59071 1.78825e-16)
(25.6799 4.52365 -2.60453e-16)
(25.5724 4.43983 3.03818e-17)
(25.4728 4.34645 5.42544e-16)
(25.3794 4.24039 1.5215e-15)
(25.2957 4.12397 -6.70842e-16)
(25.2274 4.00659 3.36236e-16)
(25.1751 3.89513 2.28073e-15)
(25.1363 3.79098 -7.60936e-16)
(25.1089 3.6966 -2.82443e-16)
(25.0908 3.61431 -6.37923e-16)
(25.0793 3.54274 0)
(25.0726 3.48039 3.74198e-16)
(25.0693 3.42621 -4.06199e-16)
(25.0685 3.37833 4.19972e-16)
(25.0694 3.3352 0)
(25.0719 3.29559 -2.2125e-16)
(25.0756 3.25821 2.28261e-16)
(25.0806 3.22186 -4.4794e-16)
(25.0871 3.18551 2.28485e-16)
(25.0954 3.14813 -6.37277e-19)
(25.1059 3.10857 -1.12007e-16)
(25.1194 3.06637 0)
(25.1356 3.02286 1.49047e-18)
(25.1542 2.97987 -1.08596e-16)
(25.1748 2.93814 0)
(25.1975 2.89779 -1.24675e-17)
(25.2221 2.85894 1.35652e-17)
(25.2484 2.8217 -2.64297e-17)
(25.2763 2.78616 -5.26849e-17)
(25.3055 2.75231 -2.36767e-19)
(25.3358 2.72005 3.15942e-16)
(25.367 2.6891 0)
(25.399 2.65903 -2.03012e-16)
(25.4319 2.62919 1.92092e-16)
(25.466 2.59863 -5.61146e-18)
(25.5028 2.56665 -8.53998e-16)
(25.5409 2.53233 0)
(26.0108 4.61248 2.27957e-18)
(26.1144 4.64888 3.82896e-18)
(26.2339 4.67984 3.24773e-17)
(26.3601 4.70161 5.64399e-17)
(26.4834 4.71209 -1.88444e-16)
(26.6123 4.71223 0)
(26.7406 4.70185 9.77991e-16)
(26.8645 4.68171 -6.16374e-16)
(26.9853 4.65232 7.05035e-16)
(27.101 4.61495 0)
(27.211 4.57046 0)
(27.3163 4.51913 5.38367e-16)
(27.4165 4.46165 6.38091e-16)
(27.512 4.39812 -1.35451e-15)
(27.6031 4.32848 -7.22358e-16)
(27.6898 4.25279 8.29292e-16)
(27.772 4.17094 8.45826e-16)
(27.8493 4.08294 -9.30955e-16)
(27.9215 3.98895 4.92429e-16)
(27.9876 3.88936 0)
(28.0471 3.785 3.5189e-17)
(28.0988 3.67748 0)
(28.1419 3.56897 -3.09014e-16)
(28.1759 3.46226 5.21627e-18)
(28.2012 3.3582 -1.53657e-16)
(28.2188 3.25369 3.56463e-17)
(28.2291 3.14574 2.79175e-17)
(28.2312 3.03409 -6.54473e-17)
(28.224 2.91926 -2.10415e-16)
(28.2064 2.80182 1.3756e-16)
(28.1773 2.68271 1.35281e-16)
(28.1356 2.56316 -2.42366e-16)
(28.0799 2.44472 4.58497e-16)
(28.0093 2.32934 -1.08173e-17)
(27.9227 2.21936 4.07217e-16)
(27.8194 2.11772 -1.81893e-16)
(27.6993 2.02738 -6.24174e-16)
(27.5616 1.95444 6.56266e-16)
(27.4187 1.8978 -5.76828e-16)
(25.914 4.57013 3.01791e-17)
(25.8224 4.52214 -1.44549e-16)
(25.7235 4.4596 3.98581e-17)
(25.621 4.38111 4.58908e-16)
(25.5258 4.29339 -5.11888e-16)
(25.4363 4.19349 7.76702e-16)
(25.3559 4.08359 -2.84653e-16)
(25.2901 3.97259 -2.10028e-15)
(25.2395 3.86708 -4.18208e-17)
(25.2017 3.76838 1.36686e-15)
(25.1747 3.6789 5.54014e-16)
(25.1565 3.60088 2.19523e-17)
(25.1447 3.53304 0)
(25.1375 3.47396 -1.6416e-17)
(25.1336 3.42268 -3.6737e-16)
(25.1321 3.37743 1.93578e-16)
(25.1323 3.33671 0)
(25.1339 3.29937 1.02553e-16)
(25.1366 3.26417 -9.89555e-17)
(25.1405 3.22996 3.02934e-16)
(25.1458 3.19574 1.03886e-16)
(25.1526 3.16049 3.04512e-16)
(25.1614 3.12307 -3.01331e-16)
(25.1728 3.083 9.82656e-17)
(25.1867 3.0415 9.97855e-17)
(25.2028 3.00034 -9.91719e-17)
(25.2207 2.9602 -4.85684e-17)
(25.2406 2.92116 4.94829e-17)
(25.2622 2.88332 -2.45184e-17)
(25.2856 2.84675 4.99256e-17)
(25.3105 2.81153 5.0476e-17)
(25.3369 2.77765 -1.01773e-16)
(25.3645 2.74504 -1.01292e-16)
(25.3934 2.7135 -9.83173e-17)
(25.4233 2.68267 1.92512e-16)
(25.4547 2.65205 3.57698e-16)
(25.4877 2.62088 0)
(25.5236 2.58868 8.03881e-16)
(25.561 2.55481 -7.43001e-16)
(26.0374 4.54032 -4.58097e-18)
(26.1357 4.57361 7.03174e-19)
(26.249 4.60146 -3.0729e-17)
(26.3686 4.62044 0)
(26.4852 4.62869 -1.17965e-16)
(26.607 4.627 1.90122e-16)
(26.728 4.6153 -6.52926e-16)
(26.8447 4.5944 0)
(26.9583 4.56476 -6.68605e-16)
(27.067 4.52765 7.51878e-16)
(27.1701 4.48391 -8.59628e-16)
(27.2687 4.43382 -9.96131e-16)
(27.3623 4.37804 1.11481e-15)
(27.4513 4.31669 3.66463e-18)
(27.5361 4.24973 1.33556e-15)
(27.6166 4.17723 -3.65677e-17)
(27.6927 4.09911 -4.15746e-17)
(27.7643 4.01541 4.32337e-16)
(27.8308 3.9263 1.96731e-17)
(27.8916 3.83217 -9.38349e-16)
(27.9461 3.73385 3.16242e-17)
(27.9934 3.63289 0)
(28.0327 3.53138 2.94178e-16)
(28.0635 3.43194 1.4453e-16)
(28.0864 3.33541 6.89863e-17)
(28.1023 3.23882 -1.37819e-16)
(28.1116 3.13933 0)
(28.1135 3.03665 -3.35852e-17)
(28.1071 2.93124 6.53325e-17)
(28.0916 2.82358 0)
(28.0659 2.71444 1.14136e-16)
(28.029 2.60487 2.31761e-16)
(27.9799 2.49613 -2.18967e-16)
(27.9175 2.38985 -7.95683e-16)
(27.841 2.28794 -3.76277e-16)
(27.7495 2.19284 0)
(27.6427 2.10697 3.20643e-16)
(27.5194 2.03564 -4.76794e-16)
(27.3909 1.97821 4.66761e-16)
(25.9455 4.50128 -3.50487e-17)
(25.8583 4.45675 1.10738e-16)
(25.7643 4.39846 0)
(25.6665 4.32497 -3.83921e-16)
(25.5756 4.24257 -4.30618e-16)
(25.4899 4.14847 -1.24002e-15)
(25.4129 4.0447 2.54535e-16)
(25.3495 3.93971 3.9358e-16)
(25.3005 3.83978 -1.10462e-15)
(25.2637 3.74621 -1.23506e-15)
(25.2371 3.66133 -4.64516e-16)
(25.219 3.58731 0)
(25.207 3.52295 2.91618e-16)
(25.1994 3.46694 -6.30557e-16)
(25.1951 3.41836 -3.23755e-16)
(25.1929 3.37553 3.53754e-16)
(25.1924 3.33706 -3.54904e-16)
(25.1933 3.30182 8.8837e-17)
(25.1952 3.26864 -3.67726e-16)
(25.1982 3.23641 -9.47541e-17)
(25.2024 3.20416 3.69047e-16)
(25.2079 3.1709 1.83209e-16)
(25.2153 3.1355 -1.81504e-16)
(25.2249 3.09744 0)
(25.2368 3.05788 -8.81013e-17)
(25.2506 3.0185 -8.97773e-17)
(25.2662 2.97994 1.36903e-16)
(25.2835 2.94227 -2.30627e-17)
(25.3026 2.90553 0)
(25.3233 2.8698 -2.22774e-17)
(25.3456 2.83513 1.36424e-16)
(25.3694 2.80152 -1.80502e-16)
(25.3946 2.7689 8.90285e-17)
(25.4211 2.73712 -9.0988e-17)
(25.4491 2.7059 3.51819e-16)
(25.4788 2.67486 -5.04942e-16)
(25.5104 2.64337 1.61104e-16)
(25.5452 2.61111 1.46176e-16)
(25.5816 2.5777 2.84991e-16)
(26.0618 4.47168 7.46387e-18)
(26.155 4.50207 -3.8983e-18)
(26.2623 4.52706 2.54745e-17)
(26.3755 4.54347 -2.76002e-17)
(26.4856 4.54969 7.95901e-18)
(26.6006 4.54637 0)
(26.7147 4.53353 0)
(26.8245 4.512 -2.66764e-16)
(26.9313 4.48224 2.74882e-16)
(27.0333 4.44547 -1.39162e-15)
(27.1299 4.40254 8.15869e-16)
(27.2221 4.35372 1.33375e-15)
(27.3095 4.29964 -5.13551e-16)
(27.3925 4.24044 -1.12991e-15)
(27.4713 4.17609 -6.49189e-16)
(27.546 4.10667 1.2593e-15)
(27.6165 4.03213 -6.84224e-16)
(27.6826 3.95252 7.30132e-16)
(27.7439 3.86804 7.88109e-16)
(27.7999 3.77907 1.28261e-15)
(27.8499 3.68644 4.53601e-16)
(27.8931 3.59163 9.4763e-16)
(27.9288 3.49663 0)
(27.9568 3.40397 -4.14008e-18)
(27.9775 3.3144 1.22744e-16)
(27.9918 3.2251 0)
(28.0001 3.13337 0)
(28.0019 3.03893 2.8148e-17)
(27.9963 2.94215 -5.74092e-17)
(27.9826 2.84345 -1.02104e-16)
(27.9599 2.74347 9.5755e-17)
(27.9274 2.64308 0)
(27.8841 2.54331 1.86105e-16)
(27.8291 2.4455 7.19899e-16)
(27.7616 2.35119 -1.61003e-16)
(27.6807 2.26239 1.57189e-16)
(27.586 2.18105 0)
(27.4759 2.11174 -2.1852e-16)
(27.3606 2.05426 2.16392e-16)
(25.9745 4.4357 -5.87113e-17)
(25.8917 4.39443 2.50225e-17)
(25.8023 4.3401 -2.79698e-16)
(25.7091 4.2713 3.62297e-16)
(25.6224 4.19389 6.18791e-16)
(25.5406 4.10525 -1.98902e-16)
(25.4667 4.00726 -2.53107e-16)
(25.4057 3.90792 1.4369e-15)
(25.3584 3.81324 -3.36941e-16)
(25.3226 3.7245 1.12683e-15)
(25.2965 3.64395 0)
(25.2785 3.57367 9.5045e-16)
(25.2664 3.51258 -1.02886e-15)
(25.2585 3.45942 0)
(25.2537 3.41336 3.06786e-16)
(25.2511 3.37279 7.24218e-18)
(25.25 3.33639 -4.80394e-16)
(25.2502 3.30311 8.32286e-17)
(25.2515 3.2718 -4.15138e-16)
(25.2537 3.24141 -8.24542e-17)
(25.2569 3.211 -8.21789e-17)
(25.2614 3.17959 3.33422e-16)
(25.2675 3.14608 0)
(25.2756 3.10993 2.43328e-16)
(25.2857 3.07222 -8.04865e-17)
(25.2976 3.03458 0)
(25.3112 2.99759 -4.11108e-17)
(25.3263 2.96131 4.16038e-17)
(25.3431 2.92577 0)
(25.3615 2.891 6.19503e-17)
(25.3814 2.85706 -2.06946e-16)
(25.4028 2.82395 4.15236e-16)
(25.4257 2.7916 8.0395e-17)
(25.4501 2.7599 -3.33964e-16)
(25.4762 2.72863 -1.64687e-16)
(25.5041 2.69747 0)
(25.5342 2.66592 -1.45003e-16)
(25.5677 2.63375 1.40464e-16)
(25.6027 2.60086 0)
(26.0841 4.40639 -2.87865e-18)
(26.1724 4.43409 3.69037e-18)
(26.2739 4.45644 0)
(26.3809 4.4705 0)
(26.4849 4.47488 2.11489e-16)
(26.5932 4.47011 -2.70915e-16)
(26.7007 4.45628 -2.00337e-16)
(26.804 4.43427 6.41872e-16)
(26.9043 4.40448 0)
(26.9999 4.36814 6.43539e-16)
(27.0904 4.32607 0)
(27.1766 4.27853 -8.29114e-16)
(27.2581 4.22615 0)
(27.3354 4.16906 -4.79925e-16)
(27.4087 4.10724 0)
(27.478 4.0408 -3.38535e-17)
(27.5433 3.96969 0)
(27.6043 3.89398 -9.86819e-18)
(27.6608 3.81388 -2.14958e-15)
(27.7123 3.7298 -3.96243e-16)
(27.7581 3.64251 -9.56876e-18)
(27.7975 3.55346 -8.73392e-16)
(27.8301 3.46455 -4.47513e-16)
(27.8555 3.37817 -1.13312e-16)
(27.8741 3.29503 1.09611e-16)
(27.887 3.21245 0)
(27.8945 3.12785 0)
(27.8962 3.04095 -7.84907e-17)
(27.8913 2.95209 4.75327e-17)
(27.8792 2.86158 2.02886e-16)
(27.8592 2.77 -1.98845e-16)
(27.8305 2.67802 7.79134e-18)
(27.7923 2.58652 -1.77985e-16)
(27.7439 2.49656 -1.76319e-16)
(27.6845 2.4094 -4.49686e-16)
(27.6131 2.32663 0)
(27.5292 2.24982 0)
(27.4311 2.18287 4.23138e-16)
(27.328 2.12595 3.7393e-16)
(26.0014 4.37328 -4.06487e-17)
(25.9228 4.33503 -6.40473e-17)
(25.8378 4.28441 1.91678e-16)
(25.7492 4.22001 3.73678e-16)
(25.6665 4.1473 1.89532e-16)
(25.5884 4.06379 5.67491e-16)
(25.5177 3.97122 -8.4248e-16)
(25.4591 3.87721 9.92278e-16)
(25.4134 3.78747 1.15083e-15)
(25.3785 3.70327 -9.94814e-16)
(25.353 3.62678 1.12493e-15)
(25.3352 3.56002 -2.09516e-17)
(25.323 3.50198 4.83724e-16)
(25.3149 3.4515 2.49207e-16)
(25.3098 3.40778 0)
(25.3068 3.36933 6.56186e-18)
(25.3053 3.33486 1.49418e-16)
(25.3049 3.30339 -1.46004e-16)
(25.3056 3.27382 7.65631e-17)
(25.3071 3.24513 3.81665e-16)
(25.3096 3.21643 3.82327e-16)
(25.3132 3.18676 -3.02853e-16)
(25.3182 3.15502 0)
(25.3249 3.12068 -7.60517e-17)
(25.3335 3.08475 0)
(25.3438 3.04878 0)
(25.3555 3.01335 0)
(25.3688 2.97848 -1.85717e-17)
(25.3835 2.94418 2.11971e-17)
(25.3998 2.91049 -9.56024e-17)
(25.4176 2.87743 -3.72548e-17)
(25.4369 2.845 -1.50411e-16)
(25.4577 2.81316 1.49582e-16)
(25.4801 2.7818 0)
(25.5043 2.75075 1.48018e-16)
(25.5304 2.71974 -2.86357e-16)
(25.5589 2.68835 1.38028e-16)
(25.5909 2.65644 -5.0575e-16)
(25.6243 2.62411 -7.12312e-16)
(26.1045 4.34431 2.62873e-18)
(26.188 4.36952 -9.52343e-19)
(26.2839 4.38942 2.20083e-17)
(26.3849 4.40134 5.63539e-17)
(26.483 4.40406 -7.84627e-17)
(26.5851 4.398 2.56653e-16)
(26.6862 4.38333 0)
(26.7832 4.36094 -1.96242e-16)
(26.8774 4.33122 3.11774e-17)
(26.967 4.29539 -5.20702e-16)
(27.0516 4.25422 2.93111e-17)
(27.1321 4.20798 2.83325e-17)
(27.2081 4.15729 3.96108e-16)
(27.2801 4.10226 8.6209e-16)
(27.3482 4.0429 1.81458e-19)
(27.4124 3.97932 -5.38017e-16)
(27.4728 3.91149 5.45956e-16)
(27.5292 3.83951 -6.12291e-16)
(27.5812 3.76357 1.62423e-15)
(27.6285 3.6841 -3.3817e-16)
(27.6705 3.60184 -3.67626e-16)
(27.7066 3.51818 3.81539e-16)
(27.7362 3.43495 2.08925e-16)
(27.7592 3.35439 2.9594e-16)
(27.7761 3.27719 -9.5084e-17)
(27.7877 3.20079 4.67843e-17)
(27.7944 3.12273 3.32768e-19)
(27.796 3.04274 3.45168e-17)
(27.7917 2.96111 -2.40411e-18)
(27.781 2.87811 -2.62341e-16)
(27.7634 2.79419 -4.04513e-18)
(27.7381 2.70993 7.89366e-18)
(27.7046 2.62603 7.02823e-18)
(27.6621 2.54334 2.85343e-16)
(27.6098 2.46286 2.81816e-16)
(27.5469 2.38585 -2.45759e-16)
(27.4728 2.31352 -2.26832e-16)
(27.3855 2.24918 -6.1519e-16)
(27.2935 2.19332 -3.59306e-16)
(26.0261 4.31386 -1.97535e-17)
(25.9516 4.27843 1.28913e-16)
(25.871 4.23128 -6.41792e-17)
(25.7868 4.17102 4.58254e-17)
(25.708 4.10271 -1.69308e-16)
(25.6335 4.02403 -5.45169e-16)
(25.5659 3.93657 7.96054e-16)
(25.5096 3.84757 1.89303e-16)
(25.4656 3.76248 -1.34454e-15)
(25.4318 3.68255 6.18009e-16)
(25.4068 3.60987 -1.38242e-15)
(25.3892 3.54641 -7.91995e-16)
(25.3771 3.49124 8.51053e-16)
(25.3689 3.44326 -6.93484e-16)
(25.3635 3.40174 2.3933e-16)
(25.3601 3.36525 -1.25457e-16)
(25.3582 3.33259 2.63377e-16)
(25.3574 3.3028 0)
(25.3576 3.27484 0)
(25.3586 3.24775 -3.43664e-16)
(25.3604 3.22063 2.76038e-16)
(25.3632 3.19258 -6.73488e-17)
(25.3673 3.16252 0)
(25.3729 3.12989 0)
(25.3802 3.09565 0)
(25.389 3.06132 -1.35169e-16)
(25.3992 3.02741 6.89313e-17)
(25.4107 2.99395 1.76181e-17)
(25.4238 2.96094 -1.9459e-17)
(25.4382 2.92838 1.74714e-17)
(25.4541 2.89632 0)
(25.4715 2.86473 -6.50529e-17)
(25.4904 2.83358 1.35786e-16)
(25.5109 2.80278 0)
(25.5332 2.77218 0)
(25.5576 2.74155 -1.29728e-16)
(25.5844 2.71052 1.20524e-16)
(25.6147 2.67901 -2.20116e-16)
(25.6466 2.64731 2.39133e-16)
(26.123 4.28529 2.18182e-18)
(26.202 4.30819 -3.51244e-18)
(26.2925 4.32585 0)
(26.3878 4.3358 1.15392e-16)
(26.4801 4.33703 1.00874e-16)
(26.5762 4.32983 -2.27593e-16)
(26.6712 4.31445 2.98569e-16)
(26.7623 4.2918 -3.64086e-16)
(26.8506 4.26224 6.62592e-16)
(26.9344 4.22696 4.12237e-17)
(27.0136 4.18673 0)
(27.0887 4.1418 0)
(27.1595 4.09276 -1.45128e-15)
(27.2264 4.03976 -8.18441e-16)
(27.2897 3.98278 -8.38618e-16)
(27.3492 3.92195 4.56631e-16)
(27.4051 3.85727 -5.18915e-16)
(27.4572 3.78883 5.23316e-16)
(27.5051 3.71684 0)
(27.5485 3.64171 -3.09789e-16)
(27.587 3.56418 6.36934e-16)
(27.6199 3.48557 3.33073e-16)
(27.6469 3.40762 1.74606e-16)
(27.6678 3.33247 -3.61652e-16)
(27.683 3.26075 2.65071e-16)
(27.6935 3.19003 -2.82952e-18)
(27.6996 3.11798 1.06343e-17)
(27.701 3.04431 -3.082e-17)
(27.6973 2.96929 4.05708e-17)
(27.6879 2.89313 2.31739e-16)
(27.6724 2.81622 -3.00754e-16)
(27.6502 2.73902 0)
(27.6207 2.66209 1.44211e-16)
(27.5834 2.58611 -2.72915e-16)
(27.5375 2.51186 -2.41429e-16)
(27.4821 2.44031 4.71515e-16)
(27.4168 2.37238 4.25802e-16)
(27.3394 2.31084 0)
(27.2575 2.25644 1.67884e-16)
(26.0489 4.25731 2.22963e-17)
(25.9784 4.22453 -1.75969e-16)
(25.902 4.18062 4.29954e-17)
(25.822 4.12424 2.26346e-16)
(25.7472 4.06007 0)
(25.6762 3.98592 5.96259e-16)
(25.6116 3.90327 1.35305e-15)
(25.5576 3.81898 -8.41801e-16)
(25.5152 3.73827 0)
(25.4824 3.66235 -1.05805e-15)
(25.4581 3.59326 9.53758e-16)
(25.4408 3.5329 -3.46139e-16)
(25.4287 3.48042 3.7568e-16)
(25.4204 3.43479 4.18666e-16)
(25.4148 3.39533 -6.66995e-16)
(25.4112 3.36068 -4.63983e-16)
(25.409 3.32969 1.07328e-15)
(25.4079 3.30147 -4.88326e-16)
(25.4077 3.27502 0)
(25.4082 3.2494 1.25253e-16)
(25.4094 3.22377 0)
(25.4116 3.19723 6.39023e-17)
(25.4149 3.16874 -1.21242e-16)
(25.4195 3.13773 0)
(25.4257 3.10512 1.23301e-16)
(25.4332 3.07236 -6.10671e-17)
(25.4421 3.03995 0)
(25.4522 3.00789 3.1139e-17)
(25.4636 2.97618 -1.58805e-17)
(25.4765 2.94482 6.31898e-17)
(25.4907 2.91383 -1.47106e-18)
(25.5063 2.8832 6.49339e-17)
(25.5234 2.85289 -3.24113e-18)
(25.5422 2.82282 -1.27498e-16)
(25.5627 2.79286 1.21213e-16)
(25.5854 2.7628 6.63962e-18)
(25.6105 2.73231 4.5657e-16)
(25.6391 2.70133 4.37776e-16)
(25.6692 2.67033 -1.98825e-16)
(26.1399 4.22921 1.81163e-18)
(26.2144 4.24997 -1.84171e-18)
(26.2998 4.26557 0)
(26.3895 4.27373 -1.76108e-16)
(26.4764 4.27361 6.53619e-17)
(26.5666 4.26541 -4.03105e-16)
(26.6559 4.24943 0)
(26.7412 4.22662 0)
(26.8239 4.19729 0)
(26.9023 4.16262 0)
(26.9763 4.12336 0)
(27.0463 4.07973 0)
(27.1123 4.03233 6.69724e-16)
(27.1745 3.98129 6.92873e-16)
(27.2332 3.92663 1.19616e-15)
(27.2884 3.86845 1.84474e-17)
(27.34 3.80677 -4.6204e-16)
(27.388 3.74169 -2.42125e-17)
(27.4322 3.67344 1.01997e-15)
(27.4721 3.60241 -9.10002e-18)
(27.5073 3.52932 -2.99845e-16)
(27.5374 3.45544 -3.05392e-16)
(27.562 3.38241 -8.01436e-16)
(27.5809 3.31227 3.16282e-16)
(27.5947 3.24561 -1.5563e-16)
(27.6042 3.18011 -3.97295e-17)
(27.6097 3.11356 -1.91477e-17)
(27.611 3.04567 9.25398e-18)
(27.6078 2.97668 7.16575e-17)
(27.5995 2.90677 -2.11285e-16)
(27.5859 2.83624 2.72545e-16)
(27.5664 2.76549 -1.27194e-16)
(27.5406 2.69495 2.43825e-16)
(27.5079 2.62516 2.33657e-16)
(27.4676 2.55669 -1.11852e-17)
(27.419 2.4903 0)
(27.3615 2.42665 0)
(27.2929 2.36801 -1.60845e-16)
(27.2203 2.3154 -5.32191e-18)
(26.07 4.20353 3.97795e-17)
(26.0033 4.17321 1.79749e-17)
(25.931 4.13233 0)
(25.8552 4.07958 -4.54974e-16)
(25.7841 4.0193 1.35278e-16)
(25.7166 3.94941 -9.82361e-16)
(25.655 3.87128 -9.86188e-16)
(25.6032 3.79143 -1.43523e-15)
(25.5623 3.71484 8.35615e-16)
(25.5306 3.6427 4.87619e-17)
(25.5069 3.57698 0)
(25.49 3.51954 0)
(25.4781 3.46959 -5.83374e-18)
(25.4697 3.42616 -3.83972e-16)
(25.4641 3.38862 3.97879e-16)
(25.4603 3.35569 0)
(25.4578 3.32628 -1.10878e-16)
(25.4564 3.29952 0)
(25.4558 3.27447 1.10071e-16)
(25.456 3.25023 -1.74222e-16)
(25.4568 3.22598 2.27091e-16)
(25.4584 3.20087 -1.10939e-16)
(25.461 3.17385 1.15037e-16)
(25.4648 3.14438 -1.09462e-16)
(25.47 3.11333 1.12137e-16)
(25.4765 3.08207 -1.13352e-16)
(25.4841 3.05111 -2.79494e-17)
(25.4929 3.02044 -3.49193e-19)
(25.503 2.99004 -1.80111e-17)
(25.5144 2.9599 2.84373e-17)
(25.5271 2.93005 -5.92879e-17)
(25.5412 2.90047 0)
(25.5567 2.87111 0)
(25.5738 2.84191 1.18637e-16)
(25.5927 2.81273 -4.65252e-16)
(25.6137 2.78339 2.25367e-16)
(25.6371 2.7536 -4.27446e-16)
(25.664 2.72327 4.04018e-16)
(25.6923 2.69305 3.82568e-16)
(26.1553 4.17593 0)
(26.2255 4.19471 -5.34785e-18)
(26.3059 4.20841 3.95862e-17)
(26.3902 4.21494 1.19667e-16)
(26.4718 4.21361 2.19037e-16)
(26.5565 4.20454 1.7644e-17)
(26.6402 4.18809 0)
(26.7201 4.16519 0)
(26.7975 4.13616 -3.72427e-16)
(26.8707 4.10214 3.89837e-16)
(26.9397 4.06386 9.10737e-16)
(27.005 4.02154 0)
(27.0664 3.97575 5.67143e-16)
(27.1242 3.92663 -6.58087e-16)
(27.1786 3.87418 -6.74553e-16)
(27.2297 3.81855 0)
(27.2774 3.75973 -1.19693e-15)
(27.3217 3.69786 -4.37083e-16)
(27.3624 3.63314 -4.87154e-16)
(27.399 3.56597 -5.15856e-16)
(27.4313 3.49705 5.11868e-16)
(27.4588 3.42758 1.76943e-17)
(27.4812 3.35914 4.24706e-16)
(27.4984 3.29364 -1.41314e-16)
(27.5109 3.23164 1.38679e-16)
(27.5194 3.17094 1.03117e-18)
(27.5244 3.10942 -2.54844e-17)
(27.5257 3.04682 -8.15133e-17)
(27.5229 2.98334 6.46381e-17)
(27.5157 2.91912 1.89233e-16)
(27.5037 2.85442 -1.28165e-16)
(27.4867 2.78954 1.16611e-16)
(27.464 2.72485 -2.32941e-16)
(27.4354 2.66074 -2.08763e-16)
(27.4001 2.59764 -2.08903e-16)
(27.3575 2.5361 1.83518e-16)
(27.3069 2.47657 -1.78875e-16)
(27.2463 2.42091 3.02892e-16)
(27.1821 2.37032 2.7762e-16)
(26.0893 4.15239 -1.79988e-18)
(26.0264 4.12437 4.37956e-17)
(25.9581 4.08632 -3.42118e-16)
(25.8863 4.03697 0)
(25.8189 3.98034 -2.41995e-16)
(25.7548 3.91445 2.27001e-16)
(25.6961 3.84057 1.08777e-15)
(25.6465 3.7649 1.70039e-15)
(25.6072 3.69219 -7.66262e-16)
(25.5766 3.6236 9.21889e-16)
(25.5536 3.56106 -4.95365e-16)
(25.5371 3.50637 0)
(25.5253 3.4588 0)
(25.517 3.41744 -3.48107e-16)
(25.5113 3.38171 -1.76771e-16)
(25.5073 3.35039 1.84943e-16)
(25.5047 3.32244 -9.57738e-17)
(25.5031 3.29705 9.81416e-17)
(25.5022 3.27331 -1.0439e-16)
(25.502 3.25035 -2.05818e-16)
(25.5024 3.2274 2.06401e-16)
(25.5036 3.20362 -1.00134e-16)
(25.5056 3.17799 0)
(25.5087 3.14998 -9.91081e-17)
(25.513 3.1204 1.02128e-16)
(25.5185 3.0906 1.03019e-16)
(25.5251 3.06105 -2.52596e-17)
(25.5329 3.03173 6.51646e-17)
(25.5418 3.00263 6.57609e-18)
(25.5519 2.97374 -1.05183e-18)
(25.5632 2.94506 0)
(25.5759 2.91658 1.04406e-16)
(25.5899 2.88826 0)
(25.6055 2.86003 3.15977e-16)
(25.6228 2.83176 -2.15578e-16)
(25.6422 2.80327 5.38466e-18)
(25.664 2.77429 1.92937e-16)
(25.6891 2.74472 3.66486e-16)
(25.7157 2.71535 3.48319e-16)
(26.1693 4.12534 0)
(26.2353 4.14229 6.49251e-18)
(26.3108 4.15424 -4.5621e-17)
(26.39 4.15928 -3.58495e-18)
(26.4665 4.15688 -4.13769e-16)
(26.5459 4.14706 8.21345e-16)
(26.6242 4.13022 1.88534e-16)
(26.699 4.10732 5.3244e-16)
(26.7712 4.07864 -1.24437e-15)
(26.8396 4.0453 3.50319e-16)
(26.9039 4.00802 -8.64306e-16)
(26.9647 3.96699 9.16252e-16)
(27.0218 3.92278 -5.38521e-16)
(27.0754 3.87552 0)
(27.1259 3.82522 1.27628e-15)
(27.1732 3.77202 -1.33861e-15)
(27.2173 3.71594 1.44776e-15)
(27.2581 3.6571 0)
(27.2955 3.59572 -1.7402e-17)
(27.3292 3.53219 4.2984e-16)
(27.3588 3.46718 -4.64634e-16)
(27.3839 3.40184 1.2133e-15)
(27.4043 3.33766 -2.69571e-16)
(27.42 3.27646 -1.2167e-16)
(27.4313 3.21876 -1.23776e-16)
(27.439 3.16245 1.82814e-16)
(27.4436 3.10555 -7.74533e-18)
(27.4448 3.04777 4.36154e-17)
(27.4424 2.98931 -1.69722e-16)
(27.4361 2.93027 5.83893e-17)
(27.4256 2.87087 0)
(27.4107 2.81136 9.89966e-17)
(27.3909 2.752 -4.0432e-16)
(27.3658 2.6931 1.84779e-17)
(27.335 2.63497 1.85655e-16)
(27.2977 2.57798 1.75413e-16)
(27.2533 2.52241 -3.0754e-16)
(27.1999 2.46973 -2.90271e-16)
(27.1431 2.42133 -2.66513e-16)
(26.1072 4.10377 -2.91145e-17)
(26.0479 4.0779 2.81063e-17)
(25.9835 4.04249 2.91268e-16)
(25.9156 3.99634 9.67991e-17)
(25.8518 3.94314 -3.07742e-16)
(25.7911 3.88101 -8.87312e-16)
(25.7351 3.81112 1.82344e-16)
(25.6877 3.73939 0)
(25.6499 3.67032 0)
(25.6204 3.60508 7.71398e-16)
(25.5981 3.54553 -4.26085e-16)
(25.582 3.49343 -5.07362e-16)
(25.5705 3.44809 5.70418e-16)
(25.5623 3.40868 -9.17293e-16)
(25.5565 3.37465 1.63914e-16)
(25.5525 3.34483 5.08636e-16)
(25.5497 3.31826 -2.62345e-16)
(25.5479 3.29415 -9.3058e-17)
(25.5468 3.27162 -3.6989e-16)
(25.5463 3.24987 8.40166e-16)
(25.5464 3.22813 -2.81693e-16)
(25.5471 3.20559 1.86627e-16)
(25.5486 3.18127 -1.8491e-16)
(25.5511 3.15464 1.84236e-16)
(25.5547 3.12647 -1.97789e-18)
(25.5594 3.09806 -9.35665e-17)
(25.5651 3.06987 -4.61973e-17)
(25.5718 3.04188 -2.90439e-19)
(25.5797 3.01407 -3.88902e-17)
(25.5886 2.98642 -4.3371e-19)
(25.5988 2.95894 0)
(25.6102 2.93161 -5.13604e-17)
(25.6229 2.90438 9.65297e-17)
(25.6371 2.87719 -1.96881e-16)
(25.6529 2.84992 -5.27061e-18)
(25.6708 2.82238 1.67278e-18)
(25.691 2.7943 -1.83063e-16)
(25.7144 2.76559 -3.48111e-16)
(25.7392 2.73713 -3.31302e-16)
(26.182 4.07731 -2.17724e-18)
(26.2439 4.09257 -1.17635e-18)
(26.3148 4.10292 1.12597e-18)
(26.3889 4.10662 -8.30031e-17)
(26.4606 4.10325 2.27877e-16)
(26.5348 4.09278 -3.11594e-16)
(26.608 4.07566 -4.06005e-16)
(26.6779 4.05282 2.57152e-16)
(26.7453 4.02454 6.59641e-17)
(26.809 3.99191 3.3063e-16)
(26.8689 3.95563 -3.40053e-16)
(26.9254 3.91588 -1.27595e-15)
(26.9785 3.87321 9.09123e-16)
(27.0282 3.82775 0)
(27.075 3.77952 -5.39217e-16)
(27.1187 3.72864 5.81078e-16)
(27.1594 3.67517 -6.53074e-16)
(27.1971 3.61921 9.10157e-18)
(27.2315 3.56098 -1.10169e-15)
(27.2624 3.50087 3.83187e-16)
(27.2896 3.43952 0)
(27.3125 3.37802 -6.3486e-18)
(27.3312 3.31781 -4.59025e-16)
(27.3454 3.26059 1.15703e-16)
(27.3556 3.20685 5.33204e-17)
(27.3626 3.15458 -2.80724e-17)
(27.3668 3.1019 0)
(27.368 3.04853 -2.70665e-17)
(27.366 2.99464 1.02529e-16)
(27.3605 2.94032 5.16945e-17)
(27.3514 2.88574 -1.92439e-16)
(27.3383 2.83111 1.901e-16)
(27.321 2.77662 -2.83023e-18)
(27.2992 2.7225 3.55777e-16)
(27.2723 2.66894 -8.57038e-18)
(27.2396 2.6162 -1.58457e-16)
(27.2008 2.5644 5.72353e-16)
(27.1537 2.51468 -1.92048e-17)
(27.1037 2.46859 -4.85224e-16)
(26.1236 4.05758 -1.34328e-18)
(26.0678 4.03371 0)
(26.0072 4.00076 0)
(25.9431 3.95761 0)
(25.8829 3.90763 0)
(25.8254 3.84903 8.09289e-16)
(25.7721 3.7829 -1.15913e-15)
(25.7268 3.71487 5.31481e-16)
(25.6905 3.64924 2.0018e-17)
(25.6622 3.58714 -7.45657e-16)
(25.6407 3.53042 1.24284e-15)
(25.6251 3.48075 4.69669e-16)
(25.6138 3.43752 -5.0468e-16)
(25.6057 3.39994 -5.57703e-16)
(25.5999 3.3675 8.8389e-16)
(25.5958 3.3391 -3.07776e-16)
(25.5928 3.3138 1.64895e-16)
(25.5908 3.29088 -3.27739e-16)
(25.5895 3.2695 8.16921e-17)
(25.5888 3.24887 -3.37886e-16)
(25.5886 3.22826 5.0751e-16)
(25.589 3.20689 -3.37422e-16)
(25.59 3.18381 0)
(25.592 3.15847 -1.67145e-16)
(25.595 3.13165 8.20212e-17)
(25.5989 3.10458 -4.15598e-17)
(25.6038 3.0777 -4.09117e-17)
(25.6097 3.051 7.51835e-17)
(25.6166 3.02445 -1.08986e-17)
(25.6246 2.99803 6.5065e-17)
(25.6336 2.97175 -4.41413e-17)
(25.6439 2.94559 -4.50703e-17)
(25.6554 2.91949 -8.68204e-17)
(25.6683 2.8934 -2.62883e-16)
(25.6828 2.86718 1.76447e-16)
(25.6991 2.84067 3.40984e-16)
(25.7178 2.81358 3.23944e-16)
(25.7395 2.78579 -3.09912e-16)
(25.7627 2.7583 3.04138e-16)
(26.1934 4.03173 1.61471e-19)
(26.2515 4.04543 1.41657e-18)
(26.3178 4.05431 4.85282e-18)
(26.3871 4.05679 1.18937e-16)
(26.4541 4.05258 -6.32111e-16)
(26.5234 4.04156 1.19961e-16)
(26.5917 4.02423 0)
(26.6568 4.00151 -4.18926e-16)
(26.7196 3.97368 1.01743e-15)
(26.779 3.94179 -1.19009e-15)
(26.8346 3.9065 -3.11553e-16)
(26.8872 3.86801 3.63696e-16)
(26.9364 3.82684 -8.63174e-16)
(26.9825 3.78312 1.35661e-15)
(27.0258 3.73687 5.38872e-17)
(27.0662 3.68822 -2.13822e-15)
(27.1038 3.63721 5.62117e-16)
(27.1385 3.58397 1.25269e-15)
(27.1702 3.52872 -9.36382e-16)
(27.1986 3.47182 -3.4872e-16)
(27.2234 3.41389 3.61882e-16)
(27.2444 3.35599 5.65937e-16)
(27.2614 3.29946 1.70551e-18)
(27.2744 3.24592 9.71818e-17)
(27.2837 3.19582 -2.46232e-16)
(27.2901 3.14726 -4.81636e-17)
(27.2939 3.09843 4.17058e-17)
(27.2951 3.04908 2.2523e-17)
(27.2934 2.99936 -1.3783e-16)
(27.2887 2.94933 8.95343e-17)
(27.2808 2.89914 -8.78414e-17)
(27.2694 2.84895 1.69857e-16)
(27.2543 2.7989 -3.25565e-16)
(27.2352 2.74915 0)
(27.2118 2.69981 2.91298e-16)
(27.1833 2.65102 -1.26187e-17)
(27.1493 2.60279 -2.66957e-16)
(27.108 2.55598 -2.27811e-16)
(27.064 2.51225 8.83332e-16)
(26.1387 4.01371 -1.80282e-17)
(26.0864 3.99171 0)
(26.0295 3.96106 0)
(25.9691 3.92072 -1.54659e-16)
(25.9123 3.87376 1.45778e-16)
(25.8579 3.81848 -6.87262e-16)
(25.8072 3.75587 7.85387e-16)
(25.764 3.69134 -2.49054e-16)
(25.7293 3.62894 2.70167e-16)
(25.7021 3.5698 -3.29587e-16)
(25.6814 3.51573 7.34524e-16)
(25.6662 3.46836 -4.12301e-16)
(25.6552 3.42711 -1.4987e-17)
(25.6471 3.39125 4.95952e-16)
(25.6413 3.3603 0)
(25.6371 3.33322 0)
(25.6341 3.30913 1.48542e-16)
(25.6319 3.28732 0)
(25.6305 3.26701 -7.74691e-17)
(25.6295 3.24742 3.05896e-16)
(25.6291 3.22787 -1.52511e-16)
(25.6291 3.2076 7.48479e-17)
(25.6298 3.18567 0)
(25.6313 3.16157 -7.74583e-17)
(25.6337 3.13603 1.52354e-16)
(25.637 3.11024 1.16406e-16)
(25.6412 3.08463 -3.80349e-17)
(25.6463 3.05918 -2.00606e-17)
(25.6524 3.03386 -2.41915e-18)
(25.6595 3.00866 1.93268e-17)
(25.6676 2.98357 -4.01253e-17)
(25.6768 2.95858 -7.87359e-17)
(25.6872 2.93364 1.61209e-16)
(25.6989 2.90867 1.14665e-18)
(25.7121 2.88356 1.56119e-16)
(25.7272 2.85811 -5.92098e-18)
(25.7443 2.83207 -1.11051e-17)
(25.7645 2.80526 -2.83134e-16)
(25.786 2.77879 0)
(26.2038 3.9885 1.3441e-19)
(26.258 4.00076 -6.07304e-18)
(26.3199 4.0083 8.1764e-18)
(26.3846 4.00968 -8.16768e-17)
(26.447 4.00472 2.74778e-16)
(26.5116 3.99325 -2.39705e-16)
(26.5752 3.97577 -1.73873e-16)
(26.6358 3.95324 7.82799e-16)
(26.6942 3.92588 -6.82672e-16)
(26.7494 3.89474 5.48366e-16)
(26.8011 3.86045 6.21909e-16)
(26.8499 3.82319 0)
(26.8955 3.78348 -3.84821e-16)
(26.9382 3.74143 -2.74397e-17)
(26.9782 3.69707 1.33663e-15)
(27.0156 3.65054 4.93784e-17)
(27.0503 3.60188 -5.01237e-16)
(27.0822 3.55122 5.2817e-16)
(27.1113 3.49876 1.18596e-15)
(27.1374 3.44488 -2.97436e-16)
(27.1602 3.39015 3.20013e-16)
(27.1795 3.33559 -3.4988e-16)
(27.195 3.28247 -3.55359e-16)
(27.2068 3.23234 -1.76968e-16)
(27.2153 3.18559 8.42228e-17)
(27.2212 3.14042 0)
(27.2247 3.09512 5.45748e-18)
(27.2258 3.04944 -1.41185e-18)
(27.2245 3.00352 8.06807e-17)
(27.2204 2.95739 -7.97399e-17)
(27.2135 2.91119 7.32526e-17)
(27.2037 2.86502 -3.00336e-16)
(27.1905 2.81902 2.9739e-16)
(27.174 2.77326 0)
(27.1535 2.7278 1.29685e-16)
(27.1287 2.68269 0)
(27.0991 2.63783 0)
(27.0628 2.59384 -2.09636e-16)
(27.0243 2.55248 -2.07119e-16)
(26.1526 3.97207 -4.92653e-17)
(26.1036 3.9518 1.66455e-16)
(26.0503 3.9233 -2.36563e-16)
(25.9935 3.8856 0)
(25.9401 3.84148 -5.588e-16)
(25.8888 3.78931 6.49954e-16)
(25.8406 3.73002 -7.42865e-16)
(25.7994 3.66879 0)
(25.7664 3.60941 9.82176e-16)
(25.7403 3.55306 -1.12466e-15)
(25.7203 3.50149 -6.82574e-16)
(25.7056 3.45628 3.81925e-16)
(25.6947 3.41689 -8.36498e-16)
(25.6867 3.38263 0)
(25.6809 3.35308 2.35389e-16)
(25.6766 3.32724 3.83852e-16)
(25.6735 3.30428 -6.49886e-16)
(25.6712 3.28352 2.69626e-16)
(25.6695 3.2642 -3.3962e-16)
(25.6684 3.2456 0)
(25.6677 3.22704 -7.10876e-17)
(25.6675 3.20779 -3.48562e-16)
(25.6679 3.18696 2.7503e-16)
(25.6689 3.16403 -2.07608e-16)
(25.6708 3.13971 1.38056e-16)
(25.6736 3.11514 0)
(25.6772 3.09075 0)
(25.6817 3.06651 2.6304e-17)
(25.687 3.04239 1.3406e-17)
(25.6933 3.01838 -3.5793e-17)
(25.7006 2.99447 3.55925e-17)
(25.7089 2.97065 1.4613e-16)
(25.7183 2.94686 -2.20524e-16)
(25.7289 2.92304 7.058e-17)
(25.741 2.89905 -2.09975e-18)
(25.7547 2.87471 -1.45505e-16)
(25.7705 2.84975 -2.80911e-16)
(25.7892 2.82397 2.68787e-16)
(25.809 2.79855 2.48666e-16)
(26.2131 3.94752 3.04395e-18)
(26.2637 3.95844 8.8909e-18)
(26.3213 3.96476 -7.53371e-18)
(26.3814 3.96515 -1.17355e-16)
(26.4395 3.95953 -9.87104e-17)
(26.4995 3.94769 3.2425e-16)
(26.5586 3.93014 0)
(26.6149 3.90784 -3.70427e-16)
(26.6692 3.88099 7.43648e-16)
(26.7204 3.8506 4.52214e-16)
(26.7684 3.8173 0)
(26.8135 3.78125 6.237e-16)
(26.8558 3.74294 -1.3333e-15)
(26.8953 3.7025 7.08472e-16)
(26.9323 3.65996 -8.15794e-16)
(26.9667 3.61545 4.39094e-16)
(26.9987 3.56901 0)
(27.0282 3.52077 -9.9331e-16)
(27.0549 3.47094 5.08678e-16)
(27.0789 3.41988 -2.53474e-16)
(27.0998 3.36814 -1.49044e-17)
(27.1175 3.31669 -3.01524e-16)
(27.1317 3.26674 -1.53391e-16)
(27.1425 3.21974 -7.57623e-17)
(27.1502 3.17608 -7.77906e-17)
(27.1556 3.13402 7.60974e-17)
(27.1589 3.09194 0)
(27.16 3.04961 -1.9059e-17)
(27.1589 3.00713 -3.49024e-17)
(27.1555 2.96455 1.40248e-16)
(27.1495 2.92197 -1.38752e-16)
(27.141 2.87947 1.32751e-16)
(27.1296 2.83714 -3.88102e-16)
(27.1152 2.79503 -1.14667e-16)
(27.0975 2.75314 3.33481e-18)
(27.0759 2.71142 -2.22759e-16)
(27.0501 2.66972 2.17906e-16)
(27.0183 2.62846 1.04526e-17)
(26.9846 2.58945 0)
(26.1654 3.93255 5.50146e-17)
(26.1196 3.9139 -8.6893e-17)
(26.0698 3.8874 3.57165e-16)
(26.0165 3.8522 0)
(25.9664 3.81073 6.67735e-16)
(25.9181 3.76148 -1.23543e-15)
(25.8724 3.70532 3.42325e-16)
(25.8332 3.64721 3.39198e-17)
(25.8018 3.59066 -1.36609e-15)
(25.7768 3.53692 2.34193e-15)
(25.7575 3.4877 -2.93488e-16)
(25.7431 3.44452 0)
(25.7324 3.40687 0)
(25.7244 3.37412 -4.10311e-16)
(25.7186 3.34587 2.09104e-16)
(25.7142 3.3212 7.97965e-16)
(25.711 3.29929 -3.50128e-16)
(25.7086 3.27951 -1.18741e-16)
(25.7068 3.26113 -2.44938e-16)
(25.7055 3.24345 1.88197e-16)
(25.7046 3.22582 6.13458e-17)
(25.7042 3.20755 2.51212e-16)
(25.7043 3.18775 -2.48923e-16)
(25.705 3.16594 0)
(25.7065 3.14277 0)
(25.7088 3.11938 -6.19042e-17)
(25.7119 3.09616 0)
(25.7158 3.07308 -1.65188e-17)
(25.7205 3.05012 -2.08153e-18)
(25.7261 3.02728 1.67693e-17)
(25.7326 3.00453 -1.44162e-18)
(25.7401 2.98186 -1.99824e-16)
(25.7486 2.95922 1.33565e-16)
(25.7582 2.93654 -2.66788e-16)
(25.7692 2.91369 2.64962e-16)
(25.7818 2.89047 -3.96694e-18)
(25.7963 2.86661 -2.51261e-16)
(25.8135 2.8419 -2.43796e-16)
(25.8318 2.81755 -4.65276e-16)
(26.2215 3.90868 -1.3889e-18)
(26.2685 3.91837 0)
(26.3219 3.92358 0)
(26.3777 3.92308 5.6817e-18)
(26.4315 3.9169 2.10092e-16)
(26.4872 3.90476 1.97867e-16)
(26.542 3.8872 -1.16634e-16)
(26.5942 3.86517 0)
(26.6445 3.83885 -7.514e-16)
(26.6919 3.80923 0)
(26.7363 3.7769 0)
(26.7781 3.74201 3.41192e-17)
(26.8172 3.70506 -5.76719e-16)
(26.8537 3.66617 -1.29399e-15)
(26.8879 3.62537 1.36776e-15)
(26.9196 3.58276 0)
(26.9491 3.53842 -1.90277e-17)
(26.9762 3.49247 4.24528e-16)
(27.0009 3.44511 4.63161e-16)
(27.0229 3.39668 2.27064e-17)
(27.0421 3.34773 -2.65517e-16)
(27.0583 3.29917 0)
(27.0713 3.25215 1.45693e-16)
(27.0812 3.20805 1.34548e-16)
(27.0883 3.16721 4.77622e-18)
(27.0932 3.128 0)
(27.0963 3.08886 0)
(27.0974 3.04958 6.50706e-17)
(27.0966 3.01024 -9.62441e-20)
(27.0937 2.97088 0)
(27.0886 2.93159 6.23513e-17)
(27.0812 2.89242 -2.36233e-16)
(27.0713 2.85343 -1.12386e-16)
(27.0589 2.81465 3.4459e-18)
(27.0435 2.77601 1.17782e-16)
(27.0248 2.73744 2.08197e-16)
(27.0023 2.6987 0)
(26.9746 2.66005 1.82063e-16)
(26.9452 2.62335 1.62791e-16)
(26.1771 3.89506 5.45759e-18)
(26.1345 3.87793 -3.1139e-17)
(26.0881 3.8533 -1.64026e-16)
(26.0383 3.82044 0)
(25.9914 3.78146 -4.48329e-16)
(25.946 3.73496 1.04494e-15)
(25.9025 3.68174 0)
(25.8655 3.62659 -1.35412e-15)
(25.8356 3.57267 0)
(25.8117 3.52137 -4.80164e-16)
(25.7929 3.47436 -5.284e-16)
(25.7788 3.43308 5.98007e-16)
(25.7682 3.39705 0)
(25.7602 3.36572 0)
(25.7543 3.33871 3.94857e-16)
(25.7499 3.31513 -4.19729e-16)
(25.7466 3.29421 0)
(25.7441 3.27536 1.12578e-16)
(25.7423 3.25786 5.72929e-17)
(25.7409 3.24105 5.78963e-17)
(25.7399 3.2243 -5.81811e-17)
(25.7393 3.20694 5.54298e-17)
(25.7391 3.18813 2.25919e-16)
(25.7396 3.16737 -4.49673e-16)
(25.7407 3.14531 2.26317e-16)
(25.7426 3.12304 5.87116e-17)
(25.7453 3.10093 -5.7893e-17)
(25.7487 3.07898 4.42151e-17)
(25.7528 3.05715 0)
(25.7578 3.03543 -5.93055e-17)
(25.7637 3.01381 8.03165e-20)
(25.7704 2.99227 -5.8865e-17)
(25.7781 2.97076 0)
(25.7868 2.94921 1.23679e-16)
(25.7968 2.92748 0)
(25.8083 2.90539 0)
(25.8216 2.88265 2.33854e-16)
(25.8374 2.85902 0)
(25.8543 2.83576 0)
(26.229 3.87189 -2.30606e-18)
(26.2725 3.88046 7.37209e-18)
(26.3219 3.88464 -4.1014e-17)
(26.3735 3.88336 7.85506e-17)
(26.4232 3.87669 -3.04257e-16)
(26.4747 3.86432 7.80139e-17)
(26.5254 3.84681 -2.49288e-16)
(26.5736 3.8251 2.56352e-16)
(26.6201 3.79932 0)
(26.664 3.77047 -3.96919e-16)
(26.705 3.73909 7.9752e-16)
(26.7436 3.70534 4.93117e-16)
(26.7797 3.6697 5.13483e-16)
(26.8134 3.63229 5.97308e-16)
(26.8449 3.59313 -6.46933e-16)
(26.8742 3.55235 6.50712e-16)
(26.9014 3.50999 -3.72153e-16)
(26.9264 3.46618 0)
(26.9491 3.42113 4.10971e-16)
(26.9694 3.37517 -4.25939e-16)
(26.987 3.32881 2.10822e-16)
(27.0019 3.28293 4.76971e-16)
(27.0139 3.23862 -2.47903e-16)
(27.0229 3.19718 -1.27855e-16)
(27.0295 3.15894 6.3002e-17)
(27.034 3.12233 0)
(27.0369 3.08588 0)
(27.038 3.04936 -5.77241e-17)
(27.0374 3.01288 2.75764e-17)
(27.035 2.97645 0)
(27.0306 2.94013 1.09313e-16)
(27.0242 2.90399 2.35344e-18)
(27.0157 2.86804 2.15906e-16)
(27.0049 2.83228 -6.64974e-18)
(26.9916 2.79663 0)
(26.9754 2.76095 -1.80372e-16)
(26.9559 2.72498 1.76691e-16)
(26.9317 2.6888 0)
(26.9061 2.65434 1.57407e-16)
(26.1879 3.85953 2.12188e-17)
(26.1484 3.84382 0)
(26.1053 3.82093 0)
(26.0588 3.79028 -9.92517e-17)
(26.0151 3.75362 2.93891e-16)
(25.9724 3.70972 2.1014e-16)
(25.9313 3.65928 0)
(25.8963 3.60692 9.56616e-16)
(25.868 3.55542 1.77912e-15)
(25.8449 3.50639 -8.18724e-16)
(25.8266 3.46145 0)
(25.8126 3.42195 -7.21442e-18)
(25.8021 3.38746 -3.14795e-16)
(25.7942 3.35746 3.18028e-16)
(25.7883 3.33161 3.51783e-16)
(25.7839 3.30907 -1.90648e-16)
(25.7806 3.2891 0)
(25.7781 3.27112 3.97761e-16)
(25.7761 3.25445 -9.05979e-16)
(25.7746 3.23846 3.0741e-16)
(25.7735 3.22254 -2.05562e-16)
(25.7728 3.20604 4.07601e-16)
(25.7725 3.18815 -3.0324e-16)
(25.7727 3.1684 9.93872e-17)
(25.7735 3.14739 -5.24732e-17)
(25.7751 3.12619 1.03644e-16)
(25.7773 3.10515 0)
(25.7803 3.08427 1.35621e-17)
(25.784 3.06352 1.63285e-18)
(25.7884 3.04289 0)
(25.7936 3.02236 2.77479e-17)
(25.7997 3.00192 5.57797e-17)
(25.8067 2.98152 -5.35579e-17)
(25.8146 2.96108 -1.10935e-16)
(25.8237 2.94047 2.20859e-16)
(25.8342 2.9195 -2.1328e-16)
(25.8463 2.89787 4.168e-16)
(25.8609 2.87534 -5.98068e-16)
(25.8764 2.85318 4.19536e-18)
(26.2357 3.83705 3.48412e-18)
(26.2758 3.84459 6.63618e-18)
(26.3213 3.84786 -5.62116e-18)
(26.3688 3.84587 8.46749e-17)
(26.4146 3.8388 -2.39029e-16)
(26.462 3.82627 4.8477e-16)
(26.5087 3.80886 -4.08894e-16)
(26.5532 3.78751 -2.49788e-16)
(26.5961 3.76228 0)
(26.6366 3.73421 0)
(26.6744 3.70376 -7.89618e-16)
(26.71 3.67108 6.48903e-19)
(26.7433 3.6367 -3.04915e-17)
(26.7744 3.60072 0)
(26.8035 3.56313 5.3751e-16)
(26.8306 3.52406 -1.19523e-15)
(26.8557 3.48356 -6.47359e-16)
(26.8787 3.44177 6.69024e-16)
(26.8996 3.39889 0)
(26.9183 3.35522 0)
(26.9346 3.31127 -4.17467e-16)
(26.9483 3.26787 0)
(26.9593 3.22606 -2.129e-16)
(26.9676 3.18707 0)
(26.9736 3.15121 -1.07493e-16)
(26.9778 3.11698 8.03661e-17)
(26.9805 3.08297 0)
(26.9817 3.04898 0)
(26.9813 3.01509 1.24756e-16)
(26.9793 2.98131 -1.02925e-18)
(26.9755 2.94769 -1.9454e-16)
(26.9701 2.91429 8.95151e-17)
(26.9627 2.88109 -3.62022e-16)
(26.9534 2.84808 2.64636e-16)
(26.9419 2.81516 -7.61774e-18)
(26.9278 2.78214 0)
(26.9109 2.74873 0)
(26.8898 2.7149 2.81421e-16)
(26.8676 2.6826 -2.8481e-16)
(26.1978 3.82587 -2.36781e-17)
(26.1613 3.81147 5.85153e-17)
(26.1214 3.79021 0)
(26.0782 3.76166 3.12946e-16)
(26.0377 3.72717 0)
(25.9976 3.68572 7.96879e-16)
(25.9586 3.63791 2.47748e-16)
(25.9258 3.5882 8.25381e-16)
(25.8989 3.53889 -1.35025e-15)
(25.8764 3.49196 1.16183e-15)
(25.8584 3.44898 -1.28076e-15)
(25.8447 3.41116 1.8699e-17)
(25.8343 3.37811 -1.10475e-15)
(25.8265 3.34937 -5.53054e-18)
(25.8207 3.32463 -5.38885e-18)
(25.8163 3.30307 0)
(25.813 3.28399 3.49651e-16)
(25.8104 3.26683 -2.69262e-16)
(25.8084 3.25095 9.34966e-17)
(25.8069 3.23573 1.84526e-16)
(25.8057 3.22059 0)
(25.8048 3.2049 -4.75085e-17)
(25.8043 3.18788 9.45215e-17)
(25.8043 3.16907 -9.426e-17)
(25.8049 3.14906 -9.27664e-17)
(25.8061 3.12887 0)
(25.808 3.10886 -2.31768e-17)
(25.8106 3.08901 0)
(25.8138 3.06929 -3.02539e-18)
(25.8178 3.0497 4.86544e-17)
(25.8224 3.03023 -4.91761e-17)
(25.8279 3.01085 0)
(25.8342 2.99152 -1.46775e-16)
(25.8414 2.97216 5.99665e-19)
(25.8497 2.95265 -1.98019e-16)
(25.8592 2.93278 2.49145e-18)
(25.8703 2.91226 1.90954e-16)
(25.8836 2.89082 1.86752e-16)
(25.8979 2.86977 0)
(26.2417 3.80408 4.23518e-19)
(26.2784 3.81067 -1.40635e-18)
(26.3201 3.8131 0)
(26.3637 3.8105 -2.31406e-16)
(26.4057 3.8031 2.26548e-16)
(26.4492 3.79047 -2.91757e-16)
(26.4922 3.77323 0)
(26.533 3.75226 6.88643e-16)
(26.5725 3.7276 -2.42823e-16)
(26.6097 3.70032 0)
(26.6445 3.67076 0)
(26.6773 3.63911 0)
(26.708 3.60595 -4.29716e-16)
(26.7368 3.57134 4.43628e-16)
(26.7637 3.53525 -5.10358e-16)
(26.7887 3.49779 5.74855e-16)
(26.8119 3.45904 -5.28229e-16)
(26.8331 3.41913 1.62143e-17)
(26.8525 3.37826 -3.21927e-16)
(26.8697 3.33672 3.25973e-16)
(26.8847 3.295 3.58033e-16)
(26.8973 3.25389 -5.58858e-16)
(26.9074 3.21439 3.96033e-16)
(26.9151 3.17765 9.65096e-17)
(26.9207 3.14397 -9.49194e-17)
(26.9246 3.11191 7.11171e-17)
(26.9271 3.08013 -5.21132e-17)
(26.9283 3.04844 -4.48452e-17)
(26.9281 3.0169 -1.10403e-16)
(26.9264 2.98553 8.8046e-17)
(26.9233 2.95436 -3.84263e-17)
(26.9186 2.92343 -2.4791e-16)
(26.9123 2.89274 3.2949e-16)
(26.9043 2.86223 7.69991e-17)
(26.8943 2.83179 -4.62691e-16)
(26.8822 2.80122 5.89038e-16)
(26.8675 2.77018 -2.84484e-16)
(26.8492 2.73855 0)
(26.8299 2.70831 0)
(26.2068 3.79399 -5.60974e-17)
(26.1733 3.78082 -3.31194e-17)
(26.1365 3.76108 -6.55744e-17)
(26.0965 3.73451 -6.72295e-16)
(26.059 3.70205 1.50405e-16)
(26.0214 3.66293 -7.5402e-16)
(25.9846 3.61759 -2.22392e-16)
(25.9541 3.57042 -7.94176e-16)
(25.9284 3.52306 0)
(25.9063 3.47809 -1.00913e-15)
(25.8885 3.43697 1.9596e-15)
(25.8751 3.40073 9.12735e-16)
(25.8649 3.36904 -4.87947e-16)
(25.8573 3.3415 -5.42402e-16)
(25.8515 3.3178 5.57167e-16)
(25.8471 3.29717 3.03751e-16)
(25.8438 3.27892 -4.66081e-16)
(25.8412 3.26253 -4.85575e-16)
(25.8392 3.24738 7.83683e-17)
(25.8376 3.23288 2.46414e-16)
(25.8363 3.21846 -8.16728e-17)
(25.8353 3.20353 0)
(25.8346 3.18733 -1.6676e-16)
(25.8344 3.16941 8.46324e-17)
(25.8347 3.15035 4.29288e-17)
(25.8356 3.13112 0)
(25.8372 3.11207 -4.18341e-17)
(25.8393 3.0932 3.27377e-17)
(25.8421 3.07447 1.40059e-18)
(25.8456 3.05588 -2.15491e-17)
(25.8498 3.03742 8.86141e-17)
(25.8547 3.01907 -4.62153e-19)
(25.8603 3.00078 -1.33874e-16)
(25.8669 2.98248 4.0977e-18)
(25.8744 2.96403 -8.82214e-17)
(25.8831 2.94525 0)
(25.8932 2.92583 1.6856e-16)
(25.9054 2.90547 1.629e-16)
(25.9186 2.88553 -1.58035e-16)
(26.247 3.7729 -1.38996e-18)
(26.2805 3.7786 9.28316e-18)
(26.3185 3.78029 3.601e-17)
(26.3582 3.77716 2.54827e-16)
(26.3966 3.7695 -8.2813e-17)
(26.4363 3.75682 0)
(26.4757 3.7398 1.38551e-16)
(26.513 3.71924 1.81438e-16)
(26.5493 3.69514 -4.44143e-16)
(26.5834 3.66872 0)
(26.6153 3.64 -5.82733e-16)
(26.6455 3.60932 -3.46636e-16)
(26.674 3.57737 3.59703e-16)
(26.7006 3.54409 4.12704e-16)
(26.7254 3.5094 -5.09118e-18)
(26.7485 3.47345 4.8544e-16)
(26.7699 3.43633 5.18604e-16)
(26.7896 3.39817 0)
(26.8074 3.35916 2.51434e-16)
(26.8233 3.31958 -9.1968e-18)
(26.8371 3.27991 -3.11648e-16)
(26.8487 3.24091 0)
(26.8581 3.20351 0)
(26.8652 3.16884 0)
(26.8704 3.13715 -4.3399e-17)
(26.874 3.10706 8.26933e-17)
(26.8765 3.07731 9.78205e-18)
(26.8777 3.0477 -9.30215e-18)
(26.8777 3.01829 7.90903e-17)
(26.8764 2.9891 -3.74272e-17)
(26.8737 2.96016 1.52481e-16)
(26.8698 2.93148 5.4061e-18)
(26.8644 2.90305 -1.4578e-16)
(26.8575 2.87482 -7.34126e-17)
(26.8489 2.84665 -2.7059e-16)
(26.8384 2.81831 6.53492e-16)
(26.8257 2.78947 -6.21549e-16)
(26.8098 2.75992 1.19418e-17)
(26.7931 2.73163 -2.20371e-16)
(26.2151 3.76381 2.14002e-17)
(26.1844 3.75178 -1.99823e-17)
(26.1508 3.73348 -1.99517e-16)
(26.1139 3.70879 2.65425e-16)
(26.0793 3.67821 -1.61459e-16)
(26.044 3.64131 1.5165e-16)
(26.0094 3.59828 0)
(25.9811 3.55358 0)
(25.9564 3.50788 1.3055e-15)
(25.9346 3.46476 3.30363e-16)
(25.9171 3.42544 -3.67563e-17)
(25.904 3.39069 4.07966e-16)
(25.8941 3.36028 4.43554e-16)
(25.8865 3.33386 -4.80094e-16)
(25.8808 3.31114 -5.35069e-16)
(25.8764 3.29136 8.15429e-16)
(25.873 3.27389 1.63678e-18)
(25.8704 3.25822 7.47114e-17)
(25.8683 3.24374 -3.74544e-18)
(25.8665 3.22991 7.32158e-17)
(25.8651 3.21617 7.74477e-17)
(25.864 3.20195 0)
(25.8631 3.18651 1.50529e-16)
(25.8626 3.16943 -7.26734e-17)
(25.8627 3.15125 0)
(25.8633 3.13293 0)
(25.8645 3.1148 5.76859e-17)
(25.8663 3.09686 1.98157e-17)
(25.8687 3.07907 -9.88283e-18)
(25.8718 3.06144 2.04305e-17)
(25.8754 3.04395 8.01291e-17)
(25.8798 3.02659 -8.09476e-17)
(25.8849 3.0093 4.15713e-17)
(25.8908 2.99202 3.77404e-18)
(25.8976 2.97461 3.73564e-18)
(25.9055 2.95688 -1.59297e-16)
(25.9148 2.93853 -2.58363e-18)
(25.926 2.91925 -1.5453e-16)
(25.9381 2.9004 3.06686e-18)
(26.2516 3.74339 0)
(26.282 3.74829 0)
(26.3164 3.74932 -6.18465e-17)
(26.3524 3.74575 0)
(26.3872 3.7379 1.68472e-16)
(26.4233 3.72525 0)
(26.4593 3.70851 -2.98563e-16)
(26.4933 3.68838 0)
(26.5267 3.66485 4.21256e-16)
(26.5576 3.63939 0)
(26.5868 3.61134 5.5292e-16)
(26.6149 3.58152 -3.06686e-16)
(26.6413 3.55076 9.52066e-16)
(26.6659 3.51878 -6.89033e-16)
(26.6887 3.4854 -7.26411e-18)
(26.71 3.45085 -4.05329e-16)
(26.7297 3.41525 0)
(26.7478 3.37873 4.7445e-16)
(26.7643 3.34144 -5.28556e-16)
(26.7789 3.30368 2.64683e-16)
(26.7917 3.2659 3.76686e-18)
(26.8024 3.22884 -2.88697e-16)
(26.8111 3.19339 1.45761e-16)
(26.8177 3.1606 0)
(26.8226 3.13072 -3.84283e-17)
(26.826 3.10244 5.39525e-17)
(26.8284 3.07453 -4.49287e-17)
(26.8297 3.04681 9.2003e-18)
(26.8298 3.01935 1.0251e-16)
(26.8288 2.99214 3.43709e-17)
(26.8267 2.96521 -2.05106e-16)
(26.8233 2.93857 6.85063e-17)
(26.8188 2.9122 6.69665e-17)
(26.8129 2.88603 2.48732e-16)
(26.8056 2.85992 -5.50358e-18)
(26.7965 2.83363 -4.72572e-16)
(26.7856 2.80682 1.15787e-16)
(26.7718 2.7792 1.16562e-17)
(26.7573 2.75275 4.17276e-16)
(26.2227 3.73523 1.1265e-17)
(26.1948 3.72427 -3.26976e-17)
(26.1642 3.70732 2.27494e-16)
(26.1303 3.68445 1.28245e-16)
(26.0987 3.65563 -6.40534e-16)
(26.0656 3.6209 -1.5813e-16)
(26.0332 3.58005 -1.16162e-15)
(26.007 3.53779 0)
(25.9827 3.49319 -9.77041e-16)
(25.9612 3.45181 -1.06763e-15)
(25.9441 3.41429 -6.53232e-16)
(25.9314 3.38097 -3.38953e-16)
(25.9217 3.35175 -4.01632e-16)
(25.9142 3.32638 4.32916e-16)
(25.9084 3.30458 -7.03251e-16)
(25.904 3.2856 0)
(25.9005 3.26885 -1.30964e-16)
(25.8977 3.25385 -1.27962e-16)
(25.8955 3.24001 -4.01914e-16)
(25.8936 3.22679 5.37359e-16)
(25.8921 3.21369 -2.05021e-16)
(25.8908 3.20013 6.64296e-17)
(25.8897 3.18541 -3.37678e-16)
(25.889 3.16911 2.69831e-16)
(25.8887 3.15178 0)
(25.889 3.13432 0)
(25.8899 3.11707 -7.00057e-17)
(25.8914 3.10001 0)
(25.8934 3.08313 0)
(25.896 3.06642 -1.43812e-16)
(25.8993 3.04986 2.17657e-16)
(25.9032 3.03345 -1.08804e-16)
(25.9078 3.01713 0)
(25.9131 3.00083 7.54183e-17)
(25.9192 2.98443 1.5029e-16)
(25.9264 2.96772 -1.45834e-16)
(25.9349 2.95043 -2.81214e-16)
(25.9452 2.93221 2.76522e-16)
(25.9563 2.91444 1.28041e-16)
(26.2556 3.71544 0)
(26.2829 3.71961 0)
(26.3138 3.72007 -3.887e-17)
(26.3461 3.71615 4.24087e-17)
(26.3776 3.70819 -1.04811e-17)
(26.4102 3.69565 0)
(26.4429 3.6793 0)
(26.4737 3.65958 -5.94024e-16)
(26.5045 3.63676 0)
(26.5322 3.61239 0)
(26.5593 3.58465 4.54047e-16)
(26.5856 3.55551 0)
(26.6101 3.52601 -6.01518e-16)
(26.6326 3.49529 6.54052e-16)
(26.6535 3.46311 -3.46114e-16)
(26.673 3.42984 1.05886e-15)
(26.6912 3.39566 3.74157e-16)
(26.7079 3.36063 0)
(26.723 3.32493 -4.5513e-16)
(26.7365 3.28884 0)
(26.7483 3.2528 1.04355e-17)
(26.7583 3.21752 -2.53751e-16)
(26.7664 3.18385 -1.38378e-16)
(26.7726 3.15277 -6.3405e-17)
(26.7771 3.12454 0)
(26.7804 3.09788 -7.95265e-17)
(26.7827 3.07164 2.78379e-17)
(26.784 3.04563 -5.42896e-17)
(26.7844 3.01991 9.10257e-17)
(26.7837 2.99449 9.10539e-17)
(26.782 2.96939 -1.19222e-16)
(26.7793 2.94459 0)
(26.7755 2.92008 5.49662e-17)
(26.7705 2.89579 -1.07357e-16)
(26.7643 2.87157 -2.13788e-16)
(26.7566 2.84717 4.24354e-16)
(26.7472 2.82223 -2.98631e-16)
(26.7353 2.79642 1.83492e-16)
(26.7229 2.7717 -3.7625e-16)
(26.2297 3.70816 -1.60276e-17)
(26.2045 3.6982 -6.00285e-17)
(26.1768 3.68255 0)
(26.146 3.66142 0)
(26.1172 3.63427 6.21429e-16)
(26.0862 3.60169 -1.21898e-16)
(26.056 3.56292 1.24985e-15)
(26.0319 3.52315 0)
(26.0076 3.47896 0)
(25.9862 3.43926 1.01103e-15)
(25.9697 3.40358 5.57414e-16)
(25.9574 3.37158 6.6865e-16)
(25.9478 3.34343 3.50344e-16)
(25.9401 3.31902 -7.85431e-16)
(25.9342 3.29805 2.04815e-16)
(25.9296 3.27982 0)
(25.926 3.26374 5.73025e-16)
(25.9231 3.24935 -3.49245e-16)
(25.9207 3.2361 3.03276e-16)
(25.9187 3.22347 -6.12319e-17)
(25.917 3.21095 -3.07501e-16)
(25.9155 3.19801 -3.15564e-18)
(25.9143 3.18397 3.13082e-18)
(25.9133 3.16842 0)
(25.9128 3.15188 -1.23159e-16)
(25.9128 3.13524 6.20844e-17)
(25.9133 3.11883 9.5388e-17)
(25.9145 3.10262 -3.15054e-17)
(25.9162 3.0866 3.02352e-17)
(25.9184 3.07076 -3.91381e-19)
(25.9213 3.0551 -3.19856e-17)
(25.9247 3.0396 6.59995e-17)
(25.9288 3.02421 0)
(25.9336 3.00886 -1.32529e-16)
(25.9392 2.99343 2.02126e-16)
(25.9457 2.97772 0)
(25.9534 2.96145 0)
(25.9628 2.94427 0)
(25.973 2.92755 3.59197e-16)
(26.2586 3.69311 2.1031e-18)
(26.2834 3.69665 1.29336e-18)
(26.3114 3.69642 1.82105e-17)
(26.3407 3.69183 -2.00554e-17)
(26.369 3.68326 -3.75216e-16)
(26.3984 3.6701 8.13361e-17)
(26.4276 3.65325 -2.51852e-16)
(26.4547 3.6329 8.11651e-16)
(26.4821 3.60986 -3.17059e-16)
(26.5051 3.58464 3.56563e-16)
(26.5292 3.55727 -1.11585e-15)
(26.5548 3.5302 0)
(26.5789 3.50315 0)
(26.6006 3.4744 0)
(26.6208 3.44385 6.31363e-16)
(26.6397 3.41214 -1.46446e-15)
(26.6574 3.37948 -2.66952e-17)
(26.6735 3.34595 0)
(26.6882 3.31172 4.79088e-16)
(26.7013 3.27708 0)
(26.7128 3.2425 1.5498e-16)
(26.7224 3.20865 -1.58196e-18)
(26.7303 3.17638 1.68261e-16)
(26.7362 3.14665 8.5915e-17)
(26.7406 3.11969 0)
(26.7438 3.09428 6.13824e-17)
(26.7461 3.0693 -4.8413e-18)
(26.7474 3.0446 0)
(26.7478 3.0202 -7.66546e-17)
(26.7473 2.99614 1.49866e-16)
(26.7458 2.97244 -2.27799e-18)
(26.7434 2.94905 1.41414e-16)
(26.74 2.92598 -1.43059e-16)
(26.7356 2.90316 4.99871e-18)
(26.7301 2.88042 2.57806e-16)
(26.7233 2.85753 -1.17989e-16)
(26.715 2.83411 -1.09645e-16)
(26.7044 2.8098 2.19057e-16)
(26.6934 2.78658 -2.06288e-16)
(26.235 3.68648 2.12821e-17)
(26.2122 3.67717 7.33298e-17)
(26.187 3.66225 1.06074e-16)
(26.1591 3.64206 4.26975e-17)
(26.1332 3.61561 0)
(26.1047 3.58407 0)
(26.0782 3.54614 -1.0344e-15)
(26.0579 3.50792 6.30073e-16)
(26.0344 3.46483 -1.41848e-15)
(26.011 3.42755 8.67746e-16)
(25.9934 3.39406 -5.55763e-16)
(25.9805 3.3634 -3.01211e-16)
(25.9702 3.33628 -3.67771e-16)
(25.962 3.31273 1.34879e-17)
(25.9556 3.2925 -2.34931e-16)
(25.9506 3.2749 2.4948e-16)
(25.9466 3.25937 -3.97507e-16)
(25.9435 3.24549 0)
(25.9408 3.23272 2.1696e-16)
(25.9386 3.22056 -3.64361e-16)
(25.9367 3.20853 1.49397e-16)
(25.935 3.19608 -4.50851e-16)
(25.9335 3.18258 3.77512e-16)
(25.9323 3.16763 -1.50736e-16)
(25.9315 3.15173 -7.5599e-17)
(25.9312 3.13574 0)
(25.9315 3.11999 -7.9622e-17)
(25.9324 3.10446 8.17297e-17)
(25.9338 3.08913 5.18894e-18)
(25.9357 3.074 -2.13888e-17)
(25.9383 3.05907 1.69803e-16)
(25.9414 3.04431 -2.14699e-16)
(25.9452 3.02968 8.62586e-17)
(25.9496 3.01512 0)
(25.9547 3.0005 -2.57014e-16)
(25.9608 2.98562 3.37748e-16)
(25.968 2.97023 1.61553e-16)
(25.9767 2.95396 1.55951e-16)
(25.9863 2.93818 -3.06676e-16)
(26.2609 3.67517 1.25328e-18)
(26.2836 3.67813 -1.23513e-18)
(26.3091 3.67712 0)
(26.3357 3.67164 5.61931e-17)
(26.3612 3.66206 4.51358e-18)
(26.3874 3.6478 3.83787e-16)
(26.4128 3.62978 -3.86423e-16)
(26.4358 3.6081 2.40605e-16)
(26.459 3.58417 -2.35335e-16)
(26.4762 3.5567 8.71986e-18)
(26.4969 3.52913 1.32238e-15)
(26.5224 3.50532 -1.15035e-15)
(26.5475 3.48139 4.37774e-16)
(26.5695 3.45498 0)
(26.5898 3.42638 -1.10652e-17)
(26.6091 3.39646 -5.88445e-16)
(26.627 3.36545 -1.08957e-15)
(26.6434 3.33343 3.91867e-16)
(26.6583 3.3006 -2.91935e-17)
(26.6715 3.26729 0)
(26.683 3.23397 -2.49475e-16)
(26.6927 3.20134 2.67986e-16)
(26.7006 3.17021 -4.71075e-18)
(26.7065 3.14157 1.4222e-16)
(26.7109 3.11562 0)
(26.7141 3.09122 -1.79773e-17)
(26.7164 3.06726 4.43208e-18)
(26.7178 3.04361 -8.88525e-19)
(26.7184 3.02027 6.74271e-17)
(26.7179 2.99732 -3.37514e-17)
(26.7165 2.97474 -6.56304e-17)
(26.7143 2.9525 0)
(26.7111 2.9306 -1.23631e-16)
(26.7071 2.90896 1.18296e-16)
(26.7019 2.88744 0)
(26.6956 2.86577 1.11677e-16)
(26.688 2.84362 9.99229e-17)
(26.6782 2.82059 -1.87324e-16)
(26.668 2.79867 3.70487e-16)
(26.2393 3.66903 1.31332e-17)
(26.2184 3.66011 2.49487e-17)
(26.1955 3.64553 -1.32697e-16)
(26.1703 3.62573 -3.89228e-17)
(26.1475 3.59937 3.87602e-16)
(26.1222 3.56825 -5.9892e-16)
(26.1004 3.53044 7.27018e-16)
(26.085 3.49283 -4.59155e-16)
(26.0625 3.45034 1.31841e-15)
(26.0355 3.41609 -8.40413e-16)
(26.0154 3.38498 0)
(26.0012 3.3558 5.994e-16)
(25.9898 3.32977 0)
(25.9806 3.3071 0)
(25.9735 3.28758 -4.16626e-16)
(25.9679 3.27056 4.41799e-16)
(25.9636 3.25554 -2.36959e-16)
(25.96 3.24211 4.93038e-16)
(25.9571 3.22975 -1.88784e-16)
(25.9546 3.21799 -1.31042e-16)
(25.9524 3.20635 2.64054e-16)
(25.9505 3.19432 -6.57225e-17)
(25.9487 3.18126 1.33377e-16)
(25.9472 3.16679 6.87378e-17)
(25.9461 3.15141 -1.3507e-16)
(25.9456 3.13595 6.96271e-17)
(25.9457 3.12074 3.62196e-17)
(25.9463 3.10576 -1.83964e-17)
(25.9474 3.091 -4.57578e-18)
(25.9492 3.07645 0)
(25.9515 3.06211 -7.46775e-17)
(25.9543 3.04796 -3.80507e-17)
(25.9578 3.03397 1.47674e-18)
(25.962 3.02007 -1.5046e-16)
(25.9668 3.00613 2.28165e-16)
(25.9725 2.99196 -3.01598e-16)
(25.9793 2.97732 -1.88416e-18)
(25.9876 2.96183 0)
(25.9967 2.94688 0)
(26.263 3.65689 -2.43477e-20)
(26.2835 3.65928 2.88289e-18)
(26.3066 3.65756 -4.04617e-17)
(26.3304 3.65129 2.98612e-17)
(26.353 3.64086 -1.68717e-17)
(26.3759 3.62575 -2.27734e-16)
(26.3976 3.60682 8.65569e-16)
(26.4168 3.58426 -1.78202e-16)
(26.4358 3.55977 0)
(26.4481 3.53075 -3.81049e-16)
(26.4652 3.50336 -1.13339e-15)
(26.4906 3.48245 6.4918e-16)
(26.5165 3.46107 3.09561e-17)
(26.5388 3.43656 -5.8164e-18)
(26.5591 3.40962 0)
(26.5784 3.38128 1.14865e-15)
(26.5966 3.35175 6.36783e-16)
(26.6131 3.32111 3.37131e-16)
(26.6281 3.28959 -3.9682e-16)
(26.6413 3.25754 2.09519e-16)
(26.6529 3.22544 2.26448e-16)
(26.6626 3.19397 -7.33878e-18)
(26.6705 3.16398 -3.69795e-16)
(26.6765 3.13639 -1.21435e-16)
(26.6808 3.11143 1.20357e-16)
(26.6841 3.08799 -1.53733e-17)
(26.6864 3.06501 2.95367e-17)
(26.6878 3.04235 -4.41003e-17)
(26.6885 3.02002 1.12249e-16)
(26.6883 2.99809 -2.94555e-17)
(26.687 2.97658 0)
(26.6849 2.95541 5.4919e-17)
(26.6821 2.93459 -2.13681e-16)
(26.6784 2.91407 1.03035e-16)
(26.6737 2.89369 0)
(26.6679 2.8732 0)
(26.6608 2.85225 -9.30806e-17)
(26.6518 2.83044 1.63309e-16)
(26.6425 2.80971 -7.76612e-18)
(26.2435 3.65125 -2.09338e-17)
(26.2247 3.64275 3.57881e-17)
(26.204 3.62859 -1.00506e-16)
(26.1817 3.60928 1.58127e-16)
(26.1618 3.58311 -9.7875e-17)
(26.1396 3.55271 7.62131e-16)
(26.1224 3.51507 4.06295e-16)
(26.1106 3.47813 4.77542e-16)
(26.0894 3.43672 -1.23008e-15)
(26.0592 3.40505 0)
(26.0366 3.3759 -4.60305e-16)
(26.0211 3.34804 4.24195e-18)
(26.0088 3.32303 5.98791e-16)
(25.9988 3.30121 -3.33532e-16)
(25.9909 3.28237 1.92244e-16)
(25.9849 3.26593 -3.9385e-16)
(25.9801 3.25142 0)
(25.9763 3.23844 3.2678e-16)
(25.973 3.2265 5.69756e-17)
(25.9703 3.21514 -2.88987e-16)
(25.9679 3.20391 -2.92437e-16)
(25.9657 3.1923 -1.39914e-18)
(25.9637 3.17969 2.36225e-16)
(25.9619 3.16572 6.08037e-17)
(25.9606 3.15086 1.80378e-16)
(25.9598 3.13596 -1.23018e-16)
(25.9596 3.1213 0)
(25.96 3.10688 1.55869e-17)
(25.9609 3.09269 -1.59984e-17)
(25.9624 3.07874 6.46146e-17)
(25.9645 3.06501 3.2726e-17)
(25.9671 3.05149 -6.57778e-17)
(25.9703 3.03815 1.98642e-16)
(25.9741 3.02492 -1.32091e-16)
(25.9787 3.01169 0)
(25.984 2.99826 -1.30174e-16)
(25.9904 2.98439 -1.26285e-16)
(25.9982 2.96974 2.49762e-16)
(26.0068 2.95564 0)
(26.265 3.63845 -1.11997e-18)
(26.2833 3.6403 5.79036e-18)
(26.3037 3.63794 3.1818e-17)
(26.3247 3.63101 -7.48786e-17)
(26.3444 3.61991 1.12866e-16)
(26.3641 3.6042 -1.06702e-16)
(26.3822 3.58463 -3.0108e-16)
(26.3979 3.56165 0)
(26.4128 3.53688 -3.44755e-16)
(26.4208 3.50715 1.25449e-15)
(26.4346 3.48008 4.96225e-16)
(26.4595 3.46158 6.21932e-16)
(26.486 3.44225 3.43877e-17)
(26.5084 3.4193 -4.19466e-16)
(26.5286 3.39377 -8.88502e-16)
(26.5479 3.3668 -5.47248e-16)
(26.5661 3.33857 2.53166e-16)
(26.5827 3.30918 -8.42603e-18)
(26.5977 3.27886 -3.27276e-16)
(26.611 3.24797 0)
(26.6226 3.21701 -5.81346e-16)
(26.6323 3.18665 2.03009e-16)
(26.6401 3.15772 9.9112e-17)
(26.6461 3.13114 -1.52137e-16)
(26.6505 3.10716 5.09443e-17)
(26.6537 3.08468 4.98161e-17)
(26.656 3.06269 6.29152e-18)
(26.6575 3.04106 -3.08778e-17)
(26.6583 3.0198 -1.71095e-18)
(26.6582 2.99898 -1.72132e-18)
(26.657 2.97861 0)
(26.6552 2.95861 1.40531e-16)
(26.6526 2.939 4.18256e-17)
(26.6493 2.9197 -1.78172e-16)
(26.645 2.90055 0)
(26.6398 2.88131 -1.62871e-16)
(26.6334 2.86163 3.14027e-16)
(26.6252 2.84113 -7.33618e-16)
(26.6166 2.82177 2.90859e-16)
(26.2475 3.63332 0)
(26.2308 3.62526 -3.28916e-17)
(26.2126 3.61162 -4.18996e-17)
(26.1931 3.5929 6.39516e-17)
(26.176 3.56709 -6.32307e-16)
(26.1567 3.53772 -1.70353e-16)
(26.144 3.50029 5.02084e-16)
(26.1348 3.46439 1.99188e-17)
(26.1147 3.42397 -1.07181e-15)
(26.0818 3.39435 6.29211e-16)
(26.0569 3.36689 4.16817e-16)
(26.0402 3.3402 2.35095e-17)
(26.027 3.31613 -2.77786e-16)
(26.0162 3.29512 0)
(26.0078 3.27695 -1.63211e-16)
(26.0013 3.26108 7.03812e-16)
(25.9961 3.24705 -4.59677e-16)
(25.992 3.23451 -5.81831e-16)
(25.9885 3.223 9.69617e-17)
(25.9855 3.21204 2.02706e-16)
(25.9829 3.20121 1.03407e-16)
(25.9805 3.19001 -1.5807e-16)
(25.9783 3.17786 2.08314e-16)
(25.9763 3.16439 0)
(25.9747 3.15008 -1.61294e-16)
(25.9737 3.13572 1.34835e-16)
(25.9733 3.12163 0)
(25.9734 3.10779 -1.4258e-17)
(25.9741 3.09419 -8.84086e-18)
(25.9754 3.08084 -2.81596e-17)
(25.9772 3.06773 -5.72225e-17)
(25.9796 3.05485 5.74263e-17)
(25.9825 3.04217 0)
(25.986 3.02962 0)
(25.9902 3.01709 0)
(25.9952 3.0044 0)
(26.0011 2.99133 1.10374e-16)
(26.0084 2.97751 -3.24957e-16)
(26.0165 2.9643 5.26115e-16)
(26.2668 3.6199 5.15829e-18)
(26.2828 3.62124 -2.67338e-18)
(26.3006 3.61833 0)
(26.3187 3.61088 0)
(26.3355 3.59931 0)
(26.352 3.58328 0)
(26.3666 3.56337 2.59142e-16)
(26.3791 3.54046 -4.99333e-16)
(26.3902 3.51569 2.09569e-17)
(26.3946 3.48615 -7.34868e-16)
(26.4056 3.45956 -5.69885e-17)
(26.4297 3.44294 0)
(26.4563 3.42515 -6.04227e-16)
(26.4786 3.40341 0)
(26.4986 3.379 4.01238e-17)
(26.5178 3.35315 4.11698e-16)
(26.5359 3.32603 0)
(26.5525 3.29771 -2.51158e-16)
(26.5674 3.26844 -2.7366e-16)
(26.5807 3.23861 1.62706e-17)
(26.5922 3.20869 -3.12702e-16)
(26.6019 3.17936 1.64501e-16)
(26.6098 3.15142 -8.9543e-17)
(26.6157 3.12577 8.6258e-17)
(26.6202 3.10264 -4.31627e-17)
(26.6235 3.08097 -7.2096e-20)
(26.6259 3.05978 2.1378e-17)
(26.6275 3.03894 4.12493e-17)
(26.6285 3.01848 4.12659e-17)
(26.6285 2.99842 -1.1574e-16)
(26.6276 2.97885 3.90358e-17)
(26.6259 2.95967 1.58369e-16)
(26.6237 2.9409 -1.94394e-16)
(26.6207 2.92248 0)
(26.6168 2.90426 0)
(26.612 2.886 6.85362e-17)
(26.6062 2.86737 0)
(26.5988 2.84789 2.56127e-16)
(26.5913 2.82944 2.45707e-16)
(26.2515 3.61528 -3.30517e-18)
(26.2369 3.60769 0)
(26.2211 3.59468 1.04993e-16)
(26.2044 3.57666 0)
(26.1899 3.55141 1.38548e-16)
(26.1735 3.52338 6.78002e-16)
(26.165 3.48613 5.47509e-16)
(26.1572 3.45182 -6.06947e-16)
(26.138 3.41213 2.38577e-17)
(26.103 3.38404 5.71575e-16)
(26.076 3.35796 -7.06953e-16)
(26.0581 3.33228 -4.34807e-16)
(26.0442 3.30905 4.73652e-16)
(26.0328 3.28878 2.60608e-16)
(26.0238 3.27127 2.94445e-16)
(26.017 3.25596 -4.59615e-16)
(26.0115 3.24243 8.39821e-17)
(26.0071 3.23033 8.72544e-17)
(26.0034 3.21923 3.9632e-16)
(26.0003 3.20866 -3.55819e-16)
(25.9975 3.19823 -4.6507e-17)
(25.9949 3.18745 -2.22467e-18)
(25.9925 3.17575 0)
(25.9903 3.16278 4.51069e-17)
(25.9885 3.149 -1.39589e-16)
(25.9873 3.1352 1.65929e-16)
(25.9867 3.12168 -4.80275e-17)
(25.9866 3.10841 -6.09811e-17)
(25.9871 3.09542 -1.39704e-17)
(25.9881 3.08268 5.01901e-17)
(25.9897 3.07022 1.00684e-16)
(25.9918 3.058 -1.2562e-16)
(25.9944 3.04601 9.97061e-17)
(25.9976 3.03417 5.00436e-17)
(26.0014 3.02238 -1.99079e-16)
(26.006 3.01047 -2.44338e-16)
(26.0115 2.9982 -1.99091e-18)
(26.0183 2.98523 2.91236e-16)
(26.0258 2.97285 -3.90248e-18)
(26.2684 3.60131 -1.96784e-18)
(26.282 3.60218 1.98429e-18)
(26.2971 3.59882 1.99168e-17)
(26.3124 3.59101 -7.44963e-17)
(26.3263 3.5792 -7.17655e-17)
(26.3398 3.56315 -2.24597e-17)
(26.3511 3.54323 -7.05916e-18)
(26.3608 3.5209 2.28059e-16)
(26.3683 3.49645 2.44611e-17)
(26.3701 3.46803 2.53237e-17)
(26.3786 3.44206 -3.70029e-16)
(26.4015 3.42678 0)
(26.4277 3.40999 2.72958e-16)
(26.4497 3.38908 -6.06308e-16)
(26.4694 3.36551 1.67059e-15)
(26.4882 3.34052 -1.48461e-15)
(26.5061 3.31428 -1.93917e-17)
(26.5225 3.28685 6.7398e-16)
(26.5374 3.25847 5.02761e-16)
(26.5506 3.22954 1.4193e-16)
(26.5621 3.20054 1.45306e-16)
(26.5717 3.17216 -2.90214e-16)
(26.5795 3.1452 1.41535e-16)
(26.5854 3.12056 -3.75634e-17)
(26.5897 3.09846 0)
(26.593 3.07788 1.87592e-17)
(26.5954 3.05785 -2.69263e-17)
(26.5969 3.03826 -1.74385e-17)
(26.598 3.01912 0)
(26.5981 3.00044 -6.12184e-17)
(26.5972 2.98229 3.30373e-17)
(26.5958 2.96455 -1.34006e-16)
(26.5938 2.94721 2.9875e-16)
(26.5912 2.9302 -1.30029e-16)
(26.5879 2.91336 0)
(26.5837 2.89647 -2.44842e-16)
(26.5786 2.8792 5.21206e-16)
(26.5718 2.86124 -1.22007e-16)
(26.5644 2.84456 -2.67767e-16)
(26.2553 3.5972 1.59762e-17)
(26.2429 3.59013 0)
(26.2294 3.57785 -1.54406e-16)
(26.2155 3.56063 5.18507e-17)
(26.2035 3.53622 -2.63005e-16)
(26.19 3.50984 1.98084e-16)
(26.1851 3.47277 -4.97984e-16)
(26.1776 3.4408 0)
(26.1592 3.40134 1.17041e-15)
(26.1227 3.37413 4.99342e-16)
(26.0939 3.34917 7.22398e-16)
(26.0749 3.32437 -7.40273e-16)
(26.0604 3.30187 4.34514e-16)
(26.0485 3.28225 -1.18993e-15)
(26.0391 3.26532 1.0266e-15)
(26.032 3.25056 -4.00538e-16)
(26.0263 3.23753 -3.58301e-16)
(26.0218 3.2259 2.95713e-16)
(26.0179 3.21522 0)
(26.0146 3.20507 -3.80452e-17)
(26.0117 3.19504 0)
(26.009 3.18468 -4.1084e-17)
(26.0064 3.17344 -3.91948e-17)
(26.004 3.16096 -4.14616e-17)
(26.002 3.14772 8.19797e-17)
(26.0006 3.13446 0)
(25.9997 3.12148 -2.16179e-17)
(25.9994 3.10878 3.73236e-17)
(25.9996 3.09635 -2.28476e-17)
(26.0004 3.0842 6.47693e-17)
(26.0017 3.07234 -1.05697e-17)
(26.0035 3.06075 -1.07934e-16)
(26.0058 3.04942 1.08113e-16)
(26.0087 3.03828 4.42745e-17)
(26.0122 3.02724 -1.71361e-16)
(26.0163 3.01613 2.14834e-16)
(26.0214 3.00475 -3.72106e-18)
(26.0277 2.99279 0)
(26.0348 2.98162 3.20296e-16)
(26.2697 3.58273 -2.66607e-18)
(26.281 3.58318 -1.24229e-19)
(26.2935 3.57948 -1.73166e-17)
(26.3059 3.57151 1.14368e-16)
(26.3171 3.55971 1.28355e-16)
(26.3276 3.54396 -1.24257e-17)
(26.336 3.52443 1.79538e-16)
(26.3431 3.50322 -1.82127e-16)
(26.3475 3.47943 8.75352e-16)
(26.3476 3.45313 -1.33042e-16)
(26.3539 3.42792 -3.40969e-16)
(26.3753 3.41339 6.51275e-16)
(26.4006 3.39703 0)
(26.4221 3.37658 -5.08882e-16)
(26.4411 3.35352 1.10681e-15)
(26.4595 3.32911 -5.9975e-16)
(26.477 3.30349 3.51249e-16)
(26.4932 3.27672 -7.50962e-16)
(26.5078 3.24906 4.00305e-16)
(26.5209 3.22086 -2.1821e-16)
(26.5323 3.19259 1.07283e-16)
(26.5421 3.16489 -3.42136e-16)
(26.55 3.1385 2.88174e-16)
(26.5561 3.11428 0)
(26.5608 3.09244 0)
(26.5644 3.072 7.86047e-18)
(26.5671 3.05204 -7.51106e-18)
(26.5691 3.03245 2.3011e-17)
(26.5704 3.01333 0)
(26.571 2.99457 0)
(26.5704 2.97638 1.15694e-16)
(26.5692 2.95868 -1.15005e-16)
(26.5676 2.94147 2.66049e-17)
(26.5652 2.92469 0)
(26.5621 2.90823 0)
(26.5582 2.89182 -1.03389e-16)
(26.5535 2.87514 -5.20529e-17)
(26.5479 2.85753 4.48506e-17)
(26.5426 2.84079 4.79068e-17)
(26.2589 3.57914 6.02339e-18)
(26.2486 3.57263 3.19566e-17)
(26.2375 3.56121 -3.75827e-17)
(26.2263 3.54492 -2.03371e-16)
(26.2166 3.52169 0)
(26.2059 3.49723 -2.76113e-17)
(26.2041 3.46045 4.08809e-16)
(26.1957 3.43175 -4.02781e-16)
(26.1782 3.39178 -7.33956e-16)
(26.1406 3.36468 -4.91541e-16)
(26.1105 3.3405 5.87182e-16)
(26.0906 3.31646 -9.73597e-16)
(26.0758 3.29469 -1.81352e-16)
(26.0636 3.27571 0)
(26.0539 3.25932 -1.0883e-16)
(26.0464 3.24499 -4.81321e-16)
(26.0405 3.23235 1.0643e-15)
(26.0358 3.2211 -2.54345e-16)
(26.0319 3.21082 -2.64889e-16)
(26.0285 3.20107 3.49796e-17)
(26.0254 3.19145 3.35672e-17)
(26.0226 3.18153 3.13582e-16)
(26.0199 3.17075 -2.42738e-16)
(26.0173 3.15879 0)
(26.015 3.1461 1.06448e-16)
(26.0133 3.13343 -2.16909e-16)
(26.0122 3.12106 2.65281e-17)
(26.0116 3.10898 3.71714e-17)
(26.0116 3.0972 -5.68866e-19)
(26.012 3.0857 0)
(26.0129 3.07449 5.62882e-17)
(26.0144 3.06356 9.42769e-17)
(26.0163 3.05286 -3.38029e-16)
(26.0187 3.04235 1.86568e-16)
(26.0217 3.03192 -3.63361e-17)
(26.0254 3.02143 0)
(26.0299 3.01065 -7.45926e-17)
(26.0354 2.99927 0)
(26.0415 2.98824 1.40123e-16)
(26.2709 3.56419 -1.82651e-18)
(26.2799 3.56427 1.70854e-18)
(26.2897 3.56038 1.12072e-17)
(26.2994 3.55246 -7.46531e-17)
(26.3079 3.54099 1.1932e-16)
(26.3156 3.5259 -1.0908e-16)
(26.3215 3.50724 -2.80733e-16)
(26.3265 3.48771 -2.92217e-16)
(26.328 3.46496 1.23946e-16)
(26.3276 3.44184 0)
(26.3321 3.4175 -2.46513e-16)
(26.3515 3.40312 0)
(26.3754 3.38661 8.89992e-16)
(26.3959 3.3662 -7.67269e-16)
(26.4142 3.34331 -4.70494e-16)
(26.4319 3.31914 6.10164e-16)
(26.4489 3.29384 -4.48826e-16)
(26.4646 3.26745 9.20366e-16)
(26.4789 3.24028 -4.8079e-16)
(26.4917 3.21275 9.31861e-17)
(26.5029 3.18537 -9.62972e-17)
(26.5123 3.15882 -4.47429e-17)
(26.5197 3.13388 1.37814e-16)
(26.5253 3.1114 -2.2951e-17)
(26.5294 3.09153 0)
(26.5325 3.07326 2.43893e-17)
(26.5348 3.05565 -2.74034e-17)
(26.5365 3.03853 0)
(26.5378 3.02188 -4.77768e-17)
(26.5381 3.00582 5.20042e-17)
(26.5376 2.99028 9.41413e-17)
(26.5367 2.97512 -9.36845e-17)
(26.5356 2.96031 -2.06593e-16)
(26.5339 2.94578 2.52396e-18)
(26.5316 2.93139 2.89018e-18)
(26.5287 2.91693 2.17234e-16)
(26.5248 2.90217 0)
(26.5189 2.88709 -3.18405e-18)
(26.5116 2.87355 0)
(26.2622 3.56112 -1.685e-17)
(26.254 3.55523 5.6168e-17)
(26.2453 3.5448 0)
(26.2366 3.52963 -1.08013e-17)
(26.2292 3.50805 3.65816e-16)
(26.2213 3.48574 -7.26584e-16)
(26.2216 3.44954 -3.28395e-16)
(26.2114 3.42525 0)
(26.1951 3.38385 6.60143e-16)
(26.1572 3.3559 -7.35287e-16)
(26.1259 3.33189 5.2451e-16)
(26.1054 3.30829 3.04499e-16)
(26.0903 3.28717 1.70207e-16)
(26.078 3.26902 0)
(26.0683 3.2534 6.63944e-18)
(26.0606 3.23967 -5.00312e-17)
(26.0544 3.22744 5.2376e-17)
(26.0494 3.21647 0)
(26.0451 3.20639 -4.63807e-16)
(26.0414 3.19683 4.68148e-16)
(26.0382 3.18743 -3.08138e-17)
(26.0351 3.17775 -3.03079e-16)
(26.0321 3.16726 -2.24807e-18)
(26.0292 3.15565 1.50364e-16)
(26.0266 3.14335 2.62886e-16)
(26.0245 3.13109 -1.25313e-16)
(26.0229 3.11916 -4.38949e-19)
(26.0218 3.10757 2.41089e-17)
(26.0213 3.09634 -1.56217e-17)
(26.0213 3.08549 0)
(26.0219 3.07502 8.35289e-18)
(26.0229 3.06494 1.29968e-16)
(26.0244 3.05521 -2.27015e-16)
(26.0264 3.04579 9.62863e-17)
(26.029 3.03657 3.29272e-17)
(26.0321 3.02742 -3.11768e-17)
(26.0361 3.0182 2.48993e-16)
(26.0413 3.00868 5.68128e-17)
(26.0478 3.00071 -4.21948e-16)
(26.2718 3.54568 -3.5025e-18)
(26.2785 3.54545 2.60763e-18)
(26.2858 3.54155 -1.64865e-17)
(26.2929 3.53395 2.71507e-17)
(26.299 3.52319 -9.46437e-17)
(26.3043 3.50917 0)
(26.3081 3.49199 -3.56581e-16)
(26.3111 3.47467 3.50393e-16)
(26.3107 3.45337 -2.14767e-16)
(26.3109 3.43458 -1.44464e-16)
(26.3137 3.41113 7.18685e-16)
(26.3307 3.39631 -2.8571e-16)
(26.3526 3.37911 3.53871e-16)
(26.3717 3.35828 -5.21269e-16)
(26.3888 3.33519 6.92504e-16)
(26.4055 3.31095 -1.09825e-16)
(26.4217 3.28565 -5.80393e-16)
(26.437 3.25924 5.84072e-16)
(26.4511 3.23189 1.99851e-16)
(26.464 3.20394 -6.32842e-17)
(26.4757 3.17584 -2.90899e-16)
(26.4858 3.14821 1.02882e-16)
(26.4945 3.12177 3.06435e-16)
(26.5016 3.09732 -2.32665e-16)
(26.5072 3.07513 7.98471e-17)
(26.5115 3.05436 0)
(26.515 3.03407 2.68516e-18)
(26.5176 3.01429 -3.17016e-17)
(26.5195 2.9953 5.90022e-17)
(26.5209 2.97635 -2.72061e-18)
(26.521 2.95828 0)
(26.5204 2.94093 0)
(26.5193 2.92428 0)
(26.5174 2.90826 1.75357e-17)
(26.5149 2.89276 -1.35952e-16)
(26.5118 2.87748 -1.46841e-16)
(26.5084 2.86203 3.26492e-16)
(26.5055 2.8452 2.44539e-16)
(26.504 2.82913 -5.57927e-16)
(26.2653 3.54313 6.25306e-18)
(26.2592 3.53795 4.64784e-17)
(26.2527 3.52868 9.01689e-17)
(26.2464 3.51489 2.27895e-17)
(26.2408 3.49553 -6.73694e-16)
(26.2355 3.47549 4.71615e-16)
(26.2366 3.4405 2.98639e-16)
(26.2247 3.42197 0)
(26.2106 3.37799 0)
(26.1732 3.34845 -3.1583e-16)
(26.1413 3.32399 0)
(26.1196 3.3 0)
(26.1035 3.27871 1.36149e-16)
(26.0905 3.26082 -6.38546e-16)
(26.0805 3.2459 6.71681e-16)
(26.0729 3.23313 8.96383e-17)
(26.0669 3.22192 -3.77867e-16)
(26.0618 3.21186 7.68986e-16)
(26.0573 3.20253 -7.6535e-16)
(26.0533 3.19357 4.00612e-16)
(26.0495 3.18462 0)
(26.0459 3.17534 3.94372e-17)
(26.0423 3.16523 0)
(26.0387 3.15402 -2.72331e-17)
(26.0354 3.14213 9.33538e-17)
(26.0325 3.13025 8.56064e-19)
(26.0301 3.11863 -6.12979e-17)
(26.0282 3.10727 -5.87393e-17)
(26.0268 3.09614 -2.79371e-17)
(26.0258 3.08525 -2.8172e-17)
(26.0253 3.07462 -4.28654e-17)
(26.0253 3.06424 1.35134e-17)
(26.0258 3.0541 -1.43528e-17)
(26.0268 3.04418 1.12451e-16)
(26.0284 3.03442 1.34111e-17)
(26.0305 3.02467 2.82444e-17)
(26.0333 3.01465 0)
(26.0364 3.00393 -5.46837e-17)
(26.0391 2.9924 -4.03317e-16)
(26.2724 3.52718 -3.35388e-18)
(26.2769 3.52673 3.73577e-18)
(26.2818 3.52302 7.56671e-18)
(26.2866 3.51608 1.50878e-17)
(26.2905 3.50644 1.32403e-16)
(26.2938 3.494 -2.31245e-16)
(26.2961 3.47901 2.88498e-16)
(26.2979 3.46429 1.89025e-16)
(26.2965 3.44506 -9.21198e-17)
(26.298 3.4319 0)
(26.299 3.40901 5.52821e-17)
(26.3129 3.39328 -8.69901e-16)
(26.3321 3.37493 7.25798e-16)
(26.3493 3.35319 -1.3147e-16)
(26.3651 3.32936 -5.56018e-16)
(26.3805 3.30467 6.40099e-16)
(26.3954 3.27938 -7.48617e-17)
(26.4094 3.25362 1.89256e-16)
(26.4222 3.22773 -4.31698e-16)
(26.4336 3.2021 5.6744e-17)
(26.4436 3.17723 -2.54969e-17)
(26.4519 3.15377 -2.00372e-16)
(26.4582 3.13245 3.31801e-16)
(26.4625 3.11398 -1.52957e-16)
(26.4657 3.09824 5.9589e-17)
(26.4684 3.08403 0)
(26.4706 3.07049 -7.52004e-18)
(26.4725 3.05734 6.67293e-18)
(26.4744 3.04419 -1.47958e-18)
(26.4749 3.03244 7.95108e-18)
(26.475 3.02086 1.16194e-16)
(26.4751 3.00932 -1.15849e-16)
(26.4751 2.99786 7.5913e-18)
(26.4749 2.98647 -8.63482e-18)
(26.4744 2.97508 -1.58149e-17)
(26.4731 2.96358 0)
(26.4706 2.95189 1.71446e-16)
(26.4643 2.9409 -1.70272e-16)
(26.455 2.93154 0)
(26.2681 3.52516 -1.2543e-19)
(26.2639 3.52078 0)
(26.2596 3.51285 -6.6837e-17)
(26.2553 3.50079 1.49524e-16)
(26.2515 3.48422 3.16226e-16)
(26.248 3.46649 -2.58705e-16)
(26.2484 3.43415 0)
(26.2357 3.42278 4.0788e-16)
(26.2252 3.37431 -1.36608e-15)
(26.1891 3.34286 1.30856e-15)
(26.157 3.31822 0)
(26.1344 3.29411 9.88276e-16)
(26.1166 3.2723 -1.17971e-15)
(26.1013 3.25334 0)
(26.0888 3.23712 4.147e-17)
(26.0792 3.22327 -6.69033e-16)
(26.072 3.21148 9.28765e-16)
(26.0666 3.2014 -3.12725e-16)
(26.0621 3.19248 3.22445e-16)
(26.0582 3.18421 3.14181e-18)
(26.0544 3.1761 -3.51796e-16)
(26.0505 3.16766 -2.24867e-17)
(26.0464 3.15832 0)
(26.0421 3.14782 0)
(26.038 3.13674 -1.7288e-16)
(26.0344 3.12596 1.79357e-16)
(26.0315 3.1158 -5.8463e-18)
(26.0291 3.10626 2.95795e-18)
(26.0273 3.09731 -3.73122e-19)
(26.026 3.08895 0)
(26.0251 3.08114 -6.32549e-18)
(26.0247 3.07385 7.61025e-17)
(26.0247 3.06699 9.37092e-17)
(26.025 3.06048 -1.87622e-16)
(26.0256 3.05422 -1.21646e-17)
(26.0269 3.04813 0)
(26.0291 3.04234 -3.58456e-16)
(26.0338 3.03711 8.85116e-18)
(26.0418 3.03578 1.08894e-17)
(26.2728 3.50863 0)
(26.2754 3.50805 -5.35457e-18)
(26.2781 3.50477 4.36011e-18)
(26.2808 3.49888 -1.40055e-17)
(26.283 3.49084 9.53542e-17)
(26.2848 3.48057 -1.10528e-16)
(26.2861 3.46853 -1.2647e-16)
(26.287 3.45677 1.5267e-16)
(26.2858 3.44093 -7.3652e-17)
(26.2883 3.43448 0)
(26.2875 3.41136 -4.98714e-17)
(26.2984 3.39425 4.13652e-17)
(26.3141 3.37449 -5.51337e-17)
(26.3287 3.35167 3.30038e-16)
(26.3427 3.32654 -7.24458e-16)
(26.3572 3.2997 7.71068e-16)
(26.3721 3.27108 -1.36338e-16)
(26.3869 3.24075 -2.06395e-16)
(26.4012 3.20906 0)
(26.4149 3.1765 3.26919e-16)
(26.428 3.14363 -3.09151e-16)
(26.4403 3.11114 -2.42413e-17)
(26.4518 3.07979 -8.7408e-17)
(26.4619 3.0505 9.48047e-17)
(26.4697 3.02377 5.22498e-17)
(26.4754 2.99905 -5.49247e-17)
(26.4799 2.97507 1.33421e-18)
(26.4835 2.95216 -1.23202e-17)
(26.4859 2.93136 -3.29259e-18)
(26.4894 2.90893 -7.27319e-18)
(26.4904 2.88857 1.19979e-16)
(26.4901 2.86957 -1.19724e-16)
(26.4892 2.85171 -6.95139e-18)
(26.4878 2.83481 2.29494e-16)
(26.4858 2.81875 -1.42648e-18)
(26.4836 2.8031 -2.31602e-16)
(26.482 2.78739 9.91571e-18)
(26.4847 2.76913 -3.45788e-17)
(26.4908 2.7525 1.83202e-17)
(26.2703 3.50713 2.0727e-17)
(26.2679 3.50366 4.40153e-17)
(26.2655 3.49727 -8.14033e-17)
(26.263 3.48742 7.48533e-17)
(26.2607 3.47417 7.6908e-17)
(26.2587 3.45906 0)
(26.258 3.43206 9.472e-17)
(26.2469 3.42848 -7.03479e-17)
(26.2394 3.37269 3.84075e-16)
(26.2028 3.33672 -1.51032e-15)
(26.1691 3.31071 4.07054e-16)
(26.1455 3.28829 7.21698e-16)
(26.1276 3.2699 1.51126e-16)
(26.1123 3.25421 -1.29541e-15)
(26.0989 3.23976 -1.84008e-17)
(26.0871 3.22581 5.10487e-16)
(26.0767 3.21224 5.32662e-16)
(26.0678 3.19928 -5.74564e-16)
(26.0606 3.18694 0)
(26.0547 3.17514 -3.05833e-16)
(26.05 3.16368 3.06985e-16)
(26.0459 3.15226 1.86113e-17)
(26.0419 3.14044 -3.28571e-16)
(26.0373 3.12787 3.18906e-16)
(26.0321 3.11464 -1.44332e-18)
(26.0269 3.10121 8.9514e-17)
(26.0222 3.08786 -7.91433e-17)
(26.0181 3.07467 -2.69965e-18)
(26.0147 3.06171 3.40281e-19)
(26.0119 3.04903 8.92817e-17)
(26.0099 3.0367 -1.8471e-16)
(26.0086 3.02479 -8.54441e-17)
(26.0082 3.01335 1.80426e-16)
(26.0085 3.00237 4.71697e-18)
(26.0094 2.99182 0)
(26.0107 2.9815 3.57496e-16)
(26.0115 2.97076 -3.54675e-16)
(26.0093 2.95855 3.58756e-16)
(26.0032 2.94253 -3.80729e-16)
(26.2731 3.48962 7.44971e-18)
(26.2744 3.48907 -1.26101e-19)
(26.2757 3.48662 3.71142e-17)
(26.2769 3.48233 -3.80357e-17)
(26.2777 3.47658 -3.21454e-17)
(26.2782 3.46934 0)
(26.2784 3.46113 -5.30823e-17)
(26.2782 3.453 0)
(26.2771 3.44259 0)
(26.2795 3.44224 0)
(26.2781 3.41895 -7.55613e-18)
(26.2871 3.39951 -3.62754e-17)
(26.2997 3.37727 3.71039e-16)
(26.3105 3.35425 4.65899e-17)
(26.3202 3.33169 -1.87816e-16)
(26.3296 3.31 -2.38851e-16)
(26.3391 3.28891 0)
(26.3484 3.26835 3.42129e-17)
(26.3573 3.24849 0)
(26.3657 3.22973 -1.9684e-16)
(26.3729 3.21256 1.88198e-16)
(26.3782 3.19772 0)
(26.3811 3.1857 0)
(26.3825 3.17649 0)
(26.384 3.16935 -2.19082e-17)
(26.3867 3.16228 2.43324e-17)
(26.3894 3.15591 -1.21975e-18)
(26.3919 3.14893 9.69779e-18)
(26.3954 3.13976 -6.57058e-17)
(26.3958 3.1377 9.50863e-17)
(26.3967 3.13255 -4.45815e-17)
(26.3981 3.12573 8.75666e-17)
(26.3999 3.11876 -8.73808e-17)
(26.4016 3.11185 -8.67912e-17)
(26.4031 3.10478 8.63582e-17)
(26.4036 3.09766 0)
(26.4023 3.09049 -1.52885e-16)
(26.3931 3.08618 3.49514e-17)
(26.3785 3.08118 1.68445e-16)
(26.2717 3.48866 -7.8403e-18)
(26.2705 3.48629 6.5871e-17)
(26.2694 3.48185 -2.02446e-17)
(26.2684 3.47496 -2.91473e-16)
(26.2678 3.46582 1.63221e-16)
(26.2677 3.45463 0)
(26.2679 3.43659 -8.61442e-17)
(26.2615 3.43856 6.3733e-17)
(26.2553 3.37587 7.26283e-17)
(26.2149 3.32713 1.23341e-16)
(26.1745 3.28796 1.34341e-16)
(26.1435 3.25761 5.78095e-16)
(26.1208 3.23779 -7.34962e-16)
(26.1054 3.22683 0)
(26.0963 3.22175 4.39215e-16)
(26.0915 3.21975 -4.05328e-16)
(26.0884 3.21907 1.41042e-17)
(26.0853 3.21871 4.0056e-16)
(26.0812 3.21794 -7.523e-19)
(26.0761 3.21646 -4.06013e-16)
(26.0701 3.21395 4.36521e-18)
(26.0634 3.21024 1.99895e-16)
(26.0568 3.20495 -2.03584e-16)
(26.0515 3.19827 0)
(26.0482 3.19159 -8.16077e-18)
(26.0464 3.18608 0)
(26.045 3.18169 0)
(26.044 3.17805 0)
(26.0434 3.17506 2.72585e-17)
(26.0431 3.17254 2.76712e-17)
(26.043 3.17044 5.26034e-17)
(26.043 3.16861 -1.07836e-16)
(26.043 3.16695 0)
(26.0431 3.16535 -2.22782e-16)
(26.0434 3.16385 2.07373e-16)
(26.0448 3.16265 -2.09077e-16)
(26.0488 3.16247 5.69318e-18)
(26.0611 3.16469 1.98691e-16)
(26.0809 3.17345 -9.89501e-18)
(26.2732 3.46935 -1.47958e-19)
(26.2738 3.46909 6.28092e-18)
(26.2744 3.46808 -4.19459e-17)
(26.2747 3.46636 1.52596e-16)
(26.2748 3.46407 -8.9129e-17)
(26.2744 3.46125 -1.25296e-16)
(26.2737 3.45815 3.61556e-16)
(26.2727 3.45501 -2.07768e-16)
(26.2713 3.4516 1.07786e-16)
(26.272 3.45319 -8.33975e-17)
(26.2684 3.4331 6.63746e-18)
(26.2749 3.41262 0)
(26.2864 3.38285 -1.62124e-16)
(26.299 3.34762 1.84605e-16)
(26.3122 3.30853 0)
(26.3261 3.26638 0)
(26.3409 3.22145 0)
(26.3564 3.17411 2.84254e-16)
(26.3729 3.12482 -1.2775e-16)
(26.3907 3.07434 -1.66485e-16)
(26.4099 3.02368 0)
(26.4306 2.97443 1.36612e-16)
(26.4516 2.92838 -2.94227e-16)
(26.47 2.88737 1.57818e-16)
(26.483 2.85177 0)
(26.4919 2.81892 -1.27596e-18)
(26.4997 2.78832 0)
(26.5067 2.75866 -7.07306e-18)
(26.5174 2.72821 -9.81946e-17)
(26.5268 2.7042 2.12189e-16)
(26.5265 2.68005 -1.12284e-16)
(26.528 2.65715 0)
(26.5314 2.63532 2.25906e-16)
(26.5341 2.61461 -4.50325e-16)
(26.5357 2.59487 2.24094e-16)
(26.5376 2.57547 4.57426e-16)
(26.542 2.55584 -4.53264e-16)
(26.5557 2.5343 4.46006e-18)
(26.5775 2.51613 0)
(26.2726 3.469 4.68831e-17)
(26.2721 3.46811 7.87814e-17)
(26.2717 3.46641 -2.07875e-16)
(26.2717 3.46375 1.33811e-16)
(26.2721 3.46023 -2.12295e-16)
(26.2734 3.45568 1.7372e-16)
(26.2756 3.44951 -1.82148e-16)
(26.2751 3.45133 3.7257e-16)
(26.2726 3.39956 -4.6897e-16)
(26.2384 3.34652 6.2665e-17)
(26.2002 3.29045 0)
(26.1641 3.23592 5.61376e-16)
(26.1305 3.18771 -1.27396e-15)
(26.1006 3.14717 7.54964e-16)
(26.0773 3.11406 9.99678e-16)
(26.0614 3.08691 -4.9293e-16)
(26.0527 3.06431 2.73298e-17)
(26.0502 3.0449 -1.22644e-15)
(26.0523 3.02741 6.27661e-16)
(26.0575 3.01091 0)
(26.0644 2.99458 -3.91385e-18)
(26.0718 2.97765 -3.2151e-16)
(26.0779 2.9592 3.2385e-16)
(26.08 2.93899 3.34679e-16)
(26.0777 2.91828 -5.07918e-16)
(26.0745 2.8984 1.73676e-16)
(26.0728 2.87965 0)
(26.0725 2.86197 0)
(26.0733 2.84534 0)
(26.0749 2.82973 9.64315e-17)
(26.0775 2.81513 1.00128e-16)
(26.0811 2.80146 -1.95417e-16)
(26.0858 2.78859 0)
(26.0912 2.77631 4.47343e-18)
(26.0969 2.76437 -3.88614e-16)
(26.1012 2.75229 3.89893e-16)
(26.1023 2.73988 -3.96455e-16)
(26.092 2.72594 1.20946e-15)
(26.0733 2.71659 -8.16677e-16)
(12.7764 0.492279 2.92586e-17)
(10.5253 0.282109 -1.84188e-18)
(11.0933 0.0927272 -5.2453e-17)
(12.9678 -0.0458005 0)
(15.3046 -0.124044 0)
(17.7947 -0.167668 -2.795e-18)
(20.2353 -0.194261 0)
(22.3256 -0.220702 0)
(23.6897 -0.255348 0)
(24.2045 -0.298068 0)
(24.2651 -0.347478 -1.06381e-17)
(24.3147 -0.400156 0)
(24.4576 -0.444802 0)
(24.6491 -0.476308 0)
(24.8413 -0.493855 4.27399e-17)
(25.0169 -0.498838 0)
(25.1782 -0.492894 1.80215e-17)
(25.3313 -0.476904 -1.71519e-17)
(25.4793 -0.451571 0)
(25.6228 -0.417672 0)
(25.7614 -0.376125 0)
(25.8943 -0.327218 0)
(26.0214 -0.272229 0)
(26.1426 -0.21117 2.44672e-17)
(26.2578 -0.145173 0)
(26.3671 -0.0744011 0)
(26.4705 0.000467863 0)
(26.5679 0.0792165 0)
(26.6594 0.161438 0)
(26.7449 0.246716 -3.10135e-17)
(26.8244 0.334723 0)
(26.898 0.42496 0)
(26.9656 0.517116 2.73793e-17)
(27.0273 0.610857 0)
(27.0829 0.705794 0)
(27.1326 0.8016 0)
(27.1763 0.897938 0)
(27.2141 0.9944 0)
(27.246 1.09066 -2.59774e-17)
(27.2722 1.18631 0)
(27.2927 1.28103 8.34004e-17)
(27.3077 1.37439 -1.64125e-16)
(27.3175 1.46611 0)
(27.3222 1.55582 0)
(27.3221 1.64321 0)
(27.3174 1.728 0)
(27.3085 1.80996 1.37195e-16)
(27.2957 1.88885 0)
(27.2792 1.96449 3.02215e-17)
(27.2595 2.03675 0)
(27.2369 2.10552 0)
(27.2117 2.17072 2.03549e-16)
(27.1842 2.23233 1.68009e-17)
(27.1547 2.29034 -1.43984e-17)
(27.1237 2.34477 0)
(27.0912 2.3957 0)
(27.0577 2.44318 0)
(27.0234 2.48732 -1.51191e-17)
(26.9885 2.52823 2.32582e-16)
(26.9531 2.56604 0)
(26.9176 2.60087 -4.0476e-16)
(26.882 2.63287 0)
(26.8466 2.66218 0)
(26.8115 2.68896 0)
(26.7771 2.71334 0)
(26.7435 2.73552 2.39971e-16)
(26.7109 2.7555 0)
(26.6828 2.77123 6.93653e-18)
(26.6584 2.78412 0)
(26.6339 2.79581 -3.78546e-16)
(26.6087 2.80895 0)
(26.5848 2.81681 -5.93354e-18)
(26.5579 2.83384 0)
(26.5383 2.82881 0)
(26.5058 2.86577 0)
(26.5025 2.81663 2.71578e-18)
(26.4488 2.92801 1.78455e-16)
(26.4931 2.73845 0)
(26.3719 3.08203 -7.92516e-17)
(26.5872 2.50497 0)
(18.4473 1.2056 -2.65162e-17)
(21.2787 1.08096 0)
(22.3254 1.14858 1.5049e-18)
(22.8909 1.25276 0)
(23.2021 1.3296 0)
(23.3526 1.42246 1.9596e-18)
(23.4558 1.48953 0)
(23.5561 1.57082 0)
(23.6599 1.63806 0)
(23.7633 1.70366 0)
(23.865 1.76369 0)
(23.9644 1.81853 8.60106e-19)
(24.0614 1.86871 -6.35205e-19)
(24.1556 1.91411 0)
(24.2467 1.95506 0)
(24.3345 1.99165 0)
(24.4188 2.02433 3.93852e-17)
(24.4996 2.05309 0)
(24.5765 2.07849 0)
(24.6496 2.10078 0)
(24.7189 2.12031 0)
(24.7843 2.13747 0)
(24.8458 2.15258 0)
(24.9036 2.16606 0)
(24.9578 2.17822 0)
(25.0084 2.18938 -8.27374e-19)
(25.0556 2.19985 0)
(25.0996 2.2099 0)
(25.1405 2.2198 6.54052e-17)
(25.1786 2.22974 0)
(25.214 2.23993 0)
(25.2469 2.25053 0)
(25.2776 2.26169 0)
(25.3061 2.27352 -9.10388e-17)
(25.3328 2.28613 -2.19816e-18)
(25.3578 2.29959 0)
(25.3814 2.31396 4.28433e-18)
(25.4037 2.32928 0)
(25.425 2.34559 0)
(25.4453 2.36287 -3.93237e-18)
(25.465 2.38112 -1.14254e-16)
(25.4841 2.4003 0)
(25.5029 2.42036 -1.00049e-16)
(25.5215 2.44124 6.42801e-18)
(25.54 2.46285 0)
(25.5586 2.4851 1.63382e-16)
(25.5774 2.50788 0)
(25.5963 2.53108 0)
(25.6157 2.55458 1.36788e-16)
(25.6354 2.57827 0)
(25.6556 2.60201 7.13522e-18)
(25.6762 2.62571 -2.12589e-16)
(25.6972 2.64922 0)
(25.7186 2.67246 -1.87513e-16)
(25.7403 2.6953 0)
(25.7621 2.71767 0)
(25.7839 2.73946 0)
(25.8056 2.7606 2.64128e-16)
(25.8271 2.78105 0)
(25.8485 2.80077 4.50325e-16)
(25.8696 2.81973 0)
(25.8904 2.8379 3.77447e-16)
(25.9107 2.85526 0)
(25.9302 2.87179 0)
(25.9487 2.88743 4.42897e-18)
(25.9658 2.90223 -3.79849e-18)
(25.9817 2.91609 -2.39256e-16)
(25.9943 2.9274 0)
(26.0042 2.93666 0)
(26.0138 2.94603 -2.27705e-16)
(26.023 2.95532 -4.02651e-16)
(26.0317 2.96446 0)
(26.0403 2.97405 -3.10164e-16)
(26.0463 2.98096 -2.71587e-16)
(26.0523 2.99517 2.37573e-18)
(26.0417 2.98527 4.21835e-16)
(26.0461 3.03423 4.31218e-18)
(26.0022 2.93354 0)
(26.0897 3.17826 0)
(26.0707 2.71448 -8.79983e-16)
(18.3382 0.860742 -3.14388e-17)
(16.0331 0.651425 1.07713e-17)
(15.1526 0.451516 5.97759e-17)
(15.6816 0.309493 0)
(17.0907 0.235915 0)
(18.9307 0.212711 3.68145e-17)
(20.914 0.229123 0)
(22.7814 0.272424 0)
(24.2079 0.321275 -4.09214e-17)
(24.8995 0.352898 0)
(24.9683 0.360166 1.28003e-16)
(24.912 0.355049 0)
(24.9536 0.349727 0)
(25.0592 0.344449 0)
(25.1748 0.337839 0)
(25.2805 0.330379 0)
(25.3774 0.323225 -2.50065e-17)
(25.4716 0.317522 1.97756e-17)
(25.5667 0.314333 0)
(25.6632 0.314583 0)
(25.7603 0.318732 0)
(25.8572 0.32766 5.87786e-17)
(25.953 0.341344 0)
(26.0475 0.360576 -3.41483e-18)
(26.1402 0.385058 0)
(26.2307 0.415217 0)
(26.3188 0.450768 0)
(26.4039 0.491651 -1.29439e-17)
(26.4858 0.537576 0)
(26.5642 0.588277 -5.27299e-18)
(26.6388 0.643563 0)
(26.7094 0.703021 0)
(26.7757 0.766326 -2.67892e-17)
(26.8375 0.833121 0)
(26.8947 0.902957 0)
(26.9471 0.975446 5.19785e-17)
(26.9947 1.05018 0)
(27.0373 1.12669 0)
(27.0748 1.2046 -1.98032e-17)
(27.1073 1.28343 6.51919e-17)
(27.1348 1.36282 -1.69969e-17)
(27.1573 1.44229 2.95968e-16)
(27.1749 1.5215 0)
(27.1876 1.60002 0)
(27.1957 1.67748 0)
(27.1993 1.75354 0)
(27.1986 1.82789 -1.36991e-16)
(27.1938 1.90021 0)
(27.1853 1.97026 2.95873e-17)
(27.1733 2.03781 0)
(27.158 2.10268 0)
(27.1398 2.16471 -2.00902e-17)
(27.1189 2.22379 1.89343e-16)
(27.0957 2.27984 -1.52291e-17)
(27.0704 2.33281 0)
(27.0434 2.3827 0)
(27.0149 2.42951 0)
(26.9851 2.47328 -1.68267e-17)
(26.9543 2.51407 -2.32145e-16)
(26.9228 2.55196 0)
(26.8907 2.58703 0)
(26.8583 2.6194 0)
(26.8256 2.64916 3.02244e-16)
(26.7931 2.67647 0)
(26.7609 2.70142 -2.47507e-16)
(26.7293 2.7242 0)
(26.6985 2.7448 0)
(26.6718 2.76104 8.57519e-18)
(26.6485 2.77444 0)
(26.6252 2.7865 1.86533e-16)
(26.6009 2.80043 0)
(26.578 2.80828 -7.49623e-18)
(26.552 2.82676 0)
(26.5333 2.82073 -1.95932e-16)
(26.5017 2.86064 0)
(26.4985 2.8085 6.41567e-18)
(26.4475 2.92531 -1.78214e-16)
(26.4882 2.73044 0)
(26.3761 3.08098 0)
(26.5808 2.50176 0)
(20.9804 1.08146 0)
(22.9846 1.06172 0)
(23.8904 1.1295 1.22662e-17)
(24.2582 1.17147 0)
(24.4024 1.20299 -2.68595e-17)
(24.4413 1.23576 2.154e-17)
(24.4615 1.26559 0)
(24.4865 1.30265 0)
(24.5158 1.33823 0)
(24.547 1.37785 0)
(24.5795 1.41865 0)
(24.6132 1.46078 2.06503e-17)
(24.648 1.50411 -1.79825e-17)
(24.6838 1.54807 0)
(24.7205 1.59233 0)
(24.7579 1.63656 0)
(24.7958 1.68042 -4.10262e-17)
(24.8341 1.72354 0)
(24.8727 1.76562 5.53417e-17)
(24.9112 1.80644 0)
(24.9496 1.84575 4.90497e-17)
(24.9875 1.88342 0)
(25.025 1.91928 0)
(25.0617 1.95329 0)
(25.0975 1.98545 0)
(25.1324 2.01579 -8.05059e-17)
(25.1661 2.04438 0)
(25.1986 2.07135 0)
(25.2298 2.09685 0)
(25.2597 2.12106 0)
(25.2882 2.14416 0)
(25.3154 2.16634 0)
(25.3413 2.18782 0)
(25.3659 2.20877 5.36681e-18)
(25.3894 2.22937 -8.45759e-17)
(25.4117 2.2498 0)
(25.433 2.27019 1.47875e-16)
(25.4534 2.29069 0)
(25.4729 2.31139 0)
(25.4918 2.33237 -1.21204e-16)
(25.5101 2.35372 1.13454e-16)
(25.5279 2.37545 1.01402e-16)
(25.5455 2.39761 9.9365e-17)
(25.5628 2.42018 8.06892e-18)
(25.58 2.44316 0)
(25.5972 2.46649 -1.62339e-16)
(25.6145 2.49014 0)
(25.6321 2.51403 -1.35678e-16)
(25.6499 2.53809 -1.26538e-16)
(25.668 2.56225 0)
(25.6865 2.5864 8.40294e-18)
(25.7055 2.61046 2.1149e-16)
(25.7249 2.63433 0)
(25.7446 2.65792 0)
(25.7646 2.68114 0)
(25.7847 2.70389 -1.50208e-16)
(25.8049 2.7261 0)
(25.8251 2.74769 -5.18743e-16)
(25.8451 2.76861 -2.35364e-16)
(25.865 2.78882 -2.22028e-16)
(25.8847 2.8083 0)
(25.9042 2.82701 -4.29835e-18)
(25.9233 2.84492 0)
(25.9417 2.862 3.0477e-16)
(25.959 2.8782 5.56064e-18)
(25.9752 2.89357 -4.78754e-18)
(25.9901 2.90799 2.3128e-16)
(26.002 2.91978 1.43192e-16)
(26.0113 2.92945 0)
(26.0202 2.93927 2.27071e-16)
(26.0289 2.94903 3.96482e-16)
(26.0371 2.95863 0)
(26.045 2.96879 3.02422e-16)
(26.0506 2.97604 2.65425e-16)
(26.0555 2.99122 2.4734e-18)
(26.045 2.98092 -4.14379e-16)
(26.0468 3.03224 2.0338e-18)
(26.0075 2.92972 -3.63325e-16)
(26.087 3.17846 0)
(26.0836 2.71759 8.78166e-16)
(21.0963 1.07653 -2.34316e-18)
(19.3753 0.940742 2.23637e-18)
(18.1124 0.786173 -1.6054e-17)
(17.73 0.650597 0)
(18.263 0.562434 -1.13538e-17)
(19.4587 0.523427 0)
(21.021 0.524334 0)
(22.6877 0.554869 0)
(24.1832 0.600256 1.01712e-17)
(25.1911 0.637488 0)
(25.5245 0.64709 -6.71568e-17)
(25.4723 0.636133 0)
(25.4425 0.627242 0)
(25.5029 0.6257 0)
(25.5839 0.627145 0)
(25.6529 0.62986 0)
(25.7106 0.633968 -1.60605e-17)
(25.7642 0.639509 4.73393e-17)
(25.8186 0.646512 0)
(25.875 0.655185 0)
(25.9332 0.665408 0)
(25.9928 0.677477 -5.46253e-17)
(26.0534 0.69139 0)
(26.1148 0.707644 -6.84698e-17)
(26.1767 0.726232 2.53845e-17)
(26.2391 0.747659 0)
(26.3016 0.772018 0)
(26.364 0.799592 1.23826e-17)
(26.4258 0.830505 0)
(26.4867 0.864869 1.02156e-17)
(26.5465 0.902837 0)
(26.6046 0.944358 0)
(26.6607 0.98941 0)
(26.7146 1.03791 0)
(26.7659 1.08965 0)
(26.8143 1.14445 -5.12244e-17)
(26.8594 1.20205 0)
(26.9011 1.26212 0)
(26.9391 1.32437 -1.53128e-17)
(26.9732 1.38842 -6.47107e-17)
(27.0033 1.45394 -6.56522e-17)
(27.0293 1.52051 -2.37565e-16)
(27.0512 1.58779 0)
(27.0688 1.65537 0)
(27.0823 1.72288 1.05622e-16)
(27.0917 1.78998 -1.03755e-16)
(27.0971 1.8563 1.01211e-16)
(27.0986 1.92153 0)
(27.0964 1.98536 2.69888e-17)
(27.0906 2.04751 0)
(27.0815 2.10776 0)
(27.0694 2.16588 -1.88468e-17)
(27.0544 2.22171 0)
(27.0368 2.2751 -1.60276e-16)
(27.0168 2.32595 0)
(26.9948 2.37417 0)
(26.971 2.41972 0)
(26.9456 2.46259 -4.56263e-16)
(26.919 2.50278 2.03159e-16)
(26.8912 2.54032 0)
(26.8625 2.57525 0)
(26.8332 2.60765 0)
(26.8034 2.63759 -3.0162e-16)
(26.7734 2.66517 0)
(26.7435 2.69047 2.47004e-16)
(26.7139 2.71367 0)
(26.685 2.73473 0)
(26.6598 2.75137 8.63278e-18)
(26.6377 2.76521 0)
(26.6156 2.77754 1.74488e-16)
(26.5924 2.79217 3.00547e-16)
(26.5706 2.79998 -7.68268e-18)
(26.5456 2.81978 0)
(26.5275 2.81285 1.95599e-16)
(26.4978 2.85538 0)
(26.4933 2.80073 2.9197e-16)
(26.4472 2.92211 0)
(26.4813 2.72321 0)
(26.3821 3.07915 0)
(26.5709 2.499 0)
(22.7402 1.19292 1.31574e-17)
(24.1132 1.23667 0)
(24.8305 1.29156 3.28144e-18)
(25.0657 1.32567 0)
(25.1222 1.3581 2.51314e-17)
(25.1263 1.38728 7.06459e-18)
(25.1288 1.41657 0)
(25.135 1.44597 -1.6285e-17)
(25.1421 1.47425 1.57082e-17)
(25.1491 1.5029 0)
(25.156 1.53076 0)
(25.1629 1.55861 1.04895e-17)
(25.1699 1.58628 -9.7929e-18)
(25.1773 1.61389 2.61433e-17)
(25.185 1.6415 0)
(25.1932 1.66926 0)
(25.2019 1.6971 2.32338e-17)
(25.2113 1.72523 0)
(25.2215 1.75348 -5.42531e-17)
(25.2324 1.78197 0)
(25.2441 1.8106 -8.74311e-17)
(25.2566 1.83938 0)
(25.2699 1.86817 0)
(25.284 1.89691 -6.77608e-17)
(25.2988 1.92553 0)
(25.3143 1.95391 6.11868e-17)
(25.3303 1.98196 0)
(25.3468 2.00962 0)
(25.3637 2.03681 0)
(25.3808 2.0635 0)
(25.398 2.08966 0)
(25.4153 2.1153 0)
(25.4326 2.14044 0)
(25.4497 2.16512 6.53833e-18)
(25.4667 2.1894 7.34256e-17)
(25.4834 2.21336 -6.91297e-17)
(25.4999 2.23707 -1.30094e-16)
(25.5161 2.26061 0)
(25.532 2.28406 0)
(25.5477 2.30748 0)
(25.5632 2.33096 -1.01553e-16)
(25.5786 2.35453 -1.00637e-16)
(25.5938 2.37823 0)
(25.609 2.4021 1.76526e-16)
(25.6242 2.42612 0)
(25.6395 2.45032 0)
(25.6549 2.47464 -1.37876e-16)
(25.6706 2.49908 5.90298e-18)
(25.6866 2.52358 5.34122e-18)
(25.7029 2.54808 0)
(25.7196 2.57253 2.18168e-16)
(25.7368 2.59685 -1.95021e-16)
(25.7544 2.62097 0)
(25.7723 2.6448 0)
(25.7906 2.66827 0)
(25.809 2.6913 2.94122e-16)
(25.8275 2.7138 0)
(25.8459 2.73572 5.01549e-16)
(25.8644 2.75701 6.71411e-18)
(25.8828 2.77761 0)
(25.9011 2.79751 0)
(25.9192 2.81667 -4.46597e-18)
(25.937 2.83504 0)
(25.9541 2.8526 -3.03802e-16)
(25.9703 2.8693 5.8037e-18)
(25.9854 2.88518 -5.0045e-18)
(25.9993 2.9001 -2.30645e-16)
(26.0104 2.91235 -2.53172e-18)
(26.019 2.9224 0)
(26.0273 2.93263 -2.19416e-16)
(26.0353 2.94283 -3.89587e-16)
(26.0429 2.95288 -3.39857e-16)
(26.0502 2.96357 -3.01739e-16)
(26.0552 2.97122 -3.34899e-18)
(26.059 2.98717 2.61399e-18)
(26.0489 2.97693 4.81516e-18)
(26.047 3.02967 3.2624e-16)
(26.0144 2.92704 3.62754e-16)
(26.0828 3.17742 0)
(26.0993 2.72092 0)
(22.5906 1.24722 -4.7655e-19)
(21.279 1.16651 4.37944e-19)
(20.0593 1.06575 0)
(19.249 0.963479 0)
(19.0844 0.884131 7.76084e-19)
(19.5988 0.843209 0)
(20.6431 0.842575 0)
(22.0005 0.875604 0)
(23.4365 0.930838 1.16762e-18)
(24.6822 0.9898 0)
(25.4462 1.02725 4.30792e-17)
(25.6521 1.02843 0)
(25.6109 1.00872 2.17936e-17)
(25.6147 0.990996 -2.05318e-17)
(25.682 0.97944 0)
(25.7523 0.970516 0)
(25.8066 0.962957 -1.77638e-18)
(25.8524 0.95719 0)
(25.8973 0.953778 0)
(25.9435 0.953037 0)
(25.9909 0.954886 0)
(26.0389 0.959393 0)
(26.0873 0.966432 3.23114e-17)
(26.136 0.976141 9.00724e-19)
(26.1849 0.988356 -3.71554e-19)
(26.2341 1.00322 0)
(26.2835 1.02066 0)
(26.333 1.04075 0)
(26.3825 1.06352 1.96376e-17)
(26.4319 1.08899 -2.37855e-17)
(26.4808 1.11725 0)
(26.5292 1.14831 0)
(26.5767 1.18219 4.87394e-19)
(26.6231 1.21891 0)
(26.6681 1.25841 0)
(26.7115 1.30065 -2.15926e-17)
(26.7528 1.34553 0)
(26.7919 1.39288 0)
(26.8284 1.44256 -8.19524e-17)
(26.8622 1.49432 0)
(26.8929 1.54793 -4.01273e-17)
(26.9204 1.60311 2.14877e-17)
(26.9446 1.65957 0)
(26.9652 1.71699 0)
(26.9823 1.77504 -1.75084e-17)
(26.9958 1.8334 1.03343e-16)
(27.0056 1.89174 -1.47591e-17)
(27.0119 1.94973 0)
(27.0146 2.00709 2.42883e-17)
(27.014 2.0635 0)
(27.0101 2.11871 0)
(27.0031 2.17247 -1.74047e-17)
(26.9931 2.22455 0)
(26.9804 2.27479 1.31829e-16)
(26.9653 2.32301 0)
(26.9478 2.3691 0)
(26.9284 2.41295 0)
(26.9071 2.4545 4.23077e-16)
(26.8842 2.49371 -3.91785e-16)
(26.86 2.53055 0)
(26.8346 2.56503 0)
(26.8082 2.59719 0)
(26.7812 2.62705 2.7125e-16)
(26.7537 2.6547 0)
(26.7261 2.68017 0)
(26.6986 2.70362 0)
(26.6715 2.72503 0)
(26.6478 2.74197 8.51624e-18)
(26.6269 2.75619 0)
(26.6059 2.76874 -5.81605e-18)
(26.5838 2.78401 -2.99883e-16)
(26.563 2.79175 -7.67855e-18)
(26.5392 2.81279 -2.11695e-16)
(26.5216 2.80503 -1.85392e-16)
(26.4936 2.85 2.91263e-16)
(26.4883 2.79307 0)
(26.4462 2.91873 0)
(26.4751 2.71607 0)
(26.3861 3.0774 0)
(26.5628 2.49535 0)
(23.7828 1.31283 -6.76447e-18)
(24.7315 1.35388 0)
(25.2267 1.38477 6.85908e-19)
(25.3463 1.40612 0)
(25.3556 1.42758 -1.56736e-17)
(25.3535 1.44802 1.43157e-18)
(25.3565 1.47054 0)
(25.3617 1.49327 1.3976e-18)
(25.367 1.51678 -1.38936e-18)
(25.3721 1.54091 0)
(25.3771 1.56526 0)
(25.3821 1.59013 2.75834e-18)
(25.387 1.61517 -2.74852e-18)
(25.3918 1.6404 -2.73205e-18)
(25.3967 1.66574 0)
(25.4016 1.69114 0)
(25.4066 1.71649 -2.62161e-18)
(25.4116 1.74187 0)
(25.4168 1.76712 3.67575e-17)
(25.4222 1.79234 0)
(25.4278 1.81746 3.82813e-17)
(25.4337 1.84253 0)
(25.4399 1.86756 0)
(25.4464 1.89254 6.65883e-17)
(25.4534 1.91752 0)
(25.4609 1.9425 -6.77852e-18)
(25.4688 1.96748 0)
(25.4772 1.99248 0)
(25.4861 2.01749 0)
(25.4955 2.04249 0)
(25.5053 2.06747 0)
(25.5155 2.09241 0)
(25.5262 2.1173 0)
(25.5371 2.14212 6.3594e-18)
(25.5484 2.16686 -7.26893e-17)
(25.5599 2.19152 5.13923e-18)
(25.5716 2.21611 1.28864e-16)
(25.5835 2.24063 0)
(25.5955 2.26511 0)
(25.6076 2.28956 0)
(25.6199 2.31401 1.95304e-16)
(25.6323 2.33848 8.90701e-17)
(25.6448 2.36299 -8.37943e-17)
(25.6574 2.38754 0)
(25.6703 2.41215 1.47988e-16)
(25.6833 2.43682 0)
(25.6966 2.46153 6.65883e-18)
(25.7103 2.48626 6.01694e-18)
(25.7242 2.51099 5.42983e-18)
(25.7386 2.53567 0)
(25.7535 2.56025 0)
(25.7687 2.58469 7.88916e-18)
(25.7845 2.60892 0)
(25.8006 2.63287 0)
(25.817 2.65648 -1.49758e-16)
(25.8337 2.67966 -2.82844e-16)
(25.8504 2.70236 0)
(25.8673 2.7245 -7.74937e-18)
(25.8841 2.74605 2.26745e-16)
(25.901 2.76695 0)
(25.9179 2.78718 0)
(25.9346 2.80671 -4.54944e-18)
(25.9511 2.82548 0)
(25.967 2.84346 0)
(25.982 2.8606 5.94133e-18)
(25.996 2.87694 -5.13269e-18)
(26.0089 2.89233 0)
(26.0191 2.905 -2.60791e-18)
(26.027 2.91542 0)
(26.0347 2.92605 3.73319e-18)
(26.042 2.93668 3.13036e-18)
(26.049 2.94716 5.21214e-18)
(26.0556 2.95836 0)
(26.0602 2.96645 -3.55553e-18)
(26.0627 2.98306 2.84371e-18)
(26.0528 2.9731 5.0071e-18)
(26.0479 3.02687 3.20623e-16)
(26.0208 2.92476 -3.51681e-16)
(26.0811 3.17624 0)
(26.1124 2.72341 0)
(23.7417 1.41052 -8.35269e-19)
(22.7178 1.35465 7.69951e-19)
(21.6489 1.28203 -7.22964e-18)
(20.7205 1.19967 0)
(20.142 1.12324 8.5387e-18)
(20.0725 1.06911 7.0403e-18)
(20.5434 1.04837 0)
(21.4563 1.06323 0)
(22.6424 1.10853 1.6511e-17)
(23.8936 1.17311 0)
(24.9551 1.23795 -3.25027e-17)
(25.581 1.27902 -1.59235e-17)
(25.7526 1.28603 -1.9011e-17)
(25.7338 1.27488 1.85167e-17)
(25.7449 1.2647 0)
(25.8006 1.25859 0)
(25.8552 1.25338 -2.75325e-18)
(25.8963 1.24781 -2.44603e-17)
(25.9321 1.24248 0)
(25.9691 1.2382 0)
(26.008 1.23522 0)
(26.0481 1.23375 3.32054e-17)
(26.0888 1.23388 -5.99935e-17)
(26.1299 1.23591 4.08996e-19)
(26.1715 1.23991 -2.26166e-17)
(26.2134 1.24615 0)
(26.2556 1.25468 0)
(26.298 1.26565 0)
(26.3406 1.27914 -1.89458e-17)
(26.3831 1.29521 -3.18836e-18)
(26.4255 1.3139 1.19861e-17)
(26.4676 1.33525 0)
(26.5092 1.35926 -4.27305e-18)
(26.5502 1.38593 0)
(26.5904 1.41522 0)
(26.6294 1.4471 2.12186e-17)
(26.6672 1.48152 0)
(26.7034 1.51836 0)
(26.7378 1.55754 5.92047e-17)
(26.7702 1.59889 0)
(26.8003 1.64228 3.9748e-17)
(26.828 1.68748 1.77163e-17)
(26.853 1.7343 -6.84131e-17)
(26.8751 1.78247 0)
(26.8943 1.83176 -8.7138e-17)
(26.9103 1.88187 0)
(26.9233 1.93253 -1.30466e-17)
(26.933 1.98343 0)
(26.9395 2.0343 2.19979e-17)
(26.9429 2.08485 0)
(26.9431 2.13481 0)
(26.9404 2.18392 -1.62807e-17)
(26.9347 2.23194 0)
(26.9263 2.27866 -1.29642e-17)
(26.9154 2.32388 0)
(26.902 2.36744 0)
(26.8865 2.40921 0)
(26.8689 2.44907 -1.55208e-17)
(26.8496 2.48694 1.35051e-17)
(26.8288 2.52277 0)
(26.8065 2.55651 0)
(26.7831 2.58815 0)
(26.7588 2.61769 -2.70628e-16)
(26.7337 2.64519 0)
(26.7084 2.67066 0)
(26.6829 2.69421 0)
(26.6577 2.71582 0)
(26.6354 2.73296 2.20048e-16)
(26.6157 2.74748 -1.85161e-16)
(26.5958 2.76017 -3.2963e-16)
(26.5749 2.77602 0)
(26.5551 2.78366 -8.0174e-18)
(26.5324 2.80586 6.41074e-18)
(26.5155 2.7973 1.85051e-16)
(26.4891 2.84459 -7.59857e-18)
(26.4831 2.78551 0)
(26.4446 2.91526 1.68135e-16)
(26.4695 2.70898 0)
(26.3886 3.07568 -9.40484e-17)
(26.5561 2.49111 0)
(24.6143 1.46175 -9.37193e-19)
(25.2393 1.48915 0)
(25.5135 1.50746 7.2237e-18)
(25.5431 1.51984 0)
(25.5354 1.53188 2.71521e-17)
(25.5341 1.5443 2.64385e-17)
(25.5362 1.55806 -1.17414e-17)
(25.5388 1.57213 1.35189e-17)
(25.5409 1.58712 -2.00046e-18)
(25.5428 1.60275 0)
(25.5445 1.61911 2.08679e-17)
(25.5461 1.63626 2.36046e-17)
(25.5476 1.65413 -2.27603e-17)
(25.5491 1.67275 -2.19264e-17)
(25.5507 1.6921 1.8275e-17)
(25.5522 1.71211 0)
(25.5539 1.73279 -2.49972e-18)
(25.5557 1.75407 0)
(25.5577 1.77588 -3.59289e-17)
(25.5598 1.79818 0)
(25.5622 1.82089 0)
(25.5648 1.84395 0)
(25.5677 1.8673 0)
(25.5709 1.89089 0)
(25.5744 1.91465 0)
(25.5782 1.93856 -5.25976e-17)
(25.5823 1.96257 0)
(25.5868 1.98665 0)
(25.5917 2.0108 4.08686e-17)
(25.5969 2.035 0)
(25.6025 2.05923 0)
(25.6085 2.0835 0)
(25.6149 2.1078 0)
(25.6217 2.13214 6.99431e-17)
(25.6288 2.1565 0)
(25.6363 2.18089 6.26149e-17)
(25.6441 2.20531 0)
(25.6522 2.22976 0)
(25.6607 2.25425 0)
(25.6695 2.27876 0)
(25.6786 2.30331 -9.37347e-17)
(25.688 2.3279 -8.8275e-17)
(25.6977 2.35252 8.30735e-17)
(25.7077 2.37717 0)
(25.718 2.40186 -1.46806e-16)
(25.7287 2.42658 0)
(25.7398 2.4513 1.29293e-16)
(25.7512 2.47602 6.22469e-18)
(25.7631 2.50071 1.13433e-16)
(25.7754 2.52533 2.02038e-16)
(25.7882 2.54986 0)
(25.8016 2.57423 3.61617e-16)
(25.8154 2.59841 0)
(25.8297 2.62233 0)
(25.8443 2.64593 1.48965e-16)
(25.8592 2.66914 1.38234e-16)
(25.8742 2.6919 -2.47002e-16)
(25.8894 2.71415 -8.09505e-18)
(25.9046 2.73585 0)
(25.9199 2.75695 1.95712e-16)
(25.9353 2.77743 0)
(25.9507 2.79723 -4.79894e-18)
(25.9658 2.81632 -3.05914e-16)
(25.9804 2.83465 2.80946e-16)
(25.9942 2.85217 2.63978e-16)
(26.0071 2.86891 -5.46923e-18)
(26.0189 2.88473 0)
(26.0283 2.89778 -1.36537e-16)
(26.0355 2.90854 0)
(26.0425 2.91955 4.01313e-18)
(26.0492 2.93059 3.37379e-18)
(26.0556 2.9415 3.32865e-16)
(26.0615 2.95319 0)
(26.0655 2.96174 -2.56814e-16)
(26.0668 2.97895 3.12158e-18)
(26.057 2.96939 4.02314e-16)
(26.0494 3.02398 -3.20084e-16)
(26.0268 2.92274 3.51071e-16)
(26.0812 3.17501 0)
(26.1244 2.72552 0)
(24.6732 1.55981 -7.81616e-19)
(23.8911 1.51873 7.00349e-19)
(22.994 1.46357 1.31231e-18)
(22.0951 1.39634 0)
(21.3383 1.32612 -5.31737e-18)
(20.8803 1.2644 -6.54376e-18)
(20.8433 1.22345 0)
(21.2595 1.21224 0)
(22.0602 1.2329 0)
(23.1081 1.28104 0)
(24.2158 1.34597 2.48349e-18)
(25.1499 1.40922 2.56715e-18)
(25.707 1.4498 0)
(25.881 1.46024 0)
(25.8821 1.4544 0)
(25.8915 1.44839 0)
(25.9329 1.44571 -4.33696e-18)
(25.9744 1.44403 3.88547e-18)
(26.0054 1.44202 0)
(26.0326 1.44014 0)
(26.0612 1.43888 1.49319e-17)
(26.0917 1.43844 -4.34897e-18)
(26.1231 1.43883 2.81001e-17)
(26.155 1.44016 4.6753e-17)
(26.1874 1.44255 0)
(26.2204 1.44619 0)
(26.2539 1.45123 0)
(26.288 1.45782 0)
(26.3226 1.46615 2.07006e-17)
(26.3576 1.47634 -5.6033e-19)
(26.3928 1.48853 -1.16365e-17)
(26.4282 1.50284 0)
(26.4636 1.51936 3.70415e-18)
(26.4988 1.53817 0)
(26.5336 1.55931 0)
(26.568 1.5828 -4.87374e-18)
(26.6016 1.60865 -9.47107e-18)
(26.6342 1.63681 -1.35661e-17)
(26.6657 1.66725 -2.44413e-17)
(26.6957 1.69985 0)
(26.7241 1.73453 -2.29549e-17)
(26.7507 1.77115 1.4279e-17)
(26.7753 1.80955 6.78273e-17)
(26.7976 1.84955 0)
(26.8175 1.89094 0)
(26.8349 1.93351 -6.01242e-17)
(26.8496 1.97702 -1.14173e-17)
(26.8616 2.02121 0)
(26.8707 2.06583 1.97752e-17)
(26.877 2.11062 0)
(26.8805 2.15532 0)
(26.8811 2.19969 -1.51649e-17)
(26.879 2.24347 0)
(26.8742 2.28644 -1.23293e-17)
(26.8668 2.32839 0)
(26.8571 2.36915 0)
(26.8451 2.40852 0)
(26.831 2.44639 -1.5294e-17)
(26.815 2.48262 1.74655e-16)
(26.7973 2.51713 0)
(26.778 2.54984 2.80392e-16)
(26.7574 2.58072 0)
(26.7357 2.60971 0)
(26.7131 2.63685 0)
(26.6899 2.66211 0)
(26.6665 2.68558 0)
(26.6431 2.70726 0)
(26.6224 2.72447 -2.01422e-16)
(26.6039 2.73921 1.84641e-16)
(26.5852 2.75197 6.34751e-18)
(26.5654 2.76831 -2.68691e-16)
(26.5467 2.77581 -8.47385e-18)
(26.5252 2.79907 2.0444e-16)
(26.509 2.78974 0)
(26.4841 2.83918 -8.07874e-18)
(26.4777 2.77812 0)
(26.4426 2.91164 -1.67867e-16)
(26.4636 2.70213 0)
(26.3906 3.07378 9.39085e-17)
(26.5492 2.48666 0)
(25.2715 1.59912 -8.92486e-19)
(25.6258 1.61479 0)
(25.7245 1.62658 -4.76953e-18)
(25.7125 1.63473 0)
(25.7078 1.64362 -2.17657e-18)
(25.709 1.65323 -2.05843e-17)
(25.7108 1.66337 2.00895e-17)
(25.7119 1.67383 0)
(25.7125 1.68483 -1.05097e-17)
(25.7127 1.69625 0)
(25.7124 1.70816 -1.98809e-17)
(25.7118 1.72058 0)
(25.7108 1.73352 0)
(25.7096 1.74702 -1.502e-17)
(25.7081 1.76107 -2.9841e-18)
(25.7065 1.7757 0)
(25.7047 1.79096 -2.67715e-18)
(25.7029 1.80682 0)
(25.701 1.82332 0)
(25.6992 1.84045 0)
(25.6976 1.8582 0)
(25.696 1.87657 0)
(25.6947 1.89554 0)
(25.6937 1.9151 0)
(25.693 1.93518 4.18395e-17)
(25.6926 1.95578 0)
(25.6926 1.97683 0)
(25.693 1.9983 0)
(25.6939 2.02015 -4.01765e-17)
(25.6951 2.04231 0)
(25.6969 2.06477 0)
(25.699 2.08747 0)
(25.7016 2.11038 0)
(25.7047 2.13349 -5.70422e-17)
(25.7082 2.15675 0)
(25.7122 2.18016 -5.18322e-17)
(25.7166 2.20371 0)
(25.7214 2.22737 0)
(25.7267 2.25115 0)
(25.7324 2.27503 0)
(25.7385 2.29901 -8.02615e-17)
(25.7451 2.32308 7.60429e-17)
(25.752 2.34722 0)
(25.7594 2.37144 0)
(25.7672 2.39572 0)
(25.7755 2.42005 0)
(25.7842 2.44441 -1.14351e-16)
(25.7934 2.46878 6.41101e-18)
(25.8031 2.49313 -1.01246e-16)
(25.8134 2.51743 -2.00637e-16)
(25.8242 2.54166 0)
(25.8356 2.56577 -1.75603e-16)
(25.8475 2.5897 0)
(25.8598 2.61342 0)
(25.8726 2.63685 0)
(25.8857 2.65994 -1.26953e-16)
(25.899 2.68262 2.45747e-16)
(25.9124 2.70486 -8.50497e-18)
(25.926 2.72659 0)
(25.9398 2.74777 -1.94847e-16)
(25.9537 2.76838 0)
(25.9677 2.78837 -5.10121e-18)
(25.9814 2.80768 3.04739e-16)
(25.9947 2.82628 -2.79917e-16)
(26.0073 2.8441 -2.49993e-16)
(26.0189 2.86118 -5.8812e-18)
(26.0297 2.87738 2.1009e-16)
(26.0382 2.89077 0)
(26.0447 2.90185 0)
(26.0509 2.91321 4.34727e-18)
(26.0569 2.92462 1.85115e-16)
(26.0626 2.93595 0)
(26.0679 2.94811 2.81388e-16)
(26.0713 2.95711 2.48077e-16)
(26.0714 2.97486 2.18372e-16)
(26.0615 2.96583 0)
(26.0514 3.02097 0)
(26.0332 2.92105 0)
(26.0822 3.17354 0)
(26.1368 2.7276 0)
(25.3584 1.69248 -5.50529e-19)
(24.8079 1.66389 4.80072e-19)
(24.0971 1.62288 8.7304e-19)
(23.3012 1.56954 0)
(22.5166 1.50896 7.96507e-19)
(21.8615 1.44804 0)
(21.4632 1.39606 0)
(21.4247 1.36342 0)
(21.7812 1.35783 0)
(22.484 1.38141 0)
(23.4177 1.43025 1.49143e-18)
(24.4133 1.49401 9.70056e-18)
(25.2619 1.55549 8.50512e-18)
(25.7888 1.59617 0)
(25.9804 1.60943 0)
(25.9998 1.6063 0)
(26.0055 1.60116 -2.91865e-18)
(26.0349 1.59867 2.70152e-18)
(26.0677 1.59742 0)
(26.0936 1.59624 0)
(26.1163 1.59525 -2.02393e-18)
(26.14 1.59488 -3.59519e-18)
(26.165 1.59527 0)
(26.1905 1.59646 -2.6996e-18)
(26.2162 1.59846 0)
(26.2422 1.60137 0)
(26.2687 1.6053 -1.27604e-17)
(26.2956 1.61035 0)
(26.323 1.61662 -1.36156e-18)
(26.3509 1.62421 1.61776e-17)
(26.3792 1.63325 0)
(26.4079 1.64384 0)
(26.4369 1.65607 0)
(26.4661 1.67007 0)
(26.4953 1.6859 0)
(26.5245 1.70365 4.18468e-18)
(26.5534 1.72337 9.30781e-18)
(26.5818 1.74509 1.33525e-17)
(26.6096 1.76882 0)
(26.6366 1.79453 0)
(26.6625 1.8222 5.6478e-18)
(26.6872 1.85174 1.13425e-17)
(26.7103 1.88308 0)
(26.7318 1.91608 0)
(26.7515 1.95061 0)
(26.7691 1.9865 1.03181e-17)
(26.7846 2.02355 -9.84513e-18)
(26.7978 2.06158 0)
(26.8085 2.10037 1.75028e-17)
(26.8168 2.13969 0)
(26.8225 2.17931 0)
(26.8257 2.21899 -1.38959e-17)
(26.8264 2.25852 0)
(26.8245 2.29765 -1.1533e-17)
(26.8202 2.33619 0)
(26.8135 2.37394 0)
(26.8046 2.41071 0)
(26.7936 2.44633 -1.48262e-17)
(26.7806 2.48068 0)
(26.7658 2.51362 0)
(26.7493 2.54506 -2.01763e-17)
(26.7314 2.57493 0)
(26.7121 2.60315 2.24015e-16)
(26.6919 2.62971 0)
(26.6709 2.65459 0)
(26.6495 2.67782 0)
(26.628 2.6994 0)
(26.6088 2.71658 9.44714e-18)
(26.5916 2.73145 0)
(26.574 2.74419 3.02636e-16)
(26.5554 2.76093 5.25201e-16)
(26.5378 2.76824 -2.33401e-16)
(26.5175 2.79245 0)
(26.502 2.7824 0)
(26.4788 2.83377 -8.49651e-18)
(26.4719 2.77099 0)
(26.4403 2.90786 0)
(26.4575 2.69558 0)
(26.3923 3.07163 0)
(26.5419 2.48205 0)
(25.706 1.71785 -6.3054e-19)
(25.8453 1.72487 0)
(25.8489 1.7322 7.17103e-19)
(25.8364 1.73804 0)
(25.8375 1.74523 -1.38783e-18)
(25.8394 1.75271 1.3544e-18)
(25.8406 1.76056 -1.32095e-18)
(25.8412 1.76875 0)
(25.8413 1.77737 0)
(25.8409 1.78634 0)
(25.8401 1.79573 0)
(25.839 1.80555 0)
(25.8374 1.8158 0)
(25.8354 1.82651 2.1687e-18)
(25.8331 1.83765 -2.09868e-18)
(25.8305 1.84927 0)
(25.8276 1.86137 -1.95509e-18)
(25.8245 1.87396 0)
(25.8212 1.88704 0)
(25.8178 1.90064 0)
(25.8143 1.91476 0)
(25.8107 1.92942 0)
(25.8072 1.94462 0)
(25.8038 1.96036 0)
(25.8005 1.97666 -5.34606e-18)
(25.7974 1.99353 0)
(25.7945 2.01093 0)
(25.792 2.02888 0)
(25.7898 2.04736 0)
(25.7879 2.06635 0)
(25.7865 2.08582 0)
(25.7855 2.10577 0)
(25.7849 2.12614 0)
(25.7848 2.14691 5.61813e-17)
(25.7853 2.16806 0)
(25.7862 2.18954 4.80601e-18)
(25.7876 2.21134 0)
(25.7895 2.23341 0)
(25.7919 2.25575 0)
(25.7948 2.27831 0)
(25.7982 2.30109 6.23741e-18)
(25.8021 2.32406 -5.70026e-18)
(25.8066 2.34719 0)
(25.8115 2.37049 0)
(25.8169 2.39391 0)
(25.8228 2.41744 0)
(25.8293 2.44105 7.14003e-18)
(25.8364 2.46473 6.47726e-18)
(25.844 2.48845 5.86759e-18)
(25.8522 2.51217 0)
(25.861 2.53585 0)
(25.8704 2.55946 0)
(25.8804 2.58296 0)
(25.8909 2.60628 0)
(25.9018 2.62938 0)
(25.9131 2.65219 1.26243e-16)
(25.9247 2.67465 0)
(25.9364 2.69673 -8.82236e-18)
(25.9484 2.71836 0)
(25.9606 2.73951 1.80441e-16)
(25.973 2.76014 0)
(25.9855 2.78021 -5.35655e-18)
(25.9978 2.79966 0)
(26.0097 2.81844 0)
(26.021 2.83649 7.17607e-18)
(26.0315 2.85384 -6.25082e-18)
(26.0411 2.87034 -5.43261e-18)
(26.0487 2.88404 0)
(26.0544 2.89539 0)
(26.0599 2.90707 4.66228e-18)
(26.0652 2.91883 -1.7693e-16)
(26.0703 2.93055 -3.12594e-16)
(26.0747 2.94314 -5.51143e-18)
(26.0775 2.95262 -2.47453e-16)
(26.0764 2.97082 0)
(26.0663 2.96245 0)
(26.0539 3.01785 0)
(26.04 2.91974 0)
(26.0839 3.17175 0)
(26.1498 2.72962 0)
(25.796 1.80801 -4.30285e-19)
(25.4759 1.79107 3.69486e-19)
(24.9709 1.76302 8.84137e-18)
(24.3266 1.72265 0)
(23.6092 1.67287 5.64887e-19)
(22.9025 1.61761 0)
(22.3078 1.56278 0)
(21.9348 1.51673 0)
(21.8758 1.48861 0)
(22.1702 1.48548 0)
(22.7844 1.50959 7.47897e-18)
(23.6206 1.55754 -6.46089e-18)
(24.5268 1.61963 -9.83623e-19)
(25.3168 1.68014 0)
(25.8332 1.72236 0)
(26.0477 1.73929 0)
(26.0842 1.73911 -1.88107e-18)
(26.0859 1.73488 1.47259e-17)
(26.1044 1.73248 0)
(26.1303 1.73154 0)
(26.1531 1.73088 -1.17016e-17)
(26.1732 1.73033 -2.27222e-18)
(26.1937 1.7302 0)
(26.2151 1.73069 -3.36076e-17)
(26.2367 1.73182 0)
(26.2584 1.73365 0)
(26.2803 1.73627 1.23389e-17)
(26.3025 1.73977 0)
(26.3251 1.74425 -9.78679e-19)
(26.348 1.7498 0)
(26.3713 1.7565 0)
(26.3949 1.76444 0)
(26.4189 1.77371 -7.27165e-18)
(26.4432 1.78439 0)
(26.4677 1.79655 0)
(26.4924 1.81027 5.86008e-19)
(26.517 1.82562 0)
(26.5415 1.84263 0)
(26.5657 1.86136 -7.35288e-18)
(26.5895 1.88181 0)
(26.6126 1.904 4.42207e-18)
(26.6349 1.92789 9.03007e-18)
(26.6562 1.95346 0)
(26.6763 1.98064 0)
(26.6951 2.00933 3.82515e-17)
(26.7123 2.03943 4.89888e-17)
(26.7277 2.07082 -8.41157e-18)
(26.7413 2.10332 0)
(26.7529 2.1368 1.53198e-17)
(26.7624 2.17103 0)
(26.7697 2.20586 0)
(26.7747 2.24105 -1.25712e-17)
(26.7774 2.27641 0)
(26.7779 2.31174 -9.35118e-17)
(26.776 2.34682 0)
(26.7719 2.38147 0)
(26.7656 2.41548 0)
(26.7572 2.4487 -1.41806e-17)
(26.7469 2.48097 0)
(26.7347 2.51215 0)
(26.7208 2.54211 -2.58685e-16)
(26.7054 2.57076 0)
(26.6885 2.59801 -2.23392e-16)
(26.6705 2.62381 0)
(26.6516 2.64813 -1.78343e-16)
(26.6322 2.67095 0)
(26.6125 2.6923 1.50082e-16)
(26.5948 2.70933 9.60187e-18)
(26.5788 2.72423 0)
(26.5625 2.73688 -6.73315e-18)
(26.545 2.75393 -2.5651e-16)
(26.5284 2.76101 0)
(26.5095 2.78604 0)
(26.4946 2.77532 0)
(26.4732 2.8284 -2.65048e-16)
(26.4657 2.76412 2.46851e-16)
(26.4377 2.90392 1.55735e-16)
(26.4511 2.68931 0)
(26.3933 3.06927 0)
(26.5345 2.47723 0)
(25.9319 1.82178 -4.79681e-19)
(25.947 1.82369 0)
(25.9319 1.82887 5.01395e-19)
(25.9301 1.83347 0)
(25.9329 1.83907 -9.65728e-19)
(25.9341 1.84469 9.44808e-19)
(25.9348 1.85065 -6.81944e-18)
(25.935 1.85688 0)
(25.9348 1.86344 5.66993e-18)
(25.9342 1.87032 0)
(25.9332 1.87755 1.08814e-17)
(25.9317 1.88514 0)
(25.9299 1.89311 0)
(25.9277 1.90148 1.17216e-17)
(25.9252 1.91026 -1.49265e-18)
(25.9224 1.91947 0)
(25.9192 1.92912 -1.40273e-18)
(25.9158 1.93922 0)
(25.9122 1.94979 0)
(25.9084 1.96084 0)
(25.9044 1.97238 0)
(25.9004 1.98442 1.66018e-17)
(25.8962 1.99696 0)
(25.892 2.01001 0)
(25.8879 2.02358 -4.16477e-18)
(25.8838 2.03767 0)
(25.8798 2.05229 0)
(25.8759 2.06743 2.76451e-17)
(25.8723 2.0831 2.67364e-17)
(25.8688 2.0993 0)
(25.8657 2.11602 0)
(25.8629 2.13325 0)
(25.8604 2.15099 4.63627e-17)
(25.8583 2.16923 -4.46325e-17)
(25.8566 2.18794 0)
(25.8553 2.20711 4.39917e-18)
(25.8545 2.22672 0)
(25.8542 2.24674 0)
(25.8543 2.26716 0)
(25.855 2.28793 0)
(25.8561 2.30904 1.38625e-16)
(25.8578 2.33046 -5.49052e-18)
(25.86 2.35216 -6.03095e-17)
(25.8628 2.37412 0)
(25.866 2.3963 0)
(25.8699 2.41868 0)
(25.8743 2.44123 1.05315e-16)
(25.8793 2.46392 6.43097e-18)
(25.885 2.48672 5.84783e-18)
(25.8912 2.5096 0)
(25.8981 2.53251 1.56729e-16)
(25.9057 2.55541 -1.47582e-16)
(25.9138 2.57826 0)
(25.9225 2.60101 0)
(25.9316 2.6236 -1.22111e-16)
(25.9412 2.64597 0)
(25.951 2.66807 0)
(25.9611 2.68984 -9.05396e-18)
(25.9714 2.71125 -1.85482e-16)
(25.9821 2.73224 -7.13797e-18)
(25.993 2.75278 0)
(26.004 2.77282 -5.56925e-18)
(26.0149 2.79231 0)
(26.0255 2.81118 0)
(26.0355 2.82937 7.53475e-18)
(26.0447 2.84692 -6.58435e-18)
(26.0532 2.86367 -5.74105e-18)
(26.0598 2.87761 1.22502e-16)
(26.0648 2.8892 2.18373e-16)
(26.0695 2.90117 4.96347e-18)
(26.0741 2.91325 1.7633e-16)
(26.0784 2.92534 3.11617e-16)
(26.0821 2.93832 -2.74316e-16)
(26.0841 2.94828 0)
(26.0818 2.96684 0)
(26.0715 2.95928 0)
(26.0569 3.01463 0)
(26.0471 2.9188 0)
(26.0866 3.16969 0)
(26.1628 2.73157 0)
(26.0117 1.90592 -3.78367e-19)
(25.8936 1.89879 3.30238e-19)
(25.6077 1.88302 -8.09034e-18)
(25.1534 1.85546 0)
(24.5694 1.81739 4.67169e-19)
(23.9143 1.77089 0)
(23.2624 1.71939 0)
(22.7036 1.66845 0)
(22.3359 1.62566 0)
(22.2457 1.59939 0)
(22.4771 1.59637 -5.31447e-18)
(23.0097 1.61915 7.88172e-19)
(23.7604 1.66487 -5.99968e-18)
(24.5935 1.72471 0)
(25.3417 1.78437 0)
(25.8577 1.82841 0)
(26.0969 1.84905 -1.50948e-18)
(26.1503 1.85181 -1.08629e-17)
(26.1493 1.84861 0)
(26.158 1.8464 -9.59902e-18)
(26.1778 1.84588 0)
(26.198 1.84593 -1.90496e-18)
(26.2162 1.84609 0)
(26.2341 1.84649 1.44239e-18)
(26.2523 1.84732 0)
(26.2708 1.84865 0)
(26.2892 1.85053 0)
(26.3078 1.85302 0)
(26.3267 1.85623 -8.6839e-19)
(26.3458 1.86024 -1.35855e-17)
(26.3653 1.86514 0)
(26.3851 1.871 0)
(26.4052 1.87792 7.10187e-18)
(26.4257 1.88598 0)
(26.4464 1.89526 0)
(26.4673 1.90582 0)
(26.4884 1.91775 0)
(26.5095 1.93108 0)
(26.5306 1.94587 3.10263e-18)
(26.5514 1.96215 0)
(26.5718 1.97996 3.48977e-18)
(26.5918 1.99929 7.22067e-18)
(26.6111 2.02013 0)
(26.6296 2.04247 0)
(26.647 2.06625 -7.41039e-18)
(26.6633 2.09142 0)
(26.6783 2.11787 -7.15369e-18)
(26.6917 2.14551 0)
(26.7036 2.17421 1.3328e-17)
(26.7136 2.20382 0)
(26.7218 2.23421 0)
(26.7281 2.26518 -1.12916e-17)
(26.7323 2.29657 0)
(26.7345 2.32819 7.27326e-17)
(26.7345 2.35985 0)
(26.7325 2.39138 0)
(26.7284 2.42258 0)
(26.7223 2.45329 -1.41282e-16)
(26.7143 2.48335 0)
(26.7044 2.51261 0)
(26.6928 2.54092 2.19003e-16)
(26.6796 2.56818 0)
(26.6649 2.59429 0)
(26.649 2.61917 -1.79547e-16)
(26.6322 2.64276 1.13541e-17)
(26.6146 2.66501 0)
(26.5967 2.68599 -1.49687e-16)
(26.5804 2.70276 9.71746e-18)
(26.5657 2.71761 0)
(26.5505 2.73007 -2.74043e-16)
(26.5343 2.74734 0)
(26.5188 2.75415 0)
(26.5011 2.77987 -1.74372e-16)
(26.4869 2.76854 0)
(26.4672 2.82309 0)
(26.4593 2.75754 -8.37496e-18)
(26.4346 2.89987 -4.56727e-18)
(26.4446 2.68333 0)
(26.3937 3.06673 -9.29624e-17)
(26.5273 2.47223 0)
(26.0233 1.9128 -4.00342e-19)
(26.0088 1.91316 -2.6254e-18)
(26.0044 1.91757 3.95052e-19)
(26.0073 1.92127 0)
(26.009 1.92562 -7.63755e-19)
(26.0098 1.92995 1.06232e-17)
(26.0102 1.93458 -4.85424e-18)
(26.0102 1.93941 0)
(26.0098 1.94449 -7.0665e-19)
(26.009 1.94983 0)
(26.0078 1.95544 -1.35187e-18)
(26.0063 1.96134 0)
(26.0044 1.96755 0)
(26.0021 1.97408 -8.50921e-18)
(25.9995 1.98094 -1.22086e-18)
(25.9966 1.98817 0)
(25.9934 1.99577 -1.15185e-18)
(25.9899 2.00376 0)
(25.9862 2.01217 0)
(25.9822 2.021 0)
(25.9781 2.03028 0)
(25.9738 2.04002 -1.61027e-17)
(25.9694 2.05024 0)
(25.9649 2.06095 0)
(25.9604 2.07216 -3.46436e-18)
(25.9559 2.08388 0)
(25.9514 2.09612 0)
(25.947 2.10889 -3.04078e-18)
(25.9426 2.12218 -2.90167e-18)
(25.9385 2.13601 0)
(25.9345 2.15036 0)
(25.9307 2.16525 4.22109e-17)
(25.9271 2.18066 -4.72057e-18)
(25.9238 2.1966 4.45938e-18)
(25.9209 2.21304 0)
(25.9182 2.22999 3.95115e-18)
(25.916 2.24744 0)
(25.9141 2.26536 0)
(25.9127 2.28375 0)
(25.9116 2.30258 0)
(25.9111 2.32183 -1.25409e-16)
(25.911 2.34148 -5.1921e-18)
(25.9115 2.3615 5.96282e-17)
(25.9124 2.38188 0)
(25.9139 2.40257 0)
(25.9159 2.42355 0)
(25.9185 2.44479 0)
(25.9217 2.46625 6.30464e-18)
(25.9256 2.48791 5.76009e-18)
(25.9301 2.50972 0)
(25.9352 2.53165 -1.5551e-16)
(25.941 2.55365 1.46487e-16)
(25.9474 2.57567 0)
(25.9544 2.59767 0)
(25.9618 2.61959 1.21323e-16)
(25.9696 2.64137 -1.07821e-16)
(25.9778 2.66295 0)
(25.9863 2.68429 -9.2369e-18)
(25.9951 2.70533 1.8449e-16)
(26.0042 2.72604 -1.71544e-16)
(26.0136 2.74638 0)
(26.0232 2.76629 -5.76439e-18)
(26.0327 2.7857 0)
(26.0419 2.80457 0)
(26.0506 2.82283 2.32501e-16)
(26.0586 2.8405 -2.14055e-16)
(26.0659 2.85742 -1.96788e-16)
(26.0716 2.87156 -1.21947e-16)
(26.0757 2.88335 -6.1678e-18)
(26.0797 2.89555 5.27026e-18)
(26.0835 2.90792 0)
(26.0871 2.92035 0)
(26.09 2.93369 2.61226e-16)
(26.0912 2.94413 0)
(26.0877 2.96296 0)
(26.077 2.95633 0)
(26.0604 3.01135 0)
(26.0546 2.91822 0)
(26.0904 3.16743 0)
(26.1759 2.7335 0)
(26.0863 1.98952 -2.49693e-18)
(26.0826 1.98794 2.93077e-19)
(25.9888 1.98223 5.17081e-19)
(25.745 1.96713 0)
(25.3431 1.9417 4.0152e-19)
(24.8145 1.90639 0)
(24.2111 1.86276 0)
(23.6 1.81416 0)
(23.0623 1.76581 0)
(22.6883 1.7247 0)
(22.5609 1.69866 6.41745e-19)
(22.7294 1.69431 6.29943e-19)
(23.1855 1.71463 4.29226e-18)
(23.8596 1.75738 0)
(24.6311 1.81466 0)
(25.3478 1.87347 0)
(25.868 1.91924 -1.18649e-18)
(26.1324 1.9433 1.16657e-18)
(26.2038 1.94878 0)
(26.2022 1.94644 1.73836e-17)
(26.2026 1.94418 7.6428e-18)
(26.2167 1.94378 -1.59091e-17)
(26.2348 1.94431 0)
(26.2516 1.94502 2.55444e-17)
(26.2673 1.94587 0)
(26.283 1.94703 0)
(26.2987 1.9486 0)
(26.3145 1.95062 0)
(26.3303 1.95316 -1.00343e-18)
(26.3463 1.95629 1.32179e-17)
(26.3626 1.96007 0)
(26.3791 1.96459 0)
(26.396 1.96992 0)
(26.4131 1.97614 0)
(26.4306 1.98331 0)
(26.4483 1.99152 0)
(26.4663 2.00083 0)
(26.4844 2.01131 0)
(26.5025 2.02302 2.33196e-18)
(26.5206 2.03599 0)
(26.5386 2.05027 8.62258e-18)
(26.5562 2.0659 5.73686e-18)
(26.5735 2.08287 0)
(26.5902 2.1012 0)
(26.6061 2.12086 -6.12738e-18)
(26.6213 2.14182 0)
(26.6354 2.16403 -6.05531e-18)
(26.6483 2.18741 0)
(26.6599 2.2119 1.15332e-17)
(26.6701 2.23736 0)
(26.6788 2.2637 0)
(26.6857 2.29077 -7.42294e-17)
(26.6909 2.31843 0)
(26.6943 2.34652 -8.87739e-18)
(26.6958 2.37488 0)
(26.6954 2.40334 -1.22147e-16)
(26.6931 2.43173 0)
(26.6889 2.45989 1.14605e-16)
(26.6828 2.48766 0)
(26.675 2.51488 0)
(26.6654 2.54143 -2.18245e-16)
(26.6542 2.56717 0)
(26.6416 2.59198 1.77525e-16)
(26.6276 2.61578 1.78995e-16)
(26.6126 2.6385 1.12719e-17)
(26.5969 2.66005 0)
(26.5806 2.68052 0)
(26.5658 2.69692 9.79766e-18)
(26.5522 2.71163 0)
(26.5382 2.72383 2.59347e-16)
(26.5232 2.74121 2.20992e-16)
(26.5087 2.74771 1.94736e-16)
(26.4923 2.77398 1.73941e-16)
(26.4789 2.76208 0)
(26.4609 2.81788 2.36098e-16)
(26.4526 2.75128 -2.37559e-16)
(26.4311 2.89573 -1.50607e-16)
(26.438 2.67764 0)
(26.3935 3.06402 9.28064e-17)
(26.52 2.46711 0)
(26.0711 1.99384 -3.19646e-19)
(26.0662 1.99439 2.47806e-18)
(26.0685 1.99813 3.11055e-19)
(26.0708 2.00106 0)
(26.0716 2.0045 -6.03905e-19)
(26.0721 2.00794 -8.76685e-18)
(26.0723 2.01161 4.60904e-18)
(26.0722 2.01545 0)
(26.0717 2.01949 -4.46238e-18)
(26.0709 2.02373 0)
(26.0697 2.0282 -8.62385e-18)
(26.0682 2.03289 0)
(26.0663 2.03784 0)
(26.0641 2.04305 1.02158e-18)
(26.0616 2.04853 -8.00148e-18)
(26.0588 2.0543 -6.86707e-18)
(26.0557 2.06038 -9.50822e-19)
(26.0523 2.06679 0)
(26.0487 2.07355 0)
(26.0448 2.08066 0)
(26.0407 2.08815 0)
(26.0364 2.09604 0)
(26.032 2.10435 0)
(26.0275 2.11309 0)
(26.0229 2.12228 -2.54253e-17)
(26.0182 2.13193 0)
(26.0135 2.14207 0)
(26.0088 2.1527 -2.33936e-17)
(26.0042 2.16384 -2.27141e-17)
(25.9996 2.1755 0)
(25.9951 2.18768 0)
(25.9908 2.20038 -4.13669e-17)
(25.9866 2.21363 -4.00177e-17)
(25.9826 2.22741 3.96641e-18)
(25.9788 2.24172 0)
(25.9753 2.25656 3.60182e-17)
(25.9721 2.27193 0)
(25.9692 2.28781 0)
(25.9667 2.3042 0)
(25.9645 2.32108 0)
(25.9627 2.33843 5.20222e-18)
(25.9613 2.35625 -4.85502e-18)
(25.9603 2.3745 0)
(25.9598 2.39317 0)
(25.9599 2.41224 9.09799e-17)
(25.9604 2.43166 0)
(25.9615 2.45143 -8.29137e-17)
(25.9632 2.4715 6.1144e-18)
(25.9654 2.49185 5.61575e-18)
(25.9684 2.51243 0)
(25.9719 2.53321 0)
(25.9761 2.55414 1.28157e-16)
(25.9809 2.57518 0)
(25.9863 2.59628 0)
(25.9921 2.61737 0)
(25.9984 2.63842 5.79223e-18)
(26.0049 2.65934 0)
(26.0119 2.68011 -9.37214e-18)
(26.0191 2.70067 0)
(26.0268 2.72099 0)
(26.0348 2.741 0)
(26.0429 2.76066 -5.942e-18)
(26.0511 2.77991 0)
(26.0589 2.79868 0)
(26.0663 2.81691 -2.15453e-16)
(26.0731 2.83463 0)
(26.0792 2.85165 0)
(26.0839 2.86593 0)
(26.0873 2.87788 -6.51342e-18)
(26.0905 2.89028 5.58339e-18)
(26.0935 2.9029 0)
(26.0963 2.91563 -2.86851e-16)
(26.0984 2.92928 -6.80588e-18)
(26.0989 2.9402 2.24696e-16)
(26.0941 2.95921 0)
(26.0828 2.95361 0)
(26.0646 3.00802 0)
(26.0624 2.918 0)
(26.0952 3.16496 0)
(26.1891 2.73551 0)
(26.1218 2.06384 1.83153e-18)
(26.1371 2.06349 2.40733e-19)
(26.1417 2.06293 4.49428e-19)
(26.0757 2.05771 0)
(25.8776 2.04469 3.54029e-19)
(25.5293 2.02209 0)
(25.0534 1.9896 0)
(24.4956 1.9487 0)
(23.9168 1.90255 3.8486e-18)
(23.3919 1.856 0)
(23.0051 1.81558 4.20069e-18)
(22.8377 1.78875 4.93497e-19)
(22.9441 1.78218 -4.0847e-18)
(23.3272 1.7993 0)
(23.9309 1.83863 0)
(24.6483 1.89322 0)
(25.3389 1.95118 -8.93839e-19)
(25.8654 1.99857 8.04855e-18)
(26.1549 2.02586 0)
(26.2455 2.03399 -7.77978e-18)
(26.2458 2.03251 -7.344e-18)
(26.2395 2.03009 0)
(26.2483 2.02958 0)
(26.2644 2.03033 -2.22784e-17)
(26.2801 2.03138 0)
(26.2942 2.03248 0)
(26.3078 2.0338 0)
(26.3214 2.03546 0)
(26.3349 2.03752 -9.68324e-19)
(26.3485 2.04003 -1.14443e-17)
(26.3622 2.04305 0)
(26.3761 2.04664 0)
(26.3902 2.05085 -7.13355e-18)
(26.4046 2.05577 0)
(26.4193 2.06144 0)
(26.4342 2.06794 6.59077e-18)
(26.4494 2.07533 0)
(26.4648 2.08367 0)
(26.4803 2.09302 1.72235e-18)
(26.496 2.10343 0)
(26.5116 2.11495 0)
(26.527 2.12761 4.5221e-18)
(26.5423 2.14145 0)
(26.5572 2.15649 0)
(26.5716 2.17272 -2.37711e-17)
(26.5853 2.19015 0)
(26.5984 2.20874 -2.77197e-17)
(26.6105 2.22846 0)
(26.6216 2.24925 9.92009e-18)
(26.6316 2.27105 0)
(26.6403 2.29376 -5.3945e-17)
(26.6475 2.31728 0)
(26.6533 2.34149 0)
(26.6575 2.36628 -8.0211e-18)
(26.66 2.39149 0)
(26.6608 2.41699 1.39977e-17)
(26.6598 2.44262 0)
(26.6571 2.46824 -1.14104e-16)
(26.6527 2.4937 0)
(26.6466 2.51884 0)
(26.6388 2.54353 1.81197e-16)
(26.6295 2.56764 0)
(26.6186 2.59104 -1.76917e-16)
(26.6064 2.61364 -1.52984e-16)
(26.5932 2.63536 1.11175e-17)
(26.5791 2.65608 0)
(26.5644 2.67592 0)
(26.5509 2.69186 9.82297e-18)
(26.5385 2.70632 0)
(26.5256 2.7182 -7.07225e-18)
(26.5118 2.73558 -2.20323e-16)
(26.4983 2.74174 -1.94191e-16)
(26.4832 2.76842 -1.57687e-16)
(26.4705 2.75601 0)
(26.4542 2.81281 -2.35573e-16)
(26.4455 2.74537 2.19238e-16)
(26.4271 2.89153 1.40086e-16)
(26.4311 2.67226 0)
(26.3927 3.06114 0)
(26.5128 2.46195 0)
(26.1171 2.06739 -2.48319e-19)
(26.1192 2.06818 0)
(26.1215 2.07117 2.42306e-19)
(26.1225 2.07351 0)
(26.123 2.07625 -3.93312e-18)
(26.1233 2.07902 7.29427e-18)
(26.1233 2.08197 -3.36707e-18)
(26.1231 2.08505 0)
(26.1225 2.0883 3.26997e-18)
(26.1217 2.09171 0)
(26.1205 2.0953 0)
(26.1191 2.09908 0)
(26.1173 2.10307 0)
(26.1152 2.10727 1.28791e-17)
(26.1129 2.1117 0)
(26.1102 2.11637 7.82241e-19)
(26.1073 2.12131 -6.48061e-18)
(26.1042 2.12652 0)
(26.1008 2.13201 0)
(26.0971 2.13781 0)
(26.0933 2.14394 0)
(26.0893 2.15041 -1.03412e-17)
(26.0851 2.15723 0)
(26.0807 2.16443 0)
(26.0763 2.17201 1.93486e-17)
(26.0717 2.18001 0)
(26.0671 2.18844 0)
(26.0625 2.1973 0)
(26.0578 2.20663 0)
(26.0531 2.21643 1.70933e-17)
(26.0485 2.22671 0)
(26.0439 2.2375 0)
(26.0395 2.24879 0)
(26.0351 2.26061 3.40529e-17)
(26.031 2.27294 0)
(26.0269 2.28581 -2.87238e-17)
(26.0231 2.29921 0)
(26.0196 2.31313 0)
(26.0163 2.32759 0)
(26.0133 2.34256 0)
(26.0106 2.35804 5.31749e-17)
(26.0082 2.37402 -4.49852e-18)
(26.0063 2.39049 -4.48155e-17)
(26.0047 2.40742 0)
(26.0036 2.4248 -7.34422e-18)
(26.003 2.4426 0)
(26.0028 2.46081 8.20541e-17)
(26.0032 2.47939 5.86908e-18)
(26.0042 2.49831 1.43427e-16)
(26.0057 2.51755 0)
(26.0079 2.53706 1.25014e-16)
(26.0107 2.5568 -2.45804e-16)
(26.0141 2.57673 0)
(26.018 2.5968 0)
(26.0224 2.61695 -1.00586e-16)
(26.0271 2.63713 1.00645e-16)
(26.0323 2.65728 0)
(26.0377 2.67736 -9.44606e-18)
(26.0436 2.69732 -1.57382e-16)
(26.0498 2.71712 0)
(26.0564 2.7367 0)
(26.0632 2.75601 -1.34473e-16)
(26.07 2.77499 0)
(26.0765 2.79357 0)
(26.0826 2.81169 8.53153e-18)
(26.0881 2.82937 0)
(26.0931 2.84643 1.76269e-16)
(26.0968 2.86079 1.09477e-16)
(26.0994 2.87284 -6.85346e-18)
(26.1018 2.88541 5.89468e-18)
(26.104 2.89822 0)
(26.1061 2.91122 2.85817e-16)
(26.1074 2.92515 -2.52752e-16)
(26.107 2.93653 -2.2401e-16)
(26.101 2.95563 0)
(26.0891 2.95116 0)
(26.0695 3.0047 0)
(26.0706 2.91815 0)
(26.101 3.16233 0)
(26.2024 2.7377 0)
(26.1599 2.13147 -1.97201e-19)
(26.1635 2.1309 1.9174e-19)
(26.1778 2.13115 3.70343e-19)
(26.1895 2.13044 0)
(26.1502 2.12656 3.19243e-19)
(25.9986 2.11616 0)
(25.7049 2.09655 0)
(25.281 2.06705 0)
(24.7659 2.02889 -3.82396e-18)
(24.2154 1.98495 -3.24227e-18)
(23.699 1.93974 -3.14988e-18)
(23.2966 1.89939 3.48546e-18)
(23.0884 1.87113 3.04972e-18)
(23.1337 1.8617 0)
(23.4467 1.8751 0)
(23.9841 1.91066 0)
(24.6517 1.9624 -6.96892e-19)
(25.3192 2.0194 -5.80511e-18)
(25.8521 2.06824 0)
(26.166 2.09858 0)
(26.277 2.10938 0)
(26.2818 2.10891 0)
(26.2702 2.10636 0)
(26.2739 2.10561 1.95296e-17)
(26.2878 2.10644 0)
(26.3026 2.10772 -7.89811e-18)
(26.3155 2.109 7.21248e-18)
(26.3274 2.1104 0)
(26.3391 2.11207 -1.26166e-17)
(26.3509 2.1141 1.11422e-17)
(26.3626 2.11653 9.2175e-18)
(26.3744 2.11939 -7.99781e-18)
(26.3864 2.12275 6.96843e-18)
(26.3985 2.12666 -5.67241e-18)
(26.4109 2.13118 0)
(26.4235 2.13636 -6.45914e-18)
(26.4364 2.14227 0)
(26.4495 2.14896 0)
(26.4627 2.15648 -1.35353e-20)
(26.4761 2.16488 0)
(26.4896 2.17422 0)
(26.503 2.18452 3.56704e-18)
(26.5164 2.19584 0)
(26.5295 2.20819 0)
(26.5423 2.22161 0)
(26.5547 2.23608 0)
(26.5666 2.25162 0)
(26.5778 2.26821 0)
(26.5881 2.28581 8.48672e-18)
(26.5976 2.30438 4.38133e-17)
(26.606 2.32387 5.35353e-17)
(26.6133 2.3442 0)
(26.6192 2.36528 0)
(26.6239 2.38701 -7.19454e-18)
(26.627 2.40928 0)
(26.6287 2.43197 1.27807e-17)
(26.6288 2.45495 0)
(26.6273 2.47809 0)
(26.6242 2.50125 0)
(26.6195 2.5243 0)
(26.6132 2.54709 -1.69088e-17)
(26.6054 2.5695 0)
(26.5961 2.59141 0)
(26.5856 2.6127 1.52446e-16)
(26.5739 2.63332 1.08884e-17)
(26.5613 2.6531 0)
(26.5482 2.67221 0)
(26.536 2.68758 9.78652e-18)
(26.5247 2.70173 0)
(26.5129 2.7132 -2.29446e-16)
(26.5001 2.73049 1.95868e-16)
(26.4877 2.73627 -1.7376e-16)
(26.4738 2.76321 1.57259e-16)
(26.4617 2.75035 0)
(26.4472 2.8079 2.14507e-16)
(26.4382 2.73984 -4.28092e-16)
(26.4228 2.88728 -1.39803e-16)
(26.4241 2.66723 0)
(26.3914 3.05812 0)
(26.5054 2.45683 0)
(26.1616 2.13443 -1.96157e-19)
(26.1637 2.1352 0)
(26.1647 2.13754 1.91978e-19)
(26.1652 2.13944 0)
(26.1655 2.14166 2.91126e-18)
(26.1657 2.14391 -6.12097e-18)
(26.1655 2.14629 3.20441e-18)
(26.1652 2.14879 0)
(26.1646 2.15142 -3.11921e-18)
(26.1637 2.15419 0)
(26.1626 2.1571 0)
(26.1612 2.16017 0)
(26.1595 2.16341 0)
(26.1576 2.16682 -1.09179e-17)
(26.1554 2.17043 5.04724e-18)
(26.153 2.17424 6.35412e-19)
(26.1503 2.17826 4.8799e-18)
(26.1474 2.18252 0)
(26.1443 2.18702 0)
(26.1409 2.19178 0)
(26.1374 2.19681 0)
(26.1337 2.20214 1.11916e-18)
(26.1298 2.20777 8.72027e-18)
(26.1258 2.21373 0)
(26.1216 2.22003 -1.88019e-17)
(26.1174 2.22669 0)
(26.113 2.23373 0)
(26.1086 2.24115 0)
(26.1041 2.24899 0)
(26.0996 2.25725 -1.7801e-18)
(26.0951 2.26596 0)
(26.0906 2.27512 -2.83614e-17)
(26.0861 2.28475 2.7621e-17)
(26.0817 2.29486 0)
(26.0774 2.30546 0)
(26.0732 2.31657 2.82062e-17)
(26.0691 2.32819 0)
(26.0652 2.34033 0)
(26.0615 2.35299 0)
(26.058 2.36617 0)
(26.0548 2.37987 0)
(26.0518 2.39409 -8.77791e-17)
(26.0491 2.40881 4.42284e-17)
(26.0468 2.42403 0)
(26.0449 2.43974 -1.56363e-16)
(26.0433 2.45591 0)
(26.0422 2.47253 0)
(26.0416 2.48957 7.1584e-17)
(26.0415 2.50703 -6.83212e-17)
(26.0419 2.52485 0)
(26.043 2.54301 -8.87064e-18)
(26.0446 2.56148 2.27181e-16)
(26.0467 2.58021 1.04085e-16)
(26.0493 2.59915 0)
(26.0524 2.61825 9.98367e-17)
(26.0558 2.63747 0)
(26.0595 2.65674 0)
(26.0637 2.67603 -9.4543e-18)
(26.0682 2.69528 3.04277e-16)
(26.0731 2.71446 0)
(26.0784 2.73352 0)
(26.0838 2.75238 0)
(26.0893 2.771 0)
(26.0946 2.7893 0)
(26.0994 2.80722 2.05016e-16)
(26.1038 2.82477 0)
(26.1076 2.84179 -1.75528e-16)
(26.1103 2.85617 -1.08907e-16)
(26.1121 2.86829 -7.18212e-18)
(26.1137 2.88096 6.19971e-18)
(26.1152 2.89393 0)
(26.1165 2.90717 0)
(26.117 2.92132 2.36895e-16)
(26.1156 2.93315 0)
(26.1084 2.95224 0)
(26.0958 2.949 0)
(26.075 3.00141 0)
(26.0792 2.91871 0)
(26.1078 3.15954 0)
(26.2159 2.74015 0)
(26.198 2.19308 1.13414e-18)
(26.1962 2.19245 1.54804e-19)
(26.1984 2.19232 5.22993e-18)
(26.2108 2.19213 2.39599e-18)
(26.2271 2.19174 2.57488e-18)
(26.2107 2.1894 0)
(26.1035 2.18153 0)
(25.8647 2.16505 0)
(25.4935 2.13878 3.11698e-18)
(25.0208 2.10349 3.47604e-19)
(24.4974 2.0617 3.08212e-18)
(23.9883 2.0176 0)
(23.57 1.977 -2.91575e-18)
(23.3218 1.94693 0)
(23.3079 1.93425 0)
(23.5528 1.94355 0)
(24.0266 1.97505 -5.66778e-19)
(24.6466 2.02371 5.35762e-18)
(25.2919 2.07955 0)
(25.8305 2.12959 0)
(26.1677 2.16277 0)
(26.3001 2.17625 -9.25085e-18)
(26.3119 2.17695 8.76209e-18)
(26.2966 2.17434 -1.71814e-17)
(26.2953 2.1733 0)
(26.3068 2.1741 7.65813e-18)
(26.3207 2.17553 -7.00072e-18)
(26.3327 2.17695 0)
(26.3432 2.17839 0)
(26.3533 2.18005 0)
(26.3634 2.18202 -8.98434e-18)
(26.3736 2.18434 7.8037e-18)
(26.3838 2.18705 -6.45887e-18)
(26.3941 2.19019 5.54621e-18)
(26.4046 2.19382 -9.06554e-18)
(26.4153 2.19797 0)
(26.4262 2.20272 0)
(26.4373 2.2081 0)
(26.4486 2.21417 0)
(26.4601 2.22097 -7.25224e-19)
(26.4717 2.22855 0)
(26.4833 2.23695 2.81612e-18)
(26.4949 2.24621 0)
(26.5064 2.25637 0)
(26.5177 2.26745 0)
(26.5287 2.27947 0)
(26.5393 2.29244 0)
(26.5495 2.30636 0)
(26.559 2.32122 4.13756e-17)
(26.5678 2.33699 -7.17439e-18)
(26.5757 2.35365 0)
(26.5827 2.37114 0)
(26.5886 2.38939 0)
(26.5934 2.40834 -6.41235e-18)
(26.5969 2.42789 0)
(26.5992 2.44796 1.15901e-17)
(26.6 2.46842 8.13088e-17)
(26.5994 2.48918 -8.00255e-17)
(26.5973 2.5101 0)
(26.5937 2.53106 0)
(26.5887 2.55195 -1.59741e-17)
(26.5822 2.57263 0)
(26.5744 2.593 1.34633e-16)
(26.5652 2.61292 0)
(26.5549 2.63236 1.31272e-16)
(26.5437 2.65109 1.1334e-16)
(26.532 2.66938 0)
(26.521 2.68411 9.692e-18)
(26.5107 2.69786 0)
(26.4999 2.70887 1.1076e-16)
(26.4883 2.72596 -1.20293e-17)
(26.4768 2.73134 1.73224e-16)
(26.4642 2.75839 -1.40317e-16)
(26.4527 2.74513 -1.26509e-16)
(26.4398 2.80318 -2.13984e-16)
(26.4306 2.73472 2.08855e-16)
(26.418 2.88302 0)
(26.4169 2.66256 0)
(26.3896 3.05498 0)
(26.4981 2.4518 0)
(26.1994 2.19544 -1.5807e-19)
(26.2003 2.19609 -1.27215e-18)
(26.2007 2.19797 1.41409e-18)
(26.2011 2.19954 0)
(26.2012 2.20135 -2.76735e-18)
(26.2012 2.20318 3.00691e-19)
(26.201 2.20514 -2.40647e-18)
(26.2005 2.20718 0)
(26.1999 2.20933 2.34729e-18)
(26.199 2.2116 0)
(26.1979 2.21398 0)
(26.1966 2.2165 4.50947e-18)
(26.195 2.21915 0)
(26.1933 2.22195 4.9234e-18)
(26.1912 2.22491 -4.84976e-18)
(26.189 2.22804 9.02482e-18)
(26.1866 2.23135 -5.16297e-19)
(26.184 2.23485 0)
(26.1811 2.23856 0)
(26.1781 2.24249 0)
(26.1749 2.24665 0)
(26.1715 2.25106 8.6144e-18)
(26.168 2.25573 -9.17977e-19)
(26.1643 2.26069 0)
(26.1605 2.26594 0)
(26.1566 2.2715 1.42072e-17)
(26.1526 2.27738 -1.39163e-17)
(26.1485 2.28362 0)
(26.1443 2.29022 0)
(26.14 2.29719 -1.52965e-18)
(26.1358 2.30456 2.54679e-17)
(26.1315 2.31234 2.77378e-17)
(26.1272 2.32056 -2.77485e-18)
(26.1229 2.32921 0)
(26.1187 2.33832 0)
(26.1145 2.3479 0)
(26.1104 2.35795 0)
(26.1064 2.36851 0)
(26.1025 2.37955 0)
(26.0988 2.39111 0)
(26.0953 2.40317 3.8705e-17)
(26.0919 2.41575 4.1227e-17)
(26.0888 2.42883 0)
(26.086 2.44242 0)
(26.0835 2.45652 1.41271e-16)
(26.0813 2.4711 0)
(26.0795 2.48616 0)
(26.0781 2.50169 0)
(26.0771 2.51766 0)
(26.0767 2.53405 0)
(26.0768 2.55084 -8.50765e-18)
(26.0774 2.56799 -7.88158e-18)
(26.0784 2.58546 -7.28199e-18)
(26.08 2.60321 0)
(26.0819 2.6212 0)
(26.0841 2.63937 0)
(26.0867 2.65768 1.55441e-16)
(26.0896 2.67609 -9.40185e-18)
(26.0929 2.69455 -2.85282e-16)
(26.0966 2.71303 0)
(26.1006 2.73146 0)
(26.1048 2.74979 1.1451e-16)
(26.1091 2.76795 0)
(26.1131 2.78589 -1.99879e-16)
(26.1167 2.80353 -1.86193e-16)
(26.1199 2.82089 0)
(26.1226 2.83778 0)
(26.1244 2.85213 9.98844e-17)
(26.1254 2.86427 -1.86989e-16)
(26.1262 2.87701 1.67385e-16)
(26.1269 2.89009 0)
(26.1274 2.90351 0)
(26.1271 2.91784 -4.63851e-16)
(26.1248 2.9301 0)
(26.1164 2.9491 0)
(26.1029 2.94715 0)
(26.0812 2.9982 0)
(26.0883 2.91969 0)
(26.1158 3.15664 0)
(26.2295 2.74296 0)
(26.2303 2.2491 -1.35453e-18)
(26.2292 2.24861 1.26319e-19)
(26.2272 2.24837 -4.43425e-18)
(26.228 2.24786 -2.28352e-18)
(26.2379 2.2476 0)
(26.2559 2.24765 0)
(26.257 2.2465 1.8068e-18)
(26.1896 2.24098 0)
(26.0048 2.22773 -3.31227e-18)
(25.6876 2.20491 5.69489e-18)
(25.259 2.17269 -2.48913e-18)
(24.7638 2.13314 0)
(24.263 2.09013 0)
(23.8301 2.04919 0)
(23.544 2.01715 0)
(23.473 2.00101 0)
(23.6519 2.00596 -4.70048e-19)
(24.0635 2.03314 0)
(24.637 2.0785 0)
(25.26 2.13294 0)
(25.8025 2.18389 0)
(26.1616 2.21967 7.89654e-19)
(26.316 2.23582 -7.42606e-19)
(26.3371 2.23784 6.8287e-19)
(26.3196 2.23525 0)
(26.3135 2.23386 0)
(26.3224 2.2345 5.77961e-18)
(26.3354 2.236 0)
(26.3466 2.23751 0)
(26.356 2.23898 0)
(26.3648 2.24061 0)
(26.3735 2.24251 0)
(26.3823 2.24472 2.3294e-19)
(26.3911 2.24727 0)
(26.4 2.2502 3.51614e-20)
(26.4091 2.25356 0)
(26.4183 2.25739 0)
(26.4277 2.26174 0)
(26.4374 2.26665 0)
(26.4471 2.27217 2.27111e-18)
(26.457 2.27834 0)
(26.467 2.2852 2.20781e-18)
(26.477 2.29279 0)
(26.487 2.30114 0)
(26.4969 2.31029 0)
(26.5066 2.32026 0)
(26.516 2.33107 0)
(26.5251 2.34273 0)
(26.5337 2.35524 -2.76718e-17)
(26.5417 2.36859 -6.1419e-18)
(26.549 2.38278 0)
(26.5556 2.39775 0)
(26.5613 2.41349 -3.40767e-17)
(26.566 2.42992 -5.6829e-18)
(26.5696 2.447 0)
(26.5721 2.46463 1.04459e-17)
(26.5734 2.48274 -8.08264e-17)
(26.5734 2.50124 1.49825e-16)
(26.5721 2.52001 0)
(26.5695 2.53895 0)
(26.5655 2.55795 -1.49907e-17)
(26.5601 2.57691 0)
(26.5534 2.5957 -1.25437e-17)
(26.5454 2.61421 0)
(26.5364 2.6324 0)
(26.5265 2.65004 -9.17161e-18)
(26.5159 2.66741 0)
(26.5061 2.68144 1.28586e-16)
(26.4968 2.69471 0)
(26.4869 2.70522 0)
(26.4763 2.72202 -1.82536e-16)
(26.4657 2.72697 0)
(26.4543 2.75399 8.43536e-18)
(26.4435 2.74039 2.45147e-16)
(26.4321 2.79868 0)
(26.4227 2.73004 -1.88517e-16)
(26.4129 2.87877 -1.21366e-16)
(26.4096 2.65829 0)
(26.3873 3.05172 0)
(26.4905 2.44695 0)
(26.2307 2.25097 -1.28928e-19)
(26.2311 2.25153 2.28612e-18)
(26.2314 2.25307 0)
(26.2315 2.25437 0)
(26.2315 2.25586 0)
(26.2314 2.25737 4.39147e-18)
(26.2311 2.25898 2.44204e-19)
(26.2306 2.26067 0)
(26.2299 2.26244 -2.39077e-19)
(26.229 2.26431 0)
(26.2279 2.26628 0)
(26.2267 2.26836 -4.61634e-19)
(26.2252 2.27055 0)
(26.2236 2.27287 0)
(26.2218 2.27532 -3.7041e-18)
(26.2198 2.27791 -4.08844e-18)
(26.2176 2.28066 -4.30898e-19)
(26.2152 2.28356 0)
(26.2126 2.28665 0)
(26.2099 2.28991 0)
(26.2071 2.29338 0)
(26.204 2.29706 -6.63918e-18)
(26.2009 2.30096 -7.3014e-18)
(26.1975 2.3051 -1.28184e-17)
(26.1941 2.3095 0)
(26.1906 2.31416 -1.45824e-18)
(26.1869 2.31911 1.42509e-18)
(26.1832 2.32436 0)
(26.1793 2.32993 0)
(26.1754 2.33583 -1.32103e-18)
(26.1715 2.34208 -2.57018e-18)
(26.1675 2.3487 0)
(26.1635 2.35571 -2.42168e-18)
(26.1594 2.36311 -2.0821e-17)
(26.1554 2.37093 0)
(26.1514 2.37917 0)
(26.1474 2.38787 0)
(26.1435 2.39702 0)
(26.1396 2.40664 0)
(26.1358 2.41673 0)
(26.1322 2.42732 -3.81051e-17)
(26.1287 2.4384 0)
(26.1254 2.44998 3.24467e-17)
(26.1222 2.46206 0)
(26.1194 2.47464 -5.87094e-18)
(26.1168 2.48772 0)
(26.1145 2.5013 0)
(26.1125 2.51535 -5.44105e-17)
(26.111 2.52988 0)
(26.1099 2.54486 0)
(26.1092 2.56027 -8.10547e-18)
(26.109 2.5761 -7.54969e-18)
(26.1092 2.59229 -9.50522e-17)
(26.1098 2.60882 0)
(26.1107 2.62565 -7.99446e-17)
(26.1119 2.64273 0)
(26.1134 2.66002 -1.54288e-16)
(26.1153 2.67749 -9.29414e-18)
(26.1175 2.69509 1.37437e-16)
(26.12 2.71279 0)
(26.1229 2.73052 0)
(26.126 2.74824 -6.3501e-18)
(26.1291 2.76588 0)
(26.132 2.78337 1.0324e-17)
(26.1344 2.80066 9.27265e-18)
(26.1365 2.81775 0)
(26.1381 2.83446 1.52501e-16)
(26.1389 2.84871 -4.46521e-18)
(26.1391 2.86082 0)
(26.1393 2.87358 0)
(26.1392 2.88672 0)
(26.1389 2.9003 -2.45166e-16)
(26.1378 2.91475 2.26949e-16)
(26.1345 2.92741 0)
(26.1248 2.94624 0)
(26.1105 2.94564 0)
(26.0881 2.9951 0)
(26.0979 2.92114 -2.70467e-16)
(26.1247 3.15365 0)
(26.2435 2.74626 0)
(26.2571 2.3001 -1.06562e-19)
(26.2569 2.29974 1.04065e-19)
(26.2559 2.29958 3.77508e-18)
(26.254 2.29906 0)
(26.2536 2.29849 0)
(26.2607 2.29832 -1.65868e-18)
(26.278 2.29858 -1.80199e-19)
(26.2905 2.29826 0)
(26.2561 2.29482 0)
(26.1225 2.28477 -5.4419e-18)
(25.8606 2.26555 2.59572e-18)
(25.4787 2.23663 0)
(25.0143 2.19954 0)
(24.5244 2.15777 0)
(24.0799 2.11655 0)
(23.7588 2.08254 0)
(23.6335 2.06287 -3.92928e-19)
(23.7483 2.0633 -3.51054e-18)
(24.0987 2.08593 0)
(24.6257 2.12774 0)
(25.2253 2.18048 0)
(25.7698 2.23203 7.26238e-18)
(26.149 2.27019 -7.13336e-18)
(26.3259 2.28902 1.31754e-17)
(26.3582 2.29256 0)
(26.3402 2.29016 0)
(26.3296 2.28841 -4.32337e-19)
(26.3354 2.28881 0)
(26.3473 2.29026 0)
(26.3579 2.29179 0)
(26.3664 2.29323 7.1805e-18)
(26.374 2.29478 -6.42197e-18)
(26.3816 2.29659 5.93128e-18)
(26.3892 2.29868 0)
(26.3968 2.30107 8.64326e-18)
(26.4045 2.3038 0)
(26.4123 2.3069 0)
(26.4203 2.31043 0)
(26.4284 2.31443 0)
(26.4367 2.31892 -1.53113e-18)
(26.4452 2.32395 0)
(26.4537 2.32956 1.71329e-18)
(26.4623 2.33578 0)
(26.4709 2.34265 0)
(26.4795 2.3502 0)
(26.4879 2.35846 0)
(26.4962 2.36746 0)
(26.5042 2.3772 0)
(26.5118 2.38771 5.17994e-18)
(26.519 2.39898 -2.94803e-17)
(26.5256 2.41101 0)
(26.5317 2.42379 0)
(26.537 2.43729 3.37974e-17)
(26.5414 2.45147 -5.00826e-18)
(26.545 2.4663 0)
(26.5476 2.48171 7.0599e-17)
(26.5491 2.49764 0)
(26.5495 2.51402 -6.98244e-17)
(26.5487 2.53075 0)
(26.5468 2.54775 0)
(26.5435 2.56493 -1.30527e-16)
(26.539 2.58218 0)
(26.5333 2.5994 -1.20971e-16)
(26.5264 2.61647 -1.04593e-16)
(26.5184 2.63339 -9.96835e-17)
(26.5096 2.64987 -1.03348e-16)
(26.5002 2.66627 0)
(26.4913 2.67954 0)
(26.4829 2.69229 0)
(26.4739 2.70224 0)
(26.4642 2.71866 -1.57871e-16)
(26.4545 2.72317 0)
(26.4442 2.75001 8.50734e-18)
(26.434 2.73614 -1.18641e-16)
(26.4241 2.79442 0)
(26.4146 2.72582 1.8806e-16)
(26.4074 2.87454 1.21085e-16)
(26.402 2.65447 0)
(26.3846 3.04836 0)
(26.4828 2.44238 0)
(26.2572 2.30161 -1.06163e-19)
(26.2574 2.3021 -1.02487e-18)
(26.2575 2.30337 0)
(26.2576 2.30445 0)
(26.2574 2.30568 0)
(26.2572 2.30694 -3.74587e-18)
(26.2568 2.30828 1.95511e-18)
(26.2562 2.30968 0)
(26.2555 2.31116 -1.91393e-18)
(26.2546 2.31271 0)
(26.2536 2.31435 -3.35312e-18)
(26.2525 2.31608 -3.8466e-19)
(26.2511 2.31791 0)
(26.2496 2.31984 0)
(26.248 2.32189 3.5601e-18)
(26.2462 2.32405 3.14603e-18)
(26.2442 2.32635 -3.46444e-18)
(26.2421 2.32878 0)
(26.2398 2.33136 6.02833e-18)
(26.2374 2.33409 0)
(26.2348 2.337 0)
(26.2321 2.34009 6.70838e-19)
(26.2293 2.34336 5.66157e-18)
(26.2264 2.34685 1.24304e-17)
(26.2233 2.35055 0)
(26.2202 2.35449 -1.2e-17)
(26.2169 2.35867 1.17815e-17)
(26.2135 2.36311 0)
(26.2101 2.36783 0)
(26.2065 2.37284 -1.14244e-18)
(26.203 2.37816 -2.17693e-17)
(26.1993 2.38381 0)
(26.1956 2.38979 -2.11481e-18)
(26.1919 2.39613 2.0377e-17)
(26.1881 2.40285 0)
(26.1843 2.40995 0)
(26.1806 2.41746 0)
(26.1768 2.42539 0)
(26.1731 2.43376 0)
(26.1694 2.44257 0)
(26.1658 2.45183 0)
(26.1623 2.46157 -2.98787e-17)
(26.1589 2.47179 -3.19699e-17)
(26.1557 2.48249 0)
(26.1526 2.49368 -5.39237e-18)
(26.1498 2.50536 0)
(26.1472 2.51753 0)
(26.1449 2.5302 5.37709e-17)
(26.143 2.54335 4.73836e-17)
(26.1414 2.55697 0)
(26.1402 2.57105 -9.52989e-17)
(26.1393 2.58557 -9.12433e-17)
(26.1389 2.6005 8.05025e-17)
(26.1387 2.61581 0)
(26.1388 2.63146 5.80572e-18)
(26.1391 2.64743 0)
(26.1397 2.66367 0)
(26.1406 2.68016 -9.13738e-18)
(26.1418 2.69685 0)
(26.1434 2.71371 0)
(26.1453 2.73069 0)
(26.1473 2.74773 -1.06831e-16)
(26.1493 2.76478 0)
(26.1511 2.78176 1.8744e-16)
(26.1525 2.79862 9.45107e-18)
(26.1535 2.81538 0)
(26.154 2.83184 -1.51763e-16)
(26.1539 2.84595 -9.42811e-17)
(26.1535 2.85798 0)
(26.1528 2.87071 0)
(26.1521 2.88388 0)
(26.151 2.89756 2.44097e-16)
(26.1491 2.91209 2.08222e-16)
(26.1447 2.92512 0)
(26.1339 2.9437 0)
(26.1185 2.9445 0)
(26.0957 2.99217 0)
(26.1081 2.92311 2.69708e-16)
(26.1347 3.15057 0)
(26.2579 2.75015 0)
(26.2801 2.34666 7.07854e-19)
(26.2801 2.34638 8.67548e-20)
(26.28 2.34629 -1.69372e-19)
(26.2792 2.3459 0)
(26.2774 2.34537 0)
(26.2761 2.34491 1.58226e-18)
(26.2804 2.34474 -1.54106e-18)
(26.2952 2.34503 0)
(26.3137 2.34526 2.59763e-18)
(26.3044 2.3435 2.63897e-19)
(26.2168 2.33642 0)
(26.01 2.32087 0)
(25.6779 2.2955 0)
(25.2483 2.26118 0)
(24.7734 2.22093 0)
(24.3212 2.17967 0)
(23.9693 2.1439 -3.31303e-19)
(23.7932 2.12086 3.36427e-18)
(23.8459 2.11682 0)
(24.1356 2.13479 0)
(24.6153 2.17281 0)
(25.1894 2.22348 0)
(25.7331 2.27513 0)
(26.1301 2.31519 -1.13215e-17)
(26.3294 2.33642 0)
(26.3748 2.34147 -4.95939e-18)
(26.3583 2.33933 -3.87424e-19)
(26.3442 2.33733 -4.29118e-18)
(26.3472 2.33759 0)
(26.3578 2.33911 0)
(26.3675 2.34069 -4.24911e-19)
(26.3749 2.34208 3.41418e-19)
(26.3815 2.34351 0)
(26.388 2.34518 -4.65993e-18)
(26.3947 2.34713 0)
(26.4012 2.34936 0)
(26.4079 2.35188 0)
(26.4146 2.35475 0)
(26.4214 2.35799 0)
(26.4285 2.36164 -2.56387e-18)
(26.4356 2.36574 0)
(26.4428 2.37033 1.31538e-18)
(26.4502 2.37543 0)
(26.4575 2.38107 0)
(26.4649 2.3873 0)
(26.4722 2.39413 0)
(26.4793 2.4016 0)
(26.4863 2.40973 0)
(26.493 2.41852 4.35356e-18)
(26.4993 2.428 1.95575e-17)
(26.5052 2.43817 -2.1271e-17)
(26.5106 2.44903 0)
(26.5155 2.46056 0)
(26.5196 2.47274 -4.3907e-18)
(26.5229 2.48555 0)
(26.5254 2.49895 -5.24589e-17)
(26.527 2.51288 0)
(26.5276 2.52729 5.32396e-17)
(26.5272 2.54211 0)
(26.5256 2.55728 0)
(26.523 2.5727 0)
(26.5192 2.58829 0)
(26.5142 2.60397 0)
(26.5081 2.61961 1.97944e-16)
(26.5011 2.63523 9.92494e-17)
(26.4932 2.65054 0)
(26.4847 2.66592 0)
(26.4767 2.6784 0)
(26.4692 2.69056 -9.0067e-17)
(26.4609 2.69993 0)
(26.4522 2.71589 1.5725e-16)
(26.4432 2.71995 0)
(26.4339 2.74648 8.53692e-18)
(26.4243 2.73241 1.0362e-16)
(26.4159 2.79042 0)
(26.4062 2.7221 0)
(26.4015 2.87036 0)
(26.3941 2.65114 0)
(26.3815 3.04489 6.62309e-17)
(26.4747 2.43816 0)
(26.28 2.34789 -8.84512e-20)
(26.2801 2.34832 -7.86107e-19)
(26.2801 2.34937 0)
(26.28 2.35028 7.72899e-19)
(26.2797 2.3513 0)
(26.2794 2.35236 1.70692e-19)
(26.2789 2.35347 0)
(26.2784 2.35464 0)
(26.2776 2.35588 0)
(26.2768 2.35718 0)
(26.2759 2.35856 3.2682e-19)
(26.2748 2.36001 -3.23627e-19)
(26.2736 2.36154 0)
(26.2722 2.36317 0)
(26.2707 2.36489 2.75162e-18)
(26.2691 2.36671 -3.09884e-19)
(26.2673 2.36863 0)
(26.2654 2.37068 0)
(26.2634 2.37285 -5.81639e-18)
(26.2613 2.37516 0)
(26.259 2.37761 0)
(26.2567 2.38022 5.72244e-19)
(26.2542 2.38299 -5.63536e-19)
(26.2516 2.38594 0)
(26.2489 2.38908 0)
(26.2461 2.39241 0)
(26.2432 2.39596 0)
(26.2402 2.39974 0)
(26.2371 2.40376 0)
(26.234 2.40803 -9.91152e-19)
(26.2308 2.41257 0)
(26.2275 2.4174 1.67911e-17)
(26.2242 2.42253 -1.8501e-18)
(26.2208 2.42798 0)
(26.2173 2.43376 0)
(26.2139 2.43989 0)
(26.2104 2.44638 0)
(26.2069 2.45325 0)
(26.2034 2.46052 0)
(26.1999 2.46821 0)
(26.1965 2.47631 0)
(26.1931 2.48486 2.7975e-18)
(26.1897 2.49385 2.58775e-17)
(26.1865 2.50331 0)
(26.1834 2.51324 -4.9389e-18)
(26.1805 2.52364 0)
(26.1778 2.53452 0)
(26.1753 2.54589 0)
(26.1731 2.55775 -4.68301e-17)
(26.1712 2.57008 0)
(26.1696 2.58289 7.94436e-17)
(26.1683 2.59615 0)
(26.1673 2.60985 -6.3984e-18)
(26.1665 2.62396 0)
(26.1659 2.63846 7.28065e-17)
(26.1656 2.65331 0)
(26.1654 2.66849 0)
(26.1655 2.68398 -8.9403e-18)
(26.1659 2.69973 -1.10522e-16)
(26.1666 2.71572 0)
(26.1676 2.73191 0)
(26.1687 2.74823 9.34424e-17)
(26.1697 2.76462 -1.75982e-16)
(26.1704 2.78104 -1.65364e-16)
(26.1708 2.79743 1.64667e-16)
(26.1708 2.81378 0)
(26.1703 2.82994 1.35544e-16)
(26.1694 2.84385 -8.43664e-17)
(26.1683 2.85577 0)
(26.1669 2.86843 0)
(26.1654 2.88159 0)
(26.1637 2.89533 0)
(26.1609 2.90989 -9.64114e-18)
(26.1554 2.92326 0)
(26.1434 2.94152 0)
(26.127 2.94376 0)
(26.1041 2.98944 0)
(26.1191 2.92568 -2.47071e-16)
(26.1457 3.14738 0)
(26.2729 2.75478 0)
(26.2999 2.3892 -8.31012e-19)
(26.3 2.38898 7.25464e-20)
(26.3001 2.38892 -1.41742e-19)
(26.3 2.38864 1.28475e-18)
(26.2994 2.38825 0)
(26.2978 2.38783 0)
(26.296 2.38744 1.19812e-18)
(26.2978 2.38722 -1.16765e-18)
(26.3093 2.38745 -2.39709e-19)
(26.3293 2.38798 2.30563e-19)
(26.3371 2.38747 0)
(26.2881 2.38299 0)
(26.1343 2.37106 0)
(25.8542 2.34942 1.62442e-18)
(25.4633 2.31807 0)
(25.0073 2.27941 0)
(24.5514 2.23802 -2.85053e-19)
(24.173 2.2003 0)
(23.9506 2.17367 0)
(23.9452 2.16503 0)
(24.1769 2.17838 0)
(24.6105 2.21284 -4.75682e-18)
(25.1588 2.26188 4.66062e-18)
(25.6995 2.3141 4.58268e-19)
(26.1114 2.35647 0)
(26.3307 2.38036 4.7324e-18)
(26.3881 2.38684 -3.38106e-19)
(26.3722 2.38448 4.1628e-18)
(26.3543 2.38152 0)
(26.355 2.38111 0)
(26.3656 2.38255 -6.40257e-18)
(26.3756 2.38435 3.29384e-19)
(26.3825 2.38589 -4.8952e-18)
(26.3878 2.38728 4.55142e-18)
(26.3932 2.38881 0)
(26.3989 2.3906 0)
(26.4046 2.39267 0)
(26.4103 2.39501 0)
(26.4161 2.39765 0)
(26.422 2.40063 2.51719e-18)
(26.428 2.40397 0)
(26.4341 2.40772 9.88307e-19)
(26.4403 2.41189 0)
(26.4465 2.41652 0)
(26.4528 2.42165 0)
(26.459 2.42729 0)
(26.4651 2.43348 0)
(26.4711 2.44023 0)
(26.4769 2.44758 3.6337e-18)
(26.4824 2.45553 -1.93428e-17)
(26.4876 2.46409 2.10509e-17)
(26.4923 2.47328 0)
(26.4966 2.48308 0)
(26.5002 2.4935 -2.47387e-17)
(26.5032 2.50451 0)
(26.5055 2.5161 5.20538e-17)
(26.507 2.52821 -4.55028e-17)
(26.5077 2.54083 -6.91988e-18)
(26.5074 2.55388 0)
(26.5061 2.56732 -4.5793e-17)
(26.5038 2.58108 9.04418e-17)
(26.5005 2.59509 0)
(26.4962 2.60927 0)
(26.4908 2.62351 -9.69208e-18)
(26.4844 2.63785 0)
(26.4773 2.65197 0)
(26.4697 2.66631 0)
(26.4625 2.67797 0)
(26.4556 2.68951 8.96238e-17)
(26.4481 2.69828 -7.42849e-17)
(26.4401 2.7137 0)
(26.4318 2.71733 0)
(26.4236 2.74339 8.51754e-18)
(26.4145 2.72922 -7.48567e-18)
(26.4075 2.78667 0)
(26.3975 2.71894 1.54917e-16)
(26.3955 2.86619 0)
(26.3859 2.64842 0)
(26.3783 3.04124 -6.60845e-17)
(26.4662 2.43444 0)
(26.2997 2.39021 -7.39418e-20)
(26.2997 2.39058 7.35104e-20)
(26.2995 2.39145 0)
(26.2993 2.39221 -7.36219e-19)
(26.299 2.39308 0)
(26.2986 2.39396 1.433e-19)
(26.2981 2.3949 0)
(26.2975 2.39589 0)
(26.2968 2.39693 1.26891e-18)
(26.296 2.39802 0)
(26.2951 2.39918 2.7629e-18)
(26.2941 2.40041 -2.73431e-18)
(26.293 2.4017 -2.43417e-18)
(26.2918 2.40307 0)
(26.2905 2.40452 -2.64496e-18)
(26.289 2.40606 -2.63082e-19)
(26.2875 2.40769 2.3221e-18)
(26.2858 2.40943 0)
(26.2841 2.41127 4.52628e-18)
(26.2822 2.41323 0)
(26.2802 2.41531 0)
(26.2781 2.41752 4.90182e-19)
(26.276 2.41987 -9.04382e-18)
(26.2737 2.42238 0)
(26.2713 2.42505 0)
(26.2689 2.42789 0)
(26.2664 2.43092 0)
(26.2637 2.43415 0)
(26.2611 2.43758 0)
(26.2583 2.44124 -8.62439e-19)
(26.2554 2.44514 0)
(26.2525 2.44928 -1.63893e-17)
(26.2495 2.45369 -1.62182e-18)
(26.2465 2.45838 0)
(26.2434 2.46337 0)
(26.2403 2.46867 0)
(26.2371 2.4743 0)
(26.2339 2.48027 0)
(26.2307 2.4866 0)
(26.2275 2.49331 0)
(26.2243 2.5004 0)
(26.2211 2.5079 2.52486e-18)
(26.2179 2.51582 -2.54713e-17)
(26.2148 2.52417 0)
(26.2118 2.53296 -4.51242e-18)
(26.2089 2.54222 0)
(26.2062 2.55193 0)
(26.2037 2.56212 0)
(26.2013 2.57278 3.84834e-17)
(26.1993 2.58392 0)
(26.1974 2.59553 -6.80275e-18)
(26.1958 2.60761 0)
(26.1944 2.62014 -7.25766e-17)
(26.1932 2.63309 6.38705e-17)
(26.1921 2.64647 6.12345e-17)
(26.1912 2.66023 0)
(26.1904 2.67436 0)
(26.1898 2.68885 -8.70683e-18)
(26.1896 2.70366 2.11263e-16)
(26.1896 2.71876 0)
(26.1897 2.73412 0)
(26.19 2.74969 -9.28171e-17)
(26.1901 2.7654 1.16286e-17)
(26.1899 2.78121 3.18072e-16)
(26.1894 2.79707 0)
(26.1885 2.81298 0)
(26.1871 2.82878 -8.02083e-18)
(26.1853 2.84246 8.38138e-17)
(26.1835 2.85423 0)
(26.1815 2.86678 0)
(26.1794 2.87988 0)
(26.1769 2.89365 0)
(26.1733 2.90821 -1.01201e-17)
(26.1667 2.92186 0)
(26.1535 2.93975 0)
(26.1361 2.94348 0)
(26.1132 2.98692 0)
(26.1309 2.92899 2.463e-16)
(26.1574 3.144 0)
(26.2887 2.7602 0)
(26.3172 2.42833 5.22855e-19)
(26.3175 2.42816 6.17486e-20)
(26.3176 2.42812 -1.20777e-19)
(26.3177 2.4279 -1.18024e-19)
(26.3177 2.4276 1.08232e-18)
(26.3173 2.42729 0)
(26.316 2.42696 -1.14331e-18)
(26.314 2.42659 1.11515e-18)
(26.314 2.42632 -2.06142e-19)
(26.3216 2.42642 1.99586e-19)
(26.3397 2.42696 0)
(26.3571 2.42714 0)
(26.339 2.4248 0)
(26.2366 2.41672 -1.70301e-18)
(26.0146 2.40011 0)
(25.6719 2.37392 0)
(25.2429 2.33936 -2.48292e-19)
(24.7878 2.29998 0)
(24.3832 2.26149 0)
(24.111 2.23108 0)
(24.0409 2.21602 0)
(24.207 2.22149 4.19069e-19)
(24.589 2.24833 -3.99812e-19)
(25.1101 2.29183 4.30515e-18)
(25.6511 2.34201 0)
(26.0853 2.38625 -3.77312e-18)
(26.3344 2.41482 -3.95171e-18)
(26.4112 2.4262 -3.46028e-18)
(26.3969 2.4266 0)
(26.3698 2.42387 0)
(26.3622 2.42236 0)
(26.3699 2.42278 5.30693e-18)
(26.3805 2.42419 9.29133e-18)
(26.3882 2.42575 0)
(26.3933 2.4272 0)
(26.3976 2.42865 0)
(26.4022 2.43026 0)
(26.407 2.43211 0)
(26.4119 2.43423 0)
(26.4169 2.43662 2.96811e-18)
(26.4219 2.43932 -2.20544e-18)
(26.427 2.44234 7.24799e-19)
(26.4322 2.44573 0)
(26.4375 2.4495 0)
(26.4427 2.45368 -1.03581e-18)
(26.448 2.4583 2.21772e-18)
(26.4531 2.46339 3.32187e-18)
(26.4582 2.46896 0)
(26.4631 2.47505 3.02252e-18)
(26.4678 2.48167 0)
(26.4722 2.48883 0)
(26.4763 2.49655 0)
(26.4799 2.50483 0)
(26.4831 2.51368 0)
(26.4857 2.52308 0)
(26.4877 2.53303 0)
(26.489 2.5435 6.37838e-18)
(26.4895 2.55446 -6.20153e-18)
(26.4892 2.56588 0)
(26.4881 2.57771 4.54955e-17)
(26.4861 2.5899 -8.98868e-17)
(26.4831 2.6024 7.78394e-17)
(26.4792 2.61514 0)
(26.4743 2.62803 -9.09208e-18)
(26.4686 2.6411 7.16642e-17)
(26.4621 2.65405 0)
(26.4552 2.66734 0)
(26.4486 2.67816 0)
(26.4424 2.68905 -7.39237e-17)
(26.4354 2.69721 7.39319e-17)
(26.4282 2.71203 0)
(26.4204 2.71526 0)
(26.4132 2.7407 1.04305e-16)
(26.4044 2.7266 -1.83357e-16)
(26.3991 2.78314 0)
(26.3883 2.71638 -1.16945e-17)
(26.3895 2.86203 0)
(26.377 2.64633 0)
(26.3754 3.03754 0)
(26.4564 2.43097 0)
(26.317 2.42917 -6.28882e-20)
(26.3169 2.42949 6.25602e-20)
(26.3166 2.43021 0)
(26.3163 2.43086 5.70508e-19)
(26.316 2.43158 0)
(26.3155 2.43233 1.22285e-19)
(26.315 2.43312 0)
(26.3144 2.43395 0)
(26.3138 2.43483 -1.19879e-19)
(26.313 2.43576 0)
(26.3122 2.43674 -2.14644e-18)
(26.3113 2.43778 2.1251e-18)
(26.3103 2.43888 2.3358e-18)
(26.3092 2.44004 0)
(26.308 2.44127 2.05829e-18)
(26.3068 2.44258 -2.26463e-19)
(26.3054 2.44397 -2.2431e-19)
(26.304 2.44544 0)
(26.3024 2.44701 -4.36576e-18)
(26.3008 2.44868 0)
(26.2991 2.45045 0)
(26.2973 2.45234 4.20003e-18)
(26.2954 2.45435 7.86636e-18)
(26.2935 2.45649 0)
(26.2914 2.45877 0)
(26.2893 2.4612 -7.12789e-18)
(26.2871 2.4638 0)
(26.2849 2.46656 0)
(26.2825 2.46951 6.7968e-18)
(26.2801 2.47265 -1.41262e-17)
(26.2776 2.476 0)
(26.2751 2.47956 1.29122e-17)
(26.2725 2.48337 -1.41117e-17)
(26.2698 2.48741 1.2446e-17)
(26.2671 2.49172 1.22085e-17)
(26.2643 2.49631 0)
(26.2615 2.50119 0)
(26.2586 2.50638 0)
(26.2557 2.51189 0)
(26.2528 2.51774 0)
(26.2498 2.52395 2.14716e-17)
(26.2468 2.53053 2.28629e-18)
(26.2439 2.53749 2.04477e-17)
(26.241 2.54486 0)
(26.2382 2.55264 -4.29329e-17)
(26.2354 2.56085 0)
(26.2328 2.56951 0)
(26.2303 2.57862 0)
(26.2279 2.58819 -3.50963e-18)
(26.2258 2.59822 0)
(26.2238 2.60872 -7.09333e-17)
(26.222 2.61968 6.23068e-17)
(26.2204 2.63111 0)
(26.2188 2.64297 -6.3226e-17)
(26.2174 2.65526 -6.06448e-17)
(26.216 2.66797 0)
(26.2147 2.68108 -1.01937e-16)
(26.2137 2.69458 -1.05865e-16)
(26.2128 2.70846 -7.88848e-18)
(26.2122 2.72267 0)
(26.2117 2.7372 0)
(26.2112 2.752 7.95836e-17)
(26.2105 2.767 1.16011e-17)
(26.2095 2.78218 -1.06696e-17)
(26.2081 2.79748 0)
(26.2064 2.81292 0)
(26.2041 2.82832 -8.17787e-18)
(26.2016 2.84173 0)
(26.1992 2.85332 0)
(26.1966 2.86574 0)
(26.1938 2.87875 0)
(26.1907 2.89251 0)
(26.1862 2.90703 -1.05963e-17)
(26.1786 2.92094 0)
(26.1641 2.93841 0)
(26.1458 2.94372 0)
(26.1229 2.9846 0)
(26.144 2.93327 2.19632e-16)
(26.1693 3.14025 0)
(26.3064 2.76658 -5.2902e-16)
(26.3365 2.47297 -4.37025e-19)
(26.3368 2.47282 3.7445e-19)
(26.337 2.47279 -7.37809e-19)
(26.3372 2.47262 -7.26394e-19)
(26.3373 2.47237 -7.14602e-19)
(26.3374 2.47214 5.97839e-19)
(26.3372 2.4719 0)
(26.3365 2.47163 0)
(26.335 2.4713 -1.32577e-18)
(26.3339 2.471 2.40507e-18)
(26.3368 2.47091 0)
(26.3475 2.47122 0)
(26.3636 2.47167 0)
(26.3673 2.47108 0)
(26.3234 2.46713 0)
(26.1919 2.45693 0)
(25.9487 2.43829 -3.42255e-18)
(25.6008 2.41078 -1.47686e-18)
(25.1874 2.37619 0)
(24.7729 2.33873 0)
(24.4354 2.30459 0)
(24.2519 2.281 1.61432e-18)
(24.277 2.27435 -5.2962e-18)
(24.522 2.28801 -2.42943e-18)
(24.9421 2.32042 -2.38732e-18)
(25.4422 2.36459 2.68349e-18)
(25.9032 2.40962 0)
(26.2284 2.44487 2.57361e-18)
(26.3876 2.46491 -2.17516e-18)
(26.4219 2.4715 0)
(26.4027 2.47084 -3.83902e-18)
(26.3821 2.46864 0)
(26.377 2.46767 -6.86239e-18)
(26.3828 2.4682 2.98197e-18)
(26.3909 2.46949 0)
(26.397 2.47089 0)
(26.4012 2.47222 -4.26044e-18)
(26.4048 2.47357 -3.70438e-18)
(26.4084 2.47508 0)
(26.4123 2.47683 -5.1038e-18)
(26.4163 2.47883 1.86017e-18)
(26.4204 2.4811 -4.07912e-18)
(26.4244 2.48364 0)
(26.4286 2.4865 1.18314e-18)
(26.4327 2.48968 1.14736e-18)
(26.4369 2.49323 -1.93364e-18)
(26.441 2.49716 -2.91453e-18)
(26.4451 2.50149 -2.30599e-18)
(26.449 2.50625 9.3899e-18)
(26.4528 2.51146 0)
(26.4564 2.51713 0)
(26.4596 2.52329 -1.00665e-17)
(26.4626 2.52994 0)
(26.4651 2.5371 1.21165e-17)
(26.4672 2.54476 -1.29579e-17)
(26.4688 2.55293 0)
(26.4697 2.56159 3.59038e-17)
(26.4701 2.57074 -7.21493e-18)
(26.4698 2.58034 0)
(26.4687 2.59038 0)
(26.4669 2.60082 -3.07272e-17)
(26.4642 2.61161 -7.36205e-17)
(26.4607 2.62272 0)
(26.4563 2.63404 -7.06594e-17)
(26.4512 2.64566 -6.8531e-17)
(26.4453 2.65725 0)
(26.4391 2.66931 0)
(26.4332 2.67919 0)
(26.4277 2.68928 1.33084e-16)
(26.4214 2.6968 0)
(26.415 2.71079 0)
(26.4078 2.71372 9.46377e-17)
(26.4017 2.73817 0)
(26.3932 2.72451 8.61232e-17)
(26.3897 2.77946 1.27946e-16)
(26.3784 2.71455 -1.40834e-16)
(26.3826 2.85735 0)
(26.3677 2.64534 0)
(26.3715 3.03277 5.25119e-17)
(26.4474 2.42896 -2.99852e-16)
(26.3361 2.47366 -5.72944e-20)
(26.3359 2.4739 3.78416e-19)
(26.3356 2.47449 -3.20248e-19)
(26.3353 2.47501 -3.76364e-19)
(26.3349 2.47559 0)
(26.3345 2.4762 7.48262e-19)
(26.334 2.47684 0)
(26.3334 2.47751 0)
(26.3328 2.47823 -1.1332e-19)
(26.3321 2.47898 0)
(26.3314 2.47979 8.48095e-19)
(26.3306 2.48063 -2.70384e-18)
(26.3297 2.48153 1.23368e-18)
(26.3288 2.48248 0)
(26.3278 2.48349 -2.66708e-18)
(26.3268 2.48456 -1.43814e-18)
(26.3256 2.48569 -1.43093e-18)
(26.3244 2.48691 0)
(26.3232 2.48819 0)
(26.3218 2.48956 0)
(26.3204 2.49102 0)
(26.319 2.49257 0)
(26.3174 2.49423 -4.31654e-19)
(26.3158 2.49599 0)
(26.3141 2.49787 -4.58977e-18)
(26.3124 2.49988 5.40012e-18)
(26.3106 2.50202 0)
(26.3087 2.50431 0)
(26.3068 2.50675 -9.70202e-18)
(26.3048 2.50935 8.17701e-19)
(26.3027 2.51213 0)
(26.3006 2.51509 -1.60029e-18)
(26.2984 2.51826 -8.52808e-18)
(26.2962 2.52162 -9.99463e-18)
(26.2939 2.52523 -9.87375e-18)
(26.2915 2.52907 8.23439e-18)
(26.2891 2.53316 0)
(26.2866 2.53751 0)
(26.2841 2.54216 0)
(26.2815 2.54709 0)
(26.2789 2.55235 -3.34391e-17)
(26.2763 2.55794 1.77834e-17)
(26.2737 2.56386 -1.74592e-17)
(26.271 2.57016 2.91353e-17)
(26.2684 2.57683 -2.85837e-17)
(26.2659 2.5839 2.80149e-17)
(26.2634 2.59138 0)
(26.261 2.59928 -2.68181e-17)
(26.2588 2.60762 -3.05239e-17)
(26.2566 2.61641 -2.55469e-17)
(26.2546 2.62564 0)
(26.2526 2.63532 -5.60344e-17)
(26.2507 2.64547 0)
(26.2489 2.65605 0)
(26.247 2.66708 0)
(26.2452 2.67854 0)
(26.2435 2.69044 9.39019e-17)
(26.2418 2.70276 7.91459e-17)
(26.2404 2.71551 -1.02789e-17)
(26.2391 2.72865 0)
(26.2378 2.74216 0)
(26.2365 2.75599 -1.41385e-16)
(26.2349 2.77012 7.87016e-17)
(26.233 2.78449 -2.55038e-16)
(26.2306 2.79909 -1.1421e-16)
(26.2278 2.81391 1.08043e-16)
(26.2246 2.82879 -1.12841e-16)
(26.2212 2.84184 0)
(26.2181 2.85318 1.15193e-16)
(26.2148 2.8654 0)
(26.2112 2.87827 0)
(26.2072 2.89197 -8.63705e-17)
(26.2017 2.90641 -1.69957e-16)
(26.1927 2.92058 0)
(26.1767 2.93744 0)
(26.1573 2.94476 0)
(26.1348 2.9822 1.99549e-16)
(26.1589 2.93919 -2.16525e-16)
(26.1841 3.13588 1.22333e-16)
(26.3237 2.77351 5.22329e-16)
(26.3562 2.51969 2.12987e-19)
(26.3566 2.51955 2.55282e-19)
(26.3569 2.5195 0)
(26.3571 2.51936 2.48267e-19)
(26.3573 2.51915 0)
(26.3575 2.51896 -1.04668e-18)
(26.3577 2.51876 -4.7363e-19)
(26.3578 2.51855 -4.65403e-19)
(26.3575 2.5183 0)
(26.3565 2.51803 -1.49711e-18)
(26.3548 2.51772 8.78106e-19)
(26.3542 2.51749 -8.59207e-19)
(26.3586 2.51749 -8.39655e-19)
(26.3717 2.51774 -8.19548e-19)
(26.3894 2.51783 0)
(26.3938 2.51644 0)
(26.3518 2.51141 1.6845e-18)
(26.2262 2.5002 2.18319e-19)
(25.9937 2.48099 -1.25911e-18)
(25.6604 2.45363 0)
(25.266 2.42033 1.11272e-18)
(24.8762 2.38563 1.23047e-18)
(24.5706 2.35588 2.3746e-18)
(24.4236 2.33793 4.29794e-18)
(24.4826 2.33718 4.18087e-18)
(24.7474 2.3554 0)
(25.1613 2.38932 0)
(25.6238 2.43094 0)
(26.0251 2.47013 2.01689e-18)
(26.2906 2.49864 3.42627e-18)
(26.4103 2.51361 3.66868e-18)
(26.4297 2.51779 0)
(26.4099 2.5166 3.15691e-19)
(26.3919 2.51456 -2.69669e-19)
(26.3875 2.51376 0)
(26.3923 2.51428 0)
(26.3988 2.51541 4.1272e-18)
(26.4035 2.51659 1.76924e-19)
(26.4066 2.51768 0)
(26.4092 2.51881 2.54322e-18)
(26.4119 2.52011 2.10964e-18)
(26.4148 2.52163 -1.55625e-19)
(26.4178 2.52337 0)
(26.4208 2.52535 -1.15406e-18)
(26.4239 2.52758 -1.22892e-18)
(26.4269 2.53009 0)
(26.4299 2.53289 0)
(26.4329 2.53602 2.25801e-18)
(26.4358 2.53949 0)
(26.4386 2.54331 0)
(26.4411 2.54753 -6.0245e-18)
(26.4435 2.55214 9.89264e-18)
(26.4457 2.55718 0)
(26.4475 2.56265 -2.96195e-18)
(26.4489 2.56856 1.27656e-17)
(26.4499 2.57493 0)
(26.4505 2.58175 2.21106e-17)
(26.4505 2.58903 -2.9079e-17)
(26.45 2.59676 0)
(26.4489 2.60492 0)
(26.4471 2.61351 3.03947e-17)
(26.4446 2.62248 2.5021e-17)
(26.4414 2.63184 5.00083e-17)
(26.4375 2.64148 -4.96031e-17)
(26.4328 2.65151 0)
(26.4276 2.66161 0)
(26.422 2.6723 0)
(26.4168 2.68112 0)
(26.4119 2.6903 -6.1536e-17)
(26.4063 2.6971 4.9134e-17)
(26.4007 2.71014 4.48457e-17)
(26.3942 2.71275 -1.76433e-16)
(26.3891 2.73603 -7.32807e-17)
(26.3813 2.7229 6.81773e-17)
(26.379 2.77601 -1.27209e-16)
(26.3682 2.71318 1.14512e-16)
(26.3741 2.85283 0)
(26.3592 2.6449 0)
(26.3656 3.02834 -5.22665e-17)
(26.4406 2.42761 2.98735e-16)
(26.3559 2.52021 -4.56482e-20)
(26.3556 2.52042 2.57688e-19)
(26.3553 2.52088 3.02549e-19)
(26.355 2.52129 0)
(26.3546 2.52176 0)
(26.3542 2.52224 0)
(26.3537 2.52275 5.07761e-19)
(26.3533 2.52328 -5.0606e-19)
(26.3527 2.52386 -5.94825e-19)
(26.3522 2.52446 0)
(26.3516 2.5251 5.90785e-19)
(26.3509 2.52578 1.17725e-18)
(26.3502 2.52649 -1.79971e-19)
(26.3495 2.52725 0)
(26.3487 2.52807 1.16311e-18)
(26.3479 2.52892 -9.79242e-19)
(26.347 2.52983 0)
(26.346 2.53081 0)
(26.3451 2.53184 9.642e-19)
(26.344 2.53294 0)
(26.3429 2.53411 0)
(26.3418 2.53536 0)
(26.3406 2.53669 -2.23195e-18)
(26.3394 2.53812 -1.87022e-18)
(26.3381 2.53963 4.40651e-18)
(26.3368 2.54125 -3.6882e-18)
(26.3354 2.54297 3.66081e-18)
(26.3339 2.54482 0)
(26.3325 2.54679 4.27692e-18)
(26.3309 2.5489 4.24116e-18)
(26.3293 2.55114 0)
(26.3276 2.55355 -8.3309e-18)
(26.3259 2.55611 1.30288e-18)
(26.3241 2.55885 0)
(26.3223 2.56178 0)
(26.3204 2.5649 -7.98981e-18)
(26.3185 2.56824 -6.65313e-18)
(26.3164 2.5718 6.57306e-18)
(26.3144 2.5756 0)
(26.3122 2.57966 0)
(26.3101 2.58399 1.49587e-17)
(26.3078 2.5886 0)
(26.3056 2.59351 -1.22545e-17)
(26.3033 2.59875 -2.84878e-17)
(26.3011 2.60431 2.79752e-17)
(26.2988 2.61023 -4.16351e-18)
(26.2966 2.61652 0)
(26.2944 2.6232 4.86994e-17)
(26.2923 2.63027 -2.19143e-17)
(26.2903 2.63777 3.6821e-18)
(26.2882 2.64568 0)
(26.2862 2.65403 -4.08184e-17)
(26.2842 2.66281 0)
(26.2821 2.67203 -3.86569e-17)
(26.2799 2.6817 0)
(26.2778 2.69181 0)
(26.2756 2.70238 0)
(26.2735 2.7134 -7.82433e-17)
(26.2714 2.72488 -7.52091e-17)
(26.2695 2.7368 0)
(26.2674 2.74915 0)
(26.2652 2.76188 6.59476e-17)
(26.2627 2.77498 7.44824e-18)
(26.2598 2.78842 1.19489e-16)
(26.2564 2.80217 1.13345e-16)
(26.2526 2.81623 -2.02706e-16)
(26.2482 2.83048 9.04004e-17)
(26.2439 2.84308 0)
(26.24 2.8541 -1.14316e-16)
(26.2359 2.86604 9.37166e-17)
(26.2315 2.87872 0)
(26.2265 2.8923 8.58881e-17)
(26.2198 2.90661 0)
(26.2091 2.92098 0)
(26.1915 2.93722 0)
(26.1707 2.94662 -1.04642e-16)
(26.1495 2.98049 -1.98955e-16)
(26.1748 2.94631 0)
(26.2038 3.13256 -1.22046e-16)
(26.3366 2.78189 0)
(26.373 2.55938 -2.8192e-19)
(26.3733 2.55924 -2.41398e-19)
(26.3736 2.55919 0)
(26.3739 2.55905 -3.58572e-20)
(26.3742 2.55887 0)
(26.3744 2.55869 8.42953e-19)
(26.3746 2.55852 8.29618e-19)
(26.3748 2.55834 4.41208e-19)
(26.375 2.55813 0)
(26.375 2.55791 4.25223e-19)
(26.3745 2.55765 -1.18804e-18)
(26.3732 2.55736 8.16279e-19)
(26.3717 2.55707 7.98312e-19)
(26.3727 2.55688 1.44415e-18)
(26.3806 2.55698 0)
(26.398 2.55735 -6.31421e-19)
(26.4192 2.55749 6.12477e-19)
(26.4248 2.55606 1.9731e-18)
(26.3817 2.55086 1.3138e-18)
(26.2532 2.53936 1.04701e-18)
(26.0177 2.5198 -1.14844e-18)
(25.6849 2.4923 -9.1441e-19)
(25.299 2.45945 0)
(24.9313 2.4263 -1.10968e-18)
(24.6634 2.39955 -1.85983e-18)
(24.5656 2.38591 -1.54063e-18)
(24.6736 2.38994 0)
(24.9698 2.41198 0)
(25.3825 2.44723 0)
(25.8081 2.48696 -4.57172e-18)
(26.1496 2.52163 0)
(26.3549 2.54471 0)
(26.4328 2.55516 2.7234e-18)
(26.4338 2.55671 -2.51518e-18)
(26.4117 2.55461 0)
(26.3969 2.55265 0)
(26.3952 2.55217 1.70072e-18)
(26.4001 2.5528 3.31185e-18)
(26.4052 2.55378 0)
(26.4084 2.55469 0)
(26.4103 2.55552 -4.04545e-18)
(26.412 2.55643 -8.49208e-21)
(26.4139 2.55752 0)
(26.416 2.55882 0)
(26.4181 2.56031 9.61393e-19)
(26.4202 2.56201 0)
(26.4223 2.56395 0)
(26.4243 2.56613 0)
(26.4263 2.56859 0)
(26.4281 2.57134 0)
(26.4298 2.5744 9.92534e-18)
(26.4313 2.57779 0)
(26.4327 2.58153 0)
(26.4337 2.58564 -8.8202e-18)
(26.4345 2.59013 7.30377e-18)
(26.4349 2.59502 -7.94589e-18)
(26.4349 2.60032 -4.78311e-18)
(26.4345 2.60604 1.79855e-17)
(26.4336 2.61218 0)
(26.4322 2.61875 1.9427e-17)
(26.4303 2.62574 0)
(26.4277 2.63313 -2.47506e-17)
(26.4246 2.64093 -6.98398e-17)
(26.4208 2.64907 4.91188e-17)
(26.4164 2.65764 4.03176e-17)
(26.4115 2.66638 3.96982e-17)
(26.4063 2.67579 0)
(26.4015 2.6836 2.40982e-17)
(26.3971 2.6919 0)
(26.392 2.69802 -7.01359e-18)
(26.3869 2.71009 -4.44884e-17)
(26.3811 2.71239 8.1851e-17)
(26.3766 2.73448 7.27745e-17)
(26.3696 2.72186 -6.77402e-17)
(26.368 2.77311 0)
(26.3581 2.71233 -1.25437e-17)
(26.365 2.84884 0)
(26.3509 2.64497 0)
(26.3586 3.02468 -1.68099e-17)
(26.4341 2.42726 0)
(26.3727 2.55978 -2.4437e-19)
(26.3724 2.55997 -4.50151e-19)
(26.3721 2.56034 -2.05801e-19)
(26.3718 2.56067 0)
(26.3714 2.56105 0)
(26.3711 2.56143 0)
(26.3707 2.56185 -4.81697e-19)
(26.3703 2.56229 8.86102e-19)
(26.3698 2.56274 0)
(26.3694 2.56324 0)
(26.3689 2.56376 0)
(26.3684 2.56431 0)
(26.3678 2.56489 -5.46421e-19)
(26.3672 2.56552 7.94228e-19)
(26.3666 2.56618 0)
(26.366 2.56688 1.72164e-18)
(26.3653 2.56763 0)
(26.3646 2.56842 0)
(26.3639 2.56927 -9.21861e-19)
(26.3631 2.57017 0)
(26.3623 2.57113 0)
(26.3614 2.57215 0)
(26.3606 2.57325 0)
(26.3596 2.57442 1.79529e-18)
(26.3587 2.57566 0)
(26.3577 2.57699 2.05604e-18)
(26.3566 2.57841 -3.52304e-18)
(26.3556 2.57993 0)
(26.3544 2.58155 0)
(26.3533 2.58328 -2.89437e-18)
(26.3521 2.58513 0)
(26.3508 2.58712 -2.84677e-18)
(26.3495 2.58922 6.72325e-18)
(26.3481 2.59149 5.59196e-18)
(26.3467 2.59391 -5.53785e-18)
(26.3453 2.5965 0)
(26.3437 2.59926 1.03742e-18)
(26.3421 2.60222 -6.3902e-18)
(26.3405 2.60538 5.30333e-18)
(26.3388 2.60876 0)
(26.337 2.61238 0)
(26.3352 2.61623 0)
(26.3334 2.62036 1.90238e-18)
(26.3316 2.62476 0)
(26.3297 2.62945 9.76432e-18)
(26.3278 2.63447 -3.58385e-18)
(26.3259 2.63981 0)
(26.3241 2.64551 -2.19563e-17)
(26.3222 2.65156 2.15131e-17)
(26.3204 2.658 3.88716e-17)
(26.3185 2.66483 -1.74382e-17)
(26.3166 2.67206 4.01679e-17)
(26.3146 2.6797 -3.32782e-17)
(26.3124 2.68777 3.80966e-17)
(26.3102 2.69627 -3.15741e-17)
(26.3078 2.70522 0)
(26.3055 2.71462 0)
(26.3031 2.72449 0)
(26.3007 2.73485 0)
(26.2983 2.74566 0)
(26.2958 2.75694 0)
(26.293 2.76866 0)
(26.2897 2.78079 5.48984e-17)
(26.2861 2.79333 0)
(26.2819 2.80627 0)
(26.2772 2.8196 1.77698e-16)
(26.2719 2.83321 -8.97711e-17)
(26.2668 2.84534 4.88291e-17)
(26.2623 2.85604 0)
(26.2575 2.86769 -1.07349e-17)
(26.2523 2.88014 0)
(26.2464 2.89357 6.86226e-17)
(26.2385 2.90773 0)
(26.2262 2.92222 0)
(26.2071 2.93794 0)
(26.1849 2.94923 1.04267e-16)
(26.1657 2.98006 0)
(26.1917 2.95415 -1.67865e-16)
(26.2257 3.13119 1.02825e-16)
(26.3484 2.79259 2.25079e-16)
(26.388 2.5931 -3.25295e-20)
(26.3883 2.59298 0)
(26.3885 2.5929 0)
(26.3888 2.59277 -1.88728e-19)
(26.3891 2.5926 0)
(26.3893 2.59244 -3.66945e-19)
(26.3896 2.59227 -3.61402e-19)
(26.3898 2.5921 0)
(26.39 2.59191 0)
(26.3902 2.59171 2.87245e-19)
(26.3904 2.59149 3.36971e-19)
(26.3903 2.59126 0)
(26.3895 2.59098 0)
(26.3881 2.59067 -1.16299e-18)
(26.3873 2.5904 -5.18287e-19)
(26.3903 2.59032 6.02728e-19)
(26.4015 2.59061 -9.39901e-20)
(26.4224 2.59123 -5.70875e-19)
(26.4457 2.59155 0)
(26.45 2.59012 -1.9557e-18)
(26.4009 2.58455 0)
(26.2624 2.57227 1.74065e-18)
(26.0164 2.55165 7.45029e-19)
(25.6789 2.52324 -8.26654e-19)
(25.3021 2.49034 0)
(24.963 2.45871 2.75436e-18)
(24.7436 2.43544 0)
(24.706 2.42695 -1.17469e-18)
(24.8688 2.43657 0)
(25.1953 2.46282 1.92113e-19)
(25.6012 2.49932 0)
(25.9842 2.5367 0)
(26.2629 2.56626 0)
(26.4083 2.58344 1.8638e-18)
(26.4469 2.58925 -1.73513e-18)
(26.4325 2.5884 0)
(26.4107 2.58582 -3.10279e-18)
(26.4008 2.58427 0)
(26.4019 2.5842 0)
(26.4066 2.58488 0)
(26.41 2.58562 1.93896e-18)
(26.4116 2.58624 8.39354e-20)
(26.4126 2.58683 1.2574e-18)
(26.4136 2.58754 -9.94451e-19)
(26.4148 2.58843 7.37159e-19)
(26.4161 2.5895 0)
(26.4174 2.59075 0)
(26.4185 2.59219 -1.49233e-20)
(26.4196 2.59385 0)
(26.4207 2.59573 8.7164e-19)
(26.4215 2.59788 -3.93632e-18)
(26.4223 2.60029 3.34746e-18)
(26.4228 2.60299 0)
(26.4231 2.60601 0)
(26.4232 2.60934 -1.80611e-18)
(26.4229 2.61303 7.82521e-18)
(26.4223 2.61708 -1.67724e-17)
(26.4214 2.62151 -1.77376e-17)
(26.42 2.62633 0)
(26.4182 2.63154 -1.91838e-17)
(26.4159 2.63717 -1.56871e-17)
(26.4132 2.6432 0)
(26.4099 2.64965 3.64063e-17)
(26.406 2.65647 0)
(26.4017 2.66376 -7.22864e-18)
(26.3969 2.67127 -3.93295e-17)
(26.3918 2.6795 0)
(26.3873 2.68639 -2.38466e-17)
(26.3831 2.69387 -1.85664e-17)
(26.3784 2.69935 -7.6016e-17)
(26.3737 2.71051 0)
(26.3682 2.71251 0)
(26.3643 2.73342 0)
(26.3578 2.72132 -5.04992e-17)
(26.3569 2.77072 0)
(26.3477 2.71199 -1.00739e-16)
(26.3554 2.84538 0)
(26.3423 2.64564 0)
(26.351 3.02168 1.67246e-17)
(26.4265 2.42828 -2.58646e-16)
(26.3877 2.59344 8.16921e-20)
(26.3875 2.5936 1.95556e-19)
(26.3872 2.5939 3.25019e-20)
(26.3869 2.59418 0)
(26.3866 2.59449 1.61885e-19)
(26.3863 2.59481 0)
(26.386 2.59515 -1.61029e-19)
(26.3857 2.59552 -2.2515e-19)
(26.3853 2.5959 0)
(26.385 2.59631 0)
(26.3846 2.59674 3.18183e-19)
(26.3842 2.59721 -3.17116e-19)
(26.3838 2.59769 -3.80038e-19)
(26.3834 2.59821 -1.07235e-18)
(26.3829 2.59877 -6.27306e-19)
(26.3824 2.59935 -7.5202e-19)
(26.382 2.59998 6.22239e-19)
(26.3814 2.60064 0)
(26.3809 2.60135 0)
(26.3803 2.6021 0)
(26.3798 2.6029 0)
(26.3792 2.60376 -1.21549e-18)
(26.3785 2.60468 0)
(26.3779 2.60565 1.20235e-18)
(26.3772 2.60669 0)
(26.3765 2.60781 1.43372e-18)
(26.3757 2.60899 -1.18084e-18)
(26.375 2.61026 0)
(26.3742 2.61162 2.33023e-18)
(26.3733 2.61307 2.79394e-18)
(26.3724 2.61462 0)
(26.3715 2.61629 2.75279e-18)
(26.3706 2.61805 0)
(26.3696 2.61996 -3.17472e-18)
(26.3685 2.62199 5.36904e-18)
(26.3674 2.62416 0)
(26.3663 2.62649 9.07254e-19)
(26.3651 2.62899 0)
(26.3638 2.63165 -8.87485e-19)
(26.3625 2.63451 -4.22554e-18)
(26.3612 2.63757 0)
(26.3598 2.64084 0)
(26.3584 2.64435 9.82864e-18)
(26.3569 2.6481 0)
(26.3554 2.65211 -9.55082e-18)
(26.3539 2.65641 -1.88074e-17)
(26.3524 2.661 0)
(26.3509 2.66591 0)
(26.3494 2.67115 0)
(26.3478 2.67673 -1.75002e-17)
(26.3462 2.68268 1.71403e-17)
(26.3444 2.68899 -1.39991e-17)
(26.3425 2.6957 3.27595e-17)
(26.3405 2.7028 0)
(26.3383 2.71032 3.11261e-17)
(26.3359 2.71829 0)
(26.3335 2.72671 -2.47183e-17)
(26.3311 2.73559 -2.39985e-17)
(26.3285 2.74497 0)
(26.3259 2.75482 2.24971e-17)
(26.323 2.76516 0)
(26.3198 2.77596 0)
(26.3161 2.78723 0)
(26.3118 2.79895 0)
(26.307 2.81113 0)
(26.3017 2.82377 -8.23324e-17)
(26.2957 2.83679 6.73311e-17)
(26.29 2.84847 -4.83813e-17)
(26.2849 2.85884 0)
(26.2796 2.87021 -8.16828e-17)
(26.2738 2.88245 0)
(26.2671 2.8957 -6.81995e-17)
(26.258 2.90974 -5.41832e-17)
(26.2441 2.92429 0)
(26.2235 2.93963 0)
(26.2003 2.95266 -8.24543e-17)
(26.1834 2.98099 0)
(26.2105 2.96303 3.17134e-16)
(26.249 3.13162 -1.02544e-16)
(26.3617 2.80624 -2.24254e-16)
(26.4016 2.62147 -9.17237e-20)
(26.4019 2.62134 0)
(26.4021 2.62125 1.23632e-19)
(26.4023 2.62111 1.2214e-19)
(26.4026 2.62095 0)
(26.4028 2.62078 -1.18972e-19)
(26.403 2.62061 1.17301e-19)
(26.4032 2.62044 0)
(26.4034 2.62025 0)
(26.4036 2.62005 -2.73342e-19)
(26.4038 2.61984 -2.19811e-19)
(26.404 2.61963 2.15778e-19)
(26.4041 2.61939 -2.11598e-19)
(26.4038 2.61912 7.12901e-19)
(26.4028 2.61882 8.88072e-20)
(26.4014 2.6185 0)
(26.4013 2.61826 -4.71055e-19)
(26.4062 2.61831 0)
(26.4204 2.61879 -3.66869e-19)
(26.4442 2.61962 8.65907e-19)
(26.4684 2.62005 0)
(26.4686 2.61836 -8.02858e-19)
(26.4087 2.612 -7.60945e-19)
(26.2538 2.59833 5.90288e-19)
(25.9919 2.57608 0)
(25.6482 2.54648 -1.25573e-18)
(25.2846 2.51375 0)
(24.9835 2.48445 1.13429e-18)
(24.8237 2.46587 9.0306e-19)
(24.8543 2.46361 1.04942e-18)
(25.0735 2.47937 0)
(25.4251 2.50959 0)
(25.8148 2.54636 7.80831e-19)
(26.1458 2.5801 -1.77013e-18)
(26.3567 2.6035 3.07061e-18)
(26.4439 2.61447 -1.31158e-18)
(26.4495 2.61608 2.61518e-18)
(26.4267 2.61361 1.09848e-18)
(26.4091 2.61114 9.90171e-19)
(26.4047 2.6102 0)
(26.4077 2.61043 0)
(26.4113 2.611 1.48446e-18)
(26.413 2.61147 -1.22474e-18)
(26.4134 2.61185 4.7499e-20)
(26.4137 2.61228 -1.43847e-18)
(26.4141 2.61285 5.20863e-19)
(26.4145 2.61358 6.55054e-19)
(26.4149 2.61445 1.45974e-20)
(26.4153 2.61548 0)
(26.4155 2.6167 -1.28712e-18)
(26.4156 2.61812 0)
(26.4156 2.61975 -3.28508e-18)
(26.4154 2.62163 0)
(26.415 2.62376 0)
(26.4143 2.62617 -9.15191e-18)
(26.4134 2.62889 4.33925e-18)
(26.4122 2.63192 0)
(26.4106 2.63528 5.16311e-18)
(26.4087 2.63901 0)
(26.4064 2.6431 -1.15843e-17)
(26.4037 2.64759 1.54923e-17)
(26.4006 2.65246 0)
(26.397 2.65776 -2.87911e-17)
(26.3929 2.66344 0)
(26.3884 2.66961 -3.2361e-17)
(26.3835 2.67604 -1.28665e-17)
(26.3785 2.68323 0)
(26.374 2.68929 1.59e-17)
(26.37 2.69601 1.83779e-17)
(26.3654 2.70092 6.30993e-18)
(26.3609 2.71121 2.59722e-17)
(26.3558 2.71298 2.43233e-17)
(26.3522 2.73274 2.18515e-17)
(26.3461 2.72119 8.33267e-18)
(26.3457 2.76874 -3.45562e-17)
(26.3371 2.71213 0)
(26.3454 2.84239 0)
(26.3332 2.64695 0)
(26.3428 3.0192 6.02615e-18)
(26.4177 2.43088 2.57547e-16)
(26.4014 2.62176 4.89883e-20)
(26.4012 2.6219 -6.31335e-20)
(26.401 2.62215 9.14822e-20)
(26.4008 2.6224 1.2573e-19)
(26.4006 2.62266 -1.53867e-19)
(26.4003 2.62294 1.25148e-19)
(26.4001 2.62323 1.53189e-19)
(26.3999 2.62355 -1.52818e-19)
(26.3996 2.62388 0)
(26.3994 2.62423 0)
(26.3991 2.62461 -5.63635e-20)
(26.3988 2.625 3.02433e-19)
(26.3985 2.62542 0)
(26.3982 2.62587 3.00596e-19)
(26.3979 2.62635 3.5557e-19)
(26.3976 2.62685 0)
(26.3973 2.62739 -1.07882e-18)
(26.3969 2.62796 0)
(26.3966 2.62857 0)
(26.3962 2.62922 0)
(26.3958 2.62991 0)
(26.3955 2.63065 6.93076e-19)
(26.395 2.63143 0)
(26.3946 2.63227 -1.15545e-18)
(26.3942 2.63316 0)
(26.3937 2.63412 0)
(26.3932 2.63514 2.05903e-18)
(26.3927 2.63623 0)
(26.3922 2.63739 -2.24804e-18)
(26.3917 2.63864 0)
(26.3911 2.63997 0)
(26.3905 2.64139 0)
(26.3898 2.64291 0)
(26.3892 2.64454 -2.1718e-18)
(26.3884 2.64628 0)
(26.3877 2.64815 0)
(26.3869 2.65014 4.23603e-18)
(26.3861 2.65229 0)
(26.3852 2.65458 -4.1568e-18)
(26.3842 2.65704 4.11464e-18)
(26.3833 2.65967 0)
(26.3823 2.66249 0)
(26.3813 2.66552 0)
(26.3802 2.66877 -6.35768e-18)
(26.3791 2.67226 0)
(26.378 2.67599 -6.19029e-18)
(26.3769 2.67999 0)
(26.3758 2.68428 0)
(26.3746 2.68887 0)
(26.3733 2.69376 1.16255e-17)
(26.3719 2.699 0)
(26.3704 2.70458 2.56541e-18)
(26.3687 2.71052 0)
(26.3668 2.71685 -1.07408e-17)
(26.3647 2.72357 0)
(26.3625 2.73072 -2.04924e-17)
(26.3602 2.73831 2.43924e-17)
(26.3578 2.74638 4.31269e-17)
(26.3552 2.75492 -1.88725e-17)
(26.3525 2.76395 -3.94356e-18)
(26.3494 2.77347 0)
(26.3459 2.78349 0)
(26.3419 2.79399 3.29773e-17)
(26.3372 2.80499 0)
(26.332 2.8165 0)
(26.3261 2.82852 0)
(26.3196 2.841 -6.68187e-17)
(26.3134 2.85227 0)
(26.308 2.86236 0)
(26.3022 2.87347 0)
(26.2959 2.88551 0)
(26.2885 2.89861 0)
(26.2782 2.91254 5.387e-17)
(26.2628 2.92712 4.17415e-17)
(26.2408 2.94224 0)
(26.2172 2.95691 8.21233e-17)
(26.2028 2.98329 0)
(26.2316 2.9731 -1.49287e-16)
(26.2743 3.13374 -7.83503e-17)
(26.3764 2.82324 -1.9414e-16)
(26.4153 2.64488 -1.31522e-20)
(26.4155 2.64475 -4.64106e-20)
(26.4156 2.64464 -1.63385e-19)
(26.4158 2.6445 -2.06838e-19)
(26.4159 2.64434 -8.96243e-20)
(26.4161 2.64418 1.13177e-19)
(26.4163 2.64401 -1.98909e-19)
(26.4164 2.64383 -8.6028e-20)
(26.4166 2.64364 -8.47371e-20)
(26.4168 2.64345 -1.66789e-19)
(26.4169 2.64324 2.0952e-19)
(26.417 2.64302 -2.05752e-19)
(26.4172 2.64279 2.0187e-19)
(26.4174 2.64255 -1.97845e-19)
(26.4173 2.64229 3.87356e-19)
(26.4168 2.64199 1.48513e-19)
(26.4155 2.64165 -2.90212e-19)
(26.4141 2.64132 0)
(26.4147 2.64114 3.51275e-19)
(26.4216 2.6413 2.68371e-19)
(26.4388 2.64199 0)
(26.4655 2.643 0)
(26.489 2.64338 0)
(26.4816 2.64113 -5.93214e-19)
(26.4049 2.63345 4.42488e-19)
(26.2271 2.61782 0)
(25.9452 2.59351 0)
(25.597 2.56276 -3.67324e-19)
(25.2546 2.53088 -1.22699e-18)
(25.0038 2.50513 6.63675e-19)
(24.9155 2.49258 0)
(25.0205 2.49757 6.11323e-19)
(25.2937 2.5196 -1.32662e-18)
(25.6596 2.55293 0)
(26.0179 2.58834 -1.33848e-18)
(26.2843 2.61676 1.2563e-18)
(26.4242 2.63315 -2.10822e-18)
(26.46 2.63828 -1.06374e-18)
(26.4438 2.63686 -1.7497e-18)
(26.4207 2.6339 7.09592e-19)
(26.4097 2.63209 0)
(26.4094 2.6317 5.51081e-19)
(26.4122 2.63193 0)
(26.4139 2.63214 8.98637e-19)
(26.414 2.63223 7.01588e-19)
(26.4136 2.63234 -5.08519e-19)
(26.4133 2.63259 -9.79635e-19)
(26.4131 2.63301 0)
(26.4128 2.63357 0)
(26.4123 2.63427 4.24198e-19)
(26.4117 2.63512 -4.17029e-19)
(26.411 2.63616 -6.65419e-19)
(26.4101 2.63739 -9.0146e-19)
(26.4089 2.63883 -1.12417e-18)
(26.4076 2.64051 5.12625e-18)
(26.406 2.64245 -1.2179e-18)
(26.4041 2.64466 -3.4049e-18)
(26.4019 2.64718 -5.08684e-18)
(26.3993 2.65001 0)
(26.3965 2.65319 1.1428e-17)
(26.3932 2.65674 0)
(26.3896 2.66066 9.2595e-18)
(26.3856 2.66499 1.25455e-17)
(26.3812 2.66971 -9.69178e-18)
(26.3764 2.67493 0)
(26.3713 2.68043 2.25411e-17)
(26.3661 2.68672 9.7403e-18)
(26.3614 2.69206 -1.57194e-17)
(26.3574 2.69812 1.1515e-17)
(26.3529 2.70254 3.86429e-17)
(26.3485 2.71204 -5.55259e-18)
(26.3435 2.71362 -4.31379e-17)
(26.34 2.7323 -4.57539e-18)
(26.3343 2.72135 2.49309e-17)
(26.3342 2.7671 6.14178e-17)
(26.3261 2.71264 0)
(26.3347 2.83978 0)
(26.3232 2.64887 0)
(26.3338 3.01706 -6.28986e-18)
(26.4067 2.43543 0)
(26.4151 2.64512 -1.20227e-19)
(26.4149 2.64525 6.00164e-20)
(26.4148 2.64547 5.9912e-20)
(26.4146 2.64568 -1.1961e-19)
(26.4145 2.64591 -4.65843e-20)
(26.4143 2.64615 -2.61731e-20)
(26.4141 2.64641 -9.27712e-20)
(26.414 2.64669 9.25535e-20)
(26.4138 2.64697 0)
(26.4137 2.64728 0)
(26.4135 2.64761 -2.35599e-19)
(26.4133 2.64796 0)
(26.4131 2.64833 1.8266e-19)
(26.413 2.64872 1.82115e-19)
(26.4128 2.64914 4.14536e-19)
(26.4126 2.64958 1.80948e-19)
(26.4124 2.65005 2.82691e-19)
(26.4122 2.65056 0)
(26.412 2.65109 0)
(26.4118 2.65166 -3.56639e-19)
(26.4116 2.65227 0)
(26.4114 2.65292 8.08155e-19)
(26.4112 2.65361 0)
(26.411 2.65435 -3.50516e-19)
(26.4107 2.65513 0)
(26.4105 2.65598 -6.94224e-19)
(26.4102 2.65688 -8.88135e-19)
(26.41 2.65784 0)
(26.4097 2.65886 0)
(26.4094 2.65996 0)
(26.409 2.66113 0)
(26.4087 2.66238 0)
(26.4083 2.66372 0)
(26.4079 2.66516 -1.32282e-18)
(26.4075 2.6667 0)
(26.4071 2.66834 0)
(26.4066 2.6701 0)
(26.4061 2.67199 0)
(26.4055 2.67401 0)
(26.4049 2.67618 0)
(26.4043 2.67851 0)
(26.4037 2.68101 0)
(26.403 2.68369 2.44225e-18)
(26.4024 2.68657 1.10399e-17)
(26.4017 2.68966 0)
(26.401 2.69298 6.05678e-18)
(26.4002 2.69654 0)
(26.3994 2.70036 0)
(26.3986 2.70445 0)
(26.3976 2.70883 -6.96228e-18)
(26.3965 2.71352 0)
(26.3953 2.71852 1.10095e-17)
(26.3938 2.72387 0)
(26.3921 2.72958 2.30435e-18)
(26.3903 2.73567 0)
(26.3883 2.74217 2.81156e-17)
(26.3861 2.74911 -1.54545e-17)
(26.3838 2.7565 -1.91786e-17)
(26.3814 2.76438 1.86401e-17)
(26.3786 2.77273 -3.83945e-18)
(26.3755 2.78158 1.3815e-17)
(26.3718 2.79093 1.3373e-17)
(26.3675 2.80079 -3.26485e-17)
(26.3627 2.81118 0)
(26.3571 2.82212 0)
(26.3509 2.83361 0)
(26.344 2.84563 -2.20667e-17)
(26.3375 2.85656 0)
(26.3318 2.8664 0)
(26.3257 2.87729 -2.3427e-17)
(26.319 2.88917 0)
(26.3108 2.90214 0)
(26.2995 2.91601 -3.65962e-17)
(26.2826 2.93063 -7.51507e-17)
(26.2596 2.94571 0)
(26.236 2.96195 0)
(26.2248 2.98693 0)
(26.2558 2.98436 0)
(26.3025 3.13763 1.09459e-16)
(26.3935 2.84427 3.67644e-16)
(26.4275 2.66396 -1.15656e-20)
(26.4276 2.66381 4.41426e-20)
(26.4277 2.66368 1.13123e-20)
(26.4278 2.66353 8.63464e-20)
(26.4279 2.66336 5.36996e-20)
(26.428 2.66318 0)
(26.4281 2.663 8.31438e-20)
(26.4282 2.66281 8.19846e-20)
(26.4283 2.6626 8.07845e-20)
(26.4284 2.66239 1.59062e-19)
(26.4285 2.66217 0)
(26.4286 2.66194 0)
(26.4286 2.66169 0)
(26.4287 2.66144 0)
(26.4288 2.66117 0)
(26.4289 2.66088 -1.42011e-19)
(26.4287 2.66057 1.74307e-19)
(26.4278 2.66022 0)
(26.4261 2.65983 0)
(26.4247 2.65947 -2.57241e-19)
(26.4263 2.65932 0)
(26.4357 2.65961 -1.81051e-19)
(26.4564 2.66049 0)
(26.4854 2.66161 0)
(26.5059 2.66172 -4.36945e-19)
(26.4854 2.65845 -3.11927e-19)
(26.3845 2.64883 0)
(26.1775 2.63062 3.69126e-19)
(25.8743 2.604 3.45836e-19)
(25.5278 2.57251 -8.95801e-19)
(25.2197 2.54259 0)
(25.0344 2.52194 -5.87709e-19)
(25.0293 2.51687 5.61513e-19)
(25.2108 2.5297 4.03772e-19)
(25.5282 2.55729 0)
(25.8888 2.59165 0)
(26.1949 2.62299 1.24946e-18)
(26.3854 2.64393 0)
(26.4581 2.65273 7.6481e-19)
(26.4568 2.65295 -6.88694e-19)
(26.4333 2.65005 0)
(26.4172 2.64784 -5.36179e-19)
(26.4136 2.64729 0)
(26.4153 2.64769 0)
(26.4165 2.6481 5.07416e-19)
(26.4157 2.64821 0)
(26.4143 2.64815 6.26956e-19)
(26.4129 2.64815 1.92354e-19)
(26.4119 2.6483 0)
(26.4108 2.64858 5.14694e-21)
(26.4095 2.649 2.10536e-19)
(26.4081 2.64956 6.52486e-19)
(26.4065 2.65028 3.33925e-19)
(26.4046 2.65118 1.10399e-18)
(26.4026 2.65228 -4.41886e-19)
(26.4003 2.6536 -3.00069e-18)
(26.3977 2.65517 3.35076e-18)
(26.3949 2.65701 0)
(26.3917 2.65913 0)
(26.3882 2.66158 0)
(26.3844 2.66437 3.09651e-18)
(26.3802 2.66752 -1.23733e-17)
(26.3757 2.67108 0)
(26.3709 2.67502 9.57891e-18)
(26.3657 2.67946 0)
(26.3602 2.68421 -9.70176e-18)
(26.3546 2.68975 -9.64159e-18)
(26.3497 2.6945 4.3688e-18)
(26.3456 2.69999 -1.96569e-17)
(26.341 2.70401 -1.07514e-17)
(26.3366 2.71283 -1.99891e-17)
(26.3315 2.71431 1.88525e-17)
(26.3281 2.73199 -1.69611e-17)
(26.3226 2.72168 4.19814e-18)
(26.3224 2.76569 -3.66729e-17)
(26.3149 2.71343 0)
(26.3234 2.83747 0)
(26.3125 2.65135 0)
(26.3236 3.0149 2.95227e-19)
(26.3933 2.44235 0)
(26.4274 2.66418 1.6538e-20)
(26.4273 2.66431 0)
(26.4272 2.66452 3.29633e-20)
(26.4271 2.66472 0)
(26.427 2.66493 1.15419e-20)
(26.4269 2.66516 -8.86134e-20)
(26.4268 2.6654 1.21156e-19)
(26.4268 2.66566 -8.82777e-20)
(26.4267 2.66593 0)
(26.4266 2.66621 0)
(26.4265 2.66652 0)
(26.4265 2.66684 0)
(26.4264 2.66718 -1.74606e-19)
(26.4264 2.66754 -1.09878e-19)
(26.4263 2.66793 -3.01905e-19)
(26.4262 2.66834 -1.73221e-19)
(26.4262 2.66877 3.00101e-19)
(26.4261 2.66924 0)
(26.4261 2.66972 1.26512e-19)
(26.426 2.67025 4.68237e-19)
(26.426 2.6708 0)
(26.426 2.67139 -3.39771e-19)
(26.4259 2.67202 2.49085e-19)
(26.4259 2.67269 5.85151e-19)
(26.4258 2.6734 0)
(26.4258 2.67417 9.14355e-19)
(26.4257 2.67497 2.44501e-19)
(26.4257 2.67584 0)
(26.4256 2.67676 0)
(26.4255 2.67774 0)
(26.4255 2.6788 4.78393e-19)
(26.4254 2.67992 4.75453e-19)
(26.4253 2.68112 0)
(26.4252 2.68241 2.22021e-18)
(26.425 2.68378 0)
(26.4249 2.68525 0)
(26.4247 2.68683 0)
(26.4245 2.68852 0)
(26.4243 2.69034 -9.03482e-19)
(26.424 2.69228 0)
(26.4238 2.69438 -1.77491e-18)
(26.4235 2.69661 0)
(26.4232 2.69903 -2.38318e-18)
(26.423 2.70162 -6.43822e-18)
(26.4227 2.70441 1.70252e-18)
(26.4223 2.70741 0)
(26.422 2.71063 0)
(26.4216 2.71409 3.27952e-18)
(26.4211 2.7178 0)
(26.4204 2.72179 -4.3643e-18)
(26.4196 2.72605 0)
(26.4187 2.73062 0)
(26.4175 2.73551 0)
(26.4161 2.74075 1.40858e-17)
(26.4145 2.74635 0)
(26.4128 2.75236 -7.79971e-18)
(26.4109 2.75879 1.52392e-17)
(26.4088 2.76567 0)
(26.4065 2.77302 0)
(26.4039 2.78084 -2.44059e-17)
(26.4007 2.78916 -1.36566e-17)
(26.397 2.79799 -3.49508e-18)
(26.3927 2.80734 -9.41973e-18)
(26.3877 2.81725 0)
(26.382 2.82772 0)
(26.3755 2.83879 1.6884e-17)
(26.3684 2.85044 2.18843e-17)
(26.3617 2.86109 0)
(26.3559 2.87076 9.32391e-18)
(26.3496 2.88149 2.32242e-17)
(26.3426 2.89325 0)
(26.3338 2.90612 1.47614e-17)
(26.3214 2.91995 3.63629e-17)
(26.3033 2.93458 8.32945e-18)
(26.2794 2.94973 0)
(26.2564 2.96748 0)
(26.2488 2.99162 -1.99633e-17)
(26.2827 2.99643 0)
(26.3332 3.14297 -3.12501e-17)
(26.413 2.87012 -9.87195e-17)
(26.443 2.67793 -2.20094e-20)
(26.4431 2.67779 9.34887e-21)
(26.4431 2.67766 2.15806e-20)
(26.4432 2.67751 0)
(26.4432 2.67735 4.82129e-20)
(26.4432 2.67717 0)
(26.4433 2.67699 -1.75944e-20)
(26.4433 2.67681 -1.73438e-20)
(26.4433 2.6766 3.41715e-20)
(26.4434 2.6764 3.36292e-20)
(26.4434 2.67618 0)
(26.4434 2.67594 0)
(26.4434 2.6757 0)
(26.4434 2.67544 0)
(26.4434 2.67517 -3.05941e-20)
(26.4435 2.67488 5.98361e-20)
(26.4435 2.67458 9.89438e-20)
(26.4434 2.67426 0)
(26.4429 2.6739 0)
(26.4416 2.67349 0)
(26.4396 2.67304 -5.23447e-20)
(26.4384 2.67267 1.73887e-19)
(26.4416 2.67258 0)
(26.4542 2.67303 -9.44554e-20)
(26.4789 2.6741 -9.08016e-20)
(26.5091 2.67521 3.90907e-19)
(26.5224 2.6747 -8.29507e-20)
(26.4815 2.66979 0)
(26.3481 2.65744 0)
(26.1072 2.63605 3.80212e-19)
(25.7862 2.60712 0)
(25.4539 2.57577 0)
(25.1991 2.54963 0)
(25.0986 2.53646 -3.8804e-19)
(25.1878 2.54114 0)
(25.4428 2.56327 -1.9747e-19)
(25.7853 2.5965 -1.32746e-19)
(26.113 2.63076 0)
(26.3433 2.65654 0)
(26.4497 2.66923 0)
(26.463 2.67064 0)
(26.4382 2.66642 -3.05566e-19)
(26.4162 2.66186 0)
(26.4095 2.65936 0)
(26.4121 2.65877 -6.82655e-19)
(26.4155 2.65896 -1.50584e-19)
(26.4161 2.65914 -2.88418e-19)
(26.4146 2.65913 -1.88026e-19)
(26.4125 2.65907 9.40539e-20)
(26.4106 2.65909 -5.03842e-21)
(26.4087 2.65923 1.94071e-19)
(26.4066 2.65949 9.07643e-20)
(26.4044 2.65988 3.9364e-19)
(26.4019 2.66041 0)
(26.3991 2.6611 -1.35016e-18)
(26.3961 2.66199 5.89925e-19)
(26.3928 2.66309 0)
(26.3892 2.66442 0)
(26.3854 2.66602 8.22204e-19)
(26.3812 2.66791 0)
(26.3766 2.67013 -3.05399e-18)
(26.3718 2.67269 3.18947e-18)
(26.3667 2.67564 -2.03596e-18)
(26.3612 2.67897 0)
(26.3555 2.68281 0)
(26.3495 2.68697 0)
(26.3434 2.69191 2.14625e-18)
(26.3381 2.69619 -4.31524e-18)
(26.3337 2.70121 8.1744e-18)
(26.3289 2.70494 0)
(26.3243 2.71316 4.52105e-18)
(26.3191 2.71463 0)
(26.3154 2.73138 0)
(26.3099 2.7218 1.21483e-17)
(26.3098 2.76409 3.82723e-18)
(26.3022 2.71418 0)
(26.3111 2.83477 2.87308e-18)
(26.2991 2.65434 0)
(26.3138 3.01111 -6.64304e-18)
(26.3705 2.45245 3.76148e-17)
(26.4429 2.67812 -6.28882e-21)
(26.4428 2.67824 0)
(26.4428 2.67842 -3.14281e-20)
(26.4428 2.6786 -9.44253e-21)
(26.4427 2.67879 3.13319e-20)
(26.4427 2.679 0)
(26.4427 2.67921 -3.12256e-20)
(26.4427 2.67944 0)
(26.4426 2.67968 0)
(26.4426 2.67994 0)
(26.4427 2.68022 -1.87305e-20)
(26.4427 2.68051 0)
(26.4427 2.68082 0)
(26.4427 2.68116 -6.15508e-20)
(26.4427 2.68151 8.55643e-20)
(26.4428 2.68188 -3.7164e-20)
(26.4428 2.68228 -8.50422e-20)
(26.4429 2.68271 0)
(26.4429 2.68317 -1.21428e-19)
(26.443 2.68365 -1.21049e-19)
(26.4431 2.68417 0)
(26.4432 2.68471 0)
(26.4433 2.6853 -2.39634e-19)
(26.4434 2.68593 -2.38727e-19)
(26.4435 2.68659 -1.4559e-19)
(26.4436 2.68731 -2.36823e-19)
(26.4437 2.68807 -3.805e-19)
(26.4438 2.68889 0)
(26.4439 2.68975 0)
(26.444 2.69068 0)
(26.4441 2.69168 -4.62638e-19)
(26.4442 2.69273 -1.7632e-19)
(26.4443 2.69387 0)
(26.4444 2.69508 -6.28562e-19)
(26.4445 2.69638 0)
(26.4446 2.69777 0)
(26.4447 2.69926 2.76486e-19)
(26.4447 2.70086 0)
(26.4448 2.70257 8.78959e-19)
(26.4449 2.7044 0)
(26.4449 2.70638 2.26715e-18)
(26.445 2.70849 0)
(26.445 2.71076 0)
(26.4451 2.7132 6.33326e-19)
(26.4451 2.71582 -1.66386e-18)
(26.4452 2.71863 0)
(26.4451 2.72166 0)
(26.4451 2.7249 -3.21233e-18)
(26.4449 2.72838 0)
(26.4446 2.73211 9.7751e-19)
(26.4441 2.73611 1.92701e-18)
(26.4434 2.7404 0)
(26.4425 2.74499 -1.86646e-18)
(26.4414 2.74991 -5.85209e-18)
(26.4402 2.7552 0)
(26.4388 2.76087 1.76404e-18)
(26.4372 2.76695 0)
(26.4353 2.77347 0)
(26.4332 2.78045 -3.29422e-18)
(26.4307 2.7879 1.02046e-17)
(26.4276 2.79585 -3.1225e-18)
(26.4239 2.8043 -9.62328e-18)
(26.4196 2.81329 1.22585e-17)
(26.4145 2.82285 0)
(26.4088 2.833 0)
(26.4022 2.84377 -1.67306e-17)
(26.3949 2.85518 5.09362e-18)
(26.3883 2.86562 0)
(26.3824 2.87514 -9.23193e-18)
(26.376 2.88575 0)
(26.3686 2.89743 0)
(26.3591 2.91025 -1.93282e-17)
(26.3457 2.92408 8.64963e-18)
(26.3264 2.93881 2.49651e-17)
(26.3023 2.95425 0)
(26.281 2.97351 1.36985e-17)
(26.2783 2.99741 1.98741e-17)
(26.3159 3.00922 0)
(26.371 3.14885 -5.59654e-18)
(26.4434 2.9031 -1.71851e-17)
(26.4524 2.68986 -4.10813e-21)
(26.4525 2.68971 -6.48495e-21)
(26.4524 2.68955 6.41204e-21)
(26.4524 2.68939 0)
(26.4524 2.68921 -1.25174e-20)
(26.4523 2.68903 0)
(26.4523 2.68884 2.13974e-20)
(26.4523 2.68864 1.65572e-20)
(26.4522 2.68843 -4.16207e-20)
(26.4522 2.68821 -3.21235e-20)
(26.4521 2.68799 0)
(26.452 2.68775 8.61713e-21)
(26.4519 2.68751 0)
(26.4518 2.68726 -8.34341e-21)
(26.4517 2.687 2.92795e-20)
(26.4516 2.68672 -4.11906e-20)
(26.4515 2.68645 0)
(26.4514 2.68616 0)
(26.4513 2.68586 1.51364e-20)
(26.451 2.68554 0)
(26.4502 2.68518 5.02286e-20)
(26.4483 2.68478 0)
(26.446 2.68437 0)
(26.4453 2.68409 1.17484e-19)
(26.4507 2.68422 6.15348e-20)
(26.4675 2.68503 -5.88479e-20)
(26.4964 2.68649 5.60825e-20)
(26.5256 2.68771 -2.32857e-20)
(26.5259 2.68656 0)
(26.4557 2.67982 -1.35314e-19)
(26.2811 2.66443 0)
(26.0014 2.63936 -4.0525e-20)
(25.6633 2.60714 0)
(25.3513 2.57393 -3.96991e-20)
(25.158 2.54808 0)
(25.149 2.53732 1.89596e-19)
(25.3332 2.54559 -1.886e-19)
(25.6544 2.5708 6.11631e-20)
(26.0109 2.60514 0)
(26.2993 2.63823 0)
(26.462 2.66193 0)
(26.5062 2.67364 2.97323e-19)
(26.4833 2.67614 0)
(26.4463 2.67427 0)
(26.4229 2.67175 1.82869e-19)
(26.4153 2.67007 1.74768e-19)
(26.4151 2.66922 0)
(26.4154 2.66869 -3.19958e-20)
(26.4141 2.66822 -7.23214e-20)
(26.4116 2.66778 0)
(26.4089 2.66743 0)
(26.4061 2.66722 -8.89435e-20)
(26.4032 2.66716 1.15514e-19)
(26.4 2.66727 -3.95078e-20)
(26.3967 2.66756 4.88823e-19)
(26.393 2.66804 -5.7973e-19)
(26.3891 2.66875 0)
(26.3849 2.66969 -1.57416e-19)
(26.3804 2.67091 -8.09581e-19)
(26.3755 2.67241 1.87697e-19)
(26.3704 2.67424 0)
(26.365 2.6764 0)
(26.3593 2.67897 2.00946e-18)
(26.3533 2.68191 4.52688e-19)
(26.347 2.68535 4.62065e-19)
(26.3406 2.68913 0)
(26.3341 2.69369 -2.1228e-18)
(26.3284 2.69767 0)
(26.3237 2.7024 -5.60561e-19)
(26.3188 2.70596 -5.37092e-19)
(26.3139 2.71377 -4.47426e-18)
(26.3085 2.71529 9.71051e-19)
(26.3046 2.73135 8.2551e-19)
(26.2992 2.72241 0)
(26.2986 2.76331 5.82146e-18)
(26.2914 2.71541 0)
(26.3 2.83287 -2.85317e-18)
(26.2869 2.65798 0)
(26.3046 3.00624 6.60036e-18)
(26.3455 2.46469 -5.95175e-17)
(26.4524 2.69005 -6.57582e-21)
(26.4524 2.6902 2.44559e-21)
(26.4524 2.69038 0)
(26.4524 2.69056 9.00839e-21)
(26.4525 2.69075 0)
(26.4525 2.69095 -4.85175e-21)
(26.4525 2.69117 0)
(26.4526 2.69139 0)
(26.4527 2.69163 0)
(26.4527 2.69189 0)
(26.4528 2.69216 1.79126e-20)
(26.4529 2.69244 0)
(26.453 2.69274 0)
(26.4532 2.69306 0)
(26.4533 2.6934 4.5124e-20)
(26.4535 2.69375 3.56186e-20)
(26.4536 2.69413 -4.49581e-20)
(26.4538 2.69453 0)
(26.454 2.69496 -1.86212e-20)
(26.4542 2.69541 0)
(26.4544 2.69589 -1.84543e-20)
(26.4546 2.69639 -1.83645e-20)
(26.4549 2.69693 0)
(26.4551 2.69751 0)
(26.4554 2.69812 1.40218e-19)
(26.4557 2.69877 3.59279e-20)
(26.456 2.69945 1.03813e-19)
(26.4563 2.70019 -3.54782e-20)
(26.4566 2.70098 0)
(26.4569 2.70182 0)
(26.4572 2.70271 0)
(26.4575 2.70367 -2.74637e-19)
(26.4579 2.70469 0)
(26.4582 2.70579 -2.04592e-19)
(26.4586 2.70696 6.72464e-20)
(26.4589 2.70822 0)
(26.4593 2.70958 -2.68505e-19)
(26.4597 2.71103 -1.30756e-19)
(26.46 2.71259 0)
(26.4604 2.71428 -1.2808e-19)
(26.4608 2.71609 -5.23888e-19)
(26.4612 2.71805 1.25237e-19)
(26.4617 2.72015 0)
(26.4621 2.72242 1.02323e-18)
(26.4625 2.72487 -2.4133e-19)
(26.4629 2.7275 0)
(26.4632 2.73034 0)
(26.4635 2.73339 -2.31372e-19)
(26.4636 2.73668 -2.27843e-19)
(26.4636 2.7402 -1.40706e-18)
(26.4634 2.74399 -1.45021e-18)
(26.4631 2.74807 0)
(26.4625 2.75244 1.83436e-18)
(26.4618 2.75716 4.17117e-19)
(26.4609 2.76222 4.08658e-19)
(26.4598 2.76768 -2.13706e-18)
(26.4585 2.77354 0)
(26.457 2.77984 -7.63051e-19)
(26.4551 2.78659 3.25026e-18)
(26.4528 2.7938 0)
(26.4499 2.80151 3.08455e-18)
(26.4463 2.80972 0)
(26.4421 2.81848 -2.90684e-18)
(26.4371 2.82782 -1.27912e-18)
(26.4313 2.83775 0)
(26.4247 2.84831 0)
(26.4175 2.85954 -6.1945e-18)
(26.4109 2.8699 7.08139e-19)
(26.405 2.8794 0)
(26.3986 2.88998 0)
(26.3911 2.90165 1.13663e-18)
(26.3813 2.91441 2.53557e-18)
(26.3671 2.92817 -1.05348e-17)
(26.347 2.94276 1.80252e-18)
(26.3227 2.95814 0)
(26.3029 2.97832 -1.36294e-17)
(26.3046 3.00238 2.95193e-18)
(26.3459 3.02011 0)
(26.4032 3.15284 4.98354e-18)
(26.475 2.93814 -5.68555e-17)
(26.474 2.69293 -4.67361e-21)
(26.4739 2.6928 -2.31709e-21)
(26.4739 2.69267 2.29626e-21)
(26.4738 2.69252 0)
(26.4737 2.69237 -4.50438e-21)
(26.4735 2.6922 0)
(26.4734 2.69203 -4.40786e-21)
(26.4732 2.69185 0)
(26.4731 2.69165 8.606e-21)
(26.4729 2.69144 0)
(26.4727 2.69122 0)
(26.4725 2.69098 -8.2567e-21)
(26.4723 2.69073 0)
(26.4721 2.69047 8.00005e-21)
(26.4719 2.69018 0)
(26.4716 2.68988 -1.54476e-20)
(26.4713 2.68956 0)
(26.471 2.68922 0)
(26.4707 2.68886 -1.4543e-20)
(26.4704 2.68847 0)
(26.4701 2.68805 0)
(26.4696 2.68759 0)
(26.4684 2.68707 0)
(26.4662 2.68649 -2.56819e-20)
(26.4635 2.68594 2.49374e-20)
(26.4627 2.68558 -2.41626e-20)
(26.4684 2.68564 2.33596e-20)
(26.4852 2.6862 2.255e-20)
(26.5127 2.68683 0)
(26.5381 2.68621 0)
(26.5337 2.68212 0)
(26.4636 2.67224 4.0763e-20)
(26.3026 2.65549 0)
(26.0564 2.63331 3.96936e-20)
(25.7692 2.60992 0)
(25.514 2.59122 0)
(25.3662 2.58271 0)
(25.3739 2.58726 -5.84546e-20)
(25.5347 2.60353 0)
(25.7938 2.62612 0)
(26.0671 2.64788 0)
(26.2807 2.6632 0)
(26.4027 2.67047 0)
(26.4461 2.67181 0)
(26.4463 2.67062 0)
(26.4344 2.66931 -2.7246e-20)
(26.4251 2.66866 0)
(26.4205 2.66845 3.1288e-20)
(26.4179 2.66835 -1.92175e-20)
(26.4152 2.66822 0)
(26.412 2.66807 0)
(26.4083 2.66798 0)
(26.4045 2.66796 2.77372e-20)
(26.4004 2.66804 3.87779e-20)
(26.396 2.66824 0)
(26.3914 2.66859 0)
(26.3865 2.6691 0)
(26.3813 2.66982 1.54897e-19)
(26.3757 2.67077 0)
(26.3699 2.67199 -1.84918e-19)
(26.3637 2.6735 0)
(26.3573 2.67535 0)
(26.3506 2.67759 0)
(26.3437 2.6802 -4.46999e-19)
(26.3365 2.68332 -4.56502e-19)
(26.3292 2.68681 0)
(26.3218 2.69105 0)
(26.3154 2.69481 0)
(26.3102 2.69919 5.53826e-19)
(26.3046 2.70269 5.31061e-19)
(26.2994 2.70994 0)
(26.2932 2.71192 -9.61548e-19)
(26.2896 2.72664 -8.1795e-19)
(26.2822 2.71968 0)
(26.2846 2.7567 0)
(26.2706 2.71546 0)
(26.2914 2.82106 0)
(26.2543 2.66614 0)
(26.3159 2.97987 0)
(26.2688 2.47989 2.19929e-17)
(26.474 2.69305 -2.34205e-21)
(26.4741 2.69317 -2.33843e-21)
(26.4742 2.69331 0)
(26.4743 2.69346 0)
(26.4744 2.69363 0)
(26.4745 2.6938 4.64411e-21)
(26.4746 2.69398 0)
(26.4748 2.69417 0)
(26.4749 2.69438 0)
(26.4751 2.69461 0)
(26.4753 2.69485 0)
(26.4755 2.6951 0)
(26.4757 2.69537 0)
(26.4759 2.69567 0)
(26.4762 2.69598 -9.08254e-21)
(26.4764 2.69631 0)
(26.4767 2.69667 9.02278e-21)
(26.477 2.69705 0)
(26.4774 2.69747 1.79136e-20)
(26.4777 2.6979 0)
(26.4781 2.69838 1.77691e-20)
(26.4785 2.69888 1.76914e-20)
(26.4789 2.69942 0)
(26.4793 2.7 0)
(26.4797 2.70062 0)
(26.4802 2.70129 -3.46877e-20)
(26.4807 2.702 3.44954e-20)
(26.4812 2.70277 3.42924e-20)
(26.4817 2.70359 0)
(26.4822 2.70447 0)
(26.4828 2.70542 0)
(26.4833 2.70643 0)
(26.4839 2.70751 0)
(26.4845 2.70867 -6.58066e-20)
(26.4852 2.70992 -6.52778e-20)
(26.4858 2.71126 0)
(26.4865 2.71269 0)
(26.4872 2.71423 1.27185e-19)
(26.4879 2.71588 0)
(26.4887 2.71765 1.24746e-19)
(26.4894 2.71955 0)
(26.4902 2.72159 -1.22145e-19)
(26.491 2.72378 0)
(26.4918 2.72613 0)
(26.4926 2.72864 2.35858e-19)
(26.4933 2.73134 0)
(26.494 2.73424 0)
(26.4946 2.73734 2.26586e-19)
(26.495 2.74066 2.2329e-19)
(26.4953 2.74422 4.39765e-19)
(26.4955 2.74804 -4.32745e-19)
(26.4955 2.75214 0)
(26.4953 2.75653 0)
(26.4949 2.76124 -4.10156e-19)
(26.4944 2.7663 -4.02091e-19)
(26.4936 2.77175 3.9373e-19)
(26.4927 2.77758 0)
(26.4914 2.78384 7.52216e-19)
(26.4897 2.79054 0)
(26.4875 2.7977 0)
(26.4846 2.80535 0)
(26.4811 2.81351 0)
(26.4769 2.82222 0)
(26.4719 2.83151 1.26535e-18)
(26.466 2.84141 0)
(26.4594 2.85199 0)
(26.4523 2.8633 1.13561e-18)
(26.4458 2.87358 -6.99974e-19)
(26.44 2.88295 0)
(26.4335 2.89345 0)
(26.4254 2.90506 -1.12661e-18)
(26.4144 2.91778 2.0874e-18)
(26.3986 2.93157 1.93122e-18)
(26.3774 2.94637 -1.79082e-18)
(26.3542 2.96258 0)
(26.3394 2.98394 0)
(26.3517 3.00898 -2.93698e-18)
(26.4021 3.03772 0)
(26.4534 3.13899 5.89074e-19)
(26.5717 3.00231 0)
)
;

boundaryField
{
    inlet
    {
        type            freestreamVelocity;
        freestreamValue uniform (26.2733 3.4589 0);
        value           nonuniform List<vector> 
134
(
(26.2733 3.45894 -6.32901e-22)
(26.2733 3.45894 2.6867e-20)
(26.2733 3.45894 -1.79426e-19)
(26.2733 3.45893 6.52735e-19)
(26.2733 3.45892 -3.8125e-19)
(26.2733 3.45891 -5.35949e-19)
(26.2733 3.4589 1.54654e-18)
(26.2733 3.45888 -8.88712e-19)
(26.2733 3.45887 4.61043e-19)
(26.2733 3.45888 -3.56725e-19)
(26.2705 3.44432 3.75016e-18)
(26.2742 3.43276 0)
(26.2807 3.41597 -9.15103e-17)
(26.2878 3.39613 1.04129e-16)
(26.2952 3.37415 0)
(26.3031 3.35048 0)
(26.3113 3.32529 0)
(26.32 3.2988 1.59802e-16)
(26.3293 3.27127 -7.17504e-17)
(26.3391 3.24312 -9.34155e-17)
(26.2733 3.45894 2.00545e-19)
(26.3499 3.21494 0)
(26.3614 3.18759 7.65056e-17)
(26.3731 3.16206 -1.64627e-16)
(26.3833 3.13937 8.82325e-17)
(26.3904 3.1197 0)
(26.3961 3.09927 -7.17012e-19)
(26.3989 3.08687 0)
(26.4055 3.06217 -4.0073e-18)
(26.4143 3.03687 -5.67152e-17)
(26.4068 3.06138 1.11765e-16)
(26.4143 3.02516 -6.25303e-17)
(26.4151 3.0126 0)
(26.4169 3.00064 1.25701e-16)
(26.4184 2.98929 -2.50479e-16)
(26.4192 2.97848 1.24599e-16)
(26.4202 2.96788 2.54245e-16)
(26.4226 2.95715 -2.51839e-16)
(26.4301 2.9454 2.47702e-18)
(26.4475 2.91906 0)
(26.2733 3.45894 3.36992e-19)
(26.2733 3.45893 -8.89192e-19)
(26.2733 3.45892 5.72378e-19)
(26.2733 3.45891 -9.08086e-19)
(26.2733 3.45889 7.43073e-19)
(26.2733 3.45886 -7.7911e-19)
(26.2733 3.45887 1.59362e-18)
(26.4475 2.92943 0)
(26.444 2.92767 0)
(26.4385 2.92615 0)
(26.434 2.92415 0)
(26.4302 2.92184 0)
(26.4264 2.9194 0)
(26.4223 2.91688 0)
(26.4182 2.91425 0)
(26.4142 2.91151 0)
(26.4102 2.90872 0)
(26.4061 2.9059 0)
(26.4021 2.9031 0)
(26.398 2.90036 0)
(26.3938 2.89771 0)
(26.3895 2.89521 0)
(26.385 2.8929 0)
(26.3802 2.89087 0)
(26.3748 2.88897 0)
(26.3698 2.88787 -1.66247e-16)
(26.366 2.88713 1.65626e-16)
(26.3624 2.88693 0)
(26.3583 2.88748 -1.43406e-16)
(26.3533 2.88888 1.42806e-16)
(26.3473 2.89134 0)
(26.3399 2.89509 0)
(26.3272 2.90057 2.0867e-17)
(26.3134 2.9072 -3.30267e-17)
(26.2708 2.9154 1.22094e-17)
(26.273 3.43307 -2.04103e-16)
(26.2581 3.40995 2.72974e-17)
(26.2414 3.38545 0)
(26.2256 3.36159 2.45001e-16)
(26.2109 3.34045 -5.56454e-16)
(26.1978 3.32265 3.29987e-16)
(26.1876 3.30809 4.37195e-16)
(26.1806 3.29614 -2.15678e-16)
(26.1767 3.28618 1.19628e-17)
(26.1756 3.27762 -5.3703e-16)
(26.1765 3.2699 2.7493e-16)
(26.1788 3.26261 0)
(26.1817 3.25539 -1.71546e-18)
(26.185 3.24789 -1.40967e-16)
(26.1876 3.23972 1.42044e-16)
(26.1885 3.23078 1.46851e-16)
(26.1874 3.2216 -2.2295e-16)
(26.186 3.21278 7.6263e-17)
(26.1852 3.20446 0)
(26.1851 3.1966 0)
(26.1854 3.18921 0)
(26.1861 3.18226 4.23991e-17)
(26.1872 3.17577 4.40368e-17)
(26.1888 3.16968 -8.59682e-17)
(26.1908 3.16394 0)
(26.1932 3.15846 1.96894e-18)
(26.1956 3.15314 -1.71086e-16)
(26.1975 3.14774 1.7169e-16)
(26.198 3.1422 -1.74621e-16)
(26.1934 3.13599 5.32843e-16)
(26.1852 3.13182 -3.59845e-16)
(26.184 3.13088 -3.87753e-16)
(26.1897 3.13226 3.86941e-16)
(26.1966 3.13374 0)
(26.2024 3.13484 0)
(26.2077 3.13578 0)
(26.2132 3.13669 0)
(26.2189 3.13759 0)
(26.2246 3.13845 0)
(26.2304 3.1393 0)
(26.2362 3.14019 0)
(26.2421 3.14116 0)
(26.248 3.14224 0)
(26.254 3.14349 0)
(26.2602 3.14495 0)
(26.2665 3.14668 0)
(26.2731 3.14874 0)
(26.2801 3.15114 0)
(26.2879 3.15398 -2.33e-16)
(26.2955 3.15706 2.30032e-16)
(26.3012 3.16079 0)
(26.3064 3.16555 9.90942e-17)
(26.3122 3.17162 -9.87087e-17)
(26.3187 3.17918 -8.54291e-17)
(26.3262 3.18854 1.6172e-16)
(26.3347 3.20002 -4.34057e-17)
(26.3481 3.21466 -7.5519e-18)
(26.3619 3.23019 -2.49703e-17)
(26.4042 3.25857 0)
)
;
    }
    outlet
    {
        type            freestreamVelocity;
        freestreamValue uniform (26.2733 3.4589 0);
        value           nonuniform List<vector> 
160
(
(26.4735 2.69489 -4.66159e-21)
(26.4735 2.69501 -2.33603e-21)
(26.4734 2.69477 -2.31113e-21)
(26.4736 2.69514 -2.33242e-21)
(26.4733 2.69464 2.29035e-21)
(26.4737 2.69528 0)
(26.4732 2.69449 0)
(26.4738 2.69543 0)
(26.4731 2.69434 -4.4928e-21)
(26.4739 2.69559 0)
(26.473 2.69417 0)
(26.474 2.69576 4.63216e-21)
(26.4729 2.694 -4.39654e-21)
(26.4741 2.69595 0)
(26.4727 2.69382 0)
(26.4742 2.69614 0)
(26.4726 2.69362 8.5839e-21)
(26.4744 2.69635 0)
(26.4724 2.69341 0)
(26.4746 2.69657 0)
(26.4722 2.69319 0)
(26.4747 2.69681 0)
(26.472 2.69295 -8.2355e-21)
(26.4749 2.69707 0)
(26.4718 2.6927 0)
(26.4752 2.69734 0)
(26.4716 2.69244 7.97952e-21)
(26.4754 2.69763 0)
(26.4713 2.69216 0)
(26.4757 2.69794 -9.05914e-21)
(26.4711 2.69185 -1.54079e-20)
(26.4759 2.69828 0)
(26.4708 2.69153 0)
(26.4762 2.69864 8.99952e-21)
(26.4705 2.69119 0)
(26.4765 2.69902 0)
(26.4702 2.69083 -1.45057e-20)
(26.4768 2.69943 1.78674e-20)
(26.4699 2.69044 0)
(26.4772 2.69987 0)
(26.4696 2.69003 0)
(26.4775 2.70034 1.77233e-20)
(26.4691 2.68956 0)
(26.4779 2.70084 1.76457e-20)
(26.4679 2.68904 0)
(26.4783 2.70138 0)
(26.4657 2.68847 -2.56162e-20)
(26.4787 2.70196 0)
(26.463 2.68792 2.48736e-20)
(26.4792 2.70258 0)
(26.4623 2.68756 -2.41008e-20)
(26.4796 2.70325 -3.4598e-20)
(26.4679 2.68762 2.32998e-20)
(26.4801 2.70396 3.44062e-20)
(26.4847 2.68818 2.24924e-20)
(26.4806 2.70473 3.42037e-20)
(26.5121 2.68881 0)
(26.4811 2.70555 0)
(26.5375 2.68818 0)
(26.4817 2.70643 0)
(26.533 2.6841 0)
(26.4822 2.70737 0)
(26.4631 2.67423 4.06598e-20)
(26.4828 2.70838 0)
(26.3025 2.65752 0)
(26.4834 2.70946 0)
(26.0569 2.6354 3.95929e-20)
(26.484 2.71062 -6.56356e-20)
(25.7705 2.61209 0)
(26.4846 2.71187 -6.51081e-20)
(25.5159 2.59345 0)
(26.4853 2.7132 0)
(25.3685 2.58497 0)
(26.4859 2.71464 0)
(25.3762 2.58951 -5.83036e-20)
(26.4866 2.71617 1.26853e-19)
(25.5367 2.60574 0)
(26.4874 2.71782 0)
(25.795 2.62827 0)
(26.4881 2.71959 1.2442e-19)
(26.0676 2.64996 0)
(26.4889 2.72149 0)
(26.2807 2.66523 0)
(26.4897 2.72352 -1.21825e-19)
(26.4023 2.67247 0)
(26.4904 2.72571 0)
(26.4456 2.6738 0)
(26.4912 2.72805 0)
(26.4459 2.67262 0)
(26.492 2.73057 2.35236e-19)
(26.434 2.67131 -2.71769e-20)
(26.4927 2.73326 0)
(26.4247 2.67066 0)
(26.4934 2.73615 0)
(26.4202 2.67045 3.12087e-20)
(26.494 2.73925 2.25986e-19)
(26.4176 2.67036 -1.91688e-20)
(26.4944 2.74257 2.22697e-19)
(26.4149 2.67022 0)
(26.4947 2.74613 4.38593e-19)
(26.4116 2.67008 0)
(26.4949 2.74994 -4.31589e-19)
(26.408 2.66998 0)
(26.4949 2.75403 0)
(26.4041 2.66997 2.76668e-20)
(26.4947 2.75841 0)
(26.4001 2.67005 3.86794e-20)
(26.4943 2.76313 -4.0905e-19)
(26.3957 2.67025 0)
(26.4938 2.76818 -4.01003e-19)
(26.3911 2.67059 0)
(26.493 2.77361 3.9266e-19)
(26.3862 2.67111 0)
(26.4921 2.77944 0)
(26.381 2.67183 1.54503e-19)
(26.4908 2.78569 7.50154e-19)
(26.3755 2.67278 0)
(26.4891 2.79238 0)
(26.3696 2.67399 -1.84446e-19)
(26.4869 2.79953 0)
(26.3635 2.67551 0)
(26.484 2.80717 0)
(26.3571 2.67736 0)
(26.4805 2.81532 0)
(26.3504 2.67959 0)
(26.4763 2.82402 0)
(26.3435 2.68221 -4.4585e-19)
(26.4713 2.83329 1.26176e-18)
(26.3364 2.68532 -4.55325e-19)
(26.4655 2.84318 0)
(26.329 2.6888 0)
(26.4589 2.85374 0)
(26.3217 2.69305 0)
(26.4517 2.86503 1.13231e-18)
(26.3153 2.6968 0)
(26.4453 2.8753 -6.97924e-19)
(26.3101 2.70117 5.52378e-19)
(26.4396 2.88465 0)
(26.3045 2.70467 5.29669e-19)
(26.433 2.89513 0)
(26.2993 2.71192 0)
(26.425 2.90672 -1.12323e-18)
(26.2932 2.7139 -9.59007e-19)
(26.414 2.91941 2.08109e-18)
(26.2896 2.7286 -8.15765e-19)
(26.3982 2.93318 1.92532e-18)
(26.2822 2.72165 0)
(26.3771 2.94795 -1.78528e-18)
(26.2845 2.75862 0)
(26.354 2.96414 0)
(26.2706 2.71743 0)
(26.3391 2.98545 0)
(26.2914 2.82288 0)
(26.3514 3.01043 -2.92749e-18)
(26.2543 2.66817 0)
(26.4017 3.0391 0)
(26.3158 2.98139 0)
(26.4528 3.14011 5.87021e-19)
(26.2688 2.48206 2.19442e-17)
(26.5708 3.00375 0)
)
;
    }
    walls
    {
        type            noSlip;
    }
    frontAndBack
    {
        type            empty;
    }
}


// ************************************************************************* //
