/*--------------------------------*- C++ -*----------------------------------*\
| =========                 |                                                 |
| \\      /  F ield         | OpenFOAM: The Open Source CFD Toolbox           |
|  \\    /   O peration     | Version:  2412                                  |
|   \\  /    A nd           | Website:  www.openfoam.com                      |
|    \\/     M anipulation  |                                                 |
\*---------------------------------------------------------------------------*/
FoamFile
{
    version     2.0;
    format      ascii;
    arch        "LSB;label=32;scalar=64";
    class       volVectorField;
    location    "350";
    object      U;
}
// * * * * * * * * * * * * * * * * * * * * * * * * * * * * * * * * * * * * * //

dimensions      [0 1 -1 0 0 0 0];

internalField   nonuniform List<vector> 
10720
(
(0.484759 26.7708 8.80661e-18)
(2.16505 29.1265 -8.06272e-18)
(4.28882 31.4141 0)
(6.74825 33.2315 -3.60984e-16)
(9.47967 34.6553 4.02934e-16)
(12.4166 35.6386 3.01913e-16)
(15.4048 36.0798 4.291e-16)
(18.3475 36.0103 0)
(21.1591 35.4904 0)
(23.7563 34.5586 0)
(26.099 33.2881 1.20047e-16)
(28.1661 31.7898 0)
(29.8909 30.0329 2.39423e-15)
(31.252 28.0468 0)
(32.2091 25.8502 0)
(32.7397 23.4723 0)
(32.7832 20.9125 -4.31902e-15)
(32.2777 18.2065 -6.67684e-15)
(31.1101 15.3658 6.20319e-15)
(29.1813 12.452 0)
(26.3548 9.52329 5.94917e-15)
(22.6743 6.71402 -1.32627e-14)
(18.4238 4.22199 7.865e-15)
(14.9409 2.28944 -2.75906e-16)
(13.4144 0.916061 0)
(13.7758 0.0350685 3.85549e-15)
(14.988 -0.447327 5.19359e-17)
(16.3527 -0.733693 -1.26335e-15)
(17.5039 -0.980961 -4.15795e-15)
(18.2613 -1.24912 -1.38929e-14)
(18.6199 -1.5409 5.84443e-15)
(18.6264 -1.83591 1.01512e-14)
(18.2974 -2.1055 8.36571e-15)
(17.6909 -2.32801 2.7648e-14)
(16.7999 -2.47849 -1.08482e-14)
(15.617 -2.54024 -7.51378e-17)
(13.7954 -2.43945 2.24325e-17)
(11.6892 -2.20535 3.11017e-15)
(5.79383 -1.51732 1.4275e-14)
(-0.822809 24.2711 -3.95929e-18)
(-1.8552 21.4703 -2.07994e-17)
(-2.53528 18.3314 7.58919e-17)
(-2.74311 14.7207 -2.09899e-16)
(-2.31937 11.001 -6.96045e-16)
(-1.25032 7.3348 1.23258e-15)
(0.327039 4.06984 6.92039e-15)
(2.15433 1.41175 3.28936e-15)
(4.2042 -0.969139 0)
(6.52646 -2.96324 0)
(8.84065 -4.37865 1.90137e-15)
(10.9471 -5.25898 6.99547e-16)
(12.8068 -5.74513 -1.17699e-15)
(14.4299 -5.95686 9.70857e-16)
(15.8385 -5.98965 1.60482e-15)
(17.0663 -5.90684 1.03541e-15)
(18.1467 -5.75555 1.31269e-15)
(19.1131 -5.56349 8.6826e-16)
(19.9972 -5.34908 0)
(20.8209 -5.1139 0)
(21.6024 -4.85858 -1.16694e-15)
(22.3524 -4.57273 -5.15451e-17)
(23.0717 -4.24146 7.45629e-16)
(23.7279 -3.83903 -4.83985e-16)
(24.2509 -3.36533 2.83903e-17)
(24.6232 -2.86596 0)
(24.8771 -2.37989 3.57269e-17)
(25.0507 -1.8582 0)
(25.1597 -1.23513 0)
(25.2015 -0.542374 -3.78724e-17)
(25.1471 0.152871 0)
(24.9914 0.801383 2.01216e-16)
(24.7371 1.38014 2.95479e-16)
(24.3919 1.88266 9.83246e-16)
(23.9532 2.3114 -2.30376e-17)
(23.4146 2.67442 -6.53372e-19)
(22.666 2.97252 0)
(21.6267 3.17059 4.33228e-15)
(18.8307 3.32136 8.45697e-15)
(7.19995 23.2094 -1.18333e-17)
(9.03454 24.9821 3.74511e-18)
(11.2844 26.6042 0)
(13.8918 27.9699 0)
(16.717 29.0145 -1.18308e-16)
(19.7648 29.6763 -2.89823e-16)
(22.9234 29.9057 0)
(26.061 29.7201 0)
(29.1233 29.1274 6.42064e-16)
(32.023 28.1737 0)
(34.7099 26.9197 2.41567e-15)
(37.1499 25.4029 0)
(39.3603 23.7568 8.73526e-16)
(41.3544 22.0339 -8.5738e-16)
(43.1512 20.251 1.73827e-15)
(44.698 18.4529 -3.46576e-15)
(45.9781 16.6649 3.68956e-15)
(46.9617 14.9176 3.35745e-15)
(47.606 13.2214 3.26714e-15)
(47.8251 11.5916 1.98366e-16)
(47.482 10.0032 -3.39049e-15)
(46.3891 8.40003 3.28766e-15)
(44.4218 6.66077 -1.93559e-16)
(41.6253 4.76315 0)
(38.5903 2.95229 0)
(35.6927 1.45388 0)
(32.9655 0.316043 1.80111e-16)
(30.4608 -0.540851 -3.99105e-17)
(28.2856 -1.21566 2.47959e-15)
(26.5241 -1.75811 3.13087e-17)
(25.139 -2.1876 -2.37348e-17)
(23.9969 -2.52161 -8.2071e-17)
(22.9504 -2.78139 5.26994e-15)
(21.8635 -2.97734 -8.50882e-15)
(20.6354 -3.10271 -4.44763e-17)
(19.2274 -3.14434 -9.19858e-15)
(17.306 -3.0409 0)
(15.2246 -2.80447 -7.97787e-16)
(9.37164 -1.92978 6.72228e-15)
(5.66727 21.3312 1.60199e-17)
(4.35076 19.2534 -6.11502e-17)
(3.2237 16.8299 -7.09484e-16)
(2.39907 14.0896 8.847e-16)
(2.06142 11.125 0)
(2.2992 8.08838 -1.88223e-15)
(3.11164 5.20573 -1.45193e-15)
(4.35768 2.64392 -9.87599e-15)
(5.91897 0.369826 2.48402e-15)
(7.75978 -1.44519 -1.82309e-15)
(9.69362 -2.7109 2.28168e-15)
(11.5593 -3.51525 -6.44785e-16)
(13.2911 -3.98293 0)
(14.8663 -4.20709 -4.20009e-16)
(16.278 -4.26967 6.32741e-17)
(17.5403 -4.22345 -9.2221e-16)
(18.6726 -4.11212 0)
(19.7003 -3.95918 0)
(20.6483 -3.78132 -9.38644e-17)
(21.5402 -3.57427 9.06566e-17)
(22.3918 -3.33464 -1.05012e-15)
(23.2154 -3.04372 -1.11196e-16)
(24.0125 -2.67895 4.83264e-17)
(24.7599 -2.19817 4.99884e-16)
(25.4034 -1.60904 -3.12743e-16)
(25.9161 -0.977272 -2.08838e-16)
(26.309 -0.328357 0)
(26.5752 0.299501 0)
(26.7068 0.859475 0)
(26.7083 1.33423 9.89532e-18)
(26.6162 1.73287 0)
(26.4488 2.08168 0)
(26.2149 2.40072 -4.67012e-16)
(25.9161 2.69829 -3.07429e-16)
(25.5437 2.97758 2.03564e-17)
(25.0981 3.24099 4.12127e-16)
(24.4767 3.48444 -1.81391e-15)
(23.847 3.69517 -3.36627e-15)
(21.7497 3.74034 -5.74326e-15)
(8.5511 21.3864 -2.8028e-18)
(9.85296 22.9488 -8.80184e-18)
(11.447 24.4793 4.89387e-18)
(13.2893 25.9037 -2.68937e-17)
(15.3309 27.1026 -1.50931e-16)
(17.5714 28.0525 5.42512e-16)
(19.9377 28.712 -3.83852e-16)
(22.356 29.0414 -4.66614e-16)
(24.7692 29.0389 1.08918e-17)
(27.1186 28.7142 -6.27202e-16)
(29.3501 28.0879 5.94157e-16)
(31.4285 27.1883 -1.55535e-15)
(33.3223 26.0422 -7.45191e-16)
(35.0192 24.675 0)
(36.4915 23.1291 -1.82517e-15)
(37.7892 21.4154 3.68474e-15)
(38.9525 19.5509 0)
(39.9972 17.5851 -6.99724e-15)
(40.9743 15.56 -3.48455e-15)
(41.9195 13.5441 4.04564e-16)
(42.9012 11.5833 -3.91895e-16)
(43.8942 9.70471 -1.7819e-16)
(44.7325 7.83038 -2.51012e-15)
(45.0453 5.88316 1.29491e-15)
(44.6332 3.97383 0)
(43.6463 2.29539 1.21696e-15)
(42.3023 0.929906 -1.45044e-16)
(40.6786 -0.174212 0)
(38.7199 -1.09842 1.90565e-15)
(36.3916 -1.87307 3.53599e-15)
(33.7964 -2.49366 -6.17984e-15)
(31.1716 -2.95934 -5.23062e-15)
(28.7499 -3.28532 -1.08733e-16)
(26.5965 -3.4915 -7.01916e-15)
(24.586 -3.59104 -5.42986e-15)
(22.5782 -3.58568 7.46735e-15)
(20.2114 -3.43838 0)
(17.7367 -3.10088 -5.67046e-16)
(12.1147 -2.3186 -9.4281e-15)
(7.49844 19.7483 -2.04886e-17)
(6.58385 17.9687 -7.00296e-17)
(5.84022 15.8826 2.88307e-16)
(5.26114 13.5567 0)
(5.00097 11.0685 5.23196e-16)
(5.1044 8.49767 0)
(5.59783 5.98842 3.9287e-15)
(6.4323 3.66455 2.08731e-15)
(7.58808 1.59222 1.69009e-15)
(9.00298 -0.139202 0)
(10.537 -1.48965 -2.37527e-15)
(12.0756 -2.49128 -4.99247e-16)
(13.556 -3.2035 2.25051e-15)
(14.9453 -3.68235 0)
(16.2263 -3.97978 -1.02523e-15)
(17.3985 -4.13999 -3.08501e-16)
(18.4707 -4.20073 1.25811e-15)
(19.4579 -4.18741 6.47125e-16)
(20.3781 -4.11758 1.74642e-16)
(21.2491 -3.9956 -9.62199e-17)
(22.084 -3.82285 9.63165e-16)
(22.8915 -3.59024 0)
(23.6717 -3.28349 0)
(24.4044 -2.88142 2.77802e-17)
(25.0448 -2.39967 0)
(25.5681 -1.88904 4.44366e-16)
(25.9849 -1.37225 -5.33322e-18)
(26.3094 -0.853655 -1.55016e-17)
(26.5471 -0.32908 0)
(26.6983 0.204007 2.53034e-17)
(26.7655 0.747388 -5.38478e-17)
(26.7494 1.28731 0)
(26.6496 1.80419 2.29395e-16)
(26.4648 2.28185 0)
(26.1846 2.71262 0)
(25.8075 3.09475 4.34574e-17)
(25.23 3.42894 -6.05514e-17)
(24.5634 3.67316 3.50968e-15)
(22.6481 3.74424 1.14099e-14)
(11.136 19.5789 -1.63562e-17)
(12.3519 20.905 -1.63405e-17)
(13.8194 22.2051 1.0003e-17)
(15.517 23.4038 1.99052e-18)
(17.4011 24.409 0)
(19.4786 25.2024 0)
(21.6949 25.7381 -6.41028e-16)
(23.9906 25.9788 7.85942e-16)
(26.3192 25.9155 0)
(28.6257 25.5479 -9.89291e-16)
(30.8581 24.888 -1.27656e-15)
(32.9778 23.9557 -1.21079e-15)
(34.9481 22.7808 1.46093e-15)
(36.7394 21.4 1.38229e-15)
(38.3357 19.8481 0)
(39.7176 18.1653 2.22027e-15)
(40.8338 16.4129 7.65258e-16)
(41.6673 14.6347 6.2073e-15)
(42.2163 12.8678 3.76247e-16)
(42.5117 11.1442 -3.70759e-16)
(42.6184 9.49218 3.15118e-15)
(42.6513 7.92013 -5.14608e-16)
(42.7255 6.38056 2.83879e-15)
(42.7955 4.80525 1.20197e-15)
(42.6453 3.23667 -7.39281e-17)
(42.1844 1.8204 -1.11351e-15)
(41.5334 0.638693 8.13849e-18)
(40.8262 -0.344448 -8.21712e-18)
(40.0769 -1.20466 -1.82199e-15)
(39.1765 -1.97693 -4.78386e-17)
(37.9579 -2.65455 2.98717e-15)
(36.2749 -3.21534 -5.00728e-15)
(34.0825 -3.63552 -3.9601e-15)
(31.5267 -3.90369 1.63517e-18)
(28.8396 -4.02435 4.9122e-15)
(26.1733 -4.00061 0)
(23.2883 -3.81513 3.60541e-15)
(20.3264 -3.36832 4.72149e-16)
(14.7113 -2.62668 3.81636e-15)
(10.1238 18.1971 -3.33229e-17)
(9.22397 16.706 9.71619e-17)
(8.45313 14.9526 4.02246e-16)
(7.8238 12.9801 0)
(7.46591 10.8612 -4.57415e-16)
(7.41076 8.652 0)
(7.68098 6.45437 -2.81516e-15)
(8.24669 4.37141 -1.09138e-16)
(9.09212 2.4769 1.23593e-15)
(10.1727 0.841544 1.0705e-15)
(11.395 -0.492291 3.41177e-17)
(12.6752 -1.52518 1.78294e-15)
(13.9572 -2.29056 -1.13277e-15)
(15.2021 -2.82947 3.60688e-16)
(16.3849 -3.18235 1.21673e-15)
(17.4947 -3.38936 1.32845e-15)
(18.5304 -3.48497 -1.18005e-15)
(19.4977 -3.49601 9.28729e-18)
(20.4072 -3.44177 0)
(21.2711 -3.33102 1.19828e-15)
(22.0993 -3.16629 5.72291e-17)
(22.898 -2.94123 -8.72724e-16)
(23.6664 -2.64371 0)
(24.3873 -2.25517 2.81401e-17)
(25.0237 -1.78126 0)
(25.5511 -1.26071 -2.1735e-16)
(25.9748 -0.717108 0)
(26.3064 -0.161624 1.47872e-17)
(26.5507 0.394917 -1.68013e-19)
(26.7107 0.937162 -1.12723e-20)
(26.7916 1.44658 5.15864e-17)
(26.7998 1.90814 1.45469e-18)
(26.7388 2.32034 0)
(26.6096 2.68697 -6.39188e-17)
(26.4015 3.01488 -1.71813e-19)
(26.1088 3.30823 -5.02731e-16)
(25.6274 3.57396 4.3054e-15)
(25.0305 3.73828 1.10155e-17)
(23.279 3.76582 0)
(12.7264 18.2272 -2.22187e-17)
(13.7504 19.4025 -8.24298e-18)
(14.9925 20.5766 1.71165e-17)
(16.4202 21.6859 5.89682e-17)
(17.9959 22.6466 -3.16541e-17)
(19.7407 23.4546 -1.56329e-16)
(21.6092 24.0688 2.71495e-16)
(23.555 24.4522 0)
(25.5482 24.5939 1.12536e-15)
(27.5422 24.4857 5.3605e-16)
(29.4958 24.1276 0)
(31.3741 23.5298 1.16357e-15)
(33.1418 22.7101 -6.22416e-16)
(34.7695 21.6893 1.73555e-15)
(36.2357 20.4921 0)
(37.5186 19.1438 -2.93437e-15)
(38.6171 17.6508 2.79912e-15)
(39.5346 16.0217 -1.68112e-16)
(40.2644 14.284 0)
(40.7966 12.4816 3.03577e-15)
(41.1298 10.656 -3.05894e-15)
(41.2743 8.8483 -1.5843e-16)
(41.2569 7.07013 -2.42405e-15)
(41.081 5.32697 -2.28797e-15)
(40.6955 3.6796 0)
(40.0864 2.22686 0)
(39.3499 1.01054 -2.61339e-16)
(38.6077 -0.0109368 -2.90746e-17)
(37.9198 -0.905914 1.79395e-15)
(37.2848 -1.70939 -4.74613e-17)
(36.6727 -2.42666 4.71696e-17)
(36.0145 -3.05633 4.93574e-15)
(35.1565 -3.59057 0)
(33.8744 -4.00281 1.30627e-14)
(31.9657 -4.25249 -4.31927e-17)
(29.4573 -4.30343 0)
(26.3677 -4.13901 -2.3211e-17)
(23.0264 -3.62437 0)
(17.3238 -2.89323 -3.28851e-15)
(11.8673 17.009 3.504e-17)
(11.1003 15.7074 -2.11622e-16)
(10.4224 14.1755 -4.62888e-17)
(9.84091 12.4548 9.09772e-16)
(9.47104 10.6122 -1.43239e-15)
(9.33587 8.68219 -1.85589e-15)
(9.46047 6.73623 2.13301e-15)
(9.83709 4.86512 -2.12435e-15)
(10.4576 3.14256 -9.37849e-16)
(11.2881 1.62041 -8.24105e-16)
(12.2636 0.334047 1.58246e-15)
(13.3208 -0.707474 -1.50463e-15)
(14.4134 -1.52357 -6.52496e-16)
(15.5052 -2.14184 6.35765e-16)
(16.5693 -2.58886 -1.36365e-15)
(17.5905 -2.89519 2.52409e-16)
(18.5618 -3.08761 0)
(19.4826 -3.18828 -9.31227e-16)
(20.358 -3.21354 3.27691e-16)
(21.1954 -3.17269 -1.25968e-15)
(22.0016 -3.06853 0)
(22.7804 -2.89715 7.60008e-16)
(23.5299 -2.6497 5.88316e-16)
(24.2349 -2.31473 -4.25034e-16)
(24.8638 -1.89846 0)
(25.3929 -1.43379 -2.52491e-16)
(25.8231 -0.946649 0)
(26.1633 -0.449991 0)
(26.4179 0.0467382 0)
(26.5887 0.53312 8.2564e-19)
(26.6795 1.00183 0)
(26.6958 1.45476 0)
(26.6413 1.89031 1.03141e-16)
(26.5191 2.30422 6.22695e-17)
(26.3229 2.69282 0)
(26.0537 3.05128 -6.03218e-16)
(25.62 3.378 8.43907e-17)
(25.1075 3.58863 0)
(23.6191 3.66547 -5.64334e-15)
(14.2384 17.037 2.79959e-17)
(15.1678 18.0767 -1.99123e-17)
(16.2908 19.1214 0)
(17.5768 20.1113 9.97631e-18)
(18.9894 20.9719 -7.37539e-17)
(20.5583 21.7048 1.46599e-16)
(22.2443 22.2703 4.60889e-17)
(24.0105 22.6351 -6.83921e-16)
(25.8364 22.7854 -9.07197e-17)
(27.6841 22.7085 1.08366e-15)
(29.5184 22.399 -3.88405e-16)
(31.3092 21.8591 8.92246e-16)
(33.0227 21.0976 4.4908e-16)
(34.6294 20.128 3.2253e-16)
(36.104 18.9688 0)
(37.4249 17.6409 -6.34223e-16)
(38.5714 16.1724 -1.41101e-15)
(39.512 14.6163 -5.20238e-15)
(40.23 13.0171 1.53844e-15)
(40.7261 11.4069 -1.95161e-15)
(41.0112 9.81184 -3.04606e-16)
(41.1062 8.24201 0)
(41.0254 6.68396 2.17314e-15)
(40.7553 5.1223 1.40369e-16)
(40.2641 3.60125 -6.51456e-17)
(39.5577 2.21834 -9.28081e-16)
(38.7131 1.03618 2.15925e-16)
(37.8269 0.0388007 4.51851e-16)
(36.9498 -0.827153 -1.69296e-15)
(36.0913 -1.59552 -9.05968e-17)
(35.2602 -2.27596 2.89704e-15)
(34.4777 -2.87217 4.71215e-15)
(33.7627 -3.38907 0)
(33.0766 -3.82609 -2.25383e-17)
(32.2397 -4.16626 -5.01969e-15)
(30.9341 -4.35346 0)
(28.6655 -4.30904 -6.85155e-15)
(25.5666 -3.81998 0)
(19.9395 -3.13308 2.99896e-15)
(13.4502 15.9626 -3.46299e-17)
(12.7428 14.8218 8.54212e-17)
(12.1034 13.4749 -2.0944e-16)
(11.5406 11.9584 0)
(11.1554 10.3359 6.05443e-16)
(10.964 8.62968 3.01891e-15)
(10.9889 6.89081 0)
(11.2312 5.20255 -1.53717e-15)
(11.686 3.63496 -1.45879e-15)
(12.3263 2.22533 1.45301e-15)
(13.1059 1.00328 -5.70765e-17)
(13.9772 -0.0164703 6.26633e-16)
(14.9045 -0.843909 3.56079e-17)
(15.8566 -1.49646 1.63e-15)
(16.8082 -1.99071 1.44967e-15)
(17.7427 -2.34873 -1.35434e-15)
(18.6498 -2.59106 1.88727e-16)
(19.5244 -2.73615 -3.50409e-16)
(20.3665 -2.79863 1.61943e-16)
(21.1791 -2.78812 9.30919e-16)
(21.9655 -2.70879 1.19914e-16)
(22.7271 -2.55925 -8.40256e-17)
(23.4604 -2.33324 -4.9843e-16)
(24.1515 -2.02269 0)
(24.7734 -1.63197 1.88072e-17)
(25.3033 -1.18719 4.77532e-16)
(25.7386 -0.712321 -2.12324e-18)
(26.0855 -0.219927 2.1278e-18)
(26.3477 0.28095 0)
(26.5265 0.779682 -7.80476e-19)
(26.6253 1.26712 0)
(26.649 1.731 0)
(26.6012 2.16247 -9.71403e-17)
(26.4846 2.55585 9.72942e-18)
(26.2927 2.9096 0)
(26.0249 3.22009 5.73406e-16)
(25.597 3.49166 -4.49038e-15)
(25.0836 3.62423 2.23147e-17)
(23.7673 3.62375 5.39383e-15)
(15.4649 16.0292 1.39253e-18)
(16.3002 16.9621 -1.84374e-17)
(17.3086 17.907 1.81011e-17)
(18.4581 18.808 -1.75472e-17)
(19.7119 19.5986 5.3226e-17)
(21.1051 20.2862 0)
(22.6019 20.8365 -2.95336e-16)
(24.1712 21.2191 2.00946e-18)
(25.8006 21.4225 -3.21083e-16)
(27.458 21.4336 -6.54325e-16)
(29.1152 21.2444 0)
(30.7475 20.8534 -1.61671e-15)
(32.3244 20.2645 -1.40267e-15)
(33.8184 19.4857 -3.43459e-15)
(35.2043 18.5309 0)
(36.4581 17.4177 -2.14909e-15)
(37.5572 16.1691 -2.27374e-15)
(38.4893 14.7978 2.45928e-15)
(39.246 13.3212 -2.42083e-15)
(39.8199 11.7693 2.24801e-15)
(40.2107 10.1754 2.78124e-16)
(40.423 8.57232 -2.39279e-15)
(40.4592 6.97612 0)
(40.2995 5.396 -2.11663e-15)
(39.9096 3.87473 1.268e-16)
(39.2921 2.49012 9.66813e-16)
(38.5127 1.29453 0)
(37.6561 0.276987 -3.31995e-17)
(36.7665 -0.608174 7.16986e-17)
(35.8459 -1.39139 2.76837e-15)
(34.8903 -2.07989 -2.57784e-15)
(33.9125 -2.67543 -4.49523e-15)
(32.9418 -3.18188 3.81789e-15)
(32.0209 -3.60201 -6.93865e-17)
(31.1793 -3.9355 5.02876e-15)
(30.4082 -4.16564 6.77489e-15)
(29.2609 -4.24111 3.59497e-15)
(27.2988 -3.87556 -9.25014e-18)
(22.3355 -3.31414 -3.64804e-18)
(14.7507 15.0673 1.3898e-17)
(14.1063 14.052 1.61454e-16)
(13.5115 12.851 2.11826e-16)
(12.9748 11.4975 -4.10738e-16)
(12.5867 10.0526 -1.60776e-15)
(12.3598 8.52781 5.18417e-16)
(12.316 6.96097 1.25526e-15)
(12.4615 5.4308 3.12892e-15)
(12.7923 4.00191 1.24673e-15)
(13.2877 2.70018 -1.1651e-15)
(13.9127 1.55074 -3.44046e-17)
(14.6311 0.569346 -5.5352e-16)
(15.4154 -0.249932 0)
(16.2403 -0.918403 -2.51341e-17)
(17.0834 -1.4462 -8.90679e-16)
(17.9291 -1.849 3.8601e-16)
(18.7659 -2.14178 -3.79509e-16)
(19.586 -2.3385 0)
(20.386 -2.45082 5.67e-16)
(21.1654 -2.4871 -9.79105e-16)
(21.9246 -2.45112 0)
(22.6628 -2.34237 7.04856e-16)
(23.3755 -2.15641 0)
(24.0495 -1.88809 -2.50492e-17)
(24.6613 -1.54164 2.50208e-17)
(25.1892 -1.13859 -2.36854e-16)
(25.6276 -0.701462 -4.5044e-18)
(25.9806 -0.243923 -2.2864e-18)
(26.2506 0.223736 3.41792e-19)
(26.4388 0.690188 -1.6281e-17)
(26.548 1.14415 -6.9789e-18)
(26.5824 1.57905 -8.82668e-18)
(26.5452 1.99074 -6.03056e-19)
(26.4385 2.3754 3.31983e-17)
(26.2555 2.73108 0)
(25.9948 3.05256 1.32329e-17)
(25.5775 3.33939 2.10085e-15)
(25.0658 3.48884 -1.39421e-17)
(23.8518 3.49528 5.00274e-15)
(16.5396 15.1416 5.28619e-18)
(17.3054 15.9829 2.81544e-17)
(18.2283 16.8385 0)
(19.2762 17.6561 -2.49175e-17)
(20.4123 18.3753 6.51861e-18)
(21.6742 19.0075 0)
(23.0297 19.5206 -1.09114e-16)
(24.4514 19.8879 8.84046e-16)
(25.9329 20.0989 -1.2537e-15)
(27.4476 20.14 3.98773e-16)
(28.9724 20.0017 5.57797e-16)
(30.4879 19.6792 2.04885e-15)
(31.9678 19.1715 1.47883e-15)
(33.3872 18.4813 1.77768e-15)
(34.722 17.6165 4.73806e-16)
(35.9477 16.5888 1.57551e-15)
(37.0426 15.4136 2.17372e-15)
(37.986 14.114 2.10737e-15)
(38.7567 12.7266 -1.54909e-15)
(39.3442 11.2828 -4.74682e-15)
(39.7475 9.81002 0)
(39.9731 8.32832 8.85823e-17)
(40.0272 6.84668 1.88406e-15)
(39.9004 5.37083 2.01438e-15)
(39.5671 3.93425 -1.1609e-16)
(39.0245 2.6037 -8.62266e-16)
(38.3221 1.43213 6.21048e-18)
(37.5316 0.420307 -4.42583e-16)
(36.6944 -0.465742 4.68361e-17)
(35.8128 -1.25155 -5.14651e-15)
(34.877 -1.94272 -8.96393e-18)
(33.8841 -2.53892 -7.01876e-17)
(32.8369 -3.0408 -3.6472e-15)
(31.7494 -3.4478 -6.82992e-17)
(30.6429 -3.75677 -4.73416e-15)
(29.6216 -3.95543 -1.3294e-14)
(28.6487 -4.03109 3.62176e-15)
(27.7831 -3.761 5.17911e-16)
(24.1021 -3.38496 2.65826e-15)
(15.8799 14.2756 -5.9355e-17)
(15.2828 13.3653 -2.1767e-16)
(14.7224 12.2862 -1.5402e-16)
(14.2079 11.0679 -3.91356e-16)
(13.8211 9.76999 8.9099e-16)
(13.5705 8.39531 -6.30421e-17)
(13.4785 6.97394 -3.08512e-15)
(13.5532 5.58104 -1.06165e-15)
(13.7902 4.27454 2.01504e-17)
(14.1737 3.07276 0)
(14.6763 1.99738 -9.85074e-16)
(15.2693 1.0635 9.15555e-16)
(15.9317 0.266847 -8.7875e-16)
(16.6435 -0.400238 -4.48875e-16)
(17.3861 -0.943397 3.7204e-16)
(18.146 -1.37346 3.70583e-16)
(18.912 -1.7004 1.31987e-15)
(19.675 -1.93394 -3.12073e-16)
(20.4297 -2.08271 -5.26547e-16)
(21.173 -2.15349 0)
(21.9028 -2.14953 -7.91918e-16)
(22.6162 -2.07092 -5.81772e-16)
(23.3076 -1.91458 -1.32027e-17)
(23.9645 -1.67742 -6.16599e-17)
(24.5654 -1.36332 -1.88516e-17)
(25.0898 -0.989562 2.84519e-16)
(25.5302 -0.576679 -4.84286e-18)
(25.8879 -0.138508 3.77638e-17)
(26.1646 0.314523 5.5782e-18)
(26.3606 0.771259 1.46248e-17)
(26.4782 1.22127 -1.32628e-17)
(26.5208 1.65555 -5.46141e-18)
(26.4913 2.06596 -2.6466e-17)
(26.3916 2.44643 -3.96102e-17)
(26.2152 2.79332 -5.28383e-18)
(25.9605 3.0986 3.58119e-18)
(25.554 3.36071 -2.14572e-15)
(25.0538 3.46749 -3.31908e-15)
(23.9258 3.41747 -4.60646e-15)
(17.4684 14.3567 -1.62941e-17)
(18.1741 15.1203 -1.11542e-17)
(19.0234 15.8997 -3.82546e-17)
(19.9837 16.6461 7.38798e-17)
(21.0185 17.3039 1.79967e-17)
(22.1662 17.8874 -1.10072e-16)
(23.3971 18.3681 4.01144e-16)
(24.6867 18.7217 0)
(26.0324 18.9403 3.80703e-16)
(27.4115 19.0112 1.43223e-17)
(28.8053 18.9246 -4.76519e-16)
(30.1992 18.6749 -1.88436e-15)
(31.5702 18.2589 -7.73417e-16)
(32.8964 17.6763 0)
(34.156 16.9315 0)
(35.3252 16.0326 0)
(36.3816 14.9933 0)
(37.3045 13.8313 -2.03936e-15)
(38.0786 12.5633 2.02694e-15)
(38.691 11.2126 1.98741e-15)
(39.1354 9.80517 -1.60424e-15)
(39.4101 8.36757 1.41512e-15)
(39.5144 6.92001 -1.47515e-15)
(39.4391 5.47983 -1.08767e-16)
(39.1657 4.07982 -5.07797e-17)
(38.6926 2.77448 8.68364e-16)
(38.0604 1.6105 1.87924e-16)
(37.332 0.594293 0)
(36.5484 -0.299883 0)
(35.7167 -1.09416 4.25748e-17)
(34.8305 -1.79407 0)
(33.8857 -2.39902 3.8319e-15)
(32.877 -2.90856 -3.41603e-15)
(31.7987 -3.31957 -5.52443e-15)
(30.6298 -3.62451 8.76765e-15)
(29.4137 -3.80459 6.3208e-15)
(28.1047 -3.84116 -3.51173e-15)
(27.4339 -3.55429 -1.0667e-15)
(25.0011 -3.32116 -2.68652e-15)
(16.8565 13.5716 0)
(16.3006 12.7491 6.10369e-17)
(15.7716 11.772 2.9269e-16)
(15.2786 10.6675 -1.25838e-15)
(14.8969 9.49271 1.10508e-15)
(14.6315 8.24453 -8.54663e-16)
(14.5053 6.94767 1.30777e-17)
(14.5272 5.67412 8.12652e-16)
(14.6927 4.47586 8.53093e-16)
(14.9894 3.36605 0)
(15.3946 2.36313 4.05403e-16)
(15.885 1.48108 -1.23805e-15)
(16.4444 0.715959 1.95136e-15)
(17.0571 0.0619818 3.53237e-16)
(17.7082 -0.484217 -7.17258e-16)
(18.3867 -0.929946 -6.64939e-16)
(19.0825 -1.28159 -6.08292e-16)
(19.7865 -1.54542 0)
(20.4927 -1.72721 0)
(21.196 -1.83174 0)
(21.8927 -1.86138 7.3938e-16)
(22.5781 -1.81615 0)
(23.2457 -1.6937 -4.68491e-16)
(23.8834 -1.49225 -5.9408e-17)
(24.4713 -1.21537 -3.44811e-16)
(24.9901 -0.877273 -2.4984e-16)
(25.4305 -0.496446 0)
(25.7918 -0.0868426 -3.10311e-17)
(26.0744 0.340694 -5.91032e-18)
(26.2782 0.774873 1.0717e-18)
(26.4047 1.20453 5.02252e-17)
(26.4567 1.62072 -2.22748e-17)
(26.4367 2.01669 2.47178e-17)
(26.346 2.38664 -1.01517e-16)
(26.1781 2.72652 0)
(25.9313 3.02743 -1.29929e-17)
(25.5366 3.28525 -5.07021e-17)
(25.0501 3.3873 3.14094e-15)
(24.0049 3.32273 -2.67803e-17)
(18.2852 13.6531 1.80826e-17)
(18.9409 14.349 0)
(19.7287 15.0613 8.80045e-17)
(20.6161 15.7439 -5.41978e-17)
(21.5671 16.3454 -1.63295e-17)
(22.6202 16.8821 1.02861e-16)
(23.7472 17.3277 -1.75776e-16)
(24.9261 17.6611 -2.22805e-16)
(26.157 17.8758 0)
(27.4203 17.96 -4.10384e-16)
(28.7011 17.9045 -4.45084e-16)
(29.9882 17.7028 4.41412e-16)
(31.2624 17.3502 1.6707e-15)
(32.5052 16.8436 6.77822e-16)
(33.6969 16.184 -2.05877e-15)
(34.8152 15.376 -1.49565e-15)
(35.8386 14.4287 1.18585e-15)
(36.7468 13.355 8.83329e-16)
(37.5207 12.175 -4.42013e-16)
(38.1443 10.9136 4.44489e-16)
(38.6079 9.59519 1.12854e-15)
(38.908 8.24214 2.10059e-16)
(39.042 6.87282 -2.01094e-16)
(39.0024 5.5046 -1.34809e-15)
(38.7753 4.16641 0)
(38.3589 2.90437 -7.27891e-16)
(37.7852 1.76229 -3.50649e-16)
(37.1079 0.752815 -3.24253e-16)
(36.3663 -0.141296 -1.20259e-15)
(35.5716 -0.938084 4.51964e-15)
(34.7217 -1.64234 1.86858e-15)
(33.816 -2.25313 4.83786e-18)
(32.8518 -2.7695 4.31917e-17)
(31.8238 -3.18764 0)
(30.702 -3.49866 -4.0961e-15)
(29.4959 -3.67775 0)
(28.0317 -3.7057 0)
(27.0182 -3.35933 5.28803e-16)
(25.2394 -3.15818 5.34527e-18)
(17.7134 12.9377 -6.05457e-17)
(17.1928 12.1902 2.01072e-16)
(16.6911 11.3007 1.3899e-17)
(16.218 10.2935 2.80261e-16)
(15.8434 9.2236 -9.96335e-16)
(15.5696 8.08345 7.06593e-16)
(15.4187 6.89448 3.05848e-17)
(15.4009 5.72554 -6.7437e-16)
(15.5117 4.62317 -6.5799e-16)
(15.7402 3.59696 -6.99063e-16)
(16.0674 2.66303 -1.37848e-15)
(16.4739 1.83397 0)
(16.9467 1.10545 -7.02968e-16)
(17.4735 0.472451 -2.45032e-17)
(18.0425 -0.0669174 0)
(18.6453 -0.51801 -5.85975e-16)
(19.2733 -0.884433 -2.79111e-16)
(19.9185 -1.16982 -2.61645e-16)
(20.5745 -1.37748 8.96881e-16)
(21.2356 -1.51013 7.96974e-16)
(21.8966 -1.5688 -8.16695e-17)
(22.5519 -1.55317 6.09453e-16)
(23.1941 -1.46127 1.16958e-16)
(23.8113 -1.29191 -5.70889e-17)
(24.385 -1.04837 3.05503e-16)
(24.8963 -0.742319 1.85636e-17)
(25.335 -0.390015 0)
(25.6985 -0.00506563 0)
(25.9859 0.401537 -1.21496e-18)
(26.1966 0.818591 2.73879e-18)
(26.3311 1.23494 -7.31485e-17)
(26.3916 1.64119 -2.17781e-17)
(26.3801 2.02893 9.93574e-17)
(26.2977 2.3911 9.57545e-17)
(26.1379 2.7225 7.96917e-18)
(25.899 3.0123 5.04865e-18)
(25.5171 3.25431 3.96555e-15)
(25.0461 3.33328 -2.98222e-15)
(24.0841 3.23865 2.48108e-17)
(19.0067 13.0173 6.98145e-18)
(19.6189 13.6542 0)
(20.3535 14.3073 -4.82158e-17)
(21.178 14.9332 0)
(22.0567 15.4844 -4.93501e-17)
(23.028 15.9782 4.76942e-17)
(24.065 16.3908 1.32179e-16)
(25.1474 16.7035 2.09398e-16)
(26.2769 16.9109 0)
(27.4366 17.003 -2.66529e-16)
(28.6143 16.9713 4.54433e-16)
(29.8021 16.8094 -9.37309e-16)
(30.9835 16.5116 -5.27254e-16)
(32.1431 16.074 -5.40239e-16)
(33.2635 15.4951 1.30901e-15)
(34.3247 14.7771 1.42468e-15)
(35.3062 13.9259 -1.53614e-15)
(36.1877 12.9524 -1.53913e-15)
(36.951 11.8708 0)
(37.5797 10.6994 4.08042e-16)
(38.0616 9.45949 -7.90126e-16)
(38.3891 8.17382 1.93099e-16)
(38.5568 6.86393 2.60171e-18)
(38.5566 5.55118 3.17835e-15)
(38.3774 4.26326 -1.75967e-16)
(38.0173 3.03883 1.09891e-16)
(37.5014 1.91708 3.22945e-16)
(36.8747 0.914315 3.42914e-16)
(36.1738 0.0203506 1.03131e-15)
(35.4124 -0.778735 -2.07286e-15)
(34.5915 -1.48672 -1.70672e-15)
(33.7128 -2.10217 -6.71723e-15)
(32.7768 -2.62362 5.80145e-15)
(31.7827 -3.04694 -8.24643e-17)
(30.7069 -3.36377 3.79625e-15)
(29.5618 -3.54552 -1.17326e-16)
(28.1599 -3.58322 6.48862e-17)
(26.878 -3.20684 4.96643e-18)
(25.2374 -2.95653 -2.23994e-15)
(18.4701 12.3627 3.02818e-17)
(17.9803 11.68 -1.02601e-16)
(17.5035 10.8662 1.99987e-16)
(17.049 9.94332 0)
(16.6826 8.96405 5.70321e-16)
(16.4049 7.91729 0)
(16.2366 6.82298 0)
(16.1888 5.74618 0)
(16.2571 4.72904 1.21569e-15)
(16.4317 3.77871 -5.9657e-16)
(16.6963 2.90945 6.75089e-16)
(17.0339 2.13266 0)
(17.434 1.44334 0)
(17.8869 0.836501 -6.02229e-16)
(18.3831 0.310925 0)
(18.9164 -0.137476 5.43523e-16)
(19.4803 -0.510885 1.19836e-17)
(20.0679 -0.81081 0)
(20.6733 -1.03849 -6.38474e-16)
(21.2906 -1.19494 -9.40843e-16)
(21.9139 -1.27997 -6.51441e-16)
(22.5369 -1.29258 -5.60799e-16)
(23.152 -1.23063 9.5225e-16)
(23.7471 -1.09314 0)
(24.3048 -0.883061 3.1058e-16)
(24.8068 -0.609861 2.8047e-16)
(25.242 -0.287786 1.01481e-16)
(25.6063 0.0700997 0)
(25.8976 0.452726 -6.80879e-18)
(26.1144 0.848922 -3.76224e-17)
(26.2566 1.24744 9.08736e-17)
(26.3258 1.63844 -2.09611e-17)
(26.3232 2.0137 -8.91023e-17)
(26.2495 2.36578 1.43297e-16)
(26.0985 2.68877 -2.97788e-18)
(25.868 2.97054 8.0591e-18)
(25.4997 3.20254 -3.83944e-15)
(25.0446 3.26973 2.7595e-15)
(24.1621 3.15688 7.02394e-15)
(19.6487 12.4384 3.65209e-18)
(20.223 13.0233 -2.07142e-17)
(20.9111 13.6236 0)
(21.6811 14.1985 -3.46089e-17)
(22.4974 14.7041 0)
(23.3979 15.1581 0)
(24.3569 15.5389 2.06002e-17)
(25.3554 15.8297 1.84307e-16)
(26.3964 16.0266 4.31577e-16)
(27.4648 16.1205 1.1243e-15)
(28.5507 16.1042 6.45138e-16)
(29.6486 15.9714 7.52844e-16)
(30.7447 15.7163 0)
(31.8263 15.3337 1.4913e-15)
(32.8786 14.8209 -5.29716e-16)
(33.8833 14.1777 0)
(34.8217 13.4075 1.27799e-15)
(35.6745 12.5178 1.46778e-15)
(36.4235 11.52 0)
(37.0513 10.431 1.44436e-15)
(37.5432 9.27064 -1.41596e-15)
(37.8898 8.05972 0)
(38.0837 6.81899 -1.70453e-16)
(38.1172 5.57007 2.92349e-17)
(37.9809 4.33858 8.23627e-17)
(37.6728 3.1573 1.25192e-15)
(37.2118 2.06147 -4.54403e-18)
(36.6352 1.0704 -3.36026e-17)
(35.9759 0.180348 -2.82457e-17)
(35.2489 -0.618476 6.24774e-17)
(34.4573 -1.32839 1.70566e-15)
(33.6037 -1.94714 6.02865e-15)
(32.6896 -2.47248 4.79128e-17)
(31.7166 -2.89948 -4.39505e-15)
(30.6674 -3.22013 -3.42113e-15)
(29.5581 -3.40335 -5.01537e-15)
(28.2577 -3.4478 -2.86867e-15)
(26.9316 -3.07571 2.10697e-17)
(25.2633 -2.75817 2.09409e-15)
(19.1429 11.8372 -6.70261e-17)
(18.6806 11.2113 -2.4401e-16)
(18.2263 10.4638 4.79681e-16)
(17.7896 9.61492 0)
(17.432 8.71457 9.03495e-16)
(17.1536 7.74975 0)
(16.9733 6.73909 -4.78422e-16)
(16.9026 5.74396 1.91655e-15)
(16.9377 4.80286 -1.47747e-15)
(17.0695 3.92152 0)
(17.2834 3.11241 1.08764e-15)
(17.5644 2.38585 1.04821e-15)
(17.9035 1.73632 0)
(18.2929 1.15878 -1.0279e-15)
(18.725 0.65205 2.47433e-16)
(19.1956 0.212394 -2.47894e-16)
(19.6997 -0.161373 2.40305e-16)
(20.232 -0.469418 4.20044e-16)
(20.7872 -0.711464 -1.66136e-17)
(21.36 -0.886995 5.04001e-16)
(21.9443 -0.994621 1.46519e-16)
(22.5336 -1.03254 -1.41858e-16)
(23.1199 -0.998307 -4.50308e-16)
(23.6917 -0.890765 3.84335e-16)
(24.2318 -0.712219 -2.73741e-16)
(24.7227 -0.470418 -2.82733e-16)
(25.1528 -0.177612 -9.56835e-17)
(25.5163 0.153933 -1.01333e-18)
(25.8103 0.513266 7.45985e-18)
(26.0323 0.889421 3.55891e-17)
(26.1816 1.27118 1.10119e-17)
(26.2588 1.6485 -2.01999e-17)
(26.2648 2.01245 1.57521e-16)
(26.1998 2.35469 -1.44755e-16)
(26.0576 2.66834 8.5037e-18)
(25.8362 2.93985 -6.70393e-16)
(25.4825 3.15862 1.84488e-15)
(25.0447 3.21087 0)
(24.2383 3.07956 -6.65893e-15)
(20.2228 11.9081 1.13701e-17)
(20.7636 12.4466 0)
(21.4106 12.9996 0)
(22.1323 13.5287 4.24918e-17)
(22.8938 13.9931 -2.09059e-17)
(23.7322 14.4105 0)
(24.6227 14.7613 0)
(25.5473 15.0305 -5.92191e-16)
(26.5099 15.2152 -3.06854e-17)
(27.497 15.3078 -3.81004e-17)
(28.5003 15.3016 -1.49078e-15)
(29.5163 15.191 -3.95306e-16)
(30.5333 14.9705 7.5686e-16)
(31.5409 14.6346 -6.51572e-17)
(32.5267 14.1793 0)
(33.4747 13.603 0)
(34.3678 12.9072 -3.49383e-15)
(35.1877 12.0967 -6.48179e-16)
(35.9166 11.1808 6.6542e-16)
(36.5377 10.172 -1.39947e-15)
(37.0349 9.08775 2.66587e-15)
(37.3967 7.94749 1.26768e-15)
(37.614 6.77192 -1.23397e-15)
(37.6787 5.58339 -1.40631e-15)
(37.5826 4.40608 2.24337e-16)
(37.3233 3.26779 -1.22509e-15)
(36.9147 2.19979 -1.39178e-16)
(36.3874 1.22311 3.10376e-17)
(35.7706 0.33931 -3.11941e-17)
(35.0796 -0.457388 1.04777e-16)
(34.3192 -1.16783 -4.38285e-17)
(33.4927 -1.78889 -2.9534e-15)
(32.602 -2.31734 -1.11803e-16)
(31.6488 -2.74739 1.32742e-16)
(30.6193 -3.07067 0)
(29.5274 -3.25511 4.62518e-15)
(28.2866 -3.29894 2.66401e-15)
(27.0242 -2.94409 0)
(25.3714 -2.57557 0)
(19.7447 11.3545 0)
(19.3068 10.7787 2.17186e-16)
(18.8733 10.0897 -7.13134e-16)
(18.4535 9.30619 -3.42193e-16)
(18.1053 8.47545 -8.15967e-16)
(17.8282 7.58311 0)
(17.6399 6.64692 0)
(17.552 5.72467 -8.54757e-16)
(17.561 4.85192 8.8977e-16)
(17.6585 4.03317 0)
(17.8311 3.27957 -4.58024e-16)
(18.0654 2.60069 -4.92485e-16)
(18.3534 1.99065 4.64529e-16)
(18.6884 1.44392 4.80103e-16)
(19.0646 0.959124 -8.90665e-16)
(19.4789 0.532743 0)
(19.928 0.16391 -1.995e-16)
(20.4078 -0.146766 1.33553e-17)
(20.9143 -0.398059 8.81087e-16)
(21.4427 -0.588278 -1.60867e-16)
(21.9873 -0.714919 1.54427e-16)
(22.5417 -0.775419 -1.17008e-16)
(23.0981 -0.766869 1.65647e-16)
(23.6451 -0.687723 -7.78645e-16)
(24.1662 -0.539489 -2.73821e-16)
(24.6443 -0.328316 2.32168e-16)
(25.0675 -0.0646956 -1.40913e-17)
(25.4288 0.240069 0)
(25.7242 0.57531 -7.50884e-18)
(25.9506 0.930269 4.24499e-17)
(26.1063 1.29385 -5.40315e-17)
(26.1913 1.6557 8.60692e-17)
(26.2058 2.00675 -3.33227e-16)
(26.1495 2.33806 3.94128e-16)
(26.0166 2.64197 -6.31814e-18)
(25.8047 2.90373 6.26324e-16)
(25.4664 3.1106 3.50509e-17)
(25.0467 3.1514 -7.85094e-17)
(24.3123 3.00604 -5.89348e-15)
(20.7388 11.4199 -1.05991e-17)
(21.2495 11.9168 0)
(21.8597 12.4271 0)
(22.5385 12.9146 -9.15558e-18)
(23.2515 13.3414 1.92108e-17)
(24.0348 13.7252 -6.8236e-17)
(24.8647 14.0478 6.83499e-17)
(25.7238 14.2958 2.67453e-16)
(26.6169 14.4675 -3.54116e-16)
(27.5314 14.556 -4.44161e-16)
(28.4605 14.5558 5.33945e-16)
(29.402 14.4618 0)
(30.3463 14.2688 -7.17635e-16)
(31.2848 13.9712 -8.09371e-16)
(32.2074 13.5645 -2.13415e-15)
(33.1 13.0459 -8.99816e-16)
(33.9473 12.4154 1.66226e-15)
(34.7323 11.6756 0)
(35.438 10.8335 6.21205e-16)
(36.0479 9.89923 -2.7131e-15)
(36.5453 8.88819 -3.04926e-15)
(36.9171 7.8181 -9.27322e-16)
(37.1532 6.70866 1.04379e-15)
(37.245 5.58176 1.41615e-16)
(37.1851 4.45985 6.73729e-17)
(36.9706 3.3665 -4.74533e-17)
(36.6115 2.32946 -1.16363e-16)
(36.1319 1.37068 -7.67372e-18)
(35.5575 0.496113 8.72649e-16)
(34.9033 -0.296261 0)
(34.1755 -1.0056 -1.57769e-15)
(33.3778 -1.6278 8.74547e-17)
(32.5127 -2.1586 9.06745e-17)
(31.5819 -2.59126 7.48142e-15)
(30.5735 -2.91663 8.17544e-17)
(29.4987 -3.10269 -8.0117e-17)
(28.2864 -3.14363 0)
(27.0887 -2.80469 0)
(25.5198 -2.40552 1.44262e-15)
(20.2857 10.9086 6.46811e-17)
(19.8698 10.3775 7.17911e-17)
(19.4555 9.74078 1.42259e-16)
(19.0519 9.01548 6.35845e-16)
(18.7133 8.24655 -3.20958e-16)
(18.4391 7.41886 3.43435e-16)
(18.2459 6.54954 9.81619e-16)
(18.1449 5.69266 0)
(18.1335 4.8815 0)
(18.2033 4.1197 0)
(18.3422 3.41743 -7.84896e-16)
(18.5378 2.7835 1.21791e-15)
(18.7828 2.2116 -8.24112e-16)
(19.0714 1.69608 3.91846e-16)
(19.3988 1.23514 3.31796e-17)
(19.763 0.825126 0)
(20.162 0.465239 -7.34053e-16)
(20.5927 0.156475 0)
(21.0524 -0.0994311 -1.44371e-17)
(21.5373 -0.300084 -5.94483e-16)
(22.0423 -0.442159 6.57566e-16)
(22.5611 -0.52234 -5.90578e-16)
(23.0866 -0.537095 -4.06728e-16)
(23.6077 -0.484239 3.05609e-16)
(24.1084 -0.36452 2.58491e-19)
(24.5721 -0.182682 -2.18456e-16)
(24.9867 0.0524757 8.39616e-18)
(25.3443 0.330738 5.55163e-18)
(25.6399 0.641885 -6.50528e-19)
(25.8696 0.975469 1.99162e-19)
(26.0309 1.32059 8.85734e-18)
(26.1232 1.66681 2.55298e-18)
(26.1459 2.00471 1.68118e-16)
(26.0984 2.32469 -3.68202e-16)
(25.9749 2.61824 8.89107e-18)
(25.773 2.8695 -8.63345e-18)
(25.4508 3.06383 3.34685e-17)
(25.0505 3.09373 -7.40152e-17)
(24.3842 2.93666 5.69446e-15)
(21.2043 10.9684 -6.77639e-18)
(21.6879 11.4277 1.38375e-17)
(22.2649 11.8993 -3.41751e-17)
(22.9051 12.3489 -4.29232e-17)
(23.5745 12.7415 -1.78227e-17)
(24.3087 13.0943 0)
(25.0844 13.3905 0)
(25.8851 13.6183 -4.28552e-17)
(26.716 13.7766 2.62448e-16)
(27.5653 13.8596 0)
(28.4274 13.8624 0)
(29.3012 13.7807 -5.66953e-16)
(30.1786 13.6097 1.21789e-15)
(31.0529 13.3439 -6.52148e-16)
(31.9155 12.9787 1.05058e-16)
(32.7542 12.5107 1.32232e-15)
(33.5555 11.9384 -3.09039e-17)
(34.3041 11.2629 2.97784e-15)
(34.9837 10.4893 1.59318e-15)
(35.5785 9.62529 2.34285e-15)
(36.0719 8.68395 8.67256e-16)
(36.4496 7.68142 2.70579e-16)
(36.7006 6.63631 -1.17046e-15)
(36.816 5.56982 1.29824e-16)
(36.7888 4.50276 5.55388e-16)
(36.6154 3.45503 4.64352e-16)
(36.3026 2.45103 9.54887e-17)
(35.8691 1.51299 -5.99895e-17)
(35.3366 0.65032 -7.7508e-16)
(34.7197 -0.135575 0)
(34.0251 -0.842125 -1.26766e-15)
(33.2576 -1.46418 -8.08781e-17)
(32.4195 -1.99642 -2.0066e-15)
(31.5134 -2.43115 -7.18133e-15)
(30.5286 -2.75835 -7.60043e-17)
(29.4758 -2.94621 7.44612e-17)
(28.2874 -2.9854 -2.30866e-15)
(27.1274 -2.65902 -2.16285e-17)
(25.6678 -2.24183 -2.59943e-15)
(20.7739 10.4952 0)
(20.3784 10.0039 -1.11307e-16)
(19.9819 9.41428 -1.29476e-16)
(19.5937 8.74122 2.50031e-16)
(19.2648 8.02771 0)
(18.9947 7.25817 0)
(18.7987 6.44903 -2.30397e-15)
(18.688 5.6512 -1.18715e-15)
(18.6605 4.89578 1.9029e-15)
(18.708 4.18592 -1.97726e-15)
(18.8192 3.53091 7.2482e-16)
(18.9826 2.93897 -7.48755e-16)
(19.1914 2.40363 3.58166e-17)
(19.4403 1.91897 -7.57009e-16)
(19.7253 1.4829 1.10016e-15)
(20.0452 1.09147 7.05333e-16)
(20.3988 0.743629 3.4158e-16)
(20.7842 0.440371 0)
(21.1998 0.183658 -4.57522e-16)
(21.6425 -0.0236469 -1.41679e-16)
(22.1082 -0.177688 0)
(22.5913 -0.274519 5.42386e-16)
(23.0852 -0.310056 1.90835e-16)
(23.5795 -0.281436 -2.04663e-16)
(24.0587 -0.188471 2.4135e-16)
(24.5065 -0.0346444 0)
(24.9108 0.172802 0)
(25.2632 0.42479 2.16646e-18)
(25.5577 0.711694 5.12408e-18)
(25.7896 1.02346 -4.48908e-17)
(25.9558 1.34948 8.26087e-17)
(26.0548 1.67924 1.25181e-16)
(26.0854 2.00315 -2.27721e-16)
(26.0467 2.31108 -2.19826e-16)
(25.9328 2.59372 5.32534e-16)
(25.7415 2.83432 6.22527e-18)
(25.436 3.01643 -2.27083e-17)
(25.0559 3.03712 2.21622e-15)
(24.4537 2.87155 0)
(21.6259 10.549 -1.73435e-17)
(22.0847 10.9742 -1.10688e-17)
(22.6314 11.4105 3.46728e-17)
(23.2365 11.8257 2.157e-17)
(23.8668 12.1871 1.66922e-17)
(24.5566 12.5112 7.37242e-17)
(25.2836 12.7829 -1.68776e-16)
(26.0319 12.9914 -4.64031e-16)
(26.8068 13.1363 2.32191e-16)
(27.5974 13.2125 0)
(28.399 13.2162 -7.76088e-16)
(29.2112 13.1435 1.41259e-15)
(30.0272 12.99 -5.07065e-16)
(30.8416 12.7507 6.42652e-16)
(31.6476 12.4209 7.66123e-16)
(32.4346 11.9966 1.46892e-15)
(33.1908 11.4757 -1.61376e-15)
(33.9023 10.8579 -1.13528e-16)
(34.5539 10.1467 -2.02557e-15)
(35.1306 9.34799 0)
(35.6163 8.47261 -2.24562e-15)
(35.996 7.53519 -3.3783e-18)
(36.258 6.55305 2.91712e-16)
(36.3933 5.54622 -1.17825e-16)
(36.3949 4.53378 -4.13675e-16)
(36.259 3.53251 5.67552e-17)
(35.9892 2.56369 0)
(35.5997 1.64924 -1.985e-16)
(35.1085 0.801228 8.32976e-16)
(34.5289 0.0240731 -1.46113e-15)
(33.8683 -0.677866 1.27706e-15)
(33.1316 -1.29838 1.31699e-16)
(32.3218 -1.83103 1.80237e-15)
(31.4417 -2.26716 3.39572e-15)
(30.4822 -2.59591 -9.17716e-17)
(29.4545 -2.78546 4.74012e-17)
(28.2962 -2.82449 2.12974e-15)
(27.1595 -2.51043 6.46853e-16)
(25.8019 -2.08147 1.15146e-15)
(21.2162 10.1105 2.76272e-17)
(20.8394 9.65523 9.21092e-17)
(20.4596 9.10791 0)
(20.0861 8.48213 0)
(19.7671 7.81851 5.15444e-16)
(19.5019 7.10157 4.74752e-16)
(19.3048 6.34707 1.9776e-15)
(19.1871 5.60276 5.95777e-16)
(19.1469 4.8981 -1.14067e-15)
(19.1762 4.23572 3.75283e-17)
(19.2646 3.62431 6.17623e-16)
(19.4011 3.07154 0)
(19.5793 2.57083 6.72196e-16)
(19.7943 2.11621 6.44536e-16)
(20.0426 1.70515 -1.30615e-15)
(20.3234 1.33348 0)
(20.6362 0.999793 -6.00796e-16)
(20.9801 0.704854 5.71188e-16)
(21.3542 0.450578 -2.73101e-16)
(21.7566 0.239997 1.14881e-16)
(22.184 0.0772983 5.71361e-16)
(22.6317 -0.0331477 0)
(23.0938 -0.0867988 0)
(23.5605 -0.0801783 -1.6572e-18)
(24.0171 -0.0121082 -3.12741e-17)
(24.4477 0.115236 -2.00675e-16)
(24.8403 0.295976 1.07943e-17)
(25.1859 0.522191 6.86072e-17)
(25.478 0.784978 0)
(25.7111 1.07476 5.69001e-17)
(25.8813 1.38129 -7.98843e-17)
(25.9863 1.69412 1.64356e-17)
(26.0246 2.00348 4.62992e-16)
(25.9946 2.2988 4.7223e-16)
(25.8905 2.57001 -5.09896e-16)
(25.7102 2.79957 -2.32734e-17)
(25.422 2.96945 -1.6684e-15)
(25.0629 2.98209 -2.06933e-15)
(24.5207 2.81056 -4.77888e-15)
(22.0088 10.1583 2.31892e-18)
(22.4448 10.5525 9.4895e-18)
(22.9638 10.9566 1.64749e-17)
(23.5368 11.3402 0)
(24.1316 11.6728 0)
(24.7811 11.9705 -1.35788e-16)
(25.4641 12.2193 1.50194e-16)
(26.1649 12.4096 3.30167e-17)
(26.8892 12.5414 -7.20287e-16)
(27.6268 12.6104 2.66293e-16)
(28.3733 12.6133 3.50618e-16)
(29.1293 12.547 -1.73004e-15)
(29.8888 12.4076 4.50557e-16)
(30.6478 12.1903 -1.05502e-15)
(31.4007 11.8907 0)
(32.1384 11.5045 -6.95904e-16)
(32.8506 11.029 1.20318e-15)
(33.5249 10.4632 -2.0664e-15)
(34.1472 9.80889 4.49049e-16)
(34.7035 9.07076 1.3749e-15)
(35.1784 8.25749 1.92248e-15)
(35.5566 7.38223 0)
(35.8261 6.46095 9.16775e-16)
(35.9777 5.51243 1.08213e-16)
(36.0046 4.55394 -1.96746e-18)
(35.9023 3.59943 2.9843e-16)
(35.6722 2.6674 9.63968e-17)
(35.3245 1.77901 1.44088e-16)
(34.8736 0.948244 -7.44797e-16)
(34.3313 0.182088 1.46162e-15)
(33.7051 -0.513376 -7.66638e-17)
(33 -1.13084 1.93469e-15)
(32.2193 -1.6628 -1.70718e-15)
(31.3663 -2.09958 0)
(30.4335 -2.42947 2.39101e-15)
(29.4322 -2.62068 -4.43414e-17)
(28.3093 -2.66039 -1.29196e-18)
(27.1954 -2.36016 -5.53591e-16)
(25.9249 -1.92418 3.03362e-17)
(21.6183 9.75125 1.7262e-17)
(21.2588 9.32867 -1.65163e-16)
(20.8947 8.81986 0)
(20.5352 8.237 -3.85064e-16)
(20.2261 7.61861 8.21526e-16)
(19.9664 6.94954 -8.54656e-16)
(19.7695 6.24476 -5.02952e-17)
(19.6468 5.54924 9.41445e-16)
(19.5967 4.89089 0)
(19.6112 4.27202 1.51578e-15)
(19.6806 3.70079 -5.42914e-16)
(19.7947 3.18443 5.65786e-16)
(19.947 2.71645 -8.73472e-16)
(20.1329 2.29066 -1.55528e-17)
(20.3493 1.90438 -2.69862e-16)
(20.5957 1.55304 0)
(20.8721 1.23492 8.36956e-16)
(21.1782 0.950446 -2.66677e-16)
(21.5139 0.701272 1.47639e-17)
(21.8782 0.490368 -9.22092e-16)
(22.2687 0.321945 -3.24969e-16)
(22.6816 0.200659 -1.00053e-16)
(23.1118 0.131442 -7.98832e-17)
(23.5506 0.118482 3.77134e-16)
(23.9838 0.163819 3.00223e-17)
(24.3961 0.26633 3.87409e-16)
(24.7755 0.421482 2.58017e-17)
(25.113 0.622542 -7.51791e-17)
(25.4013 0.861416 -8.07677e-18)
(25.6344 1.12911 -4.28867e-17)
(25.8077 1.41577 -5.84653e-18)
(25.9182 1.71113 1.54346e-17)
(25.9637 2.00533 -2.34413e-16)
(25.9422 2.28744 3.99157e-17)
(25.848 2.5467 2.88808e-18)
(25.6792 2.76498 -1.7816e-17)
(25.4087 2.92286 1.54197e-15)
(25.0712 2.92871 -1.95024e-15)
(24.585 2.75387 4.54005e-15)
(22.3574 9.79321 2.33323e-17)
(22.7725 10.159 -5.67177e-17)
(23.2658 10.5335 2.29965e-17)
(23.8094 10.8882 0)
(24.3715 11.1944 3.93799e-17)
(24.9844 11.4677 -9.71868e-17)
(25.6271 11.6953 -1.34379e-16)
(26.285 11.8683 -4.89482e-17)
(26.9633 11.9874 2.0748e-16)
(27.6526 12.0489 5.11589e-16)
(28.3491 12.05 2.73546e-16)
(29.0537 11.9881 1.11215e-15)
(29.7614 11.8599 -4.52423e-16)
(30.4691 11.661 5.19158e-16)
(31.1722 11.387 0)
(31.863 11.034 0)
(32.5327 10.5987 -1.97239e-15)
(33.1701 10.0794 7.0144e-16)
(33.7625 9.47687 1.53172e-15)
(34.2966 8.79472 -1.75519e-15)
(34.7581 8.03966 2.09193e-15)
(35.1319 7.2235 -1.83251e-15)
(35.4057 6.36083 -4.07496e-16)
(35.5702 5.46901 1.00041e-16)
(35.6187 4.5636 8.59348e-16)
(35.5464 3.65598 -4.08833e-16)
(35.3528 2.76202 -6.91544e-17)
(35.0445 1.90191 0)
(34.6325 1.09083 -6.30228e-16)
(34.1272 0.337914 7.08928e-17)
(33.5356 -0.349172 -7.07431e-17)
(32.8628 -0.962039 -1.83631e-15)
(32.1122 -1.49209 -1.57975e-17)
(31.2874 -1.92868 -9.65085e-17)
(30.3825 -2.25926 -3.80451e-17)
(29.4086 -2.45216 -3.2124e-15)
(28.3229 -2.493 1.9025e-15)
(27.2368 -2.2084 3.41854e-17)
(26.042 -1.77038 -2.16376e-17)
(21.9849 9.41496 7.86935e-17)
(21.6414 9.02213 7.03622e-17)
(21.2922 8.54847 1.51697e-16)
(20.9461 8.00478 1.9271e-16)
(20.6468 7.42759 -1.12558e-15)
(20.393 6.80232 7.09844e-16)
(20.1974 6.14299 3.16018e-16)
(20.0714 5.49214 0)
(20.0134 4.87621 4.29646e-16)
(20.0159 4.29735 -4.96129e-16)
(20.0696 3.76325 9.35522e-16)
(20.1647 3.28078 -9.82785e-16)
(20.2949 2.84342 0)
(20.456 2.44511 0)
(20.6447 2.0829 7.91302e-16)
(20.861 1.75199 2.61525e-16)
(21.1049 1.45025 -2.65675e-16)
(21.3768 1.17773 2.26053e-16)
(21.6772 0.935724 4.60937e-16)
(22.0058 0.726934 4.29234e-16)
(22.361 0.55552 3.858e-16)
(22.7401 0.426159 0)
(23.1389 0.343997 -3.15764e-16)
(23.5496 0.313728 -6.59789e-17)
(23.9588 0.338315 6.64922e-17)
(24.3517 0.417741 2.83145e-17)
(24.7168 0.54863 -1.45634e-17)
(25.0448 0.725366 -1.05639e-17)
(25.3281 0.940733 7.63891e-18)
(25.56 1.18638 0)
(25.7354 1.45296 -8.93135e-17)
(25.8506 1.73045 -1.3077e-16)
(25.9029 2.00896 -2.85195e-16)
(25.8897 2.27732 -5.03734e-16)
(25.8056 2.52416 -5.56797e-16)
(25.6485 2.73092 6.42219e-16)
(25.3962 2.87702 -1.54777e-15)
(25.0807 2.87715 1.94078e-15)
(24.6466 2.70131 -5.78105e-17)
(22.6757 9.4512 -4.19247e-17)
(23.0712 9.79094 2.16065e-17)
(23.5408 10.1383 -4.52345e-19)
(24.057 10.4661 2.4118e-17)
(24.5892 10.7481 1.38606e-17)
(25.1684 10.9989 1.14053e-16)
(25.7743 11.2067 1.2078e-16)
(26.3928 11.3636 1.57661e-16)
(27.0292 11.4705 3.85181e-16)
(27.6745 11.5243 -4.83623e-16)
(28.3252 11.5229 -3.36869e-16)
(28.9828 11.464 3.08366e-16)
(29.6428 11.3447 0)
(30.3029 11.1612 1.34698e-15)
(30.9595 10.9094 -4.61461e-16)
(31.6061 10.5852 0)
(32.235 10.1854 1.22451e-15)
(32.8363 9.70776 0)
(33.3986 9.1523 -1.45787e-15)
(33.9094 8.52155 -1.48658e-15)
(34.3555 7.82082 3.05739e-16)
(34.7223 7.06051 1.38868e-15)
(34.9973 6.25385 5.4344e-16)
(35.1715 5.41683 -1.8212e-16)
(35.2382 4.56333 -5.52562e-16)
(35.1924 3.7024 -4.26074e-17)
(35.0319 2.84748 5.23106e-17)
(34.7604 2.01756 -1.00702e-17)
(34.386 1.22846 5.29341e-16)
(33.9171 0.49096 1.14628e-15)
(33.3601 -0.185826 0)
(32.72 -0.792476 0)
(32.0003 -1.31936 0)
(31.2047 -1.75485 -7.40149e-17)
(30.329 -2.08561 -1.9124e-15)
(29.3837 -2.28025 3.00246e-15)
(28.3358 -2.3227 -3.70722e-15)
(27.2817 -2.05514 -3.69393e-17)
(26.156 -1.62019 4.77677e-16)
(22.3199 9.09936 6.56079e-17)
(21.9915 8.73374 -1.82748e-16)
(21.6563 8.2923 -2.40746e-16)
(21.323 7.78452 5.74936e-16)
(21.0335 7.24504 6.04897e-16)
(20.7859 6.65996 0)
(20.5924 6.04242 -1.31635e-15)
(20.4643 5.43258 -1.34703e-15)
(20.4003 4.85567 -1.45172e-15)
(20.393 4.31366 3.54266e-16)
(20.4335 3.81386 -1.29321e-15)
(20.5125 3.36279 9.17833e-16)
(20.624 2.95413 4.57198e-16)
(20.7636 2.58181 -7.85213e-18)
(20.9284 2.24276 -9.5676e-16)
(21.1182 1.93199 0)
(21.3333 1.64698 0)
(21.5745 1.38741 -4.44048e-16)
(21.8426 1.15417 0)
(22.1379 0.949545 0)
(22.4598 0.777424 -5.37486e-16)
(22.8064 0.642444 -1.54236e-16)
(23.1745 0.549844 3.68633e-16)
(23.5572 0.504673 -7.03255e-17)
(23.942 0.51068 5.47997e-17)
(24.3148 0.56886 -5.26919e-17)
(24.6644 0.676905 0)
(24.9817 0.830273 0)
(25.2586 1.02266 0)
(25.4882 1.24644 5.3939e-17)
(25.6648 1.49281 7.4359e-17)
(25.784 1.75208 -7.69191e-18)
(25.8425 2.01443 2.64453e-16)
(25.8374 2.26854 5.21646e-16)
(25.7633 2.50253 5.45251e-16)
(25.6184 2.69755 -1.26532e-15)
(25.3845 2.83218 -5.62545e-18)
(25.0914 2.82759 0)
(24.7055 2.65295 3.85046e-15)
(22.9668 9.13009 1.41015e-17)
(23.3441 9.44586 -1.37432e-17)
(23.7914 9.76804 -4.8956e-17)
(24.2823 10.0713 -7.76911e-19)
(24.7868 10.3308 -1.52108e-17)
(25.3349 10.5608 0)
(25.9069 10.7501 0)
(26.4893 10.892 -4.10228e-16)
(27.0873 10.9874 4.77372e-16)
(27.6922 11.0336 4.10664e-16)
(28.301 11.0291 -2.4792e-16)
(28.9154 10.9721 -8.53038e-16)
(29.5315 10.86 3.60678e-16)
(30.1476 10.6894 3.85515e-16)
(30.7608 10.4565 -4.52282e-16)
(31.3657 10.1575 -3.8842e-17)
(31.9556 9.78913 -5.2025e-16)
(32.5219 9.3488 0)
(33.0542 8.83599 -1.23134e-15)
(33.541 8.2524 1.41507e-15)
(33.9701 7.60221 -1.46514e-15)
(34.3278 6.89444 3.52092e-16)
(34.6016 6.14105 -1.7075e-15)
(34.7825 5.35678 6.52397e-16)
(34.8642 4.55385 0)
(34.8414 3.73915 3.10199e-16)
(34.7107 2.9239 0)
(34.4734 2.12573 0)
(34.1348 1.36066 0)
(33.7014 0.640666 -1.02404e-15)
(33.1789 -0.0239055 1.09341e-16)
(32.5719 -0.622674 1.51437e-15)
(31.8838 -1.14504 8.32744e-17)
(31.1184 -1.57849 -8.27137e-17)
(30.273 -1.90885 0)
(29.3577 -2.10521 0)
(28.3478 -2.14984 4.09825e-17)
(27.3281 -1.9002 -1.34792e-15)
(26.2673 -1.47331 -4.55262e-16)
(22.6267 8.80256 5.73049e-17)
(22.3125 8.46193 5.38908e-17)
(21.9905 8.05012 2.24195e-16)
(21.6696 7.57538 -3.02867e-16)
(21.3896 7.07057 -2.99683e-16)
(21.1485 6.52252 1.03654e-15)
(20.9577 5.94345 -1.36491e-15)
(20.8286 5.37146 1.23388e-15)
(20.7599 4.83054 1.33834e-15)
(20.7446 4.32258 -2.20682e-17)
(20.774 3.85452 -3.72754e-16)
(20.8395 3.43264 0)
(20.9349 3.05078 -8.00538e-16)
(21.0561 2.70295 4.09595e-16)
(21.2 2.38596 0)
(21.3666 2.09475 4.09012e-16)
(21.5563 1.82648 2.00998e-16)
(21.7698 1.58043 -7.82885e-16)
(22.0085 1.35703 -1.77898e-16)
(22.2733 1.15819 -3.50483e-16)
(22.564 0.987378 3.27205e-16)
(22.8796 0.84899 4.63337e-16)
(23.2178 0.748191 -1.29523e-16)
(23.5729 0.690392 2.47772e-16)
(23.9331 0.680007 5.21157e-17)
(24.2853 0.718848 -7.36435e-17)
(24.6185 0.805587 2.31331e-17)
(24.924 0.936697 7.4186e-17)
(25.1935 1.1068 0)
(25.4196 1.30903 -5.10523e-17)
(25.5963 1.53519 0)
(25.7186 1.77602 -3.26335e-16)
(25.7828 2.02181 0)
(25.7855 2.26123 -2.4117e-16)
(25.7214 2.48198 -1.67405e-17)
(25.5889 2.66511 6.01994e-16)
(25.3735 2.78858 1.41573e-15)
(25.1031 2.78019 0)
(24.7615 2.6087 -3.67278e-15)
(23.2336 8.82804 -1.27463e-17)
(23.5936 9.12165 6.22821e-18)
(24.0202 9.4206 1.67242e-17)
(24.4874 9.70102 -1.27016e-17)
(24.9662 9.93994 0)
(25.4854 10.1506 9.50013e-17)
(26.0262 10.3228 9.86776e-17)
(26.5753 10.4507 -5.92148e-16)
(27.1379 10.535 -3.79246e-16)
(27.7057 10.5739 -1.46003e-18)
(28.2761 10.5661 -4.18034e-16)
(28.8507 10.51 5.46907e-16)
(29.4263 10.4037 -5.94931e-16)
(30.0016 10.244 -7.13466e-16)
(30.5744 10.0275 7.54287e-16)
(31.1401 9.75056 -4.47232e-16)
(31.6929 9.40999 1.43767e-15)
(32.2254 9.00314 0)
(32.7282 8.529 1.17174e-15)
(33.1907 7.98856 1.19838e-15)
(33.6017 7.38519 -3.29013e-16)
(33.9485 6.72665 -1.24851e-15)
(34.2187 6.02371 1.10789e-15)
(34.4037 5.28989 -3.36821e-16)
(34.4973 4.53591 1.49729e-16)
(34.4942 3.76673 -1.37417e-17)
(34.3902 2.99146 -6.83252e-17)
(34.1844 2.2263 0)
(33.8797 1.48707 0)
(33.4808 0.786533 1.11502e-16)
(32.9925 0.136032 -1.77963e-15)
(32.4187 -0.4532 -3.13067e-15)
(31.7627 -0.969684 8.8994e-17)
(31.0284 -1.40007 0)
(30.2143 -1.72941 1.8784e-15)
(29.3303 -1.92742 2.51765e-15)
(28.3589 -1.97485 3.31867e-15)
(27.375 -1.74382 2.53373e-15)
(26.3753 -1.32957 0)
(22.9082 8.52294 3.6861e-17)
(22.6073 8.20533 -9.66962e-17)
(22.2981 7.82083 0)
(21.9891 7.37656 -8.945e-16)
(21.7184 6.90381 -6.60228e-16)
(21.4838 6.38993 -2.76946e-16)
(21.2963 5.84646 5.01326e-16)
(21.1669 5.30944 -5.14134e-16)
(21.0948 4.8018 0)
(21.0728 4.32534 1.19889e-15)
(21.093 3.88668 6.46433e-16)
(21.1469 3.49193 3.51355e-16)
(21.2286 3.13504 3.84535e-16)
(21.3337 2.81018 -7.51208e-16)
(21.4595 2.51413 0)
(21.6057 2.24174 -3.82099e-16)
(21.7729 1.98993 -7.36772e-16)
(21.9618 1.75765 3.66154e-16)
(22.174 1.54486 3.50313e-16)
(22.4106 1.35298 3.31193e-16)
(22.6723 1.18511 -6.10047e-16)
(22.9586 1.04532 -1.42152e-16)
(23.2681 0.938571 3.94214e-16)
(23.5961 0.870355 -2.33932e-18)
(23.932 0.845639 -2.09476e-16)
(24.2631 0.867037 -1.85999e-16)
(24.5793 0.934073 0)
(24.872 1.04415 -7.01867e-17)
(25.1329 1.1928 0)
(25.3545 1.37393 0)
(25.5303 1.58002 0)
(25.655 1.80227 3.09114e-16)
(25.7242 2.03118 -3.05356e-16)
(25.7343 2.25553 -2.83858e-16)
(25.6802 2.46272 -3.69036e-17)
(25.5601 2.63385 7.68816e-17)
(25.3633 2.74653 -1.42586e-15)
(25.1155 2.7351 0)
(24.8148 2.56841 0)
(23.4783 8.54342 -2.02064e-17)
(23.8222 8.8165 8.07976e-18)
(24.2293 9.09392 2.1272e-18)
(24.6743 9.35325 3.56111e-17)
(25.129 9.57303 0)
(25.6214 9.76577 -8.93558e-17)
(26.1331 9.92221 0)
(26.6514 10.0369 -4.37635e-16)
(27.1813 10.1109 -2.91983e-16)
(27.715 10.1428 3.4936e-16)
(28.2499 10.1314 4.38371e-16)
(28.7879 10.0758 -4.45332e-16)
(29.3261 9.97409 5.64518e-16)
(29.8635 9.82364 -6.04033e-16)
(30.3987 9.62132 -7.16725e-16)
(30.9276 9.36381 -4.00774e-16)
(31.4453 9.04793 4.09957e-16)
(31.9453 8.67104 -4.80375e-16)
(32.4193 8.23186 -2.70772e-17)
(32.8575 7.73083 -1.67697e-15)
(33.2498 7.17077 0)
(33.5842 6.5582 9.03277e-16)
(33.849 5.90287 -1.11444e-15)
(34.0356 5.21715 -4.35903e-16)
(34.1383 4.51036 -3.97e-16)
(34.1519 3.78571 -3.05557e-16)
(34.0715 3.05041 1.05715e-16)
(33.8944 2.31919 -7.76182e-18)
(33.6215 1.60736 -4.50378e-16)
(33.256 0.92808 0)
(32.8011 0.293434 3.12682e-15)
(32.2605 -0.28459 2.80756e-15)
(31.6371 -0.793792 0)
(30.9347 -1.22008 0)
(30.1529 -1.54778 -1.77908e-15)
(29.3014 -1.74729 -2.38738e-15)
(28.3691 -1.79815 -1.51837e-15)
(27.422 -1.58622 -1.27992e-15)
(26.4795 -1.18837 -8.55081e-18)
(23.1669 8.25909 -5.16475e-17)
(22.8787 7.96273 8.75167e-17)
(22.5816 7.60347 4.21442e-16)
(22.2841 7.18742 2.1935e-16)
(22.0225 6.74432 6.21892e-16)
(21.7945 6.26212 -6.39385e-16)
(21.6105 5.75161 0)
(21.4815 5.24704 9.57301e-16)
(21.4069 4.77026 5.12105e-16)
(21.3796 4.32304 -2.16814e-15)
(21.392 3.9117 -1.77777e-15)
(21.436 3.54209 6.25419e-16)
(21.5057 3.20846 3.24657e-16)
(21.597 2.90512 3.40652e-16)
(21.707 2.62884 -3.42351e-16)
(21.8354 2.37442 6.82057e-16)
(21.9826 2.13861 3.53491e-18)
(22.1496 1.92007 6.38337e-16)
(22.3378 1.71829 -6.26183e-16)
(22.5489 1.53431 0)
(22.7837 1.37071 4.20413e-16)
(23.0425 1.23116 -5.24211e-16)
(23.3247 1.12034 -1.12307e-16)
(23.6265 1.04374 -2.19385e-16)
(23.9383 1.00674 1.98149e-16)
(24.2482 1.0126 -4.1696e-17)
(24.5468 1.06163 4.22824e-17)
(24.8259 1.15202 6.97465e-17)
(25.0772 1.28018 0)
(25.2932 1.44081 5.32367e-17)
(25.4672 1.62708 -1.86944e-16)
(25.5933 1.83074 0)
(25.6669 2.04257 3.09244e-16)
(25.6841 2.25155 -1.76067e-17)
(25.6397 2.44492 -5.37533e-17)
(25.5323 2.60397 7.54803e-17)
(25.3539 2.70627 1.23236e-15)
(25.1286 2.6925 4.22393e-17)
(24.8653 2.53207 0)
(23.7031 8.27481 2.3293e-17)
(24.0318 8.52887 0)
(24.4204 8.7863 -5.82853e-17)
(24.8445 9.02607 0)
(25.2768 9.22812 2.92828e-17)
(25.7442 9.40426 -2.85303e-17)
(26.2288 9.54601 1.63041e-16)
(26.7185 9.64843 4.41977e-16)
(27.2182 9.71278 1.12582e-17)
(27.7202 9.73785 2.799e-16)
(28.2222 9.72299 -3.22357e-16)
(28.7264 9.66731 -1.23786e-15)
(29.2299 9.56939 5.20013e-16)
(29.7324 9.42687 4.50167e-17)
(30.2325 9.23691 1.21464e-15)
(30.7269 8.99647 0)
(31.2115 8.70258 -7.42987e-16)
(31.6805 8.35258 0)
(32.1265 7.94509 0)
(32.5407 7.48005 1.9903e-15)
(32.9137 6.95993 0)
(33.2347 6.39017 0)
(33.4925 5.7796 2.08131e-15)
(33.6787 5.13953 4.96688e-16)
(33.7879 4.47799 5.75487e-16)
(33.8153 3.79671 -6.10553e-17)
(33.7554 3.10113 -1.44173e-17)
(33.6044 2.40446 -2.04568e-16)
(33.3613 1.72129 4.30625e-16)
(33.0276 1.06486 0)
(32.6055 0.447785 -1.36654e-16)
(32.0979 -0.117432 -1.23062e-15)
(31.5073 -0.617945 4.4781e-15)
(30.8374 -1.03904 0)
(30.0887 -1.36442 -1.53488e-15)
(29.2708 -1.56525 6.04124e-17)
(28.378 -1.62014 -5.80686e-17)
(27.4687 -1.42771 0)
(26.5796 -1.0496 0)
(23.405 8.00972 -3.90988e-17)
(23.1289 7.7331 0)
(22.8434 7.39721 -5.80347e-16)
(22.5569 7.00734 -6.57442e-16)
(22.3042 6.59176 0)
(22.0828 6.13897 0)
(21.9026 5.65914 1.4419e-15)
(21.7746 5.18472 7.94908e-16)
(21.6982 4.73661 0)
(21.6665 4.31652 5.36477e-16)
(21.6723 3.93057 -5.18342e-16)
(21.7078 3.58438 0)
(21.7673 3.2724 0)
(21.8465 2.98918 2.98667e-16)
(21.9427 2.73145 -6.09865e-16)
(22.0554 2.49406 6.09848e-16)
(22.1851 2.27365 -3.05174e-16)
(22.3324 2.06856 -1.12325e-17)
(22.4992 1.87797 -2.78441e-16)
(22.687 1.70248 5.45279e-16)
(22.8971 1.5442 -1.28125e-16)
(23.1303 1.40633 -1.2396e-16)
(23.3867 1.29317 3.37148e-16)
(23.6633 1.2101 2.03665e-16)
(23.9515 1.16279 -9.7952e-17)
(24.2403 1.15503 0)
(24.521 1.18771 -1.51061e-16)
(24.7858 1.25981 1.21522e-18)
(25.0267 1.36854 0)
(25.2362 1.50938 -5.04083e-17)
(25.4073 1.67621 1.77046e-16)
(25.5341 1.8614 1.48383e-16)
(25.6114 2.05603 2.00843e-17)
(25.6351 2.24944 -1.61353e-17)
(25.6003 2.42878 -3.62728e-17)
(25.5054 2.57574 6.66019e-16)
(25.3453 2.66806 -3.71302e-17)
(25.1422 2.65249 1.40523e-15)
(24.9131 2.49945 0)
(23.91 8.02098 -2.60504e-17)
(24.2242 8.25736 1.54625e-17)
(24.5954 8.49622 6.09551e-18)
(24.9998 8.71784 0)
(25.411 8.90345 3.38279e-17)
(25.8548 9.06422 0)
(26.3142 9.1923 -2.47069e-16)
(26.7773 9.28335 1.43402e-16)
(27.2487 9.33864 6.37853e-16)
(27.7214 9.35733 8.44557e-16)
(28.1931 9.33898 -2.74001e-16)
(28.6658 9.28295 7.93693e-16)
(29.1373 9.18811 0)
(29.6071 9.05242 9.75971e-16)
(30.0746 8.87331 -5.69903e-16)
(30.5367 8.64802 -3.14398e-17)
(30.9901 8.37373 1.36728e-15)
(31.4295 8.04792 -1.07585e-15)
(31.8486 7.66912 -3.98709e-16)
(32.2392 7.23701 -1.78738e-15)
(32.5929 6.75362 4.90418e-16)
(32.8997 6.22364 -2.30461e-16)
(33.1491 5.65497 -1.44675e-15)
(33.3331 5.058 -2.47278e-16)
(33.4466 4.43969 0)
(33.4852 3.80041 0)
(33.4431 3.144 0)
(33.3154 2.48218 1.59421e-16)
(33.0999 1.82867 4.94485e-17)
(32.7964 1.19652 7.94306e-16)
(32.4061 0.598581 -1.43562e-15)
(31.9311 0.0476702 1.03239e-15)
(31.3734 -0.44275 -4.12084e-15)
(30.7365 -0.857555 1.01846e-16)
(30.0217 -1.17989 1.35715e-15)
(29.2383 -1.38181 0)
(28.3854 -1.44118 -1.39483e-15)
(27.5145 -1.26843 -2.27216e-17)
(26.6754 -0.912717 -1.25121e-16)
(23.6245 7.77375 3.69803e-18)
(23.3598 7.51545 -1.33531e-17)
(23.0853 7.2013 2.43043e-16)
(22.8095 6.83577 7.49861e-16)
(22.5654 6.44579 2.73564e-16)
(22.3506 6.02037 2.93606e-16)
(22.1745 5.56908 -1.67462e-15)
(22.048 5.12277 6.42571e-16)
(21.9704 4.70135 3.86977e-16)
(21.9352 4.30654 1.30478e-15)
(21.9353 3.94421 -4.60217e-16)
(21.9635 3.61979 4.84588e-16)
(22.014 3.32795 0)
(22.0827 3.06346 0)
(22.1668 2.82311 0)
(22.2658 2.60182 -2.72233e-16)
(22.3799 2.3961 8.65705e-18)
(22.5099 2.20409 2.63229e-16)
(22.6575 2.02468 -5.17413e-16)
(22.8242 1.85806 1.22634e-19)
(23.0118 1.70586 2.39724e-16)
(23.2213 1.57081 -1.07324e-16)
(23.4533 1.45678 -2.00566e-16)
(23.7058 1.36895 8.05844e-18)
(23.9711 1.31313 9.15128e-17)
(24.2392 1.29355 0)
(24.5018 1.31158 1.43024e-16)
(24.7518 1.36686 -6.36635e-17)
(24.9816 1.45733 -7.20834e-18)
(25.1836 1.57924 1.18632e-17)
(25.3511 1.72716 1.71843e-16)
(25.4776 1.89409 -3.2646e-16)
(25.558 2.07154 3.74267e-17)
(25.5877 2.24924 2.39388e-16)
(25.5621 2.41446 0)
(25.4797 2.54936 -5.24742e-16)
(25.3374 2.63213 -1.27061e-15)
(25.1561 2.61526 -1.33795e-15)
(24.9583 2.47051 -2.72664e-15)
(24.1004 7.78081 4.30652e-18)
(24.4009 8.00076 0)
(24.7555 8.22236 5.33694e-18)
(25.1413 8.42706 -6.89564e-18)
(25.5326 8.59745 -2.51644e-17)
(25.9544 8.74395 -1.42051e-16)
(26.3901 8.85937 2.33092e-16)
(26.8282 8.93982 -1.42614e-16)
(27.2734 8.9867 -5.95804e-16)
(27.7188 8.99937 -2.41574e-16)
(28.1622 8.97768 3.35725e-16)
(28.6059 8.92112 0)
(29.0475 8.82884 0)
(29.4871 8.69905 -9.27106e-16)
(29.9242 8.52949 0)
(30.3561 8.31767 -5.71283e-16)
(30.78 8.06092 -1.79238e-15)
(31.1915 7.75691 1.39188e-15)
(31.5846 7.40412 0)
(31.9524 7.00207 1.19649e-15)
(32.2868 6.55246 4.24611e-16)
(32.5788 6.05932 -2.22063e-16)
(32.8188 5.52986 4.2992e-16)
(32.9991 4.97355 2.02238e-16)
(33.1149 4.39641 0)
(33.1622 3.79761 5.03154e-17)
(33.1353 3.17958 -6.13954e-17)
(33.0285 2.55262 -1.71169e-16)
(32.8383 1.92947 -4.33108e-16)
(32.5633 1.32278 -1.23952e-15)
(32.2037 0.745321 -1.45825e-16)
(31.7607 0.210242 1.05318e-16)
(31.2358 -0.268777 0)
(30.6322 -0.676172 0)
(29.9518 -0.994749 1.32276e-15)
(29.2037 -1.19749 1.9947e-15)
(28.3909 -1.26178 1.32533e-15)
(27.5591 -1.10877 1.34493e-15)
(26.7668 -0.777574 1.26949e-16)
(23.8269 7.55026 8.87986e-17)
(23.5731 7.30896 -2.20333e-16)
(23.3093 7.01503 1.19397e-16)
(23.0438 6.67219 1.5277e-16)
(22.8081 6.30607 -2.84401e-16)
(22.5999 5.90619 0)
(22.428 5.48155 1.40543e-15)
(22.3031 5.06143 -1.29038e-15)
(22.2248 4.6649 1.01568e-15)
(22.1868 4.29365 0)
(22.1822 3.95333 0)
(22.2041 3.64917 -4.55375e-16)
(22.2468 3.37611 4.63819e-16)
(22.3063 3.12911 -1.2723e-17)
(22.3798 2.905 4.81449e-16)
(22.4667 2.6988 0)
(22.567 2.507 2.52202e-16)
(22.6816 2.32759 0)
(22.812 2.15916 -7.9726e-19)
(22.9598 2.00154 6.75165e-16)
(23.1268 1.85596 -4.31515e-16)
(23.3144 1.72466 1.10127e-16)
(23.5238 1.61107 9.81124e-17)
(23.7535 1.52003 0)
(23.9968 1.4574 1.61985e-16)
(24.2444 1.42769 0)
(24.4891 1.43276 -1.20304e-16)
(24.724 1.47271 -2.00224e-17)
(24.942 1.54614 -2.94036e-18)
(25.1359 1.65004 -9.35861e-17)
(25.2988 1.77969 -1.74258e-16)
(25.4243 1.92871 1.58556e-16)
(25.507 2.0891 0)
(25.5422 2.25108 -2.89907e-16)
(25.5254 2.40214 0)
(25.4553 2.52508 5.65386e-16)
(25.3304 2.59872 1.17387e-15)
(25.1703 2.5809 -8.39944e-17)
(25.0009 2.44505 2.68565e-15)
(24.2758 7.55335 4.18226e-18)
(24.5633 7.758 -1.15403e-17)
(24.9022 7.96355 3.78116e-17)
(25.2703 8.1525 -1.58899e-17)
(25.6429 8.30875 7.98767e-17)
(26.0439 8.44201 1.33863e-16)
(26.4573 8.54565 0)
(26.8721 8.61631 2.82849e-16)
(27.2927 8.65535 0)
(27.7126 8.66241 0)
(28.1298 8.6375 -2.89227e-16)
(28.5463 8.58029 -3.86682e-17)
(28.9603 8.49018 3.40331e-16)
(29.3717 8.36559 0)
(29.7804 8.20454 0)
(30.1841 8.00474 9.78791e-16)
(30.5804 7.76379 1.14042e-15)
(30.9653 7.47948 1.18075e-15)
(31.3337 7.15031 9.49228e-16)
(31.6792 6.77573 -7.58205e-16)
(31.9946 6.35714 -1.46384e-17)
(32.2717 5.89812 1.1688e-15)
(32.5015 5.4052 0)
(32.6768 4.88708 -3.96666e-16)
(32.7932 4.34892 9.45664e-17)
(32.8471 3.78897 8.76285e-17)
(32.8328 3.20834 0)
(32.7444 2.61602 3.42635e-16)
(32.5773 2.02368 3.32044e-16)
(32.3291 1.44334 6.20244e-16)
(31.999 0.887628 -1.09649e-15)
(31.5871 0.369668 -2.02327e-15)
(31.0948 -0.0966466 0)
(30.5247 -0.49552 -1.74994e-16)
(29.8791 -0.809617 -1.086e-15)
(29.1669 -1.01278 -3.15369e-17)
(28.3943 -1.08231 1.31708e-15)
(27.6018 -0.948894 -1.31688e-15)
(26.8537 -0.643809 0)
(24.0138 7.33834 -3.1531e-17)
(23.7704 7.11291 6.71044e-18)
(23.5169 6.8378 0)
(23.2613 6.51613 -2.38612e-16)
(23.0338 6.17228 -1.67689e-17)
(22.832 5.79626 -2.25139e-16)
(22.6645 5.39652 -1.03589e-15)
(22.5416 5.00091 -1.08898e-15)
(22.463 4.62763 2.44522e-16)
(22.4227 4.27838 -1.32102e-15)
(22.4141 3.95859 1.07866e-15)
(22.4305 3.67329 3.95484e-16)
(22.4664 3.4177 -4.15807e-16)
(22.5178 3.18695 -1.34624e-17)
(22.582 2.978 -8.99413e-16)
(22.6582 2.78595 0)
(22.7464 2.60726 0)
(22.8473 2.43986 2.16548e-16)
(22.9623 2.28211 -4.35185e-16)
(23.0931 2.13352 -6.16252e-16)
(23.2415 1.99489 3.94808e-16)
(23.4091 1.86805 -9.42675e-18)
(23.5974 1.75593 -9.57076e-17)
(23.8056 1.663 -1.63594e-16)
(24.0278 1.59511 7.70486e-17)
(24.2557 1.55693 -1.40253e-16)
(24.4826 1.55061 1.29077e-19)
(24.7023 1.57672 0)
(24.9081 1.63444 1.28896e-17)
(25.0932 1.72136 8.85179e-17)
(25.2508 1.83347 0)
(25.3744 1.96506 2.02179e-16)
(25.4587 2.10866 2.69661e-16)
(25.4989 2.25499 5.63782e-16)
(25.4905 2.39196 0)
(25.4323 2.50308 -1.08855e-15)
(25.3243 2.56801 1.13863e-15)
(25.1845 2.54953 1.18675e-15)
(25.0409 2.42295 2.4639e-15)
(24.4375 7.33775 7.06979e-18)
(24.7126 7.52814 0)
(25.0365 7.7187 0)
(25.3878 7.89302 5.85347e-19)
(25.7427 8.03613 -7.74721e-17)
(26.124 8.1571 -4.60198e-17)
(26.5164 8.24984 -1.13464e-16)
(26.9094 8.31143 -1.5257e-16)
(27.307 8.34318 -1.84245e-16)
(27.703 8.34503 1.89158e-16)
(28.0957 8.3171 0)
(28.487 8.25921 0)
(28.8752 8.17093 3.4175e-16)
(29.2604 8.05096 -1.06206e-15)
(29.6426 7.89747 -4.25228e-16)
(30.0199 7.70847 -4.96245e-16)
(30.3902 7.48176 5.14018e-16)
(30.75 7.21529 -5.90073e-16)
(31.0949 6.90762 -6.1657e-16)
(31.419 6.55812 -6.30752e-16)
(31.7158 6.16804 0)
(31.9778 5.74061 -7.47133e-16)
(32.1969 5.28172 -1.79641e-16)
(32.3662 4.79937 1.73743e-16)
(32.4816 4.2981 8.61096e-17)
(32.5403 3.77525 -9.32542e-17)
(32.5365 3.23089 0)
(32.4641 2.67271 -1.21896e-16)
(32.318 2.11135 1.79612e-16)
(32.0947 1.55806 -6.34056e-17)
(31.7926 1.02511 1.18048e-15)
(31.4111 0.525486 9.47832e-16)
(30.9508 0.0730976 1.61654e-15)
(30.4141 -0.316281 -1.62058e-16)
(29.8037 -0.625094 -8.50351e-16)
(29.1278 -0.828356 -3.6433e-15)
(28.3952 -0.90337 -2.38632e-15)
(27.6421 -0.789304 -1.27205e-15)
(26.9357 -0.511308 -4.28842e-16)
(24.1865 7.13722 2.95956e-17)
(23.9531 6.92657 5.84763e-17)
(23.7094 6.66907 -4.05634e-16)
(23.4635 6.36718 0)
(23.244 6.04416 -2.13975e-16)
(23.0485 5.69046 -1.84194e-17)
(22.8853 5.31403 2.12942e-16)
(22.7646 4.94135 1.01794e-15)
(22.6861 4.5898 -1.12532e-15)
(22.644 4.2611 6.12116e-16)
(22.632 3.96048 -3.4814e-17)
(22.6436 3.69278 0)
(22.6735 3.45344 0)
(22.7178 3.23781 7.76329e-18)
(22.7738 3.04297 -3.68981e-18)
(22.8405 2.86414 -4.04515e-16)
(22.918 2.69782 0)
(23.0068 2.54179 0)
(23.1081 2.39432 0)
(23.2237 2.25461 1.92087e-16)
(23.3552 2.12313 0)
(23.5046 2.00125 0)
(23.6734 1.89143 -1.5713e-16)
(23.8615 1.79779 1.567e-16)
(24.0637 1.726 6.5753e-17)
(24.2725 1.68085 6.3843e-17)
(24.482 1.66471 -1.40918e-17)
(24.6865 1.67846 7.09361e-17)
(24.8799 1.72176 -6.43199e-18)
(25.0557 1.79282 7.2037e-17)
(25.2073 1.88825 2.26489e-17)
(25.3284 2.003 -3.53525e-16)
(25.4136 2.13016 -5.58583e-16)
(25.4581 2.26104 -5.58749e-16)
(25.4575 2.38406 3.39073e-17)
(25.4108 2.48357 4.91502e-16)
(25.319 2.54021 -6.29124e-17)
(25.1988 2.52126 -1.06465e-15)
(25.0785 2.40407 -2.28532e-15)
(24.5867 7.13322 1.21187e-18)
(24.8499 7.3103 -1.81842e-17)
(25.1595 7.48688 0)
(25.4949 7.64756 -8.55654e-18)
(25.833 7.77848 1.20984e-16)
(26.1957 7.88803 1.14827e-16)
(26.5683 7.97068 3.18042e-17)
(26.9406 8.02388 5.93742e-17)
(27.3166 8.0489 3.22879e-16)
(27.6904 8.04591 3.66342e-16)
(28.0601 8.01518 0)
(28.4279 7.95659 -4.19112e-17)
(28.792 7.86997 5.11756e-16)
(29.1528 7.75412 1.30706e-15)
(29.5102 7.60748 3.82937e-16)
(29.8628 7.42824 -3.91557e-16)
(30.2087 7.21444 -8.72385e-16)
(30.5449 6.96417 -1.0101e-15)
(30.8674 6.67611 -5.48026e-16)
(31.171 6.3496 5.66902e-16)
(31.4497 5.9857 9.03667e-16)
(31.6967 5.58744 9.63807e-16)
(31.9047 5.16016 1.63176e-16)
(32.0671 4.7113 -1.57803e-16)
(32.1805 4.24475 0)
(32.2422 3.75723 -1.9563e-16)
(32.247 3.24781 2.80822e-17)
(32.1885 2.72311 1.48008e-16)
(32.0611 2.19261 -2.77669e-16)
(31.8609 1.66684 0)
(31.5853 1.15747 9.20326e-16)
(31.2331 0.677181 -8.36831e-16)
(30.8043 0.239814 -3.02945e-15)
(30.3008 -0.139013 0)
(29.7255 -0.441866 2.01996e-15)
(29.0862 -0.644717 1.47555e-16)
(28.3935 -0.725244 1.13477e-15)
(27.6798 -0.630111 1.23945e-15)
(27.0129 -0.379836 3.8773e-16)
(24.3462 6.94621 5.68918e-17)
(24.1224 6.74939 2.20332e-16)
(23.8881 6.50831 1.46695e-16)
(23.6515 6.22495 4.92635e-16)
(23.4397 5.92142 0)
(23.2505 5.58862 -7.10051e-16)
(23.0917 5.23404 -7.60129e-16)
(22.9733 4.88285 8.5145e-16)
(22.8953 4.55167 0)
(22.8517 4.2422 -1.0312e-15)
(22.8368 3.95948 -3.09612e-17)
(22.8442 3.70818 6.15246e-16)
(22.8689 3.48398 9.83615e-16)
(22.9069 3.28244 -3.31207e-16)
(22.9556 3.10072 0)
(23.014 2.93419 -3.60174e-16)
(23.082 2.77941 1.04825e-17)
(23.16 2.63413 -3.56038e-16)
(23.2492 2.49645 3.56613e-16)
(23.3511 2.36541 3.36881e-16)
(23.4675 2.2411 -4.92035e-16)
(23.6002 2.12453 4.70715e-16)
(23.7512 2.01772 0)
(23.9205 1.92435 -2.09136e-16)
(24.1039 1.84989 -2.01827e-16)
(24.2945 1.79914 0)
(24.4871 1.7746 8.79961e-17)
(24.6766 1.77742 2.80491e-17)
(24.8574 1.80764 6.09548e-18)
(25.0235 1.86399 -8.92269e-17)
(25.1685 1.94367 1.98437e-17)
(25.2865 2.04227 1.21608e-17)
(25.3719 2.15349 8.4742e-16)
(25.42 2.26923 2.70948e-16)
(25.4268 2.37853 0)
(25.391 2.46669 5.19913e-16)
(25.3146 2.51545 -1.10766e-15)
(25.2129 2.49617 1.12478e-15)
(25.1139 2.38827 0)
(24.7244 6.93905 9.92409e-18)
(24.9762 7.10371 2.52069e-17)
(25.2722 7.26724 -6.44725e-18)
(25.5924 7.41523 2.68861e-17)
(25.9145 7.53482 -5.78133e-17)
(26.2596 7.63378 -2.42275e-16)
(26.6134 7.7071 6.27918e-16)
(26.9663 7.75253 -2.45687e-16)
(27.322 7.77137 -8.58433e-16)
(27.6748 7.76392 -7.13322e-16)
(28.0231 7.7306 1.15829e-15)
(28.3688 7.67138 -4.76275e-16)
(28.7105 7.58622 -1.61815e-15)
(29.0484 7.47412 1.14918e-15)
(29.3828 7.33368 -1.3372e-15)
(29.7123 7.16332 7.05869e-16)
(30.0353 6.96125 1.19941e-15)
(30.3492 6.72575 4.2751e-16)
(30.6505 6.45557 0)
(30.9345 6.15013 -5.32901e-16)
(31.1957 5.81034 -1.42283e-15)
(31.428 5.43902 -6.06475e-16)
(31.6247 5.04111 6.48084e-18)
(31.7797 4.62348 -2.86413e-16)
(31.8899 4.18956 0)
(31.9532 3.73555 1.35496e-16)
(31.9648 3.25971 -8.36234e-18)
(31.9181 2.76759 1.40323e-18)
(31.8076 2.26768 -1.20952e-16)
(31.6286 1.7696 6.85463e-16)
(31.3779 1.28442 -9.91448e-16)
(31.0538 0.824379 7.99775e-16)
(30.6558 0.402962 5.298e-17)
(30.1851 0.0356106 -1.38769e-16)
(29.6447 -0.260517 -9.81998e-16)
(29.0421 -0.462479 1.74473e-15)
(28.3888 -0.54857 1.04703e-15)
(27.7142 -0.471805 -5.17385e-17)
(27.085 -0.249376 0)
(24.4939 6.76469 -7.22302e-17)
(24.2793 6.58078 -2.01553e-16)
(24.0542 6.35507 1.10917e-16)
(23.8265 6.08907 -7.52898e-16)
(23.6223 5.80381 0)
(23.4392 5.49061 3.28007e-16)
(23.2848 5.15653 1.04209e-15)
(23.1689 4.82551 -7.97417e-16)
(23.0914 4.5134 8.38812e-16)
(23.0468 4.22194 4.93085e-16)
(23.0293 3.95595 5.02702e-16)
(23.0332 3.71995 -1.69089e-15)
(23.0532 3.50984 -9.12113e-16)
(23.0857 3.32139 3.22245e-16)
(23.1279 3.15187 8.34598e-18)
(23.179 2.99679 -6.4435e-16)
(23.2385 2.85279 3.40701e-16)
(23.307 2.7176 3.24334e-16)
(23.3853 2.58923 3.23394e-16)
(23.475 2.46653 -3.13266e-16)
(23.5778 2.34933 3.06811e-16)
(23.6955 2.2383 1.31354e-16)
(23.8301 2.13499 -6.50185e-18)
(23.9821 2.04268 -1.26368e-16)
(24.1478 1.9666 0)
(24.3212 1.91149 0)
(24.4975 1.87992 2.60094e-17)
(24.6723 1.87319 -2.6522e-17)
(24.8406 1.89166 1.11793e-17)
(24.9966 1.93449 -1.14055e-17)
(25.1347 1.99944 -1.23783e-16)
(25.2488 2.08267 1.09031e-16)
(25.3338 2.17854 -1.14828e-15)
(25.3849 2.27955 0)
(25.3984 2.37548 -5.18138e-16)
(25.373 2.45259 -4.94798e-16)
(25.3111 2.49388 -1.00221e-15)
(25.227 2.47431 -2.08117e-15)
(25.147 2.37544 -1.96598e-15)
(24.8515 6.75462 -1.38762e-17)
(25.0924 6.90766 1.50431e-17)
(25.3754 7.05902 -1.29109e-17)
(25.681 7.19519 2.09887e-17)
(25.9879 7.30424 2.23909e-17)
(26.3163 7.39339 -3.86495e-17)
(26.6524 7.45806 -4.80035e-16)
(26.9869 7.49633 1.7669e-16)
(27.3235 7.50949 7.90477e-16)
(27.6566 7.49796 -2.84389e-16)
(27.9847 7.46227 -7.44022e-16)
(28.3098 7.4025 -8.22048e-16)
(28.6305 7.3187 4.91524e-16)
(28.9471 7.21004 -2.16331e-15)
(29.2599 7.07528 5.67291e-16)
(29.5677 6.91303 6.76417e-16)
(29.8693 6.72169 -1.44867e-15)
(30.1623 6.4997 7.72594e-16)
(30.4435 6.2459 0)
(30.7088 5.9598 0)
(30.9532 5.64219 1.04598e-15)
(31.1711 5.29579 -2.74224e-16)
(31.3564 4.9251 7.8023e-16)
(31.5036 4.5366 0)
(31.6099 4.1333 1.29203e-16)
(31.6737 3.71096 -2.87752e-16)
(31.6904 3.26721 -1.43039e-17)
(31.6538 2.80664 -1.06498e-16)
(31.5582 2.33678 -3.29836e-16)
(31.3985 1.86638 -3.26323e-16)
(31.1712 1.40578 0)
(30.8739 0.966643 -7.02425e-16)
(30.5056 0.562054 2.71111e-15)
(30.0672 0.206987 -1.48165e-16)
(29.5614 -0.0816899 0)
(28.9954 -0.282295 0)
(28.3811 -0.373712 -1.02303e-15)
(27.745 -0.314599 0)
(27.1517 -0.119834 5.85233e-16)
(24.6307 6.59208 4.98577e-17)
(24.4249 6.42024 1.18479e-16)
(24.2086 6.20893 -1.50767e-17)
(23.9895 5.95921 6.82797e-16)
(23.7927 5.69108 -1.29691e-16)
(23.6156 5.39628 1.10255e-15)
(23.4656 5.08146 -1.18706e-15)
(23.3522 4.76937 0)
(23.2756 4.47517 -7.87289e-16)
(23.2301 4.20057 1.24081e-15)
(23.2105 3.95024 4.44613e-16)
(23.2112 3.72852 1.01045e-15)
(23.2271 3.53152 2.67674e-16)
(23.2546 3.35524 -5.61396e-16)
(23.2912 3.19704 1.60804e-17)
(23.3357 3.05261 8.91438e-16)
(23.3878 2.91865 2.86275e-16)
(23.4477 2.79291 -1.80002e-17)
(23.5165 2.67332 -8.61957e-18)
(23.5953 2.5586 0)
(23.6859 2.44835 0)
(23.79 2.34294 -5.29197e-16)
(23.9097 2.2435 0)
(24.0458 2.15292 6.72465e-18)
(24.195 2.07612 5.51722e-17)
(24.3521 2.01776 -1.62786e-16)
(24.5128 1.98039 -1.01117e-16)
(24.6734 1.96541 -4.77761e-17)
(24.8292 1.97342 0)
(24.9752 2.00393 -1.99061e-17)
(25.1058 2.0552 1.74168e-16)
(25.2157 2.12395 0)
(25.2996 2.20516 8.35011e-16)
(25.3531 2.29197 0)
(25.3726 2.37493 9.9741e-16)
(25.357 2.44137 0)
(25.3087 2.47556 -6.58937e-17)
(25.2408 2.45572 1.0153e-15)
(25.1781 2.36545 3.91911e-17)
(24.9688 6.57934 -3.65211e-18)
(25.1993 6.72153 0)
(25.4698 6.86153 0)
(25.7616 6.98667 3.79772e-18)
(26.054 7.08594 -9.14807e-17)
(26.3665 7.166 3.71683e-16)
(26.6858 7.22267 1.55548e-16)
(27.0029 7.25436 2.04215e-16)
(27.3213 7.2623 -2.0826e-16)
(27.6359 7.24706 0)
(27.9452 7.20925 0)
(28.2509 7.149 3.7836e-16)
(28.5519 7.06649 8.65765e-16)
(28.8486 6.96101 5.33449e-16)
(29.1412 6.83149 0)
(29.4288 6.67671 3.20222e-17)
(29.7103 6.4952 0)
(29.9836 6.28559 -7.35275e-16)
(30.2458 6.04686 0)
(30.4934 5.77855 0)
(30.7216 5.4814 -8.86737e-16)
(30.9255 5.15803 2.4776e-16)
(31.0996 4.81263 -7.34783e-16)
(31.2387 4.45123 1.19359e-16)
(31.3405 4.07656 -3.43867e-16)
(31.4036 3.6841 2.85723e-17)
(31.4242 3.27088 2.78351e-17)
(31.3961 2.84071 0)
(31.3135 2.40023 2.1044e-16)
(31.1715 1.95727 -4.7112e-16)
(30.966 1.52141 9.24185e-17)
(30.6941 1.10366 6.71911e-16)
(30.3545 0.716561 9.05216e-17)
(29.9476 0.374564 -1.36175e-16)
(29.4759 0.0939646 8.38976e-16)
(28.9459 -0.104689 0)
(28.37 -0.201227 0)
(27.7719 -0.158939 1.21163e-15)
(27.2131 0.00888292 -5.43457e-16)
(24.7573 6.42786 -4.38374e-17)
(24.5599 6.26733 9.69041e-17)
(24.3521 6.06949 1.793e-16)
(24.1415 5.83507 0)
(23.9518 5.58302 0)
(23.7806 5.30549 -5.8703e-17)
(23.635 5.00877 1.11202e-15)
(23.5242 4.71447 3.11834e-16)
(23.4485 4.43707 9.931e-16)
(23.4024 4.1783 -1.11928e-15)
(23.3811 3.94262 -1.26093e-15)
(23.379 3.73423 -2.34611e-17)
(23.3912 3.54947 0)
(23.4144 3.38449 0)
(23.4458 3.23679 5.28311e-16)
(23.4845 3.10222 -2.66748e-16)
(23.53 2.97759 -2.74613e-16)
(23.5824 2.86064 -5.38729e-16)
(23.6426 2.74931 -4.01053e-18)
(23.7118 2.64219 0)
(23.7915 2.53869 -2.47627e-16)
(23.8833 2.43888 3.734e-16)
(23.9895 2.34356 1.17898e-16)
(24.1109 2.25521 6.48335e-18)
(24.2449 2.17846 -2.59484e-16)
(24.3867 2.11781 5.12766e-18)
(24.5327 2.07577 1.45247e-16)
(24.6796 2.05377 5.41172e-18)
(24.8232 2.05256 -2.09423e-17)
(24.9591 2.07197 1.03607e-17)
(25.0821 2.11065 -1.50048e-16)
(25.1872 2.16587 0)
(25.2695 2.23319 -2.68102e-16)
(25.3248 2.30642 -5.86611e-16)
(25.3496 2.37693 -4.18432e-16)
(25.3429 2.43311 5.91507e-17)
(25.3072 2.46057 -5.93515e-17)
(25.2545 2.44043 0)
(25.2072 2.3582 1.76464e-15)
(25.0771 6.41269 -8.70794e-18)
(25.2977 6.54473 -9.96913e-19)
(25.5562 6.67412 8.87732e-18)
(25.8347 6.78899 5.28111e-17)
(26.1133 6.87918 -1.03607e-16)
(26.4106 6.95081 -1.06307e-16)
(26.7139 7.00011 1.39104e-16)
(27.0146 7.02575 -1.48531e-16)
(27.316 7.02893 -1.8219e-16)
(27.6131 7.01032 -2.35501e-16)
(27.9045 6.97061 -3.17756e-16)
(28.1922 6.91 1.50615e-17)
(28.4747 6.82875 -3.72598e-16)
(28.7527 6.72627 -3.9915e-16)
(29.0264 6.60161 3.76407e-17)
(29.2951 6.45372 -4.57458e-16)
(29.5577 6.28131 -5.69813e-16)
(29.8125 6.08311 -6.59923e-16)
(30.0569 5.85826 1.36146e-15)
(30.2876 5.60634 0)
(30.5005 5.32807 8.44055e-16)
(30.6909 5.02599 2.22836e-16)
(30.8538 4.70401 -4.35449e-16)
(30.9848 4.36785 2.12901e-16)
(31.0816 4.01994 2.1836e-16)
(31.1433 3.65555 5.17966e-17)
(31.1665 3.27131 -7.65731e-17)
(31.1454 2.8703 4.81372e-17)
(31.0744 2.45831 4.4313e-17)
(30.9483 2.04236 -2.43025e-16)
(30.7628 1.63121 8.08335e-16)
(30.515 1.23517 -1.43841e-16)
(30.2029 0.866075 -9.59306e-16)
(29.8265 0.537765 0)
(29.3882 0.265868 -9.80803e-16)
(28.8939 0.0697409 1.74966e-16)
(28.3555 -0.0314821 -8.15986e-16)
(27.7946 -0.00513672 -1.25043e-15)
(27.269 0.13667 -6.31406e-16)
(24.8745 6.27156 -4.31626e-17)
(24.6854 6.12162 -1.87245e-16)
(24.4858 5.93641 -3.76794e-16)
(24.2832 5.71635 -1.22117e-16)
(24.1004 5.4794 2.00524e-16)
(23.935 5.21812 -9.11357e-16)
(23.7937 4.93841 -2.47294e-16)
(23.6856 4.66083 5.39213e-16)
(23.6109 4.39923 -1.54225e-15)
(23.5646 4.15529 6.85253e-16)
(23.5416 3.93334 0)
(23.5371 3.73741 -8.21114e-16)
(23.5461 3.56403 8.50212e-16)
(23.5654 3.40955 0)
(23.5923 3.27159 4.69115e-16)
(23.6258 3.14617 -9.54399e-16)
(23.6654 3.0302 2.43177e-16)
(23.7112 2.92144 -3.58792e-18)
(23.7638 2.81784 4.78624e-16)
(23.8244 2.71789 -2.39494e-16)
(23.8943 2.62085 2.30014e-16)
(23.9752 2.52657 2.24426e-16)
(24.0691 2.43552 -1.046e-16)
(24.1772 2.34979 1.02577e-16)
(24.297 2.27372 1.97593e-16)
(24.4246 2.21163 9.44069e-17)
(24.5567 2.16592 -8.83313e-17)
(24.6905 2.13802 4.20357e-17)
(24.8223 2.12878 -4.96804e-18)
(24.9482 2.13826 0)
(25.0635 2.16548 1.42183e-16)
(25.1635 2.20816 -1.36891e-16)
(25.2437 2.26245 -6.39845e-17)
(25.3002 2.32281 1.16872e-16)
(25.3296 2.38144 -5.96881e-17)
(25.331 2.42783 -3.95053e-16)
(25.3069 2.44893 7.0764e-16)
(25.268 2.42841 9.53831e-16)
(25.2345 2.35359 0)
(25.1771 6.25418 1.39904e-17)
(25.3881 6.37673 -8.02434e-18)
(25.6352 6.49621 -1.22082e-17)
(25.901 6.60152 -1.31694e-17)
(26.1664 6.68328 3.31464e-17)
(26.4493 6.74711 0)
(26.7374 6.78962 -1.03851e-16)
(27.0224 6.80972 -1.36145e-16)
(27.3077 6.80855 3.88628e-16)
(27.5883 6.78692 0)
(27.863 6.74554 -8.18423e-16)
(28.1335 6.68468 9.3504e-16)
(28.3988 6.60467 0)
(28.6593 6.50502 4.01103e-17)
(28.9153 6.38492 -4.562e-16)
(29.1662 6.24345 1.46338e-15)
(29.4112 6.07945 1.03366e-15)
(29.6486 5.89182 0)
(29.8762 5.67976 -3.56903e-17)
(30.091 5.44298 6.62642e-16)
(30.2892 5.18218 0)
(30.4666 4.8998 -3.9995e-16)
(30.6188 4.59955 7.72871e-16)
(30.7416 4.28686 0)
(30.8331 3.96391 0)
(30.8928 3.62585 4.69026e-17)
(30.9176 3.26901 -4.57999e-17)
(30.9022 2.89584 0)
(30.8412 2.51138 0)
(30.7294 2.12183 1.69368e-17)
(30.5625 1.73518 -6.12951e-16)
(30.3372 1.36092 1.31598e-16)
(30.0513 1.01021 8.36594e-16)
(29.7045 0.696102 -8.47383e-16)
(29.2987 0.433463 1.4348e-15)
(28.8392 0.240409 0)
(28.3375 0.135011 1.64303e-15)
(27.8129 0.146491 1.448e-16)
(27.3192 0.263512 5.52439e-16)
(24.9831 6.12273 0)
(24.8018 5.98272 8.44092e-17)
(24.6102 5.80936 -3.65309e-16)
(24.4154 5.60279 0)
(24.2394 5.38003 1.98965e-16)
(24.0796 5.13402 3.70795e-16)
(23.9426 4.87033 2.02839e-16)
(23.8372 4.60849 0)
(23.7636 4.36172 -2.74406e-16)
(23.7171 4.1317 1.45231e-15)
(23.6929 3.9226 3.12252e-16)
(23.6862 3.73831 3.60121e-16)
(23.6924 3.57553 -7.74765e-16)
(23.7081 3.43083 0)
(23.731 3.30189 -4.14005e-16)
(23.7599 3.18495 2.21988e-16)
(23.7943 3.07699 2.14062e-16)
(23.8341 2.97583 -1.00586e-17)
(23.88 2.87942 2.15666e-16)
(23.9329 2.78622 -4.34082e-16)
(23.9941 2.69536 -4.19611e-16)
(24.0652 2.60648 4.03504e-16)
(24.1481 2.51975 6.84111e-18)
(24.244 2.43694 2.75531e-16)
(24.351 2.36205 -2.69842e-16)
(24.4654 2.29921 4.22051e-17)
(24.5845 2.25072 -4.12943e-17)
(24.7058 2.21796 -3.9878e-17)
(24.8263 2.20181 5.94533e-20)
(24.9424 2.20253 -7.16442e-17)
(25.0499 2.21941 0)
(25.1446 2.25058 1.29695e-16)
(25.2223 2.29276 0)
(25.2793 2.34103 5.23563e-17)
(25.3126 2.38843 -5.77124e-17)
(25.3213 2.42554 4.30041e-16)
(25.3077 2.44064 0)
(25.2814 2.41966 -8.10632e-16)
(25.2602 2.35153 0)
(25.2695 6.10336 4.31734e-18)
(25.4713 6.21703 -5.8102e-18)
(25.7073 6.32727 -4.10947e-19)
(25.9609 6.42367 -3.57912e-17)
(26.2138 6.49761 -3.17739e-17)
(26.4829 6.55422 -2.07322e-16)
(26.7565 6.59047 1.22682e-16)
(27.0268 6.6055 -1.59763e-16)
(27.2967 6.6004 -6.07088e-17)
(27.5617 6.57605 -2.17096e-17)
(27.8206 6.53325 1.02505e-15)
(28.0751 6.47226 1.77221e-17)
(28.3241 6.39351 0)
(28.5682 6.29658 7.35524e-16)
(28.8077 6.18077 -4.11516e-16)
(29.042 6.0453 4.21745e-16)
(29.2704 5.88913 -5.22578e-17)
(29.4915 5.71128 -5.34138e-16)
(29.7033 5.5111 -6.09546e-16)
(29.903 5.28833 -3.44279e-16)
(30.0873 5.04372 3.23875e-16)
(30.2524 4.77959 0)
(30.3941 4.49951 -3.67555e-16)
(30.5087 4.20863 -3.41305e-16)
(30.5948 3.90894 -1.6832e-16)
(30.652 3.59554 -1.65156e-16)
(30.6777 3.26452 2.01112e-17)
(30.6669 2.91781 1.56999e-16)
(30.6145 2.55978 -7.74863e-17)
(30.5156 2.19589 7.2382e-16)
(30.3657 1.83331 -1.39256e-16)
(30.1614 1.48078 -1.20262e-16)
(29.9004 1.14864 9.60433e-16)
(29.5819 0.849124 8.10333e-16)
(29.2075 0.596219 -1.37133e-15)
(28.7819 0.406847 9.5414e-16)
(28.3159 0.297816 1.9708e-17)
(27.8265 0.295518 1.2547e-15)
(27.3637 0.389245 -7.20857e-16)
(25.0837 5.98099 -1.29887e-16)
(24.91 5.85027 3.05122e-17)
(24.726 5.68803 6.84855e-16)
(24.5389 5.49415 -3.10879e-16)
(24.3693 5.28472 1.55594e-16)
(24.2151 5.05308 -7.12956e-16)
(24.0823 4.80446 -1.12155e-15)
(23.9796 4.55742 4.1388e-16)
(23.9073 4.3246 0)
(23.8607 4.10766 -1.09205e-15)
(23.8355 3.91061 -6.08415e-16)
(23.8269 3.73719 -6.34006e-16)
(23.8305 3.5843 8.83249e-18)
(23.8431 3.44866 3.75196e-16)
(23.8625 3.3281 9.77562e-18)
(23.8873 3.21899 1.98596e-16)
(23.917 3.11843 -6.00025e-16)
(23.9515 3.02433 -2.03292e-16)
(23.9914 2.93462 0)
(24.0376 2.84775 -1.92776e-16)
(24.091 2.76274 1.91972e-16)
(24.1533 2.67905 -5.52611e-16)
(24.2263 2.59663 3.62484e-16)
(24.3112 2.51692 -2.5895e-16)
(24.4063 2.44362 2.53506e-16)
(24.5086 2.38066 1.58764e-16)
(24.6156 2.33018 1.51963e-18)
(24.7253 2.29348 0)
(24.8349 2.27148 7.88039e-20)
(24.9415 2.26452 6.79351e-17)
(25.0413 2.27215 -1.29879e-16)
(25.1305 2.29288 3.10778e-16)
(25.2053 2.32391 -3.64037e-16)
(25.2623 2.36094 5.25088e-16)
(25.2988 2.39782 1.08571e-16)
(25.3139 2.42618 -1.0444e-16)
(25.3097 2.43564 0)
(25.2948 2.41409 0)
(25.2843 2.35192 0)
(25.3547 5.95981 -4.07358e-18)
(25.5477 6.0652 2.99369e-17)
(25.7731 6.1668 -4.44272e-18)
(26.0151 6.25491 -2.53069e-17)
(26.2559 6.3216 1.18892e-16)
(26.5119 6.37155 1.39437e-16)
(26.7718 6.40205 -1.6511e-16)
(27.0279 6.41245 -9.90654e-16)
(27.2833 6.40379 -6.19861e-16)
(27.5336 6.37704 3.90505e-16)
(27.7776 6.33302 -3.62846e-17)
(28.017 6.27203 -3.96708e-17)
(28.2508 6.19455 0)
(28.4794 6.10025 0)
(28.7034 5.98852 -3.71238e-16)
(28.9221 5.85868 7.87014e-16)
(29.135 5.70983 -1.30342e-15)
(29.3409 5.54111 4.32123e-16)
(29.5378 5.35195 4.96015e-16)
(29.7233 5.14219 -5.35026e-16)
(29.8945 4.91258 0)
(30.0477 4.66538 6.18172e-16)
(30.1793 4.40402 -3.12723e-16)
(30.2861 4.13341 7.94542e-16)
(30.3666 3.85536 5.84668e-18)
(30.4209 3.56499 1.19979e-16)
(30.4468 3.25826 1.8154e-17)
(30.4397 2.93662 -1.46285e-16)
(30.3948 2.60386 7.01456e-17)
(30.3073 2.26474 -1.45533e-17)
(30.1729 1.92569 -3.61597e-16)
(29.9882 1.59463 1.01885e-16)
(29.7506 1.2811 -1.09902e-15)
(29.4592 0.996428 5.42895e-16)
(29.115 0.753686 1.67261e-16)
(28.7222 0.56852 -2.70927e-17)
(28.2907 0.456556 -1.55069e-15)
(27.8354 0.441641 -1.01154e-15)
(27.4025 0.513676 5.88158e-16)
(25.1769 5.84595 5.10083e-17)
(25.0105 5.72395 0)
(24.8339 5.57214 -1.57381e-17)
(24.6542 5.39018 0)
(24.491 5.1933 5.70731e-16)
(24.342 4.97518 0)
(24.2135 4.74076 6.87624e-16)
(24.1135 4.50766 3.50753e-16)
(24.0425 4.28795 4.1872e-16)
(23.996 4.08329 0)
(23.9699 3.89752 5.00031e-16)
(23.9596 3.73427 1.17737e-15)
(23.961 3.59058 0)
(23.9708 3.46338 8.70612e-18)
(23.9869 3.35057 4.88342e-19)
(24.0081 3.2487 5.34206e-16)
(24.0337 3.155 0)
(24.0636 3.06741 3.57856e-16)
(24.0982 2.98391 -3.59702e-16)
(24.1383 2.90295 0)
(24.1849 2.82345 -1.71786e-16)
(24.2393 2.74476 5.09747e-16)
(24.3034 2.66659 -3.25786e-16)
(24.3783 2.59009 1.55234e-16)
(24.4627 2.51869 0)
(24.5539 2.45609 -1.50695e-16)
(24.6497 2.40429 7.27016e-17)
(24.7484 2.3645 0)
(24.8479 2.3376 8.38073e-18)
(24.9453 2.32402 6.3826e-17)
(25.0375 2.32349 1.23106e-16)
(25.1212 2.33483 -2.94832e-16)
(25.1928 2.35569 1.28339e-18)
(25.2493 2.38236 5.75766e-17)
(25.2882 2.40948 -4.21147e-16)
(25.3088 2.4297 0)
(25.313 2.43385 -7.55657e-16)
(25.3081 2.41163 0)
(25.3072 2.35468 8.47608e-17)
(25.4334 5.82318 4.81387e-18)
(25.6179 5.9208 0)
(25.8332 6.01435 -1.0807e-17)
(26.064 6.09474 -3.92267e-17)
(26.2933 6.15471 -8.24716e-17)
(26.5367 6.19852 1.00705e-16)
(26.7834 6.22376 3.7455e-16)
(27.0261 6.22995 5.23418e-16)
(27.2678 6.21808 3.23789e-16)
(27.5041 6.18921 6.79955e-16)
(27.7341 6.14419 -8.42539e-16)
(27.9592 6.08332 4.40016e-16)
(28.1786 6.00714 5.12546e-16)
(28.3928 5.9154 5.70952e-16)
(28.6022 5.80755 0)
(28.8064 5.68303 -6.92328e-16)
(29.0047 5.54104 0)
(29.1963 5.38084 -1.30078e-15)
(29.3792 5.20196 4.46237e-16)
(29.5515 5.0043 5.0925e-16)
(29.7102 4.78863 0)
(29.8522 4.55716 -5.88337e-16)
(29.9742 4.31319 5.92248e-16)
(30.0733 4.06142 -5.78439e-16)
(30.1483 3.80351 0)
(30.1995 3.53463 0)
(30.225 3.25066 0)
(30.2208 2.9527 6.4823e-17)
(30.1822 2.64397 -6.34341e-17)
(30.1049 2.32865 -2.45927e-16)
(29.9847 2.01242 4.614e-16)
(29.8181 1.70243 0)
(29.6025 1.40738 -7.72589e-16)
(29.3367 1.13769 -8.40701e-16)
(29.0214 0.905447 1.28152e-15)
(28.6602 0.725014 -9.58179e-16)
(28.2619 0.610828 7.37001e-16)
(27.8395 0.584523 0)
(27.4353 0.636599 -6.7809e-16)
(25.2633 5.71727 -5.42888e-18)
(25.1039 5.60344 -5.76225e-17)
(24.9345 5.46142 -1.68383e-16)
(24.7618 5.29068 0)
(24.6048 5.1056 -5.3567e-16)
(24.4611 4.9002 -1.05611e-15)
(24.3366 4.67915 3.0783e-16)
(24.2394 4.45918 -1.02505e-15)
(24.1698 4.25181 0)
(24.1235 4.05867 8.27652e-16)
(24.0966 3.8835 -9.75686e-16)
(24.0849 3.72973 5.2545e-16)
(24.0843 3.59463 -2.77505e-16)
(24.0917 3.47524 -5.94653e-16)
(24.1049 3.36962 6.98649e-18)
(24.1228 3.27445 -6.49308e-18)
(24.1447 3.18707 1.66175e-16)
(24.1705 3.1055 0)
(24.2004 3.02777 0)
(24.2351 2.9523 0)
(24.2756 2.87798 0)
(24.3231 2.80404 1.52576e-16)
(24.3793 2.73001 1.47963e-16)
(24.4452 2.65678 -4.96088e-18)
(24.5199 2.58752 0)
(24.6008 2.52568 0)
(24.6863 2.47316 0)
(24.7749 2.43101 -7.8903e-18)
(24.8648 2.40009 2.32442e-17)
(24.9535 2.38087 -1.05395e-16)
(25.0384 2.37321 -8.61882e-17)
(25.1164 2.3762 0)
(25.1846 2.3879 2.19096e-16)
(25.2402 2.40514 0)
(25.281 2.42328 4.00429e-16)
(25.3062 2.43596 0)
(25.3176 2.43517 7.19935e-16)
(25.3216 2.41217 -8.51891e-17)
(25.3289 2.35972 8.00845e-17)
(25.5061 5.69309 -6.02098e-18)
(25.6823 5.78346 8.5269e-18)
(25.8878 5.8695 -2.83502e-18)
(26.1079 5.94271 -1.58764e-18)
(26.3262 5.99646 2.32763e-16)
(26.5576 6.03461 -2.3882e-16)
(26.7918 6.05502 5.26366e-16)
(27.0218 6.05739 -1.9153e-16)
(27.2504 6.04266 5.13517e-16)
(27.4735 6.01194 -6.44823e-16)
(27.6901 5.96612 3.88068e-16)
(27.9019 5.9055 -3.9884e-16)
(28.1078 5.83066 -4.86953e-16)
(28.3083 5.74141 -1.60743e-15)
(28.5041 5.6373 5.63102e-16)
(28.6946 5.51782 1.9428e-15)
(28.8794 5.3823 -1.35903e-15)
(29.0574 5.23009 3.50326e-16)
(29.2273 5.06081 8.21392e-16)
(29.3871 4.87443 4.28922e-16)
(29.5341 4.67174 4.64536e-16)
(29.6655 4.4549 4.97242e-16)
(29.7784 4.22709 2.63924e-16)
(29.87 3.99282 -5.05793e-16)
(29.9396 3.75363 -2.46987e-16)
(29.9876 3.50477 -1.52491e-16)
(30.0124 3.2421 3.04781e-17)
(30.0103 2.9664 0)
(29.9772 2.68045 0)
(29.9089 2.38786 0)
(29.8015 2.09364 1.98244e-16)
(29.6516 1.80419 -7.48025e-16)
(29.4565 1.52736 1.32912e-15)
(29.2149 1.27266 -1.61002e-16)
(28.9271 1.05114 -1.07925e-15)
(28.5961 0.875952 0)
(28.2296 0.760284 6.8319e-16)
(27.8389 0.723849 -1.05919e-16)
(27.4624 0.757766 1.42901e-15)
(25.3433 5.59464 2.73677e-18)
(25.1907 5.48846 0)
(25.0283 5.35563 3.53676e-16)
(24.8625 5.19544 -6.42656e-16)
(24.7114 5.02146 6.60174e-16)
(24.5729 4.82805 9.92518e-16)
(24.4524 4.61959 0)
(24.3578 4.41197 1.48731e-15)
(24.2897 4.2162 -2.01427e-15)
(24.2438 4.0339 -1.53268e-15)
(24.2163 3.86865 4.20486e-16)
(24.2033 3.72376 0)
(24.2009 3.59665 5.05915e-16)
(24.2061 3.48455 -5.34721e-16)
(24.2167 3.38557 1.35839e-17)
(24.2317 3.29659 -5.82474e-16)
(24.2504 3.21504 5.86852e-16)
(24.2725 3.13903 0)
(24.2982 3.06662 0)
(24.3283 2.99626 -2.90439e-16)
(24.3633 2.92679 4.30441e-16)
(24.4046 2.85736 0)
(24.4537 2.78733 -4.08746e-16)
(24.5116 2.71738 1.29842e-16)
(24.5774 2.6504 0)
(24.6491 2.58966 1.25177e-16)
(24.7252 2.53689 0)
(24.8045 2.49304 -2.97845e-17)
(24.8853 2.4589 -1.42634e-17)
(24.9658 2.43494 -1.31179e-17)
(25.0436 2.42114 1.91872e-16)
(25.1162 2.4168 -2.60812e-18)
(25.1808 2.42034 -5.34198e-17)
(25.235 2.42907 0)
(25.277 2.43905 9.47349e-17)
(25.3061 2.44481 -1.80985e-16)
(25.3236 2.43945 -5.09721e-16)
(25.3352 2.41558 -1.6091e-16)
(25.3496 2.36694 -7.37289e-17)
(25.5731 5.56921 1.28797e-18)
(25.7414 5.65282 -5.63404e-18)
(25.9376 5.73184 7.4831e-18)
(26.1473 5.79839 8.6224e-18)
(26.355 5.84639 -1.1915e-16)
(26.575 5.87933 0)
(26.7972 5.89532 1.7183e-16)
(27.0151 5.89424 -1.75189e-16)
(27.2312 5.87697 -1.94592e-17)
(27.4418 5.84466 2.55433e-16)
(27.6459 5.79822 3.13532e-16)
(27.845 5.73797 -7.43696e-16)
(28.0382 5.66452 -8.38416e-16)
(28.226 5.57773 1.42215e-15)
(28.4089 5.4772 0)
(28.5866 5.36254 -3.10214e-17)
(28.7586 5.23312 6.47617e-16)
(28.9242 5.08842 -7.03346e-16)
(29.0818 4.92813 7.19296e-16)
(29.2298 4.7523 -2.00327e-15)
(29.3659 4.56171 -2.09166e-17)
(29.4873 4.35849 -4.7325e-16)
(29.5914 4.14571 -6.95452e-16)
(29.676 3.92768 4.6962e-16)
(29.7403 3.70589 1.21588e-16)
(29.785 3.47567 1.75275e-16)
(29.8087 3.23288 -4.19389e-17)
(29.8083 2.97808 -3.94707e-17)
(29.7798 2.71363 3.52293e-16)
(29.7195 2.44264 -1.95152e-16)
(29.6237 2.16953 9.40578e-17)
(29.4891 1.89995 8.71045e-16)
(29.3131 1.64096 -1.44905e-15)
(29.0941 1.40113 0)
(28.8323 1.19049 9.56101e-16)
(28.53 1.02099 -6.16642e-16)
(28.1939 0.904595 -8.34565e-16)
(27.8334 0.859301 9.55307e-16)
(27.4837 0.876893 -6.49292e-16)
(25.4174 5.47774 -3.85759e-17)
(25.2713 5.37874 3.5945e-17)
(25.1156 5.25454 -6.44033e-16)
(24.9565 5.10427 7.53294e-16)
(24.8113 4.94074 -1.20917e-15)
(24.6778 4.7586 -8.31547e-16)
(24.5613 4.56201 -2.43919e-16)
(24.4694 4.36603 -8.48228e-16)
(24.4027 4.18118 1.25586e-15)
(24.3572 4.00906 3.55114e-17)
(24.3293 3.8531 0)
(24.3152 3.71652 -4.24104e-16)
(24.3112 3.59686 4.51647e-16)
(24.3144 3.49151 1.1718e-17)
(24.3228 3.3987 -4.98312e-16)
(24.3352 3.31543 7.74151e-16)
(24.3509 3.23927 -4.0125e-16)
(24.3698 3.16837 -1.35799e-16)
(24.3919 3.10089 3.99259e-16)
(24.4177 3.03525 0)
(24.448 2.97031 -1.33845e-16)
(24.4838 2.90512 -1.25876e-16)
(24.5265 2.83894 2.51166e-16)
(24.5772 2.77222 -3.6724e-16)
(24.6352 2.70763 1.20928e-16)
(24.6985 2.64825 -6.12629e-17)
(24.766 2.59565 -5.82984e-17)
(24.8367 2.55067 2.82666e-17)
(24.9092 2.51402 0)
(24.982 2.48615 -5.26506e-17)
(25.0531 2.46714 1.02694e-16)
(25.1202 2.45645 0)
(25.1811 2.4528 1.96733e-16)
(25.2337 2.45396 0)
(25.2763 2.45661 0)
(25.3084 2.45609 0)
(25.331 2.44652 6.48402e-16)
(25.3491 2.42171 -6.04043e-16)
(25.3696 2.37625 0)
(25.6349 5.45125 1.51159e-17)
(25.7956 5.52852 -1.8278e-18)
(25.9827 5.60102 -1.03264e-17)
(26.1826 5.66137 8.30855e-17)
(26.3802 5.70406 -1.35347e-16)
(26.5891 5.73222 0)
(26.8 5.74419 4.32002e-16)
(27.0063 5.73999 -1.60147e-16)
(27.2106 5.72047 2.16026e-16)
(27.4094 5.68681 -7.74722e-16)
(27.6016 5.63994 3.18285e-16)
(27.7887 5.58018 6.64826e-17)
(27.9699 5.50816 7.14847e-17)
(28.1457 5.42379 -1.30034e-15)
(28.3166 5.32673 -9.27338e-16)
(28.4823 5.21666 5.01169e-19)
(28.6424 5.09305 -5.50791e-16)
(28.7962 4.95543 6.28794e-16)
(28.9424 4.80357 -9.94971e-16)
(29.0794 4.63761 3.87232e-16)
(29.2051 4.45833 -7.47804e-16)
(29.3171 4.26779 0)
(29.4131 4.06902 8.49583e-16)
(29.4909 3.86611 -2.09916e-16)
(29.5501 3.66046 1.08137e-16)
(29.5915 3.44755 1.01854e-16)
(29.614 3.22329 -2.55198e-17)
(29.6148 2.98803 4.66244e-17)
(29.5902 2.7438 -1.02526e-16)
(29.537 2.49326 2.6316e-16)
(29.4516 2.24027 -1.70109e-16)
(29.331 1.98981 0)
(29.1726 1.74815 -1.37047e-16)
(28.9748 1.52297 3.77588e-16)
(28.7374 1.32329 -1.15333e-15)
(28.4622 1.15987 5.95198e-16)
(28.1549 1.0435 7.7037e-16)
(27.8234 0.9906 9.60383e-17)
(27.4994 0.993703 6.29958e-16)
(25.486 5.36631 2.75372e-17)
(25.3463 5.27404 -7.88686e-17)
(25.1971 5.15793 3.55879e-16)
(25.0445 5.01699 -5.21614e-16)
(24.9049 4.86329 9.09989e-16)
(24.7762 4.69178 4.36638e-17)
(24.6636 4.50636 -2.17343e-16)
(24.5744 4.32135 -7.04795e-16)
(24.5093 4.14677 1.06472e-15)
(24.4643 3.98421 3.16662e-16)
(24.436 3.83697 6.83587e-16)
(24.421 3.70815 -3.75848e-16)
(24.4156 3.59544 3.98986e-16)
(24.4171 3.49637 8.82512e-16)
(24.4234 3.40926 -9.11706e-16)
(24.4335 3.33127 4.58886e-16)
(24.4467 3.26007 2.34663e-16)
(24.4626 3.19389 -1.24123e-16)
(24.4815 3.13094 -1.24241e-16)
(24.5036 3.06969 3.58487e-16)
(24.5297 3.00896 -2.39588e-16)
(24.5607 2.94776 4.7417e-18)
(24.5978 2.88526 1.13171e-16)
(24.642 2.82171 -1.12603e-16)
(24.6928 2.75957 1.07775e-16)
(24.7486 2.70173 0)
(24.8084 2.64963 2.61967e-17)
(24.8712 2.60401 2.00291e-17)
(24.9361 2.56548 6.46433e-18)
(25.0017 2.53447 7.87448e-19)
(25.0664 2.5111 -3.37175e-16)
(25.1283 2.49499 4.84094e-17)
(25.1854 2.4851 2.75454e-16)
(25.2361 2.4796 -9.3581e-17)
(25.2788 2.47574 -8.53233e-17)
(25.3131 2.46959 8.24525e-17)
(25.3399 2.45619 -6.09325e-16)
(25.3634 2.43039 1.14583e-15)
(25.3889 2.38753 0)
(25.6918 5.3389 -3.86595e-18)
(25.8453 5.41027 -6.43319e-18)
(26.0237 5.47668 -8.04293e-18)
(26.214 5.5313 -6.91269e-17)
(26.4019 5.56908 4.92109e-17)
(26.6004 5.59284 -3.08494e-17)
(26.8003 5.60116 -4.37532e-18)
(26.9956 5.59418 3.48052e-16)
(27.1887 5.57268 -5.84351e-16)
(27.3762 5.5379 4.61854e-16)
(27.5572 5.49077 5.34328e-16)
(27.733 5.43159 6.39123e-16)
(27.9029 5.36105 7.20108e-16)
(28.0675 5.27908 7.5976e-16)
(28.2271 5.18539 1.71809e-15)
(28.3815 5.07972 -4.3146e-16)
(28.5305 4.96161 4.97525e-16)
(28.6732 4.83068 -5.65242e-16)
(28.8087 4.68678 1.1927e-15)
(28.9354 4.53007 -6.30312e-16)
(29.0515 4.36137 1.38234e-15)
(29.1547 4.18268 0)
(29.243 3.99694 -3.93681e-16)
(29.3145 3.80807 -6.41318e-18)
(29.3688 3.6174 3.7556e-16)
(29.407 3.42057 -9.40192e-17)
(29.4281 3.21355 0)
(29.4296 2.99652 -1.29498e-16)
(29.4085 2.77124 3.18774e-17)
(29.3614 2.53998 0)
(29.2854 2.30608 2.93648e-16)
(29.1775 2.0739 0)
(29.0354 1.84898 2.56464e-16)
(28.8572 1.63812 7.02146e-16)
(28.6427 1.44938 -1.00099e-15)
(28.393 1.29237 -5.01042e-16)
(28.113 1.17676 -1.27012e-15)
(27.8089 1.11751 -7.51506e-16)
(27.5095 1.1079 -1.274e-15)
(25.5496 5.26008 0)
(25.416 5.17412 -1.20961e-16)
(25.2731 5.0656 1.37807e-16)
(25.1267 4.93344 -1.33798e-16)
(24.9926 4.78899 6.20177e-16)
(24.8687 4.62748 1.52934e-15)
(24.76 4.45259 -5.14713e-16)
(24.6734 4.2779 4.68933e-16)
(24.6098 4.11299 -1.00411e-15)
(24.5654 3.95941 1.06407e-15)
(24.5369 3.82035 -5.99819e-16)
(24.5211 3.69878 3.42895e-16)
(24.5145 3.59255 -1.11235e-15)
(24.5144 3.49931 3.91108e-16)
(24.5189 3.41749 6.13352e-16)
(24.527 3.34438 -6.42529e-16)
(24.5379 3.27775 2.11271e-16)
(24.5513 3.21592 -4.39929e-16)
(24.5673 3.15714 0)
(24.5862 3.09994 -3.30708e-16)
(24.6085 3.04313 3.24294e-16)
(24.6352 2.98568 1.09009e-16)
(24.6673 2.92666 -1.02382e-16)
(24.7058 2.86619 1.01013e-16)
(24.7503 2.80652 -1.04604e-16)
(24.7993 2.75037 -1.00485e-16)
(24.852 2.69906 -4.95783e-17)
(24.9077 2.65321 3.55295e-17)
(24.9656 2.61335 -1.19911e-17)
(25.0246 2.57989 4.66141e-17)
(25.0833 2.55296 2.72274e-16)
(25.1401 2.53228 0)
(25.1935 2.51706 -6.12811e-16)
(25.242 2.5058 -3.46985e-16)
(25.2844 2.49622 3.23365e-16)
(25.3202 2.48509 -7.80225e-17)
(25.3503 2.46823 1.01227e-15)
(25.3782 2.44142 -3.94565e-18)
(25.4078 2.40065 1.24624e-15)
(25.7443 5.23192 -7.89579e-18)
(25.8907 5.29776 3.32969e-17)
(26.0607 5.35851 -9.46947e-18)
(26.2419 5.40781 5.7145e-17)
(26.4206 5.44106 7.14507e-17)
(26.609 5.46081 0)
(26.7985 5.46582 -2.61553e-16)
(26.9833 5.45634 8.66588e-16)
(27.1657 5.43313 -6.46802e-16)
(27.3425 5.39744 -4.20068e-16)
(27.5129 5.35019 4.98266e-16)
(27.678 5.29172 -5.37148e-16)
(27.8373 5.22269 0)
(27.9913 5.1431 -3.63607e-17)
(28.1403 5.05268 3.57927e-16)
(28.2842 4.95123 -3.63911e-16)
(28.4227 4.83837 -9.45234e-16)
(28.5551 4.71379 5.07971e-16)
(28.6806 4.57739 -5.24726e-16)
(28.7977 4.42936 -5.6092e-16)
(28.9048 4.27056 -1.23954e-15)
(28.9998 4.10295 0)
(29.0809 3.92935 -1.72722e-16)
(29.1464 3.75354 -1.70546e-16)
(29.1961 3.57679 1.61528e-16)
(29.2311 3.39486 0)
(29.2508 3.20384 0)
(29.2528 3.0038 4.01528e-17)
(29.2345 2.79622 -1.55041e-16)
(29.193 2.58305 0)
(29.1254 2.36717 -2.81184e-16)
(29.0291 2.15239 0)
(28.9017 1.94353 -7.12401e-16)
(28.7417 1.74659 4.05779e-16)
(28.5484 1.56868 5.74109e-16)
(28.3227 1.41835 6.60504e-16)
(28.0682 1.30417 1.06769e-15)
(27.7901 1.23977 0)
(27.5143 1.21921 -6.9727e-18)
(25.6085 5.1588 8.4145e-18)
(25.4807 5.07875 1.75654e-16)
(25.344 4.97737 -2.61665e-16)
(25.2036 4.85345 -5.02947e-16)
(25.0749 4.7177 -1.13376e-15)
(24.9557 4.56562 -3.42867e-17)
(24.8507 4.40065 2.32174e-15)
(24.7668 4.23569 -7.64348e-16)
(24.7047 4.07987 4.25449e-16)
(24.6609 3.93472 -1.00445e-15)
(24.6324 3.80333 2.79872e-17)
(24.6159 3.68855 3.08505e-16)
(24.6082 3.58836 -3.2925e-16)
(24.6067 3.50054 3.45885e-16)
(24.6097 3.42362 -1.90647e-16)
(24.6159 3.355 1.87873e-16)
(24.6248 3.29259 0)
(24.6359 3.23476 0)
(24.6494 3.17984 0)
(24.6654 3.12637 1.98705e-16)
(24.6845 3.07319 -3.96004e-16)
(24.7074 3.01924 -1.93499e-16)
(24.7351 2.96353 1.93184e-16)
(24.7686 2.90603 -8.76948e-17)
(24.8074 2.84883 9.30694e-17)
(24.8503 2.79447 8.97931e-17)
(24.8967 2.74417 0)
(24.946 2.69844 -4.44226e-17)
(24.9975 2.65774 -5.40085e-18)
(25.0503 2.62243 0)
(25.1034 2.59266 -1.69012e-16)
(25.1555 2.56823 -4.11889e-16)
(25.2052 2.54853 5.75715e-16)
(25.2514 2.53235 3.2539e-16)
(25.293 2.51784 -1.57471e-16)
(25.3298 2.50235 -2.90534e-16)
(25.3623 2.48241 -5.44079e-16)
(25.3936 2.4546 -3.82881e-16)
(25.4263 2.4155 -9.51984e-16)
(25.7926 5.13002 -4.25491e-18)
(25.9322 5.19072 -1.13947e-17)
(26.0942 5.24621 0)
(26.2666 5.29057 -6.3969e-17)
(26.4364 5.31967 -2.14565e-18)
(26.6151 5.33574 -1.8137e-16)
(26.7947 5.33775 1.89363e-16)
(26.9695 5.32606 -3.14357e-16)
(27.1418 5.30138 9.65987e-16)
(27.3084 5.26497 -3.97339e-16)
(27.4687 5.21776 -4.59236e-16)
(27.6238 5.16008 5.33064e-16)
(27.7731 5.09262 4.59799e-17)
(27.917 5.01537 -1.26294e-15)
(28.0561 4.92814 -6.77746e-16)
(28.1901 4.83076 -6.97095e-16)
(28.3189 4.72292 0)
(28.4417 4.60436 0)
(28.5579 4.47503 -4.68443e-16)
(28.666 4.33518 5.56517e-16)
(28.7647 4.18567 8.46208e-16)
(28.852 4.02842 -1.16496e-15)
(28.9263 3.86614 6.03519e-16)
(28.9863 3.70248 1.56391e-16)
(29.0317 3.53862 -1.54324e-16)
(29.0637 3.37051 0)
(29.0819 3.19433 -8.94904e-18)
(29.0842 3.01006 8.76542e-18)
(29.0683 2.81898 1.33693e-16)
(29.0316 2.62273 1.20676e-16)
(28.9715 2.42379 2.3933e-16)
(28.8857 2.22546 -6.75146e-16)
(28.7719 2.03193 2.2058e-16)
(28.6286 1.84843 -3.99946e-16)
(28.455 1.68118 6.78831e-16)
(28.2514 1.53773 0)
(28.0209 1.42563 -3.91101e-16)
(27.7673 1.35722 -1.09327e-16)
(27.5139 1.32735 6.00492e-16)
(25.663 5.06226 -1.01146e-16)
(25.5409 4.98774 1.3611e-16)
(25.4101 4.89304 9.31382e-17)
(25.2756 4.77689 1.32628e-16)
(25.1521 4.64932 5.1794e-16)
(25.0374 4.50611 -8.31674e-16)
(24.9361 4.35048 -2.09046e-15)
(24.8548 4.19468 -3.53209e-16)
(24.7943 4.04742 7.80871e-16)
(24.7512 3.9102 8.71496e-16)
(24.7227 3.786 5.21238e-16)
(24.7057 3.67757 -5.46211e-16)
(24.6971 3.58301 8.82939e-16)
(24.6943 3.50023 -6.37349e-16)
(24.6959 3.42784 -3.35091e-16)
(24.7005 3.36338 -5.25694e-16)
(24.7076 3.30486 5.30039e-16)
(24.7168 3.25071 3.60592e-16)
(24.728 3.19934 -3.63407e-16)
(24.7415 3.14932 2.69384e-16)
(24.7578 3.09951 -3.13894e-19)
(24.7773 3.04883 0)
(24.8011 2.99623 8.18347e-17)
(24.8301 2.94159 1.74081e-16)
(24.8639 2.88682 8.30106e-17)
(24.9014 2.83432 -2.3455e-18)
(24.9422 2.7852 -8.39119e-17)
(24.9857 2.73989 2.07983e-17)
(25.0314 2.69877 5.12443e-18)
(25.0786 2.66216 -3.93198e-17)
(25.1265 2.63019 1.97401e-16)
(25.1741 2.60275 2.36454e-16)
(25.2202 2.57936 7.58657e-17)
(25.2639 2.55906 1.49417e-16)
(25.3044 2.54036 -1.47433e-16)
(25.3415 2.52112 1.34747e-16)
(25.3757 2.49849 -1.30027e-16)
(25.4096 2.46972 0)
(25.4448 2.43192 -8.79306e-16)
(25.8371 5.03299 -1.35587e-17)
(25.9701 5.08889 -3.85642e-18)
(26.1244 5.13948 -1.35646e-17)
(26.2884 5.17928 7.99203e-17)
(26.4495 5.20455 -2.64299e-16)
(26.6191 5.21727 4.48543e-16)
(26.7891 5.21659 2.10144e-16)
(26.9544 5.20294 -9.77097e-16)
(27.1171 5.17701 5.78339e-16)
(27.2741 5.14006 0)
(27.4248 5.09303 0)
(27.5704 5.03624 -4.18663e-16)
(27.7102 4.97036 -5.29e-16)
(27.8448 4.89545 5.51746e-16)
(27.9746 4.81133 1.29361e-15)
(28.0993 4.71788 3.94705e-17)
(28.2189 4.61483 0)
(28.3328 4.50199 0)
(28.4402 4.37936 8.46428e-16)
(28.5401 4.24721 9.34751e-16)
(28.6309 4.10642 -9.41678e-18)
(28.7111 3.95885 -2.43628e-16)
(28.7792 3.80714 -1.17442e-17)
(28.8339 3.65477 2.63713e-16)
(28.8752 3.50287 4.24295e-18)
(28.9044 3.34755 -1.31481e-16)
(28.9211 3.18511 1.60652e-17)
(28.9236 3.01547 -1.57434e-17)
(28.9097 2.83972 -1.20249e-16)
(28.8773 2.65924 -4.64507e-16)
(28.824 2.47616 9.9461e-17)
(28.7476 2.29333 4.30911e-16)
(28.6461 2.11434 -5.66413e-16)
(28.5181 1.94374 1.3735e-17)
(28.3625 1.78692 -4.84033e-16)
(28.1795 1.65047 -6.72407e-16)
(27.9714 1.54101 -3.32729e-16)
(27.7407 1.46967 0)
(27.5087 1.43208 5.81912e-16)
(25.7134 4.97022 3.44266e-17)
(25.5968 4.90089 -1.84107e-16)
(25.4717 4.81246 7.52342e-17)
(25.343 4.7036 2.50445e-17)
(25.2245 4.58373 0)
(25.1142 4.44887 9.25371e-16)
(25.0165 4.30204 5.80169e-17)
(24.9379 4.15487 0)
(24.879 4.01566 3.58638e-16)
(24.8367 3.8859 -1.9613e-15)
(24.8082 3.76844 0)
(24.7908 3.66594 9.84749e-16)
(24.7814 3.57663 -1.08608e-15)
(24.7776 3.49854 2.9548e-16)
(24.7779 3.43035 2.9672e-16)
(24.7811 3.36974 3.14541e-16)
(24.7866 3.3148 -4.87298e-16)
(24.794 3.26405 -3.27031e-16)
(24.8033 3.21594 3.29681e-16)
(24.8147 3.16911 2.44285e-16)
(24.8284 3.12241 -4.9155e-16)
(24.845 3.07478 0)
(24.8654 3.02512 -6.36164e-18)
(24.8904 2.97321 -1.53129e-16)
(24.9197 2.92082 -2.10977e-18)
(24.9525 2.87023 -7.75607e-17)
(24.9882 2.82243 -3.77496e-17)
(25.0265 2.77778 3.82462e-17)
(25.067 2.7366 0)
(25.1091 2.69914 0)
(25.1523 2.66556 -7.38978e-17)
(25.1956 2.63577 1.43172e-16)
(25.2382 2.60941 -3.56203e-16)
(25.2794 2.58574 2.11565e-16)
(25.3185 2.56356 -4.07952e-18)
(25.3555 2.54116 -1.30198e-16)
(25.3907 2.51621 0)
(25.4263 2.48656 1.10405e-16)
(25.4633 2.44977 7.34384e-16)
(25.878 4.94059 8.02754e-18)
(26.0047 4.99201 0)
(26.1515 5.03806 -1.94292e-17)
(26.3074 5.07364 1.63813e-19)
(26.4603 5.0954 1.53255e-16)
(26.6211 5.10508 -2.67556e-16)
(26.782 5.10197 -1.3573e-17)
(26.9382 5.08661 2.11942e-16)
(27.0917 5.05963 -2.99977e-16)
(27.2395 5.02231 -6.23148e-16)
(27.3812 4.97558 3.3131e-16)
(27.5178 4.91975 1.2524e-15)
(27.6488 4.8555 -4.79394e-16)
(27.7746 4.78291 0)
(27.8956 4.70181 0)
(28.0117 4.61215 -6.00436e-16)
(28.1227 4.5137 6.83783e-16)
(28.2283 4.40631 -3.3327e-18)
(28.3276 4.29002 -8.00107e-16)
(28.4196 4.16514 0)
(28.5032 4.03255 0)
(28.5768 3.89405 2.20941e-16)
(28.639 3.7522 2.54354e-16)
(28.6889 3.61033 -3.71295e-16)
(28.7265 3.46951 4.53319e-18)
(28.753 3.32601 0)
(28.7682 3.17629 1.40223e-17)
(28.7708 3.02018 0)
(28.7587 2.85863 0)
(28.73 2.69281 -9.05213e-17)
(28.6827 2.52453 9.14794e-17)
(28.6148 2.35622 -1.92699e-16)
(28.5245 2.19097 3.62382e-16)
(28.4104 2.03268 0)
(28.2714 1.88599 0)
(28.1073 1.75661 1.02015e-15)
(27.9199 1.65028 2.1388e-16)
(27.7107 1.577 -1.92032e-16)
(27.4989 1.53316 -5.59543e-16)
(25.76 4.88249 2.13109e-18)
(25.6488 4.81802 7.26103e-17)
(25.5293 4.73546 -2.93185e-16)
(25.4061 4.63345 -1.72881e-16)
(25.2925 4.52083 -2.87931e-17)
(25.1865 4.39383 -6.74284e-16)
(25.0924 4.25529 5.1612e-17)
(25.0164 4.11624 0)
(24.9591 3.98461 0)
(24.9176 3.86185 7.25339e-16)
(24.8893 3.75072 4.05187e-16)
(24.8715 3.65377 -1.33718e-15)
(24.8614 3.56936 0)
(24.8567 3.49562 -5.21932e-16)
(24.8559 3.43133 2.65715e-16)
(24.8579 3.37428 2.84656e-16)
(24.862 3.32264 -2.91678e-16)
(24.8679 3.27502 -1.45179e-16)
(24.8755 3.22992 0)
(24.8849 3.18603 0)
(24.8964 3.14222 -2.20729e-16)
(24.9105 3.09743 1.50805e-16)
(24.9279 3.05053 -1.47734e-16)
(24.9494 3.00123 -1.36075e-16)
(24.9748 2.95116 2.12685e-16)
(25.0033 2.90248 -1.1353e-18)
(25.0345 2.85611 -1.74479e-18)
(25.0682 2.81232 0)
(25.104 2.77137 1.70718e-17)
(25.1415 2.73349 -1.73314e-17)
(25.1803 2.6988 6.70337e-17)
(25.2196 2.66726 1.30123e-16)
(25.2589 2.6386 2.44746e-18)
(25.2976 2.61223 0)
(25.3351 2.58722 0)
(25.3715 2.56221 4.76718e-16)
(25.4071 2.53532 0)
(25.4439 2.50489 8.33908e-16)
(25.4819 2.46889 5.82206e-16)
(25.9156 4.85262 1.0849e-18)
(26.0363 4.89986 -4.43272e-18)
(26.1758 4.9417 3.23385e-17)
(26.3239 4.97338 -1.83644e-17)
(26.469 4.99193 0)
(26.6212 4.99884 1.38388e-16)
(26.7735 4.99356 -7.94529e-16)
(26.921 4.97671 -6.14413e-16)
(27.0657 4.94888 2.25458e-16)
(27.2049 4.91134 5.91184e-16)
(27.3381 4.86502 -6.80363e-16)
(27.4662 4.81022 0)
(27.5887 4.74763 -1.25831e-15)
(27.7062 4.67732 4.48974e-16)
(27.8191 4.59919 0)
(27.9271 4.51319 5.70932e-16)
(28.0301 4.41914 -5.84499e-16)
(28.1279 4.31694 -1.32805e-15)
(28.2196 4.20666 -3.48393e-16)
(28.3045 4.08864 2.02004e-17)
(28.3813 3.96375 -3.92951e-16)
(28.4487 3.83376 -4.37755e-16)
(28.5056 3.70111 2.2934e-16)
(28.551 3.569 -2.11795e-16)
(28.5851 3.43845 1.0442e-16)
(28.6091 3.30589 0)
(28.623 3.16791 -4.76029e-19)
(28.6255 3.0243 -6.28968e-17)
(28.6149 2.87589 4.92782e-17)
(28.5895 2.72364 1.17532e-17)
(28.5476 2.56912 0)
(28.4874 2.41438 0)
(28.4072 2.26205 -3.10267e-16)
(28.3056 2.11544 0)
(28.1818 1.97853 -2.53738e-16)
(28.0351 1.85622 -2.32053e-16)
(27.8668 1.75345 1.19879e-15)
(27.6776 1.67914 0)
(27.4847 1.63038 -5.32714e-16)
(25.8032 4.79888 -3.15919e-18)
(25.6971 4.73894 -3.98926e-17)
(25.5829 4.66189 -5.71349e-17)
(25.4651 4.56632 2.64545e-16)
(25.3563 4.46051 -8.47644e-16)
(25.2546 4.34091 0)
(25.164 4.21018 1.08718e-15)
(25.0905 4.07879 1.76131e-17)
(25.0349 3.95428 5.37229e-16)
(24.9942 3.8381 3.10315e-16)
(24.9661 3.7329 0)
(24.9481 3.64115 4.12853e-16)
(24.9374 3.56131 -4.27291e-16)
(24.932 3.49163 -4.71354e-16)
(24.9302 3.43095 9.91089e-16)
(24.9311 3.37719 -7.65051e-16)
(24.934 3.32861 0)
(24.9386 3.28387 1.3771e-16)
(24.9447 3.24154 0)
(24.9524 3.20036 2.71368e-16)
(24.962 3.15923 -4.03472e-16)
(24.9738 3.11708 1.36884e-16)
(24.9887 3.07277 1.29319e-16)
(25.0071 3.02596 1.3274e-16)
(25.029 2.97814 0)
(25.0537 2.93137 0)
(25.081 2.88649 -9.7397e-17)
(25.1105 2.84372 3.23155e-17)
(25.1421 2.80327 -1.57522e-17)
(25.1755 2.76531 1.6053e-17)
(25.2103 2.72996 -9.53101e-17)
(25.246 2.6972 -2.51837e-16)
(25.2821 2.66682 2.54492e-18)
(25.3182 2.63839 1.20994e-16)
(25.354 2.61115 -1.20509e-16)
(25.3895 2.58405 -4.52868e-16)
(25.425 2.55558 4.18777e-16)
(25.4622 2.52447 -7.94481e-16)
(25.5008 2.48911 -7.38989e-16)
(25.9501 4.76886 -7.81197e-18)
(26.0649 4.81222 3.25138e-18)
(26.1976 4.85014 -1.58395e-17)
(26.3381 4.87824 1.75396e-17)
(26.4757 4.89384 -9.60572e-17)
(26.6198 4.89825 9.4261e-17)
(26.7638 4.89105 3.01786e-16)
(26.903 4.87291 3.74563e-16)
(27.0394 4.84439 4.30723e-16)
(27.1704 4.80677 -2.76069e-16)
(27.2954 4.76096 5.99077e-16)
(27.4155 4.70726 -6.3332e-16)
(27.5301 4.64635 4.15073e-16)
(27.6399 4.57832 -8.16509e-16)
(27.745 4.50307 8.93716e-16)
(27.8454 4.42061 0)
(27.941 4.33079 1.08085e-15)
(28.0315 4.23353 5.65395e-16)
(28.1162 4.12895 6.719e-16)
(28.1944 4.01742 3.7137e-16)
(28.265 3.89978 -7.13019e-16)
(28.3267 3.77775 7.43046e-16)
(28.3786 3.6537 5.86201e-16)
(28.4199 3.53066 1.17777e-18)
(28.4508 3.40962 -4.151e-18)
(28.4725 3.28716 9.46197e-17)
(28.4851 3.16001 0)
(28.4875 3.02793 -4.39202e-17)
(28.4782 2.89164 8.52464e-17)
(28.4558 2.75194 1.06245e-17)
(28.4186 2.61017 2.00558e-18)
(28.3653 2.46805 -3.04953e-16)
(28.2942 2.3278 2.89685e-16)
(28.204 2.19225 1.20212e-16)
(28.0939 2.06473 -2.51993e-16)
(27.9631 1.94943 0)
(27.8123 1.85055 -2.59911e-17)
(27.6417 1.77602 -1.42166e-16)
(27.4667 1.72357 1.15859e-15)
(25.8431 4.71919 4.13263e-18)
(25.7419 4.6635 6.56103e-17)
(25.633 4.59161 4.20774e-16)
(25.5204 4.50209 -4.10618e-16)
(25.4162 4.40268 7.90426e-16)
(25.3187 4.29005 -6.55516e-16)
(25.2315 4.16668 -1.96949e-16)
(25.1606 4.04248 8.40767e-16)
(25.1066 3.92468 -1.77928e-15)
(25.0668 3.81468 0)
(25.039 3.71505 3.28107e-16)
(25.0209 3.62817 -3.58543e-16)
(25.0097 3.55259 4.04462e-16)
(25.0036 3.48669 0)
(25.001 3.42937 4.4938e-16)
(25.0009 3.37865 -2.25925e-16)
(25.0028 3.33289 0)
(25.0062 3.29081 1.19331e-16)
(25.011 3.25105 1.25618e-16)
(25.0173 3.21237 -2.46883e-16)
(25.0252 3.17371 5.30663e-18)
(25.0351 3.13402 3.62705e-16)
(25.0476 3.09215 -3.63726e-16)
(25.0634 3.0477 0)
(25.0822 3.00206 0)
(25.1037 2.95718 -5.87221e-17)
(25.1274 2.91385 5.94185e-17)
(25.1533 2.87222 -2.89501e-17)
(25.1812 2.83247 0)
(25.2109 2.79473 2.95841e-17)
(25.242 2.75911 -5.73371e-17)
(25.2743 2.72558 -5.55666e-17)
(25.3074 2.69401 2.31661e-16)
(25.341 2.66406 0)
(25.3749 2.63514 0)
(25.4092 2.60643 0)
(25.4442 2.57672 -3.98241e-16)
(25.4814 2.54508 0)
(25.52 2.51025 0)
(25.9818 4.68913 -5.69442e-18)
(26.0909 4.72888 1.73806e-18)
(26.2169 4.76318 1.16137e-18)
(26.3502 4.78797 6.12155e-17)
(26.4805 4.80088 -5.98138e-17)
(26.6169 4.80303 0)
(26.7529 4.79412 -5.27308e-16)
(26.8843 4.77489 6.50676e-16)
(27.0127 4.74584 -4.08432e-16)
(27.1359 4.70827 0)
(27.2533 4.66306 0)
(27.3657 4.61051 6.29057e-16)
(27.473 4.55129 -3.54567e-16)
(27.5754 4.48551 1.87552e-15)
(27.6733 4.41308 -1.27366e-15)
(27.7666 4.33405 -4.36257e-16)
(27.8553 4.24827 -4.9926e-16)
(27.939 4.15574 -1.06924e-15)
(28.0172 4.05657 1.12688e-15)
(28.0892 3.95116 0)
(28.154 3.84034 -9.43348e-16)
(28.2105 3.72577 3.27077e-16)
(28.2578 3.60974 -9.00129e-16)
(28.2953 3.49515 -6.90145e-18)
(28.3233 3.38291 0)
(28.3429 3.26977 -4.23896e-17)
(28.3543 3.1526 4.15714e-17)
(28.3566 3.03115 8.12749e-17)
(28.3484 2.90601 -5.02758e-18)
(28.3285 2.77789 1.5717e-16)
(28.2957 2.64789 9.0208e-18)
(28.2484 2.51748 2.85944e-16)
(28.1855 2.38851 0)
(28.1056 2.26336 2.34284e-16)
(28.0079 2.14481 -1.68573e-17)
(27.8915 2.0364 1.80137e-16)
(27.7568 1.94168 -8.63976e-16)
(27.6033 1.86763 1.55443e-16)
(27.4449 1.81259 -4.87174e-16)
(25.88 4.64325 -2.12696e-17)
(25.7836 4.59154 1.78787e-16)
(25.6798 4.52448 -2.60439e-16)
(25.5722 4.44065 3.03804e-17)
(25.4726 4.34726 5.42633e-16)
(25.379 4.24117 1.52185e-15)
(25.2953 4.12473 -6.71024e-16)
(25.2269 4.00731 3.3634e-16)
(25.1745 3.89583 2.28153e-15)
(25.1357 3.79164 -7.61218e-16)
(25.1082 3.69722 -2.8256e-16)
(25.09 3.6149 -6.38192e-16)
(25.0785 3.54331 0)
(25.0718 3.48093 3.74367e-16)
(25.0684 3.42673 -4.06389e-16)
(25.0676 3.37883 4.20168e-16)
(25.0685 3.33568 0)
(25.0709 3.29606 -2.21357e-16)
(25.0746 3.25866 2.28374e-16)
(25.0796 3.22229 -4.48162e-16)
(25.0861 3.18592 2.28599e-16)
(25.0943 3.14853 -6.36779e-19)
(25.1049 3.10895 -1.12064e-16)
(25.1183 3.06673 0)
(25.1345 3.02319 1.49206e-18)
(25.153 2.98018 -1.08655e-16)
(25.1737 2.93842 0)
(25.1964 2.89804 -1.24747e-17)
(25.2209 2.85916 1.35732e-17)
(25.2473 2.82189 -2.64458e-17)
(25.2751 2.78631 -5.2718e-17)
(25.3043 2.75243 -2.38208e-19)
(25.3346 2.72012 3.16151e-16)
(25.3657 2.68914 0)
(25.3977 2.65903 -2.03157e-16)
(25.4306 2.62915 1.92233e-16)
(25.4647 2.59853 -5.6132e-18)
(25.5015 2.56651 -8.54638e-16)
(25.5396 2.53215 0)
(26.0109 4.61325 2.27692e-18)
(26.1145 4.64965 3.80552e-18)
(26.2341 4.68059 3.25747e-17)
(26.3604 4.70234 5.65079e-17)
(26.4838 4.7128 -1.88648e-16)
(26.6127 4.71291 0)
(26.7411 4.7025 9.787e-16)
(26.865 4.68234 -6.16776e-16)
(26.9859 4.65291 7.0545e-16)
(27.1016 4.6155 0)
(27.2117 4.57098 0)
(27.317 4.51962 5.38629e-16)
(27.4173 4.46211 6.38381e-16)
(27.5128 4.39854 -1.35511e-15)
(27.6039 4.32887 -7.22665e-16)
(27.6906 4.25313 8.29633e-16)
(27.7729 4.17125 8.46161e-16)
(27.8503 4.08322 -9.31311e-16)
(27.9224 3.98919 4.92615e-16)
(27.9886 3.88956 0)
(28.0481 3.78516 3.52014e-17)
(28.0998 3.6776 0)
(28.1429 3.56906 -3.0912e-16)
(28.177 3.4623 5.21758e-18)
(28.2023 3.35821 -1.53709e-16)
(28.22 3.25366 3.56581e-17)
(28.2302 3.14569 2.79266e-17)
(28.2323 3.034 -6.54679e-17)
(28.2252 2.91913 -2.10481e-16)
(28.2076 2.80166 1.37603e-16)
(28.1785 2.68251 1.35322e-16)
(28.1367 2.56292 -2.4244e-16)
(28.0811 2.44444 4.58633e-16)
(28.0105 2.32903 -1.08208e-17)
(27.9239 2.21901 4.07336e-16)
(27.8206 2.11734 -1.81946e-16)
(27.7006 2.02697 -6.24348e-16)
(27.5628 1.95401 6.56444e-16)
(27.42 1.89734 -5.76977e-16)
(25.914 4.57091 3.01635e-17)
(25.8223 4.52292 -1.44521e-16)
(25.7234 4.46038 3.98536e-17)
(25.6208 4.38188 4.58947e-16)
(25.5255 4.29415 -5.11972e-16)
(25.436 4.19423 7.76893e-16)
(25.3555 4.0843 -2.84726e-16)
(25.2896 3.97327 -2.10095e-15)
(25.2389 3.86772 -4.18305e-17)
(25.201 3.76899 1.36738e-15)
(25.174 3.67948 5.54246e-16)
(25.1558 3.60143 2.19648e-17)
(25.144 3.53356 0)
(25.1367 3.47446 -1.6422e-17)
(25.1328 3.42316 -3.67542e-16)
(25.1313 3.37789 1.93669e-16)
(25.1314 3.33715 0)
(25.133 3.2998 1.02602e-16)
(25.1357 3.26458 -9.90046e-17)
(25.1396 3.23036 3.03084e-16)
(25.1448 3.19612 1.03938e-16)
(25.1516 3.16085 3.04667e-16)
(25.1605 3.12342 -3.01485e-16)
(25.1718 3.08333 9.83175e-17)
(25.1857 3.04181 9.98402e-17)
(25.2017 3.00062 -9.92255e-17)
(25.2196 2.96045 -4.85956e-17)
(25.2395 2.92138 4.95113e-17)
(25.2611 2.88351 -2.4533e-17)
(25.2844 2.84691 4.99557e-17)
(25.3094 2.81166 5.05087e-17)
(25.3357 2.77775 -1.01839e-16)
(25.3633 2.7451 -1.01358e-16)
(25.3921 2.71352 -9.83827e-17)
(25.4221 2.68265 1.92649e-16)
(25.4534 2.652 3.57954e-16)
(25.4864 2.62078 0)
(25.5223 2.58854 8.04482e-16)
(25.5597 2.55463 -7.43558e-16)
(26.0375 4.54104 -4.57082e-18)
(26.1359 4.57432 7.15755e-19)
(26.2492 4.60216 -3.08212e-17)
(26.3689 4.62112 0)
(26.4855 4.62935 -1.1808e-16)
(26.6073 4.62764 1.90268e-16)
(26.7285 4.61591 -6.53406e-16)
(26.8452 4.59498 0)
(26.9589 4.56531 -6.69e-16)
(27.0676 4.52816 7.52287e-16)
(27.1708 4.48439 -8.60068e-16)
(27.2694 4.43426 -9.96616e-16)
(27.363 4.37845 1.11532e-15)
(27.4521 4.31707 3.66076e-18)
(27.5369 4.25008 1.33613e-15)
(27.6174 4.17754 -3.65782e-17)
(27.6936 4.09939 -4.15867e-17)
(27.7651 4.01565 4.32504e-16)
(27.8317 3.9265 1.96786e-17)
(27.8926 3.83234 -9.38694e-16)
(27.9471 3.73398 3.16353e-17)
(27.9944 3.63299 0)
(28.0337 3.53144 2.94279e-16)
(28.0646 3.43197 1.44579e-16)
(28.0874 3.33541 6.90093e-17)
(28.1033 3.23878 -1.37865e-16)
(28.1126 3.13926 0)
(28.1145 3.03654 -3.3596e-17)
(28.1082 2.9311 6.53531e-17)
(28.0927 2.8234 0)
(28.067 2.71423 1.14171e-16)
(28.0301 2.60462 2.31831e-16)
(27.981 2.49585 -2.19032e-16)
(27.9186 2.38954 -7.95918e-16)
(27.8422 2.2876 -3.76387e-16)
(27.7506 2.19246 0)
(27.6439 2.10656 3.20734e-16)
(27.5206 2.0352 -4.76922e-16)
(27.3921 1.97776 4.66885e-16)
(25.9455 4.50201 -3.5036e-17)
(25.8583 4.45748 1.10711e-16)
(25.7642 4.39919 0)
(25.6663 4.32569 -3.8396e-16)
(25.5753 4.24327 -4.30695e-16)
(25.4896 4.14915 -1.24031e-15)
(25.4125 4.04536 2.54601e-16)
(25.349 3.94034 3.93705e-16)
(25.3 3.84037 -1.10501e-15)
(25.2631 3.74678 -1.23553e-15)
(25.2365 3.66187 -4.64701e-16)
(25.2183 3.58782 0)
(25.2063 3.52344 2.91749e-16)
(25.1987 3.4674 -6.30843e-16)
(25.1943 3.4188 -3.23907e-16)
(25.1921 3.37596 3.53923e-16)
(25.1916 3.33746 -3.55074e-16)
(25.1924 3.30221 8.88804e-17)
(25.1943 3.26902 -3.67908e-16)
(25.1973 3.23677 -9.48025e-17)
(25.2015 3.20451 3.69231e-16)
(25.207 3.17124 1.83303e-16)
(25.2144 3.13582 -1.81597e-16)
(25.224 3.09774 0)
(25.2358 3.05815 -8.81482e-17)
(25.2496 3.01875 -8.98267e-17)
(25.2652 2.98017 1.36979e-16)
(25.2825 2.94246 -2.30759e-17)
(25.3015 2.9057 0)
(25.3222 2.86994 -2.22906e-17)
(25.3445 2.83524 1.36508e-16)
(25.3683 2.8016 -1.80616e-16)
(25.3934 2.76894 8.90867e-17)
(25.42 2.73713 -9.10497e-17)
(25.448 2.70588 3.5206e-16)
(25.4776 2.6748 -5.05301e-16)
(25.5093 2.64327 1.61218e-16)
(25.544 2.61097 1.46284e-16)
(25.5803 2.57753 2.85206e-16)
(26.0619 4.47235 7.45661e-18)
(26.1552 4.50273 -3.86144e-18)
(26.2625 4.52771 2.55181e-17)
(26.3757 4.5441 -2.76474e-17)
(26.486 4.5503 7.97212e-18)
(26.6009 4.54696 0)
(26.7151 4.53409 0)
(26.825 4.51254 -2.66926e-16)
(26.9318 4.48274 2.75049e-16)
(27.0338 4.44594 -1.39238e-15)
(27.1305 4.40298 8.16287e-16)
(27.2228 4.35412 1.3344e-15)
(27.3102 4.30002 -5.1379e-16)
(27.3932 4.24078 -1.13041e-15)
(27.472 4.1764 -6.49457e-16)
(27.5468 4.10695 1.25981e-15)
(27.6173 4.03238 -6.84502e-16)
(27.6834 3.95273 7.30415e-16)
(27.7448 3.86821 7.88408e-16)
(27.8008 3.77921 1.28308e-15)
(27.8508 3.68655 4.53765e-16)
(27.894 3.5917 9.47964e-16)
(27.9298 3.49667 0)
(27.9578 3.40397 -4.14114e-18)
(27.9784 3.31437 1.22786e-16)
(27.9928 3.22504 0)
(28.0011 3.13329 0)
(28.0029 3.03881 2.81572e-17)
(27.9974 2.942 -5.74272e-17)
(27.9837 2.84327 -1.02136e-16)
(27.961 2.74326 9.57846e-17)
(27.9284 2.64283 0)
(27.8851 2.54303 1.86161e-16)
(27.8301 2.44518 7.20112e-16)
(27.7627 2.35085 -1.6105e-16)
(27.6817 2.26202 1.57234e-16)
(27.587 2.18065 0)
(27.4769 2.11131 -2.18578e-16)
(27.3617 2.05381 2.16448e-16)
(25.9746 4.43638 -5.86848e-17)
(25.8917 4.39511 2.50143e-17)
(25.8022 4.34077 -2.79695e-16)
(25.709 4.27197 3.62333e-16)
(25.6222 4.19455 6.18909e-16)
(25.5403 4.10589 -1.98944e-16)
(25.4663 4.00787 -2.53186e-16)
(25.4053 3.90851 1.43736e-15)
(25.3579 3.8138 -3.37068e-16)
(25.322 3.72503 1.12727e-15)
(25.2959 3.64444 0)
(25.2779 3.57414 9.50866e-16)
(25.2657 3.51302 -1.02932e-15)
(25.2578 3.45984 0)
(25.253 3.41376 3.0693e-16)
(25.2503 3.37318 7.24507e-18)
(25.2493 3.33676 -4.80628e-16)
(25.2494 3.30347 8.32686e-17)
(25.2507 3.27214 -4.15344e-16)
(25.2529 3.24174 -8.24964e-17)
(25.2561 3.21131 -8.22215e-17)
(25.2606 3.17989 3.3359e-16)
(25.2666 3.14636 0)
(25.2747 3.11019 2.43455e-16)
(25.2848 3.07246 -8.05283e-17)
(25.2967 3.0348 0)
(25.3102 2.99779 -4.11338e-17)
(25.3253 2.96148 4.16271e-17)
(25.3421 2.92591 0)
(25.3604 2.89112 6.1987e-17)
(25.3803 2.85716 -2.07073e-16)
(25.4017 2.82401 4.15494e-16)
(25.4246 2.79164 8.0448e-17)
(25.449 2.75991 -3.34181e-16)
(25.4751 2.7286 -1.64799e-16)
(25.503 2.69741 0)
(25.5331 2.66581 -1.45107e-16)
(25.5665 2.63361 1.40565e-16)
(25.6015 2.60068 0)
(26.0842 4.40702 -2.87502e-18)
(26.1725 4.43471 3.65548e-18)
(26.2741 4.45704 0)
(26.3811 4.47109 0)
(26.4852 4.47545 2.11698e-16)
(26.5936 4.47066 -2.71131e-16)
(26.7011 4.4568 -2.00469e-16)
(26.8044 4.43476 6.42283e-16)
(26.9048 4.40494 0)
(27.0005 4.36857 6.43889e-16)
(27.091 4.32647 0)
(27.1772 4.2789 -8.29517e-16)
(27.2588 4.22649 0)
(27.336 4.16937 -4.80138e-16)
(27.4094 4.10752 0)
(27.4787 4.04104 -3.38675e-17)
(27.544 3.9699 0)
(27.6051 3.89416 -9.87507e-18)
(27.6616 3.81403 -2.1504e-15)
(27.7131 3.72992 -3.96389e-16)
(27.7589 3.64259 -9.57335e-18)
(27.7984 3.55351 -8.73701e-16)
(27.831 3.46457 -4.47667e-16)
(27.8564 3.37815 -1.1335e-16)
(27.875 3.29498 1.09649e-16)
(27.8879 3.21238 0)
(27.8955 3.12775 0)
(27.8971 3.04082 -7.85162e-17)
(27.8922 2.95192 4.75481e-17)
(27.8801 2.86139 2.0295e-16)
(27.8601 2.76977 -1.98907e-16)
(27.8315 2.67777 7.79429e-18)
(27.7933 2.58624 -1.78039e-16)
(27.7449 2.49625 -1.76372e-16)
(27.6855 2.40906 -4.49817e-16)
(27.6141 2.32626 0)
(27.5302 2.24943 0)
(27.4321 2.18245 4.23251e-16)
(27.329 2.12551 3.74024e-16)
(26.0014 4.37391 -4.0628e-17)
(25.9228 4.33566 -6.40344e-17)
(25.8377 4.28504 1.91671e-16)
(25.749 4.22064 3.73718e-16)
(25.6663 4.14791 1.89574e-16)
(25.5881 4.06438 5.6764e-16)
(25.5173 3.9718 -8.42733e-16)
(25.4586 3.87776 9.92615e-16)
(25.4129 3.78799 1.15126e-15)
(25.378 3.70376 -9.95213e-16)
(25.3524 3.62723 1.12539e-15)
(25.3346 3.56045 -2.09585e-17)
(25.3224 3.50239 4.83941e-16)
(25.3143 3.45188 2.49323e-16)
(25.3091 3.40815 0)
(25.306 3.36968 6.56447e-18)
(25.3045 3.3352 1.4949e-16)
(25.3042 3.30371 -1.46076e-16)
(25.3048 3.27413 7.66e-17)
(25.3063 3.24543 3.81855e-16)
(25.3088 3.21671 3.82519e-16)
(25.3124 3.18703 -3.03006e-16)
(25.3173 3.15528 0)
(25.3241 3.12091 -7.60912e-17)
(25.3327 3.08496 0)
(25.3429 3.04898 0)
(25.3546 3.01353 0)
(25.3678 2.97863 -1.85821e-17)
(25.3826 2.94431 2.12094e-17)
(25.3988 2.91059 -9.56587e-17)
(25.4166 2.8775 -3.72779e-17)
(25.4359 2.84505 -1.50504e-16)
(25.4567 2.81318 1.49676e-16)
(25.4791 2.78179 0)
(25.5032 2.75071 1.48118e-16)
(25.5293 2.71967 -2.86552e-16)
(25.5578 2.68824 1.38123e-16)
(25.5898 2.65629 -5.06109e-16)
(25.6232 2.62393 -7.1283e-16)
(26.1045 4.34489 2.62171e-18)
(26.1881 4.37009 -9.74681e-19)
(26.2841 4.38999 2.20429e-17)
(26.3852 4.40188 5.64032e-17)
(26.4833 4.40459 -7.85476e-17)
(26.5854 4.39851 2.56858e-16)
(26.6866 4.38381 0)
(26.7836 4.36139 -1.96372e-16)
(26.8778 4.33165 3.11854e-17)
(26.9675 4.29578 -5.20992e-16)
(27.0522 4.25459 2.93175e-17)
(27.1327 4.20832 2.83382e-17)
(27.2087 4.15759 3.96288e-16)
(27.2807 4.10253 8.62477e-16)
(27.3488 4.04314 1.84924e-19)
(27.4131 3.97953 -5.3824e-16)
(27.4735 3.91167 5.46175e-16)
(27.5299 3.83966 -6.12527e-16)
(27.582 3.76369 1.62485e-15)
(27.6293 3.68418 -3.38297e-16)
(27.6713 3.6019 -3.67759e-16)
(27.7074 3.51821 3.81676e-16)
(27.737 3.43494 2.08997e-16)
(27.7601 3.35435 2.96044e-16)
(27.7769 3.27713 -9.51168e-17)
(27.7885 3.2007 4.68002e-17)
(27.7953 3.12262 3.32844e-19)
(27.7968 3.0426 3.4528e-17)
(27.7926 2.96094 -2.40526e-18)
(27.7819 2.87791 -2.62424e-16)
(27.7643 2.79396 -4.04593e-18)
(27.7391 2.70967 7.8966e-18)
(27.7055 2.62574 7.03089e-18)
(27.663 2.54303 2.85428e-16)
(27.6107 2.46252 2.81898e-16)
(27.5478 2.38548 -2.45829e-16)
(27.4737 2.31313 -2.26895e-16)
(27.3865 2.24877 -6.15356e-16)
(27.2945 2.19289 -3.59396e-16)
(26.0261 4.31444 -1.97477e-17)
(25.9516 4.27902 1.28886e-16)
(25.8709 4.23187 -6.41837e-17)
(25.7866 4.1716 4.58301e-17)
(25.7078 4.10329 -1.69346e-16)
(25.6333 4.02458 -5.45311e-16)
(25.5656 3.9371 7.96293e-16)
(25.5093 3.84807 1.89378e-16)
(25.4651 3.76296 -1.34503e-15)
(25.4313 3.683 6.18254e-16)
(25.4063 3.61029 -1.383e-15)
(25.3887 3.5468 -7.92346e-16)
(25.3765 3.49161 8.5144e-16)
(25.3682 3.44361 -6.93806e-16)
(25.3628 3.40208 2.39445e-16)
(25.3594 3.36557 -1.25519e-16)
(25.3575 3.33289 2.63506e-16)
(25.3567 3.30309 0)
(25.3569 3.27512 0)
(25.3578 3.24801 -3.43837e-16)
(25.3596 3.22089 2.76177e-16)
(25.3624 3.19282 -6.7383e-17)
(25.3665 3.16274 0)
(25.3721 3.13009 0)
(25.3794 3.09584 0)
(25.3881 3.06149 -1.35242e-16)
(25.3983 3.02756 6.89688e-17)
(25.4099 2.99408 1.7628e-17)
(25.4229 2.96104 -1.94702e-17)
(25.4373 2.92847 1.74815e-17)
(25.4532 2.89638 0)
(25.4705 2.86477 -6.50929e-17)
(25.4894 2.83359 1.35869e-16)
(25.5099 2.80276 0)
(25.5322 2.77213 0)
(25.5566 2.74147 -1.29813e-16)
(25.5834 2.71041 1.20607e-16)
(25.6137 2.67886 -2.20269e-16)
(25.6455 2.64713 2.39305e-16)
(26.1231 4.28584 2.17562e-18)
(26.2021 4.30873 -3.47915e-18)
(26.2927 4.32638 0)
(26.388 4.33631 1.15533e-16)
(26.4804 4.33752 1.0096e-16)
(26.5765 4.3303 -2.27771e-16)
(26.6716 4.31489 2.98774e-16)
(26.7627 4.29221 -3.64313e-16)
(26.851 4.26262 6.6297e-16)
(26.9349 4.22732 4.12387e-17)
(27.0141 4.18706 0)
(27.0892 4.1421 0)
(27.1601 4.09304 -1.45196e-15)
(27.227 4.04 -8.18807e-16)
(27.2903 3.983 -8.38976e-16)
(27.3499 3.92214 4.56824e-16)
(27.4058 3.85743 -5.19124e-16)
(27.4578 3.78895 5.23522e-16)
(27.5058 3.71694 0)
(27.5492 3.64178 -3.09904e-16)
(27.5877 3.56422 6.37168e-16)
(27.6207 3.48558 3.33193e-16)
(27.6477 3.4076 1.74667e-16)
(27.6686 3.33242 -3.61779e-16)
(27.6838 3.26067 2.65164e-16)
(27.6943 3.18993 -2.83046e-18)
(27.7004 3.11785 1.06379e-17)
(27.7018 3.04415 -3.083e-17)
(27.6981 2.96911 4.05841e-17)
(27.6887 2.89292 2.31813e-16)
(27.6732 2.81598 -3.00849e-16)
(27.651 2.73875 0)
(27.6216 2.6618 1.44255e-16)
(27.5843 2.5858 -2.72996e-16)
(27.5384 2.51152 -2.41498e-16)
(27.483 2.43994 4.7165e-16)
(27.4177 2.372 4.2592e-16)
(27.3403 2.31043 0)
(27.2584 2.25602 1.67927e-16)
(26.049 4.25786 2.22886e-17)
(25.9784 4.22508 -1.7594e-16)
(25.902 4.18117 4.29922e-17)
(25.8219 4.12478 2.26378e-16)
(25.747 4.0606 0)
(25.676 3.98643 5.96419e-16)
(25.6113 3.90376 1.35348e-15)
(25.5573 3.81945 -8.42092e-16)
(25.5147 3.73871 0)
(25.4819 3.66276 -1.05848e-15)
(25.4576 3.59364 9.54167e-16)
(25.4403 3.53326 -3.4629e-16)
(25.4282 3.48076 3.75853e-16)
(25.4198 3.43511 4.18865e-16)
(25.4142 3.39563 -6.67313e-16)
(25.4106 3.36096 -4.6421e-16)
(25.4084 3.32996 1.07381e-15)
(25.4072 3.30173 -4.88568e-16)
(25.407 3.27527 0)
(25.4075 3.24964 1.25316e-16)
(25.4087 3.22399 0)
(25.4109 3.19745 6.39346e-17)
(25.4141 3.16894 -1.21305e-16)
(25.4188 3.13791 0)
(25.4249 3.10529 1.23367e-16)
(25.4324 3.0725 -6.10993e-17)
(25.4412 3.04007 0)
(25.4514 3.008 3.11564e-17)
(25.4628 2.97626 -1.58894e-17)
(25.4756 2.94488 6.32267e-17)
(25.4898 2.91387 -1.47164e-18)
(25.5054 2.88322 6.49733e-17)
(25.5225 2.85288 -3.24266e-18)
(25.5413 2.82279 -1.27577e-16)
(25.5618 2.7928 1.21292e-16)
(25.5844 2.76271 6.64309e-18)
(25.6096 2.73219 4.56879e-16)
(25.6381 2.70118 4.38086e-16)
(25.6683 2.67015 -1.98962e-16)
(26.14 4.22972 1.80615e-18)
(26.2145 4.25047 -1.81379e-18)
(26.3 4.26605 0)
(26.3897 4.27419 -1.76311e-16)
(26.4766 4.27406 6.54298e-17)
(26.5669 4.26584 -4.03416e-16)
(26.6562 4.24984 0)
(26.7416 4.22699 0)
(26.8243 4.19764 0)
(26.9028 4.16294 0)
(26.9767 4.12365 0)
(27.0468 4.08 0)
(27.1128 4.03258 6.70036e-16)
(27.175 3.98151 6.93183e-16)
(27.2338 3.92681 1.19667e-15)
(27.2889 3.8686 1.84501e-17)
(27.3406 3.8069 -4.62227e-16)
(27.3887 3.74179 -2.42195e-17)
(27.4328 3.67351 1.02036e-15)
(27.4728 3.60245 -9.1052e-18)
(27.508 3.52933 -2.99955e-16)
(27.5381 3.45542 -3.05502e-16)
(27.5627 3.38237 -8.01719e-16)
(27.5817 3.3122 3.16395e-16)
(27.5954 3.24552 -1.55685e-16)
(27.6049 3.17999 -3.97432e-17)
(27.6104 3.11341 -1.91541e-17)
(27.6118 3.0455 9.25709e-18)
(27.6085 2.97649 7.16809e-17)
(27.6003 2.90655 -2.11353e-16)
(27.5867 2.836 2.72631e-16)
(27.5672 2.76522 -1.27234e-16)
(27.5414 2.69466 2.439e-16)
(27.5087 2.62484 2.33725e-16)
(27.4684 2.55635 -1.11894e-17)
(27.4198 2.48994 0)
(27.3623 2.42627 0)
(27.2937 2.36761 -1.60886e-16)
(27.2211 2.31498 -5.32321e-18)
(26.07 4.20404 3.97567e-17)
(26.0033 4.17372 1.79696e-17)
(25.931 4.13284 0)
(25.855 4.08008 -4.55035e-16)
(25.7839 4.01979 1.35311e-16)
(25.7164 3.94988 -9.82629e-16)
(25.6547 3.87173 -9.86503e-16)
(25.6029 3.79186 -1.43575e-15)
(25.5619 3.71524 8.3594e-16)
(25.5302 3.64307 4.8776e-17)
(25.5065 3.57733 0)
(25.4895 3.51987 0)
(25.4775 3.4699 -5.83369e-18)
(25.4692 3.42645 -3.84153e-16)
(25.4635 3.3889 3.9807e-16)
(25.4597 3.35595 0)
(25.4572 3.32652 -1.10933e-16)
(25.4558 3.29975 0)
(25.4552 3.27469 1.10126e-16)
(25.4553 3.25044 -1.74309e-16)
(25.4561 3.22618 2.27206e-16)
(25.4577 3.20105 -1.10996e-16)
(25.4603 3.17403 1.15096e-16)
(25.4641 3.14454 -1.09519e-16)
(25.4693 3.11347 1.12196e-16)
(25.4757 3.08219 -1.13412e-16)
(25.4833 3.05122 -2.79647e-17)
(25.4922 3.02052 -3.49325e-19)
(25.5022 2.9901 -1.80212e-17)
(25.5136 2.95995 2.84537e-17)
(25.5263 2.93008 -5.93229e-17)
(25.5403 2.90047 0)
(25.5558 2.87109 0)
(25.5729 2.84186 1.18712e-16)
(25.5918 2.81266 -4.65553e-16)
(25.6128 2.7833 2.25514e-16)
(25.6362 2.75347 -4.27735e-16)
(25.6631 2.72311 4.04295e-16)
(25.6914 2.69287 3.82841e-16)
(26.1554 4.1764 0)
(26.2256 4.19517 -5.35237e-18)
(26.306 4.20886 3.9655e-17)
(26.3904 4.21537 1.19788e-16)
(26.4721 4.21403 2.19228e-16)
(26.5568 4.20494 1.76606e-17)
(26.6405 4.18846 0)
(26.7205 4.16553 0)
(26.7978 4.13648 -3.72634e-16)
(26.8712 4.10243 3.90053e-16)
(26.9402 4.06413 9.11201e-16)
(27.0055 4.02178 0)
(27.0669 3.97596 5.67408e-16)
(27.1247 3.92681 -6.58382e-16)
(27.1791 3.87434 -6.74846e-16)
(27.2302 3.81868 0)
(27.278 3.75984 -1.19742e-15)
(27.3223 3.69794 -4.37254e-16)
(27.363 3.63319 -4.87338e-16)
(27.3997 3.566 -5.16047e-16)
(27.432 3.49705 5.12059e-16)
(27.4595 3.42755 1.77004e-17)
(27.4819 3.35908 4.24857e-16)
(27.4991 3.29356 -1.41364e-16)
(27.5116 3.23154 1.38729e-16)
(27.5201 3.17081 1.03141e-18)
(27.5251 3.10927 -2.54932e-17)
(27.5264 3.04665 -8.15406e-17)
(27.5236 2.98314 6.46596e-17)
(27.5164 2.91889 1.89294e-16)
(27.5045 2.85417 -1.28206e-16)
(27.4874 2.78927 1.16647e-16)
(27.4648 2.72456 -2.33012e-16)
(27.4361 2.66042 -2.08826e-16)
(27.4009 2.5973 -2.08964e-16)
(27.3582 2.53574 1.83569e-16)
(27.3077 2.47619 -1.78925e-16)
(27.2471 2.42051 3.02972e-16)
(27.1828 2.36991 2.77688e-16)
(26.0894 4.15286 -1.79881e-18)
(26.0264 4.12484 4.37927e-17)
(25.9581 4.08679 -3.42127e-16)
(25.8862 4.03744 0)
(25.8188 3.9808 -2.42056e-16)
(25.7546 3.9149 2.27058e-16)
(25.6958 3.84099 1.08813e-15)
(25.6462 3.7653 1.70101e-15)
(25.6068 3.69256 -7.6655e-16)
(25.5761 3.62394 9.2228e-16)
(25.5531 3.56138 -4.95578e-16)
(25.5366 3.50667 0)
(25.5248 3.45907 0)
(25.5165 3.4177 -3.48273e-16)
(25.5107 3.38195 -1.76858e-16)
(25.5068 3.35061 1.85035e-16)
(25.5041 3.32265 -9.58217e-17)
(25.5025 3.29725 9.8191e-17)
(25.5016 3.2735 -1.04442e-16)
(25.5014 3.25053 -2.05922e-16)
(25.5018 3.22757 2.06506e-16)
(25.5029 3.20377 -1.00185e-16)
(25.5049 3.17814 0)
(25.508 3.15011 -9.91605e-17)
(25.5123 3.12051 1.02181e-16)
(25.5178 3.0907 1.03074e-16)
(25.5244 3.06113 -2.52736e-17)
(25.5321 3.0318 6.52006e-17)
(25.541 3.00268 6.5798e-18)
(25.5511 2.97377 -1.05245e-18)
(25.5624 2.94507 0)
(25.5751 2.91657 1.04468e-16)
(25.5891 2.88823 0)
(25.6047 2.85997 3.16175e-16)
(25.622 2.83168 -2.15715e-16)
(25.6414 2.80317 5.38706e-18)
(25.6631 2.77415 1.93064e-16)
(25.6882 2.74456 3.66734e-16)
(25.7148 2.71516 3.4856e-16)
(26.1694 4.12577 0)
(26.2354 4.14271 6.51062e-18)
(26.311 4.15465 -4.5715e-17)
(26.3902 4.15968 -3.59126e-18)
(26.4667 4.15726 -4.14131e-16)
(26.5461 4.14742 8.21978e-16)
(26.6245 4.13056 1.88668e-16)
(26.6993 4.10763 5.32767e-16)
(26.7716 4.07893 -1.24508e-15)
(26.84 4.04557 3.50513e-16)
(26.9043 4.00826 -8.64747e-16)
(26.9652 3.9672 9.16698e-16)
(27.0223 3.92297 -5.38773e-16)
(27.0759 3.87568 0)
(27.1264 3.82536 1.27683e-15)
(27.1737 3.77213 -1.33918e-15)
(27.2178 3.71602 1.44835e-15)
(27.2587 3.65716 0)
(27.2961 3.59576 -1.74069e-17)
(27.3298 3.5322 4.30005e-16)
(27.3594 3.46716 -4.64806e-16)
(27.3845 3.40179 1.21374e-15)
(27.405 3.33758 -2.69668e-16)
(27.4206 3.27636 -1.21714e-16)
(27.4319 3.21864 -1.2382e-16)
(27.4396 3.16231 1.82879e-16)
(27.4442 3.10539 -7.748e-18)
(27.4454 3.04759 4.36302e-17)
(27.443 2.98911 -1.69779e-16)
(27.4368 2.93004 5.84087e-17)
(27.4263 2.87062 0)
(27.4114 2.81109 9.9027e-17)
(27.3916 2.75171 -4.04444e-16)
(27.3665 2.69279 1.8485e-17)
(27.3357 2.63463 1.85711e-16)
(27.2984 2.57762 1.75463e-16)
(27.254 2.52203 -3.07624e-16)
(27.2006 2.46933 -2.90348e-16)
(27.1438 2.42092 -2.66579e-16)
(26.1072 4.10421 -2.91057e-17)
(26.0479 4.07834 2.80985e-17)
(25.9834 4.04293 2.91278e-16)
(25.9155 3.99677 9.68181e-17)
(25.8517 3.94356 -3.07816e-16)
(25.7908 3.88142 -8.87581e-16)
(25.7348 3.81151 1.82407e-16)
(25.6873 3.73975 0)
(25.6495 3.67066 0)
(25.62 3.60539 7.71727e-16)
(25.5977 3.54582 -4.26273e-16)
(25.5816 3.4937 -5.07592e-16)
(25.57 3.44834 5.70691e-16)
(25.5618 3.40891 -9.17736e-16)
(25.556 3.37486 1.63992e-16)
(25.5519 3.34504 5.08889e-16)
(25.5491 3.31845 -2.62476e-16)
(25.5473 3.29432 -9.31047e-17)
(25.5462 3.27179 -3.70078e-16)
(25.5457 3.25003 8.40593e-16)
(25.5458 3.22828 -2.81836e-16)
(25.5465 3.20572 1.86723e-16)
(25.548 3.1814 -1.85005e-16)
(25.5505 3.15475 1.84333e-16)
(25.5541 3.12656 -1.97783e-18)
(25.5587 3.09814 -9.36165e-17)
(25.5644 3.06994 -4.62226e-17)
(25.5711 3.04193 -2.90548e-19)
(25.579 3.0141 -3.89122e-17)
(25.5879 2.98643 -4.34068e-19)
(25.598 2.95893 0)
(25.6094 2.93158 -5.1391e-17)
(25.6221 2.90433 9.65887e-17)
(25.6363 2.87712 -1.97002e-16)
(25.6521 2.84982 -5.27307e-18)
(25.67 2.82226 1.67552e-18)
(25.6901 2.79416 -1.83184e-16)
(25.7135 2.76542 -3.48346e-16)
(25.7384 2.73693 -3.3153e-16)
(26.182 4.07771 -2.17413e-18)
(26.244 4.09296 -1.21008e-18)
(26.3149 4.1033 1.13049e-18)
(26.3891 4.10698 -8.30979e-17)
(26.4608 4.1036 2.28078e-16)
(26.5351 4.09311 -3.11831e-16)
(26.6083 4.07597 -4.06279e-16)
(26.6782 4.0531 2.57304e-16)
(26.7456 4.0248 6.59922e-17)
(26.8094 3.99215 3.30803e-16)
(26.8693 3.95584 -3.40231e-16)
(26.9258 3.91607 -1.27658e-15)
(26.9789 3.87338 9.0955e-16)
(27.0287 3.82789 0)
(27.0754 3.77963 -5.39453e-16)
(27.1192 3.72873 5.81325e-16)
(27.1599 3.67523 -6.5334e-16)
(27.1976 3.61924 9.10791e-18)
(27.232 3.56099 -1.10212e-15)
(27.263 3.50086 3.83335e-16)
(27.2901 3.43948 0)
(27.3131 3.37796 -6.35138e-18)
(27.3317 3.31772 -4.59191e-16)
(27.346 3.26048 1.15746e-16)
(27.3562 3.20672 5.33397e-17)
(27.3632 3.15443 -2.80823e-17)
(27.3674 3.10172 0)
(27.3686 3.04834 -2.70758e-17)
(27.3666 2.99443 1.02563e-16)
(27.3611 2.94008 5.17115e-17)
(27.352 2.88549 -1.92501e-16)
(27.339 2.83083 1.90161e-16)
(27.3217 2.77632 -2.83042e-18)
(27.2998 2.72218 3.55885e-16)
(27.2729 2.66861 -8.57367e-18)
(27.2403 2.61585 -1.58503e-16)
(27.2014 2.56403 5.72509e-16)
(27.1544 2.51429 -1.92136e-17)
(27.1043 2.46818 -4.85346e-16)
(26.1236 4.05799 -1.34244e-18)
(26.0678 4.03412 0)
(26.0072 4.00117 0)
(25.943 3.95801 0)
(25.8827 3.90802 0)
(25.8252 3.84941 8.09524e-16)
(25.7718 3.78325 -1.15953e-15)
(25.7265 3.7152 5.3168e-16)
(25.6902 3.64955 2.00339e-17)
(25.6618 3.58743 -7.45972e-16)
(25.6403 3.53068 1.24339e-15)
(25.6246 3.48099 4.6989e-16)
(25.6133 3.43774 -5.04918e-16)
(25.6052 3.40014 -5.57977e-16)
(25.5994 3.36769 8.84328e-16)
(25.5952 3.33927 -3.07929e-16)
(25.5923 3.31397 1.64978e-16)
(25.5903 3.29104 -3.27906e-16)
(25.589 3.26965 8.17339e-17)
(25.5882 3.249 -3.38059e-16)
(25.588 3.22838 5.07771e-16)
(25.5884 3.207 -3.37595e-16)
(25.5894 3.18391 0)
(25.5914 3.15856 -1.67234e-16)
(25.5943 3.13172 8.20644e-17)
(25.5983 3.10463 -4.15822e-17)
(25.6032 3.07774 -4.09343e-17)
(25.609 3.05103 7.52252e-17)
(25.6159 3.02446 -1.09047e-17)
(25.6239 2.99803 6.51025e-17)
(25.6329 2.97173 -4.41668e-17)
(25.6432 2.94554 -4.5097e-17)
(25.6546 2.91943 -8.68727e-17)
(25.6675 2.89332 -2.63046e-16)
(25.682 2.86708 1.76555e-16)
(25.6984 2.84054 3.412e-16)
(25.717 2.81343 3.24155e-16)
(25.7388 2.78561 -3.1012e-16)
(25.7619 2.7581 3.04343e-16)
(26.1935 4.0321 1.61251e-19)
(26.2516 4.04579 1.37715e-18)
(26.3179 4.05466 4.86888e-18)
(26.3873 4.05713 1.19062e-16)
(26.4542 4.0529 -6.32665e-16)
(26.5236 4.04187 1.20057e-16)
(26.5919 4.02451 0)
(26.6571 4.00177 -4.19182e-16)
(26.7199 3.97391 1.01801e-15)
(26.7793 3.942 -1.19073e-15)
(26.835 3.90669 -3.11708e-16)
(26.8875 3.86818 3.63878e-16)
(26.9368 3.82698 -8.6358e-16)
(26.9829 3.78323 1.35723e-15)
(27.0262 3.73696 5.39039e-17)
(27.0666 3.68829 -2.13913e-15)
(27.1043 3.63726 5.62353e-16)
(27.139 3.58399 1.25319e-15)
(27.1706 3.52872 -9.36755e-16)
(27.1991 3.47179 -3.48854e-16)
(27.2239 3.41384 3.6202e-16)
(27.245 3.35591 5.66147e-16)
(27.262 3.29936 1.70503e-18)
(27.2749 3.2458 9.72166e-17)
(27.2843 3.19568 -2.46321e-16)
(27.2907 3.1471 -4.81806e-17)
(27.2945 3.09825 4.17206e-17)
(27.2957 3.04888 2.25307e-17)
(27.294 2.99914 -1.37876e-16)
(27.2893 2.94909 8.95643e-17)
(27.2813 2.89889 -8.78692e-17)
(27.27 2.84867 1.69912e-16)
(27.2549 2.7986 -3.25666e-16)
(27.2358 2.74883 0)
(27.2124 2.69948 2.91382e-16)
(27.1839 2.65067 -1.26251e-17)
(27.1499 2.60242 -2.67032e-16)
(27.1086 2.5556 -2.27869e-16)
(27.0646 2.51184 8.83551e-16)
(26.1387 4.01409 -1.802e-17)
(26.0864 3.99208 0)
(26.0294 3.96143 0)
(25.969 3.92109 -1.54692e-16)
(25.9121 3.87412 1.45809e-16)
(25.8577 3.81883 -6.87472e-16)
(25.807 3.7562 7.85661e-16)
(25.7637 3.69165 -2.49153e-16)
(25.729 3.62922 2.70275e-16)
(25.7018 3.57006 -3.29724e-16)
(25.681 3.51597 7.34866e-16)
(25.6658 3.46858 -4.12492e-16)
(25.6548 3.42731 -1.49952e-17)
(25.6467 3.39143 4.96194e-16)
(25.6409 3.36046 0)
(25.6367 3.33337 0)
(25.6336 3.30927 1.48618e-16)
(25.6314 3.28745 0)
(25.6299 3.26713 -7.75087e-17)
(25.629 3.24753 3.06054e-16)
(25.6285 3.22797 -1.52589e-16)
(25.6286 3.20769 7.48869e-17)
(25.6292 3.18575 0)
(25.6307 3.16164 -7.74994e-17)
(25.6331 3.13608 1.52435e-16)
(25.6364 3.11028 1.16469e-16)
(25.6406 3.08465 -3.80556e-17)
(25.6457 3.05919 -2.00717e-17)
(25.6518 3.03385 -2.42051e-18)
(25.6588 3.00863 1.93381e-17)
(25.6669 2.98353 -4.01484e-17)
(25.6761 2.95852 -7.87825e-17)
(25.6865 2.93356 1.61306e-16)
(25.6982 2.90858 1.14655e-18)
(25.7114 2.88345 1.56215e-16)
(25.7265 2.85798 -5.92503e-18)
(25.7436 2.83191 -1.1113e-17)
(25.7638 2.80508 -2.83321e-16)
(25.7852 2.77858 0)
(26.2038 3.98884 1.34214e-19)
(26.2581 4.00109 -6.04904e-18)
(26.32 4.00862 8.20071e-18)
(26.3847 4.00999 -8.17553e-17)
(26.4472 4.00501 2.75025e-16)
(26.5118 3.99352 -2.39883e-16)
(26.5754 3.97603 -1.73984e-16)
(26.6361 3.95347 7.83277e-16)
(26.6945 3.92609 -6.83065e-16)
(26.7497 3.89493 5.48662e-16)
(26.8015 3.86061 6.22228e-16)
(26.8502 3.82333 0)
(26.8959 3.7836 -3.84999e-16)
(26.9386 3.74152 -2.74517e-17)
(26.9786 3.69715 1.33722e-15)
(27.016 3.65059 4.93934e-17)
(27.0507 3.60191 -5.01449e-16)
(27.0827 3.55122 5.28385e-16)
(27.1118 3.49874 1.18643e-15)
(27.1379 3.44483 -2.97555e-16)
(27.1607 3.39008 3.20133e-16)
(27.18 3.3355 -3.50012e-16)
(27.1955 3.28236 -3.55491e-16)
(27.2073 3.2322 -1.77034e-16)
(27.2158 3.18544 8.42537e-17)
(27.2217 3.14025 0)
(27.2252 3.09493 5.45941e-18)
(27.2264 3.04924 -1.41231e-18)
(27.225 3.00329 8.07079e-17)
(27.221 2.95715 -7.97668e-17)
(27.2141 2.91092 7.3276e-17)
(27.2042 2.86474 -3.00432e-16)
(27.1911 2.81872 2.97483e-16)
(27.1745 2.77294 0)
(27.1541 2.72747 1.29724e-16)
(27.1293 2.68234 0)
(27.0996 2.63746 0)
(27.0633 2.59346 -2.09691e-16)
(27.0248 2.55208 -2.07171e-16)
(26.1526 3.97241 -4.92476e-17)
(26.1036 3.95214 1.66439e-16)
(26.0502 3.92364 -2.36577e-16)
(25.9934 3.88594 0)
(25.94 3.84181 -5.58944e-16)
(25.8886 3.78963 6.50152e-16)
(25.8404 3.73032 -7.43124e-16)
(25.7992 3.66907 0)
(25.7661 3.60967 9.82589e-16)
(25.74 3.5533 -1.12516e-15)
(25.72 3.5017 -6.82886e-16)
(25.7052 3.45647 3.82109e-16)
(25.6943 3.41706 -8.36903e-16)
(25.6863 3.38279 0)
(25.6805 3.35322 2.35508e-16)
(25.6762 3.32737 3.84049e-16)
(25.673 3.30439 -6.50219e-16)
(25.6707 3.28362 2.69765e-16)
(25.669 3.2643 -3.39796e-16)
(25.6679 3.24568 0)
(25.6672 3.22712 -7.11244e-17)
(25.667 3.20786 -3.48745e-16)
(25.6673 3.18702 2.75174e-16)
(25.6684 3.16408 -2.07718e-16)
(25.6703 3.13974 1.3813e-16)
(25.673 3.11516 0)
(25.6766 3.09075 0)
(25.6811 3.0665 2.63187e-17)
(25.6864 3.04236 1.34137e-17)
(25.6927 3.01834 -3.58134e-17)
(25.7 2.99442 3.56133e-17)
(25.7082 2.97058 1.46216e-16)
(25.7176 2.94678 -2.20657e-16)
(25.7283 2.92293 7.06217e-17)
(25.7403 2.89893 -2.10191e-18)
(25.7541 2.87457 -1.45596e-16)
(25.7698 2.84958 -2.81092e-16)
(25.7885 2.82378 2.68963e-16)
(25.8083 2.79834 2.48833e-16)
(26.2132 3.94783 3.03961e-18)
(26.2638 3.95875 8.91628e-18)
(26.3214 3.96506 -7.55522e-18)
(26.3816 3.96544 -1.17481e-16)
(26.4396 3.9598 -9.87887e-17)
(26.4997 3.94794 3.24496e-16)
(26.5588 3.93037 0)
(26.6152 3.90805 -3.70646e-16)
(26.6695 3.88118 7.44086e-16)
(26.7207 3.85077 4.52465e-16)
(26.7687 3.81744 0)
(26.8139 3.78137 6.24002e-16)
(26.8561 3.74304 -1.33393e-15)
(26.8957 3.70258 7.08802e-16)
(26.9327 3.66002 -8.16156e-16)
(26.9671 3.61548 4.39283e-16)
(26.9991 3.56902 0)
(27.0286 3.52076 -9.93714e-16)
(27.0554 3.47091 5.08883e-16)
(27.0793 3.41982 -2.53575e-16)
(27.1003 3.36806 -1.49113e-17)
(27.1179 3.31659 -3.01639e-16)
(27.1321 3.26662 -1.53448e-16)
(27.1429 3.2196 -7.57904e-17)
(27.1507 3.17592 -7.78186e-17)
(27.156 3.13384 7.61252e-17)
(27.1593 3.09174 0)
(27.1605 3.04939 -1.90657e-17)
(27.1594 3.0069 -3.49144e-17)
(27.156 2.9643 1.40295e-16)
(27.15 2.9217 -1.38799e-16)
(27.1415 2.87919 1.32793e-16)
(27.1301 2.83684 -3.88224e-16)
(27.1157 2.79472 -1.147e-16)
(27.098 2.75281 3.33694e-18)
(27.0764 2.71107 -2.22822e-16)
(27.0506 2.66936 2.17967e-16)
(27.0188 2.62808 1.04554e-17)
(26.9851 2.58906 0)
(26.1654 3.93286 5.49915e-17)
(26.1196 3.91422 -8.68838e-17)
(26.0698 3.88772 3.57194e-16)
(26.0165 3.85251 0)
(25.9663 3.81103 6.67912e-16)
(25.918 3.76177 -1.23583e-15)
(25.8722 3.70559 3.42455e-16)
(25.833 3.64746 3.39448e-17)
(25.8015 3.59089 -1.36666e-15)
(25.7765 3.53713 2.34298e-15)
(25.7572 3.48789 -2.93623e-16)
(25.7427 3.44469 0)
(25.732 3.40702 0)
(25.724 3.37425 -4.10518e-16)
(25.7182 3.346 2.0921e-16)
(25.7138 3.32131 7.98376e-16)
(25.7105 3.29939 -3.50309e-16)
(25.7081 3.2796 -1.18804e-16)
(25.7063 3.26121 -2.45066e-16)
(25.705 3.24352 1.88295e-16)
(25.7042 3.22588 6.13782e-17)
(25.7037 3.20759 2.51345e-16)
(25.7038 3.18779 -2.49055e-16)
(25.7045 3.16596 0)
(25.706 3.14279 0)
(25.7083 3.11938 -6.19382e-17)
(25.7113 3.09614 0)
(25.7152 3.07305 -1.6528e-17)
(25.7199 3.05008 -2.08271e-18)
(25.7255 3.02722 1.67789e-17)
(25.732 3.00446 -1.44239e-18)
(25.7395 2.98178 -1.99943e-16)
(25.748 2.95912 1.33645e-16)
(25.7576 2.93642 -2.66951e-16)
(25.7686 2.91355 2.65128e-16)
(25.7812 2.89031 -3.96647e-18)
(25.7957 2.86643 -2.51418e-16)
(25.8128 2.8417 -2.43954e-16)
(25.8311 2.81733 -4.65588e-16)
(26.2216 3.90896 -1.38693e-18)
(26.2685 3.91865 0)
(26.322 3.92385 0)
(26.3778 3.92334 5.68912e-18)
(26.4317 3.91714 2.10277e-16)
(26.4874 3.90498 1.98013e-16)
(26.5422 3.88741 -1.16715e-16)
(26.5944 3.86536 0)
(26.6447 3.83902 -7.51829e-16)
(26.6922 3.80937 0)
(26.7366 3.77702 0)
(26.7784 3.74212 3.41307e-17)
(26.8175 3.70515 -5.76999e-16)
(26.854 3.66623 -1.29458e-15)
(26.8882 3.6254 1.36838e-15)
(26.92 3.58278 0)
(26.9495 3.53842 -1.90334e-17)
(26.9766 3.49244 4.24706e-16)
(27.0013 3.44506 4.63346e-16)
(27.0233 3.39661 2.2713e-17)
(27.0425 3.34764 -2.65619e-16)
(27.0587 3.29906 0)
(27.0717 3.25202 1.45748e-16)
(27.0816 3.2079 1.34599e-16)
(27.0887 3.16704 4.77786e-18)
(27.0937 3.12782 0)
(27.0967 3.08866 0)
(27.0979 3.04936 6.50934e-17)
(27.0971 3.01001 -9.64993e-20)
(27.0941 2.97063 0)
(27.089 2.93132 6.23715e-17)
(27.0816 2.89214 -2.3631e-16)
(27.0718 2.85313 -1.12422e-16)
(27.0593 2.81433 3.44797e-18)
(27.044 2.77568 1.1782e-16)
(27.0252 2.73709 2.08258e-16)
(27.0028 2.69834 0)
(26.975 2.65967 1.82111e-16)
(26.9457 2.62296 1.62829e-16)
(26.1771 3.89535 5.46132e-18)
(26.1345 3.87823 -3.11325e-17)
(26.0881 3.85359 -1.64041e-16)
(26.0382 3.82073 0)
(25.9913 3.78173 -4.48453e-16)
(25.9458 3.73523 1.04528e-15)
(25.9024 3.68199 0)
(25.8652 3.62682 -1.35467e-15)
(25.8353 3.57288 0)
(25.8114 3.52155 -4.80374e-16)
(25.7926 3.47452 -5.28646e-16)
(25.7785 3.43322 5.983e-16)
(25.7678 3.39718 0)
(25.7599 3.36583 0)
(25.754 3.33881 3.95061e-16)
(25.7495 3.31522 -4.19946e-16)
(25.7462 3.29429 0)
(25.7437 3.27543 1.12637e-16)
(25.7418 3.25792 5.73229e-17)
(25.7404 3.2411 5.79267e-17)
(25.7394 3.22434 -5.82117e-17)
(25.7388 3.20697 5.54593e-17)
(25.7387 3.18815 2.2604e-16)
(25.7391 3.16738 -4.49915e-16)
(25.7402 3.14531 2.26439e-16)
(25.7421 3.12302 5.87438e-17)
(25.7447 3.10091 -5.79253e-17)
(25.7481 3.07894 4.42398e-17)
(25.7523 3.05709 0)
(25.7573 3.03536 -5.93399e-17)
(25.7631 3.01372 8.01572e-20)
(25.7698 2.99217 -5.88999e-17)
(25.7775 2.97065 0)
(25.7863 2.94908 1.23754e-16)
(25.7963 2.92734 0)
(25.8077 2.90523 0)
(25.821 2.88247 2.34003e-16)
(25.8368 2.85882 0)
(25.8537 2.83554 0)
(26.2291 3.87215 -2.30289e-18)
(26.2725 3.88071 7.39191e-18)
(26.322 3.88489 -4.10739e-17)
(26.3736 3.88359 7.86482e-17)
(26.4234 3.87691 -3.04506e-16)
(26.4748 3.86453 7.80751e-17)
(26.5255 3.847 -2.49446e-16)
(26.5738 3.82527 2.56515e-16)
(26.6203 3.79947 0)
(26.6642 3.7706 -3.97129e-16)
(26.7053 3.7392 7.97943e-16)
(26.7439 3.70542 4.93366e-16)
(26.78 3.66976 5.1373e-16)
(26.8137 3.63234 5.97585e-16)
(26.8452 3.59316 -6.47224e-16)
(26.8746 3.55235 6.50998e-16)
(26.9017 3.50997 -3.72311e-16)
(26.9268 3.46614 0)
(26.9495 3.42107 4.11137e-16)
(26.9697 3.37509 -4.26111e-16)
(26.9874 3.32871 2.10905e-16)
(27.0023 3.28281 4.77154e-16)
(27.0142 3.23848 -2.47997e-16)
(27.0233 3.19702 -1.27904e-16)
(27.0298 3.15877 6.30256e-17)
(27.0344 3.12214 0)
(27.0373 3.08567 0)
(27.0384 3.04914 -5.77445e-17)
(27.0378 3.01264 2.75863e-17)
(27.0354 2.9762 0)
(27.031 2.93986 1.09349e-16)
(27.0246 2.9037 2.35507e-18)
(27.0161 2.86774 2.15976e-16)
(27.0054 2.83196 -6.65166e-18)
(26.9921 2.7963 0)
(26.9758 2.76061 -1.80423e-16)
(26.9563 2.72462 1.76742e-16)
(26.9321 2.68843 0)
(26.9066 2.65396 1.57446e-16)
(26.1879 3.8598 2.12108e-17)
(26.1484 3.84408 0)
(26.1052 3.82119 0)
(26.0587 3.79054 -9.92763e-17)
(26.015 3.75388 2.93962e-16)
(25.9723 3.70996 2.10205e-16)
(25.9311 3.6595 0)
(25.8961 3.60713 9.56998e-16)
(25.8677 3.55561 1.7799e-15)
(25.8446 3.50655 -8.19103e-16)
(25.8263 3.4616 0)
(25.8123 3.42208 -7.21287e-18)
(25.8018 3.38757 -3.14951e-16)
(25.7939 3.35755 3.1819e-16)
(25.788 3.3317 3.51965e-16)
(25.7836 3.30914 -1.90748e-16)
(25.7802 3.28916 0)
(25.7777 3.27117 3.97972e-16)
(25.7757 3.25449 -9.06461e-16)
(25.7742 3.23849 3.07574e-16)
(25.7731 3.22256 -2.05672e-16)
(25.7724 3.20605 4.0782e-16)
(25.772 3.18816 -3.03403e-16)
(25.7722 3.16839 9.94413e-17)
(25.7731 3.14737 -5.2502e-17)
(25.7746 3.12615 1.03701e-16)
(25.7769 3.10511 0)
(25.7798 3.08422 1.35697e-17)
(25.7835 3.06345 1.63379e-18)
(25.7879 3.0428 0)
(25.7931 3.02226 2.77641e-17)
(25.7992 3.00181 5.58127e-17)
(25.8061 2.98139 -5.35901e-17)
(25.8141 2.96094 -1.11003e-16)
(25.8232 2.94031 2.20995e-16)
(25.8336 2.91932 -2.13414e-16)
(25.8458 2.89768 4.17065e-16)
(25.8603 2.87513 -5.98455e-16)
(25.8758 2.85295 4.19591e-18)
(26.2358 3.83729 3.48161e-18)
(26.2758 3.84482 6.65366e-18)
(26.3214 3.84808 -5.63598e-18)
(26.3689 3.84608 8.47631e-17)
(26.4147 3.839 -2.39231e-16)
(26.4621 3.82645 4.85117e-16)
(26.5089 3.80903 -4.09164e-16)
(26.5534 3.78765 -2.49936e-16)
(26.5963 3.76241 0)
(26.6368 3.73432 0)
(26.6747 3.70385 -7.90028e-16)
(26.7103 3.67115 6.52651e-19)
(26.7436 3.63675 -3.05021e-17)
(26.7747 3.60075 0)
(26.8038 3.56314 5.37755e-16)
(26.8309 3.52405 -1.19576e-15)
(26.856 3.48353 -6.47635e-16)
(26.879 3.44172 6.69308e-16)
(26.9 3.39881 0)
(26.9187 3.35512 0)
(26.9349 3.31115 -4.17631e-16)
(26.9486 3.26774 0)
(26.9596 3.22591 -2.12982e-16)
(26.968 3.18691 0)
(26.974 3.15103 -1.07534e-16)
(26.9782 3.11678 8.03964e-17)
(26.9809 3.08276 0)
(26.9821 3.04875 0)
(26.9817 3.01485 1.248e-16)
(26.9796 2.98105 -1.03035e-18)
(26.9759 2.94742 -1.94606e-16)
(26.9704 2.914 8.95439e-17)
(26.9631 2.88079 -3.62138e-16)
(26.9538 2.84777 2.64719e-16)
(26.9423 2.81483 -7.62075e-18)
(26.9282 2.7818 0)
(26.9113 2.74837 0)
(26.8902 2.71453 2.81495e-16)
(26.868 2.68222 -2.84885e-16)
(26.1978 3.82611 -2.36682e-17)
(26.1613 3.81171 5.85124e-17)
(26.1214 3.79045 0)
(26.0781 3.7619 3.13016e-16)
(26.0376 3.7274 0)
(25.9974 3.68594 7.97153e-16)
(25.9584 3.63811 2.47847e-16)
(25.9256 3.58838 8.25732e-16)
(25.8987 3.53906 -1.35085e-15)
(25.8762 3.4921 1.16237e-15)
(25.8581 3.44911 -1.28138e-15)
(25.8444 3.41126 1.87097e-17)
(25.834 3.3782 -1.10531e-15)
(25.8262 3.34945 -5.53145e-18)
(25.8203 3.3247 -5.3899e-18)
(25.816 3.30312 0)
(25.8126 3.28403 3.49838e-16)
(25.81 3.26686 -2.69406e-16)
(25.808 3.25097 9.35465e-17)
(25.8065 3.23574 1.84625e-16)
(25.8053 3.22059 0)
(25.8044 3.2049 -4.7534e-17)
(25.8039 3.18787 9.45725e-17)
(25.8039 3.16905 -9.43113e-17)
(25.8045 3.14903 -9.28177e-17)
(25.8057 3.12882 0)
(25.8076 3.1088 -2.31899e-17)
(25.8101 3.08893 0)
(25.8134 3.06921 -3.02713e-18)
(25.8173 3.0496 4.86829e-17)
(25.822 3.03011 -4.92049e-17)
(25.8274 3.01072 0)
(25.8337 2.99138 -1.46864e-16)
(25.8409 2.97201 5.99278e-19)
(25.8491 2.95248 -1.98142e-16)
(25.8587 2.9326 2.49112e-18)
(25.8698 2.91207 1.91074e-16)
(25.8831 2.8906 1.86872e-16)
(25.8974 2.86954 0)
(26.2417 3.8043 4.26941e-19)
(26.2785 3.81088 -1.43798e-18)
(26.3202 3.81331 0)
(26.3638 3.8107 -2.31646e-16)
(26.4058 3.80328 2.26739e-16)
(26.4493 3.79063 -2.9197e-16)
(26.4923 3.77337 0)
(26.5332 3.75239 6.8906e-16)
(26.5727 3.72771 -2.42966e-16)
(26.6099 3.70041 0)
(26.6447 3.67084 0)
(26.6775 3.63916 0)
(26.7083 3.60598 -4.29922e-16)
(26.737 3.57136 4.43841e-16)
(26.7639 3.53525 -5.10591e-16)
(26.7889 3.49777 5.75106e-16)
(26.8121 3.459 -5.28465e-16)
(26.8334 3.41907 1.62159e-17)
(26.8528 3.37818 -3.22063e-16)
(26.87 3.33662 3.26106e-16)
(26.885 3.29488 3.58175e-16)
(26.8976 3.25375 -5.59077e-16)
(26.9077 3.21423 3.96186e-16)
(26.9154 3.17748 9.6547e-17)
(26.921 3.14378 -9.49561e-17)
(26.9249 3.11171 7.11437e-17)
(26.9275 3.07991 -5.21326e-17)
(26.9287 3.0482 -4.48613e-17)
(26.9285 3.01665 -1.10442e-16)
(26.9268 2.98527 8.8077e-17)
(26.9236 2.95409 -3.84396e-17)
(26.919 2.92315 -2.47992e-16)
(26.9126 2.89244 3.29598e-16)
(26.9046 2.86192 7.70235e-17)
(26.8947 2.83146 -4.62831e-16)
(26.8825 2.80087 5.89213e-16)
(26.8679 2.76983 -2.84567e-16)
(26.8495 2.73819 0)
(26.8302 2.70793 0)
(26.2069 3.79421 -5.60824e-17)
(26.1733 3.78104 -3.31202e-17)
(26.1365 3.7613 -6.55865e-17)
(26.0965 3.73473 -6.72457e-16)
(26.0589 3.70226 1.50445e-16)
(26.0213 3.66312 -7.54279e-16)
(25.9845 3.61777 -2.22483e-16)
(25.9539 3.57058 -7.94512e-16)
(25.9282 3.5232 0)
(25.9061 3.47821 -1.00961e-15)
(25.8883 3.43708 1.96056e-15)
(25.8748 3.40082 9.13197e-16)
(25.8646 3.36911 -4.88197e-16)
(25.8569 3.34156 -5.42689e-16)
(25.8512 3.31785 5.57463e-16)
(25.8468 3.2972 3.03914e-16)
(25.8435 3.27895 -4.66333e-16)
(25.8409 3.26255 -4.85838e-16)
(25.8388 3.24739 7.84108e-17)
(25.8372 3.23287 2.46548e-16)
(25.8359 3.21845 -8.17175e-17)
(25.8349 3.20351 0)
(25.8342 3.1873 -1.66852e-16)
(25.834 3.16937 8.46786e-17)
(25.8343 3.15029 4.29526e-17)
(25.8352 3.13105 0)
(25.8367 3.112 -4.18581e-17)
(25.8389 3.09311 3.27564e-17)
(25.8417 3.07437 1.4014e-18)
(25.8452 3.05577 -2.15617e-17)
(25.8493 3.0373 8.86668e-17)
(25.8542 3.01893 -4.61887e-19)
(25.8599 3.00063 -1.33955e-16)
(25.8664 2.98232 4.09992e-18)
(25.8739 2.96386 -8.82764e-17)
(25.8826 2.94505 0)
(25.8927 2.92562 1.68667e-16)
(25.9049 2.90525 1.63005e-16)
(25.9181 2.88529 -1.58139e-16)
(26.247 3.77309 -1.3847e-18)
(26.2806 3.77879 9.31632e-18)
(26.3186 3.78047 3.60713e-17)
(26.3583 3.77733 2.55086e-16)
(26.3967 3.76966 -8.28891e-17)
(26.4364 3.75697 0)
(26.4758 3.73993 1.38647e-16)
(26.5132 3.71936 1.81554e-16)
(26.5495 3.69524 -4.44399e-16)
(26.5836 3.66879 0)
(26.6155 3.64006 -5.8304e-16)
(26.6457 3.60936 -3.46809e-16)
(26.6742 3.57739 3.59882e-16)
(26.7008 3.54409 4.12898e-16)
(26.7257 3.50939 -5.09543e-18)
(26.7488 3.47341 4.85657e-16)
(26.7702 3.43627 5.1883e-16)
(26.7898 3.3981 0)
(26.8077 3.35906 2.51541e-16)
(26.8235 3.31947 -9.20106e-18)
(26.8374 3.27978 -3.11775e-16)
(26.849 3.24076 0)
(26.8584 3.20335 0)
(26.8655 3.16866 0)
(26.8707 3.13695 -4.34155e-17)
(26.8744 3.10685 8.27252e-17)
(26.8768 3.07709 9.7857e-18)
(26.878 3.04746 -9.30564e-18)
(26.878 3.01805 7.91188e-17)
(26.8767 2.98884 -3.74405e-17)
(26.8741 2.95988 1.52534e-16)
(26.8701 2.93119 5.40769e-18)
(26.8647 2.90275 -1.45828e-16)
(26.8578 2.87451 -7.34359e-17)
(26.8492 2.84632 -2.70672e-16)
(26.8387 2.81797 6.53688e-16)
(26.8261 2.78912 -6.21729e-16)
(26.8101 2.75955 1.19464e-17)
(26.7934 2.73125 -2.20429e-16)
(26.2152 3.76401 2.13961e-17)
(26.1844 3.75198 -1.99794e-17)
(26.1507 3.73367 -1.99546e-16)
(26.1138 3.70899 2.65486e-16)
(26.0792 3.6784 -1.61513e-16)
(26.0439 3.64149 1.517e-16)
(26.0093 3.59845 0)
(25.9809 3.55372 0)
(25.9562 3.50801 1.3061e-15)
(25.9344 3.46486 3.30522e-16)
(25.9168 3.42552 -3.67696e-17)
(25.9037 3.39076 4.08177e-16)
(25.8938 3.36033 4.43792e-16)
(25.8862 3.3339 -4.80348e-16)
(25.8805 3.31117 -5.35356e-16)
(25.8761 3.29138 8.15871e-16)
(25.8727 3.2739 1.63794e-18)
(25.8701 3.25821 7.4752e-17)
(25.8679 3.24373 -3.74697e-18)
(25.8662 3.22989 7.32563e-17)
(25.8648 3.21614 7.749e-17)
(25.8636 3.20191 0)
(25.8628 3.18647 1.50613e-16)
(25.8623 3.16937 -7.27139e-17)
(25.8623 3.15118 0)
(25.8629 3.13285 0)
(25.8641 3.11471 5.7719e-17)
(25.8659 3.09676 1.98271e-17)
(25.8683 3.07896 -9.88858e-18)
(25.8713 3.06132 2.04425e-17)
(25.875 3.04382 8.0177e-17)
(25.8794 3.02644 -8.09961e-17)
(25.8845 3.00914 4.15966e-17)
(25.8904 2.99185 3.77605e-18)
(25.8972 2.97443 3.73769e-18)
(25.9051 2.95668 -1.59397e-16)
(25.9143 2.93832 -2.58586e-18)
(25.9255 2.91902 -1.5463e-16)
(25.9376 2.90015 3.06783e-18)
(26.2516 3.74356 0)
(26.282 3.74846 0)
(26.3164 3.74949 -6.19439e-17)
(26.3524 3.74591 0)
(26.3873 3.73804 1.68613e-16)
(26.4234 3.72538 0)
(26.4594 3.70863 -2.98761e-16)
(26.4934 3.68847 0)
(26.5268 3.66493 4.215e-16)
(26.5578 3.63945 0)
(26.587 3.61139 5.53212e-16)
(26.6151 3.58154 -3.0684e-16)
(26.6415 3.55077 9.5254e-16)
(26.6661 3.51877 -6.89365e-16)
(26.689 3.48537 -7.26898e-18)
(26.7102 3.4508 -4.05516e-16)
(26.73 3.41519 0)
(26.7481 3.37865 4.74654e-16)
(26.7645 3.34134 -5.28781e-16)
(26.7792 3.30356 2.64792e-16)
(26.7919 3.26577 3.76655e-18)
(26.8027 3.22869 -2.88814e-16)
(26.8114 3.19322 1.45818e-16)
(26.818 3.16042 0)
(26.8228 3.13052 -3.84433e-17)
(26.8263 3.10223 5.39732e-17)
(26.8287 3.07431 -4.49459e-17)
(26.8299 3.04658 9.20371e-18)
(26.8301 3.0191 1.02547e-16)
(26.8291 2.99187 3.4382e-17)
(26.827 2.96493 -2.05178e-16)
(26.8236 2.93828 6.85295e-17)
(26.8191 2.91189 6.69887e-17)
(26.8132 2.88571 2.48812e-16)
(26.8058 2.85959 -5.50775e-18)
(26.7968 2.83329 -4.72717e-16)
(26.7859 2.80647 1.15821e-16)
(26.7721 2.77883 1.16606e-17)
(26.7576 2.75238 4.1739e-16)
(26.2227 3.73541 1.12583e-17)
(26.1948 3.72445 -3.27033e-17)
(26.1642 3.7075 2.27524e-16)
(26.1303 3.68462 1.28282e-16)
(26.0986 3.6558 -6.40732e-16)
(26.0655 3.62105 -1.58191e-16)
(26.0331 3.58019 -1.1621e-15)
(26.0068 3.53792 0)
(25.9826 3.4933 -9.77489e-16)
(25.961 3.4519 -1.06815e-15)
(25.9439 3.41436 -6.53559e-16)
(25.9312 3.38103 -3.39129e-16)
(25.9215 3.35179 -4.01839e-16)
(25.9139 3.32641 4.33153e-16)
(25.9082 3.30459 -7.03632e-16)
(25.9037 3.28561 0)
(25.9002 3.26885 -1.31036e-16)
(25.8974 3.25383 -1.28034e-16)
(25.8952 3.23998 -4.02138e-16)
(25.8933 3.22676 5.37658e-16)
(25.8917 3.21365 -2.05135e-16)
(25.8904 3.20008 6.64669e-17)
(25.8894 3.18535 -3.37868e-16)
(25.8886 3.16904 2.69983e-16)
(25.8884 3.1517 0)
(25.8887 3.13423 0)
(25.8895 3.11697 -7.00462e-17)
(25.891 3.0999 0)
(25.893 3.08301 0)
(25.8956 3.06628 -1.43898e-16)
(25.8989 3.04971 2.17788e-16)
(25.9028 3.03329 -1.0887e-16)
(25.9073 3.01696 0)
(25.9127 3.00065 7.54648e-17)
(25.9188 2.98423 1.50384e-16)
(25.926 2.96751 -1.45925e-16)
(25.9345 2.95021 -2.81394e-16)
(25.9447 2.93197 2.76699e-16)
(25.9558 2.91419 1.28126e-16)
(26.2556 3.71559 0)
(26.283 3.71976 0)
(26.3138 3.72022 -3.89167e-17)
(26.3462 3.71628 4.24596e-17)
(26.3776 3.70832 -1.04899e-17)
(26.4103 3.69576 0)
(26.443 3.67939 0)
(26.4738 3.65966 -5.94392e-16)
(26.5046 3.63682 0)
(26.5324 3.61244 0)
(26.5594 3.58468 4.5429e-16)
(26.5858 3.55552 0)
(26.6102 3.526 -6.01816e-16)
(26.6328 3.49527 6.54367e-16)
(26.6537 3.46307 -3.46275e-16)
(26.6732 3.42979 1.05935e-15)
(26.6914 3.39559 3.74326e-16)
(26.7081 3.36054 0)
(26.7232 3.32482 -4.55324e-16)
(26.7368 3.28872 0)
(26.7486 3.25266 1.04384e-17)
(26.7586 3.21736 -2.53855e-16)
(26.7666 3.18367 -1.38433e-16)
(26.7728 3.15259 -6.34308e-17)
(26.7773 3.12434 0)
(26.7806 3.09767 -7.95576e-17)
(26.783 3.07141 2.78487e-17)
(26.7843 3.04539 -5.43099e-17)
(26.7846 3.01966 9.10597e-17)
(26.784 2.99423 9.10864e-17)
(26.7823 2.96911 -1.19265e-16)
(26.7795 2.9443 0)
(26.7757 2.91978 5.49848e-17)
(26.7707 2.89548 -1.07392e-16)
(26.7645 2.87125 -2.13855e-16)
(26.7568 2.84684 4.24484e-16)
(26.7475 2.82188 -2.98722e-16)
(26.7356 2.79606 1.83543e-16)
(26.7231 2.77133 -3.76353e-16)
(26.2297 3.70832 -1.60258e-17)
(26.2045 3.69836 -6.00308e-17)
(26.1768 3.68271 0)
(26.146 3.66158 0)
(26.1172 3.63442 6.21628e-16)
(26.0861 3.60183 -1.2194e-16)
(26.0559 3.56304 1.25036e-15)
(26.0318 3.52326 0)
(26.0075 3.47905 0)
(25.9861 3.43933 1.01152e-15)
(25.9695 3.40363 5.57701e-16)
(25.9572 3.37162 6.68998e-16)
(25.9475 3.34346 3.50533e-16)
(25.9399 3.31903 -7.85859e-16)
(25.934 3.29805 2.04928e-16)
(25.9294 3.27981 0)
(25.9257 3.26372 5.73346e-16)
(25.9228 3.24932 -3.49441e-16)
(25.9204 3.23606 3.03447e-16)
(25.9184 3.22342 -6.1266e-17)
(25.9167 3.2109 -3.07674e-16)
(25.9152 3.19795 -3.15694e-18)
(25.9139 3.1839 3.13212e-18)
(25.913 3.16834 0)
(25.9124 3.15179 -1.2323e-16)
(25.9124 3.13514 6.212e-17)
(25.913 3.11871 9.54436e-17)
(25.9141 3.10249 -3.15241e-17)
(25.9158 3.08646 3.02532e-17)
(25.918 3.07061 -3.91527e-19)
(25.9209 3.05494 -3.20051e-17)
(25.9243 3.03943 6.60399e-17)
(25.9284 3.02403 0)
(25.9332 3.00867 -1.32612e-16)
(25.9388 2.99322 2.02253e-16)
(25.9453 2.9775 0)
(25.953 2.96121 0)
(25.9624 2.94402 0)
(25.9726 2.92729 3.59435e-16)
(26.2586 3.69326 2.10201e-18)
(26.2834 3.69679 1.30981e-18)
(26.3114 3.69655 1.82325e-17)
(26.3408 3.69196 -2.00795e-17)
(26.3691 3.68337 -3.75526e-16)
(26.3985 3.6702 8.13995e-17)
(26.4277 3.65334 -2.52014e-16)
(26.4548 3.63296 8.12159e-16)
(26.4822 3.60991 -3.1724e-16)
(26.5052 3.58467 3.56758e-16)
(26.5294 3.55729 -1.11646e-15)
(26.5549 3.5302 0)
(26.5791 3.50314 0)
(26.6008 3.47437 0)
(26.6209 3.44381 6.31665e-16)
(26.6399 3.41208 -1.46514e-15)
(26.6575 3.37941 -2.67056e-17)
(26.6737 3.34585 0)
(26.6884 3.3116 4.79297e-16)
(26.7015 3.27695 0)
(26.713 3.24235 1.55045e-16)
(26.7227 3.20849 -1.5816e-18)
(26.7305 3.17621 1.6833e-16)
(26.7365 3.14646 8.59503e-17)
(26.7408 3.11948 0)
(26.744 3.09406 6.14069e-17)
(26.7463 3.06907 -4.84321e-18)
(26.7476 3.04436 0)
(26.7481 3.01994 -7.66835e-17)
(26.7475 2.99588 1.49921e-16)
(26.746 2.97216 -2.27895e-18)
(26.7436 2.94876 1.41464e-16)
(26.7402 2.92568 -1.43109e-16)
(26.7358 2.90284 5.00073e-18)
(26.7303 2.8801 2.57891e-16)
(26.7235 2.85719 -1.18027e-16)
(26.7152 2.83376 -1.09677e-16)
(26.7046 2.80944 2.19123e-16)
(26.6936 2.78621 -2.06345e-16)
(26.235 3.68663 2.12774e-17)
(26.2122 3.67732 7.33303e-17)
(26.187 3.66239 1.0609e-16)
(26.159 3.6422 4.27068e-17)
(26.1331 3.61575 0)
(26.1047 3.58419 0)
(26.0781 3.54625 -1.03484e-15)
(26.0578 3.50802 6.30365e-16)
(26.0343 3.4649 -1.41915e-15)
(26.0108 3.42761 8.68184e-16)
(25.9932 3.3941 -5.56049e-16)
(25.9803 3.36343 -3.01372e-16)
(25.97 3.33629 -3.67966e-16)
(25.9617 3.31273 1.34953e-17)
(25.9553 3.29249 -2.35062e-16)
(25.9503 3.27487 2.49621e-16)
(25.9464 3.25934 -3.97731e-16)
(25.9432 3.24545 0)
(25.9406 3.23267 2.17083e-16)
(25.9383 3.2205 -3.64568e-16)
(25.9364 3.20846 1.49483e-16)
(25.9347 3.19601 -4.51108e-16)
(25.9332 3.1825 3.77728e-16)
(25.932 3.16753 -1.50823e-16)
(25.9312 3.15162 -7.56433e-17)
(25.9309 3.13563 0)
(25.9312 3.11987 -7.96693e-17)
(25.932 3.10433 8.17784e-17)
(25.9334 3.08899 5.19207e-18)
(25.9354 3.07385 -2.14018e-17)
(25.9379 3.0589 1.69907e-16)
(25.9411 3.04413 -2.14832e-16)
(25.9448 3.02949 8.63122e-17)
(25.9492 3.01492 0)
(25.9543 3.00029 -2.57178e-16)
(25.9604 2.9854 3.37961e-16)
(25.9676 2.96999 1.61656e-16)
(25.9763 2.9537 1.56053e-16)
(25.9859 2.93792 -3.06877e-16)
(26.2609 3.6753 1.252e-18)
(26.2836 3.67825 -1.25084e-18)
(26.3092 3.67724 0)
(26.3358 3.67175 5.62449e-17)
(26.3613 3.66216 4.51716e-18)
(26.3875 3.64789 3.84073e-16)
(26.4129 3.62986 -3.86682e-16)
(26.4359 3.60816 2.40751e-16)
(26.4591 3.58421 -2.35477e-16)
(26.4763 3.55673 8.72942e-18)
(26.497 3.52914 1.32309e-15)
(26.5226 3.50531 -1.15096e-15)
(26.5477 3.48137 4.38e-16)
(26.5697 3.45495 0)
(26.59 3.42633 -1.10724e-17)
(26.6092 3.39639 -5.88727e-16)
(26.6272 3.36537 -1.09006e-15)
(26.6436 3.33333 3.92044e-16)
(26.6585 3.30048 -2.92043e-17)
(26.6717 3.26716 0)
(26.6832 3.23382 -2.4958e-16)
(26.6929 3.20117 2.68097e-16)
(26.7008 3.17003 -4.712e-18)
(26.7067 3.14137 1.42279e-16)
(26.7111 3.11542 0)
(26.7143 3.091 -1.79845e-17)
(26.7166 3.06703 4.43382e-18)
(26.718 3.04337 -8.88679e-19)
(26.7186 3.02001 6.74529e-17)
(26.7182 2.99705 -3.37639e-17)
(26.7168 2.97446 -6.56543e-17)
(26.7145 2.95221 0)
(26.7114 2.93029 -1.23673e-16)
(26.7073 2.90865 1.18337e-16)
(26.7022 2.88711 0)
(26.6958 2.86544 1.11713e-16)
(26.6882 2.84327 9.99543e-17)
(26.6784 2.82024 -1.87379e-16)
(26.6683 2.79831 3.70595e-16)
(26.2393 3.66917 1.31325e-17)
(26.2184 3.66025 2.49536e-17)
(26.1955 3.64567 -1.32714e-16)
(26.1703 3.62586 -3.89315e-17)
(26.1474 3.59949 3.87731e-16)
(26.1221 3.56836 -5.99145e-16)
(26.1003 3.53053 7.27325e-16)
(26.0848 3.49291 -4.5936e-16)
(26.0624 3.45039 1.31905e-15)
(26.0354 3.41614 -8.40836e-16)
(26.0152 3.38501 0)
(26.001 3.35582 5.99721e-16)
(25.9896 3.32977 0)
(25.9804 3.30709 0)
(25.9732 3.28755 -4.16862e-16)
(25.9677 3.27052 4.42049e-16)
(25.9633 3.25549 -2.37095e-16)
(25.9598 3.24205 4.9332e-16)
(25.9568 3.22969 -1.88893e-16)
(25.9543 3.21792 -1.31117e-16)
(25.9521 3.20627 2.64206e-16)
(25.9502 3.19423 -6.57608e-17)
(25.9484 3.18117 1.33455e-16)
(25.9469 3.16669 6.8778e-17)
(25.9458 3.15129 -1.3515e-16)
(25.9453 3.13583 6.96682e-17)
(25.9453 3.12061 3.62412e-17)
(25.9459 3.10562 -1.84075e-17)
(25.9471 3.09084 -4.57856e-18)
(25.9488 3.07628 0)
(25.9511 3.06193 -7.47235e-17)
(25.954 3.04778 -3.80745e-17)
(25.9575 3.03377 1.4773e-18)
(25.9616 3.01986 -1.50556e-16)
(25.9664 3.00591 2.2831e-16)
(25.9721 2.99173 -3.01792e-16)
(25.9789 2.97707 -1.88566e-18)
(25.9872 2.96158 0)
(25.9963 2.94661 0)
(26.263 3.65701 -2.42645e-20)
(26.2836 3.6594 2.89088e-18)
(26.3066 3.65767 -4.05297e-17)
(26.3304 3.65139 2.98981e-17)
(26.353 3.64095 -1.68783e-17)
(26.376 3.62582 -2.27899e-16)
(26.3977 3.60688 8.66147e-16)
(26.4169 3.5843 -1.78318e-16)
(26.4359 3.5598 0)
(26.4482 3.53076 -3.81266e-16)
(26.4653 3.50336 -1.13401e-15)
(26.4907 3.48243 6.49531e-16)
(26.5166 3.46104 3.09675e-17)
(26.5389 3.43651 -5.82153e-18)
(26.5592 3.40956 0)
(26.5786 3.3812 1.14919e-15)
(26.5967 3.35166 6.37078e-16)
(26.6133 3.321 3.37284e-16)
(26.6282 3.28947 -3.96995e-16)
(26.6415 3.2574 2.0961e-16)
(26.6531 3.22528 2.26544e-16)
(26.6628 3.1938 -7.34202e-18)
(26.6707 3.16379 -3.69953e-16)
(26.6766 3.13619 -1.21486e-16)
(26.681 3.11122 1.20407e-16)
(26.6843 3.08777 -1.53794e-17)
(26.6866 3.06478 2.95487e-17)
(26.688 3.04211 -4.41176e-17)
(26.6887 3.01976 1.12293e-16)
(26.6885 2.99782 -2.94668e-17)
(26.6872 2.97629 0)
(26.6851 2.95511 5.49385e-17)
(26.6823 2.93429 -2.13756e-16)
(26.6786 2.91376 1.03072e-16)
(26.6739 2.89336 0)
(26.6681 2.87286 0)
(26.661 2.8519 -9.31098e-17)
(26.652 2.83008 1.63359e-16)
(26.6427 2.80935 -7.76883e-18)
(26.2435 3.65137 -2.0929e-17)
(26.2247 3.64287 3.57919e-17)
(26.204 3.62871 -1.00526e-16)
(26.1817 3.6094 1.5817e-16)
(26.1617 3.58322 -9.79033e-17)
(26.1395 3.5528 7.62424e-16)
(26.1223 3.51515 4.06476e-16)
(26.1105 3.47819 4.77767e-16)
(26.0893 3.43676 -1.23068e-15)
(26.059 3.40507 0)
(26.0365 3.37592 -4.60553e-16)
(26.0209 3.34804 4.23987e-18)
(26.0086 3.32302 5.99126e-16)
(25.9986 3.30118 -3.33719e-16)
(25.9907 3.28234 1.92354e-16)
(25.9847 3.26589 -3.94076e-16)
(25.9799 3.25136 0)
(25.976 3.23837 3.2697e-16)
(25.9728 3.22643 5.70091e-17)
(25.97 3.21506 -2.89155e-16)
(25.9676 3.20382 -2.92608e-16)
(25.9654 3.1922 -1.40022e-18)
(25.9634 3.17959 2.36363e-16)
(25.9617 3.1656 6.08393e-17)
(25.9603 3.15074 1.80486e-16)
(25.9595 3.13582 -1.23091e-16)
(25.9593 3.12116 0)
(25.9597 3.10673 1.55964e-17)
(25.9606 3.09253 -1.60082e-17)
(25.9621 3.07856 6.46545e-17)
(25.9642 3.06482 3.27464e-17)
(25.9668 3.0513 -6.5819e-17)
(25.97 3.03795 1.98767e-16)
(25.9738 3.02471 -1.32175e-16)
(25.9783 3.01146 0)
(25.9837 2.99802 -1.30259e-16)
(25.99 2.98415 -1.26368e-16)
(25.9978 2.96948 2.49924e-16)
(26.0064 2.95537 0)
(26.265 3.63856 -1.11888e-18)
(26.2833 3.64041 5.82848e-18)
(26.3037 3.63804 3.1864e-17)
(26.3248 3.6311 -7.49566e-17)
(26.3444 3.61999 1.12956e-16)
(26.3641 3.60426 -1.06786e-16)
(26.3822 3.58468 -3.01284e-16)
(26.3979 3.56169 0)
(26.4129 3.5369 -3.44958e-16)
(26.4208 3.50715 1.25521e-15)
(26.4347 3.48007 4.96496e-16)
(26.4596 3.46155 6.22262e-16)
(26.4861 3.44221 3.44004e-17)
(26.5085 3.41925 -4.19677e-16)
(26.5287 3.3937 -8.88937e-16)
(26.548 3.36671 -5.47504e-16)
(26.5663 3.33848 2.53289e-16)
(26.5829 3.30907 -8.43038e-18)
(26.5978 3.27873 -3.27424e-16)
(26.6112 3.24783 0)
(26.6227 3.21685 -5.81597e-16)
(26.6325 3.18648 2.03097e-16)
(26.6403 3.15753 9.91552e-17)
(26.6463 3.13094 -1.52202e-16)
(26.6506 3.10694 5.09662e-17)
(26.6539 3.08445 4.98369e-17)
(26.6562 3.06245 6.29405e-18)
(26.6577 3.04081 -3.089e-17)
(26.6585 3.01954 -1.7113e-18)
(26.6584 2.99871 -1.72182e-18)
(26.6572 2.97833 0)
(26.6554 2.95832 1.40583e-16)
(26.6528 2.9387 4.18397e-17)
(26.6495 2.91939 -1.78235e-16)
(26.6452 2.90023 0)
(26.64 2.88098 -1.62924e-16)
(26.6336 2.86129 3.14129e-16)
(26.6253 2.84077 -7.33847e-16)
(26.6167 2.82141 2.90948e-16)
(26.2475 3.63342 0)
(26.2308 3.62537 -3.28954e-17)
(26.2126 3.61173 -4.19126e-17)
(26.193 3.59301 6.39668e-17)
(26.1759 3.56719 -6.32523e-16)
(26.1566 3.5378 -1.70423e-16)
(26.1439 3.50035 5.02305e-16)
(26.1347 3.46444 1.99388e-17)
(26.1146 3.424 -1.07234e-15)
(26.0817 3.39436 6.29533e-16)
(26.0568 3.36689 4.17044e-16)
(26.04 3.34018 2.35229e-17)
(26.0268 3.31611 -2.77941e-16)
(26.016 3.29508 0)
(26.0076 3.2769 -1.63307e-16)
(26.0011 3.26102 7.04221e-16)
(25.9959 3.24699 -4.59946e-16)
(25.9917 3.23444 -5.82173e-16)
(25.9883 3.22291 9.70186e-17)
(25.9853 3.21195 2.02825e-16)
(25.9827 3.20111 1.03468e-16)
(25.9803 3.18991 -1.58163e-16)
(25.978 3.17775 2.08437e-16)
(25.976 3.16427 0)
(25.9745 3.14995 -1.61391e-16)
(25.9734 3.13558 1.34916e-16)
(25.973 3.12148 0)
(25.9731 3.10763 -1.42667e-17)
(25.9738 3.09402 -8.84636e-18)
(25.9751 3.08065 -2.81773e-17)
(25.9769 3.06754 -5.72584e-17)
(25.9793 3.05465 5.74627e-17)
(25.9822 3.04195 0)
(25.9857 3.02939 0)
(25.9899 3.01686 0)
(25.9948 3.00416 0)
(26.0008 2.99107 1.10447e-16)
(26.0081 2.97724 -3.25172e-16)
(26.0162 2.96402 5.26466e-16)
(26.2668 3.61999 5.15227e-18)
(26.2828 3.62133 -2.6915e-18)
(26.3006 3.61841 0)
(26.3187 3.61096 0)
(26.3355 3.59938 0)
(26.352 3.58334 0)
(26.3667 3.56341 2.59313e-16)
(26.3792 3.54048 -4.99658e-16)
(26.3903 3.5157 2.09652e-17)
(26.3947 3.48614 -7.35298e-16)
(26.4057 3.45953 -5.70171e-17)
(26.4298 3.44291 0)
(26.4564 3.42511 -6.04548e-16)
(26.4787 3.40335 0)
(26.4987 3.37893 4.01415e-17)
(26.5179 3.35306 4.11899e-16)
(26.536 3.32593 0)
(26.5526 3.29759 -2.51275e-16)
(26.5675 3.26831 -2.73785e-16)
(26.5808 3.23846 1.62759e-17)
(26.5924 3.20852 -3.12841e-16)
(26.6021 3.17918 1.64575e-16)
(26.6099 3.15123 -8.95821e-17)
(26.6159 3.12557 8.62953e-17)
(26.6203 3.10243 -4.3181e-17)
(26.6236 3.08075 -7.19167e-20)
(26.6261 3.05954 2.13869e-17)
(26.6277 3.03869 4.1266e-17)
(26.6287 3.01822 4.1282e-17)
(26.6287 2.99815 -1.15786e-16)
(26.6277 2.97856 3.9051e-17)
(26.6261 2.95938 1.58428e-16)
(26.6239 2.9406 -1.94467e-16)
(26.6208 2.92216 0)
(26.617 2.90394 0)
(26.6122 2.88567 6.856e-17)
(26.6064 2.86703 0)
(26.599 2.84754 2.5621e-16)
(26.5915 2.82908 2.45783e-16)
(26.2515 3.61537 -3.30378e-18)
(26.2369 3.60779 0)
(26.2211 3.59477 1.05014e-16)
(26.2043 3.57675 0)
(26.1899 3.55149 1.38592e-16)
(26.1735 3.52345 6.78271e-16)
(26.1649 3.48618 5.47751e-16)
(26.1572 3.45185 -6.07244e-16)
(26.138 3.41215 2.38577e-17)
(26.1029 3.38404 5.7188e-16)
(26.0759 3.35795 -7.07342e-16)
(26.0579 3.33226 -4.35053e-16)
(26.044 3.30902 4.7392e-16)
(26.0326 3.28873 2.60759e-16)
(26.0237 3.27121 2.94617e-16)
(26.0168 3.25589 -4.59886e-16)
(26.0113 3.24235 8.40315e-17)
(26.0069 3.23025 8.73059e-17)
(26.0032 3.21913 3.96556e-16)
(26.0001 3.20856 -3.56031e-16)
(25.9972 3.19812 -4.65346e-17)
(25.9947 3.18734 -2.22562e-18)
(25.9923 3.17563 0)
(25.9901 3.16265 4.51344e-17)
(25.9883 3.14886 -1.39675e-16)
(25.987 3.13505 1.66031e-16)
(25.9864 3.12151 -4.80569e-17)
(25.9863 3.10824 -6.1019e-17)
(25.9868 3.09524 -1.39792e-17)
(25.9878 3.08249 5.02216e-17)
(25.9894 3.07002 1.00748e-16)
(25.9914 3.05779 -1.257e-16)
(25.9941 3.04579 9.97705e-17)
(25.9973 3.03394 5.00766e-17)
(26.0011 3.02214 -1.99209e-16)
(26.0057 3.01022 -2.445e-16)
(26.0112 2.99793 -1.99309e-18)
(26.018 2.98496 2.9143e-16)
(26.0255 2.97256 -3.90461e-18)
(26.2684 3.60139 -1.96367e-18)
(26.282 3.60226 1.97101e-18)
(26.2972 3.59889 1.99418e-17)
(26.3124 3.59108 -7.458e-17)
(26.3264 3.57925 -7.18278e-17)
(26.3398 3.5632 -2.24693e-17)
(26.3512 3.54326 -7.05907e-18)
(26.3608 3.52091 2.28206e-16)
(26.3684 3.49645 2.44744e-17)
(26.3701 3.46801 2.53371e-17)
(26.3786 3.44203 -3.70239e-16)
(26.4015 3.42674 0)
(26.4278 3.40994 2.73104e-16)
(26.4498 3.38902 -6.06619e-16)
(26.4695 3.36543 1.67143e-15)
(26.4883 3.34043 -1.48534e-15)
(26.5062 3.31418 -1.93971e-17)
(26.5227 3.28673 6.74299e-16)
(26.5375 3.25834 5.02992e-16)
(26.5507 3.22939 1.41993e-16)
(26.5622 3.20038 1.45371e-16)
(26.5719 3.17198 -2.90344e-16)
(26.5797 3.14501 1.41599e-16)
(26.5856 3.12035 -3.75798e-17)
(26.5899 3.09824 0)
(26.5931 3.07765 1.87671e-17)
(26.5955 3.05761 -2.69377e-17)
(26.5971 3.03801 -1.74457e-17)
(26.5981 3.01886 0)
(26.5982 3.00017 -6.12427e-17)
(26.5973 2.98201 3.30506e-17)
(26.5959 2.96426 -1.34057e-16)
(26.594 2.94691 2.98863e-16)
(26.5914 2.92989 -1.30078e-16)
(26.588 2.91305 0)
(26.5839 2.89614 -2.44926e-16)
(26.5787 2.87886 5.21385e-16)
(26.5719 2.86089 -1.2205e-16)
(26.5645 2.8442 -2.67854e-16)
(26.2553 3.59729 1.59737e-17)
(26.2429 3.59022 0)
(26.2294 3.57793 -1.5444e-16)
(26.2155 3.56071 5.18638e-17)
(26.2035 3.53629 -2.63104e-16)
(26.1899 3.50989 1.98162e-16)
(26.185 3.47281 -4.98203e-16)
(26.1775 3.44081 0)
(26.1592 3.40134 1.17099e-15)
(26.1226 3.37412 4.99612e-16)
(26.0938 3.34915 7.22804e-16)
(26.0747 3.32433 -7.40689e-16)
(26.0603 3.30182 4.34767e-16)
(26.0483 3.28219 -1.19063e-15)
(26.0389 3.26526 1.0272e-15)
(26.0318 3.25048 -4.00777e-16)
(26.0261 3.23744 -3.58516e-16)
(26.0216 3.2258 2.9589e-16)
(26.0177 3.21512 0)
(26.0144 3.20496 -3.80684e-17)
(26.0115 3.19492 0)
(26.0088 3.18456 -4.11088e-17)
(26.0062 3.1733 -3.92189e-17)
(26.0038 3.16082 -4.14869e-17)
(26.0018 3.14757 8.20303e-17)
(26.0003 3.1343 0)
(25.9994 3.12131 -2.16314e-17)
(25.9991 3.1086 3.7347e-17)
(25.9993 3.09616 -2.28622e-17)
(26.0001 3.084 6.48108e-17)
(26.0014 3.07213 -1.05765e-17)
(26.0032 3.06053 -1.08004e-16)
(26.0055 3.04919 1.08184e-16)
(26.0084 3.03804 4.43034e-17)
(26.0119 3.02699 -1.71475e-16)
(26.016 3.01587 2.14976e-16)
(26.0211 3.00448 -3.72286e-18)
(26.0274 2.99251 0)
(26.0345 2.98133 3.20516e-16)
(26.2698 3.5828 -2.6651e-18)
(26.2811 3.58325 -1.15396e-19)
(26.2935 3.57954 -1.73387e-17)
(26.306 3.57156 1.14494e-16)
(26.3171 3.55975 1.28467e-16)
(26.3276 3.544 -1.24341e-17)
(26.336 3.52445 1.79663e-16)
(26.3432 3.50322 -1.82243e-16)
(26.3475 3.47943 8.75897e-16)
(26.3476 3.45311 -1.33126e-16)
(26.3539 3.42788 -3.41163e-16)
(26.3753 3.41335 6.51651e-16)
(26.4007 3.39698 0)
(26.4221 3.37651 -5.09146e-16)
(26.4412 3.35344 1.10738e-15)
(26.4596 3.32901 -6.00053e-16)
(26.4771 3.30338 3.5142e-16)
(26.4933 3.2766 -7.51322e-16)
(26.5079 3.24892 4.00494e-16)
(26.521 3.22071 -2.18312e-16)
(26.5325 3.19242 1.07333e-16)
(26.5422 3.1647 -3.42294e-16)
(26.5501 3.1383 2.88306e-16)
(26.5563 3.11407 0)
(26.5609 3.09222 0)
(26.5645 3.07177 7.86387e-18)
(26.5673 3.05179 -7.51429e-18)
(26.5692 3.0322 2.30207e-17)
(26.5706 3.01306 0)
(26.5711 2.99429 0)
(26.5705 2.97609 1.15741e-16)
(26.5694 2.95838 -1.15051e-16)
(26.5677 2.94116 2.66154e-17)
(26.5654 2.92437 0)
(26.5622 2.9079 0)
(26.5584 2.89149 -1.03427e-16)
(26.5537 2.87479 -5.20712e-17)
(26.5481 2.85717 4.48665e-17)
(26.5428 2.84043 4.79228e-17)
(26.2589 3.57922 6.02446e-18)
(26.2486 3.57271 3.19641e-17)
(26.2375 3.56128 -3.75881e-17)
(26.2263 3.54499 -2.03432e-16)
(26.2166 3.52175 0)
(26.2059 3.49728 -2.76202e-17)
(26.2041 3.46048 4.09002e-16)
(26.1956 3.43176 -4.02971e-16)
(26.1781 3.39177 -7.34329e-16)
(26.1405 3.36466 -4.91814e-16)
(26.1103 3.34046 5.8751e-16)
(26.0905 3.31642 -9.74153e-16)
(26.0756 3.29463 -1.81459e-16)
(26.0634 3.27564 0)
(26.0537 3.25924 -1.08895e-16)
(26.0462 3.2449 -4.81613e-16)
(26.0403 3.23225 1.06495e-15)
(26.0356 3.221 -2.545e-16)
(26.0317 3.2107 -2.65051e-16)
(26.0283 3.20095 3.50009e-17)
(26.0252 3.19132 3.35881e-17)
(26.0224 3.18139 3.13775e-16)
(26.0197 3.1706 -2.42888e-16)
(26.0171 3.15864 0)
(26.0148 3.14594 1.06515e-16)
(26.0131 3.13326 -2.17046e-16)
(26.012 3.12087 2.65449e-17)
(26.0114 3.10879 3.71951e-17)
(26.0113 3.097 -5.69235e-19)
(26.0117 3.08549 0)
(26.0127 3.07427 5.63251e-17)
(26.0141 3.06333 9.43392e-17)
(26.016 3.05262 -3.38252e-16)
(26.0184 3.0421 1.86693e-16)
(26.0214 3.03167 -3.63606e-17)
(26.0251 3.02116 0)
(26.0296 3.01038 -7.46432e-17)
(26.0351 2.99898 0)
(26.0412 2.98794 1.40222e-16)
(26.2709 3.56425 -1.82329e-18)
(26.2799 3.56432 1.70553e-18)
(26.2897 3.56043 1.12126e-17)
(26.2994 3.5525 -7.47407e-17)
(26.308 3.54102 1.19419e-16)
(26.3157 3.52592 -1.09174e-16)
(26.3215 3.50725 -2.80932e-16)
(26.3265 3.48771 -2.92404e-16)
(26.328 3.46495 1.24029e-16)
(26.3276 3.44182 0)
(26.3322 3.41746 -2.46659e-16)
(26.3516 3.40307 0)
(26.3755 3.38656 8.90482e-16)
(26.396 3.36613 -7.67688e-16)
(26.4143 3.34323 -4.70737e-16)
(26.4319 3.31905 6.10477e-16)
(26.4489 3.29373 -4.49046e-16)
(26.4647 3.26733 9.20821e-16)
(26.479 3.24014 -4.81025e-16)
(26.4918 3.21259 9.32306e-17)
(26.503 3.1852 -9.63426e-17)
(26.5124 3.15863 -4.47635e-17)
(26.5199 3.13368 1.37879e-16)
(26.5255 3.11119 -2.29617e-17)
(26.5295 3.09131 0)
(26.5326 3.07303 2.44001e-17)
(26.535 3.05541 -2.74154e-17)
(26.5366 3.03829 0)
(26.5379 3.02163 -4.77969e-17)
(26.5383 3.00555 5.2026e-17)
(26.5377 2.99001 9.41794e-17)
(26.5369 2.97484 -9.37224e-17)
(26.5357 2.96002 -2.06673e-16)
(26.534 2.94548 2.52632e-18)
(26.5318 2.93108 2.89268e-18)
(26.5288 2.91662 2.17315e-16)
(26.525 2.90185 0)
(26.519 2.88676 -3.18401e-18)
(26.5118 2.87321 0)
(26.2622 3.56118 -1.68499e-17)
(26.254 3.55529 5.61717e-17)
(26.2453 3.54486 0)
(26.2366 3.52968 -1.08116e-17)
(26.2291 3.5081 3.65945e-16)
(26.2212 3.48578 -7.26885e-16)
(26.2215 3.44955 -3.28546e-16)
(26.2114 3.42525 0)
(26.1951 3.38383 6.60499e-16)
(26.1571 3.35587 -7.35683e-16)
(26.1258 3.33185 5.24806e-16)
(26.1052 3.30824 3.04675e-16)
(26.0901 3.2871 1.70307e-16)
(26.0779 3.26894 0)
(26.0681 3.25331 6.64271e-18)
(26.0604 3.23957 -5.0062e-17)
(26.0543 3.22734 5.24085e-17)
(26.0492 3.21635 0)
(26.0449 3.20627 -4.64096e-16)
(26.0412 3.1967 4.6844e-16)
(26.038 3.18729 -3.08329e-17)
(26.0349 3.1776 -3.03269e-16)
(26.0319 3.16711 -2.2501e-18)
(26.029 3.15549 1.50459e-16)
(26.0264 3.14318 2.63054e-16)
(26.0242 3.13091 -1.25394e-16)
(26.0226 3.11897 -4.39134e-19)
(26.0216 3.10737 2.41246e-17)
(26.0211 3.09613 -1.56319e-17)
(26.0211 3.08527 0)
(26.0216 3.07479 8.35838e-18)
(26.0226 3.0647 1.30055e-16)
(26.0242 3.05496 -2.27167e-16)
(26.0262 3.04553 9.6351e-17)
(26.0287 3.03631 3.29494e-17)
(26.0318 3.02715 -3.11984e-17)
(26.0358 3.01792 2.49165e-16)
(26.041 3.00839 5.68548e-17)
(26.0475 3.00041 -4.22242e-16)
(26.2718 3.54573 -3.49685e-18)
(26.2785 3.5455 2.60877e-18)
(26.2858 3.54159 -1.65043e-17)
(26.2929 3.53399 2.71866e-17)
(26.299 3.52321 -9.47281e-17)
(26.3043 3.50919 0)
(26.3081 3.492 -3.56832e-16)
(26.3112 3.47466 3.50633e-16)
(26.3107 3.45335 -2.14903e-16)
(26.3109 3.43456 -1.4455e-16)
(26.3138 3.41109 7.19127e-16)
(26.3307 3.39626 -2.85873e-16)
(26.3526 3.37905 3.5408e-16)
(26.3717 3.35821 -5.2155e-16)
(26.3889 3.3351 6.92879e-16)
(26.4056 3.31085 -1.09882e-16)
(26.4218 3.28554 -5.80687e-16)
(26.437 3.25911 5.84372e-16)
(26.4512 3.23174 1.99951e-16)
(26.4641 3.20378 -6.33157e-17)
(26.4758 3.17567 -2.91041e-16)
(26.4859 3.14802 1.02933e-16)
(26.4946 3.12156 3.06583e-16)
(26.5017 3.0971 -2.32777e-16)
(26.5073 3.0749 7.98852e-17)
(26.5116 3.05411 0)
(26.5151 3.03381 2.68637e-18)
(26.5177 3.01401 -3.17164e-17)
(26.5196 2.99501 5.90293e-17)
(26.5211 2.97605 -2.72179e-18)
(26.5211 2.95797 0)
(26.5205 2.94061 0)
(26.5194 2.92395 0)
(26.5176 2.90792 1.75431e-17)
(26.515 2.89241 -1.36011e-16)
(26.512 2.87712 -1.46903e-16)
(26.5085 2.86166 3.26631e-16)
(26.5056 2.84482 2.44646e-16)
(26.5041 2.82874 -5.58167e-16)
(26.2653 3.54318 6.25242e-18)
(26.2592 3.538 4.64885e-17)
(26.2527 3.52873 9.01972e-17)
(26.2463 3.51493 2.28048e-17)
(26.2408 3.49556 -6.73944e-16)
(26.2355 3.47551 4.71808e-16)
(26.2366 3.4405 2.98775e-16)
(26.2246 3.42196 0)
(26.2106 3.37796 0)
(26.1732 3.34841 -3.16007e-16)
(26.1412 3.32394 0)
(26.1195 3.29993 0)
(26.1034 3.27863 1.36231e-16)
(26.0904 3.26073 -6.38937e-16)
(26.0803 3.2458 6.72091e-16)
(26.0727 3.23302 8.96939e-17)
(26.0667 3.2218 -3.78103e-16)
(26.0616 3.21174 7.69468e-16)
(26.0572 3.2024 -7.65831e-16)
(26.0531 3.19342 4.00865e-16)
(26.0493 3.18447 0)
(26.0457 3.17518 3.94622e-17)
(26.0421 3.16507 0)
(26.0385 3.15385 -2.72504e-17)
(26.0352 3.14194 9.34148e-17)
(26.0323 3.13005 8.5712e-19)
(26.0299 3.11843 -6.1338e-17)
(26.028 3.10705 -5.87782e-17)
(26.0265 3.09592 -2.79559e-17)
(26.0255 3.08502 -2.81912e-17)
(26.025 3.07438 -4.2895e-17)
(26.025 3.06399 1.35221e-17)
(26.0255 3.05384 -1.43631e-17)
(26.0265 3.04391 1.12529e-16)
(26.0281 3.03413 1.34204e-17)
(26.0303 3.02437 2.8264e-17)
(26.033 3.01435 0)
(26.0361 3.00361 -5.47226e-17)
(26.0388 2.99207 -4.03618e-16)
(26.2724 3.52722 -3.34892e-18)
(26.2769 3.52676 3.72514e-18)
(26.2818 3.52305 7.58057e-18)
(26.2866 3.51611 1.51047e-17)
(26.2905 3.50646 1.32517e-16)
(26.2938 3.49401 -2.31425e-16)
(26.2961 3.47902 2.88712e-16)
(26.2979 3.46428 1.89151e-16)
(26.2965 3.44505 -9.21819e-17)
(26.298 3.43188 0)
(26.299 3.40897 5.53172e-17)
(26.313 3.39323 -8.70425e-16)
(26.3321 3.37487 7.26236e-16)
(26.3493 3.35311 -1.31544e-16)
(26.3651 3.32927 -5.56321e-16)
(26.3806 3.30457 6.40448e-16)
(26.3955 3.27926 -7.49019e-17)
(26.4095 3.25349 1.89352e-16)
(26.4222 3.22758 -4.31919e-16)
(26.4337 3.20194 5.67722e-17)
(26.4437 3.17706 -2.55099e-17)
(26.452 3.15359 -2.00468e-16)
(26.4583 3.13226 3.3196e-16)
(26.4626 3.11377 -1.53029e-16)
(26.4658 3.09803 5.96168e-17)
(26.4685 3.08381 0)
(26.4707 3.07027 -7.52339e-18)
(26.4726 3.0571 6.67615e-18)
(26.4745 3.04395 -1.47968e-18)
(26.475 3.03219 7.95492e-18)
(26.4751 3.02061 1.16242e-16)
(26.4752 3.00906 -1.15897e-16)
(26.4752 2.99759 7.59488e-18)
(26.475 2.9862 -8.63812e-18)
(26.4745 2.9748 -1.58215e-17)
(26.4732 2.9633 0)
(26.4707 2.95161 1.71506e-16)
(26.4644 2.94061 -1.70331e-16)
(26.4551 2.93125 0)
(26.2681 3.5252 -1.25326e-19)
(26.2639 3.52082 0)
(26.2596 3.51288 -6.68524e-17)
(26.2553 3.50083 1.49571e-16)
(26.2515 3.48425 3.16351e-16)
(26.248 3.46651 -2.58808e-16)
(26.2484 3.43415 0)
(26.2357 3.42277 4.0809e-16)
(26.2252 3.37427 -1.36681e-15)
(26.1891 3.34281 1.30928e-15)
(26.1569 3.31816 0)
(26.1343 3.29403 9.88871e-16)
(26.1165 3.2722 -1.18042e-15)
(26.1011 3.25323 0)
(26.0886 3.23701 4.14954e-17)
(26.079 3.22315 -6.69457e-16)
(26.0718 3.21135 9.29355e-16)
(26.0664 3.20126 -3.12924e-16)
(26.062 3.19234 3.22651e-16)
(26.058 3.18406 3.14414e-18)
(26.0542 3.17594 -3.52021e-16)
(26.0503 3.16749 -2.25013e-17)
(26.0462 3.15814 0)
(26.0419 3.14763 0)
(26.0378 3.13655 -1.72993e-16)
(26.0342 3.12576 1.79475e-16)
(26.0312 3.11559 -5.85029e-18)
(26.0289 3.10604 2.95998e-18)
(26.027 3.09708 -3.73381e-19)
(26.0257 3.08872 0)
(26.0249 3.0809 -6.32962e-18)
(26.0245 3.0736 7.61537e-17)
(26.0244 3.06674 9.37732e-17)
(26.0247 3.06022 -1.8775e-16)
(26.0254 3.05395 -1.2173e-17)
(26.0266 3.04785 0)
(26.0288 3.04206 -3.58705e-16)
(26.0335 3.03682 8.85722e-18)
(26.0415 3.03549 1.08997e-17)
(26.2728 3.50866 0)
(26.2754 3.50807 -5.37912e-18)
(26.2781 3.5048 4.3801e-18)
(26.2808 3.4989 -1.40213e-17)
(26.283 3.49085 9.54362e-17)
(26.2848 3.48057 -1.10619e-16)
(26.2861 3.46853 -1.26559e-16)
(26.287 3.45676 1.52779e-16)
(26.2858 3.44091 -7.37007e-17)
(26.2883 3.43446 0)
(26.2875 3.41133 -4.99031e-17)
(26.2984 3.3942 4.1392e-17)
(26.3142 3.37444 -5.5168e-17)
(26.3287 3.3516 3.30227e-16)
(26.3427 3.32645 -7.24868e-16)
(26.3573 3.29959 7.71497e-16)
(26.3722 3.27096 -1.36416e-16)
(26.3869 3.24061 -2.06509e-16)
(26.4013 3.2089 0)
(26.415 3.17632 3.27095e-16)
(26.428 3.14343 -3.09317e-16)
(26.4404 3.11093 -2.42536e-17)
(26.4519 3.07956 -8.74557e-17)
(26.462 3.05025 9.48562e-17)
(26.4698 3.0235 5.22782e-17)
(26.4755 2.99877 -5.49545e-17)
(26.48 2.97477 1.33488e-18)
(26.4836 2.95184 -1.23263e-17)
(26.486 2.93103 -3.29406e-18)
(26.4896 2.90858 -7.27669e-18)
(26.4905 2.88821 1.20044e-16)
(26.4902 2.8692 -1.19788e-16)
(26.4894 2.85132 -6.95466e-18)
(26.4879 2.83441 2.29617e-16)
(26.4859 2.81834 -1.42739e-18)
(26.4838 2.80267 -2.31725e-16)
(26.4822 2.78695 9.92039e-18)
(26.4848 2.76869 -3.45947e-17)
(26.4909 2.75204 1.83288e-17)
(26.2703 3.50716 2.07284e-17)
(26.2679 3.50369 4.40269e-17)
(26.2655 3.49729 -8.14198e-17)
(26.263 3.48744 7.48819e-17)
(26.2607 3.47419 7.69409e-17)
(26.2587 3.45907 0)
(26.258 3.43206 9.47655e-17)
(26.2469 3.42846 -7.03842e-17)
(26.2394 3.37264 3.84298e-16)
(26.2028 3.33666 -1.51117e-15)
(26.1691 3.31064 4.07288e-16)
(26.1454 3.2882 7.22135e-16)
(26.1275 3.26981 1.51228e-16)
(26.1122 3.2541 -1.29622e-15)
(26.0988 3.23964 -1.84177e-17)
(26.087 3.22568 5.10814e-16)
(26.0765 3.2121 5.33012e-16)
(26.0677 3.19913 -5.74942e-16)
(26.0604 3.18678 0)
(26.0545 3.17497 -3.06038e-16)
(26.0498 3.1635 3.07191e-16)
(26.0457 3.15207 1.86235e-17)
(26.0417 3.14023 -3.28794e-16)
(26.0371 3.12766 3.19123e-16)
(26.0319 3.11441 -1.4443e-18)
(26.0267 3.10097 8.95768e-17)
(26.0219 3.08761 -7.91991e-17)
(26.0178 3.07441 -2.70151e-18)
(26.0144 3.06143 3.40517e-19)
(26.0116 3.04874 8.93469e-17)
(26.0096 3.03639 -1.84845e-16)
(26.0083 3.02447 -8.55082e-17)
(26.0079 3.01301 1.8056e-16)
(26.0082 3.00203 4.72034e-18)
(26.0091 2.99146 0)
(26.0104 2.98113 3.57772e-16)
(26.0112 2.97037 -3.54949e-16)
(26.009 2.95815 3.59045e-16)
(26.0028 2.94211 -3.81035e-16)
(26.2731 3.48964 7.44792e-18)
(26.2744 3.48909 -1.24918e-19)
(26.2757 3.48663 3.71634e-17)
(26.2769 3.48234 -3.80861e-17)
(26.2777 3.47658 -3.21742e-17)
(26.2782 3.46934 0)
(26.2784 3.46113 -5.31212e-17)
(26.2782 3.45299 0)
(26.2771 3.44257 0)
(26.2795 3.44222 0)
(26.2781 3.41892 -7.56106e-18)
(26.2871 3.39947 -3.62989e-17)
(26.2997 3.37721 3.7127e-16)
(26.3106 3.35419 4.6606e-17)
(26.3202 3.33161 -1.87933e-16)
(26.3297 3.30991 -2.38986e-16)
(26.3391 3.2888 0)
(26.3484 3.26823 3.42317e-17)
(26.3574 3.24836 0)
(26.3657 3.22959 -1.9694e-16)
(26.3729 3.21242 1.88293e-16)
(26.3782 3.19757 0)
(26.3812 3.18554 0)
(26.3825 3.17634 0)
(26.384 3.16918 -2.19175e-17)
(26.3867 3.16212 2.4343e-17)
(26.3895 3.15574 -1.22037e-18)
(26.3919 3.14876 9.70297e-18)
(26.3954 3.13959 -6.57339e-17)
(26.3958 3.13753 9.51222e-17)
(26.3967 3.13237 -4.45978e-17)
(26.3982 3.12555 8.75972e-17)
(26.3999 3.11858 -8.74113e-17)
(26.4016 3.11166 -8.682e-17)
(26.4031 3.10459 8.63869e-17)
(26.4037 3.09747 0)
(26.4024 3.09029 -1.52925e-16)
(26.3931 3.08598 3.4977e-17)
(26.3785 3.08098 1.68432e-16)
(26.2717 3.48868 -7.83848e-18)
(26.2705 3.48631 6.58837e-17)
(26.2694 3.48187 -2.02471e-17)
(26.2684 3.47497 -2.91578e-16)
(26.2678 3.46583 1.63278e-16)
(26.2677 3.45463 0)
(26.2679 3.43658 -8.61856e-17)
(26.2615 3.43855 6.37658e-17)
(26.2553 3.37583 7.26656e-17)
(26.2148 3.32706 1.23412e-16)
(26.1745 3.28786 1.3442e-16)
(26.1434 3.2575 5.7845e-16)
(26.1207 3.23767 -7.35415e-16)
(26.1053 3.2267 0)
(26.0962 3.22162 4.3949e-16)
(26.0913 3.21961 -4.0558e-16)
(26.0882 3.21893 1.41133e-17)
(26.0851 3.21857 4.0081e-16)
(26.081 3.2178 -7.52405e-19)
(26.0759 3.21632 -4.06267e-16)
(26.0699 3.2138 4.36815e-18)
(26.0633 3.21009 2.0002e-16)
(26.0566 3.2048 -2.03712e-16)
(26.0513 3.19811 0)
(26.048 3.19143 -8.16624e-18)
(26.0461 3.18591 0)
(26.0448 3.18152 0)
(26.0438 3.17787 0)
(26.0432 3.17487 2.72761e-17)
(26.0428 3.17235 2.76891e-17)
(26.0427 3.17025 5.26373e-17)
(26.0427 3.16842 -1.07906e-16)
(26.0428 3.16676 0)
(26.0428 3.16515 -2.22928e-16)
(26.0431 3.16365 2.07507e-16)
(26.0445 3.16246 -2.09215e-16)
(26.0485 3.16227 5.69765e-18)
(26.0608 3.16449 1.98821e-16)
(26.0806 3.17325 -9.90272e-18)
(26.2732 3.46935 -1.47876e-19)
(26.2738 3.46909 6.30103e-18)
(26.2744 3.46808 -4.20093e-17)
(26.2747 3.46636 1.52753e-16)
(26.2748 3.46407 -8.92149e-17)
(26.2744 3.46125 -1.25389e-16)
(26.2737 3.45815 3.61816e-16)
(26.2727 3.45501 -2.07915e-16)
(26.2713 3.4516 1.07856e-16)
(26.272 3.45318 -8.34517e-17)
(26.2684 3.43308 6.64179e-18)
(26.2749 3.41259 0)
(26.2864 3.3828 -1.62235e-16)
(26.299 3.34755 1.84732e-16)
(26.3122 3.30843 0)
(26.3262 3.26626 0)
(26.3409 3.2213 0)
(26.3565 3.17392 2.84436e-16)
(26.373 3.12461 -1.27832e-16)
(26.3907 3.0741 -1.66592e-16)
(26.41 3.0234 0)
(26.4307 2.97412 1.36699e-16)
(26.4517 2.92804 -2.94415e-16)
(26.4701 2.887 1.57918e-16)
(26.4831 2.85138 0)
(26.4921 2.81851 -1.27678e-18)
(26.4998 2.78789 0)
(26.5068 2.75821 -7.07727e-18)
(26.5176 2.72774 -9.82579e-17)
(26.527 2.70371 2.12324e-16)
(26.5267 2.67954 -1.12356e-16)
(26.5282 2.65663 0)
(26.5316 2.63479 2.2605e-16)
(26.5343 2.61406 -4.50612e-16)
(26.5359 2.5943 2.24237e-16)
(26.5379 2.57489 4.57721e-16)
(26.5422 2.55525 -4.53556e-16)
(26.5559 2.53369 4.46254e-18)
(26.5777 2.5155 0)
(26.2726 3.46901 4.68867e-17)
(26.2721 3.46811 7.88046e-17)
(26.2717 3.46641 -2.07931e-16)
(26.2717 3.46375 1.33854e-16)
(26.2721 3.46024 -2.12386e-16)
(26.2734 3.45568 1.73794e-16)
(26.2756 3.4495 -1.82237e-16)
(26.2752 3.45133 3.72753e-16)
(26.2726 3.39953 -4.69202e-16)
(26.2384 3.34646 6.27008e-17)
(26.2002 3.29035 0)
(26.164 3.23579 5.61731e-16)
(26.1304 3.18754 -1.27478e-15)
(26.1005 3.14697 7.55456e-16)
(26.0771 3.11384 1.00035e-15)
(26.0612 3.08667 -4.93258e-16)
(26.0525 3.06405 2.73516e-17)
(26.05 3.04462 -1.22728e-15)
(26.0521 3.02712 6.28094e-16)
(26.0573 3.0106 0)
(26.0642 2.99426 -3.91648e-18)
(26.0716 2.97731 -3.21738e-16)
(26.0777 2.95884 3.2408e-16)
(26.0798 2.93861 3.34921e-16)
(26.0775 2.91788 -5.08288e-16)
(26.0743 2.89798 1.73803e-16)
(26.0726 2.87921 0)
(26.0723 2.86151 0)
(26.073 2.84486 0)
(26.0746 2.82923 9.65056e-17)
(26.0772 2.81461 1.00206e-16)
(26.0809 2.80092 -1.95568e-16)
(26.0856 2.78804 0)
(26.091 2.77574 4.47675e-18)
(26.0966 2.76378 -3.88927e-16)
(26.101 2.75169 3.90206e-16)
(26.1021 2.73926 -3.96782e-16)
(26.0918 2.7253 1.21047e-15)
(26.073 2.71593 -8.17365e-16)
(12.769 0.492281 2.92406e-17)
(10.5172 0.281474 -1.8467e-18)
(11.0829 0.0916631 -5.23781e-17)
(12.9557 -0.0470658 0)
(15.2921 -0.125457 0)
(17.7833 -0.169111 -2.7959e-18)
(20.2266 -0.195556 0)
(22.3223 -0.221682 0)
(23.6944 -0.256013 0)
(24.2157 -0.298551 0)
(24.2776 -0.347829 -1.06365e-17)
(24.3258 -0.400462 0)
(24.4674 -0.445154 0)
(24.6582 -0.476723 0)
(24.8499 -0.49433 4.27166e-17)
(25.0252 -0.499359 0)
(25.1862 -0.493446 1.80311e-17)
(25.3389 -0.47748 -1.71605e-17)
(25.4865 -0.452165 0)
(25.6297 -0.418279 0)
(25.7678 -0.37674 0)
(25.9005 -0.327837 0)
(26.0272 -0.272848 0)
(26.1481 -0.211787 2.44757e-17)
(26.263 -0.145785 0)
(26.372 -0.075008 0)
(26.4751 -0.000133298 0)
(26.5723 0.0786207 0)
(26.6635 0.160847 0)
(26.7488 0.24613 -3.10272e-17)
(26.8281 0.334142 0)
(26.9015 0.424386 0)
(26.9689 0.516548 2.7395e-17)
(27.0303 0.610294 0)
(27.0858 0.705238 0)
(27.1353 0.801049 0)
(27.1788 0.897393 0)
(27.2165 0.993862 0)
(27.2482 1.09013 -2.59871e-17)
(27.2743 1.18578 0)
(27.2947 1.28051 8.34235e-17)
(27.3096 1.37388 -1.64169e-16)
(27.3193 1.4656 0)
(27.3238 1.55532 0)
(27.3236 1.64271 0)
(27.3188 1.72752 0)
(27.3098 1.80948 1.37227e-16)
(27.2969 1.88838 0)
(27.2804 1.96403 3.02333e-17)
(27.2606 2.03629 0)
(27.2379 2.10507 0)
(27.2126 2.17028 2.03595e-16)
(27.1851 2.23189 1.6808e-17)
(27.1556 2.2899 -1.44045e-17)
(27.1244 2.34434 0)
(27.092 2.39527 0)
(27.0584 2.44276 0)
(27.024 2.48691 -1.51263e-17)
(26.989 2.52782 2.32634e-16)
(26.9537 2.56563 0)
(26.9181 2.60047 -4.04858e-16)
(26.8824 2.63248 0)
(26.847 2.66179 0)
(26.8119 2.68857 0)
(26.7774 2.71295 0)
(26.7438 2.73514 2.40033e-16)
(26.7112 2.75512 0)
(26.683 2.77085 6.94111e-18)
(26.6587 2.78374 0)
(26.6341 2.79543 -3.78651e-16)
(26.6089 2.80858 0)
(26.5849 2.81643 -5.93786e-18)
(26.5581 2.83348 0)
(26.5384 2.82843 0)
(26.5059 2.86542 0)
(26.5026 2.81623 2.71829e-18)
(26.4488 2.92771 1.78504e-16)
(26.4933 2.73798 0)
(26.372 3.08184 -7.9235e-17)
(26.5875 2.50434 0)
(18.4406 1.20484 -2.65091e-17)
(21.2744 1.0807 0)
(22.3216 1.14814 1.50648e-18)
(22.8869 1.25232 0)
(23.1979 1.32917 0)
(23.3484 1.42199 1.96259e-18)
(23.4516 1.48911 0)
(23.5519 1.57041 0)
(23.6558 1.63763 0)
(23.7592 1.70323 0)
(23.861 1.76326 0)
(23.9605 1.8181 8.62809e-19)
(24.0576 1.86828 -6.37642e-19)
(24.1518 1.91369 0)
(24.243 1.95465 0)
(24.3309 1.99124 0)
(24.4153 2.02392 3.94057e-17)
(24.4961 2.05269 0)
(24.5731 2.07809 0)
(24.6463 2.10038 0)
(24.7157 2.11992 0)
(24.7811 2.13709 0)
(24.8428 2.15221 0)
(24.9007 2.1657 0)
(24.9549 2.17785 0)
(25.0056 2.18902 -8.30616e-19)
(25.0529 2.1995 0)
(25.097 2.20956 0)
(25.138 2.21946 6.54559e-17)
(25.1761 2.22941 0)
(25.2116 2.23961 0)
(25.2446 2.25022 0)
(25.2753 2.26139 0)
(25.3039 2.27322 -9.11118e-17)
(25.3307 2.28584 -2.20148e-18)
(25.3558 2.29931 0)
(25.3794 2.31369 4.2899e-18)
(25.4018 2.32902 0)
(25.4231 2.34533 0)
(25.4436 2.36262 -3.93651e-18)
(25.4633 2.38088 -1.14347e-16)
(25.4825 2.40006 0)
(25.5014 2.42013 -1.0013e-16)
(25.52 2.44102 6.43323e-18)
(25.5386 2.46263 0)
(25.5572 2.48488 1.63511e-16)
(25.576 2.50766 0)
(25.5951 2.53087 0)
(25.6145 2.55437 1.36892e-16)
(25.6342 2.57806 0)
(25.6545 2.6018 7.13923e-18)
(25.6751 2.62549 -2.12747e-16)
(25.6962 2.64901 0)
(25.7177 2.67224 -1.87648e-16)
(25.7394 2.69509 0)
(25.7612 2.71745 0)
(25.7831 2.73923 0)
(25.8049 2.76038 2.64312e-16)
(25.8264 2.78082 0)
(25.8478 2.80054 4.50633e-16)
(25.8689 2.81949 0)
(25.8898 2.83766 3.77703e-16)
(25.9101 2.85501 0)
(25.9297 2.87153 0)
(25.9482 2.88716 4.43135e-18)
(25.9654 2.90196 -3.80062e-18)
(25.9812 2.91582 -2.39416e-16)
(25.9939 2.92712 0)
(26.0038 2.93638 0)
(26.0134 2.94574 -2.27859e-16)
(26.0226 2.95503 -4.02925e-16)
(26.0314 2.96417 0)
(26.0399 2.97375 -3.10378e-16)
(26.046 2.98065 -2.71778e-16)
(26.052 2.99487 2.37793e-18)
(26.0414 2.98492 4.22149e-16)
(26.0458 3.03394 4.31639e-18)
(26.0018 2.93311 0)
(26.0894 3.17807 0)
(26.0705 2.7138 -8.80725e-16)
(18.3318 0.860951 -3.13943e-17)
(16.0285 0.651521 1.07497e-17)
(15.1481 0.45139 5.96759e-17)
(15.6754 0.309033 0)
(17.083 0.235048 0)
(18.9227 0.211473 3.67536e-17)
(20.9071 0.227611 0)
(22.7777 0.270819 0)
(24.2101 0.319811 -4.08549e-17)
(24.9087 0.351697 0)
(24.9806 0.359173 1.27907e-16)
(24.9233 0.354129 0)
(24.9636 0.348835 0)
(25.0683 0.343613 0)
(25.1835 0.337061 0)
(25.2889 0.32964 0)
(25.3854 0.322522 -2.49967e-17)
(25.4792 0.316847 1.97653e-17)
(25.5739 0.313678 0)
(25.67 0.313945 0)
(25.7667 0.318107 0)
(25.8633 0.327044 5.87923e-17)
(25.9588 0.340736 0)
(26.053 0.359975 -3.39877e-18)
(26.1453 0.384462 0)
(26.2356 0.414627 0)
(26.3233 0.450183 0)
(26.4082 0.491071 -1.29463e-17)
(26.4899 0.537002 0)
(26.5681 0.587708 -5.28937e-18)
(26.6425 0.642999 0)
(26.7128 0.702462 0)
(26.7789 0.765772 -2.68047e-17)
(26.8405 0.832572 0)
(26.8975 0.902413 0)
(26.9498 0.974906 5.19909e-17)
(26.9972 1.04964 0)
(27.0396 1.12616 0)
(27.0771 1.20407 -1.98144e-17)
(27.1094 1.28291 6.52063e-17)
(27.1368 1.36231 -1.70057e-17)
(27.1592 1.44178 2.9604e-16)
(27.1766 1.521 0)
(27.1892 1.59952 0)
(27.1972 1.67699 0)
(27.2007 1.75306 0)
(27.1999 1.8274 -1.37024e-16)
(27.1951 1.89973 0)
(27.1865 1.96979 2.96009e-17)
(27.1744 2.03735 0)
(27.159 2.10222 0)
(27.1407 2.16426 -2.00995e-17)
(27.1198 2.22334 1.89386e-16)
(27.0965 2.2794 -1.52363e-17)
(27.0712 2.33238 0)
(27.0441 2.38227 0)
(27.0155 2.42908 0)
(26.9857 2.47285 -1.68353e-17)
(26.9549 2.51365 -2.32198e-16)
(26.9233 2.55154 0)
(26.8912 2.58662 0)
(26.8587 2.61899 0)
(26.826 2.64876 3.02309e-16)
(26.7934 2.67607 0)
(26.7612 2.70103 -2.47563e-16)
(26.7295 2.72381 0)
(26.6987 2.74441 0)
(26.672 2.76066 8.58077e-18)
(26.6487 2.77406 0)
(26.6254 2.78612 1.86584e-16)
(26.6011 2.80005 0)
(26.5782 2.8079 -7.50172e-18)
(26.5521 2.8264 0)
(26.5334 2.82035 -1.95996e-16)
(26.5019 2.86029 0)
(26.4986 2.80809 6.42183e-18)
(26.4476 2.92501 -1.78263e-16)
(26.4884 2.72996 0)
(26.3762 3.08078 0)
(26.5811 2.50112 0)
(20.9731 1.0815 0)
(22.9791 1.0619 0)
(23.886 1.12949 1.22612e-17)
(24.2538 1.17146 0)
(24.398 1.20295 -2.68761e-17)
(24.4369 1.23568 2.15352e-17)
(24.4572 1.26549 0)
(24.4822 1.30253 0)
(24.5116 1.33808 0)
(24.5429 1.37767 0)
(24.5754 1.41845 0)
(24.6092 1.46056 2.06483e-17)
(24.644 1.50387 -1.7981e-17)
(24.6799 1.54781 0)
(24.7167 1.59206 0)
(24.7542 1.63627 0)
(24.7922 1.68012 -4.10472e-17)
(24.8307 1.72322 0)
(24.8693 1.7653 5.53797e-17)
(24.9079 1.80611 0)
(24.9463 1.84541 4.90841e-17)
(24.9844 1.88308 0)
(25.0219 1.91893 0)
(25.0587 1.95294 0)
(25.0947 1.9851 0)
(25.1296 2.01545 -8.05622e-17)
(25.1634 2.04403 0)
(25.1959 2.071 0)
(25.2272 2.09651 0)
(25.2572 2.12072 0)
(25.2858 2.14382 0)
(25.3131 2.16601 0)
(25.3391 2.1875 0)
(25.3638 2.20845 5.37123e-18)
(25.3873 2.22906 -8.46444e-17)
(25.4097 2.24949 0)
(25.431 2.2699 1.47996e-16)
(25.4515 2.29039 0)
(25.4711 2.3111 0)
(25.49 2.33209 -1.21303e-16)
(25.5084 2.35344 1.13547e-16)
(25.5263 2.37519 1.01484e-16)
(25.5439 2.39735 9.94452e-17)
(25.5613 2.41993 8.0761e-18)
(25.5785 2.4429 0)
(25.5958 2.46624 -1.62467e-16)
(25.6132 2.48989 0)
(25.6308 2.51379 -1.35783e-16)
(25.6486 2.53785 -1.26635e-16)
(25.6668 2.56201 0)
(25.6854 2.58616 8.40907e-18)
(25.7044 2.61022 2.11646e-16)
(25.7239 2.6341 0)
(25.7436 2.65769 0)
(25.7637 2.6809 0)
(25.7839 2.70365 -1.50315e-16)
(25.8041 2.72585 0)
(25.8243 2.74744 -5.19106e-16)
(25.8444 2.76836 -2.35527e-16)
(25.8643 2.78857 -2.22181e-16)
(25.8841 2.80804 0)
(25.9036 2.82675 -4.30123e-18)
(25.9227 2.84465 0)
(25.9411 2.86173 3.04975e-16)
(25.9585 2.87793 5.56462e-18)
(25.9747 2.89329 -4.79108e-18)
(25.9897 2.9077 2.31435e-16)
(26.0016 2.91949 1.43288e-16)
(26.0109 2.92916 0)
(26.0199 2.93897 2.27226e-16)
(26.0285 2.94873 3.96752e-16)
(26.0367 2.95833 0)
(26.0447 2.96848 3.02629e-16)
(26.0502 2.97572 2.65611e-16)
(26.0552 2.99091 2.47604e-18)
(26.0447 2.98057 -4.14684e-16)
(26.0465 3.03195 2.03614e-18)
(26.0071 2.92928 -3.63618e-16)
(26.0867 3.17826 0)
(26.0834 2.71691 8.78905e-16)
(21.0888 1.07641 -2.33813e-18)
(19.37 0.940694 2.23085e-18)
(18.1092 0.78616 -1.60316e-17)
(17.7272 0.650507 0)
(18.2592 0.562132 -1.13426e-17)
(19.4536 0.522856 0)
(21.0157 0.523518 0)
(22.6836 0.5539 0)
(24.1825 0.599309 1.01376e-17)
(25.1963 0.636773 0)
(25.535 0.646664 -6.70944e-17)
(25.4836 0.635787 0)
(25.4524 0.626829 0)
(25.5118 0.625247 0)
(25.5924 0.62668 0)
(25.6611 0.629381 0)
(25.7184 0.633482 -1.60476e-17)
(25.7717 0.639016 4.73503e-17)
(25.8257 0.646014 0)
(25.8817 0.654685 0)
(25.9396 0.664905 0)
(25.9989 0.676974 -5.46376e-17)
(26.0591 0.690885 0)
(26.1202 0.707138 -6.8497e-17)
(26.1818 0.725726 2.54006e-17)
(26.2439 0.747151 0)
(26.3062 0.771509 0)
(26.3683 0.799083 1.23848e-17)
(26.4299 0.829996 0)
(26.4906 0.864358 1.02273e-17)
(26.5501 0.902326 0)
(26.608 0.943847 0)
(26.664 0.988898 0)
(26.7177 1.0374 0)
(26.7688 1.08914 0)
(26.8169 1.14394 -5.12367e-17)
(26.8619 1.20154 0)
(26.9034 1.26161 0)
(26.9413 1.32386 -1.53218e-17)
(26.9753 1.38792 -6.47251e-17)
(27.0053 1.45344 -6.56666e-17)
(27.0312 1.52001 -2.37609e-16)
(27.0529 1.58729 0)
(27.0705 1.65488 0)
(27.0839 1.7224 1.05639e-16)
(27.0932 1.7895 -1.03772e-16)
(27.0984 1.85582 1.01228e-16)
(27.0999 1.92105 0)
(27.0975 1.98489 2.7001e-17)
(27.0917 2.04705 0)
(27.0826 2.1073 0)
(27.0703 2.16543 -1.88554e-17)
(27.0552 2.22126 0)
(27.0376 2.27466 -1.60308e-16)
(27.0176 2.3255 0)
(26.9955 2.37373 0)
(26.9717 2.41929 0)
(26.9462 2.46216 -4.56352e-16)
(26.9195 2.50236 2.03197e-16)
(26.8917 2.5399 0)
(26.863 2.57484 0)
(26.8336 2.60724 0)
(26.8037 2.63718 -3.01686e-16)
(26.7737 2.66477 0)
(26.7438 2.69007 2.4706e-16)
(26.7142 2.71327 0)
(26.6852 2.73434 0)
(26.66 2.75098 8.63817e-18)
(26.638 2.76482 0)
(26.6157 2.77715 1.74531e-16)
(26.5926 2.79179 3.00623e-16)
(26.5707 2.79959 -7.68808e-18)
(26.5458 2.81941 0)
(26.5276 2.81246 1.95663e-16)
(26.4979 2.85502 0)
(26.4935 2.80032 2.92091e-16)
(26.4473 2.9218 0)
(26.4815 2.72272 0)
(26.3822 3.07895 0)
(26.5711 2.49835 0)
(22.7322 1.19273 1.31563e-17)
(24.1066 1.23649 0)
(24.8254 1.29129 3.27897e-18)
(25.0608 1.32541 0)
(25.1174 1.35781 2.51486e-17)
(25.1216 1.38699 7.06248e-18)
(25.1241 1.41627 0)
(25.1304 1.44568 -1.63021e-17)
(25.1376 1.47395 1.57244e-17)
(25.1447 1.50259 0)
(25.1517 1.53044 0)
(25.1587 1.55828 1.0488e-17)
(25.1659 1.58595 -9.79171e-18)
(25.1733 1.61355 2.6168e-17)
(25.1811 1.64116 0)
(25.1894 1.66891 0)
(25.1983 1.69675 2.32547e-17)
(25.2078 1.72488 0)
(25.218 1.75312 -5.42908e-17)
(25.229 1.78161 0)
(25.2408 1.81024 -8.74988e-17)
(25.2535 1.83901 0)
(25.2669 1.8678 0)
(25.2811 1.89654 -6.78175e-17)
(25.296 1.92516 0)
(25.3115 1.95354 6.12375e-17)
(25.3276 1.98159 0)
(25.3442 2.00925 0)
(25.3611 2.03645 0)
(25.3783 2.06314 0)
(25.3957 2.0893 0)
(25.4131 2.11494 0)
(25.4304 2.14009 0)
(25.4476 2.16477 6.54224e-18)
(25.4646 2.18907 7.34859e-17)
(25.4814 2.21303 -6.91865e-17)
(25.498 2.23674 -1.30201e-16)
(25.5142 2.26029 0)
(25.5302 2.28374 0)
(25.546 2.30718 0)
(25.5616 2.33066 -1.01635e-16)
(25.577 2.35423 -1.00718e-16)
(25.5922 2.37794 0)
(25.6075 2.40181 1.76667e-16)
(25.6227 2.42584 0)
(25.6381 2.45004 0)
(25.6536 2.47437 -1.37984e-16)
(25.6693 2.49881 5.90724e-18)
(25.6854 2.52331 5.34499e-18)
(25.7018 2.54782 0)
(25.7185 2.57227 2.18332e-16)
(25.7358 2.59659 -1.95166e-16)
(25.7534 2.62071 0)
(25.7714 2.64455 0)
(25.7897 2.66801 0)
(25.8081 2.69104 2.94333e-16)
(25.8267 2.71354 0)
(25.8452 2.73546 5.01901e-16)
(25.8637 2.75674 6.71817e-18)
(25.8821 2.77734 0)
(25.9005 2.79724 0)
(25.9186 2.81639 -4.46873e-18)
(25.9365 2.83476 0)
(25.9536 2.85232 -3.04007e-16)
(25.9699 2.86902 5.8075e-18)
(25.985 2.88489 -5.00788e-18)
(25.9989 2.89981 -2.308e-16)
(26.01 2.91205 -2.53358e-18)
(26.0186 2.9221 0)
(26.0269 2.93233 -2.19565e-16)
(26.0349 2.94253 -3.89851e-16)
(26.0426 2.95257 -3.40088e-16)
(26.0498 2.96325 -3.01946e-16)
(26.0549 2.9709 -3.35225e-18)
(26.0586 2.98685 2.61658e-18)
(26.0486 2.97657 4.82075e-18)
(26.0467 3.02937 3.26463e-16)
(26.0141 2.92659 3.63046e-16)
(26.0825 3.17722 0)
(26.099 2.72024 0)
(22.5822 1.24681 -4.77054e-19)
(21.2723 1.16618 4.38423e-19)
(20.0552 1.06551 0)
(19.2471 0.963307 0)
(19.0833 0.883928 7.77049e-19)
(19.5973 0.842863 0)
(20.6407 0.842032 0)
(21.9978 0.874887 0)
(23.4351 0.930054 1.16992e-18)
(24.684 0.989145 0)
(25.4533 1.02693 4.30388e-17)
(25.6628 1.02841 0)
(25.6216 1.00874 2.1798e-17)
(25.6241 0.990939 -2.05426e-17)
(25.6906 0.979328 0)
(25.7606 0.970371 0)
(25.8146 0.962784 -1.77659e-18)
(25.86 0.956987 0)
(25.9045 0.953544 0)
(25.9504 0.952775 0)
(25.9974 0.954596 0)
(26.0451 0.959079 0)
(26.0931 0.966097 3.23341e-17)
(26.1414 0.975786 8.97909e-19)
(26.1901 0.987984 -3.68692e-19)
(26.239 1.00284 0)
(26.2881 1.02026 0)
(26.3374 1.04034 0)
(26.3866 1.06309 1.96575e-17)
(26.4357 1.08855 -2.38136e-17)
(26.4845 1.11681 0)
(26.5326 1.14785 0)
(26.5799 1.18173 4.78059e-19)
(26.6261 1.21844 0)
(26.671 1.25794 0)
(26.7142 1.30018 -2.15842e-17)
(26.7553 1.34505 0)
(26.7943 1.3924 0)
(26.8307 1.44208 -8.19558e-17)
(26.8643 1.49383 0)
(26.8949 1.54745 -4.01286e-17)
(26.9223 1.60262 2.14982e-17)
(26.9463 1.65909 0)
(26.9668 1.71651 0)
(26.9838 1.77456 -1.75164e-17)
(26.9972 1.83292 1.0336e-16)
(27.0069 1.89126 -1.47656e-17)
(27.0131 1.94926 0)
(27.0158 2.00662 2.42989e-17)
(27.0151 2.06303 0)
(27.0111 2.11825 0)
(27.004 2.17201 -1.74123e-17)
(26.994 2.2241 0)
(26.9813 2.27434 1.31849e-16)
(26.966 2.32257 0)
(26.9485 2.36866 0)
(26.929 2.41251 0)
(26.9077 2.45407 4.23151e-16)
(26.8847 2.49328 -3.91855e-16)
(26.8605 2.53012 0)
(26.835 2.56461 0)
(26.8087 2.59677 0)
(26.7816 2.62663 2.713e-16)
(26.7541 2.65428 0)
(26.7264 2.67976 0)
(26.6989 2.70322 0)
(26.6718 2.72463 0)
(26.648 2.74157 8.5213e-18)
(26.6271 2.7558 0)
(26.6061 2.76834 -5.81968e-18)
(26.584 2.78362 -2.99959e-16)
(26.5631 2.79136 -7.68362e-18)
(26.5393 2.81241 -2.1175e-16)
(26.5218 2.80463 -1.85449e-16)
(26.4937 2.84965 2.91342e-16)
(26.4884 2.79265 0)
(26.4463 2.91842 0)
(26.4753 2.71557 0)
(26.3862 3.0772 0)
(26.5631 2.49469 0)
(23.7744 1.31239 -6.76343e-18)
(24.7245 1.35343 0)
(25.2214 1.3843 6.8727e-19)
(25.3414 1.40565 0)
(25.3508 1.4271 -1.56889e-17)
(25.3488 1.44754 1.43446e-18)
(25.3518 1.47006 0)
(25.3571 1.4928 1.39999e-18)
(25.3625 1.51631 -1.3915e-18)
(25.3677 1.54044 0)
(25.3728 1.56479 0)
(25.3779 1.58966 2.76142e-18)
(25.3829 1.6147 -2.75128e-18)
(25.3879 1.63993 -2.73452e-18)
(25.3929 1.66528 0)
(25.3979 1.69068 0)
(25.4029 1.71604 -2.62338e-18)
(25.4081 1.74142 0)
(25.4134 1.76668 3.67919e-17)
(25.4189 1.7919 0)
(25.4245 1.81703 3.83146e-17)
(25.4305 1.8421 0)
(25.4368 1.86713 0)
(25.4435 1.89212 6.66446e-17)
(25.4506 1.9171 0)
(25.4581 1.94209 -6.78163e-18)
(25.4661 1.96708 0)
(25.4746 1.99208 0)
(25.4836 2.01709 0)
(25.4931 2.0421 0)
(25.503 2.06708 0)
(25.5133 2.09203 0)
(25.524 2.11692 0)
(25.535 2.14175 6.363e-18)
(25.5464 2.16649 -7.27492e-17)
(25.5579 2.19116 5.14234e-18)
(25.5697 2.21575 1.2897e-16)
(25.5816 2.24028 0)
(25.5937 2.26477 0)
(25.6059 2.28923 0)
(25.6182 2.31368 1.95464e-16)
(25.6307 2.33816 8.91431e-17)
(25.6432 2.36267 -8.38626e-17)
(25.656 2.38723 0)
(25.6689 2.41185 1.48107e-16)
(25.682 2.43652 0)
(25.6953 2.46123 6.6632e-18)
(25.709 2.48597 6.02083e-18)
(25.7231 2.5107 5.43329e-18)
(25.7375 2.53538 0)
(25.7524 2.55997 0)
(25.7677 2.58441 7.89391e-18)
(25.7835 2.60864 0)
(25.7996 2.63259 0)
(25.8161 2.6562 -1.49868e-16)
(25.8328 2.67938 -2.83048e-16)
(25.8497 2.70208 0)
(25.8665 2.72422 -7.75362e-18)
(25.8834 2.74576 2.26903e-16)
(25.9003 2.76667 0)
(25.9172 2.7869 0)
(25.934 2.80642 -4.55194e-18)
(25.9505 2.82518 0)
(25.9665 2.84316 0)
(25.9815 2.8603 5.94478e-18)
(25.9955 2.87663 -5.13576e-18)
(26.0084 2.89203 0)
(26.0187 2.90469 -2.60959e-18)
(26.0266 2.91511 0)
(26.0343 2.92573 3.73577e-18)
(26.0417 2.93636 3.13262e-18)
(26.0487 2.94684 5.21608e-18)
(26.0553 2.95804 0)
(26.0599 2.96611 -3.55851e-18)
(26.0624 2.98274 2.84619e-18)
(26.0525 2.97273 5.01191e-18)
(26.0476 3.02657 3.2084e-16)
(26.0204 2.9243 -3.51962e-16)
(26.0808 3.17604 0)
(26.1121 2.72272 0)
(23.7327 1.41001 -8.3467e-19)
(22.7098 1.35418 7.69398e-19)
(21.6431 1.28164 -7.22295e-18)
(20.7174 1.19939 0)
(20.1413 1.12305 8.52897e-18)
(20.073 1.06892 7.0314e-18)
(20.5438 1.04809 0)
(21.456 1.06279 0)
(22.6419 1.10795 1.64923e-17)
(23.8941 1.17249 0)
(24.9587 1.23748 -3.24653e-17)
(25.5889 1.27886 -1.59084e-17)
(25.7632 1.28612 -1.90055e-17)
(25.7442 1.27499 1.85219e-17)
(25.7543 1.26472 0)
(25.8092 1.25856 0)
(25.8636 1.25332 -2.75614e-18)
(25.9043 1.24772 -2.44747e-17)
(25.9397 1.24237 0)
(25.9762 1.23806 0)
(26.0147 1.23505 0)
(26.0544 1.23355 3.32276e-17)
(26.0948 1.23366 -6.00348e-17)
(26.1356 1.23566 4.08869e-19)
(26.1768 1.23964 -2.26332e-17)
(26.2184 1.24585 0)
(26.2603 1.25437 0)
(26.3025 1.26532 0)
(26.3448 1.27879 -1.89648e-17)
(26.387 1.29484 -3.19171e-18)
(26.4292 1.31353 1.20031e-17)
(26.4711 1.33486 0)
(26.5125 1.35885 -4.27658e-18)
(26.5533 1.38551 0)
(26.5933 1.4148 0)
(26.6321 1.44667 2.12103e-17)
(26.6697 1.48108 0)
(26.7058 1.51791 0)
(26.7401 1.55709 5.91957e-17)
(26.7723 1.59844 0)
(26.8023 1.64182 3.97493e-17)
(26.8298 1.68701 1.77256e-17)
(26.8547 1.73383 -6.8411e-17)
(26.8767 1.78201 0)
(26.8958 1.83129 -8.7147e-17)
(26.9118 1.8814 0)
(26.9246 1.93206 -1.30527e-17)
(26.9342 1.98296 0)
(26.9407 2.03384 2.2008e-17)
(26.9439 2.08439 0)
(26.9441 2.13435 0)
(26.9413 2.18346 -1.6288e-17)
(26.9356 2.23148 0)
(26.9271 2.2782 -1.29701e-17)
(26.9161 2.32343 0)
(26.9027 2.367 0)
(26.8871 2.40877 0)
(26.8695 2.44863 -1.55281e-17)
(26.8502 2.48651 1.35116e-17)
(26.8293 2.52234 0)
(26.807 2.55608 0)
(26.7835 2.58773 0)
(26.7591 2.61727 -2.70678e-16)
(26.7341 2.64478 0)
(26.7087 2.67025 0)
(26.6832 2.6938 0)
(26.6579 2.71542 0)
(26.6356 2.73255 2.20096e-16)
(26.6159 2.74708 -1.852e-16)
(26.596 2.75977 -3.29705e-16)
(26.575 2.77562 0)
(26.5552 2.78326 -8.02247e-18)
(26.5325 2.80548 6.41492e-18)
(26.5156 2.7969 1.85108e-16)
(26.4892 2.84423 -7.60384e-18)
(26.4833 2.78507 0)
(26.4447 2.91495 1.68175e-16)
(26.4696 2.70848 0)
(26.3887 3.07548 -9.40384e-17)
(26.5563 2.49044 0)
(24.6059 1.46122 -9.36671e-19)
(25.2325 1.48864 0)
(25.5084 1.50696 7.23556e-18)
(25.5383 1.51936 0)
(25.5306 1.5314 2.72116e-17)
(25.5294 1.54381 2.64714e-17)
(25.5316 1.55757 -1.17537e-17)
(25.5343 1.57164 1.35331e-17)
(25.5365 1.58662 -2.00263e-18)
(25.5385 1.60226 0)
(25.5403 1.61861 2.08891e-17)
(25.542 1.63577 2.36284e-17)
(25.5436 1.65364 -2.27831e-17)
(25.5452 1.67226 -2.19481e-17)
(25.5468 1.69161 1.82929e-17)
(25.5485 1.71163 0)
(25.5503 1.73232 -2.50199e-18)
(25.5522 1.75359 0)
(25.5543 1.77541 -3.59628e-17)
(25.5566 1.79771 0)
(25.559 1.82043 0)
(25.5617 1.84349 0)
(25.5647 1.86684 0)
(25.568 1.89044 0)
(25.5716 1.9142 0)
(25.5755 1.93812 -5.26443e-17)
(25.5797 1.96213 0)
(25.5843 1.98622 0)
(25.5892 2.01038 4.09052e-17)
(25.5945 2.03458 0)
(25.6002 2.05882 0)
(25.6063 2.08309 0)
(25.6127 2.1074 0)
(25.6196 2.13174 7.00027e-17)
(25.6268 2.15611 0)
(25.6343 2.18051 6.26678e-17)
(25.6422 2.20494 0)
(25.6504 2.22939 0)
(25.659 2.25388 0)
(25.6678 2.2784 0)
(25.677 2.30295 -9.38121e-17)
(25.6864 2.32755 -8.83475e-17)
(25.6962 2.35217 8.31413e-17)
(25.7063 2.37684 0)
(25.7166 2.40153 -1.46924e-16)
(25.7274 2.42625 0)
(25.7385 2.45098 1.29395e-16)
(25.75 2.4757 6.22867e-18)
(25.7619 2.5004 1.13521e-16)
(25.7743 2.52502 2.02195e-16)
(25.7872 2.54955 0)
(25.8005 2.57393 3.61891e-16)
(25.8144 2.59811 0)
(25.8287 2.62203 0)
(25.8434 2.64563 1.49074e-16)
(25.8583 2.66884 1.38334e-16)
(25.8734 2.6916 -2.4718e-16)
(25.8886 2.71385 -8.09954e-18)
(25.9039 2.73555 0)
(25.9193 2.75665 1.9585e-16)
(25.9347 2.77712 0)
(25.9501 2.79692 -4.80159e-18)
(25.9653 2.81601 -3.06124e-16)
(25.9799 2.83434 2.81137e-16)
(25.9937 2.85185 2.64157e-16)
(26.0066 2.86859 -5.47245e-18)
(26.0185 2.88441 0)
(26.0279 2.89746 -1.36629e-16)
(26.0351 2.90822 0)
(26.0421 2.91923 4.01581e-18)
(26.0488 2.93026 3.37612e-18)
(26.0552 2.94117 3.33091e-16)
(26.0612 2.95286 0)
(26.0652 2.96139 -2.56993e-16)
(26.0665 2.97862 3.12414e-18)
(26.0567 2.96901 4.02607e-16)
(26.0491 3.02366 -3.203e-16)
(26.0265 2.92227 3.51352e-16)
(26.081 3.17481 0)
(26.1241 2.72483 0)
(24.6639 1.55921 -7.80226e-19)
(23.8819 1.51814 6.99135e-19)
(22.9863 1.46305 1.31006e-18)
(22.0898 1.39593 0)
(21.3359 1.32584 -5.3125e-18)
(20.8804 1.26423 -6.53577e-18)
(20.8447 1.22332 0)
(21.2611 1.21207 0)
(22.0615 1.23262 0)
(23.1091 1.28065 0)
(24.2177 1.34556 2.47837e-18)
(25.1544 1.40896 2.56193e-18)
(25.7151 1.44983 0)
(25.8913 1.46046 0)
(25.8923 1.45463 0)
(25.9008 1.44853 0)
(25.9415 1.44579 -4.33534e-18)
(25.9826 1.44407 3.88409e-18)
(26.0132 1.44203 0)
(26.04 1.44012 0)
(26.0682 1.43882 1.49439e-17)
(26.0983 1.43835 -4.34713e-18)
(26.1293 1.4387 2.81191e-17)
(26.1608 1.44001 4.67897e-17)
(26.1929 1.44237 0)
(26.2255 1.44599 0)
(26.2588 1.451 0)
(26.2926 1.45757 0)
(26.3269 1.46587 2.07251e-17)
(26.3616 1.47604 -5.63583e-19)
(26.3966 1.48821 -1.16529e-17)
(26.4318 1.5025 0)
(26.4669 1.51901 3.71646e-18)
(26.5019 1.5378 0)
(26.5366 1.55893 0)
(26.5708 1.58241 -4.85341e-18)
(26.6042 1.60825 -9.4537e-18)
(26.6366 1.6364 -1.35514e-17)
(26.6679 1.66683 -2.44341e-17)
(26.6978 1.69942 0)
(26.7261 1.7341 -2.29467e-17)
(26.7526 1.77071 1.42874e-17)
(26.777 1.80911 6.78253e-17)
(26.7992 1.8491 0)
(26.8191 1.89049 0)
(26.8363 1.93306 -6.01212e-17)
(26.851 1.97656 -1.1423e-17)
(26.8628 2.02075 0)
(26.8719 2.06537 1.97848e-17)
(26.8781 2.11016 0)
(26.8815 2.15487 0)
(26.882 2.19923 -1.5172e-17)
(26.8798 2.24301 0)
(26.875 2.28599 -1.23351e-17)
(26.8676 2.32795 0)
(26.8578 2.3687 0)
(26.8457 2.40808 0)
(26.8316 2.44595 -1.53014e-17)
(26.8155 2.48218 1.7468e-16)
(26.7977 2.5167 0)
(26.7784 2.54941 2.80428e-16)
(26.7578 2.58029 0)
(26.736 2.60928 0)
(26.7134 2.63642 0)
(26.6902 2.66169 0)
(26.6668 2.68517 0)
(26.6434 2.70684 0)
(26.6226 2.72406 -2.0146e-16)
(26.6041 2.7388 1.84681e-16)
(26.5854 2.75156 6.35121e-18)
(26.5656 2.76791 -2.68748e-16)
(26.5468 2.7754 -8.47902e-18)
(26.5253 2.79868 2.04491e-16)
(26.5091 2.78933 0)
(26.4842 2.83881 -8.08403e-18)
(26.4778 2.77768 0)
(26.4427 2.91133 -1.67907e-16)
(26.4638 2.70161 0)
(26.3907 3.07358 9.38985e-17)
(26.5494 2.48599 0)
(25.2634 1.59853 -8.9108e-19)
(25.6197 1.61425 0)
(25.7196 1.62607 -4.77273e-18)
(25.7077 1.63422 0)
(25.703 1.64311 -2.17693e-18)
(25.7043 1.65272 -2.06079e-17)
(25.7062 1.66285 2.01116e-17)
(25.7075 1.67332 0)
(25.7081 1.68432 -1.05205e-17)
(25.7084 1.69574 0)
(25.7082 1.70765 -1.9901e-17)
(25.7077 1.72008 0)
(25.7068 1.73301 0)
(25.7057 1.74652 -1.50364e-17)
(25.7044 1.76057 -2.98557e-18)
(25.7028 1.77521 0)
(25.7012 1.79047 -2.67851e-18)
(25.6994 1.80634 0)
(25.6977 1.82283 0)
(25.696 1.83997 0)
(25.6944 1.85772 0)
(25.693 1.8761 0)
(25.6918 1.89507 0)
(25.6908 1.91464 0)
(25.6902 1.93472 4.18801e-17)
(25.6899 1.95532 0)
(25.69 1.97638 0)
(25.6905 1.99785 0)
(25.6914 2.0197 -4.02127e-17)
(25.6928 2.04188 0)
(25.6946 2.06433 0)
(25.6968 2.08704 0)
(25.6995 2.10996 0)
(25.7026 2.13307 -5.70936e-17)
(25.7062 2.15634 0)
(25.7103 2.17976 -5.18782e-17)
(25.7147 2.20331 0)
(25.7196 2.22698 0)
(25.725 2.25076 0)
(25.7307 2.27465 0)
(25.7369 2.29863 -8.03301e-17)
(25.7435 2.32271 7.61074e-17)
(25.7505 2.34686 0)
(25.758 2.37108 0)
(25.7658 2.39537 0)
(25.7741 2.4197 0)
(25.7829 2.44406 -1.14444e-16)
(25.7922 2.46843 6.41515e-18)
(25.802 2.49279 -1.01326e-16)
(25.8123 2.5171 -2.00793e-16)
(25.8231 2.54133 0)
(25.8346 2.56544 -1.75737e-16)
(25.8465 2.58938 0)
(25.8589 2.61309 0)
(25.8717 2.63653 0)
(25.8849 2.65962 -1.27047e-16)
(25.8982 2.68231 2.45924e-16)
(25.9117 2.70454 -8.50984e-18)
(25.9253 2.72627 0)
(25.9392 2.74745 -1.94984e-16)
(25.9531 2.76806 0)
(25.9671 2.78805 -5.1041e-18)
(25.9809 2.80736 3.04948e-16)
(25.9942 2.82596 -2.80108e-16)
(26.0068 2.84378 -2.50163e-16)
(26.0185 2.86086 -5.88472e-18)
(26.0292 2.87705 2.10232e-16)
(26.0378 2.89044 0)
(26.0443 2.90151 0)
(26.0506 2.91287 4.35016e-18)
(26.0566 2.92428 1.85241e-16)
(26.0623 2.93561 0)
(26.0675 2.94776 2.8158e-16)
(26.0709 2.95676 2.48249e-16)
(26.0711 2.97452 2.18521e-16)
(26.0612 2.96545 0)
(26.0511 3.02065 0)
(26.0329 2.92057 0)
(26.0819 3.17333 0)
(26.1366 2.72689 0)
(25.3495 1.69185 -5.49553e-19)
(24.7982 1.66323 4.79242e-19)
(24.0878 1.62225 8.71639e-19)
(23.2936 1.56899 0)
(22.5116 1.50854 7.9527e-19)
(21.8594 1.44778 0)
(21.4637 1.39593 0)
(21.4268 1.36337 0)
(21.7838 1.35776 0)
(22.4863 1.38126 0)
(23.4198 1.43002 1.48868e-18)
(24.4161 1.49377 9.6904e-18)
(25.2669 1.5554 8.4982e-18)
(25.7969 1.59634 0)
(25.9905 1.60978 0)
(26.0099 1.60666 0)
(26.0148 1.60144 -2.91733e-18)
(26.0435 1.59888 2.70047e-18)
(26.0759 1.59758 0)
(26.1013 1.59637 0)
(26.1236 1.59533 -2.02302e-18)
(26.1469 1.59491 -3.59346e-18)
(26.1714 1.59527 0)
(26.1966 1.59642 -2.69802e-18)
(26.2219 1.59839 0)
(26.2476 1.60127 0)
(26.2737 1.60517 -1.27759e-17)
(26.3003 1.61018 0)
(26.3274 1.61642 -1.35889e-18)
(26.355 1.62399 1.61988e-17)
(26.3831 1.63301 0)
(26.4116 1.64357 0)
(26.4403 1.65579 0)
(26.4693 1.66976 0)
(26.4983 1.68558 0)
(26.5273 1.70331 4.18923e-18)
(26.556 1.72302 9.29071e-18)
(26.5843 1.74472 1.3338e-17)
(26.612 1.76844 0)
(26.6388 1.79413 0)
(26.6645 1.82179 5.65155e-18)
(26.689 1.85133 1.13496e-17)
(26.7121 1.88266 0)
(26.7335 1.91566 0)
(26.753 1.95018 0)
(26.7706 1.98606 1.03237e-17)
(26.7859 2.02311 -9.85027e-18)
(26.799 2.06114 0)
(26.8097 2.09992 1.75116e-17)
(26.8179 2.13924 0)
(26.8235 2.17886 0)
(26.8267 2.21854 -1.39026e-17)
(26.8272 2.25806 0)
(26.8253 2.2972 -1.15385e-17)
(26.8209 2.33574 0)
(26.8142 2.37349 0)
(26.8052 2.41026 0)
(26.7942 2.44589 -1.48333e-17)
(26.7811 2.48024 0)
(26.7663 2.51319 0)
(26.7497 2.54463 -2.01861e-17)
(26.7318 2.57449 0)
(26.7125 2.60272 2.24042e-16)
(26.6922 2.62929 0)
(26.6712 2.65417 0)
(26.6498 2.6774 0)
(26.6282 2.69899 0)
(26.609 2.71617 9.45228e-18)
(26.5918 2.73104 0)
(26.5742 2.74378 3.02696e-16)
(26.5556 2.76053 5.2531e-16)
(26.5379 2.76783 -2.33457e-16)
(26.5176 2.79206 0)
(26.5021 2.78198 0)
(26.4789 2.8334 -8.50177e-18)
(26.472 2.77054 0)
(26.4404 2.90754 0)
(26.4576 2.69505 0)
(26.3923 3.07142 0)
(26.5421 2.48137 0)
(25.6989 1.71726 -6.29699e-19)
(25.8399 1.72433 0)
(25.844 1.73166 7.17331e-19)
(25.8315 1.73751 0)
(25.8327 1.74469 -1.3887e-18)
(25.8347 1.75218 1.35523e-18)
(25.836 1.76002 -1.32176e-18)
(25.8367 1.76822 0)
(25.8369 1.77683 0)
(25.8367 1.7858 0)
(25.836 1.7952 0)
(25.8349 1.80503 0)
(25.8334 1.81528 0)
(25.8316 1.82599 2.16993e-18)
(25.8294 1.83713 -2.09986e-18)
(25.8269 1.84875 0)
(25.8241 1.86086 -1.95617e-18)
(25.8211 1.87345 0)
(25.8179 1.88654 0)
(25.8146 1.90014 0)
(25.8112 1.91427 0)
(25.8077 1.92893 0)
(25.8043 1.94413 0)
(25.8009 1.95988 0)
(25.7977 1.97618 -5.34901e-18)
(25.7947 1.99305 0)
(25.792 2.01046 0)
(25.7895 2.02841 0)
(25.7873 2.0469 0)
(25.7856 2.06589 0)
(25.7842 2.08537 0)
(25.7833 2.10532 0)
(25.7828 2.1257 0)
(25.7828 2.14648 5.6232e-17)
(25.7833 2.16763 0)
(25.7843 2.18912 4.80899e-18)
(25.7857 2.21092 0)
(25.7877 2.233 0)
(25.7902 2.25534 0)
(25.7932 2.27791 0)
(25.7966 2.30069 6.2414e-18)
(25.8006 2.32367 -5.70393e-18)
(25.8051 2.34681 0)
(25.81 2.3701 0)
(25.8155 2.39353 0)
(25.8215 2.41706 0)
(25.8281 2.44069 7.14459e-18)
(25.8352 2.46437 6.48138e-18)
(25.8428 2.48809 5.87129e-18)
(25.8511 2.51181 0)
(25.8599 2.5355 0)
(25.8694 2.55911 0)
(25.8794 2.58261 0)
(25.89 2.60594 0)
(25.901 2.62903 0)
(25.9123 2.65185 1.26337e-16)
(25.9239 2.67431 0)
(25.9357 2.69639 -8.82742e-18)
(25.9477 2.71802 0)
(25.9599 2.73917 1.80569e-16)
(25.9724 2.75981 0)
(25.9849 2.77987 -5.35959e-18)
(25.9973 2.79932 0)
(26.0092 2.8181 0)
(26.0205 2.83615 7.18024e-18)
(26.031 2.8535 -6.25452e-18)
(26.0407 2.87 -5.4359e-18)
(26.0483 2.88369 0)
(26.054 2.89504 0)
(26.0596 2.90672 4.66529e-18)
(26.0649 2.91848 -1.7705e-16)
(26.0699 2.9302 -3.12807e-16)
(26.0744 2.94279 -5.51532e-18)
(26.0771 2.95226 -2.47625e-16)
(26.076 2.97047 0)
(26.066 2.96206 0)
(26.0536 3.01753 0)
(26.0397 2.91926 0)
(26.0836 3.17153 0)
(26.1495 2.72891 0)
(25.7884 1.80739 -4.29688e-19)
(25.4665 1.7904 3.68895e-19)
(24.9609 1.76233 8.83191e-18)
(24.3173 1.722 0)
(23.6016 1.67232 5.64211e-19)
(22.8975 1.61721 0)
(22.3058 1.56255 0)
(21.9355 1.51665 0)
(21.8784 1.48864 0)
(22.1735 1.48552 0)
(22.7876 1.50958 7.4715e-18)
(23.6236 1.55745 -6.45525e-18)
(24.5303 1.61955 -9.82272e-19)
(25.3221 1.68018 0)
(25.8412 1.72262 0)
(26.0577 1.73972 0)
(26.0942 1.73957 -1.87377e-18)
(26.0953 1.73529 1.47117e-17)
(26.113 1.7328 0)
(26.1384 1.7318 0)
(26.1607 1.73109 -1.17126e-17)
(26.1804 1.73049 -2.27223e-18)
(26.2005 1.73032 0)
(26.2214 1.73076 -3.36446e-17)
(26.2427 1.73186 0)
(26.264 1.73364 0)
(26.2856 1.73622 1.23537e-17)
(26.3074 1.73969 0)
(26.3297 1.74414 -9.77413e-19)
(26.3523 1.74966 0)
(26.3753 1.75633 0)
(26.3987 1.76424 0)
(26.4225 1.77349 -7.29024e-18)
(26.4465 1.78414 0)
(26.4708 1.79628 0)
(26.4953 1.80998 5.61957e-19)
(26.5197 1.82531 0)
(26.544 1.8423 0)
(26.5681 1.86102 -7.33369e-18)
(26.5917 1.88145 0)
(26.6147 1.90362 4.42507e-18)
(26.6368 1.92751 9.03587e-18)
(26.658 1.95306 0)
(26.678 1.98023 0)
(26.6966 2.00892 3.82356e-17)
(26.7137 2.03901 4.89803e-17)
(26.7291 2.07039 -8.41606e-18)
(26.7426 2.10289 0)
(26.7541 2.13636 1.53276e-17)
(26.7635 2.17059 0)
(26.7707 2.20541 0)
(26.7756 2.24061 -1.25773e-17)
(26.7783 2.27597 0)
(26.7787 2.31129 -9.3515e-17)
(26.7767 2.34637 0)
(26.7726 2.38102 0)
(26.7662 2.41504 0)
(26.7578 2.44826 -1.41873e-17)
(26.7474 2.48053 0)
(26.7352 2.51171 0)
(26.7213 2.54167 -2.58712e-16)
(26.7058 2.57032 0)
(26.6889 2.59757 -2.23419e-16)
(26.6708 2.62338 0)
(26.6519 2.6477 -1.78364e-16)
(26.6325 2.67052 0)
(26.6127 2.69188 1.50102e-16)
(26.595 2.70891 9.6069e-18)
(26.579 2.72382 0)
(26.5626 2.73646 -6.73677e-18)
(26.5452 2.75352 -2.56561e-16)
(26.5286 2.76059 0)
(26.5096 2.78564 0)
(26.4948 2.7749 0)
(26.4733 2.82802 -2.65112e-16)
(26.4659 2.76366 2.46939e-16)
(26.4377 2.9036 1.55768e-16)
(26.4512 2.68878 0)
(26.3934 3.06906 0)
(26.5348 2.47654 0)
(25.9261 1.82122 -4.79431e-19)
(25.942 1.82316 0)
(25.927 1.82833 5.01835e-19)
(25.9252 1.83294 0)
(25.9281 1.83853 -9.66642e-19)
(25.9295 1.84415 9.45692e-19)
(25.9303 1.85011 -6.82811e-18)
(25.9306 1.85635 0)
(25.9305 1.86291 5.6773e-18)
(25.93 1.86979 0)
(25.929 1.87702 1.08953e-17)
(25.9277 1.88461 0)
(25.926 1.89258 0)
(25.9239 1.90096 1.17354e-17)
(25.9215 1.90973 -1.49387e-18)
(25.9188 1.91894 0)
(25.9158 1.9286 -1.40383e-18)
(25.9125 1.9387 0)
(25.9089 1.94928 0)
(25.9052 1.96033 0)
(25.9013 1.97187 0)
(25.8974 1.98392 1.66205e-17)
(25.8933 1.99646 0)
(25.8892 2.00952 0)
(25.8851 2.02309 -4.16756e-18)
(25.8811 2.03719 0)
(25.8772 2.0518 0)
(25.8734 2.06695 2.7674e-17)
(25.8699 2.08263 2.67641e-17)
(25.8665 2.09883 0)
(25.8635 2.11555 0)
(25.8607 2.1328 0)
(25.8583 2.15054 4.64084e-17)
(25.8562 2.16878 -4.46759e-17)
(25.8546 2.1875 0)
(25.8534 2.20667 4.40192e-18)
(25.8527 2.22628 0)
(25.8524 2.24631 0)
(25.8526 2.26673 0)
(25.8533 2.28751 0)
(25.8545 2.30862 1.38748e-16)
(25.8563 2.33005 -5.49397e-18)
(25.8585 2.35175 -6.03625e-17)
(25.8613 2.37372 0)
(25.8647 2.3959 0)
(25.8686 2.41829 0)
(25.8731 2.44084 1.05402e-16)
(25.8781 2.46354 6.43497e-18)
(25.8838 2.48634 5.85145e-18)
(25.8901 2.50922 0)
(25.8971 2.53213 1.56854e-16)
(25.9047 2.55504 -1.47699e-16)
(25.9129 2.5779 0)
(25.9216 2.60065 0)
(25.9308 2.62324 -1.22204e-16)
(25.9403 2.64561 0)
(25.9502 2.66771 0)
(25.9603 2.68949 -9.0591e-18)
(25.9707 2.71089 -1.85618e-16)
(25.9814 2.73189 -7.14198e-18)
(25.9924 2.75243 0)
(26.0034 2.77247 -5.57237e-18)
(26.0144 2.79195 0)
(26.025 2.81082 0)
(26.035 2.82902 7.53906e-18)
(26.0443 2.84657 -6.58817e-18)
(26.0528 2.86332 -5.74445e-18)
(26.0594 2.87726 1.22586e-16)
(26.0644 2.88885 2.18521e-16)
(26.0692 2.90081 4.96658e-18)
(26.0737 2.91289 1.76449e-16)
(26.078 2.92497 3.1183e-16)
(26.0818 2.93796 -2.74503e-16)
(26.0838 2.94791 0)
(26.0815 2.96648 0)
(26.0711 2.95888 0)
(26.0565 3.0143 0)
(26.0468 2.91831 0)
(26.0863 3.16948 0)
(26.1626 2.73085 0)
(26.0056 1.90537 -3.7804e-19)
(25.8856 1.89818 3.29672e-19)
(25.598 1.88234 -8.07934e-18)
(25.1431 1.85476 0)
(24.5598 1.81673 4.66491e-19)
(23.9064 1.77034 0)
(23.2572 1.719 0)
(22.7015 1.66824 0)
(22.3366 1.62564 0)
(22.2485 1.5995 0)
(22.4809 1.59653 -5.30976e-18)
(23.0137 1.61928 7.86926e-19)
(23.7641 1.66494 -5.99438e-18)
(24.5976 1.72477 0)
(25.3473 1.78452 0)
(25.8656 1.82875 0)
(26.1067 1.84956 -1.50926e-18)
(26.1604 1.85238 -1.08766e-17)
(26.1588 1.84911 0)
(26.1667 1.84681 -9.60968e-18)
(26.1859 1.84622 0)
(26.2056 1.84621 -1.90506e-18)
(26.2234 1.84632 0)
(26.2407 1.84668 1.44236e-18)
(26.2586 1.84746 0)
(26.2766 1.84874 0)
(26.2947 1.85057 0)
(26.313 1.85303 0)
(26.3315 1.8562 -8.67705e-19)
(26.3503 1.86018 -1.36097e-17)
(26.3695 1.86504 0)
(26.389 1.87087 0)
(26.4089 1.87776 7.11997e-18)
(26.4291 1.88579 0)
(26.4496 1.89504 0)
(26.4703 1.90558 0)
(26.4912 1.91748 0)
(26.5121 1.93079 0)
(26.533 1.94556 3.10511e-18)
(26.5536 1.96183 0)
(26.574 1.97962 3.4922e-18)
(26.5938 1.99893 7.22543e-18)
(26.6129 2.01977 0)
(26.6313 2.04209 0)
(26.6486 2.06586 -7.41469e-18)
(26.6648 2.09102 0)
(26.6796 2.11746 -7.15759e-18)
(26.693 2.14509 0)
(26.7047 2.17379 1.33349e-17)
(26.7147 2.2034 0)
(26.7229 2.23377 0)
(26.729 2.26474 -1.12972e-17)
(26.7332 2.29613 0)
(26.7353 2.32775 7.2726e-17)
(26.7353 2.35941 0)
(26.7332 2.39094 0)
(26.729 2.42214 0)
(26.7229 2.45285 -1.41287e-16)
(26.7148 2.48291 0)
(26.7049 2.51216 0)
(26.6933 2.54048 2.19011e-16)
(26.68 2.56775 0)
(26.6653 2.59385 0)
(26.6494 2.61873 -1.79561e-16)
(26.6325 2.64232 1.13596e-17)
(26.6149 2.66458 0)
(26.5969 2.68556 -1.49708e-16)
(26.5806 2.70233 9.72236e-18)
(26.5659 2.71719 0)
(26.5507 2.72965 -2.74089e-16)
(26.5344 2.74692 0)
(26.5189 2.75372 0)
(26.5012 2.77946 -1.74406e-16)
(26.487 2.7681 0)
(26.4673 2.82271 0)
(26.4594 2.75707 -8.3802e-18)
(26.4347 2.89954 -4.56981e-18)
(26.4447 2.68279 0)
(26.3938 3.06652 -9.29522e-17)
(26.5275 2.47153 0)
(26.0181 1.91228 -4.00428e-19)
(26.0038 1.91264 -2.62879e-18)
(25.9994 1.91704 3.95389e-19)
(26.0024 1.92075 0)
(26.0043 1.92509 -7.64412e-19)
(26.0051 1.92942 1.06377e-17)
(26.0056 1.93405 -4.86097e-18)
(26.0057 1.93888 0)
(26.0054 1.94396 -7.07235e-19)
(26.0048 1.9493 0)
(26.0037 1.95492 -1.35297e-18)
(26.0023 1.96082 0)
(26.0005 1.96703 0)
(25.9984 1.97356 -8.52023e-18)
(25.9959 1.98042 -1.22182e-18)
(25.9931 1.98765 0)
(25.99 1.99525 -1.15273e-18)
(25.9866 2.00325 0)
(25.9829 2.01166 0)
(25.9791 2.02049 0)
(25.975 2.02978 0)
(25.9708 2.03952 -1.61208e-17)
(25.9665 2.04974 0)
(25.9621 2.06045 0)
(25.9577 2.07167 -3.46682e-18)
(25.9533 2.08339 0)
(25.9489 2.09563 0)
(25.9445 2.1084 -3.04286e-18)
(25.9403 2.1217 -2.90363e-18)
(25.9362 2.13553 0)
(25.9322 2.14989 0)
(25.9285 2.16478 4.22547e-17)
(25.925 2.18019 -4.72365e-18)
(25.9218 2.19613 4.46226e-18)
(25.9189 2.21258 0)
(25.9164 2.22954 3.95368e-18)
(25.9142 2.24699 0)
(25.9124 2.26491 0)
(25.911 2.2833 0)
(25.91 2.30214 0)
(25.9095 2.32139 -1.25523e-16)
(25.9095 2.34105 -5.19535e-18)
(25.91 2.36108 5.96808e-17)
(25.911 2.38146 0)
(25.9125 2.40215 0)
(25.9146 2.42314 0)
(25.9173 2.44438 0)
(25.9206 2.46585 6.30852e-18)
(25.9244 2.48751 5.76361e-18)
(25.929 2.50932 0)
(25.9342 2.53125 -1.55634e-16)
(25.94 2.55326 1.46603e-16)
(25.9465 2.57529 0)
(25.9535 2.59729 0)
(25.9609 2.61921 1.21416e-16)
(25.9688 2.64099 -1.07904e-16)
(25.977 2.66257 0)
(25.9855 2.68391 -9.24215e-18)
(25.9944 2.70496 1.84625e-16)
(26.0035 2.72567 -1.71668e-16)
(26.013 2.74601 0)
(26.0226 2.76592 -5.76761e-18)
(26.0321 2.78533 0)
(26.0414 2.8042 0)
(26.0501 2.82246 2.32661e-16)
(26.0581 2.84013 -2.14202e-16)
(26.0655 2.85705 -1.96922e-16)
(26.0712 2.87119 -1.2203e-16)
(26.0753 2.88298 -6.17154e-18)
(26.0793 2.89518 5.2735e-18)
(26.0831 2.90755 0)
(26.0867 2.91997 0)
(26.0897 2.93332 2.61405e-16)
(26.0909 2.94375 0)
(26.0874 2.96259 0)
(26.0766 2.95592 0)
(26.0601 3.011 0)
(26.0542 2.91772 0)
(26.0901 3.1672 0)
(26.1757 2.73278 0)
(26.081 1.98901 -2.49876e-18)
(26.0763 1.98741 2.92802e-19)
(25.9807 1.98162 5.16136e-19)
(25.7351 1.96645 0)
(25.3325 1.94099 4.00764e-19)
(24.8045 1.90572 0)
(24.2028 1.86221 0)
(23.5943 1.81378 0)
(23.0598 1.76563 0)
(22.6888 1.72473 0)
(22.5638 1.69884 6.4069e-19)
(22.7337 1.69457 6.28875e-19)
(23.1901 1.71488 4.28905e-18)
(23.864 1.75758 0)
(24.6358 1.81484 0)
(25.3536 1.87372 0)
(25.8758 1.91966 -1.18509e-18)
(26.142 1.94389 1.16574e-18)
(26.2139 1.94943 0)
(26.2118 1.94702 1.74019e-17)
(26.2113 1.94467 7.65221e-18)
(26.2248 1.94419 -1.59273e-17)
(26.2424 1.94466 0)
(26.2587 1.94532 2.5578e-17)
(26.274 1.94611 0)
(26.2892 1.94722 0)
(26.3045 1.94873 0)
(26.3199 1.95071 0)
(26.3354 1.95321 -1.00275e-18)
(26.351 1.9563 1.32413e-17)
(26.367 1.96004 0)
(26.3832 1.96453 0)
(26.3998 1.96982 0)
(26.4167 1.976 0)
(26.4339 1.98315 0)
(26.4514 1.99133 0)
(26.4692 2.00061 0)
(26.487 2.01107 0)
(26.505 2.02275 2.33398e-18)
(26.5229 2.0357 0)
(26.5407 2.04997 8.60581e-18)
(26.5582 2.06557 5.74081e-18)
(26.5754 2.08253 0)
(26.5919 2.10084 0)
(26.6078 2.12049 -6.13104e-18)
(26.6228 2.14144 0)
(26.6368 2.16363 -6.05867e-18)
(26.6496 2.18701 0)
(26.6611 2.21149 1.15393e-17)
(26.6713 2.23695 0)
(26.6798 2.26328 0)
(26.6867 2.29035 -7.42183e-17)
(26.6918 2.318 0)
(26.6951 2.34609 -8.88165e-18)
(26.6966 2.37444 0)
(26.6961 2.4029 -1.22134e-16)
(26.6937 2.43129 0)
(26.6894 2.45945 1.14598e-16)
(26.6833 2.48721 0)
(26.6755 2.51444 0)
(26.6659 2.54099 -2.18254e-16)
(26.6546 2.56673 0)
(26.6419 2.59154 1.77531e-16)
(26.628 2.61534 1.79009e-16)
(26.6129 2.63806 1.12772e-17)
(26.5971 2.65961 0)
(26.5808 2.68009 0)
(26.566 2.69649 9.80243e-18)
(26.5524 2.7112 0)
(26.5384 2.7234 2.59386e-16)
(26.5234 2.74079 2.21026e-16)
(26.5089 2.74728 1.94771e-16)
(26.4924 2.77357 1.73975e-16)
(26.479 2.76164 0)
(26.461 2.8175 2.36146e-16)
(26.4527 2.75081 -2.37642e-16)
(26.4312 2.8954 -1.50638e-16)
(26.4381 2.67709 0)
(26.3936 3.0638 9.27962e-17)
(26.5203 2.4664 0)
(26.0659 1.99334 -3.19866e-19)
(26.0611 1.99387 2.48158e-18)
(26.0635 1.99762 3.11309e-19)
(26.0659 2.00055 0)
(26.0668 2.00398 -6.04391e-19)
(26.0675 2.00742 -8.77938e-18)
(26.0678 2.01109 4.61539e-18)
(26.0677 2.01493 0)
(26.0674 2.01897 -4.46842e-18)
(26.0667 2.02321 0)
(26.0656 2.02768 -8.63532e-18)
(26.0642 2.03238 0)
(26.0625 2.03732 0)
(26.0604 2.04253 1.02233e-18)
(26.058 2.04801 -8.0117e-18)
(26.0553 2.05378 -6.87627e-18)
(26.0522 2.05987 -9.51503e-19)
(26.049 2.06628 0)
(26.0454 2.07303 0)
(26.0416 2.08015 0)
(26.0377 2.08765 0)
(26.0335 2.09554 0)
(26.0292 2.10385 0)
(26.0247 2.11259 0)
(26.0202 2.12178 -2.54542e-17)
(26.0156 2.13144 0)
(26.011 2.14158 0)
(26.0064 2.15221 -2.34192e-17)
(26.0018 2.16335 -2.27386e-17)
(25.9973 2.17501 0)
(25.9929 2.1872 0)
(25.9886 2.1999 -4.14099e-17)
(25.9845 2.21315 -4.00588e-17)
(25.9806 2.22694 3.96898e-18)
(25.9769 2.24125 0)
(25.9735 2.2561 3.60538e-17)
(25.9703 2.27147 0)
(25.9675 2.28735 0)
(25.965 2.30374 0)
(25.9628 2.32062 0)
(25.9611 2.33798 5.2055e-18)
(25.9598 2.3558 -4.85808e-18)
(25.9589 2.37406 0)
(25.9585 2.39273 0)
(25.9585 2.4118 9.10623e-17)
(25.9591 2.43123 0)
(25.9603 2.451 -8.29867e-17)
(25.962 2.47108 6.11815e-18)
(25.9643 2.49143 5.61918e-18)
(25.9673 2.51201 0)
(25.9709 2.5328 0)
(25.9751 2.55373 1.28262e-16)
(25.98 2.57478 0)
(25.9854 2.59588 0)
(25.9913 2.61698 0)
(25.9975 2.63802 5.79559e-18)
(26.0042 2.65895 0)
(26.0111 2.67972 -9.37751e-18)
(26.0185 2.70029 0)
(26.0261 2.7206 0)
(26.0341 2.74062 0)
(26.0423 2.76028 -5.94535e-18)
(26.0505 2.77953 0)
(26.0584 2.7983 0)
(26.0658 2.81653 -2.15604e-16)
(26.0726 2.83425 0)
(26.0788 2.85127 0)
(26.0835 2.86555 0)
(26.0869 2.8775 -6.51733e-18)
(26.0901 2.8899 5.58679e-18)
(26.0931 2.90251 0)
(26.096 2.91524 -2.87048e-16)
(26.0981 2.9289 -6.81025e-18)
(26.0985 2.93981 2.24852e-16)
(26.0938 2.95883 0)
(26.0825 2.9532 0)
(26.0643 3.00767 0)
(26.062 2.91749 0)
(26.0949 3.16473 0)
(26.1889 2.73479 0)
(26.1165 2.06335 1.8342e-18)
(26.1316 2.063 2.40819e-19)
(26.1355 2.06242 4.49183e-19)
(26.0677 2.05711 0)
(25.8678 2.04401 3.53349e-19)
(25.5185 2.02137 0)
(25.0429 1.98891 0)
(24.4867 1.94812 0)
(23.9106 1.90214 3.84669e-18)
(23.3888 1.85582 0)
(23.0053 1.81563 4.19806e-18)
(22.8406 1.78898 4.92757e-19)
(22.9486 1.78252 -4.08163e-18)
(23.3324 1.79966 0)
(23.936 1.83895 0)
(24.6535 1.89352 0)
(25.345 1.95152 -8.92596e-19)
(25.8731 1.99905 8.04747e-18)
(26.1644 2.0265 0)
(26.2556 2.03469 -7.78615e-18)
(26.2555 2.03317 -7.35209e-18)
(26.2483 2.03065 0)
(26.2564 2.03005 0)
(26.2719 2.03073 -2.23105e-17)
(26.2872 2.03172 0)
(26.3008 2.03277 0)
(26.314 2.03403 0)
(26.3271 2.03563 0)
(26.3402 2.03765 -9.67855e-19)
(26.3535 2.04011 -1.14682e-17)
(26.3668 2.04309 0)
(26.3804 2.04663 0)
(26.3942 2.05081 -7.15319e-18)
(26.4083 2.05569 0)
(26.4227 2.06133 0)
(26.4374 2.0678 6.62215e-18)
(26.4524 2.07516 0)
(26.4676 2.08347 0)
(26.4829 2.09279 1.72395e-18)
(26.4984 2.10318 0)
(26.5138 2.11468 0)
(26.5291 2.12732 4.52532e-18)
(26.5442 2.14114 0)
(26.5589 2.15616 0)
(26.5732 2.17238 -2.37478e-17)
(26.5869 2.18979 0)
(26.5998 2.20837 -2.77019e-17)
(26.6118 2.22808 0)
(26.6229 2.24886 9.9253e-18)
(26.6327 2.27065 0)
(26.6413 2.29335 -5.39211e-17)
(26.6485 2.31686 0)
(26.6542 2.34107 0)
(26.6583 2.36585 -8.0249e-18)
(26.6607 2.39106 0)
(26.6615 2.41655 1.40042e-17)
(26.6605 2.44219 0)
(26.6577 2.4678 -1.14097e-16)
(26.6533 2.49326 0)
(26.6471 2.5184 0)
(26.6393 2.54309 1.81189e-16)
(26.6299 2.5672 0)
(26.619 2.5906 -1.76923e-16)
(26.6067 2.6132 -1.52987e-16)
(26.5935 2.63492 1.11225e-17)
(26.5793 2.65564 0)
(26.5646 2.67549 0)
(26.5511 2.69142 9.82756e-18)
(26.5387 2.70589 0)
(26.5258 2.71776 -7.0756e-18)
(26.5119 2.73515 -2.20357e-16)
(26.4985 2.74131 -1.94227e-16)
(26.4833 2.768 -1.57713e-16)
(26.4706 2.75556 0)
(26.4543 2.81242 -2.35621e-16)
(26.4456 2.74489 2.1931e-16)
(26.4272 2.89119 1.40111e-16)
(26.4312 2.67171 0)
(26.3928 3.06093 0)
(26.513 2.46124 0)
(26.1118 2.0669 -2.48542e-19)
(26.114 2.06768 0)
(26.1164 2.07067 2.42527e-19)
(26.1175 2.073 0)
(26.1182 2.07574 -3.93894e-18)
(26.1186 2.07851 7.30525e-18)
(26.1188 2.08146 -3.37224e-18)
(26.1186 2.08454 0)
(26.1182 2.08778 3.27491e-18)
(26.1175 2.0912 0)
(26.1164 2.09479 0)
(26.1151 2.09857 0)
(26.1134 2.10256 0)
(26.1115 2.10676 1.28972e-17)
(26.1092 2.11119 0)
(26.1067 2.11586 7.82857e-19)
(26.1039 2.1208 -6.48918e-18)
(26.1008 2.12601 0)
(26.0975 2.1315 0)
(26.094 2.13731 0)
(26.0903 2.14343 0)
(26.0863 2.1499 -1.03547e-17)
(26.0822 2.15672 0)
(26.078 2.16392 0)
(26.0736 2.17151 1.9373e-17)
(26.0692 2.17951 0)
(26.0646 2.18794 0)
(26.0601 2.19681 0)
(26.0555 2.20613 0)
(26.0509 2.21594 1.71134e-17)
(26.0463 2.22622 0)
(26.0418 2.23701 0)
(26.0374 2.24831 0)
(26.0332 2.26012 3.40889e-17)
(26.0291 2.27246 0)
(26.0251 2.28533 -2.87545e-17)
(26.0214 2.29873 0)
(26.0179 2.31266 0)
(26.0146 2.32712 0)
(26.0117 2.34209 0)
(26.0091 2.35758 5.32259e-17)
(26.0068 2.37356 -4.50136e-18)
(26.0049 2.39003 -4.48586e-17)
(26.0034 2.40697 0)
(26.0023 2.42435 -7.3488e-18)
(26.0017 2.44216 0)
(26.0016 2.46037 8.21265e-17)
(26.002 2.47895 5.87269e-18)
(26.0031 2.49788 1.43551e-16)
(26.0047 2.51712 0)
(26.0069 2.53663 1.2512e-16)
(26.0097 2.55638 -2.46008e-16)
(26.0132 2.57631 0)
(26.0171 2.59638 0)
(26.0215 2.61653 -1.00667e-16)
(26.0263 2.63671 1.00723e-16)
(26.0315 2.65687 0)
(26.037 2.67695 -9.45152e-18)
(26.0429 2.69691 -1.57501e-16)
(26.0492 2.71671 0)
(26.0558 2.7363 0)
(26.0626 2.75562 -1.34571e-16)
(26.0694 2.7746 0)
(26.076 2.79318 0)
(26.0821 2.8113 8.53642e-18)
(26.0877 2.82897 0)
(26.0927 2.84603 1.76392e-16)
(26.0964 2.86039 1.09553e-16)
(26.099 2.87245 -6.85756e-18)
(26.1014 2.88501 5.89825e-18)
(26.1037 2.89782 0)
(26.1058 2.91082 2.86013e-16)
(26.1071 2.92475 -2.52925e-16)
(26.1067 2.93613 -2.24165e-16)
(26.1007 2.95524 0)
(26.0888 2.95074 0)
(26.0691 3.00434 0)
(26.0702 2.91764 0)
(26.1007 3.16209 0)
(26.2022 2.73697 0)
(26.1544 2.13098 -1.97388e-19)
(26.158 2.13042 1.91909e-19)
(26.1722 2.13066 3.70551e-19)
(26.1834 2.12993 0)
(26.1425 2.12598 3.18882e-19)
(25.9889 2.11549 0)
(25.6939 2.09581 0)
(25.27 2.06632 0)
(24.7562 2.02827 -3.8216e-18)
(24.2083 1.9845 -3.24105e-18)
(23.6952 1.93952 -3.14886e-18)
(23.2962 1.89943 3.48387e-18)
(23.091 1.87138 3.04843e-18)
(23.1384 1.8621 0)
(23.4523 1.87556 0)
(23.9898 1.9111 0)
(24.6574 1.9628 -6.95892e-19)
(25.3255 2.01982 -5.80412e-18)
(25.8599 2.06878 0)
(26.1754 2.09926 0)
(26.2871 2.11013 0)
(26.2917 2.10962 0)
(26.2792 2.10697 0)
(26.2821 2.10613 1.956e-17)
(26.2954 2.10688 0)
(26.3097 2.1081 -7.91223e-18)
(26.3221 2.10932 7.226e-18)
(26.3335 2.11066 0)
(26.3448 2.11228 -1.2641e-17)
(26.3561 2.11426 1.11652e-17)
(26.3675 2.11663 9.23951e-18)
(26.379 2.11945 -8.01856e-18)
(26.3906 2.12277 6.98753e-18)
(26.4024 2.12664 -5.69067e-18)
(26.4145 2.13112 0)
(26.4269 2.13627 -6.48984e-18)
(26.4395 2.14215 0)
(26.4524 2.1488 0)
(26.4654 2.1563 -3.74375e-20)
(26.4786 2.16467 0)
(26.4919 2.17398 0)
(26.5052 2.18426 3.56952e-18)
(26.5184 2.19556 0)
(26.5314 2.20789 0)
(26.544 2.22129 0)
(26.5563 2.23575 0)
(26.568 2.25127 0)
(26.5791 2.26784 0)
(26.5894 2.28544 8.49109e-18)
(26.5987 2.304 4.37816e-17)
(26.6071 2.32348 5.35116e-17)
(26.6142 2.3438 0)
(26.6201 2.36487 0)
(26.6247 2.38659 -7.19787e-18)
(26.6278 2.40886 0)
(26.6294 2.43155 1.27865e-17)
(26.6294 2.45452 0)
(26.6279 2.47766 0)
(26.6247 2.50082 0)
(26.62 2.52386 0)
(26.6136 2.54665 -1.69162e-17)
(26.6058 2.56906 0)
(26.5965 2.59097 0)
(26.5859 2.61226 1.52449e-16)
(26.5742 2.63288 1.08931e-17)
(26.5616 2.65266 0)
(26.5484 2.67177 0)
(26.5362 2.68715 9.79089e-18)
(26.5249 2.70129 0)
(26.513 2.71277 -2.29472e-16)
(26.5003 2.73006 1.95891e-16)
(26.4878 2.73583 -1.73786e-16)
(26.4739 2.76279 1.57285e-16)
(26.4619 2.7499 0)
(26.4472 2.8075 2.14545e-16)
(26.4383 2.73936 -4.28232e-16)
(26.4229 2.88694 -1.39828e-16)
(26.4242 2.66667 0)
(26.3915 3.0579 0)
(26.5057 2.4561 0)
(26.1562 2.13394 -1.96343e-19)
(26.1585 2.1347 0)
(26.1596 2.13704 1.92157e-19)
(26.1602 2.13894 0)
(26.1606 2.14116 2.91602e-18)
(26.1609 2.1434 -6.13065e-18)
(26.1609 2.14579 3.20932e-18)
(26.1607 2.14829 0)
(26.1602 2.15092 -3.12392e-18)
(26.1595 2.15368 0)
(26.1585 2.15659 0)
(26.1572 2.15966 0)
(26.1556 2.1629 0)
(26.1538 2.16631 -1.0934e-17)
(26.1518 2.16992 5.05481e-18)
(26.1494 2.17373 6.3594e-19)
(26.1469 2.17775 4.88706e-18)
(26.1441 2.18201 0)
(26.141 2.18651 0)
(26.1378 2.19127 0)
(26.1344 2.1963 0)
(26.1308 2.20163 1.12002e-18)
(26.127 2.20726 8.73215e-18)
(26.123 2.21323 0)
(26.119 2.21952 -1.88256e-17)
(26.1148 2.22619 0)
(26.1105 2.23322 0)
(26.1062 2.24065 0)
(26.1018 2.24849 0)
(26.0974 2.25675 -1.78134e-18)
(26.0929 2.26546 0)
(26.0885 2.27462 -2.83953e-17)
(26.0841 2.28425 2.76535e-17)
(26.0798 2.29436 0)
(26.0755 2.30497 0)
(26.0714 2.31608 2.82364e-17)
(26.0674 2.32771 0)
(26.0635 2.33985 0)
(26.0599 2.35251 0)
(26.0565 2.36569 0)
(26.0533 2.3794 0)
(26.0503 2.39361 -8.78664e-17)
(26.0477 2.40834 4.4271e-17)
(26.0455 2.42356 0)
(26.0436 2.43927 -1.56511e-16)
(26.0421 2.45544 0)
(26.041 2.47207 0)
(26.0404 2.48912 7.16479e-17)
(26.0404 2.50657 -6.83813e-17)
(26.0409 2.5244 0)
(26.0419 2.54257 -8.87605e-18)
(26.0436 2.56104 2.27374e-16)
(26.0458 2.57977 1.04173e-16)
(26.0484 2.59871 0)
(26.0515 2.61782 9.9917e-17)
(26.055 2.63704 0)
(26.0588 2.65631 0)
(26.063 2.6756 -9.45981e-18)
(26.0675 2.69486 3.0451e-16)
(26.0725 2.71404 0)
(26.0778 2.7331 0)
(26.0833 2.75197 0)
(26.0888 2.77058 0)
(26.0941 2.78889 0)
(26.099 2.80681 2.05161e-16)
(26.1033 2.82437 0)
(26.1072 2.84138 -1.7565e-16)
(26.1099 2.85576 -1.08983e-16)
(26.1117 2.86788 -7.18642e-18)
(26.1134 2.88056 6.20346e-18)
(26.1148 2.89353 0)
(26.1161 2.90676 0)
(26.1167 2.92091 2.37059e-16)
(26.1153 2.93274 0)
(26.1081 2.95185 0)
(26.0955 2.94857 0)
(26.0746 3.00104 0)
(26.0788 2.91819 0)
(26.1075 3.1593 0)
(26.2157 2.73941 0)
(26.1924 2.19258 1.13631e-18)
(26.1905 2.19195 1.54942e-19)
(26.1927 2.19183 5.23889e-18)
(26.2051 2.19164 2.39976e-18)
(26.221 2.19124 2.57719e-18)
(26.2033 2.18883 0)
(26.0941 2.18087 0)
(25.8537 2.1643 0)
(25.4821 2.13802 3.11477e-18)
(25.0105 2.10281 3.47115e-19)
(24.4894 2.06118 3.08102e-18)
(23.9836 2.01732 0)
(23.5689 1.97699 -2.91493e-18)
(23.324 1.94717 0)
(23.3125 1.93468 0)
(23.5587 1.94407 0)
(24.0328 1.97557 -5.65916e-19)
(24.6529 2.0242 5.35597e-18)
(25.2986 2.08005 0)
(25.8383 2.13018 0)
(26.177 2.16348 0)
(26.3102 2.17704 -9.26208e-18)
(26.3218 2.17771 8.77564e-18)
(26.3057 2.175 -1.72097e-17)
(26.3035 2.17386 0)
(26.3143 2.17457 7.67161e-18)
(26.3277 2.17593 -7.01367e-18)
(26.3392 2.17729 0)
(26.3492 2.17867 0)
(26.3589 2.18028 0)
(26.3686 2.18219 -9.00566e-18)
(26.3784 2.18447 7.82383e-18)
(26.3883 2.18713 -6.478e-18)
(26.3983 2.19023 5.564e-18)
(26.4084 2.19381 -9.09934e-18)
(26.4188 2.19793 0)
(26.4295 2.20264 0)
(26.4404 2.20798 0)
(26.4514 2.21402 0)
(26.4627 2.22079 -7.48729e-19)
(26.4741 2.22834 0)
(26.4855 2.23672 2.81794e-18)
(26.4969 2.24596 0)
(26.5083 2.2561 0)
(26.5194 2.26716 0)
(26.5303 2.27916 0)
(26.5408 2.29211 0)
(26.5508 2.30601 0)
(26.5602 2.32086 4.134e-17)
(26.5689 2.33662 -7.17784e-18)
(26.5768 2.35327 0)
(26.5837 2.37075 0)
(26.5896 2.38899 0)
(26.5943 2.40793 -6.4152e-18)
(26.5977 2.42748 0)
(26.5999 2.44754 1.15951e-17)
(26.6006 2.468 8.12838e-17)
(26.5999 2.48875 -8.00047e-17)
(26.5978 2.50967 0)
(26.5942 2.53063 0)
(26.5892 2.55151 -1.59808e-17)
(26.5826 2.57219 0)
(26.5747 2.59256 1.34622e-16)
(26.5655 2.61248 0)
(26.5552 2.63191 1.31273e-16)
(26.544 2.65065 1.13339e-16)
(26.5322 2.66893 0)
(26.5212 2.68367 9.69611e-18)
(26.5109 2.69742 0)
(26.5001 2.70843 1.10772e-16)
(26.4884 2.72553 -1.20345e-17)
(26.4769 2.7309 1.7325e-16)
(26.4643 2.75797 -1.40335e-16)
(26.4528 2.74467 -1.26534e-16)
(26.4399 2.80278 -2.14022e-16)
(26.4307 2.73423 2.08922e-16)
(26.4181 2.88268 0)
(26.417 2.66199 0)
(26.3897 3.05475 0)
(26.4983 2.45107 0)
(26.194 2.19494 -1.58209e-19)
(26.195 2.19559 -1.27439e-18)
(26.1956 2.19747 1.41644e-18)
(26.196 2.19904 0)
(26.1963 2.20085 -2.77187e-18)
(26.1965 2.20268 3.00948e-19)
(26.1964 2.20463 -2.41057e-18)
(26.196 2.20667 0)
(26.1955 2.20883 2.35123e-18)
(26.1948 2.21109 0)
(26.1938 2.21347 0)
(26.1926 2.21599 4.51683e-18)
(26.1911 2.21864 0)
(26.1895 2.22144 4.93086e-18)
(26.1876 2.2244 -4.85703e-18)
(26.1855 2.22753 9.03856e-18)
(26.1832 2.23084 -5.16714e-19)
(26.1806 2.23434 0)
(26.1779 2.23805 0)
(26.175 2.24198 0)
(26.1719 2.24614 0)
(26.1686 2.25055 8.62631e-18)
(26.1651 2.25522 -9.18685e-19)
(26.1616 2.26017 0)
(26.1578 2.26542 0)
(26.154 2.27099 1.42267e-17)
(26.1501 2.27687 -1.39352e-17)
(26.1461 2.28311 0)
(26.142 2.28971 0)
(26.1378 2.29668 -1.53076e-18)
(26.1336 2.30406 2.55004e-17)
(26.1294 2.31184 2.7771e-17)
(26.1252 2.32005 -2.77681e-18)
(26.121 2.3287 0)
(26.1168 2.33781 0)
(26.1127 2.34739 0)
(26.1086 2.35745 0)
(26.1047 2.36801 0)
(26.1009 2.37906 0)
(26.0972 2.39061 0)
(26.0937 2.40268 3.87464e-17)
(26.0905 2.41526 4.12689e-17)
(26.0874 2.42834 0)
(26.0846 2.44194 0)
(26.0822 2.45603 1.4141e-16)
(26.08 2.47062 0)
(26.0783 2.48569 0)
(26.0769 2.50121 0)
(26.076 2.51719 0)
(26.0757 2.53358 0)
(26.0758 2.55037 -8.51292e-18)
(26.0764 2.56753 -7.88643e-18)
(26.0775 2.585 -7.28645e-18)
(26.0791 2.60276 0)
(26.081 2.62075 0)
(26.0833 2.63892 0)
(26.0859 2.65724 1.55567e-16)
(26.0889 2.67565 -9.40741e-18)
(26.0922 2.69411 -2.85504e-16)
(26.0959 2.71259 0)
(26.1 2.73102 0)
(26.1043 2.74936 1.14596e-16)
(26.1085 2.76753 0)
(26.1126 2.78546 -2.00025e-16)
(26.1163 2.80311 -1.86327e-16)
(26.1195 2.82047 0)
(26.1222 2.83737 0)
(26.124 2.85171 9.99548e-17)
(26.125 2.86385 -1.87119e-16)
(26.1259 2.87659 1.67502e-16)
(26.1266 2.88967 0)
(26.1271 2.9031 0)
(26.1268 2.91742 -4.64172e-16)
(26.1245 2.92968 0)
(26.1161 2.94869 0)
(26.1026 2.94671 0)
(26.0808 2.99782 0)
(26.0879 2.91917 0)
(26.1155 3.1564 0)
(26.2294 2.74222 0)
(26.2247 2.24859 -1.35683e-18)
(26.2234 2.2481 1.26433e-19)
(26.2214 2.24785 -4.44252e-18)
(26.2222 2.24735 -2.28769e-18)
(26.2321 2.2471 0)
(26.2499 2.24713 0)
(26.25 2.24593 1.81199e-18)
(26.1807 2.24032 0)
(25.994 2.22698 -3.30999e-18)
(25.676 2.20411 5.69126e-18)
(25.248 2.17194 -2.48824e-18)
(24.7548 2.13254 0)
(24.2572 2.08977 0)
(23.8281 2.04911 0)
(23.5456 2.01736 0)
(23.4774 2.00145 0)
(23.658 2.00652 -4.69355e-19)
(24.0702 2.03373 0)
(24.6438 2.07908 0)
(25.267 2.1335 0)
(25.8104 2.18451 0)
(26.1708 2.22041 7.89163e-19)
(26.3261 2.23664 -7.42437e-19)
(26.3471 2.23864 6.82885e-19)
(26.3288 2.23596 0)
(26.3218 2.23445 0)
(26.3299 2.235 5.79186e-18)
(26.3424 2.23643 0)
(26.3531 2.23788 0)
(26.362 2.23929 0)
(26.3703 2.24085 0)
(26.3786 2.2427 0)
(26.387 2.24486 2.3293e-19)
(26.3955 2.24736 0)
(26.4041 2.25024 3.49705e-20)
(26.4128 2.25356 0)
(26.4218 2.25735 0)
(26.4309 2.26167 0)
(26.4403 2.26655 0)
(26.4499 2.27204 2.31786e-18)
(26.4595 2.27818 0)
(26.4693 2.28501 2.20908e-18)
(26.4792 2.29257 0)
(26.489 2.3009 0)
(26.4987 2.31003 0)
(26.5083 2.31997 0)
(26.5176 2.33077 0)
(26.5265 2.34241 0)
(26.535 2.3549 -2.76301e-17)
(26.5429 2.36824 -6.14467e-18)
(26.5501 2.38241 0)
(26.5566 2.39738 0)
(26.5622 2.4131 -3.40508e-17)
(26.5669 2.42953 -5.68529e-18)
(26.5704 2.44659 0)
(26.5729 2.46422 1.04502e-17)
(26.5741 2.48233 -8.08016e-17)
(26.574 2.50081 1.4978e-16)
(26.5727 2.51958 0)
(26.57 2.53852 0)
(26.5659 2.55752 -1.49966e-17)
(26.5605 2.57647 0)
(26.5537 2.59526 -1.25486e-17)
(26.5457 2.61377 0)
(26.5367 2.63196 0)
(26.5267 2.64959 -9.17524e-18)
(26.5162 2.66696 0)
(26.5063 2.68099 1.28592e-16)
(26.497 2.69427 0)
(26.4871 2.70477 0)
(26.4764 2.72158 -1.82554e-16)
(26.4658 2.72652 0)
(26.4544 2.75356 8.43884e-18)
(26.4436 2.73992 2.45195e-16)
(26.4322 2.79827 0)
(26.4228 2.72954 -1.88574e-16)
(26.413 2.87842 -1.21383e-16)
(26.4097 2.65772 0)
(26.3874 3.05149 0)
(26.4908 2.44622 0)
(26.2252 2.25046 -1.29042e-19)
(26.2258 2.25102 2.29028e-18)
(26.2262 2.25255 0)
(26.2265 2.25385 0)
(26.2266 2.25534 0)
(26.2266 2.25686 4.39924e-18)
(26.2264 2.25846 2.44411e-19)
(26.226 2.26015 0)
(26.2255 2.26192 -2.39278e-19)
(26.2247 2.26379 0)
(26.2238 2.26576 0)
(26.2227 2.26784 -4.62018e-19)
(26.2214 2.27003 0)
(26.2198 2.27235 0)
(26.2181 2.2748 -3.71031e-18)
(26.2162 2.27739 -4.09486e-18)
(26.2141 2.28014 -4.3125e-19)
(26.2119 2.28305 0)
(26.2094 2.28613 0)
(26.2068 2.28939 0)
(26.204 2.29286 0)
(26.2011 2.29654 -6.64938e-18)
(26.198 2.30044 -7.3119e-18)
(26.1948 2.30458 -1.28376e-17)
(26.1915 2.30898 0)
(26.188 2.31364 -1.45938e-18)
(26.1844 2.31859 1.4262e-18)
(26.1808 2.32384 0)
(26.177 2.32941 0)
(26.1732 2.33531 -1.32204e-18)
(26.1693 2.34156 -2.57213e-18)
(26.1654 2.34818 0)
(26.1615 2.35519 -2.42348e-18)
(26.1575 2.36259 -2.08474e-17)
(26.1535 2.37041 0)
(26.1496 2.37866 0)
(26.1456 2.38735 0)
(26.1418 2.39651 0)
(26.138 2.40613 0)
(26.1343 2.41623 0)
(26.1307 2.42681 -3.8146e-17)
(26.1272 2.4379 0)
(26.124 2.44948 3.24814e-17)
(26.1209 2.46156 0)
(26.1181 2.47415 -5.87487e-18)
(26.1155 2.48723 0)
(26.1133 2.5008 0)
(26.1114 2.51486 -5.44634e-17)
(26.1099 2.52939 0)
(26.1089 2.54437 0)
(26.1082 2.55979 -8.11062e-18)
(26.1081 2.57562 -7.55446e-18)
(26.1083 2.59182 -9.51345e-17)
(26.1089 2.60835 0)
(26.1099 2.62518 -8.00128e-17)
(26.1111 2.64227 0)
(26.1127 2.65956 -1.54413e-16)
(26.1146 2.67703 -9.29975e-18)
(26.1168 2.69464 1.37545e-16)
(26.1194 2.71234 0)
(26.1223 2.73008 0)
(26.1255 2.7478 -6.35386e-18)
(26.1286 2.76544 0)
(26.1315 2.78293 1.03301e-17)
(26.134 2.80022 9.27813e-18)
(26.1361 2.81731 0)
(26.1377 2.83402 1.5261e-16)
(26.1385 2.84828 -4.46791e-18)
(26.1388 2.86039 0)
(26.1389 2.87315 0)
(26.1389 2.8863 0)
(26.1386 2.89987 -2.45337e-16)
(26.1375 2.91432 2.27106e-16)
(26.1341 2.92699 0)
(26.1245 2.94582 0)
(26.1102 2.94519 0)
(26.0877 2.99471 0)
(26.0976 2.92061 -2.70684e-16)
(26.1244 3.1534 0)
(26.2433 2.74552 0)
(26.2515 2.29957 -1.06678e-19)
(26.2512 2.29921 1.04179e-19)
(26.2501 2.29904 3.78251e-18)
(26.248 2.29852 0)
(26.2476 2.29796 0)
(26.2547 2.2978 -1.66203e-18)
(26.2719 2.29805 -1.80361e-19)
(26.2837 2.2977 0)
(26.2477 2.29417 0)
(26.1121 2.28401 -5.44047e-18)
(25.8488 2.26472 2.5945e-18)
(25.467 2.23582 0)
(25.0044 2.19886 0)
(24.5176 2.15732 0)
(24.0768 2.11639 0)
(23.7596 2.08269 0)
(23.6375 2.06329 -3.92491e-19)
(23.7544 2.06389 -3.5107e-18)
(24.1058 2.08659 0)
(24.633 2.12839 0)
(25.2327 2.18112 0)
(25.7779 2.2327 7.26588e-18)
(26.1583 2.27096 -7.14032e-18)
(26.3361 2.28987 1.32033e-17)
(26.3683 2.2934 0)
(26.3495 2.2909 0)
(26.3379 2.28904 -4.32458e-19)
(26.343 2.28934 0)
(26.3543 2.29071 0)
(26.3644 2.29217 0)
(26.3723 2.29355 7.20028e-18)
(26.3795 2.29504 -6.44085e-18)
(26.3867 2.29679 5.94935e-18)
(26.3939 2.29883 0)
(26.4011 2.30117 8.6756e-18)
(26.4085 2.30385 0)
(26.416 2.30691 0)
(26.4237 2.3104 0)
(26.4316 2.31436 0)
(26.4396 2.31882 -1.55436e-18)
(26.4478 2.32382 0)
(26.4561 2.32939 1.71412e-18)
(26.4645 2.33559 0)
(26.473 2.34243 0)
(26.4814 2.34996 0)
(26.4897 2.3582 0)
(26.4978 2.36717 0)
(26.5056 2.3769 0)
(26.5132 2.38739 5.18213e-18)
(26.5202 2.39864 -2.94434e-17)
(26.5268 2.41066 0)
(26.5327 2.42343 0)
(26.5379 2.43691 3.37717e-17)
(26.5423 2.45109 -5.01023e-18)
(26.5458 2.46591 0)
(26.5483 2.48131 7.05654e-17)
(26.5498 2.49723 0)
(26.5501 2.5136 -6.98002e-17)
(26.5493 2.53033 0)
(26.5473 2.54733 0)
(26.544 2.5645 -1.305e-16)
(26.5394 2.58174 0)
(26.5336 2.59896 -1.20955e-16)
(26.5267 2.61603 -1.04578e-16)
(26.5187 2.63294 -9.96723e-17)
(26.5098 2.64943 -1.03344e-16)
(26.5004 2.66583 0)
(26.4915 2.67909 0)
(26.4831 2.69184 0)
(26.4741 2.70179 0)
(26.4644 2.71822 -1.5788e-16)
(26.4546 2.72272 0)
(26.4443 2.74958 8.51063e-18)
(26.4341 2.73567 -1.18663e-16)
(26.4242 2.79401 0)
(26.4147 2.72532 1.88117e-16)
(26.4074 2.87419 1.21103e-16)
(26.4021 2.65389 0)
(26.3847 3.04813 0)
(26.4831 2.44164 0)
(26.2517 2.30108 -1.06277e-19)
(26.2521 2.30157 -1.0268e-18)
(26.2524 2.30283 0)
(26.2525 2.30392 0)
(26.2525 2.30515 0)
(26.2524 2.30641 -3.75287e-18)
(26.2521 2.30774 1.95866e-18)
(26.2517 2.30915 0)
(26.2511 2.31062 -1.91734e-18)
(26.2504 2.31218 0)
(26.2495 2.31382 -3.35929e-18)
(26.2485 2.31555 -3.85033e-19)
(26.2472 2.31738 0)
(26.2459 2.31931 0)
(26.2443 2.32136 3.56608e-18)
(26.2426 2.32352 3.15153e-18)
(26.2408 2.32581 -3.47012e-18)
(26.2388 2.32824 0)
(26.2366 2.33082 6.03847e-18)
(26.2343 2.33356 0)
(26.2318 2.33647 0)
(26.2292 2.33955 6.71432e-19)
(26.2265 2.34283 5.67058e-18)
(26.2236 2.34631 1.2449e-17)
(26.2207 2.35002 0)
(26.2176 2.35395 -1.20174e-17)
(26.2144 2.35813 1.17984e-17)
(26.2111 2.36258 0)
(26.2078 2.3673 0)
(26.2043 2.37231 -1.14338e-18)
(26.2008 2.37763 -2.17984e-17)
(26.1972 2.38327 0)
(26.1936 2.38926 -2.1165e-18)
(26.1899 2.3956 2.04028e-17)
(26.1862 2.40232 0)
(26.1825 2.40943 0)
(26.1788 2.41694 0)
(26.1751 2.42487 0)
(26.1715 2.43323 0)
(26.1679 2.44204 0)
(26.1643 2.45131 0)
(26.1609 2.46105 -2.99124e-17)
(26.1576 2.47127 -3.20042e-17)
(26.1544 2.48197 0)
(26.1514 2.49316 -5.39618e-18)
(26.1486 2.50485 0)
(26.146 2.51702 0)
(26.1438 2.52969 5.38233e-17)
(26.1419 2.54284 4.74301e-17)
(26.1404 2.55647 0)
(26.1392 2.57055 -9.53866e-17)
(26.1384 2.58507 -9.13257e-17)
(26.138 2.60001 8.05754e-17)
(26.1378 2.61532 0)
(26.138 2.63098 5.8094e-18)
(26.1383 2.64695 0)
(26.139 2.66319 0)
(26.1399 2.67968 -9.14304e-18)
(26.1412 2.69638 0)
(26.1428 2.71324 0)
(26.1447 2.73023 0)
(26.1468 2.74727 -1.06912e-16)
(26.1488 2.76432 0)
(26.1506 2.7813 1.87579e-16)
(26.152 2.79817 9.45677e-18)
(26.153 2.81493 0)
(26.1536 2.83139 -1.51871e-16)
(26.1536 2.8455 -9.43482e-17)
(26.1531 2.85754 0)
(26.1525 2.87027 0)
(26.1517 2.88344 0)
(26.1507 2.89712 2.44268e-16)
(26.1487 2.91165 2.08368e-16)
(26.1444 2.92468 0)
(26.1336 2.94327 0)
(26.1182 2.94404 0)
(26.0954 2.99177 0)
(26.1078 2.92257 2.69924e-16)
(26.1344 3.15031 0)
(26.2577 2.74941 0)
(26.2745 2.3461 7.09401e-19)
(26.2744 2.34582 8.68635e-20)
(26.2741 2.34573 -1.69587e-19)
(26.2732 2.34534 0)
(26.2713 2.34481 0)
(26.2699 2.34435 1.58553e-18)
(26.2742 2.34419 -1.54422e-18)
(26.2891 2.34448 0)
(26.3071 2.34469 2.60183e-18)
(26.2965 2.34286 2.63916e-19)
(26.2069 2.33566 0)
(25.9984 2.32002 0)
(25.6658 2.29463 0)
(25.2375 2.26041 0)
(24.7654 2.22037 0)
(24.3169 2.17941 0)
(23.969 2.14398 -3.31072e-19)
(23.7966 2.12124 3.36494e-18)
(23.8519 2.11742 0)
(24.1429 2.1355 0)
(24.623 2.17352 0)
(25.1972 2.22418 0)
(25.7415 2.27585 0)
(26.1395 2.31599 -1.13322e-17)
(26.3396 2.3373 0)
(26.385 2.34234 -4.96793e-18)
(26.3677 2.34011 -3.87543e-19)
(26.3526 2.33799 -4.30158e-18)
(26.3548 2.33814 0)
(26.3648 2.33957 0)
(26.3739 2.34109 -4.25149e-19)
(26.3808 2.34241 3.41614e-19)
(26.3869 2.34378 0)
(26.393 2.34539 -4.67641e-18)
(26.3992 2.34728 0)
(26.4055 2.34946 0)
(26.4117 2.35194 0)
(26.4181 2.35476 0)
(26.4247 2.35796 0)
(26.4315 2.36158 -2.58713e-18)
(26.4384 2.36565 0)
(26.4454 2.3702 1.31585e-18)
(26.4525 2.37527 0)
(26.4597 2.38089 0)
(26.4669 2.38709 0)
(26.474 2.3939 0)
(26.481 2.40134 0)
(26.4878 2.40945 0)
(26.4944 2.41823 4.35517e-18)
(26.5006 2.42769 1.95171e-17)
(26.5064 2.43784 -2.12346e-17)
(26.5117 2.44868 0)
(26.5164 2.4602 0)
(26.5205 2.47237 -4.39225e-18)
(26.5237 2.48517 0)
(26.5262 2.49856 -5.24191e-17)
(26.5277 2.51248 0)
(26.5282 2.52688 5.32097e-17)
(26.5277 2.5417 0)
(26.5261 2.55686 0)
(26.5234 2.57227 0)
(26.5196 2.58786 0)
(26.5146 2.60353 0)
(26.5084 2.61917 1.97909e-16)
(26.5013 2.63479 9.92384e-17)
(26.4934 2.6501 0)
(26.4849 2.66548 0)
(26.4769 2.67795 0)
(26.4693 2.69012 -9.0065e-17)
(26.4611 2.69948 0)
(26.4523 2.71544 1.57259e-16)
(26.4433 2.7195 0)
(26.434 2.74604 8.54e-18)
(26.4244 2.73194 1.03637e-16)
(26.416 2.79 0)
(26.4063 2.7216 0)
(26.4016 2.87 0)
(26.3942 2.65056 0)
(26.3816 3.04465 6.62137e-17)
(26.475 2.43741 0)
(26.2746 2.34733 -8.85594e-20)
(26.2748 2.34776 -7.87725e-19)
(26.2749 2.34881 0)
(26.2749 2.34972 7.74471e-19)
(26.2748 2.35075 0)
(26.2746 2.3518 1.70889e-19)
(26.2743 2.35292 0)
(26.2739 2.35409 0)
(26.2733 2.35533 0)
(26.2726 2.35663 0)
(26.2717 2.358 3.27178e-19)
(26.2708 2.35946 -3.23978e-19)
(26.2697 2.36099 0)
(26.2684 2.36262 0)
(26.2671 2.36433 2.75671e-18)
(26.2655 2.36615 -3.10206e-19)
(26.2639 2.36808 0)
(26.2621 2.37013 0)
(26.2602 2.3723 -5.8262e-18)
(26.2582 2.37461 0)
(26.256 2.37706 0)
(26.2538 2.37967 5.72802e-19)
(26.2514 2.38244 -5.6408e-19)
(26.2489 2.38539 0)
(26.2463 2.38853 0)
(26.2435 2.39186 0)
(26.2407 2.39541 0)
(26.2378 2.39919 0)
(26.2348 2.40321 0)
(26.2318 2.40748 -9.92041e-19)
(26.2286 2.41202 0)
(26.2254 2.41685 1.68151e-17)
(26.2222 2.42198 -1.85171e-18)
(26.2188 2.42743 0)
(26.2155 2.43321 0)
(26.2121 2.43934 0)
(26.2086 2.44584 0)
(26.2052 2.45271 0)
(26.2018 2.45998 0)
(26.1984 2.46767 0)
(26.195 2.47578 0)
(26.1916 2.48432 2.79967e-18)
(26.1884 2.49332 2.59071e-17)
(26.1852 2.50278 0)
(26.1822 2.51271 -4.94258e-18)
(26.1793 2.52311 0)
(26.1766 2.534 0)
(26.1742 2.54537 0)
(26.172 2.55723 -4.68761e-17)
(26.1702 2.56957 0)
(26.1686 2.58238 7.95205e-17)
(26.1674 2.59564 0)
(26.1664 2.60934 -6.40268e-18)
(26.1657 2.62346 0)
(26.1651 2.63796 7.28701e-17)
(26.1648 2.65282 0)
(26.1647 2.668 0)
(26.1648 2.68349 -8.94599e-18)
(26.1653 2.69924 -1.10613e-16)
(26.166 2.71524 0)
(26.167 2.73143 0)
(26.1682 2.74775 9.35155e-17)
(26.1692 2.76415 -1.76118e-16)
(26.17 2.78057 -1.65489e-16)
(26.1704 2.79696 1.64788e-16)
(26.1704 2.81332 0)
(26.1699 2.82948 1.35642e-16)
(26.1691 2.8434 -8.44275e-17)
(26.1679 2.85532 0)
(26.1666 2.86798 0)
(26.1651 2.88114 0)
(26.1634 2.89488 0)
(26.1606 2.90945 -9.64724e-18)
(26.1551 2.92281 0)
(26.1431 2.94109 0)
(26.1267 2.9433 0)
(26.1038 2.98903 0)
(26.1188 2.92515 -2.4727e-16)
(26.1454 3.14711 0)
(26.2728 2.75404 0)
(26.2943 2.38861 -8.32702e-19)
(26.2943 2.38839 7.26573e-20)
(26.2942 2.38833 -1.41961e-19)
(26.294 2.38805 1.28756e-18)
(26.2933 2.38766 0)
(26.2916 2.38724 0)
(26.2896 2.38685 1.20079e-18)
(26.2915 2.38664 -1.17028e-18)
(26.303 2.38687 -2.40102e-19)
(26.3227 2.3874 2.30882e-19)
(26.3295 2.38683 0)
(26.2787 2.38225 0)
(26.123 2.3702 0)
(25.8419 2.34851 1.62456e-18)
(25.4517 2.31722 0)
(24.9981 2.27874 0)
(24.5459 2.23765 -2.85045e-19)
(24.1717 2.20028 0)
(23.9533 2.17401 0)
(23.951 2.16563 0)
(24.1844 2.17913 0)
(24.6186 2.21363 -4.75943e-18)
(25.167 2.26265 4.66398e-18)
(25.708 2.31488 4.5781e-19)
(26.1208 2.3573 0)
(26.3409 2.38126 4.74061e-18)
(26.3983 2.38774 -3.38077e-19)
(26.3818 2.38529 4.17268e-18)
(26.3628 2.3822 0)
(26.3626 2.38168 0)
(26.3726 2.38303 -6.4208e-18)
(26.382 2.38476 3.29418e-19)
(26.3883 2.38623 -4.91194e-18)
(26.3932 2.38755 4.56743e-18)
(26.3981 2.38902 0)
(26.4034 2.39076 0)
(26.4087 2.39278 0)
(26.4141 2.39508 0)
(26.4195 2.39767 0)
(26.4251 2.40061 2.54e-18)
(26.4309 2.40391 0)
(26.4368 2.40762 9.8861e-19)
(26.4427 2.41176 0)
(26.4488 2.41637 0)
(26.4549 2.42146 0)
(26.4609 2.42708 0)
(26.4669 2.43324 0)
(26.4727 2.43998 0)
(26.4784 2.4473 3.63482e-18)
(26.4838 2.45523 -1.93029e-17)
(26.4888 2.46378 2.10149e-17)
(26.4934 2.47295 0)
(26.4976 2.48274 0)
(26.5012 2.49315 -2.47132e-17)
(26.5041 2.50415 0)
(26.5063 2.51572 5.20143e-17)
(26.5077 2.52782 -4.54662e-17)
(26.5083 2.54043 -6.922e-18)
(26.5079 2.55347 0)
(26.5066 2.56691 -4.57696e-17)
(26.5043 2.58066 9.04023e-17)
(26.501 2.59466 0)
(26.4965 2.60884 0)
(26.4911 2.62308 -9.69509e-18)
(26.4847 2.63741 0)
(26.4776 2.65153 0)
(26.4699 2.66587 0)
(26.4627 2.67752 0)
(26.4558 2.68906 8.96219e-17)
(26.4483 2.69782 -7.42834e-17)
(26.4403 2.71325 0)
(26.4319 2.71687 0)
(26.4237 2.74295 8.52036e-18)
(26.4146 2.72875 -7.48848e-18)
(26.4076 2.78625 0)
(26.3976 2.71843 1.5496e-16)
(26.3955 2.86583 0)
(26.386 2.64783 0)
(26.3784 3.041 -6.60675e-17)
(26.4664 2.43368 0)
(26.2943 2.38962 -7.4052e-20)
(26.2944 2.38999 7.36188e-20)
(26.2944 2.39086 0)
(26.2943 2.39163 -7.37722e-19)
(26.2941 2.39249 0)
(26.2939 2.39338 1.43502e-19)
(26.2935 2.39432 0)
(26.293 2.3953 0)
(26.2925 2.39635 1.27149e-18)
(26.2918 2.39744 0)
(26.291 2.3986 2.76824e-18)
(26.2902 2.39983 -2.73955e-18)
(26.2892 2.40112 -2.43895e-18)
(26.2881 2.40249 0)
(26.2868 2.40395 -2.64987e-18)
(26.2855 2.40549 -2.63412e-19)
(26.2841 2.40712 2.32646e-18)
(26.2825 2.40885 0)
(26.2809 2.4107 4.53458e-18)
(26.2791 2.41265 0)
(26.2772 2.41473 0)
(26.2752 2.41695 4.90749e-19)
(26.2732 2.4193 -9.05919e-18)
(26.271 2.42181 0)
(26.2687 2.42448 0)
(26.2664 2.42733 0)
(26.2639 2.43035 0)
(26.2614 2.43358 0)
(26.2588 2.43702 0)
(26.2561 2.44068 -8.63319e-19)
(26.2533 2.44457 0)
(26.2505 2.44872 -1.64128e-17)
(26.2476 2.45313 -1.6234e-18)
(26.2446 2.45782 0)
(26.2416 2.46281 0)
(26.2385 2.46811 0)
(26.2354 2.47374 0)
(26.2323 2.47971 0)
(26.2291 2.48604 0)
(26.226 2.49275 0)
(26.2228 2.49985 0)
(26.2197 2.50735 2.52697e-18)
(26.2166 2.51527 -2.55006e-17)
(26.2135 2.52362 0)
(26.2106 2.53242 -4.51601e-18)
(26.2077 2.54167 0)
(26.205 2.55139 0)
(26.2026 2.56158 0)
(26.2003 2.57224 3.85233e-17)
(26.1982 2.58339 0)
(26.1965 2.595 -6.80767e-18)
(26.1949 2.60708 0)
(26.1935 2.61961 -7.26442e-17)
(26.1924 2.63257 6.393e-17)
(26.1913 2.64595 6.12904e-17)
(26.1904 2.65972 0)
(26.1897 2.67385 0)
(26.1892 2.68834 -8.71258e-18)
(26.1889 2.70315 2.1144e-16)
(26.1889 2.71826 0)
(26.1892 2.73363 0)
(26.1894 2.7492 -9.28898e-17)
(26.1896 2.76491 1.1636e-17)
(26.1895 2.78073 3.18315e-16)
(26.1889 2.79659 0)
(26.188 2.81251 0)
(26.1867 2.82831 -8.02586e-18)
(26.185 2.84199 8.38746e-17)
(26.1831 2.85376 0)
(26.1812 2.86632 0)
(26.179 2.87942 0)
(26.1766 2.89319 0)
(26.173 2.90775 -1.01266e-17)
(26.1664 2.9214 0)
(26.1532 2.93931 0)
(26.1358 2.94301 0)
(26.1129 2.9865 0)
(26.1306 2.92845 2.46499e-16)
(26.1571 3.14372 0)
(26.2885 2.75945 0)
(26.3117 2.42772 5.24041e-19)
(26.3117 2.42754 6.18526e-20)
(26.3117 2.42751 -1.20982e-19)
(26.3117 2.42729 -1.18226e-19)
(26.3116 2.42698 1.08476e-18)
(26.3111 2.42668 0)
(26.3096 2.42635 -1.14587e-18)
(26.3075 2.42598 1.11767e-18)
(26.3074 2.42571 -2.0651e-19)
(26.3151 2.42582 1.99937e-19)
(26.3331 2.42635 0)
(26.3498 2.4265 0)
(26.3302 2.42407 0)
(26.2259 2.41588 -1.70387e-18)
(26.0024 2.39919 0)
(25.6596 2.37301 0)
(25.2324 2.33859 -2.48272e-19)
(24.7807 2.29946 0)
(24.3804 2.2613 0)
(24.1126 2.23127 0)
(24.0462 2.21653 0)
(24.2146 2.22222 4.18726e-19)
(24.5976 2.24916 -3.99463e-19)
(25.1188 2.29267 4.30844e-18)
(25.66 2.34284 0)
(26.0947 2.38712 -3.77911e-18)
(26.3446 2.41574 -3.95948e-18)
(26.4216 2.42711 -3.46914e-18)
(26.4065 2.42744 0)
(26.3784 2.42459 0)
(26.3698 2.42296 0)
(26.3768 2.42328 5.32382e-18)
(26.3868 2.42462 9.32352e-18)
(26.394 2.4261 0)
(26.3986 2.42749 0)
(26.4025 2.42888 0)
(26.4066 2.43043 0)
(26.4111 2.43223 0)
(26.4157 2.4343 0)
(26.4203 2.43665 2.99031e-18)
(26.425 2.4393 -2.22629e-18)
(26.4299 2.44229 7.24458e-19)
(26.4348 2.44564 0)
(26.4398 2.44937 0)
(26.4449 2.45352 -1.00438e-18)
(26.45 2.45812 2.18866e-18)
(26.455 2.46318 3.29509e-18)
(26.4599 2.46873 0)
(26.4647 2.4748 3.02276e-18)
(26.4692 2.48139 0)
(26.4735 2.48854 0)
(26.4775 2.49624 0)
(26.481 2.50451 0)
(26.4841 2.51334 0)
(26.4866 2.52273 0)
(26.4885 2.53266 0)
(26.4897 2.54312 6.37972e-18)
(26.4902 2.55407 -6.20288e-18)
(26.4898 2.56548 0)
(26.4887 2.5773 4.54723e-17)
(26.4866 2.58949 -8.98476e-17)
(26.4836 2.60197 7.78042e-17)
(26.4796 2.61471 0)
(26.4746 2.62759 -9.09437e-18)
(26.4689 2.64066 7.16452e-17)
(26.4624 2.6536 0)
(26.4554 2.66689 0)
(26.4488 2.67771 0)
(26.4426 2.6886 -7.39172e-17)
(26.4356 2.69676 7.39305e-17)
(26.4284 2.71158 0)
(26.4206 2.71479 0)
(26.4133 2.74026 1.04311e-16)
(26.4045 2.72612 -1.83381e-16)
(26.3991 2.78272 0)
(26.3884 2.71587 -1.16996e-17)
(26.3896 2.86166 0)
(26.377 2.64574 0)
(26.3754 3.0373 0)
(26.4567 2.43021 0)
(26.3116 2.42856 -6.29926e-20)
(26.3116 2.42888 6.26633e-20)
(26.3115 2.4296 0)
(26.3113 2.43025 5.71742e-19)
(26.3111 2.43097 0)
(26.3108 2.43172 1.2248e-19)
(26.3104 2.43251 0)
(26.31 2.43335 0)
(26.3094 2.43423 -1.20063e-19)
(26.3088 2.43515 0)
(26.3081 2.43614 -2.15086e-18)
(26.3073 2.43718 2.12945e-18)
(26.3064 2.43827 2.34039e-18)
(26.3055 2.43944 0)
(26.3044 2.44067 2.06237e-18)
(26.3032 2.44198 -2.26777e-19)
(26.302 2.44337 -2.24615e-19)
(26.3007 2.44485 0)
(26.2992 2.44642 -4.37378e-18)
(26.2977 2.44808 0)
(26.2961 2.44986 0)
(26.2944 2.45175 4.20743e-18)
(26.2926 2.45376 7.88024e-18)
(26.2908 2.4559 0)
(26.2888 2.45818 0)
(26.2868 2.46062 -7.14011e-18)
(26.2847 2.46321 0)
(26.2825 2.46598 0)
(26.2802 2.46892 6.80787e-18)
(26.2779 2.47206 -1.41484e-17)
(26.2755 2.47541 0)
(26.273 2.47898 1.29321e-17)
(26.2705 2.48279 -1.41323e-17)
(26.2679 2.48683 1.24645e-17)
(26.2652 2.49115 1.22263e-17)
(26.2625 2.49574 0)
(26.2598 2.50062 0)
(26.2569 2.50581 0)
(26.2541 2.51132 0)
(26.2512 2.51717 0)
(26.2483 2.52338 2.14991e-17)
(26.2454 2.52996 2.28821e-18)
(26.2426 2.53693 2.04728e-17)
(26.2397 2.5443 0)
(26.2369 2.55208 -4.29817e-17)
(26.2342 2.56029 0)
(26.2316 2.56895 0)
(26.2292 2.57806 0)
(26.2269 2.58763 -3.51225e-18)
(26.2248 2.59767 0)
(26.2229 2.60817 -7.10039e-17)
(26.2211 2.61914 6.23691e-17)
(26.2195 2.63057 0)
(26.218 2.64243 -6.32851e-17)
(26.2166 2.65472 -6.07002e-17)
(26.2152 2.66744 0)
(26.214 2.68055 -1.02029e-16)
(26.213 2.69406 -1.05956e-16)
(26.2122 2.70794 -7.89363e-18)
(26.2116 2.72216 0)
(26.2111 2.73669 0)
(26.2107 2.75149 7.96479e-17)
(26.21 2.7665 1.16084e-17)
(26.2091 2.78168 -1.06763e-17)
(26.2077 2.79699 0)
(26.2059 2.81243 0)
(26.2037 2.82783 -8.18298e-18)
(26.2013 2.84125 0)
(26.1989 2.85284 0)
(26.1963 2.86526 0)
(26.1935 2.87828 0)
(26.1904 2.89204 0)
(26.1859 2.90657 -1.0603e-17)
(26.1783 2.92047 0)
(26.1638 2.93795 0)
(26.1455 2.94324 0)
(26.1226 2.98418 0)
(26.1437 2.93273 2.1981e-16)
(26.1691 3.13997 0)
(26.3063 2.76583 -5.29491e-16)
(26.3309 2.47233 -4.37944e-19)
(26.3311 2.47217 3.75282e-19)
(26.3312 2.47214 -7.39458e-19)
(26.3312 2.47197 -7.28027e-19)
(26.3312 2.47173 -7.16219e-19)
(26.3312 2.47149 5.99291e-19)
(26.3309 2.47125 0)
(26.33 2.47097 0)
(26.3284 2.47064 -1.32887e-18)
(26.3272 2.47035 2.41091e-18)
(26.33 2.47026 0)
(26.3407 2.47057 0)
(26.3565 2.471 0)
(26.3593 2.47037 0)
(26.3139 2.46632 0)
(26.1807 2.45603 0)
(25.9366 2.43734 -3.42396e-18)
(25.5892 2.40987 -1.47762e-18)
(25.178 2.37545 0)
(24.7672 2.33827 0)
(24.4341 2.30449 0)
(24.2547 2.28126 1.61555e-18)
(24.2832 2.27492 -5.2998e-18)
(24.5303 2.28877 -2.43101e-18)
(24.9513 2.32128 -2.38907e-18)
(25.4516 2.36548 2.68606e-18)
(25.9129 2.41053 0)
(26.2386 2.44581 2.57861e-18)
(26.3979 2.46584 -2.18045e-18)
(26.4317 2.47237 0)
(26.4116 2.47161 -3.8507e-18)
(26.39 2.4693 0)
(26.3841 2.46822 -6.88621e-18)
(26.3893 2.46866 2.99287e-18)
(26.3967 2.46987 0)
(26.4023 2.4712 0)
(26.4061 2.47246 -4.27994e-18)
(26.4092 2.47376 -3.72305e-18)
(26.4125 2.47522 0)
(26.416 2.47691 -5.13938e-18)
(26.4197 2.47887 1.87775e-18)
(26.4234 2.48109 -4.12752e-18)
(26.4272 2.4836 0)
(26.4311 2.48642 1.21021e-18)
(26.4351 2.48957 1.14551e-18)
(26.439 2.49309 -1.90832e-18)
(26.443 2.49699 -2.89105e-18)
(26.4469 2.50129 -2.2855e-18)
(26.4507 2.50603 9.35002e-18)
(26.4543 2.51121 0)
(26.4577 2.51687 0)
(26.4608 2.52301 -1.00373e-17)
(26.4637 2.52964 0)
(26.4661 2.53678 1.20925e-17)
(26.4681 2.54442 -1.29363e-17)
(26.4696 2.55258 0)
(26.4705 2.56123 3.58693e-17)
(26.4708 2.57036 -7.21506e-18)
(26.4704 2.57995 0)
(26.4693 2.58998 0)
(26.4674 2.60041 -3.07073e-17)
(26.4646 2.61119 -7.35878e-17)
(26.4611 2.62229 0)
(26.4567 2.63362 -7.06373e-17)
(26.4515 2.64522 -6.85134e-17)
(26.4456 2.65681 0)
(26.4394 2.66887 0)
(26.4334 2.67874 0)
(26.4279 2.68883 1.33071e-16)
(26.4216 2.69634 0)
(26.4152 2.71034 0)
(26.4079 2.71325 9.46382e-17)
(26.4019 2.73772 0)
(26.3933 2.72402 8.61343e-17)
(26.3897 2.77903 1.27956e-16)
(26.3785 2.71403 -1.40871e-16)
(26.3827 2.85698 0)
(26.3678 2.64474 0)
(26.3716 3.03253 5.24953e-17)
(26.4476 2.42819 -3.00036e-16)
(26.3308 2.47301 -5.73718e-20)
(26.3307 2.47326 3.79247e-19)
(26.3305 2.47385 -3.20997e-19)
(26.3303 2.47437 -3.77182e-19)
(26.3301 2.47495 0)
(26.3298 2.47556 7.49872e-19)
(26.3294 2.4762 0)
(26.329 2.47688 0)
(26.3285 2.4776 -1.13461e-19)
(26.328 2.47835 0)
(26.3274 2.47915 8.49758e-19)
(26.3267 2.48 -2.7096e-18)
(26.3259 2.4809 1.23639e-18)
(26.3251 2.48185 0)
(26.3243 2.48286 -2.67261e-18)
(26.3233 2.48394 -1.44099e-18)
(26.3223 2.48507 -1.43374e-18)
(26.3212 2.48629 0)
(26.32 2.48757 0)
(26.3188 2.48895 0)
(26.3175 2.4904 0)
(26.3161 2.49196 0)
(26.3146 2.49361 -4.32087e-19)
(26.3131 2.49538 0)
(26.3115 2.49726 -4.59853e-18)
(26.3099 2.49927 5.40949e-18)
(26.3082 2.50141 0)
(26.3064 2.5037 0)
(26.3045 2.50614 -9.71865e-18)
(26.3026 2.50874 8.18426e-19)
(26.3006 2.51153 0)
(26.2986 2.51449 -1.60166e-18)
(26.2965 2.51766 -8.54226e-18)
(26.2943 2.52103 -1.00097e-17)
(26.2921 2.52463 -9.88832e-18)
(26.2898 2.52847 8.24728e-18)
(26.2874 2.53257 0)
(26.285 2.53692 0)
(26.2825 2.54157 0)
(26.28 2.5465 0)
(26.2775 2.55176 -3.34842e-17)
(26.2749 2.55735 1.7806e-17)
(26.2723 2.56328 -1.74809e-17)
(26.2698 2.56958 2.91733e-17)
(26.2672 2.57625 -2.86202e-17)
(26.2647 2.58332 2.80498e-17)
(26.2623 2.5908 0)
(26.2599 2.59871 -2.68499e-17)
(26.2577 2.60705 -3.05571e-17)
(26.2556 2.61584 -2.55757e-17)
(26.2536 2.62507 0)
(26.2517 2.63476 -5.60913e-17)
(26.2499 2.64491 0)
(26.2481 2.6555 0)
(26.2463 2.66653 0)
(26.2445 2.678 0)
(26.2428 2.6899 9.39872e-17)
(26.2412 2.70222 7.92192e-17)
(26.2398 2.71498 -1.02852e-17)
(26.2385 2.72812 0)
(26.2373 2.74163 0)
(26.2359 2.75547 -1.41503e-16)
(26.2344 2.7696 7.87631e-17)
(26.2325 2.78398 -2.55241e-16)
(26.2302 2.79859 -1.143e-16)
(26.2274 2.8134 1.08127e-16)
(26.2242 2.82829 -1.12926e-16)
(26.2209 2.84135 0)
(26.2177 2.85269 1.1528e-16)
(26.2144 2.86491 0)
(26.2109 2.87779 0)
(26.2069 2.89149 -8.64338e-17)
(26.2014 2.90593 -1.70079e-16)
(26.1924 2.9201 0)
(26.1764 2.93698 0)
(26.157 2.94428 0)
(26.1345 2.98176 1.99691e-16)
(26.1586 2.93865 -2.16701e-16)
(26.1838 3.13558 1.2241e-16)
(26.3236 2.77277 5.22795e-16)
(26.3508 2.51901 2.13549e-19)
(26.351 2.51887 2.55917e-19)
(26.3511 2.51882 0)
(26.3513 2.51868 2.48889e-19)
(26.3514 2.51847 0)
(26.3514 2.51827 -1.04927e-18)
(26.3514 2.51807 -4.74835e-19)
(26.3514 2.51786 -4.66595e-19)
(26.351 2.51761 0)
(26.3499 2.51733 -1.50091e-18)
(26.348 2.51702 8.80406e-19)
(26.3473 2.51679 -8.61477e-19)
(26.3517 2.51679 -8.41881e-19)
(26.3647 2.51704 -8.2169e-19)
(26.3821 2.51711 0)
(26.3855 2.51567 0)
(26.3421 2.51056 1.68704e-18)
(26.2149 2.49927 2.18515e-19)
(25.9815 2.48002 -1.26018e-18)
(25.6489 2.45274 0)
(25.2567 2.41962 1.11367e-18)
(24.8708 2.38521 1.23163e-18)
(24.5696 2.35583 2.37689e-18)
(24.4268 2.33825 4.30192e-18)
(24.4892 2.3378 4.18454e-18)
(24.756 2.35622 0)
(25.171 2.39025 0)
(25.6339 2.43191 0)
(26.0355 2.47111 2.0205e-18)
(26.3011 2.49961 3.43381e-18)
(26.4205 2.51453 3.67844e-18)
(26.4391 2.51863 0)
(26.4184 2.51732 3.17112e-19)
(26.3994 2.51516 -2.71051e-19)
(26.3942 2.51425 0)
(26.3983 2.51469 0)
(26.4043 2.51574 4.14597e-18)
(26.4085 2.51686 1.7924e-19)
(26.4111 2.51789 0)
(26.4132 2.51897 2.55966e-18)
(26.4156 2.52021 2.12338e-18)
(26.4182 2.52168 -1.53862e-19)
(26.4209 2.52338 0)
(26.4236 2.52532 -1.18046e-18)
(26.4264 2.52751 -1.27577e-18)
(26.4292 2.52998 0)
(26.432 2.53276 0)
(26.4348 2.53585 2.23793e-18)
(26.4375 2.5393 0)
(26.4401 2.5431 0)
(26.4426 2.54729 -5.99569e-18)
(26.4448 2.55188 9.86389e-18)
(26.4468 2.5569 0)
(26.4485 2.56235 -2.96032e-18)
(26.4499 2.56824 1.27442e-17)
(26.4508 2.5746 0)
(26.4513 2.5814 2.20784e-17)
(26.4513 2.58867 -2.9049e-17)
(26.4507 2.59638 0)
(26.4495 2.60453 0)
(26.4476 2.61311 3.03749e-17)
(26.4451 2.62207 2.50044e-17)
(26.4418 2.63142 4.99802e-17)
(26.4378 2.64106 -4.95796e-17)
(26.4332 2.65108 0)
(26.4279 2.66118 0)
(26.4223 2.67186 0)
(26.417 2.68067 0)
(26.4121 2.68985 -6.15286e-17)
(26.4065 2.69665 4.91286e-17)
(26.4009 2.70968 4.48424e-17)
(26.3944 2.71228 -1.76433e-16)
(26.3892 2.73558 -7.32811e-17)
(26.3814 2.72241 6.81839e-17)
(26.3791 2.77558 -1.27219e-16)
(26.3683 2.71267 1.14541e-16)
(26.3742 2.85245 0)
(26.3593 2.6443 0)
(26.3656 3.02809 -5.22501e-17)
(26.4408 2.42684 2.98919e-16)
(26.3506 2.51954 -4.57271e-20)
(26.3505 2.51975 2.58325e-19)
(26.3503 2.52021 3.03258e-19)
(26.3501 2.52062 0)
(26.3499 2.52109 0)
(26.3496 2.52157 0)
(26.3493 2.52208 5.08994e-19)
(26.3489 2.52262 -5.07282e-19)
(26.3485 2.5232 -5.96175e-19)
(26.3481 2.52379 0)
(26.3476 2.52444 5.92107e-19)
(26.3471 2.52511 1.17986e-18)
(26.3465 2.52583 -1.80228e-19)
(26.3458 2.52659 0)
(26.3452 2.52741 1.16563e-18)
(26.3444 2.52827 -9.81483e-19)
(26.3437 2.52918 0)
(26.3428 2.53016 0)
(26.3419 2.53119 9.66346e-19)
(26.341 2.5323 0)
(26.34 2.53347 0)
(26.339 2.53471 0)
(26.3379 2.53605 -2.23635e-18)
(26.3367 2.53748 -1.87414e-18)
(26.3356 2.53899 4.41495e-18)
(26.3343 2.54061 -3.69573e-18)
(26.333 2.54234 3.66817e-18)
(26.3316 2.54419 0)
(26.3302 2.54616 4.2846e-18)
(26.3287 2.54826 4.24864e-18)
(26.3272 2.55051 0)
(26.3256 2.55292 -8.34508e-18)
(26.324 2.55548 1.30404e-18)
(26.3223 2.55822 0)
(26.3205 2.56115 0)
(26.3187 2.56428 -8.00236e-18)
(26.3168 2.56762 -6.66427e-18)
(26.3148 2.57118 6.58383e-18)
(26.3128 2.57499 0)
(26.3107 2.57904 0)
(26.3086 2.58338 1.49797e-17)
(26.3065 2.58799 0)
(26.3043 2.5929 -1.22723e-17)
(26.3021 2.59814 -2.85251e-17)
(26.2998 2.6037 2.8011e-17)
(26.2976 2.60963 -4.16635e-18)
(26.2955 2.61592 0)
(26.2934 2.62261 4.87594e-17)
(26.2913 2.62968 -2.19416e-17)
(26.2893 2.63718 3.68448e-18)
(26.2873 2.6451 0)
(26.2853 2.65345 -4.08653e-17)
(26.2833 2.66223 0)
(26.2813 2.67146 -3.8699e-17)
(26.2792 2.68113 0)
(26.277 2.69124 0)
(26.2749 2.70182 0)
(26.2728 2.71284 -7.83159e-17)
(26.2708 2.72433 -7.52773e-17)
(26.2689 2.73625 0)
(26.2669 2.7486 0)
(26.2647 2.76134 6.60034e-17)
(26.2623 2.77445 7.45258e-18)
(26.2594 2.78789 1.19585e-16)
(26.256 2.80165 1.13435e-16)
(26.2522 2.81572 -2.02867e-16)
(26.2478 2.82997 9.04717e-17)
(26.2436 2.84257 0)
(26.2397 2.8536 -1.14403e-16)
(26.2356 2.86554 9.37882e-17)
(26.2312 2.87823 0)
(26.2262 2.89181 8.59511e-17)
(26.2195 2.90612 0)
(26.2088 2.9205 0)
(26.1912 2.93674 0)
(26.1703 2.94614 -1.04721e-16)
(26.1492 2.98005 -1.99097e-16)
(26.1745 2.94577 0)
(26.2036 3.13225 -1.22123e-16)
(26.3366 2.78115 0)
(26.3676 2.55868 -2.82609e-19)
(26.3678 2.55854 -2.42e-19)
(26.368 2.55848 0)
(26.3681 2.55835 -3.59374e-20)
(26.3683 2.55816 0)
(26.3684 2.55798 8.45107e-19)
(26.3685 2.55781 8.31749e-19)
(26.3686 2.55762 4.42339e-19)
(26.3686 2.55741 0)
(26.3685 2.55719 4.2633e-19)
(26.3678 2.55693 -1.19117e-18)
(26.3663 2.55663 8.18441e-19)
(26.3647 2.55634 8.00448e-19)
(26.3656 2.55615 1.44807e-18)
(26.3735 2.55625 0)
(26.3908 2.55662 -6.33149e-19)
(26.4115 2.55673 6.14066e-19)
(26.4161 2.55524 1.97754e-18)
(26.3715 2.54996 1.31614e-18)
(26.2415 2.53838 1.0485e-18)
(26.0054 2.51881 -1.14974e-18)
(25.6734 2.49139 -9.15447e-19)
(25.2901 2.45875 0)
(24.9264 2.42592 -1.11091e-18)
(24.663 2.39956 -1.86199e-18)
(24.5696 2.38629 -1.54246e-18)
(24.6808 2.39064 0)
(24.9791 2.41288 0)
(25.3928 2.44823 0)
(25.8188 2.488 -4.57943e-18)
(26.1603 2.52266 0)
(26.3654 2.54569 0)
(26.4427 2.55607 2.73231e-18)
(26.4428 2.55749 -2.52386e-18)
(26.4196 2.55527 0)
(26.4039 2.55319 0)
(26.4014 2.55261 1.7077e-18)
(26.4057 2.55317 3.32698e-18)
(26.4103 2.55407 0)
(26.413 2.55491 0)
(26.4144 2.55569 -4.07062e-18)
(26.4157 2.55654 -7.09633e-21)
(26.4173 2.55759 0)
(26.4191 2.55883 0)
(26.4209 2.56029 9.8293e-19)
(26.4227 2.56195 0)
(26.4246 2.56385 0)
(26.4264 2.566 0)
(26.4281 2.56843 0)
(26.4298 2.57115 0)
(26.4314 2.57419 9.87142e-18)
(26.4327 2.57755 0)
(26.4339 2.58127 0)
(26.4349 2.58536 -8.79849e-18)
(26.4355 2.58983 7.28571e-18)
(26.4358 2.59471 -7.92954e-18)
(26.4357 2.59999 -4.78072e-18)
(26.4352 2.60569 1.79592e-17)
(26.4343 2.61182 0)
(26.4328 2.61837 1.94064e-17)
(26.4308 2.62535 0)
(26.4282 2.63273 -2.47343e-17)
(26.425 2.64052 -6.97988e-17)
(26.4212 2.64865 4.90956e-17)
(26.4167 2.65722 4.02991e-17)
(26.4118 2.66595 3.96832e-17)
(26.4066 2.67535 0)
(26.4017 2.68315 2.40924e-17)
(26.3973 2.69145 0)
(26.3922 2.69756 -7.01409e-18)
(26.3871 2.70964 -4.44851e-17)
(26.3812 2.71192 8.18498e-17)
(26.3767 2.73403 7.27749e-17)
(26.3697 2.72137 -6.77468e-17)
(26.3681 2.77268 0)
(26.3581 2.71181 -1.25468e-17)
(26.365 2.84846 0)
(26.351 2.64437 0)
(26.3586 3.02443 -1.67988e-17)
(26.4343 2.42649 0)
(26.3674 2.55909 -2.44976e-19)
(26.3673 2.55927 -4.51279e-19)
(26.3672 2.55964 -2.06323e-19)
(26.367 2.55997 0)
(26.3668 2.56035 0)
(26.3665 2.56074 0)
(26.3663 2.56116 -4.82868e-19)
(26.366 2.5616 8.8828e-19)
(26.3657 2.56206 0)
(26.3653 2.56255 0)
(26.365 2.56307 0)
(26.3646 2.56363 0)
(26.3641 2.56421 -5.47667e-19)
(26.3637 2.56483 7.96158e-19)
(26.3632 2.5655 0)
(26.3626 2.5662 1.72567e-18)
(26.362 2.56695 0)
(26.3614 2.56775 0)
(26.3608 2.56859 -9.23918e-19)
(26.3601 2.5695 0)
(26.3594 2.57046 0)
(26.3586 2.57148 0)
(26.3579 2.57258 0)
(26.357 2.57375 1.79907e-18)
(26.3562 2.57499 0)
(26.3552 2.57633 2.06008e-18)
(26.3543 2.57774 -3.53014e-18)
(26.3533 2.57927 0)
(26.3522 2.58089 0)
(26.3512 2.58262 -2.90027e-18)
(26.35 2.58447 0)
(26.3488 2.58646 -2.85239e-18)
(26.3476 2.58857 6.7355e-18)
(26.3463 2.59084 5.60259e-18)
(26.3449 2.59326 -5.54819e-18)
(26.3435 2.59585 0)
(26.3421 2.59862 1.03855e-18)
(26.3405 2.60158 -6.4007e-18)
(26.339 2.60474 5.31243e-18)
(26.3373 2.60813 0)
(26.3356 2.61174 0)
(26.3339 2.6156 0)
(26.3321 2.61973 1.90414e-18)
(26.3303 2.62413 0)
(26.3285 2.62883 9.77883e-18)
(26.3266 2.63385 -3.58692e-18)
(26.3248 2.63919 0)
(26.323 2.64489 -2.19845e-17)
(26.3212 2.65095 2.154e-17)
(26.3194 2.65739 3.89204e-17)
(26.3176 2.66422 -1.74602e-17)
(26.3157 2.67145 4.02142e-17)
(26.3137 2.6791 -3.33179e-17)
(26.3116 2.68717 3.81383e-17)
(26.3094 2.69568 -3.16096e-17)
(26.3071 2.70463 0)
(26.3048 2.71404 0)
(26.3025 2.72391 0)
(26.3001 2.73428 0)
(26.2978 2.74509 0)
(26.2953 2.75638 0)
(26.2925 2.7681 0)
(26.2893 2.78024 5.49457e-17)
(26.2856 2.79279 0)
(26.2815 2.80573 0)
(26.2768 2.81906 1.77844e-16)
(26.2715 2.83269 -8.98421e-17)
(26.2665 2.84482 4.88685e-17)
(26.262 2.85552 0)
(26.2572 2.86717 -1.07417e-17)
(26.252 2.87964 0)
(26.2462 2.89306 6.8675e-17)
(26.2382 2.90724 0)
(26.2259 2.92173 0)
(26.2068 2.93746 0)
(26.1846 2.94874 1.04346e-16)
(26.1654 2.9796 0)
(26.1914 2.95361 -1.68007e-16)
(26.2254 3.13088 1.0289e-16)
(26.3484 2.79185 2.25288e-16)
(26.3827 2.59238 -3.26013e-20)
(26.3829 2.59225 0)
(26.383 2.59217 0)
(26.3832 2.59204 -1.89212e-19)
(26.3833 2.59187 0)
(26.3834 2.5917 -3.67893e-19)
(26.3836 2.59153 -3.6234e-19)
(26.3836 2.59136 0)
(26.3837 2.59117 0)
(26.3838 2.59096 2.88015e-19)
(26.3838 2.59074 3.37866e-19)
(26.3835 2.5905 0)
(26.3826 2.59023 0)
(26.3811 2.58991 -1.16617e-18)
(26.3802 2.58964 -5.19729e-19)
(26.3831 2.58956 6.04406e-19)
(26.3943 2.58985 -9.42426e-20)
(26.415 2.59045 -5.72467e-19)
(26.4377 2.59075 0)
(26.4409 2.58925 -1.96043e-18)
(26.3903 2.5836 0)
(26.2504 2.57124 1.74361e-18)
(26.004 2.55062 7.46152e-19)
(25.6677 2.52233 -8.27845e-19)
(25.2938 2.48967 0)
(24.9589 2.4584 2.75842e-18)
(24.7443 2.43554 0)
(24.7109 2.42744 -1.17634e-18)
(24.8769 2.43736 0)
(25.2053 2.46381 1.92339e-19)
(25.6121 2.50039 0)
(25.9953 2.53779 0)
(26.2738 2.56731 0)
(26.4187 2.58441 1.86983e-18)
(26.4563 2.5901 -1.7413e-18)
(26.4409 2.58912 0)
(26.418 2.58641 -3.11533e-18)
(26.4072 2.58476 0)
(26.4077 2.58459 0)
(26.4117 2.58519 0)
(26.4147 2.58587 1.95044e-18)
(26.4158 2.58642 8.52208e-20)
(26.4163 2.58695 1.26662e-18)
(26.417 2.58761 -1.00321e-18)
(26.4179 2.58846 7.45458e-19)
(26.4189 2.58948 0)
(26.4199 2.59069 0)
(26.4208 2.59209 -2.87737e-20)
(26.4217 2.59372 0)
(26.4225 2.59558 8.59569e-19)
(26.4232 2.59769 -3.91117e-18)
(26.4238 2.60008 3.32673e-18)
(26.4242 2.60276 0)
(26.4244 2.60575 0)
(26.4243 2.60906 -1.80429e-18)
(26.4239 2.61273 7.8091e-18)
(26.4232 2.61676 -1.67434e-17)
(26.4222 2.62118 -1.77116e-17)
(26.4207 2.62598 0)
(26.4189 2.63118 -1.91635e-17)
(26.4165 2.63679 -1.56709e-17)
(26.4137 2.64281 0)
(26.4103 2.64925 3.63811e-17)
(26.4064 2.65606 0)
(26.402 2.66334 -7.22746e-18)
(26.3972 2.67084 -3.93146e-17)
(26.3921 2.67907 0)
(26.3875 2.68595 -2.3841e-17)
(26.3834 2.69342 -1.85622e-17)
(26.3786 2.69889 -7.60044e-17)
(26.3739 2.71005 0)
(26.3684 2.71204 0)
(26.3644 2.73296 0)
(26.3579 2.72083 -5.05032e-17)
(26.357 2.77028 0)
(26.3478 2.71147 -1.00765e-16)
(26.3555 2.84499 0)
(26.3424 2.64503 0)
(26.3511 3.02142 1.67135e-17)
(26.4267 2.4275 -2.58812e-16)
(26.3826 2.59272 8.19066e-20)
(26.3825 2.59287 1.96055e-19)
(26.3823 2.59317 3.25715e-20)
(26.3822 2.59346 0)
(26.382 2.59376 1.6231e-19)
(26.3819 2.59409 0)
(26.3817 2.59443 -1.6145e-19)
(26.3815 2.5948 -2.25699e-19)
(26.3813 2.59518 0)
(26.381 2.5956 0)
(26.3807 2.59603 3.19005e-19)
(26.3805 2.59649 -3.17932e-19)
(26.3802 2.59698 -3.80969e-19)
(26.3798 2.5975 -1.07499e-18)
(26.3795 2.59806 -6.28895e-19)
(26.3791 2.59864 -7.53827e-19)
(26.3787 2.59927 6.23795e-19)
(26.3783 2.59993 0)
(26.3779 2.60065 0)
(26.3774 2.6014 0)
(26.3769 2.60221 0)
(26.3764 2.60307 -1.2184e-18)
(26.3759 2.60398 0)
(26.3753 2.60496 1.20517e-18)
(26.3747 2.606 0)
(26.3741 2.60712 1.43683e-18)
(26.3734 2.6083 -1.18351e-18)
(26.3727 2.60958 0)
(26.372 2.61094 2.33535e-18)
(26.3712 2.61239 2.79966e-18)
(26.3704 2.61394 0)
(26.3696 2.61561 2.75823e-18)
(26.3687 2.61738 0)
(26.3678 2.61928 -3.18052e-18)
(26.3668 2.62132 5.37909e-18)
(26.3657 2.62349 0)
(26.3647 2.62582 9.08388e-19)
(26.3635 2.62832 0)
(26.3623 2.63099 -8.88544e-19)
(26.3611 2.63385 -4.23311e-18)
(26.3598 2.63691 0)
(26.3584 2.64018 0)
(26.3571 2.64369 9.84405e-18)
(26.3557 2.64745 0)
(26.3542 2.65146 -9.56506e-18)
(26.3528 2.65576 -1.88347e-17)
(26.3513 2.66036 0)
(26.3499 2.66527 0)
(26.3484 2.67051 0)
(26.3469 2.67609 -1.7523e-17)
(26.3453 2.68205 1.7162e-17)
(26.3436 2.68836 -1.40173e-17)
(26.3417 2.69507 3.27986e-17)
(26.3397 2.70219 0)
(26.3375 2.70971 3.11612e-17)
(26.3353 2.71768 0)
(26.3329 2.72611 -2.47459e-17)
(26.3305 2.735 -2.40244e-17)
(26.328 2.74438 0)
(26.3254 2.75424 2.252e-17)
(26.3225 2.76458 0)
(26.3193 2.77539 0)
(26.3156 2.78666 0)
(26.3114 2.79838 0)
(26.3067 2.81058 0)
(26.3013 2.82322 -8.2401e-17)
(26.2953 2.83624 6.73873e-17)
(26.2897 2.84793 -4.84204e-17)
(26.2846 2.85831 0)
(26.2793 2.86968 -8.17469e-17)
(26.2735 2.88193 0)
(26.2668 2.89519 -6.82517e-17)
(26.2577 2.90923 -5.42249e-17)
(26.2438 2.92378 0)
(26.2232 2.93914 0)
(26.2 2.95216 -8.25185e-17)
(26.183 2.98052 0)
(26.2102 2.9625 3.17404e-16)
(26.2488 3.13131 -1.02608e-16)
(26.3616 2.80551 -2.24462e-16)
(26.3965 2.62071 -9.19631e-20)
(26.3966 2.62058 0)
(26.3967 2.62049 1.2396e-19)
(26.3968 2.62035 1.22464e-19)
(26.3969 2.62018 0)
(26.397 2.62002 -1.19288e-19)
(26.3971 2.61985 1.17613e-19)
(26.3972 2.61967 0)
(26.3973 2.61948 0)
(26.3973 2.61928 -2.74077e-19)
(26.3974 2.61907 -2.20404e-19)
(26.3974 2.61884 2.16362e-19)
(26.3974 2.6186 -2.12175e-19)
(26.3969 2.61833 7.14867e-19)
(26.3958 2.61802 8.90648e-20)
(26.3942 2.6177 0)
(26.394 2.61747 -4.72397e-19)
(26.3988 2.61751 0)
(26.4129 2.61799 -3.67921e-19)
(26.4365 2.61881 8.68431e-19)
(26.4599 2.61919 0)
(26.459 2.61744 -8.04942e-19)
(26.3975 2.61098 -7.6267e-19)
(26.2415 2.59726 5.91421e-19)
(25.9794 2.57503 0)
(25.6374 2.54558 -1.25792e-18)
(25.2772 2.51313 0)
(24.9806 2.48424 1.13625e-18)
(24.8257 2.46608 9.04524e-19)
(24.8605 2.46423 1.05113e-18)
(25.0827 2.48027 0)
(25.4359 2.51067 0)
(25.8263 2.54749 7.82541e-19)
(26.1572 2.58121 -1.77492e-18)
(26.3676 2.60453 3.08044e-18)
(26.4538 2.61539 -1.31627e-18)
(26.4583 2.61686 2.62542e-18)
(26.4344 2.61425 1.10305e-18)
(26.4158 2.61166 9.9461e-19)
(26.4106 2.61061 0)
(26.413 2.61076 0)
(26.416 2.61126 1.49384e-18)
(26.4172 2.61166 -1.23369e-18)
(26.4172 2.61198 4.87873e-20)
(26.4171 2.61236 -1.45343e-18)
(26.4171 2.61288 5.27377e-19)
(26.4173 2.61356 6.67355e-19)
(26.4174 2.61439 2.81451e-20)
(26.4175 2.61539 0)
(26.4175 2.61657 -1.26515e-18)
(26.4175 2.61796 0)
(26.4173 2.61956 -3.26472e-18)
(26.4169 2.62141 0)
(26.4163 2.62352 0)
(26.4155 2.62591 -9.12264e-18)
(26.4145 2.62861 4.32691e-18)
(26.4131 2.63161 0)
(26.4115 2.63496 5.15307e-18)
(26.4095 2.63867 0)
(26.4071 2.64274 -1.15684e-17)
(26.4043 2.64722 1.54763e-17)
(26.4011 2.65208 0)
(26.3975 2.65736 -2.87686e-17)
(26.3934 2.66303 0)
(26.3888 2.66919 -3.2344e-17)
(26.3839 2.67561 -1.28603e-17)
(26.3788 2.68279 0)
(26.3742 2.68884 1.5895e-17)
(26.3702 2.69556 1.83738e-17)
(26.3656 2.70046 6.3096e-18)
(26.3611 2.71076 2.59684e-17)
(26.3559 2.7125 2.43216e-17)
(26.3523 2.73228 2.18505e-17)
(26.3463 2.7207 8.33359e-18)
(26.3458 2.7683 -3.45571e-17)
(26.3372 2.7116 0)
(26.3454 2.84199 0)
(26.3332 2.64634 0)
(26.3429 3.01893 6.01202e-18)
(26.4179 2.4301 2.57713e-16)
(26.3964 2.621 4.91218e-20)
(26.3963 2.62114 -6.33023e-20)
(26.3963 2.6214 9.17202e-20)
(26.3962 2.62164 1.26067e-19)
(26.3961 2.62191 -1.54272e-19)
(26.396 2.62219 1.25484e-19)
(26.3959 2.62249 1.5359e-19)
(26.3957 2.6228 -1.53218e-19)
(26.3956 2.62313 0)
(26.3955 2.62349 0)
(26.3953 2.62386 -5.64887e-20)
(26.3951 2.62426 3.03213e-19)
(26.395 2.62468 0)
(26.3948 2.62513 3.01364e-19)
(26.3946 2.62561 3.56448e-19)
(26.3943 2.62611 0)
(26.3941 2.62666 -1.08158e-18)
(26.3939 2.62723 0)
(26.3936 2.62784 0)
(26.3933 2.62849 0)
(26.3931 2.62918 0)
(26.3927 2.62992 6.94684e-19)
(26.3924 2.63071 0)
(26.3921 2.63155 -1.15817e-18)
(26.3917 2.63244 0)
(26.3913 2.6334 0)
(26.3909 2.63443 2.06383e-18)
(26.3905 2.63551 0)
(26.3901 2.63668 -2.253e-18)
(26.3896 2.63793 0)
(26.3891 2.63926 0)
(26.3886 2.64068 0)
(26.388 2.64221 0)
(26.3874 2.64384 -2.17621e-18)
(26.3867 2.64558 0)
(26.386 2.64745 0)
(26.3853 2.64945 4.24416e-18)
(26.3845 2.65159 0)
(26.3837 2.65389 -4.16445e-18)
(26.3828 2.65635 4.12204e-18)
(26.3819 2.65899 0)
(26.381 2.66181 0)
(26.38 2.66484 0)
(26.379 2.66809 -6.36877e-18)
(26.378 2.67158 0)
(26.3769 2.67532 -6.20053e-18)
(26.3759 2.67932 0)
(26.3748 2.68361 0)
(26.3736 2.68821 0)
(26.3724 2.69311 1.16426e-17)
(26.3711 2.69835 0)
(26.3696 2.70393 2.56788e-18)
(26.3679 2.70988 0)
(26.3661 2.71621 -1.07547e-17)
(26.364 2.72293 0)
(26.3619 2.73009 -2.05173e-17)
(26.3596 2.73769 2.44197e-17)
(26.3572 2.74576 4.31747e-17)
(26.3547 2.75431 -1.88932e-17)
(26.352 2.76335 -3.9468e-18)
(26.3489 2.77288 0)
(26.3455 2.78289 0)
(26.3414 2.7934 3.30091e-17)
(26.3368 2.80441 0)
(26.3316 2.81593 0)
(26.3258 2.82795 0)
(26.3192 2.84044 -6.68746e-17)
(26.3131 2.85172 0)
(26.3077 2.86181 0)
(26.3019 2.87293 0)
(26.2957 2.88498 0)
(26.2882 2.89808 0)
(26.2779 2.91202 5.39115e-17)
(26.2625 2.92661 4.1774e-17)
(26.2406 2.94174 0)
(26.2169 2.95641 8.21872e-17)
(26.2025 2.98281 0)
(26.2314 2.97256 -1.49416e-16)
(26.2741 3.13342 -7.83981e-17)
(26.3764 2.82252 -1.94326e-16)
(26.4102 2.64409 -1.31783e-20)
(26.4103 2.64396 -4.65428e-20)
(26.4103 2.64385 -1.63828e-19)
(26.4104 2.64371 -2.07405e-19)
(26.4104 2.64355 -8.98786e-20)
(26.4105 2.64338 1.13478e-19)
(26.4105 2.64321 -1.99454e-19)
(26.4106 2.64303 -8.62722e-20)
(26.4106 2.64284 -8.49779e-20)
(26.4106 2.64264 -1.67264e-19)
(26.4106 2.64243 2.10085e-19)
(26.4106 2.64221 -2.06311e-19)
(26.4106 2.64198 2.02421e-19)
(26.4106 2.64174 -1.98389e-19)
(26.4104 2.64147 3.88429e-19)
(26.4097 2.64117 1.48949e-19)
(26.4083 2.64082 -2.91072e-19)
(26.4067 2.64049 0)
(26.4072 2.64031 3.52289e-19)
(26.414 2.64047 2.69192e-19)
(26.4311 2.64115 0)
(26.4574 2.64214 0)
(26.4801 2.64247 0)
(26.4714 2.64014 -5.94794e-19)
(26.3931 2.63237 4.43611e-19)
(26.2143 2.6167 0)
(25.9328 2.59244 0)
(25.5868 2.56189 -3.68092e-19)
(25.2484 2.53036 -1.22943e-18)
(25.0025 2.50504 6.65047e-19)
(24.9192 2.49295 0)
(25.0282 2.49833 6.12574e-19)
(25.3041 2.52063 -1.32933e-18)
(25.6712 2.55409 0)
(26.0298 2.58951 -1.34207e-18)
(26.2957 2.61786 1.26031e-18)
(26.4347 2.63414 -2.11621e-18)
(26.4692 2.63911 -1.06806e-18)
(26.4518 2.63754 -1.75762e-18)
(26.4276 2.63444 7.13139e-19)
(26.4157 2.63252 0)
(26.4147 2.63203 5.54349e-19)
(26.417 2.63218 0)
(26.4181 2.63233 9.05673e-19)
(26.4178 2.63235 7.08284e-19)
(26.417 2.63241 -5.14872e-19)
(26.4164 2.63262 -9.96594e-19)
(26.4158 2.63299 0)
(26.4152 2.63351 0)
(26.4145 2.63417 4.14265e-19)
(26.4137 2.63499 -4.09559e-19)
(26.4128 2.63599 -6.5851e-19)
(26.4117 2.63719 -8.95097e-19)
(26.4104 2.63861 -1.11833e-18)
(26.4089 2.64027 5.10757e-18)
(26.4071 2.64218 -1.21547e-18)
(26.4051 2.64437 -3.3961e-18)
(26.4028 2.64687 -5.07695e-18)
(26.4002 2.64969 0)
(26.3972 2.65284 1.14123e-17)
(26.3939 2.65637 0)
(26.3902 2.66028 9.24973e-18)
(26.3862 2.6646 1.25351e-17)
(26.3817 2.6693 -9.68453e-18)
(26.3768 2.67451 0)
(26.3716 2.68001 2.25299e-17)
(26.3664 2.68628 9.73618e-18)
(26.3617 2.69162 -1.57145e-17)
(26.3577 2.69767 1.15118e-17)
(26.3531 2.70208 3.86353e-17)
(26.3487 2.71158 -5.55209e-18)
(26.3436 2.71315 -4.31349e-17)
(26.3401 2.73184 -4.57541e-18)
(26.3344 2.72086 2.49328e-17)
(26.3342 2.76665 6.1419e-17)
(26.3262 2.71211 0)
(26.3347 2.83938 0)
(26.3232 2.64826 0)
(26.3339 3.01679 -6.2918e-18)
(26.4069 2.43465 0)
(26.4102 2.64434 -1.20549e-19)
(26.4102 2.64447 6.01773e-20)
(26.4101 2.64469 6.00729e-20)
(26.4101 2.6449 -1.19932e-19)
(26.4101 2.64514 -4.67197e-20)
(26.41 2.64538 -2.62232e-20)
(26.41 2.64564 -9.30417e-20)
(26.4099 2.64591 9.28236e-20)
(26.4099 2.6462 0)
(26.4098 2.64651 0)
(26.4098 2.64684 -2.3623e-19)
(26.4097 2.64719 0)
(26.4096 2.64756 1.83192e-19)
(26.4096 2.64796 1.82644e-19)
(26.4095 2.64837 4.15679e-19)
(26.4094 2.64882 1.81471e-19)
(26.4093 2.64929 2.83387e-19)
(26.4092 2.6498 0)
(26.4091 2.65034 0)
(26.409 2.65091 -3.57648e-19)
(26.4089 2.65152 0)
(26.4088 2.65217 8.10293e-19)
(26.4086 2.65286 0)
(26.4085 2.65361 -3.51476e-19)
(26.4083 2.65439 0)
(26.4082 2.65524 -6.96086e-19)
(26.408 2.65614 -8.90276e-19)
(26.4078 2.6571 0)
(26.4076 2.65813 0)
(26.4073 2.65922 0)
(26.4071 2.6604 0)
(26.4068 2.66165 0)
(26.4065 2.66299 0)
(26.4062 2.66443 -1.32598e-18)
(26.4058 2.66597 0)
(26.4054 2.66761 0)
(26.405 2.66938 0)
(26.4046 2.67127 0)
(26.4041 2.6733 0)
(26.4035 2.67547 0)
(26.403 2.6778 0)
(26.4024 2.6803 0)
(26.4018 2.68299 2.44701e-18)
(26.4012 2.68587 1.10599e-17)
(26.4005 2.68896 0)
(26.3999 2.69229 6.06683e-18)
(26.3992 2.69585 0)
(26.3984 2.69967 0)
(26.3976 2.70377 0)
(26.3967 2.70815 -6.97209e-18)
(26.3957 2.71285 0)
(26.3945 2.71785 1.10248e-17)
(26.393 2.7232 0)
(26.3914 2.72892 2.3067e-18)
(26.3896 2.73501 0)
(26.3876 2.74152 2.81503e-17)
(26.3855 2.74847 -1.54736e-17)
(26.3833 2.75587 -1.92005e-17)
(26.3808 2.76375 1.86606e-17)
(26.3781 2.77211 -3.84287e-18)
(26.375 2.78096 1.38298e-17)
(26.3714 2.79032 1.33868e-17)
(26.3671 2.80019 -3.268e-17)
(26.3623 2.81059 0)
(26.3568 2.82154 0)
(26.3506 2.83303 0)
(26.3436 2.84506 -2.20861e-17)
(26.3372 2.856 0)
(26.3315 2.86585 0)
(26.3255 2.87674 -2.34466e-17)
(26.3187 2.88863 0)
(26.3106 2.90161 0)
(26.2992 2.91548 -3.66254e-17)
(26.2824 2.93011 -7.52096e-17)
(26.2593 2.9452 0)
(26.2357 2.96145 0)
(26.2244 2.98645 0)
(26.2556 2.98383 0)
(26.3023 3.13731 1.09525e-16)
(26.3935 2.84357 3.67998e-16)
(26.4226 2.66313 -1.1596e-20)
(26.4226 2.66298 4.4269e-20)
(26.4226 2.66285 1.13426e-20)
(26.4225 2.6627 8.65925e-20)
(26.4225 2.66252 5.38512e-20)
(26.4225 2.66235 0)
(26.4225 2.66216 8.33805e-20)
(26.4225 2.66197 8.22183e-20)
(26.4224 2.66176 8.1015e-20)
(26.4224 2.66155 1.59517e-19)
(26.4224 2.66132 0)
(26.4223 2.66108 0)
(26.4222 2.66084 0)
(26.4222 2.66058 0)
(26.4221 2.66031 0)
(26.422 2.66002 -1.42429e-19)
(26.4216 2.6597 1.74832e-19)
(26.4205 2.65934 0)
(26.4187 2.65895 0)
(26.4171 2.65859 -2.58031e-19)
(26.4186 2.65843 0)
(26.4279 2.65873 -1.81602e-19)
(26.4484 2.65959 0)
(26.4769 2.66068 0)
(26.4964 2.66073 -4.38317e-19)
(26.4745 2.65738 -3.12803e-19)
(26.3721 2.64767 0)
(26.1644 2.62944 3.70065e-19)
(25.8623 2.60293 3.46683e-19)
(25.5187 2.5717 -8.97908e-19)
(25.2151 2.5422 0)
(25.0352 2.52203 -5.89088e-19)
(25.0349 2.51741 5.62812e-19)
(25.2202 2.53061 4.04668e-19)
(25.5396 2.55841 0)
(25.901 2.59285 0)
(26.2069 2.62415 1.2538e-18)
(26.3964 2.64499 0)
(26.4679 2.65363 7.68256e-19)
(26.4653 2.65369 -6.92084e-19)
(26.4405 2.65065 0)
(26.4235 2.64831 -5.39336e-19)
(26.419 2.64767 0)
(26.4201 2.64798 0)
(26.4207 2.64832 5.11479e-19)
(26.4195 2.64835 0)
(26.4176 2.64824 6.35409e-19)
(26.4159 2.64818 1.9576e-19)
(26.4146 2.64828 0)
(26.4132 2.64852 2.17758e-21)
(26.4117 2.6489 2.08724e-19)
(26.41 2.64942 6.45708e-19)
(26.4082 2.65011 3.3237e-19)
(26.4062 2.65098 1.09825e-18)
(26.404 2.65205 -4.40569e-19)
(26.4016 2.65335 -2.99112e-18)
(26.3988 2.65489 3.34209e-18)
(26.3959 2.6567 0)
(26.3926 2.65881 0)
(26.389 2.66124 0)
(26.3851 2.66401 3.09241e-18)
(26.3809 2.66715 -1.23601e-17)
(26.3763 2.67069 0)
(26.3714 2.67462 9.57176e-18)
(26.3661 2.67905 0)
(26.3605 2.68379 -9.69676e-18)
(26.3549 2.68931 -9.63751e-18)
(26.35 2.69405 4.36726e-18)
(26.3458 2.69954 -1.96514e-17)
(26.3413 2.70355 -1.07492e-17)
(26.3368 2.71236 -1.99859e-17)
(26.3317 2.71383 1.88512e-17)
(26.3282 2.73152 -1.69602e-17)
(26.3227 2.72118 4.19838e-18)
(26.3225 2.76524 -3.6673e-17)
(26.3149 2.71289 0)
(26.3235 2.83706 0)
(26.3126 2.65074 0)
(26.3237 3.01462 3.11122e-19)
(26.3935 2.44157 0)
(26.4226 2.66335 1.65873e-20)
(26.4226 2.66349 0)
(26.4226 2.6637 3.30629e-20)
(26.4227 2.6639 0)
(26.4227 2.66412 1.15711e-20)
(26.4227 2.66434 -8.88725e-20)
(26.4228 2.66459 1.21516e-19)
(26.4228 2.66484 -8.85364e-20)
(26.4228 2.66511 0)
(26.4229 2.6654 0)
(26.4229 2.66571 0)
(26.4229 2.66603 0)
(26.423 2.66638 -1.75117e-19)
(26.423 2.66674 -1.10185e-19)
(26.4231 2.66713 -3.02811e-19)
(26.4231 2.66754 -1.73723e-19)
(26.4231 2.66798 3.00996e-19)
(26.4232 2.66844 0)
(26.4232 2.66893 1.26903e-19)
(26.4233 2.66946 4.69598e-19)
(26.4233 2.67001 0)
(26.4234 2.6706 -3.40722e-19)
(26.4234 2.67123 2.4984e-19)
(26.4234 2.67191 5.86824e-19)
(26.4235 2.67262 0)
(26.4235 2.67338 9.16882e-19)
(26.4235 2.67419 2.45215e-19)
(26.4235 2.67506 0)
(26.4236 2.67599 0)
(26.4236 2.67697 0)
(26.4235 2.67803 4.79722e-19)
(26.4235 2.67915 4.76753e-19)
(26.4235 2.68035 0)
(26.4234 2.68165 2.22576e-18)
(26.4234 2.68302 0)
(26.4233 2.6845 0)
(26.4231 2.68608 0)
(26.423 2.68777 0)
(26.4228 2.68959 -9.05633e-19)
(26.4227 2.69153 0)
(26.4225 2.69364 -1.77893e-18)
(26.4223 2.69588 0)
(26.422 2.6983 -2.38784e-18)
(26.4218 2.70089 -6.45078e-18)
(26.4216 2.70369 1.70596e-18)
(26.4213 2.70669 0)
(26.421 2.70991 0)
(26.4206 2.71338 3.28554e-18)
(26.4201 2.7171 0)
(26.4196 2.72108 -4.37122e-18)
(26.4188 2.72535 0)
(26.4179 2.72992 0)
(26.4168 2.73482 0)
(26.4154 2.74007 1.41059e-17)
(26.4139 2.74568 0)
(26.4122 2.75169 -7.80975e-18)
(26.4103 2.75813 1.52581e-17)
(26.4083 2.76501 0)
(26.406 2.77237 0)
(26.4034 2.7802 -2.44336e-17)
(26.4003 2.78853 -1.36713e-17)
(26.3966 2.79736 -3.49833e-18)
(26.3923 2.80672 -9.42949e-18)
(26.3873 2.81664 0)
(26.3816 2.82712 0)
(26.3752 2.83819 1.68997e-17)
(26.3681 2.84986 2.19035e-17)
(26.3615 2.86052 0)
(26.3556 2.87019 9.33203e-18)
(26.3494 2.88093 2.32437e-17)
(26.3423 2.8927 0)
(26.3335 2.90558 1.47735e-17)
(26.3212 2.91941 3.63919e-17)
(26.303 2.93406 8.33581e-18)
(26.2792 2.94922 0)
(26.2561 2.96697 0)
(26.2485 2.99113 -1.99784e-17)
(26.2824 2.9959 0)
(26.3331 3.14265 -3.12681e-17)
(26.413 2.86944 -9.88139e-17)
(26.4381 2.67709 -2.20634e-20)
(26.4381 2.67695 9.38737e-21)
(26.438 2.67682 2.16327e-20)
(26.438 2.67667 0)
(26.4379 2.6765 4.8374e-20)
(26.4378 2.67633 0)
(26.4378 2.67614 -1.76661e-20)
(26.4377 2.67596 -1.74146e-20)
(26.4376 2.67575 3.43113e-20)
(26.4375 2.67554 3.37672e-20)
(26.4374 2.67532 0)
(26.4373 2.67508 0)
(26.4371 2.67483 0)
(26.437 2.67457 0)
(26.4368 2.6743 -3.07248e-20)
(26.4367 2.67401 6.00952e-20)
(26.4366 2.67371 9.92309e-20)
(26.4363 2.67338 0)
(26.4356 2.67301 0)
(26.4341 2.67259 0)
(26.4319 2.67215 -5.25967e-20)
(26.4306 2.67177 1.74416e-19)
(26.4336 2.67168 0)
(26.4461 2.67213 -9.49588e-20)
(26.4706 2.67318 -9.13054e-20)
(26.5001 2.67425 3.9238e-19)
(26.5122 2.67367 -8.34403e-20)
(26.4698 2.66867 0)
(26.3351 2.65625 0)
(26.0941 2.63488 3.81716e-19)
(25.7748 2.60614 0)
(25.4464 2.57514 0)
(25.1968 2.54948 0)
(25.1018 2.53682 -3.8899e-19)
(25.1956 2.54196 0)
(25.4536 2.56439 -1.99386e-19)
(25.7975 2.59774 -1.31812e-19)
(26.1252 2.63198 0)
(26.3546 2.65762 0)
(26.4597 2.67012 0)
(26.4716 2.67133 0)
(26.4455 2.66695 -3.07789e-19)
(26.4225 2.66225 0)
(26.415 2.65967 0)
(26.417 2.65901 -6.87888e-19)
(26.4199 2.65913 -1.51674e-19)
(26.42 2.65926 -2.91957e-19)
(26.418 2.65919 -1.91353e-19)
(26.4155 2.65908 9.55134e-20)
(26.4133 2.65906 -2.13165e-21)
(26.4111 2.65915 1.8867e-19)
(26.4088 2.65938 8.96851e-20)
(26.4063 2.65973 3.90024e-19)
(26.4036 2.66023 0)
(26.4007 2.66089 -1.34459e-18)
(26.3975 2.66175 5.88349e-19)
(26.3941 2.66282 0)
(26.3903 2.66413 0)
(26.3863 2.66571 8.20975e-19)
(26.382 2.66758 0)
(26.3774 2.66978 -3.04994e-18)
(26.3725 2.67232 3.18592e-18)
(26.3673 2.67526 -2.03437e-18)
(26.3617 2.67857 0)
(26.3559 2.68239 0)
(26.3499 2.68654 0)
(26.3437 2.69147 2.14542e-18)
(26.3384 2.69574 -4.31372e-18)
(26.334 2.70076 8.17206e-18)
(26.3292 2.70447 0)
(26.3245 2.71269 4.52041e-18)
(26.3192 2.71415 0)
(26.3156 2.73091 0)
(26.31 2.7213 1.21494e-17)
(26.3099 2.76363 3.82744e-18)
(26.3023 2.71364 0)
(26.3112 2.83435 2.87163e-18)
(26.2992 2.65372 0)
(26.3138 3.01082 -6.65239e-18)
(26.3707 2.45167 3.76403e-17)
(26.4382 2.67728 -6.29625e-21)
(26.4383 2.67741 0)
(26.4383 2.67759 -3.15232e-20)
(26.4384 2.67777 -9.48276e-21)
(26.4385 2.67796 3.14278e-20)
(26.4386 2.67816 0)
(26.4387 2.67838 -3.1322e-20)
(26.4388 2.67861 0)
(26.4389 2.67885 0)
(26.439 2.67912 0)
(26.4391 2.67939 -1.88114e-20)
(26.4392 2.67969 0)
(26.4393 2.68 0)
(26.4394 2.68033 -6.17437e-20)
(26.4396 2.68069 8.57898e-20)
(26.4397 2.68107 -3.73221e-20)
(26.4398 2.68147 -8.52667e-20)
(26.44 2.68189 0)
(26.4401 2.68235 -1.21804e-19)
(26.4403 2.68283 -1.21423e-19)
(26.4405 2.68335 0)
(26.4406 2.6839 0)
(26.4408 2.68449 -2.40362e-19)
(26.441 2.68512 -2.39447e-19)
(26.4411 2.68579 -1.46156e-19)
(26.4413 2.68651 -2.37525e-19)
(26.4415 2.68727 -3.81736e-19)
(26.4417 2.68809 0)
(26.4419 2.68895 0)
(26.442 2.68988 0)
(26.4422 2.69088 -4.63926e-19)
(26.4424 2.69194 -1.76616e-19)
(26.4426 2.69308 0)
(26.4427 2.6943 -6.30062e-19)
(26.4429 2.6956 0)
(26.443 2.69699 0)
(26.4432 2.69848 2.77313e-19)
(26.4433 2.70008 0)
(26.4434 2.7018 8.81058e-19)
(26.4435 2.70363 0)
(26.4437 2.70561 2.2725e-18)
(26.4438 2.70772 0)
(26.4439 2.71 0)
(26.444 2.71244 6.3435e-19)
(26.4441 2.71507 -1.66724e-18)
(26.4442 2.71789 0)
(26.4442 2.72091 0)
(26.4441 2.72416 -3.21824e-18)
(26.444 2.72765 0)
(26.4437 2.73138 9.79346e-19)
(26.4433 2.73539 1.93048e-18)
(26.4426 2.73968 0)
(26.4418 2.74428 -1.86954e-18)
(26.4408 2.74921 -5.86074e-18)
(26.4396 2.7545 0)
(26.4382 2.76018 1.7666e-18)
(26.4366 2.76627 0)
(26.4348 2.7728 0)
(26.4327 2.77978 -3.2984e-18)
(26.4302 2.78724 1.02165e-17)
(26.4272 2.79519 -3.12614e-18)
(26.4236 2.80365 -9.63366e-18)
(26.4192 2.81266 1.22713e-17)
(26.4142 2.82223 0)
(26.4084 2.83238 0)
(26.4019 2.84316 -1.67462e-17)
(26.3946 2.85458 5.09828e-18)
(26.388 2.86504 0)
(26.3821 2.87456 -9.23999e-18)
(26.3757 2.88518 0)
(26.3684 2.89687 0)
(26.3589 2.90969 -1.93441e-17)
(26.3455 2.92354 8.65673e-18)
(26.3262 2.93828 2.4985e-17)
(26.3021 2.95372 0)
(26.2807 2.97299 1.37097e-17)
(26.278 2.99692 1.98892e-17)
(26.3156 3.0087 0)
(26.3709 3.14852 -5.59781e-18)
(26.4435 2.90245 -1.72015e-17)
(26.4477 2.68892 -4.13199e-21)
(26.4476 2.68876 -6.51536e-21)
(26.4475 2.68861 6.44215e-21)
(26.4474 2.68845 0)
(26.4472 2.68827 -1.25767e-20)
(26.4471 2.68808 0)
(26.4469 2.68789 2.1477e-20)
(26.4468 2.68769 1.66253e-20)
(26.4466 2.68747 -4.17745e-20)
(26.4464 2.68725 -3.22564e-20)
(26.4462 2.68703 0)
(26.446 2.68679 8.63381e-21)
(26.4458 2.68654 0)
(26.4456 2.68628 -8.35854e-21)
(26.4453 2.68602 2.94055e-20)
(26.445 2.68574 -4.14132e-20)
(26.4448 2.68545 0)
(26.4445 2.68516 0)
(26.4443 2.68485 1.51599e-20)
(26.4438 2.68452 0)
(26.4427 2.68416 5.04721e-20)
(26.4406 2.68374 0)
(26.4381 2.68333 0)
(26.4372 2.68304 1.18007e-19)
(26.4425 2.68316 6.19904e-20)
(26.4592 2.68397 -5.93084e-20)
(26.4876 2.6854 5.65475e-20)
(26.516 2.68656 -2.33129e-20)
(26.5149 2.68531 0)
(26.4431 2.67846 -1.36254e-19)
(26.2675 2.66301 0)
(25.9884 2.638 -4.05242e-20)
(25.6532 2.60602 0)
(25.3461 2.57325 -3.96262e-20)
(25.1587 2.54796 0)
(25.1554 2.5378 1.91457e-19)
(25.344 2.54659 -1.90401e-19)
(25.6676 2.57215 6.07596e-20)
(26.0245 2.60666 0)
(26.3121 2.63973 0)
(26.4731 2.66328 0)
(26.5154 2.67476 2.99389e-19)
(26.4908 2.67701 0)
(26.4525 2.67493 0)
(26.4282 2.67223 1.84099e-19)
(26.42 2.67043 1.76075e-19)
(26.4193 2.66946 0)
(26.4191 2.66885 -3.25911e-20)
(26.4173 2.6683 -7.31485e-20)
(26.4145 2.66779 0)
(26.4115 2.66738 0)
(26.4084 2.66712 -8.78853e-20)
(26.4052 2.66702 1.15017e-19)
(26.4019 2.66709 -3.90758e-20)
(26.3983 2.66735 4.87156e-19)
(26.3945 2.6678 -5.78181e-19)
(26.3904 2.66848 0)
(26.386 2.6694 -1.56885e-19)
(26.3814 2.67059 -8.08371e-19)
(26.3765 2.67207 1.87296e-19)
(26.3712 2.67388 0)
(26.3657 2.67603 0)
(26.3599 2.67858 2.00789e-18)
(26.3539 2.6815 4.52263e-19)
(26.3475 2.68493 4.61708e-19)
(26.341 2.6887 0)
(26.3344 2.69324 -2.12198e-18)
(26.3288 2.69722 0)
(26.324 2.70193 -5.60375e-19)
(26.319 2.70549 -5.36966e-19)
(26.3141 2.71329 -4.47364e-18)
(26.3087 2.71481 9.70989e-19)
(26.3047 2.73087 8.25387e-19)
(26.2993 2.7219 0)
(26.2987 2.76284 5.82108e-18)
(26.2915 2.71487 0)
(26.3001 2.83245 -2.85174e-18)
(26.287 2.65736 0)
(26.3046 3.00594 6.60966e-18)
(26.3457 2.4639 -5.95578e-17)
(26.4478 2.68911 -6.60669e-21)
(26.4479 2.68926 2.45301e-21)
(26.4481 2.68944 0)
(26.4482 2.68962 9.04705e-21)
(26.4483 2.68982 0)
(26.4485 2.69002 -4.86834e-21)
(26.4487 2.69024 0)
(26.4488 2.69047 0)
(26.449 2.69071 0)
(26.4492 2.69097 0)
(26.4494 2.69124 1.79905e-20)
(26.4496 2.69152 0)
(26.4498 2.69183 0)
(26.45 2.69215 0)
(26.4502 2.69249 4.53157e-20)
(26.4505 2.69285 3.57711e-20)
(26.4507 2.69323 -4.51481e-20)
(26.451 2.69363 0)
(26.4512 2.69406 -1.8699e-20)
(26.4515 2.69451 0)
(26.4518 2.69499 -1.8532e-20)
(26.4521 2.6955 -1.84419e-20)
(26.4525 2.69605 0)
(26.4528 2.69662 0)
(26.4531 2.69724 1.40766e-19)
(26.4535 2.69789 3.60781e-20)
(26.4538 2.69858 1.04192e-19)
(26.4542 2.69933 -3.56245e-20)
(26.4546 2.70011 0)
(26.455 2.70096 0)
(26.4554 2.70186 0)
(26.4558 2.70282 -2.75575e-19)
(26.4562 2.70385 0)
(26.4566 2.70495 -2.05221e-19)
(26.457 2.70613 6.74967e-20)
(26.4574 2.70739 0)
(26.4578 2.70875 -2.6931e-19)
(26.4583 2.71021 -1.31209e-19)
(26.4587 2.71178 0)
(26.4591 2.71347 -1.28498e-19)
(26.4596 2.71529 -5.25275e-19)
(26.46 2.71725 1.2562e-19)
(26.4605 2.71936 0)
(26.461 2.72163 1.02566e-18)
(26.4615 2.72409 -2.41989e-19)
(26.4619 2.72673 0)
(26.4623 2.72957 0)
(26.4626 2.73263 -2.31926e-19)
(26.4628 2.73592 -2.28364e-19)
(26.4628 2.73945 -1.40984e-18)
(26.4627 2.74325 -1.45271e-18)
(26.4624 2.74733 0)
(26.4619 2.75171 1.8374e-18)
(26.4612 2.75643 4.1786e-19)
(26.4603 2.7615 4.09347e-19)
(26.4593 2.76697 -2.14023e-18)
(26.458 2.77284 0)
(26.4565 2.77915 -7.64149e-19)
(26.4547 2.7859 3.2544e-18)
(26.4524 2.79313 0)
(26.4495 2.80084 3.08814e-18)
(26.446 2.80907 0)
(26.4417 2.81784 -2.90995e-18)
(26.4368 2.82718 -1.28047e-18)
(26.431 2.83712 0)
(26.4245 2.84769 0)
(26.4172 2.85894 -6.20018e-18)
(26.4106 2.8693 7.08785e-19)
(26.4048 2.87881 0)
(26.3984 2.8894 0)
(26.3909 2.90108 1.13761e-18)
(26.3811 2.91385 2.53767e-18)
(26.3669 2.92762 -1.05435e-17)
(26.3468 2.94222 1.80397e-18)
(26.3225 2.95761 0)
(26.3027 2.9778 -1.36406e-17)
(26.3043 3.00188 2.95401e-18)
(26.3457 3.01959 0)
(26.4032 3.15251 4.98542e-18)
(26.4752 2.93751 -5.69117e-17)
(26.4695 2.69198 -4.68678e-21)
(26.4693 2.69186 -2.32336e-21)
(26.4691 2.69172 2.30225e-21)
(26.4689 2.69157 0)
(26.4687 2.69142 -4.51544e-21)
(26.4685 2.69125 0)
(26.4682 2.69108 -4.41798e-21)
(26.468 2.69089 0)
(26.4677 2.69069 8.62444e-21)
(26.4674 2.69048 0)
(26.4671 2.69026 0)
(26.4668 2.69002 -8.27267e-21)
(26.4664 2.68977 0)
(26.4661 2.6895 8.01452e-21)
(26.4657 2.68922 0)
(26.4653 2.68891 -1.54737e-20)
(26.4648 2.68859 0)
(26.4644 2.68824 0)
(26.4639 2.68788 -1.45654e-20)
(26.4634 2.68749 0)
(26.4629 2.68707 0)
(26.4622 2.6866 0)
(26.4607 2.68607 0)
(26.4583 2.6855 -2.57161e-20)
(26.4555 2.68494 2.49695e-20)
(26.4545 2.68458 -2.41928e-20)
(26.46 2.68464 2.33881e-20)
(26.4766 2.68519 2.25777e-20)
(26.5036 2.6858 0)
(26.5282 2.68512 0)
(26.5224 2.68096 0)
(26.4509 2.67104 4.07872e-20)
(26.2892 2.65432 0)
(26.0437 2.63231 3.96425e-20)
(25.7593 2.60923 0)
(25.5085 2.59095 0)
(25.3661 2.58288 0)
(25.379 2.58782 -5.80763e-20)
(25.5439 2.60436 0)
(25.8054 2.62708 0)
(26.0795 2.64885 0)
(26.2927 2.66407 0)
(26.4133 2.6712 0)
(26.4551 2.67239 0)
(26.4538 2.67107 0)
(26.4407 2.66965 -2.74899e-20)
(26.4305 2.66891 0)
(26.4252 2.66864 3.18696e-20)
(26.422 2.66847 -1.98025e-20)
(26.4188 2.66828 0)
(26.4151 2.66808 0)
(26.4111 2.66794 0)
(26.4069 2.66787 2.72702e-20)
(26.4025 2.66791 3.83534e-20)
(26.3979 2.66807 0)
(26.3931 2.66838 0)
(26.388 2.66887 0)
(26.3826 2.66955 1.54373e-19)
(26.3769 2.67047 0)
(26.3709 2.67166 -1.84523e-19)
(26.3647 2.67316 0)
(26.3581 2.67499 0)
(26.3514 2.6772 0)
(26.3443 2.6798 -4.4658e-19)
(26.3371 2.6829 -4.56151e-19)
(26.3297 2.68637 0)
(26.3222 2.6906 0)
(26.3158 2.69435 0)
(26.3105 2.69871 5.53643e-19)
(26.3049 2.70221 5.30938e-19)
(26.2996 2.70946 0)
(26.2934 2.71142 -9.61488e-19)
(26.2898 2.72615 -8.1783e-19)
(26.2823 2.71916 0)
(26.2847 2.75621 0)
(26.2707 2.7149 0)
(26.2915 2.82061 0)
(26.2543 2.66552 0)
(26.316 2.97954 0)
(26.269 2.4791 2.20078e-17)
(26.4696 2.6921 -2.34891e-21)
(26.4698 2.69223 -2.34552e-21)
(26.47 2.69238 0)
(26.4702 2.69253 0)
(26.4704 2.69269 0)
(26.4707 2.69286 4.65999e-21)
(26.4709 2.69305 0)
(26.4711 2.69324 0)
(26.4714 2.69345 0)
(26.4717 2.69368 0)
(26.4719 2.69392 0)
(26.4722 2.69417 0)
(26.4726 2.69445 0)
(26.4729 2.69474 0)
(26.4732 2.69505 -9.11926e-21)
(26.4736 2.69539 0)
(26.474 2.69575 9.06e-21)
(26.4744 2.69613 0)
(26.4748 2.69655 1.79885e-20)
(26.4752 2.69699 0)
(26.4756 2.69746 1.78441e-20)
(26.4761 2.69797 1.77662e-20)
(26.4766 2.69851 0)
(26.4771 2.69909 0)
(26.4776 2.69972 0)
(26.4781 2.70039 -3.48331e-20)
(26.4787 2.7011 3.46392e-20)
(26.4792 2.70187 3.44343e-20)
(26.4798 2.70269 0)
(26.4804 2.70358 0)
(26.481 2.70452 0)
(26.4817 2.70554 0)
(26.4823 2.70663 0)
(26.483 2.70779 -6.60573e-20)
(26.4837 2.70904 -6.55216e-20)
(26.4844 2.71038 0)
(26.4851 2.71182 0)
(26.4859 2.71336 1.27627e-19)
(26.4867 2.71502 0)
(26.4875 2.71679 1.25155e-19)
(26.4883 2.7187 0)
(26.4891 2.72074 -1.2252e-19)
(26.49 2.72293 0)
(26.4908 2.72529 0)
(26.4916 2.72781 2.36504e-19)
(26.4924 2.73052 0)
(26.4931 2.73342 0)
(26.4938 2.73653 2.27132e-19)
(26.4943 2.73986 2.23803e-19)
(26.4946 2.74343 4.40728e-19)
(26.4948 2.74726 -4.33646e-19)
(26.4948 2.75136 0)
(26.4947 2.75576 0)
(26.4943 2.76049 -4.10889e-19)
(26.4938 2.76556 -4.02772e-19)
(26.4932 2.77101 3.94363e-19)
(26.4922 2.77685 0)
(26.491 2.78312 7.53303e-19)
(26.4893 2.78983 0)
(26.4871 2.797 0)
(26.4843 2.80466 0)
(26.4808 2.81283 0)
(26.4766 2.82155 0)
(26.4716 2.83085 1.2667e-18)
(26.4658 2.84076 0)
(26.4592 2.85135 0)
(26.452 2.86267 1.13666e-18)
(26.4456 2.87297 -7.00614e-19)
(26.4398 2.88234 0)
(26.4333 2.89285 0)
(26.4252 2.90447 -1.12757e-18)
(26.4142 2.9172 2.08916e-18)
(26.3984 2.931 1.93281e-18)
(26.3772 2.94581 -1.79225e-18)
(26.354 2.96204 0)
(26.3391 2.98341 0)
(26.3514 3.00846 -2.93905e-18)
(26.4019 3.03721 0)
(26.4534 3.13863 5.88454e-19)
(26.572 3.00174 0)
)
;

boundaryField
{
    inlet
    {
        type            freestreamVelocity;
        freestreamValue uniform (26.2733 3.4589 0);
        value           nonuniform List<vector> 
134
(
(26.2733 3.45894 -6.32547e-22)
(26.2733 3.45894 2.69531e-20)
(26.2733 3.45894 -1.79697e-19)
(26.2733 3.45893 6.53405e-19)
(26.2733 3.45892 -3.81618e-19)
(26.2733 3.45891 -5.3635e-19)
(26.2733 3.4589 1.54765e-18)
(26.2733 3.45888 -8.89338e-19)
(26.2733 3.45887 4.61343e-19)
(26.2733 3.45888 -3.56956e-19)
(26.2705 3.44431 3.7526e-18)
(26.2742 3.43275 0)
(26.2807 3.41595 -9.15732e-17)
(26.2878 3.39609 1.042e-16)
(26.2952 3.37409 0)
(26.3031 3.35041 0)
(26.3114 3.3252 0)
(26.3201 3.29869 1.59904e-16)
(26.3293 3.27115 -7.17961e-17)
(26.3392 3.24299 -9.34747e-17)
(26.2733 3.45894 2.00561e-19)
(26.3499 3.21478 0)
(26.3615 3.18742 7.65538e-17)
(26.3731 3.16188 -1.6473e-16)
(26.3833 3.13917 8.8288e-17)
(26.3905 3.11948 0)
(26.3962 3.09904 -7.17469e-19)
(26.399 3.08664 0)
(26.4056 3.06192 -4.00965e-18)
(26.4144 3.0366 -5.67513e-17)
(26.4069 3.06113 1.11835e-16)
(26.4144 3.02489 -6.25693e-17)
(26.4152 3.01232 0)
(26.417 3.00034 1.2578e-16)
(26.4185 2.98899 -2.50636e-16)
(26.4193 2.97817 1.24678e-16)
(26.4203 2.96756 2.54406e-16)
(26.4227 2.95683 -2.51998e-16)
(26.4303 2.94506 2.47836e-18)
(26.4476 2.91871 0)
(26.2733 3.45894 3.37091e-19)
(26.2733 3.45893 -8.89433e-19)
(26.2733 3.45892 5.72562e-19)
(26.2733 3.45891 -9.08474e-19)
(26.2733 3.45889 7.43391e-19)
(26.2733 3.45886 -7.79493e-19)
(26.2733 3.45887 1.59441e-18)
(26.4477 2.92908 0)
(26.4441 2.92732 0)
(26.4386 2.9258 0)
(26.4341 2.92379 0)
(26.4304 2.92147 0)
(26.4265 2.91904 0)
(26.4225 2.91651 0)
(26.4184 2.91387 0)
(26.4143 2.91113 0)
(26.4103 2.90833 0)
(26.4063 2.90551 0)
(26.4022 2.90271 0)
(26.3981 2.89996 0)
(26.3939 2.89731 0)
(26.3896 2.89481 0)
(26.3851 2.8925 0)
(26.3804 2.89046 0)
(26.375 2.88856 0)
(26.3699 2.88745 -1.66347e-16)
(26.3662 2.88671 1.65726e-16)
(26.3626 2.88651 0)
(26.3584 2.88705 -1.43496e-16)
(26.3535 2.88845 1.42895e-16)
(26.3474 2.89092 0)
(26.34 2.89467 0)
(26.3273 2.90014 2.08808e-17)
(26.3135 2.90677 -3.30486e-17)
(26.2709 2.91497 1.22175e-17)
(26.273 3.43306 -2.04204e-16)
(26.2581 3.40992 2.73131e-17)
(26.2414 3.38541 0)
(26.2256 3.36153 2.45157e-16)
(26.2109 3.34037 -5.56813e-16)
(26.1978 3.32256 3.30203e-16)
(26.1875 3.30799 4.37492e-16)
(26.1805 3.29603 -2.15822e-16)
(26.1766 3.28607 1.19724e-17)
(26.1755 3.2775 -5.37402e-16)
(26.1764 3.26977 2.75121e-16)
(26.1787 3.26247 0)
(26.1817 3.25524 -1.71663e-18)
(26.1849 3.24774 -1.41068e-16)
(26.1875 3.23956 1.42146e-16)
(26.1884 3.23061 1.46958e-16)
(26.1874 3.22142 -2.23114e-16)
(26.1859 3.21259 7.63196e-17)
(26.1851 3.20426 0)
(26.185 3.1964 0)
(26.1853 3.189 0)
(26.186 3.18204 4.24321e-17)
(26.1871 3.17554 4.40716e-17)
(26.1887 3.16944 -8.60356e-17)
(26.1907 3.16369 0)
(26.1931 3.15821 1.97043e-18)
(26.1955 3.15287 -1.71226e-16)
(26.1974 3.14747 1.7183e-16)
(26.1979 3.14193 -1.74767e-16)
(26.1933 3.1357 5.33296e-16)
(26.185 3.13153 -3.60153e-16)
(26.1839 3.13058 -3.88084e-16)
(26.1896 3.13196 3.87271e-16)
(26.1965 3.13343 0)
(26.2023 3.13453 0)
(26.2076 3.13547 0)
(26.2131 3.13638 0)
(26.2188 3.13727 0)
(26.2245 3.13813 0)
(26.2303 3.13898 0)
(26.2361 3.13987 0)
(26.242 3.14083 0)
(26.2479 3.14191 0)
(26.2539 3.14316 0)
(26.2601 3.14462 0)
(26.2664 3.14635 0)
(26.2731 3.1484 0)
(26.28 3.15081 0)
(26.2878 3.15364 -2.33211e-16)
(26.2955 3.15672 2.30241e-16)
(26.3012 3.16045 0)
(26.3064 3.16522 9.91875e-17)
(26.3122 3.1713 -9.88016e-17)
(26.3187 3.17886 -8.55119e-17)
(26.3262 3.18822 1.61877e-16)
(26.3347 3.19972 -4.34478e-17)
(26.3481 3.21437 -7.5592e-18)
(26.362 3.22991 -2.49953e-17)
(26.4043 3.25832 0)
)
;
    }
    outlet
    {
        type            freestreamVelocity;
        freestreamValue uniform (26.2733 3.4589 0);
        value           nonuniform List<vector> 
160
(
(26.469 2.69395 -4.67474e-21)
(26.4691 2.69408 -2.34288e-21)
(26.4688 2.69383 -2.31739e-21)
(26.4693 2.6942 -2.33949e-21)
(26.4686 2.69369 2.29634e-21)
(26.4695 2.69435 0)
(26.4684 2.69355 0)
(26.4697 2.6945 0)
(26.4682 2.69339 -4.50384e-21)
(26.4699 2.69466 0)
(26.468 2.69322 0)
(26.4701 2.69483 4.64801e-21)
(26.4677 2.69305 -4.40663e-21)
(26.4704 2.69501 0)
(26.4675 2.69286 0)
(26.4706 2.69521 0)
(26.4672 2.69267 8.6023e-21)
(26.4709 2.69542 0)
(26.4669 2.69246 0)
(26.4712 2.69564 0)
(26.4666 2.69223 0)
(26.4714 2.69588 0)
(26.4663 2.69199 -8.25144e-21)
(26.4717 2.69614 0)
(26.4659 2.69174 0)
(26.472 2.69641 0)
(26.4656 2.69147 7.99396e-21)
(26.4724 2.69671 0)
(26.4652 2.69119 0)
(26.4727 2.69702 -9.09578e-21)
(26.4648 2.69089 -1.5434e-20)
(26.4731 2.69736 0)
(26.4643 2.69056 0)
(26.4734 2.69771 9.03666e-21)
(26.4639 2.69022 0)
(26.4738 2.6981 0)
(26.4634 2.68985 -1.4528e-20)
(26.4742 2.69851 1.79421e-20)
(26.4629 2.68946 0)
(26.4747 2.69895 0)
(26.4625 2.68904 0)
(26.4751 2.69942 1.77981e-20)
(26.4617 2.68858 0)
(26.4756 2.69993 1.77203e-20)
(26.4603 2.68805 0)
(26.476 2.70047 0)
(26.4579 2.68748 -2.56502e-20)
(26.4765 2.70105 0)
(26.455 2.68692 2.49056e-20)
(26.4771 2.70168 0)
(26.4541 2.68656 -2.41309e-20)
(26.4776 2.70235 -3.47431e-20)
(26.4596 2.68662 2.33283e-20)
(26.4781 2.70306 3.45496e-20)
(26.4761 2.68717 2.252e-20)
(26.4787 2.70383 3.43452e-20)
(26.5031 2.68777 0)
(26.4793 2.70465 0)
(26.5276 2.68709 0)
(26.4799 2.70553 0)
(26.5218 2.68294 0)
(26.4805 2.70648 0)
(26.4504 2.67303 4.06838e-20)
(26.4811 2.70749 0)
(26.2892 2.65636 0)
(26.4818 2.70858 0)
(26.0443 2.63441 3.95419e-20)
(26.4825 2.70974 -6.58858e-20)
(25.7606 2.6114 0)
(26.4831 2.71099 -6.53513e-20)
(25.5104 2.59317 0)
(26.4839 2.71233 0)
(25.3684 2.58514 0)
(26.4846 2.71377 0)
(25.3813 2.59007 -5.79263e-20)
(26.4853 2.71531 1.27295e-19)
(25.5458 2.60657 0)
(26.4861 2.71696 0)
(25.8066 2.62923 0)
(26.4869 2.71873 1.24828e-19)
(26.08 2.65092 0)
(26.4877 2.72063 0)
(26.2926 2.6661 0)
(26.4886 2.72268 -1.22199e-19)
(26.4129 2.6732 0)
(26.4894 2.72487 0)
(26.4546 2.67438 0)
(26.4902 2.72722 0)
(26.4534 2.67306 0)
(26.4911 2.72974 2.35881e-19)
(26.4403 2.67165 -2.74203e-20)
(26.4918 2.73244 0)
(26.4301 2.67092 0)
(26.4926 2.73534 0)
(26.4248 2.67064 3.17888e-20)
(26.4932 2.73844 2.2653e-19)
(26.4216 2.67048 -1.97523e-20)
(26.4937 2.74177 2.23208e-19)
(26.4185 2.67029 0)
(26.494 2.74534 4.39554e-19)
(26.4148 2.67009 0)
(26.4942 2.74916 -4.32488e-19)
(26.4108 2.66994 0)
(26.4942 2.75326 0)
(26.4066 2.66988 2.7201e-20)
(26.4941 2.75765 0)
(26.4022 2.66992 3.82561e-20)
(26.4937 2.76237 -4.09782e-19)
(26.3976 2.67008 0)
(26.4932 2.76743 -4.01682e-19)
(26.3928 2.67039 0)
(26.4926 2.77288 3.93292e-19)
(26.3877 2.67087 0)
(26.4916 2.77871 0)
(26.3823 2.67156 1.53981e-19)
(26.4904 2.78497 7.51238e-19)
(26.3766 2.67248 0)
(26.4887 2.79167 0)
(26.3707 2.67367 -1.84052e-19)
(26.4865 2.79883 0)
(26.3644 2.67517 0)
(26.4837 2.80648 0)
(26.3579 2.67699 0)
(26.4802 2.81464 0)
(26.3512 2.6792 0)
(26.476 2.82335 0)
(26.3441 2.6818 -4.45432e-19)
(26.471 2.83264 1.2631e-18)
(26.3369 2.6849 -4.54975e-19)
(26.4652 2.84253 0)
(26.3295 2.68836 0)
(26.4587 2.8531 0)
(26.3221 2.6926 0)
(26.4515 2.8644 1.13336e-18)
(26.3157 2.69634 0)
(26.4451 2.87468 -6.98563e-19)
(26.3104 2.7007 5.52196e-19)
(26.4394 2.88404 0)
(26.3048 2.70419 5.29546e-19)
(26.4328 2.89453 0)
(26.2996 2.71143 0)
(26.4248 2.90613 -1.12419e-18)
(26.2934 2.7134 -9.58948e-19)
(26.4138 2.91884 2.08284e-18)
(26.2897 2.7281 -8.15646e-19)
(26.398 2.93261 1.9269e-18)
(26.2823 2.72113 0)
(26.3769 2.9474 -1.78671e-18)
(26.2847 2.75813 0)
(26.3538 2.96359 0)
(26.2707 2.71688 0)
(26.3389 2.98492 0)
(26.2915 2.82244 0)
(26.3512 3.00992 -2.92955e-18)
(26.2543 2.66755 0)
(26.4015 3.03859 0)
(26.3158 2.98106 0)
(26.4528 3.13975 5.86403e-19)
(26.269 2.48127 2.19591e-17)
(26.571 3.00319 0)
)
;
    }
    walls
    {
        type            noSlip;
    }
    frontAndBack
    {
        type            empty;
    }
}


// ************************************************************************* //
