/*--------------------------------*- C++ -*----------------------------------*\
| =========                 |                                                 |
| \\      /  F ield         | OpenFOAM: The Open Source CFD Toolbox           |
|  \\    /   O peration     | Version:  2412                                  |
|   \\  /    A nd           | Website:  www.openfoam.com                      |
|    \\/     M anipulation  |                                                 |
\*---------------------------------------------------------------------------*/
FoamFile
{
    version     2.0;
    format      ascii;
    arch        "LSB;label=32;scalar=64";
    class       surfaceScalarField;
    location    "50";
    object      phi;
}
// * * * * * * * * * * * * * * * * * * * * * * * * * * * * * * * * * * * * * //

dimensions      [0 3 -1 0 0 0 0];

oriented        oriented;

internalField   nonuniform List<scalar> 
21254
(
0.140906
-0.116041
-0.0248646
-0.0901185
-0.0259211
-0.0610156
-0.0291021
-0.0317004
-0.0293133
-0.00280215
-0.0288956
0.0257809
-0.02858
0.0540884
-0.0283052
0.0812458
-0.0271553
0.106677
-0.0254298
0.130196
-0.023518
0.151702
-0.0215052
0.17107
-0.0193664
0.188496
-0.0174255
0.204058
-0.0155607
0.21772
-0.0136601
0.229625
-0.011904
0.239671
-0.0100454
0.247905
-0.00823215
0.254204
-0.00629821
0.258668
-0.00446228
0.261088
-0.00241866
0.261385
-0.000295425
0.259002
0.00238329
0.254814
0.00418766
0.250318
0.00449573
0.246129
0.00418943
0.242738
0.00339202
0.240742
0.00199675
0.239642
0.00110097
0.2386
0.0010502
0.23688
0.00172047
0.234082
0.00279907
0.230105
0.0039816
0.224967
0.00513968
0.218647
0.00632757
0.210779
0.00787959
0.200115
0.0106759
0.180608
0.019521
0.158898
0.0215823
0.163422
-0.0225156
0.188899
-0.0254771
0.214536
-0.025636
0.23921
-0.0246735
0.262702
-0.0234917
0.283117
-0.020414
0.298156
-0.0150382
0.307442
-0.00928551
0.311895
-0.00445191
0.310377
0.00151837
0.303161
0.00721629
0.291851
0.0113103
0.277585
0.0142676
0.261265
0.0163205
0.244375
0.0168912
0.227243
0.0171322
0.21073
0.0165143
0.195231
0.0155007
0.181483
0.0137503
0.169977
0.0115075
0.161667
0.00831297
0.15752
0.00415035
0.15885
-0.00132667
0.165005
-0.00615176
0.1739
-0.00889229
0.183357
-0.00945355
0.191591
-0.00822973
0.198086
-0.00648755
0.202587
-0.00449415
0.204983
-0.00239095
0.204834
0.000158217
0.201924
0.0029193
0.196752
0.00518446
0.189806
0.00696564
0.18106
0.00876038
0.169789
0.0112915
0.15403
0.015808
0.12731
0.0270276
0.112916
0.0141533
0.127348
-0.104582
-0.0476298
-0.0803606
-0.0501414
-0.0533554
-0.0561063
-0.0263234
-0.0563439
0.00199381
-0.0572108
0.0307087
-0.0572924
0.0579555
-0.0555498
0.0841907
-0.0533887
0.109147
-0.0503847
0.132679
-0.0470494
0.154768
-0.0435924
0.175301
-0.0398991
0.194259
-0.0363821
0.211655
-0.0329551
0.227482
-0.0294861
0.241665
-0.0260857
0.254183
-0.0225616
0.265162
-0.0192104
0.274332
-0.0154659
0.281908
-0.0120369
0.287573
-0.00808196
0.291916
-0.00463635
0.295384
-0.00108455
0.298108
0.00146355
0.300312
0.00229141
0.301466
0.00303488
0.300677
0.00418127
0.297695
0.00498019
0.292786
0.00601228
0.286644
0.00719881
0.279912
0.00845539
0.27311
0.00960465
0.266364
0.0107352
0.259599
0.0119091
0.252534
0.0134046
0.244491
0.0159363
0.235374
0.0198102
0.218401
0.0365089
0.193122
0.0467577
0.149502
-0.0446696
0.172705
-0.0486793
0.198558
-0.0514883
0.224304
-0.0504188
0.24953
-0.048717
0.273567
-0.0444505
0.295073
-0.0365427
0.312709
-0.0269208
0.32718
-0.0189224
0.33927
-0.0105715
0.34946
-0.00297227
0.357812
0.00295826
0.364102
0.0079788
0.367951
0.0124721
0.369713
0.0151299
0.369578
0.0172685
0.367826
0.018267
0.364979
0.0183489
0.361514
0.0172174
0.357794
0.015229
0.354279
0.0118306
0.351185
0.00724627
0.347687
0.00217448
0.342006
-0.000468755
0.333636
-0.00051925
0.323282
0.000903763
0.3113
0.00375641
0.298197
0.00662186
0.284664
0.00904726
0.271461
0.0108187
0.259478
0.0121518
0.249121
0.0132868
0.23969
0.0146298
0.230247
0.0164289
0.219928
0.0191012
0.207748
0.0235003
0.192773
0.0308392
0.166084
0.0539768
0.129085
0.0509722
0.122005
-0.09888
-0.070753
-0.0742199
-0.0748008
-0.0464381
-0.0838869
-0.0195804
-0.0832001
0.00808641
-0.0848751
0.036074
-0.0852778
0.0629861
-0.0824598
0.089164
-0.079565
0.114272
-0.0754916
0.138023
-0.0707991
0.160445
-0.0660141
0.18144
-0.0608932
0.200832
-0.055773
0.218719
-0.0508412
0.234878
-0.0456437
0.249501
-0.0407078
0.262348
-0.0354068
0.273551
-0.0304121
0.282912
-0.0248264
0.290428
-0.0195515
0.296083
-0.0137354
0.299892
-0.00844406
0.302068
-0.00326015
0.303066
0.000466512
0.303555
0.00180239
0.303678
0.00291252
0.303312
0.00454698
0.302473
0.00581983
0.301157
0.00732896
0.299238
0.00912741
0.296587
0.0111036
0.293064
0.0131277
0.288575
0.0152275
0.283077
0.0174075
0.276505
0.0199813
0.268426
0.0240258
0.258566
0.0296768
0.241758
0.0533285
0.21606
0.0723727
0.144566
-0.0672303
0.167531
-0.0716441
0.194055
-0.0780108
0.219956
-0.0763189
0.245366
-0.0741259
0.269738
-0.0688209
0.291354
-0.0581582
0.309348
-0.0449139
0.32327
-0.0328445
0.333201
-0.0205013
0.339698
-0.0094688
0.34371
-0.00105304
0.346392
0.00529786
0.348515
0.0103492
0.350424
0.0132218
0.352445
0.015249
0.354554
0.0161583
0.356693
0.0162111
0.358657
0.0152553
0.360251
0.0136367
0.361299
0.0107842
0.361371
0.00717662
0.360179
0.00336838
0.357805
0.00190751
0.354451
0.00283754
0.35061
0.0047473
0.346261
0.00810846
0.340961
0.0119269
0.334186
0.0158257
0.325368
0.0196404
0.314348
0.023178
0.301391
0.0262495
0.287207
0.028822
0.272451
0.0312003
0.257353
0.0342057
0.241202
0.0396608
0.222723
0.049345
0.19477
0.0820834
0.150373
0.0952719
0.11643
-0.0929615
-0.0942202
-0.0680177
-0.0997436
-0.0396545
-0.112249
-0.012754
-0.110099
0.0147989
-0.112426
0.042723
-0.113199
0.069516
-0.109251
0.0955537
-0.105601
0.120617
-0.100554
0.144369
-0.0945497
0.166932
-0.088576
0.188184
-0.0821449
0.20803
-0.0756181
0.226428
-0.0692374
0.243409
-0.0626235
0.258791
-0.0560883
0.272591
-0.0492057
0.284627
-0.0424461
0.294994
-0.0351916
0.303539
-0.0280953
0.310236
-0.0204304
0.31515
-0.0133566
0.318376
-0.00648513
0.320321
-0.00147866
0.321483
0.000640699
0.322078
0.0023171
0.321962
0.00466338
0.321173
0.00660911
0.319752
0.00875215
0.317699
0.0111874
0.315061
0.0137441
0.311832
0.0163614
0.307959
0.0191089
0.303271
0.0221018
0.297563
0.0257025
0.29021
0.0313963
0.280507
0.0393983
0.263927
0.0699265
0.237225
0.0990001
0.139429
-0.0902281
0.162755
-0.0949693
0.190163
-0.105419
0.216957
-0.103111
0.243364
-0.100531
0.269013
-0.0944688
0.292336
-0.08148
0.312012
-0.0645893
0.327896
-0.0487284
0.340391
-0.0329956
0.349798
-0.0188747
0.356647
-0.00790087
0.361289
0.000656167
0.364147
0.00749221
0.365745
0.0116245
0.366324
0.0146713
0.366506
0.0159775
0.366458
0.0162605
0.366424
0.0152912
0.366392
0.0136714
0.366277
0.0109009
0.365866
0.0075908
0.36484
0.00439803
0.362855
0.00389518
0.359947
0.00574871
0.356512
0.00818578
0.352772
0.0118517
0.348815
0.0158911
0.344616
0.0200321
0.340046
0.0242175
0.334735
0.0285007
0.328091
0.0329043
0.319406
0.0375224
0.308094
0.0425335
0.293795
0.0485274
0.276263
0.0572232
0.254872
0.0707924
0.224416
0.112733
0.177558
0.142027
0.112849
-0.0884626
-0.118605
-0.0627745
-0.12543
-0.0334084
-0.141614
-0.00598746
-0.137518
0.0218924
-0.140303
0.0501141
-0.141419
0.0770271
-0.136162
0.103156
-0.131729
0.128345
-0.125743
0.152199
-0.118402
0.17493
-0.111307
0.196412
-0.103626
0.216651
-0.0958564
0.235515
-0.0880999
0.252937
-0.0800444
0.268853
-0.0720036
0.283214
-0.0635657
0.295944
-0.0551751
0.306839
-0.0460853
0.315961
-0.0372156
0.323176
-0.0276443
0.328522
-0.0187014
0.332161
-0.0101228
0.334381
-0.00369853
0.335704
-0.000681183
0.336367
0.00165442
0.336296
0.00473479
0.335508
0.00739681
0.334036
0.0102247
0.331946
0.0132868
0.329231
0.0164545
0.325931
0.0196609
0.322077
0.0229648
0.317608
0.0265684
0.312381
0.0309344
0.305938
0.0378485
0.29743
0.0479101
0.282967
0.0844002
0.256554
0.125358
0.136572
-0.11395
0.160607
-0.119004
0.189213
-0.134023
0.217116
-0.131013
0.244602
-0.128017
0.27149
-0.121356
0.295975
-0.105964
0.31665
-0.0852629
0.333608
-0.0656865
0.347275
-0.0466613
0.357599
-0.0291979
0.36529
-0.0155915
0.370762
-0.00481447
0.374434
0.00382138
0.376843
0.00921624
0.378306
0.0132096
0.379032
0.0152527
0.379252
0.0160415
0.379204
0.0153407
0.378971
0.013906
0.378508
0.0113652
0.377704
0.00839737
0.376326
0.00577841
0.374042
0.0061823
0.370788
0.00900478
0.366896
0.0120807
0.362527
0.0162232
0.357766
0.0206567
0.352649
0.025151
0.347245
0.0296237
0.341636
0.0341157
0.335842
0.0387026
0.329678
0.0436934
0.322674
0.0495526
0.313905
0.0572996
0.301677
0.0694576
0.283602
0.0888909
0.254121
0.142309
0.207601
0.188499
0.110038
-0.0846179
-0.144023
-0.0580886
-0.151959
-0.0274759
-0.172224
0.00067353
-0.165665
0.0292444
-0.168872
0.0580457
-0.170218
0.0853315
-0.163446
0.111742
-0.158138
0.137133
-0.151133
0.161139
-0.142408
0.184061
-0.134228
0.205769
-0.125333
0.226247
-0.116334
0.24549
-0.107341
0.263349
-0.0979017
0.279871
-0.0885247
0.294805
-0.0784974
0.308102
-0.0684703
0.319732
-0.057714
0.329525
-0.0470072
0.337432
-0.0355489
0.34351
-0.0247782
0.347834
-0.0144457
0.35069
-0.00655361
0.352526
-0.00251733
0.353604
0.00057643
0.35388
0.00445848
0.353348
0.00792982
0.352054
0.0115202
0.350026
0.0153219
0.347306
0.0191755
0.343884
0.0230885
0.339776
0.0270812
0.334937
0.0314135
0.329268
0.0366178
0.32232
0.0448155
0.3134
0.0568494
0.299801
0.0980192
0.274044
0.151073
0.134752
-0.138664
0.159713
-0.143964
0.189713
-0.164021
0.218806
-0.160104
0.247525
-0.156735
0.275779
-0.149609
0.301626
-0.13181
0.323517
-0.107153
0.341613
-0.0837818
0.356367
-0.0614139
0.367826
-0.040656
0.376598
-0.0243628
0.383288
-0.0115032
0.388276
-0.00116634
0.391905
0.00558902
0.394439
0.0106767
0.396073
0.0136203
0.397136
0.0149796
0.397718
0.0147609
0.397964
0.0136623
0.397905
0.0114266
0.397422
0.0088835
0.39631
0.00689353
0.39436
0.0081353
0.391345
0.0120232
0.387495
0.0159336
0.383011
0.0207109
0.377865
0.0258087
0.372076
0.0309464
0.365656
0.0360507
0.358653
0.0411292
0.351125
0.0462425
0.343141
0.0516924
0.33481
0.0579059
0.325963
0.0661714
0.316002
0.0794522
0.30283
0.102124
0.279178
0.16612
0.237087
0.230533
0.108122
-0.0815676
-0.170576
-0.0538407
-0.179684
-0.0218207
-0.204243
0.00728115
-0.194764
0.0367156
-0.198303
0.0663895
-0.19989
0.0942648
-0.19132
0.121141
-0.185014
0.146891
-0.176882
0.17117
-0.166686
0.19431
-0.157367
0.216283
-0.147305
0.23702
-0.13707
0.256579
-0.126899
0.274871
-0.116193
0.291768
-0.10542
0.307239
-0.0939676
0.321125
-0.0823553
0.33333
-0.0699176
0.343732
-0.0574079
0.352264
-0.0440791
0.358894
-0.0314075
0.363809
-0.0193588
0.367159
-0.0099032
0.369376
-0.00473368
0.37072
-0.000766087
0.371192
0.00398647
0.370791
0.00833028
0.369605
0.0127073
0.367646
0.0172899
0.364939
0.0218756
0.361517
0.0265098
0.357375
0.0312238
0.352414
0.0363702
0.346545
0.0424892
0.339327
0.0520424
0.329883
0.0662916
0.316259
0.111652
0.291074
0.176232
0.133956
-0.164497
0.159967
-0.169974
0.191579
-0.195631
0.222108
-0.190632
0.25229
-0.186915
0.281983
-0.179301
0.309231
-0.159057
0.33229
-0.130212
0.351391
-0.102882
0.367001
-0.0770235
0.379402
-0.0530561
0.38905
-0.0340091
0.396591
-0.0190441
0.402392
-0.00696535
0.406777
0.00120474
0.409971
0.00748332
0.412325
0.0112677
0.413964
0.0133423
0.415062
0.0136644
0.415692
0.0130341
0.415906
0.0112145
0.415593
0.00919873
0.414636
0.00785264
0.412735
0.0100387
0.409891
0.0148703
0.406218
0.0196091
0.401858
0.0250735
0.396872
0.0307991
0.391201
0.0366176
0.384859
0.0423932
0.37777
0.0482224
0.369923
0.0540915
0.361258
0.0603621
0.351699
0.0674784
0.341227
0.0766403
0.329595
0.0910868
0.316728
0.115007
0.297818
0.185082
0.262501
0.265831
0.106831
-0.0789772
-0.19843
-0.0500178
-0.208643
-0.0164372
-0.237822
0.0138534
-0.225052
0.0443875
-0.228836
0.0750821
-0.230582
0.103733
-0.21997
0.13124
-0.21252
0.157508
-0.20315
0.182158
-0.191335
0.205633
-0.180842
0.227881
-0.169552
0.248892
-0.15808
0.268757
-0.146764
0.287392
-0.134827
0.304718
-0.122744
0.320649
-0.109897
0.335067
-0.0967719
0.347813
-0.0826616
0.358798
-0.0683908
0.367953
-0.0532325
0.375218
-0.0386704
0.380692
-0.0248313
0.384612
-0.0138219
0.387278
-0.00739912
0.38898
-0.00246817
0.389764
0.0032025
0.389606
0.00848721
0.388558
0.0137568
0.386709
0.0191451
0.384021
0.0245638
0.380568
0.0299683
0.376301
0.0355002
0.371201
0.0414772
0.365066
0.0486375
0.357536
0.0595923
0.347591
0.0762563
0.333565
0.125699
0.308884
0.200905
0.133953
-0.191618
0.161209
-0.197229
0.194467
-0.228888
0.226526
-0.22269
0.258252
-0.21864
0.289581
-0.210628
0.318308
-0.187783
0.34252
-0.154423
0.362674
-0.123034
0.379274
-0.0936227
0.392402
-0.066183
0.402786
-0.0443924
0.411057
-0.0273139
0.417615
-0.0135224
0.42268
-0.00385913
0.426707
0.00345739
0.429743
0.00823373
0.432036
0.0110503
0.433676
0.0120265
0.43478
0.0119324
0.435332
0.0106645
0.435344
0.00919006
0.43463
0.00857007
0.433004
0.0116678
0.430363
0.0175147
0.426834
0.0231423
0.422544
0.0293668
0.417549
0.0357997
0.411805
0.042367
0.405327
0.0488777
0.398118
0.0554403
0.390102
0.0621179
0.38121
0.0692687
0.371275
0.077436
0.360025
0.0879134
0.34694
0.104205
0.331937
0.130069
0.313561
0.20358
0.282679
0.29669
0.10618
-0.0768673
-0.227741
-0.046503
-0.239006
-0.0111999
-0.273122
0.0204
-0.25665
0.0521835
-0.260616
0.0840794
-0.262477
0.113695
-0.249584
0.142016
-0.24084
0.168941
-0.230074
0.194086
-0.216479
0.217944
-0.204699
0.240539
-0.192146
0.26186
-0.1794
0.282039
-0.166941
0.301015
-0.153802
0.318747
-0.140475
0.335109
-0.126258
0.349982
-0.111643
0.363251
-0.0959299
0.374773
-0.0799111
0.384492
-0.0629508
0.392352
-0.0465289
0.398405
-0.0308825
0.402822
-0.0182381
0.40595
-0.010526
0.408016
-0.00453314
0.409062
0.00215639
0.409118
0.00843201
0.408243
0.0146325
0.406472
0.020925
0.403829
0.0271986
0.400355
0.0334408
0.396027
0.0398275
0.390773
0.046725
0.384438
0.0549738
0.37662
0.0674187
0.366304
0.0865656
0.351984
0.140026
0.327817
0.22506
0.134635
-0.22007
0.163216
-0.22581
0.198304
-0.263973
0.232141
-0.256525
0.265503
-0.252001
0.298523
-0.243646
0.328728
-0.217987
0.354304
-0.179998
0.375471
-0.1442
0.392924
-0.111074
0.406838
-0.0800959
0.417861
-0.0554149
0.42675
-0.0362016
0.433932
-0.0207036
0.439678
-0.00960439
0.444253
-0.00111568
0.447969
0.00451833
0.450774
0.00824683
0.452882
0.0099198
0.454389
0.0104278
0.455323
0.00973244
0.455545
0.00896964
0.45504
0.00907745
0.453601
0.0131091
0.451159
0.0199594
0.447744
0.0265601
0.443544
0.0335693
0.43855
0.0407979
0.432797
0.0481191
0.42625
0.055424
0.418902
0.0627902
0.410733
0.0702886
0.401642
0.0783617
0.391506
0.087584
0.380013
0.0993984
0.366498
0.117716
0.349977
0.1466
0.3302
0.223373
0.299905
0.326982
0.105956
-0.0751449
-0.25855
-0.0432526
-0.270896
-0.00611986
-0.310253
0.0269851
-0.289753
0.0601896
-0.29382
0.0934427
-0.295728
0.124139
-0.280279
0.153396
-0.270097
0.181111
-0.257788
0.206866
-0.242234
0.231237
-0.22907
0.254251
-0.215159
0.275921
-0.201068
0.296429
-0.187449
0.315765
-0.173137
0.333834
-0.158542
0.35059
-0.143013
0.365905
-0.126957
0.379669
-0.109692
0.391742
-0.0919819
0.40198
-0.0731868
0.410399
-0.0549463
0.41701
-0.0374917
0.421971
-0.0231978
0.425546
-0.0141002
0.427954
-0.0069399
0.429322
0.000788326
0.429653
0.00810007
0.428941
0.0153454
0.427307
0.0225638
0.424727
0.0297785
0.421227
0.0369463
0.416811
0.0442524
0.411415
0.0521282
0.404875
0.0615269
0.396741
0.0755727
0.386053
0.0972727
0.371461
0.15464
0.347895
0.248642
0.135964
-0.250078
0.165997
-0.25584
0.203001
-0.300977
0.238596
-0.292117
0.273829
-0.287232
0.308603
-0.278419
0.340509
-0.249892
0.367388
-0.206875
0.389686
-0.166497
0.407996
-0.129384
0.422624
-0.094723
0.434291
-0.0670812
0.443735
-0.0456448
0.451382
-0.0283492
0.457672
-0.0158929
0.462865
-0.00630742
0.467034
0.000350597
0.470406
0.00487666
0.473041
0.00728653
0.474979
0.00849145
0.476213
0.00850156
0.476798
0.00838739
0.476571
0.00930823
0.475371
0.0143119
0.473144
0.02219
0.469925
0.0297835
0.465792
0.0377064
0.460836
0.0457581
0.455014
0.0539472
0.448336
0.0621072
0.440813
0.0703205
0.432368
0.0787435
0.422984
0.0877585
0.412512
0.0980775
0.400649
0.111283
0.386845
0.131553
0.369778
0.163722
0.348858
0.244381
0.317799
0.358045
0.106226
-0.0737384
-0.291036
-0.0401774
-0.304456
-0.00105935
-0.349369
0.0335982
-0.324408
0.0683633
-0.328582
0.103113
-0.330476
0.135076
-0.312241
0.165413
-0.300433
0.194032
-0.286407
0.220529
-0.268729
0.245504
-0.254045
0.268985
-0.23864
0.291084
-0.223166
0.311989
-0.208352
0.331641
-0.192788
0.35009
-0.17699
0.367239
-0.160161
0.382984
-0.1427
0.397182
-0.123889
0.409738
-0.104538
0.420513
-0.0839607
0.42944
-0.0638718
0.436575
-0.0446255
0.442035
-0.0286564
0.446057
-0.0181209
0.448887
-0.00976919
0.450571
-0.00089463
0.451129
0.00754158
0.450651
0.015826
0.449121
0.0241028
0.446604
0.032286
0.443123
0.0404231
0.438648
0.0487266
0.433112
0.057656
0.426343
0.068296
0.417936
0.083987
0.406876
0.108323
0.392112
0.169407
0.369158
0.271595
0.137786
-0.281636
0.169417
-0.28747
0.20847
-0.340028
0.246009
-0.329655
0.283099
-0.324321
0.319837
-0.315155
0.353482
-0.283536
0.381802
-0.235194
0.405183
-0.189877
0.424505
-0.148704
0.439832
-0.11005
0.452024
-0.0792719
0.461949
-0.0555687
0.470128
-0.0365277
0.4769
-0.022664
0.482501
-0.011907
0.487192
-0.00433855
0.49101
0.00105986
0.494068
0.00422995
0.496415
0.00614644
0.498078
0.00683973
0.498971
0.00749673
0.498957
0.00932441
0.498024
0.0152473
0.49601
0.0242061
0.492959
0.032837
0.488963
0.041706
0.484045
0.0506789
0.478226
0.0597655
0.471462
0.0688697
0.463759
0.0780242
0.455112
0.08739
0.44541
0.0974608
0.434561
0.108937
0.422234
0.123597
0.407989
0.145791
0.390561
0.181154
0.369158
0.265778
0.338062
0.389146
0.106826
-0.0726208
-0.325239
-0.0372996
-0.339775
0.00391921
-0.390585
0.0403468
-0.360833
0.0767829
-0.365017
0.113154
-0.366845
0.146495
-0.34558
0.178034
-0.331972
0.20771
-0.316082
0.235041
-0.296059
0.26071
-0.279713
0.284793
-0.262722
0.30735
-0.245722
0.328662
-0.229663
0.348723
-0.212848
0.367548
-0.195814
0.385061
-0.177672
0.401191
-0.158828
0.41582
-0.138517
0.428834
-0.11755
0.440106
-0.0952305
0.449554
-0.0733178
0.457196
-0.052266
0.463136
-0.0345944
0.467586
-0.0225703
0.470799
-0.0129806
0.472813
-0.00290757
0.473675
0.00667896
0.473391
0.0161106
0.472029
0.0254679
0.469597
0.0347188
0.466121
0.0439037
0.461613
0.0532422
0.455948
0.0633278
0.448971
0.075287
0.440284
0.0926931
0.428867
0.119758
0.413904
0.184394
0.391621
0.293912
0.140111
-0.314921
0.173376
-0.320733
0.214642
-0.381293
0.254202
-0.369213
0.293338
-0.363454
0.332129
-0.353945
0.367616
-0.319022
0.397459
-0.265036
0.422084
-0.214501
0.442335
-0.168954
0.45834
-0.126054
0.471094
-0.0920252
0.481555
-0.0660292
0.490078
-0.0450495
0.497234
-0.0298188
0.503292
-0.0179639
0.508357
-0.00940244
0.512623
-0.00320375
0.516112
0.000742158
0.518854
0.00340609
0.520873
0.00482377
0.522067
0.00630564
0.522394
0.00900021
0.521715
0.0159302
0.519957
0.0259686
0.517109
0.0356889
0.513234
0.045585
0.508402
0.0555158
0.502547
0.0656255
0.49572
0.0757024
0.487875
0.0858763
0.478988
0.0962839
0.469006
0.107455
0.457754
0.120208
0.444972
0.136399
0.430157
0.160638
0.412263
0.199098
0.39067
0.287437
0.360263
0.419573
0.107833
-0.071715
-0.361355
-0.034524
-0.376965
0.00892064
-0.434027
0.0471901
-0.399101
0.0854445
-0.403268
0.123589
-0.404988
0.158423
-0.380413
0.191295
-0.364842
0.222127
-0.346914
0.250409
-0.32434
0.276888
-0.306191
0.301631
-0.287465
0.324751
-0.268841
0.346541
-0.251452
0.367016
-0.233322
0.386214
-0.215011
0.404115
-0.195572
0.420656
-0.175368
0.435702
-0.153561
0.449119
-0.130966
0.460852
-0.106962
0.470762
-0.0832277
0.478878
-0.0603801
0.48529
-0.0410058
0.490212
-0.0274911
0.493796
-0.0165631
0.496162
-0.00527309
0.497294
0.00554668
0.497237
0.0161705
0.496047
0.0266654
0.493727
0.0370296
0.490289
0.0473374
0.485722
0.0578057
0.479937
0.0691038
0.472767
0.0824557
0.463806
0.10166
0.452105
0.131447
0.43697
0.19953
0.415346
0.315539
0.142859
-0.349944
0.177973
-0.355847
0.22151
-0.424827
0.263296
-0.410998
0.304515
-0.404672
0.345426
-0.394854
0.382931
-0.356526
0.414349
-0.296453
0.440246
-0.240397
0.461501
-0.190208
0.478308
-0.14286
0.491642
-0.105358
0.502465
-0.0768516
0.511431
-0.0540142
0.518879
-0.0372657
0.525254
-0.0243373
0.530712
-0.0148593
0.53539
-0.00788057
0.539261
-0.00312708
0.542369
0.00029915
0.544717
0.00247747
0.546246
0.00477869
0.546872
0.0083768
0.546488
0.0163165
0.544963
0.0274957
0.542328
0.038327
0.538608
0.0493072
0.533829
0.0602977
0.528008
0.0714462
0.521125
0.0825846
0.513158
0.0938426
0.504082
0.105359
0.493804
0.117729
0.482195
0.131826
0.468951
0.149628
0.453601
0.175978
0.435139
0.21756
0.413303
0.309256
0.38378
0.4491
0.109116
-0.0710334
-0.399436
-0.0318582
-0.416138
0.0139556
-0.479839
0.054202
-0.439344
0.0943918
-0.443457
0.134428
-0.445021
0.170888
-0.416871
0.205236
-0.39919
0.237331
-0.379007
0.26667
-0.353679
0.294053
-0.333572
0.319544
-0.312955
0.343289
-0.292584
0.365619
-0.273781
0.386529
-0.25423
0.406156
-0.234638
0.424461
-0.213875
0.441382
-0.192288
0.456831
-0.169008
0.470694
-0.144828
0.482841
-0.119107
0.493206
-0.0935912
0.501787
-0.0689586
0.508631
-0.0478482
0.513953
-0.0328116
0.517926
-0.0205347
0.52065
-0.00799544
0.522094
0.00410308
0.522276
0.0159888
0.521261
0.0276829
0.519044
0.0392468
0.51566
0.0507261
0.51105
0.062422
0.505179
0.0749816
0.497827
0.0898199
0.48861
0.110896
0.476582
0.143494
0.461371
0.214767
0.44039
0.336561
0.146112
-0.38694
0.183025
-0.392758
0.229037
-0.470839
0.27307
-0.45503
0.316637
-0.448236
0.359821
-0.438037
0.399348
-0.396051
0.432507
-0.329611
0.459706
-0.267594
0.482053
-0.212555
0.499608
-0.160415
0.513489
-0.119238
0.524797
-0.0881596
0.534072
-0.0632881
0.541886
-0.0450786
0.548597
-0.0310472
0.554367
-0.0206274
0.559316
-0.012828
0.563525
-0.00733471
0.567006
-0.00318004
0.569685
-0.000199121
0.57154
0.00292585
0.57247
0.00745011
0.57236
0.0164309
0.5711
0.0287594
0.568688
0.0407443
0.565136
0.0528637
0.560475
0.0649642
0.554687
0.0772399
0.547761
0.0895162
0.539671
0.101939
0.530387
0.11465
0.519842
0.128283
0.507874
0.143812
0.494194
0.163326
0.478321
0.19188
0.45931
0.236616
0.437209
0.331407
0.408466
0.477871
0.110697
-0.0705633
-0.439566
-0.029257
-0.457443
0.019045
-0.528139
0.061414
-0.481712
0.103682
-0.485722
0.145723
-0.487061
0.183948
-0.455095
0.21984
-0.435082
0.253333
-0.412499
0.283852
-0.384197
0.312226
-0.361946
0.338557
-0.339285
0.363001
-0.317028
0.385915
-0.296693
0.407378
-0.275693
0.427459
-0.254718
0.446182
-0.232596
0.463487
-0.209593
0.479306
-0.184826
0.493561
-0.159082
0.506135
-0.13168
0.516902
-0.104358
0.525906
-0.0779618
0.533181
-0.0551222
0.538907
-0.0385369
0.543285
-0.0249125
0.546324
-0.011033
0.548071
0.00235586
0.548538
0.015524
0.547714
0.0285133
0.545631
0.0413203
0.54229
0.0540618
0.537697
0.0670109
0.531724
0.0809424
0.524182
0.0973614
0.514726
0.120358
0.502459
0.155745
0.487144
0.23008
0.466861
0.356845
0.149712
-0.425954
0.188698
-0.431743
0.237225
-0.519363
0.283723
-0.501526
0.329652
-0.494164
0.375216
-0.483599
0.416957
-0.437791
0.451838
-0.364491
0.480531
-0.296286
0.503986
-0.23601
0.522402
-0.17883
0.536875
-0.133711
0.548576
-0.0998593
0.558239
-0.0729508
0.566279
-0.0531171
0.57327
-0.0380374
0.579293
-0.0266488
0.584532
-0.0180662
0.589041
-0.0118419
0.592818
-0.0069554
0.595838
-0.00321795
0.598032
0.000734515
0.599275
0.00620945
0.59942
0.0162875
0.598458
0.0297235
0.596273
0.0429317
0.592902
0.0562375
0.588344
0.0695255
0.582605
0.082979
0.57564
0.0964805
0.567461
0.110118
0.558015
0.124093
0.547187
0.139107
0.534887
0.15612
0.520781
0.177414
0.504415
0.208233
0.484899
0.256131
0.462464
0.353818
0.434458
0.505879
0.112601
-0.0702701
-0.481896
-0.0267276
-0.500983
0.0242435
-0.579107
0.0688417
-0.526307
0.113294
-0.530173
0.157499
-0.531264
0.197585
-0.495179
0.2352
-0.472696
0.270184
-0.447482
0.301958
-0.41597
0.331435
-0.391421
0.358708
-0.366557
0.383936
-0.342255
0.407523
-0.320279
0.429531
-0.297699
0.450106
-0.275292
0.469264
-0.251753
0.486987
-0.227314
0.50323
-0.201068
0.517871
-0.173722
0.530819
-0.144626
0.54201
-0.115547
0.551395
-0.0873452
0.559047
-0.0627718
0.565156
-0.0446445
0.569895
-0.02965
0.573304
-0.0144406
0.57536
0.000301661
0.576076
0.014809
0.575459
0.0291336
0.573528
0.0432516
0.570277
0.0573163
0.565662
0.0716313
0.55961
0.0870002
0.551924
0.105058
0.542269
0.13003
0.529747
0.168287
0.514379
0.245471
0.494811
0.376457
0.153727
-0.467079
0.19481
-0.472824
0.246076
-0.570628
0.295116
-0.550563
0.34359
-0.542636
0.391678
-0.531686
0.435719
-0.48183
0.472511
-0.401283
0.502677
-0.326452
0.527294
-0.260626
0.546583
-0.198119
0.56166
-0.148787
0.573903
-0.112101
0.583809
-0.0828567
0.592212
-0.061519
0.599354
-0.0451778
0.605656
-0.0329499
0.611116
-0.0235247
0.615899
-0.0166233
0.619968
-0.011023
0.623251
-0.00649837
0.625739
-0.0017506
0.627285
0.00466643
0.627799
0.0157777
0.627068
0.0304588
0.625117
0.0448872
0.621934
0.0594263
0.617507
0.0739592
0.611834
0.0886578
0.604879
0.103443
0.596612
0.118391
0.586975
0.133736
0.575926
0.150165
0.563278
0.168781
0.548759
0.191948
0.531925
0.225094
0.511932
0.276165
0.489218
0.376571
0.46193
0.5332
0.114747
-0.0700763
-0.526564
-0.0241757
-0.546883
0.0295542
-0.632835
0.0765393
-0.573291
0.1233
-0.57693
0.16981
-0.577773
0.2119
-0.537268
0.251298
-0.512092
0.287918
-0.484102
0.321078
-0.44913
0.351745
-0.422088
0.380025
-0.394836
0.406124
-0.368353
0.43045
-0.344604
0.453081
-0.32033
0.474195
-0.296406
0.49384
-0.271397
0.512007
-0.24548
0.528628
-0.217688
0.543663
-0.188756
0.556993
-0.157954
0.568527
-0.12708
0.578305
-0.097122
0.58631
-0.0707769
0.592786
-0.0511196
0.597881
-0.0347439
0.601625
-0.0181844
0.603991
-0.00206437
0.604966
0.0138353
0.604581
0.0295226
0.602806
0.045019
0.599649
0.0604672
0.595059
0.0762162
0.588945
0.0931026
0.58114
0.112861
0.571255
0.139919
0.558565
0.18096
0.543187
0.260844
0.524284
0.395356
0.158132
-0.510462
0.201464
-0.516155
0.255567
-0.624728
0.307301
-0.602297
0.358467
-0.593801
0.409217
-0.582433
0.455653
-0.528265
0.494483
-0.440112
0.526207
-0.358176
0.552113
-0.286532
0.572309
-0.218316
0.588069
-0.164546
0.600698
-0.124729
0.611029
-0.0931871
0.619597
-0.0700859
0.627033
-0.0526128
0.633476
-0.0393913
0.639183
-0.0292304
0.644172
-0.0216108
0.648486
-0.0153354
0.65209
-0.0101003
0.654843
-0.00450133
0.65668
0.00283144
0.657411
0.015049
0.656983
0.0308896
0.655299
0.0465733
0.652313
0.0624151
0.648043
0.0782313
0.642437
0.0942656
0.635492
0.110388
0.627157
0.126727
0.617394
0.143496
0.606095
0.16146
0.593118
0.181764
0.578207
0.206839
0.560914
0.242374
0.540518
0.296557
0.517514
0.39955
0.490937
0.559775
0.117192
-0.0700754
-0.573679
-0.0216974
-0.595258
0.0350171
-0.689547
0.0844748
-0.622745
0.133757
-0.626211
0.182659
-0.626673
0.226884
-0.581491
0.268226
-0.553435
0.306572
-0.522447
0.341203
-0.48376
0.373168
-0.454052
0.402572
-0.424239
0.429612
-0.395392
0.454736
-0.369727
0.478084
-0.343676
0.499791
-0.318112
0.519945
-0.291549
0.538563
-0.264097
0.555621
-0.234745
0.571029
-0.204164
0.58472
-0.171643
0.596638
-0.138997
0.606729
-0.107211
0.61508
-0.0791266
0.621875
-0.057912
0.627295
-0.0401625
0.631379
-0.0222659
0.634055
-0.00473923
0.635337
0.0125564
0.635168
0.0296941
0.633563
0.0466254
0.630505
0.0635291
0.625948
0.0807781
0.619807
0.0992478
0.611851
0.120826
0.601824
0.149961
0.588973
0.193831
0.573576
0.276264
0.555382
0.413593
0.162958
-0.556228
0.208645
-0.561839
0.265741
-0.681824
0.320336
-0.656889
0.374288
-0.647751
0.427863
-0.636007
0.476883
-0.577283
0.517748
-0.480976
0.551185
-0.391612
0.57842
-0.313767
0.599586
-0.239482
0.615995
-0.180954
0.629152
-0.137886
0.639779
-0.103813
0.648648
-0.0789543
0.656243
-0.0602069
0.662882
-0.0460284
0.668755
-0.0351023
0.673963
-0.0268169
0.678476
-0.0198468
0.682304
-0.0139269
0.685347
-0.0075412
0.687479
0.000702168
0.688513
0.0140199
0.688348
0.0310583
0.686891
0.0480356
0.684106
0.0652064
0.679975
0.0823694
0.674479
0.0997694
0.667546
0.117328
0.659175
0.135105
0.649262
0.153417
0.637765
0.172964
0.624506
0.195033
0.609185
0.222172
0.591502
0.260079
0.570685
0.317409
0.547472
0.422795
0.521603
0.585677
0.119888
-0.0701943
-0.623371
-0.019163
-0.646288
0.0406198
-0.749327
0.0927546
-0.674878
0.144618
-0.678071
0.196109
-0.678163
0.242581
-0.627962
0.286009
-0.59686
0.326185
-0.562623
0.362426
-0.520001
0.395792
-0.487417
0.426401
-0.454848
0.454458
-0.423447
0.480482
-0.395751
0.504576
-0.367769
0.526931
-0.340466
0.547643
-0.31226
0.56675
-0.283203
0.584226
-0.25222
0.600039
-0.219976
0.614113
-0.185716
0.626338
-0.151221
0.636756
-0.117629
0.645415
-0.0877842
0.652514
-0.0650102
0.658279
-0.0459279
0.662675
-0.0266608
0.665643
-0.00770735
0.667175
0.0110242
0.66726
0.0296111
0.665839
0.0480413
0.662898
0.0664645
0.658393
0.0852776
0.652224
0.105406
0.644197
0.128849
0.634019
0.160145
0.62105
0.206782
0.605694
0.291612
0.588201
0.431077
0.16817
-0.604508
0.216341
-0.61001
0.276584
-0.742064
0.334214
-0.714518
0.391127
-0.704661
0.447657
-0.692535
0.49936
-0.628985
0.542463
-0.52408
0.577669
-0.426818
0.606298
-0.342397
0.628484
-0.261668
0.645626
-0.198095
0.659309
-0.151568
0.670291
-0.114795
0.679371
-0.088033
0.687169
-0.0680036
0.693951
-0.0528091
0.699961
-0.0411109
0.705325
-0.0321796
0.71008
-0.0246
0.714091
-0.0179355
0.717366
-0.0108144
0.719743
-0.00167268
0.721105
0.0126601
0.721196
0.0309701
0.719967
0.0492673
0.717414
0.0677622
0.713443
0.0863432
0.708023
0.105191
0.701164
0.124189
0.692747
0.143523
0.682732
0.16343
0.671014
0.18468
0.65747
0.208579
0.641822
0.237801
0.623723
0.278162
0.602565
0.338563
0.579129
0.446205
0.553977
0.610824
0.122869
-0.0704361
-0.675801
-0.0166233
-0.700098
0.0464284
-0.812377
0.101359
-0.729805
0.155997
-0.732709
0.210195
-0.732357
0.259083
-0.676848
0.304675
-0.642454
0.346845
-0.604792
0.384786
-0.557941
0.419637
-0.522266
0.451556
-0.486767
0.480738
-0.452628
0.507718
-0.422729
0.53263
-0.39268
0.55571
-0.363545
0.57703
-0.333579
0.596651
-0.302823
0.614593
-0.270161
0.630798
-0.23618
0.645228
-0.200144
0.657785
-0.163777
0.668514
-0.128355
0.677443
-0.0967116
0.68483
-0.0723956
0.690874
-0.0519693
0.695564
-0.031349
0.698857
-0.010998
0.70067
0.0092147
0.700971
0.029313
0.699735
0.0492798
0.696941
0.0692625
0.692512
0.0897112
0.686335
0.111586
0.678246
0.136945
0.667953
0.170449
0.654904
0.219849
0.639626
0.306911
0.622792
0.447949
0.173778
-0.655416
0.224572
-0.660801
0.288159
-0.805651
0.348934
-0.775289
0.409016
-0.764742
0.468634
-0.752152
0.523185
-0.683535
0.568625
-0.569519
0.605696
-0.463889
0.63578
-0.37248
0.65904
-0.284928
0.676989
-0.216043
0.691182
-0.16576
0.702538
-0.12615
0.711857
-0.0973505
0.71983
-0.0759757
0.726768
-0.0597451
0.732951
-0.0472926
0.738431
-0.0376585
0.743285
-0.0294518
0.747537
-0.0221858
0.751037
-0.0143117
0.753703
-0.00433587
0.755264
0.0111033
0.755603
0.0306358
0.754642
0.0502343
0.752272
0.0701382
0.748467
0.0901552
0.743196
0.110471
0.736349
0.131044
0.727919
0.151962
0.717825
0.173532
0.705953
0.19656
0.692148
0.222393
0.67615
0.253809
0.657695
0.296633
0.636211
0.360076
0.612598
0.469843
0.588089
0.635365
0.126074
-0.0708008
-0.731073
-0.0140935
-0.756805
0.0524349
-0.878902
0.110332
-0.787701
0.16788
-0.790253
0.224958
-0.789434
0.276394
-0.728283
0.324323
-0.690381
0.368574
-0.649042
0.408326
-0.597693
0.444793
-0.558732
0.478101
-0.520074
0.508497
-0.483024
0.53653
-0.450761
0.562338
-0.418487
0.586174
-0.38738
0.608151
-0.355555
0.628346
-0.323018
0.646768
-0.288581
0.663401
-0.252812
0.678177
-0.214919
0.691056
-0.176655
0.70211
-0.139409
0.711236
-0.105837
0.718883
-0.0800415
0.725207
-0.0582929
0.730116
-0.0362587
0.73375
-0.014632
0.735824
0.00714111
0.736389
0.0287479
0.735346
0.0503198
0.732703
0.0719002
0.728354
0.0940548
0.722202
0.117728
0.714064
0.14508
0.70371
0.180808
0.690638
0.232903
0.675442
0.322095
0.659264
0.464115
0.1798
-0.709139
0.233373
-0.714374
0.300462
-0.872735
0.364584
-0.839411
0.427907
-0.828063
0.490833
-0.815075
0.548349
-0.741051
0.596233
-0.617403
0.635296
-0.502952
0.66698
-0.404165
0.69137
-0.309317
0.710078
-0.23475
0.724867
-0.180549
0.736599
-0.137881
0.746229
-0.106979
0.754372
-0.084117
0.761448
-0.0668204
0.76771
-0.0535531
0.773299
-0.0432457
0.778336
-0.0344868
0.782696
-0.0265438
0.786432
-0.0180455
0.789282
-0.00718305
0.791103
0.0092853
0.791707
0.0300348
0.790954
0.05099
0.788796
0.0722987
0.785173
0.0937814
0.780012
0.115635
0.773252
0.137805
0.764828
0.160387
0.754662
0.183698
0.742618
0.208603
0.728583
0.236427
0.712307
0.270067
0.693492
0.315432
0.671745
0.381818
0.647979
0.493582
0.624024
0.659313
0.129603
-0.0712914
-0.789383
-0.0114647
-0.816628
0.0586568
-0.949022
0.119678
-0.848718
0.18031
-0.850884
0.240431
-0.849552
0.294565
-0.782415
0.344942
-0.740758
0.391432
-0.695531
0.433133
-0.639394
0.471329
-0.596928
0.506139
-0.554882
0.537806
-0.51469
0.566967
-0.479921
0.593758
-0.445277
0.618421
-0.412043
0.641128
-0.378261
0.661928
-0.343817
0.680856
-0.307508
0.697911
-0.269866
0.713078
-0.230084
0.726257
-0.189833
0.737534
-0.150684
0.746941
-0.115242
0.754772
-0.0878706
0.761376
-0.0648949
0.766626
-0.0415058
0.770501
-0.0185041
0.772857
0.0047882
0.77356
0.0280487
0.772761
0.0511215
0.770327
0.0743388
0.766095
0.0982913
0.759922
0.123904
0.751771
0.153237
0.741371
0.191217
0.728311
0.245978
0.713265
0.337158
0.697724
0.479689
0.186252
-0.765787
0.242742
-0.770861
0.31352
-0.943513
0.381157
-0.907044
0.447968
-0.894872
0.514305
-0.881413
0.575003
-0.801748
0.625481
-0.667881
0.666613
-0.544084
0.699887
-0.437438
0.725508
-0.334937
0.745092
-0.254333
0.760497
-0.195953
0.772653
-0.150036
0.782518
-0.116843
0.790855
-0.092452
0.798061
-0.0740254
0.804407
-0.0598971
0.810111
-0.0489488
0.815226
-0.0396
0.819773
-0.0310882
0.823629
-0.0218992
0.826706
-0.0102568
0.828777
0.00721776
0.829584
0.0292328
0.829045
0.0515353
0.827102
0.074248
0.823644
0.0972466
0.818598
0.12069
0.811923
0.14449
0.803505
0.168814
0.793275
0.193937
0.78113
0.220757
0.766883
0.250684
0.750325
0.286633
0.731246
0.334524
0.709244
0.403842
0.685361
0.517485
0.661899
0.682803
0.133399
-0.0718867
-0.850893
-0.00883241
-0.879682
0.0651481
-1.023
0.129468
-0.913036
0.193355
-0.914766
0.256692
-0.912889
0.313642
-0.839364
0.366652
-0.793766
0.415508
-0.744386
0.45927
-0.683155
0.499274
-0.636931
0.53569
-0.591297
0.568764
-0.547763
0.599132
-0.510288
0.626977
-0.47312
0.652552
-0.437617
0.67601
-0.401717
0.697491
-0.365297
0.716932
-0.326948
0.734524
-0.287457
0.750047
-0.245606
0.763558
-0.203343
0.77503
-0.162155
0.784666
-0.124877
0.792767
-0.095971
0.799554
-0.0716811
0.805035
-0.0469862
0.809035
-0.022504
0.811677
0.00214603
0.812671
0.0270547
0.812152
0.0516374
0.809698
0.0767887
0.805592
0.102393
0.799568
0.129921
0.791441
0.16136
0.781077
0.201582
0.768082
0.25896
0.753164
0.35206
0.738227
0.494609
0.19311
-0.825497
0.25269
-0.83044
0.327369
-1.01819
0.398697
-0.978371
0.46915
-0.965323
0.539135
-0.951395
0.603116
-0.865729
0.656389
-0.721154
0.699673
-0.587368
0.73471
-0.472476
0.761596
-0.361822
0.782068
-0.274804
0.798056
-0.211939
0.810669
-0.162648
0.820832
-0.127004
0.829361
-0.100979
0.836677
-0.0813401
0.84312
-0.0663383
0.848923
-0.0547503
0.854153
-0.0448284
0.858783
-0.0357159
0.862803
-0.0259165
0.866078
-0.0135282
0.868286
0.005012
0.86931
0.0282124
0.869089
0.0517591
0.867168
0.0761726
0.863917
0.100501
0.85908
0.12553
0.852437
0.151136
0.844044
0.177209
0.833874
0.204108
0.821611
0.233019
0.807156
0.265137
0.790368
0.303408
0.771017
0.35386
0.748844
0.426009
0.724852
0.541449
0.701772
0.70587
0.137473
-0.0726095
-0.915754
-0.00611346
-0.946175
0.0718914
-1.101
0.139679
-0.98082
0.207009
-0.982097
0.273726
-0.979602
0.333711
-0.899346
0.38947
-0.849526
0.440837
-0.795751
0.486774
-0.729091
0.528743
-0.678898
0.56687
-0.629423
0.601441
-0.582333
0.633115
-0.54196
0.662066
-0.50207
0.688576
-0.464125
0.712952
-0.426092
0.735096
-0.387439
0.755234
-0.347085
0.773124
-0.305346
0.789176
-0.261656
0.80298
-0.217145
0.814769
-0.173942
0.82461
-0.134716
0.832814
-0.104173
0.839756
-0.0786211
0.845443
-0.0526706
0.849689
-0.026748
0.852463
-0.000624331
0.853885
0.0256371
0.853364
0.0521618
0.851315
0.0788419
0.847296
0.106417
0.841294
0.135926
0.833284
0.169376
0.822854
0.212019
0.810014
0.271812
0.795314
0.366774
0.780955
0.508994
0.200478
-0.888501
0.263277
-0.893236
0.34201
-1.09692
0.417232
-1.05359
0.491568
-1.03966
0.56537
-1.0252
0.632888
-0.933246
0.688939
-0.777205
0.734552
-0.63298
0.771417
-0.50934
0.799651
-0.390055
0.821079
-0.29623
0.837801
-0.22866
0.850852
-0.175698
0.86129
-0.137441
0.870024
-0.109712
0.877475
-0.0887892
0.884021
-0.0728831
0.889855
-0.0605828
0.895197
-0.0501681
0.899963
-0.0404795
0.904033
-0.0299847
0.907406
-0.0168979
0.909954
0.00246854
0.911082
0.0270884
0.910937
0.0519103
0.909476
0.0776399
0.906241
0.103743
0.901374
0.130405
0.895009
0.15751
0.886684
0.185544
0.876231
0.214571
0.86391
0.245349
0.849512
0.279546
0.83248
0.320447
0.812933
0.373418
0.790636
0.448323
0.76655
0.565552
0.743817
0.728626
0.141838
-0.0734619
-0.984128
-0.00333891
-1.0163
0.078929
-1.18327
0.150369
-1.05226
0.22133
-1.05305
0.291636
-1.04991
0.354783
-0.962492
0.413481
-0.908221
0.467489
-0.849758
0.51577
-0.77737
0.559785
-0.722913
0.599736
-0.669372
0.635895
-0.618491
0.668974
-0.575038
0.69913
-0.532225
0.726746
-0.49174
0.751962
-0.451306
0.774792
-0.410268
0.795576
-0.367867
0.814116
-0.323885
0.830439
-0.277977
0.844658
-0.231363
0.856613
-0.185896
0.866636
-0.144738
0.875054
-0.11259
0.882264
-0.0858307
0.888133
-0.0585384
0.892604
-0.0312193
0.895637
-0.00365694
0.897054
0.0242195
0.896958
0.0522561
0.894899
0.0808989
0.890989
0.110323
0.885345
0.141565
0.877252
0.177465
0.867047
0.222224
0.85426
0.284588
0.839758
0.381257
0.825955
0.522776
0.208251
-0.954912
0.274497
-0.959481
0.357572
-1.17999
0.436904
-1.13292
0.515281
-1.11803
0.593097
-1.10301
0.66423
-1.00438
0.723343
-0.836318
0.771392
-0.68103
0.810181
-0.548128
0.83982
-0.419693
0.862243
-0.318652
0.879681
-0.246096
0.893233
-0.189249
0.903965
-0.148171
0.912955
-0.1187
0.920456
-0.0962893
0.927156
-0.0795815
0.933078
-0.0665027
0.938303
-0.0553909
0.943103
-0.0452774
0.947418
-0.0342965
0.95115
-0.0206262
0.953551
7.02574e-05
0.955052
0.0255912
0.954978
0.0519879
0.953626
0.0789952
0.95067
0.106703
0.946081
0.134998
0.939539
0.164054
0.93131
0.193776
0.921062
0.22482
0.908608
0.257802
0.893904
0.294249
0.876883
0.337457
0.857094
0.393195
0.834735
0.470674
0.810573
0.58969
0.788134
0.751047
0.146524
-0.0744072
-1.05624
-0.000468853
-1.09023
0.0862811
-1.27001
0.161586
-1.12756
0.23637
-1.12784
0.310439
-1.12397
0.376957
-1.02901
0.438746
-0.97001
0.495552
-0.906563
0.546289
-0.828106
0.592529
-0.769151
0.634405
-0.711247
0.67226
-0.656344
0.706875
-0.609652
0.738296
-0.563644
0.767084
-0.520526
0.793107
-0.477329
0.816988
-0.434147
0.838302
-0.38918
0.857502
-0.343084
0.874228
-0.294701
0.888725
-0.245859
0.901106
-0.198275
0.911161
-0.154791
0.919772
-0.1212
0.926946
-0.0930026
0.933107
-0.0646975
0.93778
-0.0358903
0.941055
-0.0069286
0.9426
0.0226789
0.942503
0.0523563
0.940863
0.0825433
0.937218
0.113972
0.931402
0.147384
0.923681
0.185192
0.913455
0.232455
0.900866
0.297188
0.886703
0.395431
0.873384
0.536117
0.216573
-1.02496
0.286411
-1.02932
0.374028
-1.26761
0.457664
-1.21655
0.540301
-1.20067
0.622389
-1.1851
0.697365
-1.07935
0.759673
-0.898626
0.810255
-0.731611
0.851064
-0.588935
0.882187
-0.450815
0.905702
-0.342165
0.92391
-0.264303
0.937964
-0.2033
0.949148
-0.159355
0.958155
-0.127706
0.965999
-0.104132
0.972628
-0.0862091
0.97866
-0.0725326
0.984017
-0.0607464
0.989002
-0.0502598
0.993358
-0.0386497
0.996871
-0.0241359
0.999715
-0.00276944
1.00123
0.0240761
1.00137
0.051862
0.999954
0.0804129
0.99711
0.109554
0.992645
0.139471
0.986374
0.170335
0.978105
0.202054
0.967936
0.234999
0.955524
0.270224
0.940679
0.309104
0.923494
0.354651
0.903624
0.413075
0.881154
0.493156
0.857077
0.613782
0.83487
0.773272
0.151525
-0.0754675
-1.1323
0.00246298
-1.16816
0.0939603
-1.36151
0.173339
-1.20694
0.252163
-1.20665
0.330217
-1.20203
0.40028
-1.09907
0.465324
-1.03505
0.525113
-0.966352
0.57845
-0.881441
0.627002
-0.817702
0.670939
-0.755182
0.710679
-0.696083
0.746674
-0.645645
0.779728
-0.596696
0.809618
-0.550415
0.836852
-0.504562
0.861418
-0.458711
0.883536
-0.411298
0.903275
-0.362821
0.920539
-0.311964
0.935313
-0.260632
0.947841
-0.210802
0.958314
-0.165263
0.966826
-0.12971
0.974357
-0.100532
0.980373
-0.0707132
0.985363
-0.0408792
0.98872
-0.0102857
0.990659
0.0207401
0.990838
0.0521765
0.989062
0.0843174
0.985697
0.117335
0.980153
0.152923
0.972291
0.19305
0.96234
0.242405
0.95013
0.30939
0.936076
0.409465
0.923364
0.548805
0.225387
-1.09882
0.299015
-1.10294
0.391385
-1.35998
0.479623
-1.30479
0.566729
-1.28777
0.653249
-1.27162
0.732341
-1.15845
0.79798
-0.964267
0.851257
-0.784887
0.89418
-0.631858
0.926885
-0.483519
0.951515
-0.366793
0.970545
-0.283331
0.985051
-0.217806
0.996564
-0.170866
1.00605
-0.137194
1.01377
-0.111852
1.02065
-0.0930799
1.02659
-0.078479
1.03222
-0.0663659
1.03706
-0.0551001
1.04131
-0.0428993
1.04519
-0.0280095
1.04799
-0.00556604
1.04962
0.0224472
1.04994
0.0515512
1.04889
0.0814657
1.04614
0.112306
1.04164
0.143972
1.03534
0.176634
1.02734
0.210063
1.01712
0.245217
1.00464
0.282708
0.989974
0.323766
0.972531
0.372087
0.952686
0.432912
0.93031
0.515527
0.906044
0.638023
0.884086
0.795208
0.15687
-0.0766781
-1.21249
0.00551513
-1.25035
0.101962
-1.45795
0.185667
-1.29064
0.268724
-1.28971
0.35099
-1.28429
0.424806
-1.17288
0.493289
-1.10353
0.55622
-1.02928
0.612314
-0.937533
0.663303
-0.86869
0.709538
-0.801416
0.750941
-0.737484
0.788993
-0.683696
0.823197
-0.630899
0.854466
-0.581684
0.882807
-0.532901
0.908332
-0.484235
0.931268
-0.434231
0.951559
-0.383111
0.9695
-0.329904
0.984688
-0.275819
0.99749
-0.223602
1.00797
-0.175744
1.01678
-0.138512
1.02423
-0.107981
1.03063
-0.0771104
1.0355
-0.0457467
1.03905
-0.0138421
1.04109
0.0187048
1.0414
0.0518722
1.04005
0.0856729
1.03656
0.120826
1.03132
0.158173
1.02376
0.200611
1.01402
0.252147
1.00183
0.321589
0.988266
0.423042
0.976067
0.56102
0.234734
-1.17668
0.31235
-1.18056
0.409789
-1.45742
0.502783
-1.39778
0.594639
-1.37963
0.685889
-1.36287
0.769236
-1.24179
0.838406
-1.03344
0.894499
-0.840979
0.939648
-0.677005
0.974071
-0.517941
0.999781
-0.392501
1.01966
-0.303206
1.03487
-0.233023
1.04669
-0.182681
1.05631
-0.14682
1.06438
-0.119921
1.07115
-0.0998417
1.07734
-0.0846661
1.08278
-0.0718081
1.08772
-0.0600342
1.09228
-0.0474642
1.09605
-0.031773
1.09905
-0.0085594
1.10081
0.0206948
1.10112
0.0512402
1.09997
0.0826239
1.09744
0.114837
1.0932
0.148227
1.08716
0.182673
1.07884
0.218392
1.06874
0.255328
1.0565
0.294962
1.04163
0.338644
1.02439
0.389333
1.00448
0.452831
0.981844
0.538179
0.957735
0.662146
0.936027
0.816932
0.162537
-0.0779907
-1.29703
0.00866453
-1.33701
0.11037
-1.55966
0.198594
-1.37886
0.286173
-1.37729
0.372858
-1.37097
0.450607
-1.25063
0.52275
-1.17567
0.588985
-1.09551
0.648041
-0.996588
0.701691
-0.922339
0.750051
-0.849775
0.793808
-0.78124
0.833318
-0.723205
0.869333
-0.666912
0.90188
-0.61423
0.931346
-0.562366
0.957981
-0.51087
0.981884
-0.458134
1.00287
-0.404093
1.02111
-0.34814
1.03684
-0.291549
1.04979
-0.236551
1.0604
-0.186357
1.06935
-0.147455
1.07684
-0.115471
1.08332
-0.0835941
1.08846
-0.0508864
1.09206
-0.0174432
1.09419
0.0165807
1.09475
0.0513058
1.09355
0.0868776
1.0905
0.123871
1.08516
0.16351
1.07795
0.207824
1.06832
0.261769
1.05671
0.333192
1.0433
0.436433
1.03143
0.572869
0.244661
-1.25881
0.326507
-1.2624
0.429243
-1.56015
0.527296
-1.49583
0.624138
-1.47647
0.720288
-1.45901
0.808163
-1.32967
0.881039
-1.10631
0.940153
-0.900092
0.987677
-0.724529
1.02367
-0.553932
1.05084
-0.419667
1.07147
-0.323838
1.08738
-0.248933
1.09962
-0.194923
1.10957
-0.15677
1.11767
-0.128013
1.12477
-0.10694
1.13087
-0.0907642
1.13637
-0.0773123
1.14129
-0.064948
1.14583
-0.0520003
1.14976
-0.0356976
1.1528
-0.0115985
1.15447
0.0190316
1.15506
0.0506526
1.15407
0.0836176
1.15145
0.117457
1.14715
0.152536
1.14108
0.188742
1.13332
0.226155
1.12306
0.26559
1.1108
0.307225
1.09605
0.353394
1.07865
0.406727
1.05873
0.472739
1.03641
0.5605
1.01222
0.686319
0.990781
0.838345
0.168589
-0.0794244
-1.3862
0.0119272
-1.42836
0.119174
-1.6669
0.21218
-1.47186
0.304467
-1.46957
0.395847
-1.46235
0.477762
-1.33254
0.553752
-1.25166
0.623492
-1.16525
0.685482
-1.05858
0.741995
-0.978851
0.792889
-0.900668
0.838662
-0.827012
0.88028
-0.764821
0.917868
-0.704499
0.951971
-0.648331
0.982843
-0.593237
1.01048
-0.538508
1.03511
-0.482763
1.05694
-0.425919
1.07588
-0.367073
1.09177
-0.30744
1.10526
-0.25004
1.11614
-0.197234
1.12495
-0.156262
1.13274
-0.123259
1.13915
-0.090009
1.14427
-0.0560006
1.14817
-0.0213411
1.1505
0.0142521
1.15117
0.0506333
1.14998
0.0880797
1.14697
0.126884
1.1421
0.168381
1.13498
0.214946
1.12563
0.271125
1.11416
0.34467
1.1013
0.449306
1.09002
0.58416
0.255178
-1.34539
0.341464
-1.34869
0.449765
-1.66845
0.553159
-1.59922
0.65526
-1.57856
0.756631
-1.56039
0.849238
-1.42227
0.926026
-1.1831
0.988201
-0.962265
1.03821
-0.774533
1.07625
-0.591974
1.10461
-0.448025
1.12617
-0.345399
1.14258
-0.265337
1.15537
-0.207711
1.16545
-0.166847
1.17401
-0.136573
1.181
-0.113933
1.18715
-0.0969119
1.19273
-0.0828931
1.19789
-0.0700973
1.20239
-0.0564977
1.20628
-0.0395897
1.20934
-0.0146498
1.21121
0.0171578
1.21174
0.0501283
1.21074
0.0846228
1.20831
0.1199
1.20422
0.156632
1.19825
0.194712
1.19018
0.234231
1.18021
0.275574
1.16781
0.319633
1.15321
0.368004
1.13597
0.423975
1.1161
0.492623
1.09386
0.582748
1.06974
0.710451
1.04842
0.859681
0.175004
-0.0810018
-1.4802
0.0153207
-1.52468
0.128396
-1.77997
0.226445
-1.56991
0.323739
-1.56686
0.420037
-1.55864
0.506362
-1.41886
0.586398
-1.3317
0.659801
-1.23865
0.725242
-1.12402
0.784475
-1.03808
0.838066
-0.954258
0.886116
-0.875061
0.92974
-0.808443
0.969188
-0.743946
1.00474
-0.683881
1.03692
-0.625412
1.06583
-0.567424
1.09146
-0.508392
1.11402
-0.448476
1.13354
-0.386586
1.15013
-0.324029
1.16364
-0.263549
1.17465
-0.208245
1.18384
-0.165457
1.19152
-0.130933
1.19799
-0.0964761
1.20334
-0.0613487
1.2071
-0.0251085
1.20949
0.0118693
1.21026
0.0498591
1.20948
0.0888627
1.20665
0.129714
1.20186
0.173163
1.19501
0.221799
1.18611
0.280016
1.17504
0.355745
1.1624
0.461931
1.15156
0.594973
0.266291
-1.43668
0.357265
-1.43966
0.471477
-1.78265
0.580471
-1.70821
0.688098
-1.68619
0.794977
-1.66726
0.892556
-1.51985
0.973457
-1.264
1.0389
-1.02771
1.09161
-0.827241
1.13133
-0.631694
1.16107
-0.477767
1.18395
-0.368281
1.20102
-0.282405
1.21421
-0.220894
1.22471
-0.177354
1.23312
-0.144983
1.24044
-0.121242
1.24678
-0.103251
1.25227
-0.0883865
1.25733
-0.0751542
1.26178
-0.0609458
1.26579
-0.0435947
1.26897
-0.0178224
1.27087
0.0152542
1.27131
0.0496964
1.27056
0.0853745
1.26813
0.122333
1.26395
0.160818
1.25793
0.200732
1.25013
0.242033
1.2403
0.285404
1.22807
0.331866
1.21338
0.3827
1.19634
0.441008
1.17656
0.512403
1.15432
0.604987
1.1303
0.734454
1.10894
0.881021
0.181823
-0.082704
-1.57931
0.0188515
-1.62623
0.138095
-1.89921
0.241463
-1.67327
0.344009
-1.66941
0.445511
-1.66014
0.536484
-1.50983
0.620798
-1.41601
0.698175
-1.31603
0.766912
-1.19275
0.829388
-1.10056
0.885564
-1.01043
0.936045
-0.925541
0.981829
-0.854226
1.02315
-0.785269
1.06056
-0.721287
1.09405
-0.658905
1.12415
-0.597518
1.15081
-0.53505
1.17437
-0.472036
1.19449
-0.406702
1.21152
-0.341061
1.22558
-0.277609
1.23672
-0.219387
1.24592
-0.174652
1.25373
-0.138743
1.26038
-0.103121
1.26553
-0.0665025
1.26956
-0.0291372
1.27198
0.00944976
1.27298
0.0488631
1.27206
0.0897876
1.26955
0.132227
1.265
0.177719
1.25843
0.228372
1.24963
0.288824
1.23912
0.36626
1.22696
0.474092
1.21632
0.605628
0.278058
-1.53291
0.373989
-1.53559
0.49442
-1.90309
0.609323
-1.82311
0.722786
-1.79965
0.835426
-1.77991
0.938223
-1.62264
1.02355
-1.34933
1.09255
-1.0967
1.14791
-0.882596
1.18979
-0.673573
1.22093
-0.508902
1.24455
-0.391901
1.26254
-0.300392
1.2761
-0.234455
1.28704
-0.188293
1.29586
-0.153806
1.30305
-0.128429
1.3094
-0.109602
1.31509
-0.0940725
1.32009
-0.0801488
1.32475
-0.065603
1.3287
-0.0475408
1.33184
-0.0209573
1.33384
0.013253
1.33433
0.0492094
1.33337
0.0863371
1.33093
0.124781
1.32678
0.164973
1.32113
0.20639
1.3133
0.249865
1.30334
0.295368
1.2913
0.34392
1.27681
0.397193
1.25974
0.458085
1.2401
0.53206
1.21815
0.626938
1.19426
0.758361
1.17298
0.902312
0.189037
-0.0845228
-1.68383
0.0225545
-1.73331
0.148269
-2.02492
0.257239
-1.78224
0.365341
-1.7775
0.472332
-1.76713
0.568179
-1.60568
0.657045
-1.50487
0.738439
-1.39742
0.810846
-1.26516
0.876594
-1.16631
0.935756
-1.0696
0.988831
-0.978615
1.03692
-0.902311
1.08014
-0.82849
1.1193
-0.760447
1.1544
-0.694002
1.18582
-0.628935
1.21378
-0.563014
1.23798
-0.496233
1.25897
-0.427688
1.27659
-0.358688
1.29083
-0.291846
1.30224
-0.230797
1.31142
-0.18383
1.31938
-0.146696
1.32605
-0.109797
1.33141
-0.0718609
1.33528
-0.0330059
1.33786
0.00686819
1.3388
0.0479255
1.33828
0.0903067
1.33582
0.134689
1.33151
0.182029
1.32511
0.234768
1.31696
0.296975
1.30653
0.376686
1.29476
0.48585
1.28482
0.61555
0.290523
-1.6344
0.391636
-1.6367
0.518618
-2.03006
0.63978
-1.94427
0.759388
-1.91926
0.878098
-1.89861
0.986611
-1.73116
1.07626
-1.43897
1.14882
-1.16926
1.2071
-0.940875
1.25112
-0.717598
1.28393
-0.541706
1.3088
-0.416771
1.3274
-0.318992
1.34164
-0.248696
1.35278
-0.199435
1.36178
-0.162805
1.36925
-0.135899
1.37564
-0.115985
1.38122
-0.099649
1.38638
-0.0853087
1.39094
-0.0701612
1.39496
-0.0515602
1.39818
-0.0241685
1.40003
0.0114
1.40065
0.0485958
1.3996
0.0873874
1.39712
0.127271
1.39312
0.168972
1.38724
0.21227
1.37953
0.25758
1.36973
0.305169
1.35774
0.355908
1.34336
0.411577
1.32643
0.475009
1.30724
0.551255
1.28537
0.648805
1.26136
0.782359
1.24043
0.923231
0.196677
-0.0864889
-1.79401
0.0264134
-1.84621
0.158974
-2.15748
0.273838
-1.8971
0.387817
-1.89148
0.500574
-1.87988
0.601599
-1.7067
0.695204
-1.59848
0.780951
-1.48317
0.857301
-1.34151
0.926343
-1.23535
0.988518
-1.13177
1.04432
-1.03442
1.09487
-0.952861
1.14041
-0.874024
1.18121
-0.801246
1.21807
-0.73086
1.25096
-0.661824
1.27986
-0.591913
1.30536
-0.52174
1.32698
-0.449306
1.34508
-0.376787
1.35989
-0.306654
1.37145
-0.242358
1.38091
-0.193282
1.38886
-0.154649
1.39543
-0.116366
1.40085
-0.0772778
1.40482
-0.0369752
1.40741
0.00427532
1.40855
0.0467871
1.40802
0.0908405
1.40574
0.136968
1.40169
0.186091
1.39561
0.240845
1.38759
0.304999
1.37778
0.386499
1.36642
0.497214
1.35682
0.625163
0.303685
-1.7414
0.410298
-1.74331
0.544162
-2.16393
0.671896
-2.072
0.797968
-2.04533
0.923134
-2.02378
1.03728
-1.8453
1.13196
-1.53365
1.20847
-1.24576
1.26978
-1.00218
1.31603
-0.763851
1.35043
-0.576104
1.37631
-0.442643
1.39578
-0.338462
1.41049
-0.263404
1.42219
-0.211134
1.43129
-0.171908
1.43904
-0.143652
1.44544
-0.122383
1.45132
-0.10552
1.45624
-0.0902249
1.46085
-0.0747733
1.46503
-0.0557376
1.46801
-0.0271472
1.46995
0.00946636
1.47041
0.0481353
1.46954
0.0882675
1.46713
0.129684
1.46298
0.173126
1.457
0.218248
1.44939
0.265198
1.43961
0.314958
1.42769
0.36783
1.41357
0.425707
1.39695
0.491634
1.37756
0.57065
1.35606
0.670314
1.33223
0.806207
1.31127
0.944204
0.204778
-0.0885689
-1.91022
0.0304696
-1.96525
0.170232
-2.29724
0.291353
-2.01822
0.411476
-2.0116
0.530344
-1.99875
0.636838
-1.81319
0.735348
-1.69698
0.825847
-1.57367
0.906031
-1.42169
0.978893
-1.30821
1.04436
-1.19724
1.10305
-1.0931
1.15595
-1.00575
1.20368
-0.921759
1.2468
-0.84436
1.2853
-0.769359
1.31956
-0.696088
1.34994
-0.622293
1.37625
-0.548051
1.39892
-0.471974
1.41751
-0.395375
1.43266
-0.3218
1.44464
-0.25434
1.45409
-0.20273
1.46205
-0.162607
1.46878
-0.123095
1.47412
-0.0826149
1.47831
-0.0411723
1.48091
0.00167869
1.48197
0.0457256
1.48156
0.0912542
1.47947
0.13906
1.47553
0.190028
1.46993
0.246444
1.46219
0.312735
1.4529
0.395795
1.44182
0.508277
1.43269
0.634287
0.317611
-1.85423
0.430012
-1.85571
0.571171
-2.30508
0.705819
-2.20665
0.838738
-2.17824
0.970693
-2.15573
1.09098
-1.96559
1.19062
-1.63329
1.27118
-1.32632
1.33557
-1.06657
1.38435
-0.812627
1.42033
-0.612085
1.44768
-0.469991
1.46787
-0.358653
1.48336
-0.278897
1.49516
-0.222925
1.50478
-0.181535
1.51253
-0.151395
1.51909
-0.128938
1.52482
-0.111249
1.53004
-0.0954427
1.53467
-0.0794035
1.53862
-0.0596893
1.54177
-0.0302916
1.54362
0.0076217
1.54404
0.0477167
1.54316
0.0891496
1.54052
0.132325
1.53634
0.177312
1.53068
0.223915
1.52287
0.273005
1.51324
0.324591
1.5014
0.379671
1.48728
0.439829
1.47086
0.50805
1.45199
0.58952
1.4305
0.691806
1.40699
0.82971
1.38614
0.965046
0.213314
-0.0908028
-2.03273
0.0347025
-2.09075
0.182083
-2.44462
0.309753
-2.14589
0.436407
-2.13825
0.561694
-2.12403
0.673804
-1.9253
0.777811
-1.80099
0.873085
-1.66894
0.95766
-1.50627
1.03411
-1.38466
1.10314
-1.26627
1.16487
-1.15483
1.22065
-1.06154
1.27074
-0.971848
1.31581
-0.889422
1.35624
-0.809787
1.39215
-0.731998
1.42377
-0.653912
1.4513
-0.575585
1.47464
-0.49531
1.49414
-0.414875
1.50975
-0.337412
1.52177
-0.266364
1.5315
-0.212458
1.53961
-0.170717
1.54637
-0.129853
1.55176
-0.0880044
1.55578
-0.0451854
1.55837
-0.000915219
1.55962
0.0444783
1.55932
0.0915553
1.55728
0.141105
1.55374
0.193572
1.54821
0.251972
1.54091
0.320036
1.53187
0.404846
1.52137
0.51878
1.5127
0.642962
0.332272
-1.97319
0.450807
-1.97424
0.599636
-2.45391
0.741595
-2.3486
0.881714
-2.31836
1.02072
-2.29474
1.1477
-2.09257
1.25255
-1.73813
1.33736
-1.41113
1.40525
-1.13446
1.45633
-0.863701
1.49429
-0.650041
1.52273
-0.498427
1.54403
-0.37996
1.55997
-0.294832
1.57239
-0.235346
1.58213
-0.191274
1.59001
-0.159273
1.59683
-0.135755
1.60271
-0.117134
1.60781
-0.10054
1.61245
-0.0840328
1.61641
-0.0636471
1.61972
-0.0336058
1.62145
0.0059025
1.62181
0.0473602
1.62062
0.0903344
1.61801
0.134939
1.61392
0.181412
1.60798
0.229854
1.60025
0.280736
1.59077
0.334078
1.57915
0.391295
1.56518
0.453803
1.54898
0.524253
1.53025
0.608262
1.50918
0.712883
1.48548
0.853414
1.46477
0.985774
0.222358
-0.0931729
-2.16191
0.0391739
-2.22309
0.194543
-2.59999
0.329151
-2.28049
0.46267
-2.27176
0.594738
-2.2561
0.713032
-2.04359
0.822613
-1.91057
0.922838
-1.76916
1.01191
-1.59534
1.09262
-1.46536
1.16513
-1.33879
1.2299
-1.2196
1.2886
-1.12024
1.34119
-1.02444
1.38862
-0.936847
1.43087
-0.852033
1.46858
-0.76971
1.5016
-0.686931
1.53024
-0.604221
1.55479
-0.519861
1.57482
-0.434901
1.59093
-0.353525
1.60341
-0.278842
1.61315
-0.222203
1.62142
-0.178981
1.62821
-0.136646
1.63366
-0.0934482
1.63762
-0.0491502
1.64035
-0.00363814
1.64164
0.0431837
1.64132
0.091881
1.63959
0.142832
1.63604
0.197118
1.63087
0.257144
1.62402
0.326883
1.61551
0.413359
1.60531
0.528965
1.59699
0.651272
0.347805
-2.09864
0.472758
-2.0992
0.629687
-2.61083
0.779362
-2.49828
0.927069
-2.46606
1.07367
-2.44133
1.20729
-2.22619
1.31799
-1.84883
1.40732
-1.50045
1.47866
-1.2058
1.53243
-0.917468
1.57206
-0.689669
1.60206
-0.528431
1.6242
-0.402095
1.64073
-0.311367
1.65377
-0.248382
1.66375
-0.20125
1.67202
-0.167544
1.67882
-0.142545
1.68458
-0.122897
1.68993
-0.105887
1.69458
-0.0886768
1.69866
-0.0677303
1.70168
-0.0366212
1.70345
0.00413783
1.70371
0.0471037
1.70262
0.0914241
1.69988
0.137687
1.6957
0.185587
1.68962
0.235943
1.68209
0.288265
1.67247
0.343705
1.66079
0.402975
1.64712
0.467474
1.63102
0.540351
1.61257
0.626705
1.59169
0.733766
1.56836
0.876735
1.5478
1.00633
0.231943
-0.095737
-2.29812
0.043794
-2.36262
0.207645
-2.76384
0.349578
-2.42242
0.490326
-2.41251
0.629625
-2.39539
0.754294
-2.16826
0.869606
-2.02588
0.975295
-1.87485
1.06919
-1.68924
1.15418
-1.55035
1.23043
-1.41503
1.2988
-1.28798
1.36031
-1.18175
1.41581
-1.07994
1.46536
-0.986392
1.50984
-0.896513
1.54926
-0.809126
1.58394
-0.72161
1.61385
-0.634129
1.63925
-0.545267
1.66009
-0.455736
1.67671
-0.370148
1.68965
-0.291783
1.69957
-0.232119
1.70787
-0.187282
1.7147
-0.143479
1.72021
-0.0989499
1.72426
-0.053204
1.72698
-0.00635357
1.72805
0.0421144
1.72796
0.0919662
1.72628
0.144512
1.723
0.200403
1.71819
0.261961
1.71151
0.33356
1.70327
0.4216
1.69353
0.538707
1.68581
0.658995
0.36418
-2.23087
0.49595
-2.23096
0.6614
-2.77629
0.81919
-2.65606
0.974924
-2.62179
1.12943
-2.59584
1.27034
-2.36709
1.38682
-1.96532
1.48074
-1.59437
1.55606
-1.28112
1.61263
-0.974031
1.65433
-0.731364
1.68561
-0.559715
1.70882
-0.4253
1.7262
-0.328745
1.73942
-0.261608
1.75004
-0.211862
1.75827
-0.175768
1.76534
-0.149619
1.77134
-0.128895
1.77656
-0.111102
1.7812
-0.093317
1.78526
-0.0717834
1.78827
-0.0396268
1.79001
0.0024016
1.79031
0.0468045
1.78887
0.0928609
1.78611
0.140448
1.7817
0.189998
1.77573
0.241921
1.76797
0.296026
1.75847
0.353203
1.74701
0.414443
1.7335
0.480986
1.71765
0.55621
1.69951
0.644842
1.67896
0.754331
1.65561
0.900087
1.6351
1.02686
0.242063
-0.0984396
-2.44174
0.0486636
-2.50973
0.22142
-2.93659
0.37108
-2.57208
0.519483
-2.56091
0.666251
-2.54216
0.7977
-2.2997
0.919303
-2.14748
1.03074
-1.98629
1.12961
-1.78811
1.21902
-1.63976
1.29943
-1.49544
1.37118
-1.35973
1.43615
-1.24672
1.49422
-1.13801
1.54642
-1.03859
1.59303
-0.943122
1.63442
-0.850518
1.67068
-0.757871
1.702
-0.665443
1.72839
-0.571662
1.7502
-0.47754
1.76748
-0.387431
1.78052
-0.304819
1.79076
-0.242362
1.79923
-0.195751
1.80612
-0.150364
1.81155
-0.104384
1.81556
-0.0572137
1.81828
-0.00906389
1.81966
0.0407314
1.81941
0.0922134
1.81778
0.146148
1.81476
0.203421
1.81017
0.266552
1.80395
0.339773
1.79624
0.429311
1.78683
0.548117
1.77932
0.666493
0.381507
-2.37032
0.52041
-2.36987
0.694876
-2.95075
0.861234
-2.82242
1.02539
-2.78595
1.18813
-2.75856
1.33671
-2.51567
1.45948
-2.08809
1.55852
-1.69341
1.63772
-1.36032
1.69706
-1.03336
1.74104
-0.775348
1.77388
-0.592558
1.79813
-0.449546
1.8162
-0.346817
1.83004
-0.275441
1.84071
-0.222533
1.84945
-0.1845
1.85649
-0.156658
1.86262
-0.135022
1.86796
-0.116446
1.87258
-0.0979278
1.87674
-0.0759442
1.87985
-0.0427309
1.88143
0.000825614
1.88146
0.0467755
1.88008
0.0942429
1.87714
0.143387
1.87262
0.194525
1.86659
0.247946
1.85873
0.303895
1.84921
0.362723
1.83781
0.42584
1.82433
0.49447
1.80886
0.571678
1.7909
0.662797
1.77055
0.774681
1.74735
0.923284
1.72717
1.04704
0.25278
-0.101362
-2.59316
0.0537629
-2.66485
0.235918
-3.11874
0.393689
-2.72984
0.550123
-2.71734
0.704977
-2.697
0.84337
-2.43809
0.971648
-2.27576
1.08902
-2.10367
1.19312
-1.89221
1.2874
-1.73404
1.37213
-1.58017
1.44777
-1.43537
1.51587
-1.31482
1.57715
-1.19929
1.63206
-1.0935
1.68095
-0.992017
1.72421
-0.893773
1.76219
-0.795857
1.79509
-0.698334
1.82263
-0.599209
1.84516
-0.50007
1.86301
-0.405272
1.87654
-0.318348
1.88711
-0.252932
1.89564
-0.204286
1.90273
-0.157448
1.9081
-0.10976
1.91221
-0.0613234
1.91479
-0.0116384
1.91608
0.0394374
1.91608
0.0922203
1.91462
0.147605
1.91173
0.206312
1.90736
0.270922
1.90147
0.345668
1.89403
0.43675
1.88507
0.55708
1.8779
0.673659
0.399791
-2.51733
0.546267
-2.51634
0.730194
-3.13468
0.905584
-2.99781
1.07858
-2.95894
1.25034
-2.93033
1.40679
-2.67211
1.53609
-2.21739
1.64045
-1.79778
1.72369
-1.44355
1.78628
-1.09596
1.83226
-0.821323
1.86673
-0.627032
1.89216
-0.474974
1.91104
-0.365693
1.92557
-0.289972
1.93674
-0.233695
1.94557
-0.193331
1.95284
-0.163926
1.95909
-0.141268
1.9644
-0.121758
1.96911
-0.102635
1.97312
-0.0799494
1.97629
-0.0459021
1.97784
-0.000725521
1.97771
0.0469056
1.97623
0.0957317
1.9731
0.146517
1.96844
0.199187
1.96221
0.254175
1.9545
0.31161
1.94481
0.372416
1.93347
0.437178
1.92028
0.507662
1.90492
0.587037
1.88729
0.680437
1.86715
0.79482
1.84423
0.946213
1.82416
1.06713
0.264124
-0.10447
-2.75281
0.0590812
-2.8284
0.251175
-3.31083
0.417537
-2.89621
0.582555
-2.88235
0.74564
-2.86009
0.891781
-2.58423
1.02691
-2.41088
1.15061
-2.22737
1.2604
-2.002
1.35969
-1.83333
1.44876
-1.66924
1.52848
-1.51509
1.60023
-1.38657
1.66451
-1.26357
1.72226
-1.15124
1.77373
-1.04348
1.81915
-0.939193
1.85901
-0.835717
1.89311
-0.732436
1.9221
-0.628198
1.9455
-0.523473
1.96418
-0.423947
1.97809
-0.332264
1.98876
-0.263594
1.9975
-0.213032
2.00466
-0.164608
2.01013
-0.115224
2.01421
-0.0654056
2.01693
-0.0143522
2.01827
0.0380943
2.0181
0.0923903
2.01682
0.148884
2.01406
0.209073
2.00978
0.275205
2.00433
0.351116
1.99729
0.443788
1.98853
0.565841
1.98185
0.680327
0.419158
-2.67236
0.573539
-2.67072
0.767474
-3.3286
0.952386
-3.18272
1.1348
-3.14135
1.31569
-3.11121
1.48075
-2.83717
1.61694
-2.35358
1.72685
-1.90768
1.81459
-1.53129
1.88029
-1.16165
1.92877
-0.8698
1.96488
-0.663143
1.99143
-0.501525
2.01125
-0.385511
2.02621
-0.304935
2.0377
-0.245184
2.04687
-0.202495
2.05451
-0.171566
2.06071
-0.147469
2.06613
-0.127177
2.07111
-0.107604
2.07517
-0.0840078
2.07801
-0.0487414
2.07963
-0.00234596
2.07949
0.0470495
2.07775
0.0974776
2.07454
0.14972
2.06973
0.204001
2.06342
0.260487
2.05529
0.319742
2.04582
0.381885
2.03453
0.448468
2.02135
0.520841
2.00624
0.60215
1.98878
0.697892
1.969
0.814604
1.94609
0.969117
1.92629
1.08693
0.276123
-0.107784
-2.92115
0.0646852
-3.00086
0.267213
-3.51336
0.442628
-3.07162
0.616615
-3.05634
0.788635
-3.0321
0.942534
-2.73813
1.08508
-2.55343
1.21553
-2.35782
1.33115
-2.11762
1.43573
-1.9379
1.52971
-1.76322
1.61351
-1.59889
1.6891
-1.46215
1.75679
-1.33127
1.81742
-1.21186
1.87134
-1.09741
1.91923
-0.987078
1.96086
-0.877354
1.99684
-0.768416
2.02703
-0.658383
2.05162
-0.548057
2.07075
-0.443084
2.08522
-0.346731
2.09625
-0.274624
2.10508
-0.221863
2.11234
-0.171863
2.11804
-0.120923
2.1221
-0.0694728
2.1247
-0.0169458
2.12596
0.036832
2.12604
0.0923158
2.12467
0.150255
2.12203
0.21171
2.11823
0.279004
2.11296
0.356388
2.10619
0.450556
2.09786
0.574173
2.09151
0.686672
0.439559
-2.83579
0.602392
-2.83355
0.806835
-3.53305
1.00174
-3.37761
1.19408
-3.3337
1.38483
-3.30196
1.55862
-3.01096
1.7023
-2.49726
1.81787
-2.02325
1.9102
-1.62361
1.97951
-1.23096
2.0303
-0.92059
2.06841
-0.701252
2.09624
-0.529355
2.11682
-0.406096
2.13248
-0.32059
2.14455
-0.257249
2.15393
-0.211876
2.16152
-0.179156
2.16811
-0.154056
2.17376
-0.13283
2.17852
-0.112359
2.18266
-0.0881481
2.18569
-0.0517706
2.18697
-0.00362299
2.18679
0.0472332
2.1849
0.0993684
2.18147
0.153152
2.17649
0.208985
2.16994
0.267035
2.16193
0.327757
2.15226
0.391558
2.141
0.459726
2.12796
0.533885
2.11294
0.617167
2.0958
0.715036
2.07622
0.834186
2.05336
0.991984
2.03386
1.10644
0.288814
-0.111287
-3.09867
0.0705466
-3.1827
0.284128
-3.72694
0.469087
-3.25657
0.652441
-3.23969
0.833936
-3.2136
0.996276
-2.90046
1.14648
-2.70363
1.28386
-2.49519
1.40585
-2.23961
1.51604
-2.0481
1.61493
-1.86212
1.70328
-1.68723
1.78284
-1.54171
1.85411
-1.40254
1.91778
-1.27553
1.97461
-1.15424
2.02469
-1.03716
2.06854
-0.921199
2.1063
-0.806177
2.13773
-0.689809
2.16336
-0.573692
2.18339
-0.463106
2.19829
-0.361629
2.2097
-0.28604
2.21892
-0.23108
2.22615
-0.179094
2.23183
-0.126604
2.2359
-0.0735369
2.23865
-0.0196948
2.23984
0.0356426
2.23989
0.0922653
2.23856
0.151581
2.23618
0.214093
2.23245
0.282731
2.22736
0.361475
2.22109
0.456831
2.21283
0.582429
2.20696
0.692541
0.461145
-3.00812
0.632808
-3.00522
0.848389
-3.74863
1.05395
-3.58318
1.25669
-3.53643
1.45781
-3.50306
1.64095
-3.1941
1.79209
-2.6484
1.91417
-2.14534
2.01133
-1.72077
2.08419
-1.30381
2.13758
-0.973978
2.17751
-0.741185
2.2067
-0.558543
2.22831
-0.427709
2.24464
-0.336914
2.25701
-0.269623
2.26687
-0.221736
2.27481
-0.187098
2.28146
-0.160705
2.28707
-0.138435
2.29193
-0.117219
2.29615
-0.0923584
2.29919
-0.0548176
2.30053
-0.00495735
2.30015
0.0476137
2.29798
0.101544
2.29444
0.156692
2.28927
0.214154
2.28261
0.273703
2.27442
0.335946
2.26466
0.401313
2.25342
0.470967
2.24037
0.546943
2.22557
0.63196
2.2086
0.732007
2.18937
0.85342
2.16666
1.01469
2.14723
1.12588
0.302209
-0.115021
-3.28586
0.0767474
-3.37446
0.301959
-3.95215
0.49695
-3.45156
0.690406
-3.43314
0.881644
-3.40483
1.05271
-3.07152
1.21103
-2.86194
1.35613
-2.64029
1.48453
-2.36801
1.60072
-2.16428
1.70485
-1.96625
1.798
-1.78038
1.88171
-1.62543
1.95673
-1.47755
2.02385
-1.34265
2.0836
-1.21399
2.13622
-1.08978
2.18228
-0.967266
2.22161
-0.845498
2.25468
-0.722883
2.2814
-0.600415
2.30222
-0.483919
2.31784
-0.37725
2.32954
-0.297744
2.33888
-0.240419
2.34638
-0.186589
2.35206
-0.132283
2.35626
-0.0777455
2.35878
-0.0222109
2.36017
0.0342519
2.36007
0.0923665
2.35905
0.152598
2.35665
0.216493
2.35313
0.286251
2.34832
0.36629
2.34231
0.462836
2.33448
0.590263
2.32868
0.698339
0.483945
-3.18986
0.664944
-3.18621
0.892266
-3.97595
1.10897
-3.79988
1.3227
-3.75017
1.53454
-3.7149
1.7276
-3.38716
1.88722
-2.80801
2.01553
-2.27364
2.11786
-1.8231
2.1945
-1.38045
2.25082
-1.0303
2.29256
-0.782928
2.32337
-0.589348
2.34573
-0.450068
2.36283
-0.354017
2.37592
-0.282703
2.38608
-0.231902
2.39423
-0.195247
2.40099
-0.167463
2.40682
-0.144258
2.41187
-0.122271
2.41598
-0.096469
2.41894
-0.0577731
2.4203
-0.00631282
2.41972
0.0481913
2.41752
0.10375
2.41359
0.160627
2.40821
0.219526
2.40141
0.280504
2.39303
0.344325
2.38332
0.411031
2.37194
0.482343
2.35899
0.559895
2.34426
0.646685
2.32757
0.748699
2.30841
0.872587
2.28576
1.03735
2.26679
1.14485
0.316355
-0.118961
-3.48325
0.0832559
-3.57669
0.320746
-4.18963
0.526473
-3.65729
0.730366
-3.63703
0.9319
-3.60636
1.1125
-3.25212
1.27933
-3.02878
1.43204
-2.793
1.56754
-2.50351
1.6899
-2.28665
1.7998
-2.07615
1.8978
-1.87837
1.9861
-1.71373
2.06502
-1.55648
2.13551
-1.41315
2.19836
-1.27683
2.2539
-1.14532
2.30211
-1.01547
2.34354
-0.886933
2.37818
-0.757513
2.40616
-0.628397
2.4279
-0.505659
2.44401
-0.393358
2.45601
-0.309748
2.46564
-0.250049
2.47328
-0.194233
2.47911
-0.138113
2.48335
-0.0819801
2.48604
-0.0249054
2.48724
0.0330527
2.4874
0.0922151
2.48602
0.153975
2.48373
0.21878
2.48041
0.289575
2.47601
0.370688
2.46995
0.468891
2.46242
0.597791
2.45707
0.703691
0.508
-3.3815
0.698853
-3.37707
0.93853
-4.21562
1.16697
-4.02832
1.39234
-3.97554
1.6158
-3.93835
1.8193
-3.59066
1.98719
-2.9759
2.12247
-2.40892
2.23032
-1.93095
2.31085
-1.46098
2.37006
-1.0895
2.41413
-0.826998
2.44626
-0.621477
2.46987
-0.473678
2.48761
-0.371757
2.50124
-0.296332
2.51172
-0.242383
2.52022
-0.203746
2.52718
-0.174418
2.53308
-0.150154
2.53821
-0.127399
2.54263
-0.100893
2.54561
-0.0607525
2.54672
-0.00741842
2.54605
0.0488627
2.54366
0.106139
2.53959
0.164697
2.534
0.225117
2.52691
0.287594
2.51846
0.352777
2.50835
0.42114
2.49696
0.493739
2.48423
0.572626
2.46956
0.661354
2.45301
0.765254
2.43391
0.891687
2.41141
1.05985
2.39271
1.16356
0.331298
-0.123129
-3.69142
0.0901453
-3.78995
0.340584
-4.44007
0.557385
-3.87408
0.77243
-3.85207
0.985072
-3.81899
1.17523
-3.44227
1.35125
-3.2048
1.51239
-2.95413
1.65513
-2.64625
1.78423
-2.41576
1.89993
-2.19185
2.00307
-1.98151
2.09596
-1.80662
2.17922
-1.63973
2.25364
-1.48758
2.3196
-1.34279
2.37788
-1.2036
2.42865
-1.06624
2.47209
-0.930374
2.50832
-0.79374
2.53759
-0.65767
2.56045
-0.528515
2.57706
-0.409965
2.58965
-0.322346
2.59959
-0.25999
2.60741
-0.20205
2.61341
-0.144112
2.61755
-0.086126
2.62018
-0.0275261
2.6216
0.031634
2.62147
0.0923405
2.6204
0.155042
2.61822
0.220961
2.61494
0.292854
2.61041
0.375215
2.60497
0.474333
2.59746
0.605302
2.59241
0.708736
0.533381
-3.58359
0.734648
-3.57833
0.987379
-4.46836
1.22833
-4.26926
1.46584
-4.21304
1.70124
-4.17375
1.91579
-3.80522
2.09285
-3.15295
2.23529
-2.55136
2.3489
-2.04456
2.43377
-1.54584
2.496
-1.15174
2.54219
-0.873187
2.57602
-0.655307
2.60074
-0.498393
2.61939
-0.390409
2.63341
-0.310353
2.64435
-0.253317
2.65315
-0.212547
2.66045
-0.181713
2.66656
-0.156267
2.67175
-0.132583
2.67606
-0.105203
2.67918
-0.0638715
2.68017
-0.00840414
2.6794
0.0496259
2.67682
0.108726
2.6726
0.16892
2.66677
0.230938
2.65938
0.294986
2.65057
0.361591
2.6406
0.431114
2.62903
0.505307
2.6161
0.58556
2.60173
0.675719
2.58517
0.781815
2.56638
0.910485
2.54379
1.08244
2.52535
1.18201
0.347058
-0.12751
-3.91097
0.0973712
-4.01484
0.361461
-4.70416
0.590201
-4.10282
0.816841
-4.07871
1.04113
-4.04328
1.24166
-3.64279
1.4273
-3.39043
1.5969
-3.12374
1.74745
-2.79679
1.88342
-2.55173
2.00536
-2.3138
2.11418
-2.09034
2.2121
-1.90454
2.29959
-1.72722
2.37784
-1.56582
2.4475
-1.41244
2.50878
-1.26488
2.56204
-1.11949
2.6078
-0.976134
2.64592
-0.831859
2.67664
-0.688388
2.70023
-0.552105
2.71778
-0.427518
2.73073
-0.335295
2.74088
-0.270139
2.74902
-0.210195
2.75508
-0.150171
2.75942
-0.0904679
2.76212
-0.030222
2.76323
0.0305208
2.76337
0.0922021
2.76221
0.156199
2.76
0.223175
2.75689
0.295967
2.75261
0.379495
2.74709
0.479843
2.73973
0.612665
2.73498
0.713489
0.560188
-3.79672
0.772422
-3.79057
1.03897
-4.7349
1.2929
-4.52319
1.54342
-4.46356
1.7917
-4.42202
2.01777
-4.03129
2.20432
-3.3395
2.35443
-2.70147
2.47399
-2.16412
2.56346
-1.63531
2.62875
-1.21703
2.67747
-0.921904
2.71283
-0.690667
2.7389
-0.524472
2.75828
-0.409786
2.77309
-0.325163
2.78445
-0.264673
2.7936
-0.221697
2.80095
-0.189058
2.80726
-0.162578
2.81276
-0.138077
2.81711
-0.109555
2.8202
-0.0669634
2.82133
-0.00953419
2.82033
0.0506356
2.81753
0.111525
2.81301
0.17344
2.80694
0.237009
2.79923
0.302696
2.79044
0.370376
2.78004
0.441516
2.76856
0.516798
2.75553
0.598585
2.74104
0.690212
2.72472
0.798139
2.70595
0.929252
2.68353
1.10486
2.66525
1.20029
0.363717
-0.132203
-4.14248
0.104956
-4.25199
0.383511
-4.98271
0.624634
-4.34394
0.86379
-4.31786
1.10018
-4.27967
1.31178
-3.85438
1.50732
-3.58598
1.68634
-3.30275
1.84484
-2.9553
1.98828
-2.69517
2.11671
-2.44223
2.2314
-2.20502
2.33465
-2.00779
2.4268
-1.81938
2.50931
-1.64833
2.58243
-1.48556
2.64689
-1.32935
2.70303
-1.17563
2.75102
-1.02412
2.79107
-0.871903
2.82302
-0.72034
2.84805
-0.57714
2.86618
-0.445644
2.87964
-0.34876
2.89029
-0.280781
2.89865
-0.21856
2.90479
-0.156312
2.90908
-0.0947598
2.91187
-0.0330092
2.91323
0.029163
2.91297
0.0924597
2.91199
0.157182
2.90987
0.225294
2.90665
0.299185
2.90261
0.383533
2.89727
0.485185
2.89004
0.619899
2.88542
0.718101
0.588461
-4.02146
0.812299
-4.0144
1.09335
-5.01595
1.36111
-4.79095
1.62531
-4.72776
1.88703
-4.68375
2.12539
-4.26964
2.32207
-3.53617
2.48017
-2.85957
2.60601
-2.28995
2.70014
-1.72944
2.76904
-1.28592
2.82009
-0.972957
2.85722
-0.727799
2.88448
-0.551728
2.90499
-0.430298
2.92031
-0.340484
2.93222
-0.276576
2.94166
-0.231135
2.94948
-0.196879
2.95598
-0.169081
2.9614
-0.143493
2.96601
-0.114164
2.9691
-0.070048
2.97006
-0.0104955
2.96895
0.0517508
2.96607
0.114406
2.96137
0.17814
2.9549
0.243475
2.94713
0.31047
2.93782
0.379693
2.92738
0.451955
2.91554
0.528638
2.90254
0.611585
2.88806
0.7047
2.87181
0.814389
2.85306
0.947998
2.83067
1.12726
2.8128
1.21817
0.381344
-0.137176
-4.38665
0.112927
-4.5021
0.406662
-5.27645
0.661008
-4.59828
0.913115
-4.56996
1.16256
-4.52912
1.38551
-4.07732
1.59182
-3.79229
1.78042
-3.49135
1.94771
-3.12259
2.09874
-2.84621
2.23441
-2.5779
2.35511
-2.32572
2.46372
-2.1164
2.56094
-1.9166
2.64762
-1.73501
2.72475
-1.56269
2.7927
-1.39729
2.85179
-1.23472
2.90204
-1.07437
2.94406
-0.913921
2.97792
-0.754206
3.00377
-0.602985
3.02289
-0.464771
3.03692
-0.362791
3.04795
-0.291805
3.05656
-0.227175
3.06294
-0.162693
3.06747
-0.0992895
3.07011
-0.0356417
3.07132
0.0279488
3.07134
0.0924378
3.07001
0.158517
3.06785
0.227455
3.06491
0.302125
3.0608
0.387633
3.05551
0.490479
3.0485
0.626909
3.04388
0.722719
0.618363
-4.25848
0.854379
-4.25042
1.15066
-5.31222
1.43329
-5.07358
1.71162
-5.00609
1.9877
-4.95982
2.23894
-4.52088
2.44607
-3.7433
2.61278
-3.02628
2.74541
-2.42258
2.84443
-1.82846
2.91685
-1.35835
2.97061
-1.02671
3.00975
-0.766946
3.0383
-0.580274
3.05964
-0.451639
3.07574
-0.356577
3.08818
-0.28902
3.09792
-0.24087
3.10606
-0.205019
3.11286
-0.175879
3.11858
-0.149207
3.1232
-0.118792
3.12625
-0.0730964
3.12735
-0.0115892
3.12621
0.0528884
3.12284
0.117786
3.11781
0.183164
3.11121
0.25008
3.10309
0.318591
3.0935
0.389284
3.08287
0.462588
3.07093
0.540578
3.0578
0.624719
3.04327
0.719232
3.02697
0.830695
3.00848
0.966482
2.98584
1.14991
2.96827
1.23573
0.399961
-0.14249
-4.64412
0.12128
-4.76587
0.431109
-5.58628
0.699279
-4.86645
0.965292
-4.83598
1.2282
-4.79202
1.46336
-4.31247
1.68086
-4.00978
1.87988
-3.69037
2.05627
-3.29898
2.21548
-3.00542
2.35813
-2.72055
2.48555
-2.45314
2.60009
-2.23094
2.70245
-2.01896
2.79383
-1.82639
2.87502
-1.64388
2.94649
-1.46876
3.00855
-1.29679
3.06163
-1.12745
3.10578
-0.958075
3.14123
-0.789651
3.16844
-0.630197
3.18822
-0.484546
3.20294
-0.377514
3.21439
-0.303258
3.22328
-0.236066
3.22993
-0.169341
3.23433
-0.103685
3.23722
-0.0385361
3.23844
0.0267281
3.23835
0.0925273
3.2372
0.15967
3.23499
0.229662
3.2318
0.305314
3.22777
0.391669
3.22272
0.495525
3.2154
0.634231
3.21115
0.72697
0.649898
-4.50842
0.898802
-4.49932
1.21135
-5.62478
1.50918
-5.37139
1.80268
-5.2996
2.09374
-5.25088
2.35859
-4.78573
2.57705
-3.96175
2.75257
-3.20179
2.89232
-2.56234
2.99657
-1.9327
3.07302
-1.4348
3.12945
-1.08314
3.17056
-0.808058
3.20053
-0.610244
3.22307
-0.474176
3.23976
-0.373273
3.25286
-0.302116
3.26317
-0.251174
3.27146
-0.213314
3.27832
-0.182737
3.28421
-0.155092
3.28922
-0.123803
3.29236
-0.0762397
3.29326
-0.0124821
3.29187
0.0542762
3.28851
0.121148
3.28329
0.188389
3.27626
0.257105
3.26778
0.327075
3.25817
0.398897
3.24706
0.473701
3.23486
0.552771
3.22158
0.63801
3.20713
0.733679
3.19071
0.847118
3.17208
0.985115
3.14958
1.17241
3.13232
1.253
0.419661
-0.148134
-4.91565
0.130022
-5.04403
0.456659
-5.91291
0.739657
-5.14945
1.02014
-5.11645
1.29736
-5.06924
1.54542
-4.56052
1.77493
-4.23928
1.98481
-3.90025
2.17062
-3.4848
2.33859
-3.17339
2.48907
-2.87104
2.62324
-2.58731
2.74386
-2.35156
2.85178
-2.12689
2.94807
-1.92268
3.03361
-1.72942
3.10878
-1.54393
3.17413
-1.36213
3.22993
-1.18325
3.27639
-1.00453
3.31343
-0.826694
3.3422
-0.658968
3.36303
-0.505374
3.37823
-0.392716
3.39014
-0.315168
3.39934
-0.245264
3.40615
-0.176149
3.41083
-0.108365
3.41361
-0.0413172
3.41472
0.025619
3.41467
0.092583
3.41344
0.160901
3.41118
0.231922
3.40811
0.308382
3.40413
0.395646
3.39881
0.500853
3.39169
0.641344
3.38737
0.731292
0.683255
-4.77201
0.945739
-4.76181
1.27531
-5.95434
1.58936
-5.68546
1.89906
-5.60929
2.20569
-5.5575
2.48504
-5.06507
2.71516
-4.19187
2.90037
-3.38701
3.04759
-2.70956
3.15741
-2.04252
3.23757
-1.51495
3.29714
-1.14272
3.34033
-0.851244
3.3718
-0.641711
3.39528
-0.497656
3.41297
-0.390963
3.42644
-0.315588
3.43714
-0.261869
3.44588
-0.222051
3.4533
-0.19016
3.45931
-0.161106
3.46431
-0.128799
3.46768
-0.0796081
3.46853
-0.013329
3.4671
0.0557069
3.46349
0.124756
3.45792
0.193963
3.45073
0.264296
3.44187
0.335935
3.43168
0.409088
3.42034
0.485043
3.40814
0.564971
3.39467
0.65148
3.37988
0.748478
3.36347
0.863521
3.34493
1.00366
3.32215
1.1952
3.30507
1.27007
0.44052
-0.15417
-5.202
0.139176
-5.33737
0.483811
-6.25754
0.7821
-5.44773
1.07785
-5.41219
1.37047
-5.36186
1.63199
-4.82204
1.87396
-4.48125
2.09516
-4.12145
2.29122
-3.68086
2.46826
-3.35043
2.62702
-3.0298
2.76854
-2.72883
2.8957
-2.47873
3.00935
-2.24054
3.11084
-2.02417
3.2008
-1.81937
3.27994
-1.62307
3.34888
-1.43106
3.40759
-1.24196
3.45626
-1.05321
3.49548
-0.86591
3.52543
-0.688921
3.54724
-0.527184
3.56308
-0.408558
3.5756
-0.327684
3.58527
-0.254928
3.59226
-0.183145
3.59712
-0.113225
3.59994
-0.0441397
3.60123
0.0243364
3.60096
0.0928561
3.59953
0.162338
3.59723
0.234215
3.59414
0.311474
3.59007
0.399713
3.58482
0.506098
3.57736
0.648804
3.5732
0.735451
0.718475
-5.04997
0.995276
-5.03861
1.34285
-6.30192
1.6739
-6.01649
2.00039
-5.93579
2.32399
-5.8811
2.61831
-5.35939
2.86108
-4.43464
3.05605
-3.58198
3.2112
-2.8647
3.32695
-2.15826
3.41143
-1.59944
3.47399
-1.20527
3.51936
-0.896615
3.55245
-0.674799
3.57722
-0.522433
3.59574
-0.40948
3.60983
-0.329671
3.62107
-0.273116
3.63021
-0.231183
3.63764
-0.197591
3.64408
-0.167546
3.64932
-0.134032
3.65259
-0.0828799
3.65352
-0.0142602
3.65192
0.0573077
3.64818
0.128499
3.64224
0.199897
3.63461
0.271935
3.62563
0.344916
3.61511
0.419601
3.60353
0.496631
3.59076
0.577736
3.57709
0.665153
3.56218
0.763384
3.5459
0.879805
3.52702
1.02254
3.50421
1.21801
3.48742
1.28686
0.46258
-0.160599
-5.50398
0.148781
-5.64675
0.512188
-6.62095
0.826826
-5.76237
1.13892
-5.72428
1.44737
-5.6703
1.72331
-5.09798
1.97832
-4.73626
2.21181
-4.35493
2.41856
-3.88762
2.60526
-3.53713
2.7726
-3.19715
2.92177
-2.878
3.05581
-2.61277
3.17553
-2.36026
3.28253
-2.13117
3.37731
-1.91416
3.46078
-1.70654
3.5332
-1.50348
3.595
-1.30376
3.64633
-1.10454
3.68736
-0.906942
3.71894
-0.720502
3.74175
-0.549993
3.75853
-0.425333
3.77155
-0.340707
3.78145
-0.264823
3.78879
-0.19049
3.79372
-0.118156
3.79661
-0.0470254
3.79782
0.0231257
3.79748
0.0932016
3.79612
0.163702
3.79377
0.236562
3.79053
0.314717
3.78621
0.404029
3.78093
0.51138
3.77348
0.656259
3.7692
0.73972
0.755711
-5.3431
1.04763
-5.33053
1.41416
-6.66844
1.76335
-6.36569
2.10767
-6.28011
2.44871
-6.22212
2.75909
-5.66977
3.01486
-4.69042
3.22045
-3.78757
3.38386
-3.02811
3.50574
-2.28014
3.59478
-1.68848
3.66055
-1.27104
3.70846
-0.944526
3.74326
-0.709606
3.76904
-0.548204
3.78851
-0.428948
3.80348
-0.344649
3.81508
-0.284712
3.82463
-0.240728
3.83248
-0.205439
3.83915
-0.174224
3.84447
-0.13935
3.84794
-0.0863427
3.84878
-0.0151009
3.84714
0.0589491
3.8431
0.132535
3.83706
0.20594
3.8291
0.2799
3.81958
0.354435
3.80873
0.430454
3.79674
0.508619
3.78379
0.590682
3.76989
0.67905
3.75486
0.778417
3.73813
0.896541
3.71929
1.04138
3.69616
1.24115
3.67951
1.3035
0.485911
-0.167421
-5.82247
0.158867
-5.97304
0.542128
-7.00421
0.874059
-6.0943
1.20306
-6.05329
1.52842
-5.99565
1.81947
-5.38902
2.08862
-5.00541
2.33468
-4.60099
2.55259
-4.10553
2.74965
-3.7342
2.92604
-3.37354
3.08334
-3.0353
3.22467
-2.75409
3.35102
-2.48661
3.4636
-2.24375
3.56356
-2.01412
3.65151
-1.79449
3.72776
-1.57973
3.79268
-1.36868
3.84685
-1.15871
3.89001
-0.950103
3.9231
-0.753595
3.94708
-0.573972
3.96457
-0.442815
3.97813
-0.354269
3.98868
-0.275374
3.99614
-0.197946
4.0013
-0.123317
4.00427
-0.0499996
4.00543
0.021969
4.00517
0.0934684
4.00375
0.165122
4.00122
0.239091
3.99771
0.318227
3.99353
0.408207
3.9879
0.517017
3.9802
0.663954
3.97578
0.744143
0.795059
-5.65225
1.10289
-5.63835
1.48944
-7.055
1.85766
-6.7339
2.22063
-6.64308
2.58026
-6.58175
2.90756
-5.99706
3.17731
-4.96017
3.39397
-4.00422
3.56627
-3.2004
3.69462
-2.40849
3.78828
-1.78215
3.85776
-1.34052
3.90789
-0.994651
3.94453
-0.746247
3.97181
-0.575485
3.99209
-0.449225
4.00764
-0.360195
4.02001
-0.297087
4.02979
-0.250508
4.03816
-0.213804
4.04497
-0.181035
4.05061
-0.144991
4.05425
-0.0899783
4.05511
-0.0159568
4.05326
0.0607932
4.04894
0.136863
4.04264
0.212238
4.03433
0.288207
4.02439
0.364375
4.01319
0.441662
4.00091
0.52089
3.9875
0.604099
3.97321
0.693333
3.95787
0.793757
3.94109
0.913325
3.9221
1.06037
3.89863
1.26462
3.88224
1.31988
0.510558
-0.174653
-6.15838
0.169495
-6.31719
0.573756
-7.40847
0.923804
-6.44435
1.27079
-6.40026
1.61385
-6.33871
1.92072
-5.69589
2.20454
-5.28922
2.46417
-4.86061
2.69419
-4.33555
2.90181
-3.94182
3.08796
-3.5597
3.25367
-3.20101
3.40277
-2.9032
3.53583
-2.61967
3.65471
-2.36263
3.76002
-2.11943
3.85265
-1.88712
3.93289
-1.65997
4.00154
-1.43732
4.05832
-1.2155
4.10378
-0.995567
4.13858
-0.788394
4.16378
-0.59917
4.18212
-0.461155
4.19625
-0.368403
4.20723
-0.286349
4.21522
-0.205938
4.22037
-0.12847
4.22359
-0.0532149
4.22458
0.0209769
4.22427
0.0937773
4.22255
0.166848
4.21999
0.241651
4.21643
0.321787
4.212
0.412636
4.20629
0.522727
4.19818
0.672064
4.19385
0.748468
0.836601
-5.97829
1.16125
-5.96301
1.56885
-7.46259
1.95722
-7.12228
2.34004
-7.02589
2.71921
-6.9609
3.06415
-6.34201
3.34846
-5.24448
3.57707
-4.23283
3.75854
-3.38187
3.89385
-2.54379
3.99265
-1.88094
4.06549
-1.41337
4.11851
-1.04767
4.15691
-0.784654
4.18557
-0.604137
4.207
-0.470657
4.22325
-0.376449
4.23611
-0.309942
4.24653
-0.260929
4.25515
-0.222425
4.26243
-0.188313
4.26814
-0.150703
4.27203
-0.0938669
4.27292
-0.0168453
4.27085
0.062869
4.26648
0.141236
4.25964
0.219075
4.25111
0.296739
4.24073
0.37475
4.22915
0.453245
4.21617
0.533865
4.20253
0.617741
4.18797
0.70789
4.17245
0.809277
4.15528
0.930505
4.13602
1.07963
4.11229
1.28835
4.096
1.33617
0.536596
-0.182309
-6.51267
0.180658
-6.68015
0.607006
-7.83482
0.976111
-6.81345
1.34216
-6.76631
1.70417
-6.70071
2.0278
-6.0195
2.32714
-5.58856
2.60089
-5.13436
2.84346
-4.57813
3.06245
-4.16082
3.25868
-3.75593
3.43354
-3.37587
3.59074
-3.0604
3.73108
-2.76002
3.85616
-2.48771
3.96731
-2.23058
4.06494
-1.98474
4.14965
-1.74469
4.2218
-1.50947
4.28166
-1.27536
4.32934
-1.04325
4.36601
-0.825073
4.39245
-0.625608
4.4117
-0.480401
4.42657
-0.383275
4.43787
-0.297649
4.44616
-0.214228
4.45173
-0.134037
4.45482
-0.0562993
4.45606
0.0197336
4.45559
0.0942431
4.45383
0.168607
4.45097
0.244515
4.44742
0.325349
4.44257
0.417478
4.43664
0.528658
4.42824
0.680466
4.42358
0.753128
0.880463
-6.32216
1.22281
-6.30535
1.6527
-7.89249
2.06229
-7.53186
2.46593
-7.42953
2.86576
-7.36075
3.2296
-6.70584
3.52931
-5.54419
3.77002
-4.47353
3.96141
-3.57325
4.10412
-2.6865
4.20797
-1.9848
4.28497
-1.49037
4.34066
-1.10336
4.38112
-0.825115
4.41124
-0.634251
4.43369
-0.493104
4.4509
-0.393661
4.46434
-0.32338
4.47526
-0.27185
4.48422
-0.231379
4.49173
-0.19582
4.49799
-0.156968
4.50175
-0.0976243
4.50274
-0.0178351
4.50071
0.0649036
4.49585
0.146089
4.48899
0.22594
4.47981
0.305914
4.46912
0.385448
4.45701
0.465353
4.44384
0.547031
4.42968
0.631898
4.41456
0.723016
4.3987
0.825139
4.38139
0.94782
4.36166
1.09936
4.33751
1.3125
4.32115
1.35254
0.56409
-0.190396
-6.88636
0.192449
-7.063
0.642116
-8.28448
1.0315
-7.20283
1.41756
-7.15236
1.79922
-7.08238
2.14059
-6.36086
2.45628
-5.90425
2.74511
-5.42319
3.00079
-4.83381
3.23174
-4.39178
3.4386
-3.9628
3.62318
-3.56045
3.78878
-3.226
3.93685
-2.9081
4.06891
-2.61977
4.1859
-2.34757
4.28875
-2.08759
4.37812
-1.83405
4.4541
-1.58545
4.51709
-1.33835
4.56758
-1.09373
4.60606
-0.863554
4.6338
-0.653348
4.65411
-0.500706
4.66962
-0.398792
4.68153
-0.309553
4.69002
-0.222718
4.69576
-0.139781
4.69901
-0.0595416
4.70026
0.0184826
4.69965
0.0948499
4.69774
0.170518
4.69473
0.247533
4.69087
0.329211
4.68591
0.422435
4.67971
0.534856
4.67089
0.68929
4.66602
0.757998
0.926794
-6.68486
1.28795
-6.66651
1.74122
-8.34575
2.17314
-7.96378
2.59873
-7.85511
3.02049
-7.78249
3.40407
-7.08942
3.72014
-5.86026
3.97392
-4.72732
4.17568
-3.77501
4.32585
-2.83667
4.43551
-2.09445
4.51647
-1.57133
4.5751
-1.162
4.61781
-0.86782
4.64936
-0.6658
4.67308
-0.516831
4.69108
-0.411657
4.70523
-0.33753
4.71661
-0.283231
4.72607
-0.240832
4.73403
-0.203781
4.74029
-0.163233
4.74455
-0.101878
4.74526
-0.0185423
4.74321
0.0669506
4.73827
0.151026
4.73083
0.233385
4.72139
0.315356
4.71021
0.396622
4.69756
0.47801
4.68378
0.560809
4.66922
0.64646
4.65391
0.738328
4.63752
0.841529
4.61964
0.965697
4.59968
1.11933
4.57507
1.33711
4.55887
1.36873
0.59313
-0.198981
-7.28051
0.204854
-7.46684
0.679293
-8.75893
1.08991
-7.61344
1.4971
-7.55955
1.89964
-7.48491
2.25967
-6.72089
2.59269
-6.23726
2.89704
-5.72754
3.16669
-5.10346
3.41029
-4.63538
3.62864
-4.18115
3.82298
-3.75479
3.99783
-3.40085
4.15383
-3.06411
4.29312
-2.75905
4.41659
-2.47105
4.52497
-2.19597
4.61903
-1.92811
4.69919
-1.6656
4.76564
-1.4048
4.81859
-1.14668
4.8592
-0.904171
4.8884
-0.682547
4.90957
-0.521871
4.92601
-0.415234
4.93845
-0.321992
4.94743
-0.2317
4.95338
-0.145732
4.95668
-0.0628351
4.95783
0.0173335
4.95723
0.0954464
4.95518
0.17257
4.95202
0.250702
4.94787
0.333354
4.94263
0.427679
4.93609
0.541399
4.92683
0.698549
4.92172
0.763106
0.97568
-7.06741
1.35649
-7.04731
1.83479
-8.82407
2.29023
-8.41921
2.7392
-8.30408
3.18374
-8.22704
3.58812
-7.49379
3.92142
-6.19355
4.18899
-4.99489
4.40153
-3.98755
4.5599
-2.99503
4.67541
-2.20996
4.76081
-1.65673
4.82258
-1.22376
4.86739
-0.91263
4.90074
-0.699156
4.92556
-0.541652
4.94462
-0.430711
4.95933
-0.352244
4.97144
-0.295334
4.98135
-0.250743
4.98961
-0.212046
4.99629
-0.169906
5.00061
-0.106197
5.00165
-0.0195823
4.99918
0.0694172
4.994
0.156212
4.98621
0.241168
4.97649
0.325087
4.96468
0.408429
4.95158
0.491105
4.9373
0.57509
4.92218
0.661587
4.90624
0.754271
4.88945
0.858315
4.87136
0.983792
4.85087
1.13982
4.82562
1.36236
4.80926
1.38509
0.623775
-0.208021
-7.69627
0.217913
-7.89278
0.718189
-9.2592
1.15152
-8.04677
1.58093
-7.98895
2.00559
-7.90956
2.38531
-7.10061
2.73636
-6.5883
3.05748
-6.04865
3.34205
-5.38804
3.59877
-4.8921
3.82889
-4.41128
4.03398
-3.95988
4.21836
-3.58523
4.38286
-3.22861
4.52961
-2.9058
4.65973
-2.60116
4.7742
-2.31044
4.87333
-2.02724
4.95769
-1.74997
5.02779
-1.47491
5.08356
-1.20245
5.12634
-0.946945
5.15705
-0.71326
5.17938
-0.5442
5.19655
-0.432401
5.20967
-0.335112
5.21905
-0.241082
5.22525
-0.151922
5.22862
-0.0662107
5.22969
0.0162653
5.22899
0.096141
5.22682
0.174745
5.22352
0.253998
5.21897
0.337913
5.2136
0.433045
5.20653
0.548475
5.19683
0.708248
5.19134
0.76859
1.02729
-7.47093
1.42914
-7.44917
1.93327
-9.32819
2.41374
-8.8997
2.88708
-8.77741
3.35593
-8.69588
3.78253
-7.92039
4.13383
-6.54486
4.41602
-5.27708
4.64006
-4.21158
4.80694
-3.16191
4.92863
-2.33165
5.01853
-1.74664
5.08366
-1.2889
5.13093
-0.959901
5.16607
-0.734288
5.19211
-0.567695
5.21205
-0.45065
5.22771
-0.367904
5.24039
-0.308009
5.25074
-0.261095
5.25944
-0.220745
5.2666
-0.177069
5.27096
-0.110555
5.27193
-0.0205492
5.26955
0.071799
5.26409
0.161674
5.25594
0.249313
5.2455
0.33553
5.23344
0.420495
5.21961
0.504929
5.20494
0.589768
5.18909
0.677437
5.17277
0.77059
5.15553
0.875557
5.13681
1.00251
5.11586
1.16078
5.08991
1.38831
5.07335
1.40165
0.656146
-0.217614
-8.1348
0.23174
-8.34213
0.759512
-9.78697
1.2164
-8.50365
1.6694
-8.44195
2.1173
-8.35746
2.51783
-7.50114
2.88816
-6.95863
3.22691
-6.3874
3.52673
-5.68786
3.79778
-5.16315
4.04043
-4.65393
4.25668
-4.17614
4.4508
-3.77935
4.62437
-3.40218
4.77913
-3.06056
4.91634
-2.73836
5.03686
-2.43096
5.14134
-2.13172
5.23038
-1.83902
5.30421
-1.54874
5.36308
-1.26132
5.40796
-0.991825
5.44054
-0.745837
5.46392
-0.567588
5.48198
-0.450454
5.4957
-0.348835
5.50552
-0.250896
5.51198
-0.158385
5.5156
-0.0698273
5.51675
0.0151117
5.51598
0.0969182
5.51344
0.177281
5.50974
0.257696
5.50506
0.342597
5.49915
0.438961
5.49185
0.555767
5.48157
0.718531
5.47569
0.774463
1.08175
-7.89654
1.50543
-7.87285
2.03748
-9.86024
2.54416
-9.40637
3.04354
-9.27678
3.53792
-9.19027
3.98767
-8.37014
4.35799
-6.91517
4.65536
-5.57445
4.89161
-4.44782
5.06755
-3.33785
5.19589
-2.45999
5.29063
-1.84138
5.35906
-1.35733
5.40888
-1.00972
5.44589
-0.771297
5.47351
-0.595318
5.49444
-0.471578
5.51103
-0.384494
5.52412
-0.321096
5.53517
-0.27214
5.54426
-0.229838
5.55165
-0.184462
5.55644
-0.115337
5.55742
-0.0215372
5.55483
0.0743915
5.54907
0.167436
5.54067
0.257715
5.52976
0.346445
5.51701
0.433245
5.50269
0.519244
5.48719
0.605271
5.47099
0.693645
5.45398
0.787595
5.43614
0.893406
5.41686
1.0218
5.39529
1.18235
5.36862
1.41498
5.35194
1.41833
0.690317
-0.227731
-8.59739
0.246185
-8.81605
0.802943
-10.3437
1.28487
-8.98558
1.76284
-8.91991
2.23522
-8.82984
2.65765
-7.92356
3.04841
-7.34939
3.4055
-6.74449
3.72184
-6.0042
4.00745
-5.44877
4.26332
-4.90981
4.49133
-4.40415
4.69631
-3.98433
4.87926
-3.58513
5.04234
-3.22365
5.18696
-2.88298
5.31408
-2.55808
5.42425
-2.24188
5.51816
-1.93293
5.59589
-1.62648
5.65795
-1.32338
5.70539
-1.03927
5.73945
-0.779894
5.76408
-0.592217
5.78308
-0.46945
5.79745
-0.363204
5.80787
-0.261318
5.81451
-0.165023
5.81827
-0.0735869
5.8194
0.0139822
5.81844
0.0978805
5.81595
0.179774
5.81201
0.261634
5.80707
0.34754
5.80078
0.445248
5.79297
0.56358
5.78185
0.729647
5.77571
0.780609
1.13926
-8.34548
1.58624
-8.31983
2.14734
-10.4213
2.68163
-9.94067
3.20831
-9.80345
3.72989
-9.71183
4.20404
-8.8443
4.59472
-7.30585
4.90823
-5.88796
5.15724
-4.69683
5.3427
-3.52331
5.47788
-2.59517
5.57764
-1.94115
5.64999
-1.42968
5.70241
-1.06215
5.7414
-0.810281
5.7703
-0.62422
5.79249
-0.493765
5.8097
-0.401705
5.82386
-0.335254
5.83518
-0.283461
5.84492
-0.239575
5.85262
-0.192169
5.85755
-0.120259
5.85864
-0.0226287
5.85596
0.0770669
5.85001
0.173395
5.84105
0.26667
5.82977
0.357731
5.81631
0.446709
5.80147
0.53408
5.78525
0.621496
5.76839
0.710505
5.75067
0.805317
5.73217
0.91191
5.71218
1.04179
5.69007
1.20446
5.66246
1.44259
5.64548
1.4353
0.726374
-0.238445
-9.08532
0.261487
-9.31597
0.848653
-10.9309
1.35709
-9.49402
1.86111
-9.42394
2.3595
-9.32821
2.80513
-8.36918
3.21716
-7.76142
3.59388
-7.12122
3.9276
-6.33792
4.22889
-5.75006
4.49885
-5.17978
4.73924
-4.64453
4.95523
-4.20033
5.14802
-3.77792
5.32014
-3.39577
5.47248
-3.03532
5.60655
-2.69215
5.72271
-2.35804
5.82156
-2.03178
5.90352
-1.70844
5.96895
-1.38881
6.01887
-1.08918
6.05472
-0.815752
6.0808
-0.618291
6.10077
-0.489415
6.11595
-0.378382
6.12675
-0.272121
6.13387
-0.172138
6.13754
-0.0772588
6.13881
0.0127145
6.13768
0.0990065
6.13486
0.182597
6.1307
0.265797
6.12525
0.35299
6.11871
0.451785
6.11028
0.572014
6.09876
0.741169
6.09209
0.787283
1.19995
-8.81906
1.67138
-8.79126
2.26306
-11.013
2.8269
-10.5045
3.38225
-10.3588
3.93226
-10.2618
4.43245
-9.34447
4.84432
-7.71772
5.17494
-6.21858
5.43755
-4.95944
5.63296
-3.71871
5.77541
-2.73762
5.88067
-2.04641
5.95673
-1.50574
6.01201
-1.11743
6.05302
-0.851288
6.08372
-0.654922
6.10697
-0.517009
6.12518
-0.419916
6.13984
-0.349919
6.15194
-0.295559
6.16205
-0.249684
6.17031
-0.200426
6.1756
-0.125549
6.17667
-0.0236976
6.17384
0.0799
6.16753
0.179707
6.15814
0.27606
6.14619
0.369679
6.13225
0.460649
6.1166
0.549731
6.09989
0.63821
6.08208
0.728319
6.06373
0.823666
6.04456
0.931088
6.02406
1.06229
6.00095
1.22757
5.9725
1.47104
5.95504
1.45276
0.764519
-0.249928
-9.59991
0.277371
-9.84328
0.896785
-11.5503
1.43329
-10.0305
1.96492
-9.95556
2.49059
-9.85387
2.96077
-8.83936
3.39534
-8.19599
3.79271
-7.51859
4.1447
-6.68992
4.46242
-6.06778
4.74709
-5.46445
5.00056
-4.89801
5.22832
-4.42809
5.43169
-3.98129
5.61294
-3.57701
5.77386
-3.19624
5.91491
-2.83319
6.03739
-2.48052
6.14161
-2.13601
6.22814
-1.79497
6.29699
-1.45766
6.34969
-1.14189
6.38754
-0.853598
6.41493
-0.64568
6.4358
-0.510287
6.45184
-0.394412
6.46306
-0.283343
6.47056
-0.179638
6.47457
-0.0812728
6.47562
0.011672
6.47449
0.100132
6.4715
0.185589
6.46701
0.270286
6.46132
0.358676
6.45416
0.458943
6.44538
0.5808
6.43291
0.753634
6.42572
0.794471
1.26395
-9.31849
1.76118
-9.28849
2.3855
-11.6374
2.98
-11.099
3.56582
-10.9446
4.14575
-10.8418
4.6733
-9.87203
5.10771
-8.15213
5.45642
-6.56729
5.73319
-5.23622
5.93942
-3.92494
6.08947
-2.88766
6.20042
-2.15737
6.28065
-1.58598
6.33884
-1.17562
6.38202
-0.894463
6.41416
-0.687063
6.43871
-0.541562
6.45791
-0.439115
6.47345
-0.365456
6.48629
-0.308401
6.497
-0.260386
6.50553
-0.208961
6.511
-0.131021
6.51228
-0.0249692
6.50929
0.0828857
6.50258
0.186415
6.49284
0.285804
6.48033
0.38219
6.46562
0.475364
6.44925
0.566099
6.43176
0.655708
6.41336
0.746722
6.39409
0.842931
6.37418
0.951003
6.35287
1.08359
6.32899
1.25145
6.29936
1.50066
6.28147
1.47064
0.804718
-0.261826
-10.1428
0.294368
-10.3995
0.947758
-12.2037
1.51334
-10.5961
2.07434
-10.5165
2.62899
-10.4085
3.12467
-9.33502
3.58319
-8.65451
4.00246
-7.93785
4.37372
-7.06119
4.70889
-6.40296
5.00899
-5.76455
5.27644
-5.16545
5.51657
-4.66823
5.731
-4.19571
5.92223
-3.76825
6.09155
-3.36556
6.24047
-2.98211
6.36962
-2.60967
6.47942
-2.24581
6.57053
-1.88609
6.64312
-1.53025
6.69853
-1.1973
6.73841
-0.893477
6.76718
-0.674452
6.78935
-0.532458
6.80616
-0.411214
6.8181
-0.295288
6.82576
-0.18729
6.82988
-0.0854028
6.831
0.0105596
6.82964
0.101491
6.82636
0.188861
6.82168
0.27497
6.81553
0.364827
6.80788
0.466584
6.7985
0.590181
6.78538
0.76675
6.77782
0.802026
1.33154
-9.84532
1.85621
-9.81317
2.51442
-12.2956
3.14151
-11.7261
3.75929
-11.5624
4.37118
-11.4537
4.92747
-10.4283
5.38549
-8.61014
5.75334
-6.93513
6.04527
-5.52815
6.26248
-4.14214
6.42098
-3.04617
6.53782
-2.27421
6.62232
-1.67047
6.68362
-1.23693
6.72928
-0.940118
6.76313
-0.720917
6.78895
-0.567377
6.8092
-0.459364
6.82545
-0.381709
6.83889
-0.321844
6.85016
-0.271649
6.85931
-0.218116
6.86521
-0.136922
6.8665
-0.0262568
6.86332
0.0860657
6.85632
0.193416
6.84608
0.296054
6.83297
0.395295
6.81759
0.490751
6.80047
0.583217
6.78202
0.674162
6.76272
0.766017
6.74277
0.86289
6.72208
0.971689
6.69963
1.10604
6.67493
1.27616
6.64404
1.53156
6.62571
1.48897
0.847159
-0.274575
-10.7154
0.312012
-10.9861
1.00135
-12.893
1.59811
-11.1929
2.1896
-11.108
2.7745
-10.9934
3.29766
-9.85818
3.78124
-9.1381
4.22341
-8.38002
4.61511
-7.45289
4.96859
-6.75644
5.28514
-6.08111
5.56718
-5.44749
5.82047
-4.92152
6.04669
-4.42194
6.24829
-3.96984
6.42703
-3.5443
6.58403
-3.13911
6.71937
-2.74502
6.83601
-2.36244
6.93205
-1.98214
7.00804
-1.60623
7.06714
-1.25639
7.10828
-0.934614
7.13912
-0.705294
7.16213
-0.555463
7.17958
-0.428667
7.19267
-0.30838
7.20037
-0.194994
7.20517
-0.0902003
7.20598
0.00974234
7.20468
0.102798
7.20128
0.192249
7.19552
0.280738
7.18878
0.371552
7.18094
0.474431
7.17072
0.600391
7.15711
0.780365
7.1489
0.810232
1.40292
-10.4011
1.95602
-10.3663
2.65057
-12.9901
3.31206
-12.3876
3.96373
-12.214
4.60887
-12.0988
5.19562
-11.0151
5.67869
-9.09322
6.06641
-7.32285
6.37444
-5.83618
6.60362
-4.37132
6.77051
-3.21306
6.89381
-2.39752
6.98303
-1.7597
7.04755
-1.30146
7.0955
-0.988067
7.13127
-0.756682
7.15857
-0.594684
7.17974
-0.480528
7.19746
-0.399427
7.21145
-0.335841
7.22285
-0.283039
7.23207
-0.227338
7.23928
-0.144135
7.23963
-0.0265998
7.2366
0.0890954
7.22969
0.20033
7.21888
0.306861
7.20515
0.409028
7.18826
0.507646
7.17102
0.600453
7.15171
0.693475
7.13162
0.786108
7.11092
0.883594
7.08928
0.993331
7.06593
1.1294
7.0402
1.30189
7.00709
1.56468
6.98848
1.50759
0.89204
-0.288091
-11.3193
0.330826
-11.605
1.05771
-13.6199
1.68722
-11.8224
2.31131
-11.7321
2.92834
-11.6104
3.48008
-10.4099
3.99023
-9.64825
4.45671
-8.8465
4.86984
-7.86601
5.24273
-7.12935
5.57664
-6.41502
5.87416
-5.74501
6.14123
-5.18859
6.37978
-4.66049
6.59234
-4.1824
6.78061
-3.73256
6.94641
-3.30492
7.09017
-2.88876
7.212
-2.48428
7.31294
-2.08307
7.39356
-1.68686
7.45455
-1.31737
7.50018
-0.980254
7.53115
-0.736252
7.55566
-0.579981
7.57422
-0.447218
7.58663
-0.320802
7.59561
-0.203967
7.59978
-0.0943775
7.60178
0.0077488
7.59895
0.105619
7.59534
0.195871
7.59102
0.285047
7.58359
0.378989
7.57478
0.48324
7.56374
0.61144
7.54912
0.794975
7.54001
0.819347
1.47816
-10.9872
2.06171
-10.9498
2.7942
-13.7226
3.4917
-13.0851
4.17901
-12.9014
4.85963
-12.7794
5.4785
-11.6339
5.98795
-9.60268
6.39698
-7.73187
6.72168
-6.16088
6.96337
-4.61301
7.13947
-3.38916
7.26946
-2.5275
7.36372
-1.85397
7.43221
-1.36994
7.48174
-1.03761
7.52004
-0.794977
7.54788
-0.622521
7.57096
-0.503614
7.58879
-0.417249
7.6041
-0.351154
7.61613
-0.295067
7.62657
-0.237776
7.63266
-0.150227
7.63454
-0.0284761
7.63176
0.0918719
7.623
0.209093
7.6123
0.317563
7.59698
0.424353
7.58107
0.523552
7.56196
0.619572
7.54096
0.714474
7.5207
0.806377
7.49842
0.905872
7.47525
1.0165
7.45081
1.15384
7.42468
1.32803
7.39164
1.59772
7.37085
1.52838
0.939349
-0.302217
-11.9565
0.350495
-12.2577
1.11738
-14.3868
1.78135
-12.4864
2.43973
-12.3905
3.09039
-12.2611
3.6724
-10.9919
4.21059
-10.1864
4.70261
-9.33852
5.13834
-8.30175
5.53171
-7.52271
5.88394
-6.76725
6.19759
-6.05866
6.47946
-5.47045
6.73135
-4.91238
6.95475
-4.40579
7.15378
-3.93158
7.32853
-3.47966
7.48038
-3.04062
7.60774
-2.61164
7.71414
-2.18947
7.80016
-1.77288
7.86506
-1.38227
7.91049
-1.02568
7.94504
-0.770807
7.97048
-0.605417
7.98989
-0.466627
8.00446
-0.335368
8.01289
-0.2124
8.0178
-0.0992851
8.01784
0.00770967
8.01699
0.106475
8.01263
0.200232
8.00621
0.291474
7.99928
0.38592
7.98965
0.492874
7.97913
0.621964
7.96247
0.811643
7.95352
0.828285
1.55756
-11.6054
2.17306
-11.5653
2.94572
-14.4953
3.68146
-13.8208
4.4065
-13.6264
5.12417
-13.497
5.77691
-12.2867
6.31409
-10.1399
6.74535
-8.16313
7.08791
-6.50343
7.34294
-4.86805
7.52882
-3.57502
7.66499
-2.66369
7.76374
-1.95272
7.83543
-1.44163
7.89052
-1.09269
7.92985
-0.83431
7.9607
-0.653369
7.98367
-0.52659
8.00213
-0.435698
8.01805
-0.367076
8.03198
-0.309001
8.04293
-0.248722
8.04945
-0.156744
8.05175
-0.0307836
8.04679
0.0968379
8.0399
0.215978
8.02712
0.330357
8.01242
0.439045
7.99455
0.541431
7.97352
0.640602
7.95332
0.734682
7.92992
0.829771
7.90722
0.928579
7.88367
1.04005
7.85888
1.17864
7.82973
1.35718
7.795
1.63246
7.77501
1.54837
0.678724
-0.218134
-12.4171
0.258295
-12.7341
0.848892
-14.9774
1.41205
-13.0495
2.04617
-13.0246
2.78259
-12.9975
3.57394
-11.7833
4.46493
-11.0774
5.4704
-10.344
7.01052
-9.84187
6.80008
-7.31227
6.64005
-6.60722
6.49334
-5.91194
6.35821
-5.33532
6.23739
-4.79156
6.13104
-4.29943
6.03753
-3.83806
5.9579
-3.40004
5.8916
-2.97431
5.84185
-2.56188
5.80362
-2.15124
5.77828
-1.74753
5.76446
-1.36846
5.76052
-1.02175
5.76203
-0.772321
5.76646
-0.609841
5.7808
-0.480973
5.78924
-0.343798
5.79573
-0.218898
5.84144
-0.144989
5.86941
-0.0202595
5.90219
0.073695
5.93722
0.165201
5.97592
0.252789
6.01981
0.342032
6.06933
0.443364
6.12492
0.566368
6.19458
0.741983
6.24528
0.777582
1.13787
-12.0646
1.62354
-12.051
2.30439
-15.1761
3.07121
-14.5876
4.00635
-14.5615
5.21492
-14.7056
6.72428
-13.796
8.2451
-11.6607
7.70947
-7.6275
7.30239
-6.09635
6.99489
-4.56053
6.76401
-3.34414
6.58673
-2.4864
6.4523
-1.8183
6.34743
-1.33676
6.26458
-1.00984
6.19733
-0.767065
6.14326
-0.599297
6.09624
-0.479568
6.05422
-0.393679
6.01397
-0.326824
5.9761
-0.271135
5.93856
-0.211177
5.90129
-0.119477
5.86813
0.00237299
5.8437
0.121273
5.82261
0.237068
5.80746
0.345512
5.7982
0.448304
5.79216
0.547467
5.79198
0.640782
5.7963
0.730364
5.80373
0.822343
5.8155
0.916808
5.83274
1.02281
5.85245
1.15893
5.87821
1.33143
5.9115
1.59915
5.94744
1.51242
0.745864
-0.239334
-12.9236
0.284715
-13.2582
0.934295
-15.627
1.55396
-13.6692
2.25141
-13.7221
3.06165
-13.8078
3.93205
-12.6537
4.91212
-12.0575
6.01823
-11.4501
7.71278
-11.5364
7.48082
-7.08031
7.30418
-6.43058
7.14235
-5.75011
6.99502
-5.18799
6.86144
-4.65798
6.74385
-4.18184
6.64117
-3.73538
6.55326
-3.31212
6.48227
-2.90332
6.42483
-2.50444
6.38394
-2.11034
6.35692
-1.72052
6.34247
-1.35401
6.33624
-1.01552
6.33785
-0.773927
6.34227
-0.614268
6.35655
-0.495252
6.36881
-0.356059
6.37644
-0.226524
6.42455
-0.193094
6.45619
-0.0519005
6.49129
0.0385997
6.52989
0.126602
6.57346
0.209219
6.62091
0.294594
6.67398
0.390291
6.7372
0.503143
6.81202
0.667159
6.86742
0.722181
1.25065
-12.5693
1.78482
-12.5852
2.53344
-15.9248
3.37684
-15.4311
4.40502
-15.5897
5.73369
-16.0343
7.39264
-15.455
9.06453
-13.3326
8.47663
-7.03961
8.02973
-5.64945
7.69228
-4.22308
7.43741
-3.08926
7.24287
-2.29187
7.09345
-1.66889
6.98084
-1.22416
6.88938
-0.918379
6.81653
-0.694213
6.75447
-0.537241
6.70225
-0.427344
6.65645
-0.347881
6.61377
-0.284151
6.57216
-0.229524
6.53076
-0.169776
6.48953
-0.0782452
6.45507
0.0368334
6.42543
0.150907
6.40318
0.259316
6.38695
0.361741
6.37534
0.45991
6.36967
0.553136
6.36991
0.640536
6.37338
0.726895
6.38266
0.81306
6.39633
0.903136
6.41284
1.00629
6.4358
1.13596
6.46476
1.30246
6.50111
1.56279
6.5418
1.47171
0.819502
-0.262314
-13.4808
0.314196
-13.8347
1.02874
-16.3415
1.71023
-14.3507
2.47764
-14.4895
3.36865
-14.6988
4.32627
-13.6113
5.40456
-13.1358
6.62124
-12.6668
8.48588
-13.4011
8.2292
-6.82364
8.03572
-6.2371
7.85761
-5.572
7.69464
-5.02502
7.54836
-4.5117
7.41867
-4.05214
7.30592
-3.62262
7.21007
-3.21627
7.13073
-2.82397
7.06724
-2.44094
7.02259
-2.06569
6.99151
-1.68945
6.97398
-1.33649
6.96959
-1.01115
6.97145
-0.775782
6.97599
-0.618807
6.99297
-0.512235
7.00521
-0.368303
7.01144
-0.232742
7.06733
-0.248986
7.10141
-0.0859825
7.13888
0.00113036
7.18248
0.083006
7.22967
0.162028
7.28206
0.242212
7.3414
0.330937
7.40834
0.436206
7.49239
0.583103
7.55259
0.661983
1.37485
-13.1247
1.96226
-13.1726
2.7856
-16.7481
3.71271
-16.3582
4.84323
-16.7202
6.30392
-17.495
8.12777
-17.2788
9.96487
-15.1697
9.31844
-6.39317
8.82885
-5.15985
8.4558
-3.85003
8.17798
-2.81144
7.96449
-2.07838
7.80107
-1.50548
7.6752
-1.09831
7.57495
-0.818138
7.49502
-0.614287
7.42879
-0.47101
7.37127
-0.369827
7.32027
-0.296875
7.27375
-0.237641
7.22695
-0.182727
7.18023
-0.123057
7.13625
-0.034268
7.09771
0.0753726
7.06541
0.183204
7.04058
0.284146
7.02315
0.379174
7.01041
0.472644
7.005
0.558546
7.00423
0.641293
7.00808
0.723044
7.0178
0.803337
7.03326
0.887668
7.05294
0.986598
7.07904
1.10984
7.10977
1.27172
7.1504
1.52215
7.19316
1.42895
0.900361
-0.287587
-14.0936
0.346476
-14.4687
1.13257
-17.1276
1.88214
-15.1002
2.7264
-15.3337
3.70665
-15.679
4.76
-14.6646
5.94597
-14.3218
7.28446
-14.0053
9.33469
-15.4513
9.05335
-6.54231
8.84052
-6.02426
8.64217
-5.37365
8.46288
-4.84572
8.30318
-4.352
8.15921
-3.90816
8.03549
-3.4989
7.92946
-3.11023
7.84211
-2.73662
7.77418
-2.37301
7.72342
-2.01493
7.68983
-1.65586
7.67339
-1.32006
7.66575
-1.00351
7.66801
-0.778046
7.67283
-0.623625
7.69264
-0.532044
7.70367
-0.379333
7.71256
-0.241638
7.77239
-0.308805
7.81034
-0.123935
7.85295
-0.0414722
7.89896
0.0369897
7.95118
0.109812
8.00855
0.184835
8.07297
0.266517
8.14899
0.360177
8.23842
0.493684
8.30739
0.593
1.51099
-13.7353
2.15715
-13.8188
3.06246
-17.6534
4.08202
-17.3777
5.32524
-17.9635
6.93105
-19.1008
8.93644
-19.2842
10.9566
-17.1898
10.2471
-5.68367
9.70738
-4.62012
9.29925
-3.4419
8.9926
-2.50479
8.75702
-1.84283
8.57796
-1.32643
8.43856
-0.958915
8.32931
-0.708897
8.2408
-0.525776
8.16893
-0.399152
8.10597
-0.306857
8.04965
-0.240561
7.99656
-0.184548
7.94841
-0.134582
7.89762
-0.0722637
7.84807
0.0152727
7.80533
0.118117
7.77023
0.218299
7.744
0.310377
7.72261
0.400559
7.70996
0.485303
7.70336
0.565135
7.70282
0.64184
7.70827
0.717589
7.71833
0.793277
7.73418
0.871808
7.75558
0.9652
7.78341
1.08202
7.81846
1.23667
7.86186
1.47875
7.91184
1.37896
0.989187
-0.315113
-14.7676
0.382276
-15.1661
1.24695
-17.9923
2.07149
-15.9248
3.00017
-16.2624
4.07841
-16.7573
5.23719
-15.8234
6.54169
-15.6263
8.01423
-15.4778
10.2701
-17.7071
9.96048
-6.2327
9.72391
-5.7877
9.50879
-5.15852
9.31125
-4.64817
9.13213
-4.17287
8.97707
-3.7531
8.83888
-3.36069
8.72305
-2.9944
8.62676
-2.64031
8.55208
-2.29834
8.49551
-1.95837
8.4597
-1.62006
8.438
-1.29838
8.43258
-0.998093
8.43408
-0.779547
8.43932
-0.62887
8.45947
-0.552192
8.47472
-0.394579
8.48378
-0.250699
8.54898
-0.374001
8.58958
-0.164534
8.63609
-0.0879853
8.68858
-0.0155001
8.74459
0.0538025
8.80707
0.122354
8.87922
0.194364
8.96177
0.277632
9.06189
0.393567
9.1344
0.520489
1.66087
-14.407
2.37134
-14.5292
3.36712
-18.6492
4.48823
-18.4988
5.85516
-19.3304
7.62089
-20.8665
9.82491
-21.4882
12.0454
-19.4104
11.2663
-4.90452
10.6736
-4.02743
10.2256
-2.99388
9.88948
-2.16866
9.62868
-1.58205
9.43224
-1.13001
9.28035
-0.807031
9.16055
-0.589094
9.06326
-0.428484
8.98161
-0.317506
8.91309
-0.238341
8.85131
-0.178773
8.79414
-0.127377
8.73926
-0.0796965
8.68289
-0.0158951
8.63031
0.067859
8.58191
0.166517
8.54521
0.255003
8.51481
0.340773
8.49331
0.422064
8.47929
0.49932
8.47142
0.57301
8.46966
0.643597
8.4753
0.711955
8.48825
0.780328
8.5044
0.855667
8.5301
0.939499
8.55957
1.05255
8.5988
1.19745
8.64756
1.42999
8.70075
1.32579
1.08672
-0.345354
-15.509
0.421676
-15.9332
1.37265
-18.9433
2.28005
-16.8322
3.30115
-17.2835
4.48745
-17.9436
5.76188
-17.0979
7.19709
-17.0615
8.81586
-17.0966
11.297
-20.1883
10.9566
-5.89227
10.697
-5.52815
10.4595
-4.921
10.242
-4.43061
10.0467
-3.97763
9.87325
-3.5796
9.72374
-3.21117
9.59464
-2.86528
9.48845
-2.53413
9.40476
-2.21464
9.34404
-1.89766
9.30363
-1.57967
9.2822
-1.27695
9.27392
-0.989817
9.27618
-0.7818
9.28203
-0.634721
9.30398
-0.574141
9.31962
-0.410225
9.33032
-0.261392
9.40366
-0.447347
9.44838
-0.209251
9.49891
-0.138521
9.55538
-0.0719689
9.61796
-0.00878079
9.68697
0.0533471
9.7657
0.115634
9.85493
0.188406
9.96604
0.282456
10.0463
0.44025
1.82548
-15.1458
2.6068
-15.3105
3.70189
-19.7443
4.93487
-19.7318
6.43774
-20.8332
8.37953
-22.8083
10.804
-23.9127
13.2456
-21.852
12.3882
-4.04718
11.7361
-3.37535
11.2432
-2.50094
10.8729
-1.79834
10.589
-1.29814
10.3721
-0.913158
10.2047
-0.639657
10.0714
-0.455806
9.96514
-0.322195
9.87754
-0.229902
9.80192
-0.162715
9.73324
-0.110092
9.67184
-0.0659794
9.60872
-0.0165739
9.5493
0.0435334
9.48953
0.127628
9.43791
0.218142
9.39546
0.29746
9.3634
0.372831
9.33898
0.446494
9.32345
0.514849
9.31547
0.580989
9.31502
0.644053
9.32072
0.706265
9.33381
0.767247
9.35413
0.835356
9.37873
0.914898
9.41368
1.01762
9.45568
1.15546
9.50818
1.37749
9.56826
1.26572
1.19394
-0.378579
-16.3243
0.465217
-16.7769
1.51141
-19.9895
2.50902
-17.8298
3.63267
-18.4072
4.93725
-19.2481
6.33945
-18.5001
7.91799
-18.64
9.69975
-18.8783
12.429
-22.9175
12.0531
-5.51644
11.7686
-5.24356
11.5058
-4.65828
11.2664
-4.1912
11.0519
-3.76306
10.8606
-3.38831
10.6938
-3.04431
10.5532
-2.72469
10.4376
-2.41853
10.3452
-2.12234
10.278
-1.83049
10.2334
-1.535
10.2099
-1.25344
10.2003
-0.980251
10.2022
-0.783685
10.2101
-0.642647
10.234
-0.598091
10.2516
-0.427741
10.2614
-0.271213
10.3404
-0.526318
10.3906
-0.259492
10.4466
-0.194502
10.5084
-0.133781
10.5776
-0.0779581
10.6545
-0.0235552
10.7398
0.0303009
10.8384
0.0898494
10.959
0.161806
11.0468
0.352483
2.00635
-15.9582
2.86591
-16.1701
4.06988
-20.9483
5.42578
-21.0877
7.07871
-22.4862
9.2135
-24.9431
11.8793
-26.5784
14.5637
-24.5365
13.6216
-3.10503
12.9059
-2.65966
12.363
-1.95805
11.9564
-1.39174
11.6435
-0.985227
11.4044
-0.674066
11.2225
-0.457778
11.0754
-0.308725
10.9585
-0.205359
10.8608
-0.132119
10.7766
-0.0785637
10.7035
-0.0369551
10.6338
0.00372674
10.5676
0.0496155
10.501
0.110168
10.4352
0.193423
10.3789
0.274435
10.3332
0.343139
10.2967
0.409367
10.2706
0.472614
10.2534
0.531983
10.2439
0.590483
10.2434
0.64461
10.2504
0.69927
10.2635
0.754122
10.2853
0.813609
10.3153
0.884877
10.3517
0.981233
10.3977
1.10943
10.4581
1.31711
10.5228
1.20105
1.31155
-0.414826
-17.2211
0.513227
-17.705
1.66378
-21.14
2.76119
-18.9272
3.99704
-19.643
5.43229
-20.6834
6.97431
-20.0421
8.71052
-20.3762
10.6695
-20.8373
13.6725
-25.9205
13.2578
-5.10178
12.944
-4.92972
12.656
-4.37029
12.3918
-3.92695
12.1563
-3.52757
11.9467
-3.17869
11.7644
-2.86207
11.609
-2.56924
11.4804
-2.29002
11.3799
-2.02185
11.3053
-1.75592
11.2567
-1.48639
11.2287
-1.22543
11.2194
-0.970932
11.2224
-0.786708
11.2287
-0.648935
11.2562
-0.625528
11.2744
-0.446022
11.2862
-0.283002
11.3737
-0.613765
11.4283
-0.314158
11.49
-0.25615
11.5574
-0.201201
11.6321
-0.152659
11.7159
-0.1073
11.8107
-0.0645687
11.9203
-0.0197593
12.0527
0.0294799
12.1513
0.253875
2.20523
-16.8519
3.15022
-17.1151
4.47473
-22.2728
5.96573
-22.5787
7.78306
-24.3035
10.131
-27.291
13.0619
-29.5093
16.0137
-27.4882
14.979
-2.07042
14.1914
-1.87208
13.5948
-1.3614
13.147
-0.944024
12.803
-0.641286
12.5425
-0.413569
12.3391
-0.254335
12.1805
-0.150174
12.0502
-0.0750098
11.9433
-0.0252495
11.853
0.0117595
11.7699
0.0461002
11.6943
0.079342
11.6209
0.123049
11.5468
0.184222
11.476
0.264193
11.4135
0.337014
11.363
0.39365
11.323
0.449283
11.2936
0.502023
11.2746
0.550982
11.2647
0.600415
11.2638
0.645506
11.2719
0.691185
11.2875
0.738487
11.3119
0.789284
11.3432
0.853556
11.3835
0.940955
11.4345
1.05837
11.4994
1.25226
11.5703
1.13011
1.44093
-0.454607
-18.2074
0.566118
-18.7257
1.83163
-22.4055
3.03859
-20.1342
4.39783
-21.0023
5.976
-22.2616
7.67255
-21.7387
9.58226
-22.286
11.7368
-22.9919
15.0383
-29.222
14.5845
-4.64805
14.2398
-4.58501
13.9225
-4.05305
13.6337
-3.63809
13.3726
-3.26654
13.1415
-2.94762
12.9406
-2.66119
12.7683
-2.39689
12.6273
-2.14914
12.5165
-1.91097
12.4336
-1.67307
12.3801
-1.43287
12.3506
-1.19594
12.3404
-0.960763
12.3421
-0.788405
12.3508
-0.657606
12.3792
-0.653916
12.3996
-0.466415
12.4121
-0.2955
12.5093
-0.710994
12.5684
-0.373218
12.6343
-0.322054
12.7098
-0.276721
12.7925
-0.235389
12.8842
-0.198985
12.987
-0.167371
13.1059
-0.138567
13.2511
-0.115743
13.3567
0.148284
2.42364
-17.8346
3.46298
-18.1545
4.91944
-23.7293
6.55894
-24.2182
8.55784
-26.3024
11.1401
-29.8733
14.3625
-32.7317
17.6112
-30.7369
16.4718
-0.930958
15.6051
-1.00537
14.9508
-0.707138
14.457
-0.450218
14.08
-0.264264
13.7908
-0.124468
13.5694
-0.0328865
13.3924
0.026786
13.2523
0.0650981
13.1349
0.0922014
13.033
0.113651
12.9425
0.136593
12.8595
0.162308
12.7787
0.203874
12.6984
0.264524
12.6185
0.344016
12.5509
0.404629
12.4955
0.449032
12.4522
0.492587
12.4209
0.533382
12.3987
0.573135
12.3884
0.610744
12.3872
0.646697
12.3964
0.681984
12.4145
0.720347
12.4401
0.763711
12.4754
0.818307
12.5209
0.895413
12.5773
1.00198
12.6491
1.1805
12.7278
1.05143
1.58289
-0.498199
-19.2921
0.624123
-19.848
2.01577
-23.7972
3.34328
-21.4617
4.8381
-22.4971
6.57408
-23.9976
8.43934
-23.6039
10.5392
-24.3858
12.9097
-25.3624
16.5407
-32.853
16.0418
-4.14925
15.6626
-4.20581
15.3141
-3.70451
14.9948
-3.31891
14.7084
-2.98009
14.4552
-2.6945
14.2337
-2.43976
14.045
-2.20825
13.8896
-1.99374
13.7661
-1.78752
13.6765
-1.58356
13.6158
-1.37214
13.5825
-1.16261
13.5705
-0.94882
13.5739
-0.7918
13.5815
-0.665168
13.6139
-0.686326
13.6369
-0.489454
13.6505
-0.309131
13.7553
-0.815791
13.822
-0.439815
13.8966
-0.396716
13.9782
-0.358255
14.0695
-0.326692
14.1697
-0.29922
14.2838
-0.281481
14.4143
-0.269068
14.5753
-0.276665
14.6941
0.0294011
2.66353
-18.9152
3.80677
-19.2977
5.40829
-25.3308
7.21147
-26.0214
9.40969
-28.5006
12.249
-32.7127
15.7952
-36.278
19.3658
-34.3074
18.1141
0.320686
17.1598
-0.051093
16.4396
0.0130505
15.8987
0.090627
15.4825
0.151912
15.1654
0.192575
14.9214
0.211131
14.7281
0.220075
14.5711
0.222125
14.4412
0.222043
14.3313
0.223591
14.2317
0.236199
14.1397
0.254268
14.0525
0.2911
13.9629
0.354118
13.8761
0.430756
13.8003
0.480501
13.7381
0.511205
13.6907
0.539923
13.6555
0.568617
13.6336
0.595081
13.6209
0.623394
13.6202
0.647434
13.6286
0.673534
13.6475
0.701479
13.6765
0.734696
13.7152
0.779574
13.7641
0.846529
13.826
0.940078
13.9044
1.10215
13.9891
0.96672
1.73893
-0.546045
-20.485
0.68825
-21.0823
2.21884
-25.3278
3.67866
-22.9215
5.32242
-24.1409
7.23183
-25.907
9.28256
-25.6547
11.5928
-26.6961
14.1985
-27.9682
18.1932
-36.8477
17.6439
-3.6
17.2286
-3.79059
16.8448
-3.32087
16.4943
-2.96844
16.1791
-2.66497
15.8997
-2.41519
15.6544
-2.19459
15.4475
-2.00136
15.2755
-1.82184
15.1413
-1.65335
15.0403
-1.48264
14.9739
-1.30574
14.9379
-1.12676
14.9239
-0.934838
14.9261
-0.793986
14.9349
-0.673953
14.9696
-0.721106
14.9922
-0.512035
15.0094
-0.326358
15.1241
-0.930502
15.1952
-0.510908
15.2755
-0.47707
15.3666
-0.44933
15.4647
-0.424808
15.5742
-0.408823
15.6988
-0.406092
15.8434
-0.413643
16.0155
-0.448866
16.1427
-0.0978356
2.92741
-20.1037
4.18442
-20.5547
5.94568
-27.0921
7.92899
-28.0047
10.3466
-30.9182
13.4692
-35.8353
17.3695
-40.1784
21.2975
-38.2355
19.9204
1.69772
18.872
0.997263
18.0791
0.805845
17.4845
0.685186
17.0255
0.610841
16.6774
0.540704
16.4092
0.479242
16.1957
0.433629
16.0245
0.393267
15.8837
0.362848
15.7605
0.346797
15.653
0.343619
15.552
0.355327
15.4529
0.390145
15.3553
0.451711
15.2618
0.524235
15.1781
0.564242
15.1122
0.577048
15.0601
0.592022
15.0229
0.605808
14.9965
0.621451
14.9848
0.635028
14.9839
0.64836
14.9949
0.662523
15.0163
0.680014
15.048
0.703
15.0908
0.736785
15.1465
0.790758
15.2157
0.87084
15.3043
1.01351
15.4
0.871068
1.91002
-0.598554
-21.7964
0.758879
-22.4398
2.44158
-27.0105
4.04689
-24.5269
5.8546
-25.9486
7.95356
-28.0059
10.2089
-27.91
12.7487
-29.2361
15.6156
-30.8351
20.0091
-41.2413
19.4064
-2.99743
18.9489
-3.33325
18.5278
-2.89983
18.1427
-2.58354
17.7961
-2.31844
17.4861
-2.10527
17.2193
-1.92791
16.9896
-1.77172
16.8018
-1.63417
16.6511
-1.50269
16.5423
-1.37394
16.469
-1.23252
16.4285
-1.08633
16.4143
-0.920628
16.4165
-0.796327
16.4277
-0.685191
16.4661
-0.759527
16.4935
-0.539516
16.5085
-0.34146
16.6368
-1.05888
16.7162
-0.590326
16.8059
-0.566861
16.9035
-0.547074
17.0134
-0.53478
17.1362
-0.531625
17.273
-0.542997
17.4308
-0.571589
17.6264
-0.644566
17.7694
-0.240912
3.21702
-21.4107
4.59942
-21.9372
6.53652
-29.0292
8.71768
-30.1859
11.3772
-33.5777
14.813
-39.2712
19.1019
-44.4673
23.4254
-42.5591
21.9066
3.21642
20.7547
2.14912
19.8817
1.67879
19.2268
1.33994
18.7225
1.1151
18.3406
0.92261
18.0441
0.775631
17.8087
0.669062
17.6206
0.581315
17.4624
0.521019
17.329
0.480157
17.2079
0.46475
17.0973
0.465902
16.9899
0.497419
16.8824
0.559235
16.777
0.629558
16.6865
0.654757
16.6112
0.652198
16.5525
0.65069
16.5102
0.648111
16.4814
0.650166
16.4675
0.648859
16.4659
0.649985
16.4763
0.65203
16.4987
0.65754
16.5341
0.667526
16.5806
0.690216
16.6384
0.732952
16.7125
0.796678
16.8037
0.92224
16.9065
0.768244
2.09799
-0.655723
0.836555
2.68682
4.45158
6.43885
8.74708
11.2276
14.0203
17.1727
22.0084
21.3455
20.8437
20.3808
19.9566
19.576
19.2388
18.9429
18.6918
18.4823
18.3176
18.1946
18.1135
18.0668
18.0491
18.0522
18.0625
18.1043
18.1326
18.1498
18.2904
18.376
18.4734
18.5825
18.7025
18.8351
18.9854
19.1582
19.3671
19.5186
3.53514
5.05532
7.18607
9.58518
12.5099
16.2891
21.01
25.7649
24.0954
22.8246
21.864
21.1435
20.5913
20.1698
19.8467
19.5898
19.3823
19.2115
19.0631
18.9323
18.8094
18.6924
18.574
18.4597
18.3607
18.2814
18.2203
18.1746
18.1466
18.1325
18.1333
18.1478
18.1756
18.2153
18.269
18.3385
18.4247
18.5364
18.6554
0.19272
-0.218416
0.184804
-0.235555
0.210351
-0.250709
0.231331
-0.2639
0.250501
-0.275446
0.268225
-0.286043
0.284718
-0.295924
0.301082
-0.305237
0.318264
-0.313799
0.336498
-0.321663
0.355813
-0.328665
0.376265
-0.33491
0.397902
-0.340283
0.420806
-0.344923
0.445048
-0.348728
0.470737
-0.351832
0.497921
-0.354149
0.526658
-0.355819
0.557047
-0.35677
0.589198
-0.357152
0.623164
-0.356919
0.659067
-0.356197
0.69699
-0.354997
0.737054
-0.353413
0.779358
-0.351444
0.824008
-0.349211
0.871135
-0.346704
0.920874
-0.344033
0.973382
-0.341195
1.0286
-0.338285
1.08709
-0.335302
1.14859
-0.33233
1.21333
-0.32937
1.28187
-0.32649
1.35393
-0.323696
1.4299
-0.32104
1.51004
-0.318531
1.59449
-0.316207
1.68348
-0.314075
1.77719
-0.312161
1.87598
-0.310457
1.98015
-0.309011
2.09007
-0.307792
2.20574
-0.306812
2.3277
-0.306073
2.45633
-0.305565
2.59191
-0.305285
2.7347
-0.305216
2.88535
-0.305349
3.04401
-0.305663
3.21146
-0.306129
3.38784
-0.306761
3.57383
-0.307503
3.76995
-0.308346
3.97662
-0.309266
4.19477
-0.310244
4.42455
-0.311259
4.66703
-0.312296
4.92275
-0.31334
5.19238
-0.314367
5.47672
-0.3154
5.77674
-0.3164
6.09309
-0.317369
6.42669
-0.318296
6.77875
-0.319165
7.14977
-0.31996
7.5408
-0.320665
7.95423
-0.321132
6.24575
-0.321581
6.86787
-0.321991
7.55299
-0.322392
8.30779
-0.322761
9.13477
-0.323107
10.0466
-0.323395
11.0471
-0.323501
12.1514
-0.323666
13.3568
-0.323627
14.6941
-0.323854
16.143
-0.323256
17.7688
19.5189
0.146979
0.158761
0.122341
0.1538
0.110675
0.162126
0.105956
0.182322
0.10391
0.209715
0.101034
0.239995
0.0943441
0.269256
0.0829341
0.294113
0.0693569
0.313547
0.0567204
0.330451
0.046282
0.348562
0.037622
0.36893
0.0304769
0.390982
0.0246859
0.414256
0.020413
0.438784
0.017574
0.464762
0.0162463
0.492313
0.0162568
0.52158
0.0176187
0.552658
0.0201216
0.585572
0.0237604
0.620423
0.0283345
0.65731
0.0338456
0.696293
0.040117
0.737531
0.0471567
0.781121
0.0548057
0.827208
0.0630467
0.875867
0.0717236
0.927339
0.0808086
0.981714
0.0901821
1.03904
0.0998483
1.09929
0.109742
1.16308
0.119891
1.23029
0.13022
1.30094
0.14072
1.37565
0.151318
1.45417
0.161985
1.53714
0.172645
1.62444
0.183263
1.71656
0.193759
1.81366
0.204093
1.91597
0.214188
2.02376
0.224004
2.13742
0.233463
2.25733
0.242548
2.38363
0.251201
2.51669
0.25938
2.65707
0.267052
2.80513
0.274207
2.96112
0.280813
3.1257
0.286875
3.29901
0.292378
3.48191
0.297337
3.67455
0.301755
3.87782
0.305655
4.0921
0.309056
4.31774
0.311986
4.55594
0.314475
4.80677
0.316554
5.07127
0.318257
5.35023
0.319608
5.64413
0.320674
5.95397
0.321458
6.28069
0.322003
6.62517
0.322341
6.98815
0.322498
7.3707
0.322508
7.77501
0.322439
5.9475
0.322286
6.54195
0.322054
7.19338
0.321818
7.91208
0.321532
8.70104
0.321253
9.56855
0.3209
10.5231
0.320591
11.5706
0.320229
12.7281
0.319753
13.9895
0.319262
15.4005
0.318297
16.9074
18.656
0.199091
-0.214803
0.20072
-0.22572
0.221404
-0.234095
0.239834
-0.240231
0.256832
-0.244794
0.272961
-0.248666
0.288822
-0.252701
0.305274
-0.256967
0.322758
-0.261539
0.341208
-0.266218
0.360694
-0.271105
0.38125
-0.275992
0.402953
-0.281004
0.425879
-0.285926
0.450096
-0.290861
0.4757
-0.295591
0.502742
-0.300209
0.531281
-0.304518
0.561423
-0.308601
0.593274
-0.312296
0.626906
-0.315682
0.662439
-0.318637
0.699977
-0.321204
0.739606
-0.323322
0.781499
-0.325061
0.82573
-0.326361
0.87245
-0.327301
0.921799
-0.327866
0.973958
-0.328105
1.02883
-0.328045
1.08704
-0.327755
1.14829
-0.327248
1.21283
-0.326594
1.28121
-0.325818
1.35315
-0.324977
1.42905
-0.32411
1.50917
-0.32323
1.5936
-0.322394
1.68265
-0.321624
1.77642
-0.320952
1.87531
-0.320376
1.97957
-0.319913
2.0896
-0.319591
2.20541
-0.319414
2.32752
-0.319378
2.45629
-0.319494
2.59202
-0.31975
2.73495
-0.32015
2.88575
-0.32068
3.04454
-0.321331
3.21211
-0.322104
3.38861
-0.322949
3.57468
-0.323885
3.77088
-0.324882
3.97761
-0.325927
4.19581
-0.327001
4.42563
-0.328089
4.66812
-0.329178
4.92384
-0.330256
5.19346
-0.331323
5.47779
-0.33235
5.77777
-0.33333
6.09407
-0.334278
6.42764
-0.335173
6.77964
-0.336005
7.1506
-0.336758
7.54156
-0.337421
7.9549
-0.337859
6.24619
-0.338278
6.86829
-0.338685
7.5534
-0.339041
8.30815
-0.339401
9.13513
-0.339666
10.0469
-0.339901
11.0473
-0.33997
12.1514
-0.340141
13.357
-0.340019
14.694
-0.340156
16.1431
-0.339452
17.7681
19.5192
0.173475
0.184423
0.148432
0.178931
0.132138
0.178446
0.126534
0.188001
0.128975
0.207286
0.135804
0.233232
0.142938
0.262128
0.146961
0.290153
0.146423
0.314088
0.143258
0.333676
0.139935
0.351885
0.137365
0.371555
0.134908
0.393436
0.132196
0.417018
0.129065
0.441913
0.125767
0.468103
0.122403
0.495674
0.11927
0.524751
0.116474
0.555454
0.114229
0.587851
0.112562
0.622091
0.111593
0.658307
0.111316
0.696573
0.111824
0.737047
0.11314
0.779809
0.115361
0.825006
0.118505
0.872726
0.122606
0.923254
0.127589
0.976733
0.133366
1.03327
0.139788
1.09286
0.14678
1.1561
0.15425
1.22282
0.162201
1.29299
0.170576
1.36726
0.179344
1.4454
0.188413
1.52806
0.197726
1.61512
0.207177
1.7071
0.216705
1.80413
0.226205
1.90645
0.235616
2.01435
0.24484
2.12818
0.253833
2.24833
0.262495
2.37495
0.270782
2.5084
0.278648
2.6492
0.286059
2.79772
0.292967
2.9542
0.299368
3.11931
0.305227
3.29314
0.310556
3.47659
0.315341
3.66976
0.319603
3.87356
0.323348
4.08835
0.326604
4.31449
0.329404
4.55314
0.331757
4.80442
0.333694
5.06934
0.335272
5.34866
0.336523
5.64287
0.337449
5.95304
0.33812
6.28002
0.338568
6.62472
0.338792
6.98793
0.338854
7.37065
0.338777
7.77509
0.338653
5.94762
0.338432
6.54216
0.338169
7.19364
0.337858
7.91239
0.33752
8.70139
0.337188
9.56889
0.336789
10.5235
0.336426
11.571
0.336004
12.7285
0.335437
13.9901
0.334968
15.4009
0.333969
16.9084
18.6566
0.210351
-0.223343
0.214301
-0.233603
0.231925
-0.241573
0.2481
-0.247935
0.263382
-0.253167
0.278436
-0.258077
0.293871
-0.262777
0.310155
-0.267382
0.327439
-0.271721
0.345671
-0.275909
0.364915
-0.279812
0.385238
-0.283577
0.406726
-0.287087
0.42945
-0.290469
0.453475
-0.293626
0.478903
-0.296642
0.505749
-0.299457
0.53413
-0.30217
0.564125
-0.304681
0.595812
-0.307102
0.629314
-0.309367
0.664724
-0.311513
0.70211
-0.313522
0.74163
-0.315406
0.783372
-0.317157
0.827491
-0.318771
0.874055
-0.320253
0.923288
-0.321592
0.975288
-0.322805
1.03005
-0.323875
1.08811
-0.324825
1.14924
-0.325667
1.21367
-0.326417
1.28195
-0.327073
1.35381
-0.327662
1.42963
-0.32819
1.50969
-0.328699
1.59411
-0.329191
1.68314
-0.329688
1.77691
-0.330197
1.87582
-0.330738
1.98011
-0.331324
2.09018
-0.331952
2.20604
-0.332617
2.32818
-0.333358
2.45703
-0.334165
2.59282
-0.335028
2.73581
-0.335951
2.88667
-0.336931
3.04552
-0.337957
3.21313
-0.339038
3.38969
-0.340161
3.5758
-0.341311
3.77203
-0.342492
3.97879
-0.343668
4.19699
-0.344842
4.4268
-0.346002
4.66927
-0.347126
4.92496
-0.348228
5.19456
-0.34929
5.47885
-0.350304
5.77879
-0.351279
6.09505
-0.352174
6.42854
-0.353018
6.78049
-0.353791
7.15137
-0.354499
7.54227
-0.355095
7.95549
-0.355493
6.24659
-0.355876
6.86867
-0.356241
7.55376
-0.356577
8.30848
-0.356885
9.13544
-0.357094
10.0471
-0.357295
11.0475
-0.357296
12.1514
-0.357487
13.3572
-0.35726
14.6938
-0.357283
16.1431
-0.356466
17.7672
19.5196
0.19245
0.202583
0.169739
0.201866
0.148167
0.200252
0.134109
0.202241
0.130408
0.21118
0.135703
0.228063
0.146278
0.251697
0.157125
0.279392
0.163796
0.307526
0.164624
0.332907
0.161969
0.354619
0.159017
0.374543
0.157236
0.39527
0.156411
0.417864
0.156132
0.442225
0.156113
0.468133
0.156308
0.4955
0.156637
0.524426
0.157102
0.554999
0.157673
0.58728
0.15836
0.621409
0.159111
0.657551
0.159929
0.695755
0.160793
0.736175
0.161735
0.778864
0.162828
0.823902
0.164245
0.871305
0.166174
0.921311
0.168856
0.974045
0.172434
1.02968
0.176955
1.08834
0.182294
1.15074
0.188325
1.21678
0.194913
1.28638
0.202011
1.36016
0.209561
1.43783
0.217538
1.52008
0.225842
1.6068
0.234398
1.69854
0.243111
1.7954
0.251871
1.89769
0.260595
2.00561
0.269209
2.11956
0.277596
2.23994
0.285717
2.36683
0.293494
2.50062
0.300891
2.6418
0.307836
2.79076
0.314323
2.94773
0.320295
3.11333
0.325779
3.28766
0.330749
3.47161
0.335193
3.66532
0.339134
3.86961
0.342601
4.08488
0.345572
4.31151
0.348111
4.5506
0.35023
4.80229
0.351965
5.0676
0.353345
5.34727
0.354404
5.64182
0.355175
5.95227
0.355692
6.2795
0.35599
6.62443
0.35611
6.98781
0.35606
7.37071
0.355871
7.77528
0.355664
5.94782
0.355401
6.54241
0.355055
7.19398
0.354705
7.91274
0.354298
8.7018
0.353908
9.56929
0.353461
10.524
0.353007
11.5714
0.352527
12.729
0.351845
13.9908
0.351398
15.4014
0.350357
16.9094
18.6572
0.24553
-0.251928
0.220201
-0.257048
0.236773
-0.26109
0.251917
-0.26422
0.266241
-0.2669
0.280924
-0.269641
0.296389
-0.272361
0.31275
-0.275132
0.330056
-0.277805
0.348279
-0.280484
0.367506
-0.283071
0.387815
-0.285672
0.409286
-0.288195
0.431984
-0.290712
0.455977
-0.293125
0.481332
-0.295502
0.508122
-0.297793
0.536435
-0.300026
0.566359
-0.302191
0.597986
-0.304277
0.631402
-0.306307
0.666758
-0.308283
0.704087
-0.31021
0.743558
-0.312098
0.78526
-0.313955
0.829347
-0.3158
0.875898
-0.317609
0.925096
-0.31942
0.977095
-0.32122
1.03185
-0.323031
1.08991
-0.324813
1.15102
-0.326606
1.21545
-0.328385
1.28373
-0.330162
1.35558
-0.331919
1.43139
-0.333668
1.51143
-0.33539
1.59583
-0.3371
1.68484
-0.338778
1.77859
-0.340439
1.87747
-0.342066
1.98174
-0.343676
2.09179
-0.345252
2.20762
-0.346812
2.32974
-0.348342
2.45856
-0.349856
2.59433
-0.351346
2.7373
-0.352816
2.88814
-0.354271
3.04697
-0.355716
3.21458
-0.357123
3.39109
-0.358517
3.57719
-0.359899
3.77341
-0.361228
3.98012
-0.362534
4.1983
-0.3638
4.42806
-0.36502
4.67049
-0.3662
4.92614
-0.367301
5.19566
-0.368351
5.4799
-0.369336
5.77977
-0.370254
6.09597
-0.371115
6.4294
-0.37188
6.78125
-0.372582
7.15207
-0.373205
7.54289
-0.373743
7.95603
-0.374092
6.24693
-0.374427
6.869
-0.37475
7.55408
-0.375042
8.30877
-0.375297
9.1357
-0.375452
10.0473
-0.37558
11.0476
-0.375563
12.1514
-0.375715
13.3574
-0.375376
14.6934
-0.375256
16.143
-0.374387
17.7663
19.52
0.238351
0.20963
0.228092
0.211932
0.215785
0.212486
0.20444
0.213432
0.197884
0.217702
0.19793
0.227899
0.204329
0.24529
0.214207
0.269425
0.223459
0.298282
0.227666
0.328631
0.225632
0.356671
0.219555
0.380569
0.212728
0.402116
0.206586
0.42397
0.201563
0.447269
0.197531
0.472138
0.194585
0.498462
0.192571
0.52642
0.191366
0.556216
0.190688
0.58794
0.190484
0.621618
0.190723
0.657299
0.191458
0.69502
0.192695
0.734926
0.194406
0.777149
0.196469
0.821826
0.198755
0.869012
0.201151
0.918902
0.203697
0.97149
0.206614
1.02675
0.21024
1.0847
0.214825
1.14615
0.220381
1.21121
0.226734
1.28002
0.23366
1.35322
0.241002
1.43048
0.248672
1.5124
0.256602
1.59887
0.264729
1.69041
0.272938
1.78719
0.281164
1.88946
0.289309
1.99746
0.297296
2.11158
0.305047
2.23218
0.312504
2.35937
0.319611
2.49351
0.326322
2.63508
0.332615
2.78448
0.338443
2.94189
0.343813
3.10797
0.34869
3.28278
0.353097
3.46721
0.357016
3.66139
0.360476
3.86616
0.363477
4.08188
0.366062
4.30893
0.368211
4.54844
0.369992
4.80051
0.371428
5.06616
0.372533
5.34617
0.373333
5.64102
0.373881
5.95172
0.374201
6.27918
0.374323
6.62431
0.374278
6.98787
0.374092
7.3709
0.373795
7.77557
0.373507
5.9481
0.373158
6.54275
0.372754
7.19437
0.372322
7.91317
0.37186
8.70227
0.371385
9.56977
0.37088
10.5245
0.370342
11.572
0.369802
12.7296
0.369026
13.9916
0.368583
15.4018
0.367546
16.9104
18.6579
0.283413
-0.282776
0.219348
-0.282402
0.236269
-0.282291
0.251697
-0.28203
0.265884
-0.281635
0.280451
-0.28136
0.296048
-0.281225
0.312561
-0.281193
0.329993
-0.281311
0.348351
-0.281583
0.367744
-0.282032
0.388217
-0.282673
0.409894
-0.2835
0.432767
-0.284505
0.456955
-0.285708
0.482497
-0.287078
0.509474
-0.288655
0.53798
-0.290379
0.568072
-0.292303
0.599884
-0.294375
0.63347
-0.296623
0.668984
-0.298997
0.706461
-0.301524
0.746066
-0.304152
0.78789
-0.306907
0.832084
-0.309734
0.87873
-0.312662
0.928007
-0.315636
0.980074
-0.318682
1.03488
-0.32175
1.09299
-0.324866
1.15412
-0.327978
1.21857
-0.331113
1.28686
-0.334222
1.35869
-0.337327
1.43449
-0.340382
1.5145
-0.343407
1.59884
-0.346358
1.6878
-0.349264
1.78148
-0.352056
1.88027
-0.354785
1.98446
-0.357403
2.09441
-0.359936
2.21014
-0.362353
2.33216
-0.364674
2.46087
-0.366885
2.59655
-0.368993
2.73941
-0.371005
2.89015
-0.372919
3.04889
-0.374746
3.21641
-0.376485
3.39283
-0.378142
3.57885
-0.379715
3.77499
-0.381212
3.98162
-0.382629
4.19971
-0.38397
4.4294
-0.385232
4.67175
-0.386417
4.92732
-0.387518
5.19676
-0.388539
5.48092
-0.389476
5.78071
-0.390333
6.09682
-0.391108
6.43018
-0.391804
6.78195
-0.39242
7.15269
-0.392956
7.54342
-0.393418
7.9565
-0.393694
6.24721
-0.393982
6.86929
-0.394237
7.55433
-0.39447
8.309
-0.39466
9.13588
-0.39474
10.0474
-0.394825
11.0477
-0.39477
12.1514
-0.394855
13.3574
-0.394405
14.693
-0.394133
16.1427
-0.393242
17.7654
19.5203
0.283481
0.209461
0.282418
0.212935
0.279097
0.215732
0.273421
0.21907
0.266394
0.224668
0.259995
0.234275
0.256069
0.249166
0.25576
0.269719
0.258604
0.295397
0.262654
0.324572
0.264933
0.354355
0.263849
0.381649
0.259913
0.406023
0.254406
0.429478
0.248012
0.453641
0.241241
0.478915
0.234465
0.505221
0.2281
0.532794
0.22232
0.561984
0.217222
0.593051
0.212813
0.626019
0.209315
0.660812
0.206961
0.697368
0.206107
0.735799
0.206966
0.776285
0.209712
0.819103
0.214186
0.864535
0.220025
0.913088
0.226518
0.964996
0.233044
1.02025
0.239236
1.07851
0.245331
1.14008
0.251733
1.20481
0.258786
1.27299
0.26642
1.34559
0.274447
1.42248
0.2826
1.50425
0.290779
1.59071
0.298881
1.68231
0.306885
1.7792
0.314706
1.88164
0.322323
1.98986
0.329628
2.10427
0.336625
2.2252
0.343251
2.35275
0.349484
2.48728
0.355308
2.62927
0.360687
2.7791
0.365637
2.93696
0.370128
3.10347
0.374198
3.27872
0.377799
3.4636
0.380995
3.65821
0.383769
3.86337
0.386155
4.0795
0.388157
4.30692
0.38981
4.54679
0.391127
4.79919
0.392147
5.06515
0.392883
5.34543
0.393371
5.64053
0.393647
5.95144
0.393705
6.27912
0.393609
6.62441
0.393374
6.98811
0.393024
7.37125
0.392583
7.77601
0.392202
5.94847
0.391765
6.54318
0.391278
7.19485
0.390766
7.91369
0.390227
8.70282
0.389678
9.57033
0.389103
10.5251
0.388489
11.5726
0.387869
12.7302
0.38704
13.9924
0.386564
15.4023
0.385552
16.9114
18.6587
0.254017
-0.253591
0.218924
-0.253097
0.235836
-0.252959
0.251579
-0.252946
0.265974
-0.252953
0.28052
-0.253046
0.296237
-0.253402
0.31294
-0.253921
0.330565
-0.254725
0.349144
-0.255723
0.368757
-0.257026
0.389488
-0.258536
0.411391
-0.260318
0.434515
-0.262312
0.45892
-0.264545
0.4847
-0.267025
0.511916
-0.269703
0.540639
-0.272639
0.570966
-0.275767
0.603001
-0.27915
0.63681
-0.282687
0.672518
-0.286466
0.7102
-0.290388
0.749992
-0.294528
0.791994
-0.298763
0.836327
-0.303179
0.883114
-0.307666
0.932506
-0.312282
0.984662
-0.316923
1.03953
-0.321642
1.09768
-0.326349
1.15884
-0.331074
1.22328
-0.335725
1.29152
-0.340362
1.36331
-0.344894
1.43903
-0.34936
1.51895
-0.353697
1.60319
-0.35792
1.69201
-0.361966
1.78554
-0.365889
1.88418
-0.369624
1.9882
-0.373206
2.09798
-0.376591
2.21353
-0.379816
2.33538
-0.382837
2.4639
-0.385666
2.59938
-0.388327
2.74207
-0.390814
2.89264
-0.393138
3.05121
-0.395302
3.21857
-0.397329
3.39486
-0.399203
3.58072
-0.400934
3.77672
-0.402549
3.98323
-0.404047
4.20121
-0.40543
4.43078
-0.406708
4.67303
-0.407877
4.92849
-0.408957
5.19783
-0.409923
5.48189
-0.410781
5.78157
-0.411556
6.0976
-0.412241
6.43086
-0.412851
6.78255
-0.413367
7.1532
-0.413789
7.54385
-0.414138
7.95685
-0.414362
6.24744
-0.414555
6.86948
-0.414748
7.55452
-0.414918
8.30917
-0.41503
9.136
-0.415029
10.0474
-0.415054
11.0477
-0.414944
12.1513
-0.414953
13.3575
-0.414363
14.6924
-0.413982
16.1423
-0.413024
17.7644
19.5206
0.251985
0.211473
0.248708
0.216195
0.243446
0.220967
0.235671
0.226823
0.225512
0.234802
0.213957
0.245807
0.202798
0.260306
0.194177
0.278316
0.19003
0.299526
0.191249
0.323325
0.197005
0.348584
0.204878
0.373744
0.212646
0.398242
0.21917
0.422917
0.223988
0.448814
0.226664
0.476201
0.227125
0.504757
0.225682
0.534199
0.223178
0.56449
0.220369
0.595825
0.217941
0.628457
0.216115
0.662607
0.215126
0.69837
0.21501
0.735889
0.216077
0.775237
0.218634
0.816524
0.223287
0.859904
0.230446
0.905912
0.240277
0.95519
0.252041
1.00847
0.264436
1.06614
0.276018
1.12849
0.286301
1.19456
0.295556
1.26373
0.304484
1.33669
0.313341
1.41362
0.322137
1.49548
0.330641
1.5822
0.338778
1.67419
0.346465
1.77151
0.353749
1.87438
0.360564
1.98304
0.366963
2.09788
0.372921
2.21924
0.378424
2.34725
0.38349
2.48223
0.388095
2.62467
0.39229
2.77492
0.396052
2.93319
0.399431
3.1001
0.402386
3.27576
0.40499
3.46101
0.407237
3.65595
0.409145
3.86147
0.410711
4.07792
0.411996
4.30564
0.412989
4.54579
0.413731
4.79845
0.414225
5.06464
0.41451
5.34515
0.414595
5.64044
0.414506
5.95153
0.414281
6.27935
0.413909
6.62479
0.413445
6.98858
0.412897
7.37181
0.412296
7.77661
0.411794
5.94896
0.411254
6.54371
0.410671
7.19543
0.410067
7.91429
0.409453
8.70345
0.408812
9.57098
0.408164
10.5257
0.407475
11.5733
0.406796
12.7309
0.405907
13.9933
0.405404
15.4028
0.404407
16.9124
18.6595
0.160371
-0.166031
0.224599
-0.170691
0.240425
-0.174808
0.255571
-0.178937
0.269917
-0.183164
0.284532
-0.187491
0.300365
-0.191977
0.317198
-0.196549
0.334969
-0.201322
0.353709
-0.206171
0.373491
-0.211249
0.394387
-0.216379
0.41645
-0.22174
0.439726
-0.227138
0.464283
-0.232773
0.490211
-0.23844
0.517572
-0.244337
0.546433
-0.250257
0.57689
-0.256384
0.609042
-0.262517
0.642959
-0.26883
0.678759
-0.27513
0.716522
-0.281575
0.756377
-0.287986
0.79843
-0.294505
0.842795
-0.300966
0.8896
-0.307492
0.93899
-0.313934
0.99113
-0.320397
1.04596
-0.326747
1.10405
-0.333072
1.16514
-0.33925
1.22948
-0.345359
1.29761
-0.351288
1.36926
-0.357102
1.44483
-0.362706
1.52457
-0.368156
1.60863
-0.373371
1.69724
-0.378398
1.79056
-0.383168
1.88897
-0.387729
1.99275
-0.392023
2.10229
-0.396087
2.21759
-0.399888
2.33918
-0.403443
2.46746
-0.406751
2.60269
-0.409819
2.74514
-0.412655
2.89548
-0.41527
3.05382
-0.417672
3.22097
-0.419872
3.39706
-0.421886
3.58273
-0.423725
3.77855
-0.4254
3.98491
-0.426921
4.20273
-0.428302
4.43216
-0.429547
4.67427
-0.430668
4.92961
-0.431664
5.19883
-0.432547
5.48277
-0.43332
5.78235
-0.433991
6.09827
-0.434565
6.43143
-0.435048
6.78304
-0.435446
7.1536
-0.435761
7.54416
-0.43599
7.95708
-0.436115
6.24756
-0.436234
6.8696
-0.436349
7.55463
-0.436405
8.30922
-0.436427
9.13602
-0.436357
10.0473
-0.436309
11.0477
-0.436116
12.1511
-0.436013
13.3574
-0.435298
14.6917
-0.434817
16.1418
-0.433824
17.7634
19.5209
0.151438
0.220376
0.140586
0.227107
0.127605
0.233918
0.112861
0.24162
0.0967072
0.250912
0.0802189
0.262334
0.0644433
0.276025
0.051006
0.291783
0.0412086
0.309259
0.0364771
0.328081
0.0371162
0.347876
0.0427149
0.368165
0.0520016
0.388884
0.0643793
0.410556
0.0792014
0.433915
0.0960216
0.459398
0.113762
0.486935
0.131803
0.516175
0.149544
0.546669
0.167359
0.578031
0.185387
0.610357
0.203636
0.644378
0.221366
0.680577
0.237901
0.719374
0.252179
0.760905
0.263672
0.805048
0.272206
0.851323
0.278815
0.899318
0.285234
0.948731
0.293682
1.00003
0.305195
1.05459
0.319033
1.11466
0.332921
1.18064
0.345158
1.2515
0.355383
1.32644
0.364302
1.40471
0.372509
1.48726
0.380257
1.57446
0.38745
1.66699
0.394048
1.76492
0.400012
1.8684
0.40541
1.97765
0.410261
2.09303
0.414612
2.21489
0.418495
2.34338
0.421921
2.4788
0.42494
2.62166
0.427556
2.7723
0.429822
2.93093
0.431742
3.09818
0.433365
3.27414
0.434692
3.45968
0.435768
3.65488
0.436591
3.86064
0.437201
4.07732
0.437593
4.30524
0.437807
4.54558
0.437835
4.79841
0.437718
5.06477
0.437449
5.34541
0.437066
5.64082
0.436548
5.95205
0.435949
6.27995
0.435275
6.62546
0.434543
6.98932
0.433764
7.37259
0.432953
7.77742
0.432335
5.94957
0.431676
6.54435
0.430982
7.19612
0.430274
7.91501
0.429554
8.70418
0.428836
9.57171
0.428113
10.5264
0.427347
11.5741
0.426601
12.7316
0.425677
13.9942
0.425167
15.4033
0.424129
16.9134
18.6603
0.106684
-0.115886
0.23255
-0.123303
0.247122
-0.129915
0.26156
-0.136664
0.275956
-0.143569
0.290979
-0.150877
0.307108
-0.158114
0.324148
-0.165691
0.342116
-0.173169
0.36103
-0.180975
0.380973
-0.188665
0.402005
-0.196646
0.424185
-0.204503
0.447565
-0.212623
0.472213
-0.220631
0.498233
-0.228863
0.525655
-0.236986
0.554585
-0.245311
0.585096
-0.253502
0.617271
-0.261853
0.651214
-0.270082
0.687027
-0.278408
0.724769
-0.286587
0.764596
-0.294813
0.806591
-0.302888
0.850906
-0.310951
0.897608
-0.318838
0.946912
-0.326675
0.998921
-0.334298
1.05361
-0.341825
1.11154
-0.349125
1.17247
-0.356298
1.23662
-0.363226
1.30456
-0.369984
1.37599
-0.376469
1.45133
-0.382762
1.53084
-0.388758
1.61464
-0.394545
1.70301
-0.400031
1.79606
-0.405288
1.89421
-0.410227
1.99771
-0.414908
2.10696
-0.419284
2.22197
-0.423371
2.34327
-0.427177
2.47127
-0.430716
2.60623
-0.433968
2.7484
-0.436955
2.89846
-0.439684
3.05655
-0.442156
3.22344
-0.444408
3.39931
-0.446443
3.58477
-0.448274
3.78038
-0.449928
3.98656
-0.451398
4.2042
-0.452703
4.43347
-0.453861
4.67542
-0.454862
4.93061
-0.455745
5.19972
-0.456503
5.48353
-0.457158
5.783
-0.457693
6.09881
-0.458119
6.43186
-0.458464
6.78338
-0.458724
7.15385
-0.458912
7.54435
-0.458993
7.95716
-0.459019
6.24759
-0.459035
6.86961
-0.459034
7.55462
-0.458995
8.30917
-0.458912
9.13593
-0.458748
10.0471
-0.458617
11.0476
-0.45832
12.1508
-0.458083
13.3571
-0.457254
14.6909
-0.456686
16.1413
-0.455662
17.7623
19.5211
0.0965473
0.230119
0.0841266
0.239079
0.0697492
0.248066
0.0534931
0.257526
0.0364303
0.26785
0.0190994
0.279384
0.00274895
0.292317
-0.0123868
0.306689
-0.0254777
0.322334
-0.0365855
0.338997
-0.0451224
0.356426
-0.0513454
0.37423
-0.0546369
0.392202
-0.0546161
0.410404
-0.0498368
0.429169
-0.0394727
0.448922
-0.0224815
0.469976
0.00105155
0.492542
0.0311006
0.516656
0.0668317
0.542212
0.107657
0.569567
0.152129
0.599832
0.198764
0.633977
0.245153
0.672923
0.288854
0.717235
0.326873
0.766977
0.356806
0.821419
0.37688
0.879199
0.387437
0.938198
0.391036
0.996397
0.392561
1.05309
0.396545
1.11064
0.404651
1.17255
0.414857
1.24127
0.424405
1.31691
0.431961
1.39713
0.437913
1.48132
0.442929
1.56942
0.447422
1.66251
0.451409
1.76092
0.454845
1.86497
0.457742
1.97475
0.460166
2.0906
0.462137
2.21293
0.463715
2.3418
0.464951
2.47758
0.465869
2.62074
0.466504
2.77167
0.466882
2.93055
0.467046
3.09802
0.467023
3.27416
0.466861
3.45984
0.466528
3.65521
0.466099
3.86108
0.465565
4.07784
0.464932
4.30588
0.464227
4.54628
0.463455
4.7992
0.462598
5.06562
0.461703
5.34631
0.460755
5.64176
0.45977
5.95303
0.458755
6.28096
0.457737
6.62649
0.456698
6.99036
0.455657
7.37363
0.454609
7.77846
0.453859
5.95031
0.453065
6.54513
0.452247
7.19693
0.451422
7.91583
0.450587
8.70502
0.449784
9.57252
0.448984
10.5273
0.448143
11.5749
0.447341
12.7324
0.446389
13.9952
0.445836
15.4038
0.444785
16.9144
18.6612
0.168955
-0.17267
0.235981
-0.175833
0.250144
-0.179107
0.264669
-0.182914
0.279662
-0.187526
0.29544
-0.192601
0.312115
-0.198199
0.329607
-0.204114
0.347991
-0.210489
0.367275
-0.217088
0.387551
-0.224057
0.408852
-0.231165
0.431286
-0.238573
0.454859
-0.246051
0.479695
-0.25377
0.505848
-0.261498
0.533394
-0.269432
0.562424
-0.27731
0.592993
-0.285355
0.625231
-0.29331
0.659191
-0.301383
0.695024
-0.309349
0.732762
-0.317386
0.772565
-0.325291
0.814523
-0.333224
0.85878
-0.341005
0.905417
-0.348756
0.954612
-0.356328
1.00652
-0.363843
1.06108
-0.371151
1.11888
-0.378344
1.17962
-0.385315
1.24361
-0.39213
1.31134
-0.398692
1.38258
-0.405084
1.4577
-0.411198
1.53698
-0.417111
1.62053
-0.422742
1.70866
-0.428141
1.80144
-0.433229
1.89931
-0.438083
2.00254
-0.442634
2.11152
-0.446918
2.22625
-0.450908
2.34726
-0.454622
2.47498
-0.458049
2.60965
-0.461206
2.75154
-0.464086
2.90134
-0.466707
3.05917
-0.469084
3.22582
-0.471204
3.40142
-0.473117
3.58668
-0.47481
3.78207
-0.476295
3.98804
-0.477608
4.20551
-0.478756
4.43461
-0.479743
4.67641
-0.480599
4.93146
-0.481308
5.20043
-0.481881
5.4841
-0.48235
5.78347
-0.482714
6.09917
-0.482993
6.43214
-0.483162
6.78354
-0.48326
7.15395
-0.483278
7.54436
-0.483224
7.9571
-0.483136
6.2475
-0.483037
6.86951
-0.482904
7.55448
-0.482743
8.30901
-0.48254
9.13573
-0.482276
10.0469
-0.482007
11.0473
-0.481578
12.1503
-0.481216
13.3568
-0.48026
14.6899
-0.479645
16.1406
-0.478608
17.7612
19.5213
0.166076
0.232854
0.161657
0.243448
0.155266
0.254338
0.147181
0.265589
0.137567
0.277353
0.127158
0.289783
0.116314
0.303054
0.105669
0.317332
0.0952099
0.332691
0.0851413
0.349072
0.0750707
0.366401
0.0649143
0.384398
0.0542703
0.402758
0.0435633
0.421128
0.0334608
0.439192
0.025691
0.456711
0.0220817
0.473515
0.0249316
0.489714
0.0359499
0.505575
0.056571
0.521612
0.0872345
0.538847
0.128212
0.558878
0.178554
0.583585
0.236489
0.615013
0.29873
0.654951
0.361206
0.704527
0.418868
0.76372
0.466756
0.831337
0.500399
0.904523
0.517724
0.979099
0.520359
1.05042
0.514679
1.11635
0.508847
1.17836
0.5078
1.24234
0.510685
1.314
0.514349
1.39349
0.516698
1.47895
0.517727
1.56842
0.518004
1.66221
0.517953
1.76099
0.517638
1.86528
0.517034
1.97536
0.516137
2.09151
0.514996
2.21407
0.51366
2.34314
0.512143
2.47909
0.510501
2.62239
0.508745
2.77342
0.506926
2.93237
0.505049
3.09989
0.503168
3.27604
0.501254
3.46175
0.499388
3.65708
0.497526
3.86293
0.495702
4.07967
0.493929
4.30764
0.492195
4.54802
0.490506
4.80088
0.488882
5.06725
0.487281
5.3479
0.485714
5.64333
0.484205
5.95452
0.482723
6.28244
0.481296
6.62791
0.479919
6.99174
0.478586
7.37496
0.477314
7.77973
0.476383
5.95123
0.475442
6.54606
0.474486
7.19787
0.473536
7.91679
0.47261
8.70596
0.471684
9.57346
0.4708
10.5281
0.469887
11.5758
0.469056
12.7333
0.468063
13.9962
0.467496
15.4044
0.466423
16.9155
18.6621
0.317587
-0.315307
0.233933
-0.313233
0.248151
-0.311584
0.263034
-0.31052
0.278613
-0.310127
0.295007
-0.310238
0.312205
-0.310921
0.330237
-0.31212
0.349152
-0.313862
0.368963
-0.316081
0.389724
-0.318782
0.411509
-0.321914
0.434368
-0.325449
0.45836
-0.329357
0.483551
-0.333575
0.510043
-0.338127
0.537892
-0.342885
0.567168
-0.347916
0.59797
-0.353096
0.630405
-0.358498
0.664539
-0.36397
0.700497
-0.369628
0.738367
-0.375302
0.778247
-0.381122
0.820292
-0.386913
0.864583
-0.392801
0.911259
-0.39864
0.960465
-0.404529
1.01237
-0.410331
1.0669
-0.416145
1.12465
-0.421848
1.18534
-0.427501
1.24923
-0.433012
1.31687
-0.438454
1.38799
-0.443715
1.46298
-0.448868
1.5421
-0.453823
1.62551
-0.458617
1.71343
-0.463193
1.80603
-0.467596
1.9037
-0.471755
2.00671
-0.475709
2.11546
-0.479415
2.22996
-0.482907
2.35074
-0.486134
2.4782
-0.489118
2.61262
-0.491856
2.75428
-0.494359
2.90383
-0.496617
3.06142
-0.498653
3.22784
-0.50047
3.40324
-0.50206
3.58826
-0.503461
3.78347
-0.504677
3.98926
-0.505721
4.20655
-0.506604
4.43549
-0.507339
4.67715
-0.507934
4.93206
-0.508404
5.20089
-0.508768
5.48447
-0.509003
5.7837
-0.509151
6.09932
-0.509213
6.43219
-0.509205
6.78353
-0.509113
7.15385
-0.508936
7.54419
-0.508693
7.95686
-0.508478
6.24728
-0.508248
6.86928
-0.508002
7.55423
-0.507706
8.30871
-0.507367
9.13539
-0.506951
10.0465
-0.506552
11.0469
-0.505975
12.1498
-0.505473
13.3563
-0.504398
14.6889
-0.503742
16.14
-0.50268
17.7601
19.5215
0.321956
0.228622
0.325503
0.239994
0.327978
0.251956
0.329219
0.264407
0.329271
0.277361
0.328236
0.29085
0.326413
0.304912
0.324057
0.319699
0.3215
0.335268
0.318841
0.351724
0.316091
0.369163
0.312949
0.387524
0.308953
0.406761
0.303419
0.426638
0.295855
0.446762
0.286011
0.466526
0.274381
0.485151
0.262036
0.502028
0.250846
0.516771
0.243066
0.529359
0.241467
0.540454
0.24885
0.551461
0.267847
0.564598
0.299906
0.582918
0.344997
0.609873
0.400722
0.648768
0.462705
0.701752
0.524775
0.769235
0.57998
0.849335
0.621213
0.937837
0.64333
1.02832
0.645695
1.11395
0.634633
1.18944
0.620586
1.25637
0.611022
1.32359
0.606252
1.39824
0.603215
1.48201
0.599603
1.57201
0.59519
1.66664
0.590408
1.76576
0.585636
1.87006
0.580913
1.98009
0.576207
2.09622
0.571544
2.21874
0.566902
2.34778
0.562336
2.48366
0.557845
2.62687
0.553488
2.77778
0.549257
2.9366
0.54519
3.10396
0.54126
3.27997
0.537522
3.46549
0.533959
3.66064
0.530593
3.8663
0.527403
4.08285
0.524411
4.31064
0.521587
4.55084
0.518943
4.80353
0.516448
5.06974
0.514105
5.35025
0.511901
5.64552
0.509808
5.95662
0.507853
6.28438
0.505993
6.62977
0.504248
6.99348
0.502605
7.37661
0.501055
7.78128
0.499966
5.95231
0.498865
6.54714
0.497776
7.19895
0.49668
7.91789
0.495626
8.70702
0.494601
9.57449
0.493633
10.5291
0.492649
11.5768
0.491791
12.7341
0.490763
13.9972
0.49018
15.405
0.489089
16.9165
18.6629
0.481847
-0.477763
0.229968
-0.473618
0.244049
-0.469421
0.258902
-0.465352
0.274568
-0.461395
0.291099
-0.457697
0.308513
-0.454226
0.326801
-0.451117
0.346037
-0.448342
0.36621
-0.446015
0.387384
-0.444093
0.409598
-0.442636
0.432897
-0.441609
0.457334
-0.441047
0.482973
-0.440895
0.509881
-0.441148
0.538132
-0.441799
0.567803
-0.44282
0.598978
-0.444181
0.631742
-0.445828
0.666178
-0.447797
0.702438
-0.449983
0.740549
-0.452447
0.780679
-0.45507
0.822913
-0.457927
0.867408
-0.460901
0.914235
-0.464049
0.96358
-0.467277
1.0156
-0.470637
1.07023
-0.474036
1.12806
-0.477517
1.1888
-0.481009
1.25274
-0.484565
1.3204
-0.488074
1.39151
-0.491597
1.46648
-0.495051
1.54557
-0.498467
1.62891
-0.501793
1.71677
-0.505051
1.80928
-0.508193
1.90685
-0.511217
2.00973
-0.514087
2.11834
-0.516823
2.23269
-0.519372
2.3533
-0.521778
2.4806
-0.524001
2.61485
-0.526041
2.75631
-0.527882
2.90567
-0.529549
3.06308
-0.531018
3.22931
-0.532304
3.40452
-0.533421
3.58938
-0.534388
3.78443
-0.535185
3.99005
-0.535839
4.2072
-0.536352
4.436
-0.536736
4.67753
-0.537003
4.93233
-0.537149
5.20104
-0.537209
5.48452
-0.537187
5.78368
-0.537075
6.0992
-0.536885
6.43201
-0.536622
6.78327
-0.536307
7.15354
-0.535943
7.54382
-0.535487
7.95641
-0.535128
6.24692
-0.534751
6.8689
-0.534346
7.55382
-0.5339
8.30826
-0.533414
9.1349
-0.532873
10.0459
-0.532315
11.0464
-0.531571
12.149
-0.530889
13.3556
-0.529726
14.6877
-0.529014
16.1392
-0.527826
17.7589
19.5217
0.487785
0.222712
0.493498
0.234294
0.498857
0.246607
0.503766
0.259492
0.508152
0.272975
0.511968
0.287021
0.515254
0.301622
0.518201
0.316738
0.521037
0.332424
0.524068
0.348679
0.527545
0.365676
0.531558
0.3835
0.536016
0.40229
0.540512
0.422133
0.54432
0.442938
0.546372
0.464468
0.545517
0.485987
0.540841
0.506699
0.531951
0.52564
0.519309
0.541998
0.504341
0.555399
0.489645
0.566156
0.478759
0.575459
0.475921
0.585758
0.484894
0.600872
0.508064
0.625603
0.5451
0.664689
0.592852
0.721487
0.645546
0.796616
0.695681
0.88771
0.734734
0.98925
0.755328
1.09337
0.754734
1.19001
0.738775
1.27233
0.718754
1.34359
0.702868
1.41413
0.691791
1.49307
0.682724
1.58109
0.673638
1.67571
0.664289
1.77511
0.655024
1.87933
0.646092
1.98902
0.637533
2.10478
0.629261
2.22701
0.621319
2.35572
0.613694
2.49128
0.606416
2.63415
0.599456
2.78473
0.592836
2.94321
0.586549
3.11024
0.580624
3.28589
0.575056
3.47105
0.569815
3.66588
0.564921
3.87119
0.560382
4.08739
0.556148
4.31487
0.552233
4.55476
0.548599
4.80716
0.545233
5.07312
0.542128
5.35335
0.539239
5.64842
0.536578
5.95927
0.534098
6.28687
0.531817
6.63205
0.529697
6.99561
0.527728
7.37858
0.52589
7.78311
0.524635
5.95355
0.523369
6.54839
0.522106
7.2002
0.520896
7.9191
0.519707
8.70822
0.518585
9.57563
0.517528
10.5302
0.516474
11.5779
0.515559
12.735
0.514528
13.9982
0.513901
15.4056
0.512792
16.9176
18.6638
0.618781
-0.615413
0.226777
-0.611724
0.240452
-0.607685
0.254953
-0.603357
0.270312
-0.598787
0.286604
-0.594028
0.303805
-0.58916
0.321991
-0.584275
0.341185
-0.579422
0.3614
-0.574681
0.38266
-0.570088
0.405034
-0.565729
0.428547
-0.561621
0.453244
-0.557813
0.479168
-0.554332
0.506409
-0.551212
0.535011
-0.54843
0.565022
-0.545994
0.59654
-0.543925
0.629667
-0.542205
0.664456
-0.540806
0.701027
-0.539725
0.739467
-0.538964
0.7799
-0.53848
0.822431
-0.538264
0.86717
-0.53828
0.914257
-0.538554
0.96383
-0.539008
1.01606
-0.539682
1.07088
-0.540495
1.12889
-0.541505
1.18978
-0.542604
1.25385
-0.543843
1.32162
-0.545156
1.39284
-0.546586
1.46789
-0.548043
1.54704
-0.549595
1.63044
-0.551132
1.71832
-0.552711
1.81084
-0.554246
1.90839
-0.555778
2.01126
-0.557269
2.11984
-0.558695
2.23413
-0.560079
2.35468
-0.561353
2.48188
-0.562535
2.61602
-0.563606
2.75739
-0.564581
2.90664
-0.56542
3.06392
-0.56615
3.23003
-0.566758
3.40512
-0.567243
3.58985
-0.567592
3.78478
-0.567849
3.99029
-0.56799
4.20734
-0.568029
4.43604
-0.567973
4.67747
-0.56783
4.93218
-0.567618
5.20083
-0.567306
5.48422
-0.566943
5.78332
-0.566515
6.09878
-0.566038
6.43152
-0.565521
6.78275
-0.564953
7.15297
-0.564323
7.54319
-0.563666
7.95575
-0.563145
6.2464
-0.562609
6.86835
-0.562026
7.55323
-0.56143
8.30765
-0.560782
9.13425
-0.560059
10.0452
-0.559325
11.0456
-0.558433
12.1481
-0.557552
13.3547
-0.5563
14.6865
-0.555527
16.1385
-0.554377
17.7577
19.5218
0.62322
0.218345
0.627614
0.229946
0.63199
0.242275
0.63626
0.255244
0.640387
0.268876
0.644235
0.283179
0.647817
0.298054
0.651122
0.313433
0.654421
0.32913
0.657978
0.345118
0.662189
0.361463
0.667465
0.378219
0.674119
0.39563
0.682331
0.413915
0.691934
0.433325
0.702429
0.45397
0.71275
0.475652
0.721484
0.497963
0.72696
0.520147
0.7278
0.541159
0.723115
0.560065
0.7131
0.576174
0.699108
0.589429
0.68399
0.60088
0.671854
0.612985
0.667412
0.630051
0.674369
0.657709
0.694295
0.701569
0.725662
0.765226
0.764169
0.849213
0.802894
0.950504
0.833284
1.06299
0.847014
1.17627
0.840692
1.27867
0.820111
1.36415
0.79647
1.43778
0.776842
1.51268
0.76149
1.59644
0.747911
1.68928
0.734669
1.78835
0.721608
1.89237
0.708996
2.00163
0.69695
2.11682
0.685505
2.23845
0.674626
2.36659
0.664277
2.50162
0.654447
2.64398
0.645151
2.79402
0.636381
2.95198
0.628132
3.11848
0.620376
3.29364
0.613104
3.47832
0.606339
3.67263
0.600038
3.87748
0.594186
4.09324
0.588799
4.32026
0.583828
4.55973
0.579266
4.81174
0.575072
5.07731
0.571209
5.35722
0.567666
5.65195
0.564429
5.96251
0.561462
6.28982
0.558729
6.63479
0.556228
6.9981
0.553937
7.38087
0.551841
7.7852
0.550385
5.95498
0.548954
6.5498
0.547553
7.20159
0.546193
7.92046
0.544906
8.70952
0.543652
9.57689
0.542508
10.5313
0.541385
11.579
0.540459
12.736
0.539381
13.9993
0.538746
15.4062
0.537658
16.9186
18.6645
0.725749
-0.72384
0.224814
-0.721478
0.238049
-0.718646
0.252108
-0.715439
0.267069
-0.711764
0.282921
-0.707754
0.299764
-0.703355
0.317589
-0.698674
0.336478
-0.693705
0.35643
-0.688579
0.37751
-0.683296
0.399754
-0.677967
0.423196
-0.672605
0.447885
-0.667312
0.473855
-0.662107
0.501208
-0.657044
0.529928
-0.652151
0.560133
-0.647508
0.591877
-0.643052
0.625215
-0.638888
0.660271
-0.634977
0.69712
-0.631352
0.73582
-0.627976
0.776527
-0.624887
0.819319
-0.622063
0.86435
-0.619503
0.911673
-0.617191
0.961523
-0.615138
1.01398
-0.613287
1.06904
-0.611672
1.12725
-0.610246
1.18837
-0.609043
1.25262
-0.608001
1.32059
-0.607142
1.39196
-0.606408
1.46717
-0.60584
1.54646
-0.605356
1.62997
-0.605021
1.71797
-0.604755
1.81059
-0.604605
1.90823
-0.604484
2.01115
-0.604432
2.11978
-0.604398
2.2341
-0.604373
2.35466
-0.604365
2.48188
-0.604338
2.61601
-0.604313
2.75736
-0.604227
2.90656
-0.6041
3.06378
-0.603921
3.22986
-0.6037
3.40489
-0.60341
3.58956
-0.603075
3.78442
-0.602668
3.98988
-0.602203
4.20687
-0.601679
4.43552
-0.601115
4.67691
-0.600477
4.93155
-0.599804
5.20016
-0.599104
5.48351
-0.59835
5.78257
-0.597556
6.09798
-0.59674
6.43071
-0.595905
6.78191
-0.595044
7.15211
-0.59417
7.54231
-0.593234
7.95481
-0.59254
6.2457
-0.591819
6.86763
-0.591086
7.55248
-0.590289
8.30684
-0.589468
9.13343
-0.588607
10.0443
-0.587718
11.0447
-0.586594
12.147
-0.585595
13.3537
-0.584186
14.6851
-0.583346
16.1376
-0.58214
17.7565
19.522
0.728342
0.215722
0.730902
0.22736
0.733485
0.239671
0.736061
0.252643
0.738607
0.266315
0.740996
0.280767
0.743095
0.295946
0.74479
0.311717
0.746113
0.327802
0.747303
0.343908
0.748756
0.360008
0.750941
0.376014
0.754407
0.392164
0.759648
0.408655
0.767165
0.42581
0.777114
0.444001
0.789311
0.463458
0.802986
0.484268
0.816942
0.506194
0.82942
0.52866
0.838652
0.550838
0.842959
0.571846
0.841547
0.590848
0.834564
0.607842
0.823772
0.623785
0.8123
0.641503
0.804492
0.665526
0.804258
0.701783
0.813991
0.755504
0.833457
0.829728
0.859716
0.924257
0.886946
1.03574
0.907067
1.15616
0.912086
1.27363
0.899562
1.37669
0.87598
1.46135
0.851309
1.53737
0.830502
1.61724
0.812997
1.70679
0.796853
1.80449
0.781188
1.90805
0.765975
2.01683
0.751446
2.13136
0.73761
2.25229
0.724471
2.37973
0.712028
2.51407
0.700246
2.65575
0.689141
2.80513
0.678656
2.96246
0.66879
3.12835
0.659543
3.30288
0.650896
3.48696
0.642829
3.68068
0.635335
3.88496
0.628402
4.10017
0.621998
4.32666
0.616129
4.56562
0.610713
4.81715
0.605745
5.08228
0.601202
5.36175
0.59708
5.65608
0.593283
5.9663
0.589847
6.29327
0.586716
6.63791
0.583863
7.00096
0.581247
7.38348
0.578875
7.78757
0.577268
5.95656
0.57568
6.55136
0.574131
7.20312
0.572633
7.92196
0.571217
8.71095
0.569883
9.57824
0.568656
10.5326
0.567469
11.5802
0.566489
12.737
0.565362
14.0004
0.564739
15.4068
0.56363
16.9197
18.6653
0.813428
-0.812324
0.223644
-0.810844
0.236556
-0.809046
0.250267
-0.806798
0.264814
-0.8042
0.280281
-0.801156
0.296718
-0.797745
0.314137
-0.793896
0.332631
-0.789711
0.352208
-0.785151
0.372956
-0.780292
0.394859
-0.775134
0.418047
-0.769798
0.442515
-0.764261
0.468327
-0.758616
0.495533
-0.752874
0.524196
-0.747149
0.554379
-0.741408
0.586147
-0.735781
0.619561
-0.730187
0.654689
-0.72477
0.691678
-0.719469
0.730531
-0.714375
0.77141
-0.709433
0.814388
-0.704722
0.859618
-0.700197
0.907159
-0.695887
0.957193
-0.691771
1.00988
-0.687897
1.06515
-0.684217
1.12358
-0.680747
1.18488
-0.677467
1.24935
-0.674411
1.31752
-0.671523
1.38909
-0.668844
1.46447
-0.666321
1.54395
-0.66399
1.62763
-0.661802
1.71579
-0.659796
1.80857
-0.65789
1.90633
-0.656144
2.0094
-0.6545
2.11814
-0.652978
2.23257
-0.651533
2.35322
-0.650178
2.48052
-0.648891
2.61473
-0.647632
2.75611
-0.646429
2.90536
-0.64526
3.06263
-0.644111
3.2287
-0.642953
3.40374
-0.641831
3.58842
-0.640704
3.7833
-0.639569
3.98874
-0.638421
4.20572
-0.637272
4.43436
-0.6361
4.67574
-0.634945
4.93039
-0.633762
5.19897
-0.632579
5.48234
-0.6314
5.78139
-0.630223
6.09681
-0.62904
6.42953
-0.627843
6.78073
-0.626667
7.15093
-0.625476
7.54113
-0.624294
7.95362
-0.623382
6.2448
-0.622445
6.86667
-0.621531
7.55156
-0.620606
8.3059
-0.61953
9.13235
-0.618471
10.0433
-0.617375
11.0437
-0.616122
12.1458
-0.614959
13.3526
-0.613424
14.6835
-0.612491
16.1367
-0.611336
17.7552
19.5222
0.81489
0.214239
0.816354
0.225874
0.81776
0.238242
0.819154
0.251232
0.820524
0.264923
0.821868
0.279411
0.822953
0.294839
0.823584
0.311079
0.823507
0.327858
0.822729
0.344683
0.821426
0.36129
0.819985
0.377455
0.81895
0.393178
0.818987
0.408621
0.820736
0.424039
0.824833
0.43991
0.831734
0.456535
0.841631
0.474379
0.854135
0.493668
0.868409
0.514399
0.882933
0.536292
0.895976
0.558817
0.905562
0.581243
0.910367
0.603055
0.909676
0.624457
0.904378
0.64682
0.896691
0.673195
0.89013
0.708364
0.888157
0.757462
0.893266
0.824638
0.905806
0.911704
0.923682
1.01789
0.941797
1.13803
0.952794
1.26265
0.949874
1.3796
0.932773
1.47847
0.908657
1.56148
0.885268
1.64064
0.865212
1.72685
0.847422
1.82229
0.83053
1.92494
0.814176
2.0332
0.798363
2.14717
0.783272
2.26739
0.768898
2.39411
0.755245
2.52773
0.74231
2.6687
0.730036
2.8174
0.718464
2.97404
0.707548
3.13925
0.697307
3.31312
0.687681
3.49656
0.678681
3.68967
0.670312
3.89333
0.662553
4.10792
0.65538
4.33385
0.648737
4.57226
0.642643
4.82324
0.637061
5.08785
0.63196
5.36686
0.627282
5.66075
0.623062
5.97053
0.619188
6.29714
0.615694
6.64142
0.612513
7.00414
0.609649
7.38636
0.607012
7.79017
0.605252
5.95831
0.60351
6.55306
0.601841
7.20478
0.600241
7.92355
0.598713
8.71249
0.59724
9.57972
0.595963
10.5338
0.594772
11.5814
0.593776
12.738
0.5927
14.0015
0.591949
15.4076
0.590808
16.9208
18.6659
0.888683
-0.888226
0.222915
-0.887373
0.235556
-0.886167
0.248968
-0.884691
0.263222
-0.882839
0.278372
-0.880633
0.29442
-0.878011
0.311482
-0.875043
0.32959
-0.871643
0.348792
-0.867867
0.369122
-0.86369
0.390678
-0.85918
0.413491
-0.854286
0.437624
-0.849116
0.463118
-0.843645
0.49007
-0.838002
0.51852
-0.832115
0.548503
-0.826109
0.580112
-0.819978
0.613441
-0.813836
0.648523
-0.807611
0.685462
-0.801458
0.724357
-0.795292
0.765253
-0.789254
0.808332
-0.783259
0.85363
-0.777418
0.901301
-0.771687
0.951468
-0.766122
1.0043
-0.760697
1.05973
-0.755455
1.11832
-0.750382
1.17981
-0.745489
1.24445
-0.740749
1.31278
-0.736219
1.38455
-0.731862
1.46012
-0.727715
1.53979
-0.723728
1.62364
-0.719936
1.71199
-0.716301
1.80494
-0.712864
1.90289
-0.709589
2.00613
-0.706485
2.11504
-0.703529
2.22962
-0.700739
2.35043
-0.698065
2.47785
-0.695512
2.61217
-0.693077
2.75368
-0.690748
2.90303
-0.688511
3.06039
-0.686351
3.22655
-0.68429
3.40167
-0.682266
3.58641
-0.680297
3.78133
-0.678382
3.98683
-0.676524
4.20386
-0.6747
4.43254
-0.672919
4.67395
-0.671172
4.92864
-0.669468
5.19727
-0.667789
5.48066
-0.666125
5.77973
-0.664509
6.0952
-0.662915
6.42795
-0.661352
6.77916
-0.659854
7.14945
-0.658294
7.53956
-0.656797
7.95214
-0.655708
6.24368
-0.654668
6.86564
-0.65341
7.55028
-0.65223
8.30472
-0.651146
9.13125
-0.649902
10.042
-0.648517
11.0423
-0.647104
12.1444
-0.645901
13.3514
-0.644227
14.6819
-0.643088
16.1355
-0.641744
17.7539
19.5225
0.889442
0.213343
0.890168
0.22501
0.89088
0.2374
0.891494
0.250466
0.892093
0.2642
0.892653
0.278686
0.893273
0.294091
0.89358
0.310618
0.89331
0.328029
0.89199
0.345877
0.889585
0.363625
0.886182
0.380756
0.88223
0.397087
0.878189
0.412579
0.874772
0.427432
0.872669
0.441946
0.872644
0.456548
0.875294
0.471674
0.881064
0.487894
0.889878
0.505538
0.901274
0.524896
0.914076
0.545976
0.926746
0.568575
0.937306
0.592462
0.944211
0.617553
0.946457
0.644547
0.944345
0.675309
0.939545
0.713141
0.934858
0.762149
0.93318
0.826297
0.936664
0.908218
0.945716
1.00882
0.958401
1.12534
0.969899
1.25115
0.973558
1.37594
0.96479
1.48723
0.945812
1.58045
0.923566
1.66288
0.903024
1.74739
0.884924
1.84039
0.868194
1.94167
0.852023
2.04937
0.836323
2.16287
0.821194
2.28252
0.806672
2.40863
0.792791
2.54161
0.779535
2.68195
0.766935
2.83001
0.754963
2.98601
0.743646
3.15058
0.73291
3.32383
0.722821
3.50665
0.713353
3.69913
0.704482
3.9022
0.696208
4.11621
0.688519
4.34154
0.681395
4.57937
0.674818
4.82981
0.668783
5.09389
0.663243
5.37239
0.65821
5.66579
0.653588
5.97514
0.649426
6.30132
0.645613
6.64522
0.642188
7.00759
0.639062
7.38946
0.63627
7.79299
0.634399
5.96013
0.632541
6.55492
0.630694
7.2066
0.628983
7.92528
0.627409
8.71407
0.625959
9.58118
0.624601
10.5352
0.623198
11.5828
0.622185
12.739
0.621038
14.0027
0.620528
15.4081
0.619262
16.9221
18.6664
0.952418
-0.951984
0.222473
-0.951318
0.23492
-0.950466
0.248116
-0.94934
0.262129
-0.947985
0.277013
-0.94632
0.292786
-0.944346
0.3095
-0.942036
0.327304
-0.939375
0.346121
-0.936332
0.366101
-0.932949
0.387284
-0.929161
0.409722
-0.925033
0.433487
-0.920518
0.458622
-0.915689
0.485233
-0.910516
0.513365
-0.905076
0.543058
-0.89937
0.574424
-0.89343
0.607497
-0.887296
0.642405
-0.881042
0.679207
-0.874626
0.717956
-0.868171
0.758799
-0.861626
0.8018
-0.85509
0.847095
-0.848553
0.894777
-0.842062
0.944979
-0.835635
0.99788
-0.829281
1.05337
-0.823002
1.11205
-0.816853
1.17366
-0.810826
1.23843
-0.804938
1.3069
-0.799194
1.37881
-0.793619
1.45455
-0.78818
1.53436
-0.782923
1.61839
-0.777841
1.70691
-0.772936
1.80004
-0.768226
1.89818
-0.763682
2.00159
-0.75932
2.11068
-0.755122
2.22543
-0.751112
2.34642
-0.74727
2.47401
-0.743591
2.6085
-0.740065
2.75015
-0.736687
2.89966
-0.733443
3.05715
-0.730333
3.22344
-0.727332
3.39868
-0.724452
3.58353
-0.721666
3.77856
-0.718992
3.98416
-0.716399
4.20127
-0.713899
4.43004
-0.711474
4.67153
-0.709103
4.92627
-0.706806
5.19497
-0.704611
5.47847
-0.702464
5.77758
-0.700461
6.09322
-0.698421
6.42591
-0.696441
6.77721
-0.694558
7.14755
-0.692811
7.53784
-0.690898
7.9502
-0.689675
6.24248
-0.688231
6.86417
-0.686966
7.54903
-0.685472
8.30319
-0.684064
9.12984
-0.68264
10.0406
-0.68131
11.0409
-0.679753
12.1428
-0.678175
13.3498
-0.676366
14.68
-0.675347
16.1345
-0.673813
17.7523
19.5228
0.952804
0.212912
0.953127
0.224655
0.953383
0.237065
0.953576
0.250195
0.953676
0.264013
0.953787
0.27852
0.953993
0.293821
0.954319
0.310268
0.95436
0.327945
0.953624
0.346609
0.951582
0.365639
0.948096
0.384245
0.943208
0.401953
0.937314
0.41848
0.930877
0.43385
0.924588
0.448242
0.919115
0.462002
0.915252
0.475543
0.913646
0.489483
0.914872
0.504318
0.919097
0.520656
0.926096
0.538983
0.934988
0.55967
0.944432
0.583024
0.952718
0.609257
0.95826
0.639011
0.960167
0.673395
0.958659
0.714655
0.95513
0.765673
0.95184
0.829593
0.951106
0.90895
0.954539
1.00539
0.962174
1.11771
0.971741
1.24158
0.978398
1.36928
0.976587
1.48904
0.964559
1.59248
0.94635
1.68109
0.927456
1.76629
0.910326
1.85752
0.894724
1.95728
0.879828
2.06426
0.865306
2.1774
0.851147
2.29667
0.83745
2.42234
0.824234
2.55482
0.811536
2.69466
0.799339
2.8422
0.787685
2.99767
0.776542
3.16171
0.765956
3.33443
0.755895
3.51671
0.746391
3.70865
0.737429
3.91116
0.72902
4.12463
0.721137
4.34941
0.713813
4.5867
0.707008
4.83661
0.70071
5.10018
0.694937
5.37817
0.689636
5.67108
0.684844
5.97995
0.680344
6.3058
0.676459
6.64914
0.672779
7.01125
0.669488
7.39279
0.666488
7.79594
0.664555
5.96208
0.662606
6.55682
0.660761
7.20845
0.659093
7.92694
0.657319
8.71586
0.655744
9.58276
0.654351
10.5366
0.653019
11.5841
0.652012
12.74
0.65083
14.0038
0.650275
15.4086
0.649188
16.9231
18.6667
1.00447
-1.00442
0.222275
-1.00412
0.23457
-1.00366
0.247597
-1.00301
0.261436
-1.0021
0.276074
-1.00097
0.291624
-0.999577
0.308094
-0.997869
0.32558
-0.995865
0.344108
-0.993535
0.363763
-0.99086
0.384604
-0.987831
0.406689
-0.984439
0.430092
-0.980682
0.454864
-0.97658
0.481129
-0.97209
0.508877
-0.967281
0.538245
-0.962144
0.569289
-0.956715
0.602063
-0.951004
0.636698
-0.945059
0.673255
-0.938888
0.71179
-0.932549
0.752451
-0.926045
0.795302
-0.919455
0.840493
-0.912729
0.888059
-0.905996
0.938232
-0.899181
0.991074
-0.8924
1.04658
-0.885629
1.10529
-0.878895
1.16692
-0.872213
1.23176
-0.865648
1.30032
-0.85914
1.37231
-0.852753
1.44815
-0.846479
1.52809
-0.840362
1.61226
-0.834369
1.70092
-0.828551
1.79421
-0.822877
1.89252
-0.817388
1.99609
-0.812057
2.10535
-0.806926
2.22029
-0.801935
2.34144
-0.797143
2.46922
-0.792528
2.60389
-0.788078
2.7457
-0.783786
2.89537
-0.779699
3.05307
-0.775649
3.2194
-0.771819
3.39485
-0.768121
3.57984
-0.764597
3.77503
-0.761242
3.98081
-0.75796
4.19799
-0.754729
4.42681
-0.751668
4.66847
-0.748749
4.92335
-0.746031
5.19226
-0.743183
5.47562
-0.740652
5.77508
-0.738003
6.09057
-0.735549
6.42348
-0.733324
6.77497
-0.730921
7.14518
-0.728734
7.53563
-0.726698
7.94819
-0.725045
6.2408
-0.723455
6.86261
-0.721872
7.54741
-0.720364
8.3017
-0.718644
9.1281
-0.71702
10.039
-0.715418
11.0393
-0.713716
12.1411
-0.712125
13.3482
-0.710162
14.6781
-0.708958
16.1332
-0.707433
17.7507
19.5233
1.00439
0.212922
1.00429
0.224723
1.00419
0.237171
1.00406
0.25035
1.00387
0.264257
1.00358
0.27886
1.00333
0.294133
1.00332
0.310344
1.00345
0.327863
1.00332
0.346789
1.0022
0.366787
0.999521
0.386964
0.995037
0.406456
0.988857
0.424684
0.98134
0.441378
0.972994
0.456605
0.964431
0.47057
0.956306
0.483683
0.949355
0.496436
0.944269
0.509416
0.941602
0.523323
0.941638
0.538958
0.944217
0.55709
0.948713
0.578538
0.953902
0.604066
0.958366
0.634558
0.960819
0.670939
0.960696
0.71479
0.95834
0.768025
0.955083
0.832862
0.952741
0.911289
0.953124
1.00502
0.957178
1.11365
0.964331
1.23444
0.971687
1.36192
0.974507
1.48624
0.969118
1.59787
0.956526
1.6937
0.941061
1.78175
0.926181
1.87241
0.912519
1.97093
0.899626
2.07717
0.887007
2.19001
0.874566
2.30913
0.862367
2.43453
0.850491
2.56671
0.838949
2.7062
0.827772
2.85339
0.816955
3.00849
0.806542
3.17214
0.796531
3.34444
0.786956
3.5263
0.777845
3.71775
0.769113
3.91991
0.760898
4.13283
0.753175
4.35714
0.74583
4.59403
0.739051
4.84339
0.732831
5.10639
0.726919
5.38407
0.721542
5.67647
0.716604
5.98487
0.712246
6.31021
0.708027
6.65335
0.704334
7.01499
0.70106
7.39604
0.69803
7.799
0.695866
5.9642
0.693907
6.55879
0.69212
7.21022
0.690213
7.92888
0.688622
8.71745
0.686915
9.58448
0.68552
10.538
0.68416
11.5855
0.683307
12.7408
0.681953
14.0052
0.681534
15.409
0.680223
16.9244
18.6667
1.04321
-1.0432
0.222298
-1.04316
0.234482
-1.04295
0.247384
-1.04264
0.261081
-1.04211
0.275558
-1.04145
0.290927
-1.04052
0.30718
-1.03945
0.324477
-1.03805
0.342747
-1.03646
0.362139
-1.03452
0.382699
-1.03233
0.404484
-1.02978
0.427574
-1.02695
0.45202
-1.02374
0.477952
-1.02024
0.505363
-1.01635
0.534394
-1.01219
0.565106
-1.00764
0.597557
-1.00285
0.631881
-0.997695
0.668143
-0.992312
0.706388
-0.986604
0.746781
-0.980739
0.789419
-0.974705
0.834496
-0.96846
0.881796
-0.961971
0.931777
-0.955482
0.98457
-0.948836
1.03996
-0.942225
1.09866
-0.935383
1.1601
-0.928747
1.22511
-0.921892
1.29349
-0.915264
1.36567
-0.908577
1.44148
-0.901954
1.52146
-0.895394
1.60572
-0.888994
1.69451
-0.88261
1.78784
-0.87631
1.88621
-0.870229
1.99002
-0.864272
2.09939
-0.85842
2.21444
-0.852832
2.33585
-0.847209
2.4636
-0.841929
2.5986
-0.836714
2.74049
-0.831649
2.89031
-0.826769
3.04818
-0.822052
3.21467
-0.817492
3.39029
-0.813217
3.57556
-0.80897
3.77078
-0.804756
3.97659
-0.800808
4.19404
-0.797127
4.42313
-0.793468
4.6648
-0.78994
4.91983
-0.786442
5.18875
-0.783293
5.47249
-0.780058
5.77183
-0.777053
6.08758
-0.774193
6.42061
-0.77143
6.77222
-0.768914
7.14265
-0.766245
7.53298
-0.763807
7.94572
-0.76201
6.23904
-0.760236
6.8608
-0.758402
7.54561
-0.756589
8.29986
-0.754763
9.1263
-0.752977
10.0372
-0.751226
11.0376
-0.749399
12.1393
-0.747705
13.3466
-0.745586
14.6759
-0.744339
16.132
-0.742812
17.7491
19.524
1.04295
0.213263
1.04262
0.225132
1.04227
0.237628
1.04188
0.250844
1.04145
0.264808
1.04087
0.279518
1.04022
0.294894
1.03958
0.311049
1.03925
0.328285
1.03912
0.346957
1.03877
0.367213
1.03735
0.388395
1.03431
0.409564
1.02917
0.429827
1.02209
0.448511
1.01326
0.465431
1.00326
0.480623
0.992545
0.494391
0.981862
0.507164
0.971781
0.519494
0.963053
0.532095
0.956137
0.545872
0.951515
0.561756
0.94904
0.581011
0.948297
0.604851
0.948442
0.634411
0.948577
0.670844
0.947813
0.715551
0.945983
0.769893
0.943469
0.835373
0.941693
0.913098
0.941749
1.00496
0.945033
1.1104
0.9513
1.22817
0.959438
1.35381
0.965859
1.47981
0.966448
1.5973
0.959675
1.70047
0.94836
1.79308
0.935932
1.88484
0.924304
1.98258
0.913465
2.08801
0.902906
2.20059
0.892417
2.31962
0.882146
2.44481
0.87187
2.57699
0.8619
2.71618
0.852123
2.86317
0.842557
3.01806
0.833317
3.18138
0.82428
3.35348
0.815547
3.53503
0.807164
3.72613
0.799235
3.92784
0.791425
4.14064
0.784107
4.36445
0.777303
4.60082
0.770677
4.85001
0.76457
5.11248
0.758908
5.38974
0.753632
5.68172
0.74881
5.98973
0.744353
6.31465
0.740312
6.65742
0.736716
7.01856
0.733258
7.3995
0.730204
7.80202
0.728198
5.96621
0.726237
6.56073
0.724392
7.21211
0.722584
7.93068
0.720932
8.71913
0.719324
9.58608
0.717998
10.5394
0.716689
11.5868
0.71575
12.7418
0.714477
14.0065
0.714229
15.4093
0.712684
16.9259
18.6661
1.68997
-1.68908
0.222382
-1.68853
0.234284
-1.68792
0.247174
-1.68723
0.260638
-1.68637
0.27503
-1.68521
0.289941
-1.68392
0.306167
-1.68238
0.323047
-1.68042
0.341041
-1.67816
0.359932
-1.67563
0.38039
-1.67269
0.401578
-1.66923
0.424303
-1.66555
0.448349
-1.66107
0.473649
-1.65644
0.500717
-1.65106
0.529183
-1.64542
0.559429
-1.6391
0.5914
-1.63244
0.625173
-1.62501
0.660864
-1.6175
0.698821
-1.60917
0.738588
-1.6005
0.780696
-1.59129
0.825414
-1.58179
0.872239
-1.57182
0.921917
-1.5616
0.974291
-1.55083
1.0293
-1.53987
1.08764
-1.52858
1.1489
-1.517
1.21347
-1.50515
1.28172
-1.4932
1.35367
-1.48093
1.42927
-1.46859
1.50906
-1.45586
1.59303
-1.44323
1.68184
-1.43029
1.77493
-1.41748
1.87336
-1.40428
1.97685
-1.39126
2.08632
-1.37804
2.20124
-1.36463
2.3224
-1.35136
2.45032
-1.33792
2.58513
-1.32452
2.7271
-1.31113
2.87688
-1.29756
3.03462
-1.28415
3.20124
-1.27073
3.37686
-1.25699
3.56179
-1.24339
3.75717
-1.22987
3.96303
-1.21612
4.18029
-1.20236
4.40933
-1.18851
4.65095
-1.17465
4.90594
-1.1606
5.17471
-1.14642
5.45829
-1.1322
5.75761
-1.11772
6.07308
-1.10308
6.40597
-1.08806
6.75719
-1.07287
7.12745
-1.0574
7.51747
-1.04146
7.92981
-1.02908
6.22662
-1.01563
6.84742
-1.00128
7.53122
-0.985697
8.28434
-0.969043
9.10961
-0.950983
10.0192
-0.93158
11.0182
-0.91043
12.1182
-0.887523
13.3236
-0.862169
14.6506
-0.83581
16.1055
-0.806517
17.7198
19.4981
1.68898
0.214681
1.68772
0.226775
1.68633
0.239381
1.68477
0.252686
1.683
0.266895
1.68112
0.281605
1.67903
0.297262
1.67637
0.313869
1.67409
0.330826
1.67188
0.349284
1.67039
0.368937
1.6686
0.390268
1.66543
0.412945
1.65916
0.436154
1.64955
0.458319
1.63613
0.478886
1.61927
0.497671
1.59975
0.513944
1.57839
0.528706
1.5561
0.541809
1.53404
0.554347
1.5129
0.567028
1.49408
0.580766
1.47811
0.597
1.46549
0.617641
1.4557
0.644214
1.44813
0.678576
1.44189
0.721784
1.43677
0.775166
1.43251
0.839624
1.42986
0.915872
1.43013
1.00467
1.43426
1.10638
1.443
1.21942
1.45514
1.34176
1.46672
1.46821
1.47272
1.59138
1.46885
1.70432
1.45629
1.80569
1.43952
1.9016
1.42242
1.99972
1.40607
2.10434
1.39017
2.21651
1.37447
2.3353
1.35853
2.46077
1.34269
2.5928
1.32671
2.73218
1.31092
2.87893
1.29508
3.03392
1.27936
3.19706
1.26378
3.36907
1.24825
3.5505
1.23293
3.74146
1.2176
3.94312
1.20265
4.1556
1.18762
4.37941
1.17292
4.61553
1.15844
4.86443
1.14409
5.12683
1.13002
5.40377
1.11622
5.69553
1.10238
6.00353
1.0888
6.32824
1.07541
6.67079
1.06198
7.03199
1.04867
7.41276
1.03527
7.81539
1.02523
5.97621
1.0147
6.57132
1.00335
7.22345
0.991264
7.94281
0.978307
8.73207
0.964505
9.59992
0.949798
10.5541
0.933889
11.6027
0.917221
12.7585
0.898623
14.0251
0.879796
15.4281
0.857683
16.948
18.6882
1.70743
-1.70612
0.22289
-1.70624
0.23503
-1.70595
0.247547
-1.70582
0.26092
-1.70532
0.27505
-1.70526
0.290133
-1.70459
0.305908
-1.70402
0.322619
-1.70306
0.340417
-1.70215
0.359096
-1.70062
0.379154
-1.69925
0.400227
-1.69705
0.422366
-1.69496
0.44624
-1.69214
0.471061
-1.68922
0.497765
-1.68568
0.525856
-1.68187
0.555563
-1.67726
0.586985
-1.6725
0.620347
-1.66707
0.655626
-1.6612
0.692875
-1.65468
0.732237
-1.64815
0.774089
-1.64057
0.817984
-1.63299
0.864581
-1.62469
0.913759
-1.61613
0.965655
-1.60706
1.02035
-1.59776
1.07826
-1.58787
1.13911
-1.57777
1.2033
-1.56717
1.2712
-1.55624
1.34268
-1.54502
1.41812
-1.53366
1.49764
-1.52206
1.5815
-1.50995
1.66967
-1.49781
1.76283
-1.48545
1.86096
-1.47275
1.96417
-1.45998
2.07352
-1.44693
2.18822
-1.43386
2.30931
-1.42057
2.43705
-1.40716
2.5717
-1.39358
2.71353
-1.37979
2.86308
-1.36602
3.02085
-1.35219
3.1874
-1.33805
3.36273
-1.3239
3.54762
-1.30971
3.74299
-1.2953
3.94861
-1.28088
4.16588
-1.26628
4.39471
-1.25158
4.63625
-1.23672
4.89106
-1.22179
5.15977
-1.20672
5.4432
-1.19136
5.74225
-1.17588
6.05758
-1.16013
6.39021
-1.14425
6.74129
-1.128
7.11117
-1.11143
7.50092
-1.09453
7.91286
-1.08121
6.21335
-1.06708
6.83325
-1.05167
7.51588
-1.03517
8.2678
-1.01748
9.09199
-0.99851
10.0002
-0.977934
10.9976
-0.955618
12.0959
-0.931551
13.2996
-0.905147
14.6242
-0.877386
16.0778
-0.846807
17.6892
19.471
1.70619
0.216697
1.70474
0.228933
1.70319
0.241546
1.70107
0.255301
1.69909
0.26936
1.69652
0.284516
1.69382
0.300366
1.69084
0.317099
1.68737
0.334648
1.68383
0.353008
1.68081
0.372295
1.67801
0.393196
1.67545
0.415812
1.67145
0.440234
1.66494
0.465115
1.65417
0.48971
1.63984
0.512262
1.62121
0.532609
1.59967
0.550504
1.57547
0.566041
1.55029
0.579783
1.52443
0.592907
1.49958
0.605867
1.47621
0.620375
1.45574
0.638358
1.43835
0.661598
1.42459
0.692557
1.41354
0.732819
1.40524
0.783659
1.39918
0.845654
1.39583
0.919397
1.39526
1.0052
1.39866
1.10313
1.4059
1.21215
1.41667
1.33111
1.4289
1.45595
1.43847
1.58191
1.44155
1.70122
1.4367
1.81062
1.42629
1.91199
1.41398
2.01208
1.4014
2.11691
1.38955
2.22841
1.37766
2.34718
1.36563
2.47283
1.35344
2.60498
1.3412
2.74444
1.32861
2.8915
1.31617
3.04639
1.3033
3.20989
1.29064
3.38176
1.27772
3.56339
1.26469
3.75452
1.25168
3.95608
1.23863
4.16867
1.22554
4.39246
1.21234
4.62874
1.19918
4.87754
1.18608
5.13993
1.17299
5.41682
1.15978
5.70874
1.14674
6.01654
1.13371
6.34126
1.12066
6.68383
1.10757
7.04504
1.09431
7.42597
1.08097
7.82866
1.07101
5.98621
1.0603
6.582
1.04889
7.23493
1.03662
7.95507
1.02346
8.74528
1.00936
9.614
0.99422
10.5692
0.977776
11.6192
0.960621
12.7756
0.94144
14.0442
0.921741
15.4478
0.898832
16.9709
18.7113
1.71769
-1.71958
0.223812
-1.72082
0.235788
-1.72185
0.248284
-1.72286
0.261615
-1.72369
0.275689
-1.72432
0.290552
-1.7249
0.306376
-1.72527
0.322835
-1.72541
0.340495
-1.72544
0.35902
-1.72507
0.37875
-1.7244
0.399477
-1.72358
0.421533
-1.7224
0.445004
-1.72091
0.469555
-1.719
0.495812
-1.71673
0.523581
-1.71401
0.552808
-1.71103
0.584013
-1.70745
0.616722
-1.70342
0.651618
-1.69906
0.688478
-1.69412
0.72731
-1.68868
0.768626
-1.68281
0.812137
-1.67647
0.858214
-1.6697
0.907023
-1.66236
0.958289
-1.65462
1.01265
-1.64634
1.06996
-1.63772
1.13052
-1.62874
1.1943
-1.61945
1.26195
-1.60973
1.33293
-1.59961
1.40803
-1.58923
1.48724
-1.57839
1.57068
-1.56746
1.65872
-1.55613
1.75151
-1.54448
1.84929
-1.53262
1.95231
-1.52048
2.06136
-1.50818
2.17591
-1.49563
2.29675
-1.48284
2.42425
-1.46984
2.55869
-1.45665
2.70033
-1.44329
2.8497
-1.42976
3.00732
-1.41586
3.17348
-1.40195
3.34882
-1.38783
3.53349
-1.37349
3.72865
-1.35898
3.93408
-1.34416
4.15106
-1.32934
4.37986
-1.31423
4.62115
-1.29892
4.87572
-1.28324
5.1441
-1.26753
5.42745
-1.25147
5.7262
-1.23528
6.04136
-1.21878
6.37371
-1.20203
6.72452
-1.18486
7.09401
-1.16732
7.48335
-1.14939
7.89493
-1.13547
6.19937
-1.12046
6.8183
-1.10421
7.49958
-1.08693
8.2506
-1.06827
9.07329
-1.04812
9.98006
-1.02648
10.976
-1.00312
12.0725
-0.977811
13.2743
-0.950152
14.5965
-0.921114
16.0487
-0.889205
17.6572
19.4428
1.71499
0.2189
1.71248
0.231111
1.70955
0.24414
1.70693
0.257754
1.70383
0.272267
1.70071
0.287581
1.69739
0.303594
1.69411
0.320394
1.69023
0.338518
1.68622
0.357078
1.68189
0.376662
1.67803
0.397134
1.67456
0.419361
1.67159
0.443281
1.66762
0.46918
1.66105
0.496353
1.65043
0.522988
1.63528
0.547823
1.61589
0.570006
1.59282
0.589165
1.56697
0.605748
1.5394
0.620528
1.51126
0.634137
1.48363
0.648046
1.4581
0.664023
1.43558
0.684151
1.41685
0.711411
1.40188
0.747817
1.39076
0.794893
1.3829
0.853524
1.37837
0.924033
1.37714
1.00642
1.37941
1.10095
1.38537
1.20618
1.39494
1.32161
1.4064
1.44448
1.41774
1.57062
1.42493
1.69402
1.42576
1.80982
1.42064
1.91711
1.41217
2.02058
1.40306
2.126
1.39389
2.23759
1.38478
2.35627
1.3758
2.48181
1.36645
2.61432
1.35698
2.75392
1.34724
2.90121
1.33732
3.05633
1.32714
3.22003
1.31682
3.3921
1.30626
3.5739
1.2956
3.76519
1.2846
3.96702
1.27343
4.17986
1.26206
4.40375
1.2507
4.64012
1.23898
4.8892
1.22721
5.15172
1.21515
5.42882
1.2031
5.72081
1.19095
6.02865
1.17861
6.35362
1.16611
6.69631
1.15348
7.05765
1.14057
7.43881
1.12738
7.84189
1.1175
5.99604
1.10692
6.59266
1.09548
7.24635
1.08319
7.96741
1.06999
8.75845
1.05564
9.62841
1.04031
10.5845
1.02365
11.6358
1.00589
12.7934
0.986208
14.0639
0.965663
15.4683
0.941762
16.9947
18.7351
1.72663
-1.72559
0.224903
-1.72567
0.236784
-1.72599
0.24932
-1.72645
0.262675
-1.72703
0.276763
-1.72759
0.291493
-1.72816
0.307299
-1.72883
0.323738
-1.7293
0.341214
-1.72981
0.359676
-1.7302
0.379316
-1.73058
0.39994
-1.73064
0.421727
-1.73062
0.445035
-1.73038
0.469411
-1.72986
0.495322
-1.72892
0.522721
-1.72779
0.551695
-1.72619
0.582481
-1.7245
0.61503
-1.7223
0.649469
-1.71955
0.685722
-1.71654
0.724344
-1.71309
0.765162
-1.7091
0.808175
-1.70465
0.853749
-1.69967
0.902053
-1.6945
0.953095
-1.68854
1.00669
-1.6824
1.0638
-1.67565
1.12376
-1.66845
1.18709
-1.66083
1.2543
-1.65279
1.32488
-1.64437
1.39959
-1.63543
1.47829
-1.6263
1.56152
-1.61669
1.64911
-1.60668
1.74147
-1.59649
1.8391
-1.58595
1.94174
-1.57487
2.0503
-1.56363
2.16464
-1.55214
2.28528
-1.54028
2.41236
-1.52809
2.54652
-1.51568
2.6879
-1.50298
2.83703
-1.48997
2.99431
-1.47673
3.16026
-1.4632
3.33528
-1.44936
3.51966
-1.43525
3.71454
-1.42089
3.91971
-1.40627
4.13645
-1.39135
4.36491
-1.37608
4.60588
-1.36054
4.86015
-1.34481
5.12838
-1.32863
5.41123
-1.3123
5.70987
-1.29554
6.02457
-1.27844
6.3566
-1.26092
6.70699
-1.24308
7.07617
-1.22485
7.4651
-1.20625
7.87629
-1.19158
6.18474
-1.17586
6.80252
-1.15894
7.48272
-1.1407
8.23232
-1.12116
9.05379
-1.10013
9.959
-1.07741
10.9533
-1.05275
12.0479
-1.02632
13.2479
-0.997457
14.5676
-0.966945
16.0182
-0.933751
17.624
19.4131
1.72548
0.221052
1.72387
0.233504
1.72194
0.246772
1.71976
0.260379
1.7173
0.275172
1.71459
0.290516
1.71163
0.306833
1.70815
0.323944
1.70481
0.34201
1.70072
0.36116
1.69631
0.381137
1.6914
0.402
1.68686
0.423914
1.68277
0.447304
1.67931
0.472628
1.67512
0.500477
1.66867
0.529406
1.65794
0.558499
1.64227
0.585638
1.62161
0.609776
1.59659
0.630721
1.56878
0.648299
1.53889
0.663979
1.50866
0.678233
1.47933
0.693301
1.45234
0.711109
1.42927
0.734422
1.41062
0.76644
1.39636
0.809097
1.38626
0.863607
1.38005
0.930184
1.37743
1.00904
1.37859
1.09973
1.38327
1.2015
1.39125
1.31358
1.40198
1.43375
1.41336
1.55919
1.4228
1.68459
1.42742
1.80515
1.4265
1.91804
1.42143
2.02559
1.41442
2.13304
1.40715
2.24481
1.39997
2.36347
1.3928
2.48896
1.38549
2.62164
1.37791
2.76149
1.37011
2.90902
1.36218
3.06425
1.35404
3.22817
1.3456
3.40056
1.33691
3.58256
1.32796
3.77416
1.31874
3.97618
1.30942
4.18921
1.29961
4.4135
1.28961
4.65015
1.27927
4.89947
1.26869
5.16232
1.25794
5.43951
1.24698
5.73178
1.2356
6.03999
1.22415
6.36508
1.21234
6.7081
1.20019
7.06976
1.18789
7.45115
1.17516
7.85455
1.16553
6.00573
1.15502
6.60312
1.1437
7.25774
1.13138
7.97969
1.11818
8.77174
1.10377
9.64279
1.08823
10.6001
1.07115
11.6529
1.05306
12.8115
1.03265
14.0843
1.01145
15.4895
0.986858
17.0193
18.7598
1.7357
-1.73504
0.225765
-1.73525
0.237708
-1.73565
0.250303
-1.7361
0.263709
-1.7366
0.277715
-1.73716
0.292492
-1.73786
0.308325
-1.73848
0.324665
-1.73934
0.342282
-1.74007
0.360616
-1.74075
0.380108
-1.74137
0.400701
-1.74218
0.42257
-1.74259
0.445541
-1.74302
0.469828
-1.74314
0.495493
-1.74335
0.522884
-1.74318
0.551566
-1.74281
0.582032
-1.74199
0.614238
-1.74106
0.648443
-1.73975
0.684446
-1.73805
0.72253
-1.73591
0.763056
-1.73362
0.805768
-1.73072
0.850894
-1.72754
0.89874
-1.72358
0.949189
-1.7196
1.00259
-1.71484
1.0591
-1.70982
1.11861
-1.70428
1.18162
-1.69836
1.24826
-1.69183
1.31841
-1.68507
1.39271
-1.6776
1.47089
-1.66994
1.55374
-1.66174
1.64098
-1.65338
1.733
-1.64427
1.83005
-1.63503
1.9324
-1.62536
2.04068
-1.61533
2.15451
-1.60478
2.27479
-1.59415
2.40165
-1.58295
2.53536
-1.57154
2.67643
-1.55975
2.82527
-1.5475
2.98202
-1.53505
3.14783
-1.52203
3.32224
-1.50901
3.50663
-1.49529
3.70081
-1.48139
3.90578
-1.46716
4.12223
-1.45245
4.35016
-1.43743
4.59087
-1.4221
4.84478
-1.40626
5.11255
-1.39016
5.39509
-1.37347
5.69319
-1.35656
6.00762
-1.33909
6.33916
-1.32131
6.68918
-1.30289
7.05778
-1.28407
7.44625
-1.26478
7.85703
-1.24963
6.16957
-1.23318
6.78609
-1.21567
7.46515
-1.19667
8.21335
-1.17614
9.03321
-1.15408
9.93705
-1.13035
10.9296
-1.10483
12.0224
-1.07704
13.22
-1.04682
14.5374
-1.01508
15.9863
-0.980546
17.5894
19.3823
1.73442
0.223099
1.73279
0.23577
1.73133
0.248866
1.72923
0.262969
1.72727
0.277615
1.72489
0.293228
1.72236
0.309693
1.71955
0.326959
1.71645
0.345306
1.71305
0.364652
1.70933
0.384943
1.705
0.406347
1.70043
0.428474
1.69578
0.451927
1.69157
0.476762
1.68824
0.503748
1.68434
0.533175
1.67843
0.564357
1.668
0.595904
1.65209
0.62563
1.63069
0.651947
1.60448
0.67446
1.57483
0.693425
1.54321
0.709815
1.51122
0.725074
1.48108
0.741217
1.45411
0.76116
1.43206
0.78847
1.41506
0.825869
1.40302
0.875645
1.39525
0.93773
1.39147
1.01284
1.39112
1.09988
1.3945
1.19813
1.40108
1.30681
1.41051
1.42436
1.42126
1.54828
1.43159
1.6743
1.43855
1.79803
1.44082
1.91582
1.43864
2.02764
1.43398
2.13775
1.42816
2.25051
1.42246
2.36924
1.41656
2.49477
1.41079
2.62747
1.40458
2.76763
1.39837
2.91528
1.39173
3.07084
1.38495
3.23497
1.37794
3.40757
1.37072
3.58976
1.36322
3.78167
1.35546
3.98389
1.34737
4.19733
1.33897
4.42183
1.33027
4.65888
1.32127
4.90839
1.312
5.17163
1.30215
5.44929
1.29217
5.7418
1.28178
6.05034
1.27116
6.37574
1.26007
6.71916
1.24866
7.08122
1.23668
7.46309
1.22443
7.86679
1.21494
6.01515
1.20475
6.61338
1.19356
7.26887
1.18147
7.9919
1.16817
8.78501
1.15369
9.65733
1.13804
10.6157
1.12081
11.6702
1.10208
12.8302
1.0814
14.105
1.05954
15.5112
1.03397
17.0448
18.7852
1.75066
-1.7537
0.226306
-1.75544
0.238424
-1.75731
0.251069
-1.75885
0.264394
-1.76054
0.278443
-1.76194
0.293259
-1.76343
0.308994
-1.7647
0.325491
-1.76599
0.342873
-1.76699
0.361346
-1.76832
0.38084
-1.76907
0.401299
-1.77004
0.423018
-1.7705
0.445955
-1.7712
0.470067
-1.77148
0.495794
-1.77186
0.522843
-1.77177
0.551552
-1.77177
0.581642
-1.77125
0.613835
-1.77079
0.647622
-1.76965
0.683447
-1.7688
0.721337
-1.76697
0.761389
-1.76527
0.803745
-1.76283
0.84863
-1.76049
0.896093
-1.7574
0.946284
-1.75426
0.999159
-1.75025
1.05527
-1.74642
1.11451
-1.7416
1.17699
-1.73684
1.24325
-1.73126
1.31301
-1.72558
1.3868
-1.71938
1.46488
-1.71284
1.54699
-1.70571
1.63402
-1.69836
1.72546
-1.69035
1.82221
-1.68238
1.92427
-1.67357
2.03203
-1.66479
2.1456
-1.65536
2.26551
-1.64571
2.3919
-1.63549
2.52527
-1.62514
2.66602
-1.61417
2.81443
-1.60306
2.97088
-1.59129
3.13616
-1.57934
3.31029
-1.56681
3.49418
-1.55407
3.6881
-1.54084
3.89259
-1.52701
4.10844
-1.51289
4.33603
-1.49829
4.5763
-1.48332
4.82979
-1.46777
5.09703
-1.45178
5.37907
-1.43524
5.67668
-1.4183
5.99065
-1.40074
6.32163
-1.38267
6.6711
-1.36402
7.03915
-1.34479
7.427
-1.32483
7.83708
-1.30926
6.154
-1.29256
6.76932
-1.27432
7.44691
-1.25461
8.19353
-1.23336
9.01207
-1.21053
9.91419
-1.18574
10.9049
-1.15896
11.9956
-1.12987
13.191
-1.0985
14.5059
-1.0653
15.9532
-1.02957
17.5537
19.3504
1.74761
0.224969
1.7447
0.23759
1.74162
0.250886
1.73872
0.264931
1.7356
0.279781
1.73251
0.295603
1.72933
0.312052
1.72618
0.329559
1.72274
0.348022
1.71953
0.367484
1.71588
0.387942
1.71233
0.409621
1.70782
0.432396
1.70347
0.456099
1.6986
0.481072
1.69475
0.507482
1.69135
0.536041
1.6884
0.567254
1.68296
0.600844
1.67378
0.6348
1.65803
0.667227
1.63639
0.696125
1.60877
0.720606
1.57788
0.740735
1.54437
0.758148
1.5116
0.774028
1.4809
0.791435
1.45551
0.813912
1.4356
0.845368
1.42246
0.88885
1.41387
0.945931
1.41018
1.01662
1.4095
1.10021
1.4126
1.19513
1.41818
1.30092
1.42678
1.41587
1.43685
1.53794
1.4474
1.66386
1.45568
1.78952
1.46046
1.91117
1.46074
2.02716
1.4582
2.14042
1.45391
2.25464
1.44954
2.37375
1.44471
2.49948
1.44014
2.63217
1.4352
2.77249
1.43026
2.92035
1.42485
3.07622
1.41947
3.24045
1.41371
3.41334
1.4077
3.59583
1.40149
3.78793
1.39485
3.99056
1.38816
4.20408
1.38086
4.4291
1.37345
4.66636
1.36539
4.9164
1.35725
5.17984
1.34848
5.45801
1.33953
5.7508
1.33002
6.05982
1.32001
6.38579
1.30969
6.72947
1.29888
7.09207
1.28764
7.47429
1.27573
7.87867
1.26661
6.02435
1.25646
6.62345
1.24556
7.27988
1.2335
8.0039
1.22032
8.79825
1.2058
9.67183
1.19002
10.6316
1.17246
11.6877
1.15361
12.8491
1.13221
14.1263
1.10963
15.5338
1.0834
17.071
18.8111
1.76713
-1.77198
0.227214
-1.77422
0.239168
-1.77682
0.252005
-1.77866
0.265283
-1.781
0.279399
-1.7826
0.294277
-1.78475
0.309946
-1.78593
0.326375
-1.78815
0.344044
-1.78923
0.36231
-1.79103
0.381709
-1.79201
0.402311
-1.79375
0.423915
-1.79439
0.446725
-1.79605
0.470947
-1.79656
0.496515
-1.79783
0.523394
-1.79792
0.551913
-1.799
0.582049
-1.79875
0.613889
-1.79932
0.647558
-1.79867
0.683121
-1.79877
0.720852
-1.79766
0.760605
-1.79711
0.802645
-1.79547
0.84732
-1.79421
0.894312
-1.79176
0.944144
-1.78974
0.996651
-1.78669
1.05252
-1.78388
1.11125
-1.77998
1.17335
-1.77637
1.23923
-1.77174
1.30862
-1.76734
1.38204
-1.76176
1.45951
-1.75661
1.54152
-1.75025
1.62785
-1.74415
1.7191
-1.73708
1.8153
-1.73009
1.91707
-1.72236
2.02443
-1.71455
2.13763
-1.70599
2.25706
-1.6973
2.3831
-1.6882
2.51627
-1.6787
2.65645
-1.66862
2.80444
-1.65835
2.96059
-1.64754
3.12546
-1.63654
3.29931
-1.62485
3.48256
-1.61279
3.67609
-1.60024
3.88007
-1.58727
4.09553
-1.57377
4.32251
-1.5597
4.5623
-1.54516
4.81519
-1.53004
5.08198
-1.51435
5.36333
-1.49812
5.66052
-1.48122
5.97372
-1.46372
6.30419
-1.44544
6.65281
-1.4266
7.02037
-1.40717
7.40753
-1.38688
7.81687
-1.37108
6.13814
-1.35379
6.75203
-1.33511
7.42807
-1.31478
8.17328
-1.29293
8.99013
-1.26897
9.8904
-1.24329
10.8792
-1.21534
11.9678
-1.18522
13.1607
-1.15249
14.4732
-1.11818
15.9187
-1.08096
17.5164
19.3175
1.76337
0.226771
1.76007
0.239477
1.75636
0.252964
1.75334
0.267075
1.74978
0.281987
1.74699
0.297869
1.74339
0.314518
1.74057
0.332124
1.73691
0.350701
1.73404
0.370283
1.73014
0.390981
1.72701
0.412821
1.72279
0.435865
1.71895
0.460092
1.71387
0.485476
1.70959
0.51199
1.70484
0.540156
1.70186
0.57053
1.69853
0.60358
1.69436
0.639307
1.68515
0.675899
1.67024
0.711381
1.64722
0.743135
1.61855
0.769742
1.58465
0.791599
1.54915
0.809855
1.51346
0.826701
1.48221
0.845473
1.45651
0.870652
1.43917
0.906498
1.42848
0.95622
1.42421
1.02118
1.42377
1.10027
1.42747
1.1917
1.43345
1.29459
1.44265
1.4069
1.45291
1.52737
1.46434
1.65264
1.4741
1.77948
1.48128
1.90417
1.48415
2.02405
1.48425
2.14047
1.48194
2.25674
1.47896
2.37684
1.47553
2.50274
1.47224
2.63556
1.46858
2.77602
1.46483
2.92417
1.46083
3.08015
1.45663
3.24468
1.45207
3.41787
1.44731
3.60055
1.44241
3.79284
1.43701
3.99587
1.43133
4.20981
1.42537
4.43494
1.41907
4.67274
1.41224
4.92312
1.40506
5.18712
1.39736
5.46563
1.38929
5.75897
1.38064
6.06842
1.37161
6.39493
1.36194
6.73912
1.35188
7.10224
1.34094
7.48517
1.32973
7.88998
1.32066
6.03336
1.31078
6.63336
1.30001
7.29054
1.28811
8.01585
1.2749
8.8114
1.26044
9.68643
1.24436
10.6477
1.22669
11.7055
1.20729
12.8684
1.18549
14.1482
1.16254
15.5567
1.13525
17.0983
18.8372
1.77324
-1.7792
0.227706
-1.7833
0.239735
-1.78717
0.252413
-1.79101
0.265882
-1.79484
0.280072
-1.79816
0.29491
-1.80153
0.310649
-1.80425
0.327153
-1.80712
0.344761
-1.80925
0.363093
-1.81182
0.382548
-1.81343
0.403077
-1.81564
0.424723
-1.81687
0.44745
-1.81878
0.471689
-1.81968
0.497149
-1.82131
0.524029
-1.82192
0.552414
-1.82326
0.58252
-1.82358
0.614197
-1.82447
0.64769
-1.82446
0.683177
-1.82486
0.720576
-1.82438
0.760224
-1.82448
0.802144
-1.82347
0.846438
-1.82286
0.893165
-1.8214
0.942836
-1.82026
0.995052
-1.81807
1.0505
-1.81626
1.10904
-1.81344
1.17072
-1.81083
1.23628
-1.80737
1.30536
-1.80395
1.37835
-1.79964
1.4554
-1.79545
1.53711
-1.79054
1.62314
-1.78548
1.71386
-1.7799
1.80991
-1.77401
1.91105
-1.76756
2.01816
-1.76102
2.13099
-1.75385
2.25007
-1.74646
2.37564
-1.73838
2.50835
-1.73016
2.64821
-1.72143
2.79587
-1.71231
2.95146
-1.70264
3.1159
-1.69249
3.28919
-1.68204
3.47212
-1.67087
3.66498
-1.65937
3.86853
-1.6472
4.08345
-1.63455
4.30977
-1.62117
4.54902
-1.60733
4.80127
-1.59268
5.06742
-1.57756
5.34815
-1.56158
5.64459
-1.545
5.95708
-1.52752
6.28671
-1.50952
6.63474
-1.49058
7.00138
-1.47095
7.38778
-1.45058
7.79641
-1.43436
6.12181
-1.41692
6.73431
-1.39767
7.40888
-1.37696
8.15231
-1.35414
8.96746
-1.32959
9.86573
-1.30281
10.8525
-1.27399
11.9388
-1.24261
13.1294
-1.20888
14.4393
-1.17321
15.883
-1.13454
17.4777
19.2845
1.76979
0.228151
1.767
0.24103
1.76396
0.254572
1.76172
0.268737
1.75889
0.283809
1.75692
0.29963
1.75433
0.316342
1.75232
0.33414
1.74948
0.352934
1.74725
0.372641
1.74425
0.393471
1.74183
0.415442
1.73849
0.438762
1.73556
0.463247
1.73162
0.489028
1.72777
0.516094
1.72314
0.544436
1.71946
0.574493
1.71617
0.606547
1.71422
0.641566
1.7103
0.679524
1.70279
0.719191
1.68769
0.757973
1.66476
0.792972
1.63364
0.822496
1.59772
0.846064
1.55911
0.865122
1.52256
0.882317
1.49116
0.901875
1.46879
0.929167
1.45572
0.969127
1.45122
1.02597
1.45192
1.09942
1.45624
1.18765
1.4624
1.28831
1.47061
1.39895
1.47996
1.51791
1.49046
1.64239
1.49989
1.76996
1.50774
1.89655
1.51196
2.01976
1.51341
2.13925
1.51232
2.2578
1.51051
2.37886
1.50821
2.50503
1.50582
2.63816
1.50337
2.7785
1.50086
2.92686
1.49801
3.08307
1.49511
3.24775
1.49191
3.42119
1.48856
3.60403
1.48479
3.79678
1.48084
3.99989
1.47664
4.21422
1.47182
4.43977
1.46687
4.6779
1.46122
4.92873
1.45531
5.1932
1.4487
5.47219
1.44168
5.76611
1.43389
6.07615
1.42575
6.40312
1.41682
6.74799
1.40728
7.11178
1.39717
7.49518
1.38613
7.90098
1.37735
6.04204
1.36771
6.64278
1.35695
7.30133
1.34495
8.02764
1.33199
8.82451
1.31734
9.70101
1.30132
10.6638
1.28313
11.7236
1.26362
12.8879
1.24122
14.1704
1.21771
15.5801
1.18956
17.1264
18.8626
1.82381
-1.82607
0.228384
-1.82643
0.240495
-1.82672
0.253261
-1.82656
0.266822
-1.8266
0.281004
-1.82634
0.295954
-1.82648
0.311697
-1.82664
0.328431
-1.82717
0.346042
-1.82769
0.364501
-1.82854
0.383968
-1.82934
0.404508
-1.83049
0.426268
-1.83181
0.449222
-1.8332
0.473341
-1.83465
0.498896
-1.83621
0.525752
-1.83781
0.55421
-1.83944
0.584257
-1.84101
0.615868
-1.84264
0.649386
-1.84416
0.684763
-1.84558
0.722038
-1.84696
0.761646
-1.84806
0.803282
-1.84897
0.847381
-1.84988
0.894122
-1.85033
0.943326
-1.85052
0.995286
-1.85053
1.05057
-1.85015
1.10871
-1.84943
1.17007
-1.84842
1.23531
-1.8469
1.30395
-1.84501
1.37649
-1.84291
1.45343
-1.84011
1.53433
-1.83696
1.62013
-1.83361
1.71052
-1.82955
1.806
-1.82522
1.90671
-1.82028
2.01339
-1.8151
2.12579
-1.80923
2.24434
-1.80313
2.36951
-1.79647
2.50182
-1.78935
2.64105
-1.78164
2.78821
-1.77361
2.94341
-1.76497
3.10722
-1.75581
3.28
-1.74603
3.46219
-1.73572
3.65465
-1.72483
3.85734
-1.71316
4.07173
-1.70122
4.29743
-1.68813
4.53582
-1.67469
4.78734
-1.66023
5.05277
-1.64544
5.33281
-1.62944
5.62835
-1.6131
5.94018
-1.59563
6.26896
-1.57754
6.61615
-1.55839
6.98199
-1.53848
7.36739
-1.51745
7.77524
-1.50139
6.10525
-1.48305
6.71596
-1.46367
7.38902
-1.44201
8.13065
-1.41863
8.94383
-1.39311
9.84017
-1.36554
10.8248
-1.33543
11.9086
-1.30284
13.0966
-1.26761
14.404
-1.23124
15.8465
-1.19047
17.4368
19.2517
1.82113
0.229886
1.81829
0.242867
1.81556
0.25653
1.81272
0.270817
1.8098
0.286109
1.80686
0.302028
1.80387
0.318828
1.80082
0.336819
1.79776
0.355593
1.79466
0.375514
1.79137
0.39646
1.78802
0.418657
1.78446
0.442077
1.781
0.466675
1.77706
0.492751
1.77304
0.520133
1.76831
0.548976
1.76363
0.579233
1.75909
0.610914
1.75569
0.645047
1.75321
0.68182
1.75071
0.721802
1.74436
0.764129
1.73072
0.806728
1.70661
0.84642
1.6719
0.88088
1.62772
0.909097
1.57851
0.931631
1.52873
0.951438
1.48534
0.972628
1.45309
1.00116
1.43559
1.04354
1.4314
1.10339
1.43763
1.18147
1.44993
1.27581
1.4658
1.38312
1.483
1.50051
1.50046
1.62496
1.51661
1.75363
1.53021
1.88297
1.53974
2.01008
1.5452
2.13377
1.54726
2.2556
1.54764
2.37846
1.54691
2.50563
1.54617
2.63883
1.54505
2.7795
1.54391
2.9279
1.5426
3.08428
1.54084
3.24932
1.53902
3.42292
1.53659
3.60612
1.53427
3.79901
1.53121
4.00247
1.52826
4.21706
1.52453
4.44289
1.52074
4.68154
1.516
4.93282
1.51124
5.19776
1.5055
5.47726
1.49956
5.77182
1.49256
6.08252
1.48515
6.41027
1.47677
6.75583
1.46792
7.12042
1.45789
7.50471
1.4475
7.91125
1.43866
6.05038
1.42917
6.65226
1.41828
7.31178
1.4065
8.03942
1.39305
8.83773
1.37821
9.71583
1.36171
10.6802
1.34329
11.742
1.32333
12.9077
1.29993
14.1937
1.27713
15.6028
1.24571
17.1577
18.8844
1.79829
-1.79116
-1.78809
-1.78516
-1.78276
-1.78044
-1.77907
-1.77755
-1.77699
-1.776
-1.77618
-1.77588
-1.77677
-1.777
-1.77829
-1.77902
-1.78076
-1.78198
-1.78409
-1.78566
-1.78814
-1.79013
-1.79279
-1.79517
-1.79798
-1.80061
-1.80361
-1.8063
-1.80935
-1.81227
-1.81519
-1.81803
-1.82087
-1.82353
-1.82611
-1.82857
-1.83067
-1.83267
-1.83429
-1.83543
-1.83628
-1.83661
-1.83657
-1.83555
-1.83431
-1.83201
-1.82936
-1.82546
-1.8214
-1.81574
-1.81004
-1.80265
-1.79542
-1.7863
-1.77749
-1.7667
-1.75622
-1.74394
-1.73184
-1.71802
-1.70413
-1.68878
-1.67307
-1.65618
-1.6386
-1.61984
-1.60043
-1.57985
-1.56354
-1.54587
-1.52603
-1.50447
-1.48068
-1.45475
-1.42646
-1.39568
-1.36268
-1.32606
-1.29041
-1.24619
1.80009
1.80087
1.80159
1.80119
1.80118
1.80007
1.79934
1.79775
1.79664
1.79456
1.79297
1.79043
1.78848
1.78551
1.78311
1.77965
1.77656
1.77247
1.76859
1.76452
1.76166
1.75895
1.75601
1.74948
1.73721
1.71673
1.68863
1.65382
1.61597
1.57901
1.54806
1.52684
1.51668
1.51604
1.52175
1.53084
1.5413
1.55189
1.56193
1.57017
1.57617
1.57925
1.58058
1.58016
1.57976
1.57869
1.57828
1.57726
1.57693
1.57598
1.5758
1.57472
1.57451
1.57308
1.57251
1.5704
1.56902
1.56611
1.56348
1.55927
1.55501
1.54933
1.54329
1.53585
1.52782
1.51857
1.50838
1.49971
1.48998
1.47937
1.46721
1.45387
1.43858
1.42217
1.40272
1.38354
1.35789
1.3377
1.29968
)
;

boundaryField
{
    inlet
    {
        type            calculated;
        value           nonuniform List<scalar> 
134
(
-23.2387
-23.9321
-28.8608
-26.2916
-27.9359
-30.3142
-30.3906
-32.0287
-33.9876
-46.0771
-2.33466
-2.83144
-2.43711
-2.1594
-1.93781
-1.76816
-1.63208
-1.52061
-1.42475
-1.338
-22.8479
-1.25095
-1.1515
-1.03971
-0.902968
-0.799538
-0.69555
-0.801384
-0.567907
-0.358678
-1.19959
-0.676016
-0.664337
-0.656344
-0.654823
-0.664338
-0.693333
-0.744546
-0.853506
-0.392523
-23.4573
-31.16
-32.585
-36.5024
-43.0505
-49.1883
-47.314
-0.323593
-0.339822
-0.356889
-0.374801
-0.39361
-0.413391
-0.434155
-0.455959
-0.47883
-0.502938
-0.52803
-0.554577
-0.582351
-0.611584
-0.642052
-0.674218
-0.707974
-0.74355
-0.780584
-0.819779
-0.860957
-0.904172
-0.949761
-0.997627
-1.04816
-1.10152
-1.15778
-1.17555
4.88594
3.4199
2.63934
2.06038
1.66731
1.34402
1.09874
0.925946
0.788803
0.691719
0.628512
0.595557
0.588758
0.614327
0.677555
0.743857
0.753681
0.731413
0.711734
0.69381
0.678047
0.662954
0.649054
0.637521
0.629634
0.627796
0.636473
0.663294
0.710491
0.810407
0.649277
0.317636
0.333299
0.349679
0.366803
0.384722
0.403505
0.423207
0.443857
0.465481
0.488145
0.511903
0.536805
0.562852
0.590129
0.618728
0.64886
0.680217
0.713188
0.835593
0.87575
0.917909
0.962147
1.00851
1.0575
1.10914
1.16413
1.22382
1.28649
)
;
    }
    outlet
    {
        type            calculated;
        value           nonuniform List<scalar> 
160
(
0.22887
0.231223
0.241039
0.24428
0.253872
0.258036
0.267402
0.272528
0.281671
0.287802
0.296718
0.303913
0.31257
0.320896
0.329316
0.338846
0.346951
0.3578
0.365551
0.3778
0.385169
0.398948
0.40587
0.421245
0.427693
0.444767
0.450716
0.469573
0.47502
0.495763
0.500656
0.523432
0.527707
0.552551
0.556253
0.583124
0.586388
0.615163
0.618195
0.648873
0.651797
0.684932
0.687251
0.724255
0.724708
0.767231
0.764264
0.81297
0.806061
0.858758
0.850197
0.901097
0.896849
0.937176
0.94617
0.966179
0.998117
0.989166
1.05326
1.00931
1.11134
1.0319
1.17263
1.06443
1.23765
1.11324
1.30615
1.18171
1.37853
1.26972
1.45503
1.37356
1.53581
1.48959
1.6211
1.61376
1.71106
1.74304
1.80605
1.87396
1.90634
2.00344
2.01233
2.1297
2.124
2.25352
2.24188
2.37769
2.36638
2.5052
2.49773
2.63849
2.63624
2.77901
2.78253
2.92733
2.93678
3.08365
3.09975
3.24852
3.27162
3.42209
3.45302
3.60525
3.64454
3.7982
3.84652
4.00184
4.05997
4.21664
4.28495
4.44292
4.52263
4.68198
4.77344
4.93381
5.03815
5.19957
5.31743
5.47989
5.61233
5.77539
5.92336
6.08701
6.25152
6.41576
6.59783
6.76247
6.96282
7.12803
7.34748
7.51342
7.7543
7.92107
6.08851
6.05858
6.69773
6.6614
7.3689
7.32208
8.10872
8.0512
8.91985
8.85088
9.81409
9.73097
10.7964
10.6965
11.8777
11.7613
13.0635
12.9269
14.3673
14.2193
15.8109
15.623
17.3926
17.1958
19.1811
18.8976
)
;
    }
    walls
    {
        type            calculated;
        value           uniform 0;
    }
    frontAndBack
    {
        type            empty;
    }
}


// ************************************************************************* //
