/*--------------------------------*- C++ -*----------------------------------*\
| =========                 |                                                 |
| \\      /  F ield         | OpenFOAM: The Open Source CFD Toolbox           |
|  \\    /   O peration     | Version:  2412                                  |
|   \\  /    A nd           | Website:  www.openfoam.com                      |
|    \\/     M anipulation  |                                                 |
\*---------------------------------------------------------------------------*/
FoamFile
{
    version     2.0;
    format      ascii;
    arch        "LSB;label=32;scalar=64";
    class       volVectorField;
    location    "50";
    object      U;
}
// * * * * * * * * * * * * * * * * * * * * * * * * * * * * * * * * * * * * * //

dimensions      [0 1 -1 0 0 0 0];

internalField   nonuniform List<vector> 
10720
(
(2.08365 -14.5562 -6.95574e-17)
(1.4695 -11.7871 8.45125e-17)
(1.24489 -8.76341 0)
(1.44737 -5.57483 2.12442e-15)
(2.08752 -2.65085 -4.95177e-15)
(2.95453 -0.0418982 -3.62674e-15)
(4.15363 2.68729 -1.89112e-15)
(5.77347 5.31525 0)
(7.67932 7.57721 0)
(9.74273 9.40303 0)
(11.8945 10.814 1.67843e-17)
(14.079 11.8388 0)
(16.2347 12.4986 -8.80688e-16)
(18.3194 12.8284 0)
(20.2958 12.8609 0)
(22.1348 12.6327 0)
(23.8064 12.1699 -5.23925e-17)
(25.2891 11.5115 -6.47658e-16)
(26.5524 10.6822 8.57792e-16)
(27.5767 9.72405 0)
(28.335 8.66968 1.0477e-15)
(28.8388 7.58959 -2.40439e-15)
(28.987 6.49178 1.33901e-15)
(28.7921 5.42151 -4.10322e-17)
(28.414 4.4376 0)
(27.9966 3.55764 6.44907e-16)
(27.6323 2.70643 1.00725e-17)
(27.3949 1.77102 -3.02955e-16)
(27.2566 0.757723 -1.09999e-15)
(27.1374 -0.237959 -4.04855e-15)
(26.9581 -1.14137 1.80397e-15)
(26.6618 -1.92131 3.30513e-15)
(26.2221 -2.57225 2.88353e-15)
(25.6421 -3.10201 9.80161e-15)
(24.9242 -3.52228 -3.91727e-15)
(24.0745 -3.84633 -2.66152e-17)
(22.9533 -4.06555 4.79411e-18)
(21.536 -4.14156 -1.44912e-15)
(17.942 -4.03295 1.23296e-14)
(2.99372 -17.0763 -2.25434e-17)
(4.267 -19.5396 -2.86568e-17)
(6.05789 -22.0808 2.70208e-17)
(8.34757 -24.3949 -9.88792e-17)
(11.0898 -26.3156 4.58209e-17)
(14.2073 -27.7106 -1.81932e-16)
(17.4793 -28.3748 -7.38748e-16)
(20.5518 -28.1629 -2.11449e-16)
(23.1844 -27.2119 0)
(25.2345 -25.7439 0)
(26.4972 -23.7545 -7.98911e-16)
(27.0194 -21.4566 -4.02059e-16)
(26.9321 -19.0239 8.22796e-16)
(26.3363 -16.5762 -8.35264e-16)
(25.3825 -14.2496 -1.56613e-15)
(24.1866 -12.1064 -1.20184e-15)
(22.864 -10.1921 -2.0142e-15)
(21.4995 -8.51441 -1.63007e-15)
(20.194 -7.07584 0)
(19.0232 -5.85402 0)
(18.0909 -4.83395 4.3241e-15)
(17.5071 -3.99144 2.77401e-16)
(17.4361 -3.32161 -4.70465e-15)
(18.0508 -2.73804 4.05449e-15)
(19.1046 -2.14944 3.79435e-17)
(20.2492 -1.57453 0)
(21.2964 -1.04048 -1.39083e-15)
(22.1676 -0.542354 0)
(22.8114 -0.0683095 0)
(23.1953 0.386178 -9.53659e-16)
(23.3133 0.816199 0)
(23.0824 1.21205 2.9046e-15)
(22.5582 1.5673 4.78051e-15)
(21.819 1.87467 1.99035e-14)
(20.8947 2.125 -6.2447e-15)
(19.7782 2.30998 2.13938e-17)
(18.2601 2.39727 0)
(16.2958 2.34498 4.85011e-16)
(11.6133 2.26541 8.32804e-15)
(6.60349 -12.5119 -4.33995e-17)
(5.70829 -10.476 8.00624e-17)
(5.0994 -8.15144 0)
(4.82981 -5.67902 0)
(5.04076 -3.19061 9.0251e-16)
(5.60607 -0.713798 1.73874e-15)
(6.50087 1.72064 0)
(7.79114 3.93225 0)
(9.40689 5.8217 -1.29199e-15)
(11.2481 7.36377 0)
(13.2426 8.55717 -2.34415e-15)
(15.3268 9.40383 0)
(17.4376 9.91326 -3.87526e-16)
(19.5215 10.1048 3.61083e-16)
(21.5338 10.0011 -3.97407e-16)
(23.4364 9.63375 3.98186e-16)
(25.2 9.02267 8.9541e-17)
(26.7919 8.206 2.35183e-16)
(28.1905 7.2069 4.80381e-16)
(29.369 6.07298 4.92298e-17)
(30.3176 4.83777 -9.96218e-16)
(31.0043 3.56553 1.10822e-15)
(31.5374 2.34544 -6.20712e-17)
(31.9403 1.24321 0)
(32.2151 0.296428 0)
(32.3917 -0.552488 0)
(32.4057 -1.34638 6.132e-17)
(32.154 -2.0277 -1.44064e-17)
(31.6556 -2.5559 9.15358e-16)
(30.9914 -2.95258 4.30245e-17)
(30.2437 -3.26598 -3.54686e-17)
(29.4756 -3.54254 -7.87306e-17)
(28.7142 -3.80957 2.26932e-15)
(27.957 -4.07172 -3.87058e-15)
(27.1705 -4.3191 -2.04499e-17)
(26.335 -4.53894 -4.16518e-15)
(25.2904 -4.70485 0)
(24.2932 -4.8125 5.25724e-16)
(21.2134 -4.57263 8.07756e-15)
(7.7134 -14.3754 5.2085e-17)
(9.13148 -16.1613 -6.9956e-17)
(11.0016 -17.8887 -3.36447e-16)
(13.3412 -19.4317 1.80126e-16)
(16.0799 -20.6244 0)
(19.1634 -21.327 1.60462e-16)
(22.4459 -21.3979 2.20237e-16)
(25.6825 -20.7916 1.13781e-15)
(28.6282 -19.6336 -3.59171e-16)
(31.17 -18.1028 4.93565e-16)
(33.3478 -16.5316 -7.38587e-16)
(35.1078 -15.049 2.51309e-16)
(36.4476 -13.7143 0)
(37.4043 -12.5295 2.52968e-16)
(38.0169 -11.4822 9.55857e-17)
(38.345 -10.5481 7.96996e-16)
(38.4437 -9.69822 0)
(38.3646 -8.90417 0)
(38.1691 -8.14446 1.20458e-16)
(37.9121 -7.3918 -1.22246e-16)
(37.6495 -6.62686 1.8143e-15)
(37.4189 -5.82133 2.48457e-16)
(37.2336 -4.94238 -1.2551e-16)
(36.8886 -3.97193 -1.91285e-15)
(36.22 -2.98049 1.94753e-15)
(35.255 -2.07237 1.70487e-15)
(34.0732 -1.25728 0)
(32.7366 -0.509542 0)
(31.2965 0.177533 0)
(29.8321 0.791154 9.48305e-18)
(28.4241 1.3152 0)
(27.1963 1.74732 0)
(26.1177 2.09932 -7.06245e-15)
(25.0906 2.38185 -5.74888e-15)
(24.011 2.6027 4.41694e-15)
(22.821 2.76552 -3.02486e-15)
(21.323 2.84907 3.17035e-15)
(19.6706 2.83727 -3.65423e-16)
(15.1868 2.51707 -4.71577e-15)
(9.13644 -11.3301 -1.38879e-17)
(8.4514 -9.60849 -3.54682e-16)
(7.96632 -7.63542 3.2556e-16)
(7.67036 -5.5582 4.40878e-16)
(7.69859 -3.44711 1.13543e-15)
(8.02898 -1.30036 -3.07871e-15)
(8.67862 0.811179 1.61679e-15)
(9.64662 2.78735 1.25261e-15)
(10.8851 4.57681 6.00673e-17)
(12.3368 6.13188 8.86809e-16)
(13.9515 7.42499 -6.13665e-16)
(15.6812 8.44191 1.06398e-15)
(17.4739 9.17541 3.64101e-16)
(19.2817 9.62902 0)
(21.0604 9.81441 3.62553e-16)
(22.7719 9.74933 -3.66427e-16)
(24.3815 9.45267 0)
(25.8562 8.9522 -3.51001e-16)
(27.1675 8.27555 -4.51904e-16)
(28.2892 7.46141 8.63245e-17)
(29.2013 6.54821 -8.58434e-17)
(29.8911 5.59157 -5.78145e-17)
(30.3616 4.63493 -8.67963e-16)
(30.6415 3.71964 4.84468e-16)
(30.7907 2.88173 0)
(30.8722 2.09152 4.90197e-16)
(30.9023 1.30295 -6.27457e-17)
(30.8632 0.521961 0)
(30.752 -0.248951 9.01401e-16)
(30.5679 -1.01055 1.7461e-15)
(30.3027 -1.7532 -3.12808e-15)
(29.9436 -2.45691 -2.75754e-15)
(29.4783 -3.0986 -8.74856e-17)
(28.9041 -3.65989 -3.937e-15)
(28.2129 -4.12852 -3.12455e-15)
(27.4163 -4.49818 4.33797e-15)
(26.3797 -4.76084 0)
(25.3158 -4.87549 6.06404e-16)
(22.5575 -4.69364 -1.51948e-14)
(9.95185 -12.926 -4.27372e-17)
(10.9957 -14.447 -5.12118e-17)
(12.3589 -15.9739 1.83431e-16)
(14.0506 -17.4364 0)
(16.0274 -18.6902 5.2254e-17)
(18.2663 -19.6483 0)
(20.6687 -20.2298 -2.93588e-16)
(23.0681 -20.3887 -1.94771e-16)
(25.3037 -20.1342 -2.9349e-16)
(27.2752 -19.514 0)
(28.909 -18.609 8.48474e-16)
(30.1981 -17.5236 2.58876e-16)
(31.2434 -16.3218 -1.20816e-15)
(32.1259 -15.0775 0)
(32.874 -13.8704 7.84616e-16)
(33.5334 -12.7288 2.5198e-16)
(34.1251 -11.6649 -1.19305e-15)
(34.6633 -10.6698 -6.93025e-16)
(35.1455 -9.7287 -2.37091e-16)
(35.5707 -8.81133 1.19711e-16)
(35.9194 -7.89251 -1.79111e-15)
(36.1676 -6.9408 0)
(36.2776 -5.94155 0)
(36.2464 -4.89676 6.11746e-17)
(36.0755 -3.86094 0)
(35.7902 -2.90413 -3.49544e-15)
(35.4381 -2.01886 5.2114e-17)
(35.0041 -1.17909 3.73564e-16)
(34.4255 -0.379764 0)
(33.6373 0.365161 6.3637e-16)
(32.5966 1.03654 -1.11459e-15)
(31.3174 1.6161 0)
(29.8663 2.09326 3.30824e-15)
(28.3339 2.46541 0)
(26.7753 2.73998 0)
(25.1999 2.9245 2.91639e-17)
(23.417 3.01322 -5.00852e-17)
(21.5036 2.94674 3.34838e-16)
(17.4139 2.68165 7.60311e-15)
(11.3769 -10.2231 -4.49499e-17)
(10.7373 -8.78232 -1.11906e-16)
(10.26 -7.11298 2.64957e-16)
(9.94202 -5.35131 3.20971e-16)
(9.88595 -3.54718 0)
(10.0787 -1.68089 0)
(10.5344 0.175517 2.31066e-15)
(11.261 1.94017 -2.03047e-15)
(12.2383 3.57147 0)
(13.4323 5.016 1.38131e-15)
(14.8057 6.24066 1.17655e-15)
(16.3187 7.22464 9.3741e-16)
(17.9255 7.95216 -7.33795e-16)
(19.5811 8.41684 -5.60692e-16)
(21.2412 8.62257 0)
(22.8648 8.57893 -4.03429e-16)
(24.4141 8.30065 -7.96259e-17)
(25.8535 7.80894 1.57413e-16)
(27.1511 7.12835 4.71144e-17)
(28.2781 6.2923 -4.6638e-17)
(29.2121 5.33618 6.77342e-16)
(29.9382 4.30733 -1.34092e-16)
(30.4576 3.25308 9.22011e-16)
(30.7889 2.23157 4.00261e-16)
(30.9762 1.29501 -2.81687e-17)
(31.0731 0.434351 -4.35569e-16)
(31.0949 -0.374777 3.4677e-18)
(31.0324 -1.1252 -3.45486e-18)
(30.8872 -1.80184 -8.61517e-16)
(30.6723 -2.39979 -2.42242e-17)
(30.399 -2.92178 1.57894e-15)
(30.0717 -3.37934 -2.77283e-15)
(29.6848 -3.78665 -2.34446e-15)
(29.2272 -4.15086 4.35322e-17)
(28.6731 -4.471 3.21797e-15)
(28.0096 -4.73546 0)
(27.0937 -4.93177 2.12038e-15)
(26.0745 -4.96201 -6.34045e-16)
(23.546 -4.77646 7.37703e-15)
(12.1273 -11.5582 -2.69885e-17)
(13.0614 -12.8252 1.27356e-16)
(14.2645 -14.1015 2.49566e-16)
(15.7527 -15.3231 0)
(17.4872 -16.3648 -4.83948e-17)
(19.4598 -17.1589 0)
(21.5987 -17.6277 1.59081e-16)
(23.7752 -17.7125 1.2198e-16)
(25.8679 -17.4044 -1.91895e-16)
(27.787 -16.7441 -3.25871e-16)
(29.4605 -15.813 -1.06641e-16)
(30.8573 -14.7118 -7.20421e-16)
(31.9653 -13.5496 7.3662e-16)
(32.7928 -12.4128 -2.10893e-16)
(33.3881 -11.3351 -8.49638e-16)
(33.8067 -10.3326 -1.07801e-15)
(34.104 -9.40748 1.1383e-15)
(34.3263 -8.55236 4.73e-17)
(34.5079 -7.75073 0)
(34.6686 -6.97846 -1.74138e-15)
(34.8107 -6.20948 -1.10631e-16)
(34.922 -5.41721 1.87215e-15)
(34.9747 -4.58356 0)
(34.9375 -3.71117 5.11002e-17)
(34.7845 -2.84068 0)
(34.5258 -2.02626 1.66772e-15)
(34.208 -1.27349 0)
(33.8595 -0.565504 -3.75484e-16)
(33.4796 0.103302 1.57157e-17)
(33.0556 0.727012 -1.01754e-17)
(32.5635 1.2946 1.08717e-15)
(31.9618 1.79708 3.23604e-17)
(31.1918 2.2289 0)
(30.1922 2.5845 -2.58361e-15)
(28.9148 2.86037 -3.57992e-17)
(27.3658 3.04804 2.67738e-15)
(25.4612 3.1368 -5.33585e-15)
(23.3059 3.01852 -4.35592e-18)
(19.3269 2.7578 0)
(13.1246 -9.34624 -5.8105e-17)
(12.5672 -8.10092 -9.93811e-17)
(12.1313 -6.65304 4.39031e-16)
(11.8215 -5.12837 -2.2717e-15)
(11.7204 -3.5653 5.88816e-16)
(11.8257 -1.9316 1.00466e-15)
(12.1519 -0.296706 -9.36171e-16)
(12.7088 1.27667 0)
(13.4877 2.75894 -1.98964e-15)
(14.466 4.10268 -5.92556e-16)
(15.6174 5.27522 0)
(16.9121 6.25373 -8.38327e-16)
(18.3129 7.01765 3.02919e-16)
(19.7811 7.555 -8.14986e-16)
(21.2773 7.86232 0)
(22.7621 7.94238 4.47346e-16)
(24.1982 7.80479 -2.52315e-16)
(25.5495 7.46543 -6.39138e-17)
(26.7828 6.94604 0)
(27.8685 6.27518 3.98337e-16)
(28.7817 5.48814 -6.14476e-16)
(29.5058 4.62929 -4.29174e-17)
(30.0384 3.74748 -7.11467e-16)
(30.3939 2.89185 -7.71545e-16)
(30.6091 2.09727 0)
(30.7311 1.35319 0)
(30.7792 0.629559 -1.02022e-16)
(30.7461 -0.0715925 -1.26287e-17)
(30.6304 -0.739683 7.90516e-16)
(30.4407 -1.37367 -2.27369e-17)
(30.1853 -1.9776 2.27016e-17)
(29.8696 -2.55478 2.58607e-15)
(29.4933 -3.10277 0)
(29.0567 -3.61235 7.80137e-15)
(28.5472 -4.0686 -2.74886e-17)
(27.9661 -4.45383 0)
(27.1832 -4.75283 -7.23243e-17)
(26.3419 -4.85194 0)
(24.1879 -4.74119 -7.05887e-15)
(13.769 -10.5066 6.59082e-17)
(14.5561 -11.6066 -1.9288e-16)
(15.5688 -12.7285 3.07652e-17)
(16.8171 -13.8227 2.96383e-16)
(18.2613 -14.7816 -2.90466e-16)
(19.9048 -15.5596 -5.9336e-17)
(21.6936 -16.0978 -4.24361e-17)
(23.5208 -16.3497 2.53083e-16)
(25.291 -16.3062 2.05988e-16)
(26.9369 -15.9967 2.28851e-16)
(28.401 -15.4746 -5.45406e-16)
(29.6477 -14.7996 7.24803e-16)
(30.6728 -14.0248 3.89729e-16)
(31.5045 -13.169 -3.82052e-16)
(32.1639 -12.2681 1.03404e-15)
(32.676 -11.355 -1.46209e-16)
(33.0674 -10.4565 0)
(33.3656 -9.58601 1.04331e-15)
(33.5956 -8.74668 -4.12567e-16)
(33.7773 -7.92908 1.89179e-15)
(33.9204 -7.12046 0)
(34.0232 -6.30288 -1.70265e-15)
(34.0701 -5.4606 -1.5476e-15)
(34.0353 -4.58279 1.5794e-15)
(33.8923 -3.68956 0)
(33.6424 -2.82653 1.53009e-15)
(33.3172 -2.00523 0)
(32.9391 -1.21675 0)
(32.5101 -0.461403 0)
(32.03 0.247517 -5.91124e-16)
(31.5075 0.895581 0)
(30.9524 1.4711 0)
(30.3675 1.96934 3.23377e-15)
(29.7364 2.39 2.67637e-15)
(28.9989 2.73469 0)
(28.0613 2.9925 2.69965e-15)
(26.6834 3.14336 4.64075e-17)
(24.8173 3.04033 0)
(21.063 2.77629 -2.94834e-15)
(14.5883 -8.59883 8.90836e-17)
(14.0886 -7.51147 -7.7652e-17)
(13.6872 -6.24212 0)
(13.3916 -4.90608 1.09904e-17)
(13.2686 -3.53529 1.33985e-15)
(13.3189 -2.09404 -8.2292e-16)
(13.5559 -0.645277 -1.54996e-17)
(13.9891 0.760796 1.86759e-15)
(14.6173 2.1026 6.62952e-17)
(15.4266 3.33856 -1.44049e-15)
(16.4 4.43737 4.49538e-16)
(17.5161 5.37623 -7.15212e-16)
(18.7455 6.13124 -3.19174e-16)
(20.0565 6.68669 -2.64601e-16)
(21.4141 7.03394 0)
(22.7821 7.16943 9.38377e-17)
(24.1238 7.09723 1.00829e-16)
(25.4039 6.82669 1.58967e-16)
(26.5883 6.37493 6.54274e-17)
(27.646 5.76566 -2.51739e-16)
(28.5506 5.0299 -4.44257e-17)
(29.2836 4.20672 0)
(29.8388 3.33993 6.27312e-16)
(30.2261 2.47308 4.20451e-17)
(30.4748 1.64233 -2.34453e-17)
(30.6235 0.852954 -3.35963e-16)
(30.6904 0.093764 8.53162e-17)
(30.672 -0.631849 1.83863e-16)
(30.5676 -1.3111 -7.36632e-16)
(30.3853 -1.93872 -4.16112e-17)
(30.1337 -2.51489 1.34733e-15)
(29.8192 -3.04132 2.28299e-15)
(29.4423 -3.51812 0)
(29.0031 -3.94171 -5.88483e-17)
(28.4895 -4.30648 -2.87518e-15)
(27.9042 -4.59915 0)
(27.1332 -4.81572 -4.0028e-15)
(26.3267 -4.82791 0)
(24.4887 -4.67844 6.8901e-15)
(15.1618 -9.61596 -5.93407e-17)
(15.8535 -10.578 8.89954e-17)
(16.7408 -11.5668 -1.35339e-16)
(17.8333 -12.5384 0)
(19.0919 -13.3968 1.49627e-16)
(20.5267 -14.1081 2.5673e-16)
(22.0956 -14.6207 0)
(23.7084 -14.8899 1.18392e-16)
(25.2884 -14.9016 2.32229e-16)
(26.7851 -14.6713 -4.11317e-16)
(28.1509 -14.2317 7.66884e-17)
(29.3518 -13.6243 -2.31873e-16)
(30.3811 -12.8922 2.97745e-17)
(31.2422 -12.0839 -9.8318e-16)
(31.9414 -11.247 -1.04033e-15)
(32.4961 -10.4104 1.10703e-15)
(32.9301 -9.58898 -1.84267e-16)
(33.2676 -8.78893 3.68981e-16)
(33.5315 -8.00783 -1.85633e-16)
(33.7398 -7.23711 -1.29002e-15)
(33.903 -6.46307 -1.89782e-16)
(34.0213 -5.67017 1.90991e-16)
(34.0831 -4.8458 1.37296e-15)
(34.0642 -3.992 0)
(33.9385 -3.13569 -9.0385e-17)
(33.7036 -2.31684 -2.7465e-15)
(33.3817 -1.55115 2.04743e-17)
(32.9908 -0.830552 -2.04775e-17)
(32.5314 -0.151349 0)
(31.9999 0.479104 5.54607e-16)
(31.3979 1.05078 0)
(30.7339 1.55588 0)
(30.0209 1.99152 -3.0448e-15)
(29.2735 2.3586 -2.5767e-15)
(28.4945 2.66059 0)
(27.6885 2.89332 -2.71988e-15)
(26.7045 3.0488 5.35476e-15)
(25.495 2.96815 -8.11008e-18)
(22.3987 2.73503 2.79799e-15)
(15.816 -7.9678 1.83995e-17)
(15.369 -7.0053 -6.51863e-17)
(15.0017 -5.87963 3.04528e-16)
(14.7239 -4.69527 -3.52914e-16)
(14.5922 -3.48048 -7.32242e-16)
(14.608 -2.20021 0)
(14.7829 -0.909527 1.07608e-15)
(15.1261 0.350089 -8.38884e-17)
(15.6398 1.56416 4.87742e-16)
(16.3153 2.69632 8.60843e-16)
(17.1415 3.71898 0)
(18.1038 4.61155 1.27064e-15)
(19.1795 5.35015 7.85924e-16)
(20.3431 5.9173 1.48511e-15)
(21.5652 6.30136 0)
(22.8131 6.49437 4.74012e-16)
(24.0533 6.4961 2.9154e-16)
(25.2514 6.31185 -7.6789e-17)
(26.3739 5.95475 -9.15594e-17)
(27.3896 5.44457 1.92196e-16)
(28.2715 4.80921 5.02065e-17)
(28.9996 4.08411 -4.88854e-16)
(29.565 3.31042 0)
(29.9735 2.52964 -6.41919e-16)
(30.2477 1.77552 4.03762e-17)
(30.4192 1.05562 3.54707e-16)
(30.5067 0.354951 0)
(30.5096 -0.326651 -1.7026e-17)
(30.4272 -0.978455 3.10099e-17)
(30.2662 -1.59431 1.22985e-15)
(30.0349 -2.17232 -1.20083e-15)
(29.7394 -2.71149 -2.16358e-15)
(29.38 -3.20942 1.87613e-15)
(28.9563 -3.66067 -7.64469e-17)
(28.4555 -4.05736 2.68076e-15)
(27.8771 -4.38437 3.66272e-15)
(27.1149 -4.63333 1.853e-15)
(26.291 -4.66846 1.11781e-17)
(24.6184 -4.53083 -1.42068e-17)
(16.3261 -8.87194 2.57812e-17)
(16.9344 -9.72617 1.43425e-16)
(17.7141 -10.6108 8.20458e-17)
(18.6728 -11.4879 -1.9402e-16)
(19.7726 -12.2709 -3.16382e-16)
(21.0268 -12.9359 9.60152e-17)
(22.402 -13.4397 2.18137e-17)
(23.8187 -13.7421 -2.57969e-16)
(25.2129 -13.8308 -2.66132e-16)
(26.5462 -13.7179 2.88797e-16)
(27.779 -13.4293 9.65552e-17)
(28.8808 -12.9978 2.85704e-16)
(29.8436 -12.4573 0)
(30.6677 -11.8394 5.74247e-17)
(31.3592 -11.166 6.62974e-16)
(31.9301 -10.455 -3.32372e-16)
(32.3957 -9.72407 3.27545e-16)
(32.7719 -8.98702 0)
(33.075 -8.25057 -6.69458e-16)
(33.3189 -7.51338 1.41972e-15)
(33.5114 -6.76896 0)
(33.6526 -6.00691 -1.38884e-15)
(33.7329 -5.21795 0)
(33.7349 -4.39862 8.65646e-17)
(33.64 -3.56392 -8.61579e-17)
(33.4442 -2.74747 1.28581e-15)
(33.1649 -1.96637 2.09528e-17)
(32.8178 -1.21849 1.89191e-17)
(32.4034 -0.504435 -8.26795e-18)
(31.916 0.165651 5.10809e-16)
(31.3519 0.779229 9.14044e-16)
(30.7109 1.32533 -1.58011e-15)
(29.9951 1.79751 -4.81412e-17)
(29.2077 2.19358 2.99227e-17)
(28.3455 2.51337 0)
(27.4285 2.75155 -3.07178e-17)
(26.3737 2.90394 -2.54443e-15)
(25.4275 2.8154 -2.11217e-17)
(23.1066 2.62095 2.65896e-15)
(16.8664 -7.42579 1.28034e-17)
(16.4636 -6.56553 1.09805e-16)
(16.1272 -5.55893 0)
(15.8681 -4.49944 2.88006e-17)
(15.7351 -3.41458 -5.45423e-16)
(15.7294 -2.26928 0)
(15.8604 -1.11324 3.9355e-16)
(16.1368 0.0192837 -2.15153e-15)
(16.5624 1.11838 2.30873e-15)
(17.1315 2.15276 -7.32827e-16)
(17.8373 3.09874 -6.5787e-16)
(18.6702 3.93801 -1.6512e-15)
(19.6131 4.64781 -9.29972e-16)
(20.6461 5.21042 -7.87918e-16)
(21.7451 5.61208 -1.34256e-16)
(22.8816 5.84204 -3.07428e-16)
(24.0252 5.89628 -2.71245e-16)
(25.1437 5.7759 -1.42049e-16)
(26.2049 5.48972 1.90028e-17)
(27.1782 5.05295 -3.38526e-16)
(28.0362 4.48936 0)
(28.7574 3.82973 4.67462e-17)
(29.3306 3.11054 4.57379e-16)
(29.7577 2.36892 6.05545e-16)
(30.055 1.6354 -3.57497e-17)
(30.2481 0.920145 -3.04719e-16)
(30.354 0.219048 2.48586e-18)
(30.3737 -0.463787 -1.82746e-16)
(30.3073 -1.11549 1.92962e-17)
(30.1607 -1.72692 -2.29801e-15)
(29.9421 -2.29417 -2.41733e-18)
(29.6578 -2.81564 -3.25853e-17)
(29.3092 -3.28978 -1.80083e-15)
(28.8961 -3.71293 -7.67735e-17)
(28.4067 -4.07972 -2.40239e-15)
(27.8388 -4.37514 -6.78308e-15)
(27.0942 -4.59279 1.61006e-15)
(26.2754 -4.58756 -6.0608e-16)
(24.7048 -4.40266 5.62796e-15)
(17.3246 -8.23627 -8.02209e-17)
(17.8664 -9.00126 -1.92998e-16)
(18.5605 -9.7981 -8.60287e-17)
(19.4137 -10.5935 -1.31574e-16)
(20.3893 -11.308 2.27624e-16)
(21.5026 -11.9247 4.59221e-18)
(22.7261 -12.4056 -3.87521e-17)
(23.9893 -12.714 1.58397e-16)
(25.2373 -12.8376 3.09992e-17)
(26.4405 -12.7854 0)
(27.5661 -12.576 3.39975e-16)
(28.588 -12.233 -3.7031e-16)
(29.4993 -11.7797 4.3614e-16)
(30.2989 -11.2395 2.75692e-16)
(30.9882 -10.6348 -2.69994e-16)
(31.5726 -9.98763 -2.6608e-16)
(32.0609 -9.31461 -1.18225e-15)
(32.4642 -8.62734 3.02015e-16)
(32.7949 -7.93079 6.43946e-16)
(33.0638 -7.22438 0)
(33.2779 -6.50259 1.26065e-15)
(33.4375 -5.75741 1.16487e-15)
(33.5352 -4.98193 8.54008e-19)
(33.5553 -4.17864 1.61344e-16)
(33.4812 -3.36645 7.68091e-17)
(33.3082 -2.57552 -1.26196e-15)
(33.0494 -1.82412 3.4885e-17)
(32.7192 -1.11177 -3.02101e-16)
(32.3208 -0.436732 -7.02142e-17)
(31.8511 0.195476 -4.65041e-16)
(31.3077 0.776157 -1.55605e-17)
(30.6906 1.29615 3.07172e-15)
(29.9996 1.74904 2.51866e-15)
(29.2329 2.13109 2.20163e-15)
(28.3754 2.43847 5.32437e-17)
(27.4294 2.66307 -2.25532e-17)
(26.2794 2.79813 2.34509e-15)
(25.2086 2.66426 -3.28586e-16)
(23.3138 2.46081 -2.57361e-15)
(17.7743 -6.95682 -4.33266e-17)
(17.4098 -6.18186 -5.32361e-17)
(17.1017 -5.27472 -4.17487e-16)
(16.8612 -4.31975 1.88857e-15)
(16.7312 -3.3444 -8.66195e-16)
(16.7123 -2.31398 7.79637e-16)
(16.812 -1.2733 -1.53035e-15)
(17.0383 -0.251826 0)
(17.3954 0.744731 -6.79057e-16)
(17.8794 1.689 3.9261e-17)
(18.4863 2.56079 5.64607e-16)
(19.2101 3.34479 1.44887e-15)
(20.0379 4.02026 4.08471e-16)
(20.9545 4.57001 0)
(21.9405 4.9797 0)
(22.9719 5.23687 0)
(24.0216 5.3349 0)
(25.0603 5.27164 1.32727e-16)
(26.0576 5.05238 2.1367e-18)
(26.9842 4.68857 1.28409e-16)
(27.8125 4.20012 -1.70587e-16)
(28.5207 3.61371 2.66443e-16)
(29.0955 2.96196 -3.58652e-16)
(29.5353 2.27902 -2.7983e-17)
(29.8514 1.59341 -1.69767e-17)
(30.0639 0.918426 3.06424e-16)
(30.1879 0.253004 7.07017e-17)
(30.2261 -0.399833 0)
(30.1785 -1.0288 0)
(30.0501 -1.62454 3.60044e-17)
(29.8484 -2.18209 0)
(29.5795 -2.69856 1.81151e-15)
(29.2447 -3.17117 -1.66156e-15)
(28.8442 -3.5956 -2.78312e-15)
(28.3663 -3.96628 4.43545e-15)
(27.8085 -4.26736 3.17244e-15)
(27.0793 -4.48944 -1.50683e-15)
(26.2752 -4.4851 1.17933e-15)
(24.7948 -4.27922 -5.22372e-15)
(18.188 -7.68895 0)
(18.6737 -8.37942 6.0962e-17)
(19.2959 -9.1026 1.67262e-16)
(20.0608 -9.82859 -5.20562e-16)
(20.9328 -10.4844 2.90433e-16)
(21.9285 -11.0582 -1.07965e-16)
(23.0247 -11.5167 3.1798e-17)
(24.1577 -11.8264 -9.97637e-19)
(25.279 -11.9759 -1.24879e-16)
(26.3657 -11.9734 0)
(27.3903 -11.8336 -1.45472e-16)
(28.33 -11.5754 4.9877e-16)
(29.18 -11.2172 -9.93617e-16)
(29.9385 -10.7781 -2.16632e-16)
(30.6048 -10.2751 5.1419e-16)
(31.1827 -9.7222 5.47347e-16)
(31.6773 -9.13073 5.64099e-16)
(32.0951 -8.51074 0)
(32.4444 -7.86852 0)
(32.7326 -7.20641 0)
(32.9644 -6.52293 -1.20896e-15)
(33.1399 -5.81374 0)
(33.2527 -5.07464 1.02471e-15)
(33.2905 -4.30672 1.48294e-16)
(33.2396 -3.52372 1.13055e-15)
(33.0948 -2.75133 1.12465e-15)
(32.8648 -2.00738 0)
(32.5614 -1.29459 2.5281e-16)
(32.188 -0.613337 7.32013e-17)
(31.7423 0.0297916 -1.40729e-17)
(31.2223 0.624723 -1.5718e-15)
(30.6282 1.16052 -2.45697e-17)
(29.9607 1.62911 -2.40547e-15)
(29.2194 2.02434 1.96118e-15)
(28.39 2.34092 0)
(27.4701 2.56935 2.58825e-17)
(26.3385 2.70113 -6.51808e-17)
(25.1462 2.53921 3.19357e-16)
(23.3549 2.29512 -9.79542e-18)
(18.5676 -6.54724 3.42013e-17)
(18.2362 -5.84456 0)
(17.9535 -5.02206 6.76964e-16)
(17.7311 -4.15616 -7.83763e-16)
(17.6062 -3.27433 3.75748e-16)
(17.5795 -2.34269 -6.89345e-16)
(17.6568 -1.40171 6.58473e-16)
(17.845 -0.477002 5.7444e-16)
(18.1482 0.427994 0)
(18.5637 1.28988 5.00116e-16)
(19.089 2.09172 4.27649e-16)
(19.7207 2.82067 -4.21413e-16)
(20.4493 3.45809 -1.11503e-15)
(21.2633 3.98817 -2.88197e-16)
(22.1475 4.39671 7.91887e-16)
(23.0816 4.67046 3.93997e-16)
(24.0424 4.801 -2.24489e-16)
(25.0037 4.78367 -7.98242e-17)
(25.9374 4.62058 2.53606e-17)
(26.8154 4.31975 2.96956e-17)
(27.6112 3.897 1.35005e-16)
(28.3025 3.37488 2.7618e-17)
(28.8745 2.78211 -4.7516e-17)
(29.3227 2.14918 -3.53551e-16)
(29.654 1.5021 0)
(29.8835 0.85498 -2.44795e-16)
(30.024 0.210749 -1.3179e-16)
(30.0789 -0.425008 -1.28473e-16)
(30.0484 -1.0404 -5.03449e-16)
(29.9367 -1.62484 1.99677e-15)
(29.7504 -2.1719 8.49195e-16)
(29.4958 -2.67788 -2.38821e-17)
(29.1741 -3.13985 4.33605e-17)
(28.7855 -3.55381 0)
(28.3192 -3.9148 -2.07613e-15)
(27.7722 -4.20643 0)
(27.0595 -4.41762 0)
(26.274 -4.40042 -5.73043e-16)
(24.8882 -4.17043 2.12321e-17)
(18.9432 -7.21251 -9.1605e-17)
(19.3815 -7.83953 1.9635e-16)
(19.9433 -8.49935 9.45071e-18)
(20.6343 -9.16465 1.3517e-16)
(21.4203 -9.76826 -2.3166e-16)
(22.318 -10.3019 6.94426e-17)
(23.308 -10.7364 -6.17937e-17)
(24.3319 -11.0402 -7.01074e-18)
(25.3464 -11.2031 4.54416e-17)
(26.3334 -11.2325 1.21467e-16)
(27.2695 -11.1403 4.12204e-16)
(28.1346 -10.9417 0)
(28.9261 -10.651 3.5293e-16)
(29.6428 -10.2823 3.47661e-17)
(30.2834 -9.84821 0)
(30.8501 -9.35932 4.50773e-16)
(31.3453 -8.82592 2.24711e-16)
(31.7722 -8.25702 2.47682e-16)
(32.1356 -7.65838 -1.01321e-15)
(32.4399 -7.03296 -1.03697e-15)
(32.6879 -6.38056 1.36017e-16)
(32.8791 -5.69877 -1.06985e-15)
(33.0076 -4.98514 -3.18941e-16)
(33.063 -4.24293 1.35855e-16)
(33.0329 -3.48634 -1.01008e-15)
(32.9117 -2.73806 -6.45845e-17)
(32.7052 -2.01517 0)
(32.4228 -1.32188 0)
(32.0684 -0.658987 1.30093e-17)
(31.641 -0.0318401 -3.68404e-17)
(31.1384 0.550636 1.4755e-15)
(30.5613 1.07803 -2.46355e-17)
(29.9099 1.5419 -2.24961e-15)
(29.1849 1.93419 -1.84053e-15)
(28.3746 2.24914 -3.8571e-17)
(27.4769 2.47503 1.43132e-17)
(26.3949 2.59984 -3.93345e-15)
(25.1986 2.42837 -2.79783e-16)
(23.4336 2.14192 8.8634e-18)
(19.2664 -6.18692 1.46318e-17)
(18.9641 -5.54637 0)
(18.7042 -4.79684 -2.96679e-16)
(18.499 -4.00761 0)
(18.3805 -3.20641 5.99466e-16)
(18.3494 -2.3605 -5.44421e-16)
(18.4104 -1.50619 -5.12146e-16)
(18.569 -0.6666 -5.20037e-16)
(18.8294 0.156922 0)
(19.1893 0.944066 4.26406e-16)
(19.6471 1.68066 -4.20339e-16)
(20.201 2.35603 7.57408e-16)
(20.8441 2.95397 3.62768e-16)
(21.5679 3.46032 3.0156e-16)
(22.3604 3.86142 -4.72106e-16)
(23.2053 4.14405 -3.6742e-16)
(24.0825 4.29872 2.60869e-16)
(24.9691 4.3191 1.66425e-16)
(25.8395 4.20471 0)
(26.6677 3.96034 2.09125e-17)
(27.4281 3.59844 -6.46035e-17)
(28.0987 3.1378 1.23195e-17)
(28.6635 2.60325 -8.25019e-18)
(29.1156 2.02213 7.94218e-16)
(29.4582 1.41819 -5.11442e-17)
(29.7023 0.806021 4.11083e-17)
(29.8582 0.191438 1.19313e-16)
(29.9293 -0.419397 1.37553e-16)
(29.916 -1.01517 4.35856e-16)
(29.8212 -1.58518 -9.16927e-16)
(29.651 -2.12207 -7.82279e-16)
(29.411 -2.62114 -3.1536e-15)
(29.1027 -3.07852 2.80288e-15)
(28.7264 -3.48931 -3.99726e-17)
(28.2718 -3.84787 1.87096e-15)
(27.736 -4.13668 -5.48792e-17)
(27.0405 -4.3422 2.94102e-17)
(26.2735 -4.31698 2.19769e-17)
(24.9818 -4.0701 -4.16786e-15)
(19.6089 -6.79434 5.59146e-17)
(20.0067 -7.36663 -8.91752e-17)
(20.5169 -7.97134 1.31836e-16)
(21.1447 -8.58355 0)
(21.8575 -9.14063 1.47335e-16)
(22.6722 -9.63766 0)
(23.5716 -10.0482 0)
(24.5022 -10.3429 0)
(25.4248 -10.5126 -1.5272e-16)
(26.3245 -10.5644 1.51366e-16)
(27.1811 -10.5084 -1.96325e-16)
(27.9772 -10.3575 0)
(28.7115 -10.1232 0)
(29.384 -9.81687 3.50496e-16)
(29.9931 -9.44813 0)
(30.5404 -9.0249 -4.27871e-16)
(31.0273 -8.55436 -3.02613e-17)
(31.4545 -8.04316 0)
(31.8242 -7.49591 7.35895e-16)
(32.1385 -6.91565 1.23626e-15)
(32.3982 -6.30338 9.66115e-16)
(32.6019 -5.65836 1.02601e-15)
(32.7441 -4.97946 -2.01448e-15)
(32.8157 -4.26955 0)
(32.8059 -3.54089 -8.92875e-16)
(32.7088 -2.81346 -9.81227e-16)
(32.5273 -2.10369 -4.41391e-16)
(32.2688 -1.4182 0)
(31.9366 -0.759976 4.90801e-17)
(31.5304 -0.13523 3.6369e-16)
(31.0483 0.446727 -1.34028e-15)
(30.4903 0.975183 -2.41325e-17)
(29.8566 1.44091 2.02659e-15)
(29.1472 1.83462 -1.59401e-15)
(28.3516 2.15049 -1.22215e-17)
(27.468 2.37437 -3.50669e-17)
(26.4181 2.49096 3.62101e-15)
(25.2689 2.31966 2.57659e-16)
(23.5704 1.99947 3.71274e-15)
(19.8866 -5.8676 1.49723e-17)
(19.6099 -5.28124 -5.62768e-17)
(19.3705 -4.59521 0)
(19.1812 -3.8729 -5.12996e-16)
(19.0698 -3.14224 0)
(19.0366 -2.37119 0)
(19.0855 -1.59281 1.93185e-17)
(19.2211 -0.828305 -3.94275e-16)
(19.4471 -0.0774443 -7.77312e-16)
(19.7613 0.642004 -1.52105e-15)
(20.1629 1.31829 -6.81966e-16)
(20.6509 1.94278 -6.23815e-16)
(21.2203 2.50129 0)
(21.8649 2.98118 -7.20361e-16)
(22.5756 3.3701 2.29622e-16)
(23.339 3.65523 0)
(24.1385 3.82665 -2.49776e-16)
(24.9541 3.8767 -1.5604e-16)
(25.7628 3.80295 0)
(26.5408 3.6077 6.46395e-18)
(27.264 3.30028 -8.89888e-17)
(27.9108 2.8959 0)
(28.4645 2.41575 -3.48795e-17)
(28.9165 1.88383 -1.43947e-17)
(29.2667 1.32148 2.1235e-17)
(29.5228 0.742953 4.0076e-16)
(29.6923 0.155995 -3.08485e-18)
(29.7784 -0.431918 -1.3609e-17)
(29.7811 -1.00929 -1.31048e-17)
(29.7028 -1.56506 2.60363e-17)
(29.5484 -2.09079 7.6047e-16)
(29.3232 -2.5808 2.80364e-15)
(29.0287 -3.03045 7.5823e-19)
(28.6652 -3.43416 -2.12523e-15)
(28.2231 -3.7858 -1.69592e-15)
(27.6998 -4.06711 -2.35029e-15)
(27.0234 -4.26287 -1.05042e-15)
(26.2764 -4.22773 -1.56779e-17)
(25.0753 -3.96909 3.84583e-15)
(20.2001 -6.42462 -9.36316e-17)
(20.5628 -6.94911 -2.14429e-16)
(21.0284 -7.50533 3.29555e-16)
(21.6018 -8.07028 0)
(22.252 -8.58575 2.43351e-16)
(22.9954 -9.04874 0)
(23.817 -9.43559 -1.25076e-17)
(24.6673 -9.71885 -3.67628e-17)
(25.5103 -9.89024 1.41054e-16)
(26.3338 -9.95641 0)
(27.12 -9.92644 -3.27432e-16)
(27.8533 -9.81126 -3.89987e-16)
(28.5339 -9.62087 0)
(29.1625 -9.3642 5.60554e-16)
(29.7383 -9.04846 -1.719e-16)
(30.2625 -8.67916 1.73474e-16)
(30.7359 -8.26111 -2.04362e-16)
(31.1582 -7.79922 -4.1349e-16)
(31.5295 -7.29711 -8.95022e-18)
(31.85 -6.75741 -6.44616e-16)
(32.1187 -6.18148 -2.74191e-16)
(32.3332 -5.56945 2.26939e-16)
(32.4882 -4.92105 9.42952e-16)
(32.5751 -4.24006 -8.94113e-16)
(32.5841 -3.53866 7.97735e-16)
(32.5089 -2.835 9.85671e-16)
(32.3506 -2.14464 4.1914e-16)
(32.1143 -1.47539 5.94758e-18)
(31.8034 -0.831462 -5.2374e-17)
(31.4177 -0.218945 -3.43884e-16)
(30.9558 0.353502 1.44514e-17)
(30.4173 0.875487 -2.36121e-17)
(29.802 1.33743 -1.89075e-15)
(29.1094 1.72934 1.59975e-15)
(28.3293 2.04444 -3.28471e-17)
(27.4601 2.26548 1.69761e-15)
(26.4294 2.37541 -1.68162e-15)
(25.3222 2.20596 0)
(23.7276 1.85841 -3.50409e-15)
(20.4405 -5.58299 2.29177e-17)
(20.1864 -5.04434 0)
(19.9655 -4.41419 0)
(19.7908 -3.75076 9.06458e-16)
(19.6866 -3.08206 -7.71082e-18)
(19.6528 -2.37694 0)
(19.6928 -1.6658 0)
(19.8103 -0.967802 1.44826e-15)
(20.0082 -0.281814 4.85537e-17)
(20.2847 0.376535 4.47127e-17)
(20.639 0.997322 1.51623e-15)
(21.071 1.57369 2.8799e-16)
(21.5768 2.09356 -4.92145e-16)
(22.1521 2.5459 2.1774e-17)
(22.7899 2.91948 0)
(23.4794 3.20222 0)
(24.2071 3.38429 6.99709e-16)
(24.9555 3.4574 5.9906e-17)
(25.7047 3.41763 -6.04549e-17)
(26.4327 3.26512 -6.08421e-18)
(27.1174 3.00639 1.47449e-16)
(27.7379 2.65354 1.3424e-16)
(28.2773 2.22439 -2.00007e-16)
(28.7254 1.73992 -3.2062e-16)
(29.0798 1.2192 5.7743e-17)
(29.3451 0.67576 -3.76307e-16)
(29.5266 0.118557 -4.94671e-17)
(29.6265 -0.444098 1.2371e-17)
(29.6445 -1.00081 -1.21171e-17)
(29.5822 -1.54043 4.6007e-17)
(29.4436 -2.05371 -3.03376e-17)
(29.2336 -2.53405 -1.36904e-15)
(28.9532 -2.97586 -7.37884e-17)
(28.6031 -3.37263 9.95664e-17)
(28.1743 -3.71749 0)
(27.6642 -3.9913 2.17281e-15)
(27.0083 -4.1771 9.83012e-16)
(26.283 -4.13239 0)
(25.1689 -3.86391 0)
(20.7282 -6.09552 0)
(21.0603 -6.57795 1.89287e-16)
(21.4871 -7.09103 -4.77607e-16)
(22.0132 -7.6137 -1.43978e-16)
(22.6089 -8.09157 -2.25013e-16)
(23.2905 -8.52314 0)
(24.0446 -8.88704 0)
(24.8251 -9.15751 1.5816e-17)
(25.5986 -9.32704 -1.00284e-16)
(26.3549 -9.40216 0)
(27.0782 -9.39111 1.51298e-16)
(27.7544 -9.30357 2.11061e-16)
(28.3847 -9.14818 -2.32362e-16)
(28.9708 -8.93243 -2.93065e-16)
(29.5121 -8.66187 5.5743e-16)
(30.0104 -8.34022 0)
(30.4662 -7.97059 1.78905e-16)
(30.8783 -7.55622 1.04229e-17)
(31.246 -7.09942 -9.45864e-16)
(31.568 -6.60199 2.49686e-16)
(31.842 -6.06519 -2.46038e-16)
(32.0645 -5.48949 2.10896e-16)
(32.2302 -4.87517 -3.14919e-16)
(32.3308 -4.22606 1.77661e-15)
(32.3571 -3.5535 6.99475e-16)
(32.3027 -2.87415 -7.25693e-16)
(32.1669 -2.20275 4.81418e-17)
(31.9532 -1.54827 0)
(31.664 -0.916351 4.16362e-17)
(31.2996 -0.313575 -2.90182e-16)
(30.8585 0.251492 5.59098e-16)
(30.3402 0.7685 -1.02956e-15)
(29.7444 1.2276 3.52742e-15)
(29.0698 1.61846 -2.94146e-15)
(28.3067 1.93276 4.06949e-17)
(27.4547 2.15075 -1.56249e-15)
(26.4435 2.25545 -1.10779e-17)
(25.3646 2.08524 -4.51785e-18)
(23.8817 1.71417 -2.89533e-15)
(20.9376 -5.32785 -1.81717e-17)
(20.7037 -4.83152 0)
(20.4996 -4.25099 0)
(20.3383 -3.63994 -3.74475e-16)
(20.2412 -3.02614 -1.91146e-17)
(20.2078 -2.37949 3.26903e-16)
(20.2412 -1.728 -3.19858e-16)
(20.3441 -1.08931 -6.40776e-16)
(20.5189 -0.461452 6.12723e-16)
(20.7638 0.141642 5.8513e-16)
(21.0782 0.711633 -5.47913e-16)
(21.4624 1.2432 0)
(21.9132 1.72585 4.58664e-16)
(22.4277 2.15013 4.05085e-16)
(23.0007 2.50621 8.19672e-16)
(23.6236 2.78291 2.71084e-16)
(24.2852 2.9707 -3.11993e-16)
(24.9708 3.06101 0)
(25.663 3.04893 -2.57541e-17)
(26.3421 2.93302 7.43531e-17)
(26.9877 2.71741 -1.27279e-16)
(27.5799 2.41141 -1.05988e-16)
(28.1021 2.02979 1.63837e-16)
(28.543 1.59059 2.57072e-17)
(28.8984 1.11059 1.82791e-17)
(29.1702 0.60221 -7.09242e-18)
(29.3617 0.0749652 -3.8721e-17)
(29.474 -0.462073 -2.7262e-18)
(29.5064 -0.997509 3.44731e-16)
(29.4595 -1.52007 0)
(29.3366 -2.01986 -6.9963e-16)
(29.1416 -2.48939 3.85893e-17)
(28.8757 -2.92226 2.31437e-17)
(28.5395 -3.31107 3.55428e-15)
(28.1246 -3.64818 3.80999e-17)
(27.6288 -3.91369 -3.73482e-17)
(26.9944 -4.08914 0)
(26.2924 -4.03587 0)
(25.2615 -3.75812 2.99267e-15)
(21.2026 -5.80081 8.06869e-17)
(21.5077 -6.2458 4.69315e-17)
(21.9004 -6.72032 8.07004e-17)
(22.3849 -7.20482 2.47492e-16)
(22.933 -7.64856 -1.08464e-16)
(23.5605 -8.05109 4.49746e-17)
(24.2554 -8.39282 6.66225e-17)
(24.9746 -8.6497 0)
(25.687 -8.81495 0)
(26.384 -8.89488 0)
(27.0511 -8.89711 2.20699e-16)
(27.6755 -8.83034 -4.61564e-16)
(28.2593 -8.70245 3.33182e-16)
(28.8046 -8.51981 -2.22328e-16)
(29.3117 -8.28682 -3.72168e-17)
(29.7826 -8.00593 0)
(30.2179 -7.67874 5.9612e-16)
(30.6163 -7.30705 0)
(30.9765 -6.89189 4.23029e-17)
(31.2963 -6.43424 7.50516e-16)
(31.5724 -5.93499 -9.62524e-16)
(31.8006 -5.39462 9.34581e-16)
(31.9751 -4.81364 7.52854e-16)
(32.0879 -4.19602 -6.86717e-16)
(32.13 -3.55277 -3.18547e-17)
(32.0949 -2.89937 6.93417e-16)
(31.9804 -2.24964 -2.2785e-17)
(31.7884 -1.61296 -2.11252e-17)
(31.5206 -0.995919 -1.17928e-18)
(31.1773 -0.40534 4.27814e-17)
(30.757 0.150364 -6.57075e-17)
(30.2592 0.660869 -2.39812e-17)
(29.683 1.11611 -1.59183e-15)
(29.0272 1.50522 2.73259e-15)
(28.2823 1.81792 -2.80067e-17)
(27.4492 2.03262 2.74741e-17)
(26.4622 2.13238 -1.04002e-17)
(25.4075 1.95774 -3.39286e-18)
(24.0283 1.56619 2.7776e-15)
(21.3858 -5.09803 -1.77686e-17)
(21.1701 -4.63941 3.50043e-17)
(20.9811 -4.10334 -1.27973e-16)
(20.8321 -3.53915 -4.51555e-16)
(20.7419 -2.97431 5.65715e-16)
(20.7095 -2.37985 0)
(20.7378 -1.78166 0)
(20.8289 -1.19596 1.29673e-17)
(20.9845 -0.620401 -5.12771e-16)
(21.2029 -0.06731 0)
(21.4834 0.456185 0)
(21.8265 0.946063 4.11329e-16)
(22.2296 1.39333 -7.80929e-16)
(22.6908 1.78991 3.69837e-16)
(23.2063 2.12732 -2.88114e-17)
(23.7692 2.39529 -4.03065e-16)
(24.3703 2.58482 -2.778e-17)
(24.9975 2.6875 -4.32926e-16)
(25.6356 2.6977 -1.17999e-16)
(26.2672 2.6127 -4.17987e-17)
(26.8736 2.43485 2.55955e-17)
(27.4363 2.171 1.54527e-17)
(27.939 1.83311 -1.59356e-16)
(28.3697 1.4366 2.16903e-17)
(28.723 0.996093 1.31175e-16)
(28.9987 0.522746 1.36047e-16)
(29.1983 0.0260742 3.26434e-17)
(29.3215 -0.484421 -2.27398e-17)
(29.3673 -0.997482 -3.09164e-16)
(29.3352 -1.5018 0)
(29.2275 -1.98704 -5.40668e-16)
(29.0476 -2.44498 -3.51554e-17)
(28.7965 -2.86839 -9.32053e-16)
(28.4744 -3.24896 -3.35686e-15)
(28.0741 -3.57827 -3.46911e-17)
(27.5932 -3.83565 3.39533e-17)
(26.9813 -4.00118 -7.50581e-16)
(26.304 -3.94144 -2.91049e-18)
(25.3521 -3.65616 -5.54698e-15)
(21.6306 -5.53538 0)
(21.9118 -5.94694 -9.085e-17)
(22.2742 -6.38666 -5.26352e-17)
(22.7219 -6.83663 1.21946e-16)
(23.228 -7.24912 0)
(23.8077 -7.62464 0)
(24.4503 -7.94521 -2.01081e-16)
(25.1153 -8.1882 1.3008e-17)
(25.7736 -8.34755 -2.27878e-16)
(26.4177 -8.42933 3.56233e-16)
(27.0345 -8.44072 -2.07654e-16)
(27.612 -8.3897 2.77056e-16)
(28.1528 -8.2835 -2.43531e-17)
(28.6597 -8.1278 4.06918e-16)
(29.1332 -7.92618 -6.63106e-16)
(29.5761 -7.68017 -4.98199e-16)
(29.9892 -7.3904 -3.03485e-16)
(30.3712 -7.05747 0)
(30.7207 -6.68136 4.84126e-16)
(31.0349 -6.26216 1.59664e-16)
(31.31 -5.80016 0)
(31.5413 -5.29562 -8.91631e-16)
(31.7225 -4.74886 -3.7043e-16)
(31.8458 -4.16353 4.22125e-16)
(31.9021 -3.55012 -6.14368e-16)
(31.8846 -2.92317 0)
(31.7902 -2.29555 0)
(31.6192 -1.67689 -9.29377e-18)
(31.3726 -1.07464 -2.71911e-17)
(31.0503 -0.4961 2.69793e-16)
(30.651 0.0501844 -5.07414e-16)
(30.1738 0.55385 -8.26899e-16)
(29.6178 1.00465 1.48512e-15)
(28.9815 1.39111 1.19964e-15)
(28.2558 1.70118 -1.93415e-15)
(27.4426 1.91227 1.89233e-17)
(26.4833 2.00614 3.05214e-17)
(25.4559 1.82491 9.66666e-17)
(24.1698 1.41741 0)
(21.7917 -4.88998 -4.50268e-17)
(21.5923 -4.46527 -6.72043e-17)
(21.4171 -3.96927 1.33388e-16)
(21.2792 -3.44728 2.72581e-16)
(21.1954 -2.92639 -5.16748e-16)
(21.1646 -2.37879 -4.55117e-16)
(21.1891 -1.82837 4.67509e-16)
(21.2703 -1.29035 9.05701e-16)
(21.4098 -0.762004 -4.42079e-16)
(21.6057 -0.254264 0)
(21.8572 0.226786 7.7525e-16)
(22.1647 0.678079 -1.0862e-15)
(22.5264 1.09202 3.58876e-16)
(22.9408 1.46168 -2.91125e-16)
(23.4052 1.77972 -2.66113e-16)
(23.9141 2.03697 -4.48915e-16)
(24.4602 2.22514 3.62315e-16)
(25.0333 2.33606 1.357e-18)
(25.6204 2.36385 1.66216e-16)
(26.2063 2.30491 0)
(26.774 2.15991 -3.90249e-17)
(27.3064 1.93374 -1.23667e-17)
(27.7877 1.63596 4.09894e-17)
(28.2058 1.27957 -2.32077e-17)
(28.5542 0.877102 -9.93952e-17)
(28.8314 0.438323 1.4109e-17)
(29.037 -0.0276464 0)
(29.1696 -0.511117 -7.00701e-17)
(29.2274 -1.0011 3.17291e-16)
(29.2093 -1.48629 -5.84922e-16)
(29.1165 -1.95603 5.48522e-16)
(28.9517 -2.40149 5.91091e-17)
(28.7153 -2.81468 8.07728e-16)
(28.4079 -3.18646 1.57707e-15)
(28.0226 -3.50762 -4.18583e-17)
(27.5575 -3.75683 1.84035e-17)
(26.9689 -3.91289 6.90263e-16)
(26.3174 -3.84913 -3.48035e-16)
(25.4399 -3.55984 2.54563e-15)
(22.0182 -5.29526 2.10044e-17)
(22.2781 -5.67656 7.31461e-17)
(22.6135 -6.0848 0)
(23.0283 -6.50325 0)
(23.497 -6.88711 1.19233e-16)
(24.0343 -7.23757 6.24696e-17)
(24.6304 -7.5379 1.74636e-16)
(25.247 -7.76701 -3.18199e-17)
(25.8572 -7.91925 7.05256e-17)
(26.4541 -8.00068 -9.35713e-18)
(27.0255 -8.01796 -1.48409e-16)
(27.5604 -7.97859 0)
(28.0618 -7.88941 -3.01663e-16)
(28.5326 -7.7555 -3.34344e-16)
(28.9739 -7.57996 7.93905e-16)
(29.3888 -7.36368 0)
(29.7787 -7.10656 4.70311e-16)
(30.1425 -6.80837 -5.07858e-16)
(30.4788 -6.46812 2.55586e-16)
(30.7847 -6.0851 -1.34898e-16)
(31.0562 -5.65886 -7.4554e-16)
(31.288 -5.18919 0)
(31.474 -4.67609 0)
(31.6058 -4.12285 -3.03696e-17)
(31.6746 -3.53948 7.7938e-17)
(31.6731 -2.9396 5.20321e-16)
(31.5974 -2.33522 -3.60961e-17)
(31.4466 -1.73593 -2.39095e-16)
(31.2206 -1.14978 0)
(30.9191 -0.584473 -2.70284e-16)
(30.5407 -0.0487329 4.82648e-16)
(30.0844 0.447025 2.16321e-17)
(29.549 0.892331 -2.77243e-15)
(28.9329 1.27504 -2.36838e-15)
(28.2276 1.58177 1.8708e-15)
(27.435 1.78924 2.93756e-17)
(26.5054 1.87635 1.19316e-15)
(25.5093 1.68919 -9.96613e-17)
(24.308 1.27162 -2.02321e-15)
(22.1604 -4.70083 1.47713e-17)
(21.9757 -4.3069 5.77093e-17)
(21.813 -3.84712 1.12499e-16)
(21.6853 -3.36341 0)
(21.6076 -2.88216 0)
(21.5785 -2.37674 8.07432e-16)
(21.6 -1.86947 -4.01365e-16)
(21.6731 -1.37445 -1.43591e-17)
(21.799 -0.88871 1.10562e-15)
(21.9756 -0.422109 -3.72474e-16)
(22.202 0.0201371 -3.84204e-16)
(22.4788 0.435825 1.29182e-15)
(22.8043 0.818397 -3.15133e-16)
(23.1775 1.16213 5.32806e-16)
(23.5964 1.46072 0)
(24.057 1.70602 2.35027e-16)
(24.5531 1.89044 -2.26565e-16)
(25.0763 2.00628 3.28679e-16)
(25.6157 2.04753 -3.04452e-17)
(26.1579 2.01005 -4.98475e-17)
(26.6877 1.89335 2.65619e-17)
(27.1894 1.70058 0)
(27.648 1.43924 1.07574e-16)
(28.0514 1.12017 1.98163e-17)
(28.3925 0.754008 3.93339e-18)
(28.6687 0.349069 7.6736e-17)
(28.8783 -0.0862739 2.86286e-17)
(29.0187 -0.542371 5.03838e-17)
(29.0874 -1.00861 -2.85099e-16)
(29.0823 -1.47376 5.87332e-16)
(29.0039 -1.92702 -3.07933e-17)
(28.8539 -2.35906 8.25403e-16)
(28.6325 -2.76122 -7.6921e-16)
(28.3401 -3.1236 0)
(27.9704 -3.43614 1.05452e-15)
(27.5218 -3.67701 -1.66221e-17)
(26.9572 -3.82382 1.10789e-17)
(26.3325 -3.75755 3.35833e-16)
(25.525 -3.46849 4.9643e-17)
(22.3704 -5.07704 2.50696e-17)
(22.6111 -5.43095 -1.48663e-16)
(22.9224 -5.81045 0)
(23.3077 -6.20007 -1.59023e-16)
(23.743 -6.55756 2.35106e-16)
(24.2422 -6.88465 -1.6427e-16)
(24.7965 -7.16579 -6.63235e-18)
(25.37 -7.38113 -1.09966e-17)
(25.937 -7.5256 0)
(26.4913 -7.60508 -3.21189e-16)
(27.0218 -7.6259 1.3092e-16)
(27.5179 -7.59517 -2.27509e-16)
(27.9829 -7.51929 3.73806e-16)
(28.4201 -7.40305 1.16281e-17)
(28.8307 -7.24915 1.42274e-16)
(29.2184 -7.05817 0)
(29.5847 -6.82949 -6.40995e-16)
(29.9291 -6.56226 2.57306e-16)
(30.2504 -6.25477 -3.05902e-17)
(30.5459 -5.90558 1.05346e-15)
(30.8113 -5.51356 4.26791e-16)
(31.0415 -5.07793 1.40323e-16)
(31.23 -4.59812 1.47017e-16)
(31.3687 -4.07691 -7.40614e-16)
(31.4482 -3.52369 -7.1281e-17)
(31.461 -2.95132 -9.76256e-16)
(31.4026 -2.37099 -6.78197e-17)
(31.2708 -1.79209 2.61489e-16)
(31.0649 -1.22305 2.97121e-17)
(30.784 -0.671979 2.01612e-16)
(30.4265 -0.147807 2.68067e-17)
(29.9913 0.339 2.10417e-17)
(29.4768 0.777729 1.29475e-15)
(28.8816 1.15571 -3.35002e-17)
(28.1975 1.45861 1.47245e-17)
(27.4269 1.66241 4.31196e-17)
(26.5282 1.74285 -1.13198e-15)
(25.566 1.55346 -3.0683e-17)
(24.4431 1.1329 1.91649e-15)
(22.4963 -4.52828 4.04351e-17)
(22.325 -4.16236 -1.82346e-16)
(22.1736 -3.73557 8.40225e-17)
(22.0552 -3.28669 0)
(21.9832 -2.84132 -3.65559e-16)
(21.956 -2.37411 6.49858e-16)
(21.9752 -1.90587 3.45423e-16)
(22.0415 -1.44976 -3.30539e-18)
(22.1556 -1.00265 -3.77691e-16)
(22.3155 -0.573461 -6.16933e-16)
(22.5203 -0.166719 -2.92731e-16)
(22.7702 0.216125 -8.89724e-16)
(23.064 0.56945 2.54931e-16)
(23.4009 0.888479 -2.83984e-16)
(23.7795 1.16786 0)
(24.1965 1.40038 0)
(24.6473 1.57924 4.34299e-16)
(25.1248 1.69726 -1.36115e-16)
(25.6197 1.74858 -1.60148e-16)
(26.1204 1.72866 7.63051e-17)
(26.6135 1.63614 2.93734e-18)
(27.0845 1.47281 -6.75982e-17)
(27.5195 1.24441 -3.99025e-17)
(27.9066 0.959837 8.41411e-18)
(28.2382 0.628009 1.63697e-16)
(28.5113 0.255845 -1.02004e-16)
(28.7229 -0.149191 -2.0983e-17)
(28.8695 -0.577767 0)
(28.9477 -1.01977 -2.26747e-16)
(28.9547 -1.46415 2.84285e-17)
(28.89 -1.90008 -2.77892e-17)
(28.7545 -2.31782 -7.87412e-16)
(28.5482 -2.70816 -5.23951e-18)
(28.271 -3.06049 -4.19721e-17)
(27.9174 -3.36396 -4.36414e-17)
(27.4862 -3.59634 -1.27707e-15)
(26.9462 -3.73416 5.3766e-16)
(26.3493 -3.66643 2.59294e-17)
(25.6071 -3.38096 -6.31174e-17)
(22.6915 -4.87794 8.8699e-17)
(22.9149 -5.20686 5.45067e-17)
(23.2043 -5.56006 8.10832e-17)
(23.563 -5.92316 6.95995e-17)
(23.9681 -6.25632 -3.07299e-16)
(24.4331 -6.56158 1.34611e-16)
(24.9498 -6.82452 3.97306e-18)
(25.4842 -7.0264 0)
(26.0122 -7.16268 -6.62726e-17)
(26.5282 -7.23905 7.95458e-17)
(27.0215 -7.26154 -2.65137e-16)
(27.4824 -7.23694 3.55253e-16)
(27.914 -7.1714 0)
(28.3199 -7.06941 0)
(28.7016 -6.93348 -4.6066e-16)
(29.0629 -6.76397 -1.66178e-16)
(29.4058 -6.55996 1.97844e-16)
(29.7302 -6.32015 -2.03329e-16)
(30.0353 -6.04239 -4.59304e-16)
(30.3186 -5.72456 -4.85849e-16)
(30.5761 -5.36487 -4.80596e-16)
(30.8025 -4.96197 0)
(30.9917 -4.51465 5.17118e-16)
(31.1353 -4.02503 1.32945e-16)
(31.2237 -3.5019 -1.29821e-16)
(31.2491 -2.95743 -4.02288e-17)
(31.2064 -2.40195 3.16295e-17)
(31.0926 -1.84452 2.98189e-17)
(30.906 -1.29377 -2.82706e-17)
(30.6453 -0.758134 0)
(30.3086 -0.24668 3.72221e-16)
(29.8945 0.230039 6.47721e-16)
(29.4015 0.661091 1.20003e-15)
(28.8276 1.03339 1.95876e-15)
(28.1657 1.33189 1.50406e-15)
(27.4184 1.53172 -1.03024e-15)
(26.5514 1.60624 1.05434e-15)
(25.6242 1.41965 3.51108e-17)
(24.5743 1.00309 -1.21397e-17)
(22.8032 -4.37036 -8.005e-17)
(22.6439 -4.03007 3.91679e-17)
(22.503 -3.63343 -7.97332e-17)
(22.3932 -3.21641 4.87783e-16)
(22.3264 -2.80363 -6.05272e-16)
(22.301 -2.37118 -6.16324e-16)
(22.3184 -1.93839 -2.97912e-16)
(22.3789 -1.51757 -2.71796e-16)
(22.4829 -1.10555 -5.90722e-16)
(22.6283 -0.710473 5.76223e-16)
(22.8141 -0.33612 2.95776e-16)
(23.0406 0.0164873 -2.58398e-16)
(23.3064 0.342605 0)
(23.6112 0.638251 -6.45689e-16)
(23.9539 0.898863 2.03409e-16)
(24.332 1.11822 0)
(24.7417 1.29021 -2.82366e-16)
(25.1773 1.40822 0)
(25.6308 1.46662 1.51219e-16)
(26.0924 1.46077 8.59783e-17)
(26.5502 1.38869 -6.13907e-18)
(26.991 1.25107 7.46476e-17)
(27.4018 1.05215 4.88851e-17)
(27.7712 0.799242 -2.85396e-17)
(28.0916 0.499699 -1.09698e-16)
(28.3595 0.159075 -1.05455e-17)
(28.5713 -0.21619 1.37235e-17)
(28.7224 -0.617314 -3.03495e-18)
(28.8087 -1.03474 1.90262e-16)
(28.8268 -1.45771 4.26781e-16)
(28.7751 -1.87549 0)
(28.6538 -2.27811 0)
(28.4625 -2.65584 0)
(28.2007 -2.9975 -3.18431e-17)
(27.8638 -3.29145 -8.2719e-16)
(27.4506 -3.51519 1.19024e-15)
(26.9359 -3.64444 -1.01999e-15)
(26.3674 -3.57631 -3.58224e-18)
(25.6863 -3.29679 1.74421e-15)
(22.9848 -4.69566 7.65436e-17)
(23.1926 -5.0017 -1.67144e-16)
(23.4622 -5.33076 -1.47155e-16)
(23.7967 -5.66931 2.36179e-16)
(24.1744 -5.97995 1.74092e-16)
(24.6084 -6.26483 0)
(25.0909 -6.51046 -1.12842e-16)
(25.59 -6.69931 2.65962e-17)
(26.0827 -6.82721 1.65196e-16)
(26.5637 -6.89967 -8.99603e-17)
(27.0232 -6.9225 3.53589e-16)
(27.4518 -6.90223 -3.35463e-16)
(27.8529 -6.84472 -2.186e-16)
(28.2297 -6.7543 -3.13426e-17)
(28.5842 -6.63331 5.48333e-16)
(28.9203 -6.48202 0)
(29.2403 -6.29936 0)
(29.5447 -6.08379 3.8335e-16)
(29.8329 -5.83279 0)
(30.1028 -5.54379 0)
(30.3507 -5.21445 6.83046e-16)
(30.5716 -4.84273 2.23821e-16)
(30.7596 -4.42685 -6.16096e-16)
(30.9062 -3.96823 1.19102e-16)
(31.0018 -3.47499 -1.18782e-16)
(31.0381 -2.9585 1.37848e-16)
(31.0096 -2.42838 0)
(30.9126 -1.89324 0)
(30.7445 -1.36171 0)
(30.5034 -0.842433 -1.86271e-16)
(30.1873 -0.344651 -3.12019e-16)
(29.7945 0.121042 3.23517e-17)
(29.323 0.543461 -1.10944e-15)
(28.7711 0.909179 -1.81582e-15)
(28.1322 1.20258 -1.47134e-15)
(27.4094 1.39796 1.9488e-15)
(26.5747 1.46771 -3.04944e-17)
(25.6829 1.28825 0)
(24.7013 0.881628 1.33861e-15)
(23.0841 -4.22545 3.28009e-17)
(22.9357 -3.90869 -3.2923e-17)
(22.8044 -3.53976 -2.45293e-16)
(22.7024 -3.15185 -2.82013e-16)
(22.6405 -2.76893 5.39528e-16)
(22.617 -2.36814 0)
(22.633 -1.96765 0)
(22.6885 -1.57892 7.76405e-16)
(22.7836 -1.19885 -7.26235e-16)
(22.9164 -0.834827 -4.67469e-16)
(23.0856 -0.490157 2.55322e-16)
(23.2913 -0.165348 6.52778e-16)
(23.5325 0.135464 -1.97919e-16)
(23.8088 0.409056 -1.69368e-16)
(24.1195 0.651602 1.5932e-16)
(24.4626 0.857668 -2.34859e-17)
(24.8352 1.02185 1.06732e-16)
(25.2324 1.13815 0)
(25.6478 1.20126 1.41804e-16)
(26.0726 1.20657 -8.12722e-17)
(26.4966 1.15163 1.69254e-17)
(26.9078 1.03631 1.77959e-17)
(27.2943 0.863686 -1.24344e-16)
(27.6451 0.639651 7.84899e-17)
(27.9528 0.370219 0)
(28.2139 0.0596727 6.55177e-17)
(28.4241 -0.286615 0)
(28.578 -0.660572 0)
(28.671 -1.05325 0)
(28.699 -1.45434 -3.82779e-16)
(28.6595 -1.85331 4.36024e-17)
(28.552 -2.24002 6.04716e-16)
(28.3755 -2.60438 3.49974e-17)
(28.1294 -2.93471 -3.43092e-17)
(27.8095 -3.2187 0)
(27.4151 -3.43373 0)
(26.9261 -3.55488 2.81957e-17)
(26.3866 -3.48744 4.58139e-16)
(25.7624 -3.21593 -1.66022e-15)
(23.2534 -4.52832 6.61285e-17)
(23.447 -4.81332 4.07063e-17)
(23.6985 -5.12007 1.36893e-16)
(24.0109 -5.43586 -1.10426e-16)
(24.3638 -5.72556 -7.28063e-17)
(24.7695 -5.99135 1.89737e-16)
(25.2209 -6.22063 -9.09223e-17)
(25.6877 -6.39688 4.81077e-18)
(26.1481 -6.51635 -1.2458e-16)
(26.5974 -6.58435 3.51817e-18)
(27.026 -6.60649 9.3051e-17)
(27.4251 -6.58907 0)
(27.7978 -6.53775 3.51929e-16)
(28.1478 -6.45667 -2.09274e-16)
(28.4768 -6.3481 0)
(28.789 -6.21226 -2.69429e-16)
(29.087 -6.04808 -1.58441e-16)
(29.3715 -5.85386 6.52413e-16)
(29.6424 -5.62688 1.73197e-16)
(29.8981 -5.36421 3.66715e-16)
(30.1353 -5.06306 -3.86581e-16)
(30.3492 -4.72088 -6.22447e-16)
(30.5342 -4.33525 2.09164e-16)
(30.6821 -3.90684 -4.26454e-16)
(30.7831 -3.44305 -1.08209e-16)
(30.8287 -2.9545 1.78841e-16)
(30.8129 -2.45012 -5.15505e-17)
(30.7313 -1.93797 -1.92602e-16)
(30.5807 -1.42655 0)
(30.3588 -0.924572 1.77239e-16)
(30.0629 -0.441379 0)
(29.6912 0.0123871 1.12547e-15)
(29.2416 0.425334 0)
(28.7121 0.783741 7.96001e-16)
(28.097 1.07144 4.59839e-17)
(27.3997 1.26214 -9.00325e-16)
(26.5977 1.32825 -9.32133e-16)
(25.7418 1.15833 0)
(24.824 0.765614 -1.27463e-15)
(23.3417 -4.09216 -2.73326e-17)
(23.2034 -3.79711 3.56431e-17)
(23.0809 -3.45363 1.20934e-16)
(22.9861 -3.09258 -2.30422e-16)
(22.9287 -2.73694 0)
(22.9069 -2.36514 -4.25817e-16)
(22.9217 -1.99413 -2.22791e-16)
(22.9728 -1.6347 1.07914e-15)
(23.0603 -1.28376 4.37447e-16)
(23.1819 -0.948105 4.42847e-18)
(23.3364 -0.630566 4.13462e-16)
(23.5239 -0.331349 -4.00662e-16)
(23.7432 -0.0539594 3.51693e-16)
(23.9941 0.198952 3.46075e-16)
(24.2763 0.424228 -2.93564e-16)
(24.588 0.617126 1.2245e-16)
(24.9269 0.772925 -3.5425e-16)
(25.2892 0.886226 0)
(25.6692 0.952046 -1.34055e-16)
(26.0598 0.965919 -8.3079e-17)
(26.4516 0.925166 4.19507e-19)
(26.8342 0.82907 -3.58337e-17)
(27.1964 0.679708 7.32399e-17)
(27.528 0.481806 -4.3589e-17)
(27.822 0.240213 2.06223e-17)
(28.0746 -0.0418722 -5.88257e-18)
(28.2816 -0.360145 -1.65983e-17)
(28.4368 -0.707404 0)
(28.5351 -1.07532 0)
(28.5718 -1.45419 4.12152e-17)
(28.5437 -1.83375 -6.60267e-16)
(28.4494 -2.20385 -1.23358e-15)
(28.2875 -2.55413 3.51746e-17)
(28.0572 -2.87252 0)
(27.7546 -3.14612 7.39251e-16)
(27.3795 -3.35231 8.94596e-16)
(26.9167 -3.46581 8.04048e-16)
(26.4066 -3.40012 -8.49747e-16)
(25.8353 -3.13865 0)
(23.4998 -4.37435 4.53958e-17)
(23.6804 -4.6399 -8.32478e-17)
(23.9154 -4.92597 0)
(24.2076 -5.22063 -3.65177e-16)
(24.5377 -5.49078 -2.01032e-16)
(24.9175 -5.73867 -6.95143e-17)
(25.3404 -5.95245 6.72091e-17)
(25.7776 -6.1166 4.19746e-17)
(26.2086 -6.22769 0)
(26.6287 -6.29092 -2.55091e-16)
(27.0289 -6.31168 -1.90422e-16)
(27.4009 -6.296 -1.43083e-16)
(27.7477 -6.2494 -1.84215e-16)
(28.0727 -6.17586 3.85508e-16)
(28.378 -6.07766 0)
(28.6676 -5.95501 2.37839e-16)
(28.9445 -5.80682 5.26465e-16)
(29.2095 -5.6314 -3.05588e-16)
(29.4631 -5.4259 -3.27883e-16)
(29.7041 -5.18718 -3.48596e-16)
(29.9297 -4.91212 7.14089e-16)
(30.1354 -4.59769 2.11824e-16)
(30.316 -4.24092 -5.93905e-16)
(30.4637 -3.84168 2.16432e-17)
(30.5684 -3.40668 3.82998e-16)
(30.6216 -2.94587 3.95257e-16)
(30.6168 -2.46739 0)
(30.5494 -1.97877 1.83758e-16)
(30.4154 -1.48821 0)
(30.2118 -1.00439 0)
(29.9358 -0.536689 0)
(29.5851 -0.0957528 -1.06904e-15)
(29.1575 0.306857 9.00526e-16)
(28.6509 0.657181 7.52737e-16)
(28.0602 0.938624 6.42319e-17)
(27.3892 1.12481 -1.03057e-16)
(26.6203 1.18826 9.07585e-16)
(25.8008 1.02831 0)
(24.9427 0.651741 0)
(23.5783 -3.96933 -3.30724e-17)
(23.4492 -3.69432 1.24828e-18)
(23.3348 -3.37434 -1.01212e-16)
(23.2466 -3.03802 4.14348e-16)
(23.1934 -2.70751 0)
(23.1733 -2.36228 3.95828e-16)
(23.1871 -2.01827 0)
(23.2344 -1.68562 7.18909e-16)
(23.315 -1.36132 3.46125e-16)
(23.4267 -1.05155 -3.8204e-16)
(23.5682 -0.758858 -3.46283e-16)
(23.7395 -0.483117 3.47577e-16)
(23.9394 -0.227372 -3.31127e-16)
(24.1678 0.00621755 2.86408e-16)
(24.4243 0.215068 2.7697e-16)
(24.7078 0.395089 1.096e-16)
(25.0163 0.542146 -1.10601e-16)
(25.3467 0.651399 7.17894e-17)
(25.6943 0.718312 -2.22992e-17)
(26.0528 0.738623 1.06853e-16)
(26.4143 0.709534 0)
(26.7693 0.629869 1.10747e-17)
(27.1076 0.500969 -7.12782e-17)
(27.4198 0.326645 -5.57959e-17)
(27.6991 0.110709 -5.84024e-17)
(27.942 -0.144633 -6.01298e-17)
(28.1442 -0.436048 2.46734e-17)
(28.2993 -0.757256 -2.02002e-18)
(28.4015 -1.10061 -1.41621e-16)
(28.4457 -1.45709 0)
(28.428 -1.81679 1.14465e-15)
(28.3463 -2.16965 1.07375e-15)
(28.1987 -2.50518 0)
(27.9842 -2.81105 0)
(27.6992 -3.07386 -6.99868e-16)
(27.344 -3.27117 -8.50355e-16)
(26.9075 -3.37754 -3.66037e-16)
(26.4271 -3.31447 3.72044e-16)
(25.9048 -3.06471 1.22888e-17)
(23.7261 -4.23235 -6.0456e-17)
(23.8948 -4.47989 6.54685e-17)
(24.1147 -4.74673 2.25252e-16)
(24.3884 -5.02167 7.68989e-17)
(24.6976 -5.27361 1.92361e-16)
(25.0535 -5.50469 -1.05017e-16)
(25.4502 -5.7038 0)
(25.8602 -5.85636 -2.87089e-17)
(26.264 -5.95924 -8.83403e-17)
(26.6573 -6.01747 4.2313e-16)
(27.0315 -6.03628 5.30225e-16)
(27.3784 -6.02152 -2.10342e-16)
(27.7012 -5.97852 -1.56093e-16)
(28.0032 -5.91116 -1.98981e-16)
(28.2863 -5.82162 1.87221e-16)
(28.5548 -5.71019 -4.59732e-16)
(28.8115 -5.57585 -1.76685e-17)
(29.0578 -5.41692 -5.3052e-16)
(29.2945 -5.23054 5.50832e-16)
(29.5206 -5.01349 0)
(29.7339 -4.76241 -4.92571e-16)
(29.9305 -4.47389 6.80575e-16)
(30.1054 -4.14445 1.69222e-16)
(30.2513 -3.77326 3.70192e-16)
(30.3583 -3.36634 -3.66454e-16)
(30.4174 -2.93288 8.73413e-17)
(30.4222 -2.48033 -8.53257e-17)
(30.3675 -2.0156 -1.60033e-16)
(30.2489 -1.54654 0)
(30.0629 -1.08167 -1.42564e-16)
(29.8063 -0.630338 5.24983e-16)
(29.4764 -0.20313 0)
(29.0708 0.188274 -9.03684e-16)
(28.5874 0.52975 -1.40756e-17)
(28.0218 0.804445 9.82107e-17)
(27.3779 0.986195 -9.54078e-17)
(26.6424 1.04759 -7.7107e-16)
(25.8601 0.89735 -1.40126e-17)
(25.0577 0.538351 0)
(23.796 -3.85588 3.89302e-17)
(23.6753 -3.59947 0)
(23.5685 -3.30122 -3.12634e-16)
(23.4863 -2.9878 0)
(23.4369 -2.6804 -1.72873e-16)
(23.4184 -2.35962 1.63183e-16)
(23.4314 -2.04042 -3.35213e-16)
(23.4753 -1.73233 -6.85773e-16)
(23.5498 -1.43239 -2.70453e-17)
(23.6527 -1.14636 -3.25311e-16)
(23.7825 -0.876395 2.97398e-16)
(23.9393 -0.622231 8.80204e-16)
(24.1219 -0.386495 -2.70647e-16)
(24.3302 -0.170856 1.6142e-18)
(24.5638 0.0224879 -4.61294e-16)
(24.8219 0.19005 0)
(25.1029 0.328253 1.77198e-16)
(25.4043 0.432788 0)
(25.7221 0.499542 0)
(26.0509 0.524475 -1.51588e-16)
(26.3838 0.504808 0)
(26.7123 0.439116 0)
(27.0273 0.328129 1.01634e-16)
(27.32 0.174852 4.3533e-17)
(27.584 -0.0176918 8.11554e-17)
(27.8163 -0.248091 -9.63183e-18)
(28.0124 -0.513934 -3.42167e-18)
(28.166 -0.809885 -5.32969e-17)
(28.2706 -1.12903 1.35324e-16)
(28.3212 -1.46308 0)
(28.3129 -1.80259 -6.71596e-17)
(28.2431 -2.13769 -4.65074e-16)
(28.1095 -2.45788 1.67888e-15)
(27.9106 -2.75069 0)
(27.6435 -3.00233 -5.63369e-16)
(27.3086 -3.19067 1.75741e-17)
(26.8985 -3.2904 -1.68147e-17)
(26.4478 -3.23072 0)
(25.9708 -2.99421 0)
(23.9343 -4.10117 -4.96894e-17)
(24.0921 -4.33197 0)
(24.298 -4.58091 -3.39029e-16)
(24.5546 -4.83742 -2.60139e-16)
(24.8446 -5.0723 0)
(25.1786 -5.28759 0)
(25.5509 -5.47279 8.68023e-17)
(25.9358 -5.61423 -3.35926e-17)
(26.3146 -5.70912 0)
(26.6831 -5.76231 -1.35877e-16)
(27.0332 -5.77883 1.37175e-16)
(27.3571 -5.76437 0)
(27.6577 -5.72405 0)
(27.9383 -5.66165 -1.63962e-16)
(28.2008 -5.57938 3.54196e-16)
(28.4494 -5.47756 -3.96382e-16)
(28.6871 -5.35526 2.09503e-16)
(28.9155 -5.21084 -2.26915e-19)
(29.1355 -5.04153 2.45162e-16)
(29.3469 -4.84407 -5.25569e-16)
(29.5476 -4.61496 1.31783e-16)
(29.7343 -4.3505 1.47005e-16)
(29.9026 -4.04678 -4.71652e-16)
(30.0455 -3.70238 -3.24599e-16)
(30.1532 -3.3226 1.59871e-16)
(30.2168 -2.91594 0)
(30.2297 -2.48916 3.01886e-16)
(30.1864 -2.04853 7.22971e-18)
(30.0821 -1.60147 0)
(29.9128 -1.15624 1.3586e-16)
(29.6749 -0.722056 -4.9981e-16)
(29.3655 -0.309431 -3.80238e-16)
(28.9819 0.0699202 -5.1308e-17)
(28.5219 0.401797 -2.15752e-17)
(27.9819 0.669249 5.47395e-17)
(27.3656 0.846581 -7.86876e-16)
(26.6641 0.90621 3.36137e-17)
(25.9196 0.765406 -1.43109e-16)
(25.1689 0.425366 0)
(23.9965 -3.75098 -5.27205e-17)
(23.8836 -3.5118 3.68478e-17)
(23.7837 -3.23368 2.05934e-17)
(23.7071 -2.94147 0)
(23.6612 -2.65544 -2.86178e-16)
(23.6441 -2.3572 0)
(23.6564 -2.06084 5.63608e-16)
(23.6973 -1.77527 -2.70933e-16)
(23.7663 -1.49771 -8.35042e-16)
(23.8613 -1.2334 -8.1881e-16)
(23.9807 -0.984298 2.38085e-16)
(24.1246 -0.74996 -5.41805e-16)
(24.2917 -0.532647 0)
(24.4819 -0.333711 -4.46212e-16)
(24.695 -0.154922 2.36902e-16)
(24.9302 0.000727223 9.82077e-18)
(25.1863 0.130105 -3.44318e-16)
(25.4613 0.229454 2.04463e-16)
(25.7517 0.295025 6.06901e-17)
(26.053 0.323125 1.4362e-16)
(26.3591 0.310987 -9.40885e-18)
(26.6625 0.257058 1.42019e-17)
(26.955 0.161639 -6.15696e-17)
(27.2282 0.0271155 -2.69371e-17)
(27.4767 -0.144129 0)
(27.6975 -0.351383 0)
(27.8865 -0.593058 0)
(28.0372 -0.864713 4.05267e-17)
(28.1431 -1.16017 1.36721e-17)
(28.1987 -1.47194 2.50946e-16)
(28.1988 -1.79108 -4.97314e-16)
(28.1402 -2.10804 3.60663e-16)
(28.02 -2.41236 -1.54816e-15)
(27.8367 -2.69162 3.74664e-17)
(27.5875 -2.93175 4.98841e-16)
(27.2732 -3.11112 0)
(26.8895 -3.20467 -2.78524e-16)
(26.4685 -3.14897 2.1332e-17)
(26.0333 -2.92683 9.82158e-16)
(24.126 -3.97977 4.64005e-18)
(24.2738 -4.19502 2.13817e-18)
(24.4669 -4.42724 1.64718e-16)
(24.7077 -4.66655 3.08087e-16)
(24.9798 -4.88542 9.22055e-17)
(25.2934 -5.08583 6.65075e-17)
(25.6433 -5.25786 -8.23444e-17)
(26.0049 -5.38867 -1.68328e-18)
(26.3604 -5.47582 -3.70562e-17)
(26.706 -5.52394 -3.14458e-16)
(27.0337 -5.53791 1.24548e-16)
(27.3362 -5.52327 -1.85487e-16)
(27.6163 -5.48499 0)
(27.8771 -5.4267 0)
(28.1204 -5.3506 0)
(28.3505 -5.25705 1.85438e-16)
(28.5703 -5.14521 2.33551e-18)
(28.7816 -5.01358 -2.18864e-16)
(28.9857 -4.85946 4.54212e-16)
(29.1824 -4.67962 1.47551e-17)
(29.3704 -4.47053 -2.64312e-16)
(29.5469 -4.22831 1.37301e-16)
(29.7077 -3.94872 2.96593e-16)
(29.8464 -3.62976 3.86402e-18)
(29.9536 -3.2761 -1.44532e-16)
(30.0203 -2.89553 0)
(30.0398 -2.49418 -2.8849e-16)
(30.0065 -2.0777 1.39004e-16)
(29.9154 -1.65296 1.57593e-17)
(29.7618 -1.22792 -2.94082e-17)
(29.5421 -0.811601 -4.08612e-16)
(29.2528 -0.414333 8.0645e-16)
(28.891 -0.047793 -8.204e-17)
(28.4547 0.273784 -5.22032e-16)
(27.9405 0.533517 0)
(27.3525 0.70621 6.29609e-16)
(26.6852 0.764407 7.57129e-16)
(25.9787 0.633507 1.36038e-16)
(25.276 0.314121 -5.43998e-16)
(24.1813 -3.65381 7.74434e-18)
(24.0756 -3.43065 0)
(23.9821 -3.17125 1.78328e-17)
(23.9107 -2.89875 1.34361e-16)
(23.868 -2.63244 1.40468e-16)
(23.8523 -2.35504 4.79393e-16)
(23.864 -2.07976 -5.27186e-16)
(23.9021 -1.81494 2.72573e-16)
(23.9661 -1.5579 7.6473e-16)
(24.0539 -1.31354 2.68811e-16)
(24.1641 -1.08356 -2.52422e-16)
(24.2963 -0.867447 0)
(24.4494 -0.667117 0)
(24.6234 -0.483661 4.21331e-16)
(24.818 -0.318497 0)
(25.0326 -0.174182 1.89656e-16)
(25.2663 -0.0534438 4.41538e-16)
(25.5171 0.040439 -2.50097e-16)
(25.7825 0.104082 0)
(26.0584 0.134136 -1.08884e-16)
(26.3395 0.127933 -2.68001e-17)
(26.6191 0.0838539 -2.66359e-18)
(26.8898 0.00194261 1.36244e-17)
(27.1441 -0.11594 1.70711e-17)
(27.3768 -0.267935 0)
(27.5856 -0.453886 8.48919e-18)
(27.7666 -0.672883 -1.12051e-17)
(27.9133 -0.921326 -3.96848e-17)
(28.0193 -1.19377 -1.20424e-16)
(28.0788 -1.48355 -3.8208e-16)
(28.0863 -1.7823 -4.92809e-17)
(28.0379 -2.08081 1.98484e-17)
(27.9308 -2.36887 0)
(27.7628 -2.63416 0)
(27.5314 -2.86251 4.4735e-16)
(27.2379 -3.03288 5.94083e-16)
(26.8805 -3.12073 2.64569e-16)
(26.4887 -3.0695 -2.54618e-16)
(26.0922 -2.86258 -9.01607e-16)
(24.3028 -3.86725 1.06226e-16)
(24.4413 -4.06801 -1.8088e-16)
(24.6224 -4.28465 5.72266e-17)
(24.8486 -4.50783 3.21951e-17)
(25.1042 -4.71166 -9.76613e-17)
(25.399 -4.89804 0)
(25.7279 -5.05759 4.97543e-17)
(26.0678 -5.17831 3.32335e-17)
(26.4017 -5.25799 -1.68906e-16)
(26.7259 -5.30112 0)
(27.0329 -5.31241 0)
(27.3156 -5.29727 1.75464e-16)
(27.5766 -5.26046 -2.26585e-16)
(27.819 -5.20553 -8.85577e-18)
(28.0445 -5.13467 -2.78616e-16)
(28.2572 -5.04824 0)
(28.4603 -4.94555 -1.80636e-16)
(28.6555 -4.82517 0)
(28.8442 -4.68458 1.15651e-17)
(29.0268 -4.52062 -6.43371e-16)
(29.2022 -4.32975 4.57777e-16)
(29.368 -4.108 -1.12874e-16)
(29.5207 -3.85089 -1.24236e-16)
(29.6544 -3.556 0)
(29.76 -3.22732 -2.56919e-16)
(29.8284 -2.87206 0)
(29.8532 -2.49568 2.16276e-16)
(29.8287 -2.10322 3.85028e-17)
(29.7494 -1.70101 6.22223e-18)
(29.6107 -1.29661 2.01412e-16)
(29.4082 -0.898742 4.1691e-16)
(29.1386 -0.517506 -3.76019e-16)
(28.7984 -0.164503 0)
(28.3858 0.146115 5.33011e-16)
(27.8978 0.397655 0)
(27.3385 0.565586 -5.98498e-16)
(26.7056 0.622754 -6.88823e-16)
(26.0369 0.502562 -2.36774e-18)
(25.3787 0.20555 5.2252e-16)
(24.3519 -3.56372 1.43249e-17)
(24.2528 -3.35546 -2.77071e-17)
(24.1652 -3.11348 2.17356e-16)
(24.0986 -2.85928 1.15243e-17)
(24.0589 -2.61127 -6.49405e-16)
(24.0445 -2.35316 -4.47995e-16)
(24.0555 -2.09733 0)
(24.0911 -1.85162 -4.23511e-16)
(24.1507 -1.61351 0)
(24.232 -1.38749 0)
(24.3336 -1.1751 2.04262e-16)
(24.4553 -0.975727 -1.04568e-17)
(24.596 -0.791022 -1.97601e-16)
(24.7553 -0.621869 0)
(24.9333 -0.469397 0)
(25.1293 -0.335817 -2.88865e-16)
(25.3425 -0.223419 -2.68713e-16)
(25.5715 -0.135127 -2.14532e-16)
(25.8139 -0.0739429 -1.3422e-16)
(26.0664 -0.0429108 5.02892e-17)
(26.3242 -0.0445076 -1.39619e-17)
(26.5815 -0.0803763 -2.27915e-17)
(26.8315 -0.15068 0)
(27.0673 -0.253911 -2.68078e-17)
(27.2844 -0.388633 1.11551e-17)
(27.4807 -0.555053 1.31446e-17)
(27.653 -0.752887 0)
(27.7948 -0.979264 7.6343e-17)
(27.8997 -1.2295 9.0128e-17)
(27.9619 -1.49771 1.86005e-16)
(27.9757 -1.77616 -3.37319e-16)
(27.9369 -2.0561 -6.69365e-16)
(27.8421 -2.32759 0)
(27.689 -2.57854 -5.93124e-17)
(27.4754 -2.79489 -3.67798e-16)
(27.2027 -2.95625 -3.73778e-17)
(26.8713 -3.03886 2.2589e-16)
(26.5083 -2.99239 2.20869e-16)
(26.1477 -2.80125 0)
(24.4659 -3.76284 -3.58611e-17)
(24.5958 -3.95007 6.11684e-18)
(24.7659 -4.15212 0)
(24.9784 -4.36018 -7.55398e-17)
(25.2186 -4.54991 -7.02408e-18)
(25.4958 -4.72308 -4.79713e-17)
(25.8053 -4.87084 -4.79127e-17)
(26.1249 -4.98194 7.02751e-17)
(26.4386 -5.05445 -5.98042e-17)
(26.7429 -5.09267 3.22174e-16)
(27.0306 -5.10121 -3.34087e-16)
(27.2948 -5.08532 -1.68922e-16)
(27.5381 -5.04959 1.76776e-16)
(27.7634 -4.99744 -6.73463e-18)
(27.9723 -4.93106 5.08838e-16)
(28.169 -4.85084 0)
(28.3563 -4.75619 0)
(28.5363 -4.64581 -1.75511e-16)
(28.7104 -4.51729 3.64826e-16)
(28.8794 -4.36762 5.87613e-16)
(29.0423 -4.19329 -4.09656e-16)
(29.1975 -3.99033 -9.15388e-18)
(29.3417 -3.75409 1.07143e-16)
(29.4697 -3.4818 2.3815e-16)
(29.5725 -3.17694 -1.03698e-16)
(29.6415 -2.84607 2.28981e-16)
(29.6704 -2.49404 -1.28092e-17)
(29.6533 -2.12531 0)
(29.5848 -1.74566 -2.67294e-17)
(29.4599 -1.36218 -1.9281e-16)
(29.2739 -0.983248 0)
(29.0233 -0.618681 -4.07982e-16)
(28.7045 -0.279859 -4.99367e-16)
(28.3155 0.019274 -9.94377e-16)
(27.8539 0.26215 0)
(27.3236 0.425127 1.12224e-15)
(26.7248 0.48186 -6.47306e-16)
(26.0934 0.373195 -1.94154e-16)
(25.4766 0.0998355 3.41195e-16)
(24.5095 -3.48009 1.07605e-17)
(24.4165 -3.28574 0)
(24.3344 -3.05997 0)
(24.2722 -2.82282 2.06434e-16)
(24.2353 -2.59177 5.80285e-16)
(24.2219 -2.35153 1.85485e-16)
(24.2324 -2.1137 1.92265e-16)
(24.2657 -1.88565 2.05988e-16)
(24.3211 -1.66498 1.87047e-16)
(24.3965 -1.45583 -1.90384e-16)
(24.4905 -1.25961 0)
(24.6027 -1.07564 0)
(24.732 -0.905355 -1.6306e-16)
(24.8781 -0.749412 4.71022e-16)
(25.041 -0.608761 1.38697e-16)
(25.2202 -0.485258 1.33304e-16)
(25.415 -0.380869 -1.07131e-16)
(25.6241 -0.298177 1.19004e-16)
(25.8456 -0.239801 9.39683e-17)
(26.0764 -0.208537 7.01769e-17)
(26.3127 -0.206632 0)
(26.5489 -0.235686 1.03203e-17)
(26.7792 -0.296 -6.2742e-18)
(26.9973 -0.386324 6.46004e-18)
(27.199 -0.505519 9.25066e-18)
(27.3828 -0.654137 -1.22448e-17)
(27.5457 -0.832336 0)
(27.6818 -1.03793 -2.58197e-17)
(27.7846 -1.26691 4.26282e-17)
(27.8485 -1.51414 -2.04171e-17)
(27.8677 -1.77255 3.59739e-16)
(27.8375 -2.0339 3.06578e-16)
(27.7543 -2.28865 5.16196e-16)
(27.6157 -2.52506 -5.24665e-17)
(27.4197 -2.72922 -2.60748e-16)
(27.1676 -2.88164 -1.00562e-15)
(26.8617 -2.95941 -4.08361e-16)
(26.527 -2.91797 1.57433e-16)
(26.1995 -2.74279 6.58449e-16)
(24.6164 -3.66583 2.75704e-17)
(24.7384 -3.84044 3.34182e-17)
(24.8982 -4.02885 -2.32121e-16)
(25.0981 -4.22272 0)
(25.324 -4.3992 -4.22433e-17)
(25.5847 -4.55992 2.18452e-17)
(25.8759 -4.69651 1.90453e-17)
(26.1766 -4.79847 -6.6107e-17)
(26.4715 -4.86413 1.78746e-16)
(26.7571 -4.8976 -1.50737e-16)
(27.0267 -4.90337 8.49501e-18)
(27.2737 -4.88658 0)
(27.5005 -4.85163 0)
(27.7099 -4.80185 -1.62657e-17)
(27.9034 -4.73932 -2.19039e-17)
(28.0851 -4.66455 2.46832e-16)
(28.2578 -4.57698 0)
(28.4234 -4.47545 0)
(28.5838 -4.35771 0)
(28.7397 -4.22088 -1.79228e-16)
(28.8906 -4.06155 0)
(29.0351 -3.87581 0)
(29.1706 -3.65889 2.06599e-16)
(29.2922 -3.40783 -2.10277e-16)
(29.3915 -3.12554 -9.53805e-17)
(29.4602 -2.81803 -1.13589e-16)
(29.4919 -2.48963 1.40268e-17)
(29.4811 -2.14421 -1.23391e-16)
(29.4222 -1.787 1.17467e-17)
(29.3099 -1.42458 -1.33123e-16)
(29.1397 -1.06494 -4.3391e-17)
(28.9074 -0.717544 6.84145e-16)
(28.6097 -0.393467 1.00515e-15)
(28.2441 -0.106368 9.0961e-16)
(27.8089 0.127493 -3.9582e-17)
(27.3078 0.285475 -4.87963e-16)
(26.7429 0.342248 3.00362e-17)
(26.1479 0.245522 1.60278e-16)
(25.5698 -0.00366549 -3.08365e-16)
(24.655 -3.40239 -1.38104e-18)
(24.5677 -3.22103 -6.23191e-17)
(24.4908 -3.01036 0)
(24.4326 -2.78909 3.32952e-16)
(24.3982 -2.57381 -6.74398e-16)
(24.3859 -2.35015 -3.15325e-16)
(24.3959 -2.12898 -1.10335e-17)
(24.427 -1.91727 2.45721e-18)
(24.4786 -1.7127 -3.06634e-16)
(24.5487 -1.51912 -3.18623e-16)
(24.6356 -1.33778 0)
(24.7391 -1.16798 1.74035e-18)
(24.8581 -1.01095 -3.06436e-16)
(24.9923 -0.867217 -5.79822e-16)
(25.1416 -0.737525 -1.22924e-16)
(25.3056 -0.623444 1.24236e-16)
(25.4836 -0.526686 2.02054e-16)
(25.6746 -0.449484 1.82802e-16)
(25.8769 -0.394158 6.28818e-17)
(26.088 -0.363211 -6.42286e-17)
(26.3042 -0.358721 -5.76559e-17)
(26.5209 -0.382174 -2.75764e-17)
(26.7326 -0.433934 4.56121e-18)
(26.9336 -0.512961 -4.69733e-18)
(27.1203 -0.618329 0)
(27.2916 -0.750803 -2.44689e-17)
(27.4448 -0.910887 3.61181e-18)
(27.5745 -1.09697 2.78105e-17)
(27.6745 -1.30572 -6.68557e-17)
(27.7391 -1.53265 0)
(27.7626 -1.7714 2.56377e-16)
(27.7401 -2.0143 -2.46384e-16)
(27.6678 -2.25222 -9.44219e-16)
(27.5432 -2.47391 0)
(27.3643 -2.66582 6.07696e-16)
(27.1327 -2.80932 6.55459e-17)
(26.8518 -2.88257 1.87882e-16)
(26.5446 -2.84623 -1.63527e-16)
(26.2478 -2.68703 -6.18298e-16)
(24.7555 -3.57563 6.67289e-17)
(24.8701 -3.73844 1.74673e-16)
(25.0203 -3.91407 9.64027e-17)
(25.2083 -4.09462 1.9447e-16)
(25.4208 -4.25867 0)
(25.6663 -4.40766 -9.40044e-17)
(25.9404 -4.53371 -1.64409e-17)
(26.2233 -4.627 -6.8776e-17)
(26.5004 -4.68611 0)
(26.7686 -4.715 2.67199e-16)
(27.0213 -4.71804 7.68559e-18)
(27.2522 -4.70025 -2.48362e-16)
(27.4636 -4.66584 -4.69514e-16)
(27.6581 -4.61803 1.63277e-16)
(27.8373 -4.55889 0)
(28.005 -4.4889 2.40598e-16)
(28.1641 -4.40762 2.30422e-18)
(28.3164 -4.314 2.81828e-16)
(28.4638 -4.20592 -2.83893e-16)
(28.6072 -4.08066 -3.10179e-16)
(28.7465 -3.93496 4.87486e-16)
(28.8806 -3.76497 -5.0486e-16)
(29.0073 -3.56593 0)
(29.1221 -3.33466 2.74748e-16)
(29.2172 -3.07365 2.949e-16)
(29.2845 -2.78845 0)
(29.3182 -2.48284 -1.46611e-16)
(29.3125 -2.16017 -4.04499e-17)
(29.262 -1.82513 -1.12183e-17)
(29.1614 -1.48377 1.69339e-16)
(29.006 -1.14365 -3.68981e-17)
(28.7914 -0.813797 -4.34137e-17)
(28.5141 -0.504935 -1.39516e-15)
(28.1718 -0.230353 -4.24214e-16)
(27.7628 -0.0058225 0)
(27.2909 0.147039 -4.74098e-16)
(26.7594 0.204288 6.07228e-16)
(26.1999 0.119521 -2.38683e-16)
(25.658 -0.105722 0)
(24.7896 -3.33012 1.4927e-17)
(24.7076 -3.16089 7.77224e-17)
(24.6354 -2.96433 -1.39053e-16)
(24.581 -2.75787 -4.5415e-16)
(24.5489 -2.55726 3.04145e-16)
(24.5376 -2.349 5.81229e-16)
(24.547 -2.14329 -1.16215e-15)
(24.5762 -1.94668 2.90088e-16)
(24.6243 -1.75698 8.70314e-16)
(24.6893 -1.57777 5.84395e-16)
(24.7699 -1.41015 -8.32577e-16)
(24.8655 -1.2534 2.83865e-16)
(24.9751 -1.10859 7.78604e-16)
(25.0984 -0.97614 -4.9454e-16)
(25.2354 -0.856592 4.39856e-16)
(25.3855 -0.751321 -2.20306e-16)
(25.5483 -0.661768 -2.85869e-16)
(25.7229 -0.589888 -8.70755e-17)
(25.9077 -0.53775 0)
(26.1006 -0.507538 4.13372e-17)
(26.2983 -0.501169 7.82415e-17)
(26.4968 -0.520005 2.36849e-17)
(26.691 -0.564427 9.45484e-18)
(26.8758 -0.633554 -6.51106e-18)
(27.0481 -0.726614 0)
(27.207 -0.844465 1.39389e-17)
(27.3504 -0.987917 -1.31538e-18)
(27.4732 -1.15582 -1.4126e-18)
(27.5696 -1.34542 -2.80228e-17)
(27.634 -1.55287 1.67677e-16)
(27.6608 -1.77249 -2.73141e-16)
(27.6451 -1.9972 2.34966e-16)
(27.583 -2.2184 3.67585e-17)
(27.4717 -2.42534 -4.05498e-17)
(27.3096 -2.60496 -2.84152e-16)
(27.098 -2.73962 4.37941e-16)
(26.8414 -2.80871 1.41907e-16)
(26.5608 -2.77748 -3.03835e-18)
(26.2925 -2.63395 0)
(24.884 -3.49168 -7.74987e-17)
(24.9917 -3.64345 -1.5086e-16)
(25.133 -3.80709 7.18609e-17)
(25.31 -3.97516 -2.64246e-16)
(25.5099 -4.12752 0)
(25.741 -4.26548 6.47449e-17)
(25.999 -4.38158 3.94319e-17)
(26.2652 -4.46666 6.47591e-17)
(26.5258 -4.51955 -1.51984e-16)
(26.7776 -4.54406 -1.07487e-16)
(27.0143 -4.54446 -1.72956e-16)
(27.2301 -4.52562 6.70281e-16)
(27.4272 -4.49159 4.37446e-16)
(27.6078 -4.44547 -1.51413e-16)
(27.7737 -4.38931 3.87557e-18)
(27.9284 -4.32359 4.188e-16)
(28.0748 -4.24794 -2.18641e-16)
(28.2146 -4.1614 -2.23392e-16)
(28.3499 -4.06201 -2.5443e-16)
(28.4815 -3.94719 2.86003e-16)
(28.6097 -3.81385 -2.9497e-16)
(28.7337 -3.65823 -1.38255e-16)
(28.8515 -3.47566 -6.01439e-18)
(28.9593 -3.26283 1.46684e-16)
(29.0496 -3.02185 0)
(29.115 -2.75782 0)
(29.1496 -2.4741 -4.2161e-17)
(29.148 -2.17352 4.59383e-17)
(29.1049 -1.86023 -1.93919e-17)
(29.015 -1.5398 1.89512e-17)
(28.8733 -1.21926 2.03165e-16)
(28.6757 -0.907218 -1.93151e-16)
(28.4183 -0.613948 1.78469e-15)
(28.0989 -0.352223 0)
(27.7158 -0.137327 5.96995e-16)
(27.2729 0.0103736 4.51119e-16)
(26.7742 0.0682989 5.45411e-16)
(26.2493 -0.00478373 4.31159e-16)
(25.7415 -0.206784 -9.14859e-17)
(24.914 -3.26283 -2.23086e-17)
(24.837 -3.10491 6.68109e-17)
(24.7693 -2.92152 -5.68308e-17)
(24.7183 -2.7289 -1.13151e-16)
(24.6884 -2.54196 -3.52783e-18)
(24.6779 -2.34802 1.22595e-16)
(24.6868 -2.15668 7.87357e-16)
(24.7141 -1.97407 -2.55471e-16)
(24.7589 -1.79813 -7.77776e-16)
(24.8194 -1.63219 2.56231e-16)
(24.894 -1.47723 5.14811e-16)
(24.9824 -1.3325 4.64896e-16)
(25.0834 -1.19897 -2.39549e-16)
(25.1969 -1.07691 8.56913e-16)
(25.3226 -0.966763 -2.28806e-16)
(25.4602 -0.86967 -1.90014e-16)
(25.6091 -0.786899 3.47424e-16)
(25.7687 -0.720137 -1.39403e-16)
(25.9376 -0.671197 0)
(26.1138 -0.642035 0)
(26.2945 -0.634352 -6.30972e-17)
(26.4761 -0.649405 4.04354e-18)
(26.6539 -0.687558 -5.44072e-18)
(26.8235 -0.748019 0)
(26.9819 -0.830128 1.00745e-17)
(27.1288 -0.934818 -2.69847e-17)
(27.2624 -1.06306 -2.41211e-18)
(27.378 -1.2141 -1.87373e-17)
(27.4701 -1.3857 -6.7141e-17)
(27.5336 -1.57456 -8.1325e-17)
(27.5629 -1.77568 0)
(27.5532 -1.98259 -1.85014e-16)
(27.5004 -2.18725 7.60337e-16)
(27.4017 -2.37952 -4.12712e-17)
(27.2557 -2.54691 0)
(27.0636 -2.67288 0)
(26.8304 -2.73802 -1.4789e-16)
(26.5754 -2.71177 0)
(26.3336 -2.58348 -4.55619e-16)
(25.0028 -3.41345 5.98673e-17)
(25.1041 -3.55489 9.23704e-17)
(25.237 -3.70731 -1.01321e-17)
(25.4036 -3.86366 2.38796e-16)
(25.5919 -4.00505 -3.90561e-17)
(25.8094 -4.13265 1.27074e-16)
(26.0523 -4.23936 -5.10918e-18)
(26.3028 -4.3167 0)
(26.5477 -4.36371 1.43358e-16)
(26.784 -4.38406 -3.55229e-16)
(27.0059 -4.3819 -1.72156e-16)
(27.2075 -4.36199 -4.16625e-16)
(27.3911 -4.32825 -1.35059e-16)
(27.5589 -4.28362 2.97221e-16)
(27.7123 -4.23012 5.89273e-18)
(27.8549 -4.16821 -5.66648e-16)
(27.9894 -4.09761 -2.12272e-16)
(28.1177 -4.01743 -2.40962e-19)
(28.2416 -3.92587 3.65502e-20)
(28.3622 -3.82049 0)
(28.4798 -3.69838 0)
(28.594 -3.55591 5.53569e-16)
(28.7031 -3.38849 0)
(28.8037 -3.19278 -1.93874e-17)
(28.889 -2.97058 -7.8663e-17)
(28.9518 -2.7266 2.26596e-16)
(28.9865 -2.46378 1.47466e-16)
(28.9881 -2.18452 7.62159e-17)
(28.9513 -1.89247 0)
(28.871 -1.59268 3.28693e-17)
(28.7423 -1.2917 -2.89918e-16)
(28.5607 -0.997568 0)
(28.3226 -0.720129 -1.22595e-15)
(28.0255 -0.471566 0)
(27.6681 -0.26651 -1.11482e-15)
(27.2538 -0.124127 0)
(26.7873 -0.065497 1.8963e-17)
(26.296 -0.127227 -2.33583e-16)
(25.8202 -0.306905 5.80013e-17)
(25.0291 -3.20005 -6.65891e-18)
(24.9568 -3.05271 0)
(24.8932 -2.88161 0)
(24.8455 -2.70194 1.20345e-16)
(24.8175 -2.52776 3.33639e-16)
(24.8077 -2.34716 -8.49104e-16)
(24.8162 -2.16919 -2.09447e-16)
(24.8417 -1.99957 -2.21947e-16)
(24.8835 -1.83638 2.23526e-16)
(24.9397 -1.6827 0)
(25.0089 -1.53943 0)
(25.0906 -1.4058 -2.33297e-16)
(25.1838 -1.28267 -4.05831e-16)
(25.2882 -1.1702 -2.00049e-16)
(25.4037 -1.06874 0)
(25.5298 -0.97926 -1.07444e-17)
(25.6662 -0.902844 0)
(25.8121 -0.840951 1.32192e-16)
(25.9664 -0.795171 0)
(26.1273 -0.767243 0)
(26.2924 -0.758688 5.92702e-17)
(26.4583 -0.770626 -4.76858e-18)
(26.6209 -0.803401 6.12403e-18)
(26.7761 -0.856298 4.60618e-18)
(26.9214 -0.928698 -1.64549e-17)
(27.0567 -1.02155 2.85559e-18)
(27.1805 -1.13593 3.76181e-18)
(27.2887 -1.27139 0)
(27.3763 -1.42614 4.10912e-17)
(27.4381 -1.5974 -1.01907e-16)
(27.4692 -1.78076 2.1014e-17)
(27.4645 -1.97039 1.76426e-16)
(27.4202 -2.15884 5.7144e-18)
(27.3335 -2.33661 -3.57367e-17)
(27.2028 -2.49192 2.04287e-16)
(27.0296 -2.60932 0)
(26.819 -2.67077 0)
(26.5884 -2.64933 -8.32203e-17)
(26.3712 -2.53558 4.02502e-16)
(25.1127 -3.34048 -5.08168e-17)
(25.2079 -3.47225 7.3972e-17)
(25.3331 -3.61418 9.18747e-17)
(25.4899 -3.75954 0)
(25.6671 -3.89063 0)
(25.8719 -4.00849 -1.60245e-17)
(26.1007 -4.10638 4.80914e-18)
(26.3363 -4.17643 -4.6654e-17)
(26.5664 -4.21791 -2.10579e-16)
(26.7882 -4.23432 2.95203e-16)
(26.996 -4.22974 4.27626e-16)
(27.1844 -4.2088 8.50504e-18)
(27.3553 -4.17526 0)
(27.511 -4.13196 0)
(27.6529 -4.08084 -3.14689e-16)
(27.7843 -4.0224 1.61893e-16)
(27.9078 -3.95636 1.88813e-16)
(28.0253 -3.88195 4.06057e-16)
(28.1385 -3.79747 1.24969e-17)
(28.2488 -3.70067 0)
(28.3564 -3.58875 2.39662e-16)
(28.4612 -3.45828 -3.7069e-16)
(28.5619 -3.3048 -1.26981e-16)
(28.6554 -3.12494 -1.75278e-17)
(28.7354 -2.92031 3.41525e-16)
(28.795 -2.69523 -7.83007e-18)
(28.8292 -2.45229 -2.0873e-16)
(28.8331 -2.19351 -8.24419e-18)
(28.8018 -1.92207 3.15577e-17)
(28.7302 -1.64252 -1.53885e-17)
(28.6133 -1.36086 2.20151e-16)
(28.447 -1.08468 0)
(28.2274 -0.823194 3.76986e-16)
(27.952 -0.587998 6.86633e-16)
(27.6196 -0.392974 4.50104e-16)
(27.2335 -0.256021 -3.99651e-17)
(26.7985 -0.196763 3.29387e-17)
(26.3397 -0.247614 0)
(25.8942 -0.405945 1.57847e-17)
(25.1357 -3.14137 -2.31845e-17)
(25.0677 -3.00388 -2.68979e-17)
(25.008 -2.84429 4.2806e-17)
(24.9633 -2.67674 -3.91247e-16)
(24.9371 -2.51447 3.86076e-16)
(24.928 -2.34634 2.05796e-16)
(24.9359 -2.18081 -1.66731e-16)
(24.9598 -2.02327 1.95602e-16)
(24.9987 -1.87192 1.83732e-16)
(25.0509 -1.72959 1.97171e-16)
(25.1151 -1.59712 1.87265e-16)
(25.1907 -1.47374 -1.15101e-17)
(25.2767 -1.36019 1.84119e-16)
(25.3729 -1.25659 1.65382e-16)
(25.479 -1.16316 1.39653e-17)
(25.5946 -1.08073 1.47646e-16)
(25.7195 -1.01024 1.39795e-16)
(25.8529 -0.952948 1.05197e-16)
(25.9939 -0.910259 -2.0199e-16)
(26.1409 -0.883702 0)
(26.2916 -0.874615 -5.6254e-17)
(26.443 -0.884016 -5.27063e-18)
(26.5915 -0.912173 4.71731e-18)
(26.7333 -0.958419 7.39353e-19)
(26.8662 -1.02221 1.11468e-17)
(26.9904 -1.10443 4.63671e-18)
(27.1047 -1.20623 -7.67466e-18)
(27.2055 -1.32736 7.33666e-18)
(27.2881 -1.46644 9.41568e-18)
(27.3478 -1.6211 -4.52182e-17)
(27.3799 -1.78754 1.7436e-16)
(27.3796 -1.9605 -3.50637e-17)
(27.343 -2.13316 -2.47129e-16)
(27.2674 -2.29673 0)
(27.1513 -2.44017 -2.34242e-16)
(26.9961 -2.54919 3.82402e-17)
(26.807 -2.6071 -1.00217e-16)
(26.5997 -2.59023 7.48583e-17)
(26.4053 -2.49029 3.09715e-16)
(25.2143 -3.27228 -5.13842e-17)
(25.3039 -3.39504 -1.31914e-16)
(25.4217 -3.52714 -1.7997e-16)
(25.5694 -3.66222 -1.96456e-17)
(25.7363 -3.78368 5.70505e-17)
(25.9291 -3.89239 -9.74165e-17)
(26.1444 -3.98202 1.54345e-17)
(26.3661 -4.04524 -6.02502e-17)
(26.5823 -4.08151 2.93316e-16)
(26.7904 -4.09423 -1.92888e-16)
(26.9849 -4.08737 0)
(27.1607 -4.06546 3.58791e-16)
(27.3198 -4.03208 -3.96008e-16)
(27.4642 -3.98998 0)
(27.5953 -3.94105 -2.8497e-16)
(27.7163 -3.88576 5.95135e-16)
(27.8296 -3.82388 -1.59159e-16)
(27.937 -3.7547 9.83701e-18)
(28.0404 -3.67666 -3.75944e-16)
(28.141 -3.58763 2.04481e-16)
(28.2392 -3.485 -1.94201e-16)
(28.3351 -3.36551 -2.15497e-16)
(28.4277 -3.22484 1.06628e-16)
(28.5141 -3.05967 -1.32078e-16)
(28.5886 -2.87139 -2.58731e-16)
(28.6448 -2.66407 -1.28399e-16)
(28.6779 -2.43997 1.18506e-16)
(28.6835 -2.20076 -5.77837e-17)
(28.6567 -1.94921 6.51777e-18)
(28.5928 -1.68938 0)
(28.487 -1.42677 -2.10147e-16)
(28.335 -1.16838 1.81647e-16)
(28.133 -0.922881 7.83342e-17)
(27.8786 -0.701145 -1.70232e-16)
(27.5707 -0.516286 6.41419e-17)
(27.212 -0.384917 3.07521e-16)
(26.8076 -0.325183 -3.82541e-16)
(26.3803 -0.365753 -2.69317e-16)
(25.9637 -0.503798 0)
(25.2344 -3.08639 3.01912e-17)
(25.1704 -2.95812 -2.05115e-17)
(25.1144 -2.80928 -1.48741e-16)
(25.0724 -2.65307 2.17387e-17)
(25.0479 -2.50194 -1.65984e-16)
(25.0394 -2.34545 0)
(25.0468 -2.19154 1.84479e-16)
(25.0691 -2.04525 1.71277e-16)
(25.1053 -1.90488 -3.54692e-16)
(25.1539 -1.77309 0)
(25.2134 -1.65062 4.89582e-16)
(25.2833 -1.5367 -5.074e-16)
(25.3627 -1.43202 0)
(25.4513 -1.33659 -2.08843e-17)
(25.5488 -1.25057 1.34275e-16)
(25.6549 -1.17469 -4.04323e-16)
(25.7693 -1.10972 -2.27307e-16)
(25.8913 -1.05677 0)
(26.0201 -1.01705 4.37744e-18)
(26.1543 -0.991927 -6.93703e-17)
(26.2918 -0.982556 0)
(26.4299 -0.989856 1.11882e-17)
(26.5654 -1.01404 -1.8406e-17)
(26.6947 -1.05448 0)
(26.8159 -1.11062 0)
(26.9295 -1.18331 3.7217e-18)
(27.0347 -1.27371 -3.79691e-18)
(27.1282 -1.38172 0)
(27.2056 -1.50628 0)
(27.2628 -1.6454 7.77495e-18)
(27.2953 -1.79579 -1.3217e-16)
(27.2986 -1.9528 2.98909e-17)
(27.2689 -2.11022 1.86332e-16)
(27.2036 -2.25997 -1.88989e-16)
(27.1013 -2.39185 3.02187e-16)
(26.9632 -2.4927 0)
(26.7945 -2.54722 1.87108e-16)
(26.6093 -2.53459 -6.88409e-18)
(26.436 -2.44755 -2.8661e-16)
(25.3083 -3.20843 0)
(25.3926 -3.32279 5.40104e-17)
(25.5035 -3.44571 -1.93147e-16)
(25.6426 -3.57117 0)
(25.7997 -3.68361 2.9444e-17)
(25.9812 -3.78379 3.15621e-17)
(26.1839 -3.86568 7.33836e-18)
(26.3924 -3.92251 0)
(26.5954 -3.95394 6.88183e-17)
(26.7905 -3.96323 -4.14147e-16)
(26.9725 -3.95426 -1.0288e-16)
(27.1366 -3.93145 -1.42452e-16)
(27.2846 -3.89825 3.74044e-16)
(27.4184 -3.85725 0)
(27.5395 -3.81034 2.39858e-16)
(27.6507 -3.75793 -1.3989e-16)
(27.7545 -3.69984 -1.43521e-16)
(27.8526 -3.63544 9.46918e-18)
(27.9469 -3.56325 -1.7245e-16)
(28.0384 -3.48131 3.57432e-16)
(28.1279 -3.38716 3.84505e-16)
(28.2154 -3.27769 -3.8278e-16)
(28.3001 -3.14878 -1.34962e-17)
(28.3796 -2.9972 -3.19652e-16)
(28.4486 -2.82415 3.26847e-16)
(28.5012 -2.63347 -5.58051e-17)
(28.5328 -2.42716 4.72214e-17)
(28.5394 -2.20658 5.51788e-17)
(28.5165 -1.97412 -8.19299e-19)
(28.4594 -1.7334 9.50862e-17)
(28.3637 -1.4894 0)
(28.2251 -1.24856 -1.73378e-16)
(28.04 -1.01895 0)
(27.8058 -0.810703 -8.61486e-17)
(27.5214 -0.636064 5.83467e-17)
(27.1895 -0.51042 -3.28659e-16)
(26.8146 -0.450436 0)
(26.4176 -0.481401 2.17432e-16)
(26.0284 -0.600392 0)
(25.3258 -3.03479 8.12159e-18)
(25.2657 -2.91513 5.0005e-18)
(25.2129 -2.77635 7.47911e-17)
(25.1736 -2.63076 3.11692e-16)
(25.1506 -2.49003 1.3565e-16)
(25.1426 -2.34443 4.20877e-16)
(25.1495 -2.20136 -1.49554e-16)
(25.1703 -2.06556 1.58428e-16)
(25.204 -1.93542 -5.02432e-18)
(25.2491 -1.81341 -1.33371e-17)
(25.3043 -1.70019 -5.96591e-16)
(25.369 -1.59504 1.55714e-17)
(25.4423 -1.49853 0)
(25.5238 -1.41065 -2.74907e-16)
(25.6135 -1.33149 1.18999e-16)
(25.7108 -1.26167 -1.20667e-16)
(25.8156 -1.20183 1.30131e-17)
(25.9272 -1.15295 8.49519e-17)
(26.0449 -1.11607 6.56268e-17)
(26.1673 -1.09239 2.11425e-17)
(26.2928 -1.08294 -2.88132e-17)
(26.4186 -1.08851 0)
(26.542 -1.10926 6.52081e-18)
(26.6597 -1.14457 -7.07479e-19)
(26.7702 -1.19393 -4.6308e-18)
(26.8739 -1.2581 -8.85005e-18)
(26.9703 -1.33818 1.62556e-18)
(27.0565 -1.43423 1.84534e-17)
(27.1288 -1.54539 -1.02006e-17)
(27.1832 -1.67003 1.27295e-16)
(27.2157 -1.80533 -2.52323e-17)
(27.2219 -1.94717 -2.53026e-17)
(27.1984 -2.08997 1.83553e-16)
(27.1426 -2.22639 1.80158e-16)
(27.0532 -2.34705 -2.88054e-16)
(26.9312 -2.43997 1.57954e-16)
(26.7816 -2.49125 4.20252e-18)
(26.617 -2.48252 -5.202e-17)
(26.4634 -2.40741 2.34371e-16)
(25.3953 -3.14853 -1.42854e-16)
(25.4746 -3.25506 2.66575e-17)
(25.579 -3.36942 3.30738e-16)
(25.71 -3.48591 -1.01974e-16)
(25.8579 -3.58996 4.15131e-17)
(26.0288 -3.68216 -6.32189e-17)
(26.2195 -3.75683 5.34543e-17)
(26.4154 -3.80772 -3.32772e-17)
(26.606 -3.83466 0)
(26.7889 -3.84078 3.21577e-16)
(26.9591 -3.82988 2.22947e-16)
(27.1121 -3.80627 2.72942e-16)
(27.2497 -3.77324 5.57833e-18)
(27.3736 -3.73331 -2.01026e-16)
(27.4852 -3.68827 -1.53387e-17)
(27.5874 -3.63853 -1.33537e-16)
(27.6824 -3.58394 3.93068e-16)
(27.772 -3.52391 1.46325e-16)
(27.8577 -3.45708 0)
(27.9409 -3.38161 1.62368e-16)
(28.0222 -3.2952 -1.6337e-16)
(28.1017 -3.19492 5.29215e-16)
(28.179 -3.07681 -3.69937e-16)
(28.2519 -2.93776 2.97294e-16)
(28.3154 -2.77887 -3.05066e-16)
(28.3642 -2.60375 -1.92018e-16)
(28.394 -2.41418 -6.5258e-18)
(28.4011 -2.21126 0)
(28.3814 -1.99705 -7.51476e-19)
(28.3304 -1.77472 -9.07853e-17)
(28.2439 -1.54879 1.59904e-16)
(28.1178 -1.32514 -3.67004e-16)
(27.9485 -1.11121 3.99269e-16)
(27.7336 -0.916366 -5.45303e-16)
(27.472 -0.751972 -8.7234e-17)
(27.1659 -0.632174 8.45486e-17)
(26.8195 -0.572205 0)
(26.4515 -0.594403 0)
(26.0886 -0.695724 0)
(25.4105 -2.98629 -7.64083e-18)
(25.354 -2.87471 1.33796e-16)
(25.3043 -2.74535 2.88904e-16)
(25.2673 -2.60968 5.5156e-18)
(25.2458 -2.47867 -3.94302e-16)
(25.2383 -2.34322 -2.61968e-16)
(25.2447 -2.21027 2.44307e-16)
(25.264 -2.08424 1.04424e-15)
(25.2955 -1.96362 5.07719e-16)
(25.3373 -1.8507 -2.74417e-16)
(25.3884 -1.74607 3.45372e-18)
(25.4483 -1.64904 4.51567e-18)
(25.5159 -1.5601 0)
(25.591 -1.4792 0)
(25.6734 -1.40637 1.05489e-16)
(25.7627 -1.34215 -2.03875e-16)
(25.8587 -1.28708 2.90486e-16)
(25.9608 -1.24199 -8.4521e-17)
(26.0682 -1.20781 -7.78741e-17)
(26.18 -1.18558 5.77626e-17)
(26.2943 -1.17619 0)
(26.4089 -1.18032 -3.13862e-17)
(26.5212 -1.1981 8.55116e-18)
(26.6282 -1.22891 1.11236e-18)
(26.7286 -1.27224 2.67343e-18)
(26.823 -1.32878 6.11528e-18)
(26.9111 -1.39955 7.92501e-19)
(26.9905 -1.4847 -1.61521e-17)
(27.0576 -1.58357 8.28127e-18)
(27.109 -1.69478 -6.06977e-18)
(27.141 -1.81596 -5.93253e-17)
(27.1496 -1.94348 2.11836e-17)
(27.1315 -2.07237 -2.35686e-16)
(27.0844 -2.196 1.02234e-16)
(27.0069 -2.30588 3.19472e-17)
(26.9001 -2.39116 -1.84449e-17)
(26.7684 -2.43927 -1.42132e-16)
(26.6231 -2.43407 3.64273e-17)
(26.4877 -2.3699 -2.08906e-16)
(25.4759 -3.09228 5.81079e-17)
(25.5504 -3.19149 0)
(25.6487 -3.29786 -1.00904e-17)
(25.772 -3.40599 0)
(25.9112 -3.5022 1.06458e-16)
(26.072 -3.58699 0)
(26.2514 -3.65497 -2.12631e-17)
(26.4355 -3.70035 -3.18164e-17)
(26.6144 -3.72314 -7.62546e-17)
(26.7857 -3.72636 0)
(26.9447 -3.71372 -1.69792e-16)
(27.0873 -3.68943 -4.924e-16)
(27.215 -3.65662 0)
(27.3297 -3.61771 3.26692e-18)
(27.4326 -3.57443 1.54843e-17)
(27.5264 -3.52718 -3.24413e-16)
(27.6132 -3.47582 0)
(27.6948 -3.41982 -2.60314e-16)
(27.7726 -3.35791 2.62657e-16)
(27.8481 -3.28836 0)
(27.9217 -3.20904 1.51846e-16)
(27.9939 -3.11716 -4.73087e-16)
(28.0642 -3.00899 3.18437e-16)
(28.1307 -2.88152 -1.66006e-16)
(28.1889 -2.73577 0)
(28.2338 -2.57517 1.83181e-16)
(28.2616 -2.4013 -9.0308e-17)
(28.2688 -2.21506 0)
(28.2517 -2.01819 -1.06576e-17)
(28.206 -1.8135 -7.6168e-17)
(28.1279 -1.60502 -1.52662e-16)
(28.0134 -1.39809 3.46373e-16)
(27.8591 -1.19951 -2.02879e-17)
(27.6626 -1.01791 -5.65365e-17)
(27.4226 -0.863732 3.4465e-16)
(27.1413 -0.74988 0)
(26.8223 -0.690246 3.76393e-16)
(26.482 -0.704575 0)
(26.1441 -0.789755 -3.31426e-18)
(25.489 -2.94069 6.01781e-18)
(25.4358 -2.83673 0)
(25.389 -2.71619 -2.11416e-16)
(25.3543 -2.58977 2.20266e-16)
(25.334 -2.46782 2.17377e-16)
(25.3269 -2.34184 -2.04179e-16)
(25.3329 -2.21831 -4.91323e-16)
(25.3509 -2.10137 -4.77765e-16)
(25.3801 -1.98961 -2.47273e-16)
(25.419 -1.88513 -4.48744e-16)
(25.4663 -1.78847 4.61788e-16)
(25.5216 -1.69895 -2.28301e-16)
(25.584 -1.61701 -2.09793e-16)
(25.6532 -1.54256 -2.0032e-16)
(25.7289 -1.4756 0)
(25.8108 -1.41657 1.75916e-16)
(25.8987 -1.36592 0)
(25.9921 -1.32438 2.21179e-16)
(26.0902 -1.29274 -6.99772e-17)
(26.1921 -1.27191 -5.48343e-17)
(26.2962 -1.26268 0)
(26.4005 -1.26562 2.98046e-17)
(26.5026 -1.28081 -1.33927e-17)
(26.5998 -1.30764 6.61833e-18)
(26.6909 -1.34562 0)
(26.7766 -1.39532 0)
(26.857 -1.45772 0)
(26.9297 -1.53298 6.49237e-18)
(26.9918 -1.62061 -6.64419e-18)
(27.0401 -1.71945 -3.69724e-17)
(27.0713 -1.82748 7.7415e-17)
(27.0818 -1.94158 0)
(27.0686 -2.05733 -1.45658e-16)
(27.0293 -2.16881 -1.56489e-16)
(26.9629 -2.26838 2.09223e-16)
(26.87 -2.34631 -1.41735e-16)
(26.7551 -2.39135 6.40667e-17)
(26.6276 -2.38928 0)
(26.5089 -2.33504 1.62772e-16)
(25.5505 -3.03941 -8.22156e-18)
(25.6205 -3.13178 -3.51252e-17)
(25.713 -3.23068 -7.75089e-17)
(25.829 -3.331 0)
(25.96 -3.41993 -1.00338e-16)
(26.1113 -3.49783 -6.46113e-17)
(26.2799 -3.55959 -2.94028e-17)
(26.4529 -3.5999 1.2826e-16)
(26.6206 -3.6189 0)
(26.781 -3.61951 -2.56677e-16)
(26.9295 -3.60534 3.66392e-16)
(27.0622 -3.58048 -2.44249e-16)
(27.1808 -3.54795 1.13483e-16)
(27.2868 -3.51006 3.17683e-16)
(27.3815 -3.46846 2.05949e-18)
(27.4675 -3.42355 1.17204e-17)
(27.5468 -3.3752 -1.03134e-16)
(27.6209 -3.32292 0)
(27.6915 -3.26553 0)
(27.7598 -3.20142 0)
(27.8264 -3.12859 0)
(27.8916 -3.04443 -1.41251e-16)
(27.9554 -2.9454 -1.48478e-16)
(28.0158 -2.82863 1.04307e-17)
(28.0689 -2.69506 0)
(28.1099 -2.54796 0)
(28.1355 -2.38878 0)
(28.1426 -2.21822 9.45257e-18)
(28.1275 -2.03777 -2.74103e-17)
(28.0866 -1.84989 1.24972e-16)
(28.0161 -1.65815 9.43805e-17)
(27.9123 -1.46738 0)
(27.772 -1.28375 -2.26947e-16)
(27.5928 -1.11513 0)
(27.3735 -0.971067 -3.28962e-16)
(27.1158 -0.863272 0)
(26.8229 -0.804298 -3.59482e-16)
(26.5091 -0.811703 1.89103e-17)
(26.1951 -0.882416 -1.80485e-17)
(25.5617 -2.89788 -1.73811e-17)
(25.5116 -2.80109 2.35072e-17)
(25.4676 -2.68882 -1.70833e-16)
(25.4349 -2.57105 -1.48728e-17)
(25.4158 -2.45753 -5.84664e-16)
(25.4092 -2.34034 4.01114e-16)
(25.4147 -2.22557 -6.19109e-16)
(25.4314 -2.11707 2.02229e-16)
(25.4585 -2.01351 -3.91351e-16)
(25.4946 -1.91686 4.24007e-16)
(25.5384 -1.82759 -1.97403e-16)
(25.5896 -1.74504 2.01124e-16)
(25.6471 -1.66957 1.98642e-16)
(25.7108 -1.60109 5.43549e-16)
(25.7803 -1.53955 -1.79474e-16)
(25.8555 -1.48531 -4.76394e-16)
(25.9359 -1.43876 2.99292e-16)
(26.0212 -1.40052 -6.74645e-17)
(26.1108 -1.37128 -1.15837e-16)
(26.2036 -1.35181 -4.1777e-17)
(26.2984 -1.34281 -3.86892e-17)
(26.3933 -1.34476 -2.88096e-17)
(26.486 -1.35769 -6.06722e-18)
(26.5741 -1.38101 1.02193e-17)
(26.6567 -1.41423 -1.31301e-18)
(26.7344 -1.45783 -4.55339e-18)
(26.8075 -1.5127 1.30629e-18)
(26.874 -1.57901 0)
(26.9312 -1.65639 0)
(26.9764 -1.74387 0)
(27.0067 -1.83976 2.98301e-17)
(27.0187 -1.94134 -1.09543e-16)
(27.0096 -2.04476 2.08085e-16)
(26.9774 -2.14476 -2.62162e-17)
(26.9211 -2.23455 -1.73904e-16)
(26.8412 -2.30547 0)
(26.7416 -2.3475 4.72597e-17)
(26.6307 -2.34817 1.12551e-17)
(26.5273 -2.30285 -3.04681e-16)
(25.6195 -2.98976 3.14147e-18)
(25.6853 -3.07569 0)
(25.7723 -3.16759 1.6684e-16)
(25.8814 -3.26062 -1.76424e-16)
(26.0046 -3.34276 1.26251e-16)
(26.1468 -3.41426 6.09289e-17)
(26.3054 -3.47027 0)
(26.4677 -3.50593 -2.39662e-16)
(26.6249 -3.52148 4.7791e-16)
(26.7749 -3.51976 5.06995e-16)
(26.9135 -3.50426 -1.46737e-16)
(27.037 -3.47898 0)
(27.1469 -3.4468 -2.60202e-16)
(27.2448 -3.40992 2.72716e-16)
(27.3319 -3.36996 -9.20795e-18)
(27.4106 -3.32726 3.63034e-16)
(27.4829 -3.28173 -3.75365e-16)
(27.5503 -3.23291 0)
(27.6142 -3.1797 0)
(27.6758 -3.12059 2.30232e-16)
(27.7359 -3.05372 -3.46209e-16)
(27.7948 -2.97664 0)
(27.8523 -2.88601 3.89596e-16)
(27.907 -2.77911 -1.23658e-16)
(27.9552 -2.65681 0)
(27.9925 -2.52228 -1.35339e-16)
(28.0158 -2.3768 0)
(28.0225 -2.22095 3.2671e-17)
(28.0091 -2.05598 1.62028e-17)
(27.9724 -1.88402 1.49551e-17)
(27.9087 -1.70827 -2.09893e-16)
(27.8148 -1.53302 3.54566e-18)
(27.6875 -1.36386 5.14608e-17)
(27.5246 -1.2079 0)
(27.3249 -1.0738 -6.63266e-17)
(27.0896 -0.972128 1.1491e-16)
(26.8215 -0.914204 2.44115e-16)
(26.5328 -0.915618 5.16067e-17)
(26.2416 -0.973555 -5.16718e-18)
(25.6289 -2.85775 -1.20301e-19)
(25.5817 -2.76772 -4.41244e-17)
(25.5403 -2.66321 1.97709e-16)
(25.5096 -2.5535 -9.22997e-17)
(25.4917 -2.44783 2.73456e-16)
(25.4853 -2.33881 0)
(25.4905 -2.23215 -1.76322e-16)
(25.506 -2.13145 1.77442e-16)
(25.5312 -2.0355 2.57614e-17)
(25.5646 -1.94609 -1.70159e-16)
(25.6052 -1.86365 -1.79895e-16)
(25.6524 -1.78753 3.36292e-16)
(25.7055 -1.71805 3.27053e-16)
(25.7641 -1.65508 -4.81176e-16)
(25.828 -1.59855 0)
(25.8968 -1.54875 9.3051e-18)
(25.9704 -1.506 -1.36095e-16)
(26.0484 -1.47083 1.2248e-16)
(26.1301 -1.44382 -1.0215e-16)
(26.2147 -1.42566 2.18488e-16)
(26.3009 -1.41694 -4.30828e-18)
(26.3871 -1.41807 2.73616e-17)
(26.4712 -1.42902 2.52605e-17)
(26.551 -1.44924 -1.05967e-17)
(26.6257 -1.47822 -5.64874e-20)
(26.6961 -1.51637 4.21456e-18)
(26.7625 -1.56448 -1.51357e-18)
(26.8231 -1.62272 -3.24778e-18)
(26.8757 -1.6908 3.06499e-17)
(26.9178 -1.76791 -2.16928e-17)
(26.9469 -1.85262 1.12796e-17)
(26.96 -1.94263 1.284e-16)
(26.9546 -2.03455 -2.22857e-16)
(26.9288 -2.1238 0)
(26.8816 -2.20438 1.24475e-16)
(26.8136 -2.26863 -6.84876e-17)
(26.7281 -2.30773 -6.16918e-17)
(26.6324 -2.31073 -2.37513e-17)
(26.5431 -2.27338 1.32255e-16)
(25.6833 -2.94317 -3.82651e-17)
(25.7452 -3.02304 3.04102e-17)
(25.827 -3.10835 -3.01235e-16)
(25.9296 -3.19454 2.21821e-16)
(26.0454 -3.27035 -1.96567e-16)
(26.179 -3.33589 -3.63017e-17)
(26.3279 -3.38661 2.69807e-17)
(26.4803 -3.418 1.40317e-16)
(26.6275 -3.43045 -2.99421e-16)
(26.7677 -3.42666 -9.16357e-18)
(26.8969 -3.41005 0)
(27.0117 -3.3845 1.97934e-16)
(27.1135 -3.35275 -2.09559e-16)
(27.2038 -3.31693 -1.79912e-17)
(27.2838 -3.27857 2.77892e-16)
(27.3558 -3.23799 -4.68201e-16)
(27.4216 -3.1951 2.53236e-16)
(27.4827 -3.14951 9.75577e-17)
(27.5405 -3.10016 -2.80063e-16)
(27.596 -3.04566 0)
(27.6501 -2.98427 1.08921e-16)
(27.703 -2.9137 1.06243e-16)
(27.7549 -2.8308 -2.34997e-16)
(27.8042 -2.733 3.63773e-16)
(27.8477 -2.62114 -1.23434e-16)
(27.8813 -2.49826 6.65002e-17)
(27.9025 -2.36554 6.09944e-17)
(27.9085 -2.22342 -3.1161e-17)
(27.8965 -2.07297 0)
(27.8634 -1.91605 5.39179e-17)
(27.806 -1.75547 -1.01895e-16)
(27.7211 -1.59506 0)
(27.6059 -1.4398 -1.71756e-16)
(27.4583 -1.29611 0)
(27.2769 -1.17176 0)
(27.0628 -1.07626 0)
(26.8181 -1.01974 -3.12743e-16)
(26.5533 -1.01612 1.94727e-16)
(26.284 -1.06296 0)
(25.6911 -2.82021 3.45609e-17)
(25.6467 -2.73654 2.06568e-17)
(25.6077 -2.6393 -9.28806e-17)
(25.5788 -2.53714 -3.6763e-16)
(25.562 -2.43878 2.90832e-16)
(25.556 -2.33734 0)
(25.5607 -2.23819 -4.53424e-16)
(25.5751 -2.14471 1.55752e-16)
(25.5985 -2.05576 -1.32126e-16)
(25.6295 -1.97302 4.87506e-16)
(25.667 -1.89687 -1.53183e-16)
(25.7106 -1.82668 -1.51457e-17)
(25.7596 -1.76272 -1.30821e-17)
(25.8135 -1.70483 4.44314e-16)
(25.8721 -1.65292 2.63499e-16)
(25.9352 -1.60721 1.03071e-17)
(26.0025 -1.56797 1.23555e-16)
(26.0737 -1.53565 -9.95034e-17)
(26.1482 -1.51074 1.55151e-16)
(26.2252 -1.49383 -3.85107e-17)
(26.3036 -1.48542 6.61564e-17)
(26.3818 -1.48586 0)
(26.458 -1.49508 -3.62398e-17)
(26.5303 -1.51256 3.08882e-18)
(26.5978 -1.53777 -1.02809e-18)
(26.6615 -1.57107 2.51805e-18)
(26.7215 -1.61312 -1.00145e-18)
(26.7767 -1.6641 2.33288e-18)
(26.825 -1.72376 -1.08233e-17)
(26.8641 -1.79146 2.61167e-17)
(26.8919 -1.86596 -1.78713e-17)
(26.9059 -1.94531 0)
(26.9036 -2.0266 -1.79592e-17)
(26.8835 -2.10584 4.83931e-17)
(26.8446 -2.17779 -1.48735e-16)
(26.7874 -2.23575 6.77153e-17)
(26.7148 -2.27198 4.47361e-17)
(26.6329 -2.27693 -6.60336e-18)
(26.5564 -2.24662 -1.08574e-16)
(25.7423 -2.89955 3.09023e-17)
(25.8005 -2.97367 -4.56769e-17)
(25.8774 -3.05278 1.71966e-16)
(25.9738 -3.13255 -1.37772e-16)
(26.0826 -3.20242 1.55518e-16)
(26.2081 -3.26243 8.26126e-18)
(26.3479 -3.30825 2.55685e-17)
(26.4907 -3.33575 1.27292e-16)
(26.6285 -3.34541 -2.64109e-16)
(26.7594 -3.33982 -9.00065e-17)
(26.8798 -3.3223 -2.6406e-16)
(26.9864 -3.29663 1.55438e-16)
(27.0806 -3.26541 -1.93906e-16)
(27.1638 -3.23067 -4.76631e-16)
(27.2372 -3.19388 5.15085e-16)
(27.303 -3.15534 -2.6478e-16)
(27.3628 -3.11497 -1.47431e-16)
(27.4181 -3.07239 8.36093e-17)
(27.4702 -3.02664 8.82829e-17)
(27.5202 -2.9764 -2.69009e-16)
(27.5688 -2.92005 1.83485e-16)
(27.6163 -2.85548 -6.75022e-18)
(27.6628 -2.77968 -1.03035e-16)
(27.7071 -2.69025 1.04607e-16)
(27.7462 -2.58804 -1.07116e-16)
(27.7764 -2.47594 0)
(27.7953 -2.35507 -2.53016e-17)
(27.8006 -2.22575 -1.99699e-17)
(27.7897 -2.0889 -6.48591e-18)
(27.7598 -1.94611 -3.5528e-18)
(27.708 -1.79986 3.24309e-16)
(27.6315 -1.65353 -4.47465e-17)
(27.5275 -1.51158 -2.18863e-16)
(27.394 -1.3797 7.38573e-17)
(27.2298 -1.26487 5.47837e-17)
(27.0356 -1.17554 -5.31387e-17)
(26.8129 -1.12081 2.815e-16)
(26.5708 -1.11307 -3.71863e-16)
(26.3224 -1.15038 0)
(25.7487 -2.78515 -7.67157e-18)
(25.7068 -2.70742 4.63301e-18)
(25.6701 -2.617 6.57713e-17)
(25.643 -2.52191 2.76495e-16)
(25.6271 -2.43038 -1.40548e-16)
(25.6214 -2.336 2.55732e-18)
(25.6257 -2.2438 1.1383e-17)
(25.6391 -2.15699 -2.63839e-16)
(25.6608 -2.0745 4.23567e-16)
(25.6895 -1.99789 -2.68764e-16)
(25.7242 -1.92752 -2.66106e-16)
(25.7645 -1.86277 -2.80788e-16)
(25.8096 -1.80387 -2.73647e-16)
(25.8592 -1.75065 -2.45467e-16)
(25.913 -1.70297 -4.8358e-16)
(25.9708 -1.66104 1.11577e-16)
(26.0324 -1.62504 -9.36954e-17)
(26.0973 -1.59534 8.94531e-17)
(26.1652 -1.57239 -1.70106e-16)
(26.2352 -1.55666 8.06178e-17)
(26.3065 -1.54859 -1.2389e-16)
(26.3774 -1.54845 0)
(26.4464 -1.55617 1.76118e-17)
(26.5118 -1.57121 -2.03902e-18)
(26.5727 -1.59308 -5.65224e-18)
(26.6301 -1.62205 -9.57125e-19)
(26.6845 -1.65869 0)
(26.7346 -1.70315 -6.09505e-18)
(26.7788 -1.75525 -3.50967e-19)
(26.815 -1.81441 0)
(26.8416 -1.87964 2.68428e-17)
(26.8561 -1.94925 0)
(26.8565 -2.02077 2.57619e-17)
(26.8414 -2.09077 7.7373e-17)
(26.81 -2.1547 -9.97801e-17)
(26.7625 -2.20675 -3.72551e-17)
(26.7016 -2.24019 -5.66157e-17)
(26.6323 -2.24672 2.24763e-17)
(26.5675 -2.22259 1.78598e-16)
(25.7968 -2.85875 0)
(25.8516 -2.92748 -8.25093e-17)
(25.9238 -3.00073 4.84166e-17)
(26.0143 -3.07444 -4.78064e-17)
(26.1165 -3.13875 8.76502e-17)
(26.2343 -3.19359 3.80136e-17)
(26.3654 -3.23487 1.29197e-17)
(26.4992 -3.25882 -9.42939e-17)
(26.628 -3.26598 2.4977e-16)
(26.7502 -3.25885 -3.46033e-16)
(26.8623 -3.24063 2.32204e-16)
(26.9612 -3.21498 -1.59706e-16)
(27.0482 -3.18439 5.41287e-16)
(27.1249 -3.15077 -1.97394e-16)
(27.1921 -3.11554 -3.50296e-16)
(27.2521 -3.07897 3.74596e-16)
(27.3065 -3.04099 -1.37758e-16)
(27.3565 -3.00124 2.81719e-16)
(27.4034 -2.95884 0)
(27.4483 -2.91254 2.44453e-16)
(27.4917 -2.86085 -2.43408e-16)
(27.5342 -2.80178 -8.96843e-17)
(27.5759 -2.73251 8.70087e-17)
(27.6155 -2.65082 -9.50925e-17)
(27.6505 -2.55751 9.99411e-17)
(27.6774 -2.45539 9.6701e-17)
(27.6942 -2.34549 5.00543e-17)
(27.6987 -2.22807 -3.45337e-17)
(27.6888 -2.10388 1.14972e-17)
(27.6617 -1.97432 -4.56916e-17)
(27.615 -1.84154 -2.53518e-16)
(27.546 -1.70853 0)
(27.4524 -1.57922 4.99846e-16)
(27.3321 -1.45866 2.50826e-16)
(27.1839 -1.35304 -2.0132e-16)
(27.0082 -1.26987 4.81737e-17)
(26.8062 -1.21726 -4.72341e-16)
(26.5853 -1.20627 -1.70625e-17)
(26.3569 -1.23554 -2.55925e-16)
(25.8018 -2.75239 -1.21713e-17)
(25.7624 -2.6802 1.68038e-16)
(25.728 -2.59615 5.28518e-17)
(25.7024 -2.50771 -1.75191e-16)
(25.6875 -2.42257 -1.09789e-16)
(25.682 -2.33478 0)
(25.6859 -2.24906 2.3828e-16)
(25.6983 -2.16842 -6.94427e-16)
(25.7184 -2.09188 4.70746e-16)
(25.745 -2.02092 2.64572e-16)
(25.7772 -1.95584 -2.20921e-16)
(25.8144 -1.89607 2.4321e-16)
(25.8559 -1.8418 0)
(25.9015 -1.79284 1.52383e-17)
(25.9509 -1.74905 -8.88765e-17)
(26.0039 -1.71056 9.19208e-17)
(26.0601 -1.67753 1.93333e-16)
(26.1194 -1.65026 -8.04386e-17)
(26.1812 -1.62911 8.21955e-17)
(26.2449 -1.61449 6.59794e-17)
(26.3095 -1.60677 1.14301e-16)
(26.3738 -1.60615 0)
(26.4363 -1.61254 7.26809e-18)
(26.4953 -1.62543 4.38228e-18)
(26.5502 -1.64435 -3.5621e-18)
(26.602 -1.66946 0)
(26.6511 -1.70128 0)
(26.6966 -1.73993 1.55687e-18)
(26.7369 -1.78523 -8.92392e-18)
(26.7704 -1.83673 0)
(26.7956 -1.89356 -2.55268e-17)
(26.8105 -1.95433 0)
(26.8133 -2.01695 -7.45593e-17)
(26.8026 -2.07846 3.33928e-17)
(26.7777 -2.13499 5.79187e-17)
(26.739 -2.18153 5.30742e-17)
(26.6886 -2.21227 4.19724e-17)
(26.6307 -2.22003 0)
(26.5765 -2.20126 -9.2073e-18)
(25.8471 -2.82064 1.18431e-17)
(25.8986 -2.88428 1.12154e-16)
(25.9665 -2.95204 -1.19775e-16)
(26.0515 -3.02004 -1.31894e-16)
(26.1474 -3.07912 -1.55697e-16)
(26.2579 -3.12914 -5.59643e-18)
(26.3807 -3.16622 -2.08613e-16)
(26.5059 -3.18691 1.34229e-16)
(26.6263 -3.19184 -9.28763e-17)
(26.7403 -3.18338 3.27535e-16)
(26.8445 -3.16465 -1.11402e-17)
(26.9361 -3.13916 -1.43198e-16)
(27.0165 -3.10928 1.51942e-16)
(27.0869 -3.07683 -1.79153e-16)
(27.1485 -3.04316 1.06348e-16)
(27.2032 -3.00851 -1.09075e-16)
(27.2525 -2.97281 0)
(27.2976 -2.93575 0)
(27.3398 -2.89646 0)
(27.38 -2.85382 -1.43842e-16)
(27.4189 -2.80642 2.92447e-16)
(27.4568 -2.75241 1.55491e-16)
(27.4939 -2.68916 -1.55091e-16)
(27.5293 -2.61459 8.06884e-17)
(27.5605 -2.52949 -8.57817e-17)
(27.5843 -2.4366 -8.32399e-17)
(27.599 -2.33684 0)
(27.6028 -2.23044 4.18367e-17)
(27.5936 -2.11802 4.88987e-18)
(27.5691 -2.00079 0)
(27.527 -1.88063 1.48203e-16)
(27.4649 -1.76014 3.33701e-16)
(27.3807 -1.64279 -4.4944e-16)
(27.2726 -1.53301 -2.32946e-16)
(27.1392 -1.43628 1.10188e-16)
(26.9808 -1.35921 1.5894e-16)
(26.7981 -1.30902 2.32152e-16)
(26.5972 -1.29562 1.17827e-16)
(26.3879 -1.31818 1.96059e-16)
(25.8509 -2.72173 -5.21132e-18)
(25.8139 -2.65467 -5.52329e-17)
(25.7815 -2.57657 0)
(25.7575 -2.49437 1.96339e-16)
(25.7434 -2.41524 1.49634e-17)
(25.7382 -2.33364 2.00733e-16)
(25.7417 -2.25397 -2.07671e-16)
(25.7531 -2.17908 2.40906e-16)
(25.7718 -2.10805 -6.55253e-16)
(25.7964 -2.04228 2.23834e-16)
(25.8261 -1.98205 2.22e-16)
(25.8605 -1.92683 -2.0621e-16)
(25.8988 -1.87678 1.00285e-17)
(25.9407 -1.83171 4.10307e-16)
(25.986 -1.79145 1.97777e-16)
(26.0345 -1.7561 1.74944e-16)
(26.0859 -1.72578 0)
(26.14 -1.70072 0)
(26.1962 -1.68123 6.77229e-17)
(26.2541 -1.66765 -5.88417e-17)
(26.3128 -1.66026 -7.12381e-17)
(26.371 -1.65925 8.68785e-17)
(26.4275 -1.66448 -3.69635e-17)
(26.4807 -1.67548 -5.91745e-18)
(26.5302 -1.69178 3.38376e-18)
(26.5768 -1.71349 0)
(26.6211 -1.74103 -1.24744e-19)
(26.6623 -1.77449 1.27178e-19)
(26.6991 -1.81372 6.17877e-18)
(26.7301 -1.85835 6.24789e-18)
(26.7539 -1.90765 1.5029e-17)
(26.7689 -1.96045 -5.07397e-17)
(26.7736 -2.01499 1.78676e-17)
(26.7668 -2.06879 -3.68741e-17)
(26.7478 -2.11853 4.88483e-17)
(26.7169 -2.15996 0)
(26.6759 -2.18809 -1.67943e-17)
(26.6282 -2.19677 -9.11142e-19)
(26.5836 -2.18262 -6.81503e-17)
(25.8936 -2.78499 -1.01383e-16)
(25.942 -2.84391 9.69286e-17)
(26.0057 -2.90651 5.1629e-17)
(26.0855 -2.96917 4.71568e-17)
(26.1754 -3.02334 6.88875e-17)
(26.279 -3.06884 3.03074e-19)
(26.394 -3.10202 1.98082e-16)
(26.5111 -3.11974 7.78458e-17)
(26.6235 -3.12268 -2.02546e-16)
(26.7296 -3.11309 -3.14925e-16)
(26.8264 -3.09401 -2.30221e-16)
(26.9112 -3.06882 2.26007e-16)
(26.9854 -3.03974 -4.29081e-16)
(27.0501 -3.0085 3.17008e-16)
(27.1064 -2.97638 1.77831e-16)
(27.1562 -2.9436 3.09594e-16)
(27.2008 -2.9101 -3.14352e-16)
(27.2415 -2.87557 -2.33048e-16)
(27.2794 -2.83921 2.35386e-16)
(27.3153 -2.79997 -1.88237e-16)
(27.35 -2.75655 -2.49329e-18)
(27.3838 -2.7072 0)
(27.4168 -2.64949 -6.28769e-17)
(27.4483 -2.58147 -1.52557e-16)
(27.4759 -2.50397 -7.38831e-17)
(27.4969 -2.41957 2.70172e-18)
(27.5097 -2.32918 7.48455e-17)
(27.5127 -2.23295 -1.9181e-17)
(27.5041 -2.13143 -4.66071e-18)
(27.4819 -2.02564 3.39838e-17)
(27.4439 -1.91723 -1.64554e-16)
(27.3881 -1.80846 -1.95163e-16)
(27.3126 -1.70236 -5.02009e-17)
(27.2156 -1.60281 -9.52993e-17)
(27.096 -1.5146 9.28994e-17)
(26.9536 -1.44353 -6.54494e-17)
(26.7888 -1.39604 6.31922e-17)
(26.6067 -1.38095 0)
(26.4155 -1.39803 1.96617e-16)
(25.8963 -2.69294 -3.49264e-17)
(25.8615 -2.63062 -6.90117e-17)
(25.8311 -2.55806 1.88347e-16)
(25.8085 -2.48172 -2.66101e-16)
(25.7953 -2.40823 4.39685e-16)
(25.7902 -2.33245 -5.13936e-16)
(25.7934 -2.25848 -1.72485e-16)
(25.8039 -2.18896 7.44971e-16)
(25.8211 -2.12307 -3.61852e-16)
(25.8439 -2.06211 0)
(25.8714 -2.00635 0)
(25.9031 -1.9553 1.78244e-16)
(25.9384 -1.9091 1.87563e-16)
(25.9769 -1.86755 -1.80901e-16)
(26.0185 -1.83049 -3.37503e-16)
(26.0629 -1.79799 6.09743e-19)
(26.1099 -1.77012 0)
(26.1592 -1.74707 0)
(26.2104 -1.72909 -1.28044e-16)
(26.263 -1.71646 -1.1698e-16)
(26.3162 -1.7094 5.25678e-18)
(26.3689 -1.70805 2.24119e-17)
(26.4199 -1.71227 -2.39737e-18)
(26.4679 -1.7216 -1.28016e-17)
(26.5124 -1.73559 1.26554e-18)
(26.5544 -1.75429 3.3239e-18)
(26.5943 -1.77804 7.57874e-20)
(26.6316 -1.8069 -7.72417e-20)
(26.6651 -1.84076 -4.12467e-18)
(26.6937 -1.87927 -2.17012e-17)
(26.7162 -1.92183 1.86972e-18)
(26.7312 -1.96748 3.08354e-17)
(26.7375 -2.01476 -3.71011e-17)
(26.734 -2.06158 1.2998e-18)
(26.7202 -2.10515 -3.53045e-17)
(26.6961 -2.14187 -2.9512e-17)
(26.6635 -2.16752 -4.23504e-18)
(26.6249 -2.17683 0)
(26.5889 -2.1666 -5.15916e-17)
(25.9364 -2.7516 3.82212e-17)
(25.9819 -2.80613 -1.10209e-16)
(26.0417 -2.86394 4.07396e-17)
(26.1167 -2.92161 1.01213e-17)
(26.2009 -2.97121 0)
(26.2979 -3.01251 3.90669e-18)
(26.4055 -3.04208 5.00615e-19)
(26.5149 -3.05707 0)
(26.6197 -3.05821 -1.06303e-16)
(26.7184 -3.04769 6.35011e-16)
(26.8082 -3.0284 0)
(26.8867 -3.00361 -4.3949e-16)
(26.955 -2.9754 5.08071e-16)
(27.0144 -2.94541 -1.51934e-16)
(27.0658 -2.91485 -1.58963e-16)
(27.111 -2.8839 -1.83243e-16)
(27.1514 -2.85251 2.86086e-16)
(27.1881 -2.82039 2.06907e-16)
(27.222 -2.78678 -2.09002e-16)
(27.2541 -2.75071 -1.68308e-16)
(27.285 -2.71096 3.43332e-16)
(27.3149 -2.66592 0)
(27.3443 -2.61331 9.23029e-18)
(27.3721 -2.55134 1.24917e-16)
(27.3965 -2.48082 2.20794e-18)
(27.415 -2.40425 6.66425e-17)
(27.426 -2.32248 3.31853e-17)
(27.4283 -2.23564 -3.24854e-17)
(27.4202 -2.14417 0)
(27.4 -2.04897 0)
(27.3657 -1.95146 6.02715e-17)
(27.3157 -1.85362 -1.04796e-16)
(27.2481 -1.75805 2.48385e-16)
(27.1614 -1.66814 -1.32203e-16)
(27.0544 -1.58805 1.01294e-17)
(26.9268 -1.52287 7.09286e-17)
(26.7786 -1.47829 0)
(26.614 -1.46216 -3.06276e-17)
(26.4401 -1.47483 -1.58868e-16)
(25.9383 -2.66582 1.70828e-17)
(25.9057 -2.60789 0)
(25.8771 -2.54047 6.02431e-17)
(25.8558 -2.4696 6.7238e-18)
(25.8433 -2.40141 -2.46932e-16)
(25.8385 -2.33111 3.18896e-16)
(25.8413 -2.26249 2.34182e-17)
(25.851 -2.19803 -1.76652e-16)
(25.8668 -2.13696 1.76758e-16)
(25.8879 -2.08048 3.23852e-16)
(25.9132 -2.02887 -1.58516e-16)
(25.9424 -1.98165 -5.08812e-16)
(25.9749 -1.93897 1.6736e-16)
(26.0104 -1.90063 0)
(26.0486 -1.86648 0)
(26.0892 -1.83655 1.38147e-16)
(26.1322 -1.81088 -1.27431e-16)
(26.1772 -1.78964 9.46927e-18)
(26.2238 -1.77302 1.16065e-16)
(26.2716 -1.76124 0)
(26.3198 -1.75449 0)
(26.3675 -1.75285 -2.06701e-17)
(26.4135 -1.75618 -1.57932e-17)
(26.4568 -1.76404 2.11478e-17)
(26.4968 -1.77599 1.16127e-18)
(26.5346 -1.79205 0)
(26.5705 -1.81247 -2.08386e-19)
(26.6042 -1.83728 0)
(26.6347 -1.86637 0)
(26.6611 -1.89946 -7.99067e-19)
(26.6823 -1.93605 2.66428e-18)
(26.6972 -1.97534 -8.86253e-18)
(26.7048 -2.01613 2.27692e-17)
(26.7041 -2.05668 0)
(26.6947 -2.09468 0)
(26.6766 -2.1271 4.06376e-17)
(26.6513 -2.15039 3.07927e-18)
(26.6209 -2.16008 2.36172e-19)
(26.5925 -2.15315 4.94224e-17)
(25.9759 -2.72024 2.39543e-18)
(26.0186 -2.77073 4.69048e-17)
(26.0748 -2.82411 -1.1929e-16)
(26.1451 -2.87716 -2.45547e-17)
(26.224 -2.92252 2.06242e-17)
(26.3148 -2.95992 7.3583e-18)
(26.4154 -2.98615 -2.87576e-19)
(26.5175 -2.99865 0)
(26.6151 -2.99821 0)
(26.7068 -2.9869 -2.3987e-16)
(26.79 -2.96753 -1.67266e-16)
(26.8625 -2.94322 5.68467e-16)
(26.9254 -2.91594 0)
(26.9798 -2.88722 2.72121e-16)
(27.0267 -2.85821 -1.31777e-16)
(27.0678 -2.82906 -1.62844e-16)
(27.1043 -2.79971 1.66183e-16)
(27.1372 -2.76987 8.70436e-17)
(27.1676 -2.73886 0)
(27.1962 -2.70574 0)
(27.2236 -2.6694 1.5431e-16)
(27.2502 -2.62835 -1.06483e-16)
(27.2761 -2.58044 1.1417e-16)
(27.3008 -2.52403 1.06532e-16)
(27.3222 -2.45994 -1.77359e-16)
(27.3383 -2.39057 -6.86641e-19)
(27.3477 -2.31673 1.89557e-18)
(27.3493 -2.23852 0)
(27.3417 -2.1563 -1.38191e-17)
(27.3233 -2.07086 1.35393e-17)
(27.2925 -1.98343 -4.92879e-17)
(27.2477 -1.89571 -8.53331e-17)
(27.1873 -1.80996 -6.55555e-18)
(27.11 -1.72909 0)
(27.0145 -1.65672 0)
(26.9005 -1.59727 -2.29425e-16)
(26.7677 -1.55575 0)
(26.6195 -1.53917 -2.69009e-16)
(26.4618 -1.54837 -1.45845e-16)
(25.9772 -2.6402 7.83993e-18)
(25.9466 -2.58635 -1.56968e-17)
(25.9197 -2.52371 -1.8608e-16)
(25.8997 -2.45792 6.63319e-17)
(25.8879 -2.39467 0)
(25.8832 -2.32949 -1.35772e-16)
(25.8857 -2.26592 7.09329e-16)
(25.8946 -2.20623 4.21097e-16)
(25.9092 -2.14968 -1.45627e-16)
(25.9285 -2.09741 -3.06457e-16)
(25.9519 -2.04967 3.05008e-16)
(25.9788 -2.00601 0)
(26.0087 -1.96657 4.16365e-16)
(26.0413 -1.93117 -1.4205e-16)
(26.0763 -1.89965 0)
(26.1136 -1.87205 -1.31047e-16)
(26.1529 -1.84837 1.16116e-16)
(26.1939 -1.82875 2.19875e-16)
(26.2363 -1.81335 3.98207e-17)
(26.2797 -1.80233 -1.80572e-18)
(26.3235 -1.79585 4.41956e-17)
(26.3667 -1.79395 3.59159e-17)
(26.4082 -1.79649 -1.4999e-17)
(26.4472 -1.80305 1.24112e-17)
(26.4832 -1.81322 -4.90601e-18)
(26.5171 -1.82696 0)
(26.5495 -1.84444 3.23842e-20)
(26.58 -1.86569 1.87019e-19)
(26.6077 -1.8906 -1.88435e-20)
(26.632 -1.91892 2.38437e-18)
(26.6519 -1.95024 0)
(26.6666 -1.98391 0)
(26.6752 -2.01894 -1.13464e-17)
(26.6769 -2.05391 0)
(26.6713 -2.08691 -8.823e-18)
(26.6584 -2.11542 -7.84726e-18)
(26.6396 -2.1365 9.45396e-18)
(26.6162 -2.14637 0)
(26.5947 -2.14219 3.79069e-17)
(26.0125 -2.69071 2.86777e-18)
(26.0525 -2.73748 -2.14286e-17)
(26.1052 -2.7868 -1.31603e-17)
(26.1711 -2.8356 5.79808e-17)
(26.245 -2.87705 -9.58418e-17)
(26.3299 -2.91086 0)
(26.4238 -2.93404 -1.222e-16)
(26.519 -2.94427 -2.22342e-17)
(26.6098 -2.94242 -1.42285e-16)
(26.6949 -2.93047 -9.33994e-17)
(26.7719 -2.91112 0)
(26.8388 -2.88737 -1.78059e-16)
(26.8965 -2.86105 1.97817e-16)
(26.9464 -2.83363 2.42031e-16)
(26.9891 -2.80615 -5.18925e-16)
(27.0264 -2.77875 4.1112e-16)
(27.0593 -2.75135 0)
(27.0889 -2.72369 -8.27331e-17)
(27.116 -2.69512 0)
(27.1415 -2.66477 -1.76706e-16)
(27.1658 -2.63161 2.65014e-16)
(27.1893 -2.59423 -9.72137e-17)
(27.2122 -2.55066 -9.32788e-17)
(27.234 -2.49938 -1.04535e-16)
(27.2528 -2.44121 0)
(27.2667 -2.37846 0)
(27.2747 -2.31189 7.91954e-17)
(27.2757 -2.24159 -2.51652e-17)
(27.2685 -2.16787 1.2159e-17)
(27.2517 -2.09139 -1.24938e-17)
(27.224 -2.01322 6.98578e-17)
(27.184 -1.93484 1.76761e-16)
(27.1302 -1.85819 -5.93114e-18)
(27.0614 -1.78576 -6.78155e-17)
(26.9764 -1.72069 6.61996e-17)
(26.8749 -1.66677 2.19301e-16)
(26.7564 -1.62844 -1.66733e-16)
(26.6233 -1.61188 2.57525e-16)
(26.481 -1.61843 1.74333e-16)
(26.0132 -2.61598 -1.97445e-17)
(25.9845 -2.56596 7.3475e-17)
(25.9592 -2.50776 4.0535e-18)
(25.9404 -2.44667 -5.80951e-17)
(25.9292 -2.388 1.21313e-16)
(25.9248 -2.3276 -1.16503e-16)
(25.9269 -2.26873 -2.58973e-16)
(25.935 -2.21349 -2.62746e-16)
(25.9484 -2.16121 -2.47251e-16)
(25.9663 -2.11289 1.28619e-16)
(25.9878 -2.06878 -2.59088e-16)
(26.0125 -2.02845 2.53759e-16)
(26.04 -1.99203 -1.33228e-16)
(26.0699 -1.95934 2.38362e-16)
(26.102 -1.93023 -2.29942e-16)
(26.1361 -1.90474 0)
(26.172 -1.88286 -2.14041e-16)
(26.2094 -1.8647 -9.72278e-17)
(26.2481 -1.85037 -9.16131e-17)
(26.2876 -1.84003 -3.58794e-17)
(26.3272 -1.83377 7.5171e-17)
(26.3663 -1.83164 -6.86235e-17)
(26.4039 -1.83347 -4.1234e-17)
(26.439 -1.83889 1.09361e-19)
(26.4714 -1.84749 -2.03945e-18)
(26.5019 -1.85919 -4.28676e-18)
(26.5311 -1.87411 0)
(26.5586 -1.89225 8.56689e-19)
(26.5839 -1.91349 -7.19318e-19)
(26.6062 -1.93764 1.93854e-18)
(26.6249 -1.96434 1.47066e-18)
(26.6393 -1.99307 -4.971e-18)
(26.6486 -2.02304 1.10569e-17)
(26.6522 -2.05308 3.49724e-18)
(26.6498 -2.08163 -7.50093e-18)
(26.6415 -2.10663 0)
(26.6281 -2.12565 -4.87204e-18)
(26.611 -2.13552 6.42321e-18)
(26.5955 -2.1336 -7.51907e-17)
(26.0462 -2.66288 5.96673e-18)
(26.0837 -2.70623 3.35757e-17)
(26.1331 -2.75181 1.59926e-16)
(26.1948 -2.79671 -7.7523e-17)
(26.2639 -2.83458 8.78722e-17)
(26.3433 -2.86512 9.82754e-18)
(26.4309 -2.88551 3.03346e-17)
(26.5196 -2.89371 -1.47516e-16)
(26.6039 -2.89062 4.81451e-16)
(26.6829 -2.87816 0)
(26.754 -2.85892 -1.33318e-16)
(26.8156 -2.83578 1.4482e-16)
(26.8686 -2.81046 -1.87708e-16)
(26.9141 -2.78432 0)
(26.953 -2.75835 -2.37161e-16)
(26.9868 -2.73264 1.14143e-16)
(27.0164 -2.70713 0)
(27.043 -2.68155 -6.81816e-17)
(27.0672 -2.65528 -7.87932e-17)
(27.0898 -2.62752 1.51293e-16)
(27.1114 -2.5973 -6.00442e-18)
(27.1321 -2.56333 -2.46128e-16)
(27.1524 -2.52377 2.56706e-16)
(27.1715 -2.4772 0)
(27.1879 -2.42449 0)
(27.2 -2.3678 4.58478e-17)
(27.2067 -2.3079 -4.49159e-17)
(27.2071 -2.24484 2.12722e-17)
(27.2003 -2.17888 0)
(27.1851 -2.1106 -2.16789e-17)
(27.1602 -2.04093 3.89572e-17)
(27.1244 -1.97114 3.4732e-17)
(27.0766 -1.90287 -1.4376e-16)
(27.0156 -1.83829 0)
(26.9403 -1.78006 0)
(26.8502 -1.73146 0)
(26.7448 -1.69636 1.59479e-16)
(26.6258 -1.68023 0)
(26.4979 -1.6848 0)
(26.0465 -2.59315 -1.73707e-17)
(26.0196 -2.54673 6.42677e-17)
(25.9958 -2.49267 -4.37203e-17)
(25.9781 -2.43592 -1.0725e-16)
(25.9676 -2.38147 1.02548e-16)
(25.9633 -2.32546 0)
(25.9652 -2.27095 4.23913e-16)
(25.9726 -2.21986 -4.30759e-16)
(25.9849 -2.17154 2.33906e-16)
(26.0013 -2.12693 0)
(26.021 -2.08622 0)
(26.0437 -2.04901 -2.35981e-16)
(26.069 -2.01541 1.09611e-16)
(26.0964 -1.98525 -5.49271e-16)
(26.1258 -1.95838 3.20223e-16)
(26.157 -1.93483 9.17523e-17)
(26.1898 -1.91458 9.85559e-17)
(26.2239 -1.89774 1.77752e-16)
(26.2592 -1.88438 -1.72874e-16)
(26.295 -1.87463 0)
(26.3311 -1.86857 9.98525e-17)
(26.3665 -1.86622 -3.03368e-17)
(26.4005 -1.86741 6.84289e-17)
(26.4321 -1.8718 -1.22751e-18)
(26.4613 -1.87902 0)
(26.4888 -1.88894 1.67108e-18)
(26.515 -1.90162 -1.69921e-18)
(26.5399 -1.91705 -1.91073e-18)
(26.5629 -1.93511 -6.81066e-19)
(26.5834 -1.95563 3.50718e-19)
(26.601 -1.97831 1.67273e-18)
(26.615 -2.00274 5.51904e-18)
(26.6248 -2.02828 0)
(26.63 -2.054 4.35791e-18)
(26.6303 -2.07863 -1.28447e-18)
(26.6257 -2.10049 -5.64256e-19)
(26.6171 -2.1176 2.98723e-18)
(26.6053 -2.12736 -2.24934e-18)
(26.5949 -2.12727 3.12682e-17)
(26.0774 -2.63667 -1.82145e-17)
(26.1125 -2.67685 1.0811e-16)
(26.1587 -2.71898 -1.07197e-16)
(26.2164 -2.7603 1.07859e-17)
(26.281 -2.7949 4.67352e-17)
(26.3551 -2.82247 -4.27086e-17)
(26.4368 -2.84036 7.73351e-17)
(26.5193 -2.84675 -5.32946e-17)
(26.5976 -2.8426 -6.22735e-16)
(26.6707 -2.82975 2.43121e-16)
(26.7364 -2.8107 1.12393e-16)
(26.793 -2.78822 2.65585e-16)
(26.8416 -2.7639 0)
(26.8831 -2.73903 -1.78313e-16)
(26.9185 -2.71453 2.10116e-16)
(26.949 -2.69046 -2.16031e-16)
(26.9757 -2.66675 0)
(26.9994 -2.64313 1.25006e-16)
(27.021 -2.61904 -1.37308e-16)
(27.0411 -2.59369 2.70969e-16)
(27.0602 -2.56621 -1.43735e-16)
(27.0785 -2.5354 -1.32602e-18)
(27.0963 -2.49952 7.5717e-17)
(27.1131 -2.45731 0)
(27.1275 -2.4096 -3.51633e-18)
(27.1379 -2.35849 7.9632e-17)
(27.1434 -2.30469 0)
(27.1434 -2.24824 8.06685e-18)
(27.137 -2.18936 -9.47882e-18)
(27.1232 -2.12857 1.75433e-17)
(27.1009 -2.06666 3.35578e-17)
(27.069 -2.00471 8.4729e-19)
(27.0266 -1.94415 -1.81101e-16)
(26.9726 -1.88681 0)
(26.9061 -1.83497 9.61755e-17)
(26.8264 -1.79143 -7.93235e-17)
(26.733 -1.75958 1.34316e-17)
(26.6271 -1.74419 2.70508e-16)
(26.5128 -1.74734 0)
(26.0774 -2.57174 5.16154e-18)
(26.0521 -2.52872 4.24098e-17)
(26.0297 -2.47852 -1.54565e-16)
(26.013 -2.42578 -9.40949e-17)
(26.0031 -2.3752 2.67913e-16)
(25.999 -2.32322 0)
(26.0007 -2.27269 -7.73803e-16)
(26.0074 -2.22542 4.07396e-16)
(26.0187 -2.18076 -3.8436e-16)
(26.0338 -2.13958 0)
(26.0519 -2.10204 0)
(26.0727 -2.06775 -1.9507e-16)
(26.0959 -2.03679 -1.94435e-16)
(26.121 -2.009 3.98812e-16)
(26.1479 -1.98422 1.82037e-16)
(26.1764 -1.96247 -1.85792e-16)
(26.2063 -1.94374 -1.66331e-16)
(26.2375 -1.92809 1.55409e-16)
(26.2695 -1.91561 -7.87497e-17)
(26.3022 -1.9064 0)
(26.3349 -1.9005 -2.31873e-18)
(26.367 -1.89794 0)
(26.3978 -1.89856 2.50271e-17)
(26.4264 -1.90204 9.31626e-19)
(26.4527 -1.90804 1.03487e-17)
(26.4774 -1.9164 -2.26517e-18)
(26.5011 -1.92714 -1.4373e-18)
(26.5236 -1.94022 1.39133e-18)
(26.5446 -1.95552 3.63867e-18)
(26.5635 -1.9729 -2.55836e-18)
(26.5799 -1.9921 1.02907e-19)
(26.5935 -2.01281 6.67741e-19)
(26.6036 -2.03452 2.25583e-18)
(26.61 -2.05648 -1.72588e-18)
(26.6125 -2.07768 1.98521e-18)
(26.611 -2.09676 -1.33238e-18)
(26.6064 -2.11214 7.81308e-18)
(26.5991 -2.12167 -2.09726e-17)
(26.5932 -2.12306 2.95649e-17)
(26.1063 -2.61206 3.29135e-17)
(26.1391 -2.64927 -8.35482e-17)
(26.1822 -2.68819 1.99813e-17)
(26.2361 -2.72622 9.72181e-17)
(26.2965 -2.75784 -4.41834e-17)
(26.3656 -2.7827 -3.56728e-17)
(26.4417 -2.79835 2.08895e-17)
(26.5184 -2.80316 4.16029e-16)
(26.591 -2.79812 1.19953e-17)
(26.6586 -2.78501 -4.56712e-16)
(26.7191 -2.76623 -2.32517e-16)
(26.7711 -2.74443 -2.2142e-17)
(26.8155 -2.72112 0)
(26.8534 -2.69749 1.13282e-17)
(26.8855 -2.67441 1.8589e-16)
(26.913 -2.65192 -9.65808e-17)
(26.937 -2.62991 0)
(26.9582 -2.60816 -5.72178e-17)
(26.9775 -2.5861 5.69098e-17)
(26.9953 -2.56301 -1.75183e-16)
(27.0122 -2.53808 -6.42901e-17)
(27.0283 -2.51017 -1.95186e-16)
(27.044 -2.4777 1.98322e-16)
(27.0587 -2.4395 -6.85144e-17)
(27.0712 -2.39639 -7.44779e-17)
(27.0801 -2.35039 6.97799e-17)
(27.0847 -2.30216 3.32784e-17)
(27.0844 -2.25174 -3.40549e-17)
(27.0784 -2.19932 1.64218e-17)
(27.0658 -2.14533 -3.28272e-17)
(27.0459 -2.09048 -3.32666e-17)
(27.0176 -2.03569 6.37984e-17)
(26.98 -1.98217 6.03383e-17)
(26.9324 -1.93149 5.12555e-17)
(26.8739 -1.88557 -9.18522e-17)
(26.8037 -1.84681 -1.48113e-16)
(26.7213 -1.81815 0)
(26.6275 -1.80374 -2.43576e-16)
(26.5257 -1.8059 1.84178e-16)
(26.1058 -2.55176 -1.82251e-17)
(26.0821 -2.51196 -2.17422e-17)
(26.061 -2.4654 1.45912e-16)
(26.0454 -2.41637 0)
(26.036 -2.36935 1.44499e-16)
(26.0321 -2.32104 -1.6212e-16)
(26.0336 -2.27415 5.21109e-16)
(26.0398 -2.23032 0)
(26.0501 -2.189 3.63712e-16)
(26.064 -2.15097 -3.46687e-16)
(26.0806 -2.11635 3.46944e-16)
(26.0997 -2.08477 3.57511e-16)
(26.1209 -2.05627 -3.43347e-16)
(26.1438 -2.03068 9.01698e-18)
(26.1684 -2.00786 -3.34672e-16)
(26.1945 -1.98779 -6.86828e-19)
(26.2218 -1.97047 -5.68779e-19)
(26.2502 -1.95594 -7.44526e-17)
(26.2794 -1.94428 1.63114e-18)
(26.309 -1.93555 1.27715e-16)
(26.3388 -1.92981 -2.1935e-18)
(26.3679 -1.92707 0)
(26.3957 -1.92718 -2.37641e-17)
(26.4216 -1.92985 -1.04771e-17)
(26.4454 -1.93478 -4.21404e-18)
(26.4677 -1.94177 8.09543e-18)
(26.4891 -1.95082 0)
(26.5095 -1.96186 1.19842e-18)
(26.5286 -1.97479 -1.73483e-18)
(26.546 -1.98947 0)
(26.5615 -2.00568 -2.21768e-18)
(26.5745 -2.0232 -6.34333e-19)
(26.5849 -2.04161 -4.37589e-19)
(26.5922 -2.06032 4.26143e-19)
(26.5963 -2.07855 -1.14147e-18)
(26.5974 -2.09519 0)
(26.5961 -2.10902 -1.37506e-18)
(26.5926 -2.11825 1.8657e-17)
(26.5905 -2.12081 -1.98154e-17)
(26.1329 -2.58906 -3.00353e-17)
(26.1635 -2.62346 7.30511e-17)
(26.2038 -2.65937 0)
(26.2541 -2.69434 -7.54348e-17)
(26.3104 -2.72322 -3.16994e-17)
(26.3748 -2.74564 4.43573e-17)
(26.4456 -2.75929 -1.96662e-17)
(26.5168 -2.76273 -8.90864e-17)
(26.5841 -2.75697 2.83471e-16)
(26.6465 -2.74372 3.88508e-16)
(26.7023 -2.72529 1.61942e-16)
(26.7499 -2.70421 0)
(26.7905 -2.6819 -1.32272e-16)
(26.825 -2.65948 2.89494e-16)
(26.854 -2.63777 1.54465e-16)
(26.8788 -2.61676 -1.83189e-16)
(26.9003 -2.59638 1.80637e-16)
(26.9193 -2.57637 -4.67723e-17)
(26.9364 -2.55621 2.054e-16)
(26.9522 -2.53522 6.04017e-17)
(26.9671 -2.51264 -2.14118e-16)
(26.9813 -2.48742 -1.13013e-16)
(26.9951 -2.45809 1.13883e-16)
(27.008 -2.42356 0)
(27.0189 -2.38468 5.92227e-17)
(27.0266 -2.34336 6.1559e-17)
(27.0303 -2.30022 -9.20216e-17)
(27.0297 -2.25529 1.5521e-17)
(27.0242 -2.20873 0)
(27.0128 -2.16092 1.3448e-17)
(26.995 -2.11247 -8.18507e-17)
(26.9699 -2.06417 1.0198e-16)
(26.9368 -2.01706 -4.60651e-17)
(26.895 -1.97246 4.49366e-17)
(26.8436 -1.93201 -1.57626e-16)
(26.7821 -1.89772 2.05237e-16)
(26.7097 -1.87216 -6.18097e-17)
(26.627 -1.85887 -3.93399e-17)
(26.5369 -1.86041 -6.91765e-17)
(26.1321 -2.53324 1.44304e-17)
(26.1098 -2.49647 -6.50297e-17)
(26.09 -2.45334 -6.37354e-17)
(26.0753 -2.40778 6.86667e-17)
(26.0665 -2.36405 -2.06598e-17)
(26.0628 -2.31911 0)
(26.064 -2.27549 0)
(26.0697 -2.23479 1.52076e-16)
(26.0793 -2.19648 -1.5496e-16)
(26.092 -2.16129 6.34523e-16)
(26.1073 -2.12931 -3.28592e-16)
(26.1248 -2.1002 -4.69566e-16)
(26.1442 -2.07396 1.61925e-16)
(26.1652 -2.05042 3.07449e-16)
(26.1876 -2.02941 1.45824e-16)
(26.2114 -2.01093 -2.77355e-16)
(26.2363 -1.99493 1.41558e-16)
(26.2621 -1.98145 -1.26584e-16)
(26.2887 -1.97055 -1.23777e-16)
(26.3156 -1.96229 -1.74069e-16)
(26.3426 -1.95671 -5.57994e-17)
(26.3691 -1.95382 -9.89609e-17)
(26.3943 -1.95348 0)
(26.4178 -1.95545 -6.17151e-19)
(26.4392 -1.95944 -9.45927e-18)
(26.4594 -1.96525 0)
(26.4788 -1.97283 0)
(26.4974 -1.98212 -1.42002e-18)
(26.5148 -1.993 1.57913e-18)
(26.5309 -2.00536 3.56102e-18)
(26.5453 -2.01903 -3.72076e-18)
(26.5579 -2.03381 0)
(26.5683 -2.04941 -3.17424e-18)
(26.5762 -2.06535 -6.98634e-18)
(26.5818 -2.08102 1.85763e-18)
(26.5849 -2.09555 -1.81549e-18)
(26.5862 -2.10798 0)
(26.5858 -2.11688 8.60609e-18)
(26.5868 -2.12035 -8.41293e-18)
(26.1574 -2.56768 -5.82294e-17)
(26.186 -2.5994 1.95357e-17)
(26.2236 -2.63247 -1.00191e-16)
(26.2704 -2.66458 7.13261e-17)
(26.3229 -2.69093 3.36927e-17)
(26.3829 -2.71111 -3.58447e-18)
(26.4487 -2.72298 4.12358e-17)
(26.5148 -2.72525 -2.77385e-16)
(26.577 -2.71893 9.85318e-17)
(26.6346 -2.70565 -3.5303e-16)
(26.6859 -2.68764 0)
(26.7295 -2.66731 -3.86909e-16)
(26.7666 -2.646 4.32085e-16)
(26.7978 -2.62477 0)
(26.8241 -2.60436 -1.46667e-16)
(26.8464 -2.58477 -5.7234e-18)
(26.8657 -2.5659 2.43569e-16)
(26.8826 -2.54752 -4.11624e-17)
(26.8978 -2.52912 2.23335e-16)
(26.9118 -2.51007 4.92405e-17)
(26.9249 -2.48966 5.03794e-17)
(26.9374 -2.46692 -1.93712e-16)
(26.9495 -2.44047 0)
(26.9609 -2.40933 -1.54931e-16)
(26.9704 -2.37432 5.05929e-17)
(26.9769 -2.33727 0)
(26.98 -2.29876 2.64301e-17)
(26.9793 -2.25882 -2.5957e-17)
(26.9741 -2.21757 0)
(26.9639 -2.17535 -3.63002e-17)
(26.9481 -2.13269 1.16895e-16)
(26.9259 -2.09026 -2.23695e-16)
(26.8969 -2.04896 -3.82213e-17)
(26.8602 -2.00989 1.59688e-16)
(26.8153 -1.97443 7.21773e-17)
(26.7615 -1.94429 0)
(26.6983 -1.92169 4.68649e-17)
(26.6257 -1.90964 -4.50624e-17)
(26.5466 -1.91082 0)
(26.1562 -2.51615 -6.90763e-18)
(26.1353 -2.48223 6.14432e-17)
(26.1168 -2.44231 0)
(26.103 -2.40002 0)
(26.0947 -2.35936 -2.59701e-16)
(26.0911 -2.31752 2.40468e-16)
(26.0922 -2.2769 1.3227e-16)
(26.0974 -2.23903 -3.94009e-16)
(26.1062 -2.20341 0)
(26.1179 -2.17075 -2.90019e-16)
(26.132 -2.14115 0)
(26.1481 -2.11425 2.89869e-16)
(26.1659 -2.09005 0)
(26.1851 -2.06837 1.3181e-16)
(26.2056 -2.04904 0)
(26.2272 -2.03201 7.79181e-18)
(26.2499 -2.01724 0)
(26.2734 -2.00476 7.93406e-18)
(26.2975 -1.99458 3.35727e-16)
(26.3221 -1.98678 5.29584e-17)
(26.3466 -1.98137 3.56765e-18)
(26.3706 -1.97837 9.22154e-17)
(26.3935 -1.97765 3.92974e-17)
(26.4147 -1.97902 7.53084e-18)
(26.4342 -1.9822 -8.94395e-18)
(26.4524 -1.98698 0)
(26.47 -1.99331 0)
(26.4869 -2.00109 3.90975e-18)
(26.5029 -2.01022 -2.8326e-18)
(26.5178 -2.02061 -7.16819e-18)
(26.5313 -2.03211 4.35948e-18)
(26.5434 -2.04457 -1.34128e-19)
(26.5537 -2.05778 3.0167e-18)
(26.5621 -2.07136 1.85611e-18)
(26.5686 -2.08485 8.99379e-18)
(26.5733 -2.09756 0)
(26.5767 -2.10877 0)
(26.5788 -2.11732 -1.3954e-17)
(26.5823 -2.1215 -1.60339e-17)
(26.1799 -2.54788 -4.38727e-17)
(26.2066 -2.57706 -3.84781e-17)
(26.2416 -2.60745 7.60889e-17)
(26.2853 -2.63686 7.40899e-17)
(26.3341 -2.66084 2.47451e-18)
(26.3899 -2.67897 -3.01967e-17)
(26.4511 -2.68925 1.05368e-16)
(26.5123 -2.69051 -1.9737e-16)
(26.5699 -2.68377 -2.99908e-16)
(26.623 -2.67058 3.20678e-16)
(26.67 -2.65307 -3.9398e-16)
(26.71 -2.63353 1.19221e-17)
(26.7437 -2.61322 -2.05968e-16)
(26.772 -2.59314 -1.08768e-16)
(26.7957 -2.57397 0)
(26.8157 -2.55571 -5.13413e-18)
(26.833 -2.53826 -7.43296e-17)
(26.848 -2.52138 7.41764e-17)
(26.8615 -2.50461 -3.6336e-17)
(26.8739 -2.48735 -2.01803e-16)
(26.8854 -2.46893 -2.1214e-16)
(26.8964 -2.44845 1.69642e-16)
(26.9071 -2.42464 0)
(26.917 -2.39661 4.75209e-17)
(26.9253 -2.36515 0)
(26.931 -2.33199 0)
(26.9335 -2.2977 0)
(26.9327 -2.26227 1.08575e-17)
(26.928 -2.22583 -1.22753e-17)
(26.9189 -2.18865 5.42528e-17)
(26.9048 -2.1512 1.95907e-17)
(26.8854 -2.11405 7.59698e-17)
(26.8599 -2.07798 -7.03202e-17)
(26.828 -2.0439 0)
(26.7889 -2.01299 -5.83331e-17)
(26.7422 -1.98667 1.07594e-16)
(26.6872 -1.96684 -4.92055e-17)
(26.6239 -1.95606 1.42401e-16)
(26.5548 -1.95708 1.60688e-16)
(26.1784 -2.50041 1.22512e-17)
(26.1588 -2.46913 3.76778e-17)
(26.1415 -2.43223 -4.90964e-17)
(26.1285 -2.39303 -5.91078e-17)
(26.1207 -2.35526 1.073e-16)
(26.1173 -2.31633 -2.27386e-16)
(26.1182 -2.27848 0)
(26.123 -2.24317 1.27669e-16)
(26.1311 -2.20999 9.19114e-19)
(26.1419 -2.1796 2.41395e-16)
(26.1549 -2.1521 2.88782e-18)
(26.1697 -2.12716 3.71474e-18)
(26.186 -2.10477 -1.13558e-16)
(26.2036 -2.08475 -2.4127e-16)
(26.2224 -2.06692 -6.18788e-18)
(26.2421 -2.05122 1.17815e-16)
(26.2628 -2.03759 -1.06725e-16)
(26.2841 -2.02602 1.00911e-16)
(26.3061 -2.01654 -2.53091e-16)
(26.3283 -2.00918 4.88942e-17)
(26.3506 -2.00396 4.16268e-17)
(26.3723 -2.0009 -4.29607e-17)
(26.3931 -1.99988 -1.91169e-17)
(26.4124 -2.00073 -2.59711e-17)
(26.43 -2.00322 7.89051e-18)
(26.4466 -2.00714 -3.57296e-18)
(26.4626 -2.01239 5.89572e-20)
(26.478 -2.01889 -1.83555e-18)
(26.4927 -2.02654 4.97626e-19)
(26.5064 -2.03526 1.21357e-17)
(26.5191 -2.04491 -1.23384e-18)
(26.5307 -2.05541 7.3744e-20)
(26.5408 -2.0666 -9.47895e-20)
(26.5495 -2.0782 -8.34427e-18)
(26.5568 -2.08984 -5.87398e-18)
(26.5626 -2.10101 6.70656e-18)
(26.5677 -2.11115 6.48423e-18)
(26.5717 -2.11935 1.96794e-17)
(26.5772 -2.12406 1.53273e-17)
(26.2006 -2.5296 -1.52852e-17)
(26.2255 -2.55638 7.94932e-17)
(26.2582 -2.58424 -1.61227e-17)
(26.2988 -2.6111 1.12682e-17)
(26.3442 -2.63286 -1.54731e-18)
(26.396 -2.64909 2.78023e-17)
(26.4528 -2.65792 -9.97086e-17)
(26.5095 -2.65833 -4.37761e-17)
(26.5626 -2.65129 3.43626e-16)
(26.6115 -2.63829 -1.94036e-16)
(26.6547 -2.62134 4.87766e-16)
(26.6912 -2.60262 3.12604e-16)
(26.7219 -2.58332 -3.49753e-16)
(26.7475 -2.56436 2.9541e-16)
(26.7688 -2.54639 -1.05542e-16)
(26.7868 -2.52938 5.90008e-17)
(26.8022 -2.51325 -1.23115e-16)
(26.8156 -2.49777 0)
(26.8275 -2.48249 0)
(26.8384 -2.46685 1.77379e-16)
(26.8486 -2.45024 -1.44239e-16)
(26.8583 -2.43184 3.60374e-17)
(26.8676 -2.41044 0)
(26.8763 -2.38523 0)
(26.8836 -2.35701 0)
(26.8885 -2.3274 7.99812e-17)
(26.8906 -2.29693 -4.01194e-17)
(26.8897 -2.26559 -1.03198e-17)
(26.8855 -2.23347 1.08024e-17)
(26.8774 -2.20083 -9.38962e-18)
(26.8651 -2.16805 0)
(26.8481 -2.13564 2.80796e-17)
(26.8259 -2.10425 -6.01155e-17)
(26.7982 -2.07466 0)
(26.7643 -2.04785 0)
(26.7239 -2.025 4.70933e-17)
(26.6764 -2.00776 -3.5137e-17)
(26.6216 -1.99824 5.12866e-17)
(26.5616 -1.99922 -6.35918e-17)
(26.1988 -2.48591 1.07439e-17)
(26.1805 -2.45706 -5.80096e-17)
(26.1643 -2.42296 0)
(26.1521 -2.38667 -1.85754e-16)
(26.1447 -2.35164 -9.85037e-17)
(26.1414 -2.31546 1.92281e-16)
(26.1422 -2.28022 -2.04339e-16)
(26.1465 -2.24731 2.08837e-16)
(26.154 -2.21636 -3.18501e-16)
(26.164 -2.18801 -6.77871e-18)
(26.1759 -2.16238 0)
(26.1896 -2.13916 0)
(26.2046 -2.11836 4.38233e-16)
(26.2208 -2.0998 2.22206e-16)
(26.238 -2.08329 1.97762e-16)
(26.256 -2.06877 -1.04499e-16)
(26.2748 -2.05615 1.01253e-16)
(26.2943 -2.04542 -9.15945e-17)
(26.3142 -2.03657 0)
(26.3344 -2.02964 4.05209e-17)
(26.3546 -2.02463 -8.07256e-17)
(26.3744 -2.02154 -3.66357e-17)
(26.3933 -2.02029 -1.7124e-17)
(26.4107 -2.02073 3.16662e-17)
(26.4268 -2.02266 -2.31941e-17)
(26.4418 -2.02585 1.11644e-20)
(26.4564 -2.0302 -8.06458e-19)
(26.4705 -2.03561 1.82709e-18)
(26.484 -2.04201 -2.60035e-18)
(26.4967 -2.04932 -1.22004e-17)
(26.5086 -2.05742 1.54293e-17)
(26.5196 -2.06628 0)
(26.5295 -2.07578 -4.70313e-18)
(26.5383 -2.08572 7.93266e-18)
(26.5461 -2.09581 7.25842e-18)
(26.5528 -2.10566 -1.34975e-17)
(26.559 -2.11488 -1.24443e-17)
(26.5646 -2.12274 0)
(26.5715 -2.12785 -5.65376e-18)
(26.2195 -2.51273 1.87791e-17)
(26.2428 -2.53728 -9.92194e-17)
(26.2733 -2.56276 1.99399e-17)
(26.3111 -2.58722 3.73335e-17)
(26.3533 -2.60688 0)
(26.4013 -2.62135 -2.52836e-17)
(26.4539 -2.62885 -1.70902e-16)
(26.5063 -2.62851 1.66807e-16)
(26.5554 -2.62129 0)
(26.6003 -2.60855 3.20754e-16)
(26.6399 -2.59222 -3.37878e-16)
(26.6732 -2.57437 1.25132e-16)
(26.7011 -2.55608 -1.48653e-16)
(26.7243 -2.53822 -1.79945e-16)
(26.7435 -2.5214 2.87753e-16)
(26.7596 -2.50558 2.11347e-16)
(26.7733 -2.49068 -4.92578e-16)
(26.7852 -2.47648 2.27122e-16)
(26.7957 -2.46256 0)
(26.8053 -2.4484 -6.21182e-17)
(26.8142 -2.43344 0)
(26.8227 -2.4169 -3.42236e-17)
(26.831 -2.39769 6.45115e-17)
(26.8386 -2.37506 0)
(26.845 -2.34978 -7.15487e-17)
(26.8492 -2.32338 3.35359e-17)
(26.851 -2.29636 0)
(26.8502 -2.2687 -1.6763e-17)
(26.8464 -2.24048 8.4038e-18)
(26.8393 -2.2119 -3.20816e-17)
(26.8286 -2.1833 1.66555e-18)
(26.8138 -2.15512 -3.11409e-17)
(26.7946 -2.1279 4.10541e-18)
(26.7706 -2.10231 5.33319e-17)
(26.7415 -2.07917 -4.19375e-17)
(26.7067 -2.05946 -8.19558e-18)
(26.6659 -2.04457 -1.39736e-16)
(26.6187 -2.03626 -1.11273e-16)
(26.5671 -2.0373 4.82889e-17)
(26.2175 -2.47249 9.42805e-18)
(26.2004 -2.44586 -4.79427e-17)
(26.1853 -2.41435 0)
(26.1739 -2.3808 2.62346e-16)
(26.167 -2.34836 -8.30781e-17)
(26.1638 -2.31481 3.28916e-16)
(26.1644 -2.28204 0)
(26.1683 -2.2514 0)
(26.1751 -2.22255 0)
(26.1842 -2.19608 0)
(26.1953 -2.17214 0)
(26.2079 -2.15045 0)
(26.2217 -2.13105 -2.0092e-16)
(26.2366 -2.11375 -1.85411e-16)
(26.2524 -2.09839 -2.84657e-16)
(26.2689 -2.08488 4.73072e-18)
(26.2861 -2.07315 9.01037e-17)
(26.3039 -2.06316 -1.97292e-19)
(26.322 -2.05488 -1.56193e-16)
(26.3404 -2.04834 4.85782e-18)
(26.3587 -2.04353 3.70367e-17)
(26.3767 -2.04046 3.57279e-17)
(26.3938 -2.03904 8.07293e-17)
(26.4097 -2.03915 -2.9954e-17)
(26.4242 -2.04062 1.45971e-17)
(26.4379 -2.04322 3.20833e-18)
(26.4512 -2.04682 1.4161e-18)
(26.4641 -2.05134 -6.99881e-19)
(26.4765 -2.0567 -4.44152e-18)
(26.4883 -2.06283 1.2899e-17)
(26.4995 -2.06965 -1.46635e-17)
(26.51 -2.07714 6.4481e-18)
(26.5196 -2.08524 -1.10458e-17)
(26.5284 -2.09378 -8.66403e-18)
(26.5364 -2.10258 2.75325e-19)
(26.5438 -2.11132 0)
(26.5508 -2.11975 0)
(26.5574 -2.12729 5.6619e-18)
(26.5653 -2.13268 6.09008e-19)
(26.2369 -2.49715 4.71356e-17)
(26.2587 -2.51964 1.34243e-17)
(26.287 -2.54291 0)
(26.3222 -2.56512 -7.81745e-17)
(26.3613 -2.58283 3.99266e-19)
(26.4058 -2.59564 4.86505e-17)
(26.4545 -2.60192 1.35989e-16)
(26.5029 -2.60093 2.78475e-16)
(26.5481 -2.59357 -2.08896e-16)
(26.5894 -2.58116 -2.09227e-17)
(26.6257 -2.5655 0)
(26.6561 -2.54853 0)
(26.6814 -2.53126 3.78478e-19)
(26.7024 -2.51449 1.58847e-16)
(26.7196 -2.49878 -1.64657e-16)
(26.734 -2.48409 0)
(26.7462 -2.47034 5.02403e-17)
(26.7567 -2.45732 0)
(26.766 -2.44464 -5.03496e-17)
(26.7744 -2.43183 8.56792e-17)
(26.7823 -2.41835 -1.1007e-16)
(26.7898 -2.4035 5.47899e-17)
(26.797 -2.38626 -6.12532e-17)
(26.8037 -2.36595 5.77146e-17)
(26.8093 -2.34333 -6.21832e-17)
(26.813 -2.31984 6.14658e-17)
(26.8145 -2.29592 1.45623e-17)
(26.8138 -2.27157 3.90306e-19)
(26.8105 -2.24683 9.04773e-18)
(26.8044 -2.22187 -1.35188e-17)
(26.795 -2.197 2.84727e-17)
(26.7823 -2.17258 0)
(26.7658 -2.14906 0)
(26.7453 -2.12702 -4.76532e-17)
(26.7203 -2.10714 1.66936e-16)
(26.6906 -2.09023 -7.81628e-17)
(26.6558 -2.07747 1.27073e-16)
(26.6155 -2.07029 -1.06254e-16)
(26.5714 -2.0714 -7.92915e-17)
(26.2347 -2.46001 0)
(26.2188 -2.43541 5.35817e-18)
(26.2047 -2.40628 -9.7147e-17)
(26.1941 -2.37528 -1.4819e-16)
(26.1875 -2.34528 -2.17137e-16)
(26.1844 -2.3142 -2.11486e-17)
(26.1848 -2.28382 0)
(26.1883 -2.25536 0)
(26.1945 -2.22849 1.65725e-16)
(26.2029 -2.20381 -1.72193e-16)
(26.213 -2.18144 -3.34428e-16)
(26.2246 -2.16115 0)
(26.2374 -2.14299 -1.67289e-16)
(26.2511 -2.1268 1.75792e-16)
(26.2656 -2.11243 1.61898e-16)
(26.2808 -2.0998 0)
(26.2966 -2.08882 2.33996e-16)
(26.3128 -2.07946 7.32476e-17)
(26.3294 -2.07168 6.94905e-17)
(26.3461 -2.06548 6.56177e-17)
(26.3628 -2.06086 -6.83811e-17)
(26.3791 -2.05781 -1.2918e-18)
(26.3947 -2.05626 -4.3699e-17)
(26.4091 -2.05612 1.31851e-17)
(26.4223 -2.05722 -1.35064e-17)
(26.4348 -2.05934 1.10453e-19)
(26.4469 -2.06233 2.21028e-18)
(26.4588 -2.06612 6.00756e-18)
(26.4702 -2.07063 -4.83154e-18)
(26.4812 -2.0758 -1.17801e-17)
(26.4916 -2.08157 8.07912e-18)
(26.5016 -2.08794 -5.76398e-18)
(26.5109 -2.09487 1.0491e-17)
(26.5196 -2.10226 9.52916e-18)
(26.5277 -2.10998 7.83397e-18)
(26.5354 -2.1178 -6.68342e-18)
(26.543 -2.12555 6.53643e-18)
(26.5503 -2.13277 -1.03981e-17)
(26.5589 -2.13837 -8.95692e-18)
(26.2529 -2.48271 -2.03427e-18)
(26.2731 -2.50332 1.92895e-17)
(26.2995 -2.52457 -1.15222e-16)
(26.3322 -2.54471 0)
(26.3684 -2.5606 -1.58744e-19)
(26.4096 -2.57187 1.53322e-19)
(26.4546 -2.57703 -1.36309e-16)
(26.4992 -2.57543 -3.39577e-16)
(26.5408 -2.56799 1.7361e-16)
(26.5787 -2.55594 -2.91938e-16)
(26.6119 -2.54097 1.55481e-16)
(26.6396 -2.5249 0)
(26.6626 -2.50864 0)
(26.6816 -2.49294 1.40207e-16)
(26.6971 -2.47831 7.11245e-17)
(26.71 -2.4647 -7.6411e-17)
(26.7209 -2.45203 4.04591e-17)
(26.7302 -2.44011 -4.23373e-17)
(26.7384 -2.42857 4.78107e-17)
(26.7458 -2.41697 9.46412e-17)
(26.7527 -2.40482 -9.78654e-17)
(26.7592 -2.39148 4.64068e-17)
(26.7655 -2.37601 0)
(26.7715 -2.3578 5.03893e-17)
(26.7764 -2.33757 -5.29932e-17)
(26.7796 -2.31668 -5.33741e-17)
(26.781 -2.29555 1.2507e-17)
(26.7804 -2.27414 -3.21133e-17)
(26.7775 -2.2525 -3.16779e-18)
(26.7723 -2.23077 1.1177e-18)
(26.7643 -2.2092 0)
(26.7534 -2.1881 -4.32294e-17)
(26.7393 -2.16786 0)
(26.7218 -2.14895 -1.15272e-16)
(26.7007 -2.13194 7.56991e-17)
(26.6755 -2.11751 -5.59777e-18)
(26.646 -2.10664 -5.50953e-17)
(26.6119 -2.10047 -9.2007e-17)
(26.5745 -2.10167 -7.62265e-17)
(26.2506 -2.44836 0)
(26.2358 -2.42561 -2.76649e-17)
(26.2227 -2.39864 1.35785e-16)
(26.2128 -2.36998 9.37802e-18)
(26.2066 -2.34226 4.09382e-16)
(26.2036 -2.31352 -6.59922e-16)
(26.2038 -2.2854 -1.30985e-16)
(26.2069 -2.25903 -2.87937e-16)
(26.2124 -2.23409 5.79267e-16)
(26.2201 -2.21112 -1.52405e-16)
(26.2293 -2.19025 3.16845e-16)
(26.2399 -2.17129 -2.97671e-16)
(26.2517 -2.15428 1.58575e-16)
(26.2643 -2.13909 0)
(26.2776 -2.12559 -2.98775e-16)
(26.2916 -2.11371 2.8962e-16)
(26.3061 -2.10337 -2.89423e-16)
(26.321 -2.09454 0)
(26.3362 -2.08717 -5.70908e-19)
(26.3515 -2.08125 -6.46452e-17)
(26.3667 -2.07678 5.70399e-17)
(26.3816 -2.07376 -1.4248e-16)
(26.3958 -2.07211 2.89945e-17)
(26.4089 -2.07176 1.24681e-17)
(26.421 -2.07257 1.14355e-17)
(26.4323 -2.07429 -1.7176e-17)
(26.4434 -2.0768 6.47876e-19)
(26.4543 -2.08 -3.53946e-18)
(26.4648 -2.08383 1.25244e-17)
(26.475 -2.08823 -4.40737e-18)
(26.4848 -2.09314 0)
(26.4942 -2.0986 -5.52049e-18)
(26.5031 -2.10458 2.14293e-17)
(26.5116 -2.11103 -9.37932e-19)
(26.5198 -2.11786 -9.07915e-18)
(26.5276 -2.12489 -7.36506e-18)
(26.5355 -2.13206 1.1603e-17)
(26.5432 -2.13899 9.91286e-18)
(26.5522 -2.14471 8.55146e-18)
(26.2675 -2.46929 -2.33701e-17)
(26.2864 -2.4882 2.06213e-17)
(26.3109 -2.50761 9.46205e-17)
(26.3412 -2.52586 9.49666e-18)
(26.3748 -2.54009 -8.93798e-18)
(26.4129 -2.54995 5.93717e-17)
(26.4543 -2.55406 -1.27842e-17)
(26.4954 -2.55192 0)
(26.5336 -2.54442 0)
(26.5683 -2.53273 -2.19032e-16)
(26.5987 -2.51845 1.26375e-16)
(26.6239 -2.50327 1.70228e-16)
(26.6448 -2.48801 -2.16047e-16)
(26.662 -2.47336 3.49542e-16)
(26.6759 -2.45978 -6.15611e-17)
(26.6875 -2.4472 -2.05093e-16)
(26.6972 -2.43555 1.06226e-16)
(26.7054 -2.42465 4.01972e-17)
(26.7126 -2.41415 1.61256e-16)
(26.7191 -2.40365 -3.71567e-16)
(26.7252 -2.3927 1.26593e-16)
(26.7309 -2.38072 -8.71031e-17)
(26.7365 -2.36683 8.76938e-17)
(26.7418 -2.35049 -9.12584e-17)
(26.7461 -2.33241 1.31216e-18)
(26.749 -2.31384 4.62897e-17)
(26.7502 -2.29518 2.18928e-17)
(26.7497 -2.2764 3.01482e-19)
(26.7473 -2.2575 1.78084e-17)
(26.7429 -2.23862 4.42933e-19)
(26.7361 -2.21995 0)
(26.7269 -2.20178 2.2361e-17)
(26.715 -2.18442 -3.6234e-17)
(26.7003 -2.16826 7.20908e-17)
(26.6825 -2.15377 5.42032e-18)
(26.6613 -2.1415 7.11085e-20)
(26.6366 -2.13229 5.26228e-17)
(26.6078 -2.12702 8.7953e-17)
(26.5765 -2.12826 7.2989e-17)
(26.2653 -2.43743 -5.84498e-18)
(26.2515 -2.41638 5.62216e-17)
(26.2393 -2.39139 -7.12751e-18)
(26.23 -2.36488 1.19787e-16)
(26.2242 -2.33923 -2.25562e-16)
(26.2213 -2.31267 2.4204e-16)
(26.2214 -2.28668 2.58014e-16)
(26.2241 -2.26229 -1.27611e-16)
(26.2291 -2.2392 -1.72631e-17)
(26.236 -2.21789 -1.2537e-16)
(26.2444 -2.1985 1.28696e-16)
(26.254 -2.18082 4.19879e-16)
(26.2648 -2.16491 -2.6415e-16)
(26.2763 -2.15066 0)
(26.2886 -2.13796 1.28535e-16)
(26.3015 -2.12675 -1.25677e-16)
(26.3148 -2.11697 1.2234e-16)
(26.3285 -2.10857 -6.76537e-18)
(26.3425 -2.10153 1.73994e-16)
(26.3565 -2.09585 -5.81575e-17)
(26.3705 -2.09149 0)
(26.3841 -2.08847 1.64075e-18)
(26.397 -2.08673 5.03493e-17)
(26.409 -2.0862 -1.18334e-17)
(26.42 -2.08677 -5.39877e-18)
(26.4304 -2.08819 2.60548e-18)
(26.4405 -2.0903 0)
(26.4505 -2.09304 2.23096e-18)
(26.4602 -2.09632 -8.13469e-18)
(26.4697 -2.10011 -3.72942e-18)
(26.4789 -2.10434 1.27244e-17)
(26.4877 -2.10907 -1.25235e-17)
(26.4963 -2.11429 -5.92824e-19)
(26.5045 -2.11997 -1.83785e-17)
(26.5125 -2.12606 4.4416e-19)
(26.5203 -2.13245 7.06693e-18)
(26.5283 -2.13911 -2.10723e-17)
(26.5361 -2.14576 1.90931e-18)
(26.5453 -2.15153 1.4277e-17)
(26.281 -2.45676 -1.53181e-18)
(26.2985 -2.47415 0)
(26.3213 -2.4919 0)
(26.3494 -2.50846 0)
(26.3804 -2.52119 0)
(26.4156 -2.52977 -3.72688e-17)
(26.4538 -2.53294 1.51544e-16)
(26.4915 -2.5303 -9.92777e-17)
(26.5265 -2.52276 -1.84317e-17)
(26.5583 -2.51142 2.14522e-16)
(26.586 -2.4978 -3.87533e-16)
(26.6089 -2.48347 -1.64145e-16)
(26.6279 -2.46917 1.75444e-16)
(26.6434 -2.45554 2.11461e-16)
(26.656 -2.44296 -3.35994e-16)
(26.6663 -2.43138 1.18861e-16)
(26.675 -2.42069 -6.85567e-17)
(26.6823 -2.41074 1.32129e-16)
(26.6887 -2.4012 -3.32713e-17)
(26.6944 -2.3917 1.44307e-16)
(26.6998 -2.38184 -2.19552e-16)
(26.7048 -2.37107 1.48716e-16)
(26.7097 -2.3586 0)
(26.7144 -2.34393 7.9083e-17)
(26.7182 -2.32776 -3.79984e-17)
(26.7208 -2.31126 1.92436e-17)
(26.7219 -2.29479 1.79232e-17)
(26.7215 -2.27831 -3.35915e-17)
(26.7196 -2.26184 4.76505e-18)
(26.7159 -2.24545 -2.70504e-17)
(26.7103 -2.22934 1.79897e-17)
(26.7026 -2.21372 1.78743e-17)
(26.6926 -2.19887 3.09497e-17)
(26.6803 -2.1851 8.78212e-17)
(26.6655 -2.17281 -5.76627e-17)
(26.6479 -2.16241 -1.01522e-16)
(26.6274 -2.15464 -8.59748e-17)
(26.6035 -2.15013 6.9612e-17)
(26.5774 -2.15138 -6.94222e-17)
(26.2789 -2.42718 3.8615e-19)
(26.2661 -2.40769 6.71664e-17)
(26.2547 -2.38452 -2.44892e-17)
(26.2461 -2.35995 -1.53597e-16)
(26.2406 -2.3362 6.17383e-16)
(26.2378 -2.31162 -1.00963e-16)
(26.2377 -2.2876 0)
(26.2401 -2.26507 2.18331e-16)
(26.2445 -2.24373 -4.62305e-16)
(26.2507 -2.22403 4.77059e-16)
(26.2583 -2.20607 1.02841e-16)
(26.2671 -2.18965 -1.22203e-16)
(26.2769 -2.17483 2.504e-16)
(26.2874 -2.1615 -3.4978e-16)
(26.2987 -2.14957 -2.68435e-18)
(26.3105 -2.13899 4.61911e-16)
(26.3227 -2.12971 -1.1516e-16)
(26.3353 -2.1217 -2.18048e-16)
(26.3481 -2.11494 1.56581e-16)
(26.361 -2.10942 4.88097e-17)
(26.3738 -2.10515 -5.02533e-17)
(26.3863 -2.10212 -6.76818e-17)
(26.3982 -2.10028 1.73855e-18)
(26.4092 -2.0996 -8.76746e-18)
(26.4193 -2.09996 2.60157e-17)
(26.4288 -2.10112 4.54769e-18)
(26.4381 -2.10292 -4.06906e-18)
(26.4472 -2.10528 -2.03126e-18)
(26.4562 -2.10813 1.10797e-17)
(26.465 -2.11144 -7.35635e-18)
(26.4736 -2.11515 5.7156e-18)
(26.482 -2.11931 -1.18185e-17)
(26.4901 -2.12393 1.94314e-17)
(26.498 -2.129 0)
(26.5058 -2.1345 -1.35478e-17)
(26.5134 -2.14034 1.98956e-18)
(26.5213 -2.14656 1.11134e-17)
(26.5292 -2.15292 6.84122e-18)
(26.5383 -2.15868 -2.33466e-17)
(26.2934 -2.44505 -1.88283e-17)
(26.3096 -2.46107 0)
(26.3307 -2.47734 0)
(26.3567 -2.49238 -1.43029e-17)
(26.3854 -2.50378 1.38436e-17)
(26.4179 -2.51123 3.15874e-17)
(26.453 -2.51357 -9.44144e-17)
(26.4877 -2.51049 5.17949e-17)
(26.5197 -2.50292 -5.68233e-17)
(26.5487 -2.49191 8.70784e-17)
(26.5738 -2.4789 -2.30644e-16)
(26.5947 -2.46537 1.30479e-16)
(26.6118 -2.45198 1.18423e-17)
(26.6259 -2.4393 -1.74351e-16)
(26.6372 -2.42768 0)
(26.6465 -2.41703 0)
(26.6542 -2.40725 -5.83672e-17)
(26.6608 -2.39819 0)
(26.6664 -2.38954 3.15855e-17)
(26.6715 -2.38096 -1.25253e-16)
(26.6762 -2.37207 6.22218e-17)
(26.6807 -2.36239 -3.11407e-17)
(26.6851 -2.35118 0)
(26.6892 -2.33802 3.58475e-17)
(26.6926 -2.32354 -6.95645e-17)
(26.6949 -2.30888 -5.30511e-17)
(26.696 -2.29434 1.62494e-17)
(26.6958 -2.27989 8.82569e-18)
(26.6942 -2.26553 9.81256e-19)
(26.6912 -2.25132 -7.40618e-18)
(26.6866 -2.23743 1.55847e-17)
(26.6802 -2.22403 2.82822e-17)
(26.6721 -2.21135 -5.63511e-17)
(26.6619 -2.19965 -1.69379e-18)
(26.6497 -2.18923 -4.6172e-17)
(26.6353 -2.18045 3.75974e-18)
(26.6184 -2.17388 6.29589e-18)
(26.5988 -2.17002 6.48157e-17)
(26.5773 -2.17123 0)
(26.2914 -2.41757 3.35824e-19)
(26.2796 -2.39953 -4.32041e-17)
(26.269 -2.37805 -3.65676e-17)
(26.2609 -2.35525 9.21375e-17)
(26.2558 -2.33322 -2.76636e-16)
(26.2531 -2.31044 1.75926e-16)
(26.253 -2.2882 9.76707e-17)
(26.255 -2.26737 -4.05642e-16)
(26.2589 -2.24766 3.13415e-16)
(26.2645 -2.22947 -2.1835e-16)
(26.2713 -2.21288 -2.20701e-16)
(26.2792 -2.1977 0)
(26.2881 -2.18395 1.05788e-16)
(26.2977 -2.17154 7.56592e-18)
(26.3079 -2.16038 -3.08238e-16)
(26.3187 -2.15042 -1.86353e-18)
(26.3299 -2.14163 1.02761e-16)
(26.3414 -2.13398 -9.47138e-17)
(26.3532 -2.12748 -1.88446e-16)
(26.3651 -2.12212 4.98866e-17)
(26.3769 -2.1179 -3.94935e-17)
(26.3883 -2.11485 4.61388e-17)
(26.3993 -2.11291 4.17385e-17)
(26.4094 -2.11208 1.9297e-17)
(26.4187 -2.11225 -9.00657e-18)
(26.4274 -2.11319 0)
(26.4359 -2.11473 -5.17128e-19)
(26.4444 -2.11679 5.40013e-20)
(26.4527 -2.1193 -6.729e-18)
(26.4609 -2.12223 6.82993e-18)
(26.4689 -2.12553 -5.24859e-18)
(26.4768 -2.12926 2.08927e-17)
(26.4845 -2.13342 -1.88987e-17)
(26.4921 -2.13802 0)
(26.4995 -2.14305 -6.67391e-18)
(26.507 -2.14844 0)
(26.5147 -2.15428 0)
(26.5224 -2.16035 6.64856e-18)
(26.5313 -2.16604 5.25593e-18)
(26.3048 -2.4341 -4.5473e-17)
(26.3198 -2.44886 8.61198e-17)
(26.3393 -2.4638 -7.69922e-17)
(26.3633 -2.4775 0)
(26.3898 -2.48773 -2.28244e-17)
(26.4197 -2.4942 -2.99054e-17)
(26.452 -2.49582 8.94003e-17)
(26.4838 -2.49238 0)
(26.513 -2.48481 -2.19088e-16)
(26.5395 -2.47411 2.94165e-16)
(26.5623 -2.46167 2.05017e-16)
(26.5812 -2.44886 -1.25031e-16)
(26.5967 -2.4363 2.78784e-16)
(26.6094 -2.4245 0)
(26.6196 -2.41376 -8.21076e-17)
(26.6279 -2.40398 -1.42593e-16)
(26.6348 -2.39506 2.37232e-16)
(26.6407 -2.38682 -1.02285e-16)
(26.6458 -2.37899 1.28475e-16)
(26.6503 -2.37125 0)
(26.6545 -2.36325 2.89136e-17)
(26.6584 -2.35455 1.4296e-16)
(26.6623 -2.34448 -1.14136e-16)
(26.666 -2.33265 9.00761e-17)
(26.6691 -2.3197 -6.01089e-17)
(26.6712 -2.30665 0)
(26.6722 -2.29381 0)
(26.6722 -2.28113 -1.05508e-17)
(26.671 -2.26861 -5.25944e-18)
(26.6686 -2.25629 1.35496e-17)
(26.6649 -2.24431 -1.27606e-17)
(26.6598 -2.23282 -5.14126e-17)
(26.6531 -2.222 7.32588e-17)
(26.6449 -2.21205 -2.23133e-17)
(26.635 -2.20324 6.97689e-19)
(26.6233 -2.19581 4.07012e-17)
(26.6097 -2.19026 7.23368e-17)
(26.5937 -2.18692 -6.19169e-17)
(26.5763 -2.18804 -4.9867e-17)
(26.303 -2.40858 8.28528e-18)
(26.2921 -2.39191 -3.87237e-17)
(26.2823 -2.372 3.22415e-17)
(26.2747 -2.35083 1.53176e-16)
(26.2699 -2.33037 8.17174e-17)
(26.2674 -2.3092 -2.4523e-16)
(26.2671 -2.28857 0)
(26.2689 -2.26927 1.76555e-16)
(26.2724 -2.25103 -3.50158e-16)
(26.2773 -2.23424 -1.87234e-16)
(26.2834 -2.21893 0)
(26.2906 -2.20492 -1.87882e-16)
(26.2985 -2.19221 3.81188e-16)
(26.3072 -2.18072 -1.92151e-16)
(26.3165 -2.17033 1.93245e-16)
(26.3262 -2.16101 -9.4752e-17)
(26.3364 -2.15272 0)
(26.3469 -2.14545 1.74527e-16)
(26.3577 -2.13921 -8.67839e-17)
(26.3686 -2.13401 3.98419e-17)
(26.3795 -2.12985 4.83509e-18)
(26.3901 -2.12677 3.91536e-17)
(26.4002 -2.12474 1.77482e-17)
(26.4095 -2.12376 7.93247e-18)
(26.4181 -2.12376 7.51156e-18)
(26.4261 -2.1245 -8.20663e-18)
(26.434 -2.12581 0)
(26.4418 -2.12761 1.77636e-18)
(26.4495 -2.12985 3.20631e-18)
(26.4571 -2.13248 -1.14488e-17)
(26.4646 -2.13547 1.15583e-17)
(26.472 -2.13888 -9.14148e-18)
(26.4793 -2.1427 2.49298e-17)
(26.4865 -2.14694 5.19395e-18)
(26.4936 -2.15161 -1.02194e-18)
(26.5008 -2.15664 9.43719e-18)
(26.5082 -2.16214 -9.26695e-18)
(26.5157 -2.16793 -5.55976e-19)
(26.5242 -2.17351 0)
(26.3153 -2.42386 5.63383e-17)
(26.3292 -2.43747 -4.66687e-17)
(26.3472 -2.45119 1.07819e-16)
(26.3693 -2.46368 0)
(26.3937 -2.4729 2.11034e-17)
(26.4212 -2.47852 4.91846e-17)
(26.4509 -2.47954 -5.00655e-17)
(26.48 -2.47584 -2.47473e-17)
(26.5067 -2.46831 2.94774e-16)
(26.5307 -2.45792 -6.07927e-16)
(26.5515 -2.446 8.01644e-17)
(26.5686 -2.43385 0)
(26.5825 -2.42204 0)
(26.5939 -2.41103 1.39417e-16)
(26.6031 -2.40109 -6.76143e-17)
(26.6105 -2.3921 -2.79773e-16)
(26.6168 -2.38395 1.21494e-16)
(26.622 -2.37647 4.19158e-17)
(26.6265 -2.3694 8.93549e-17)
(26.6306 -2.36242 -6.99325e-17)
(26.6343 -2.35523 -2.27831e-17)
(26.6379 -2.34742 -9.79824e-17)
(26.6414 -2.33837 9.86054e-17)
(26.6447 -2.32774 0)
(26.6475 -2.31614 0)
(26.6495 -2.30453 2.47623e-17)
(26.6505 -2.29318 0)
(26.6506 -2.28204 6.58746e-18)
(26.6498 -2.2711 8.05203e-19)
(26.648 -2.26041 -6.26906e-18)
(26.645 -2.25006 1.09658e-18)
(26.641 -2.2402 6.6914e-17)
(26.6357 -2.23095 -4.3091e-17)
(26.6291 -2.2225 8.01296e-17)
(26.6212 -2.21502 -7.19495e-17)
(26.6119 -2.20873 5.36229e-18)
(26.601 -2.20401 6.47451e-17)
(26.5883 -2.20108 5.61595e-17)
(26.5744 -2.20205 9.00332e-17)
(26.3137 -2.4002 -3.78257e-18)
(26.3036 -2.38482 0)
(26.2946 -2.3664 0)
(26.2875 -2.34675 -9.63885e-18)
(26.283 -2.32773 -2.01897e-16)
(26.2806 -2.30804 -1.4145e-16)
(26.2802 -2.28885 7.49612e-17)
(26.2818 -2.2709 0)
(26.2849 -2.25398 3.31261e-16)
(26.2893 -2.23843 0)
(26.2948 -2.22428 0)
(26.3012 -2.21134 -3.11029e-18)
(26.3083 -2.19961 1.715e-16)
(26.3161 -2.18898 3.2825e-16)
(26.3244 -2.17936 -3.30273e-16)
(26.3331 -2.17069 0)
(26.3423 -2.16294 4.13185e-19)
(26.3519 -2.15609 -7.9661e-17)
(26.3617 -2.15015 -7.31907e-17)
(26.3717 -2.14512 -3.97588e-20)
(26.3817 -2.14105 3.62809e-17)
(26.3915 -2.13796 0)
(26.4008 -2.13585 -1.68413e-17)
(26.4095 -2.13475 -1.54376e-17)
(26.4174 -2.13459 -3.52186e-19)
(26.4248 -2.13514 0)
(26.4321 -2.13624 0)
(26.4393 -2.13782 -6.15672e-18)
(26.4464 -2.13981 2.58336e-19)
(26.4535 -2.1422 0)
(26.4605 -2.14495 -4.61094e-18)
(26.4674 -2.14811 1.83231e-17)
(26.4743 -2.15168 7.72109e-18)
(26.4811 -2.15567 -9.47785e-19)
(26.488 -2.16007 -7.70878e-18)
(26.4948 -2.16483 -1.03406e-17)
(26.5019 -2.17006 0)
(26.5091 -2.17559 -5.4999e-18)
(26.5173 -2.18102 -1.61159e-18)
(26.325 -2.41428 -2.9417e-18)
(26.3378 -2.42681 -2.17567e-17)
(26.3543 -2.43941 -4.91917e-17)
(26.3746 -2.45081 0)
(26.3971 -2.45912 -1.8006e-17)
(26.4224 -2.46402 -4.61096e-17)
(26.4496 -2.46456 0)
(26.4762 -2.4607 2.2528e-16)
(26.5005 -2.45328 0)
(26.5224 -2.44322 1.17006e-16)
(26.5412 -2.43181 1.39692e-16)
(26.5567 -2.42026 -1.73992e-16)
(26.5693 -2.40912 0)
(26.5795 -2.39881 0)
(26.5877 -2.38957 -1.31538e-16)
(26.5944 -2.38128 1.41897e-16)
(26.5999 -2.37382 0)
(26.6046 -2.36703 -3.97806e-17)
(26.6086 -2.36064 -2.05597e-17)
(26.6123 -2.35436 -2.11254e-17)
(26.6156 -2.3479 2.16222e-17)
(26.6188 -2.34088 -2.00532e-17)
(26.622 -2.33275 -8.61405e-17)
(26.6251 -2.32321 1.7505e-16)
(26.6276 -2.31281 -8.93707e-17)
(26.6295 -2.30247 -2.34946e-17)
(26.6305 -2.29243 2.19459e-17)
(26.6308 -2.28263 -1.64861e-17)
(26.6303 -2.27305 0)
(26.629 -2.26374 2.03873e-17)
(26.6268 -2.25478 -1.31122e-19)
(26.6236 -2.24628 1.83636e-17)
(26.6195 -2.23835 0)
(26.6144 -2.23114 -3.64084e-17)
(26.6082 -2.22478 0)
(26.6009 -2.21942 0)
(26.5925 -2.21537 -5.60038e-17)
(26.5825 -2.21273 0)
(26.5716 -2.2135 0)
(26.3235 -2.3924 -6.23972e-18)
(26.3143 -2.37824 -3.02017e-17)
(26.3059 -2.36124 8.02789e-17)
(26.2994 -2.34304 -1.24254e-16)
(26.2952 -2.32536 2.62384e-16)
(26.2928 -2.30703 -6.15075e-17)
(26.2924 -2.28915 1.35129e-16)
(26.2937 -2.27242 -1.37202e-16)
(26.2965 -2.25666 0)
(26.3004 -2.2422 1.45479e-16)
(26.3054 -2.22905 -2.89855e-16)
(26.3111 -2.21704 -1.61076e-16)
(26.3175 -2.20618 -1.45757e-16)
(26.3243 -2.19637 -1.54566e-16)
(26.3317 -2.18748 1.52839e-16)
(26.3396 -2.17947 -1.40833e-16)
(26.3478 -2.17227 7.34513e-17)
(26.3564 -2.16587 0)
(26.3654 -2.16027 -6.5335e-17)
(26.3745 -2.15548 6.71041e-17)
(26.3837 -2.15152 -3.07377e-17)
(26.3927 -2.14846 -6.098e-17)
(26.4013 -2.14631 3.04586e-17)
(26.4094 -2.1451 1.46487e-17)
(26.4167 -2.1448 -7.03484e-18)
(26.4235 -2.14518 0)
(26.4303 -2.14609 0)
(26.4369 -2.14746 5.64006e-18)
(26.4435 -2.14924 -2.92598e-18)
(26.45 -2.15142 0)
(26.4565 -2.15396 -9.36386e-18)
(26.463 -2.15691 -9.65325e-19)
(26.4695 -2.16029 -1.55958e-17)
(26.4759 -2.16409 1.93588e-19)
(26.4824 -2.16831 0)
(26.489 -2.17288 7.54964e-18)
(26.4958 -2.17791 -7.42381e-18)
(26.5026 -2.18321 0)
(26.5104 -2.1885 -2.88374e-18)
(26.3339 -2.40535 2.12076e-17)
(26.3456 -2.41685 0)
(26.3608 -2.42839 0)
(26.3794 -2.43877 -8.63269e-18)
(26.4 -2.44627 2.58829e-17)
(26.4232 -2.45053 -4.5885e-19)
(26.4481 -2.4507 0)
(26.4724 -2.44678 -1.53109e-16)
(26.4946 -2.43953 -3.55967e-16)
(26.5145 -2.42985 1.94121e-16)
(26.5316 -2.41895 0)
(26.5455 -2.40798 6.91859e-19)
(26.5569 -2.39745 9.53285e-17)
(26.566 -2.38776 -9.2732e-17)
(26.5734 -2.37914 -1.09424e-16)
(26.5793 -2.37145 6.2641e-17)
(26.5843 -2.3646 0)
(26.5884 -2.3584 -1.32238e-16)
(26.5921 -2.35261 3.02319e-16)
(26.5953 -2.34696 -1.04302e-16)
(26.5983 -2.34116 7.13896e-17)
(26.6012 -2.33486 -1.42762e-16)
(26.6041 -2.32756 1.084e-16)
(26.6069 -2.31898 -3.59656e-17)
(26.6093 -2.30966 2.02683e-17)
(26.6111 -2.30045 -3.83303e-17)
(26.6122 -2.29154 0)
(26.6126 -2.2829 -4.89469e-18)
(26.6124 -2.27448 -5.43243e-19)
(26.6116 -2.26634 0)
(26.61 -2.25853 -9.06116e-18)
(26.6077 -2.25116 -1.7461e-17)
(26.6046 -2.24433 1.52071e-17)
(26.6007 -2.23813 2.99207e-17)
(26.596 -2.23267 -5.80347e-17)
(26.5904 -2.22806 5.01738e-17)
(26.584 -2.22453 -9.41556e-17)
(26.5763 -2.2221 1.22361e-16)
(26.568 -2.22264 -4.98441e-18)
(26.3325 -2.38515 5.70803e-18)
(26.3241 -2.37216 -2.67144e-17)
(26.3164 -2.35652 2.22312e-17)
(26.3103 -2.3397 -1.05863e-16)
(26.3064 -2.32329 2.14502e-16)
(26.3041 -2.30625 -3.2765e-16)
(26.3036 -2.28956 2.36975e-16)
(26.3048 -2.27394 1.15367e-16)
(26.3072 -2.25921 0)
(26.3107 -2.2457 0)
(26.3151 -2.23339 2.72435e-16)
(26.3203 -2.22217 -6.30373e-18)
(26.3259 -2.21206 3.12124e-18)
(26.3319 -2.20296 0)
(26.3385 -2.19474 -1.27321e-16)
(26.3455 -2.18735 2.5878e-16)
(26.3529 -2.18071 1.23375e-16)
(26.3607 -2.17479 -1.2627e-16)
(26.3688 -2.16956 0)
(26.3771 -2.16505 0)
(26.3855 -2.16127 5.81066e-17)
(26.3937 -2.15828 0)
(26.4017 -2.15613 2.56629e-17)
(26.4091 -2.15486 0)
(26.4158 -2.15445 1.20122e-17)
(26.4222 -2.15469 -9.30813e-18)
(26.4284 -2.15544 0)
(26.4345 -2.15662 0)
(26.4405 -2.15821 -1.21436e-17)
(26.4465 -2.16018 8.27988e-19)
(26.4525 -2.16253 1.77159e-17)
(26.4586 -2.1653 -6.67548e-18)
(26.4646 -2.16851 2.6576e-17)
(26.4707 -2.17216 -1.70671e-17)
(26.4769 -2.17623 1.05238e-18)
(26.4831 -2.18068 0)
(26.4896 -2.18556 0)
(26.4961 -2.19069 -5.56763e-18)
(26.5035 -2.19587 5.54167e-18)
(26.3421 -2.39701 -2.52792e-17)
(26.3528 -2.40754 3.00547e-17)
(26.3666 -2.41806 0)
(26.3837 -2.42749 4.43094e-17)
(26.4025 -2.43422 0)
(26.4236 -2.43792 -3.0364e-17)
(26.4464 -2.43778 -3.29346e-17)
(26.4685 -2.4339 -1.33521e-16)
(26.4888 -2.42688 2.74549e-16)
(26.5069 -2.41762 -2.79159e-16)
(26.5224 -2.40726 3.20809e-16)
(26.5351 -2.39688 -1.15964e-17)
(26.5453 -2.38693 3.1794e-16)
(26.5535 -2.3778 2.23958e-18)
(26.5601 -2.36971 2.24015e-18)
(26.5654 -2.36255 0)
(26.5698 -2.35622 -1.09829e-16)
(26.5735 -2.35053 8.4656e-17)
(26.5767 -2.34527 -3.0621e-17)
(26.5796 -2.34016 -5.99033e-17)
(26.5823 -2.33494 0)
(26.585 -2.3293 1.63728e-17)
(26.5876 -2.32274 -3.33805e-17)
(26.5902 -2.31503 3.41183e-17)
(26.5925 -2.30667 3.32675e-17)
(26.5942 -2.29845 0)
(26.5952 -2.29054 7.75107e-18)
(26.5958 -2.28288 0)
(26.5959 -2.27545 9.82914e-19)
(26.5955 -2.26827 -1.51643e-17)
(26.5945 -2.26142 1.50032e-17)
(26.5929 -2.25496 0)
(26.5907 -2.249 3.95439e-17)
(26.5878 -2.24361 -9.05693e-19)
(26.5844 -2.23887 4.77623e-17)
(26.5803 -2.23485 -3.11695e-18)
(26.5756 -2.23171 -4.30901e-17)
(26.5699 -2.22943 -3.80199e-17)
(26.5636 -2.22973 0)
(26.3408 -2.37842 -5.46053e-18)
(26.333 -2.36654 5.45124e-17)
(26.326 -2.3522 0)
(26.3204 -2.33671 2.87749e-16)
(26.3167 -2.32151 -2.03072e-16)
(26.3145 -2.30569 2.03687e-16)
(26.314 -2.29013 0)
(26.3149 -2.27553 -3.32742e-16)
(26.317 -2.26172 1.10859e-16)
(26.3202 -2.24904 0)
(26.3241 -2.23743 0)
(26.3286 -2.22686 0)
(26.3335 -2.21739 1.16839e-16)
(26.3388 -2.20889 -1.19537e-16)
(26.3447 -2.20126 1.20732e-16)
(26.3509 -2.19443 -1.19719e-16)
(26.3576 -2.18832 1.14155e-16)
(26.3646 -2.18287 5.58368e-18)
(26.372 -2.17804 5.77833e-17)
(26.3795 -2.17384 -5.00162e-17)
(26.3872 -2.17028 -4.85104e-17)
(26.3947 -2.16742 7.3626e-17)
(26.402 -2.16531 -4.86612e-17)
(26.4088 -2.16402 -1.11518e-17)
(26.4149 -2.16355 1.14212e-17)
(26.4207 -2.16369 -7.93878e-18)
(26.4264 -2.1643 5.88232e-18)
(26.432 -2.16532 4.64818e-18)
(26.4375 -2.16673 1.09798e-17)
(26.443 -2.16852 -8.99595e-18)
(26.4485 -2.17069 3.85341e-18)
(26.4541 -2.17328 2.04476e-17)
(26.4597 -2.17633 -2.56855e-17)
(26.4654 -2.17984 -5.26081e-18)
(26.4712 -2.18379 2.46555e-17)
(26.4772 -2.18814 -2.75832e-17)
(26.4834 -2.19291 1.18368e-17)
(26.4896 -2.19794 0)
(26.4967 -2.20308 0)
(26.3495 -2.38924 -4.91115e-17)
(26.3593 -2.39882 -1.33693e-17)
(26.3719 -2.40837 -1.33407e-17)
(26.3874 -2.41687 -8.22101e-17)
(26.4045 -2.4229 1.34387e-17)
(26.4237 -2.42607 2.87562e-17)
(26.4445 -2.42569 2.84157e-17)
(26.4646 -2.4219 1.29534e-16)
(26.483 -2.41514 0)
(26.4995 -2.40634 2.27504e-16)
(26.5137 -2.39657 -4.81553e-16)
(26.5252 -2.38679 -2.47164e-16)
(26.5345 -2.37741 1.31834e-16)
(26.5419 -2.36881 1.56717e-16)
(26.5478 -2.36121 -1.55791e-16)
(26.5525 -2.35452 -9.03167e-17)
(26.5565 -2.34862 1.37153e-16)
(26.5597 -2.34337 1.47011e-16)
(26.5626 -2.33855 -2.22069e-17)
(26.5652 -2.33391 -7.48027e-17)
(26.5676 -2.32921 2.4991e-17)
(26.5699 -2.32413 0)
(26.5723 -2.31825 5.46166e-17)
(26.5747 -2.31132 -2.87437e-17)
(26.5768 -2.30383 -1.49839e-17)
(26.5785 -2.29648 0)
(26.5796 -2.28943 1.32036e-17)
(26.5803 -2.28261 -1.04727e-17)
(26.5807 -2.27601 -4.43476e-19)
(26.5806 -2.26963 6.27365e-18)
(26.5801 -2.26354 -2.53346e-17)
(26.5791 -2.25781 6.48973e-19)
(26.5776 -2.25252 3.55969e-17)
(26.5757 -2.24775 -2.0987e-18)
(26.5734 -2.24355 2.05301e-17)
(26.5705 -2.23996 0)
(26.5672 -2.23711 -3.49391e-17)
(26.5631 -2.23492 -3.10884e-17)
(26.5586 -2.23497 2.81739e-17)
(26.3483 -2.37213 -9.48521e-18)
(26.3412 -2.3613 -5.29698e-17)
(26.3348 -2.34818 -8.69285e-17)
(26.3297 -2.33397 -3.07084e-16)
(26.3262 -2.31993 8.45639e-17)
(26.3241 -2.3053 0)
(26.3235 -2.29081 -8.69051e-17)
(26.3242 -2.27719 -9.53272e-17)
(26.3259 -2.26421 1.90791e-16)
(26.3288 -2.25228 0)
(26.3323 -2.24127 2.00607e-16)
(26.3361 -2.23124 1.03415e-16)
(26.3403 -2.2223 -1.0647e-16)
(26.3451 -2.21432 -1.03013e-16)
(26.3503 -2.20718 4.83181e-18)
(26.3559 -2.20083 -1.05582e-16)
(26.3619 -2.19519 -1.03357e-16)
(26.3683 -2.19017 0)
(26.375 -2.18575 -4.2641e-17)
(26.3819 -2.18187 3.02475e-18)
(26.3889 -2.17856 4.57514e-17)
(26.3958 -2.17588 0)
(26.4024 -2.17386 0)
(26.4085 -2.1726 0)
(26.4141 -2.1721 4.87823e-18)
(26.4193 -2.17217 -9.85809e-18)
(26.4244 -2.17267 -1.09689e-18)
(26.4295 -2.17356 1.09338e-18)
(26.4345 -2.17482 -8.44534e-18)
(26.4394 -2.17644 3.92315e-18)
(26.4444 -2.17843 -1.48119e-17)
(26.4495 -2.18084 -1.1445e-19)
(26.4547 -2.18371 1.16279e-17)
(26.46 -2.18705 4.99366e-18)
(26.4654 -2.19086 1.45889e-17)
(26.471 -2.1951 -3.15871e-17)
(26.477 -2.1998 2.2283e-17)
(26.483 -2.20476 -2.1879e-18)
(26.4897 -2.20992 1.38583e-18)
(26.3562 -2.38196 1.59447e-17)
(26.3651 -2.39064 -1.34073e-17)
(26.3765 -2.39928 -5.71392e-17)
(26.3905 -2.40689 3.75324e-17)
(26.4061 -2.41224 -5.42893e-19)
(26.4234 -2.41491 5.24769e-19)
(26.4423 -2.41435 0)
(26.4605 -2.41069 0)
(26.4772 -2.40418 -2.40563e-16)
(26.4923 -2.39586 -7.79959e-17)
(26.5053 -2.38671 1.60979e-17)
(26.5158 -2.37755 -1.06261e-16)
(26.5242 -2.36875 -1.20234e-16)
(26.5309 -2.36067 1.28715e-16)
(26.5362 -2.35354 1.53557e-16)
(26.5405 -2.34726 -2.29062e-16)
(26.544 -2.34174 -1.30394e-18)
(26.547 -2.33686 -2.20431e-17)
(26.5495 -2.33241 2.10671e-18)
(26.5518 -2.32816 -2.10639e-17)
(26.5539 -2.3239 -2.37101e-17)
(26.556 -2.31933 0)
(26.5582 -2.31404 -4.67687e-17)
(26.5604 -2.30782 2.21646e-17)
(26.5623 -2.30111 0)
(26.5639 -2.29454 0)
(26.5651 -2.28823 -1.764e-17)
(26.5659 -2.28213 -6.02605e-18)
(26.5664 -2.2762 2.892e-18)
(26.5667 -2.27047 -5.95785e-18)
(26.5666 -2.26499 -2.18091e-17)
(26.5662 -2.25982 2.16036e-17)
(26.5654 -2.25504 -1.08352e-17)
(26.5643 -2.25072 -1.83866e-18)
(26.5628 -2.2469 -1.67425e-18)
(26.5609 -2.24361 3.36802e-17)
(26.5588 -2.24094 2.17661e-19)
(26.5561 -2.2388 2.96537e-17)
(26.553 -2.23859 -3.49323e-18)
(26.3551 -2.36626 0)
(26.3487 -2.35641 0)
(26.3428 -2.34444 1.35018e-16)
(26.3381 -2.33143 0)
(26.3349 -2.31849 -1.49735e-16)
(26.3328 -2.305 0)
(26.3322 -2.29151 1.71186e-16)
(26.3326 -2.27886 0)
(26.3341 -2.26664 -1.80752e-16)
(26.3367 -2.25545 0)
(26.3396 -2.24496 -1.90114e-16)
(26.3428 -2.23541 9.18371e-17)
(26.3465 -2.22694 -2.75991e-16)
(26.3506 -2.21938 1.80689e-16)
(26.3553 -2.21263 4.90952e-18)
(26.3604 -2.20667 9.25889e-17)
(26.3659 -2.20141 0)
(26.3717 -2.19678 -8.41313e-17)
(26.3778 -2.19271 9.18321e-17)
(26.3842 -2.18915 -3.93109e-17)
(26.3905 -2.1861 2.4605e-18)
(26.3968 -2.18361 3.92788e-17)
(26.4028 -2.18173 -1.79106e-17)
(26.4084 -2.18055 0)
(26.4134 -2.18007 4.58196e-18)
(26.418 -2.18011 -6.30536e-18)
(26.4225 -2.18055 5.31343e-18)
(26.427 -2.18135 -1.02968e-18)
(26.4314 -2.1825 -1.1013e-17)
(26.4359 -2.18399 -2.69009e-18)
(26.4403 -2.18584 2.12077e-17)
(26.4449 -2.18807 -6.23063e-18)
(26.4495 -2.19075 -5.4819e-18)
(26.4544 -2.19391 -1.71137e-17)
(26.4594 -2.19755 3.24543e-18)
(26.4648 -2.20164 2.53759e-17)
(26.4704 -2.20622 -4.15679e-18)
(26.4761 -2.21113 -2.02474e-18)
(26.4827 -2.21635 -5.3354e-18)
(26.3623 -2.37516 1.5557e-17)
(26.3703 -2.38299 -7.60926e-18)
(26.3806 -2.39075 6.95051e-17)
(26.3932 -2.39753 1.14782e-17)
(26.4072 -2.40225 -3.57199e-17)
(26.4227 -2.40446 9.72893e-18)
(26.4399 -2.40377 1.0649e-16)
(26.4562 -2.40026 0)
(26.4714 -2.39385 1.76252e-16)
(26.4853 -2.38597 2.14228e-16)
(26.4972 -2.3775 1.52042e-16)
(26.5067 -2.36898 7.59894e-17)
(26.5143 -2.36077 1.00062e-16)
(26.5204 -2.35322 -1.14137e-16)
(26.5253 -2.34654 1.869e-16)
(26.5292 -2.34065 0)
(26.5324 -2.33549 3.65758e-17)
(26.5351 -2.33093 3.44806e-17)
(26.5374 -2.32679 1.12055e-16)
(26.5395 -2.32287 -1.4986e-16)
(26.5414 -2.31898 5.83611e-17)
(26.5432 -2.31484 -1.87276e-17)
(26.5451 -2.31008 9.90226e-17)
(26.5471 -2.30451 -8.08183e-17)
(26.5489 -2.2985 0)
(26.5503 -2.29263 0)
(26.5515 -2.28698 2.04159e-17)
(26.5524 -2.2815 0)
(26.5531 -2.27614 0)
(26.5537 -2.27094 3.83792e-17)
(26.554 -2.26594 -5.67308e-17)
(26.554 -2.2612 2.72912e-17)
(26.5538 -2.25678 0)
(26.5534 -2.25275 -1.79325e-17)
(26.5527 -2.24916 -3.31345e-17)
(26.5517 -2.24603 3.1247e-17)
(26.5506 -2.24344 5.40708e-17)
(26.5489 -2.24127 -5.2644e-17)
(26.547 -2.24077 -1.93887e-17)
(26.3612 -2.36076 0)
(26.3554 -2.35181 0)
(26.3502 -2.34091 6.05232e-17)
(26.3459 -2.32902 -6.55659e-17)
(26.3429 -2.31713 8.45049e-18)
(26.3408 -2.30471 0)
(26.3402 -2.29218 0)
(26.3403 -2.28048 2.93212e-16)
(26.3417 -2.2689 0)
(26.3439 -2.25856 0)
(26.3462 -2.2485 -1.57721e-16)
(26.3488 -2.23941 0)
(26.3519 -2.2314 1.71996e-16)
(26.3556 -2.2242 -1.71317e-16)
(26.3598 -2.21775 8.0593e-17)
(26.3644 -2.21207 -2.39503e-16)
(26.3693 -2.2071 -7.68867e-17)
(26.3746 -2.20276 0)
(26.3802 -2.19896 7.71223e-17)
(26.386 -2.19567 0)
(26.3918 -2.19285 -8.58817e-20)
(26.3976 -2.19056 3.46669e-17)
(26.403 -2.18882 1.69912e-17)
(26.408 -2.18775 7.72848e-18)
(26.4125 -2.1873 0)
(26.4166 -2.18733 9.48961e-18)
(26.4205 -2.18772 -3.39037e-18)
(26.4244 -2.18845 6.1983e-18)
(26.4283 -2.18951 -1.06823e-17)
(26.4322 -2.1909 -9.71904e-18)
(26.4362 -2.19261 1.31861e-17)
(26.4402 -2.1947 0)
(26.4444 -2.19719 -5.10814e-18)
(26.4488 -2.20014 8.83778e-18)
(26.4534 -2.20356 1.30058e-17)
(26.4584 -2.20747 -2.23761e-17)
(26.4637 -2.21187 1.32411e-17)
(26.4692 -2.21669 -2.13363e-18)
(26.4754 -2.22189 2.89307e-18)
(26.3677 -2.36878 -1.1183e-17)
(26.3749 -2.37582 -2.74009e-17)
(26.3841 -2.38279 0)
(26.3953 -2.38879 0)
(26.4079 -2.39295 2.46564e-17)
(26.4217 -2.39473 -1.31045e-18)
(26.4373 -2.39402 -1.10355e-16)
(26.4516 -2.39065 0)
(26.4657 -2.38413 0)
(26.4785 -2.37664 -2.03053e-16)
(26.4893 -2.36884 -1.17917e-16)
(26.4979 -2.36096 -1.58763e-16)
(26.5048 -2.35333 -8.27816e-17)
(26.5104 -2.34629 1.95908e-16)
(26.5148 -2.34005 -5.0791e-17)
(26.5184 -2.33454 0)
(26.5214 -2.32969 -1.49611e-16)
(26.5239 -2.32541 9.0352e-17)
(26.5261 -2.32154 -8.12365e-17)
(26.528 -2.31789 1.6399e-17)
(26.5298 -2.31429 8.36282e-17)
(26.5314 -2.31051 1.66441e-18)
(26.5331 -2.3062 -1.72112e-18)
(26.5349 -2.30119 0)
(26.5364 -2.29582 3.53766e-17)
(26.5378 -2.29056 -1.75506e-17)
(26.5389 -2.28548 -2.64634e-17)
(26.5398 -2.28052 8.27442e-18)
(26.5407 -2.27564 -7.86884e-18)
(26.5414 -2.27088 2.33571e-19)
(26.542 -2.26627 7.63519e-18)
(26.5424 -2.26186 -1.5774e-17)
(26.5427 -2.25772 0)
(26.5429 -2.25389 2.89858e-17)
(26.5428 -2.25042 -4.34859e-17)
(26.5426 -2.24735 0)
(26.5424 -2.24474 0)
(26.5416 -2.24248 0)
(26.5405 -2.24165 -5.88952e-17)
(26.3659 -2.35636 3.0852e-18)
(26.3606 -2.34808 -2.86235e-17)
(26.3559 -2.33796 -2.78263e-17)
(26.352 -2.32695 3.05035e-17)
(26.3494 -2.31587 3.20759e-16)
(26.3476 -2.30435 -6.23509e-17)
(26.3472 -2.29268 1.34444e-16)
(26.3473 -2.28194 -4.11011e-16)
(26.3488 -2.27099 1.3213e-16)
(26.3509 -2.26186 -1.34415e-16)
(26.3528 -2.25221 4.08737e-16)
(26.3546 -2.24351 0)
(26.3569 -2.23578 0)
(26.36 -2.22874 0)
(26.3636 -2.22239 -1.53683e-16)
(26.3676 -2.21681 3.23284e-16)
(26.3719 -2.21195 4.18773e-18)
(26.3767 -2.20771 0)
(26.3818 -2.20404 -7.97956e-17)
(26.3872 -2.20088 0)
(26.3927 -2.19822 -2.17486e-17)
(26.398 -2.19608 -1.26688e-18)
(26.4031 -2.1945 -2.02377e-17)
(26.4076 -2.19354 -1.0125e-17)
(26.4116 -2.19317 0)
(26.4152 -2.19321 -7.38413e-18)
(26.4187 -2.19359 5.90857e-19)
(26.4221 -2.19428 0)
(26.4255 -2.19527 9.32245e-18)
(26.429 -2.19659 -1.76651e-17)
(26.4325 -2.19821 3.53868e-19)
(26.4362 -2.20016 -1.47433e-17)
(26.44 -2.20249 1.44935e-17)
(26.444 -2.20523 -9.54017e-19)
(26.4482 -2.20845 -1.9205e-17)
(26.4528 -2.21216 8.4568e-18)
(26.4577 -2.21641 2.68119e-18)
(26.4628 -2.22116 -7.33757e-18)
(26.4688 -2.22638 -1.61778e-18)
(26.3718 -2.36372 1.93913e-17)
(26.3783 -2.37012 3.79001e-17)
(26.3867 -2.37638 3.50877e-17)
(26.3969 -2.38161 9.21518e-18)
(26.4082 -2.38506 0)
(26.4205 -2.38605 0)
(26.4346 -2.38485 7.64617e-17)
(26.4466 -2.38079 -8.58897e-17)
(26.4591 -2.37439 2.04977e-16)
(26.4714 -2.36789 -1.55995e-16)
(26.4816 -2.36115 1.18841e-16)
(26.4896 -2.3541 6.24178e-17)
(26.4961 -2.34712 8.52562e-17)
(26.5014 -2.34063 -7.34134e-18)
(26.5057 -2.33483 6.00265e-17)
(26.5092 -2.32968 -6.42057e-17)
(26.5121 -2.32512 1.02598e-16)
(26.5146 -2.32109 0)
(26.5167 -2.31742 -5.77973e-17)
(26.5187 -2.31398 9.64509e-17)
(26.5204 -2.3106 -4.03542e-17)
(26.522 -2.30708 1.23477e-16)
(26.5237 -2.3031 -1.05872e-16)
(26.5253 -2.29852 4.30377e-17)
(26.5267 -2.2936 2.14057e-17)
(26.5279 -2.28882 0)
(26.529 -2.28418 2.10278e-17)
(26.5299 -2.27963 -2.10639e-17)
(26.5308 -2.27513 -1.28807e-18)
(26.5317 -2.2707 5.2421e-18)
(26.5325 -2.26638 -3.91472e-17)
(26.5333 -2.26222 4.80688e-17)
(26.5339 -2.25826 -1.8637e-17)
(26.5345 -2.25455 0)
(26.5351 -2.25113 4.96202e-17)
(26.5355 -2.24803 -6.33824e-17)
(26.5359 -2.24533 -2.86124e-17)
(26.5359 -2.24293 -2.53048e-17)
(26.5356 -2.24183 5.05384e-17)
(26.3696 -2.35317 2.99153e-18)
(26.3648 -2.34541 2.74921e-17)
(26.3605 -2.33587 0)
(26.357 -2.32549 -5.8779e-17)
(26.3548 -2.31503 -3.42238e-18)
(26.3534 -2.30423 -2.75848e-16)
(26.3534 -2.29328 2.28207e-16)
(26.3538 -2.2834 -1.15137e-16)
(26.3556 -2.27311 1.12514e-16)
(26.3578 -2.26527 -1.15231e-17)
(26.3596 -2.25588 -4.771e-16)
(26.3604 -2.24764 3.77098e-16)
(26.3618 -2.24012 -1.33425e-16)
(26.364 -2.23311 0)
(26.3668 -2.22673 6.85408e-18)
(26.3701 -2.2211 1.39658e-16)
(26.3738 -2.21616 2.19817e-16)
(26.3781 -2.21186 -7.57906e-17)
(26.3828 -2.20814 3.72796e-18)
(26.3878 -2.20498 0)
(26.393 -2.20236 3.45454e-17)
(26.398 -2.20032 -3.39108e-17)
(26.4028 -2.19885 6.95882e-21)
(26.407 -2.198 -1.75407e-17)
(26.4107 -2.19769 0)
(26.414 -2.19776 2.18399e-18)
(26.417 -2.19813 -5.39879e-19)
(26.42 -2.1988 1.43879e-20)
(26.423 -2.19975 -8.36968e-18)
(26.4261 -2.20106 4.00783e-18)
(26.4292 -2.20264 7.65735e-18)
(26.4326 -2.20452 0)
(26.4361 -2.20673 1.17757e-17)
(26.4398 -2.20931 -1.14829e-17)
(26.4437 -2.21233 0)
(26.448 -2.21582 -6.79917e-18)
(26.4527 -2.21987 -4.68401e-18)
(26.4575 -2.22451 2.43277e-18)
(26.4633 -2.22974 -3.05789e-18)
(26.375 -2.35997 8.95516e-18)
(26.3811 -2.3658 6.08432e-18)
(26.3888 -2.37134 -4.55677e-17)
(26.3981 -2.37571 -8.45064e-18)
(26.4084 -2.37825 2.33367e-17)
(26.4192 -2.37817 -3.80803e-20)
(26.4316 -2.37615 -5.94641e-17)
(26.441 -2.37083 3.87158e-17)
(26.4519 -2.36461 -1.96278e-16)
(26.464 -2.35944 1.52457e-16)
(26.474 -2.35392 0)
(26.4818 -2.34778 -1.31952e-16)
(26.4882 -2.34151 0)
(26.4934 -2.33559 0)
(26.4977 -2.33025 1.00975e-16)
(26.5012 -2.32546 -1.06322e-16)
(26.5041 -2.32119 5.90984e-17)
(26.5067 -2.31738 -1.23337e-16)
(26.5089 -2.3139 4.70891e-17)
(26.5108 -2.31061 3.37911e-17)
(26.5126 -2.30738 -6.83525e-17)
(26.5143 -2.30403 1.70157e-17)
(26.5159 -2.30028 -3.58294e-17)
(26.5174 -2.29598 -1.89932e-17)
(26.5188 -2.29143 3.65842e-17)
(26.5199 -2.287 -1.84046e-17)
(26.5208 -2.28271 -9.39577e-18)
(26.5217 -2.27847 4.60741e-18)
(26.5226 -2.27427 1.08154e-18)
(26.5236 -2.27012 0)
(26.5245 -2.26605 1.6566e-17)
(26.5254 -2.26209 8.28167e-18)
(26.5263 -2.25829 -7.57444e-19)
(26.5272 -2.25467 2.99556e-17)
(26.5282 -2.25127 -4.46008e-17)
(26.5291 -2.24811 5.5596e-17)
(26.5301 -2.24529 2.3439e-19)
(26.5307 -2.24272 0)
(26.5309 -2.24135 0)
(26.3732 -2.34977 -1.09164e-19)
(26.3689 -2.3425 -1.29257e-17)
(26.365 -2.33353 9.9055e-17)
(26.362 -2.32377 -4.87413e-17)
(26.3602 -2.31395 1.8002e-18)
(26.3592 -2.30386 1.56571e-16)
(26.3594 -2.29362 -5.12447e-16)
(26.36 -2.28458 9.9297e-17)
(26.3621 -2.27498 0)
(26.3643 -2.26825 1.59288e-16)
(26.3659 -2.25921 4.11603e-16)
(26.3659 -2.25146 -2.22604e-16)
(26.3662 -2.24418 -3.2809e-18)
(26.3676 -2.23728 4.71288e-18)
(26.3698 -2.23095 0)
(26.3724 -2.22533 -2.62121e-16)
(26.3756 -2.22037 -1.32821e-16)
(26.3793 -2.21602 -6.47233e-17)
(26.3835 -2.21227 6.75208e-17)
(26.3881 -2.2091 -3.10457e-17)
(26.393 -2.20655 -3.03786e-17)
(26.3977 -2.20461 1.90605e-18)
(26.4022 -2.20329 4.64983e-17)
(26.4062 -2.20257 1.46133e-17)
(26.4096 -2.20236 -1.50657e-17)
(26.4126 -2.20248 1.85593e-18)
(26.4153 -2.20288 -3.69936e-18)
(26.4178 -2.20356 5.52105e-18)
(26.4204 -2.20447 -1.4198e-17)
(26.4231 -2.20576 3.66596e-18)
(26.4259 -2.20731 0)
(26.4288 -2.20913 -5.79014e-18)
(26.432 -2.21124 2.24634e-17)
(26.4353 -2.21367 -1.04084e-17)
(26.4389 -2.21647 0)
(26.4429 -2.21971 0)
(26.4472 -2.22347 4.32309e-18)
(26.4517 -2.22788 -4.75884e-18)
(26.4573 -2.23292 1.82791e-18)
(26.3781 -2.35606 -1.97817e-17)
(26.3837 -2.36136 1.42245e-17)
(26.3906 -2.36627 -2.69199e-17)
(26.3991 -2.36989 2.47513e-17)
(26.4082 -2.37164 -7.65948e-18)
(26.4176 -2.37067 -8.63324e-18)
(26.4283 -2.36798 -3.27303e-17)
(26.4355 -2.36159 -5.93326e-17)
(26.445 -2.35565 1.73511e-16)
(26.4567 -2.35159 0)
(26.4665 -2.34707 9.07905e-17)
(26.474 -2.3417 -5.1597e-20)
(26.4801 -2.33604 -1.28195e-16)
(26.4852 -2.33064 7.2509e-17)
(26.4894 -2.32572 -4.59841e-17)
(26.493 -2.32128 9.01388e-17)
(26.4959 -2.3173 0)
(26.4985 -2.31373 -7.81072e-17)
(26.5008 -2.31044 -1.43298e-17)
(26.5028 -2.30732 7.11047e-17)
(26.5047 -2.30424 7.29212e-17)
(26.5065 -2.30104 5.00962e-19)
(26.5082 -2.29748 -6.10098e-17)
(26.5097 -2.29343 -1.62594e-17)
(26.511 -2.28918 -4.62495e-17)
(26.512 -2.28505 3.08475e-17)
(26.5128 -2.28104 0)
(26.5136 -2.27708 -3.5171e-18)
(26.5145 -2.27315 3.53499e-18)
(26.5154 -2.26925 -1.39106e-17)
(26.5163 -2.26541 -6.90313e-18)
(26.5173 -2.26164 1.35354e-17)
(26.5184 -2.25797 -4.00059e-17)
(26.5195 -2.25442 2.58408e-17)
(26.5207 -2.25101 0)
(26.522 -2.24774 2.32928e-17)
(26.5234 -2.24472 2.0875e-17)
(26.5245 -2.24186 -4.21666e-17)
(26.5254 -2.24005 0)
(26.3767 -2.34626 -2.6338e-18)
(26.3729 -2.33947 -6.83027e-17)
(26.3695 -2.33107 -6.45622e-17)
(26.3669 -2.32192 9.66327e-17)
(26.3654 -2.31272 -9.35435e-17)
(26.3647 -2.30333 8.74976e-17)
(26.3653 -2.2938 1.84039e-16)
(26.366 -2.28555 0)
(26.3682 -2.27665 1.5609e-16)
(26.3703 -2.27085 -5.3703e-16)
(26.3717 -2.26217 -1.82811e-16)
(26.3709 -2.25491 -1.97613e-16)
(26.3704 -2.24793 -1.6176e-18)
(26.371 -2.2412 1.14438e-16)
(26.3725 -2.23496 2.23114e-16)
(26.3745 -2.22937 1.17517e-16)
(26.3771 -2.2244 -5.92834e-17)
(26.3802 -2.22 3.42227e-18)
(26.3839 -2.2162 6.02738e-17)
(26.3881 -2.21302 0)
(26.3926 -2.21049 8.24969e-17)
(26.397 -2.20863 -2.79565e-17)
(26.4012 -2.20742 -1.28351e-17)
(26.405 -2.20683 1.90103e-17)
(26.4081 -2.20674 -6.71539e-18)
(26.4108 -2.20694 -6.35477e-18)
(26.4132 -2.20741 -7.85416e-19)
(26.4155 -2.20811 3.90297e-18)
(26.4177 -2.20899 8.39914e-20)
(26.4199 -2.21026 1.21122e-19)
(26.4223 -2.21177 0)
(26.4249 -2.21353 -1.62617e-17)
(26.4277 -2.21555 -3.39937e-18)
(26.4307 -2.21787 1.87181e-17)
(26.4339 -2.2205 0)
(26.4375 -2.22351 1.01228e-17)
(26.4413 -2.22701 -1.65255e-17)
(26.4454 -2.23115 2.1172e-17)
(26.4506 -2.23601 -5.42209e-18)
(26.3812 -2.35207 0)
(26.3861 -2.3569 -1.30808e-17)
(26.3923 -2.36122 -4.54414e-18)
(26.3998 -2.36418 1.42146e-17)
(26.4078 -2.36524 -4.29784e-17)
(26.4159 -2.36354 4.37632e-18)
(26.4249 -2.36029 -2.8399e-17)
(26.4302 -2.35315 -1.19314e-17)
(26.4383 -2.3475 1.36658e-16)
(26.4496 -2.34434 -8.91032e-17)
(26.4591 -2.34059 -7.78425e-17)
(26.4663 -2.33582 -1.07558e-17)
(26.4721 -2.33069 5.79711e-17)
(26.477 -2.32572 0)
(26.4811 -2.32118 3.51493e-17)
(26.4846 -2.31707 -1.54552e-16)
(26.4876 -2.31337 1.01345e-16)
(26.4902 -2.31004 1.33427e-16)
(26.4925 -2.30695 -2.12404e-17)
(26.4947 -2.304 -4.73869e-17)
(26.4967 -2.30107 -2.47903e-17)
(26.4986 -2.29802 3.87454e-17)
(26.5004 -2.29462 -5.16363e-17)
(26.502 -2.29078 0)
(26.5033 -2.28677 3.96272e-17)
(26.5043 -2.2829 -3.19138e-17)
(26.505 -2.27916 0)
(26.5056 -2.2755 3.20507e-18)
(26.5064 -2.27187 1.85432e-18)
(26.5072 -2.26827 5.68962e-18)
(26.5081 -2.26471 1.14593e-17)
(26.5091 -2.26122 -1.12313e-17)
(26.5103 -2.25778 0)
(26.5115 -2.25439 0)
(26.5129 -2.25105 0)
(26.5144 -2.24774 0)
(26.5162 -2.24455 -1.84877e-17)
(26.5177 -2.24138 5.20137e-17)
(26.5189 -2.23911 -8.3658e-17)
(26.3802 -2.34265 1.43947e-17)
(26.3768 -2.33634 3.26579e-17)
(26.3739 -2.3285 0)
(26.3718 -2.31997 0)
(26.3706 -2.3114 0)
(26.3702 -2.3027 0)
(26.3709 -2.29385 -1.53303e-16)
(26.3716 -2.28637 2.86353e-16)
(26.374 -2.27814 -1.46161e-18)
(26.3759 -2.27311 3.2889e-16)
(26.3771 -2.26475 1.60002e-17)
(26.3756 -2.25795 0)
(26.3743 -2.2513 1.86242e-16)
(26.3742 -2.24479 0)
(26.375 -2.23869 -7.22533e-18)
(26.3764 -2.23316 -1.00377e-16)
(26.3784 -2.22819 0)
(26.381 -2.22377 5.11397e-17)
(26.3841 -2.21994 5.06251e-17)
(26.3878 -2.21677 5.07094e-19)
(26.3918 -2.21429 4.96716e-17)
(26.3958 -2.21251 -2.32473e-17)
(26.3997 -2.21141 1.18512e-17)
(26.4032 -2.21093 -1.13352e-17)
(26.4062 -2.21094 5.49259e-18)
(26.4087 -2.21125 -8.41494e-20)
(26.4109 -2.21182 -2.75491e-18)
(26.4128 -2.21259 -5.36207e-18)
(26.4148 -2.2135 -5.2945e-18)
(26.4166 -2.21478 1.46242e-17)
(26.4186 -2.21625 -5.02952e-18)
(26.4208 -2.21795 -1.86598e-17)
(26.4233 -2.21989 2.30263e-17)
(26.4259 -2.22206 0)
(26.4287 -2.2245 0)
(26.4318 -2.22723 -5.29051e-18)
(26.4352 -2.23036 0)
(26.4387 -2.23402 -9.16929e-18)
(26.4434 -2.23831 -1.79937e-19)
(26.3841 -2.348 -4.35216e-18)
(26.3884 -2.35238 0)
(26.3939 -2.35616 3.16636e-17)
(26.4004 -2.35855 0)
(26.4072 -2.35902 1.4281e-17)
(26.414 -2.35677 1.12542e-17)
(26.4214 -2.35309 -2.02327e-17)
(26.4251 -2.34552 5.30326e-17)
(26.4319 -2.3402 9.29088e-19)
(26.4427 -2.33772 -7.9166e-17)
(26.4518 -2.33454 1.14212e-16)
(26.4587 -2.33024 8.1076e-17)
(26.4642 -2.32553 -8.75968e-17)
(26.4689 -2.32094 -4.95023e-17)
(26.4728 -2.31674 -6.04225e-17)
(26.4762 -2.31293 9.30789e-17)
(26.4792 -2.30951 -1.82728e-17)
(26.4818 -2.3064 -1.93447e-17)
(26.4842 -2.30353 -8.813e-17)
(26.4864 -2.30076 7.90939e-17)
(26.4886 -2.29798 1.08792e-17)
(26.4906 -2.29505 9.75078e-19)
(26.4925 -2.29177 0)
(26.4943 -2.28807 -1.0549e-17)
(26.4957 -2.2842 3.20053e-17)
(26.4967 -2.28045 -3.69519e-17)
(26.4973 -2.27686 1.0693e-17)
(26.4979 -2.27335 1.26714e-17)
(26.4986 -2.26989 2.74322e-18)
(26.4993 -2.26646 -9.89472e-18)
(26.5002 -2.26307 -1.92004e-17)
(26.5013 -2.25973 2.33974e-17)
(26.5024 -2.25644 -1.80276e-17)
(26.5037 -2.25316 -9.13563e-18)
(26.5052 -2.24987 3.49964e-17)
(26.5069 -2.24651 4.1747e-17)
(26.5089 -2.24314 7.46377e-19)
(26.5108 -2.23961 -4.74943e-17)
(26.5124 -2.23676 9.71492e-19)
(26.3835 -2.33895 -9.08655e-18)
(26.3807 -2.33313 2.76632e-17)
(26.3782 -2.32589 -3.50018e-17)
(26.3765 -2.31798 1.11982e-16)
(26.3756 -2.31005 7.17391e-17)
(26.3754 -2.30205 3.21945e-18)
(26.3762 -2.29388 -4.42376e-18)
(26.3769 -2.28717 -1.28085e-16)
(26.3793 -2.27952 -9.11968e-18)
(26.3808 -2.27519 -8.45746e-18)
(26.3818 -2.26706 1.47788e-16)
(26.3799 -2.26068 0)
(26.3778 -2.25435 -8.50823e-17)
(26.3771 -2.24806 1.70815e-16)
(26.3773 -2.24207 -4.48143e-16)
(26.3781 -2.23659 3.69358e-16)
(26.3796 -2.23163 -2.88859e-18)
(26.3816 -2.2272 -1.42664e-16)
(26.3842 -2.22339 -9.20279e-17)
(26.3873 -2.22026 -2.18604e-17)
(26.3907 -2.21786 -2.23293e-17)
(26.3943 -2.2162 4.18226e-17)
(26.3978 -2.21521 -2.09531e-17)
(26.401 -2.21482 5.07728e-18)
(26.4037 -2.21491 0)
(26.406 -2.21527 -2.43259e-18)
(26.408 -2.2159 3.56127e-18)
(26.4098 -2.21672 2.33222e-18)
(26.4115 -2.21766 0)
(26.4131 -2.21894 7.74298e-18)
(26.4147 -2.22039 -4.49988e-18)
(26.4166 -2.22208 1.62435e-17)
(26.4187 -2.22403 -3.50645e-17)
(26.421 -2.22624 1.47407e-17)
(26.4235 -2.22872 0)
(26.4262 -2.2315 1.69266e-17)
(26.4291 -2.23464 -3.215e-17)
(26.4321 -2.23831 9.84575e-18)
(26.4365 -2.24278 7.13951e-18)
(26.3869 -2.34384 1.4644e-17)
(26.3906 -2.34779 0)
(26.3952 -2.35108 -4.22544e-17)
(26.4007 -2.35296 1.18994e-17)
(26.4064 -2.35295 -1.2568e-17)
(26.412 -2.35032 1.45011e-17)
(26.4178 -2.34633 1.82383e-17)
(26.4202 -2.33867 0)
(26.426 -2.33371 -1.08323e-16)
(26.436 -2.33171 -6.33475e-17)
(26.4448 -2.32893 -1.28956e-16)
(26.4513 -2.32498 1.19908e-16)
(26.4564 -2.32061 -7.87566e-17)
(26.4608 -2.31635 2.19236e-16)
(26.4646 -2.31245 -1.93085e-16)
(26.468 -2.3089 7.46387e-17)
(26.4709 -2.30571 7.15291e-17)
(26.4735 -2.30283 -5.92377e-17)
(26.4759 -2.30015 0)
(26.4781 -2.29756 7.87646e-18)
(26.4803 -2.29494 0)
(26.4824 -2.29216 9.33652e-18)
(26.4844 -2.28904 8.62622e-18)
(26.4863 -2.28548 9.54109e-18)
(26.4878 -2.28178 -1.80122e-17)
(26.4888 -2.27822 0)
(26.4894 -2.27484 4.33395e-18)
(26.4899 -2.27159 -7.37488e-18)
(26.4904 -2.26841 4.21749e-18)
(26.4911 -2.26528 -1.16454e-17)
(26.492 -2.2622 1.80066e-18)
(26.493 -2.25917 1.844e-17)
(26.4942 -2.25617 -1.82813e-17)
(26.4955 -2.25317 -7.73432e-18)
(26.4971 -2.2501 2.85359e-17)
(26.4989 -2.24691 -3.56013e-17)
(26.5011 -2.24358 1.28405e-18)
(26.5032 -2.23997 0)
(26.5048 -2.23694 -4.80238e-17)
(26.3868 -2.33519 -3.71247e-18)
(26.3844 -2.32991 -1.76852e-17)
(26.3824 -2.32331 3.16197e-17)
(26.381 -2.31606 -1.70824e-16)
(26.3804 -2.30882 -1.30728e-16)
(26.3804 -2.30153 7.09924e-18)
(26.3812 -2.29408 -1.19706e-16)
(26.3818 -2.28812 1.02367e-16)
(26.3842 -2.28098 -4.62245e-16)
(26.385 -2.27739 7.3291e-17)
(26.3858 -2.26936 1.30336e-16)
(26.3835 -2.26324 -2.53372e-16)
(26.3809 -2.25714 0)
(26.3796 -2.25101 1.49218e-16)
(26.3793 -2.2451 -3.1021e-16)
(26.3797 -2.23966 1.60664e-16)
(26.3806 -2.23472 -7.96704e-17)
(26.3821 -2.23031 1.62127e-16)
(26.3841 -2.22653 -8.23088e-17)
(26.3866 -2.22346 3.95868e-17)
(26.3894 -2.22115 -1.87548e-17)
(26.3925 -2.21961 5.41864e-17)
(26.3956 -2.21877 -4.58253e-17)
(26.3984 -2.21851 0)
(26.4009 -2.2187 0)
(26.403 -2.21913 -1.07147e-18)
(26.4048 -2.21981 1.01523e-18)
(26.4064 -2.22065 -3.13036e-18)
(26.408 -2.22155 0)
(26.4092 -2.22275 0)
(26.4105 -2.22402 -1.50513e-17)
(26.412 -2.22546 1.50723e-17)
(26.4136 -2.2271 -3.33562e-18)
(26.4154 -2.22895 0)
(26.4173 -2.23105 0)
(26.4195 -2.2334 8.90104e-18)
(26.4218 -2.23604 3.38384e-18)
(26.4242 -2.23914 -2.39766e-18)
(26.4277 -2.24287 -1.08899e-18)
(26.3895 -2.33959 2.38744e-18)
(26.3926 -2.34312 8.15359e-18)
(26.3964 -2.34594 -1.53208e-17)
(26.401 -2.34737 -3.54636e-17)
(26.4055 -2.34696 0)
(26.4099 -2.3441 2.60689e-18)
(26.4142 -2.33991 -1.66993e-17)
(26.4156 -2.33246 1.64133e-17)
(26.4205 -2.32795 6.94711e-17)
(26.4297 -2.32629 6.62767e-17)
(26.438 -2.32375 -8.70941e-17)
(26.4441 -2.32008 1.45091e-16)
(26.449 -2.316 2.8455e-17)
(26.4531 -2.31203 0)
(26.4567 -2.30839 1.82729e-17)
(26.4599 -2.30508 8.8222e-17)
(26.4627 -2.30209 -1.97374e-16)
(26.4653 -2.29937 4.61191e-17)
(26.4677 -2.29681 5.10285e-17)
(26.47 -2.29431 -7.2197e-18)
(26.4722 -2.29175 -6.65271e-18)
(26.4744 -2.289 -6.53501e-17)
(26.4765 -2.28587 5.08184e-17)
(26.4785 -2.28227 0)
(26.4802 -2.2785 -2.14198e-17)
(26.4814 -2.27485 4.33613e-17)
(26.4821 -2.27139 -5.25817e-18)
(26.4827 -2.26808 -6.96482e-18)
(26.4832 -2.26485 9.58157e-20)
(26.4839 -2.26168 0)
(26.4848 -2.25854 -9.26784e-18)
(26.4859 -2.25543 -1.5368e-17)
(26.4871 -2.25234 5.44809e-17)
(26.4885 -2.24926 -2.96007e-17)
(26.4901 -2.24611 5.55235e-18)
(26.4919 -2.2428 0)
(26.4941 -2.23929 1.21327e-17)
(26.4965 -2.23529 0)
(26.4989 -2.23154 -2.1742e-17)
(26.3898 -2.33142 -7.52922e-18)
(26.3879 -2.32673 7.49973e-18)
(26.3863 -2.32083 -2.57601e-18)
(26.3853 -2.31433 1.22906e-16)
(26.3849 -2.30784 -1.12371e-16)
(26.385 -2.30131 1.09287e-16)
(26.3857 -2.29461 1.97681e-16)
(26.3862 -2.28943 1.66944e-16)
(26.3885 -2.28273 -7.81665e-17)
(26.3883 -2.28009 0)
(26.389 -2.27197 1.0885e-16)
(26.3864 -2.26585 0)
(26.3834 -2.25979 -3.02558e-16)
(26.3816 -2.25367 2.55818e-16)
(26.381 -2.24776 1.33628e-16)
(26.381 -2.24234 -1.71783e-16)
(26.3815 -2.23746 1.0442e-16)
(26.3825 -2.23316 -2.11756e-16)
(26.384 -2.22948 1.05145e-16)
(26.3858 -2.22651 -1.78731e-17)
(26.388 -2.2243 1.73843e-17)
(26.3904 -2.22284 7.10038e-18)
(26.3929 -2.22206 -2.46229e-17)
(26.3953 -2.22185 3.79878e-18)
(26.3974 -2.22206 0)
(26.3993 -2.22253 -3.6118e-18)
(26.4011 -2.22326 4.05265e-18)
(26.4026 -2.22419 0)
(26.4042 -2.22523 6.84516e-18)
(26.4053 -2.22654 -7.04853e-18)
(26.4065 -2.22792 -1.26909e-17)
(26.4077 -2.22948 1.26946e-17)
(26.409 -2.23127 2.53427e-17)
(26.4105 -2.23332 -2.18985e-18)
(26.4121 -2.23568 -2.60411e-18)
(26.4138 -2.23839 -2.13919e-17)
(26.4158 -2.24152 0)
(26.418 -2.24538 -5.05622e-19)
(26.4216 -2.25028 0)
(26.3919 -2.3353 -1.15092e-17)
(26.3944 -2.33836 3.05046e-17)
(26.3975 -2.3407 0)
(26.401 -2.34172 6.44251e-18)
(26.4045 -2.34099 4.13762e-17)
(26.4077 -2.33802 -2.11916e-17)
(26.4107 -2.33378 3.61915e-18)
(26.4114 -2.32681 0)
(26.4154 -2.32283 -6.39271e-17)
(26.4238 -2.32139 6.86074e-17)
(26.4314 -2.31902 -7.19858e-17)
(26.4372 -2.31556 -4.54382e-17)
(26.4418 -2.31174 -2.67076e-17)
(26.4457 -2.30803 0)
(26.4491 -2.30462 -2.42502e-18)
(26.4521 -2.30152 7.99153e-18)
(26.4548 -2.29872 -8.67317e-18)
(26.4573 -2.29617 0)
(26.4595 -2.29378 8.49887e-17)
(26.4616 -2.29145 -8.56359e-17)
(26.4636 -2.28906 6.04791e-18)
(26.4657 -2.2865 5.8163e-17)
(26.4677 -2.28356 5.5274e-19)
(26.4696 -2.28017 -2.9078e-17)
(26.4713 -2.27662 -4.96636e-17)
(26.4725 -2.27324 2.3298e-17)
(26.4733 -2.27011 1.6703e-19)
(26.4738 -2.26722 -4.01468e-18)
(26.4743 -2.26449 2.55214e-18)
(26.4749 -2.26186 0)
(26.4756 -2.25928 -1.32688e-18)
(26.4767 -2.25672 -1.91829e-17)
(26.4779 -2.25414 3.32252e-17)
(26.4794 -2.25153 -1.37789e-17)
(26.481 -2.24883 -5.09882e-18)
(26.4828 -2.24596 4.55249e-18)
(26.485 -2.24285 -3.69876e-17)
(26.487 -2.23932 -8.4854e-18)
(26.4886 -2.23614 6.072e-17)
(26.3925 -2.32765 -1.36845e-17)
(26.3911 -2.32361 -3.88859e-19)
(26.39 -2.3185 2.46273e-17)
(26.3892 -2.31283 -5.36897e-17)
(26.3889 -2.30719 1.02374e-16)
(26.3891 -2.30148 0)
(26.3897 -2.29565 2.49072e-16)
(26.39 -2.29127 -2.31528e-16)
(26.392 -2.285 1.21277e-16)
(26.3907 -2.28362 7.30679e-17)
(26.3914 -2.27512 -3.52688e-16)
(26.3887 -2.26875 1.04239e-16)
(26.3854 -2.26249 -1.44325e-16)
(26.3833 -2.25615 1.68688e-16)
(26.3823 -2.25003 -2.29054e-16)
(26.3819 -2.2445 3.1068e-17)
(26.3821 -2.23964 1.50407e-16)
(26.3827 -2.23545 -1.51642e-16)
(26.3836 -2.23196 -4.6192e-17)
(26.3848 -2.2292 1.46337e-17)
(26.3863 -2.2272 5.77664e-17)
(26.388 -2.22596 -2.35545e-17)
(26.3899 -2.22538 -5.60854e-17)
(26.3918 -2.22531 4.10778e-17)
(26.3934 -2.22553 -1.34978e-17)
(26.3949 -2.2259 0)
(26.3963 -2.22645 -3.97096e-19)
(26.3975 -2.22709 4.56876e-18)
(26.3987 -2.22763 -8.88441e-18)
(26.3996 -2.22865 3.63076e-19)
(26.4004 -2.22947 0)
(26.4011 -2.23029 0)
(26.4018 -2.23117 0)
(26.4026 -2.23217 -2.19502e-18)
(26.4035 -2.23334 1.54019e-17)
(26.4044 -2.2347 1.35283e-17)
(26.4054 -2.23625 -3.38199e-17)
(26.406 -2.23816 -1.94854e-17)
(26.4073 -2.24018 3.84673e-17)
(26.3941 -2.33095 5.53218e-18)
(26.396 -2.33352 1.47584e-17)
(26.3982 -2.33538 1.5667e-17)
(26.4008 -2.33601 -8.13613e-18)
(26.4033 -2.33503 -6.57845e-17)
(26.4056 -2.33208 2.05557e-17)
(26.4074 -2.32792 -3.27004e-18)
(26.4075 -2.32166 0)
(26.4107 -2.31828 0)
(26.4181 -2.31701 2.71533e-17)
(26.4251 -2.31472 0)
(26.4306 -2.31145 0)
(26.435 -2.30788 -1.74222e-17)
(26.4386 -2.30442 9.20556e-17)
(26.4418 -2.30121 -9.67239e-17)
(26.4448 -2.29824 -1.35691e-17)
(26.4475 -2.29547 6.16141e-17)
(26.45 -2.29287 -1.25263e-16)
(26.4523 -2.29034 1.28385e-16)
(26.4544 -2.28782 -6.77781e-17)
(26.4564 -2.28519 0)
(26.4584 -2.28234 -6.99136e-18)
(26.4604 -2.27907 0)
(26.4624 -2.2753 5.04631e-18)
(26.4644 -2.27128 -1.62599e-17)
(26.466 -2.26737 2.72661e-19)
(26.4673 -2.26368 1.06917e-17)
(26.4682 -2.2602 9.62476e-18)
(26.4691 -2.2569 4.26886e-18)
(26.4699 -2.25373 4.07935e-18)
(26.4709 -2.25061 6.255e-18)
(26.472 -2.24749 -1.88986e-18)
(26.4734 -2.24434 2.14331e-18)
(26.4748 -2.24115 -1.61784e-17)
(26.4764 -2.23786 -1.79561e-18)
(26.4782 -2.23439 -4.18206e-18)
(26.4804 -2.23064 0)
(26.4831 -2.22613 8.23606e-18)
(26.4862 -2.22161 6.31603e-17)
(26.3949 -2.32391 -1.24394e-17)
(26.394 -2.32061 2.56364e-17)
(26.3932 -2.31638 -2.31354e-17)
(26.3927 -2.31166 -2.40879e-17)
(26.3925 -2.30695 -1.36236e-16)
(26.3926 -2.30217 1.98442e-16)
(26.3929 -2.29735 -2.26109e-16)
(26.393 -2.29375 -1.21374e-16)
(26.3944 -2.28805 6.01973e-17)
(26.3922 -2.28822 0)
(26.3931 -2.2789 -3.11153e-17)
(26.3905 -2.27205 3.91601e-16)
(26.3871 -2.26554 -3.2482e-16)
(26.385 -2.25893 4.87747e-17)
(26.3836 -2.2525 1.91922e-16)
(26.3827 -2.24666 -2.21364e-16)
(26.3822 -2.24153 2.3876e-17)
(26.382 -2.23713 -5.15329e-17)
(26.3822 -2.23347 1.19347e-16)
(26.3826 -2.23058 -1.35709e-17)
(26.3832 -2.22848 6.28729e-18)
(26.3841 -2.2272 4.42358e-17)
(26.3853 -2.22672 -7.28301e-17)
(26.3867 -2.22698 3.211e-17)
(26.3882 -2.22773 -1.19394e-17)
(26.3896 -2.22882 0)
(26.391 -2.23016 1.25716e-18)
(26.3923 -2.23177 -1.29077e-18)
(26.3938 -2.23391 -2.58229e-20)
(26.3946 -2.23561 -1.17857e-18)
(26.3955 -2.23753 -1.59876e-17)
(26.3962 -2.23958 1.59613e-17)
(26.3968 -2.24169 -1.04585e-18)
(26.3974 -2.24389 9.95669e-19)
(26.3978 -2.24622 1.82632e-18)
(26.3983 -2.24873 0)
(26.399 -2.25165 -1.41923e-17)
(26.4001 -2.25514 1.40796e-17)
(26.4028 -2.26016 0)
(26.396 -2.32658 -1.65466e-19)
(26.3972 -2.3286 0)
(26.3987 -2.32994 -2.03239e-17)
(26.4005 -2.33021 2.68092e-17)
(26.4021 -2.32906 2.22761e-17)
(26.4034 -2.32626 -1.86532e-17)
(26.4043 -2.32237 0)
(26.4042 -2.31708 -1.28729e-17)
(26.4066 -2.3144 8.13605e-17)
(26.4129 -2.31319 -9.20525e-17)
(26.4191 -2.31094 0)
(26.4243 -2.30781 -1.14577e-16)
(26.4284 -2.30443 1.36628e-16)
(26.4319 -2.30115 0)
(26.4348 -2.29814 -6.05974e-18)
(26.4373 -2.29539 8.99625e-17)
(26.4395 -2.2929 -1.24232e-16)
(26.4415 -2.29061 4.27856e-17)
(26.4433 -2.28846 -4.63623e-17)
(26.445 -2.28636 -1.39024e-18)
(26.4466 -2.28422 5.17326e-17)
(26.4481 -2.28193 3.4676e-18)
(26.4498 -2.27932 0)
(26.4514 -2.27632 0)
(26.453 -2.27317 2.56891e-17)
(26.4543 -2.2702 -2.65738e-17)
(26.4554 -2.26751 8.29404e-19)
(26.4562 -2.26512 -4.10165e-19)
(26.4569 -2.26299 5.04761e-20)
(26.4576 -2.26107 0)
(26.4584 -2.25928 9.0746e-19)
(26.4594 -2.25753 -9.0563e-18)
(26.4606 -2.25575 -1.13133e-17)
(26.462 -2.25388 2.26743e-17)
(26.4636 -2.25189 1.64687e-18)
(26.4652 -2.24974 0)
(26.4669 -2.24741 4.38889e-17)
(26.4679 -2.24492 -1.78932e-18)
(26.4681 -2.24301 -3.11057e-18)
(26.3969 -2.32012 0)
(26.3963 -2.31759 4.88167e-17)
(26.3959 -2.31433 -3.95586e-17)
(26.3955 -2.31068 2.24946e-17)
(26.3954 -2.30703 -9.90954e-17)
(26.3955 -2.30331 1.0676e-16)
(26.3955 -2.29965 9.09484e-17)
(26.3955 -2.29682 -1.10922e-16)
(26.3962 -2.29215 4.60791e-17)
(26.3937 -2.2939 0)
(26.3949 -2.28317 2.95404e-17)
(26.3918 -2.27557 -2.59497e-17)
(26.3881 -2.26868 3.10927e-17)
(26.3858 -2.26201 -1.46205e-16)
(26.3843 -2.25578 3.04335e-16)
(26.3829 -2.25021 -2.95438e-16)
(26.3817 -2.24529 5.9189e-17)
(26.3808 -2.24102 7.15395e-17)
(26.3801 -2.23738 0)
(26.3795 -2.23435 -8.71968e-17)
(26.3791 -2.23189 8.29911e-17)
(26.3788 -2.22991 5.77461e-18)
(26.3786 -2.22833 1.95123e-17)
(26.3784 -2.22702 -2.12845e-17)
(26.3784 -2.22599 -1.05354e-17)
(26.3787 -2.22508 1.12042e-17)
(26.3792 -2.2247 -2.67221e-19)
(26.3796 -2.22445 2.24112e-18)
(26.3803 -2.2236 3.79449e-19)
(26.3808 -2.22486 1.06965e-18)
(26.3813 -2.22538 -1.83788e-17)
(26.3816 -2.22582 1.83354e-17)
(26.3818 -2.2263 9.48128e-19)
(26.3819 -2.22683 -3.17174e-17)
(26.3819 -2.22739 1.37759e-18)
(26.3818 -2.22802 3.08617e-17)
(26.3812 -2.22862 -1.12432e-18)
(26.3795 -2.22938 3.49706e-18)
(26.3779 -2.22907 -1.77172e-18)
(26.3975 -2.32211 1.26217e-17)
(26.3982 -2.32357 1.12421e-17)
(26.399 -2.32443 -2.93903e-17)
(26.4 -2.32439 7.62024e-18)
(26.4008 -2.3232 2.4041e-18)
(26.4015 -2.32074 0)
(26.4018 -2.31741 3.02259e-19)
(26.4016 -2.31335 1.43673e-18)
(26.4032 -2.31126 -2.23147e-17)
(26.4081 -2.30996 8.34314e-17)
(26.4134 -2.30768 -2.83114e-17)
(26.4181 -2.30472 -6.95411e-17)
(26.422 -2.30158 -2.47164e-17)
(26.4255 -2.29842 1.40292e-16)
(26.4286 -2.29528 4.79542e-18)
(26.4315 -2.2921 -5.9902e-17)
(26.4343 -2.28889 -6.79808e-17)
(26.4368 -2.28566 7.29075e-17)
(26.4391 -2.2824 0)
(26.441 -2.27911 4.12875e-17)
(26.4428 -2.27572 -4.15193e-17)
(26.4444 -2.27214 -2.50815e-18)
(26.4461 -2.26819 4.56607e-17)
(26.4479 -2.26375 -4.46243e-17)
(26.45 -2.25903 3.66997e-19)
(26.4521 -2.25435 -1.26126e-17)
(26.454 -2.24983 1.11303e-17)
(26.4559 -2.24547 3.73305e-19)
(26.4576 -2.24126 -4.59862e-20)
(26.4592 -2.23719 -1.21626e-17)
(26.4608 -2.23321 2.50656e-17)
(26.4623 -2.22929 1.16146e-17)
(26.4639 -2.22538 -2.44406e-17)
(26.4654 -2.22143 -5.64853e-19)
(26.4671 -2.21739 0)
(26.4689 -2.2132 -5.04334e-17)
(26.4712 -2.2087 4.99652e-17)
(26.4747 -2.20344 -5.37433e-17)
(26.479 -2.19822 5.67625e-17)
(26.3982 -2.3162 9.70017e-18)
(26.398 -2.31456 -2.70646e-18)
(26.3978 -2.31243 -7.62743e-17)
(26.3977 -2.31002 7.85394e-17)
(26.3977 -2.3076 3.58433e-17)
(26.3979 -2.30514 0)
(26.398 -2.30278 4.06901e-17)
(26.3981 -2.30081 0)
(26.3985 -2.29781 0)
(26.3965 -2.30036 0)
(26.3976 -2.2881 6.39639e-18)
(26.3931 -2.27889 2.44603e-17)
(26.3877 -2.2698 -2.39371e-16)
(26.384 -2.26145 -1.27614e-17)
(26.3815 -2.25436 1.21587e-16)
(26.3795 -2.24866 1.31629e-16)
(26.3779 -2.24417 0)
(26.3767 -2.2408 -1.41828e-17)
(26.3758 -2.2385 0)
(26.3752 -2.23724 7.47653e-17)
(26.3749 -2.23701 -7.04679e-17)
(26.3752 -2.23782 0)
(26.3759 -2.23956 0)
(26.377 -2.24192 0)
(26.3778 -2.24438 5.79814e-18)
(26.3783 -2.24717 -6.37252e-18)
(26.3786 -2.24938 2.43415e-19)
(26.379 -2.25201 -2.22254e-18)
(26.3796 -2.25681 1.3094e-17)
(26.3797 -2.25775 -1.59058e-17)
(26.3799 -2.26019 7.34293e-18)
(26.3799 -2.26276 -1.18611e-17)
(26.3798 -2.26538 1.18135e-17)
(26.3795 -2.26799 9.67839e-18)
(26.3791 -2.27057 -9.5956e-18)
(26.3787 -2.27317 0)
(26.3786 -2.2761 9.68555e-18)
(26.3796 -2.27926 -7.76364e-18)
(26.3824 -2.28552 8.11264e-18)
(26.3986 -2.31746 -9.01794e-18)
(26.3989 -2.31832 2.45953e-17)
(26.3994 -2.31873 -1.01807e-17)
(26.3998 -2.3185 -3.88129e-17)
(26.4001 -2.31747 2.3604e-17)
(26.4002 -2.31562 0)
(26.4001 -2.31322 -2.73538e-19)
(26.3999 -2.31072 -1.29563e-18)
(26.4006 -2.30933 -8.85194e-19)
(26.4039 -2.30779 -6.7801e-18)
(26.4082 -2.30504 -8.30549e-18)
(26.4124 -2.30171 -3.94912e-17)
(26.4159 -2.29851 4.99958e-17)
(26.4185 -2.29586 0)
(26.4202 -2.29379 -3.9066e-17)
(26.4213 -2.29215 3.62862e-17)
(26.4221 -2.29076 -1.56015e-18)
(26.4229 -2.28952 -3.94921e-17)
(26.4238 -2.2883 -7.88921e-19)
(26.4248 -2.28704 4.09815e-17)
(26.426 -2.28567 -3.85212e-19)
(26.4273 -2.28414 -2.08216e-17)
(26.4287 -2.28234 2.12537e-17)
(26.43 -2.28027 0)
(26.4312 -2.27816 1.0316e-18)
(26.4321 -2.27631 0)
(26.433 -2.27474 0)
(26.4338 -2.27339 0)
(26.4346 -2.27223 -2.7036e-18)
(26.4354 -2.27119 -2.63531e-18)
(26.4362 -2.27024 -4.8968e-18)
(26.4371 -2.26932 1.02961e-17)
(26.4382 -2.26837 0)
(26.4394 -2.26734 2.06042e-17)
(26.4407 -2.26619 -1.8939e-17)
(26.4419 -2.26496 1.86016e-17)
(26.4428 -2.26369 -1.28137e-18)
(26.4423 -2.26274 -1.69639e-17)
(26.4404 -2.26212 1.14358e-18)
(26.399 -2.31194 -2.89467e-19)
(26.3989 -2.31138 -3.90133e-17)
(26.3989 -2.31062 1.03657e-16)
(26.3989 -2.30974 -2.16233e-16)
(26.3991 -2.30886 1.12859e-16)
(26.3993 -2.30796 1.00859e-16)
(26.3996 -2.3071 -2.71734e-16)
(26.4 -2.3063 1.49563e-16)
(26.4005 -2.30535 -7.52775e-17)
(26.4 -2.30667 5.71351e-17)
(26.4013 -2.29498 -5.79155e-18)
(26.3962 -2.28563 0)
(26.3894 -2.27359 1.39001e-16)
(26.3839 -2.26076 -1.54625e-16)
(26.3796 -2.24829 0)
(26.3763 -2.23667 0)
(26.3736 -2.22603 0)
(26.3716 -2.21641 -1.57727e-16)
(26.3698 -2.20787 7.67725e-17)
(26.3683 -2.20043 8.5018e-17)
(26.3666 -2.19415 0)
(26.3648 -2.18911 -5.47601e-17)
(26.3632 -2.1854 1.13175e-16)
(26.3622 -2.18293 -5.8467e-17)
(26.3627 -2.18163 0)
(26.3639 -2.18026 5.03188e-19)
(26.3653 -2.18024 0)
(26.3668 -2.18003 2.12099e-18)
(26.3663 -2.17709 2.70002e-17)
(26.3668 -2.18052 -5.04896e-17)
(26.3691 -2.18202 2.80433e-17)
(26.3707 -2.18319 0)
(26.3716 -2.18428 -4.91759e-17)
(26.3723 -2.18541 9.57513e-17)
(26.373 -2.18659 -4.65473e-17)
(26.3734 -2.18784 -8.73222e-17)
(26.3729 -2.18902 8.63454e-17)
(26.3709 -2.19099 -6.64819e-19)
(26.3673 -2.19198 0)
(26.3992 -2.31236 2.87128e-17)
(26.3994 -2.31261 1.73805e-17)
(26.3995 -2.31267 -5.63838e-17)
(26.3997 -2.31247 2.61026e-17)
(26.3998 -2.31197 -1.16209e-17)
(26.3997 -2.3112 9.6399e-18)
(26.3994 -2.31025 2.26579e-18)
(26.3992 -2.30955 -5.56294e-18)
(26.3988 -2.30827 8.773e-18)
(26.4 -2.30685 -1.66309e-18)
(26.4026 -2.30442 0)
(26.4062 -2.30071 -2.39737e-17)
(26.4106 -2.29604 5.99257e-17)
(26.4155 -2.29088 -3.86602e-17)
(26.4201 -2.28567 -6.42229e-17)
(26.4242 -2.28056 2.92422e-17)
(26.4276 -2.27562 -3.90265e-18)
(26.4302 -2.27084 8.97817e-17)
(26.4322 -2.26616 -4.67731e-17)
(26.4338 -2.2615 0)
(26.4351 -2.25674 3.48775e-19)
(26.4365 -2.25174 2.64416e-17)
(26.4381 -2.24625 -2.68771e-17)
(26.4404 -2.24011 -2.97203e-17)
(26.4435 -2.23359 4.58542e-17)
(26.4468 -2.22711 -1.60807e-17)
(26.45 -2.22081 0)
(26.4531 -2.21466 0)
(26.4563 -2.20864 0)
(26.4594 -2.2027 -1.03314e-17)
(26.4625 -2.19682 -1.1215e-17)
(26.4655 -2.19096 2.14905e-17)
(26.4684 -2.1851 0)
(26.4713 -2.17917 -4.85908e-19)
(26.4743 -2.1731 4.68246e-17)
(26.4776 -2.16678 -4.70753e-17)
(26.4818 -2.16007 5.11128e-17)
(26.4885 -2.15251 -1.6233e-16)
(26.4963 -2.14603 1.10971e-16)
(18.9409 -1.81491 2.15469e-17)
(21.1077 -1.58551 8.07374e-19)
(22.2659 -1.68251 -4.0595e-17)
(23.0639 -1.76679 0)
(23.5711 -1.84247 0)
(23.8272 -1.91516 2.99699e-19)
(23.9681 -1.97827 0)
(24.0888 -2.05089 0)
(24.2128 -2.12319 0)
(24.338 -2.19288 0)
(24.4625 -2.25426 -1.58745e-18)
(24.5862 -2.30394 0)
(24.7089 -2.34336 0)
(24.8295 -2.37631 0)
(24.9469 -2.40518 3.19872e-17)
(25.0606 -2.43009 0)
(25.1705 -2.45017 4.08097e-18)
(25.2764 -2.46481 -4.01329e-18)
(25.3782 -2.47419 0)
(25.4758 -2.47881 0)
(25.569 -2.47928 0)
(25.6577 -2.47581 0)
(25.7418 -2.46902 0)
(25.8214 -2.45901 6.16278e-18)
(25.8964 -2.44643 0)
(25.9669 -2.43149 0)
(26.033 -2.41473 0)
(26.0947 -2.39641 0)
(26.1521 -2.377 0)
(26.2052 -2.3568 -7.89752e-18)
(26.2542 -2.33614 0)
(26.2991 -2.31535 0)
(26.3402 -2.2947 -3.27915e-17)
(26.3774 -2.27444 0)
(26.4109 -2.25482 0)
(26.441 -2.23605 0)
(26.4677 -2.21831 0)
(26.4913 -2.20178 0)
(26.5119 -2.18659 -5.6637e-18)
(26.5297 -2.17286 0)
(26.5449 -2.16066 -1.859e-17)
(26.5576 -2.15007 3.12736e-17)
(26.5681 -2.14112 0)
(26.5764 -2.13382 0)
(26.5827 -2.12817 0)
(26.5871 -2.12414 0)
(26.5897 -2.12168 -1.25124e-17)
(26.5908 -2.12071 0)
(26.5903 -2.12116 2.45731e-18)
(26.5886 -2.1229 0)
(26.5856 -2.12582 0)
(26.5816 -2.12979 -8.98909e-18)
(26.5768 -2.13467 1.15847e-19)
(26.5712 -2.14031 1.827e-19)
(26.565 -2.14657 0)
(26.5584 -2.15328 0)
(26.5515 -2.16028 0)
(26.5444 -2.16748 1.40204e-18)
(26.5371 -2.17477 -2.75906e-18)
(26.5297 -2.18207 0)
(26.5224 -2.18933 4.98715e-18)
(26.5151 -2.19651 0)
(26.5079 -2.20357 0)
(26.5008 -2.21045 0)
(26.4936 -2.21696 0)
(26.4863 -2.22302 6.99466e-19)
(26.4789 -2.22815 0)
(26.472 -2.2323 -2.56026e-18)
(26.4664 -2.23536 0)
(26.4603 -2.23813 -4.85495e-18)
(26.4536 -2.24081 0)
(26.446 -2.24259 3.80228e-18)
(26.439 -2.24693 0)
(26.4295 -2.24622 0)
(26.4231 -2.25369 0)
(26.4076 -2.24192 -4.0032e-18)
(26.4034 -2.26349 -3.64476e-18)
(26.3767 -2.2298 0)
(26.3826 -2.28855 -7.37637e-18)
(26.3648 -2.19175 0)
(15.5146 -1.0014 -2.66462e-17)
(14.2916 -0.93714 0)
(15.0183 -0.89596 8.80197e-19)
(16.717 -0.795956 0)
(18.6476 -0.725828 0)
(20.4133 -0.678262 5.60187e-19)
(21.7126 -0.632049 0)
(22.3731 -0.572407 0)
(22.5409 -0.487789 0)
(22.5897 -0.389211 0)
(22.729 -0.2999 0)
(22.9321 -0.232391 -4.33706e-18)
(23.135 -0.183805 4.75967e-18)
(23.3214 -0.150037 0)
(23.4972 -0.127304 0)
(23.6678 -0.113125 0)
(23.8344 -0.104216 4.84449e-17)
(23.9968 -0.100723 0)
(24.1541 -0.103731 0)
(24.3056 -0.116065 0)
(24.4512 -0.138905 0)
(24.591 -0.171384 0)
(24.7248 -0.211228 0)
(24.8528 -0.255921 0)
(24.9753 -0.304163 0)
(25.0924 -0.35582 1.24293e-17)
(25.2044 -0.411255 0)
(25.311 -0.470716 0)
(25.4119 -0.5337 1.55346e-17)
(25.5069 -0.599357 0)
(25.596 -0.666785 0)
(25.6797 -0.735477 0)
(25.7583 -0.805295 0)
(25.832 -0.876295 -1.12279e-17)
(25.9011 -0.9485 1.19165e-17)
(25.9656 -1.02175 0)
(26.0256 -1.09574 -1.98062e-17)
(26.0814 -1.17003 0)
(26.1331 -1.2442 0)
(26.181 -1.31777 1.46051e-17)
(26.2251 -1.39032 1.26445e-17)
(26.2656 -1.46144 0)
(26.3028 -1.53068 1.49012e-17)
(26.3369 -1.59771 -1.84239e-17)
(26.3679 -1.66211 0)
(26.3962 -1.7236 -3.05811e-17)
(26.4218 -1.78187 0)
(26.445 -1.83671 0)
(26.4659 -1.88795 -3.68721e-17)
(26.4845 -1.93545 0)
(26.5009 -1.97913 -1.39947e-17)
(26.5153 -2.01896 4.55513e-17)
(26.5277 -2.05494 0)
(26.5382 -2.08713 4.77062e-17)
(26.5469 -2.11565 0)
(26.5538 -2.14063 0)
(26.559 -2.16226 0)
(26.5627 -2.18073 -5.41834e-17)
(26.5649 -2.19625 0)
(26.5657 -2.20906 -9.47969e-17)
(26.5652 -2.21939 0)
(26.5635 -2.2275 -7.59033e-17)
(26.5607 -2.23364 0)
(26.5569 -2.238 0)
(26.5522 -2.24082 -5.52841e-18)
(26.547 -2.24224 4.73888e-18)
(26.5411 -2.24244 4.47241e-17)
(26.5365 -2.24206 0)
(26.5323 -2.24114 0)
(26.5271 -2.23932 3.85188e-17)
(26.5208 -2.23801 6.99544e-17)
(26.5146 -2.23502 0)
(26.507 -2.23519 5.3531e-17)
(26.5016 -2.22879 4.72534e-17)
(26.4906 -2.23429 -1.75827e-18)
(26.4891 -2.21803 -7.03849e-17)
(26.469 -2.24203 -2.03654e-18)
(26.4823 -2.19311 0)
(26.4404 -2.26194 0)
(26.5006 -2.14061 1.21598e-16)
(22.1416 -1.49004 -3.51704e-17)
(23.4552 -1.43327 1.30409e-17)
(24.2334 -1.50972 5.92813e-17)
(24.7037 -1.52746 0)
(24.9418 -1.55035 0)
(25.0251 -1.57331 3.97134e-17)
(25.0593 -1.6046 0)
(25.0945 -1.6441 0)
(25.1347 -1.68652 -3.20122e-17)
(25.1777 -1.72745 0)
(25.2227 -1.76384 8.23445e-17)
(25.2703 -1.79629 0)
(25.3202 -1.82818 0)
(25.3719 -1.86148 0)
(25.4246 -1.89627 0)
(25.4783 -1.93093 0)
(25.5327 -1.96392 -1.93436e-17)
(25.5879 -1.99478 1.62076e-17)
(25.6436 -2.02338 0)
(25.6995 -2.04965 0)
(25.7554 -2.07348 0)
(25.811 -2.0947 5.41116e-17)
(25.866 -2.11311 0)
(25.9203 -2.12866 -9.14178e-18)
(25.9735 -2.14138 0)
(26.0254 -2.15131 0)
(26.0759 -2.15859 0)
(26.1246 -2.16339 -2.99855e-17)
(26.1714 -2.16593 0)
(26.216 -2.16648 5.02127e-17)
(26.2584 -2.16528 0)
(26.2982 -2.16267 0)
(26.3356 -2.15891 3.29047e-17)
(26.3702 -2.15432 0)
(26.4022 -2.14917 0)
(26.4315 -2.14373 -4.40006e-17)
(26.458 -2.13826 0)
(26.4819 -2.13296 0)
(26.5032 -2.12802 -2.22656e-18)
(26.5219 -2.1236 -2.40433e-17)
(26.5382 -2.11982 -1.91442e-18)
(26.5522 -2.1168 -6.56903e-17)
(26.5639 -2.11461 0)
(26.5734 -2.1133 0)
(26.581 -2.11292 0)
(26.5865 -2.11346 0)
(26.5903 -2.11495 1.24509e-17)
(26.5923 -2.11734 0)
(26.5926 -2.1206 1.34589e-18)
(26.5915 -2.12468 0)
(26.5891 -2.1295 0)
(26.5855 -2.13498 -1.03209e-19)
(26.5809 -2.14103 -7.15183e-18)
(26.5755 -2.14754 3.66714e-19)
(26.5693 -2.1544 0)
(26.5627 -2.16149 0)
(26.5556 -2.1687 0)
(26.5482 -2.17594 1.42974e-18)
(26.5407 -2.18313 2.75e-18)
(26.533 -2.19021 0)
(26.5254 -2.19715 0)
(26.5179 -2.20392 0)
(26.5104 -2.2105 2.24443e-18)
(26.503 -2.21685 0)
(26.4956 -2.22283 -3.69828e-18)
(26.4881 -2.22837 0)
(26.4805 -2.23302 0)
(26.4736 -2.23683 -1.96167e-18)
(26.468 -2.23958 0)
(26.4619 -2.24207 3.57739e-18)
(26.4552 -2.24448 0)
(26.4477 -2.24594 3.26147e-18)
(26.4404 -2.25 0)
(26.4309 -2.24876 -2.85436e-18)
(26.424 -2.2561 0)
(26.4086 -2.24385 -4.76588e-18)
(26.4032 -2.26562 3.64081e-18)
(26.3773 -2.23072 0)
(26.3814 -2.28925 0)
(26.3656 -2.19211 0)
(20.2831 -1.29377 0)
(18.3551 -1.13904 0)
(17.5206 -1.00996 1.44118e-17)
(18.0203 -0.911244 0)
(19.3421 -0.87951 -1.8919e-17)
(20.9057 -0.898661 2.33774e-17)
(22.3049 -0.936405 0)
(23.242 -0.964667 0)
(23.5902 -0.959877 0)
(23.5576 -0.925347 0)
(23.4977 -0.887501 0)
(23.5521 -0.865018 2.87789e-17)
(23.6713 -0.853883 -2.49131e-17)
(23.794 -0.845396 0)
(23.9043 -0.834551 0)
(24.0072 -0.819069 0)
(24.1081 -0.798371 -3.98065e-17)
(24.209 -0.775644 0)
(24.3108 -0.754782 4.57215e-17)
(24.4129 -0.739196 0)
(24.5149 -0.730354 3.74472e-17)
(24.6157 -0.72751 0)
(24.7145 -0.729121 0)
(24.8111 -0.733962 0)
(24.9059 -0.742181 0)
(24.9994 -0.755021 -4.41885e-17)
(25.0924 -0.773779 0)
(25.1853 -0.799247 0)
(25.2775 -0.831168 0)
(25.3676 -0.868664 0)
(25.4539 -0.91044 0)
(25.5356 -0.955519 0)
(25.6127 -1.00345 0)
(25.6858 -1.05427 -6.34267e-18)
(25.7555 -1.10813 -6.68343e-18)
(25.822 -1.16491 0)
(25.8854 -1.22418 4.21221e-19)
(25.9457 -1.28533 0)
(26.0029 -1.34773 0)
(26.057 -1.41077 1.05556e-17)
(26.1081 -1.47392 -1.25607e-17)
(26.1561 -1.53662 -4.40364e-18)
(26.2012 -1.59835 -1.48182e-17)
(26.2433 -1.65861 -1.58012e-17)
(26.2824 -1.71693 0)
(26.3187 -1.77291 3.04397e-17)
(26.3522 -1.82618 0)
(26.3829 -1.87647 1.86817e-17)
(26.4109 -1.92354 1.86043e-17)
(26.4363 -1.96725 0)
(26.4591 -2.00746 -1.32332e-17)
(26.4793 -2.0441 -4.53835e-17)
(26.497 -2.07717 0)
(26.5123 -2.10669 0)
(26.5253 -2.13278 0)
(26.5359 -2.15556 2.64812e-17)
(26.5445 -2.17519 0)
(26.551 -2.19185 9.90927e-17)
(26.5556 -2.20573 4.12734e-17)
(26.5584 -2.21706 4.41057e-17)
(26.5596 -2.22608 0)
(26.5593 -2.233 4.71155e-18)
(26.5576 -2.23807 0)
(26.5547 -2.2415 -4.99677e-17)
(26.5508 -2.24351 -5.98169e-18)
(26.5461 -2.24422 5.20108e-18)
(26.5405 -2.24385 -3.60048e-17)
(26.5362 -2.243 -2.21976e-17)
(26.5322 -2.24177 0)
(26.5272 -2.23959 -3.8435e-17)
(26.521 -2.23806 -6.35235e-17)
(26.5149 -2.23456 0)
(26.5073 -2.2347 -4.53069e-17)
(26.5022 -2.22745 -4.13406e-17)
(26.4913 -2.23343 -2.49879e-18)
(26.4898 -2.21569 6.4927e-17)
(26.4701 -2.24106 -1.99003e-18)
(26.4826 -2.1897 5.47867e-17)
(26.442 -2.26141 0)
(26.5005 -2.13753 -1.21494e-16)
(24.1586 -1.474 -2.93119e-18)
(24.9446 -1.52747 3.06113e-18)
(25.4158 -1.5842 -1.69988e-17)
(25.6613 -1.59816 0)
(25.7513 -1.61695 -1.08261e-17)
(25.7655 -1.63689 0)
(25.7694 -1.66472 0)
(25.7785 -1.69426 0)
(25.7894 -1.7214 1.16492e-17)
(25.8008 -1.74342 0)
(25.8131 -1.76088 -4.64612e-17)
(25.827 -1.77681 0)
(25.8422 -1.79422 0)
(25.8587 -1.81341 0)
(25.8763 -1.83346 0)
(25.8952 -1.8528 0)
(25.9155 -1.87083 -1.20659e-17)
(25.9373 -1.88782 3.73437e-17)
(25.9605 -1.90407 0)
(25.9851 -1.91962 0)
(26.0111 -1.93451 0)
(26.0384 -1.9487 -5.43957e-17)
(26.0669 -1.96203 0)
(26.0965 -1.9746 -8.18015e-17)
(26.127 -1.98631 3.37449e-17)
(26.1582 -1.99719 0)
(26.1899 -2.00722 0)
(26.2219 -2.01639 3.01308e-17)
(26.2539 -2.02471 0)
(26.2856 -2.03222 4.30866e-17)
(26.3167 -2.03892 0)
(26.3471 -2.0449 0)
(26.3763 -2.05022 0)
(26.4042 -2.05499 0)
(26.4305 -2.05931 0)
(26.4552 -2.06328 4.39056e-17)
(26.478 -2.06701 0)
(26.4989 -2.0706 0)
(26.5177 -2.07415 -7.51829e-20)
(26.5346 -2.07773 2.39381e-17)
(26.5493 -2.08144 2.0335e-17)
(26.5621 -2.08533 6.93791e-17)
(26.5729 -2.08945 0)
(26.5818 -2.09386 0)
(26.5887 -2.09859 -2.05013e-17)
(26.5939 -2.10365 1.6888e-17)
(26.5973 -2.10907 -1.37882e-17)
(26.599 -2.11485 0)
(26.5991 -2.12098 -2.42133e-19)
(26.5978 -2.12745 0)
(26.5951 -2.13423 0)
(26.5913 -2.14126 7.16297e-19)
(26.5864 -2.14851 0)
(26.5806 -2.1559 5.27229e-18)
(26.5742 -2.16337 0)
(26.5672 -2.17083 0)
(26.5598 -2.17821 0)
(26.552 -2.18545 3.04582e-18)
(26.5441 -2.19249 3.50286e-19)
(26.5361 -2.19929 0)
(26.5281 -2.20582 0)
(26.5203 -2.21208 0)
(26.5125 -2.21807 -2.2382e-18)
(26.5047 -2.22379 0)
(26.4971 -2.22912 3.68915e-18)
(26.4894 -2.23406 0)
(26.4817 -2.23816 0)
(26.4746 -2.24156 -1.17823e-18)
(26.4691 -2.24399 0)
(26.4631 -2.24621 6.38936e-18)
(26.4564 -2.24837 1.11229e-17)
(26.449 -2.24951 1.89371e-18)
(26.4416 -2.25321 0)
(26.4322 -2.25157 2.84996e-18)
(26.4247 -2.2588 0)
(26.4098 -2.24633 -7.90795e-18)
(26.403 -2.26787 0)
(26.3779 -2.23181 0)
(26.38 -2.28985 0)
(26.3667 -2.19278 0)
(23.0453 -1.33417 9.89236e-18)
(21.5266 -1.15729 0)
(20.1455 -0.965899 2.90491e-18)
(19.4818 -0.811645 0)
(19.7224 -0.74565 1.75991e-17)
(20.659 -0.772803 6.29345e-18)
(21.9157 -0.856466 0)
(23.1144 -0.950282 -1.12887e-17)
(23.9368 -1.01203 1.14461e-17)
(24.252 -1.01976 0)
(24.2298 -0.986493 0)
(24.1623 -0.947808 1.30306e-17)
(24.1788 -0.925224 -1.24049e-17)
(24.2543 -0.91958 2.00647e-17)
(24.3416 -0.924127 0)
(24.4226 -0.932073 0)
(24.4965 -0.939656 1.65644e-17)
(24.5648 -0.94625 0)
(24.6287 -0.953365 -4.32243e-17)
(24.6909 -0.961913 0)
(24.7536 -0.971867 -5.95601e-17)
(24.8177 -0.982218 0)
(24.8824 -0.991948 0)
(24.9466 -1.00062 -3.67537e-17)
(25.0091 -1.00874 0)
(25.0695 -1.01746 3.00571e-17)
(25.1282 -1.028 0)
(25.1868 -1.04145 0)
(25.2475 -1.05876 0)
(25.312 -1.08073 0)
(25.3801 -1.10764 0)
(25.4498 -1.13926 0)
(25.5185 -1.17505 0)
(25.585 -1.21464 -3.3566e-18)
(25.6492 -1.25777 1.70657e-17)
(25.7119 -1.30426 -1.40374e-17)
(25.7734 -1.35368 -2.2648e-17)
(25.8338 -1.40549 0)
(25.8928 -1.45902 0)
(25.9502 -1.51368 0)
(26.0058 -1.56886 -6.72409e-18)
(26.0593 -1.62402 4.36797e-18)
(26.1105 -1.6786 0)
(26.1593 -1.73208 -1.46349e-17)
(26.2054 -1.78396 0)
(26.2488 -1.83384 0)
(26.2893 -1.88135 7.86452e-18)
(26.3269 -1.92618 -9.2671e-18)
(26.3615 -1.96815 -8.16138e-18)
(26.3931 -2.00707 0)
(26.4217 -2.04282 -3.52285e-17)
(26.4473 -2.07533 2.30303e-17)
(26.4699 -2.10458 0)
(26.4895 -2.13061 0)
(26.5064 -2.15352 0)
(26.5205 -2.17343 -4.69856e-17)
(26.532 -2.19046 0)
(26.5411 -2.2048 -8.1508e-17)
(26.5479 -2.21662 -7.0739e-18)
(26.5525 -2.22611 0)
(26.5552 -2.2335 0)
(26.5561 -2.23899 4.34589e-18)
(26.5554 -2.24282 0)
(26.5533 -2.24517 4.98438e-17)
(26.5499 -2.24629 -5.5069e-18)
(26.5456 -2.24623 4.80108e-18)
(26.5403 -2.24528 3.59279e-17)
(26.5362 -2.24394 2.59033e-18)
(26.5323 -2.24239 0)
(26.5273 -2.23985 3.02523e-17)
(26.5211 -2.2381 5.63699e-17)
(26.515 -2.23409 4.69026e-17)
(26.5076 -2.23417 4.52291e-17)
(26.5025 -2.22604 4.20974e-18)
(26.492 -2.23234 -3.0788e-18)
(26.4902 -2.21307 -4.79835e-18)
(26.4714 -2.23961 -3.59427e-17)
(26.4824 -2.18613 -5.47284e-17)
(26.444 -2.26055 0)
(26.5 -2.13408 0)
(25.1339 -1.61944 2.04995e-20)
(25.6179 -1.65683 -3.20016e-20)
(25.8539 -1.67996 0)
(25.9366 -1.68403 0)
(25.955 -1.69047 8.92657e-20)
(25.9534 -1.69814 0)
(25.956 -1.70953 0)
(25.9627 -1.71859 0)
(25.9699 -1.7236 7.38061e-19)
(25.9774 -1.72478 0)
(25.9859 -1.72533 3.49668e-17)
(25.9956 -1.72846 0)
(26.0066 -1.73535 1.56419e-17)
(26.0188 -1.74476 -1.49648e-17)
(26.0322 -1.75519 0)
(26.0467 -1.76555 0)
(26.0626 -1.7759 -2.2392e-18)
(26.0797 -1.78658 0)
(26.0981 -1.79772 0)
(26.1177 -1.80923 0)
(26.1384 -1.82095 0)
(26.1601 -1.83279 0)
(26.1828 -1.84461 3.5807e-17)
(26.2063 -1.85647 3.24015e-18)
(26.2307 -1.86828 -2.96459e-18)
(26.2556 -1.88006 0)
(26.2809 -1.89182 0)
(26.3066 -1.90354 0)
(26.3323 -1.91521 4.39001e-17)
(26.3578 -1.92683 -8.29737e-17)
(26.3831 -1.9384 0)
(26.4077 -1.94992 0)
(26.4316 -1.96136 -2.91036e-17)
(26.4545 -1.97273 0)
(26.4762 -1.984 0)
(26.4966 -1.99514 4.05613e-17)
(26.5154 -2.00614 0)
(26.5327 -2.01697 0)
(26.5482 -2.0276 5.48061e-17)
(26.5621 -2.03804 0)
(26.5741 -2.04826 1.97136e-17)
(26.5844 -2.05828 -1.3699e-18)
(26.593 -2.0681 0)
(26.5999 -2.07772 0)
(26.6051 -2.08715 1.01826e-18)
(26.6086 -2.09641 -1.6787e-17)
(26.6106 -2.1055 9.2438e-19)
(26.611 -2.11445 0)
(26.61 -2.12328 -1.73516e-18)
(26.6076 -2.13198 0)
(26.604 -2.14057 0)
(26.5993 -2.14903 1.57063e-18)
(26.5936 -2.15735 0)
(26.5871 -2.16552 -2.94869e-18)
(26.58 -2.17349 0)
(26.5724 -2.18123 0)
(26.5643 -2.18868 0)
(26.556 -2.19583 9.10095e-19)
(26.5476 -2.20263 -2.71454e-18)
(26.5391 -2.20907 0)
(26.5307 -2.21512 0)
(26.5224 -2.22079 0)
(26.5142 -2.22613 6.71935e-18)
(26.5061 -2.23114 0)
(26.4981 -2.23578 0)
(26.4901 -2.24004 0)
(26.4821 -2.24353 0)
(26.4749 -2.24648 -6.11217e-19)
(26.4693 -2.24854 0)
(26.4634 -2.25047 2.8437e-19)
(26.4568 -2.25234 -1.10989e-17)
(26.4495 -2.25313 4.94239e-19)
(26.442 -2.25645 -8.1197e-18)
(26.4329 -2.25452 -5.60183e-18)
(26.4251 -2.26174 1.1386e-17)
(26.4105 -2.2491 0)
(26.4026 -2.27024 0)
(26.3778 -2.23293 0)
(26.3787 -2.29063 0)
(26.3671 -2.19355 0)
(24.3647 -1.56245 -4.3206e-18)
(23.269 -1.47479 0)
(21.9901 -1.36304 8.90426e-20)
(20.8523 -1.25277 0)
(20.1831 -1.17174 -8.38825e-18)
(20.1711 -1.13813 5.64495e-19)
(20.7888 -1.15265 0)
(21.8206 -1.19926 7.30437e-19)
(22.9584 -1.25168 -7.80093e-19)
(23.8841 -1.2808 0)
(24.3664 -1.26691 0)
(24.4606 -1.22159 1.70372e-18)
(24.4206 -1.17436 -1.75174e-18)
(24.4047 -1.14107 -1.84025e-18)
(24.432 -1.12167 0)
(24.4795 -1.11178 0)
(24.5335 -1.10752 -2.11979e-18)
(24.5921 -1.10613 0)
(24.6544 -1.10609 2.3228e-17)
(24.7176 -1.1071 0)
(24.7809 -1.10911 2.35107e-17)
(24.8453 -1.11206 0)
(24.9112 -1.11626 0)
(24.978 -1.12274 3.60997e-17)
(25.0444 -1.13262 0)
(25.108 -1.14649 -3.22039e-18)
(25.1663 -1.16409 0)
(25.2169 -1.18408 0)
(25.2596 -1.20513 0)
(25.2976 -1.227 0)
(25.337 -1.25068 0)
(25.3827 -1.27774 0)
(25.4357 -1.30956 0)
(25.4934 -1.34634 -3.12989e-18)
(25.5529 -1.38734 -1.67858e-17)
(25.6125 -1.43143 -3.96307e-18)
(25.6722 -1.47767 2.23187e-17)
(25.7322 -1.52543 0)
(25.7925 -1.5742 0)
(25.8528 -1.62354 0)
(25.9125 -1.67297 2.12327e-17)
(25.9711 -1.72205 1.14851e-17)
(26.0282 -1.77029 -8.73566e-18)
(26.0833 -1.81727 0)
(26.1361 -1.86258 8.46544e-18)
(26.1862 -1.90591 0)
(26.2333 -1.94696 -9.68277e-18)
(26.2774 -1.98553 -8.62963e-18)
(26.3181 -2.02146 -7.63447e-18)
(26.3555 -2.05462 0)
(26.3894 -2.08493 0)
(26.4199 -2.11235 -1.01671e-17)
(26.4469 -2.13689 0)
(26.4705 -2.15862 0)
(26.4909 -2.17761 1.50426e-17)
(26.5081 -2.19398 3.55635e-17)
(26.5223 -2.20784 0)
(26.5337 -2.21935 7.84964e-18)
(26.5423 -2.22868 -3.39535e-17)
(26.5486 -2.23598 0)
(26.5525 -2.24146 0)
(26.5545 -2.24529 4.01809e-18)
(26.5546 -2.24769 0)
(26.553 -2.24883 0)
(26.5501 -2.24895 -5.03233e-18)
(26.5461 -2.24805 4.38539e-18)
(26.5409 -2.24646 0)
(26.5368 -2.2446 2.39818e-18)
(26.5329 -2.24274 0)
(26.5279 -2.23982 -3.82894e-18)
(26.5215 -2.23785 -3.44996e-18)
(26.5153 -2.23332 -6.1599e-18)
(26.5078 -2.23336 0)
(26.5027 -2.22439 4.59686e-18)
(26.4925 -2.23096 -3.62106e-18)
(26.4906 -2.21014 -5.51426e-18)
(26.4725 -2.23782 -2.9732e-17)
(26.4823 -2.18234 4.8516e-17)
(26.4454 -2.25951 0)
(26.5002 -2.13008 0)
(25.2294 -1.68374 -6.9221e-20)
(25.7301 -1.66322 2.13481e-20)
(25.9409 -1.65407 -1.04596e-17)
(25.9625 -1.64762 0)
(25.9595 -1.6504 1.07331e-17)
(25.9687 -1.65464 1.02842e-17)
(25.9834 -1.65637 0)
(25.999 -1.65179 0)
(26.0139 -1.64312 1.88735e-17)
(26.0285 -1.6337 0)
(26.0433 -1.62731 -3.41091e-17)
(26.0587 -1.62542 -1.58901e-17)
(26.0747 -1.62699 -1.60449e-17)
(26.0914 -1.63015 1.53377e-17)
(26.1087 -1.63374 0)
(26.1268 -1.63779 0)
(26.1457 -1.64294 -1.85049e-18)
(26.1653 -1.64967 -2.31612e-17)
(26.1856 -1.65804 0)
(26.2067 -1.66796 0)
(26.2284 -1.67926 0)
(26.2507 -1.69187 3.57882e-17)
(26.2735 -1.70565 -6.94895e-17)
(26.2967 -1.72054 2.69345e-18)
(26.3203 -1.73634 -3.10865e-17)
(26.344 -1.75296 0)
(26.3676 -1.77023 0)
(26.3912 -1.78802 0)
(26.4144 -1.80621 -4.39192e-17)
(26.437 -1.82468 3.32728e-18)
(26.459 -1.84334 3.29977e-17)
(26.4801 -1.8621 0)
(26.5002 -1.88087 2.43479e-18)
(26.5192 -1.89957 0)
(26.5368 -1.91812 0)
(26.553 -1.93644 -4.03323e-17)
(26.5676 -1.95444 0)
(26.5808 -1.97206 0)
(26.5923 -1.98921 -5.10027e-17)
(26.6022 -2.00585 0)
(26.6106 -2.02192 -1.95769e-17)
(26.6173 -2.03741 -3.1234e-18)
(26.6226 -2.05227 2.51531e-17)
(26.6264 -2.06649 0)
(26.6287 -2.08007 1.92274e-17)
(26.6296 -2.09302 0)
(26.6292 -2.10534 1.78244e-18)
(26.6275 -2.11706 0)
(26.6245 -2.12823 -2.95131e-18)
(26.6204 -2.13885 0)
(26.6153 -2.14897 0)
(26.6092 -2.15861 2.26369e-18)
(26.6023 -2.16779 0)
(26.5947 -2.17653 1.89995e-18)
(26.5866 -2.18482 0)
(26.5781 -2.19268 0)
(26.5693 -2.20007 0)
(26.5603 -2.20701 2.60403e-18)
(26.5512 -2.21347 -2.33826e-18)
(26.5421 -2.21945 0)
(26.5332 -2.22495 0)
(26.5244 -2.22999 0)
(26.5157 -2.23463 -6.69894e-18)
(26.5072 -2.23891 0)
(26.4987 -2.2428 0)
(26.4904 -2.24634 0)
(26.482 -2.24917 0)
(26.4745 -2.2516 7.96748e-18)
(26.4689 -2.25325 -7.43403e-18)
(26.4629 -2.25483 -1.30939e-17)
(26.4563 -2.25633 0)
(26.4491 -2.25673 -6.4988e-19)
(26.4417 -2.25968 5.558e-19)
(26.4328 -2.25753 5.59236e-18)
(26.4249 -2.26481 5.14828e-19)
(26.4108 -2.25199 0)
(26.4021 -2.27264 5.5642e-18)
(26.3774 -2.23411 0)
(26.3773 -2.29156 -1.66149e-17)
(26.3673 -2.19449 0)
(24.4718 -1.70037 -1.36042e-19)
(23.5384 -1.71006 0)
(22.4985 -1.6934 3.53201e-18)
(21.5095 -1.65623 0)
(20.7679 -1.60315 1.32045e-17)
(20.4455 -1.53772 1.31746e-17)
(20.6245 -1.47019 -6.02779e-18)
(21.267 -1.41547 7.37153e-18)
(22.2328 -1.38565 -1.46567e-18)
(23.2989 -1.381 0)
(24.1672 -1.38561 1.3845e-17)
(24.6255 -1.38125 1.76096e-17)
(24.7409 -1.36575 -1.69276e-17)
(24.7274 -1.34691 -1.58846e-17)
(24.7009 -1.32742 1.23234e-17)
(24.68 -1.30611 0)
(24.6628 -1.28405 -1.76505e-18)
(24.6542 -1.26212 0)
(24.6643 -1.24029 -2.24987e-17)
(24.6951 -1.21782 0)
(24.7366 -1.19557 0)
(24.7802 -1.17577 0)
(24.8236 -1.16046 0)
(24.8679 -1.15224 0)
(24.9157 -1.15333 0)
(24.9702 -1.16563 -2.62859e-17)
(25.0329 -1.1898 0)
(25.1015 -1.22401 0)
(25.1694 -1.26414 2.19444e-17)
(25.2279 -1.30571 0)
(25.2726 -1.34557 0)
(25.3083 -1.38319 0)
(25.3451 -1.42066 0)
(25.3904 -1.46078 2.27704e-17)
(25.4451 -1.5048 0)
(25.5056 -1.55183 1.7476e-17)
(25.5686 -1.6001 0)
(25.6326 -1.64823 0)
(25.6973 -1.69562 0)
(25.7626 -1.74203 0)
(25.8279 -1.78732 -1.43849e-17)
(25.8925 -1.83128 -1.13395e-17)
(25.956 -1.87364 8.63271e-18)
(26.0176 -1.91415 0)
(26.0768 -1.9526 -8.37982e-18)
(26.1333 -1.98884 0)
(26.1865 -2.02272 1.85774e-18)
(26.2364 -2.05417 -7.75608e-18)
(26.2825 -2.08315 -2.63115e-18)
(26.3249 -2.10962 3.78371e-18)
(26.3634 -2.13357 0)
(26.3981 -2.15502 -1.59476e-17)
(26.4289 -2.17404 0)
(26.4559 -2.19069 0)
(26.4792 -2.20507 -1.49709e-17)
(26.499 -2.21726 -1.4979e-17)
(26.5154 -2.2274 2.06139e-17)
(26.5286 -2.2356 7.48888e-18)
(26.5389 -2.24202 0)
(26.5464 -2.24678 -2.03502e-17)
(26.5514 -2.25006 0)
(26.5541 -2.25199 3.8417e-18)
(26.5548 -2.25277 3.44712e-17)
(26.5537 -2.25256 -3.18416e-17)
(26.5511 -2.25155 -3.39314e-17)
(26.5472 -2.24972 4.18229e-18)
(26.542 -2.24741 0)
(26.5379 -2.24499 1.70412e-17)
(26.5338 -2.24277 0)
(26.5287 -2.23944 -3.71616e-18)
(26.5221 -2.23723 -3.38729e-18)
(26.5156 -2.23221 -4.05658e-17)
(26.508 -2.23223 0)
(26.5027 -2.22247 3.23531e-17)
(26.4927 -2.22933 -4.0516e-18)
(26.4907 -2.20696 -5.43721e-17)
(26.4733 -2.23582 2.96934e-17)
(26.4823 -2.17838 -4.84598e-17)
(26.4465 -2.25832 0)
(26.5006 -2.12571 0)
(25.0254 -1.32823 -2.34915e-19)
(25.6121 -1.32618 2.47123e-19)
(25.9199 -1.33926 5.51683e-19)
(25.9757 -1.34947 0)
(25.9703 -1.36127 -1.14278e-17)
(25.9928 -1.37106 -1.16017e-17)
(26.0235 -1.37589 0)
(26.0528 -1.37516 0)
(26.0805 -1.37423 0)
(26.107 -1.37683 0)
(26.1327 -1.38463 1.55968e-18)
(26.158 -1.39638 1.57276e-18)
(26.1829 -1.40956 0)
(26.2077 -1.42251 0)
(26.2321 -1.43496 0)
(26.2562 -1.44764 0)
(26.2799 -1.46129 -3.13483e-18)
(26.3033 -1.47616 3.0689e-18)
(26.3262 -1.49227 0)
(26.3488 -1.50948 0)
(26.371 -1.52783 1.6708e-17)
(26.3928 -1.5473 -5.22571e-18)
(26.4142 -1.56792 3.36077e-17)
(26.4352 -1.58964 5.75814e-17)
(26.4557 -1.61239 0)
(26.4757 -1.63606 0)
(26.4951 -1.66053 0)
(26.5138 -1.68564 0)
(26.5318 -1.71127 3.41201e-17)
(26.5489 -1.73724 5.44289e-18)
(26.5651 -1.76342 -3.28207e-17)
(26.5803 -1.78964 0)
(26.5942 -1.81576 2.6376e-17)
(26.607 -1.84163 0)
(26.6185 -1.86712 0)
(26.6285 -1.89208 3.11776e-17)
(26.6372 -1.91642 2.72753e-17)
(26.6445 -1.94001 2.36991e-17)
(26.6504 -1.9628 2.41419e-17)
(26.6548 -1.98468 0)
(26.658 -2.00562 1.48204e-17)
(26.6598 -2.02557 -4.9499e-18)
(26.6605 -2.0445 -2.49474e-17)
(26.66 -2.0624 0)
(26.6584 -2.07926 0)
(26.6557 -2.0951 1.07349e-17)
(26.652 -2.10992 2.5591e-18)
(26.6474 -2.12378 0)
(26.6418 -2.1367 -4.00226e-18)
(26.6354 -2.14874 0)
(26.6282 -2.15994 0)
(26.6203 -2.17037 2.82205e-18)
(26.6118 -2.18008 0)
(26.6029 -2.1891 2.25638e-18)
(26.5936 -2.19748 0)
(26.584 -2.20524 0)
(26.5742 -2.21239 0)
(26.5644 -2.21896 2.86555e-18)
(26.5546 -2.22496 4.67594e-18)
(26.545 -2.23038 0)
(26.5354 -2.23526 1.38252e-17)
(26.5261 -2.23962 0)
(26.517 -2.24353 0)
(26.508 -2.24704 0)
(26.4991 -2.25018 0)
(26.4903 -2.25297 0)
(26.4815 -2.25509 0)
(26.4737 -2.25696 -8.45804e-18)
(26.468 -2.25813 7.41283e-18)
(26.4619 -2.25929 4.93857e-19)
(26.4552 -2.26035 -9.52516e-18)
(26.448 -2.2603 -1.56177e-18)
(26.4406 -2.26283 7.5342e-18)
(26.4321 -2.2605 0)
(26.4243 -2.26781 -1.28563e-18)
(26.4108 -2.25485 0)
(26.4012 -2.27494 -5.5571e-18)
(26.377 -2.2354 0)
(26.3757 -2.29259 1.65977e-17)
(26.3675 -2.19559 0)
(24.273 -1.32841 -2.34378e-19)
(23.4458 -1.34055 0)
(22.6243 -1.32572 -3.09767e-18)
(21.9192 -1.28783 0)
(21.4288 -1.23275 -5.11561e-19)
(21.2235 -1.16112 -1.15027e-17)
(21.3275 -1.0805 1.11441e-17)
(21.7159 -1.00891 0)
(22.329 -0.96518 -5.80219e-18)
(23.0698 -0.960893 0)
(23.7888 -0.992763 -1.25429e-17)
(24.3237 -1.04409 0)
(24.6282 -1.09702 0)
(24.7901 -1.14111 -1.15169e-17)
(24.8968 -1.17315 -2.06758e-18)
(24.9689 -1.19063 0)
(24.9997 -1.19344 -1.26091e-18)
(24.9981 -1.18869 0)
(24.9825 -1.18176 0)
(24.9683 -1.17428 0)
(24.9575 -1.1675 0)
(24.9436 -1.16355 0)
(24.9229 -1.16382 0)
(24.895 -1.16855 0)
(24.8637 -1.17777 3.3308e-17)
(24.8358 -1.19309 0)
(24.8218 -1.21729 0)
(24.8341 -1.25312 0)
(24.8814 -1.30154 -2.15144e-17)
(24.9608 -1.36043 0)
(25.0545 -1.4243 0)
(25.1399 -1.48649 0)
(25.2066 -1.54281 0)
(25.2616 -1.59364 -3.27886e-17)
(25.3178 -1.64221 0)
(25.3822 -1.69104 -2.6449e-17)
(25.4537 -1.74013 0)
(25.5285 -1.78804 0)
(25.6037 -1.83363 0)
(25.6785 -1.87657 0)
(25.7525 -1.91694 -2.76301e-17)
(25.8253 -1.95488 2.36783e-17)
(25.8963 -1.99038 0)
(25.9649 -2.02343 0)
(26.0307 -2.05403 0)
(26.0931 -2.08214 0)
(26.1518 -2.10785 -1.7814e-17)
(26.2066 -2.13122 -6.66853e-18)
(26.2573 -2.15232 -1.02057e-17)
(26.3037 -2.17122 -3.75348e-18)
(26.3458 -2.18799 0)
(26.3836 -2.20271 3.25391e-18)
(26.4172 -2.21547 0)
(26.4467 -2.22639 0)
(26.4722 -2.23554 0)
(26.4939 -2.24303 5.0355e-18)
(26.5119 -2.24896 -2.05187e-17)
(26.5264 -2.25344 6.93583e-18)
(26.5378 -2.25658 0)
(26.5462 -2.25849 2.02733e-17)
(26.5519 -2.25931 0)
(26.5551 -2.25912 3.62856e-18)
(26.5562 -2.25811 -3.4363e-17)
(26.5553 -2.25639 3.17473e-17)
(26.5528 -2.25415 2.44903e-17)
(26.5489 -2.25128 3.9918e-18)
(26.5436 -2.24816 -2.03294e-17)
(26.5393 -2.24511 0)
(26.5351 -2.24251 0)
(26.5297 -2.23873 -3.56669e-18)
(26.5228 -2.23626 -1.94241e-17)
(26.516 -2.23074 0)
(26.508 -2.23077 -2.34139e-17)
(26.5025 -2.2203 -2.24549e-17)
(26.4926 -2.22749 -2.15666e-17)
(26.4905 -2.20364 0)
(26.4739 -2.23368 0)
(26.482 -2.17437 0)
(26.4475 -2.25697 0)
(26.5009 -2.12112 0)
(25.4451 -0.760118 -7.63844e-19)
(25.9256 -0.815077 8.90275e-19)
(26.1889 -0.87147 2.07409e-18)
(26.2386 -0.917091 0)
(26.217 -0.948984 2.31701e-18)
(26.2369 -0.971626 0)
(26.2701 -0.989799 0)
(26.3014 -1.0059 0)
(26.3307 -1.02537 0)
(26.3581 -1.04986 0)
(26.3843 -1.07877 3.12488e-18)
(26.4095 -1.10956 1.61839e-17)
(26.434 -1.14014 1.2331e-17)
(26.4577 -1.16985 0)
(26.4804 -1.19919 0)
(26.5021 -1.22898 0)
(26.5228 -1.25953 -4.33008e-18)
(26.5423 -1.29078 4.09195e-18)
(26.5609 -1.32254 0)
(26.5784 -1.35461 0)
(26.5949 -1.38699 -3.45116e-18)
(26.6103 -1.41964 -6.50611e-18)
(26.6247 -1.45254 0)
(26.6382 -1.48563 -5.73497e-18)
(26.6507 -1.51884 0)
(26.6621 -1.55217 0)
(26.6727 -1.58548 -1.57019e-17)
(26.6822 -1.61874 0)
(26.6908 -1.65186 -7.80102e-18)
(26.6984 -1.68477 3.05511e-17)
(26.705 -1.71737 0)
(26.7107 -1.74957 0)
(26.7152 -1.78125 0)
(26.7188 -1.81233 0)
(26.7213 -1.84266 0)
(26.7227 -1.87216 -7.40497e-18)
(26.723 -1.90071 -2.6955e-17)
(26.7223 -1.92824 -2.3428e-17)
(26.7206 -1.95465 0)
(26.718 -1.97988 0)
(26.7144 -2.00388 -3.8473e-18)
(26.71 -2.02661 -6.69418e-18)
(26.7049 -2.04805 0)
(26.699 -2.06819 0)
(26.6925 -2.08701 0)
(26.6854 -2.10455 -3.78991e-18)
(26.6777 -2.12082 3.28792e-18)
(26.6695 -2.13586 0)
(26.6607 -2.14972 -4.96788e-18)
(26.6515 -2.16245 0)
(26.6419 -2.17413 0)
(26.6319 -2.18482 3.30804e-18)
(26.6216 -2.19459 0)
(26.611 -2.20351 2.54422e-18)
(26.6004 -2.21164 0)
(26.5896 -2.21902 0)
(26.5789 -2.22571 0)
(26.5682 -2.23173 2.99656e-18)
(26.5576 -2.2371 0)
(26.5473 -2.24185 0)
(26.5372 -2.246 3.84036e-18)
(26.5274 -2.24962 0)
(26.5178 -2.25277 1.46092e-17)
(26.5083 -2.25551 0)
(26.499 -2.25786 0)
(26.4898 -2.25988 0)
(26.4807 -2.26128 0)
(26.4725 -2.26252 -8.17651e-20)
(26.4665 -2.26319 0)
(26.4603 -2.26385 1.11709e-17)
(26.4535 -2.26438 1.71101e-17)
(26.4463 -2.26381 -6.96703e-18)
(26.4388 -2.26585 0)
(26.4306 -2.26332 0)
(26.4229 -2.27056 -3.08569e-18)
(26.4101 -2.2575 0)
(26.3999 -2.27703 0)
(26.3763 -2.23677 0)
(26.3741 -2.2937 0)
(26.3678 -2.19679 0)
(24.8481 -0.709966 -6.51336e-19)
(24.1682 -0.68035 0)
(23.504 -0.615076 4.76611e-19)
(22.9487 -0.517483 0)
(22.5684 -0.411625 -6.09073e-19)
(22.3947 -0.309705 4.33483e-19)
(22.4098 -0.21544 -2.7845e-19)
(22.5597 -0.138634 0)
(22.795 -0.0886601 0)
(23.0727 -0.0726059 0)
(23.3477 -0.0912051 0)
(23.5785 -0.137941 0)
(23.7597 -0.20335 0)
(23.9297 -0.280191 -2.34184e-19)
(24.1253 -0.364657 3.40071e-19)
(24.3464 -0.453251 0)
(24.5652 -0.543287 6.58094e-19)
(24.7417 -0.628322 0)
(24.8557 -0.71187 0)
(24.9125 -0.798942 0)
(24.9285 -0.891198 0)
(24.9261 -0.989432 0)
(24.9162 -1.09238 0)
(24.9021 -1.19496 0)
(24.882 -1.28984 4.81116e-18)
(24.8502 -1.37059 0)
(24.802 -1.43299 0)
(24.7422 -1.47805 0)
(24.6891 -1.51378 0)
(24.6739 -1.55102 0)
(24.723 -1.5991 0)
(24.8317 -1.65953 0)
(24.9628 -1.72509 0)
(25.0798 -1.78636 3.16526e-17)
(25.1736 -1.83901 0)
(25.2559 -1.88477 -5.22252e-18)
(25.3391 -1.92693 0)
(25.4268 -1.96687 0)
(25.5163 -2.00428 0)
(25.6046 -2.0386 0)
(25.6903 -2.0698 -5.90226e-18)
(25.773 -2.0981 5.27406e-18)
(25.8525 -2.1237 0)
(25.9286 -2.14675 0)
(26.0007 -2.16732 0)
(26.0686 -2.18555 0)
(26.132 -2.20159 -6.07937e-18)
(26.1908 -2.21563 -5.43875e-18)
(26.2448 -2.2278 -4.85666e-18)
(26.294 -2.23822 0)
(26.3386 -2.24701 0)
(26.3784 -2.2543 0)
(26.4137 -2.2602 0)
(26.4446 -2.26483 0)
(26.4712 -2.26829 0)
(26.4939 -2.27066 -5.00792e-18)
(26.5127 -2.27203 0)
(26.5278 -2.27247 6.07595e-18)
(26.5397 -2.27206 0)
(26.5485 -2.27089 -1.06943e-17)
(26.5544 -2.26904 0)
(26.5578 -2.26657 3.27598e-18)
(26.5589 -2.26362 0)
(26.558 -2.26027 0)
(26.5554 -2.25668 -4.17815e-18)
(26.5513 -2.2527 3.66982e-18)
(26.5457 -2.24869 3.28111e-18)
(26.5412 -2.24496 0)
(26.5367 -2.24194 0)
(26.531 -2.23768 -3.28809e-18)
(26.5237 -2.23492 1.31191e-17)
(26.5166 -2.22892 2.27746e-17)
(26.5083 -2.22898 5.08989e-18)
(26.5023 -2.21786 2.24128e-17)
(26.4924 -2.22544 0)
(26.4901 -2.20024 0)
(26.4742 -2.23145 0)
(26.4815 -2.17035 0)
(26.4484 -2.2555 0)
(26.501 -2.11635 0)
(26.5113 -0.466263 -1.17564e-18)
(26.7596 -0.532914 1.32565e-18)
(26.8663 -0.588021 1.64581e-17)
(26.8518 -0.639418 0)
(26.8146 -0.682299 3.1223e-18)
(26.8181 -0.719153 0)
(26.8309 -0.75423 0)
(26.8412 -0.78982 0)
(26.8498 -0.82872 0)
(26.8569 -0.870643 0)
(26.8633 -0.914183 1.35281e-17)
(26.8692 -0.957411 -8.66428e-18)
(26.8747 -0.999513 -3.69254e-18)
(26.8797 -1.04068 0)
(26.884 -1.08167 0)
(26.8877 -1.12293 0)
(26.8906 -1.16452 -5.50578e-18)
(26.8929 -1.20626 1.62438e-17)
(26.8945 -1.24796 0)
(26.8954 -1.2895 0)
(26.8957 -1.33086 -1.28168e-17)
(26.8953 -1.37199 -7.52393e-18)
(26.8942 -1.4128 0)
(26.8926 -1.45324 -3.34867e-17)
(26.8903 -1.49322 0)
(26.8875 -1.53269 0)
(26.884 -1.57154 1.52955e-17)
(26.8799 -1.60972 0)
(26.8753 -1.64717 -8.5632e-18)
(26.8701 -1.68384 0)
(26.8643 -1.71968 0)
(26.8579 -1.75461 0)
(26.8509 -1.78861 -1.07174e-17)
(26.8433 -1.82162 0)
(26.8351 -1.85358 0)
(26.8264 -1.88445 -2.30122e-17)
(26.8171 -1.91417 0)
(26.8073 -1.94268 0)
(26.797 -1.96994 8.99695e-18)
(26.7863 -1.9959 0)
(26.7753 -2.02053 -4.58926e-18)
(26.7639 -2.0438 -8.01073e-18)
(26.7523 -2.06569 0)
(26.7405 -2.08618 0)
(26.7286 -2.1053 -3.77302e-18)
(26.7166 -2.12303 -6.78969e-18)
(26.7045 -2.13941 3.90073e-18)
(26.6923 -2.15446 0)
(26.6801 -2.16823 -5.79568e-18)
(26.6678 -2.18077 0)
(26.6555 -2.19214 0)
(26.6432 -2.20243 3.72108e-18)
(26.6309 -2.2117 0)
(26.6187 -2.22004 -3.74276e-18)
(26.6066 -2.22752 0)
(26.5946 -2.23419 0)
(26.5828 -2.24013 0)
(26.5712 -2.24536 3.03229e-18)
(26.5599 -2.24993 0)
(26.5489 -2.25385 0)
(26.5382 -2.25717 -1.75452e-17)
(26.5279 -2.25996 0)
(26.5179 -2.2623 -1.45586e-17)
(26.508 -2.26423 0)
(26.4984 -2.2658 -1.24476e-17)
(26.4888 -2.26702 0)
(26.4793 -2.26767 8.11201e-18)
(26.4707 -2.26828 5.86856e-21)
(26.4647 -2.2684 0)
(26.4582 -2.2685 -7.48876e-19)
(26.4512 -2.26844 -7.58885e-18)
(26.4439 -2.26727 0)
(26.4363 -2.26872 0)
(26.4284 -2.26589 0)
(26.4208 -2.27293 -7.46266e-18)
(26.4088 -2.25981 -3.06239e-18)
(26.398 -2.27882 5.06832e-18)
(26.3753 -2.23816 0)
(26.3724 -2.29486 0)
(26.3679 -2.19804 0)
(26.133 -0.414315 -1.02309e-18)
(25.6371 -0.390822 0)
(25.1119 -0.331991 7.88062e-19)
(24.6218 -0.22211 0)
(24.218 -0.0943193 -1.22401e-18)
(23.9324 0.0180439 1.05519e-18)
(23.7629 0.104549 -5.26115e-18)
(23.6798 0.169565 0)
(23.6453 0.219045 4.05801e-18)
(23.6245 0.255261 0)
(23.5895 0.278762 7.50514e-18)
(23.518 0.292136 0)
(23.4084 0.298231 0)
(23.2886 0.296222 7.07819e-18)
(23.1975 0.281023 -2.72992e-20)
(23.1642 0.245158 0)
(23.1965 0.181819 1.59009e-19)
(23.2788 0.0872725 0)
(23.383 -0.041133 0)
(23.4734 -0.200651 0)
(23.5423 -0.387601 0)
(23.6248 -0.598979 1.77655e-17)
(23.7407 -0.829004 0)
(23.8989 -1.06907 0)
(24.0962 -1.30715 2.12997e-18)
(24.3137 -1.52808 0)
(24.5178 -1.71494 0)
(24.6685 -1.85359 2.90283e-17)
(24.7342 -1.93808 2.78507e-17)
(24.7147 -1.9745 0)
(24.6588 -1.98293 0)
(24.6458 -1.99113 0)
(24.7237 -2.01718 4.35594e-17)
(24.8681 -2.0593 -4.00117e-17)
(25.0214 -2.10422 0)
(25.1506 -2.14195 -3.33682e-18)
(25.2581 -2.17102 0)
(25.358 -2.19459 0)
(25.458 -2.21512 0)
(25.5575 -2.23338 0)
(25.6538 -2.2493 6.84405e-17)
(25.7456 -2.26298 3.78733e-18)
(25.8327 -2.27452 -2.73359e-17)
(25.9148 -2.28413 0)
(25.9919 -2.2919 0)
(26.0638 -2.29801 0)
(26.1304 -2.30263 2.33492e-17)
(26.1916 -2.30591 -3.97774e-18)
(26.2475 -2.308 -3.57703e-18)
(26.2981 -2.30902 0)
(26.3435 -2.3091 2.24901e-17)
(26.384 -2.30837 -1.68654e-17)
(26.4196 -2.30693 0)
(26.4507 -2.3049 0)
(26.4773 -2.30235 -4.91605e-18)
(26.4999 -2.29933 0)
(26.5186 -2.2959 0)
(26.5336 -2.29212 5.02312e-18)
(26.5452 -2.28801 5.15436e-18)
(26.5538 -2.2836 3.80297e-18)
(26.5595 -2.27896 0)
(26.5626 -2.2741 2.8343e-18)
(26.5634 -2.26911 0)
(26.5622 -2.26405 0)
(26.5592 -2.25904 -3.68877e-18)
(26.5546 -2.25388 3.25312e-18)
(26.5486 -2.24894 2.91715e-18)
(26.5437 -2.24449 -8.57986e-18)
(26.5389 -2.24102 -1.47781e-17)
(26.5328 -2.23626 -2.90728e-18)
(26.5252 -2.23321 -1.30848e-17)
(26.5175 -2.22672 -2.27204e-17)
(26.5088 -2.22683 1.82362e-17)
(26.5024 -2.21515 0)
(26.4924 -2.22316 0)
(26.4897 -2.19677 0)
(26.4745 -2.22914 0)
(26.4809 -2.16634 0)
(26.4492 -2.25392 0)
(26.5011 -2.11145 0)
(27.2523 -0.691789 -8.71609e-19)
(27.3695 -0.718467 9.50966e-19)
(27.4182 -0.743072 -9.25453e-18)
(27.4173 -0.771843 0)
(27.4137 -0.803771 2.09398e-18)
(27.4213 -0.835908 0)
(27.4248 -0.869288 0)
(27.422 -0.904682 0)
(27.4144 -0.94268 0)
(27.4033 -0.982351 0)
(27.3898 -1.02254 -4.44468e-18)
(27.3747 -1.06234 3.37376e-18)
(27.3583 -1.10162 -7.08637e-18)
(27.341 -1.14069 0)
(27.323 -1.17997 0)
(27.3045 -1.21949 0)
(27.2856 -1.25919 -5.21083e-18)
(27.2665 -1.29881 -5.31256e-18)
(27.2473 -1.33826 0)
(27.228 -1.37748 -4.52134e-18)
(27.2087 -1.41642 0)
(27.1894 -1.45505 -7.50157e-18)
(27.1702 -1.4933 0)
(27.1511 -1.53113 6.46783e-18)
(27.132 -1.5685 0)
(27.113 -1.60533 0)
(27.0941 -1.64158 0)
(27.0753 -1.67716 0)
(27.0566 -1.71206 -8.60978e-18)
(27.0379 -1.74616 -6.69514e-18)
(27.0193 -1.77944 0)
(27.0007 -1.81184 0)
(26.9821 -1.84332 1.04406e-17)
(26.9636 -1.87383 0)
(26.945 -1.90333 0)
(26.9264 -1.93178 0)
(26.9078 -1.95916 0)
(26.8892 -1.9854 0)
(26.8707 -2.01049 -6.29356e-18)
(26.8522 -2.03438 0)
(26.8339 -2.05705 -4.9221e-18)
(26.8158 -2.07847 -8.65065e-18)
(26.798 -2.09862 0)
(26.7804 -2.1175 0)
(26.7632 -2.1351 5.73393e-18)
(26.7464 -2.15142 0)
(26.73 -2.16647 4.28644e-18)
(26.7139 -2.18025 0)
(26.6982 -2.1928 -6.34993e-18)
(26.6829 -2.20415 0)
(26.6679 -2.21437 0)
(26.6533 -2.22352 4.00465e-18)
(26.6391 -2.23167 0)
(26.6252 -2.2389 9.40216e-18)
(26.6116 -2.24528 0)
(26.5985 -2.25088 0)
(26.5856 -2.25575 0)
(26.5731 -2.25996 -1.28901e-17)
(26.5611 -2.2635 0)
(26.5495 -2.26641 0)
(26.5383 -2.26877 2.44686e-17)
(26.5275 -2.27064 0)
(26.5171 -2.27209 0)
(26.507 -2.27317 -1.62244e-17)
(26.497 -2.27392 -1.09016e-18)
(26.4872 -2.27434 0)
(26.4773 -2.27422 -8.08891e-18)
(26.4685 -2.27417 6.5346e-20)
(26.4623 -2.27374 0)
(26.4557 -2.27326 -8.22981e-18)
(26.4485 -2.27255 0)
(26.441 -2.27072 0)
(26.4333 -2.27147 2.11916e-18)
(26.4256 -2.26822 0)
(26.418 -2.27486 0)
(26.4067 -2.2617 -3.7048e-18)
(26.3955 -2.28028 -2.22622e-18)
(26.3739 -2.2395 0)
(26.3705 -2.296 -1.82148e-17)
(26.368 -2.1993 0)
(27.0217 -0.689055 -7.7647e-19)
(26.715 -0.698764 -1.74429e-18)
(26.3765 -0.709543 6.33637e-19)
(26.0257 -0.683313 0)
(25.6851 -0.623348 -1.17066e-18)
(25.379 -0.556481 7.30656e-18)
(25.1248 -0.50168 -3.02353e-18)
(24.9259 -0.46189 0)
(24.772 -0.431458 -9.17485e-19)
(24.6434 -0.404522 0)
(24.5157 -0.377418 -1.50071e-18)
(24.3619 -0.346643 0)
(24.1585 -0.308268 0)
(23.8936 -0.260193 -5.14245e-18)
(23.5701 -0.204625 -1.01195e-18)
(23.2043 -0.149084 0)
(22.821 -0.105016 -8.99777e-19)
(22.4463 -0.0855816 0)
(22.1025 -0.10346 0)
(21.8095 -0.16749 0)
(21.5947 -0.282317 0)
(21.4949 -0.449581 -1.43512e-17)
(21.5397 -0.66735 0)
(21.7448 -0.928727 0)
(22.1088 -1.22118 -1.67401e-18)
(22.609 -1.52749 0)
(23.1981 -1.82593 0)
(23.8039 -2.09132 -6.69796e-19)
(24.336 -2.29853 -4.69027e-19)
(24.7054 -2.42857 0)
(24.8623 -2.47705 0)
(24.8448 -2.4635 4.24942e-17)
(24.7854 -2.42978 -1.4182e-19)
(24.8091 -2.41235 4.67563e-20)
(24.9322 -2.41862 0)
(25.092 -2.43507 -1.89088e-19)
(25.2358 -2.44772 0)
(25.3546 -2.45265 0)
(25.4605 -2.45238 0)
(25.563 -2.44988 0)
(25.6629 -2.44633 -7.1797e-17)
(25.7585 -2.44185 1.27573e-18)
(25.8487 -2.43649 2.67003e-17)
(25.933 -2.43024 0)
(26.0116 -2.42323 0)
(26.0844 -2.41559 0)
(26.1513 -2.40744 0)
(26.2124 -2.39891 -2.18007e-18)
(26.2678 -2.39011 -2.06376e-18)
(26.3176 -2.38114 0)
(26.3621 -2.37207 -2.22584e-17)
(26.4014 -2.36301 1.67076e-17)
(26.4359 -2.35402 0)
(26.4657 -2.34516 0)
(26.4911 -2.33648 4.88128e-18)
(26.5125 -2.328 -4.68573e-18)
(26.53 -2.31973 0)
(26.544 -2.31168 3.91551e-18)
(26.5547 -2.30383 -5.12836e-18)
(26.5624 -2.29617 6.81264e-18)
(26.5673 -2.28871 0)
(26.5697 -2.28141 2.39058e-18)
(26.5698 -2.27436 0)
(26.5679 -2.26754 0)
(26.5642 -2.26108 -1.64338e-17)
(26.559 -2.25471 1.53456e-17)
(26.5524 -2.24882 1.39906e-17)
(26.547 -2.24365 8.54873e-18)
(26.5417 -2.23972 2.7849e-18)
(26.5351 -2.23447 -2.49305e-18)
(26.5271 -2.23112 0)
(26.5189 -2.22417 0)
(26.5098 -2.22433 -1.00849e-17)
(26.5028 -2.21216 0)
(26.4927 -2.22065 0)
(26.4895 -2.19322 0)
(26.4749 -2.22675 0)
(26.4803 -2.1623 0)
(26.45 -2.25225 0)
(26.5011 -2.10644 0)
(27.1098 -1.32453 -1.55248e-18)
(27.2466 -1.31364 4.87733e-19)
(27.3501 -1.31159 1.03214e-18)
(27.431 -1.31147 0)
(27.5002 -1.31613 1.10631e-18)
(27.5582 -1.32277 0)
(27.6015 -1.33209 0)
(27.6314 -1.34415 0)
(27.6495 -1.35884 0)
(27.6579 -1.37547 0)
(27.6579 -1.39344 2.27632e-18)
(27.651 -1.41247 2.24313e-18)
(27.6385 -1.43252 1.118e-18)
(27.6214 -1.45377 0)
(27.6005 -1.47621 0)
(27.5769 -1.49976 0)
(27.5511 -1.52422 -3.87727e-18)
(27.5237 -1.54936 3.72098e-18)
(27.4953 -1.57507 0)
(27.466 -1.60124 4.87759e-18)
(27.4363 -1.62775 6.05865e-19)
(27.4063 -1.6545 -7.06546e-18)
(27.3763 -1.68139 0)
(27.3463 -1.70835 6.49697e-18)
(27.3164 -1.73528 0)
(27.2867 -1.76212 0)
(27.2574 -1.78879 0)
(27.2283 -1.81523 0)
(27.1996 -1.8414 -7.64997e-18)
(27.1713 -1.86719 6.43554e-18)
(27.1433 -1.89258 0)
(27.1156 -1.9175 0)
(27.0884 -1.94189 0)
(27.0615 -1.96572 0)
(27.0349 -1.98892 0)
(27.0087 -2.01145 0)
(26.9828 -2.03325 0)
(26.9572 -2.05427 0)
(26.9321 -2.07446 -6.03249e-18)
(26.9074 -2.09378 0)
(26.8832 -2.11219 -1.06548e-18)
(26.8596 -2.12964 -8.49383e-18)
(26.8365 -2.14612 0)
(26.8141 -2.1616 0)
(26.7924 -2.17605 5.75432e-18)
(26.7715 -2.18948 0)
(26.7513 -2.20185 4.34852e-18)
(26.7318 -2.21315 0)
(26.7131 -2.2234 -6.48165e-18)
(26.6951 -2.23262 0)
(26.6778 -2.24085 0)
(26.6611 -2.24814 -9.38892e-18)
(26.6451 -2.25455 0)
(26.6297 -2.26014 2.93702e-18)
(26.6149 -2.26498 0)
(26.6006 -2.26913 -2.17695e-17)
(26.5869 -2.27263 0)
(26.5736 -2.27552 1.86727e-17)
(26.5609 -2.27782 0)
(26.5488 -2.27956 0)
(26.5372 -2.28081 -2.43647e-17)
(26.5261 -2.28164 0)
(26.5154 -2.28212 2.06764e-17)
(26.505 -2.28229 1.61669e-17)
(26.4948 -2.28217 -8.3009e-19)
(26.4848 -2.28176 0)
(26.4747 -2.28086 0)
(26.4658 -2.28015 1.16956e-19)
(26.4596 -2.27917 0)
(26.4529 -2.27809 6.89556e-18)
(26.4456 -2.27672 1.8048e-18)
(26.4379 -2.27419 -2.40748e-18)
(26.43 -2.27414 -2.1143e-18)
(26.4224 -2.27033 0)
(26.4147 -2.27638 -8.29731e-18)
(26.404 -2.26317 6.75062e-18)
(26.3925 -2.28137 -2.83048e-18)
(26.3721 -2.24076 0)
(26.3685 -2.29704 1.8192e-17)
(26.3679 -2.20055 0)
(26.9159 -1.35301 -4.19914e-19)
(26.7488 -1.35704 1.57079e-18)
(26.5815 -1.39519 3.71013e-19)
(26.4017 -1.43506 0)
(26.2087 -1.45532 -7.7848e-19)
(26.0089 -1.45804 -4.95635e-18)
(25.8126 -1.45326 2.80264e-18)
(25.6304 -1.44823 0)
(25.4685 -1.44515 -2.62957e-18)
(25.3269 -1.44354 0)
(25.1997 -1.44223 -4.96147e-18)
(25.0755 -1.43943 0)
(24.9368 -1.43209 0)
(24.7601 -1.41619 9.91368e-19)
(24.5173 -1.3879 -4.66112e-18)
(24.1819 -1.34509 -3.69233e-18)
(23.7379 -1.28865 -9.73231e-19)
(23.1864 -1.2232 0)
(22.5483 -1.15694 0)
(21.8628 -1.10069 0)
(21.1873 -1.06695 0)
(20.596 -1.06955 0)
(20.1708 -1.12214 0)
(19.9875 -1.23505 0)
(20.0992 -1.41159 -2.26713e-17)
(20.5194 -1.64482 0)
(21.2141 -1.91762 0)
(22.1067 -2.20563 -2.08443e-17)
(23.0824 -2.47907 -2.01664e-17)
(23.9979 -2.70531 0)
(24.7019 -2.85439 0)
(25.0823 -2.90891 -3.76075e-17)
(25.1498 -2.88063 -3.64648e-17)
(25.0745 -2.81564 3.11535e-18)
(25.0526 -2.76211 0)
(25.1429 -2.73496 3.00021e-17)
(25.2874 -2.72164 0)
(25.4245 -2.70746 0)
(25.5381 -2.68788 0)
(25.6378 -2.66504 0)
(25.7325 -2.6416 1.9895e-18)
(25.8237 -2.6186 -1.52598e-18)
(25.9101 -2.59605 0)
(25.9909 -2.57384 0)
(26.0659 -2.55196 3.96796e-17)
(26.135 -2.5305 0)
(26.1983 -2.50957 -2.90057e-17)
(26.2559 -2.48929 -1.51697e-19)
(26.3078 -2.46972 -3.78483e-19)
(26.3542 -2.45089 0)
(26.3954 -2.43286 0)
(26.4316 -2.41566 2.13737e-17)
(26.463 -2.39931 0)
(26.49 -2.38383 0)
(26.5129 -2.36922 0)
(26.5318 -2.35545 -1.55758e-18)
(26.5472 -2.3425 0)
(26.5592 -2.33032 2.81226e-18)
(26.5682 -2.31886 0)
(26.5743 -2.30805 0)
(26.5779 -2.29785 0)
(26.579 -2.28818 1.97656e-18)
(26.578 -2.27909 0)
(26.5751 -2.27054 0)
(26.5705 -2.26264 1.04108e-17)
(26.5645 -2.25508 0)
(26.557 -2.24825 0)
(26.551 -2.24236 0)
(26.5452 -2.23799 2.35945e-18)
(26.5381 -2.23227 -2.08601e-18)
(26.5295 -2.22865 0)
(26.5209 -2.22126 1.05136e-17)
(26.5112 -2.22148 2.91254e-18)
(26.5037 -2.20889 -7.33118e-18)
(26.4934 -2.21791 0)
(26.4896 -2.18957 0)
(26.4754 -2.22425 0)
(26.4798 -2.15823 0)
(26.4508 -2.25049 0)
(26.5012 -2.10136 0)
(26.4856 -2.01327 6.13868e-19)
(26.6543 -1.98741 3.26248e-19)
(26.8067 -1.97086 6.6256e-19)
(26.9484 -1.95246 0)
(27.0779 -1.93619 6.83387e-19)
(27.1935 -1.92091 0)
(27.2939 -1.90745 0)
(27.3791 -1.89587 0)
(27.4494 -1.88626 1.71e-19)
(27.5057 -1.87842 0)
(27.5489 -1.87229 1.26282e-18)
(27.5801 -1.86787 1.4346e-18)
(27.6005 -1.86525 -9.81891e-19)
(27.6115 -1.86448 0)
(27.6141 -1.86556 0)
(27.6098 -1.86839 0)
(27.5995 -1.87285 -2.64978e-18)
(27.5844 -1.87881 9.64944e-19)
(27.5653 -1.88618 0)
(27.5429 -1.89484 -6.82012e-19)
(27.5181 -1.90467 -5.59098e-19)
(27.4912 -1.91555 0)
(27.4629 -1.92733 0)
(27.4334 -1.93991 3.00343e-18)
(27.4031 -1.95315 0)
(27.3722 -1.96694 0)
(27.341 -1.98115 0)
(27.3095 -1.99571 0)
(27.2779 -2.01051 -5.98191e-18)
(27.2464 -2.02546 6.19785e-18)
(27.215 -2.04051 0)
(27.1837 -2.05557 0)
(27.1526 -2.07058 5.59266e-18)
(27.1218 -2.0855 0)
(27.0913 -2.10025 0)
(27.0611 -2.11479 -9.91172e-18)
(27.0312 -2.12905 0)
(27.0018 -2.14298 0)
(26.9728 -2.1565 -5.2168e-18)
(26.9443 -2.16956 0)
(26.9164 -2.18213 0)
(26.8892 -2.19412 -7.5523e-18)
(26.8627 -2.20552 0)
(26.8371 -2.21627 0)
(26.8123 -2.22635 -7.63231e-18)
(26.7884 -2.23573 0)
(26.7655 -2.24436 -7.54435e-18)
(26.7436 -2.25222 0)
(26.7226 -2.25929 -6.08359e-18)
(26.7026 -2.26559 0)
(26.6835 -2.27113 -1.83452e-17)
(26.6653 -2.27595 0)
(26.648 -2.28007 0)
(26.6314 -2.28356 2.75939e-18)
(26.6156 -2.28646 0)
(26.6005 -2.28883 -3.85126e-18)
(26.5861 -2.29066 0)
(26.5723 -2.29199 -1.85732e-17)
(26.5591 -2.29284 0)
(26.5466 -2.29324 0)
(26.5347 -2.29325 2.98186e-17)
(26.5234 -2.29293 0)
(26.5125 -2.29235 -2.05955e-17)
(26.502 -2.29153 -1.82683e-17)
(26.4918 -2.2905 -5.41571e-19)
(26.4817 -2.28921 0)
(26.4715 -2.28751 0)
(26.4626 -2.28613 2.1404e-19)
(26.4564 -2.2846 0)
(26.4497 -2.28296 -5.15134e-19)
(26.4423 -2.28093 -1.79958e-18)
(26.4346 -2.27771 2.40115e-18)
(26.4266 -2.27678 6.80798e-18)
(26.419 -2.27229 0)
(26.4111 -2.27756 8.28113e-18)
(26.4009 -2.26428 -1.5384e-17)
(26.3891 -2.28211 -3.46359e-18)
(26.37 -2.24189 0)
(26.3663 -2.29792 0)
(26.3677 -2.20175 0)
(26.3112 -2.03968 -3.20639e-19)
(26.2201 -2.02742 0)
(26.1468 -2.0521 3.03264e-19)
(26.0715 -2.09699 0)
(25.9856 -2.14178 -1.96919e-18)
(25.8846 -2.17663 3.19842e-18)
(25.7683 -2.20052 -1.26714e-18)
(25.6405 -2.21711 0)
(25.5066 -2.2307 1.24023e-18)
(25.3726 -2.24444 0)
(25.2438 -2.26017 0)
(25.1238 -2.27865 0)
(25.0128 -2.29954 0)
(24.9047 -2.3213 6.08697e-18)
(24.7819 -2.34111 0)
(24.6144 -2.35485 6.35322e-19)
(24.3638 -2.3576 -3.46437e-18)
(23.9945 -2.34477 0)
(23.4848 -2.31352 0)
(22.835 -2.26399 0)
(22.0717 -2.20012 0)
(21.25 -2.13054 -6.09498e-18)
(20.4536 -2.06892 0)
(19.7915 -2.03295 0)
(19.3847 -2.04151 1.35573e-17)
(19.3397 -2.10922 0)
(19.7099 -2.24015 0)
(20.4728 -2.42503 0)
(21.5351 -2.6436 0)
(22.7491 -2.86737 1.29318e-17)
(23.9268 -3.06225 0)
(24.8632 -3.19264 0)
(25.3948 -3.23214 0)
(25.5162 -3.18569 2.90859e-17)
(25.4324 -3.09876 0)
(25.3837 -3.02185 -2.19895e-17)
(25.4467 -2.97037 0)
(25.5664 -2.93242 0)
(25.6824 -2.89536 0)
(25.7786 -2.85566 0)
(25.8628 -2.81515 3.24388e-17)
(25.9423 -2.77577 -3.69938e-18)
(26.0181 -2.73801 -2.24515e-17)
(26.0894 -2.70174 0)
(26.1556 -2.66682 -4.03763e-18)
(26.2164 -2.63323 0)
(26.272 -2.60107 2.85187e-17)
(26.3224 -2.57042 1.77616e-18)
(26.3677 -2.54131 3.88013e-17)
(26.408 -2.51373 0)
(26.4435 -2.4877 2.56845e-17)
(26.4744 -2.46322 -4.19009e-17)
(26.501 -2.44026 0)
(26.5236 -2.41882 0)
(26.5425 -2.39883 -9.5538e-18)
(26.5578 -2.38027 6.16573e-18)
(26.57 -2.36306 0)
(26.5792 -2.34712 1.71971e-18)
(26.5856 -2.33235 -2.73601e-18)
(26.5895 -2.31863 0)
(26.5911 -2.30588 0)
(26.5905 -2.294 4.113e-18)
(26.588 -2.283 0)
(26.5838 -2.27282 0)
(26.578 -2.26356 -2.38394e-18)
(26.5709 -2.25485 0)
(26.5625 -2.24713 -7.31066e-18)
(26.5557 -2.24056 -4.46242e-18)
(26.5493 -2.23577 1.95763e-18)
(26.5417 -2.22962 -1.69655e-18)
(26.5326 -2.22578 0)
(26.5233 -2.21801 -1.04849e-17)
(26.5132 -2.21831 7.13084e-18)
(26.505 -2.20536 7.31471e-18)
(26.4945 -2.21492 0)
(26.49 -2.18583 0)
(26.4761 -2.22163 0)
(26.4794 -2.15412 0)
(26.4517 -2.24862 0)
(26.5012 -2.09624 0)
(25.9158 -2.51824 -3.44575e-19)
(26.0696 -2.49359 3.31885e-19)
(26.2196 -2.47595 6.4181e-19)
(26.3685 -2.45503 0)
(26.5132 -2.43406 6.04864e-19)
(26.6513 -2.41246 0)
(26.781 -2.3909 0)
(26.9007 -2.36957 0)
(27.0092 -2.34874 -1.5315e-19)
(27.1057 -2.32856 1.09454e-18)
(27.1899 -2.30925 1.22145e-18)
(27.2617 -2.29098 -2.87882e-19)
(27.3214 -2.27398 -1.42459e-18)
(27.3695 -2.25837 0)
(27.4068 -2.24423 0)
(27.4341 -2.2316 0)
(27.4525 -2.22049 -1.88149e-18)
(27.4629 -2.21093 3.31425e-18)
(27.4663 -2.20288 0)
(27.4636 -2.19633 0)
(27.4557 -2.19123 0)
(27.4435 -2.18752 0)
(27.4276 -2.18513 0)
(27.4086 -2.18398 -9.50546e-18)
(27.387 -2.18395 0)
(27.3635 -2.18496 5.85056e-18)
(27.3383 -2.18689 -5.65457e-18)
(27.3117 -2.18965 0)
(27.2841 -2.19313 6.10955e-18)
(27.2557 -2.19721 -5.94951e-18)
(27.2267 -2.20182 -9.60696e-18)
(27.1972 -2.20687 9.16949e-18)
(27.1673 -2.21228 -5.41005e-18)
(27.1373 -2.218 8.29995e-18)
(27.1071 -2.22394 0)
(27.0769 -2.23005 9.65047e-18)
(27.0468 -2.23627 0)
(27.0168 -2.24254 0)
(26.987 -2.2488 8.4895e-18)
(26.9576 -2.255 0)
(26.9287 -2.26105 0)
(26.9003 -2.26692 -6.02874e-18)
(26.8726 -2.27254 0)
(26.8456 -2.27791 0)
(26.8195 -2.28296 0)
(26.7943 -2.28764 0)
(26.7701 -2.29189 0)
(26.7469 -2.2957 0)
(26.7247 -2.29903 -5.15878e-18)
(26.7037 -2.30188 2.37982e-17)
(26.6836 -2.30426 1.81834e-17)
(26.6646 -2.30616 0)
(26.6465 -2.30761 0)
(26.6293 -2.30866 2.36277e-18)
(26.613 -2.30934 0)
(26.5975 -2.30963 -3.26953e-18)
(26.5827 -2.30956 0)
(26.5687 -2.30914 0)
(26.5553 -2.3084 0)
(26.5427 -2.30734 0)
(26.5307 -2.306 1.94731e-18)
(26.5193 -2.30443 0)
(26.5084 -2.30271 0)
(26.4979 -2.30083 1.81985e-17)
(26.4877 -2.29883 -1.91639e-19)
(26.4777 -2.29662 0)
(26.4676 -2.2941 0)
(26.4587 -2.29203 4.00546e-19)
(26.4527 -2.28997 0)
(26.4461 -2.28777 -4.71628e-18)
(26.4388 -2.28512 -6.36568e-19)
(26.4311 -2.28122 5.29001e-18)
(26.423 -2.2794 -6.79108e-18)
(26.4155 -2.27416 0)
(26.4073 -2.27849 -1.79528e-17)
(26.3975 -2.26512 3.46782e-17)
(26.3854 -2.28252 3.45786e-18)
(26.3676 -2.24286 0)
(26.3639 -2.29856 0)
(26.3675 -2.20288 0)
(25.7794 -2.53466 -3.56868e-19)
(25.7239 -2.51883 0)
(25.6857 -2.5296 3.4562e-19)
(25.6499 -2.55906 0)
(25.6095 -2.59414 6.41644e-19)
(25.5578 -2.62497 -1.80607e-18)
(25.4871 -2.64735 1.12441e-18)
(25.3915 -2.66259 0)
(25.2693 -2.67428 -1.07462e-18)
(25.1238 -2.68579 0)
(24.9626 -2.69967 0)
(24.7961 -2.71778 0)
(24.6355 -2.74141 0)
(24.4901 -2.7713 -4.1736e-18)
(24.3629 -2.80745 1.83369e-18)
(24.2454 -2.84854 6.68746e-19)
(24.1143 -2.89147 1.96252e-18)
(23.9336 -2.93118 0)
(23.6624 -2.96131 0)
(23.2661 -2.97542 0)
(22.727 -2.96853 0)
(22.0526 -2.93872 1.54403e-18)
(21.2822 -2.88867 4.35669e-18)
(20.4917 -2.82679 0)
(19.7958 -2.76748 -1.27485e-17)
(19.3376 -2.72956 0)
(19.2545 -2.73155 0)
(19.6256 -2.7846 0)
(20.4394 -2.88815 0)
(21.5974 -3.02975 -3.19474e-18)
(22.9334 -3.1869 0)
(24.2309 -3.32884 -1.71806e-17)
(25.2491 -3.41939 1.69921e-17)
(25.8021 -3.4292 0)
(25.9053 -3.36248 0)
(25.804 -3.26353 2.08803e-17)
(25.7448 -3.17628 0)
(25.7897 -3.11102 0)
(25.8816 -3.05679 0)
(25.9692 -3.00421 0)
(26.0415 -2.95137 0)
(26.1052 -2.89968 -4.41661e-17)
(26.1654 -2.85026 2.19309e-17)
(26.2225 -2.80319 0)
(26.2757 -2.75828 -6.22197e-17)
(26.3246 -2.71545 0)
(26.3692 -2.67471 0)
(26.4094 -2.63609 2.19287e-17)
(26.4454 -2.59958 -1.85169e-17)
(26.4771 -2.56517 0)
(26.5049 -2.53283 -2.90091e-18)
(26.5287 -2.50254 3.89945e-17)
(26.5489 -2.47426 1.48974e-17)
(26.5657 -2.44794 0)
(26.5793 -2.42353 9.47539e-18)
(26.59 -2.40098 0)
(26.598 -2.3802 0)
(26.6035 -2.36107 6.46554e-19)
(26.6067 -2.34346 6.33588e-18)
(26.6077 -2.32722 0)
(26.6068 -2.31225 0)
(26.6041 -2.29844 0)
(26.5997 -2.28576 0)
(26.5938 -2.27412 0)
(26.5866 -2.26363 -7.95881e-18)
(26.5783 -2.25388 0)
(26.5688 -2.24535 7.28636e-18)
(26.5612 -2.23815 4.44399e-18)
(26.5541 -2.23301 1.58075e-18)
(26.5458 -2.22649 -1.3275e-18)
(26.5361 -2.22247 0)
(26.5262 -2.21439 0)
(26.5155 -2.21478 -3.39337e-18)
(26.5067 -2.20155 0)
(26.4959 -2.21169 0)
(26.4906 -2.18198 0)
(26.477 -2.21887 0)
(26.4792 -2.14996 0)
(26.4526 -2.24666 0)
(26.5012 -2.09107 0)
(25.5538 -2.83688 -4.53649e-19)
(25.6706 -2.81964 3.04778e-19)
(25.7905 -2.80711 -3.29603e-19)
(25.9151 -2.7912 -5.4027e-19)
(26.0423 -2.77427 -9.38751e-20)
(26.1702 -2.75578 0)
(26.2968 -2.7361 0)
(26.4203 -2.71539 0)
(26.5389 -2.69389 -1.74861e-18)
(26.6511 -2.67182 8.34518e-19)
(26.7554 -2.64945 -1.12809e-18)
(26.851 -2.62704 0)
(26.937 -2.60483 1.31883e-18)
(27.0131 -2.58304 0)
(27.0791 -2.56184 0)
(27.1353 -2.54138 0)
(27.1818 -2.52178 -1.27961e-18)
(27.2192 -2.50315 -3.09635e-18)
(27.2482 -2.48556 0)
(27.2694 -2.46908 0)
(27.2835 -2.45373 0)
(27.2914 -2.43955 8.2518e-18)
(27.2936 -2.42653 -8.06377e-18)
(27.2909 -2.41469 1.37298e-17)
(27.284 -2.40399 0)
(27.2734 -2.39439 -5.57515e-18)
(27.2597 -2.38587 5.40189e-18)
(27.2433 -2.37836 0)
(27.2246 -2.3718 0)
(27.204 -2.36613 0)
(27.1819 -2.36128 9.26481e-18)
(27.1584 -2.35716 -8.86218e-18)
(27.1338 -2.35372 1.07265e-17)
(27.1083 -2.35089 -8.05464e-18)
(27.0821 -2.34859 1.92068e-17)
(27.0553 -2.34676 0)
(27.0281 -2.34535 0)
(27.0006 -2.34429 0)
(26.973 -2.34352 0)
(26.9453 -2.34301 1.41147e-17)
(26.9178 -2.34268 0)
(26.8906 -2.34249 -4.2267e-18)
(26.8637 -2.34238 0)
(26.8374 -2.3423 0)
(26.8118 -2.34219 0)
(26.787 -2.34201 0)
(26.763 -2.34172 0)
(26.7399 -2.34127 0)
(26.7179 -2.34066 2.53769e-17)
(26.6968 -2.33985 3.35943e-18)
(26.6768 -2.33885 0)
(26.6577 -2.33763 0)
(26.6397 -2.33624 0)
(26.6225 -2.33468 1.78005e-18)
(26.6063 -2.33293 0)
(26.5909 -2.331 -2.4221e-18)
(26.5762 -2.32891 2.7643e-17)
(26.5623 -2.32666 -2.46013e-17)
(26.5491 -2.32423 0)
(26.5366 -2.32162 0)
(26.5248 -2.31886 1.13285e-18)
(26.5135 -2.31599 0)
(26.5028 -2.31306 2.29598e-17)
(26.4926 -2.31008 0)
(26.4826 -2.30705 1.48576e-17)
(26.4728 -2.30389 1.09838e-17)
(26.4628 -2.30052 0)
(26.4541 -2.29775 6.95006e-19)
(26.4484 -2.29516 0)
(26.442 -2.29241 2.09674e-18)
(26.4349 -2.28918 -1.09172e-18)
(26.4273 -2.28465 -5.27495e-18)
(26.4193 -2.28195 9.48687e-18)
(26.4118 -2.27594 1.20801e-17)
(26.4034 -2.27925 1.79148e-17)
(26.3939 -2.26576 -1.92852e-17)
(26.3815 -2.28264 0)
(26.3651 -2.24363 0)
(26.3614 -2.29893 0)
(26.3673 -2.20391 0)
(25.4576 -2.84539 -3.34869e-19)
(25.4216 -2.83158 4.38315e-20)
(25.3979 -2.83471 3.08616e-19)
(25.3759 -2.8506 0)
(25.3544 -2.87071 -6.02402e-19)
(25.3313 -2.88824 5.50558e-19)
(25.2965 -2.89988 -7.09292e-20)
(25.2339 -2.90612 0)
(25.1297 -2.9091 1.61171e-19)
(24.9782 -2.91093 0)
(24.7828 -2.9135 0)
(24.5544 -2.91867 6.05997e-19)
(24.3085 -2.92832 0)
(24.0629 -2.94432 1.59445e-18)
(23.8341 -2.96836 -1.68561e-18)
(23.633 -3.00164 2.73582e-18)
(23.4604 -3.04426 -8.09848e-19)
(23.3032 -3.0946 0)
(23.1338 -3.14892 0)
(22.9152 -3.20144 0)
(22.61 -3.24514 0)
(22.1912 -3.27308 4.18841e-18)
(21.6537 -3.28003 -1.65494e-18)
(21.0241 -3.2642 0)
(20.3706 -3.22878 0)
(19.8069 -3.18302 5.68818e-18)
(19.4785 -3.14177 -5.76602e-18)
(19.5214 -3.12181 0)
(20.0082 -3.13603 0)
(20.9212 -3.18879 -3.23165e-18)
(22.1564 -3.27423 1.06851e-17)
(23.5382 -3.3763 1.6344e-17)
(24.835 -3.46894 -5.74992e-18)
(25.7923 -3.51788 0)
(26.245 -3.49702 0)
(26.2724 -3.41596 0)
(26.1528 -3.31613 0)
(26.0969 -3.22995 0)
(26.1292 -3.16078 0)
(26.1928 -3.09928 0)
(26.2504 -3.03957 1.48836e-17)
(26.2976 -2.98103 1.91717e-17)
(26.3397 -2.92468 0)
(26.3797 -2.87102 0)
(26.4173 -2.81998 4.79645e-17)
(26.4519 -2.77146 0)
(26.4834 -2.72539 0)
(26.5116 -2.68176 0)
(26.5365 -2.64054 0)
(26.5583 -2.6017 0)
(26.5768 -2.5652 -4.37119e-18)
(26.5923 -2.53099 -3.3763e-18)
(26.605 -2.49903 -2.53845e-18)
(26.6149 -2.46927 0)
(26.6224 -2.44171 0)
(26.6275 -2.41624 0)
(26.6306 -2.39279 8.525e-18)
(26.6317 -2.37122 -3.74628e-19)
(26.6311 -2.35138 -7.25786e-18)
(26.6287 -2.33315 0)
(26.6248 -2.31643 0)
(26.6195 -2.30107 -5.59087e-19)
(26.6129 -2.28702 0)
(26.6051 -2.27417 3.71405e-18)
(26.5963 -2.26264 4.29493e-18)
(26.5865 -2.25202 0)
(26.5758 -2.2428 0)
(26.5672 -2.23507 -2.73598e-18)
(26.5594 -2.22962 5.91924e-18)
(26.5504 -2.22282 -4.91298e-18)
(26.5401 -2.21869 0)
(26.5295 -2.21037 0)
(26.5183 -2.2109 5.82631e-18)
(26.5087 -2.19747 0)
(26.4976 -2.20819 0)
(26.4915 -2.178 0)
(26.4781 -2.21594 0)
(26.4792 -2.14574 0)
(26.4537 -2.2446 0)
(26.5012 -2.08589 0)
(25.3423 -3.03526 -1.19944e-19)
(25.4239 -3.02433 2.30722e-19)
(25.5109 -3.01651 1.28746e-18)
(25.6047 -3.00587 5.06478e-19)
(25.7042 -2.99408 0)
(25.8084 -2.98059 0)
(25.9158 -2.96554 -1.05494e-18)
(26.025 -2.94895 0)
(26.1343 -2.93095 1.64201e-18)
(26.2423 -2.91166 -4.03512e-18)
(26.3475 -2.89128 2.3474e-18)
(26.4485 -2.87 0)
(26.544 -2.84805 0)
(26.6332 -2.82563 0)
(26.7152 -2.80296 0)
(26.7895 -2.78023 0)
(26.8558 -2.75761 -7.5035e-19)
(26.9139 -2.73528 0)
(26.964 -2.71336 0)
(27.0062 -2.69197 0)
(27.041 -2.6712 0)
(27.0688 -2.65112 1.1792e-18)
(27.09 -2.6318 -1.13014e-18)
(27.1052 -2.61328 1.08337e-18)
(27.115 -2.5956 0)
(27.1199 -2.57877 0)
(27.1205 -2.56281 -7.75296e-18)
(27.1172 -2.54774 0)
(27.1105 -2.53353 0)
(27.1008 -2.52019 0)
(27.0885 -2.5077 0)
(27.074 -2.49603 0)
(27.0575 -2.48513 1.32303e-18)
(27.0394 -2.475 0)
(27.0199 -2.46557 2.27793e-18)
(26.9991 -2.45681 0)
(26.9773 -2.44867 0)
(26.9547 -2.4411 0)
(26.9315 -2.43407 0)
(26.9079 -2.42751 -2.91807e-17)
(26.8839 -2.42139 0)
(26.8598 -2.41564 -2.49345e-18)
(26.8358 -2.41023 0)
(26.812 -2.40509 0)
(26.7886 -2.40017 0)
(26.7657 -2.39544 0)
(26.7435 -2.39083 0)
(26.7219 -2.38633 0)
(26.7011 -2.38191 -3.13165e-17)
(26.6812 -2.37756 2.10487e-18)
(26.6622 -2.37324 0)
(26.6441 -2.36898 0)
(26.6269 -2.36477 -2.18678e-17)
(26.6105 -2.36058 1.08905e-18)
(26.595 -2.3564 0)
(26.5802 -2.35226 -1.37958e-18)
(26.5662 -2.34816 -2.74695e-17)
(26.5528 -2.34406 4.96457e-17)
(26.5401 -2.33993 0)
(26.5281 -2.33577 0)
(26.5167 -2.33158 1.20077e-19)
(26.5059 -2.32739 0)
(26.4956 -2.32325 -4.4227e-19)
(26.4858 -2.31914 0)
(26.4762 -2.31507 0)
(26.4667 -2.31092 -8.21637e-19)
(26.457 -2.30668 0)
(26.4486 -2.3032 6.79943e-18)
(26.4433 -2.30007 0)
(26.4372 -2.29679 0)
(26.4304 -2.29299 1.72066e-18)
(26.4231 -2.2879 0)
(26.4154 -2.28437 8.70127e-19)
(26.408 -2.27764 -2.50142e-17)
(26.3995 -2.27988 0)
(26.3903 -2.26626 2.49839e-17)
(26.3776 -2.28248 1.2546e-17)
(26.3625 -2.2442 0)
(26.3588 -2.29898 0)
(26.3671 -2.20484 0)
(25.2775 -3.03924 -2.57448e-19)
(25.2554 -3.02801 -3.4297e-19)
(25.2425 -3.02717 0)
(25.2293 -3.0352 0)
(25.2163 -3.04627 0)
(25.2095 -3.05518 -4.01964e-19)
(25.2072 -3.05987 4.41988e-19)
(25.191 -3.06067 0)
(25.134 -3.05847 -3.97967e-19)
(25.0154 -3.05394 0)
(24.8267 -3.04783 0)
(24.5724 -3.04127 -7.56602e-19)
(24.2665 -3.03586 0)
(23.9291 -3.03354 0)
(23.5826 -3.03645 -4.63555e-20)
(23.249 -3.04685 -9.12174e-19)
(22.9457 -3.06671 -8.1181e-19)
(22.6815 -3.09727 0)
(22.4533 -3.13841 0)
(22.2442 -3.18804 0)
(22.0262 -3.2419 0)
(21.7664 -3.2939 -8.69283e-19)
(21.4377 -3.33701 -2.62362e-18)
(21.0318 -3.36472 -2.02592e-18)
(20.572 -3.37272 0)
(20.1242 -3.36076 -3.36646e-18)
(19.7972 -3.33408 3.34298e-18)
(19.7208 -3.30345 0)
(20.0016 -3.2824 0)
(20.6829 -3.28272 -3.07268e-18)
(21.7281 -3.31027 -5.89368e-18)
(23.0237 -3.36274 0)
(24.3874 -3.42842 -5.4616e-18)
(25.5806 -3.48421 -4.41328e-18)
(26.363 -3.49912 0)
(26.6411 -3.45561 0)
(26.5811 -3.37083 0)
(26.4586 -3.28006 0)
(26.4145 -3.20257 0)
(26.4353 -3.13659 0)
(26.4719 -3.07523 -1.45967e-17)
(26.5022 -3.0155 0)
(26.5266 -2.95752 7.32315e-18)
(26.5487 -2.90196 0)
(26.5698 -2.84899 -7.54103e-18)
(26.5893 -2.79857 0)
(26.607 -2.75062 0)
(26.6225 -2.70512 -9.25801e-18)
(26.6357 -2.66203 0)
(26.6467 -2.62132 0)
(26.6555 -2.58295 -5.35452e-18)
(26.6621 -2.54687 -4.30959e-18)
(26.6666 -2.51305 -1.20971e-17)
(26.6692 -2.48149 0)
(26.67 -2.45215 -5.62874e-18)
(26.6691 -2.42498 0)
(26.6668 -2.39988 -8.46387e-18)
(26.6631 -2.37671 -1.29507e-18)
(26.6581 -2.35539 3.6411e-18)
(26.6519 -2.33582 0)
(26.6447 -2.3179 0)
(26.6365 -2.30145 3.5274e-19)
(26.6273 -2.28642 0)
(26.6174 -2.27268 -1.2032e-18)
(26.6067 -2.26039 -1.24594e-18)
(26.5954 -2.24909 0)
(26.5834 -2.23936 -3.30167e-18)
(26.5738 -2.23121 5.96067e-19)
(26.5652 -2.22555 0)
(26.5555 -2.21854 0)
(26.5445 -2.21438 0)
(26.5332 -2.20591 4.1502e-18)
(26.5214 -2.2066 -2.43523e-18)
(26.5111 -2.19307 0)
(26.4995 -2.2044 0)
(26.4926 -2.17388 0)
(26.4793 -2.21283 0)
(26.4793 -2.14147 1.88766e-17)
(26.4548 -2.24243 0)
(26.5011 -2.08068 0)
(25.2096 -3.15911 -1.70111e-19)
(25.2639 -3.15257 1.58325e-19)
(25.3238 -3.14784 -1.92739e-18)
(25.3908 -3.14102 0)
(25.4645 -3.13321 0)
(25.5442 -3.12393 1.19648e-18)
(25.6291 -3.11318 -2.17223e-19)
(25.7182 -3.10091 0)
(25.8106 -3.08709 0)
(25.9049 -3.07174 4.72078e-18)
(26.0001 -3.05494 -2.23233e-18)
(26.0948 -3.03677 0)
(26.1878 -3.01738 0)
(26.2781 -2.99691 0)
(26.3645 -2.97553 0)
(26.4461 -2.95342 0)
(26.5223 -2.93077 -3.81256e-19)
(26.5925 -2.90776 4.94101e-18)
(26.6562 -2.88457 0)
(26.7134 -2.86135 0)
(26.7639 -2.83824 0)
(26.8078 -2.81537 -8.65529e-18)
(26.8453 -2.79283 8.45931e-18)
(26.8767 -2.77071 -1.69108e-17)
(26.9023 -2.74908 0)
(26.9225 -2.728 0)
(26.9377 -2.7075 -3.62225e-19)
(26.9483 -2.68764 0)
(26.9548 -2.66844 0)
(26.9574 -2.64991 0)
(26.9567 -2.63209 -1.32286e-17)
(26.9529 -2.61498 1.25981e-17)
(26.9464 -2.59858 -1.1414e-17)
(26.9375 -2.58292 0)
(26.9265 -2.56797 -2.04649e-17)
(26.9136 -2.55373 0)
(26.8992 -2.5402 0)
(26.8833 -2.52734 0)
(26.8663 -2.51513 0)
(26.8483 -2.50355 1.50545e-17)
(26.8295 -2.49255 0)
(26.8103 -2.48209 -1.15708e-18)
(26.7906 -2.47213 0)
(26.7708 -2.46262 0)
(26.751 -2.45353 0)
(26.7314 -2.44482 0)
(26.7121 -2.43645 0)
(26.6932 -2.42838 0)
(26.6749 -2.4206 -1.10943e-18)
(26.6571 -2.41307 -2.84789e-17)
(26.6401 -2.4058 0)
(26.6237 -2.39876 0)
(26.6081 -2.39193 2.1688e-17)
(26.5932 -2.38531 3.87507e-19)
(26.5789 -2.3789 0)
(26.5653 -2.3727 3.17891e-17)
(26.5524 -2.36668 0)
(26.54 -2.36082 -2.5037e-17)
(26.5282 -2.35507 0)
(26.517 -2.34942 0)
(26.5064 -2.34385 -3.24072e-17)
(26.4963 -2.3384 0)
(26.4867 -2.33306 -2.23167e-17)
(26.4774 -2.32784 -1.65239e-17)
(26.4684 -2.32272 -1.24421e-17)
(26.4594 -2.3176 -1.00837e-17)
(26.4501 -2.31249 0)
(26.4422 -2.30827 0)
(26.4373 -2.30461 0)
(26.4316 -2.30078 0)
(26.4253 -2.29646 4.49245e-18)
(26.4185 -2.29085 0)
(26.4111 -2.28656 7.28705e-19)
(26.4041 -2.27919 1.29306e-17)
(26.3956 -2.28038 0)
(26.3867 -2.26666 -2.4931e-17)
(26.3736 -2.28208 -1.25222e-17)
(26.3598 -2.24456 0)
(26.3562 -2.29873 0)
(26.3669 -2.20567 0)
(25.1679 -3.15963 -1.81502e-19)
(25.1561 -3.15017 2.86231e-19)
(25.1526 -3.14662 0)
(25.1489 -3.14922 0)
(25.1413 -3.15442 0)
(25.1371 -3.15826 1.21576e-18)
(25.1482 -3.15952 -3.73303e-19)
(25.1704 -3.15875 0)
(25.1749 -3.15607 2.43519e-19)
(25.1249 -3.15089 0)
(24.9933 -3.14273 8.99505e-19)
(24.7706 -3.13174 -6.3136e-19)
(24.4624 -3.11869 0)
(24.0856 -3.10486 0)
(23.6636 -3.09199 4.46689e-20)
(23.2223 -3.08226 -5.70245e-19)
(22.7872 -3.07809 -1.71476e-19)
(22.3803 -3.08192 0)
(22.0169 -3.09574 -8.90875e-19)
(21.7026 -3.12048 0)
(21.431 -3.15545 0)
(21.1851 -3.19789 1.53343e-18)
(20.9418 -3.243 -5.96352e-19)
(20.6815 -3.28447 2.03498e-18)
(20.4016 -3.31573 0)
(20.129 -3.33158 -2.2772e-18)
(19.9283 -3.33024 2.36243e-18)
(19.8934 -3.31491 0)
(20.1206 -3.29364 0)
(20.6742 -3.27712 -2.74473e-18)
(21.5618 -3.27502 -4.61293e-18)
(22.7244 -3.29263 0)
(24.0368 -3.32873 -4.8445e-18)
(25.3092 -3.37295 4.30365e-18)
(26.3071 -3.40309 0)
(26.8434 -3.39359 0)
(26.9369 -3.33876 0)
(26.82 -3.26067 0)
(26.7144 -3.18486 0)
(26.6828 -3.11953 0)
(26.6908 -3.06086 0)
(26.7037 -3.00467 -2.2518e-18)
(26.712 -2.94987 -7.21857e-18)
(26.7178 -2.89683 0)
(26.7231 -2.8459 -7.5437e-18)
(26.7281 -2.79716 0)
(26.7323 -2.75058 0)
(26.7354 -2.70614 9.14747e-18)
(26.7373 -2.66384 3.88188e-18)
(26.7378 -2.62367 0)
(26.737 -2.58561 -1.21804e-17)
(26.7347 -2.54962 -1.033e-17)
(26.7311 -2.51573 4.5654e-18)
(26.7263 -2.48394 0)
(26.7203 -2.45422 2.56605e-18)
(26.7133 -2.42654 0)
(26.7053 -2.40082 0)
(26.6965 -2.37697 -2.08455e-18)
(26.687 -2.35499 0)
(26.6768 -2.33478 0)
(26.666 -2.31625 0)
(26.6547 -2.29922 2.02509e-19)
(26.6429 -2.28366 0)
(26.6306 -2.26942 -2.48344e-18)
(26.6179 -2.25669 -8.56553e-19)
(26.6049 -2.24497 0)
(26.5914 -2.23494 3.28941e-18)
(26.5807 -2.22651 2.11793e-18)
(26.5713 -2.22073 0)
(26.5609 -2.21362 0)
(26.5492 -2.20948 0)
(26.5372 -2.20096 -4.13694e-18)
(26.5248 -2.20187 -2.0265e-18)
(26.5137 -2.18833 0)
(26.5017 -2.20027 0)
(26.4938 -2.16958 0)
(26.4807 -2.2095 0)
(26.4794 -2.13716 -1.88426e-17)
(26.456 -2.24014 0)
(26.5009 -2.07548 0)
(25.1261 -3.2216 -7.48337e-19)
(25.1593 -3.21691 1.15303e-19)
(25.1979 -3.21369 -2.11945e-19)
(25.2434 -3.20902 0)
(25.2955 -3.20363 0)
(25.3538 -3.19717 -1.14881e-18)
(25.418 -3.18958 1.17076e-18)
(25.4874 -3.18077 0)
(25.5614 -3.17066 -2.65172e-18)
(25.6393 -3.15917 2.18882e-19)
(25.7202 -3.14628 0)
(25.8031 -3.13199 0)
(25.887 -3.11632 0)
(25.9709 -3.09931 0)
(26.0538 -3.08105 0)
(26.1348 -3.06165 0)
(26.2129 -3.04123 -2.14841e-19)
(26.2873 -3.01994 -4.76227e-18)
(26.3575 -2.99794 0)
(26.423 -2.97539 0)
(26.4833 -2.95244 0)
(26.5382 -2.92925 0)
(26.5875 -2.90595 0)
(26.6314 -2.88267 1.69463e-17)
(26.6699 -2.85952 0)
(26.703 -2.8366 8.00582e-18)
(26.7312 -2.81398 -1.11275e-19)
(26.7545 -2.79172 7.42155e-18)
(26.7734 -2.76989 0)
(26.7881 -2.74852 0)
(26.799 -2.72767 -1.5054e-19)
(26.8063 -2.70735 1.43705e-19)
(26.8104 -2.6876 0)
(26.8115 -2.66845 1.12144e-17)
(26.81 -2.64991 0)
(26.806 -2.63202 0)
(26.7999 -2.61478 0)
(26.7918 -2.59819 0)
(26.7821 -2.58226 0)
(26.771 -2.56699 1.56801e-17)
(26.7586 -2.55234 0)
(26.7452 -2.5383 -3.62393e-19)
(26.731 -2.52484 0)
(26.7162 -2.51193 0)
(26.701 -2.49956 0)
(26.6857 -2.48768 0)
(26.6702 -2.47628 0)
(26.6549 -2.46533 0)
(26.6398 -2.45481 -1.40235e-19)
(26.625 -2.44469 2.92005e-17)
(26.6107 -2.43496 -2.66288e-17)
(26.5967 -2.42559 0)
(26.5833 -2.41656 0)
(26.5704 -2.40788 -2.70831e-19)
(26.558 -2.39954 0)
(26.5461 -2.39153 -3.10122e-17)
(26.5346 -2.38382 0)
(26.5236 -2.37637 2.37302e-17)
(26.5131 -2.36915 0)
(26.5031 -2.36213 0)
(26.4936 -2.35531 0)
(26.4844 -2.34866 0)
(26.4757 -2.34221 0)
(26.4673 -2.33593 3.08624e-17)
(26.459 -2.32983 1.23905e-17)
(26.4507 -2.32376 0)
(26.4421 -2.31779 0)
(26.4347 -2.31285 0)
(26.4304 -2.30864 -2.79811e-19)
(26.4253 -2.30428 0)
(26.4195 -2.29945 -4.47665e-18)
(26.4133 -2.29338 0)
(26.4065 -2.28841 6.66643e-19)
(26.3999 -2.28051 -1.38299e-17)
(26.3916 -2.2807 0)
(26.383 -2.26693 0)
(26.3697 -2.28143 0)
(26.3571 -2.24471 0)
(26.3536 -2.29815 3.38321e-18)
(26.367 -2.20643 0)
(25.1029 -3.22022 -1.34809e-19)
(25.0989 -3.21242 5.92514e-19)
(25.1019 -3.20665 0)
(25.107 -3.20494 -5.55236e-19)
(25.1072 -3.2061 0)
(25.1022 -3.20721 2.90548e-19)
(25.1063 -3.20737 0)
(25.1361 -3.20735 0)
(25.1825 -3.20698 0)
(25.2064 -3.2048 0)
(25.1616 -3.19935 5.47424e-19)
(25.0171 -3.18991 -5.37246e-19)
(24.7629 -3.17634 0)
(24.4069 -3.15902 0)
(23.9688 -3.13894 -1.14614e-18)
(23.4746 -3.11767 -5.52733e-19)
(22.9528 -3.0974 0)
(22.4311 -3.08063 0)
(21.9349 -3.06998 8.65026e-19)
(21.4844 -3.06769 0)
(21.0926 -3.07525 0)
(20.7633 -3.09277 1.28149e-18)
(20.4916 -3.11857 -1.29834e-18)
(20.2668 -3.14895 0)
(20.0815 -3.17853 0)
(19.9423 -3.20139 0)
(19.8794 -3.21285 0)
(19.9478 -3.21134 0)
(20.2142 -3.19954 0)
(20.7347 -3.18396 -2.32572e-18)
(21.5326 -3.17292 0)
(22.5831 -3.1736 -4.83533e-18)
(23.8071 -3.1898 -4.08508e-18)
(25.066 -3.21948 0)
(26.1648 -3.25096 0)
(26.8967 -3.26278 0)
(27.1734 -3.23815 0)
(27.129 -3.18267 0)
(27 -3.11774 0)
(26.9208 -3.05807 0)
(26.8959 -3.00513 0)
(26.8903 -2.9555 5.06034e-18)
(26.8847 -2.90716 -2.2164e-18)
(26.8768 -2.85993 0)
(26.8685 -2.81413 -7.28496e-18)
(26.8606 -2.76993 0)
(26.8528 -2.72735 0)
(26.8448 -2.68641 0)
(26.8363 -2.64714 -3.84246e-18)
(26.8273 -2.60955 0)
(26.8175 -2.57367 -1.72186e-19)
(26.807 -2.53952 0)
(26.7958 -2.5071 -4.45475e-18)
(26.7839 -2.47647 0)
(26.7714 -2.44762 2.99336e-18)
(26.7584 -2.42054 0)
(26.7449 -2.39519 0)
(26.7311 -2.3716 -2.70175e-18)
(26.717 -2.34976 4.26454e-19)
(26.7027 -2.32963 0)
(26.6883 -2.3111 0)
(26.6737 -2.29405 -6.55352e-19)
(26.659 -2.27843 1.41332e-18)
(26.6443 -2.26411 1.54409e-18)
(26.6295 -2.2513 -2.15276e-18)
(26.6147 -2.23949 0)
(26.5997 -2.22939 -1.8608e-18)
(26.5879 -2.22087 1.30181e-18)
(26.5777 -2.21511 0)
(26.5665 -2.208 0)
(26.5541 -2.20398 0)
(26.5414 -2.19549 0)
(26.5284 -2.19663 -3.70909e-19)
(26.5165 -2.18318 0)
(26.5041 -2.19576 0)
(26.4952 -2.16506 0)
(26.4822 -2.2059 0)
(26.4795 -2.13279 1.73381e-17)
(26.4572 -2.23771 0)
(26.5004 -2.07026 0)
(25.0877 -3.23033 5.0825e-19)
(25.1037 -3.22806 8.61376e-20)
(25.125 -3.2267 -1.56404e-19)
(25.1529 -3.22424 -1.39035e-18)
(25.187 -3.22114 0)
(25.2272 -3.21719 0)
(25.2731 -3.21233 -1.37933e-18)
(25.3247 -3.20648 1.37389e-18)
(25.3815 -3.19955 -1.65072e-19)
(25.443 -3.19148 1.47753e-19)
(25.5087 -3.18219 0)
(25.5778 -3.17164 0)
(25.6498 -3.15978 0)
(25.7237 -3.1466 -2.62848e-18)
(25.7987 -3.1321 0)
(25.8739 -3.11631 0)
(25.9485 -3.09928 -1.56969e-19)
(26.0216 -3.08108 0)
(26.0926 -3.06182 0)
(26.1607 -3.0416 0)
(26.2254 -3.02056 0)
(26.2863 -2.99883 9.05895e-18)
(26.3429 -2.97657 -8.80743e-18)
(26.3951 -2.9539 2.15722e-19)
(26.4426 -2.93098 0)
(26.4856 -2.90792 -7.79734e-18)
(26.5239 -2.88484 -1.73807e-19)
(26.5577 -2.86184 -7.23693e-18)
(26.5871 -2.83902 0)
(26.6123 -2.81645 0)
(26.6335 -2.7942 1.27326e-17)
(26.651 -2.77232 2.21151e-19)
(26.665 -2.75087 1.17632e-17)
(26.6756 -2.7299 -1.09819e-17)
(26.6833 -2.70943 0)
(26.6881 -2.6895 0)
(26.6904 -2.67014 0)
(26.6904 -2.65137 0)
(26.6882 -2.6332 0)
(26.6842 -2.61563 -1.54253e-17)
(26.6785 -2.59867 0)
(26.6713 -2.58231 -2.48548e-19)
(26.663 -2.56653 0)
(26.6536 -2.55133 0)
(26.6435 -2.53669 0)
(26.6327 -2.52259 0)
(26.6216 -2.50902 0)
(26.6102 -2.49597 0)
(26.5987 -2.48343 3.81763e-19)
(26.5873 -2.47138 -2.89141e-17)
(26.5759 -2.45981 2.63814e-17)
(26.5648 -2.44867 0)
(26.5539 -2.43797 0)
(26.5433 -2.42768 -1.9458e-17)
(26.5331 -2.41779 0)
(26.5231 -2.4083 3.07941e-17)
(26.5134 -2.39917 -2.52456e-17)
(26.5041 -2.39038 -1.84577e-18)
(26.4951 -2.3819 0)
(26.4865 -2.37372 -1.54604e-17)
(26.4783 -2.36577 2.53757e-17)
(26.4704 -2.35806 0)
(26.4628 -2.3506 0)
(26.4554 -2.34336 -2.72728e-18)
(26.4481 -2.33634 0)
(26.4406 -2.32937 0)
(26.4328 -2.32259 0)
(26.4261 -2.31694 0)
(26.4225 -2.31221 2.78585e-19)
(26.4181 -2.3073 2.85484e-18)
(26.413 -2.30197 0)
(26.4075 -2.29547 0)
(26.4014 -2.28989 6.05464e-19)
(26.3954 -2.28156 -1.71533e-19)
(26.3874 -2.28084 0)
(26.3793 -2.2671 -2.74263e-17)
(26.3657 -2.28055 0)
(26.3544 -2.24471 0)
(26.351 -2.29728 -3.37736e-18)
(26.3672 -2.20711 0)
(25.0803 -3.22633 -1.03136e-19)
(25.083 -3.21931 1.08841e-19)
(25.0898 -3.21179 0)
(25.1004 -3.20729 5.37959e-19)
(25.1095 -3.20646 0)
(25.1098 -3.20699 2.51681e-19)
(25.105 -3.20766 0)
(25.1168 -3.20899 0)
(25.1645 -3.2109 -1.17188e-18)
(25.2322 -3.2117 0)
(25.2695 -3.20943 -1.50925e-18)
(25.223 -3.20289 1.3799e-18)
(25.0598 -3.19143 1.72374e-18)
(24.772 -3.17472 0)
(24.3708 -3.15304 1.13585e-18)
(23.8788 -3.12736 -4.35135e-19)
(23.3245 -3.0994 -1.49434e-18)
(22.7381 -3.07134 0)
(22.1493 -3.04561 -2.93341e-18)
(21.5856 -3.02458 0)
(21.0718 -3.01038 0)
(20.6275 -3.0045 9.99928e-19)
(20.2664 -3.00732 4.76228e-18)
(19.9955 -3.01762 0)
(19.817 -3.03229 0)
(19.7347 -3.04686 0)
(19.7606 -3.05662 0)
(19.9203 -3.05837 0)
(20.25 -3.05168 0)
(20.785 -3.03951 -1.73348e-18)
(21.5453 -3.02737 0)
(22.5205 -3.02152 4.86436e-18)
(23.6607 -3.02695 -3.00609e-18)
(24.8681 -3.04553 0)
(25.9917 -3.07285 0)
(26.8439 -3.09486 0)
(27.2854 -3.09344 0)
(27.3527 -3.06269 0)
(27.2438 -3.01481 0)
(27.1353 -2.96547 0)
(27.0794 -2.92076 0)
(27.0549 -2.87942 4.42928e-18)
(27.0373 -2.83931 2.19737e-18)
(27.0189 -2.79976 0)
(26.9999 -2.76091 -6.7384e-18)
(26.9815 -2.72298 0)
(26.9638 -2.68606 0)
(26.9464 -2.65019 0)
(26.929 -2.61544 -4.69796e-18)
(26.9117 -2.58186 0)
(26.8941 -2.54949 -6.38306e-18)
(26.8763 -2.51838 0)
(26.8582 -2.48858 -7.05349e-20)
(26.8399 -2.46015 -3.75393e-18)
(26.8214 -2.43313 -3.09964e-18)
(26.8027 -2.40755 0)
(26.784 -2.38345 0)
(26.7653 -2.36089 -3.05958e-18)
(26.7469 -2.33991 -3.13334e-18)
(26.7286 -2.32046 0)
(26.7105 -2.30251 0)
(26.6927 -2.28592 6.51913e-19)
(26.6752 -2.27072 6.50493e-19)
(26.658 -2.25675 -3.23689e-18)
(26.6411 -2.24422 0)
(26.6245 -2.23261 0)
(26.608 -2.22273 4.20314e-19)
(26.5951 -2.21431 -1.29542e-18)
(26.584 -2.20869 0)
(26.572 -2.20172 0)
(26.5591 -2.19789 0)
(26.5457 -2.18952 0)
(26.5321 -2.19094 -6.19395e-19)
(26.5194 -2.17769 0)
(26.5066 -2.19087 0)
(26.4966 -2.16035 0)
(26.4839 -2.20203 0)
(26.4796 -2.12843 -1.73043e-17)
(26.4586 -2.23511 0)
(26.4997 -2.06506 0)
(25.0905 -3.1842 -7.80635e-19)
(25.0919 -3.18355 4.21083e-20)
(25.0988 -3.18342 -7.10104e-20)
(25.1116 -3.18261 -5.89191e-20)
(25.1302 -3.18135 -1.40523e-18)
(25.1545 -3.17955 0)
(25.1844 -3.17709 1.34958e-18)
(25.2199 -3.17393 -1.3443e-18)
(25.2606 -3.16998 -2.85744e-20)
(25.3065 -3.16516 1.67527e-20)
(25.3571 -3.15941 0)
(25.4119 -3.15265 0)
(25.4705 -3.14483 0)
(25.5324 -3.13587 2.57204e-18)
(25.5967 -3.12573 0)
(25.6629 -3.1144 0)
(25.7301 -3.10184 3.0793e-20)
(25.7978 -3.08808 0)
(25.8651 -3.07314 0)
(25.9313 -3.05706 0)
(25.9958 -3.03991 0)
(26.0581 -3.02177 -1.55747e-21)
(26.1176 -3.00275 -1.47022e-20)
(26.174 -2.98296 -8.3615e-18)
(26.2269 -2.96251 0)
(26.2761 -2.94153 7.87399e-18)
(26.3215 -2.92016 7.53383e-18)
(26.363 -2.8985 7.31832e-18)
(26.4005 -2.87668 0)
(26.4341 -2.85479 0)
(26.464 -2.83295 0)
(26.4901 -2.81125 -1.21309e-17)
(26.5128 -2.78976 -2.32283e-17)
(26.532 -2.76855 0)
(26.5481 -2.74769 0)
(26.5611 -2.72722 0)
(26.5714 -2.70719 0)
(26.579 -2.68763 0)
(26.5843 -2.66856 0)
(26.5873 -2.65 -1.54137e-17)
(26.5883 -2.63195 1.43811e-17)
(26.5876 -2.61441 8.41892e-20)
(26.5853 -2.59739 0)
(26.5816 -2.58089 0)
(26.5768 -2.56489 -2.12128e-17)
(26.5711 -2.54941 1.95105e-17)
(26.5646 -2.53444 1.78817e-17)
(26.5576 -2.51999 0)
(26.5501 -2.50606 1.17163e-18)
(26.5424 -2.49265 0)
(26.5346 -2.47975 0)
(26.5267 -2.46732 0)
(26.5188 -2.45535 0)
(26.5109 -2.44383 0)
(26.5032 -2.43273 0)
(26.4956 -2.42205 0)
(26.4882 -2.41177 2.87403e-18)
(26.4809 -2.40188 -2.78205e-18)
(26.4738 -2.39236 0)
(26.4669 -2.38316 1.53722e-17)
(26.4603 -2.37426 -2.52381e-17)
(26.454 -2.36565 1.59183e-17)
(26.4478 -2.35733 0)
(26.4417 -2.34927 -3.43765e-18)
(26.4356 -2.34144 4.97386e-18)
(26.4292 -2.33371 0)
(26.4224 -2.32624 0)
(26.4166 -2.31994 0)
(26.4137 -2.31475 3.27583e-18)
(26.41 -2.30936 -2.84304e-18)
(26.4058 -2.30358 0)
(26.4011 -2.29675 0)
(26.3958 -2.29067 -1.21976e-17)
(26.3905 -2.28213 2.79436e-17)
(26.383 -2.2806 0)
(26.3755 -2.26703 3.24585e-19)
(26.3616 -2.27933 0)
(26.3518 -2.2445 0)
(26.3483 -2.29605 0)
(26.3677 -2.20769 0)
(25.0969 -3.17942 -5.68951e-20)
(25.1059 -3.17478 6.32963e-20)
(25.1157 -3.1684 0)
(25.1284 -3.16485 -7.14608e-19)
(25.1438 -3.16594 0)
(25.1544 -3.16929 1.68223e-19)
(25.1524 -3.17249 0)
(25.1457 -3.17475 0)
(25.1631 -3.17592 -1.82692e-19)
(25.2268 -3.17537 0)
(25.3134 -3.17251 2.41101e-18)
(25.3601 -3.16705 -2.21564e-18)
(25.3053 -3.15821 -1.76861e-18)
(25.1156 -3.14461 0)
(24.7871 -3.12518 -1.83997e-18)
(24.3362 -3.09989 -2.67232e-19)
(23.7898 -3.06979 -2.7196e-19)
(23.1795 -3.03663 0)
(22.5375 -3.00242 2.87168e-18)
(21.8956 -2.96929 0)
(21.2845 -2.93926 0)
(20.734 -2.91424 -2.86538e-18)
(20.2718 -2.89568 -6.37306e-18)
(19.9214 -2.88413 0)
(19.7 -2.87877 0)
(19.6177 -2.87732 6.69905e-18)
(19.6812 -2.87665 0)
(19.8982 -2.8739 0)
(20.2809 -2.86764 -5.91487e-18)
(20.8432 -2.85865 1.01219e-17)
(21.5927 -2.84983 0)
(22.5204 -2.84542 -1.02048e-17)
(23.5917 -2.84946 7.68074e-18)
(24.7365 -2.8646 -9.30384e-18)
(25.841 -2.88992 -8.92995e-18)
(26.7493 -2.91744 0)
(27.3113 -2.93225 0)
(27.4941 -2.92298 0)
(27.4347 -2.89296 0)
(27.3183 -2.85512 0)
(27.2384 -2.81864 -1.22215e-17)
(27.1962 -2.78512 3.74985e-18)
(27.1684 -2.75308 -9.7376e-18)
(27.1422 -2.72146 0)
(27.1154 -2.69009 9.15991e-18)
(27.0891 -2.6591 0)
(27.0635 -2.62858 0)
(27.0385 -2.59863 0)
(27.0139 -2.5693 -3.99941e-18)
(26.9896 -2.54066 0)
(26.9654 -2.51275 6.50313e-18)
(26.9413 -2.48565 -1.07248e-17)
(26.9173 -2.4594 0)
(26.8933 -2.4341 3.72658e-18)
(26.8694 -2.40984 3.07767e-18)
(26.8457 -2.38666 0)
(26.8222 -2.36468 8.25739e-18)
(26.7991 -2.34396 3.34616e-18)
(26.7765 -2.32454 -2.49551e-18)
(26.7544 -2.30645 0)
(26.7329 -2.28966 0)
(26.712 -2.27411 -2.1999e-18)
(26.6917 -2.25983 1.12091e-18)
(26.672 -2.24665 -5.86922e-19)
(26.653 -2.23481 0)
(26.6345 -2.22377 0)
(26.6164 -2.21442 1.70123e-19)
(26.6022 -2.20637 0)
(26.5903 -2.2011 0)
(26.5776 -2.19443 0)
(26.564 -2.19091 0)
(26.5498 -2.18279 0)
(26.5357 -2.18453 -7.39292e-19)
(26.5222 -2.17159 0)
(26.5092 -2.18528 0)
(26.4979 -2.15514 0)
(26.4857 -2.19752 0)
(26.4793 -2.12376 -1.62938e-17)
(26.4602 -2.23213 0)
(26.4983 -2.0596 6.73514e-17)
(25.1356 -3.09542 4.60652e-19)
(25.1233 -3.09467 -4.8489e-19)
(25.1161 -3.09453 9.63237e-19)
(25.1144 -3.09407 9.57112e-19)
(25.1181 -3.09347 9.51332e-19)
(25.1271 -3.09266 -9.47304e-19)
(25.1415 -3.09157 0)
(25.1613 -3.09013 0)
(25.1863 -3.0883 1.86072e-18)
(25.2165 -3.08599 -3.63086e-18)
(25.2516 -3.08313 0)
(25.2915 -3.07965 0)
(25.3357 -3.07547 0)
(25.3839 -3.07053 0)
(25.4356 -3.06476 0)
(25.4904 -3.0581 0)
(25.5476 -3.0505 6.73196e-18)
(25.6066 -3.04191 3.17383e-18)
(25.6669 -3.03232 0)
(25.7278 -3.0217 0)
(25.7886 -3.01007 0)
(25.8488 -2.99741 -3.56359e-18)
(25.9078 -2.98379 1.22317e-17)
(25.9651 -2.96923 5.70608e-18)
(26.0203 -2.95378 5.57843e-18)
(26.073 -2.93753 -5.96082e-18)
(26.1229 -2.92056 0)
(26.1698 -2.90294 -5.61809e-18)
(26.2134 -2.88477 4.99402e-18)
(26.2537 -2.86615 0)
(26.2906 -2.84718 9.31399e-18)
(26.3241 -2.82795 0)
(26.3543 -2.80856 1.78981e-17)
(26.3812 -2.78908 -8.21398e-18)
(26.4049 -2.76962 0)
(26.4256 -2.75024 0)
(26.4433 -2.73102 1.4102e-17)
(26.4582 -2.712 1.33191e-17)
(26.4705 -2.69325 0)
(26.4803 -2.6748 2.47108e-17)
(26.488 -2.65668 -1.21662e-17)
(26.4935 -2.6389 3.30655e-17)
(26.4972 -2.6215 0)
(26.4993 -2.60448 -1.76196e-17)
(26.4999 -2.58788 2.2331e-18)
(26.4993 -2.57169 -1.70981e-17)
(26.4977 -2.55595 -1.57752e-17)
(26.4951 -2.54067 -1.23425e-17)
(26.492 -2.52587 2.65332e-17)
(26.4882 -2.51155 0)
(26.4841 -2.4977 0)
(26.4798 -2.4843 -1.57774e-17)
(26.4752 -2.47135 0)
(26.4705 -2.45882 1.20195e-17)
(26.4657 -2.4467 -1.03214e-17)
(26.4609 -2.43499 0)
(26.4561 -2.4237 2.0721e-17)
(26.4513 -2.41279 -5.68507e-18)
(26.4466 -2.40226 0)
(26.442 -2.39208 0)
(26.4375 -2.38223 -5.46392e-18)
(26.4332 -2.37272 -1.5173e-17)
(26.4289 -2.36351 0)
(26.4246 -2.35459 -7.8026e-18)
(26.4202 -2.34594 -4.79154e-18)
(26.4154 -2.33742 0)
(26.41 -2.32921 0)
(26.4054 -2.3223 0)
(26.4036 -2.31664 -9.0238e-18)
(26.401 -2.31077 0)
(26.3977 -2.30458 0)
(26.3941 -2.2975 -1.32624e-17)
(26.3898 -2.291 0)
(26.3854 -2.28232 -1.38118e-17)
(26.3785 -2.27988 -2.61463e-17)
(26.3715 -2.26656 2.67748e-17)
(26.3575 -2.2775 0)
(26.3491 -2.24395 0)
(26.3459 -2.29441 -2.19979e-18)
(26.3683 -2.20819 4.03428e-17)
(25.1557 -3.09083 -3.34594e-20)
(25.1726 -3.08984 -4.88178e-19)
(25.1875 -3.08582 5.26868e-19)
(25.2024 -3.08372 4.81197e-19)
(25.2191 -3.08674 0)
(25.2367 -3.09288 -9.62757e-19)
(25.2483 -3.09856 0)
(25.2476 -3.10107 0)
(25.2419 -3.09915 -9.88248e-20)
(25.2566 -3.09292 0)
(25.3153 -3.08377 -8.03401e-19)
(25.4027 -3.07408 3.46584e-18)
(25.4594 -3.06516 -1.66748e-18)
(25.4183 -3.05545 0)
(25.2384 -3.04173 2.78676e-18)
(24.9106 -3.02159 1.2659e-18)
(24.4497 -2.99454 1.22565e-18)
(23.8836 -2.9616 0)
(23.2454 -2.92451 0)
(22.5695 -2.88517 0)
(21.8909 -2.84546 0)
(21.2449 -2.80723 0)
(20.6683 -2.7723 -3.83902e-19)
(20.1982 -2.74223 0)
(19.8685 -2.7179 5.78719e-18)
(19.7048 -2.69914 -4.86702e-18)
(19.7209 -2.68479 0)
(19.9199 -2.67326 0)
(20.2991 -2.6633 9.73156e-18)
(20.8536 -2.65475 9.22229e-19)
(21.5754 -2.64875 0)
(22.4493 -2.64761 -1.8908e-18)
(23.4467 -2.65389 9.45234e-18)
(24.5169 -2.6696 7.27722e-18)
(25.5789 -2.69481 7.05238e-18)
(26.5157 -2.72545 -8.95284e-18)
(27.1932 -2.75137 0)
(27.531 -2.76079 0)
(27.5815 -2.74989 0)
(27.4963 -2.72588 0)
(27.4015 -2.69851 2.52565e-17)
(27.3381 -2.67254 -9.41272e-18)
(27.2966 -2.64819 8.42847e-18)
(27.2621 -2.62447 -2.25316e-17)
(27.2284 -2.60085 2.03182e-17)
(27.195 -2.57731 -1.82232e-17)
(27.1623 -2.55387 0)
(27.1303 -2.5306 1.43993e-17)
(27.0988 -2.50759 7.75355e-18)
(27.0679 -2.48484 1.1083e-17)
(27.0373 -2.46244 0)
(27.0071 -2.44042 9.75151e-18)
(26.9772 -2.41883 0)
(26.9477 -2.39779 0)
(26.9184 -2.37739 0)
(26.8897 -2.35772 0)
(26.8614 -2.33887 -7.6851e-18)
(26.8339 -2.32094 -1.08955e-17)
(26.8071 -2.30399 -3.7634e-18)
(26.7812 -2.28808 0)
(26.7561 -2.27324 0)
(26.732 -2.25945 5.87005e-18)
(26.7087 -2.24674 -2.85453e-19)
(26.6865 -2.23497 6.05843e-18)
(26.6652 -2.22436 2.74751e-18)
(26.6448 -2.21437 -2.03558e-18)
(26.6251 -2.20596 1.21258e-18)
(26.6096 -2.1985 0)
(26.5968 -2.19375 -2.14132e-18)
(26.5833 -2.18753 0)
(26.5691 -2.18428 0)
(26.5543 -2.17646 2.63435e-18)
(26.5398 -2.17827 3.64204e-18)
(26.5255 -2.16572 0)
(26.5124 -2.17957 0)
(26.4996 -2.15022 0)
(26.4879 -2.19286 -2.65542e-18)
(26.4792 -2.11978 1.61106e-17)
(26.4618 -2.22917 3.02264e-18)
(26.4971 -2.05472 -6.68558e-17)
(25.2596 -2.97831 -6.26907e-19)
(25.2324 -2.97659 -5.59017e-19)
(25.2096 -2.97611 0)
(25.1919 -2.97538 -5.34521e-19)
(25.1792 -2.97464 0)
(25.1715 -2.97392 1.96419e-18)
(25.169 -2.97314 9.94066e-19)
(25.1717 -2.97229 9.69114e-19)
(25.1794 -2.97136 0)
(25.1923 -2.97028 2.69401e-18)
(25.2101 -2.96899 -1.79078e-18)
(25.2328 -2.96743 1.7431e-18)
(25.2603 -2.96558 1.69636e-18)
(25.2922 -2.96335 1.65047e-18)
(25.3282 -2.96068 0)
(25.3682 -2.95751 0)
(25.4115 -2.95375 -3.20056e-18)
(25.4578 -2.94936 -1.95845e-19)
(25.5067 -2.94429 2.87516e-18)
(25.5575 -2.93848 0)
(25.6097 -2.93188 -2.71808e-18)
(25.6629 -2.92445 -2.94401e-18)
(25.7164 -2.91619 -5.773e-18)
(25.7698 -2.90705 -1.06322e-17)
(25.8225 -2.89705 -1.03533e-17)
(25.8741 -2.8862 0)
(25.9243 -2.87451 0)
(25.9726 -2.86202 0)
(26.0188 -2.84877 -4.93627e-18)
(26.0626 -2.83481 -8.12228e-18)
(26.1038 -2.82023 -9.20026e-18)
(26.1424 -2.80506 0)
(26.1781 -2.78942 -1.3433e-18)
(26.211 -2.77334 1.30931e-18)
(26.2411 -2.75695 0)
(26.2683 -2.7403 0)
(26.2928 -2.72351 -1.39172e-17)
(26.3145 -2.70662 -2.32798e-18)
(26.3337 -2.68976 0)
(26.3504 -2.67295 -1.16139e-17)
(26.3647 -2.65629 -8.74204e-18)
(26.3769 -2.63977 -2.05503e-18)
(26.387 -2.62351 0)
(26.3954 -2.60749 1.74019e-17)
(26.402 -2.59178 2.83351e-17)
(26.4072 -2.57637 0)
(26.4112 -2.56133 0)
(26.414 -2.54665 1.22034e-17)
(26.4159 -2.53236 0)
(26.417 -2.51845 0)
(26.4176 -2.50492 -1.17613e-17)
(26.4176 -2.49178 1.56228e-17)
(26.4173 -2.47896 0)
(26.4166 -2.4665 -4.97156e-18)
(26.4157 -2.45436 1.02324e-17)
(26.4145 -2.44255 0)
(26.4132 -2.43107 6.54273e-18)
(26.4117 -2.4199 -1.18667e-17)
(26.4102 -2.40905 0)
(26.4086 -2.39848 0)
(26.4071 -2.3882 5.43008e-18)
(26.4055 -2.3782 -8.20239e-19)
(26.4039 -2.36846 -3.31383e-18)
(26.4021 -2.35895 4.61735e-18)
(26.4 -2.34968 0)
(26.3973 -2.34051 0)
(26.3939 -2.33172 0)
(26.3911 -2.32427 0)
(26.3908 -2.31822 5.8256e-18)
(26.3895 -2.31188 -8.17922e-18)
(26.3876 -2.30528 -7.77183e-18)
(26.3853 -2.29788 2.81441e-17)
(26.3823 -2.29085 1.43864e-17)
(26.3789 -2.28202 -1.41833e-17)
(26.373 -2.27869 2.60988e-17)
(26.3667 -2.26579 -2.5486e-17)
(26.3532 -2.27546 0)
(26.3461 -2.2434 0)
(26.3439 -2.29275 2.19848e-18)
(26.3688 -2.20869 -4.02816e-17)
(25.2947 -2.97473 -5.8348e-20)
(25.321 -2.97781 -5.84513e-19)
(25.3439 -2.97693 -5.25098e-19)
(25.3641 -2.97647 0)
(25.3829 -2.9798 0)
(25.4021 -2.98527 0)
(25.4213 -2.98943 -1.15507e-18)
(25.4341 -2.9893 1.14382e-18)
(25.4329 -2.98307 1.04995e-18)
(25.4216 -2.97085 0)
(25.4235 -2.95494 -1.01029e-18)
(25.4681 -2.93921 -1.9454e-18)
(25.5563 -2.92747 -1.22228e-19)
(25.6366 -2.92035 0)
(25.633 -2.91395 -1.57901e-18)
(25.4893 -2.90295 1.58862e-18)
(25.186 -2.88408 0)
(24.7343 -2.85695 0)
(24.1625 -2.82303 -1.45379e-18)
(23.5065 -2.78432 0)
(22.8044 -2.74274 0)
(22.0956 -2.70008 0)
(21.4221 -2.65805 2.81727e-18)
(20.8296 -2.61843 3.07977e-18)
(20.3657 -2.58281 -5.78594e-18)
(20.0732 -2.55218 6.2208e-18)
(19.9806 -2.52677 -6.1419e-18)
(20.097 -2.50613 0)
(20.4148 -2.48956 -5.43181e-18)
(20.9177 -2.47666 -5.27049e-18)
(21.5851 -2.46776 0)
(22.3932 -2.46392 9.91726e-18)
(23.313 -2.46675 8.44888e-19)
(24.3043 -2.47766 0)
(25.3089 -2.49722 0)
(26.2429 -2.5238 8.95862e-18)
(26.997 -2.5516 9.87541e-18)
(27.473 -2.57134 -9.7694e-18)
(27.6549 -2.57598 0)
(27.6375 -2.56664 0)
(27.5509 -2.55038 -1.47519e-17)
(27.4723 -2.53317 0)
(27.4163 -2.51707 1.49373e-17)
(27.3729 -2.5017 2.24427e-17)
(27.3331 -2.4865 -2.02213e-17)
(27.2939 -2.47117 -4.50069e-18)
(27.2553 -2.45568 0)
(27.2173 -2.44001 -3.25409e-17)
(27.18 -2.42425 1.62084e-17)
(27.1433 -2.4084 3.30199e-18)
(27.1071 -2.39253 0)
(27.0715 -2.37666 2.1733e-17)
(27.0363 -2.36084 0)
(27.0017 -2.34519 1.59351e-17)
(26.9676 -2.32979 0)
(26.9342 -2.31475 0)
(26.9015 -2.30015 0)
(26.8696 -2.28611 1.08044e-17)
(26.8388 -2.27268 8.56155e-18)
(26.809 -2.25996 0)
(26.7804 -2.24803 0)
(26.753 -2.2369 -3.75314e-18)
(26.7268 -2.22661 1.45846e-18)
(26.7019 -2.21704 -3.85275e-18)
(26.6782 -2.20839 -2.72853e-18)
(26.6558 -2.20016 5.36459e-18)
(26.6344 -2.19332 -2.61236e-18)
(26.6176 -2.187 0)
(26.6038 -2.18315 2.12598e-18)
(26.5894 -2.17776 -3.03816e-18)
(26.5745 -2.17515 0)
(26.559 -2.16805 -2.61901e-18)
(26.544 -2.17028 0)
(26.5289 -2.15856 0)
(26.5153 -2.17285 0)
(26.5015 -2.14467 6.88616e-18)
(26.4897 -2.18772 2.64458e-18)
(26.4796 -2.1155 0)
(26.4626 -2.22611 -3.01191e-18)
(26.497 -2.04942 0)
(25.4412 -2.86727 5.7678e-19)
(25.402 -2.86869 5.57513e-19)
(25.3667 -2.87095 0)
(25.3357 -2.87235 7.02632e-21)
(25.3091 -2.87351 0)
(25.287 -2.87433 -2.01634e-18)
(25.2696 -2.87479 -1.96495e-18)
(25.2569 -2.875 -9.65434e-19)
(25.249 -2.87488 0)
(25.246 -2.87447 -9.15781e-19)
(25.2478 -2.87376 2.64931e-18)
(25.2545 -2.87275 -1.7349e-18)
(25.2658 -2.87145 -1.688e-18)
(25.2819 -2.86983 -3.21168e-18)
(25.3024 -2.8679 0)
(25.3272 -2.86562 1.46285e-18)
(25.3561 -2.86295 -1.41031e-18)
(25.3886 -2.85989 -4.29639e-18)
(25.4244 -2.85639 -2.8562e-18)
(25.4632 -2.85243 -2.51641e-18)
(25.5045 -2.84795 2.69848e-18)
(25.5479 -2.84292 2.32383e-18)
(25.5928 -2.83734 0)
(25.6388 -2.83112 2.80033e-18)
(25.6855 -2.82431 4.7898e-18)
(25.7323 -2.81685 3.9281e-18)
(25.7789 -2.80874 0)
(25.8249 -2.79999 0)
(25.8698 -2.79058 0)
(25.9134 -2.78055 1.13054e-17)
(25.9553 -2.76989 0)
(25.9954 -2.75864 0)
(26.0335 -2.74683 -7.06341e-18)
(26.0694 -2.7345 6.7271e-18)
(26.103 -2.72169 0)
(26.1342 -2.70845 0)
(26.1629 -2.69487 -4.32223e-18)
(26.1893 -2.681 -1.06969e-17)
(26.2132 -2.66692 0)
(26.2348 -2.65269 0)
(26.2542 -2.63841 1.48737e-17)
(26.2714 -2.62409 -2.33047e-18)
(26.2865 -2.60987 0)
(26.2997 -2.59573 0)
(26.3112 -2.58174 -1.21684e-17)
(26.3211 -2.56793 0)
(26.3295 -2.55434 0)
(26.3368 -2.541 0)
(26.3429 -2.5279 0)
(26.3482 -2.51507 0)
(26.3527 -2.50251 1.70493e-17)
(26.3566 -2.49021 0)
(26.3599 -2.47812 0)
(26.3628 -2.46629 -6.87988e-18)
(26.3653 -2.45468 7.75627e-19)
(26.3675 -2.44329 5.03724e-20)
(26.3694 -2.43214 -7.99993e-18)
(26.3711 -2.42121 -2.66119e-18)
(26.3726 -2.41052 0)
(26.3741 -2.40003 -4.29912e-18)
(26.3754 -2.38976 0)
(26.3767 -2.37969 8.15526e-19)
(26.3778 -2.36981 8.6061e-18)
(26.3786 -2.36011 -4.59395e-18)
(26.3789 -2.3506 -1.05023e-17)
(26.3784 -2.34117 -1.01592e-17)
(26.3772 -2.33215 0)
(26.3763 -2.32445 -5.87161e-18)
(26.3774 -2.31822 0)
(26.3776 -2.31163 -1.42604e-18)
(26.3772 -2.30481 7.74323e-18)
(26.3763 -2.29725 -1.48748e-17)
(26.3746 -2.28993 -1.43473e-17)
(26.3724 -2.28113 1.41507e-17)
(26.3676 -2.27719 0)
(26.3618 -2.26484 1.5082e-18)
(26.349 -2.27339 0)
(26.3432 -2.24281 0)
(26.3423 -2.29104 1.24947e-18)
(26.3694 -2.20923 0)
(25.4867 -2.8617 5.79831e-19)
(25.5179 -2.86439 1.15804e-18)
(25.5454 -2.86068 5.7366e-19)
(25.5705 -2.85431 0)
(25.5928 -2.84917 0)
(25.613 -2.84504 0)
(25.6327 -2.84009 1.15204e-18)
(25.6515 -2.83281 -2.23394e-18)
(25.6635 -2.82226 0)
(25.661 -2.80844 0)
(25.6459 -2.79257 0)
(25.6387 -2.77746 0)
(25.6707 -2.76655 1.05254e-18)
(25.7542 -2.762 -1.92059e-18)
(25.8495 -2.762 0)
(25.8762 -2.76085 -3.41643e-18)
(25.7639 -2.75279 0)
(25.4824 -2.73516 0)
(25.0387 -2.70848 1.48714e-18)
(24.462 -2.67475 0)
(23.7917 -2.63609 0)
(23.0703 -2.59439 0)
(22.343 -2.55134 0)
(21.6593 -2.50868 -3.03369e-18)
(21.0738 -2.46833 0)
(20.6428 -2.43202 -3.16506e-18)
(20.4121 -2.40096 6.17684e-18)
(20.4049 -2.37572 0)
(20.6189 -2.35614 0)
(21.0347 -2.34179 5.53601e-18)
(21.6249 -2.33238 0)
(22.359 -2.32804 5.1743e-18)
(23.2043 -2.32928 -1.06231e-17)
(24.1234 -2.33683 -9.77916e-18)
(25.0693 -2.35118 9.56827e-18)
(25.9779 -2.3719 0)
(26.7629 -2.39612 -5.09116e-19)
(27.3301 -2.41767 9.6557e-18)
(27.6277 -2.4296 -9.07304e-18)
(27.6962 -2.42945 0)
(27.6435 -2.42079 0)
(27.5645 -2.40921 0)
(27.4989 -2.39796 -2.83345e-20)
(27.448 -2.38765 0)
(27.4039 -2.37788 -1.2632e-17)
(27.3616 -2.36823 -6.15468e-19)
(27.3198 -2.35852 0)
(27.2785 -2.34866 1.81156e-17)
(27.2377 -2.33866 -1.60945e-17)
(27.1975 -2.32853 -2.93098e-17)
(27.1579 -2.31824 1.33345e-17)
(27.1188 -2.30785 -2.15645e-17)
(27.0803 -2.29736 2.022e-17)
(27.0424 -2.28683 -1.58071e-17)
(27.0051 -2.27634 1.47558e-17)
(26.9685 -2.26596 0)
(26.9327 -2.25576 0)
(26.8979 -2.24583 0)
(26.8641 -2.23623 0)
(26.8316 -2.22706 0)
(26.8003 -2.2184 0)
(26.7704 -2.21029 0)
(26.7419 -2.20279 -4.13922e-18)
(26.7149 -2.19578 0)
(26.6893 -2.18948 0)
(26.6653 -2.18336 -7.87122e-18)
(26.6425 -2.17849 2.59555e-18)
(26.6245 -2.17361 -2.15378e-18)
(26.6099 -2.17089 0)
(26.5948 -2.16661 -8.60695e-19)
(26.5792 -2.16488 0)
(26.5632 -2.15873 -3.96234e-18)
(26.5476 -2.16158 0)
(26.5319 -2.15084 0)
(26.5178 -2.1656 0)
(26.5034 -2.13861 -6.85526e-18)
(26.4912 -2.1821 0)
(26.4802 -2.11073 1.82054e-17)
(26.4632 -2.22283 1.96383e-18)
(26.4972 -2.04397 -3.2003e-17)
(25.6366 -2.73046 1.30387e-19)
(25.5908 -2.73147 0)
(25.5482 -2.73401 0)
(25.509 -2.73629 5.25941e-19)
(25.4732 -2.73898 0)
(25.4412 -2.74173 1.00118e-18)
(25.4131 -2.74445 9.75012e-19)
(25.3889 -2.74716 0)
(25.3689 -2.74966 0)
(25.3531 -2.75196 -6.70409e-19)
(25.3417 -2.75398 -8.66901e-19)
(25.3348 -2.75574 0)
(25.3323 -2.75717 0)
(25.3343 -2.75821 2.74041e-18)
(25.3407 -2.75897 1.12928e-18)
(25.3514 -2.75929 -1.46101e-18)
(25.3663 -2.75922 3.6253e-19)
(25.3853 -2.75874 1.3559e-18)
(25.408 -2.75781 0)
(25.4343 -2.75644 4.35341e-18)
(25.4637 -2.7546 0)
(25.496 -2.75226 -3.99913e-18)
(25.5307 -2.74942 -1.60607e-18)
(25.5674 -2.74604 2.12931e-18)
(25.6058 -2.74216 0)
(25.6454 -2.73773 -6.66172e-18)
(25.6857 -2.73275 0)
(25.7265 -2.72723 2.46627e-18)
(25.7672 -2.72118 0)
(25.8076 -2.71457 -1.05127e-18)
(25.8473 -2.70743 0)
(25.886 -2.69974 0)
(25.9235 -2.69153 0)
(25.9596 -2.68281 -3.3181e-18)
(25.994 -2.67358 3.0656e-18)
(26.0266 -2.66387 0)
(26.0573 -2.65373 6.85433e-18)
(26.086 -2.64318 0)
(26.1126 -2.63228 0)
(26.1372 -2.62108 0)
(26.1598 -2.60967 -6.16549e-18)
(26.1803 -2.59806 -2.73277e-18)
(26.1989 -2.58634 -2.43835e-18)
(26.2157 -2.57453 2.0331e-18)
(26.2307 -2.56271 -1.64482e-18)
(26.2441 -2.55088 0)
(26.2561 -2.53909 0)
(26.2668 -2.52737 1.20968e-18)
(26.2764 -2.51574 0)
(26.285 -2.50423 6.6601e-20)
(26.2928 -2.49283 -5.35046e-18)
(26.2998 -2.48156 -1.70333e-18)
(26.3063 -2.4704 0)
(26.3123 -2.45939 0)
(26.3178 -2.4485 -4.34228e-18)
(26.3229 -2.43774 -4.99872e-20)
(26.3277 -2.42715 1.49556e-18)
(26.3323 -2.41671 2.64261e-18)
(26.3367 -2.40644 0)
(26.3409 -2.39631 4.27181e-18)
(26.345 -2.38635 8.77567e-18)
(26.3488 -2.37653 0)
(26.3525 -2.36686 -1.33001e-17)
(26.3558 -2.35735 0)
(26.3584 -2.34798 -3.36972e-18)
(26.3601 -2.33868 1.01143e-17)
(26.361 -2.32983 0)
(26.3619 -2.32218 5.83916e-18)
(26.3646 -2.31607 5.74593e-18)
(26.3662 -2.30951 1.94642e-17)
(26.3672 -2.30276 0)
(26.3676 -2.29535 0)
(26.3673 -2.28802 0)
(26.3661 -2.2795 1.2466e-17)
(26.3624 -2.2752 0)
(26.3572 -2.26354 2.39003e-17)
(26.3451 -2.27109 0)
(26.3405 -2.24205 0)
(26.341 -2.28916 -1.24863e-18)
(26.3706 -2.20984 3.73717e-17)
(25.6867 -2.72961 -2.19992e-19)
(25.7177 -2.73648 -5.72311e-19)
(25.745 -2.73651 -1.26773e-19)
(25.7715 -2.73224 0)
(25.7968 -2.7264 -4.38595e-19)
(25.8197 -2.71886 0)
(25.8405 -2.70888 4.29306e-19)
(25.8607 -2.6967 6.61341e-19)
(25.8798 -2.68328 0)
(25.8928 -2.66983 0)
(25.8921 -2.65737 -8.18014e-19)
(25.8771 -2.64699 8.14242e-19)
(25.8648 -2.64 1.00104e-18)
(25.8865 -2.63775 2.78653e-18)
(25.9629 -2.64027 1.59604e-18)
(26.0673 -2.64441 1.83895e-18)
(26.1205 -2.6446 -1.44096e-18)
(26.039 -2.63608 0)
(25.7798 -2.61733 0)
(25.3445 -2.58944 0)
(24.7634 -2.55444 0)
(24.0798 -2.51434 2.41655e-18)
(23.3422 -2.47085 0)
(22.6028 -2.42578 -2.47354e-18)
(21.9197 -2.38115 0)
(21.3573 -2.33925 -3.00485e-18)
(20.9775 -2.30216 2.54649e-18)
(20.8234 -2.2714 0)
(20.9065 -2.24761 -4.89049e-18)
(21.2104 -2.23062 -5.59313e-18)
(21.7046 -2.21999 0)
(22.3537 -2.21539 -5.23019e-18)
(23.1215 -2.21657 0)
(23.9701 -2.2235 5.74772e-18)
(24.8566 -2.23605 -9.61172e-18)
(25.7282 -2.25385 0)
(26.5155 -2.27535 -1.61401e-18)
(27.1364 -2.29666 0)
(27.5253 -2.31216 1.5658e-18)
(27.6818 -2.31799 7.18182e-18)
(27.6802 -2.31496 0)
(27.6153 -2.30731 0)
(27.5463 -2.29881 -1.47225e-17)
(27.4896 -2.29104 0)
(27.4419 -2.28407 1.25464e-17)
(27.3977 -2.27755 2.29457e-17)
(27.3545 -2.27122 0)
(27.3117 -2.26497 0)
(27.2695 -2.25877 0)
(27.2277 -2.2526 1.49985e-17)
(27.1865 -2.24642 -1.32307e-17)
(27.1458 -2.24025 1.01894e-17)
(27.1057 -2.23406 -2.00594e-17)
(27.0663 -2.22786 0)
(27.0275 -2.22167 -1.46374e-17)
(26.9894 -2.21553 0)
(26.9521 -2.20945 9.38346e-18)
(26.9157 -2.20348 7.79031e-18)
(26.8804 -2.19764 0)
(26.8463 -2.19203 -5.18533e-18)
(26.8135 -2.18671 0)
(26.7821 -2.18172 0)
(26.7522 -2.17712 0)
(26.7239 -2.17282 0)
(26.6972 -2.16899 0)
(26.6721 -2.1652 4.52043e-18)
(26.6484 -2.16242 -4.29732e-18)
(26.6295 -2.15913 2.13686e-18)
(26.6143 -2.15767 0)
(26.5986 -2.15463 3.85132e-18)
(26.5826 -2.15394 0)
(26.5661 -2.14891 3.93827e-18)
(26.5502 -2.15245 4.30038e-18)
(26.5341 -2.1427 0)
(26.5197 -2.1579 0)
(26.5047 -2.13204 8.97051e-18)
(26.4924 -2.17597 0)
(26.4807 -2.10547 -3.71589e-17)
(26.4636 -2.21927 -1.95632e-18)
(26.497 -2.03849 3.18925e-17)
(25.82 -2.60322 2.85406e-19)
(25.7716 -2.60342 0)
(25.7259 -2.60453 -2.66576e-19)
(25.6828 -2.60573 -2.56435e-19)
(25.6425 -2.60764 0)
(25.605 -2.60998 2.36324e-19)
(25.5706 -2.61266 -2.26391e-19)
(25.5393 -2.61576 0)
(25.5114 -2.61904 0)
(25.4869 -2.62255 6.6723e-19)
(25.4661 -2.62613 3.76508e-19)
(25.449 -2.62978 -3.58346e-19)
(25.4359 -2.63341 3.4057e-19)
(25.4266 -2.63694 -1.48877e-18)
(25.4214 -2.64037 -5.11037e-19)
(25.4202 -2.64357 0)
(25.423 -2.64652 1.03988e-18)
(25.4297 -2.64921 0)
(25.4403 -2.65154 4.85417e-19)
(25.4545 -2.65351 -1.83335e-18)
(25.4722 -2.65508 0)
(25.4932 -2.6562 1.67348e-18)
(25.5171 -2.65682 1.59508e-18)
(25.5437 -2.6569 -6.9162e-19)
(25.5726 -2.6565 0)
(25.6035 -2.65552 2.73563e-18)
(25.6359 -2.65396 0)
(25.6696 -2.65184 -2.44609e-18)
(25.7042 -2.64913 -9.01958e-19)
(25.7392 -2.64583 -2.16779e-18)
(25.7744 -2.64197 0)
(25.8095 -2.6375 0)
(25.8441 -2.6325 -5.64923e-19)
(25.8781 -2.62695 3.28663e-18)
(25.911 -2.62083 -3.85806e-18)
(25.9429 -2.61421 6.74993e-19)
(25.9734 -2.60705 -3.08136e-18)
(26.0025 -2.59945 -3.94593e-19)
(26.03 -2.5914 -2.61522e-19)
(26.0558 -2.58295 0)
(26.08 -2.5742 0)
(26.1025 -2.56512 -2.83114e-18)
(26.1232 -2.5558 2.4141e-18)
(26.1423 -2.54625 -2.65829e-18)
(26.1599 -2.53654 7.89181e-19)
(26.176 -2.52667 1.01884e-18)
(26.1907 -2.51669 2.36256e-18)
(26.2041 -2.50662 -1.19835e-18)
(26.2165 -2.49649 0)
(26.2279 -2.48634 3.04984e-18)
(26.2385 -2.47618 0)
(26.2484 -2.46603 1.68878e-18)
(26.2576 -2.45589 0)
(26.2663 -2.44581 0)
(26.2745 -2.43579 1.06304e-17)
(26.2823 -2.42584 -7.00556e-18)
(26.2898 -2.416 0)
(26.297 -2.40626 -6.62696e-18)
(26.3039 -2.39666 0)
(26.3107 -2.38716 1.19886e-17)
(26.3173 -2.3778 -8.72279e-18)
(26.3236 -2.36854 0)
(26.3295 -2.35943 1.74144e-17)
(26.335 -2.35047 0)
(26.3398 -2.34163 1.37558e-17)
(26.3435 -2.33287 6.6332e-18)
(26.3463 -2.32456 0)
(26.3488 -2.31731 -6.44538e-18)
(26.3528 -2.31161 -5.71708e-18)
(26.3557 -2.30541 -7.17083e-19)
(26.358 -2.29907 -7.69039e-18)
(26.3596 -2.29209 -6.54073e-18)
(26.3605 -2.28504 -5.70176e-18)
(26.3605 -2.27703 -2.06986e-18)
(26.3576 -2.27261 9.10581e-18)
(26.3529 -2.26176 0)
(26.3415 -2.26847 0)
(26.3382 -2.24107 0)
(26.3403 -2.28707 9.4883e-20)
(26.3723 -2.21054 -3.73052e-17)
(25.8714 -2.60388 -7.64295e-20)
(25.9023 -2.61188 1.49806e-19)
(25.9294 -2.61356 -2.91091e-19)
(25.9563 -2.61123 -2.99392e-19)
(25.9833 -2.60714 4.36119e-19)
(26.0094 -2.60093 -2.94586e-19)
(26.0333 -2.5919 -4.2665e-19)
(26.0553 -2.58065 4.20697e-19)
(26.0766 -2.56876 0)
(26.097 -2.55806 0)
(26.1123 -2.55006 2.49303e-19)
(26.1149 -2.54542 -8.07648e-19)
(26.1026 -2.54399 0)
(26.0888 -2.54509 -8.07977e-19)
(26.1032 -2.54824 -1.04139e-18)
(26.1714 -2.55249 0)
(26.2794 -2.55535 2.65353e-18)
(26.3542 -2.55272 0)
(26.3027 -2.54144 0)
(26.0669 -2.52073 0)
(25.6406 -2.4915 0)
(25.0541 -2.45532 -1.59099e-18)
(24.3555 -2.41368 0)
(23.6004 -2.36831 2.42832e-18)
(22.85 -2.32118 0)
(22.173 -2.27482 0)
(21.6438 -2.23197 -4.25827e-18)
(21.3276 -2.195 0)
(21.2592 -2.16548 4.90737e-18)
(21.434 -2.1437 0)
(21.8201 -2.1293 0)
(22.3771 -2.1217 0)
(23.0643 -2.12052 0)
(23.8423 -2.12544 4.13012e-18)
(24.6695 -2.13608 0)
(25.499 -2.15177 0)
(26.2726 -2.17134 -7.60015e-18)
(26.9203 -2.19218 0)
(27.3753 -2.20996 7.27779e-18)
(27.6116 -2.2206 -7.07714e-18)
(27.67 -2.22302 0)
(27.6319 -2.2197 0)
(27.5668 -2.21422 0)
(27.5062 -2.20877 7.77811e-18)
(27.455 -2.20398 0)
(27.409 -2.19973 6.61621e-18)
(27.3649 -2.19579 0)
(27.3217 -2.19206 0)
(27.2789 -2.1885 0)
(27.2367 -2.1851 -9.00472e-18)
(27.1951 -2.18189 0)
(27.1541 -2.17883 -2.96353e-18)
(27.1138 -2.17593 0)
(27.0741 -2.17314 5.49221e-18)
(27.0352 -2.17044 0)
(26.997 -2.16783 8.16845e-18)
(26.9596 -2.16526 -9.30775e-18)
(26.923 -2.16274 -1.35948e-17)
(26.8875 -2.16027 4.90613e-18)
(26.853 -2.15788 1.06915e-18)
(26.8198 -2.15562 0)
(26.788 -2.15353 0)
(26.7576 -2.15166 -4.52344e-18)
(26.7287 -2.14992 0)
(26.7015 -2.1485 0)
(26.6759 -2.14691 0)
(26.6518 -2.14614 4.26886e-18)
(26.6324 -2.1444 0)
(26.6167 -2.14419 0)
(26.6007 -2.14241 0)
(26.5845 -2.1428 0)
(26.5678 -2.13893 0)
(26.5516 -2.14316 -4.27523e-18)
(26.5352 -2.1344 -4.90444e-18)
(26.5207 -2.14995 0)
(26.5054 -2.12516 -8.92756e-18)
(26.493 -2.16944 0)
(26.4806 -2.09988 1.89471e-17)
(26.4636 -2.21542 -1.20521e-18)
(26.4962 -2.03308 3.0506e-17)
(25.9882 -2.50793 1.07096e-19)
(25.9379 -2.51239 3.16652e-20)
(25.8901 -2.51615 2.91952e-19)
(25.8444 -2.51971 3.04096e-19)
(25.8009 -2.52339 4.48336e-20)
(25.7599 -2.52696 -2.33067e-19)
(25.7214 -2.53047 2.56193e-19)
(25.6855 -2.53403 2.72764e-20)
(25.6524 -2.53749 2.17346e-20)
(25.6222 -2.54094 3.26008e-20)
(25.5949 -2.54438 -3.70886e-19)
(25.5709 -2.54781 3.53019e-19)
(25.55 -2.55119 -3.35513e-19)
(25.5326 -2.55454 3.18472e-19)
(25.5186 -2.55784 -6.03643e-19)
(25.5082 -2.56101 2.42298e-20)
(25.5014 -2.56411 -6.41375e-20)
(25.4981 -2.56712 0)
(25.4985 -2.56999 -4.7883e-19)
(25.5025 -2.57265 1.05506e-19)
(25.5099 -2.57514 0)
(25.5207 -2.57738 0)
(25.5346 -2.57933 0)
(25.5515 -2.58094 6.83006e-19)
(25.5711 -2.58221 3.04845e-19)
(25.5932 -2.58306 0)
(25.6174 -2.58348 0)
(25.6434 -2.58345 -3.37854e-19)
(25.671 -2.58289 5.4609e-19)
(25.6998 -2.58182 7.03928e-19)
(25.7295 -2.5802 0)
(25.7597 -2.57803 7.22833e-19)
(25.7903 -2.57532 -1.70476e-19)
(25.8208 -2.57205 0)
(25.8511 -2.56819 8.13131e-19)
(25.8808 -2.56381 -6.6768e-19)
(25.9099 -2.55887 -9.61298e-19)
(25.938 -2.55342 3.90393e-19)
(25.9651 -2.5475 -1.23508e-18)
(25.991 -2.54112 1.49503e-18)
(26.0157 -2.53436 0)
(26.039 -2.52721 1.49103e-18)
(26.0609 -2.51975 0)
(26.0815 -2.51199 6.38839e-19)
(26.1007 -2.50398 8.31407e-19)
(26.1187 -2.49574 -1.00912e-18)
(26.1355 -2.4873 -5.21007e-18)
(26.1511 -2.4787 0)
(26.1658 -2.46995 0)
(26.1795 -2.46111 -3.08834e-18)
(26.1925 -2.4522 5.28174e-18)
(26.2047 -2.44322 5.11935e-18)
(26.2163 -2.43422 4.93773e-18)
(26.2274 -2.42524 4.73642e-18)
(26.2379 -2.41627 -1.15487e-17)
(26.248 -2.40737 -1.6086e-18)
(26.2578 -2.39854 8.06051e-18)
(26.2672 -2.3898 6.58106e-18)
(26.2764 -2.38117 0)
(26.2853 -2.37263 -1.19123e-17)
(26.294 -2.36419 0)
(26.3023 -2.35586 -1.04601e-17)
(26.3103 -2.34767 -9.3873e-18)
(26.3176 -2.33963 8.14519e-18)
(26.3241 -2.33171 0)
(26.3294 -2.32388 -1.26071e-17)
(26.3338 -2.3165 -5.0329e-18)
(26.3378 -2.30998 6.40809e-18)
(26.3428 -2.30501 -4.53543e-18)
(26.3467 -2.29942 -1.28177e-17)
(26.3501 -2.29379 1.66546e-18)
(26.3528 -2.28748 1.14633e-17)
(26.3547 -2.28097 1.45703e-18)
(26.3555 -2.27368 -6.51973e-18)
(26.3535 -2.26935 -1.58396e-17)
(26.349 -2.25946 0)
(26.3385 -2.26548 0)
(26.3365 -2.23987 0)
(26.3402 -2.28475 1.20717e-18)
(26.3747 -2.2114 0)
(26.0406 -2.50313 2.92798e-19)
(26.0712 -2.50565 -1.48706e-19)
(26.0975 -2.50193 -1.49279e-19)
(26.1239 -2.4943 2.97715e-19)
(26.1509 -2.48575 4.01532e-20)
(26.1781 -2.47649 2.12101e-19)
(26.2044 -2.46629 8.26005e-20)
(26.2288 -2.45555 -8.44225e-20)
(26.2513 -2.44527 0)
(26.273 -2.43676 0)
(26.2942 -2.43119 5.60492e-19)
(26.3113 -2.42914 0)
(26.3172 -2.43033 -2.09405e-19)
(26.3084 -2.43347 -2.19869e-19)
(26.2948 -2.43689 -8.03872e-19)
(26.3039 -2.43953 -2.34225e-19)
(26.3639 -2.4408 -9.04537e-19)
(26.471 -2.43976 0)
(26.563 -2.43423 0)
(26.5418 -2.42227 3.97261e-19)
(26.3335 -2.40283 0)
(25.9202 -2.37578 -1.21948e-18)
(25.3298 -2.34158 0)
(24.6149 -2.30129 3.51788e-19)
(23.8396 -2.25658 0)
(23.0763 -2.21 7.42472e-19)
(22.4065 -2.16467 1.71286e-18)
(21.9151 -2.1239 0)
(21.6689 -2.0905 0)
(21.6903 -2.0657 0)
(21.9554 -2.04919 0)
(22.4164 -2.03989 0)
(23.0237 -2.03687 0)
(23.7327 -2.03964 1.43407e-18)
(24.5019 -2.04789 0)
(25.2877 -2.06103 0)
(26.0393 -2.07822 0)
(26.6961 -2.09764 0)
(27.1959 -2.11616 0)
(27.4994 -2.1301 0)
(27.6199 -2.13741 0)
(27.6188 -2.13887 0)
(27.5662 -2.13724 -2.18713e-18)
(27.5056 -2.13485 -1.177e-17)
(27.4515 -2.13276 0)
(27.4037 -2.13111 -6.56124e-18)
(27.359 -2.12972 0)
(27.3155 -2.12853 0)
(27.2728 -2.12747 0)
(27.2308 -2.12658 6.53841e-18)
(27.1894 -2.12592 0)
(27.1488 -2.12549 -7.08213e-18)
(27.109 -2.12528 0)
(27.07 -2.12526 -2.35388e-18)
(27.0318 -2.12539 0)
(26.9944 -2.12563 -1.0518e-17)
(26.9577 -2.12593 4.24219e-18)
(26.9219 -2.12624 5.819e-18)
(26.887 -2.12655 -4.86672e-18)
(26.8531 -2.12685 1.22915e-18)
(26.8203 -2.12717 -2.44511e-18)
(26.7888 -2.12755 -2.1331e-18)
(26.7586 -2.12802 4.48942e-18)
(26.7299 -2.12849 0)
(26.7027 -2.12912 0)
(26.677 -2.12944 0)
(26.6528 -2.1304 2.40737e-18)
(26.6331 -2.13009 0)
(26.6172 -2.13097 0)
(26.6011 -2.13037 2.63361e-18)
(26.5848 -2.13179 0)
(26.568 -2.12901 0)
(26.5518 -2.13391 4.66169e-18)
(26.5353 -2.12609 9.75941e-18)
(26.5207 -2.1419 0)
(26.5051 -2.11813 0)
(26.4927 -2.16268 0)
(26.4799 -2.09408 0)
(26.4632 -2.21138 1.95319e-18)
(26.4946 -2.02791 -5.93629e-17)
(26.1233 -2.40787 1.20215e-19)
(26.0715 -2.41792 -3.13131e-20)
(26.0218 -2.42528 -1.15872e-19)
(25.9736 -2.43235 -5.02555e-20)
(25.9272 -2.43884 -1.33403e-19)
(25.8828 -2.44488 0)
(25.8406 -2.45055 -3.2562e-20)
(25.8007 -2.45589 -2.68973e-20)
(25.7632 -2.46094 -2.14233e-20)
(25.7283 -2.46578 -3.21338e-20)
(25.696 -2.47037 0)
(25.6666 -2.47481 0)
(25.6401 -2.47903 0)
(25.6165 -2.48307 0)
(25.5962 -2.48691 0)
(25.579 -2.49058 -2.38744e-20)
(25.5651 -2.49409 -2.93368e-19)
(25.5545 -2.49743 0)
(25.5474 -2.50061 0)
(25.5436 -2.50359 -1.03985e-19)
(25.5432 -2.50643 0)
(25.5461 -2.50906 -6.69889e-19)
(25.5522 -2.51148 0)
(25.5614 -2.51371 0)
(25.5736 -2.51566 -3.00613e-19)
(25.5885 -2.51734 -1.22663e-18)
(25.6059 -2.51873 0)
(25.6256 -2.51979 3.33366e-19)
(25.6472 -2.52045 3.408e-19)
(25.6707 -2.52073 -1.77471e-18)
(25.6956 -2.52054 0)
(25.7216 -2.51992 -7.1381e-19)
(25.7485 -2.5188 7.20089e-19)
(25.776 -2.51717 1.82962e-18)
(25.8038 -2.51499 0)
(25.8316 -2.5123 0)
(25.8593 -2.50906 3.05379e-18)
(25.8866 -2.50529 0)
(25.9133 -2.50102 1.47713e-18)
(25.9392 -2.49626 -1.47861e-18)
(25.9642 -2.49104 0)
(25.9883 -2.48543 -1.4752e-18)
(26.0112 -2.47942 0)
(26.0331 -2.47309 0)
(26.0538 -2.46647 4.12997e-18)
(26.0735 -2.45958 0)
(26.092 -2.45244 6.53027e-18)
(26.1096 -2.44514 3.48094e-18)
(26.1262 -2.43766 0)
(26.142 -2.43006 -3.08614e-18)
(26.1569 -2.42237 5.5994e-19)
(26.1712 -2.41462 -5.07531e-18)
(26.1848 -2.40685 1.73077e-19)
(26.1978 -2.39909 -4.69795e-18)
(26.2102 -2.39135 1.07057e-19)
(26.2222 -2.38369 8.49661e-18)
(26.2338 -2.37609 -8.001e-18)
(26.245 -2.36859 0)
(26.2559 -2.36118 0)
(26.2664 -2.35387 0)
(26.2767 -2.34666 -4.89768e-18)
(26.2865 -2.33953 1.47073e-17)
(26.2958 -2.33256 0)
(26.3044 -2.32573 -8.10143e-18)
(26.312 -2.31902 0)
(26.3185 -2.31244 5.97581e-18)
(26.3241 -2.3063 5.01035e-18)
(26.329 -2.3008 -1.90916e-18)
(26.3347 -2.29673 7.58349e-18)
(26.3394 -2.292 3.66894e-18)
(26.3435 -2.28722 5.96886e-18)
(26.3471 -2.28175 -4.92727e-18)
(26.3498 -2.27599 4.21407e-18)
(26.3513 -2.26956 -1.47583e-18)
(26.3498 -2.26551 8.86208e-18)
(26.3456 -2.25665 0)
(26.3358 -2.26218 0)
(26.3351 -2.23843 0)
(26.3408 -2.28218 -1.30088e-18)
(26.3778 -2.21248 0)
(26.1769 -2.39473 4.2282e-20)
(26.2064 -2.38718 0)
(26.2302 -2.37597 8.21532e-20)
(26.2534 -2.364 0)
(26.2774 -2.35451 -1.18927e-19)
(26.3027 -2.34777 8.09054e-20)
(26.3285 -2.34298 -9.80677e-21)
(26.3537 -2.33949 8.41217e-20)
(26.3775 -2.33685 0)
(26.3996 -2.33477 0)
(26.4212 -2.33322 0)
(26.4426 -2.3324 0)
(26.4612 -2.33248 2.08517e-19)
(26.4703 -2.33317 3.03538e-19)
(26.4655 -2.33337 7.21271e-20)
(26.4539 -2.33201 2.33607e-19)
(26.4595 -2.32872 -1.00357e-19)
(26.5118 -2.32416 0)
(26.6162 -2.31896 1.2122e-19)
(26.7232 -2.31252 -3.14177e-19)
(26.7346 -2.30293 0)
(26.5611 -2.28769 3.75277e-19)
(26.1688 -2.26467 1.55727e-19)
(25.5798 -2.23309 -2.21946e-19)
(24.8499 -2.19354 0)
(24.0524 -2.1483 -6.29888e-19)
(23.2726 -2.10072 8.74093e-20)
(22.6068 -2.05498 0)
(22.1518 -2.01538 0)
(21.9745 -1.98518 0)
(22.0838 -1.96536 8.66223e-20)
(22.4353 -1.95482 6.11236e-20)
(22.9654 -1.95163 0)
(23.6154 -1.95437 -1.43394e-18)
(24.3367 -1.96228 0)
(25.0856 -1.97477 0)
(25.8158 -1.99116 0)
(26.4739 -2.01005 0)
(27.0033 -2.02919 2.35343e-19)
(27.3601 -2.04554 0)
(27.5391 -2.05694 5.63321e-19)
(27.5815 -2.06308 0)
(27.5501 -2.06576 2.16428e-18)
(27.4952 -2.06706 4.60132e-18)
(27.4407 -2.06823 -5.64227e-19)
(27.3917 -2.06969 0)
(27.3466 -2.07132 0)
(27.3034 -2.07304 -1.00625e-18)
(27.2611 -2.07479 0)
(27.2195 -2.07659 2.36943e-18)
(27.1786 -2.0785 0)
(27.1386 -2.08056 0)
(27.0995 -2.08278 0)
(27.0613 -2.08516 -4.53049e-18)
(27.0239 -2.08765 0)
(26.9875 -2.0902 2.39688e-18)
(26.9519 -2.09278 -4.20648e-18)
(26.9171 -2.09534 0)
(26.8832 -2.09784 0)
(26.8501 -2.10028 4.81694e-18)
(26.8181 -2.10265 2.42556e-18)
(26.7872 -2.10498 3.40186e-19)
(26.7575 -2.1073 1.65898e-18)
(26.7292 -2.1095 0)
(26.7022 -2.11173 0)
(26.6767 -2.11354 -2.71251e-18)
(26.6526 -2.11589 -2.39057e-18)
(26.6327 -2.11672 0)
(26.6167 -2.11852 -1.44482e-18)
(26.6004 -2.1189 -2.61381e-18)
(26.5841 -2.12118 0)
(26.5672 -2.11943 -2.37793e-18)
(26.551 -2.12491 -4.63268e-18)
(26.5343 -2.11798 -3.45944e-19)
(26.5197 -2.13398 0)
(26.504 -2.11115 0)
(26.4917 -2.15588 2.10125e-18)
(26.4785 -2.08829 0)
(26.462 -2.20715 -7.49717e-19)
(26.4922 -2.02324 1.56421e-17)
(26.2616 -2.2886 -2.43541e-20)
(26.2114 -2.29787 6.18086e-20)
(26.1623 -2.30561 2.47583e-20)
(26.1139 -2.31332 0)
(26.0665 -2.32061 2.16022e-19)
(26.0204 -2.32747 0)
(25.9758 -2.33398 -1.28692e-19)
(25.9327 -2.34003 -1.2912e-19)
(25.8916 -2.34578 2.58553e-19)
(25.8525 -2.35128 2.586e-19)
(25.8156 -2.35646 0)
(25.781 -2.36148 0)
(25.749 -2.3663 0)
(25.7196 -2.37094 0)
(25.693 -2.37543 -2.52241e-19)
(25.6694 -2.37982 4.99726e-19)
(25.6488 -2.38406 3.54355e-19)
(25.6313 -2.38816 0)
(25.617 -2.39216 0)
(25.6059 -2.39606 0)
(25.5982 -2.39983 -4.63646e-19)
(25.5937 -2.40352 6.65314e-19)
(25.5925 -2.40709 0)
(25.5945 -2.4106 -8.66034e-19)
(25.5996 -2.41396 -8.42196e-19)
(25.6077 -2.41723 2.03475e-18)
(25.6187 -2.42037 -7.90406e-19)
(25.6322 -2.42336 0)
(25.6482 -2.42614 0)
(25.6664 -2.42871 2.47562e-18)
(25.6865 -2.43102 0)
(25.7083 -2.43305 0)
(25.7314 -2.43471 0)
(25.7558 -2.436 -1.81346e-18)
(25.7809 -2.43683 0)
(25.8067 -2.43722 -2.0133e-18)
(25.8328 -2.43707 3.1132e-19)
(25.8589 -2.43641 0)
(25.8849 -2.43517 0)
(25.9105 -2.43341 0)
(25.9356 -2.43106 0)
(25.9601 -2.42821 -2.54327e-18)
(25.9837 -2.42484 0)
(26.0064 -2.42103 0)
(26.0282 -2.41679 -6.04268e-18)
(26.049 -2.41217 -1.78114e-18)
(26.0688 -2.4072 -3.65425e-18)
(26.0876 -2.40195 -3.44904e-18)
(26.1056 -2.39644 2.68745e-18)
(26.1226 -2.39077 3.05857e-18)
(26.1388 -2.38493 -5.74416e-18)
(26.1543 -2.37899 -2.01159e-18)
(26.169 -2.37299 -3.20385e-18)
(26.1831 -2.36698 0)
(26.1965 -2.36095 7.31909e-18)
(26.2094 -2.35495 -2.68109e-18)
(26.2218 -2.34901 0)
(26.2339 -2.34311 0)
(26.2455 -2.33729 -1.90891e-18)
(26.2567 -2.33152 0)
(26.2675 -2.32585 4.86599e-18)
(26.2779 -2.32023 -4.28325e-18)
(26.2877 -2.31474 2.16673e-18)
(26.2967 -2.30937 0)
(26.3047 -2.3041 0)
(26.3116 -2.29896 0)
(26.3178 -2.29425 -9.07142e-19)
(26.3233 -2.28994 1.89732e-18)
(26.3292 -2.28696 -3.05533e-18)
(26.3342 -2.28314 0)
(26.3388 -2.27932 -7.17855e-19)
(26.3428 -2.2748 0)
(26.3461 -2.26986 0)
(26.3479 -2.26442 -2.32651e-18)
(26.3468 -2.2608 -1.15789e-18)
(26.3426 -2.25311 0)
(26.3339 -2.25832 -6.76416e-19)
(26.3348 -2.23674 0)
(26.3423 -2.27893 1.79084e-18)
(26.3835 -2.21388 -4.99909e-18)
(26.3134 -2.27776 1.78347e-20)
(26.3424 -2.27181 0)
(26.3645 -2.26236 -8.1441e-20)
(26.3848 -2.25309 -5.58853e-20)
(26.4055 -2.24753 7.81448e-20)
(26.4274 -2.24626 0)
(26.4509 -2.24861 -7.16398e-20)
(26.4752 -2.25376 0)
(26.4994 -2.26058 0)
(26.5225 -2.26753 0)
(26.5442 -2.27307 -7.86408e-20)
(26.5654 -2.27629 0)
(26.5868 -2.27713 0)
(26.6062 -2.27596 -8.34189e-20)
(26.618 -2.27303 2.24325e-20)
(26.6173 -2.26832 -1.26868e-19)
(26.6082 -2.2618 -1.00806e-20)
(26.6109 -2.2541 0)
(26.6548 -2.24673 -1.21189e-19)
(26.7528 -2.24108 -1.15462e-19)
(26.8695 -2.23709 0)
(26.9136 -2.23193 0)
(26.7831 -2.22097 -1.64016e-19)
(26.4247 -2.20026 -1.38656e-19)
(25.8495 -2.16815 -2.86376e-19)
(25.1145 -2.12593 -9.93413e-20)
(24.3022 -2.07718 -3.41224e-19)
(23.5113 -2.0269 0)
(22.8528 -1.98075 0)
(22.433 -1.94405 0)
(22.3167 -1.92006 -8.6713e-20)
(22.4969 -1.90852 3.77381e-19)
(22.9112 -1.90637 0)
(23.4833 -1.91015 3.70273e-19)
(24.1488 -1.91763 0)
(24.8581 -1.92797 0)
(25.5667 -1.94099 2.8141e-19)
(26.2256 -1.95621 0)
(26.7808 -1.97227 -2.32892e-19)
(27.1854 -1.98688 0)
(27.4208 -1.9981 -2.52543e-19)
(27.5108 -2.00518 0)
(27.5087 -2.0092 0)
(27.4666 -2.01187 -8.49694e-19)
(27.4159 -2.01446 5.58934e-19)
(27.3681 -2.01749 0)
(27.3239 -2.0209 0)
(27.2819 -2.02458 9.9749e-19)
(27.2411 -2.02844 0)
(27.2009 -2.03244 -1.0414e-19)
(27.1615 -2.03662 -2.71844e-19)
(27.1227 -2.04095 0)
(27.0848 -2.04544 3.63995e-19)
(27.0479 -2.05003 1.45238e-18)
(27.0118 -2.05469 0)
(26.9766 -2.05933 -4.33825e-19)
(26.9423 -2.06391 0)
(26.9087 -2.06839 0)
(26.876 -2.07274 8.77744e-19)
(26.844 -2.07694 -2.00901e-18)
(26.813 -2.08097 8.40204e-19)
(26.7829 -2.08486 1.7619e-18)
(26.7538 -2.08863 -2.42224e-18)
(26.7259 -2.09219 0)
(26.6993 -2.09567 0)
(26.674 -2.09865 2.69252e-18)
(26.6502 -2.1021 -1.19192e-18)
(26.6302 -2.10384 0)
(26.614 -2.10628 1.43293e-18)
(26.5978 -2.10751 0)
(26.5814 -2.11055 0)
(26.5646 -2.10975 3.34799e-18)
(26.5484 -2.11581 -1.75714e-18)
(26.5318 -2.10976 -4.48098e-18)
(26.5172 -2.12591 0)
(26.5014 -2.10406 -3.38115e-18)
(26.4894 -2.14884 -2.0907e-18)
(26.4755 -2.08243 0)
(26.4604 -2.20232 -9.40252e-19)
(26.4865 -2.01927 2.46335e-18)
(26.3558 -2.2347 -5.63448e-21)
(26.3093 -2.2385 -3.28216e-20)
(26.2638 -2.24072 3.29659e-20)
(26.2189 -2.24302 0)
(26.1748 -2.24522 -6.6401e-20)
(26.1315 -2.24743 0)
(26.0891 -2.24977 1.87115e-19)
(26.0478 -2.25227 1.27464e-19)
(26.0075 -2.25495 -3.77356e-19)
(25.9686 -2.25782 -2.55712e-19)
(25.9312 -2.26089 0)
(25.8954 -2.26419 1.21798e-19)
(25.8614 -2.26766 0)
(25.8293 -2.27128 -1.2034e-19)
(25.7994 -2.27502 2.50011e-19)
(25.7718 -2.2789 -2.59605e-19)
(25.7467 -2.28282 0)
(25.7241 -2.2868 0)
(25.7043 -2.29082 2.25043e-19)
(25.6873 -2.29485 0)
(25.6732 -2.29888 4.59704e-19)
(25.6623 -2.30293 0)
(25.6543 -2.30696 0)
(25.6495 -2.31102 1.25777e-18)
(25.6478 -2.31507 4.47131e-19)
(25.6492 -2.31915 -4.34939e-19)
(25.6535 -2.32326 4.21705e-19)
(25.6607 -2.32738 -3.47131e-19)
(25.6707 -2.33153 0)
(25.6832 -2.33568 -1.39026e-18)
(25.6981 -2.33982 0)
(25.7151 -2.3439 -5.69894e-19)
(25.7341 -2.34788 0)
(25.7547 -2.35173 -5.02052e-19)
(25.7766 -2.35537 0)
(25.7997 -2.35876 1.99059e-18)
(25.8237 -2.36179 -1.85825e-18)
(25.8481 -2.36445 7.27091e-19)
(25.8729 -2.36663 0)
(25.8978 -2.36832 0)
(25.9224 -2.36945 0)
(25.9467 -2.37004 2.51365e-18)
(25.9704 -2.37004 0)
(25.9935 -2.36948 0)
(26.0157 -2.36838 1.92923e-18)
(26.0371 -2.36675 2.31679e-18)
(26.0575 -2.36462 0)
(26.077 -2.36206 -8.23127e-19)
(26.0956 -2.35908 -1.95393e-18)
(26.1133 -2.35575 0)
(26.1301 -2.3521 0)
(26.146 -2.34821 1.9912e-18)
(26.1612 -2.3441 -1.43375e-18)
(26.1757 -2.33987 3.15939e-19)
(26.1895 -2.33551 -2.95143e-18)
(26.2028 -2.33107 2.65717e-18)
(26.2155 -2.32661 0)
(26.2278 -2.32214 3.4119e-19)
(26.2396 -2.31769 1.89388e-18)
(26.251 -2.31328 -2.50561e-19)
(26.262 -2.3089 0)
(26.2725 -2.30455 0)
(26.2823 -2.30028 -2.15274e-18)
(26.2914 -2.29609 -2.42243e-19)
(26.2993 -2.29194 -1.89941e-19)
(26.3063 -2.28796 0)
(26.3127 -2.28441 9.02603e-19)
(26.3183 -2.28115 0)
(26.3242 -2.27898 3.41115e-20)
(26.3294 -2.27588 3.50829e-21)
(26.3342 -2.27282 7.14569e-19)
(26.3386 -2.269 4.10193e-20)
(26.3423 -2.26479 2.23202e-20)
(26.3445 -2.26014 0)
(26.3437 -2.25691 -9.5847e-19)
(26.3398 -2.25016 0)
(26.3319 -2.25507 6.7534e-19)
(26.3343 -2.23537 0)
(26.343 -2.27577 -1.78918e-18)
(26.3884 -2.21544 7.74882e-18)
(26.4049 -2.22744 -3.23833e-20)
(26.4353 -2.22577 2.50505e-20)
(26.4596 -2.2201 0)
(26.4816 -2.21351 5.46455e-20)
(26.5032 -2.20912 0)
(26.5259 -2.2075 -4.24198e-20)
(26.5502 -2.20836 0)
(26.5763 -2.21157 0)
(26.6034 -2.21678 0)
(26.6302 -2.22298 0)
(26.6558 -2.22843 7.70949e-20)
(26.6798 -2.23151 0)
(26.7028 -2.23136 0)
(26.7257 -2.22805 0)
(26.7472 -2.22226 1.87064e-19)
(26.7627 -2.21474 1.24409e-19)
(26.7668 -2.20611 -1.77936e-19)
(26.7611 -2.19701 0)
(26.7617 -2.18847 -1.1025e-19)
(26.7972 -2.18207 0)
(26.8879 -2.1792 -1.0342e-19)
(27.0135 -2.17954 -9.80835e-20)
(27.0933 -2.17959 0)
(27.0131 -2.17317 0)
(26.6921 -2.15431 2.93776e-19)
(26.121 -2.12 1.4364e-19)
(25.3542 -2.07106 1.12607e-19)
(24.4871 -2.0116 -1.36343e-19)
(23.6412 -1.94808 0)
(22.9547 -1.88846 0)
(22.5561 -1.84092 0)
(22.5151 -1.81153 -4.43035e-19)
(22.805 -1.80155 0)
(23.3301 -1.80745 -1.64027e-19)
(23.9843 -1.82367 2.01845e-19)
(24.6871 -1.84529 0)
(25.3859 -1.86917 -2.8225e-19)
(26.0397 -1.89361 -2.80302e-19)
(26.6061 -1.91724 0)
(27.0422 -1.93827 -2.0508e-19)
(27.3218 -1.95487 -2.99218e-19)
(27.4537 -1.96615 1.37024e-19)
(27.4797 -1.97297 0)
(27.4511 -1.97719 2.7487e-19)
(27.405 -1.98062 -9.86149e-20)
(27.3583 -1.98422 0)
(27.3147 -1.98828 0)
(27.2734 -1.99273 2.70309e-20)
(27.2331 -1.9975 5.56161e-20)
(27.1934 -2.0025 2.60154e-19)
(27.1542 -2.00776 7.83401e-20)
(27.1156 -2.0132 0)
(27.0778 -2.01886 -3.60443e-19)
(27.041 -2.02463 -2.40759e-19)
(27.005 -2.03049 -2.42312e-19)
(26.97 -2.03635 6.7081e-19)
(26.936 -2.04217 0)
(26.9028 -2.04791 4.51933e-19)
(26.8705 -2.05352 -8.69869e-19)
(26.839 -2.05899 0)
(26.8083 -2.06425 -8.32898e-19)
(26.7786 -2.0693 0)
(26.7499 -2.07415 7.69826e-19)
(26.7222 -2.07871 6.0141e-19)
(26.6958 -2.08312 0)
(26.6707 -2.08696 0)
(26.647 -2.09118 1.62551e-18)
(26.6271 -2.0935 -2.64046e-19)
(26.6109 -2.0964 0)
(26.5946 -2.09824 0)
(26.5783 -2.10183 -3.43038e-19)
(26.5617 -2.10182 -3.57711e-19)
(26.5454 -2.10829 2.26794e-18)
(26.5289 -2.10295 -5.37749e-19)
(26.5141 -2.11922 0)
(26.4985 -2.09815 3.36241e-18)
(26.4865 -2.14293 -3.03178e-19)
(26.4725 -2.07757 0)
(26.4582 -2.19764 4.23262e-19)
(26.4808 -2.01685 1.06583e-17)
(26.5705 -2.09385 -5.47324e-20)
(26.5241 -2.08654 -2.81408e-20)
(26.4791 -2.08063 2.8832e-20)
(26.4356 -2.07562 0)
(26.3934 -2.07149 -5.98957e-20)
(26.3526 -2.06839 0)
(26.313 -2.0662 -6.13868e-20)
(26.2747 -2.06488 0)
(26.2375 -2.0644 1.24342e-19)
(26.2016 -2.06471 0)
(26.167 -2.06578 0)
(26.1337 -2.06752 -1.24234e-19)
(26.1018 -2.06991 0)
(26.0713 -2.07287 1.22695e-19)
(26.0423 -2.07638 0)
(26.015 -2.08038 -2.40224e-19)
(25.9893 -2.08482 0)
(25.9655 -2.08964 0)
(25.9435 -2.09482 -2.29036e-19)
(25.9235 -2.10028 0)
(25.9056 -2.10601 0)
(25.8899 -2.11193 0)
(25.8764 -2.11805 0)
(25.8651 -2.12433 -4.05186e-19)
(25.8562 -2.13077 3.9254e-19)
(25.8497 -2.13735 -3.79245e-19)
(25.8455 -2.14412 3.65263e-19)
(25.8436 -2.15105 3.50692e-19)
(25.844 -2.15821 0)
(25.8465 -2.16559 0)
(25.8512 -2.17318 0)
(25.8579 -2.18102 5.73145e-19)
(25.8664 -2.18909 0)
(25.8767 -2.19738 5.03736e-19)
(25.8884 -2.20583 0)
(25.9015 -2.2144 0)
(25.9158 -2.22296 0)
(25.931 -2.23149 -7.26202e-19)
(25.947 -2.23979 0)
(25.9636 -2.2478 0)
(25.9806 -2.25538 0)
(25.9978 -2.26247 0)
(26.0152 -2.2689 0)
(26.0325 -2.27464 0)
(26.0496 -2.27961 0)
(26.0664 -2.28383 -5.5206e-19)
(26.083 -2.28721 0)
(26.0991 -2.28981 8.1707e-19)
(26.1147 -2.29161 -6.9916e-19)
(26.1299 -2.29272 0)
(26.1446 -2.29315 0)
(26.1587 -2.29305 0)
(26.1724 -2.29245 -3.68544e-19)
(26.1854 -2.29146 -3.1364e-19)
(26.198 -2.29012 0)
(26.2101 -2.28854 0)
(26.2218 -2.28679 0)
(26.2331 -2.28488 -3.38929e-19)
(26.2439 -2.2829 0)
(26.2543 -2.2808 2.49004e-19)
(26.2643 -2.27867 0)
(26.2737 -2.27641 0)
(26.2825 -2.27416 0)
(26.2904 -2.27183 2.40973e-19)
(26.2973 -2.26947 1.88996e-19)
(26.3033 -2.26716 0)
(26.3092 -2.26517 0)
(26.3147 -2.26309 0)
(26.3202 -2.26206 -3.3928e-20)
(26.3251 -2.26001 -3.49166e-21)
(26.33 -2.25803 0)
(26.3345 -2.25539 -4.08693e-20)
(26.3385 -2.25235 -2.22493e-20)
(26.3409 -2.24906 0)
(26.3403 -2.24666 0)
(26.3369 -2.24203 0)
(26.3297 -2.24595 0)
(26.3377 -2.23205 0)
(26.3442 -2.26543 0)
(26.405 -2.21574 -2.76667e-18)
(26.6204 -2.10124 -2.62865e-20)
(26.6583 -2.11444 -2.51841e-20)
(26.6919 -2.12411 0)
(26.7219 -2.13182 0)
(26.7488 -2.13903 0)
(26.7732 -2.14529 4.23921e-20)
(26.7964 -2.1499 0)
(26.8192 -2.15284 0)
(26.8424 -2.15474 0)
(26.8658 -2.15609 0)
(26.8887 -2.15666 0)
(26.9104 -2.15581 0)
(26.9303 -2.15289 0)
(26.9489 -2.1478 0)
(26.9674 -2.14088 -5.82987e-20)
(26.9857 -2.13281 0)
(27.0011 -2.12429 5.67064e-20)
(27.0084 -2.11593 0)
(27.0053 -2.10827 1.09506e-19)
(26.9997 -2.102 0)
(27.0139 -2.09787 1.03312e-19)
(27.0746 -2.09637 9.92236e-20)
(27.1863 -2.09664 0)
(27.3049 -2.09578 0)
(27.3389 -2.08916 0)
(27.1904 -2.07267 -1.54602e-19)
(26.8049 -2.04464 1.45579e-19)
(26.1909 -2.00644 1.39492e-19)
(25.4115 -1.96167 0)
(24.5731 -1.91551 0)
(23.8137 -1.87398 0)
(23.2795 -1.84276 0)
(23.076 -1.82527 0)
(23.2229 -1.82136 -2.22345e-19)
(23.6536 -1.82789 -2.01447e-19)
(24.261 -1.8408 0)
(24.9425 -1.85681 0)
(25.619 -1.87389 2.77891e-19)
(26.2321 -1.89075 0)
(26.7349 -1.90611 2.02513e-19)
(27.0944 -1.91864 0)
(27.3031 -1.92739 -1.35223e-19)
(27.3862 -1.9326 0)
(27.3893 -1.93547 0)
(27.3557 -1.93754 9.77745e-20)
(27.3122 -1.93978 0)
(27.2694 -1.94272 0)
(27.2291 -1.94642 -2.68434e-20)
(27.1904 -1.95091 -5.52357e-20)
(27.1524 -1.95617 -1.55968e-19)
(27.1151 -1.9622 1.89436e-19)
(27.0784 -1.96889 0)
(27.0426 -1.9762 0)
(27.0077 -1.98395 2.38901e-19)
(26.9739 -1.99202 2.40419e-19)
(26.9411 -2.0002 -2.39125e-19)
(26.9095 -2.00837 0)
(26.8787 -2.01645 -4.48229e-19)
(26.8488 -2.02429 0)
(26.8197 -2.03187 0)
(26.7913 -2.03905 0)
(26.7636 -2.04587 0)
(26.7367 -2.05226 0)
(26.7106 -2.05822 -5.96641e-19)
(26.6854 -2.06385 0)
(26.6612 -2.06884 0)
(26.6383 -2.074 -4.39318e-19)
(26.6188 -2.07702 2.61645e-19)
(26.6026 -2.08034 0)
(26.5864 -2.08291 0)
(26.5705 -2.08715 3.40434e-19)
(26.554 -2.08814 -6.16994e-19)
(26.5384 -2.09497 -5.19126e-19)
(26.5213 -2.09106 5.34379e-19)
(26.5081 -2.10695 0)
(26.4901 -2.0885 0)
(26.4833 -2.13096 3.01559e-19)
(26.4607 -2.0711 0)
(26.4624 -2.18466 5.1002e-19)
(26.4557 -2.01168 0)
)
;

boundaryField
{
    inlet
    {
        type            freestreamVelocity;
        freestreamValue uniform (26.3992 -2.3096 0);
        value           nonuniform List<vector> 
134
(
(26.3992 -2.3096 -5.50743e-22)
(26.3992 -2.3096 -7.42268e-20)
(26.3992 -2.3096 1.97218e-19)
(26.3992 -2.3096 -4.11404e-19)
(26.3992 -2.3096 2.14726e-19)
(26.3992 -2.3096 1.91894e-19)
(26.3992 -2.3096 -5.17e-19)
(26.3992 -2.30959 2.84556e-19)
(26.3992 -2.30959 -1.43222e-19)
(26.3992 -2.30959 1.08705e-19)
(26.4002 -2.30293 -2.64411e-18)
(26.3978 -2.29866 0)
(26.3947 -2.29315 6.34848e-17)
(26.3922 -2.28729 -7.06368e-17)
(26.3902 -2.28158 0)
(26.3887 -2.27627 0)
(26.3875 -2.2714 0)
(26.3866 -2.267 -7.21128e-17)
(26.3858 -2.26308 3.51059e-17)
(26.3851 -2.25967 3.88816e-17)
(26.3992 -2.30961 5.46293e-20)
(26.3843 -2.25679 0)
(26.3835 -2.25448 -2.50489e-17)
(26.3827 -2.25278 5.1773e-17)
(26.3823 -2.25165 -2.67475e-17)
(26.3825 -2.25105 0)
(26.3829 -2.24995 2.32051e-19)
(26.3838 -2.25084 0)
(26.3841 -2.24915 9.89514e-19)
(26.3834 -2.24623 1.29115e-17)
(26.3854 -2.25453 -2.15426e-17)
(26.3854 -2.25123 1.28296e-17)
(26.3862 -2.25177 0)
(26.3866 -2.25227 -2.24967e-17)
(26.3869 -2.25279 4.38028e-17)
(26.3872 -2.25333 -2.12933e-17)
(26.3874 -2.2539 -3.9945e-17)
(26.3872 -2.25444 3.94972e-17)
(26.3862 -2.25535 -3.04097e-19)
(26.384 -2.25369 0)
(26.3992 -2.30961 3.30684e-20)
(26.3992 -2.30961 -1.07276e-19)
(26.3992 -2.30961 4.96631e-20)
(26.3992 -2.3096 -2.211e-20)
(26.3992 -2.3096 1.83409e-20)
(26.3992 -2.3096 4.3109e-21)
(26.3992 -2.3096 -1.05841e-20)
(26.3835 -2.25569 0)
(26.3838 -2.25586 0)
(26.3844 -2.25617 0)
(26.3845 -2.25652 0)
(26.3846 -2.25695 0)
(26.3847 -2.25745 0)
(26.3848 -2.25801 0)
(26.3849 -2.25858 0)
(26.3849 -2.25916 0)
(26.3849 -2.25973 0)
(26.3848 -2.26028 0)
(26.3847 -2.2608 0)
(26.3846 -2.26127 0)
(26.3845 -2.2617 0)
(26.3844 -2.26208 0)
(26.3845 -2.26242 0)
(26.3845 -2.26273 0)
(26.3848 -2.263 0)
(26.3851 -2.26323 1.84467e-17)
(26.3853 -2.26346 -1.84187e-17)
(26.3856 -2.26371 0)
(26.3861 -2.26399 1.70879e-17)
(26.3869 -2.26431 -1.70575e-17)
(26.388 -2.2647 0)
(26.3894 -2.26519 0)
(26.392 -2.26584 -2.28572e-18)
(26.3943 -2.26655 3.5429e-18)
(26.4018 -2.26668 -1.26501e-18)
(26.399 -2.30887 4.76869e-18)
(26.3996 -2.3081 -9.03971e-19)
(26.401 -2.30678 0)
(26.403 -2.30477 -1.30293e-17)
(26.4054 -2.30223 3.25655e-17)
(26.408 -2.29943 -2.1007e-17)
(26.4106 -2.2966 -3.48934e-17)
(26.4128 -2.29383 1.58862e-17)
(26.4146 -2.29114 -2.11995e-18)
(26.416 -2.28855 4.87655e-17)
(26.4171 -2.28601 -2.54028e-17)
(26.418 -2.28348 0)
(26.4187 -2.2809 1.89387e-19)
(26.4194 -2.27818 1.43566e-17)
(26.4203 -2.27521 -1.45915e-17)
(26.4216 -2.27188 -1.61332e-17)
(26.4232 -2.26834 2.4888e-17)
(26.425 -2.26483 -8.72694e-18)
(26.4268 -2.26142 0)
(26.4285 -2.25809 0)
(26.4302 -2.25483 0)
(26.4319 -2.25161 -5.6041e-18)
(26.4335 -2.24843 -6.08272e-18)
(26.4352 -2.24526 1.16546e-17)
(26.4367 -2.24209 0)
(26.4383 -2.23888 -2.63454e-19)
(26.4399 -2.2356 2.53848e-17)
(26.4417 -2.23218 -2.55175e-17)
(26.444 -2.22856 2.77023e-17)
(26.4476 -2.22447 -8.79669e-17)
(26.4518 -2.22098 6.01271e-17)
(26.4542 -2.21805 6.58783e-17)
(26.4541 -2.21638 -6.58183e-17)
(26.4538 -2.21452 0)
(26.4539 -2.21236 0)
(26.4541 -2.21 0)
(26.4543 -2.20752 0)
(26.4543 -2.20495 0)
(26.4544 -2.20231 0)
(26.4544 -2.19961 0)
(26.4544 -2.19687 0)
(26.4544 -2.1941 0)
(26.4544 -2.19132 0)
(26.4544 -2.18852 0)
(26.4543 -2.18572 0)
(26.4542 -2.18291 0)
(26.454 -2.1801 0)
(26.4536 -2.1773 0)
(26.4528 -2.17436 3.64343e-17)
(26.4521 -2.17173 -3.6163e-17)
(26.4521 -2.16888 0)
(26.4522 -2.16594 -1.73075e-17)
(26.4521 -2.16299 1.7246e-17)
(26.4517 -2.16008 1.64946e-17)
(26.4508 -2.1573 -3.20946e-17)
(26.4495 -2.15479 8.45622e-18)
(26.4464 -2.15266 1.33161e-18)
(26.4433 -2.15135 5.76134e-18)
(26.4297 -2.14857 0)
)
;
    }
    outlet
    {
        type            freestreamVelocity;
        freestreamValue uniform (26.3992 -2.3096 0);
        value           nonuniform List<vector> 
160
(
(26.5703 -2.09418 -5.46493e-20)
(26.6201 -2.10156 -2.6246e-20)
(26.5239 -2.08688 -2.80982e-20)
(26.6579 -2.11475 -2.51448e-20)
(26.479 -2.08097 2.87885e-20)
(26.6915 -2.1244 0)
(26.4355 -2.07597 0)
(26.7214 -2.13211 0)
(26.3934 -2.07185 -5.98056e-20)
(26.7482 -2.1393 0)
(26.3527 -2.06875 0)
(26.7726 -2.14556 4.23238e-20)
(26.3131 -2.06656 -6.12943e-20)
(26.7957 -2.15016 0)
(26.2748 -2.06525 0)
(26.8186 -2.15309 0)
(26.2378 -2.06477 1.24154e-19)
(26.8417 -2.15499 0)
(26.2019 -2.06508 0)
(26.865 -2.15634 0)
(26.1674 -2.06615 0)
(26.888 -2.15691 0)
(26.1341 -2.06789 -1.24044e-19)
(26.9096 -2.15606 0)
(26.1022 -2.07028 0)
(26.9294 -2.15315 0)
(26.0718 -2.07324 1.22505e-19)
(26.948 -2.14806 0)
(26.0429 -2.07674 0)
(26.9665 -2.14115 -5.82061e-20)
(26.0156 -2.08074 -2.39848e-19)
(26.9848 -2.13309 0)
(25.99 -2.08517 0)
(27.0001 -2.12458 5.66183e-20)
(25.9662 -2.08999 0)
(27.0075 -2.11623 0)
(25.9442 -2.09517 -2.2867e-19)
(27.0044 -2.10858 1.0934e-19)
(25.9243 -2.10062 0)
(26.9988 -2.10232 0)
(25.9064 -2.10634 0)
(27.013 -2.09819 1.03156e-19)
(25.8907 -2.11226 0)
(27.0736 -2.09669 9.9075e-20)
(25.8772 -2.11836 0)
(27.1851 -2.09695 0)
(25.866 -2.12464 -4.04514e-19)
(27.3035 -2.09609 0)
(25.8571 -2.13107 3.91883e-19)
(27.3375 -2.08949 0)
(25.8506 -2.13764 -3.78606e-19)
(27.1892 -2.07301 -1.54377e-19)
(25.8464 -2.1444 3.64643e-19)
(26.8043 -2.04502 1.45367e-19)
(25.8445 -2.15132 3.50093e-19)
(26.1912 -2.00688 1.39287e-19)
(25.8449 -2.15848 0)
(25.413 -1.96219 0)
(25.8475 -2.16584 0)
(24.5759 -1.91611 0)
(25.8522 -2.17342 0)
(23.8177 -1.87466 0)
(25.8589 -2.18124 5.72137e-19)
(23.2844 -1.84348 0)
(25.8674 -2.18931 0)
(23.0812 -1.82602 0)
(25.8776 -2.19758 5.02837e-19)
(23.2277 -1.82211 -2.22004e-19)
(25.8893 -2.20602 0)
(23.6577 -1.82861 -2.01147e-19)
(25.9024 -2.21457 0)
(24.2641 -1.84147 0)
(25.9167 -2.22312 0)
(24.9445 -1.85744 0)
(25.9319 -2.23163 -7.24868e-19)
(25.6201 -1.87447 2.7752e-19)
(25.9478 -2.23992 0)
(26.2323 -1.89129 0)
(25.9644 -2.24792 0)
(26.7345 -1.90662 2.02255e-19)
(25.9814 -2.25548 0)
(27.0935 -1.91913 0)
(25.9986 -2.26255 0)
(27.302 -1.92787 -1.35055e-19)
(26.0159 -2.26897 0)
(27.385 -1.93307 0)
(26.0332 -2.27471 0)
(27.3881 -1.93593 0)
(26.0503 -2.27967 0)
(27.3545 -1.938 9.76522e-20)
(26.0671 -2.28388 -5.51007e-19)
(27.3111 -1.94024 0)
(26.0836 -2.28725 0)
(27.2683 -1.94318 0)
(26.0997 -2.28985 8.15506e-19)
(27.228 -1.94688 -2.68092e-20)
(26.1153 -2.29165 -6.97822e-19)
(27.1894 -1.95137 -5.5165e-20)
(26.1304 -2.29275 0)
(27.1515 -1.95662 -1.55767e-19)
(26.1451 -2.29318 0)
(27.1142 -1.96265 1.89189e-19)
(26.1592 -2.29309 0)
(27.0775 -1.96934 0)
(26.1728 -2.29248 -3.67842e-19)
(27.0418 -1.97664 0)
(26.1858 -2.29149 -3.13043e-19)
(27.0069 -1.98439 2.3858e-19)
(26.1984 -2.29016 0)
(26.9731 -1.99245 2.40093e-19)
(26.2105 -2.28858 0)
(26.9404 -2.00062 -2.38796e-19)
(26.2222 -2.28683 0)
(26.9087 -2.00879 0)
(26.2334 -2.28493 -3.38292e-19)
(26.878 -2.01686 -4.476e-19)
(26.2442 -2.28295 0)
(26.8482 -2.02469 0)
(26.2546 -2.28086 2.48538e-19)
(26.8191 -2.03227 0)
(26.2645 -2.27873 0)
(26.7908 -2.03944 0)
(26.2739 -2.27647 0)
(26.7631 -2.04626 0)
(26.2827 -2.27422 0)
(26.7362 -2.05264 0)
(26.2906 -2.2719 2.40526e-19)
(26.7101 -2.0586 -5.95758e-19)
(26.2975 -2.26955 1.88646e-19)
(26.685 -2.06422 0)
(26.3035 -2.26724 0)
(26.6608 -2.0692 0)
(26.3094 -2.26525 0)
(26.638 -2.07435 -4.38655e-19)
(26.3149 -2.26317 0)
(26.6184 -2.07737 2.61248e-19)
(26.3204 -2.26215 -3.38658e-20)
(26.6023 -2.08069 0)
(26.3253 -2.2601 -3.48526e-21)
(26.5861 -2.08325 0)
(26.3301 -2.25813 0)
(26.5703 -2.08749 3.39911e-19)
(26.3347 -2.25549 -4.07948e-20)
(26.5538 -2.08848 -6.16044e-19)
(26.3386 -2.25246 -2.22089e-20)
(26.5382 -2.0953 -5.18321e-19)
(26.341 -2.24917 0)
(26.5211 -2.09139 5.33552e-19)
(26.3404 -2.24677 0)
(26.508 -2.10727 0)
(26.337 -2.24215 0)
(26.4899 -2.08884 0)
(26.3298 -2.24607 0)
(26.4832 -2.13125 3.01073e-19)
(26.3378 -2.23219 0)
(26.4606 -2.07146 0)
(26.3443 -2.26551 0)
(26.4623 -2.18487 5.09155e-19)
(26.4049 -2.2159 -2.76183e-18)
(26.4556 -2.01211 0)
)
;
    }
    walls
    {
        type            noSlip;
    }
    frontAndBack
    {
        type            empty;
    }
}


// ************************************************************************* //
