/*--------------------------------*- C++ -*----------------------------------*\
| =========                 |                                                 |
| \\      /  F ield         | OpenFOAM: The Open Source CFD Toolbox           |
|  \\    /   O peration     | Version:  2412                                  |
|   \\  /    A nd           | Website:  www.openfoam.com                      |
|    \\/     M anipulation  |                                                 |
\*---------------------------------------------------------------------------*/
FoamFile
{
    version     2.0;
    format      ascii;
    arch        "LSB;label=32;scalar=64";
    class       volScalarField;
    location    "150";
    object      nuTilda;
}
// * * * * * * * * * * * * * * * * * * * * * * * * * * * * * * * * * * * * * //

dimensions      [0 2 -1 0 0 0 0];

internalField   nonuniform List<scalar> 
10720
(
6.01942e-05
6.3404e-05
6.75483e-05
7.27586e-05
7.9401e-05
8.79064e-05
9.92759e-05
0.000114673
0.000133791
0.00015888
0.000182058
0.000246795
0.000264183
0.000579013
0.00654637
0.0108476
0.00946277
0.01418
0.0163634
0.025318
0.0287183
0.0273247
0.025075
0.020598
0.0229025
0.0293895
0.0450398
0.0676594
0.0792031
0.0790829
0.0754097
0.040808
0.0385075
0.0720572
0.0859746
0.0899219
0.0738075
0.0668748
0.0885835
5.71893e-05
5.44798e-05
5.17212e-05
4.90416e-05
4.63292e-05
4.37227e-05
4.15815e-05
4.35505e-05
4.7092e-05
5.19333e-05
5.8387e-05
6.69801e-05
7.84983e-05
9.42806e-05
0.00011619
0.000147258
0.000192128
0.000258754
0.00036045
0.000520857
0.000781673
0.00123652
0.00203651
0.00361469
0.00659913
0.0134015
0.0276415
0.0604576
0.0955839
0.114284
0.121268
0.124272
0.126298
0.128032
0.129913
0.132132
0.136003
0.140051
0.163189
3.86867e-05
3.84696e-05
3.82512e-05
3.80441e-05
3.77824e-05
3.75936e-05
3.7412e-05
3.7492e-05
4.02647e-05
5.18732e-05
6.59589e-05
0.000125415
0.000178378
0.000203747
0.00209607
0.00524898
0.0311154
0.0599452
0.0572866
0.064801
0.0750464
0.0826966
0.089464
0.0911957
0.103849
0.129156
0.161896
0.180729
0.190758
0.190861
0.186719
0.201981
0.184798
0.173611
0.166331
0.203688
0.237153
0.297903
0.355184
3.88857e-05
3.91091e-05
3.93195e-05
3.95429e-05
3.97876e-05
4.00161e-05
4.0251e-05
4.01599e-05
3.99733e-05
3.9718e-05
3.93846e-05
3.89657e-05
3.84701e-05
3.79054e-05
3.724e-05
3.64527e-05
3.54403e-05
3.413e-05
3.5858e-05
1.64901e-05
2.00773e-05
4.52865e-05
4.92445e-05
5.24189e-05
5.54842e-05
0.000126512
0.000399574
0.00268408
0.0111441
0.025686
0.0420773
0.0550804
0.0626476
0.0665946
0.0691369
0.0711818
0.0742081
0.0728985
0.0931489
4.09341e-05
4.09966e-05
4.10617e-05
4.11308e-05
4.12085e-05
4.12996e-05
4.13782e-05
4.1548e-05
4.15973e-05
4.2129e-05
3.84406e-05
4.44434e-05
8.17146e-05
4.1965e-05
0.000403559
0.000620082
0.0184499
0.0656039
0.11318
0.146226
0.169709
0.179
0.185091
0.180838
0.203589
0.250931
0.320592
0.362795
0.393457
0.382939
0.347326
0.327467
0.305173
0.306024
0.348377
0.426716
0.489877
0.58901
0.724845
4.08845e-05
4.08243e-05
4.07745e-05
4.07094e-05
4.06479e-05
4.05773e-05
4.05212e-05
4.05047e-05
4.05071e-05
4.05221e-05
4.05535e-05
4.06018e-05
4.06628e-05
4.07315e-05
4.08082e-05
4.0893e-05
4.09918e-05
4.11042e-05
4.12309e-05
4.18146e-05
4.1216e-05
4.04845e-05
3.98238e-05
3.89493e-05
3.87687e-05
3.80561e-05
3.56994e-05
2.43053e-05
2.46087e-05
0.000377055
0.00189245
0.00523112
0.0102749
0.0163951
0.0230294
0.0292332
0.0356037
0.0365291
0.0445349
4.05599e-05
4.0576e-05
4.05906e-05
4.06042e-05
4.0617e-05
4.06298e-05
4.06357e-05
4.06662e-05
4.05819e-05
4.07946e-05
4.06556e-05
3.59827e-05
4.35931e-05
3.38992e-05
3.09558e-06
0.000290561
0.00233061
0.0401189
0.118851
0.195139
0.248584
0.28942
0.3015
0.282249
0.310546
0.376187
0.492488
0.560085
0.564693
0.523039
0.46885
0.439009
0.441216
0.478418
0.576135
0.688406
0.778951
0.908643
1.13307
4.05506e-05
4.05366e-05
4.05284e-05
4.05128e-05
4.04999e-05
4.04749e-05
4.04537e-05
4.04407e-05
4.04338e-05
4.04292e-05
4.04244e-05
4.04183e-05
4.04116e-05
4.04055e-05
4.04006e-05
4.03965e-05
4.03928e-05
4.03897e-05
4.03868e-05
4.03818e-05
4.0389e-05
4.04025e-05
4.04428e-05
4.04898e-05
4.05158e-05
4.05742e-05
4.07154e-05
4.09114e-05
4.12961e-05
4.04952e-05
3.36441e-05
2.41234e-05
5.86107e-05
0.000230242
0.000708793
0.00150726
0.00293755
0.00374561
0.00338306
4.05922e-05
4.06121e-05
4.06324e-05
4.0654e-05
4.06775e-05
4.07048e-05
4.07359e-05
4.07733e-05
4.0837e-05
4.07907e-05
4.13428e-05
3.98319e-05
3.93059e-05
4.36773e-05
8.40651e-06
0
0.00131525
0.0119055
0.0814114
0.197253
0.291609
0.358635
0.408658
0.399041
0.421953
0.495926
0.657132
0.714721
0.699566
0.636144
0.57592
0.561733
0.603694
0.688941
0.844126
0.987042
1.09643
1.24258
1.56096
4.05785e-05
4.05612e-05
4.0549e-05
4.05306e-05
4.05168e-05
4.04937e-05
4.04712e-05
4.04614e-05
4.04563e-05
4.04536e-05
4.04515e-05
4.04482e-05
4.04437e-05
4.04401e-05
4.04384e-05
4.04375e-05
4.04369e-05
4.04366e-05
4.04372e-05
4.04394e-05
4.04433e-05
4.04481e-05
4.04533e-05
4.04602e-05
4.04704e-05
4.04818e-05
4.04939e-05
4.05078e-05
4.05309e-05
4.05306e-05
4.07427e-05
4.05126e-05
4.42895e-05
2.8165e-05
2.97271e-05
0.000369433
0.000206661
0.000201521
0.000824715
4.05533e-05
4.05689e-05
4.05836e-05
4.05981e-05
4.0613e-05
4.06287e-05
4.06462e-05
4.06615e-05
4.06941e-05
4.0661e-05
4.08181e-05
4.09845e-05
3.9003e-05
4.55546e-05
2.75882e-05
2.46228e-06
0
0.00458355
0.033641
0.143819
0.283114
0.385552
0.472712
0.528525
0.54065
0.60713
0.783573
0.835604
0.809705
0.737936
0.69009
0.709733
0.794972
0.954753
1.15333
1.32203
1.43774
1.58058
1.96329
4.05429e-05
4.05287e-05
4.05187e-05
4.05031e-05
4.04931e-05
4.04794e-05
4.04644e-05
4.04573e-05
4.04554e-05
4.04558e-05
4.04571e-05
4.04583e-05
4.04586e-05
4.0458e-05
4.0456e-05
4.04528e-05
4.04478e-05
4.04411e-05
4.04338e-05
4.04275e-05
4.04223e-05
4.04172e-05
4.04118e-05
4.04061e-05
4.04002e-05
4.03949e-05
4.03904e-05
4.03872e-05
4.03846e-05
4.03849e-05
4.03792e-05
4.0405e-05
4.03559e-05
4.06921e-05
4.01953e-05
3.93009e-05
1.94805e-05
3.64202e-05
2.68366e-05
4.05325e-05
4.0546e-05
4.05589e-05
4.05721e-05
4.05861e-05
4.06019e-05
4.06199e-05
4.06398e-05
4.06656e-05
4.06955e-05
4.06883e-05
4.10101e-05
3.99414e-05
4.20423e-05
4.49583e-05
8.6474e-06
0
0.000269694
0.00356806
0.0689581
0.209704
0.355986
0.489392
0.624605
0.670459
0.714712
0.87898
0.934887
0.907318
0.844828
0.826274
0.889736
1.03436
1.26846
1.50729
1.69527
1.80127
1.91528
2.29387
4.05233e-05
4.05107e-05
4.05011e-05
4.0486e-05
4.04749e-05
4.04645e-05
4.04553e-05
4.04513e-05
4.04509e-05
4.04529e-05
4.04558e-05
4.04589e-05
4.04617e-05
4.04641e-05
4.04658e-05
4.04668e-05
4.04669e-05
4.04661e-05
4.0464e-05
4.04608e-05
4.04565e-05
4.04512e-05
4.04449e-05
4.0438e-05
4.04304e-05
4.04225e-05
4.04157e-05
4.04103e-05
4.0406e-05
4.04028e-05
4.04011e-05
4.04001e-05
4.04027e-05
4.04067e-05
4.04031e-05
4.04743e-05
4.04352e-05
3.94295e-05
4.2619e-05
4.05095e-05
4.05203e-05
4.05305e-05
4.05411e-05
4.05524e-05
4.05652e-05
4.05795e-05
4.05956e-05
4.06134e-05
4.06367e-05
4.06429e-05
4.07259e-05
4.08421e-05
3.93885e-05
4.69695e-05
2.8627e-05
2.50963e-06
0
0.0019499
0.0180071
0.109821
0.263233
0.450006
0.672773
0.805851
0.830358
0.95079
1.02286
1.00561
0.969525
0.993916
1.10275
1.33876
1.63208
1.91125
2.11055
2.18753
2.24208
2.54941
4.05022e-05
4.04918e-05
4.04839e-05
4.04702e-05
4.04574e-05
4.04478e-05
4.04425e-05
4.04413e-05
4.04426e-05
4.04459e-05
4.04501e-05
4.04544e-05
4.04586e-05
4.04626e-05
4.04661e-05
4.0469e-05
4.04711e-05
4.04725e-05
4.04732e-05
4.04732e-05
4.04727e-05
4.04719e-05
4.04707e-05
4.04692e-05
4.04672e-05
4.04646e-05
4.04612e-05
4.04569e-05
4.04517e-05
4.04455e-05
4.04384e-05
4.04303e-05
4.04214e-05
4.04116e-05
4.04026e-05
4.03899e-05
4.03898e-05
4.03805e-05
3.9985e-05
4.04865e-05
4.04954e-05
4.05039e-05
4.05132e-05
4.05234e-05
4.05352e-05
4.05487e-05
4.05639e-05
4.05818e-05
4.05999e-05
4.06329e-05
4.06053e-05
4.09235e-05
3.98386e-05
4.22734e-05
4.4831e-05
8.71568e-06
0
0
0.00575122
0.0354437
0.148895
0.362713
0.671197
0.90104
0.962769
1.00909
1.10745
1.11497
1.12123
1.19774
1.38908
1.69927
2.04613
2.36536
2.57095
2.59883
2.55958
2.74283
4.04807e-05
4.04725e-05
4.04668e-05
4.04556e-05
4.04429e-05
4.04337e-05
4.04305e-05
4.04307e-05
4.0433e-05
4.04369e-05
4.04417e-05
4.04467e-05
4.04518e-05
4.04569e-05
4.04615e-05
4.04658e-05
4.04695e-05
4.04727e-05
4.04752e-05
4.04772e-05
4.04787e-05
4.04799e-05
4.04808e-05
4.04816e-05
4.04824e-05
4.0483e-05
4.04832e-05
4.0483e-05
4.04824e-05
4.04813e-05
4.04797e-05
4.04774e-05
4.04745e-05
4.04711e-05
4.04671e-05
4.0464e-05
4.04617e-05
4.04594e-05
4.05305e-05
4.04634e-05
4.0471e-05
4.04784e-05
4.04868e-05
4.04961e-05
4.0507e-05
4.05194e-05
4.05333e-05
4.05491e-05
4.05661e-05
4.05889e-05
4.05954e-05
4.06812e-05
4.0696e-05
3.97458e-05
4.62555e-05
2.93269e-05
2.536e-06
0
0.000420183
0.00577527
0.0615044
0.258973
0.630921
0.959538
1.08345
1.08886
1.19293
1.23993
1.30212
1.45088
1.73599
2.10908
2.50962
2.86918
3.07577
3.0388
2.87138
2.88831
4.04586e-05
4.04521e-05
4.04482e-05
4.04401e-05
4.04296e-05
4.04213e-05
4.04185e-05
4.04192e-05
4.0422e-05
4.04263e-05
4.04314e-05
4.0437e-05
4.04426e-05
4.04483e-05
4.04537e-05
4.04589e-05
4.04637e-05
4.0468e-05
4.04719e-05
4.04753e-05
4.04784e-05
4.04812e-05
4.04839e-05
4.04866e-05
4.04895e-05
4.04925e-05
4.04954e-05
4.04981e-05
4.05008e-05
4.05033e-05
4.05057e-05
4.05079e-05
4.05099e-05
4.05119e-05
4.05134e-05
4.05162e-05
4.05169e-05
4.0526e-05
4.05271e-05
4.04416e-05
4.04484e-05
4.04554e-05
4.04634e-05
4.04724e-05
4.04828e-05
4.04947e-05
4.0508e-05
4.05226e-05
4.05399e-05
4.05548e-05
4.0587e-05
4.05699e-05
4.07946e-05
4.01122e-05
4.1726e-05
4.45684e-05
8.99226e-06
0
0
0.00153451
0.00697911
0.163976
0.563758
0.982058
1.17904
1.20554
1.28045
1.37948
1.52142
1.76532
2.13091
2.5677
3.0247
3.42571
3.6261
3.50879
3.18334
2.99805
4.04372e-05
4.04316e-05
4.0429e-05
4.04235e-05
4.04158e-05
4.04087e-05
4.04061e-05
4.0407e-05
4.041e-05
4.04146e-05
4.04201e-05
4.04259e-05
4.04319e-05
4.04381e-05
4.0444e-05
4.04498e-05
4.04553e-05
4.04604e-05
4.04652e-05
4.04696e-05
4.04737e-05
4.04777e-05
4.04817e-05
4.04858e-05
4.04903e-05
4.04949e-05
4.04997e-05
4.05046e-05
4.05095e-05
4.05144e-05
4.05194e-05
4.05243e-05
4.05292e-05
4.0534e-05
4.05385e-05
4.05439e-05
4.05468e-05
4.05575e-05
4.05608e-05
4.04216e-05
4.04281e-05
4.04349e-05
4.04428e-05
4.04516e-05
4.04617e-05
4.04731e-05
4.04857e-05
4.04995e-05
4.05153e-05
4.05306e-05
4.0553e-05
4.05645e-05
4.06142e-05
4.07293e-05
3.97784e-05
4.52523e-05
3.13324e-05
3.69673e-06
0
0
0.00769141
0.0927326
0.479124
0.968242
1.24836
1.34016
1.41543
1.56848
1.79213
2.11977
2.53558
3.0171
3.52825
3.99081
4.22348
4.00797
3.49954
3.08223
4.04174e-05
4.04122e-05
4.04101e-05
4.04062e-05
4.04008e-05
4.03951e-05
4.03931e-05
4.03944e-05
4.03977e-05
4.04025e-05
4.04082e-05
4.04142e-05
4.04205e-05
4.0427e-05
4.04332e-05
4.04394e-05
4.04453e-05
4.0451e-05
4.04563e-05
4.04614e-05
4.04664e-05
4.04712e-05
4.04761e-05
4.04813e-05
4.04869e-05
4.04928e-05
4.0499e-05
4.05054e-05
4.0512e-05
4.05189e-05
4.05259e-05
4.05331e-05
4.05404e-05
4.05478e-05
4.05549e-05
4.05628e-05
4.05674e-05
4.05806e-05
4.05812e-05
4.04036e-05
4.041e-05
4.04167e-05
4.04246e-05
4.04332e-05
4.0443e-05
4.0454e-05
4.04662e-05
4.04795e-05
4.04939e-05
4.05105e-05
4.05239e-05
4.05589e-05
4.05308e-05
4.07494e-05
4.02486e-05
4.10738e-05
4.59534e-05
6.18701e-06
5.15994e-07
0
0.00286719
0.0403013
0.382994
0.916375
1.28367
1.44694
1.58205
1.78969
2.08451
2.45728
2.912
3.43485
3.99577
4.51644
4.80207
4.53656
3.82199
3.14948
4.03994e-05
4.03944e-05
4.03924e-05
4.03892e-05
4.03853e-05
4.03811e-05
4.03801e-05
4.03818e-05
4.03854e-05
4.03904e-05
4.03962e-05
4.04024e-05
4.04088e-05
4.04154e-05
4.04218e-05
4.04282e-05
4.04344e-05
4.04404e-05
4.04462e-05
4.04518e-05
4.04573e-05
4.04627e-05
4.04683e-05
4.04742e-05
4.04806e-05
4.04874e-05
4.04946e-05
4.0502e-05
4.05099e-05
4.05181e-05
4.05266e-05
4.05354e-05
4.05443e-05
4.05535e-05
4.05624e-05
4.05721e-05
4.0578e-05
4.0593e-05
4.0593e-05
4.03874e-05
4.03937e-05
4.04004e-05
4.04081e-05
4.04165e-05
4.04261e-05
4.04368e-05
4.04485e-05
4.04613e-05
4.0475e-05
4.04908e-05
4.05041e-05
4.05312e-05
4.05364e-05
4.05697e-05
4.08085e-05
3.9507e-05
4.52424e-05
3.35693e-05
4.99043e-06
0
0
0.0265167
0.274573
0.821387
1.27488
1.51981
1.72582
1.99954
2.34678
2.76312
3.25667
3.81977
4.42673
4.99927
5.33714
5.09297
4.15331
3.20703
4.03832e-05
4.03782e-05
4.03759e-05
4.03729e-05
4.03702e-05
4.03675e-05
4.03673e-05
4.03695e-05
4.03733e-05
4.03784e-05
4.03842e-05
4.03904e-05
4.03969e-05
4.04035e-05
4.04101e-05
4.04166e-05
4.0423e-05
4.04292e-05
4.04352e-05
4.04411e-05
4.04469e-05
4.04528e-05
4.04588e-05
4.04652e-05
4.04722e-05
4.04796e-05
4.04874e-05
4.04957e-05
4.05045e-05
4.05136e-05
4.05232e-05
4.05332e-05
4.05435e-05
4.0554e-05
4.05643e-05
4.05754e-05
4.05823e-05
4.05985e-05
4.05985e-05
4.03727e-05
4.03788e-05
4.03854e-05
4.03929e-05
4.04011e-05
4.04104e-05
4.04208e-05
4.04321e-05
4.04445e-05
4.04577e-05
4.04723e-05
4.04875e-05
4.05024e-05
4.05409e-05
4.04818e-05
4.08288e-05
4.00423e-05
4.09924e-05
4.66942e-05
1.29949e-05
1.07989e-06
0
0.01207
0.167838
0.677975
1.20805
1.54832
1.82776
2.17023
2.5734
3.03606
3.56984
4.1729
4.82328
5.443
5.8286
5.6158
4.49715
3.26101
4.03684e-05
4.03635e-05
4.03609e-05
4.03576e-05
4.03558e-05
4.03544e-05
4.03549e-05
4.03575e-05
4.03614e-05
4.03665e-05
4.03723e-05
4.03785e-05
4.0385e-05
4.03916e-05
4.03982e-05
4.04047e-05
4.04112e-05
4.04175e-05
4.04236e-05
4.04297e-05
4.04357e-05
4.04418e-05
4.04481e-05
4.04549e-05
4.04622e-05
4.04701e-05
4.04784e-05
4.04873e-05
4.04966e-05
4.05065e-05
4.05168e-05
4.05276e-05
4.05388e-05
4.05503e-05
4.05616e-05
4.05737e-05
4.05815e-05
4.05984e-05
4.05993e-05
4.03591e-05
4.0365e-05
4.03713e-05
4.03787e-05
4.03866e-05
4.03956e-05
4.04057e-05
4.04166e-05
4.04286e-05
4.04414e-05
4.04551e-05
4.04707e-05
4.04823e-05
4.05192e-05
4.04895e-05
4.06209e-05
4.07434e-05
3.9175e-05
4.61202e-05
3.53463e-05
2.99695e-06
0
0.00556774
0.0753122
0.495034
1.06801
1.51546
1.88259
2.29841
2.76296
3.27549
3.85144
4.49464
5.18674
5.85044
6.27979
6.09454
4.85747
3.31709
4.03549e-05
4.035e-05
4.03472e-05
4.03436e-05
4.03422e-05
4.03418e-05
4.0343e-05
4.03457e-05
4.03497e-05
4.03548e-05
4.03605e-05
4.03667e-05
4.03731e-05
4.03797e-05
4.03862e-05
4.03927e-05
4.03991e-05
4.04055e-05
4.04117e-05
4.04179e-05
4.0424e-05
4.04303e-05
4.04367e-05
4.04437e-05
4.04513e-05
4.04594e-05
4.04681e-05
4.04773e-05
4.0487e-05
4.04973e-05
4.05082e-05
4.05196e-05
4.05314e-05
4.05435e-05
4.05556e-05
4.05684e-05
4.05771e-05
4.05941e-05
4.05961e-05
4.03463e-05
4.03519e-05
4.03579e-05
4.0365e-05
4.03727e-05
4.03815e-05
4.03913e-05
4.04019e-05
4.04134e-05
4.04258e-05
4.04391e-05
4.04538e-05
4.04673e-05
4.04892e-05
4.05112e-05
4.04702e-05
4.09374e-05
3.9431e-05
4.21381e-05
4.67786e-05
7.82007e-06
0
0.000654641
0.0086195
0.299779
0.852255
1.40038
1.87948
2.3807
2.91354
3.48018
4.10067
4.7846
5.51741
6.22299
6.69398
6.53905
5.23892
3.38067
4.03422e-05
4.03376e-05
4.03347e-05
4.03307e-05
4.03295e-05
4.03298e-05
4.03314e-05
4.03343e-05
4.03383e-05
4.03432e-05
4.03489e-05
4.03549e-05
4.03612e-05
4.03677e-05
4.03742e-05
4.03807e-05
4.0387e-05
4.03933e-05
4.03995e-05
4.04057e-05
4.04119e-05
4.04182e-05
4.04248e-05
4.04319e-05
4.04396e-05
4.04479e-05
4.04567e-05
4.04661e-05
4.0476e-05
4.04866e-05
4.04978e-05
4.05096e-05
4.05218e-05
4.05344e-05
4.0547e-05
4.05604e-05
4.05698e-05
4.05869e-05
4.059e-05
4.0334e-05
4.03392e-05
4.0345e-05
4.03519e-05
4.03594e-05
4.03679e-05
4.03774e-05
4.03877e-05
4.03989e-05
4.04109e-05
4.04238e-05
4.04376e-05
4.04527e-05
4.04657e-05
4.05074e-05
4.04371e-05
4.07783e-05
4.02681e-05
3.94229e-05
4.95343e-05
2.32066e-05
1.9719e-06
0
0.0121559
0.141822
0.589345
1.19039
1.79962
2.41104
3.02239
3.64826
4.31608
5.04171
5.81475
6.561
7.07321
6.95504
5.63794
3.45801
4.03302e-05
4.03258e-05
4.0323e-05
4.03191e-05
4.03177e-05
4.03184e-05
4.03202e-05
4.03231e-05
4.0327e-05
4.03318e-05
4.03373e-05
4.03433e-05
4.03494e-05
4.03558e-05
4.03622e-05
4.03686e-05
4.03749e-05
4.03811e-05
4.03873e-05
4.03934e-05
4.03996e-05
4.04059e-05
4.04126e-05
4.04197e-05
4.04274e-05
4.04357e-05
4.04446e-05
4.0454e-05
4.04641e-05
4.04748e-05
4.04862e-05
4.04982e-05
4.05106e-05
4.05236e-05
4.05365e-05
4.05502e-05
4.05605e-05
4.05775e-05
4.05818e-05
4.03221e-05
4.0327e-05
4.03326e-05
4.03392e-05
4.03464e-05
4.03548e-05
4.0364e-05
4.0374e-05
4.03849e-05
4.03966e-05
4.04091e-05
4.04224e-05
4.04371e-05
4.04498e-05
4.04832e-05
4.04637e-05
4.05519e-05
4.08407e-05
3.87245e-05
4.63637e-05
3.80039e-05
3.29498e-06
0
0.00334309
0.0433539
0.338166
0.903924
1.62478
2.37712
3.08585
3.77727
4.49565
5.26429
6.0775
6.864
7.41827
7.34307
6.05326
3.5574
4.03185e-05
4.03145e-05
4.0312e-05
4.03082e-05
4.03068e-05
4.03075e-05
4.03093e-05
4.03121e-05
4.03159e-05
4.03206e-05
4.0326e-05
4.03317e-05
4.03378e-05
4.03441e-05
4.03503e-05
4.03566e-05
4.03628e-05
4.03689e-05
4.0375e-05
4.03811e-05
4.03872e-05
4.03935e-05
4.04001e-05
4.04072e-05
4.04149e-05
4.04231e-05
4.0432e-05
4.04414e-05
4.04515e-05
4.04623e-05
4.04737e-05
4.04857e-05
4.04983e-05
4.05114e-05
4.05246e-05
4.05385e-05
4.05495e-05
4.05666e-05
4.0572e-05
4.03105e-05
4.03151e-05
4.03205e-05
4.0327e-05
4.0334e-05
4.03421e-05
4.03512e-05
4.0361e-05
4.03716e-05
4.0383e-05
4.0395e-05
4.04081e-05
4.04218e-05
4.04362e-05
4.04565e-05
4.04839e-05
4.04267e-05
4.09452e-05
3.92755e-05
4.22693e-05
4.71395e-05
6.73589e-06
0
0
0.0187886
0.147804
0.59079
1.3548
2.26204
3.09702
3.86437
4.63688
5.45015
6.30386
7.13078
7.72911
7.70142
6.45943
3.68927
4.03071e-05
4.03035e-05
4.03012e-05
4.02978e-05
4.02963e-05
4.02969e-05
4.02986e-05
4.03013e-05
4.0305e-05
4.03095e-05
4.03147e-05
4.03204e-05
4.03263e-05
4.03324e-05
4.03385e-05
4.03447e-05
4.03508e-05
4.03568e-05
4.03628e-05
4.03688e-05
4.03748e-05
4.0381e-05
4.03875e-05
4.03945e-05
4.04021e-05
4.04103e-05
4.0419e-05
4.04284e-05
4.04384e-05
4.04491e-05
4.04605e-05
4.04725e-05
4.04851e-05
4.04983e-05
4.05116e-05
4.05257e-05
4.05372e-05
4.05543e-05
4.0561e-05
4.02992e-05
4.03036e-05
4.03088e-05
4.03152e-05
4.03221e-05
4.033e-05
4.03389e-05
4.03484e-05
4.03588e-05
4.03699e-05
4.03816e-05
4.03943e-05
4.04074e-05
4.04222e-05
4.04367e-05
4.04748e-05
4.04158e-05
4.07462e-05
4.01868e-05
3.95398e-05
5.01411e-05
1.60141e-05
1.40167e-06
0
0.00298031
0.038271
0.31298
1.01964
2.05293
3.04455
3.90545
4.73679
5.5966
6.49148
7.35942
8.00448
8.0285
6.83213
3.8669
4.0296e-05
4.02927e-05
4.02907e-05
4.02876e-05
4.02861e-05
4.02865e-05
4.02881e-05
4.02907e-05
4.02942e-05
4.02986e-05
4.03037e-05
4.03092e-05
4.0315e-05
4.03209e-05
4.03269e-05
4.03329e-05
4.03389e-05
4.03448e-05
4.03507e-05
4.03565e-05
4.03624e-05
4.03685e-05
4.03749e-05
4.03818e-05
4.03893e-05
4.03973e-05
4.04059e-05
4.04151e-05
4.0425e-05
4.04355e-05
4.04468e-05
4.04588e-05
4.04713e-05
4.04845e-05
4.04978e-05
4.0512e-05
4.05239e-05
4.05411e-05
4.05489e-05
4.02883e-05
4.02925e-05
4.02976e-05
4.03038e-05
4.03106e-05
4.03185e-05
4.03272e-05
4.03365e-05
4.03466e-05
4.03574e-05
4.03688e-05
4.03811e-05
4.0394e-05
4.04079e-05
4.04222e-05
4.04504e-05
4.04437e-05
4.0525e-05
4.07524e-05
3.88582e-05
4.67148e-05
3.43828e-05
3.07093e-06
0
0
0.0152547
0.112469
0.669942
1.75294
2.91426
3.89404
4.79204
5.70047
6.63749
7.54737
8.24232
8.32384
7.18324
4.09742
4.02852e-05
4.02822e-05
4.02804e-05
4.02775e-05
4.0276e-05
4.02763e-05
4.02778e-05
4.02803e-05
4.02837e-05
4.0288e-05
4.02929e-05
4.02982e-05
4.03038e-05
4.03096e-05
4.03155e-05
4.03214e-05
4.03272e-05
4.03329e-05
4.03386e-05
4.03444e-05
4.03501e-05
4.03561e-05
4.03623e-05
4.0369e-05
4.03764e-05
4.03842e-05
4.03926e-05
4.04017e-05
4.04114e-05
4.04217e-05
4.04328e-05
4.04446e-05
4.04571e-05
4.04701e-05
4.04835e-05
4.04976e-05
4.05099e-05
4.0527e-05
4.05361e-05
4.02777e-05
4.02818e-05
4.02868e-05
4.0293e-05
4.02997e-05
4.03074e-05
4.03159e-05
4.0325e-05
4.03349e-05
4.03454e-05
4.03566e-05
4.03685e-05
4.0381e-05
4.03944e-05
4.04093e-05
4.04284e-05
4.04531e-05
4.04287e-05
4.08019e-05
3.95158e-05
4.22188e-05
4.59421e-05
7.4737e-06
0
0
0.0019792
0.0252436
0.371251
1.38754
2.69443
3.82044
4.79835
5.75807
6.73847
7.69146
8.43979
8.58666
7.51835
4.38578
4.02748e-05
4.02719e-05
4.02703e-05
4.02676e-05
4.02661e-05
4.02664e-05
4.02678e-05
4.02702e-05
4.02735e-05
4.02775e-05
4.02823e-05
4.02874e-05
4.02929e-05
4.02985e-05
4.03042e-05
4.03099e-05
4.03156e-05
4.03212e-05
4.03267e-05
4.03323e-05
4.03379e-05
4.03437e-05
4.03498e-05
4.03563e-05
4.03635e-05
4.03711e-05
4.03793e-05
4.03881e-05
4.03976e-05
4.04078e-05
4.04186e-05
4.04302e-05
4.04425e-05
4.04554e-05
4.04686e-05
4.04827e-05
4.04953e-05
4.05125e-05
4.05226e-05
4.02675e-05
4.02715e-05
4.02764e-05
4.02825e-05
4.02892e-05
4.02968e-05
4.03051e-05
4.03141e-05
4.03237e-05
4.0334e-05
4.03448e-05
4.03564e-05
4.03686e-05
4.03815e-05
4.03962e-05
4.04127e-05
4.04401e-05
4.04243e-05
4.06185e-05
4.0335e-05
3.97216e-05
4.78116e-05
2.09071e-05
1.90103e-06
0
3.52154e-05
0.000436814
0.159429
1.00381
2.38374
3.672
4.74973
5.76579
6.79013
7.78787
8.59306
8.81519
7.84385
4.73238
4.02647e-05
4.0262e-05
4.02605e-05
4.0258e-05
4.02565e-05
4.02567e-05
4.02581e-05
4.02603e-05
4.02634e-05
4.02673e-05
4.02719e-05
4.02769e-05
4.02821e-05
4.02876e-05
4.02931e-05
4.02987e-05
4.03041e-05
4.03096e-05
4.0315e-05
4.03204e-05
4.03258e-05
4.03314e-05
4.03373e-05
4.03437e-05
4.03506e-05
4.03581e-05
4.0366e-05
4.03746e-05
4.03838e-05
4.03937e-05
4.04043e-05
4.04156e-05
4.04277e-05
4.04404e-05
4.04535e-05
4.04675e-05
4.04803e-05
4.04975e-05
4.05086e-05
4.02577e-05
4.02616e-05
4.02665e-05
4.02726e-05
4.02791e-05
4.02866e-05
4.02948e-05
4.03035e-05
4.0313e-05
4.0323e-05
4.03335e-05
4.03447e-05
4.03566e-05
4.03691e-05
4.03832e-05
4.03996e-05
4.04214e-05
4.04341e-05
4.04799e-05
4.06573e-05
3.94821e-05
4.41278e-05
3.87435e-05
5.94467e-06
0
0
0.00134307
0.0160497
0.637437
1.9941
3.43546
4.6371
5.71909
6.78883
7.83191
8.69733
9.00619
8.15861
5.14519
4.02549e-05
4.02524e-05
4.0251e-05
4.02486e-05
4.02471e-05
4.02473e-05
4.02486e-05
4.02507e-05
4.02536e-05
4.02574e-05
4.02617e-05
4.02665e-05
4.02716e-05
4.02769e-05
4.02822e-05
4.02875e-05
4.02929e-05
4.02981e-05
4.03033e-05
4.03086e-05
4.03139e-05
4.03193e-05
4.0325e-05
4.03312e-05
4.03378e-05
4.0345e-05
4.03527e-05
4.0361e-05
4.03699e-05
4.03796e-05
4.03899e-05
4.0401e-05
4.04128e-05
4.04252e-05
4.04382e-05
4.04521e-05
4.04651e-05
4.04822e-05
4.04942e-05
4.02482e-05
4.0252e-05
4.02569e-05
4.0263e-05
4.02694e-05
4.02768e-05
4.02849e-05
4.02934e-05
4.03026e-05
4.03124e-05
4.03227e-05
4.03336e-05
4.03452e-05
4.03573e-05
4.03707e-05
4.03867e-05
4.04055e-05
4.0428e-05
4.04382e-05
4.06083e-05
4.00984e-05
4.08968e-05
4.56982e-05
1.51532e-05
1.41262e-06
0
0
0.0293328
0.342982
1.54865
3.09928
4.44737
5.61162
6.73024
7.81917
8.74742
9.15476
8.4578
5.61077
4.02454e-05
4.02431e-05
4.02418e-05
4.02395e-05
4.0238e-05
4.02382e-05
4.02393e-05
4.02413e-05
4.02441e-05
4.02476e-05
4.02518e-05
4.02564e-05
4.02612e-05
4.02663e-05
4.02714e-05
4.02766e-05
4.02817e-05
4.02868e-05
4.02919e-05
4.02969e-05
4.0302e-05
4.03072e-05
4.03127e-05
4.03187e-05
4.03251e-05
4.03321e-05
4.03395e-05
4.03475e-05
4.03561e-05
4.03655e-05
4.03755e-05
4.03863e-05
4.03978e-05
4.041e-05
4.04228e-05
4.04365e-05
4.04496e-05
4.04667e-05
4.04794e-05
4.0239e-05
4.02429e-05
4.02478e-05
4.02538e-05
4.02601e-05
4.02674e-05
4.02753e-05
4.02837e-05
4.02927e-05
4.03022e-05
4.03122e-05
4.03228e-05
4.03341e-05
4.03458e-05
4.03587e-05
4.03737e-05
4.03921e-05
4.04124e-05
4.04337e-05
4.05002e-05
4.04756e-05
4.00336e-05
4.36506e-05
3.657e-05
6.61914e-06
0
0
0.0109231
0.137087
1.09256
2.66164
4.16257
5.43321
6.60892
7.74514
8.7372
9.25425
8.72991
6.13268
4.02363e-05
4.0234e-05
4.02328e-05
4.02307e-05
4.02292e-05
4.02292e-05
4.02303e-05
4.02321e-05
4.02347e-05
4.0238e-05
4.0242e-05
4.02464e-05
4.0251e-05
4.02559e-05
4.02608e-05
4.02658e-05
4.02707e-05
4.02756e-05
4.02805e-05
4.02854e-05
4.02903e-05
4.02953e-05
4.03006e-05
4.03063e-05
4.03125e-05
4.03192e-05
4.03263e-05
4.03341e-05
4.03424e-05
4.03514e-05
4.03611e-05
4.03716e-05
4.03828e-05
4.03947e-05
4.04073e-05
4.04209e-05
4.0434e-05
4.0451e-05
4.04643e-05
4.02302e-05
4.0234e-05
4.0239e-05
4.02449e-05
4.02512e-05
4.02584e-05
4.02661e-05
4.02743e-05
4.02831e-05
4.02924e-05
4.03021e-05
4.03124e-05
4.03234e-05
4.03349e-05
4.03472e-05
4.03612e-05
4.03789e-05
4.03969e-05
4.04242e-05
4.04531e-05
4.05071e-05
4.03278e-05
4.08883e-05
4.42802e-05
2.05013e-05
1.95109e-06
0
0
0.0750847
0.657935
2.13232
3.76216
5.16697
6.41647
7.60379
8.6613
9.29631
8.96225
6.70051
4.02275e-05
4.02252e-05
4.02241e-05
4.0222e-05
4.02205e-05
4.02206e-05
4.02215e-05
4.02231e-05
4.02255e-05
4.02287e-05
4.02324e-05
4.02365e-05
4.0241e-05
4.02456e-05
4.02504e-05
4.02551e-05
4.02599e-05
4.02646e-05
4.02693e-05
4.02739e-05
4.02786e-05
4.02835e-05
4.02885e-05
4.0294e-05
4.03e-05
4.03064e-05
4.03133e-05
4.03207e-05
4.03287e-05
4.03374e-05
4.03468e-05
4.0357e-05
4.03679e-05
4.03795e-05
4.03919e-05
4.04052e-05
4.04184e-05
4.04353e-05
4.04491e-05
4.02217e-05
4.02255e-05
4.02305e-05
4.02364e-05
4.02426e-05
4.02497e-05
4.02573e-05
4.02653e-05
4.02739e-05
4.02829e-05
4.02924e-05
4.03024e-05
4.03131e-05
4.03243e-05
4.03362e-05
4.03496e-05
4.03658e-05
4.03838e-05
4.04061e-05
4.04431e-05
4.04399e-05
4.058e-05
4.01312e-05
4.25817e-05
3.93919e-05
6.96921e-06
0
0
0.0253985
0.315818
1.54189
3.2275
4.78679
6.13819
7.38654
8.51223
9.26983
9.14024
7.24042
4.02189e-05
4.02167e-05
4.02156e-05
4.02137e-05
4.02121e-05
4.02121e-05
4.02129e-05
4.02144e-05
4.02166e-05
4.02195e-05
4.0223e-05
4.02269e-05
4.02311e-05
4.02355e-05
4.02401e-05
4.02446e-05
4.02492e-05
4.02537e-05
4.02582e-05
4.02626e-05
4.02671e-05
4.02717e-05
4.02766e-05
4.02818e-05
4.02876e-05
4.02937e-05
4.03003e-05
4.03074e-05
4.03152e-05
4.03235e-05
4.03326e-05
4.03424e-05
4.0353e-05
4.03644e-05
4.03764e-05
4.03896e-05
4.04027e-05
4.04195e-05
4.04337e-05
4.02135e-05
4.02173e-05
4.02223e-05
4.02282e-05
4.02344e-05
4.02413e-05
4.02488e-05
4.02567e-05
4.0265e-05
4.02738e-05
4.02831e-05
4.02928e-05
4.03031e-05
4.0314e-05
4.03256e-05
4.03385e-05
4.03535e-05
4.03718e-05
4.03885e-05
4.04318e-05
4.04112e-05
4.05495e-05
4.04765e-05
4.00683e-05
4.55534e-05
2.06412e-05
1.98536e-06
0
0.00714788
0.0863787
0.956858
2.56153
4.25942
5.74857
7.07935
8.27915
9.16236
9.2493
7.73546
4.02107e-05
4.02085e-05
4.02074e-05
4.02055e-05
4.0204e-05
4.02039e-05
4.02045e-05
4.02058e-05
4.02078e-05
4.02104e-05
4.02137e-05
4.02174e-05
4.02214e-05
4.02256e-05
4.02299e-05
4.02342e-05
4.02386e-05
4.02429e-05
4.02471e-05
4.02514e-05
4.02557e-05
4.02601e-05
4.02648e-05
4.02698e-05
4.02753e-05
4.02811e-05
4.02875e-05
4.02943e-05
4.03017e-05
4.03098e-05
4.03186e-05
4.0328e-05
4.03383e-05
4.03493e-05
4.03611e-05
4.03741e-05
4.03871e-05
4.04037e-05
4.04182e-05
4.02056e-05
4.02095e-05
4.02145e-05
4.02203e-05
4.02265e-05
4.02333e-05
4.02406e-05
4.02483e-05
4.02565e-05
4.02651e-05
4.0274e-05
4.02835e-05
4.02935e-05
4.03041e-05
4.03153e-05
4.03278e-05
4.0342e-05
4.03599e-05
4.03754e-05
4.04106e-05
4.04199e-05
4.04264e-05
4.07996e-05
3.93705e-05
4.3691e-05
3.9224e-05
4.3049e-06
0
0
0.0527974
0.469555
1.80946
3.55877
5.20864
6.65775
7.94623
8.9573
9.27139
8.1627
4.02027e-05
4.02005e-05
4.01993e-05
4.01975e-05
4.0196e-05
4.01958e-05
4.01963e-05
4.01974e-05
4.01992e-05
4.02016e-05
4.02046e-05
4.0208e-05
4.02117e-05
4.02157e-05
4.02198e-05
4.02239e-05
4.02281e-05
4.02322e-05
4.02363e-05
4.02403e-05
4.02444e-05
4.02486e-05
4.0253e-05
4.02579e-05
4.02631e-05
4.02687e-05
4.02748e-05
4.02813e-05
4.02884e-05
4.02962e-05
4.03046e-05
4.03138e-05
4.03237e-05
4.03344e-05
4.03459e-05
4.03586e-05
4.03716e-05
4.0388e-05
4.04027e-05
4.01979e-05
4.02019e-05
4.02069e-05
4.02128e-05
4.02188e-05
4.02256e-05
4.02328e-05
4.02403e-05
4.02482e-05
4.02566e-05
4.02653e-05
4.02745e-05
4.02842e-05
4.02945e-05
4.03053e-05
4.03174e-05
4.03311e-05
4.03477e-05
4.03648e-05
4.03881e-05
4.04269e-05
4.03624e-05
4.07716e-05
3.99129e-05
4.05825e-05
4.71375e-05
2.94407e-06
2.85605e-07
0
0.0129587
0.154985
1.07558
2.69945
4.47577
6.08203
7.4884
8.63372
9.18578
8.49565
4.0195e-05
4.01928e-05
4.01916e-05
4.01898e-05
4.01883e-05
4.0188e-05
4.01884e-05
4.01892e-05
4.01907e-05
4.01929e-05
4.01956e-05
4.01987e-05
4.02022e-05
4.0206e-05
4.02098e-05
4.02138e-05
4.02177e-05
4.02216e-05
4.02255e-05
4.02294e-05
4.02333e-05
4.02373e-05
4.02415e-05
4.02461e-05
4.0251e-05
4.02564e-05
4.02622e-05
4.02685e-05
4.02753e-05
4.02827e-05
4.02909e-05
4.02997e-05
4.03093e-05
4.03197e-05
4.03309e-05
4.03434e-05
4.03561e-05
4.03724e-05
4.03872e-05
4.01906e-05
4.01946e-05
4.01996e-05
4.02055e-05
4.02115e-05
4.02181e-05
4.02252e-05
4.02325e-05
4.02403e-05
4.02484e-05
4.02569e-05
4.02658e-05
4.02752e-05
4.02852e-05
4.02957e-05
4.03073e-05
4.03205e-05
4.03359e-05
4.0354e-05
4.0371e-05
4.04149e-05
4.03713e-05
4.05633e-05
4.0591e-05
3.90245e-05
4.6922e-05
2.80129e-05
2.78095e-06
0
0
0.0661619
0.487276
1.77099
3.5356
5.30119
6.86614
8.1648
8.96408
8.699
4.01875e-05
4.01853e-05
4.0184e-05
4.01823e-05
4.01808e-05
4.01804e-05
4.01806e-05
4.01812e-05
4.01824e-05
4.01843e-05
4.01867e-05
4.01896e-05
4.01929e-05
4.01964e-05
4.02e-05
4.02037e-05
4.02074e-05
4.02112e-05
4.02148e-05
4.02185e-05
4.02222e-05
4.0226e-05
4.023e-05
4.02344e-05
4.02391e-05
4.02443e-05
4.02498e-05
4.02558e-05
4.02624e-05
4.02695e-05
4.02773e-05
4.02858e-05
4.02951e-05
4.03052e-05
4.03161e-05
4.03283e-05
4.03409e-05
4.0357e-05
4.03718e-05
4.01835e-05
4.01876e-05
4.01926e-05
4.01984e-05
4.02044e-05
4.02109e-05
4.02178e-05
4.0225e-05
4.02326e-05
4.02405e-05
4.02488e-05
4.02575e-05
4.02666e-05
4.02763e-05
4.02865e-05
4.02976e-05
4.03101e-05
4.03246e-05
4.03421e-05
4.03587e-05
4.03916e-05
4.03991e-05
4.04001e-05
4.08331e-05
3.91866e-05
4.3265e-05
4.23098e-05
5.38315e-06
0
0
0.0117585
0.139081
0.934638
2.4526
4.28116
6.02552
7.51087
8.56725
8.73394
4.01804e-05
4.0178e-05
4.01767e-05
4.0175e-05
4.01734e-05
4.0173e-05
4.01729e-05
4.01733e-05
4.01743e-05
4.01758e-05
4.0178e-05
4.01806e-05
4.01836e-05
4.01869e-05
4.01903e-05
4.01938e-05
4.01973e-05
4.02008e-05
4.02043e-05
4.02078e-05
4.02113e-05
4.02149e-05
4.02187e-05
4.02229e-05
4.02274e-05
4.02323e-05
4.02376e-05
4.02433e-05
4.02496e-05
4.02565e-05
4.0264e-05
4.02722e-05
4.02812e-05
4.0291e-05
4.03016e-05
4.03135e-05
4.03259e-05
4.03417e-05
4.03565e-05
4.01767e-05
4.01808e-05
4.01859e-05
4.01917e-05
4.01975e-05
4.0204e-05
4.02108e-05
4.02178e-05
4.02252e-05
4.02329e-05
4.0241e-05
4.02494e-05
4.02583e-05
4.02676e-05
4.02776e-05
4.02882e-05
4.03001e-05
4.03137e-05
4.03299e-05
4.03475e-05
4.03698e-05
4.04051e-05
4.03554e-05
4.06913e-05
4.00699e-05
3.99937e-05
4.85041e-05
7.35198e-06
7.3747e-07
0
0
0.052917
0.356293
1.40495
3.06555
4.92175
6.61808
7.94755
8.55288
4.01734e-05
4.0171e-05
4.01696e-05
4.01679e-05
4.01663e-05
4.01657e-05
4.01655e-05
4.01656e-05
4.01662e-05
4.01675e-05
4.01694e-05
4.01717e-05
4.01745e-05
4.01775e-05
4.01807e-05
4.0184e-05
4.01873e-05
4.01906e-05
4.01939e-05
4.01972e-05
4.02005e-05
4.0204e-05
4.02076e-05
4.02115e-05
4.02159e-05
4.02205e-05
4.02256e-05
4.02311e-05
4.02371e-05
4.02437e-05
4.02509e-05
4.02588e-05
4.02675e-05
4.0277e-05
4.02873e-05
4.0299e-05
4.03112e-05
4.03267e-05
4.03415e-05
4.01701e-05
4.01743e-05
4.01794e-05
4.01851e-05
4.01909e-05
4.01973e-05
4.02039e-05
4.02108e-05
4.02181e-05
4.02256e-05
4.02334e-05
4.02416e-05
4.02502e-05
4.02593e-05
4.02689e-05
4.02792e-05
4.02906e-05
4.03036e-05
4.03185e-05
4.03359e-05
4.03538e-05
4.03887e-05
4.03737e-05
4.04757e-05
4.06652e-05
3.8949e-05
4.62812e-05
3.18333e-05
3.26636e-06
0
0
0.00627455
0.0733777
0.608485
1.83279
3.58376
5.43787
7.05265
8.0916
4.01667e-05
4.01642e-05
4.01626e-05
4.01609e-05
4.01594e-05
4.01587e-05
4.01582e-05
4.0158e-05
4.01583e-05
4.01593e-05
4.01609e-05
4.01629e-05
4.01654e-05
4.01682e-05
4.01712e-05
4.01743e-05
4.01774e-05
4.01805e-05
4.01837e-05
4.01868e-05
4.01899e-05
4.01932e-05
4.01966e-05
4.02004e-05
4.02045e-05
4.0209e-05
4.02138e-05
4.02191e-05
4.02249e-05
4.02312e-05
4.02382e-05
4.02458e-05
4.02542e-05
4.02634e-05
4.02734e-05
4.02848e-05
4.02968e-05
4.0312e-05
4.03267e-05
4.01637e-05
4.0168e-05
4.01731e-05
4.01788e-05
4.01846e-05
4.01908e-05
4.01974e-05
4.02041e-05
4.02112e-05
4.02185e-05
4.02261e-05
4.02341e-05
4.02425e-05
4.02513e-05
4.02606e-05
4.02705e-05
4.02815e-05
4.02939e-05
4.0308e-05
4.03244e-05
4.03416e-05
4.0367e-05
4.03873e-05
4.03727e-05
4.07122e-05
3.95813e-05
4.19118e-05
4.51438e-05
8.47558e-06
0
0
0.000128082
0.00145614
0.177838
0.847108
2.19099
3.99199
5.83534
7.28814
4.01602e-05
4.01576e-05
4.01559e-05
4.01542e-05
4.01526e-05
4.01518e-05
4.01511e-05
4.01506e-05
4.01506e-05
4.01512e-05
4.01524e-05
4.01543e-05
4.01565e-05
4.01591e-05
4.01618e-05
4.01647e-05
4.01677e-05
4.01706e-05
4.01736e-05
4.01765e-05
4.01795e-05
4.01826e-05
4.01859e-05
4.01894e-05
4.01934e-05
4.01977e-05
4.02023e-05
4.02074e-05
4.0213e-05
4.02191e-05
4.02258e-05
4.02331e-05
4.02412e-05
4.02501e-05
4.02599e-05
4.02709e-05
4.02827e-05
4.02977e-05
4.03121e-05
4.01576e-05
4.01619e-05
4.0167e-05
4.01727e-05
4.01784e-05
4.01846e-05
4.0191e-05
4.01976e-05
4.02046e-05
4.02117e-05
4.02191e-05
4.02269e-05
4.0235e-05
4.02435e-05
4.02526e-05
4.02622e-05
4.02728e-05
4.02846e-05
4.0298e-05
4.03134e-05
4.03304e-05
4.03499e-05
4.0379e-05
4.03631e-05
4.05299e-05
4.03581e-05
3.95771e-05
4.65502e-05
2.58493e-05
2.68192e-06
0
0
0.00194576
0.0197402
0.270199
1.04346
2.46463
4.31672
6.10297
4.0154e-05
4.01512e-05
4.01494e-05
4.01476e-05
4.0146e-05
4.01451e-05
4.01441e-05
4.01432e-05
4.01429e-05
4.01432e-05
4.01441e-05
4.01457e-05
4.01477e-05
4.01501e-05
4.01526e-05
4.01553e-05
4.01581e-05
4.01609e-05
4.01637e-05
4.01665e-05
4.01693e-05
4.01722e-05
4.01753e-05
4.01788e-05
4.01826e-05
4.01867e-05
4.01911e-05
4.0196e-05
4.02014e-05
4.02073e-05
4.02137e-05
4.02208e-05
4.02286e-05
4.02373e-05
4.02468e-05
4.02575e-05
4.0269e-05
4.02837e-05
4.02979e-05
4.01517e-05
4.0156e-05
4.01612e-05
4.01668e-05
4.01725e-05
4.01785e-05
4.01849e-05
4.01914e-05
4.01982e-05
4.02052e-05
4.02124e-05
4.02199e-05
4.02278e-05
4.02361e-05
4.02449e-05
4.02541e-05
4.02643e-05
4.02757e-05
4.02885e-05
4.0303e-05
4.03194e-05
4.03369e-05
4.03616e-05
4.03712e-05
4.04045e-05
4.05904e-05
3.96306e-05
4.25763e-05
4.21709e-05
8.18037e-06
0
0
0
0.00690161
0.0428096
0.348752
1.18707
2.68842
4.56757
4.01479e-05
4.0145e-05
4.0143e-05
4.01413e-05
4.01396e-05
4.01385e-05
4.01372e-05
4.0136e-05
4.01353e-05
4.01353e-05
4.0136e-05
4.01372e-05
4.0139e-05
4.01412e-05
4.01436e-05
4.01461e-05
4.01487e-05
4.01513e-05
4.0154e-05
4.01566e-05
4.01593e-05
4.01621e-05
4.01651e-05
4.01684e-05
4.0172e-05
4.0176e-05
4.01803e-05
4.0185e-05
4.01901e-05
4.01958e-05
4.02021e-05
4.02089e-05
4.02165e-05
4.02248e-05
4.02341e-05
4.02445e-05
4.02558e-05
4.02701e-05
4.0284e-05
4.01459e-05
4.01504e-05
4.01555e-05
4.01612e-05
4.01667e-05
4.01727e-05
4.0179e-05
4.01853e-05
4.0192e-05
4.01988e-05
4.02059e-05
4.02132e-05
4.02209e-05
4.02289e-05
4.02374e-05
4.02464e-05
4.02562e-05
4.02671e-05
4.02793e-05
4.0293e-05
4.03085e-05
4.03254e-05
4.03453e-05
4.03664e-05
4.03691e-05
4.05062e-05
4.02404e-05
4.00535e-05
4.54258e-05
2.58295e-05
2.71215e-06
0
0
0
0.0125942
0.0654277
0.40403
1.30685
2.89846
4.01421e-05
4.01391e-05
4.01369e-05
4.0135e-05
4.01334e-05
4.01321e-05
4.01305e-05
4.01289e-05
4.01278e-05
4.01275e-05
4.01279e-05
4.01289e-05
4.01305e-05
4.01325e-05
4.01347e-05
4.01371e-05
4.01395e-05
4.0142e-05
4.01445e-05
4.01471e-05
4.01496e-05
4.01523e-05
4.01551e-05
4.01583e-05
4.01618e-05
4.01656e-05
4.01698e-05
4.01743e-05
4.01793e-05
4.01848e-05
4.01908e-05
4.01975e-05
4.02048e-05
4.02129e-05
4.02218e-05
4.02319e-05
4.02429e-05
4.02568e-05
4.02705e-05
4.01404e-05
4.01449e-05
4.01501e-05
4.01556e-05
4.01612e-05
4.01671e-05
4.01732e-05
4.01795e-05
4.0186e-05
4.01927e-05
4.01996e-05
4.02067e-05
4.02142e-05
4.0222e-05
4.02302e-05
4.0239e-05
4.02484e-05
4.02588e-05
4.02703e-05
4.02833e-05
4.02979e-05
4.0314e-05
4.03316e-05
4.03527e-05
4.03631e-05
4.04114e-05
4.04758e-05
3.98878e-05
4.21627e-05
4.27129e-05
8.97717e-06
0
0
0
0.000288647
0.00337949
0.0828349
0.445792
1.47852
4.01364e-05
4.01333e-05
4.01308e-05
4.0129e-05
4.01273e-05
4.01258e-05
4.01238e-05
4.01219e-05
4.01205e-05
4.01198e-05
4.01199e-05
4.01208e-05
4.01222e-05
4.0124e-05
4.01261e-05
4.01283e-05
4.01306e-05
4.0133e-05
4.01354e-05
4.01378e-05
4.01402e-05
4.01428e-05
4.01455e-05
4.01486e-05
4.0152e-05
4.01557e-05
4.01597e-05
4.01641e-05
4.01689e-05
4.01742e-05
4.018e-05
4.01864e-05
4.01935e-05
4.02013e-05
4.021e-05
4.02198e-05
4.02304e-05
4.0244e-05
4.02573e-05
4.0135e-05
4.01396e-05
4.01447e-05
4.01503e-05
4.01558e-05
4.01616e-05
4.01677e-05
4.01739e-05
4.01803e-05
4.01868e-05
4.01935e-05
4.02005e-05
4.02077e-05
4.02153e-05
4.02233e-05
4.02318e-05
4.02409e-05
4.02508e-05
4.02617e-05
4.0274e-05
4.02876e-05
4.03027e-05
4.0319e-05
4.03376e-05
4.03544e-05
4.03716e-05
4.04516e-05
4.02657e-05
4.02774e-05
4.39805e-05
3.08686e-05
5.817e-06
0
0
0
0.000901532
0.00405586
0.0766185
0.577792
4.0131e-05
4.01276e-05
4.0125e-05
4.01231e-05
4.01213e-05
4.01196e-05
4.01173e-05
4.0115e-05
4.01132e-05
4.01123e-05
4.01121e-05
4.01128e-05
4.0114e-05
4.01157e-05
4.01177e-05
4.01198e-05
4.0122e-05
4.01242e-05
4.01265e-05
4.01288e-05
4.01312e-05
4.01336e-05
4.01363e-05
4.01392e-05
4.01425e-05
4.01461e-05
4.015e-05
4.01542e-05
4.01589e-05
4.0164e-05
4.01696e-05
4.01758e-05
4.01826e-05
4.01902e-05
4.01985e-05
4.0208e-05
4.02183e-05
4.02314e-05
4.02443e-05
4.01298e-05
4.01344e-05
4.01396e-05
4.01452e-05
4.01506e-05
4.01564e-05
4.01624e-05
4.01684e-05
4.01747e-05
4.01811e-05
4.01877e-05
4.01945e-05
4.02016e-05
4.02089e-05
4.02167e-05
4.02249e-05
4.02337e-05
4.02432e-05
4.02536e-05
4.02652e-05
4.0278e-05
4.0292e-05
4.03072e-05
4.03235e-05
4.0341e-05
4.03554e-05
4.03953e-05
4.04118e-05
4.01497e-05
4.13953e-05
4.27075e-05
1.76871e-05
2.68454e-06
0
0
0
0.000686649
0.0269115
0.1728
4.01256e-05
4.01222e-05
4.01193e-05
4.01173e-05
4.01155e-05
4.01135e-05
4.01109e-05
4.01081e-05
4.0106e-05
4.01048e-05
4.01045e-05
4.0105e-05
4.01061e-05
4.01077e-05
4.01095e-05
4.01116e-05
4.01137e-05
4.01158e-05
4.0118e-05
4.01202e-05
4.01225e-05
4.01248e-05
4.01274e-05
4.01302e-05
4.01334e-05
4.01369e-05
4.01407e-05
4.01448e-05
4.01493e-05
4.01542e-05
4.01596e-05
4.01656e-05
4.01721e-05
4.01794e-05
4.01874e-05
4.01965e-05
4.02065e-05
4.02191e-05
4.02315e-05
4.01248e-05
4.01294e-05
4.01346e-05
4.01401e-05
4.01455e-05
4.01513e-05
4.01572e-05
4.01632e-05
4.01694e-05
4.01757e-05
4.01821e-05
4.01887e-05
4.01956e-05
4.02028e-05
4.02103e-05
4.02183e-05
4.02267e-05
4.02359e-05
4.02459e-05
4.0257e-05
4.0269e-05
4.02822e-05
4.02963e-05
4.0311e-05
4.03269e-05
4.03423e-05
4.03633e-05
4.04035e-05
4.03284e-05
4.03764e-05
4.21326e-05
3.82525e-05
5.69563e-06
5.93081e-07
0
0
0
0.00309501
0.0383485
4.01205e-05
4.01169e-05
4.01138e-05
4.01117e-05
4.01098e-05
4.01076e-05
4.01045e-05
4.01014e-05
4.0099e-05
4.00975e-05
4.00971e-05
4.00974e-05
4.00985e-05
4.01e-05
4.01017e-05
4.01037e-05
4.01057e-05
4.01078e-05
4.01099e-05
4.0112e-05
4.01142e-05
4.01164e-05
4.01189e-05
4.01217e-05
4.01247e-05
4.01281e-05
4.01317e-05
4.01357e-05
4.014e-05
4.01448e-05
4.015e-05
4.01557e-05
4.01619e-05
4.01689e-05
4.01765e-05
4.01853e-05
4.01948e-05
4.02069e-05
4.02188e-05
4.01199e-05
4.01246e-05
4.01298e-05
4.01353e-05
4.01406e-05
4.01463e-05
4.01522e-05
4.01581e-05
4.01642e-05
4.01703e-05
4.01766e-05
4.01831e-05
4.01898e-05
4.01968e-05
4.02041e-05
4.02119e-05
4.02201e-05
4.02289e-05
4.02386e-05
4.02491e-05
4.02606e-05
4.0273e-05
4.02861e-05
4.02997e-05
4.03139e-05
4.03289e-05
4.03448e-05
4.03722e-05
4.03839e-05
4.03165e-05
4.07336e-05
4.18598e-05
3.35601e-05
7.93264e-06
0
0
0
0.000341354
0.00409718
4.01155e-05
4.01118e-05
4.01085e-05
4.01062e-05
4.01043e-05
4.01018e-05
4.00983e-05
4.00948e-05
4.0092e-05
4.00904e-05
4.00898e-05
4.00901e-05
4.00911e-05
4.00925e-05
4.00942e-05
4.00961e-05
4.00981e-05
4.01001e-05
4.01021e-05
4.01041e-05
4.01062e-05
4.01084e-05
4.01108e-05
4.01134e-05
4.01164e-05
4.01197e-05
4.01232e-05
4.0127e-05
4.01311e-05
4.01356e-05
4.01406e-05
4.0146e-05
4.0152e-05
4.01585e-05
4.01658e-05
4.01741e-05
4.01832e-05
4.01947e-05
4.02061e-05
4.01151e-05
4.01198e-05
4.0125e-05
4.01305e-05
4.01359e-05
4.01415e-05
4.01473e-05
4.01531e-05
4.01591e-05
4.01652e-05
4.01714e-05
4.01777e-05
4.01843e-05
4.01911e-05
4.01982e-05
4.02057e-05
4.02136e-05
4.02222e-05
4.02315e-05
4.02416e-05
4.02525e-05
4.02642e-05
4.02766e-05
4.02892e-05
4.03021e-05
4.03159e-05
4.03305e-05
4.03493e-05
4.03734e-05
4.03644e-05
4.03878e-05
4.09286e-05
4.10479e-05
3.04138e-05
7.18817e-06
0
0
0
0.000689424
4.01107e-05
4.01068e-05
4.01033e-05
4.01009e-05
4.00989e-05
4.0096e-05
4.00921e-05
4.00882e-05
4.00852e-05
4.00835e-05
4.00828e-05
4.00831e-05
4.0084e-05
4.00854e-05
4.00871e-05
4.00889e-05
4.00908e-05
4.00928e-05
4.00947e-05
4.00967e-05
4.00986e-05
4.01007e-05
4.0103e-05
4.01055e-05
4.01084e-05
4.01115e-05
4.01148e-05
4.01184e-05
4.01224e-05
4.01267e-05
4.01313e-05
4.01365e-05
4.01421e-05
4.01483e-05
4.01552e-05
4.0163e-05
4.01716e-05
4.01824e-05
4.01933e-05
4.01105e-05
4.01152e-05
4.01204e-05
4.01259e-05
4.01312e-05
4.01368e-05
4.01426e-05
4.01484e-05
4.01543e-05
4.01602e-05
4.01663e-05
4.01725e-05
4.01789e-05
4.01855e-05
4.01924e-05
4.01997e-05
4.02074e-05
4.02157e-05
4.02247e-05
4.02343e-05
4.02447e-05
4.02558e-05
4.02674e-05
4.02792e-05
4.02911e-05
4.03037e-05
4.03174e-05
4.03326e-05
4.0353e-05
4.03681e-05
4.03681e-05
4.04625e-05
4.0947e-05
4.04674e-05
2.75497e-05
6.51557e-06
0
0
0
4.0106e-05
4.0102e-05
4.00982e-05
4.00957e-05
4.00936e-05
4.00904e-05
4.0086e-05
4.00818e-05
4.00786e-05
4.00767e-05
4.00761e-05
4.00764e-05
4.00773e-05
4.00787e-05
4.00803e-05
4.00821e-05
4.0084e-05
4.00858e-05
4.00876e-05
4.00895e-05
4.00914e-05
4.00933e-05
4.00955e-05
4.00979e-05
4.01006e-05
4.01035e-05
4.01067e-05
4.01101e-05
4.01138e-05
4.01178e-05
4.01221e-05
4.01269e-05
4.01322e-05
4.0138e-05
4.01444e-05
4.01517e-05
4.01598e-05
4.017e-05
4.01802e-05
4.0106e-05
4.01108e-05
4.0116e-05
4.01214e-05
4.01267e-05
4.01323e-05
4.0138e-05
4.01437e-05
4.01495e-05
4.01554e-05
4.01614e-05
4.01674e-05
4.01737e-05
4.01801e-05
4.01869e-05
4.0194e-05
4.02015e-05
4.02095e-05
4.02181e-05
4.02273e-05
4.02372e-05
4.02477e-05
4.02586e-05
4.02696e-05
4.02806e-05
4.02922e-05
4.03048e-05
4.03185e-05
4.03349e-05
4.0354e-05
4.03647e-05
4.03859e-05
4.05035e-05
4.09077e-05
3.99064e-05
2.49632e-05
5.90068e-06
0
0
4.01014e-05
4.00973e-05
4.00933e-05
4.00907e-05
4.00884e-05
4.00848e-05
4.008e-05
4.00754e-05
4.00721e-05
4.00703e-05
4.00696e-05
4.00699e-05
4.00709e-05
4.00723e-05
4.00739e-05
4.00756e-05
4.00774e-05
4.00792e-05
4.00809e-05
4.00826e-05
4.00844e-05
4.00862e-05
4.00882e-05
4.00905e-05
4.0093e-05
4.00957e-05
4.00986e-05
4.01018e-05
4.01052e-05
4.01089e-05
4.01129e-05
4.01173e-05
4.01222e-05
4.01276e-05
4.01335e-05
4.01403e-05
4.01478e-05
4.01573e-05
4.01668e-05
4.01016e-05
4.01064e-05
4.01116e-05
4.01171e-05
4.01223e-05
4.01279e-05
4.01335e-05
4.01392e-05
4.01449e-05
4.01507e-05
4.01566e-05
4.01625e-05
4.01686e-05
4.01749e-05
4.01815e-05
4.01884e-05
4.01957e-05
4.02034e-05
4.02117e-05
4.02205e-05
4.02299e-05
4.02399e-05
4.02501e-05
4.02604e-05
4.02705e-05
4.02811e-05
4.02927e-05
4.03053e-05
4.03193e-05
4.03367e-05
4.03524e-05
4.0367e-05
4.04082e-05
4.04908e-05
4.08976e-05
3.96447e-05
2.25932e-05
4.01992e-06
0
4.00969e-05
4.00927e-05
4.00886e-05
4.00858e-05
4.00833e-05
4.00793e-05
4.00741e-05
4.00692e-05
4.00659e-05
4.0064e-05
4.00635e-05
4.00639e-05
4.00649e-05
4.00663e-05
4.00678e-05
4.00695e-05
4.00711e-05
4.00728e-05
4.00744e-05
4.0076e-05
4.00776e-05
4.00793e-05
4.00811e-05
4.00831e-05
4.00854e-05
4.00879e-05
4.00906e-05
4.00934e-05
4.00965e-05
4.00999e-05
4.01036e-05
4.01076e-05
4.01121e-05
4.0117e-05
4.01224e-05
4.01287e-05
4.01356e-05
4.01444e-05
4.01532e-05
4.00973e-05
4.01021e-05
4.01073e-05
4.01128e-05
4.01181e-05
4.01236e-05
4.01292e-05
4.01347e-05
4.01404e-05
4.01461e-05
4.01519e-05
4.01577e-05
4.01637e-05
4.01699e-05
4.01763e-05
4.0183e-05
4.01901e-05
4.01976e-05
4.02056e-05
4.02141e-05
4.02231e-05
4.02325e-05
4.02421e-05
4.02517e-05
4.02611e-05
4.02708e-05
4.02813e-05
4.02928e-05
4.03054e-05
4.03201e-05
4.03368e-05
4.03506e-05
4.03775e-05
4.04069e-05
4.04852e-05
4.09024e-05
3.951e-05
1.17257e-05
2.94812e-06
4.00925e-05
4.00882e-05
4.0084e-05
4.00811e-05
4.00783e-05
4.00738e-05
4.00682e-05
4.00632e-05
4.00598e-05
4.00581e-05
4.00577e-05
4.00581e-05
4.00592e-05
4.00605e-05
4.0062e-05
4.00636e-05
4.00651e-05
4.00666e-05
4.00681e-05
4.00695e-05
4.00709e-05
4.00724e-05
4.0074e-05
4.00758e-05
4.00779e-05
4.00801e-05
4.00825e-05
4.0085e-05
4.00878e-05
4.00908e-05
4.00942e-05
4.00978e-05
4.01018e-05
4.01063e-05
4.01113e-05
4.0117e-05
4.01233e-05
4.01315e-05
4.01397e-05
4.00931e-05
4.00979e-05
4.01032e-05
4.01086e-05
4.01139e-05
4.01193e-05
4.01249e-05
4.01304e-05
4.0136e-05
4.01416e-05
4.01473e-05
4.0153e-05
4.01589e-05
4.01649e-05
4.01712e-05
4.01777e-05
4.01846e-05
4.01919e-05
4.01996e-05
4.02078e-05
4.02165e-05
4.02255e-05
4.02346e-05
4.02436e-05
4.02523e-05
4.02612e-05
4.02708e-05
4.02813e-05
4.02927e-05
4.03054e-05
4.03205e-05
4.03355e-05
4.03527e-05
4.03841e-05
4.04011e-05
4.03845e-05
4.17712e-05
3.46667e-05
1.21672e-05
4.00882e-05
4.00838e-05
4.00795e-05
4.00764e-05
4.00734e-05
4.00685e-05
4.00625e-05
4.00574e-05
4.00541e-05
4.00525e-05
4.00522e-05
4.00527e-05
4.00537e-05
4.0055e-05
4.00564e-05
4.00578e-05
4.00592e-05
4.00606e-05
4.00618e-05
4.00631e-05
4.00643e-05
4.00656e-05
4.0067e-05
4.00686e-05
4.00703e-05
4.00723e-05
4.00744e-05
4.00766e-05
4.00791e-05
4.00818e-05
4.00848e-05
4.0088e-05
4.00917e-05
4.00957e-05
4.01002e-05
4.01055e-05
4.01113e-05
4.01189e-05
4.01264e-05
4.00889e-05
4.00938e-05
4.00991e-05
4.01045e-05
4.01098e-05
4.01152e-05
4.01207e-05
4.01262e-05
4.01317e-05
4.01372e-05
4.01428e-05
4.01484e-05
4.01542e-05
4.016e-05
4.01662e-05
4.01725e-05
4.01793e-05
4.01864e-05
4.01939e-05
4.02018e-05
4.02101e-05
4.02188e-05
4.02275e-05
4.02359e-05
4.02441e-05
4.02524e-05
4.02612e-05
4.02707e-05
4.02811e-05
4.02925e-05
4.03055e-05
4.03202e-05
4.03347e-05
4.03562e-05
4.03914e-05
4.03222e-05
4.07174e-05
4.11679e-05
3.22253e-05
4.0084e-05
4.00796e-05
4.00751e-05
4.00719e-05
4.00686e-05
4.00632e-05
4.00569e-05
4.00517e-05
4.00485e-05
4.00472e-05
4.0047e-05
4.00476e-05
4.00486e-05
4.00498e-05
4.0051e-05
4.00523e-05
4.00535e-05
4.00546e-05
4.00557e-05
4.00568e-05
4.00578e-05
4.00588e-05
4.006e-05
4.00613e-05
4.00629e-05
4.00645e-05
4.00664e-05
4.00684e-05
4.00705e-05
4.0073e-05
4.00756e-05
4.00786e-05
4.00819e-05
4.00856e-05
4.00897e-05
4.00945e-05
4.00999e-05
4.0107e-05
4.0114e-05
4.00849e-05
4.00898e-05
4.00951e-05
4.01005e-05
4.01057e-05
4.01111e-05
4.01166e-05
4.0122e-05
4.01275e-05
4.01329e-05
4.01384e-05
4.01439e-05
4.01495e-05
4.01553e-05
4.01612e-05
4.01675e-05
4.0174e-05
4.01809e-05
4.01882e-05
4.01959e-05
4.0204e-05
4.02122e-05
4.02206e-05
4.02286e-05
4.02362e-05
4.0244e-05
4.02521e-05
4.02609e-05
4.02704e-05
4.02807e-05
4.02922e-05
4.03053e-05
4.03195e-05
4.03348e-05
4.03624e-05
4.03722e-05
4.03218e-05
4.10978e-05
3.96072e-05
4.00799e-05
4.00754e-05
4.00708e-05
4.00675e-05
4.00638e-05
4.0058e-05
4.00514e-05
4.00463e-05
4.00433e-05
4.00422e-05
4.00421e-05
4.00427e-05
4.00437e-05
4.00447e-05
4.00458e-05
4.00469e-05
4.00479e-05
4.00489e-05
4.00497e-05
4.00506e-05
4.00514e-05
4.00522e-05
4.00532e-05
4.00543e-05
4.00557e-05
4.00571e-05
4.00587e-05
4.00605e-05
4.00625e-05
4.00647e-05
4.00671e-05
4.00698e-05
4.00729e-05
4.00763e-05
4.00802e-05
4.00847e-05
4.00898e-05
4.00966e-05
4.01032e-05
4.0081e-05
4.00859e-05
4.00912e-05
4.00966e-05
4.01018e-05
4.01072e-05
4.01126e-05
4.01179e-05
4.01233e-05
4.01286e-05
4.0134e-05
4.01394e-05
4.01449e-05
4.01506e-05
4.01564e-05
4.01625e-05
4.01689e-05
4.01756e-05
4.01827e-05
4.01901e-05
4.01979e-05
4.02059e-05
4.02138e-05
4.02215e-05
4.02287e-05
4.02359e-05
4.02436e-05
4.02517e-05
4.02604e-05
4.02699e-05
4.02802e-05
4.02918e-05
4.03049e-05
4.03189e-05
4.03362e-05
4.03674e-05
4.03296e-05
4.05308e-05
4.06784e-05
4.00759e-05
4.00713e-05
4.00666e-05
4.00631e-05
4.00592e-05
4.00529e-05
4.00462e-05
4.00411e-05
4.00384e-05
4.00375e-05
4.00375e-05
4.00381e-05
4.00389e-05
4.00399e-05
4.00408e-05
4.00417e-05
4.00425e-05
4.00433e-05
4.0044e-05
4.00447e-05
4.00453e-05
4.0046e-05
4.00468e-05
4.00478e-05
4.0049e-05
4.00503e-05
4.00518e-05
4.00535e-05
4.00553e-05
4.00574e-05
4.00597e-05
4.00623e-05
4.00652e-05
4.00685e-05
4.00723e-05
4.00767e-05
4.00817e-05
4.00883e-05
4.00945e-05
4.00771e-05
4.00821e-05
4.00874e-05
4.00928e-05
4.00979e-05
4.01032e-05
4.01086e-05
4.01138e-05
4.01191e-05
4.01244e-05
4.01297e-05
4.0135e-05
4.01404e-05
4.01459e-05
4.01516e-05
4.01575e-05
4.01637e-05
4.01703e-05
4.01772e-05
4.01845e-05
4.0192e-05
4.01997e-05
4.02073e-05
4.02146e-05
4.02214e-05
4.02282e-05
4.02354e-05
4.02429e-05
4.0251e-05
4.02597e-05
4.02692e-05
4.02796e-05
4.02913e-05
4.03045e-05
4.03184e-05
4.03413e-05
4.03537e-05
4.03722e-05
4.05159e-05
4.0072e-05
4.00674e-05
4.00625e-05
4.00589e-05
4.00546e-05
4.00479e-05
4.00411e-05
4.00363e-05
4.00339e-05
4.00331e-05
4.00332e-05
4.00337e-05
4.00345e-05
4.00353e-05
4.0036e-05
4.00368e-05
4.00375e-05
4.00381e-05
4.00387e-05
4.00392e-05
4.00398e-05
4.00404e-05
4.00411e-05
4.00421e-05
4.00432e-05
4.00445e-05
4.0046e-05
4.00477e-05
4.00495e-05
4.00516e-05
4.0054e-05
4.00566e-05
4.00595e-05
4.00629e-05
4.00667e-05
4.00711e-05
4.0076e-05
4.00826e-05
4.00886e-05
4.00734e-05
4.00784e-05
4.00836e-05
4.0089e-05
4.00941e-05
4.00993e-05
4.01046e-05
4.01098e-05
4.0115e-05
4.01202e-05
4.01254e-05
4.01306e-05
4.01358e-05
4.01412e-05
4.01468e-05
4.01526e-05
4.01586e-05
4.0165e-05
4.01718e-05
4.01788e-05
4.01861e-05
4.01935e-05
4.02008e-05
4.02078e-05
4.02143e-05
4.02207e-05
4.02274e-05
4.02345e-05
4.0242e-05
4.025e-05
4.02587e-05
4.02682e-05
4.02787e-05
4.02907e-05
4.03038e-05
4.03199e-05
4.03424e-05
4.03547e-05
4.04004e-05
4.00682e-05
4.00635e-05
4.00585e-05
4.00548e-05
4.00502e-05
4.00431e-05
4.00362e-05
4.00317e-05
4.00296e-05
4.0029e-05
4.00291e-05
4.00296e-05
4.00303e-05
4.0031e-05
4.00317e-05
4.00324e-05
4.0033e-05
4.00336e-05
4.00341e-05
4.00347e-05
4.00352e-05
4.00358e-05
4.00366e-05
4.00376e-05
4.00388e-05
4.00402e-05
4.00418e-05
4.00436e-05
4.00456e-05
4.00479e-05
4.00504e-05
4.00533e-05
4.00564e-05
4.00599e-05
4.00638e-05
4.00683e-05
4.00733e-05
4.00798e-05
4.00855e-05
4.00697e-05
4.00747e-05
4.00799e-05
4.00852e-05
4.00903e-05
4.00955e-05
4.01007e-05
4.01058e-05
4.01109e-05
4.0116e-05
4.01211e-05
4.01262e-05
4.01313e-05
4.01365e-05
4.0142e-05
4.01476e-05
4.01535e-05
4.01597e-05
4.01663e-05
4.01731e-05
4.01802e-05
4.01873e-05
4.01944e-05
4.0201e-05
4.02072e-05
4.02133e-05
4.02196e-05
4.02263e-05
4.02333e-05
4.02408e-05
4.02488e-05
4.02575e-05
4.02671e-05
4.02778e-05
4.029e-05
4.03037e-05
4.03225e-05
4.03435e-05
4.03652e-05
4.00645e-05
4.00597e-05
4.00546e-05
4.00508e-05
4.00458e-05
4.00383e-05
4.00316e-05
4.00274e-05
4.00256e-05
4.00252e-05
4.00254e-05
4.00259e-05
4.00266e-05
4.00273e-05
4.00281e-05
4.00288e-05
4.00295e-05
4.00301e-05
4.00307e-05
4.00313e-05
4.00319e-05
4.00326e-05
4.00335e-05
4.00347e-05
4.00362e-05
4.00378e-05
4.00397e-05
4.00419e-05
4.00442e-05
4.00468e-05
4.00497e-05
4.00529e-05
4.00563e-05
4.006e-05
4.0064e-05
4.00686e-05
4.00735e-05
4.00799e-05
4.00853e-05
4.00661e-05
4.00711e-05
4.00763e-05
4.00816e-05
4.00866e-05
4.00917e-05
4.00968e-05
4.01019e-05
4.01069e-05
4.01119e-05
4.01168e-05
4.01217e-05
4.01267e-05
4.01318e-05
4.01371e-05
4.01426e-05
4.01483e-05
4.01544e-05
4.01608e-05
4.01674e-05
4.01743e-05
4.01812e-05
4.0188e-05
4.01944e-05
4.02003e-05
4.02061e-05
4.02121e-05
4.02183e-05
4.02249e-05
4.02319e-05
4.02393e-05
4.02473e-05
4.02561e-05
4.02658e-05
4.02769e-05
4.02895e-05
4.0305e-05
4.03259e-05
4.03459e-05
4.00609e-05
4.0056e-05
4.00509e-05
4.00469e-05
4.00415e-05
4.00338e-05
4.00272e-05
4.00235e-05
4.0022e-05
4.00217e-05
4.00221e-05
4.00227e-05
4.00236e-05
4.00245e-05
4.00254e-05
4.00263e-05
4.00271e-05
4.00279e-05
4.00286e-05
4.00294e-05
4.00302e-05
4.00311e-05
4.00323e-05
4.00339e-05
4.00358e-05
4.00379e-05
4.00403e-05
4.00429e-05
4.00458e-05
4.00489e-05
4.00521e-05
4.00555e-05
4.00592e-05
4.0063e-05
4.00671e-05
4.00716e-05
4.00764e-05
4.00825e-05
4.00875e-05
4.00626e-05
4.00675e-05
4.00727e-05
4.00779e-05
4.00829e-05
4.0088e-05
4.0093e-05
4.00979e-05
4.01028e-05
4.01077e-05
4.01124e-05
4.01173e-05
4.01221e-05
4.01271e-05
4.01322e-05
4.01376e-05
4.01431e-05
4.01491e-05
4.01552e-05
4.01617e-05
4.01684e-05
4.01751e-05
4.01817e-05
4.01878e-05
4.01935e-05
4.0199e-05
4.02047e-05
4.02106e-05
4.02168e-05
4.02233e-05
4.02303e-05
4.02377e-05
4.02458e-05
4.02546e-05
4.02647e-05
4.02762e-05
4.02899e-05
4.03083e-05
4.0327e-05
4.00574e-05
4.00524e-05
4.00472e-05
4.00431e-05
4.00373e-05
4.00294e-05
4.00232e-05
4.00199e-05
4.00187e-05
4.00187e-05
4.00193e-05
4.00203e-05
4.00215e-05
4.00227e-05
4.0024e-05
4.00252e-05
4.00263e-05
4.00274e-05
4.00284e-05
4.00294e-05
4.00305e-05
4.00318e-05
4.00335e-05
4.00356e-05
4.00381e-05
4.0041e-05
4.0044e-05
4.00472e-05
4.00506e-05
4.0054e-05
4.00576e-05
4.00612e-05
4.00649e-05
4.00688e-05
4.00728e-05
4.00771e-05
4.00816e-05
4.00873e-05
4.00917e-05
4.00591e-05
4.00641e-05
4.00692e-05
4.00744e-05
4.00793e-05
4.00842e-05
4.00892e-05
4.0094e-05
4.00988e-05
4.01035e-05
4.01081e-05
4.01127e-05
4.01175e-05
4.01223e-05
4.01273e-05
4.01324e-05
4.01379e-05
4.01436e-05
4.01496e-05
4.01559e-05
4.01624e-05
4.01689e-05
4.01753e-05
4.01812e-05
4.01867e-05
4.0192e-05
4.01974e-05
4.02031e-05
4.02089e-05
4.02151e-05
4.02216e-05
4.02285e-05
4.0236e-05
4.02442e-05
4.02533e-05
4.02639e-05
4.02763e-05
4.02926e-05
4.03091e-05
4.00539e-05
4.0049e-05
4.00436e-05
4.00394e-05
4.00332e-05
4.00252e-05
4.00194e-05
4.00166e-05
4.00158e-05
4.00162e-05
4.00173e-05
4.00188e-05
4.00206e-05
4.00224e-05
4.00241e-05
4.00258e-05
4.00273e-05
4.00288e-05
4.00303e-05
4.00317e-05
4.00334e-05
4.00352e-05
4.00376e-05
4.00405e-05
4.00438e-05
4.00474e-05
4.00511e-05
4.00548e-05
4.00585e-05
4.00622e-05
4.00658e-05
4.00695e-05
4.00731e-05
4.00768e-05
4.00805e-05
4.00845e-05
4.00887e-05
4.00939e-05
4.00978e-05
4.00557e-05
4.00606e-05
4.00657e-05
4.00708e-05
4.00756e-05
4.00805e-05
4.00854e-05
4.00901e-05
4.00947e-05
4.00992e-05
4.01037e-05
4.01082e-05
4.01127e-05
4.01174e-05
4.01222e-05
4.01272e-05
4.01324e-05
4.01379e-05
4.01438e-05
4.01499e-05
4.01562e-05
4.01626e-05
4.01688e-05
4.01745e-05
4.01798e-05
4.01849e-05
4.01901e-05
4.01956e-05
4.02012e-05
4.0207e-05
4.02132e-05
4.02197e-05
4.02267e-05
4.02342e-05
4.02427e-05
4.02523e-05
4.02637e-05
4.02784e-05
4.02929e-05
4.00505e-05
4.00455e-05
4.00401e-05
4.00357e-05
4.00293e-05
4.00213e-05
4.0016e-05
4.00138e-05
4.00134e-05
4.00144e-05
4.00163e-05
4.00186e-05
4.00211e-05
4.00237e-05
4.00261e-05
4.00284e-05
4.00306e-05
4.00327e-05
4.00347e-05
4.00369e-05
4.00392e-05
4.00419e-05
4.00451e-05
4.00488e-05
4.00529e-05
4.00571e-05
4.00611e-05
4.00651e-05
4.00689e-05
4.00726e-05
4.00762e-05
4.00797e-05
4.00832e-05
4.00866e-05
4.00901e-05
4.00938e-05
4.00976e-05
4.01024e-05
4.01057e-05
4.00524e-05
4.00573e-05
4.00623e-05
4.00673e-05
4.0072e-05
4.00768e-05
4.00816e-05
4.00861e-05
4.00905e-05
4.00949e-05
4.00992e-05
4.01035e-05
4.01079e-05
4.01123e-05
4.01169e-05
4.01217e-05
4.01267e-05
4.01321e-05
4.01377e-05
4.01437e-05
4.01498e-05
4.0156e-05
4.0162e-05
4.01676e-05
4.01727e-05
4.01777e-05
4.01827e-05
4.01879e-05
4.01933e-05
4.0199e-05
4.02048e-05
4.0211e-05
4.02176e-05
4.02247e-05
4.02325e-05
4.02414e-05
4.02519e-05
4.02654e-05
4.02784e-05
4.00472e-05
4.00422e-05
4.00368e-05
4.00322e-05
4.00254e-05
4.00176e-05
4.0013e-05
4.00113e-05
4.00117e-05
4.00136e-05
4.00165e-05
4.00199e-05
4.00234e-05
4.0027e-05
4.00303e-05
4.00335e-05
4.00365e-05
4.00394e-05
4.00424e-05
4.00454e-05
4.00487e-05
4.00522e-05
4.00561e-05
4.00604e-05
4.00649e-05
4.00693e-05
4.00735e-05
4.00774e-05
4.00812e-05
4.00848e-05
4.00882e-05
4.00916e-05
4.00949e-05
4.00981e-05
4.01014e-05
4.01047e-05
4.01082e-05
4.01125e-05
4.01154e-05
4.00492e-05
4.0054e-05
4.00589e-05
4.00638e-05
4.00685e-05
4.00732e-05
4.00777e-05
4.00821e-05
4.00863e-05
4.00905e-05
4.00946e-05
4.00987e-05
4.01028e-05
4.0107e-05
4.01114e-05
4.0116e-05
4.01209e-05
4.01261e-05
4.01316e-05
4.01373e-05
4.01432e-05
4.01492e-05
4.01551e-05
4.01605e-05
4.01654e-05
4.01702e-05
4.0175e-05
4.01801e-05
4.01853e-05
4.01907e-05
4.01964e-05
4.02023e-05
4.02086e-05
4.02153e-05
4.02227e-05
4.0231e-05
4.02407e-05
4.02532e-05
4.0265e-05
4.0044e-05
4.0039e-05
4.00335e-05
4.00287e-05
4.00217e-05
4.00143e-05
4.00104e-05
4.00094e-05
4.00107e-05
4.00139e-05
4.00181e-05
4.00229e-05
4.00277e-05
4.00325e-05
4.0037e-05
4.00414e-05
4.00454e-05
4.00494e-05
4.00534e-05
4.00574e-05
4.00614e-05
4.00655e-05
4.00697e-05
4.00742e-05
4.00787e-05
4.00831e-05
4.00872e-05
4.00911e-05
4.00948e-05
4.00983e-05
4.01016e-05
4.01049e-05
4.01079e-05
4.01109e-05
4.01139e-05
4.0117e-05
4.012e-05
4.01239e-05
4.01262e-05
4.0046e-05
4.00507e-05
4.00555e-05
4.00603e-05
4.00649e-05
4.00695e-05
4.00738e-05
4.0078e-05
4.00821e-05
4.0086e-05
4.00899e-05
4.00937e-05
4.00975e-05
4.01016e-05
4.01059e-05
4.01104e-05
4.01151e-05
4.01202e-05
4.01256e-05
4.01312e-05
4.01369e-05
4.01427e-05
4.01483e-05
4.01534e-05
4.01581e-05
4.01627e-05
4.01673e-05
4.01721e-05
4.01771e-05
4.01823e-05
4.01877e-05
4.01934e-05
4.01994e-05
4.02059e-05
4.02129e-05
4.02208e-05
4.02299e-05
4.02416e-05
4.02524e-05
4.00409e-05
4.00359e-05
4.00303e-05
4.00254e-05
4.00182e-05
4.00114e-05
4.00083e-05
4.00082e-05
4.00108e-05
4.00155e-05
4.00214e-05
4.00277e-05
4.00342e-05
4.00405e-05
4.00465e-05
4.00521e-05
4.00573e-05
4.00621e-05
4.00666e-05
4.0071e-05
4.00753e-05
4.00796e-05
4.0084e-05
4.00885e-05
4.00931e-05
4.00975e-05
4.01016e-05
4.01054e-05
4.01091e-05
4.01125e-05
4.01157e-05
4.01187e-05
4.01215e-05
4.01242e-05
4.01268e-05
4.01295e-05
4.01321e-05
4.01354e-05
4.01371e-05
4.00428e-05
4.00474e-05
4.00521e-05
4.00568e-05
4.00613e-05
4.00657e-05
4.00698e-05
4.00738e-05
4.00777e-05
4.00813e-05
4.00849e-05
4.00885e-05
4.00923e-05
4.00963e-05
4.01005e-05
4.0105e-05
4.01097e-05
4.01146e-05
4.01199e-05
4.01254e-05
4.01309e-05
4.01365e-05
4.01419e-05
4.01468e-05
4.01512e-05
4.01555e-05
4.01598e-05
4.01644e-05
4.01691e-05
4.01739e-05
4.01791e-05
4.01845e-05
4.01902e-05
4.01963e-05
4.02029e-05
4.02104e-05
4.02191e-05
4.02302e-05
4.02403e-05
4.00378e-05
4.00328e-05
4.00272e-05
4.00221e-05
4.00149e-05
4.00089e-05
4.00066e-05
4.00077e-05
4.00121e-05
4.00186e-05
4.00264e-05
4.00346e-05
4.00429e-05
4.00507e-05
4.00577e-05
4.00639e-05
4.00694e-05
4.00744e-05
4.00791e-05
4.00836e-05
4.00879e-05
4.00923e-05
4.00967e-05
4.01012e-05
4.01057e-05
4.01099e-05
4.01139e-05
4.01177e-05
4.01213e-05
4.01247e-05
4.01279e-05
4.01309e-05
4.01337e-05
4.01364e-05
4.0139e-05
4.01413e-05
4.01436e-05
4.01461e-05
4.0148e-05
4.00397e-05
4.00442e-05
4.00487e-05
4.00533e-05
4.00576e-05
4.00618e-05
4.00657e-05
4.00696e-05
4.00731e-05
4.00764e-05
4.00798e-05
4.00834e-05
4.00871e-05
4.00911e-05
4.00952e-05
4.00995e-05
4.0104e-05
4.01088e-05
4.01139e-05
4.01193e-05
4.01247e-05
4.01302e-05
4.01354e-05
4.01402e-05
4.01445e-05
4.01486e-05
4.01527e-05
4.0157e-05
4.01614e-05
4.0166e-05
4.01708e-05
4.01758e-05
4.01811e-05
4.01868e-05
4.01931e-05
4.02002e-05
4.02084e-05
4.02189e-05
4.02284e-05
4.00347e-05
4.00298e-05
4.00242e-05
4.0019e-05
4.00119e-05
4.00069e-05
4.00055e-05
4.00083e-05
4.00146e-05
4.00231e-05
4.0033e-05
4.00432e-05
4.00527e-05
4.00611e-05
4.00684e-05
4.00747e-05
4.00803e-05
4.00853e-05
4.009e-05
4.00944e-05
4.00986e-05
4.01029e-05
4.01071e-05
4.01114e-05
4.01156e-05
4.01197e-05
4.01236e-05
4.01272e-05
4.01308e-05
4.01341e-05
4.01374e-05
4.01405e-05
4.01435e-05
4.01464e-05
4.01491e-05
4.01518e-05
4.01543e-05
4.01564e-05
4.01586e-05
4.00365e-05
4.00409e-05
4.00453e-05
4.00497e-05
4.00539e-05
4.00578e-05
4.00615e-05
4.00653e-05
4.00682e-05
4.00714e-05
4.00748e-05
4.00783e-05
4.00818e-05
4.00855e-05
4.00893e-05
4.00933e-05
4.00975e-05
4.0102e-05
4.01069e-05
4.01121e-05
4.01173e-05
4.01226e-05
4.01278e-05
4.01324e-05
4.01366e-05
4.01406e-05
4.01447e-05
4.01489e-05
4.01532e-05
4.01576e-05
4.01623e-05
4.01671e-05
4.01721e-05
4.01775e-05
4.01834e-05
4.019e-05
4.01977e-05
4.02076e-05
4.02165e-05
4.00317e-05
4.00269e-05
4.00213e-05
4.00159e-05
4.00092e-05
4.00056e-05
4.0005e-05
4.001e-05
4.00183e-05
4.0029e-05
4.00407e-05
4.00519e-05
4.00619e-05
4.00705e-05
4.00778e-05
4.0084e-05
4.00895e-05
4.00943e-05
4.00988e-05
4.0103e-05
4.0107e-05
4.01111e-05
4.01151e-05
4.01192e-05
4.01233e-05
4.01273e-05
4.01312e-05
4.01349e-05
4.01386e-05
4.01422e-05
4.01457e-05
4.01492e-05
4.01526e-05
4.0156e-05
4.01593e-05
4.01625e-05
4.01656e-05
4.01683e-05
4.01712e-05
4.00338e-05
4.0038e-05
4.00423e-05
4.00465e-05
4.00504e-05
4.00541e-05
4.00575e-05
4.00609e-05
4.00631e-05
4.00662e-05
4.00693e-05
4.00725e-05
4.00758e-05
4.00793e-05
4.00829e-05
4.00868e-05
4.00908e-05
4.00952e-05
4.01e-05
4.0105e-05
4.01101e-05
4.01152e-05
4.01201e-05
4.01245e-05
4.01285e-05
4.01323e-05
4.01362e-05
4.01403e-05
4.01445e-05
4.01488e-05
4.01534e-05
4.01581e-05
4.01631e-05
4.01683e-05
4.01741e-05
4.01804e-05
4.01878e-05
4.01973e-05
4.02058e-05
4.0029e-05
4.00243e-05
4.00188e-05
4.00132e-05
4.0007e-05
4.00048e-05
4.00051e-05
4.00133e-05
4.00232e-05
4.00354e-05
4.0048e-05
4.00595e-05
4.00694e-05
4.00777e-05
4.00847e-05
4.00906e-05
4.00957e-05
4.01003e-05
4.01046e-05
4.01086e-05
4.01126e-05
4.01165e-05
4.01205e-05
4.01247e-05
4.01289e-05
4.01332e-05
4.01374e-05
4.01416e-05
4.01458e-05
4.015e-05
4.01541e-05
4.01583e-05
4.01624e-05
4.01665e-05
4.01705e-05
4.01745e-05
4.01785e-05
4.01822e-05
4.01857e-05
4.00307e-05
4.00348e-05
4.0039e-05
4.00431e-05
4.00468e-05
4.00502e-05
4.00533e-05
4.00561e-05
4.00578e-05
4.00604e-05
4.00631e-05
4.00662e-05
4.00697e-05
4.00732e-05
4.00769e-05
4.00808e-05
4.00848e-05
4.00892e-05
4.00939e-05
4.00987e-05
4.01036e-05
4.01085e-05
4.01132e-05
4.01176e-05
4.01214e-05
4.01251e-05
4.01288e-05
4.01326e-05
4.01366e-05
4.01407e-05
4.0145e-05
4.01495e-05
4.01543e-05
4.01593e-05
4.01649e-05
4.01711e-05
4.01783e-05
4.01874e-05
4.01957e-05
4.00261e-05
4.00215e-05
4.00161e-05
4.00104e-05
4.00052e-05
4.00046e-05
4.00061e-05
4.00174e-05
4.00287e-05
4.00418e-05
4.00545e-05
4.00658e-05
4.00753e-05
4.00832e-05
4.00897e-05
4.00953e-05
4.01003e-05
4.01048e-05
4.0109e-05
4.01132e-05
4.01173e-05
4.01214e-05
4.01258e-05
4.01304e-05
4.01353e-05
4.01403e-05
4.01453e-05
4.01504e-05
4.01556e-05
4.01607e-05
4.01659e-05
4.01711e-05
4.01762e-05
4.01813e-05
4.01864e-05
4.01915e-05
4.01966e-05
4.02017e-05
4.02063e-05
4.00277e-05
4.00317e-05
4.00357e-05
4.00396e-05
4.00431e-05
4.00462e-05
4.0049e-05
4.00513e-05
4.00525e-05
4.00543e-05
4.00568e-05
4.00599e-05
4.00635e-05
4.00671e-05
4.00707e-05
4.00745e-05
4.00784e-05
4.00826e-05
4.00869e-05
4.00913e-05
4.00959e-05
4.01005e-05
4.01051e-05
4.01093e-05
4.01131e-05
4.01167e-05
4.01204e-05
4.01243e-05
4.01282e-05
4.01322e-05
4.01363e-05
4.01406e-05
4.01451e-05
4.01499e-05
4.01551e-05
4.0161e-05
4.01678e-05
4.01766e-05
4.01845e-05
4.00233e-05
4.00188e-05
4.00135e-05
4.00078e-05
4.00038e-05
4.00052e-05
4.0008e-05
4.00214e-05
4.00338e-05
4.00477e-05
4.00605e-05
4.00714e-05
4.00803e-05
4.00877e-05
4.0094e-05
4.00996e-05
4.01047e-05
4.01094e-05
4.0114e-05
4.01186e-05
4.01232e-05
4.0128e-05
4.01331e-05
4.01387e-05
4.01446e-05
4.01507e-05
4.01569e-05
4.01632e-05
4.01694e-05
4.01757e-05
4.0182e-05
4.01882e-05
4.01944e-05
4.02005e-05
4.02066e-05
4.02127e-05
4.02189e-05
4.02251e-05
4.02309e-05
4.00249e-05
4.00287e-05
4.00326e-05
4.00363e-05
4.00396e-05
4.00424e-05
4.00448e-05
4.00465e-05
4.00473e-05
4.00481e-05
4.00502e-05
4.00534e-05
4.0057e-05
4.00606e-05
4.00643e-05
4.00679e-05
4.00717e-05
4.00755e-05
4.00794e-05
4.00834e-05
4.00876e-05
4.00918e-05
4.00959e-05
4.00998e-05
4.01033e-05
4.01068e-05
4.01104e-05
4.01142e-05
4.01181e-05
4.01222e-05
4.01264e-05
4.01307e-05
4.01352e-05
4.01399e-05
4.01449e-05
4.01505e-05
4.01569e-05
4.01652e-05
4.01726e-05
4.00206e-05
4.00163e-05
4.00112e-05
4.00056e-05
4.00031e-05
4.00064e-05
4.00104e-05
4.00253e-05
4.00387e-05
4.0053e-05
4.00655e-05
4.00757e-05
4.0084e-05
4.00912e-05
4.00976e-05
4.01035e-05
4.01091e-05
4.01145e-05
4.01198e-05
4.01251e-05
4.01306e-05
4.01363e-05
4.01424e-05
4.0149e-05
4.01561e-05
4.01633e-05
4.01705e-05
4.01776e-05
4.01846e-05
4.01916e-05
4.01984e-05
4.0205e-05
4.02115e-05
4.02179e-05
4.02242e-05
4.02304e-05
4.02366e-05
4.02427e-05
4.02488e-05
4.00221e-05
4.00258e-05
4.00295e-05
4.0033e-05
4.0036e-05
4.00385e-05
4.00404e-05
4.00416e-05
4.00419e-05
4.00417e-05
4.00436e-05
4.00467e-05
4.00504e-05
4.00541e-05
4.00576e-05
4.00611e-05
4.00646e-05
4.0068e-05
4.00716e-05
4.00752e-05
4.00789e-05
4.00827e-05
4.00864e-05
4.00898e-05
4.00929e-05
4.00959e-05
4.00991e-05
4.01026e-05
4.01063e-05
4.01102e-05
4.01143e-05
4.01186e-05
4.01232e-05
4.0128e-05
4.01331e-05
4.01387e-05
4.01451e-05
4.01531e-05
4.01603e-05
4.00181e-05
4.00139e-05
4.0009e-05
4.00037e-05
4.00031e-05
4.00077e-05
4.00127e-05
4.00285e-05
4.00428e-05
4.00572e-05
4.0069e-05
4.00787e-05
4.0087e-05
4.00945e-05
4.01016e-05
4.01084e-05
4.0115e-05
4.01214e-05
4.01276e-05
4.01339e-05
4.01402e-05
4.01467e-05
4.01536e-05
4.0161e-05
4.01687e-05
4.01762e-05
4.01835e-05
4.01904e-05
4.01971e-05
4.02035e-05
4.02095e-05
4.02152e-05
4.02206e-05
4.02258e-05
4.02307e-05
4.02353e-05
4.02398e-05
4.02436e-05
4.02482e-05
4.00195e-05
4.0023e-05
4.00265e-05
4.00297e-05
4.00324e-05
4.00345e-05
4.00361e-05
4.00367e-05
4.00366e-05
4.00354e-05
4.0037e-05
4.00402e-05
4.00438e-05
4.00473e-05
4.00507e-05
4.00539e-05
4.0057e-05
4.00601e-05
4.00632e-05
4.00664e-05
4.00698e-05
4.00731e-05
4.00764e-05
4.00793e-05
4.0082e-05
4.00846e-05
4.00873e-05
4.00903e-05
4.00935e-05
4.00969e-05
4.01006e-05
4.01045e-05
4.01088e-05
4.01134e-05
4.01184e-05
4.0124e-05
4.01305e-05
4.01386e-05
4.01457e-05
4.00156e-05
4.00117e-05
4.00071e-05
4.00022e-05
4.00038e-05
4.00089e-05
4.00146e-05
4.0031e-05
4.00458e-05
4.006e-05
4.00713e-05
4.0081e-05
4.009e-05
4.00986e-05
4.01069e-05
4.01149e-05
4.01225e-05
4.01297e-05
4.01366e-05
4.01434e-05
4.015e-05
4.01566e-05
4.01633e-05
4.01701e-05
4.01768e-05
4.01829e-05
4.01885e-05
4.01934e-05
4.01978e-05
4.02017e-05
4.02051e-05
4.0208e-05
4.02105e-05
4.02126e-05
4.02143e-05
4.02156e-05
4.02166e-05
4.02164e-05
4.02176e-05
4.00169e-05
4.00202e-05
4.00234e-05
4.00265e-05
4.00288e-05
4.00306e-05
4.00317e-05
4.00318e-05
4.00313e-05
4.00293e-05
4.00307e-05
4.00337e-05
4.00372e-05
4.00405e-05
4.00436e-05
4.00465e-05
4.00493e-05
4.0052e-05
4.00548e-05
4.00576e-05
4.00605e-05
4.00634e-05
4.00662e-05
4.00686e-05
4.00708e-05
4.00729e-05
4.00751e-05
4.00776e-05
4.00803e-05
4.00831e-05
4.00862e-05
4.00896e-05
4.00933e-05
4.00974e-05
4.0102e-05
4.01072e-05
4.01134e-05
4.01213e-05
4.01285e-05
4.00133e-05
4.00096e-05
4.00054e-05
4.00013e-05
4.00046e-05
4.00098e-05
4.0016e-05
4.00324e-05
4.00473e-05
4.00613e-05
4.00728e-05
4.00836e-05
4.00939e-05
4.01039e-05
4.01132e-05
4.01216e-05
4.01293e-05
4.01363e-05
4.01427e-05
4.01485e-05
4.0154e-05
4.01592e-05
4.01639e-05
4.01681e-05
4.01715e-05
4.01742e-05
4.0176e-05
4.01772e-05
4.01777e-05
4.01778e-05
4.01774e-05
4.01767e-05
4.01758e-05
4.01746e-05
4.01733e-05
4.01718e-05
4.017e-05
4.01677e-05
4.0167e-05
4.00144e-05
4.00174e-05
4.00204e-05
4.00231e-05
4.00251e-05
4.00265e-05
4.00272e-05
4.00269e-05
4.0026e-05
4.00235e-05
4.00247e-05
4.00275e-05
4.00308e-05
4.00338e-05
4.00366e-05
4.00392e-05
4.00417e-05
4.00441e-05
4.00466e-05
4.0049e-05
4.00514e-05
4.00538e-05
4.00561e-05
4.0058e-05
4.00597e-05
4.00613e-05
4.00629e-05
4.00648e-05
4.00669e-05
4.0069e-05
4.00714e-05
4.00741e-05
4.0077e-05
4.00803e-05
4.0084e-05
4.00884e-05
4.00937e-05
4.01007e-05
4.01073e-05
4.00111e-05
4.00077e-05
4.00038e-05
4.0001e-05
4.00052e-05
4.00103e-05
4.00168e-05
4.00324e-05
4.00471e-05
4.00615e-05
4.00745e-05
4.00868e-05
4.00982e-05
4.01082e-05
4.01165e-05
4.01234e-05
4.0129e-05
4.01336e-05
4.01375e-05
4.01408e-05
4.01434e-05
4.01454e-05
4.01466e-05
4.01468e-05
4.0146e-05
4.01446e-05
4.01428e-05
4.01408e-05
4.01387e-05
4.01368e-05
4.01351e-05
4.0134e-05
4.01334e-05
4.01335e-05
4.01343e-05
4.0136e-05
4.01385e-05
4.01437e-05
4.01493e-05
4.00119e-05
4.00146e-05
4.00173e-05
4.00196e-05
4.00213e-05
4.00223e-05
4.00226e-05
4.0022e-05
4.00208e-05
4.00182e-05
4.00192e-05
4.00218e-05
4.00247e-05
4.00275e-05
4.003e-05
4.00322e-05
4.00344e-05
4.00364e-05
4.00384e-05
4.00405e-05
4.00424e-05
4.00444e-05
4.00461e-05
4.00476e-05
4.00487e-05
4.00498e-05
4.00509e-05
4.00522e-05
4.00537e-05
4.00552e-05
4.0057e-05
4.0059e-05
4.00612e-05
4.00638e-05
4.00668e-05
4.00704e-05
4.00748e-05
4.00809e-05
4.00864e-05
4.0009e-05
4.0006e-05
4.00026e-05
4.00013e-05
4.00055e-05
4.00101e-05
4.00167e-05
4.00307e-05
4.00454e-05
4.00615e-05
4.00762e-05
4.00886e-05
4.00981e-05
4.01047e-05
4.01089e-05
4.01114e-05
4.0113e-05
4.01138e-05
4.01143e-05
4.01144e-05
4.01141e-05
4.01134e-05
4.01121e-05
4.01102e-05
4.01083e-05
4.01069e-05
4.01066e-05
4.01073e-05
4.01091e-05
4.01123e-05
4.01172e-05
4.01241e-05
4.01327e-05
4.0143e-05
4.01549e-05
4.01687e-05
4.01847e-05
4.02042e-05
4.02226e-05
4.00094e-05
4.00117e-05
4.0014e-05
4.00159e-05
4.00172e-05
4.00178e-05
4.00178e-05
4.00171e-05
4.00158e-05
4.00134e-05
4.00143e-05
4.00166e-05
4.00193e-05
4.00217e-05
4.00238e-05
4.00257e-05
4.00274e-05
4.0029e-05
4.00306e-05
4.00322e-05
4.00337e-05
4.00352e-05
4.00365e-05
4.00374e-05
4.00381e-05
4.00388e-05
4.00396e-05
4.00406e-05
4.00421e-05
4.0043e-05
4.00442e-05
4.00457e-05
4.00473e-05
4.0049e-05
4.00509e-05
4.0053e-05
4.00558e-05
4.00597e-05
4.00641e-05
4.0007e-05
4.00044e-05
4.00015e-05
4.00018e-05
4.00054e-05
4.00094e-05
4.00155e-05
4.00273e-05
4.00428e-05
4.00608e-05
4.00742e-05
4.00821e-05
4.00853e-05
4.00856e-05
4.00845e-05
4.0083e-05
4.00817e-05
4.00809e-05
4.00805e-05
4.00806e-05
4.00812e-05
4.00823e-05
4.00839e-05
4.00868e-05
4.00923e-05
4.01002e-05
4.01102e-05
4.01221e-05
4.01355e-05
4.01501e-05
4.01656e-05
4.01818e-05
4.01984e-05
4.02154e-05
4.02327e-05
4.02507e-05
4.02694e-05
4.02898e-05
4.03081e-05
4.00068e-05
4.00086e-05
4.00104e-05
4.00118e-05
4.00128e-05
4.00132e-05
4.0013e-05
4.00123e-05
4.00111e-05
4.00091e-05
4.001e-05
4.00122e-05
4.00146e-05
4.00166e-05
4.00183e-05
4.00198e-05
4.0021e-05
4.00221e-05
4.00232e-05
4.00242e-05
4.00252e-05
4.00261e-05
4.00269e-05
4.00272e-05
4.00276e-05
4.00282e-05
4.00287e-05
4.00291e-05
4.00298e-05
4.00302e-05
4.00307e-05
4.00314e-05
4.00323e-05
4.00334e-05
4.00348e-05
4.00366e-05
4.00389e-05
4.00426e-05
4.00455e-05
4.00049e-05
4.00028e-05
4.00006e-05
4.0002e-05
4.00048e-05
4.00079e-05
4.00131e-05
4.00218e-05
4.00388e-05
4.00543e-05
4.00607e-05
4.00603e-05
4.00575e-05
4.00553e-05
4.00549e-05
4.00559e-05
4.00581e-05
4.00619e-05
4.0067e-05
4.00732e-05
4.00804e-05
4.00891e-05
4.00997e-05
4.01126e-05
4.01272e-05
4.01423e-05
4.01574e-05
4.01724e-05
4.01868e-05
4.02007e-05
4.02139e-05
4.02262e-05
4.02377e-05
4.02483e-05
4.02583e-05
4.02675e-05
4.02762e-05
4.0284e-05
4.02903e-05
4.00041e-05
4.00053e-05
4.00065e-05
4.00074e-05
4.0008e-05
4.00082e-05
4.0008e-05
4.00074e-05
4.00066e-05
4.00053e-05
4.00064e-05
4.00085e-05
4.00106e-05
4.00123e-05
4.00137e-05
4.0015e-05
4.0016e-05
4.00167e-05
4.00171e-05
4.00172e-05
4.00169e-05
4.00168e-05
4.00173e-05
4.00181e-05
4.00193e-05
4.00208e-05
4.00225e-05
4.00247e-05
4.00274e-05
4.00293e-05
4.00318e-05
4.00347e-05
4.00378e-05
4.00411e-05
4.00445e-05
4.00483e-05
4.00521e-05
4.00566e-05
4.00621e-05
4.00028e-05
4.00015e-05
4.00001e-05
4.00017e-05
4.00035e-05
4.00055e-05
4.00091e-05
4.00141e-05
4.00298e-05
4.00346e-05
4.0033e-05
4.00303e-05
4.00328e-05
4.00403e-05
4.00502e-05
4.00608e-05
4.00712e-05
4.00809e-05
4.009e-05
4.00986e-05
4.0107e-05
4.01154e-05
4.01241e-05
4.01329e-05
4.01413e-05
4.01487e-05
4.0155e-05
4.01602e-05
4.01644e-05
4.01675e-05
4.01698e-05
4.01712e-05
4.01718e-05
4.01718e-05
4.01711e-05
4.01697e-05
4.01675e-05
4.01642e-05
4.01606e-05
4.00013e-05
4.00018e-05
4.00022e-05
4.00025e-05
4.00027e-05
4.00028e-05
4.00027e-05
4.00025e-05
4.00022e-05
4.00017e-05
4.00035e-05
4.00062e-05
4.00088e-05
4.00105e-05
4.00112e-05
4.00109e-05
4.00101e-05
4.00101e-05
4.0011e-05
4.00124e-05
4.00141e-05
4.00159e-05
4.00178e-05
4.002e-05
4.00223e-05
4.00245e-05
4.00264e-05
4.00285e-05
4.00309e-05
4.00317e-05
4.00329e-05
4.0034e-05
4.0035e-05
4.00358e-05
4.00371e-05
4.00392e-05
4.00424e-05
4.00472e-05
4.00503e-05
4.00008e-05
4.00004e-05
4e-05
4.00008e-05
4.00014e-05
4.00021e-05
4.00034e-05
4.00047e-05
4.00112e-05
4.00056e-05
4.00096e-05
4.00188e-05
4.00288e-05
4.00376e-05
4.00447e-05
4.00502e-05
4.00543e-05
4.00573e-05
4.00595e-05
4.00609e-05
4.00619e-05
4.00623e-05
4.00622e-05
4.00614e-05
4.006e-05
4.00582e-05
4.00562e-05
4.00539e-05
4.00514e-05
4.00488e-05
4.00462e-05
4.00436e-05
4.0041e-05
4.00383e-05
4.00357e-05
4.00331e-05
4.00306e-05
4.00283e-05
4.00255e-05
0.043278
0.0678043
0.127633
0.234208
0.392519
0.59276
0.813636
1.03505
1.24334
1.43074
1.59337
1.7296
1.83843
1.91725
1.9583
1.94705
1.8672
1.7025
1.44076
1.09512
0.615685
0.1274
0.263656
0.500599
0.830854
1.26608
1.84505
2.56447
3.43635
4.42063
5.39959
6.32341
7.09955
7.68599
8.03285
8.07364
7.7244
6.9196
5.63123
3.94081
2.20194
0.92363
0.282381
0.0621952
0.00723208
0.00110324
0
0
0
3.08875e-07
2.34312e-06
2.71886e-05
3.86245e-05
4.07454e-05
4.06063e-05
4.04301e-05
4.03785e-05
4.03579e-05
4.03383e-05
4.03191e-05
4.03016e-05
4.0286e-05
4.02718e-05
4.02585e-05
4.02459e-05
4.02336e-05
4.02214e-05
4.02104e-05
4.02e-05
4.01886e-05
4.01764e-05
4.01637e-05
4.01491e-05
4.01318e-05
4.01103e-05
4.00894e-05
4.0067e-05
4.00468e-05
4.00663e-05
4.00529e-05
0.0354184
0.0146975
0.00504637
0.000129721
4.06922e-05
4.09417e-05
4.07149e-05
4.02855e-05
4.05437e-05
4.05079e-05
4.05342e-05
4.05406e-05
4.05482e-05
4.05528e-05
4.05557e-05
4.05565e-05
4.05549e-05
4.05511e-05
4.05456e-05
4.05388e-05
4.05308e-05
4.05217e-05
4.05116e-05
4.05006e-05
4.04889e-05
4.04765e-05
4.04635e-05
4.045e-05
4.04362e-05
4.0422e-05
4.04076e-05
4.0393e-05
4.03784e-05
4.03637e-05
4.03491e-05
4.03347e-05
4.03204e-05
4.03063e-05
4.02925e-05
4.02789e-05
4.02656e-05
4.02524e-05
4.02393e-05
4.02262e-05
4.0213e-05
4.01996e-05
4.01859e-05
4.01719e-05
4.01578e-05
4.01437e-05
4.01301e-05
4.01176e-05
4.01068e-05
4.00983e-05
4.00926e-05
4.00898e-05
4.00896e-05
4.00916e-05
4.00955e-05
4.01013e-05
4.0109e-05
4.01184e-05
4.01288e-05
4.01401e-05
4.01513e-05
4.01624e-05
4.01757e-05
4.01916e-05
4.02134e-05
4.02384e-05
4.02552e-05
4.02517e-05
4.02173e-05
4.01663e-05
4.01557e-05
4.02386e-05
4.03221e-05
4.02949e-05
4.01586e-05
4.00238e-05
0.00267672
0.00255675
0.00109617
0.00128876
0.00635469
0.0197999
0.0440539
0.0799489
0.1263
0.180494
0.239255
0.299146
0.356698
0.408584
0.451453
0.481497
0.495471
0.492883
0.476761
0.448273
0.416401
0.38992
0.364606
0.323142
0.242344
0.0847019
0.10792
0.171899
0.212216
1.19645
2.53247
3.86631
5.07914
6.13041
6.9271
7.40333
7.47629
7.07155
6.13725
4.66872
2.87275
1.31225
0.425769
0.0965524
0.0125452
0.00207024
0
0
0
0
3.30282e-06
2.30137e-05
3.73754e-05
4.06945e-05
4.06876e-05
4.0462e-05
4.03895e-05
4.03663e-05
4.03464e-05
4.03262e-05
4.03077e-05
4.02912e-05
4.02763e-05
4.02625e-05
4.02495e-05
4.02368e-05
4.02243e-05
4.02132e-05
4.02026e-05
4.01909e-05
4.01785e-05
4.01655e-05
4.01508e-05
4.01333e-05
4.01121e-05
4.00915e-05
4.00692e-05
4.00478e-05
4.00695e-05
4.00548e-05
0.000238806
0.000276323
7.89253e-05
8.936e-06
2.83511e-05
4.31662e-05
3.94616e-05
4.07555e-05
4.04899e-05
4.0547e-05
4.054e-05
4.05441e-05
4.05463e-05
4.05483e-05
4.05494e-05
4.05492e-05
4.05473e-05
4.05437e-05
4.05388e-05
4.05327e-05
4.05256e-05
4.05175e-05
4.05084e-05
4.04984e-05
4.04877e-05
4.04762e-05
4.04641e-05
4.04514e-05
4.04383e-05
4.04247e-05
4.04109e-05
4.03969e-05
4.03827e-05
4.03684e-05
4.03541e-05
4.03399e-05
4.03259e-05
4.03119e-05
4.02982e-05
4.02846e-05
4.02711e-05
4.02577e-05
4.02443e-05
4.02309e-05
4.02172e-05
4.02033e-05
4.01891e-05
4.01746e-05
4.016e-05
4.01456e-05
4.01319e-05
4.01194e-05
4.01089e-05
4.01008e-05
4.00955e-05
4.00929e-05
4.00927e-05
4.00946e-05
4.00984e-05
4.0104e-05
4.01115e-05
4.01207e-05
4.01316e-05
4.01433e-05
4.01548e-05
4.01662e-05
4.01803e-05
4.01975e-05
4.02203e-05
4.02453e-05
4.02607e-05
4.02541e-05
4.02165e-05
4.0166e-05
4.01617e-05
4.02512e-05
4.03319e-05
4.02975e-05
4.01567e-05
4.00225e-05
3.61411e-05
3.63126e-05
1.63741e-05
2.02452e-05
0.000104971
0.000343824
0.000803975
0.00153357
0.00254516
0.00382086
0.00531926
0.0069831
0.00949031
0.00340613
0.00591745
0.00722284
0.0115141
0.0162005
0.0204218
0.0238186
0.025188
0.0243987
0.0220243
0.0183445
0.0149624
0.0135224
0.00808135
0.00167808
0.0108411
0.183952
0.623703
1.87012
3.26063
4.55476
5.66056
6.4795
6.91873
6.89452
6.34227
5.21329
3.56045
1.82214
0.650464
0.158028
0.0229176
0.00123622
0.000191937
0
0
0
2.51675e-06
1.87153e-05
3.5698e-05
4.05055e-05
4.07716e-05
4.05059e-05
4.04035e-05
4.0375e-05
4.03546e-05
4.03336e-05
4.03141e-05
4.02967e-05
4.0281e-05
4.02666e-05
4.02532e-05
4.02401e-05
4.02274e-05
4.0216e-05
4.02053e-05
4.01933e-05
4.01806e-05
4.01673e-05
4.01525e-05
4.01349e-05
4.01138e-05
4.00935e-05
4.00713e-05
4.00488e-05
4.00729e-05
4.00563e-05
3.22406e-06
1.5178e-07
5.62192e-06
2.2197e-05
4.32982e-05
3.98603e-05
4.06183e-05
4.06458e-05
4.0599e-05
4.06097e-05
4.05994e-05
4.05965e-05
4.0592e-05
4.05879e-05
4.05831e-05
4.05774e-05
4.05708e-05
4.05635e-05
4.05555e-05
4.0547e-05
4.05377e-05
4.05279e-05
4.05174e-05
4.05063e-05
4.04947e-05
4.04826e-05
4.047e-05
4.0457e-05
4.04437e-05
4.043e-05
4.04161e-05
4.04021e-05
4.03879e-05
4.03737e-05
4.03595e-05
4.03454e-05
4.03313e-05
4.03174e-05
4.03035e-05
4.02898e-05
4.02761e-05
4.02625e-05
4.02487e-05
4.02349e-05
4.02208e-05
4.02063e-05
4.01916e-05
4.01766e-05
4.01617e-05
4.0147e-05
4.01333e-05
4.0121e-05
4.01109e-05
4.01032e-05
4.00983e-05
4.00959e-05
4.00958e-05
4.00976e-05
4.01012e-05
4.01067e-05
4.0114e-05
4.01232e-05
4.01348e-05
4.01469e-05
4.01586e-05
4.01705e-05
4.01856e-05
4.02043e-05
4.0228e-05
4.02528e-05
4.02663e-05
4.02562e-05
4.02153e-05
4.01659e-05
4.01692e-05
4.02649e-05
4.03418e-05
4.02998e-05
4.01543e-05
4.00212e-05
3.91663e-07
3.365e-07
2.66241e-07
9.05726e-08
0
0
0
0
0
0
0
0
0
8.38216e-05
0.000152836
0.000195715
0.000327258
0.00048284
0.000638009
0.000779862
0.000863988
0.000876465
0.000828303
0.000722011
0.000616099
0.000582248
0.000363763
0
0
0.0601141
0.308924
1.2264
2.42356
3.63903
4.77054
5.69194
6.30977
6.53895
6.30043
5.51966
4.14667
2.40383
0.973299
0.263737
0.0442383
0.00307867
0.000487158
0
0
0
2.04712e-06
1.48987e-05
3.35377e-05
4.01195e-05
4.08396e-05
4.05631e-05
4.04229e-05
4.03847e-05
4.03634e-05
4.03417e-05
4.03211e-05
4.03027e-05
4.02862e-05
4.02712e-05
4.02572e-05
4.02438e-05
4.02308e-05
4.02192e-05
4.02083e-05
4.01961e-05
4.0183e-05
4.01694e-05
4.01544e-05
4.01367e-05
4.01155e-05
4.00954e-05
4.00735e-05
4.00497e-05
4.00764e-05
4.00576e-05
3.04228e-06
1.12218e-05
3.76899e-05
4.15533e-05
4.09798e-05
4.04283e-05
4.08048e-05
4.06898e-05
4.07031e-05
4.06863e-05
4.06762e-05
4.06654e-05
4.06547e-05
4.06439e-05
4.06327e-05
4.06212e-05
4.06094e-05
4.05975e-05
4.05855e-05
4.05733e-05
4.05608e-05
4.05481e-05
4.05352e-05
4.0522e-05
4.05086e-05
4.0495e-05
4.04811e-05
4.04671e-05
4.04528e-05
4.04385e-05
4.04241e-05
4.04096e-05
4.03951e-05
4.03806e-05
4.03661e-05
4.03518e-05
4.03375e-05
4.03233e-05
4.03092e-05
4.02952e-05
4.02812e-05
4.02672e-05
4.0253e-05
4.02386e-05
4.0224e-05
4.0209e-05
4.01937e-05
4.01783e-05
4.0163e-05
4.01483e-05
4.01347e-05
4.01227e-05
4.0113e-05
4.01058e-05
4.01013e-05
4.0099e-05
4.00989e-05
4.01005e-05
4.0104e-05
4.01093e-05
4.01165e-05
4.0126e-05
4.01382e-05
4.01507e-05
4.01626e-05
4.01751e-05
4.01913e-05
4.02116e-05
4.02362e-05
4.02604e-05
4.02717e-05
4.02577e-05
4.02137e-05
4.01662e-05
4.01781e-05
4.02795e-05
4.03519e-05
4.03016e-05
4.01515e-05
4.00199e-05
3.19009e-05
2.6052e-05
1.95939e-05
6.33809e-06
2.06057e-06
4.97932e-07
4.24884e-07
3.02183e-07
0
0
0
0
0
0
0
0
0
0
0
0
0
0
0
0
0
0
0
0
0
0.0445287
0.226654
0.976754
2.00436
3.09971
4.15366
5.06622
5.74899
6.12062
6.10043
5.60737
4.55007
2.96397
1.37911
0.429085
0.0852343
0.00841355
0.00142179
0
0
0
1.59894e-06
1.13956e-05
3.1105e-05
3.95103e-05
4.08675e-05
4.0632e-05
4.04499e-05
4.03964e-05
4.03729e-05
4.03505e-05
4.03288e-05
4.03094e-05
4.0292e-05
4.02763e-05
4.02618e-05
4.02479e-05
4.02346e-05
4.02229e-05
4.02117e-05
4.01993e-05
4.01858e-05
4.01718e-05
4.01567e-05
4.01388e-05
4.01174e-05
4.0097e-05
4.00756e-05
4.00503e-05
4.008e-05
4.00594e-05
3.66008e-05
4.09375e-05
4.16604e-05
4.09411e-05
4.06869e-05
4.08176e-05
4.0802e-05
4.07801e-05
4.07708e-05
4.07546e-05
4.07408e-05
4.07258e-05
4.07109e-05
4.06957e-05
4.06803e-05
4.06648e-05
4.06493e-05
4.06339e-05
4.06185e-05
4.06032e-05
4.05879e-05
4.05725e-05
4.05571e-05
4.05418e-05
4.05264e-05
4.0511e-05
4.04956e-05
4.04802e-05
4.04649e-05
4.04496e-05
4.04343e-05
4.04191e-05
4.04039e-05
4.03889e-05
4.0374e-05
4.03592e-05
4.03445e-05
4.033e-05
4.03155e-05
4.0301e-05
4.02866e-05
4.0272e-05
4.02573e-05
4.02423e-05
4.02271e-05
4.02115e-05
4.01957e-05
4.01799e-05
4.01644e-05
4.01496e-05
4.01362e-05
4.01247e-05
4.01155e-05
4.01087e-05
4.01044e-05
4.01023e-05
4.01021e-05
4.01036e-05
4.01068e-05
4.0112e-05
4.01193e-05
4.01292e-05
4.01418e-05
4.01546e-05
4.01668e-05
4.01799e-05
4.01974e-05
4.02194e-05
4.02446e-05
4.02681e-05
4.02767e-05
4.02585e-05
4.02115e-05
4.01669e-05
4.01887e-05
4.02952e-05
4.0362e-05
4.0303e-05
4.01482e-05
4.00186e-05
4.18341e-05
4.15189e-05
4.08579e-05
3.94158e-05
3.68798e-05
3.29849e-05
2.677e-05
1.81111e-05
4.97752e-06
6.0939e-07
5.35989e-07
4.22734e-07
2.54798e-07
1.13637e-08
0
0
0
0
0
0
0
0
0
0
0
0
0
0
0
0.0528841
0.261413
0.92833
1.82106
2.78425
3.73291
4.58576
5.26615
5.70155
5.81692
5.53419
4.75765
3.41727
1.81881
0.656653
0.155136
0.0213757
0.000723875
0.00011647
0
0
1.13697e-06
7.93973e-06
2.8429e-05
3.8659e-05
4.08264e-05
4.07061e-05
4.04859e-05
4.04111e-05
4.03834e-05
4.03601e-05
4.03373e-05
4.03168e-05
4.02985e-05
4.02821e-05
4.0267e-05
4.02526e-05
4.0239e-05
4.0227e-05
4.02156e-05
4.02029e-05
4.01891e-05
4.01747e-05
4.01594e-05
4.01414e-05
4.01197e-05
4.00986e-05
4.00775e-05
4.00508e-05
4.00835e-05
4.00621e-05
4.17966e-05
4.14361e-05
4.09143e-05
4.08371e-05
4.08404e-05
4.08579e-05
4.08348e-05
4.0826e-05
4.08115e-05
4.07974e-05
4.07823e-05
4.07666e-05
4.07504e-05
4.07337e-05
4.07168e-05
4.06997e-05
4.06825e-05
4.06653e-05
4.06481e-05
4.06308e-05
4.06136e-05
4.05964e-05
4.05793e-05
4.05622e-05
4.05453e-05
4.05284e-05
4.05117e-05
4.0495e-05
4.04786e-05
4.04622e-05
4.0446e-05
4.043e-05
4.04141e-05
4.03984e-05
4.03829e-05
4.03676e-05
4.03523e-05
4.03372e-05
4.03222e-05
4.03072e-05
4.02921e-05
4.0277e-05
4.02616e-05
4.02459e-05
4.023e-05
4.02138e-05
4.01975e-05
4.01814e-05
4.01658e-05
4.01511e-05
4.01381e-05
4.0127e-05
4.01183e-05
4.0112e-05
4.01079e-05
4.01057e-05
4.01054e-05
4.01067e-05
4.01098e-05
4.01149e-05
4.01224e-05
4.01327e-05
4.01456e-05
4.01587e-05
4.01711e-05
4.0185e-05
4.02041e-05
4.02276e-05
4.02534e-05
4.02757e-05
4.02811e-05
4.02585e-05
4.0209e-05
4.01683e-05
4.02011e-05
4.03118e-05
4.03721e-05
4.03036e-05
4.01445e-05
4.00173e-05
4.11552e-05
4.13863e-05
4.16537e-05
4.20365e-05
4.23563e-05
4.24683e-05
4.21063e-05
4.11538e-05
3.86701e-05
3.45975e-05
2.89576e-05
2.1739e-05
1.2474e-05
5.2978e-07
7.71603e-07
5.34496e-07
4.02019e-07
2.21762e-07
2.7889e-08
0
0
0
0
0
0
0
0
0
0.00470253
0.0232912
0.352188
0.965911
1.74709
2.58802
3.42959
4.20534
4.85105
5.3039
5.497
5.35883
4.80327
3.72358
2.23198
0.931611
0.259835
0.0462545
0.00391239
0.000679847
0
0
6.4806e-07
4.43696e-06
2.5509e-05
3.75254e-05
4.06836e-05
4.07746e-05
4.05313e-05
4.043e-05
4.03953e-05
4.03705e-05
4.03467e-05
4.0325e-05
4.03057e-05
4.02884e-05
4.02727e-05
4.02578e-05
4.02438e-05
4.02317e-05
4.02201e-05
4.02071e-05
4.01929e-05
4.01781e-05
4.01625e-05
4.01443e-05
4.01224e-05
4.01005e-05
4.00793e-05
4.00516e-05
4.00869e-05
4.00656e-05
4.09969e-05
4.0867e-05
4.08426e-05
4.08569e-05
4.08583e-05
4.0852e-05
4.0844e-05
4.08355e-05
4.08247e-05
4.0813e-05
4.07999e-05
4.07858e-05
4.07709e-05
4.07552e-05
4.0739e-05
4.07223e-05
4.07053e-05
4.06879e-05
4.06703e-05
4.06525e-05
4.06346e-05
4.06166e-05
4.05986e-05
4.05807e-05
4.05628e-05
4.0545e-05
4.05273e-05
4.05098e-05
4.04924e-05
4.04753e-05
4.04583e-05
4.04415e-05
4.0425e-05
4.04086e-05
4.03924e-05
4.03764e-05
4.03606e-05
4.03448e-05
4.03292e-05
4.03135e-05
4.02978e-05
4.02819e-05
4.02658e-05
4.02494e-05
4.02328e-05
4.02161e-05
4.01993e-05
4.0183e-05
4.01674e-05
4.0153e-05
4.01404e-05
4.01298e-05
4.01215e-05
4.01155e-05
4.01115e-05
4.01093e-05
4.01088e-05
4.01099e-05
4.01129e-05
4.0118e-05
4.01258e-05
4.01366e-05
4.01496e-05
4.01628e-05
4.01756e-05
4.01905e-05
4.02112e-05
4.02364e-05
4.02624e-05
4.02831e-05
4.02849e-05
4.02576e-05
4.0206e-05
4.01706e-05
4.02155e-05
4.03294e-05
4.0382e-05
4.03035e-05
4.01403e-05
4.0016e-05
4.07668e-05
4.07884e-05
4.08359e-05
4.09344e-05
4.11054e-05
4.13622e-05
4.17234e-05
4.21503e-05
4.27476e-05
4.30673e-05
4.28016e-05
4.16753e-05
3.94413e-05
3.55316e-05
3.00611e-05
2.36298e-05
1.69329e-05
8.90126e-06
1.06699e-06
7.94341e-07
3.85913e-07
2.22939e-07
6.29381e-08
0
0
0
0
0
0.0220627
0.104848
0.464956
1.03065
1.71577
2.44741
3.19028
3.88732
4.48559
4.93122
5.1656
5.12458
4.73367
3.88655
2.57258
1.22684
0.399318
0.0873433
0.0115432
0.000441449
7.21884e-05
0
1.39981e-07
9.40144e-07
2.24053e-05
3.61169e-05
4.04073e-05
4.08219e-05
4.05841e-05
4.04541e-05
4.04089e-05
4.03819e-05
4.03569e-05
4.0334e-05
4.03136e-05
4.02955e-05
4.02791e-05
4.02636e-05
4.02492e-05
4.02369e-05
4.0225e-05
4.02117e-05
4.01972e-05
4.01819e-05
4.01659e-05
4.01476e-05
4.01255e-05
4.01028e-05
4.0081e-05
4.00528e-05
4.00903e-05
4.00699e-05
4.07786e-05
4.07956e-05
4.08121e-05
4.08191e-05
4.08223e-05
4.08227e-05
4.08214e-05
4.08176e-05
4.0812e-05
4.08045e-05
4.07954e-05
4.07849e-05
4.07731e-05
4.07603e-05
4.07464e-05
4.07317e-05
4.07162e-05
4.07001e-05
4.06834e-05
4.06663e-05
4.06489e-05
4.06312e-05
4.06133e-05
4.05952e-05
4.05772e-05
4.05591e-05
4.05411e-05
4.05231e-05
4.05053e-05
4.04876e-05
4.04701e-05
4.04528e-05
4.04356e-05
4.04187e-05
4.04019e-05
4.03853e-05
4.03689e-05
4.03525e-05
4.03361e-05
4.03198e-05
4.03033e-05
4.02866e-05
4.02698e-05
4.02527e-05
4.02355e-05
4.02182e-05
4.02012e-05
4.01847e-05
4.01693e-05
4.01552e-05
4.01431e-05
4.0133e-05
4.01251e-05
4.01193e-05
4.01153e-05
4.01131e-05
4.01123e-05
4.01133e-05
4.01162e-05
4.01215e-05
4.01297e-05
4.01408e-05
4.01536e-05
4.0167e-05
4.01803e-05
4.01963e-05
4.02188e-05
4.02456e-05
4.02716e-05
4.02902e-05
4.02879e-05
4.02557e-05
4.02028e-05
4.0174e-05
4.0232e-05
4.03479e-05
4.03915e-05
4.03025e-05
4.01357e-05
4.00146e-05
4.06634e-05
4.06453e-05
4.06266e-05
4.061e-05
4.06032e-05
4.06172e-05
4.06778e-05
4.08046e-05
4.10584e-05
4.14786e-05
4.20636e-05
4.2716e-05
4.33308e-05
4.37646e-05
4.34751e-05
4.20212e-05
3.92399e-05
3.45111e-05
2.80594e-05
2.09506e-05
1.40178e-05
7.72375e-06
2.08025e-06
8.39579e-07
1.49816e-07
0
0
0.00374208
0.01809
0.206417
0.576184
1.09191
1.69247
2.33156
2.98422
3.60676
4.15457
4.58104
4.83493
4.85918
4.5893
3.93271
2.81952
1.51274
0.567158
0.147399
0.0257264
0.0024295
0.000442149
0
0
2.93384e-06
1.91101e-05
3.44414e-05
3.99729e-05
4.08301e-05
4.06401e-05
4.04837e-05
4.04247e-05
4.03943e-05
4.0368e-05
4.03438e-05
4.03223e-05
4.03031e-05
4.0286e-05
4.027e-05
4.02552e-05
4.02426e-05
4.02305e-05
4.02169e-05
4.0202e-05
4.01862e-05
4.01699e-05
4.01513e-05
4.01291e-05
4.01056e-05
4.00828e-05
4.00544e-05
4.00937e-05
4.00749e-05
4.06955e-05
4.07202e-05
4.07367e-05
4.075e-05
4.07604e-05
4.07681e-05
4.07734e-05
4.07762e-05
4.07768e-05
4.07751e-05
4.07714e-05
4.07659e-05
4.07586e-05
4.07497e-05
4.07394e-05
4.07279e-05
4.07152e-05
4.07015e-05
4.06869e-05
4.06715e-05
4.06555e-05
4.0639e-05
4.06221e-05
4.06048e-05
4.05873e-05
4.05696e-05
4.05518e-05
4.05339e-05
4.05161e-05
4.04983e-05
4.04806e-05
4.0463e-05
4.04455e-05
4.04282e-05
4.04109e-05
4.03938e-05
4.03768e-05
4.03598e-05
4.03428e-05
4.03257e-05
4.03084e-05
4.0291e-05
4.02735e-05
4.02557e-05
4.0238e-05
4.02203e-05
4.02031e-05
4.01867e-05
4.01715e-05
4.01579e-05
4.01463e-05
4.01366e-05
4.0129e-05
4.01234e-05
4.01194e-05
4.01169e-05
4.0116e-05
4.01168e-05
4.01197e-05
4.01254e-05
4.01341e-05
4.01453e-05
4.01579e-05
4.01714e-05
4.01852e-05
4.02026e-05
4.02271e-05
4.02554e-05
4.02809e-05
4.02969e-05
4.02899e-05
4.02529e-05
4.01994e-05
4.01789e-05
4.02507e-05
4.03671e-05
4.04004e-05
4.03005e-05
4.01308e-05
4.00132e-05
4.05319e-05
4.05172e-05
4.05049e-05
4.0493e-05
4.0481e-05
4.04676e-05
4.04518e-05
4.04427e-05
4.04558e-05
4.05145e-05
4.06564e-05
4.09196e-05
4.13782e-05
4.21668e-05
4.3254e-05
4.41939e-05
4.45005e-05
4.42524e-05
4.30153e-05
3.99066e-05
3.51321e-05
2.95235e-05
2.21959e-05
1.22483e-05
4.70608e-06
1.04968e-06
0
0.0197722
0.087578
0.313269
0.674539
1.1378
1.66166
2.21796
2.79152
3.34716
3.8468
4.24967
4.51077
4.57958
4.39958
3.89365
2.97333
1.76561
0.752518
0.227197
0.0486489
0.00685458
0.000441533
7.97218e-05
0
2.39244e-06
1.57997e-05
3.2538e-05
3.93667e-05
4.07818e-05
4.06936e-05
4.05187e-05
4.04433e-05
4.04079e-05
4.03799e-05
4.03544e-05
4.03316e-05
4.03115e-05
4.02936e-05
4.02769e-05
4.02617e-05
4.02488e-05
4.02365e-05
4.02226e-05
4.02073e-05
4.01911e-05
4.01742e-05
4.01555e-05
4.01331e-05
4.01089e-05
4.0085e-05
4.00563e-05
4.00971e-05
4.00806e-05
4.05677e-05
4.06021e-05
4.06317e-05
4.06569e-05
4.06775e-05
4.06938e-05
4.07066e-05
4.07162e-05
4.07232e-05
4.07278e-05
4.07302e-05
4.07304e-05
4.07285e-05
4.07247e-05
4.07189e-05
4.07115e-05
4.07025e-05
4.06921e-05
4.06805e-05
4.06678e-05
4.06541e-05
4.06396e-05
4.06244e-05
4.06086e-05
4.05924e-05
4.05757e-05
4.05587e-05
4.05414e-05
4.05241e-05
4.05066e-05
4.0489e-05
4.04715e-05
4.04539e-05
4.04364e-05
4.04189e-05
4.04014e-05
4.03839e-05
4.03664e-05
4.03487e-05
4.0331e-05
4.03131e-05
4.0295e-05
4.02768e-05
4.02585e-05
4.02403e-05
4.02224e-05
4.02052e-05
4.0189e-05
4.01742e-05
4.01611e-05
4.01499e-05
4.01406e-05
4.01333e-05
4.01276e-05
4.01235e-05
4.01208e-05
4.01197e-05
4.01205e-05
4.01237e-05
4.01298e-05
4.01388e-05
4.015e-05
4.01625e-05
4.01758e-05
4.01905e-05
4.02094e-05
4.0236e-05
4.02656e-05
4.02902e-05
4.03029e-05
4.02907e-05
4.0249e-05
4.01962e-05
4.01864e-05
4.02717e-05
4.03869e-05
4.04086e-05
4.02976e-05
4.01255e-05
4.00117e-05
4.04481e-05
4.04438e-05
4.04396e-05
4.04365e-05
4.04354e-05
4.04345e-05
4.043e-05
4.04274e-05
4.04334e-05
4.04267e-05
4.03854e-05
4.03709e-05
4.05006e-05
4.08236e-05
4.12001e-05
4.15415e-05
4.23301e-05
4.39418e-05
4.57702e-05
4.75275e-05
4.88674e-05
4.55774e-05
3.07286e-05
1.54545e-05
3.63603e-06
0
0.0100855
0.0435142
0.178785
0.420333
0.758914
1.16793
1.62067
2.10087
2.60413
3.10016
3.55561
3.93422
4.19596
4.29602
4.18437
3.79688
3.04714
1.97156
0.942948
0.325339
0.0821104
0.0148587
0.00166941
7.40414e-05
1.26669e-05
1.85853e-06
1.2053e-05
3.03735e-05
3.85696e-05
4.06586e-05
4.0737e-05
4.05585e-05
4.0465e-05
4.04227e-05
4.03926e-05
4.03657e-05
4.03417e-05
4.03205e-05
4.03017e-05
4.02844e-05
4.02687e-05
4.02556e-05
4.02431e-05
4.02289e-05
4.02132e-05
4.01964e-05
4.01791e-05
4.01601e-05
4.01375e-05
4.01127e-05
4.00877e-05
4.00587e-05
4.01004e-05
4.0087e-05
4.04645e-05
4.04819e-05
4.05071e-05
4.05365e-05
4.05668e-05
4.0595e-05
4.06192e-05
4.0639e-05
4.06545e-05
4.06663e-05
4.0675e-05
4.0681e-05
4.06847e-05
4.06863e-05
4.06857e-05
4.06831e-05
4.06786e-05
4.06724e-05
4.06645e-05
4.06551e-05
4.06445e-05
4.06328e-05
4.062e-05
4.06063e-05
4.05919e-05
4.05768e-05
4.05611e-05
4.0545e-05
4.05286e-05
4.05118e-05
4.04948e-05
4.04776e-05
4.04603e-05
4.04428e-05
4.04253e-05
4.04076e-05
4.03898e-05
4.03718e-05
4.03537e-05
4.03354e-05
4.03169e-05
4.02983e-05
4.02796e-05
4.02609e-05
4.02425e-05
4.02246e-05
4.02076e-05
4.01917e-05
4.01773e-05
4.01647e-05
4.01539e-05
4.0145e-05
4.01377e-05
4.0132e-05
4.01277e-05
4.01249e-05
4.01236e-05
4.01245e-05
4.01281e-05
4.01346e-05
4.01439e-05
4.0155e-05
4.01671e-05
4.01805e-05
4.01961e-05
4.02168e-05
4.02456e-05
4.02762e-05
4.02994e-05
4.03082e-05
4.02903e-05
4.02441e-05
4.01936e-05
4.01971e-05
4.0295e-05
4.04069e-05
4.04158e-05
4.02937e-05
4.01199e-05
4.001e-05
4.04468e-05
4.04553e-05
4.0461e-05
4.04643e-05
4.04658e-05
4.04667e-05
4.04656e-05
4.04735e-05
4.04971e-05
4.04982e-05
4.04536e-05
4.04459e-05
4.05601e-05
4.06994e-05
4.05276e-05
4.00107e-05
3.99636e-05
4.14728e-05
4.53995e-05
5.11842e-05
5.28233e-05
3.90741e-05
2.18276e-05
5.42281e-06
0
0.00657837
0.0277777
0.116901
0.280862
0.522842
0.830681
1.18585
1.57281
1.98463
2.42176
2.86306
3.27792
3.63301
3.89202
4.01476
3.95658
3.66329
3.05841
2.12624
1.12701
0.438986
0.127453
0.0277551
0.00430535
0.000404773
4.48847e-06
2.09164e-06
8.59266e-06
2.79848e-05
3.75644e-05
4.044e-05
4.07608e-05
4.06012e-05
4.04903e-05
4.04392e-05
4.04063e-05
4.03779e-05
4.03526e-05
4.03302e-05
4.03105e-05
4.02924e-05
4.02763e-05
4.02629e-05
4.02502e-05
4.02358e-05
4.02197e-05
4.02023e-05
4.01845e-05
4.01651e-05
4.01424e-05
4.01171e-05
4.00909e-05
4.00614e-05
4.01038e-05
4.00941e-05
4.04426e-05
4.04411e-05
4.04467e-05
4.04565e-05
4.04706e-05
4.04891e-05
4.05128e-05
4.0539e-05
4.05646e-05
4.05868e-05
4.06051e-05
4.06191e-05
4.06294e-05
4.06366e-05
4.06413e-05
4.06437e-05
4.06441e-05
4.06425e-05
4.0639e-05
4.06337e-05
4.06267e-05
4.06183e-05
4.06085e-05
4.05975e-05
4.05855e-05
4.05725e-05
4.05588e-05
4.05443e-05
4.05292e-05
4.05135e-05
4.04974e-05
4.0481e-05
4.04641e-05
4.0447e-05
4.04296e-05
4.04119e-05
4.0394e-05
4.03758e-05
4.03574e-05
4.03387e-05
4.03198e-05
4.03008e-05
4.02818e-05
4.0263e-05
4.02446e-05
4.02268e-05
4.02101e-05
4.01947e-05
4.01808e-05
4.01687e-05
4.01583e-05
4.01495e-05
4.01423e-05
4.01365e-05
4.0132e-05
4.0129e-05
4.01278e-05
4.0129e-05
4.0133e-05
4.014e-05
4.01493e-05
4.01602e-05
4.0172e-05
4.01854e-05
4.02023e-05
4.0225e-05
4.02559e-05
4.02871e-05
4.03082e-05
4.03124e-05
4.02885e-05
4.02384e-05
4.01922e-05
4.02112e-05
4.03205e-05
4.04271e-05
4.04218e-05
4.02887e-05
4.01141e-05
4.00082e-05
4.04978e-05
4.05179e-05
4.0534e-05
4.05468e-05
4.05575e-05
4.05632e-05
4.05601e-05
4.05654e-05
4.05877e-05
4.05923e-05
4.05478e-05
4.0565e-05
4.07752e-05
4.09265e-05
4.05063e-05
3.96026e-05
3.94774e-05
4.18839e-05
4.67596e-05
4.87591e-05
3.72485e-05
2.1752e-05
5.5842e-06
0
0.00501526
0.0215726
0.0876994
0.207771
0.386193
0.617806
0.891402
1.19514
1.52137
1.86921
2.24429
2.63477
3.01212
3.34496
3.59962
3.73954
3.72447
3.50762
3.0239
2.23219
1.29593
0.563991
0.185411
0.0468904
0.00900021
0.00120266
8.64684e-05
1.66343e-05
6.1389e-06
2.5437e-05
3.63525e-05
4.01075e-05
4.07535e-05
4.0644e-05
4.05193e-05
4.04574e-05
4.04208e-05
4.03907e-05
4.03641e-05
4.03406e-05
4.03199e-05
4.0301e-05
4.02844e-05
4.02707e-05
4.02579e-05
4.02432e-05
4.02267e-05
4.02088e-05
4.01903e-05
4.01706e-05
4.01477e-05
4.01219e-05
4.00945e-05
4.00646e-05
4.01072e-05
4.01017e-05
4.04766e-05
4.0459e-05
4.04478e-05
4.04409e-05
4.04389e-05
4.04416e-05
4.04489e-05
4.04603e-05
4.04753e-05
4.04946e-05
4.05173e-05
4.05397e-05
4.05593e-05
4.05752e-05
4.0587e-05
4.05953e-05
4.06007e-05
4.06038e-05
4.06048e-05
4.06038e-05
4.0601e-05
4.05964e-05
4.05902e-05
4.05824e-05
4.05732e-05
4.05628e-05
4.05513e-05
4.05389e-05
4.05255e-05
4.05114e-05
4.04965e-05
4.04811e-05
4.04651e-05
4.04486e-05
4.04316e-05
4.04141e-05
4.03963e-05
4.03781e-05
4.03595e-05
4.03407e-05
4.03216e-05
4.03025e-05
4.02834e-05
4.02647e-05
4.02465e-05
4.02291e-05
4.02129e-05
4.0198e-05
4.01846e-05
4.01729e-05
4.01628e-05
4.01542e-05
4.01469e-05
4.0141e-05
4.01363e-05
4.01333e-05
4.01323e-05
4.01339e-05
4.01384e-05
4.01457e-05
4.01551e-05
4.01656e-05
4.01771e-05
4.01907e-05
4.0209e-05
4.0234e-05
4.0267e-05
4.02983e-05
4.03166e-05
4.03153e-05
4.0285e-05
4.02319e-05
4.01925e-05
4.02293e-05
4.0348e-05
4.04471e-05
4.04264e-05
4.02827e-05
4.01079e-05
4.00062e-05
4.05805e-05
4.06108e-05
4.0636e-05
4.06575e-05
4.06768e-05
4.06913e-05
4.06961e-05
4.07008e-05
4.07192e-05
4.07222e-05
4.06638e-05
4.06655e-05
4.09186e-05
4.11034e-05
4.05792e-05
3.9719e-05
4.01914e-05
4.30656e-05
4.63463e-05
4.42438e-05
2.99818e-05
7.50247e-06
0
0.00284668
0.012806
0.0644883
0.159745
0.301033
0.484048
0.700347
0.940674
1.19793
1.46962
1.75887
2.07444
2.41602
2.75775
3.06938
3.31891
3.47237
3.49308
3.33974
2.95742
2.29574
1.44412
0.695875
0.256181
0.0736531
0.0166191
0.00284164
0.000328054
1.30173e-05
4.30632e-06
2.28329e-05
3.49074e-05
3.96348e-05
4.07002e-05
4.06825e-05
4.05518e-05
4.04779e-05
4.04363e-05
4.04043e-05
4.03763e-05
4.03516e-05
4.03299e-05
4.03102e-05
4.0293e-05
4.02791e-05
4.02661e-05
4.02511e-05
4.02343e-05
4.02159e-05
4.01968e-05
4.01766e-05
4.01535e-05
4.01273e-05
4.00988e-05
4.00683e-05
4.01106e-05
4.01099e-05
4.05456e-05
4.05144e-05
4.04894e-05
4.04687e-05
4.04529e-05
4.04417e-05
4.0435e-05
4.04326e-05
4.04344e-05
4.04404e-05
4.04501e-05
4.04629e-05
4.04793e-05
4.04991e-05
4.05184e-05
4.05351e-05
4.0548e-05
4.05572e-05
4.05633e-05
4.05667e-05
4.0568e-05
4.05674e-05
4.0565e-05
4.05608e-05
4.05549e-05
4.05475e-05
4.05387e-05
4.05286e-05
4.05174e-05
4.05051e-05
4.04918e-05
4.04777e-05
4.04628e-05
4.04472e-05
4.04308e-05
4.04139e-05
4.03964e-05
4.03784e-05
4.036e-05
4.03412e-05
4.03223e-05
4.03033e-05
4.02844e-05
4.0266e-05
4.02482e-05
4.02314e-05
4.02157e-05
4.02014e-05
4.01886e-05
4.01773e-05
4.01674e-05
4.01589e-05
4.01515e-05
4.01454e-05
4.01407e-05
4.01378e-05
4.01372e-05
4.01393e-05
4.01443e-05
4.01518e-05
4.0161e-05
4.01711e-05
4.01824e-05
4.01964e-05
4.02165e-05
4.02439e-05
4.02788e-05
4.03095e-05
4.03241e-05
4.03166e-05
4.02798e-05
4.02251e-05
4.0195e-05
4.02515e-05
4.03773e-05
4.04665e-05
4.04295e-05
4.02756e-05
4.01014e-05
4.00038e-05
4.06815e-05
4.07204e-05
4.07536e-05
4.07824e-05
4.08088e-05
4.08317e-05
4.08447e-05
4.08543e-05
4.08773e-05
4.08824e-05
4.08225e-05
4.07786e-05
4.10162e-05
4.127e-05
4.07132e-05
3.98438e-05
4.05635e-05
4.35346e-05
4.69476e-05
4.18739e-05
2.73464e-05
6.40814e-06
0.000392135
0.00177388
0.0333673
0.107682
0.224797
0.3794
0.562242
0.763578
0.975623
1.19401
1.4191
1.65636
1.91622
2.20869
2.51505
2.80576
3.04953
3.21407
3.26529
3.166
2.8694
2.32448
1.56897
0.830262
0.339572
0.109518
0.0282548
0.00577255
0.000884695
8.48845e-05
7.57715e-06
2.02399e-05
3.32057e-05
3.89947e-05
4.0583e-05
4.07107e-05
4.05876e-05
4.0501e-05
4.04529e-05
4.04185e-05
4.0389e-05
4.03631e-05
4.03404e-05
4.03199e-05
4.03021e-05
4.0288e-05
4.02748e-05
4.02596e-05
4.02424e-05
4.02235e-05
4.02038e-05
4.0183e-05
4.01597e-05
4.01332e-05
4.01035e-05
4.00725e-05
4.0114e-05
4.01186e-05
4.06354e-05
4.05931e-05
4.05566e-05
4.05244e-05
4.0497e-05
4.0474e-05
4.04555e-05
4.04413e-05
4.04313e-05
4.04254e-05
4.04234e-05
4.04251e-05
4.04306e-05
4.04394e-05
4.04509e-05
4.04658e-05
4.04831e-05
4.04994e-05
4.05127e-05
4.05225e-05
4.05288e-05
4.05324e-05
4.05337e-05
4.05331e-05
4.05308e-05
4.05266e-05
4.05208e-05
4.05134e-05
4.05046e-05
4.04944e-05
4.0483e-05
4.04705e-05
4.0457e-05
4.04425e-05
4.04271e-05
4.04109e-05
4.0394e-05
4.03765e-05
4.03585e-05
4.03401e-05
4.03216e-05
4.0303e-05
4.02847e-05
4.02668e-05
4.02497e-05
4.02335e-05
4.02185e-05
4.02049e-05
4.01925e-05
4.01816e-05
4.01719e-05
4.01633e-05
4.0156e-05
4.01498e-05
4.01452e-05
4.01426e-05
4.01425e-05
4.01452e-05
4.01506e-05
4.01581e-05
4.0167e-05
4.01767e-05
4.01879e-05
4.02028e-05
4.02249e-05
4.02548e-05
4.02912e-05
4.03206e-05
4.03304e-05
4.03159e-05
4.02729e-05
4.02185e-05
4.02018e-05
4.0278e-05
4.04082e-05
4.04849e-05
4.04308e-05
4.02675e-05
4.00945e-05
4.00016e-05
4.07895e-05
4.08355e-05
4.08751e-05
4.091e-05
4.0942e-05
4.09718e-05
4.09931e-05
4.10063e-05
4.10324e-05
4.1057e-05
4.10055e-05
4.09217e-05
4.10989e-05
4.14244e-05
4.10017e-05
3.99e-05
4.03587e-05
4.36508e-05
4.72101e-05
4.36769e-05
2.89389e-05
6.80967e-06
0.000774553
0.00348849
0.0431934
0.131994
0.263511
0.426844
0.60937
0.800258
0.992106
1.18154
1.36984
1.56341
1.7737
2.01555
2.28495
2.55378
2.79085
2.96448
3.04229
2.99001
2.76697
2.32542
1.66979
0.962753
0.434645
0.155754
0.0451253
0.0105951
0.00196543
0.000266
2.60287e-05
1.8578e-05
3.12084e-05
3.81392e-05
4.03732e-05
4.07154e-05
4.0623e-05
4.05269e-05
4.04711e-05
4.04335e-05
4.04024e-05
4.03752e-05
4.03515e-05
4.03301e-05
4.03118e-05
4.02973e-05
4.0284e-05
4.02687e-05
4.02512e-05
4.02318e-05
4.02114e-05
4.019e-05
4.01665e-05
4.01396e-05
4.01089e-05
4.00772e-05
4.01176e-05
4.01278e-05
4.07347e-05
4.06835e-05
4.06377e-05
4.05961e-05
4.05591e-05
4.05264e-05
4.04979e-05
4.04738e-05
4.04537e-05
4.04377e-05
4.04256e-05
4.04174e-05
4.04128e-05
4.04118e-05
4.0414e-05
4.04197e-05
4.04281e-05
4.04391e-05
4.0453e-05
4.04679e-05
4.0481e-05
4.04907e-05
4.0497e-05
4.05004e-05
4.05015e-05
4.05006e-05
4.0498e-05
4.04935e-05
4.04874e-05
4.04796e-05
4.04703e-05
4.04596e-05
4.04477e-05
4.04346e-05
4.04204e-05
4.04053e-05
4.03893e-05
4.03726e-05
4.03553e-05
4.03376e-05
4.03197e-05
4.03019e-05
4.02843e-05
4.02672e-05
4.02509e-05
4.02355e-05
4.02213e-05
4.02083e-05
4.01964e-05
4.01858e-05
4.01762e-05
4.01677e-05
4.01603e-05
4.01543e-05
4.01499e-05
4.01478e-05
4.01483e-05
4.01516e-05
4.01573e-05
4.01647e-05
4.01732e-05
4.01825e-05
4.01938e-05
4.02098e-05
4.02343e-05
4.02668e-05
4.0304e-05
4.0331e-05
4.0335e-05
4.0313e-05
4.02644e-05
4.02131e-05
4.02139e-05
4.03087e-05
4.04402e-05
4.0502e-05
4.04302e-05
4.02583e-05
4.00871e-05
4.00001e-05
4.08957e-05
4.0947e-05
4.09915e-05
4.1031e-05
4.10672e-05
4.11017e-05
4.11306e-05
4.11483e-05
4.11721e-05
4.12133e-05
4.1194e-05
4.10872e-05
4.11709e-05
4.15378e-05
4.13819e-05
4.01853e-05
3.98191e-05
4.31709e-05
4.77181e-05
4.56913e-05
3.06342e-05
7.23724e-06
0
0.00746431
0.0332793
0.124643
0.262508
0.431371
0.615505
0.802376
0.983756
1.15578
1.31914
1.47964
1.64834
1.84107
2.07002
2.31423
2.54259
2.72329
2.82462
2.81415
2.65556
2.30559
1.74892
1.09151
0.541771
0.214907
0.0694688
0.018482
0.00401676
0.000688762
9.02663e-05
2.28056e-05
2.93557e-05
3.70471e-05
4.00539e-05
4.06915e-05
4.0656e-05
4.05538e-05
4.04897e-05
4.04487e-05
4.04162e-05
4.03878e-05
4.03631e-05
4.03408e-05
4.03218e-05
4.0307e-05
4.02936e-05
4.02782e-05
4.02604e-05
4.02406e-05
4.02195e-05
4.01976e-05
4.01737e-05
4.01466e-05
4.01149e-05
4.00825e-05
4.01211e-05
4.01372e-05
4.08348e-05
4.0777e-05
4.07243e-05
4.06754e-05
4.06308e-05
4.05902e-05
4.05538e-05
4.05214e-05
4.0493e-05
4.04686e-05
4.0448e-05
4.04311e-05
4.0418e-05
4.04084e-05
4.04023e-05
4.03995e-05
4.03997e-05
4.04029e-05
4.0409e-05
4.04172e-05
4.04277e-05
4.04403e-05
4.0452e-05
4.0461e-05
4.04667e-05
4.04694e-05
4.04698e-05
4.04683e-05
4.0465e-05
4.04598e-05
4.04529e-05
4.04443e-05
4.04342e-05
4.04228e-05
4.04101e-05
4.03962e-05
4.03814e-05
4.03658e-05
4.03496e-05
4.03329e-05
4.0316e-05
4.02991e-05
4.02826e-05
4.02665e-05
4.02512e-05
4.02368e-05
4.02233e-05
4.0211e-05
4.01996e-05
4.01893e-05
4.01799e-05
4.01715e-05
4.01642e-05
4.01585e-05
4.01546e-05
4.01532e-05
4.01544e-05
4.01581e-05
4.0164e-05
4.01712e-05
4.01792e-05
4.01883e-05
4.02001e-05
4.02177e-05
4.02451e-05
4.028e-05
4.03173e-05
4.03405e-05
4.03377e-05
4.03078e-05
4.02549e-05
4.02102e-05
4.02319e-05
4.03435e-05
4.04726e-05
4.05173e-05
4.04275e-05
4.0248e-05
4.00796e-05
3.99995e-05
4.09932e-05
4.10482e-05
4.10961e-05
4.1139e-05
4.11783e-05
4.12155e-05
4.12502e-05
4.12745e-05
4.12944e-05
4.13376e-05
4.13608e-05
4.127e-05
4.12387e-05
4.15668e-05
4.17695e-05
4.07389e-05
3.94592e-05
4.18062e-05
4.8206e-05
4.72577e-05
3.15845e-05
7.61478e-06
0
0.00239872
0.0107632
0.0825746
0.21769
0.390899
0.580563
0.770691
0.951124
1.11659
1.26631
1.40434
1.54034
1.69005
1.87258
2.08682
2.30285
2.48766
2.6091
2.63555
2.53354
2.26394
1.80063
1.20447
0.650294
0.281696
0.0995099
0.0290042
0.00696815
0.00135102
0.000203949
3.42566e-05
2.77517e-05
3.55895e-05
3.95479e-05
4.06262e-05
4.06982e-05
4.05927e-05
4.05126e-05
4.0464e-05
4.04292e-05
4.04e-05
4.03746e-05
4.03517e-05
4.03322e-05
4.03171e-05
4.03037e-05
4.02881e-05
4.02702e-05
4.025e-05
4.02283e-05
4.02057e-05
4.01814e-05
4.01541e-05
4.01215e-05
4.00885e-05
4.0125e-05
4.01473e-05
4.09284e-05
4.08662e-05
4.08085e-05
4.07543e-05
4.0704e-05
4.06574e-05
4.06146e-05
4.05756e-05
4.05404e-05
4.05089e-05
4.04811e-05
4.0457e-05
4.04365e-05
4.04194e-05
4.04058e-05
4.03956e-05
4.03884e-05
4.03844e-05
4.03832e-05
4.03846e-05
4.03886e-05
4.0395e-05
4.04041e-05
4.04157e-05
4.04262e-05
4.04338e-05
4.04381e-05
4.04395e-05
4.04389e-05
4.04363e-05
4.0432e-05
4.04257e-05
4.04177e-05
4.04082e-05
4.03972e-05
4.03849e-05
4.03716e-05
4.03573e-05
4.03424e-05
4.0327e-05
4.03114e-05
4.02958e-05
4.02804e-05
4.02656e-05
4.02513e-05
4.02379e-05
4.02253e-05
4.02136e-05
4.02027e-05
4.01927e-05
4.01835e-05
4.01753e-05
4.01684e-05
4.01632e-05
4.016e-05
4.01593e-05
4.01612e-05
4.01653e-05
4.01712e-05
4.0178e-05
4.01856e-05
4.01946e-05
4.02073e-05
4.02271e-05
4.0257e-05
4.0294e-05
4.03304e-05
4.03486e-05
4.03379e-05
4.02999e-05
4.02444e-05
4.02102e-05
4.02565e-05
4.03823e-05
4.05054e-05
4.05306e-05
4.04227e-05
4.02365e-05
4.00719e-05
4e-05
4.10867e-05
4.11441e-05
4.11938e-05
4.12387e-05
4.12802e-05
4.13191e-05
4.13562e-05
4.13885e-05
4.14121e-05
4.14422e-05
4.14838e-05
4.14716e-05
4.13969e-05
4.14852e-05
4.18311e-05
4.16189e-05
4.0341e-05
3.99115e-05
4.47802e-05
4.9443e-05
3.97761e-05
8.65253e-06
2.11028e-06
0
0.00317915
0.0130294
0.0979199
0.246521
0.433975
0.634484
0.829689
1.00868
1.16646
1.30301
1.42372
1.54027
1.67042
1.83372
2.02425
2.2099
2.35612
2.4298
2.39835
2.22659
1.88292
1.38439
0.847392
0.423785
0.174312
0.0597308
0.0171467
0.00410307
0.000805871
0.00013557
3.76858e-05
3.41461e-05
3.82733e-05
4.01612e-05
4.06141e-05
4.06216e-05
4.05557e-05
4.04983e-05
4.04546e-05
4.04203e-05
4.03922e-05
4.03676e-05
4.0347e-05
4.03312e-05
4.03173e-05
4.03015e-05
4.02832e-05
4.02623e-05
4.02397e-05
4.0216e-05
4.01909e-05
4.01632e-05
4.01294e-05
4.00958e-05
4.01291e-05
4.01577e-05
4.10204e-05
4.09562e-05
4.08957e-05
4.0838e-05
4.07836e-05
4.07324e-05
4.06845e-05
4.064e-05
4.05988e-05
4.0561e-05
4.05266e-05
4.04956e-05
4.0468e-05
4.04436e-05
4.04226e-05
4.04048e-05
4.03901e-05
4.03784e-05
4.03697e-05
4.03638e-05
4.03608e-05
4.03607e-05
4.03634e-05
4.03688e-05
4.03773e-05
4.03886e-05
4.03988e-05
4.04058e-05
4.04091e-05
4.04096e-05
4.0408e-05
4.04044e-05
4.03991e-05
4.0392e-05
4.03833e-05
4.03731e-05
4.03618e-05
4.03495e-05
4.03364e-05
4.03228e-05
4.03089e-05
4.02949e-05
4.02812e-05
4.02678e-05
4.02548e-05
4.02425e-05
4.02307e-05
4.02197e-05
4.02092e-05
4.01995e-05
4.01906e-05
4.01828e-05
4.01764e-05
4.01719e-05
4.01695e-05
4.01696e-05
4.01718e-05
4.0176e-05
4.01813e-05
4.01874e-05
4.01945e-05
4.02039e-05
4.02181e-05
4.02403e-05
4.02722e-05
4.03106e-05
4.03438e-05
4.03538e-05
4.03327e-05
4.02863e-05
4.02326e-05
4.02193e-05
4.02939e-05
4.04303e-05
4.05409e-05
4.05417e-05
4.04144e-05
4.02227e-05
4.00639e-05
4.00014e-05
4.11598e-05
4.12166e-05
4.12657e-05
4.13104e-05
4.13522e-05
4.13916e-05
4.14291e-05
4.14651e-05
4.14955e-05
4.15202e-05
4.15561e-05
4.15955e-05
4.15677e-05
4.1503e-05
4.16824e-05
4.20484e-05
4.15346e-05
3.98064e-05
4.08477e-05
4.71515e-05
5.07146e-05
2.95448e-05
7.49828e-06
0
0
0.000409317
0.000970901
0.0600049
0.19389
0.380007
0.588734
0.795404
0.984326
1.14736
1.2825
1.39396
1.49354
1.60082
1.73754
1.9025
2.06291
2.18187
2.22425
2.15534
1.93978
1.56241
1.0794
0.62126
0.296205
0.118178
0.0397892
0.011313
0.00269472
0.000534989
0.000102094
4.07157e-05
3.82241e-05
3.99447e-05
4.05104e-05
4.05647e-05
4.05391e-05
4.05128e-05
4.04823e-05
4.0448e-05
4.04157e-05
4.03876e-05
4.03648e-05
4.03479e-05
4.03335e-05
4.03172e-05
4.02984e-05
4.02768e-05
4.02531e-05
4.02282e-05
4.0202e-05
4.01737e-05
4.01385e-05
4.01043e-05
4.01336e-05
4.01686e-05
4.10959e-05
4.10331e-05
4.09729e-05
4.09149e-05
4.08593e-05
4.08062e-05
4.07556e-05
4.07078e-05
4.06628e-05
4.06206e-05
4.05813e-05
4.05449e-05
4.05114e-05
4.0481e-05
4.04535e-05
4.04289e-05
4.04073e-05
4.03886e-05
4.03728e-05
4.036e-05
4.03501e-05
4.03433e-05
4.03396e-05
4.03387e-05
4.03405e-05
4.03445e-05
4.03495e-05
4.03557e-05
4.03635e-05
4.03698e-05
4.0373e-05
4.03731e-05
4.03709e-05
4.03668e-05
4.03612e-05
4.0354e-05
4.03456e-05
4.0336e-05
4.03256e-05
4.03146e-05
4.03032e-05
4.02916e-05
4.02799e-05
4.02685e-05
4.02572e-05
4.02463e-05
4.02357e-05
4.02255e-05
4.02158e-05
4.02067e-05
4.01985e-05
4.01916e-05
4.01862e-05
4.01827e-05
4.01813e-05
4.0182e-05
4.01845e-05
4.01883e-05
4.01929e-05
4.01984e-05
4.02054e-05
4.02158e-05
4.02322e-05
4.02571e-05
4.02914e-05
4.03301e-05
4.03566e-05
4.03544e-05
4.03209e-05
4.0268e-05
4.02241e-05
4.02425e-05
4.03459e-05
4.04869e-05
4.05776e-05
4.05492e-05
4.04017e-05
4.02061e-05
4.00554e-05
4.0004e-05
4.11924e-05
4.1246e-05
4.12924e-05
4.13346e-05
4.13743e-05
4.14122e-05
4.14482e-05
4.14832e-05
4.15161e-05
4.15438e-05
4.15711e-05
4.16109e-05
4.16374e-05
4.15954e-05
4.15842e-05
4.186e-05
4.20705e-05
4.11618e-05
3.97506e-05
4.2174e-05
4.92478e-05
4.62754e-05
2.35821e-05
5.95672e-06
0
0
1.39169e-05
0.00644156
0.0241833
0.118971
0.285212
0.492538
0.71021
0.914856
1.09226
1.23629
1.34868
1.44018
1.53082
1.64379
1.78606
1.92553
2.02269
2.03867
1.93487
1.68008
1.2853
0.837309
0.456729
0.208928
0.0809441
0.0266644
0.00744243
0.00173901
0.000341168
7.25846e-05
3.92509e-05
3.96376e-05
4.0827e-05
4.0834e-05
4.06135e-05
4.05014e-05
4.0471e-05
4.04569e-05
4.04359e-05
4.04091e-05
4.03843e-05
4.03656e-05
4.03502e-05
4.03335e-05
4.03143e-05
4.02921e-05
4.02675e-05
4.02412e-05
4.02138e-05
4.01848e-05
4.01485e-05
4.01136e-05
4.01385e-05
4.01794e-05
4.11337e-05
4.10752e-05
4.10183e-05
4.09628e-05
4.0909e-05
4.0857e-05
4.08069e-05
4.07588e-05
4.07128e-05
4.06691e-05
4.06277e-05
4.05887e-05
4.05521e-05
4.05181e-05
4.04865e-05
4.04576e-05
4.04314e-05
4.04078e-05
4.0387e-05
4.03691e-05
4.03541e-05
4.03419e-05
4.03327e-05
4.0326e-05
4.03217e-05
4.03193e-05
4.03185e-05
4.03193e-05
4.03216e-05
4.03246e-05
4.03288e-05
4.03334e-05
4.0336e-05
4.03359e-05
4.03334e-05
4.03294e-05
4.0324e-05
4.03176e-05
4.03103e-05
4.03022e-05
4.02936e-05
4.02845e-05
4.02753e-05
4.02659e-05
4.02565e-05
4.02472e-05
4.02379e-05
4.02289e-05
4.02203e-05
4.02123e-05
4.02053e-05
4.01996e-05
4.01955e-05
4.01932e-05
4.01927e-05
4.01939e-05
4.01964e-05
4.01997e-05
4.02038e-05
4.02091e-05
4.02166e-05
4.02286e-05
4.02476e-05
4.02758e-05
4.03128e-05
4.03491e-05
4.03651e-05
4.03484e-05
4.03036e-05
4.02501e-05
4.02265e-05
4.02806e-05
4.0407e-05
4.05445e-05
4.06098e-05
4.05513e-05
4.03853e-05
4.01882e-05
4.00475e-05
4.00079e-05
4.11915e-05
4.12407e-05
4.12832e-05
4.13218e-05
4.13582e-05
4.13931e-05
4.14265e-05
4.14586e-05
4.14899e-05
4.1519e-05
4.15445e-05
4.15728e-05
4.16095e-05
4.16243e-05
4.15876e-05
4.16309e-05
4.19041e-05
4.19579e-05
4.09131e-05
3.99732e-05
4.34503e-05
5.01099e-05
4.33987e-05
1.63991e-05
4.16367e-06
0
0
0
0.000365879
0.01368
0.0516635
0.178317
0.366784
0.586761
0.807214
1.00522
1.16779
1.29188
1.38497
1.46579
1.55785
1.67886
1.79942
1.87701
1.86736
1.7295
1.44444
1.05101
0.649734
0.338365
0.149201
0.0561186
0.0180215
0.00491376
0.00112755
0.000225486
5.80417e-05
3.89847e-05
4.01954e-05
4.12396e-05
4.11433e-05
4.07916e-05
4.05626e-05
4.04699e-05
4.04394e-05
4.0421e-05
4.04016e-05
4.03838e-05
4.03677e-05
4.03503e-05
4.03307e-05
4.03081e-05
4.02827e-05
4.02552e-05
4.02265e-05
4.01966e-05
4.01592e-05
4.01237e-05
4.01437e-05
4.01903e-05
4.11391e-05
4.10864e-05
4.10345e-05
4.09834e-05
4.09333e-05
4.08844e-05
4.08367e-05
4.07905e-05
4.07458e-05
4.07027e-05
4.06614e-05
4.0622e-05
4.05845e-05
4.0549e-05
4.05156e-05
4.04844e-05
4.04556e-05
4.04291e-05
4.04052e-05
4.03838e-05
4.0365e-05
4.03488e-05
4.0335e-05
4.03235e-05
4.03141e-05
4.03065e-05
4.03005e-05
4.02963e-05
4.02936e-05
4.02921e-05
4.02921e-05
4.0293e-05
4.02949e-05
4.02979e-05
4.03001e-05
4.03003e-05
4.02984e-05
4.02952e-05
4.02909e-05
4.02859e-05
4.02803e-05
4.0274e-05
4.02672e-05
4.02601e-05
4.02527e-05
4.02451e-05
4.02374e-05
4.02299e-05
4.02228e-05
4.02163e-05
4.02109e-05
4.02067e-05
4.0204e-05
4.02029e-05
4.02032e-05
4.02047e-05
4.02071e-05
4.02101e-05
4.0214e-05
4.02195e-05
4.02281e-05
4.02423e-05
4.02647e-05
4.02967e-05
4.03359e-05
4.03657e-05
4.03676e-05
4.03351e-05
4.02826e-05
4.02375e-05
4.0245e-05
4.03339e-05
4.04754e-05
4.06007e-05
4.06358e-05
4.05472e-05
4.03653e-05
4.01692e-05
4.00405e-05
4.00131e-05
4.11645e-05
4.12087e-05
4.12469e-05
4.12815e-05
4.13142e-05
4.13456e-05
4.13758e-05
4.14048e-05
4.1433e-05
4.14604e-05
4.14859e-05
4.15092e-05
4.15367e-05
4.15682e-05
4.15741e-05
4.15499e-05
4.16287e-05
4.18695e-05
4.17885e-05
4.07707e-05
4.03144e-05
4.40673e-05
4.97062e-05
4.09342e-05
1.3236e-05
3.37874e-06
0
0
0
0
0.00360501
0.0121891
0.0868355
0.236871
0.442167
0.670103
0.889118
1.07669
1.22196
1.32668
1.40599
1.48339
1.58339
1.68527
1.74324
1.70781
1.5396
1.23634
0.858536
0.506473
0.253019
0.107675
0.0391962
0.0121562
0.00316891
0.000678824
0.000124574
3.71623e-05
3.35763e-05
3.7771e-05
4.00883e-05
4.07808e-05
4.07755e-05
4.06171e-05
4.05003e-05
4.04416e-05
4.04143e-05
4.03978e-05
4.03838e-05
4.03672e-05
4.03476e-05
4.03247e-05
4.02987e-05
4.027e-05
4.024e-05
4.02091e-05
4.01706e-05
4.01346e-05
4.01495e-05
4.02012e-05
4.11188e-05
4.10723e-05
4.10261e-05
4.09802e-05
4.09349e-05
4.08902e-05
4.08462e-05
4.08032e-05
4.07612e-05
4.07204e-05
4.06808e-05
4.06426e-05
4.06058e-05
4.05706e-05
4.05372e-05
4.05055e-05
4.04757e-05
4.0448e-05
4.04224e-05
4.03989e-05
4.03777e-05
4.03585e-05
4.03414e-05
4.03263e-05
4.03129e-05
4.03012e-05
4.02912e-05
4.02828e-05
4.0276e-05
4.02708e-05
4.0267e-05
4.02645e-05
4.02633e-05
4.02633e-05
4.02642e-05
4.0266e-05
4.02684e-05
4.02694e-05
4.02686e-05
4.02666e-05
4.02637e-05
4.02601e-05
4.02559e-05
4.02511e-05
4.02458e-05
4.02402e-05
4.02345e-05
4.02288e-05
4.02235e-05
4.02189e-05
4.02153e-05
4.02128e-05
4.02115e-05
4.02115e-05
4.02124e-05
4.02142e-05
4.02165e-05
4.02194e-05
4.02234e-05
4.02297e-05
4.02402e-05
4.02576e-05
4.02846e-05
4.03214e-05
4.03588e-05
4.03779e-05
4.03621e-05
4.03147e-05
4.02614e-05
4.02365e-05
4.02827e-05
4.04016e-05
4.05483e-05
4.0653e-05
4.06544e-05
4.05365e-05
4.03416e-05
4.01492e-05
4.00339e-05
4.00193e-05
4.11205e-05
4.11597e-05
4.11934e-05
4.12239e-05
4.12526e-05
4.12802e-05
4.13068e-05
4.13325e-05
4.13573e-05
4.13815e-05
4.1405e-05
4.14269e-05
4.14481e-05
4.14733e-05
4.1498e-05
4.14995e-05
4.1494e-05
4.15785e-05
4.17727e-05
4.16133e-05
4.07177e-05
4.05979e-05
4.42529e-05
4.88132e-05
4.07126e-05
1.22418e-05
3.16542e-06
0
0
0
0
0.000195284
0.00804463
0.0289617
0.126079
0.297208
0.51629
0.748693
0.962157
1.13534
1.26136
1.34885
1.42005
1.50079
1.5831
1.62042
1.55981
1.367
1.05663
0.702691
0.397223
0.190908
0.0785191
0.0277619
0.00846225
0.00224519
0.000539173
0.000135897
5.39427e-05
4.04629e-05
3.9212e-05
3.978e-05
4.03324e-05
4.05547e-05
4.056e-05
4.04992e-05
4.0447e-05
4.04169e-05
4.03993e-05
4.0383e-05
4.03643e-05
4.03417e-05
4.03154e-05
4.02858e-05
4.02545e-05
4.02225e-05
4.0183e-05
4.01464e-05
4.01556e-05
4.02123e-05
4.10812e-05
4.10407e-05
4.10002e-05
4.09597e-05
4.09193e-05
4.08792e-05
4.08395e-05
4.08003e-05
4.07617e-05
4.0724e-05
4.0687e-05
4.06511e-05
4.06162e-05
4.05825e-05
4.05501e-05
4.05192e-05
4.04898e-05
4.0462e-05
4.04359e-05
4.04115e-05
4.03889e-05
4.0368e-05
4.03487e-05
4.0331e-05
4.03148e-05
4.03003e-05
4.02873e-05
4.02759e-05
4.02661e-05
4.02578e-05
4.0251e-05
4.02457e-05
4.02418e-05
4.02392e-05
4.02378e-05
4.02376e-05
4.02384e-05
4.02401e-05
4.02428e-05
4.02447e-05
4.02451e-05
4.02442e-05
4.02423e-05
4.02398e-05
4.02367e-05
4.02333e-05
4.02297e-05
4.02262e-05
4.0223e-05
4.02205e-05
4.02187e-05
4.02179e-05
4.0218e-05
4.02189e-05
4.02205e-05
4.02224e-05
4.02247e-05
4.02276e-05
4.02322e-05
4.02399e-05
4.02535e-05
4.02759e-05
4.03089e-05
4.03485e-05
4.03791e-05
4.03828e-05
4.03479e-05
4.02903e-05
4.02474e-05
4.02556e-05
4.0341e-05
4.04812e-05
4.06222e-05
4.06987e-05
4.06641e-05
4.05189e-05
4.03144e-05
4.0129e-05
4.00314e-05
4.00265e-05
4.10684e-05
4.11025e-05
4.11314e-05
4.11573e-05
4.11816e-05
4.12047e-05
4.12269e-05
4.12484e-05
4.12692e-05
4.12894e-05
4.13092e-05
4.13284e-05
4.13465e-05
4.13649e-05
4.13863e-05
4.14051e-05
4.1407e-05
4.14114e-05
4.14925e-05
4.16315e-05
4.14734e-05
4.06907e-05
4.07931e-05
4.40355e-05
4.7749e-05
4.29944e-05
1.47616e-05
3.87332e-06
0
0
0
0
0
0.000490287
0.0132853
0.0487838
0.171935
0.362699
0.593263
0.826194
1.02923
1.18415
1.28999
1.36412
1.43047
1.49406
1.5103
1.42609
1.2146
0.904968
0.577547
0.312968
0.143972
0.0562183
0.0183912
0.00488273
0.00100073
0.000160682
4.4626e-05
4.0422e-05
4.13481e-05
4.07197e-05
4.03421e-05
4.03686e-05
4.0464e-05
4.04928e-05
4.04732e-05
4.04455e-05
4.04213e-05
4.04004e-05
4.03806e-05
4.03584e-05
4.03323e-05
4.0302e-05
4.02694e-05
4.02362e-05
4.01956e-05
4.01587e-05
4.01629e-05
4.02231e-05
4.10352e-05
4.10008e-05
4.09658e-05
4.09306e-05
4.08951e-05
4.08596e-05
4.08242e-05
4.0789e-05
4.07541e-05
4.07196e-05
4.06857e-05
4.06524e-05
4.06199e-05
4.05882e-05
4.05575e-05
4.05279e-05
4.04995e-05
4.04723e-05
4.04464e-05
4.04218e-05
4.03986e-05
4.03767e-05
4.03561e-05
4.03369e-05
4.0319e-05
4.03026e-05
4.02876e-05
4.02741e-05
4.02621e-05
4.02516e-05
4.02426e-05
4.0235e-05
4.02289e-05
4.02241e-05
4.02207e-05
4.02186e-05
4.02175e-05
4.02177e-05
4.02188e-05
4.02206e-05
4.02231e-05
4.02255e-05
4.02267e-05
4.02267e-05
4.0226e-05
4.02248e-05
4.02235e-05
4.02222e-05
4.02213e-05
4.02208e-05
4.0221e-05
4.02217e-05
4.0223e-05
4.02246e-05
4.02264e-05
4.02284e-05
4.02307e-05
4.02342e-05
4.02402e-05
4.02511e-05
4.02701e-05
4.02998e-05
4.03388e-05
4.03757e-05
4.03939e-05
4.0378e-05
4.03249e-05
4.0266e-05
4.02474e-05
4.02987e-05
4.04181e-05
4.05686e-05
4.06936e-05
4.07357e-05
4.06643e-05
4.04946e-05
4.0284e-05
4.01095e-05
4.0034e-05
4.00339e-05
4.09993e-05
4.10281e-05
4.10526e-05
4.10746e-05
4.10953e-05
4.11152e-05
4.11343e-05
4.1153e-05
4.11712e-05
4.11889e-05
4.12063e-05
4.12234e-05
4.124e-05
4.12561e-05
4.12727e-05
4.12911e-05
4.13061e-05
4.13111e-05
4.1319e-05
4.13912e-05
4.14929e-05
4.1338e-05
4.07411e-05
4.0849e-05
4.35291e-05
4.64743e-05
4.39027e-05
2.25562e-05
5.88697e-06
6.58652e-08
0
0
0
0
0
0.00327613
0.0106246
0.0815264
0.22833
0.438067
0.676808
0.904491
1.09012
1.22069
1.30433
1.36029
1.40604
1.40213
1.29843
1.07659
0.776541
0.479376
0.25269
0.114608
0.0451901
0.015497
0.00454493
0.00110619
0.000228561
6.11281e-05
4.1584e-05
4.10409e-05
4.07307e-05
4.04186e-05
4.03917e-05
4.04435e-05
4.04642e-05
4.0457e-05
4.04402e-05
4.04202e-05
4.03993e-05
4.03766e-05
4.03508e-05
4.03205e-05
4.0287e-05
4.02523e-05
4.02109e-05
4.01733e-05
4.01692e-05
4.0236e-05
4.09723e-05
4.0944e-05
4.0915e-05
4.08857e-05
4.08559e-05
4.08258e-05
4.07955e-05
4.07651e-05
4.07347e-05
4.07044e-05
4.06743e-05
4.06445e-05
4.06152e-05
4.05863e-05
4.05581e-05
4.05306e-05
4.05039e-05
4.04781e-05
4.04531e-05
4.04291e-05
4.04062e-05
4.03842e-05
4.03633e-05
4.03435e-05
4.03248e-05
4.03074e-05
4.02913e-05
4.02765e-05
4.02631e-05
4.02511e-05
4.02404e-05
4.02312e-05
4.02233e-05
4.02168e-05
4.02117e-05
4.02079e-05
4.02052e-05
4.02037e-05
4.02033e-05
4.02037e-05
4.02051e-05
4.02071e-05
4.02098e-05
4.02126e-05
4.02148e-05
4.02164e-05
4.02177e-05
4.02188e-05
4.02202e-05
4.02217e-05
4.02235e-05
4.02255e-05
4.02277e-05
4.02298e-05
4.02319e-05
4.0234e-05
4.0237e-05
4.02419e-05
4.02511e-05
4.02675e-05
4.02938e-05
4.03305e-05
4.03696e-05
4.03972e-05
4.03978e-05
4.03623e-05
4.03003e-05
4.02575e-05
4.02794e-05
4.03724e-05
4.05143e-05
4.06609e-05
4.07577e-05
4.07596e-05
4.06517e-05
4.04615e-05
4.02504e-05
4.00932e-05
4.00431e-05
4.00427e-05
4.09725e-05
4.10006e-05
4.10251e-05
4.10474e-05
4.10686e-05
4.10889e-05
4.11084e-05
4.11272e-05
4.11451e-05
4.11621e-05
4.11782e-05
4.11934e-05
4.12077e-05
4.12208e-05
4.1233e-05
4.1245e-05
4.12572e-05
4.12666e-05
4.12684e-05
4.12752e-05
4.13268e-05
4.14056e-05
4.12557e-05
4.08367e-05
4.08343e-05
4.27995e-05
4.59128e-05
4.47094e-05
3.17821e-05
5.28261e-06
1.57125e-06
0
0
0
0
0
0.000191049
0.00812873
0.0292438
0.123969
0.298462
0.530959
0.781933
1.00866
1.18113
1.29036
1.3468
1.36959
1.33536
1.20091
0.957471
0.655247
0.376807
0.180245
0.0714966
0.0234053
0.00616688
0.00121065
0.000136294
4.48048e-06
2.22376e-05
3.79362e-05
4.16928e-05
4.12412e-05
4.05998e-05
4.04186e-05
4.04271e-05
4.04422e-05
4.0442e-05
4.04306e-05
4.0413e-05
4.03911e-05
4.03651e-05
4.03345e-05
4.02996e-05
4.02642e-05
4.02206e-05
4.01846e-05
4.01808e-05
4.02437e-05
4.09449e-05
4.09168e-05
4.08885e-05
4.08602e-05
4.08318e-05
4.08035e-05
4.07751e-05
4.07468e-05
4.07187e-05
4.06907e-05
4.06629e-05
4.06354e-05
4.06083e-05
4.05815e-05
4.05552e-05
4.05295e-05
4.05043e-05
4.04798e-05
4.04559e-05
4.04328e-05
4.04104e-05
4.03888e-05
4.03681e-05
4.03482e-05
4.03294e-05
4.03116e-05
4.0295e-05
4.02795e-05
4.02652e-05
4.02522e-05
4.02405e-05
4.023e-05
4.02209e-05
4.02131e-05
4.02066e-05
4.02013e-05
4.01973e-05
4.01944e-05
4.01926e-05
4.01918e-05
4.0192e-05
4.01931e-05
4.0195e-05
4.01975e-05
4.02001e-05
4.02026e-05
4.02053e-05
4.02084e-05
4.02118e-05
4.02152e-05
4.02185e-05
4.02216e-05
4.02242e-05
4.02264e-05
4.02284e-05
4.02309e-05
4.02353e-05
4.0244e-05
4.02602e-05
4.02866e-05
4.03232e-05
4.03655e-05
4.04018e-05
4.04162e-05
4.0395e-05
4.03372e-05
4.02699e-05
4.02535e-05
4.03211e-05
4.045e-05
4.06064e-05
4.07431e-05
4.08107e-05
4.07757e-05
4.06367e-05
4.04296e-05
4.02188e-05
4.00782e-05
4.00541e-05
4.00486e-05
4.09345e-05
4.09558e-05
4.09728e-05
4.09869e-05
4.0999e-05
4.10095e-05
4.10183e-05
4.10257e-05
4.10317e-05
4.10366e-05
4.10403e-05
4.10433e-05
4.10456e-05
4.10475e-05
4.10491e-05
4.10506e-05
4.10526e-05
4.10554e-05
4.10577e-05
4.10548e-05
4.10555e-05
4.10874e-05
4.11441e-05
4.10728e-05
4.07672e-05
4.06351e-05
4.14879e-05
4.42799e-05
4.51524e-05
4.23842e-05
2.26949e-05
5.52719e-06
0
0
0
0
0
0
0.000556658
0.00915592
0.0297696
0.115962
0.269497
0.473134
0.695163
0.901228
1.06551
1.17991
1.23594
1.23073
1.13163
0.928838
0.662296
0.403245
0.208024
0.0907571
0.0335069
0.0104402
0.00269648
0.000549403
8.86916e-05
3.07938e-05
3.57216e-05
4.01837e-05
4.09149e-05
4.06752e-05
4.05039e-05
4.04552e-05
4.04484e-05
4.04422e-05
4.04306e-05
4.04136e-05
4.03916e-05
4.0363e-05
4.03292e-05
4.02912e-05
4.02479e-05
4.02075e-05
4.01874e-05
4.02689e-05
4.09139e-05
4.08917e-05
4.08686e-05
4.08448e-05
4.08204e-05
4.07956e-05
4.07705e-05
4.07451e-05
4.07197e-05
4.06942e-05
4.06688e-05
4.06435e-05
4.06184e-05
4.05935e-05
4.0569e-05
4.05448e-05
4.0521e-05
4.04977e-05
4.04748e-05
4.04525e-05
4.04308e-05
4.04098e-05
4.03894e-05
4.03699e-05
4.03511e-05
4.03333e-05
4.03164e-05
4.03006e-05
4.02858e-05
4.02721e-05
4.02596e-05
4.02482e-05
4.02381e-05
4.02292e-05
4.02216e-05
4.02151e-05
4.02099e-05
4.02058e-05
4.02029e-05
4.02011e-05
4.02003e-05
4.02006e-05
4.02017e-05
4.02034e-05
4.02056e-05
4.02082e-05
4.02111e-05
4.02143e-05
4.02177e-05
4.02211e-05
4.02243e-05
4.02275e-05
4.02308e-05
4.02348e-05
4.02405e-05
4.02493e-05
4.02632e-05
4.02842e-05
4.03133e-05
4.03493e-05
4.03872e-05
4.04174e-05
4.04273e-05
4.04069e-05
4.03572e-05
4.03024e-05
4.02924e-05
4.03603e-05
4.04857e-05
4.06358e-05
4.07738e-05
4.08589e-05
4.08574e-05
4.07567e-05
4.05737e-05
4.03548e-05
4.01672e-05
4.00768e-05
4.00852e-05
4.00636e-05
)
;

boundaryField
{
    inlet
    {
        type            freestream;
        freestreamValue uniform 4e-05;
        value           nonuniform List<scalar> 
134
(
4e-05
4e-05
4e-05
4e-05
4e-05
4e-05
4e-05
4e-05
4e-05
4e-05
4.00035e-05
4.00062e-05
4.00088e-05
4.00105e-05
4.00112e-05
4.00109e-05
4.00101e-05
4.00101e-05
4.0011e-05
4.00124e-05
4e-05
4.00141e-05
4.00159e-05
4.00178e-05
4.002e-05
4.00223e-05
4.00245e-05
4.00264e-05
4.00285e-05
4.00309e-05
4.00317e-05
4.00329e-05
4.0034e-05
4.0035e-05
4.00358e-05
4.00371e-05
4.00392e-05
4.00424e-05
4.00472e-05
4.00503e-05
4e-05
4e-05
4e-05
4e-05
4e-05
4e-05
4e-05
4.00529e-05
4.00548e-05
4.00563e-05
4.00576e-05
4.00594e-05
4.00621e-05
4.00656e-05
4.00699e-05
4.00749e-05
4.00806e-05
4.0087e-05
4.00941e-05
4.01017e-05
4.01099e-05
4.01186e-05
4.01278e-05
4.01372e-05
4.01473e-05
4.01577e-05
4.01686e-05
4.01794e-05
4.01903e-05
4.02012e-05
4.02123e-05
4.02231e-05
4.0236e-05
4.02437e-05
4.02689e-05
4e-05
4e-05
4e-05
4e-05
4e-05
4e-05
4e-05
4e-05
4e-05
4e-05
4e-05
4e-05
4e-05
4e-05
4e-05
4e-05
4e-05
4e-05
4e-05
4e-05
4e-05
4e-05
4e-05
4e-05
4e-05
4e-05
4e-05
4e-05
4e-05
4e-05
4e-05
4e-05
4e-05
4e-05
4e-05
4e-05
4e-05
4e-05
4e-05
4e-05
4e-05
4e-05
4e-05
4e-05
4e-05
4e-05
4e-05
4e-05
4e-05
4e-05
4e-05
4e-05
4e-05
4e-05
4e-05
4e-05
4e-05
4e-05
4e-05
)
;
    }
    outlet
    {
        type            freestream;
        freestreamValue uniform 4e-05;
        value           nonuniform List<scalar> 
160
(
4.09345e-05
4.09139e-05
4.09558e-05
4.08917e-05
4.09728e-05
4.08686e-05
4.09869e-05
4.08448e-05
4.0999e-05
4.08204e-05
4.10095e-05
4.07956e-05
4.10183e-05
4.07705e-05
4.10257e-05
4.07451e-05
4.10317e-05
4.07197e-05
4.10366e-05
4.06942e-05
4.10403e-05
4.06688e-05
4.10433e-05
4.06435e-05
4.10456e-05
4.06184e-05
4.10475e-05
4.05935e-05
4.10491e-05
4.0569e-05
4.10506e-05
4.05448e-05
4.10526e-05
4.0521e-05
4.10554e-05
4.04977e-05
4.10577e-05
4.04748e-05
4.10548e-05
4.04525e-05
4.10555e-05
4.04308e-05
4.10874e-05
4.04098e-05
4.11441e-05
4.03894e-05
4.10728e-05
4.03699e-05
4.07672e-05
4.03511e-05
4.06351e-05
4.03333e-05
4.14879e-05
4.03164e-05
4.42799e-05
4.03006e-05
4.51524e-05
4.02858e-05
4.23842e-05
4.02721e-05
2.26949e-05
4.02596e-05
5.52719e-06
4.02482e-05
0
4.02381e-05
0
4.02292e-05
0
4.02216e-05
0
4.02151e-05
0
4.02099e-05
0
4.02058e-05
0.000556658
4.02029e-05
0.00915592
4.02011e-05
0.0297696
4.02003e-05
0.115962
4.02006e-05
0.269497
4.02017e-05
0.473134
4.02034e-05
0.695163
4.02056e-05
0.901228
4.02082e-05
1.06551
4.02111e-05
1.17991
4.02143e-05
1.23594
4.02177e-05
1.23073
4.02211e-05
1.13163
4.02243e-05
0.928838
4.02275e-05
0.662296
4.02308e-05
0.403245
4.02348e-05
0.208024
4.02405e-05
0.0907571
4.02493e-05
0.0335069
4.02632e-05
0.0104402
4.02842e-05
0.00269648
4.03133e-05
0.000549403
4.03493e-05
8.86916e-05
4.03872e-05
3.07938e-05
4.04174e-05
3.57216e-05
4.04273e-05
4.01837e-05
4.04069e-05
4.09149e-05
4.03572e-05
4.06752e-05
4.03024e-05
4.05039e-05
4.02924e-05
4.04552e-05
4.03603e-05
4.04484e-05
4.04857e-05
4.04422e-05
4.06358e-05
4.04306e-05
4.07738e-05
4.04136e-05
4.08589e-05
4.03916e-05
4.08574e-05
4.0363e-05
4.07567e-05
4.03292e-05
4.05737e-05
4.02912e-05
4.03548e-05
4.02479e-05
4.01672e-05
4.02075e-05
4.00768e-05
4.01874e-05
4.00852e-05
4.02689e-05
4.00636e-05
)
;
    }
    walls
    {
        type            fixedValue;
        value           uniform 0;
    }
    frontAndBack
    {
        type            empty;
    }
}


// ************************************************************************* //
