/*--------------------------------*- C++ -*----------------------------------*\
| =========                 |                                                 |
| \\      /  F ield         | OpenFOAM: The Open Source CFD Toolbox           |
|  \\    /   O peration     | Version:  2412                                  |
|   \\  /    A nd           | Website:  www.openfoam.com                      |
|    \\/     M anipulation  |                                                 |
\*---------------------------------------------------------------------------*/
FoamFile
{
    version     2.0;
    format      ascii;
    arch        "LSB;label=32;scalar=64";
    class       volScalarField;
    location    "200";
    object      nuTilda;
}
// * * * * * * * * * * * * * * * * * * * * * * * * * * * * * * * * * * * * * //

dimensions      [0 2 -1 0 0 0 0];

internalField   nonuniform List<scalar> 
10720
(
4.94901e-05
5.17008e-05
5.44803e-05
5.7868e-05
6.20902e-05
6.73859e-05
7.41795e-05
8.28286e-05
9.41053e-05
0.000108921
0.000128632
0.000155385
0.00019282
0.00024498
0.000319442
0.000426955
0.000595348
0.000845871
0.00133561
0.00198932
0.00504124
0.0065469
0.00930073
0.0215535
0.0252755
0.0298282
0.03585
0.0405222
0.0444088
0.0476024
0.0500538
0.0517784
0.052777
0.0503731
0.0367067
0.0331761
0.0334094
0.0576468
0.0249965
4.75074e-05
4.56614e-05
4.391e-05
4.25193e-05
4.22452e-05
4.43585e-05
4.74951e-05
5.16294e-05
5.7052e-05
6.42557e-05
7.39374e-05
8.70804e-05
0.000105068
0.000130195
0.000165752
0.000217294
0.000293801
0.000410763
0.000595442
0.000897213
0.0014127
0.00232508
0.0040481
0.00739416
0.0146016
0.0297473
0.0634656
0.0987285
0.117162
0.123394
0.12537
0.126115
0.12618
0.125749
0.125016
0.124149
0.122887
0.123787
0.0930712
3.93866e-05
3.91989e-05
3.90074e-05
3.88143e-05
3.85896e-05
3.83548e-05
3.81245e-05
3.78821e-05
3.76582e-05
3.74589e-05
3.72829e-05
3.72313e-05
3.71266e-05
3.84198e-05
4.44851e-05
6.0041e-05
0.000102269
0.000184776
0.000452752
0.000849621
0.00289756
0.0061306
0.0270622
0.089668
0.103012
0.105352
0.102997
0.103429
0.106408
0.111205
0.116856
0.119907
0.119613
0.120846
0.128954
0.154792
0.147665
0.135825
0.152657
3.95329e-05
3.96991e-05
3.98026e-05
3.98929e-05
3.99147e-05
3.97419e-05
3.94786e-05
3.91636e-05
3.88038e-05
3.84137e-05
3.80008e-05
3.75617e-05
3.70914e-05
3.6588e-05
3.60025e-05
3.53266e-05
3.4443e-05
3.32988e-05
3.16505e-05
2.9244e-05
2.56084e-05
2.03017e-05
1.55796e-05
1.48569e-05
0.000106659
0.000396623
0.00275437
0.0111675
0.0257218
0.0427749
0.057786
0.0676988
0.0728852
0.0754864
0.077114
0.0785377
0.0795262
0.083483
0.0724678
4.02287e-05
4.02523e-05
4.02819e-05
4.03114e-05
4.03399e-05
4.03689e-05
4.04016e-05
4.044e-05
4.04836e-05
4.05324e-05
4.05891e-05
4.06537e-05
4.07301e-05
4.08335e-05
4.08623e-05
3.92409e-05
3.74576e-05
2.80801e-05
5.9298e-05
9.36045e-05
0.000714864
0.00212444
0.00957622
0.0760275
0.151498
0.191279
0.217291
0.230952
0.23742
0.246617
0.258398
0.265394
0.262672
0.25843
0.268484
0.310682
0.304944
0.29426
0.360321
4.02072e-05
4.02011e-05
4.01861e-05
4.01864e-05
4.01886e-05
4.02075e-05
4.02363e-05
4.02709e-05
4.03112e-05
4.03565e-05
4.04046e-05
4.04557e-05
4.051e-05
4.05672e-05
4.06307e-05
4.07006e-05
4.07798e-05
4.08701e-05
4.09766e-05
4.11044e-05
4.12618e-05
4.147e-05
4.17048e-05
4.20459e-05
4.18216e-05
4.16819e-05
3.59054e-05
5.47661e-05
0.000441765
0.00199863
0.00570042
0.0118736
0.019976
0.0290868
0.038237
0.046819
0.053678
0.0607421
0.0674513
4.01181e-05
4.01191e-05
4.01249e-05
4.01303e-05
4.01347e-05
4.01402e-05
4.0147e-05
4.01544e-05
4.01646e-05
4.01776e-05
4.01946e-05
4.02173e-05
4.02485e-05
4.0289e-05
4.03577e-05
4.03716e-05
3.98195e-05
3.71709e-05
2.26813e-05
2.64776e-05
4.11077e-05
0.000300506
0.00360302
0.0326398
0.129595
0.226116
0.286412
0.322877
0.345974
0.370183
0.401053
0.430176
0.438654
0.42536
0.42751
0.486811
0.491499
0.488045
0.597678
4.01162e-05
4.01293e-05
4.01333e-05
4.01438e-05
4.01338e-05
4.01275e-05
4.01243e-05
4.01228e-05
4.01221e-05
4.01207e-05
4.01184e-05
4.01152e-05
4.01106e-05
4.01082e-05
4.01081e-05
4.01106e-05
4.01155e-05
4.01229e-05
4.01325e-05
4.01443e-05
4.0158e-05
4.01733e-05
4.01904e-05
4.02108e-05
4.02392e-05
4.02934e-05
4.03015e-05
4.06949e-05
3.92003e-05
4.26904e-05
4.32268e-05
0.000115295
0.000520508
0.00169275
0.00409646
0.00827325
0.0144126
0.0213655
0.0400307
4.01314e-05
4.01366e-05
4.01447e-05
4.01516e-05
4.01569e-05
4.01624e-05
4.01676e-05
4.01723e-05
4.01769e-05
4.01809e-05
4.01842e-05
4.01856e-05
4.01864e-05
4.01919e-05
4.01968e-05
4.02277e-05
4.01744e-05
4.05541e-05
3.82686e-05
2.6002e-05
1.36974e-05
5.87589e-05
0.00018053
0.00343342
0.06803
0.198649
0.314027
0.38588
0.432106
0.475457
0.531531
0.595251
0.635072
0.622193
0.603156
0.676075
0.701543
0.71578
0.840383
4.01264e-05
4.01341e-05
4.01382e-05
4.0149e-05
4.0145e-05
4.01443e-05
4.0147e-05
4.01511e-05
4.01561e-05
4.01611e-05
4.01661e-05
4.01716e-05
4.01778e-05
4.01844e-05
4.01918e-05
4.01999e-05
4.02089e-05
4.02187e-05
4.02292e-05
4.02404e-05
4.02521e-05
4.02643e-05
4.02769e-05
4.02913e-05
4.03104e-05
4.03314e-05
4.03698e-05
4.03733e-05
4.0752e-05
3.91071e-05
4.65836e-05
7.68846e-06
1.64278e-05
0.000402375
0.000963166
7.02144e-05
0.000679526
0.000638934
0.00787354
4.01263e-05
4.01301e-05
4.01362e-05
4.01413e-05
4.01454e-05
4.01503e-05
4.01558e-05
4.01618e-05
4.0169e-05
4.01771e-05
4.01864e-05
4.01973e-05
4.02098e-05
4.02244e-05
4.02432e-05
4.02609e-05
4.02753e-05
4.03643e-05
4.06069e-05
4.07995e-05
2.25492e-05
4.19417e-06
0
0.00160193
0.0178802
0.124423
0.286487
0.41365
0.493842
0.559627
0.641392
0.744078
0.830448
0.844216
0.79477
0.873116
0.929033
0.95505
1.08481
4.01222e-05
4.0129e-05
4.01343e-05
4.0145e-05
4.01424e-05
4.01415e-05
4.01431e-05
4.01459e-05
4.01492e-05
4.01525e-05
4.01557e-05
4.01589e-05
4.01621e-05
4.0165e-05
4.01679e-05
4.01706e-05
4.0173e-05
4.01752e-05
4.0177e-05
4.01784e-05
4.01794e-05
4.01794e-05
4.01777e-05
4.01761e-05
4.01773e-05
4.01814e-05
4.01881e-05
4.01992e-05
4.02107e-05
4.02426e-05
4.02161e-05
4.05277e-05
3.92303e-05
3.88663e-05
6.70135e-06
2.45028e-05
0.000168771
0.000156094
8.32592e-05
4.0124e-05
4.0127e-05
4.01319e-05
4.01359e-05
4.01394e-05
4.01437e-05
4.01485e-05
4.01537e-05
4.01596e-05
4.01661e-05
4.01731e-05
4.01806e-05
4.01884e-05
4.01965e-05
4.02046e-05
4.02129e-05
4.02221e-05
4.02705e-05
4.01915e-05
4.13226e-05
4.1464e-05
1.49683e-05
9.13592e-07
1.65196e-05
0.000313082
0.052243
0.207718
0.39218
0.524364
0.62015
0.727652
0.869206
1.0081
1.07156
1.00291
1.0713
1.16894
1.18272
1.33715
4.01208e-05
4.01263e-05
4.01318e-05
4.01418e-05
4.01406e-05
4.01401e-05
4.01417e-05
4.01441e-05
4.01472e-05
4.01504e-05
4.01537e-05
4.0157e-05
4.01605e-05
4.01641e-05
4.01679e-05
4.01719e-05
4.01762e-05
4.01807e-05
4.01856e-05
4.01906e-05
4.0196e-05
4.02016e-05
4.02076e-05
4.0214e-05
4.02212e-05
4.02295e-05
4.02389e-05
4.02497e-05
4.02622e-05
4.02781e-05
4.02925e-05
4.03243e-05
4.03099e-05
4.05365e-05
3.89295e-05
3.51202e-05
3.4195e-05
9.69862e-06
2.4818e-05
4.0121e-05
4.01231e-05
4.0127e-05
4.01301e-05
4.01331e-05
4.01371e-05
4.01416e-05
4.01467e-05
4.01527e-05
4.01594e-05
4.01668e-05
4.0175e-05
4.01841e-05
4.01941e-05
4.02053e-05
4.02183e-05
4.02292e-05
4.02441e-05
4.02935e-05
3.99508e-05
4.30018e-05
3.84033e-05
5.69653e-06
0
0.000425756
0.00709848
0.110383
0.315689
0.510981
0.651468
0.787916
0.967174
1.15972
1.28189
1.22932
1.26651
1.41582
1.40298
1.61145
4.01189e-05
4.01238e-05
4.01293e-05
4.01387e-05
4.01383e-05
4.01379e-05
4.01391e-05
4.01411e-05
4.01438e-05
4.01465e-05
4.01493e-05
4.01523e-05
4.01553e-05
4.01582e-05
4.01613e-05
4.01644e-05
4.01675e-05
4.01708e-05
4.0174e-05
4.01772e-05
4.01804e-05
4.01834e-05
4.01862e-05
4.01888e-05
4.0191e-05
4.0193e-05
4.01946e-05
4.01955e-05
4.01952e-05
4.01928e-05
4.01891e-05
4.01828e-05
4.01919e-05
4.01878e-05
4.02474e-05
4.03016e-05
3.86576e-05
3.88835e-05
2.0771e-05
4.01184e-05
4.01197e-05
4.01228e-05
4.01253e-05
4.01279e-05
4.01315e-05
4.01357e-05
4.01404e-05
4.0146e-05
4.01522e-05
4.0159e-05
4.01665e-05
4.01747e-05
4.01836e-05
4.01934e-05
4.02036e-05
4.02162e-05
4.02249e-05
4.02825e-05
4.01479e-05
4.00021e-05
4.66715e-05
1.77176e-05
1.08419e-06
0
0.00330336
0.0376609
0.204402
0.442855
0.643204
0.818047
1.03512
1.28098
1.46461
1.47538
1.45703
1.65421
1.62232
1.92324
4.01173e-05
4.01218e-05
4.01273e-05
4.0136e-05
4.0136e-05
4.01356e-05
4.01365e-05
4.01382e-05
4.01404e-05
4.01428e-05
4.01453e-05
4.0148e-05
4.01507e-05
4.01535e-05
4.01564e-05
4.01593e-05
4.01624e-05
4.01656e-05
4.01689e-05
4.01724e-05
4.0176e-05
4.01797e-05
4.01835e-05
4.01876e-05
4.0192e-05
4.01969e-05
4.02023e-05
4.02083e-05
4.02148e-05
4.0222e-05
4.02297e-05
4.02385e-05
4.02467e-05
4.0262e-05
4.02496e-05
4.04041e-05
4.003e-05
4.14166e-05
3.8234e-05
4.01161e-05
4.01167e-05
4.01192e-05
4.01212e-05
4.01234e-05
4.01267e-05
4.01305e-05
4.01349e-05
4.01401e-05
4.0146e-05
4.01524e-05
4.01596e-05
4.01675e-05
4.01762e-05
4.01858e-05
4.01968e-05
4.02062e-05
4.02285e-05
4.02042e-05
4.04347e-05
3.93239e-05
4.34315e-05
3.95782e-05
4.96241e-06
0
0
0.0123245
0.0963827
0.326762
0.583349
0.810367
1.0696
1.36849
1.61404
1.70359
1.64494
1.86863
1.84637
2.2618
4.0116e-05
4.01202e-05
4.01256e-05
4.01336e-05
4.01339e-05
4.01335e-05
4.01341e-05
4.01354e-05
4.01373e-05
4.01393e-05
4.01415e-05
4.01439e-05
4.01463e-05
4.01487e-05
4.01513e-05
4.01539e-05
4.01566e-05
4.01594e-05
4.01623e-05
4.01653e-05
4.01684e-05
4.01715e-05
4.01748e-05
4.01781e-05
4.01816e-05
4.01853e-05
4.0189e-05
4.01928e-05
4.01965e-05
4.02e-05
4.02031e-05
4.02059e-05
4.02072e-05
4.02103e-05
4.02063e-05
4.02168e-05
4.02015e-05
4.02564e-05
4.05428e-05
4.01142e-05
4.01143e-05
4.01162e-05
4.01178e-05
4.01197e-05
4.01226e-05
4.01261e-05
4.01302e-05
4.0135e-05
4.01404e-05
4.01464e-05
4.01531e-05
4.01604e-05
4.01685e-05
4.01774e-05
4.01877e-05
4.01965e-05
4.02183e-05
4.01985e-05
4.03391e-05
4.00645e-05
3.97001e-05
4.69973e-05
1.3338e-05
8.22364e-07
0
0.00120536
0.0242663
0.191522
0.468561
0.754394
1.06473
1.41896
1.72564
1.88921
1.83533
2.05984
2.08172
2.62111
4.01148e-05
4.01189e-05
4.01241e-05
4.01315e-05
4.0132e-05
4.01315e-05
4.01319e-05
4.0133e-05
4.01345e-05
4.01362e-05
4.01381e-05
4.01402e-05
4.01423e-05
4.01445e-05
4.01468e-05
4.01491e-05
4.01515e-05
4.01541e-05
4.01567e-05
4.01595e-05
4.01624e-05
4.01655e-05
4.01687e-05
4.01722e-05
4.0176e-05
4.01801e-05
4.01846e-05
4.01894e-05
4.01944e-05
4.01998e-05
4.02054e-05
4.02112e-05
4.02173e-05
4.02231e-05
4.02297e-05
4.02284e-05
4.02535e-05
4.01874e-05
4.03436e-05
4.01126e-05
4.01123e-05
4.01139e-05
4.0115e-05
4.01167e-05
4.01193e-05
4.01224e-05
4.01261e-05
4.01305e-05
4.01354e-05
4.01409e-05
4.01471e-05
4.0154e-05
4.01615e-05
4.017e-05
4.01794e-05
4.01896e-05
4.02019e-05
4.02195e-05
4.01976e-05
4.04961e-05
3.90336e-05
4.40226e-05
3.73283e-05
4.89319e-06
0
0
0.00891927
0.0822064
0.317978
0.642884
1.01245
1.42736
1.79607
2.0289
2.03455
2.23441
2.33557
3.00169
4.01138e-05
4.01178e-05
4.01229e-05
4.01297e-05
4.01302e-05
4.01298e-05
4.013e-05
4.01308e-05
4.01321e-05
4.01335e-05
4.01352e-05
4.0137e-05
4.01389e-05
4.01408e-05
4.01428e-05
4.01448e-05
4.01469e-05
4.01492e-05
4.01515e-05
4.0154e-05
4.01567e-05
4.01595e-05
4.01625e-05
4.01657e-05
4.01693e-05
4.01731e-05
4.01772e-05
4.01816e-05
4.01862e-05
4.01909e-05
4.01957e-05
4.02005e-05
4.02052e-05
4.02095e-05
4.02143e-05
4.02163e-05
4.02255e-05
4.02142e-05
4.02384e-05
4.01114e-05
4.01108e-05
4.0112e-05
4.01129e-05
4.01143e-05
4.01166e-05
4.01194e-05
4.01226e-05
4.01266e-05
4.0131e-05
4.01361e-05
4.01417e-05
4.0148e-05
4.0155e-05
4.01629e-05
4.01715e-05
4.01821e-05
4.01903e-05
4.02176e-05
4.01742e-05
4.04074e-05
3.987e-05
4.00616e-05
4.6579e-05
1.36635e-05
8.48973e-07
0
0.000791196
0.0158342
0.168325
0.483088
0.904971
1.38708
1.8215
2.12012
2.24609
2.41248
2.62726
3.40805
4.01129e-05
4.01168e-05
4.01218e-05
4.0128e-05
4.01287e-05
4.01282e-05
4.01283e-05
4.0129e-05
4.013e-05
4.01313e-05
4.01327e-05
4.01342e-05
4.01359e-05
4.01375e-05
4.01392e-05
4.0141e-05
4.01429e-05
4.01449e-05
4.0147e-05
4.01492e-05
4.01515e-05
4.01541e-05
4.01569e-05
4.016e-05
4.01634e-05
4.01672e-05
4.01713e-05
4.01758e-05
4.01805e-05
4.01856e-05
4.01909e-05
4.01964e-05
4.02021e-05
4.02078e-05
4.02134e-05
4.02182e-05
4.02237e-05
4.02251e-05
4.0231e-05
4.01103e-05
4.01095e-05
4.01105e-05
4.01112e-05
4.01124e-05
4.01144e-05
4.01168e-05
4.01197e-05
4.01233e-05
4.01272e-05
4.01318e-05
4.01369e-05
4.01427e-05
4.01492e-05
4.01565e-05
4.01646e-05
4.01742e-05
4.01832e-05
4.02006e-05
4.02018e-05
4.02264e-05
4.04433e-05
3.90118e-05
4.44608e-05
3.65155e-05
5.44641e-06
0
0
0.00622094
0.0616587
0.304026
0.741929
1.29076
1.79673
2.15966
2.43048
2.62274
2.99013
3.84765
4.01121e-05
4.01159e-05
4.01207e-05
4.01264e-05
4.01272e-05
4.01267e-05
4.01267e-05
4.01274e-05
4.01283e-05
4.01293e-05
4.01306e-05
4.01319e-05
4.01334e-05
4.01348e-05
4.01363e-05
4.01378e-05
4.01394e-05
4.01411e-05
4.01429e-05
4.01448e-05
4.01469e-05
4.01492e-05
4.01518e-05
4.01547e-05
4.01579e-05
4.01614e-05
4.01654e-05
4.01697e-05
4.01743e-05
4.01792e-05
4.01844e-05
4.01898e-05
4.01954e-05
4.0201e-05
4.02066e-05
4.02117e-05
4.02176e-05
4.02196e-05
4.02299e-05
4.01094e-05
4.01085e-05
4.01093e-05
4.01098e-05
4.01109e-05
4.01126e-05
4.01148e-05
4.01173e-05
4.01204e-05
4.0124e-05
4.01281e-05
4.01327e-05
4.0138e-05
4.01439e-05
4.01506e-05
4.01582e-05
4.01667e-05
4.01767e-05
4.01863e-05
4.02112e-05
4.01682e-05
4.04392e-05
3.97051e-05
4.05185e-05
4.59696e-05
1.68751e-05
1.05424e-06
0
0.000186519
0.00370691
0.144264
0.538902
1.13372
1.71539
2.1431
2.55209
2.86282
3.40591
4.32762
4.01113e-05
4.01149e-05
4.01195e-05
4.01249e-05
4.01257e-05
4.01253e-05
4.01253e-05
4.01259e-05
4.01267e-05
4.01277e-05
4.01288e-05
4.013e-05
4.01312e-05
4.01325e-05
4.01337e-05
4.0135e-05
4.01364e-05
4.01378e-05
4.01394e-05
4.0141e-05
4.01429e-05
4.01449e-05
4.01472e-05
4.01499e-05
4.01529e-05
4.01563e-05
4.016e-05
4.01642e-05
4.01687e-05
4.01736e-05
4.01788e-05
4.01843e-05
4.01901e-05
4.0196e-05
4.02021e-05
4.02077e-05
4.02142e-05
4.02168e-05
4.02283e-05
4.01084e-05
4.01076e-05
4.01083e-05
4.01087e-05
4.01096e-05
4.01112e-05
4.01131e-05
4.01153e-05
4.01181e-05
4.01212e-05
4.01248e-05
4.0129e-05
4.01337e-05
4.01391e-05
4.01452e-05
4.01523e-05
4.01601e-05
4.01697e-05
4.01782e-05
4.01991e-05
4.01875e-05
4.02601e-05
4.03438e-05
3.91911e-05
4.4241e-05
3.7582e-05
5.27934e-06
0
0
0.00242268
0.0341513
0.325934
0.919912
1.57125
2.06556
2.60291
3.12686
3.86313
4.85311
4.01104e-05
4.01138e-05
4.01182e-05
4.01233e-05
4.01241e-05
4.01238e-05
4.01239e-05
4.01245e-05
4.01253e-05
4.01262e-05
4.01273e-05
4.01283e-05
4.01295e-05
4.01305e-05
4.01316e-05
4.01327e-05
4.01339e-05
4.01351e-05
4.01364e-05
4.01378e-05
4.01393e-05
4.01411e-05
4.01432e-05
4.01456e-05
4.01483e-05
4.01515e-05
4.0155e-05
4.01589e-05
4.01633e-05
4.0168e-05
4.01731e-05
4.01785e-05
4.01843e-05
4.01902e-05
4.01964e-05
4.02024e-05
4.02092e-05
4.02127e-05
4.02248e-05
4.01075e-05
4.01066e-05
4.01074e-05
4.01078e-05
4.01086e-05
4.011e-05
4.01116e-05
4.01136e-05
4.0116e-05
4.01188e-05
4.0122e-05
4.01257e-05
4.013e-05
4.01349e-05
4.01405e-05
4.01469e-05
4.01542e-05
4.01628e-05
4.01724e-05
4.01843e-05
4.02036e-05
4.01748e-05
4.04282e-05
3.96969e-05
4.05544e-05
4.60055e-05
1.55445e-05
9.76666e-07
0
0
0.0142912
0.153626
0.669232
1.36188
1.92234
2.57579
3.40371
4.34774
5.42788
4.01094e-05
4.01125e-05
4.01168e-05
4.01216e-05
4.01225e-05
4.01223e-05
4.01225e-05
4.01231e-05
4.01239e-05
4.01248e-05
4.01259e-05
4.01269e-05
4.01279e-05
4.01289e-05
4.01298e-05
4.01308e-05
4.01318e-05
4.01327e-05
4.01338e-05
4.0135e-05
4.01363e-05
4.01378e-05
4.01396e-05
4.01418e-05
4.01443e-05
4.01472e-05
4.01505e-05
4.01542e-05
4.01583e-05
4.01628e-05
4.01678e-05
4.01731e-05
4.01788e-05
4.01848e-05
4.01911e-05
4.01973e-05
4.02043e-05
4.02085e-05
4.02208e-05
4.01064e-05
4.01057e-05
4.01065e-05
4.01068e-05
4.01076e-05
4.01089e-05
4.01104e-05
4.01121e-05
4.01143e-05
4.01167e-05
4.01196e-05
4.01229e-05
4.01267e-05
4.01311e-05
4.01362e-05
4.01421e-05
4.01488e-05
4.01565e-05
4.01662e-05
4.01749e-05
4.0197e-05
4.01804e-05
4.02756e-05
4.03055e-05
3.92457e-05
4.42105e-05
3.70803e-05
5.46147e-06
0
0
0.0017842
0.0362468
0.417503
1.09543
1.71041
2.4636
3.63297
4.85075
6.01838
4.01082e-05
4.01111e-05
4.01152e-05
4.01198e-05
4.01208e-05
4.01207e-05
4.0121e-05
4.01217e-05
4.01225e-05
4.01235e-05
4.01245e-05
4.01256e-05
4.01265e-05
4.01275e-05
4.01283e-05
4.01292e-05
4.013e-05
4.01308e-05
4.01317e-05
4.01327e-05
4.01338e-05
4.01351e-05
4.01366e-05
4.01385e-05
4.01408e-05
4.01434e-05
4.01464e-05
4.01498e-05
4.01537e-05
4.0158e-05
4.01627e-05
4.01679e-05
4.01735e-05
4.01794e-05
4.01857e-05
4.01921e-05
4.01993e-05
4.02041e-05
4.02164e-05
4.01052e-05
4.01046e-05
4.01054e-05
4.01058e-05
4.01066e-05
4.01078e-05
4.01092e-05
4.01108e-05
4.01127e-05
4.01149e-05
4.01174e-05
4.01204e-05
4.01238e-05
4.01278e-05
4.01324e-05
4.01378e-05
4.0144e-05
4.01511e-05
4.01598e-05
4.0169e-05
4.01828e-05
4.01979e-05
4.01793e-05
4.04204e-05
3.96963e-05
4.06259e-05
4.55929e-05
1.66758e-05
1.05514e-06
0
0
0.0174742
0.210198
0.794226
1.43206
2.26169
3.77117
5.31028
6.56686
4.01069e-05
4.01096e-05
4.01135e-05
4.01179e-05
4.01189e-05
4.0119e-05
4.01194e-05
4.01201e-05
4.01211e-05
4.01221e-05
4.01232e-05
4.01243e-05
4.01253e-05
4.01262e-05
4.0127e-05
4.01278e-05
4.01285e-05
4.01292e-05
4.013e-05
4.01308e-05
4.01317e-05
4.01327e-05
4.0134e-05
4.01357e-05
4.01377e-05
4.014e-05
4.01428e-05
4.01459e-05
4.01495e-05
4.01535e-05
4.0158e-05
4.0163e-05
4.01684e-05
4.01742e-05
4.01805e-05
4.01869e-05
4.01941e-05
4.01995e-05
4.02116e-05
4.01038e-05
4.01034e-05
4.01043e-05
4.01048e-05
4.01056e-05
4.01068e-05
4.0108e-05
4.01095e-05
4.01113e-05
4.01132e-05
4.01155e-05
4.01182e-05
4.01213e-05
4.01249e-05
4.01291e-05
4.0134e-05
4.01396e-05
4.01463e-05
4.01539e-05
4.01635e-05
4.01722e-05
4.01953e-05
4.0175e-05
4.02814e-05
4.02954e-05
3.92847e-05
4.40603e-05
3.7233e-05
6.38968e-06
0
0
0.00347107
0.0698755
0.499072
1.10124
1.97201
3.80445
5.696
7.06636
4.01054e-05
4.01079e-05
4.01117e-05
4.01158e-05
4.0117e-05
4.01171e-05
4.01176e-05
4.01185e-05
4.01196e-05
4.01207e-05
4.01219e-05
4.0123e-05
4.0124e-05
4.01249e-05
4.01258e-05
4.01265e-05
4.01272e-05
4.01278e-05
4.01285e-05
4.01291e-05
4.01299e-05
4.01308e-05
4.01319e-05
4.01333e-05
4.0135e-05
4.01371e-05
4.01396e-05
4.01424e-05
4.01457e-05
4.01495e-05
4.01537e-05
4.01584e-05
4.01635e-05
4.01692e-05
4.01753e-05
4.01817e-05
4.0189e-05
4.01947e-05
4.02067e-05
4.01023e-05
4.0102e-05
4.0103e-05
4.01036e-05
4.01044e-05
4.01056e-05
4.01068e-05
4.01082e-05
4.01099e-05
4.01117e-05
4.01138e-05
4.01162e-05
4.0119e-05
4.01222e-05
4.01261e-05
4.01305e-05
4.01357e-05
4.01418e-05
4.01487e-05
4.01575e-05
4.01659e-05
4.01814e-05
4.01934e-05
4.01769e-05
4.04296e-05
3.96739e-05
4.0668e-05
4.51039e-05
2.16538e-05
1.381e-06
0
0
0.0263298
0.249537
0.747606
1.60733
3.72661
5.99834
7.51537
4.01038e-05
4.01061e-05
4.01097e-05
4.01137e-05
4.01149e-05
4.01152e-05
4.01158e-05
4.01168e-05
4.01179e-05
4.01191e-05
4.01204e-05
4.01216e-05
4.01227e-05
4.01237e-05
4.01246e-05
4.01253e-05
4.0126e-05
4.01266e-05
4.01272e-05
4.01277e-05
4.01284e-05
4.01291e-05
4.013e-05
4.01312e-05
4.01328e-05
4.01346e-05
4.01368e-05
4.01394e-05
4.01424e-05
4.01458e-05
4.01497e-05
4.01541e-05
4.0159e-05
4.01644e-05
4.01704e-05
4.01767e-05
4.01838e-05
4.01899e-05
4.02016e-05
4.01007e-05
4.01005e-05
4.01016e-05
4.01022e-05
4.01031e-05
4.01043e-05
4.01055e-05
4.01069e-05
4.01084e-05
4.01101e-05
4.01121e-05
4.01143e-05
4.01169e-05
4.01198e-05
4.01233e-05
4.01274e-05
4.01321e-05
4.01377e-05
4.01441e-05
4.01518e-05
4.01611e-05
4.01696e-05
4.01948e-05
4.01652e-05
4.02954e-05
4.02787e-05
3.92789e-05
4.37493e-05
3.95386e-05
6.21882e-06
0
0
0.00448783
0.0894874
0.420468
1.19133
3.53517
6.20836
7.9106
4.0102e-05
4.01041e-05
4.01076e-05
4.01115e-05
4.01127e-05
4.01132e-05
4.01139e-05
4.01149e-05
4.01162e-05
4.01175e-05
4.01189e-05
4.01202e-05
4.01214e-05
4.01224e-05
4.01234e-05
4.01242e-05
4.01248e-05
4.01254e-05
4.0126e-05
4.01265e-05
4.01271e-05
4.01277e-05
4.01285e-05
4.01295e-05
4.01308e-05
4.01325e-05
4.01344e-05
4.01367e-05
4.01394e-05
4.01426e-05
4.01462e-05
4.01503e-05
4.01549e-05
4.016e-05
4.01657e-05
4.01718e-05
4.01787e-05
4.0185e-05
4.01963e-05
4.00989e-05
4.00989e-05
4.01e-05
4.01007e-05
4.01016e-05
4.01029e-05
4.01041e-05
4.01054e-05
4.0107e-05
4.01086e-05
4.01104e-05
4.01125e-05
4.01148e-05
4.01176e-05
4.01208e-05
4.01245e-05
4.01289e-05
4.0134e-05
4.014e-05
4.01468e-05
4.01559e-05
4.0163e-05
4.01821e-05
4.01865e-05
4.01759e-05
4.04517e-05
3.96079e-05
4.04672e-05
4.65632e-05
1.98329e-05
1.27612e-06
0
0.000890825
0.0170905
0.153231
0.752035
3.23462
6.31574
8.24594
4.01001e-05
4.01021e-05
4.01055e-05
4.01092e-05
4.01105e-05
4.0111e-05
4.01118e-05
4.0113e-05
4.01143e-05
4.01157e-05
4.01172e-05
4.01186e-05
4.01199e-05
4.01211e-05
4.01221e-05
4.0123e-05
4.01237e-05
4.01243e-05
4.01249e-05
4.01254e-05
4.01259e-05
4.01264e-05
4.01271e-05
4.0128e-05
4.01292e-05
4.01306e-05
4.01324e-05
4.01344e-05
4.01368e-05
4.01397e-05
4.0143e-05
4.01468e-05
4.01511e-05
4.01559e-05
4.01613e-05
4.01672e-05
4.01739e-05
4.01802e-05
4.0191e-05
4.0097e-05
4.00971e-05
4.00982e-05
4.0099e-05
4.01e-05
4.01013e-05
4.01025e-05
4.01039e-05
4.01054e-05
4.01069e-05
4.01087e-05
4.01107e-05
4.01129e-05
4.01154e-05
4.01184e-05
4.01219e-05
4.01259e-05
4.01306e-05
4.01362e-05
4.01425e-05
4.01505e-05
4.01588e-05
4.01688e-05
4.01945e-05
4.01512e-05
4.03295e-05
4.02475e-05
3.89988e-05
4.49656e-05
3.79161e-05
4.2438e-06
0
0
0.00345318
0.048194
0.353551
2.84107
6.31012
8.5127
4.00981e-05
4.01e-05
4.01032e-05
4.01068e-05
4.01082e-05
4.01088e-05
4.01097e-05
4.0111e-05
4.01124e-05
4.01139e-05
4.01155e-05
4.0117e-05
4.01183e-05
4.01196e-05
4.01207e-05
4.01217e-05
4.01225e-05
4.01232e-05
4.01238e-05
4.01243e-05
4.01248e-05
4.01253e-05
4.01259e-05
4.01268e-05
4.01278e-05
4.01291e-05
4.01306e-05
4.01324e-05
4.01346e-05
4.01372e-05
4.01402e-05
4.01437e-05
4.01476e-05
4.01522e-05
4.01572e-05
4.01629e-05
4.01693e-05
4.01756e-05
4.01858e-05
4.00951e-05
4.00952e-05
4.00964e-05
4.00972e-05
4.00982e-05
4.00995e-05
4.01008e-05
4.01021e-05
4.01036e-05
4.01052e-05
4.01069e-05
4.01088e-05
4.01109e-05
4.01133e-05
4.01161e-05
4.01193e-05
4.01231e-05
4.01275e-05
4.01327e-05
4.01386e-05
4.01455e-05
4.01544e-05
4.01607e-05
4.01844e-05
4.01738e-05
4.01863e-05
4.04999e-05
3.92848e-05
4.11537e-05
4.7451e-05
9.47409e-06
6.15613e-07
0
0
0.00209415
0.0426845
2.3863
6.18347
8.69963
4.0096e-05
4.00978e-05
4.01009e-05
4.01044e-05
4.01058e-05
4.01065e-05
4.01075e-05
4.01088e-05
4.01103e-05
4.01119e-05
4.01136e-05
4.01152e-05
4.01167e-05
4.0118e-05
4.01192e-05
4.01203e-05
4.01212e-05
4.0122e-05
4.01226e-05
4.01232e-05
4.01238e-05
4.01243e-05
4.01249e-05
4.01256e-05
4.01266e-05
4.01277e-05
4.01291e-05
4.01308e-05
4.01327e-05
4.0135e-05
4.01378e-05
4.01409e-05
4.01446e-05
4.01488e-05
4.01536e-05
4.0159e-05
4.01651e-05
4.01714e-05
4.0181e-05
4.0093e-05
4.00932e-05
4.00944e-05
4.00953e-05
4.00963e-05
4.00976e-05
4.00989e-05
4.01003e-05
4.01017e-05
4.01033e-05
4.0105e-05
4.01068e-05
4.01089e-05
4.01112e-05
4.01138e-05
4.01169e-05
4.01204e-05
4.01245e-05
4.01293e-05
4.01349e-05
4.01411e-05
4.01493e-05
4.01563e-05
4.01695e-05
4.01901e-05
4.01361e-05
4.04077e-05
4.00399e-05
3.9073e-05
4.66211e-05
3.17467e-05
2.66987e-06
0
0
0
0.0999652
1.92141
5.93167
8.79315
4.00939e-05
4.00955e-05
4.00985e-05
4.01019e-05
4.01034e-05
4.01042e-05
4.01052e-05
4.01067e-05
4.01082e-05
4.01099e-05
4.01116e-05
4.01133e-05
4.01149e-05
4.01163e-05
4.01177e-05
4.01188e-05
4.01198e-05
4.01207e-05
4.01214e-05
4.01221e-05
4.01227e-05
4.01232e-05
4.01238e-05
4.01246e-05
4.01255e-05
4.01265e-05
4.01278e-05
4.01293e-05
4.01311e-05
4.01332e-05
4.01356e-05
4.01385e-05
4.01419e-05
4.01458e-05
4.01502e-05
4.01553e-05
4.01611e-05
4.01673e-05
4.01763e-05
4.00909e-05
4.00912e-05
4.00924e-05
4.00932e-05
4.00943e-05
4.00956e-05
4.00969e-05
4.00982e-05
4.00997e-05
4.01013e-05
4.01029e-05
4.01048e-05
4.01068e-05
4.0109e-05
4.01115e-05
4.01144e-05
4.01178e-05
4.01216e-05
4.01262e-05
4.01314e-05
4.01372e-05
4.01443e-05
4.01524e-05
4.01592e-05
4.01855e-05
4.01531e-05
4.02325e-05
4.04737e-05
3.89495e-05
4.26066e-05
4.49924e-05
2.95845e-06
1.94195e-07
0
0
0.0727735
1.47367
5.55929
8.77814
4.00917e-05
4.00932e-05
4.00961e-05
4.00994e-05
4.01009e-05
4.01018e-05
4.01029e-05
4.01044e-05
4.0106e-05
4.01078e-05
4.01096e-05
4.01113e-05
4.0113e-05
4.01146e-05
4.0116e-05
4.01172e-05
4.01183e-05
4.01193e-05
4.01202e-05
4.01209e-05
4.01215e-05
4.01221e-05
4.01228e-05
4.01235e-05
4.01244e-05
4.01254e-05
4.01266e-05
4.0128e-05
4.01296e-05
4.01315e-05
4.01338e-05
4.01364e-05
4.01395e-05
4.01431e-05
4.01472e-05
4.0152e-05
4.01575e-05
4.01635e-05
4.01719e-05
4.00887e-05
4.0089e-05
4.00902e-05
4.00911e-05
4.00921e-05
4.00934e-05
4.00947e-05
4.00961e-05
4.00976e-05
4.00991e-05
4.01008e-05
4.01026e-05
4.01046e-05
4.01068e-05
4.01092e-05
4.0112e-05
4.01152e-05
4.01188e-05
4.01232e-05
4.0128e-05
4.01336e-05
4.01398e-05
4.01478e-05
4.01538e-05
4.01709e-05
4.01779e-05
4.01392e-05
4.04804e-05
3.96922e-05
3.96967e-05
4.71639e-05
2.74004e-05
1.86257e-06
0
0
0.0544174
1.05957
5.07561
8.63911
4.00894e-05
4.00908e-05
4.00936e-05
4.00969e-05
4.00984e-05
4.00994e-05
4.01006e-05
4.01021e-05
4.01038e-05
4.01056e-05
4.01075e-05
4.01093e-05
4.01111e-05
4.01127e-05
4.01142e-05
4.01156e-05
4.01168e-05
4.01178e-05
4.01188e-05
4.01196e-05
4.01203e-05
4.0121e-05
4.01217e-05
4.01225e-05
4.01234e-05
4.01244e-05
4.01255e-05
4.01268e-05
4.01283e-05
4.01301e-05
4.01322e-05
4.01346e-05
4.01375e-05
4.01408e-05
4.01446e-05
4.01491e-05
4.01542e-05
4.016e-05
4.01679e-05
4.00865e-05
4.00868e-05
4.0088e-05
4.00888e-05
4.00899e-05
4.00911e-05
4.00924e-05
4.00938e-05
4.00952e-05
4.00968e-05
4.00985e-05
4.01003e-05
4.01022e-05
4.01044e-05
4.01068e-05
4.01095e-05
4.01126e-05
4.0116e-05
4.01202e-05
4.01247e-05
4.013e-05
4.01357e-05
4.01428e-05
4.01499e-05
4.01582e-05
4.01821e-05
4.01364e-05
4.03012e-05
4.03191e-05
3.88718e-05
4.40872e-05
4.15858e-05
6.89126e-06
0
0
0.0367767
0.689057
4.49447
8.36179
4.00871e-05
4.00884e-05
4.00911e-05
4.00943e-05
4.00959e-05
4.00969e-05
4.00982e-05
4.00998e-05
4.01015e-05
4.01034e-05
4.01053e-05
4.01072e-05
4.01091e-05
4.01108e-05
4.01124e-05
4.01138e-05
4.01151e-05
4.01163e-05
4.01173e-05
4.01182e-05
4.01191e-05
4.01198e-05
4.01206e-05
4.01214e-05
4.01224e-05
4.01234e-05
4.01245e-05
4.01258e-05
4.01272e-05
4.01289e-05
4.01308e-05
4.0133e-05
4.01357e-05
4.01387e-05
4.01423e-05
4.01465e-05
4.01513e-05
4.01568e-05
4.0164e-05
4.00842e-05
4.00846e-05
4.00857e-05
4.00865e-05
4.00875e-05
4.00888e-05
4.009e-05
4.00913e-05
4.00928e-05
4.00944e-05
4.0096e-05
4.00978e-05
4.00998e-05
4.01019e-05
4.01043e-05
4.01069e-05
4.01099e-05
4.01132e-05
4.01172e-05
4.01215e-05
4.01264e-05
4.01318e-05
4.01379e-05
4.01455e-05
4.01509e-05
4.01705e-05
4.01628e-05
4.01644e-05
4.04832e-05
3.93959e-05
4.06648e-05
4.65229e-05
2.23067e-05
2.15173e-06
0
0.0204627
0.369104
3.83459
7.93484
4.00847e-05
4.00859e-05
4.00886e-05
4.00918e-05
4.00934e-05
4.00944e-05
4.00957e-05
4.00974e-05
4.00992e-05
4.01011e-05
4.01032e-05
4.01051e-05
4.0107e-05
4.01088e-05
4.01105e-05
4.0112e-05
4.01134e-05
4.01147e-05
4.01158e-05
4.01168e-05
4.01177e-05
4.01186e-05
4.01194e-05
4.01203e-05
4.01213e-05
4.01224e-05
4.01235e-05
4.01248e-05
4.01262e-05
4.01277e-05
4.01296e-05
4.01317e-05
4.01341e-05
4.0137e-05
4.01403e-05
4.01442e-05
4.01487e-05
4.0154e-05
4.01606e-05
4.00818e-05
4.00823e-05
4.00833e-05
4.00841e-05
4.00851e-05
4.00863e-05
4.00875e-05
4.00888e-05
4.00903e-05
4.00918e-05
4.00935e-05
4.00953e-05
4.00972e-05
4.00993e-05
4.01016e-05
4.01042e-05
4.01071e-05
4.01104e-05
4.01141e-05
4.01183e-05
4.01229e-05
4.01281e-05
4.01336e-05
4.01405e-05
4.01465e-05
4.01566e-05
4.01754e-05
4.01299e-05
4.03529e-05
4.01057e-05
3.91863e-05
4.45697e-05
3.88554e-05
3.45247e-06
2.31394e-07
0.0062435
0.108483
3.11882
7.35137
4.00823e-05
4.00835e-05
4.00861e-05
4.00892e-05
4.00908e-05
4.00919e-05
4.00933e-05
4.0095e-05
4.00969e-05
4.00989e-05
4.0101e-05
4.0103e-05
4.0105e-05
4.01068e-05
4.01086e-05
4.01102e-05
4.01116e-05
4.0113e-05
4.01142e-05
4.01153e-05
4.01163e-05
4.01173e-05
4.01182e-05
4.01192e-05
4.01203e-05
4.01214e-05
4.01225e-05
4.01238e-05
4.01252e-05
4.01267e-05
4.01284e-05
4.01304e-05
4.01328e-05
4.01354e-05
4.01386e-05
4.01422e-05
4.01465e-05
4.01516e-05
4.01576e-05
4.00795e-05
4.00799e-05
4.00809e-05
4.00817e-05
4.00826e-05
4.00837e-05
4.00849e-05
4.00862e-05
4.00876e-05
4.00891e-05
4.00908e-05
4.00926e-05
4.00945e-05
4.00966e-05
4.00989e-05
4.01014e-05
4.01042e-05
4.01074e-05
4.01111e-05
4.01151e-05
4.01195e-05
4.01244e-05
4.01296e-05
4.01355e-05
4.01425e-05
4.01474e-05
4.01689e-05
4.0149e-05
4.01963e-05
4.04094e-05
3.9382e-05
4.10653e-05
4.59081e-05
2.44194e-05
1.69511e-06
0
0.152925
2.37177
6.61121
4.00799e-05
4.0081e-05
4.00835e-05
4.00866e-05
4.00882e-05
4.00894e-05
4.00908e-05
4.00926e-05
4.00945e-05
4.00966e-05
4.00987e-05
4.01008e-05
4.01029e-05
4.01048e-05
4.01066e-05
4.01083e-05
4.01098e-05
4.01112e-05
4.01126e-05
4.01137e-05
4.01149e-05
4.01159e-05
4.01169e-05
4.0118e-05
4.01191e-05
4.01203e-05
4.01215e-05
4.01228e-05
4.01242e-05
4.01257e-05
4.01274e-05
4.01294e-05
4.01316e-05
4.01341e-05
4.01371e-05
4.01405e-05
4.01445e-05
4.01495e-05
4.0155e-05
4.00771e-05
4.00775e-05
4.00785e-05
4.00792e-05
4.00801e-05
4.00811e-05
4.00822e-05
4.00835e-05
4.00849e-05
4.00864e-05
4.0088e-05
4.00897e-05
4.00916e-05
4.00937e-05
4.0096e-05
4.00985e-05
4.01013e-05
4.01044e-05
4.01079e-05
4.01118e-05
4.01161e-05
4.01207e-05
4.01257e-05
4.01309e-05
4.01378e-05
4.01424e-05
4.0155e-05
4.01683e-05
4.01296e-05
4.03545e-05
4.00775e-05
3.90616e-05
4.53868e-05
3.89286e-05
2.79691e-06
0
0.096176
1.67043
5.72205
4.00774e-05
4.00785e-05
4.0081e-05
4.0084e-05
4.00857e-05
4.00869e-05
4.00883e-05
4.00902e-05
4.00922e-05
4.00943e-05
4.00965e-05
4.00987e-05
4.01008e-05
4.01028e-05
4.01046e-05
4.01064e-05
4.0108e-05
4.01095e-05
4.01109e-05
4.01122e-05
4.01134e-05
4.01145e-05
4.01156e-05
4.01168e-05
4.0118e-05
4.01192e-05
4.01205e-05
4.01218e-05
4.01232e-05
4.01248e-05
4.01265e-05
4.01284e-05
4.01305e-05
4.01329e-05
4.01357e-05
4.01391e-05
4.01428e-05
4.01477e-05
4.01528e-05
4.00746e-05
4.00751e-05
4.0076e-05
4.00766e-05
4.00775e-05
4.00785e-05
4.00795e-05
4.00807e-05
4.0082e-05
4.00835e-05
4.00851e-05
4.00868e-05
4.00887e-05
4.00908e-05
4.0093e-05
4.00955e-05
4.00982e-05
4.01013e-05
4.01047e-05
4.01085e-05
4.01126e-05
4.01171e-05
4.01219e-05
4.01267e-05
4.01326e-05
4.01387e-05
4.01434e-05
4.0169e-05
4.01345e-05
4.01953e-05
4.05149e-05
3.87844e-05
4.23956e-05
4.69063e-05
3.48577e-06
0
0.0624806
1.04649
4.72149
4.0075e-05
4.0076e-05
4.00784e-05
4.00814e-05
4.00831e-05
4.00844e-05
4.00859e-05
4.00878e-05
4.00898e-05
4.0092e-05
4.00943e-05
4.00966e-05
4.00987e-05
4.01008e-05
4.01027e-05
4.01045e-05
4.01062e-05
4.01078e-05
4.01092e-05
4.01106e-05
4.01118e-05
4.0113e-05
4.01142e-05
4.01155e-05
4.01168e-05
4.01181e-05
4.01194e-05
4.01208e-05
4.01223e-05
4.01238e-05
4.01255e-05
4.01274e-05
4.01295e-05
4.01319e-05
4.01346e-05
4.01377e-05
4.01413e-05
4.01461e-05
4.01509e-05
4.00722e-05
4.00726e-05
4.00735e-05
4.00741e-05
4.00748e-05
4.00757e-05
4.00767e-05
4.00779e-05
4.00791e-05
4.00806e-05
4.00821e-05
4.00838e-05
4.00857e-05
4.00877e-05
4.00899e-05
4.00923e-05
4.0095e-05
4.0098e-05
4.01014e-05
4.01051e-05
4.01091e-05
4.01134e-05
4.0118e-05
4.01226e-05
4.01276e-05
4.01345e-05
4.01366e-05
4.01566e-05
4.01594e-05
4.00891e-05
4.05763e-05
3.93715e-05
3.9816e-05
4.95862e-05
5.27815e-06
0
0.0324527
0.524501
3.65584
4.00725e-05
4.00734e-05
4.00759e-05
4.00788e-05
4.00806e-05
4.00819e-05
4.00834e-05
4.00854e-05
4.00875e-05
4.00898e-05
4.00922e-05
4.00945e-05
4.00967e-05
4.00988e-05
4.01008e-05
4.01027e-05
4.01044e-05
4.0106e-05
4.01075e-05
4.01089e-05
4.01103e-05
4.01115e-05
4.01128e-05
4.01141e-05
4.01155e-05
4.01169e-05
4.01183e-05
4.01197e-05
4.01213e-05
4.01228e-05
4.01246e-05
4.01264e-05
4.01285e-05
4.01308e-05
4.01335e-05
4.01366e-05
4.014e-05
4.01446e-05
4.01491e-05
4.00697e-05
4.00701e-05
4.00709e-05
4.00714e-05
4.00721e-05
4.0073e-05
4.00739e-05
4.00749e-05
4.00762e-05
4.00775e-05
4.00791e-05
4.00807e-05
4.00825e-05
4.00845e-05
4.00867e-05
4.00891e-05
4.00917e-05
4.00947e-05
4.0098e-05
4.01016e-05
4.01055e-05
4.01096e-05
4.0114e-05
4.01185e-05
4.01229e-05
4.01294e-05
4.01328e-05
4.01417e-05
4.01732e-05
4.00621e-05
4.04344e-05
4.00423e-05
3.83989e-05
4.95656e-05
8.5565e-06
6.4152e-07
0.00742355
0.115864
2.5907
4.007e-05
4.00709e-05
4.00733e-05
4.00763e-05
4.0078e-05
4.00794e-05
4.0081e-05
4.0083e-05
4.00852e-05
4.00876e-05
4.009e-05
4.00924e-05
4.00947e-05
4.00969e-05
4.00989e-05
4.01008e-05
4.01026e-05
4.01043e-05
4.01058e-05
4.01073e-05
4.01087e-05
4.011e-05
4.01114e-05
4.01128e-05
4.01142e-05
4.01156e-05
4.01171e-05
4.01186e-05
4.01202e-05
4.01218e-05
4.01236e-05
4.01255e-05
4.01275e-05
4.01299e-05
4.01324e-05
4.01355e-05
4.01388e-05
4.01433e-05
4.01475e-05
4.00673e-05
4.00676e-05
4.00683e-05
4.00688e-05
4.00694e-05
4.00701e-05
4.0071e-05
4.0072e-05
4.00732e-05
4.00745e-05
4.00759e-05
4.00776e-05
4.00793e-05
4.00813e-05
4.00834e-05
4.00858e-05
4.00884e-05
4.00912e-05
4.00944e-05
4.0098e-05
4.01018e-05
4.01058e-05
4.011e-05
4.01144e-05
4.01185e-05
4.01241e-05
4.01294e-05
4.01304e-05
4.01701e-05
4.00818e-05
4.02578e-05
4.0475e-05
3.79737e-05
4.81211e-05
2.6189e-05
2.02954e-06
0
0.125169
1.62558
4.00676e-05
4.00684e-05
4.00708e-05
4.00737e-05
4.00755e-05
4.00769e-05
4.00786e-05
4.00807e-05
4.0083e-05
4.00854e-05
4.0088e-05
4.00904e-05
4.00928e-05
4.0095e-05
4.00971e-05
4.0099e-05
4.01009e-05
4.01026e-05
4.01042e-05
4.01057e-05
4.01071e-05
4.01085e-05
4.01099e-05
4.01113e-05
4.01128e-05
4.01144e-05
4.01159e-05
4.01174e-05
4.01191e-05
4.01207e-05
4.01225e-05
4.01244e-05
4.01265e-05
4.01288e-05
4.01314e-05
4.01344e-05
4.01376e-05
4.0142e-05
4.0146e-05
4.00648e-05
4.00651e-05
4.00657e-05
4.00661e-05
4.00666e-05
4.00673e-05
4.00681e-05
4.0069e-05
4.00701e-05
4.00713e-05
4.00727e-05
4.00743e-05
4.0076e-05
4.00779e-05
4.008e-05
4.00823e-05
4.00849e-05
4.00877e-05
4.00908e-05
4.00943e-05
4.0098e-05
4.01019e-05
4.0106e-05
4.01102e-05
4.01142e-05
4.01188e-05
4.01253e-05
4.01237e-05
4.01564e-05
4.01141e-05
4.01248e-05
4.06546e-05
3.81513e-05
4.53846e-05
3.78242e-05
3.02786e-06
0
0.0562874
0.855303
4.00651e-05
4.0066e-05
4.00683e-05
4.00712e-05
4.0073e-05
4.00744e-05
4.00762e-05
4.00784e-05
4.00808e-05
4.00834e-05
4.0086e-05
4.00885e-05
4.00909e-05
4.00932e-05
4.00953e-05
4.00973e-05
4.00992e-05
4.01009e-05
4.01025e-05
4.01041e-05
4.01056e-05
4.0107e-05
4.01084e-05
4.01099e-05
4.01114e-05
4.0113e-05
4.01146e-05
4.01162e-05
4.01178e-05
4.01195e-05
4.01214e-05
4.01233e-05
4.01254e-05
4.01277e-05
4.01303e-05
4.01332e-05
4.01364e-05
4.01408e-05
4.01447e-05
4.00623e-05
4.00626e-05
4.00631e-05
4.00634e-05
4.00638e-05
4.00644e-05
4.00651e-05
4.00659e-05
4.0067e-05
4.00681e-05
4.00695e-05
4.0071e-05
4.00727e-05
4.00745e-05
4.00766e-05
4.00788e-05
4.00813e-05
4.00841e-05
4.00871e-05
4.00905e-05
4.00941e-05
4.0098e-05
4.01019e-05
4.01059e-05
4.01099e-05
4.01138e-05
4.01204e-05
4.01197e-05
4.01399e-05
4.01395e-05
4.00507e-05
4.06496e-05
3.87059e-05
4.24466e-05
4.53105e-05
3.74381e-06
0
0.0235633
0.345534
4.00626e-05
4.00635e-05
4.00658e-05
4.00687e-05
4.00705e-05
4.0072e-05
4.00738e-05
4.00761e-05
4.00787e-05
4.00813e-05
4.0084e-05
4.00866e-05
4.00891e-05
4.00914e-05
4.00936e-05
4.00956e-05
4.00975e-05
4.00992e-05
4.01009e-05
4.01025e-05
4.0104e-05
4.01054e-05
4.01069e-05
4.01084e-05
4.011e-05
4.01116e-05
4.01132e-05
4.01148e-05
4.01165e-05
4.01182e-05
4.01201e-05
4.01221e-05
4.01242e-05
4.01265e-05
4.0129e-05
4.0132e-05
4.01351e-05
4.01395e-05
4.01433e-05
4.00598e-05
4.006e-05
4.00605e-05
4.00606e-05
4.0061e-05
4.00615e-05
4.00621e-05
4.00629e-05
4.00638e-05
4.00649e-05
4.00662e-05
4.00676e-05
4.00692e-05
4.0071e-05
4.0073e-05
4.00752e-05
4.00777e-05
4.00803e-05
4.00833e-05
4.00866e-05
4.00902e-05
4.00939e-05
4.00977e-05
4.01016e-05
4.01055e-05
4.01091e-05
4.01149e-05
4.01167e-05
4.01252e-05
4.01518e-05
4.00275e-05
4.05273e-05
3.9408e-05
4.00015e-05
4.86681e-05
5.7118e-06
0
0.00593842
0.0840921
4.00602e-05
4.0061e-05
4.00634e-05
4.00663e-05
4.00681e-05
4.00696e-05
4.00715e-05
4.0074e-05
4.00766e-05
4.00794e-05
4.00822e-05
4.00848e-05
4.00873e-05
4.00897e-05
4.00919e-05
4.00939e-05
4.00958e-05
4.00976e-05
4.00992e-05
4.01008e-05
4.01023e-05
4.01038e-05
4.01053e-05
4.01068e-05
4.01084e-05
4.011e-05
4.01116e-05
4.01133e-05
4.0115e-05
4.01168e-05
4.01187e-05
4.01206e-05
4.01228e-05
4.01251e-05
4.01276e-05
4.01306e-05
4.01337e-05
4.0138e-05
4.01418e-05
4.00574e-05
4.00575e-05
4.00578e-05
4.00579e-05
4.00581e-05
4.00585e-05
4.00591e-05
4.00597e-05
4.00606e-05
4.00616e-05
4.00628e-05
4.00642e-05
4.00657e-05
4.00675e-05
4.00694e-05
4.00715e-05
4.00739e-05
4.00765e-05
4.00794e-05
4.00826e-05
4.00861e-05
4.00897e-05
4.00935e-05
4.00972e-05
4.0101e-05
4.01045e-05
4.01094e-05
4.01134e-05
4.01143e-05
4.0151e-05
4.00401e-05
4.03509e-05
4.00435e-05
3.85594e-05
4.9045e-05
9.53563e-06
7.9234e-07
0
0.0190873
4.00577e-05
4.00586e-05
4.00609e-05
4.00638e-05
4.00657e-05
4.00672e-05
4.00693e-05
4.00719e-05
4.00747e-05
4.00775e-05
4.00804e-05
4.00831e-05
4.00857e-05
4.0088e-05
4.00902e-05
4.00922e-05
4.00941e-05
4.00959e-05
4.00975e-05
4.00991e-05
4.01006e-05
4.01021e-05
4.01036e-05
4.01051e-05
4.01067e-05
4.01083e-05
4.011e-05
4.01116e-05
4.01134e-05
4.01152e-05
4.0117e-05
4.0119e-05
4.01212e-05
4.01235e-05
4.0126e-05
4.01289e-05
4.0132e-05
4.01363e-05
4.01401e-05
4.00549e-05
4.00549e-05
4.00551e-05
4.00551e-05
4.00553e-05
4.00556e-05
4.0056e-05
4.00566e-05
4.00573e-05
4.00583e-05
4.00594e-05
4.00607e-05
4.00622e-05
4.00638e-05
4.00657e-05
4.00678e-05
4.00701e-05
4.00726e-05
4.00754e-05
4.00786e-05
4.0082e-05
4.00855e-05
4.00892e-05
4.00928e-05
4.00964e-05
4.00999e-05
4.01039e-05
4.01094e-05
4.01073e-05
4.01398e-05
4.00731e-05
4.01808e-05
4.04582e-05
3.80317e-05
4.72041e-05
2.9882e-05
2.56094e-06
0
0
4.00553e-05
4.00561e-05
4.00585e-05
4.00614e-05
4.00633e-05
4.00649e-05
4.00671e-05
4.00698e-05
4.00728e-05
4.00758e-05
4.00787e-05
4.00814e-05
4.0084e-05
4.00864e-05
4.00885e-05
4.00905e-05
4.00924e-05
4.00942e-05
4.00958e-05
4.00974e-05
4.00989e-05
4.01003e-05
4.01018e-05
4.01033e-05
4.01049e-05
4.01065e-05
4.01082e-05
4.01098e-05
4.01115e-05
4.01133e-05
4.01152e-05
4.01172e-05
4.01193e-05
4.01216e-05
4.01242e-05
4.01271e-05
4.01301e-05
4.01344e-05
4.01381e-05
4.00524e-05
4.00524e-05
4.00525e-05
4.00524e-05
4.00524e-05
4.00526e-05
4.00529e-05
4.00534e-05
4.0054e-05
4.00549e-05
4.00559e-05
4.00572e-05
4.00585e-05
4.00601e-05
4.00619e-05
4.00639e-05
4.00661e-05
4.00686e-05
4.00714e-05
4.00744e-05
4.00777e-05
4.00812e-05
4.00847e-05
4.00883e-05
4.00917e-05
4.00953e-05
4.00988e-05
4.01044e-05
4.01031e-05
4.01235e-05
4.01079e-05
4.00605e-05
4.05889e-05
3.84791e-05
4.36258e-05
4.18641e-05
3.69755e-06
0
0
4.00528e-05
4.00537e-05
4.00561e-05
4.0059e-05
4.00609e-05
4.00626e-05
4.0065e-05
4.00679e-05
4.00709e-05
4.0074e-05
4.0077e-05
4.00798e-05
4.00824e-05
4.00847e-05
4.00868e-05
4.00888e-05
4.00907e-05
4.00924e-05
4.0094e-05
4.00955e-05
4.0097e-05
4.00984e-05
4.00999e-05
4.01014e-05
4.0103e-05
4.01045e-05
4.01061e-05
4.01078e-05
4.01095e-05
4.01113e-05
4.01131e-05
4.01151e-05
4.01172e-05
4.01195e-05
4.0122e-05
4.01249e-05
4.01279e-05
4.01321e-05
4.01358e-05
4.00499e-05
4.00498e-05
4.00498e-05
4.00496e-05
4.00495e-05
4.00496e-05
4.00497e-05
4.00501e-05
4.00507e-05
4.00515e-05
4.00524e-05
4.00535e-05
4.00548e-05
4.00564e-05
4.00581e-05
4.006e-05
4.00621e-05
4.00645e-05
4.00672e-05
4.00702e-05
4.00733e-05
4.00767e-05
4.00802e-05
4.00837e-05
4.0087e-05
4.00905e-05
4.00938e-05
4.00989e-05
4.01002e-05
4.0108e-05
4.01278e-05
4.00168e-05
4.04895e-05
3.9353e-05
4.01991e-05
4.77557e-05
6.69398e-06
0
0
4.00504e-05
4.00513e-05
4.00537e-05
4.00566e-05
4.00586e-05
4.00604e-05
4.00629e-05
4.0066e-05
4.00692e-05
4.00724e-05
4.00754e-05
4.00782e-05
4.00807e-05
4.0083e-05
4.00851e-05
4.0087e-05
4.00888e-05
4.00905e-05
4.00921e-05
4.00936e-05
4.0095e-05
4.00964e-05
4.00978e-05
4.00993e-05
4.01008e-05
4.01024e-05
4.01039e-05
4.01056e-05
4.01072e-05
4.0109e-05
4.01108e-05
4.01128e-05
4.01149e-05
4.01171e-05
4.01196e-05
4.01224e-05
4.01255e-05
4.01296e-05
4.01332e-05
4.00475e-05
4.00473e-05
4.00471e-05
4.00468e-05
4.00466e-05
4.00465e-05
4.00466e-05
4.00468e-05
4.00473e-05
4.0048e-05
4.00488e-05
4.00499e-05
4.00511e-05
4.00525e-05
4.00541e-05
4.0056e-05
4.0058e-05
4.00604e-05
4.00629e-05
4.00658e-05
4.00689e-05
4.00722e-05
4.00756e-05
4.00789e-05
4.00822e-05
4.00856e-05
4.00889e-05
4.00931e-05
4.00969e-05
4.00969e-05
4.01277e-05
4.00365e-05
4.0278e-05
4.01052e-05
3.8396e-05
4.92487e-05
1.4791e-05
1.30528e-06
0
4.0048e-05
4.00489e-05
4.00514e-05
4.00543e-05
4.00563e-05
4.00582e-05
4.00609e-05
4.00642e-05
4.00675e-05
4.00708e-05
4.00738e-05
4.00766e-05
4.0079e-05
4.00813e-05
4.00833e-05
4.00852e-05
4.00869e-05
4.00885e-05
4.009e-05
4.00915e-05
4.00929e-05
4.00942e-05
4.00956e-05
4.0097e-05
4.00985e-05
4.01e-05
4.01015e-05
4.01031e-05
4.01048e-05
4.01065e-05
4.01083e-05
4.01102e-05
4.01123e-05
4.01145e-05
4.0117e-05
4.01198e-05
4.01227e-05
4.01268e-05
4.01303e-05
4.0045e-05
4.00447e-05
4.00444e-05
4.00439e-05
4.00436e-05
4.00434e-05
4.00434e-05
4.00435e-05
4.00439e-05
4.00444e-05
4.00452e-05
4.00461e-05
4.00472e-05
4.00486e-05
4.00501e-05
4.00519e-05
4.00539e-05
4.00561e-05
4.00586e-05
4.00614e-05
4.00644e-05
4.00676e-05
4.00709e-05
4.00741e-05
4.00773e-05
4.00806e-05
4.0084e-05
4.00875e-05
4.00925e-05
4.00908e-05
4.0114e-05
4.00789e-05
4.00942e-05
4.04811e-05
3.83829e-05
4.52112e-05
3.50514e-05
3.18519e-06
0
4.00456e-05
4.00466e-05
4.0049e-05
4.0052e-05
4.0054e-05
4.00561e-05
4.0059e-05
4.00625e-05
4.00659e-05
4.00692e-05
4.00722e-05
4.00749e-05
4.00773e-05
4.00795e-05
4.00814e-05
4.00832e-05
4.00848e-05
4.00864e-05
4.00878e-05
4.00892e-05
4.00906e-05
4.00919e-05
4.00932e-05
4.00945e-05
4.0096e-05
4.00975e-05
4.0099e-05
4.01005e-05
4.01022e-05
4.01039e-05
4.01056e-05
4.01075e-05
4.01096e-05
4.01118e-05
4.01142e-05
4.01169e-05
4.01198e-05
4.01238e-05
4.01273e-05
4.00426e-05
4.00422e-05
4.00418e-05
4.00411e-05
4.00407e-05
4.00403e-05
4.00402e-05
4.00402e-05
4.00404e-05
4.00408e-05
4.00415e-05
4.00423e-05
4.00433e-05
4.00446e-05
4.0046e-05
4.00477e-05
4.00496e-05
4.00517e-05
4.00541e-05
4.00568e-05
4.00597e-05
4.00628e-05
4.00661e-05
4.00693e-05
4.00724e-05
4.00756e-05
4.0079e-05
4.00821e-05
4.0087e-05
4.00875e-05
4.00972e-05
4.0108e-05
4.0016e-05
4.04698e-05
3.9191e-05
4.09478e-05
4.59076e-05
8.46173e-06
0
4.00432e-05
4.00443e-05
4.00467e-05
4.00497e-05
4.00518e-05
4.0054e-05
4.00572e-05
4.00608e-05
4.00644e-05
4.00677e-05
4.00706e-05
4.00732e-05
4.00755e-05
4.00775e-05
4.00794e-05
4.00811e-05
4.00827e-05
4.00841e-05
4.00855e-05
4.00868e-05
4.00881e-05
4.00894e-05
4.00906e-05
4.0092e-05
4.00934e-05
4.00948e-05
4.00963e-05
4.00979e-05
4.00995e-05
4.01011e-05
4.01029e-05
4.01048e-05
4.01068e-05
4.0109e-05
4.01113e-05
4.0114e-05
4.01169e-05
4.01207e-05
4.01242e-05
4.00401e-05
4.00396e-05
4.00391e-05
4.00383e-05
4.00377e-05
4.00372e-05
4.00369e-05
4.00368e-05
4.00369e-05
4.00372e-05
4.00377e-05
4.00384e-05
4.00394e-05
4.00405e-05
4.00419e-05
4.00435e-05
4.00453e-05
4.00473e-05
4.00496e-05
4.00522e-05
4.0055e-05
4.0058e-05
4.00612e-05
4.00643e-05
4.00674e-05
4.00705e-05
4.00738e-05
4.0077e-05
4.0081e-05
4.00843e-05
4.00851e-05
4.01114e-05
4.0029e-05
4.02591e-05
4.00301e-05
3.88242e-05
4.69029e-05
2.65026e-05
3.45323e-06
4.00408e-05
4.0042e-05
4.00445e-05
4.00475e-05
4.00496e-05
4.0052e-05
4.00554e-05
4.00592e-05
4.00628e-05
4.00661e-05
4.00689e-05
4.00714e-05
4.00735e-05
4.00755e-05
4.00772e-05
4.00788e-05
4.00803e-05
4.00818e-05
4.00831e-05
4.00844e-05
4.00856e-05
4.00868e-05
4.0088e-05
4.00893e-05
4.00907e-05
4.00922e-05
4.00936e-05
4.00952e-05
4.00968e-05
4.00984e-05
4.01002e-05
4.01021e-05
4.01041e-05
4.01062e-05
4.01086e-05
4.01112e-05
4.0114e-05
4.01178e-05
4.01212e-05
4.00377e-05
4.00371e-05
4.00364e-05
4.00355e-05
4.00347e-05
4.00341e-05
4.00336e-05
4.00333e-05
4.00333e-05
4.00335e-05
4.00339e-05
4.00345e-05
4.00354e-05
4.00364e-05
4.00377e-05
4.00392e-05
4.00409e-05
4.00428e-05
4.00451e-05
4.00475e-05
4.00502e-05
4.00532e-05
4.00562e-05
4.00593e-05
4.00623e-05
4.00653e-05
4.00685e-05
4.00718e-05
4.00752e-05
4.00798e-05
4.00788e-05
4.0098e-05
4.00707e-05
4.00788e-05
4.04048e-05
3.87631e-05
4.31705e-05
4.18281e-05
6.66977e-06
4.00385e-05
4.00397e-05
4.00422e-05
4.00453e-05
4.00474e-05
4.00501e-05
4.00537e-05
4.00577e-05
4.00613e-05
4.00644e-05
4.00671e-05
4.00695e-05
4.00715e-05
4.00733e-05
4.0075e-05
4.00765e-05
4.0078e-05
4.00793e-05
4.00806e-05
4.00818e-05
4.0083e-05
4.00842e-05
4.00854e-05
4.00868e-05
4.00881e-05
4.00896e-05
4.00911e-05
4.00926e-05
4.00943e-05
4.00959e-05
4.00977e-05
4.00996e-05
4.01016e-05
4.01037e-05
4.0106e-05
4.01086e-05
4.01114e-05
4.01151e-05
4.01184e-05
4.00353e-05
4.00346e-05
4.00337e-05
4.00326e-05
4.00317e-05
4.00309e-05
4.00303e-05
4.00299e-05
4.00297e-05
4.00298e-05
4.00301e-05
4.00306e-05
4.00314e-05
4.00323e-05
4.00335e-05
4.00349e-05
4.00365e-05
4.00383e-05
4.00404e-05
4.00428e-05
4.00454e-05
4.00482e-05
4.00512e-05
4.00542e-05
4.00571e-05
4.00601e-05
4.00632e-05
4.00665e-05
4.00697e-05
4.0074e-05
4.00754e-05
4.00823e-05
4.00942e-05
4.00225e-05
4.03411e-05
3.95707e-05
4.00638e-05
4.49832e-05
3.03858e-05
4.00362e-05
4.00374e-05
4.004e-05
4.00431e-05
4.00454e-05
4.00483e-05
4.00521e-05
4.00562e-05
4.00597e-05
4.00627e-05
4.00653e-05
4.00674e-05
4.00693e-05
4.00711e-05
4.00727e-05
4.00742e-05
4.00756e-05
4.00769e-05
4.00782e-05
4.00794e-05
4.00806e-05
4.00818e-05
4.0083e-05
4.00843e-05
4.00858e-05
4.00873e-05
4.00888e-05
4.00904e-05
4.0092e-05
4.00937e-05
4.00955e-05
4.00974e-05
4.00994e-05
4.01016e-05
4.01039e-05
4.01064e-05
4.01092e-05
4.01128e-05
4.0116e-05
4.00329e-05
4.00321e-05
4.0031e-05
4.00298e-05
4.00287e-05
4.00278e-05
4.0027e-05
4.00264e-05
4.00261e-05
4.00261e-05
4.00263e-05
4.00267e-05
4.00274e-05
4.00282e-05
4.00293e-05
4.00306e-05
4.00321e-05
4.00338e-05
4.00358e-05
4.00381e-05
4.00406e-05
4.00433e-05
4.00462e-05
4.0049e-05
4.00519e-05
4.00548e-05
4.00578e-05
4.0061e-05
4.00642e-05
4.00679e-05
4.00716e-05
4.00722e-05
4.00916e-05
4.0045e-05
4.01529e-05
4.01518e-05
3.92417e-05
4.25865e-05
4.11417e-05
4.00339e-05
4.00352e-05
4.00379e-05
4.0041e-05
4.00433e-05
4.00465e-05
4.00506e-05
4.00547e-05
4.00581e-05
4.0061e-05
4.00633e-05
4.00653e-05
4.00671e-05
4.00688e-05
4.00704e-05
4.00719e-05
4.00733e-05
4.00746e-05
4.00759e-05
4.00771e-05
4.00783e-05
4.00796e-05
4.00808e-05
4.00822e-05
4.00837e-05
4.00853e-05
4.00869e-05
4.00885e-05
4.00902e-05
4.00919e-05
4.00938e-05
4.00957e-05
4.00977e-05
4.00998e-05
4.01021e-05
4.01047e-05
4.01074e-05
4.0111e-05
4.01141e-05
4.00306e-05
4.00296e-05
4.00284e-05
4.00269e-05
4.00257e-05
4.00246e-05
4.00237e-05
4.0023e-05
4.00226e-05
4.00225e-05
4.00226e-05
4.00229e-05
4.00234e-05
4.00242e-05
4.00252e-05
4.00264e-05
4.00278e-05
4.00294e-05
4.00313e-05
4.00334e-05
4.00358e-05
4.00384e-05
4.00411e-05
4.00439e-05
4.00466e-05
4.00495e-05
4.00524e-05
4.00555e-05
4.00588e-05
4.0062e-05
4.00663e-05
4.0067e-05
4.00779e-05
4.00739e-05
4.005e-05
4.02595e-05
3.96334e-05
4.03555e-05
4.20031e-05
4.00316e-05
4.0033e-05
4.00358e-05
4.00389e-05
4.00414e-05
4.00448e-05
4.00491e-05
4.00532e-05
4.00565e-05
4.00591e-05
4.00613e-05
4.00632e-05
4.0065e-05
4.00666e-05
4.00682e-05
4.00697e-05
4.00712e-05
4.00726e-05
4.00739e-05
4.00752e-05
4.00764e-05
4.00777e-05
4.00791e-05
4.00805e-05
4.00821e-05
4.00837e-05
4.00854e-05
4.00871e-05
4.00888e-05
4.00906e-05
4.00925e-05
4.00944e-05
4.00964e-05
4.00986e-05
4.01009e-05
4.01034e-05
4.01061e-05
4.01096e-05
4.01126e-05
4.00283e-05
4.00271e-05
4.00257e-05
4.00241e-05
4.00227e-05
4.00215e-05
4.00204e-05
4.00196e-05
4.00191e-05
4.00189e-05
4.0019e-05
4.00192e-05
4.00197e-05
4.00204e-05
4.00213e-05
4.00224e-05
4.00237e-05
4.00252e-05
4.00269e-05
4.00289e-05
4.00312e-05
4.00336e-05
4.00362e-05
4.00388e-05
4.00415e-05
4.00442e-05
4.0047e-05
4.005e-05
4.00532e-05
4.00563e-05
4.00602e-05
4.0063e-05
4.00662e-05
4.00799e-05
4.0041e-05
4.01552e-05
4.0046e-05
3.97416e-05
4.06524e-05
4.00294e-05
4.00309e-05
4.00337e-05
4.00369e-05
4.00395e-05
4.00432e-05
4.00476e-05
4.00517e-05
4.00548e-05
4.00572e-05
4.00592e-05
4.00611e-05
4.00629e-05
4.00646e-05
4.00663e-05
4.00679e-05
4.00694e-05
4.00709e-05
4.00723e-05
4.00736e-05
4.0075e-05
4.00763e-05
4.00777e-05
4.00793e-05
4.00809e-05
4.00826e-05
4.00843e-05
4.00861e-05
4.00879e-05
4.00897e-05
4.00916e-05
4.00935e-05
4.00955e-05
4.00977e-05
4.00999e-05
4.01024e-05
4.0105e-05
4.01085e-05
4.01114e-05
4.0026e-05
4.00247e-05
4.00231e-05
4.00213e-05
4.00198e-05
4.00184e-05
4.00172e-05
4.00164e-05
4.00158e-05
4.00156e-05
4.00156e-05
4.00158e-05
4.00162e-05
4.00168e-05
4.00177e-05
4.00187e-05
4.00199e-05
4.00213e-05
4.00229e-05
4.00247e-05
4.00268e-05
4.00291e-05
4.00315e-05
4.0034e-05
4.00364e-05
4.0039e-05
4.00417e-05
4.00446e-05
4.00476e-05
4.00507e-05
4.00541e-05
4.00579e-05
4.00593e-05
4.00706e-05
4.00591e-05
4.00704e-05
4.01541e-05
3.99005e-05
3.99613e-05
4.00273e-05
4.00288e-05
4.00317e-05
4.0035e-05
4.00377e-05
4.00416e-05
4.00462e-05
4.00501e-05
4.0053e-05
4.00552e-05
4.00572e-05
4.00591e-05
4.0061e-05
4.00629e-05
4.00647e-05
4.00665e-05
4.00681e-05
4.00697e-05
4.00711e-05
4.00726e-05
4.0074e-05
4.00754e-05
4.00769e-05
4.00785e-05
4.00802e-05
4.00819e-05
4.00837e-05
4.00854e-05
4.00872e-05
4.0089e-05
4.00909e-05
4.00928e-05
4.00948e-05
4.00969e-05
4.0099e-05
4.01015e-05
4.0104e-05
4.01074e-05
4.01102e-05
4.00237e-05
4.00223e-05
4.00205e-05
4.00186e-05
4.00169e-05
4.00154e-05
4.00142e-05
4.00133e-05
4.00128e-05
4.00125e-05
4.00125e-05
4.00127e-05
4.00132e-05
4.00138e-05
4.00145e-05
4.00154e-05
4.00165e-05
4.00178e-05
4.00193e-05
4.0021e-05
4.00229e-05
4.00249e-05
4.00271e-05
4.00294e-05
4.00317e-05
4.00341e-05
4.00366e-05
4.00393e-05
4.00422e-05
4.00452e-05
4.00483e-05
4.0052e-05
4.00544e-05
4.00597e-05
4.00657e-05
4.00497e-05
4.01103e-05
4.00738e-05
3.99403e-05
4.00251e-05
4.00268e-05
4.00298e-05
4.00331e-05
4.00359e-05
4.00402e-05
4.00448e-05
4.00485e-05
4.00511e-05
4.00532e-05
4.00553e-05
4.00574e-05
4.00595e-05
4.00616e-05
4.00636e-05
4.00655e-05
4.00672e-05
4.00689e-05
4.00704e-05
4.00719e-05
4.00734e-05
4.00748e-05
4.00763e-05
4.0078e-05
4.00797e-05
4.00814e-05
4.00832e-05
4.00849e-05
4.00866e-05
4.00884e-05
4.00902e-05
4.0092e-05
4.00939e-05
4.00959e-05
4.0098e-05
4.01004e-05
4.01028e-05
4.0106e-05
4.01088e-05
4.00215e-05
4.00199e-05
4.0018e-05
4.00159e-05
4.00141e-05
4.00126e-05
4.00114e-05
4.00106e-05
4.00101e-05
4.00099e-05
4.001e-05
4.00103e-05
4.00107e-05
4.00113e-05
4.0012e-05
4.00129e-05
4.00139e-05
4.00151e-05
4.00164e-05
4.00179e-05
4.00195e-05
4.00214e-05
4.00233e-05
4.00254e-05
4.00274e-05
4.00296e-05
4.00319e-05
4.00344e-05
4.0037e-05
4.00398e-05
4.00428e-05
4.0046e-05
4.00494e-05
4.0052e-05
4.006e-05
4.0054e-05
4.00659e-05
4.01036e-05
4.00505e-05
4.00231e-05
4.00249e-05
4.00279e-05
4.00312e-05
4.00342e-05
4.00388e-05
4.00434e-05
4.00469e-05
4.00492e-05
4.00513e-05
4.00536e-05
4.0056e-05
4.00584e-05
4.00607e-05
4.00629e-05
4.00649e-05
4.00668e-05
4.00685e-05
4.007e-05
4.00715e-05
4.0073e-05
4.00744e-05
4.00759e-05
4.00776e-05
4.00792e-05
4.00809e-05
4.00826e-05
4.00842e-05
4.00859e-05
4.00875e-05
4.00892e-05
4.0091e-05
4.00928e-05
4.00947e-05
4.00967e-05
4.00989e-05
4.01012e-05
4.01043e-05
4.0107e-05
4.00193e-05
4.00176e-05
4.00155e-05
4.00133e-05
4.00115e-05
4.001e-05
4.00089e-05
4.00083e-05
4.0008e-05
4.00079e-05
4.00081e-05
4.00085e-05
4.0009e-05
4.00097e-05
4.00104e-05
4.00112e-05
4.00121e-05
4.00132e-05
4.00143e-05
4.00156e-05
4.0017e-05
4.00186e-05
4.00203e-05
4.0022e-05
4.00238e-05
4.00257e-05
4.00277e-05
4.00299e-05
4.00323e-05
4.00348e-05
4.00376e-05
4.00405e-05
4.00438e-05
4.00465e-05
4.00515e-05
4.0055e-05
4.0052e-05
4.00769e-05
4.00865e-05
4.0021e-05
4.0023e-05
4.00261e-05
4.00295e-05
4.00327e-05
4.00375e-05
4.0042e-05
4.00452e-05
4.00474e-05
4.00496e-05
4.00522e-05
4.00549e-05
4.00576e-05
4.00602e-05
4.00625e-05
4.00646e-05
4.00665e-05
4.00682e-05
4.00698e-05
4.00713e-05
4.00727e-05
4.00741e-05
4.00755e-05
4.0077e-05
4.00786e-05
4.00801e-05
4.00817e-05
4.00832e-05
4.00848e-05
4.00863e-05
4.00879e-05
4.00895e-05
4.00912e-05
4.0093e-05
4.00948e-05
4.00969e-05
4.00992e-05
4.01021e-05
4.01047e-05
4.00172e-05
4.00153e-05
4.00131e-05
4.00108e-05
4.00091e-05
4.00078e-05
4.00069e-05
4.00065e-05
4.00065e-05
4.00067e-05
4.00071e-05
4.00077e-05
4.00083e-05
4.0009e-05
4.00098e-05
4.00105e-05
4.00114e-05
4.00123e-05
4.00133e-05
4.00144e-05
4.00155e-05
4.00168e-05
4.00182e-05
4.00196e-05
4.0021e-05
4.00226e-05
4.00243e-05
4.00262e-05
4.00282e-05
4.00305e-05
4.00329e-05
4.00355e-05
4.00385e-05
4.00414e-05
4.00447e-05
4.00499e-05
4.005e-05
4.00567e-05
4.00735e-05
4.00191e-05
4.00211e-05
4.00243e-05
4.00278e-05
4.00312e-05
4.00362e-05
4.00406e-05
4.00434e-05
4.00457e-05
4.00482e-05
4.00512e-05
4.00543e-05
4.00573e-05
4.006e-05
4.00624e-05
4.00645e-05
4.00664e-05
4.0068e-05
4.00695e-05
4.00709e-05
4.00722e-05
4.00734e-05
4.00747e-05
4.00761e-05
4.00775e-05
4.0079e-05
4.00804e-05
4.00818e-05
4.00833e-05
4.00847e-05
4.00862e-05
4.00877e-05
4.00893e-05
4.00909e-05
4.00927e-05
4.00947e-05
4.00968e-05
4.00996e-05
4.0102e-05
4.00152e-05
4.00131e-05
4.00108e-05
4.00086e-05
4.0007e-05
4.0006e-05
4.00055e-05
4.00055e-05
4.00058e-05
4.00064e-05
4.00071e-05
4.00079e-05
4.00087e-05
4.00095e-05
4.00102e-05
4.0011e-05
4.00118e-05
4.00125e-05
4.00133e-05
4.00142e-05
4.00151e-05
4.00161e-05
4.00171e-05
4.00182e-05
4.00193e-05
4.00205e-05
4.00218e-05
4.00233e-05
4.0025e-05
4.00268e-05
4.00289e-05
4.00312e-05
4.00337e-05
4.00365e-05
4.00393e-05
4.00434e-05
4.00469e-05
4.00492e-05
4.00575e-05
4.00172e-05
4.00193e-05
4.00226e-05
4.00261e-05
4.00297e-05
4.0035e-05
4.00392e-05
4.00417e-05
4.00441e-05
4.00471e-05
4.00505e-05
4.0054e-05
4.00572e-05
4.00599e-05
4.00623e-05
4.00643e-05
4.00661e-05
4.00676e-05
4.00689e-05
4.00702e-05
4.00713e-05
4.00725e-05
4.00736e-05
4.00749e-05
4.00762e-05
4.00775e-05
4.00788e-05
4.00802e-05
4.00815e-05
4.00829e-05
4.00843e-05
4.00857e-05
4.00872e-05
4.00888e-05
4.00905e-05
4.00924e-05
4.00944e-05
4.0097e-05
4.00994e-05
4.00132e-05
4.0011e-05
4.00087e-05
4.00066e-05
4.00054e-05
4.00048e-05
4.00048e-05
4.00053e-05
4.00062e-05
4.00072e-05
4.00082e-05
4.00093e-05
4.00102e-05
4.0011e-05
4.00118e-05
4.00125e-05
4.00132e-05
4.00138e-05
4.00145e-05
4.00151e-05
4.00158e-05
4.00164e-05
4.00171e-05
4.00178e-05
4.00186e-05
4.00194e-05
4.00203e-05
4.00214e-05
4.00227e-05
4.00242e-05
4.00258e-05
4.00276e-05
4.00297e-05
4.00321e-05
4.00347e-05
4.00378e-05
4.00417e-05
4.00451e-05
4.00491e-05
4.00153e-05
4.00176e-05
4.00209e-05
4.00246e-05
4.00284e-05
4.00339e-05
4.00377e-05
4.004e-05
4.00427e-05
4.00463e-05
4.00502e-05
4.00539e-05
4.00571e-05
4.00598e-05
4.00621e-05
4.00639e-05
4.00655e-05
4.00669e-05
4.00681e-05
4.00692e-05
4.00702e-05
4.00712e-05
4.00723e-05
4.00735e-05
4.00747e-05
4.0076e-05
4.00772e-05
4.00785e-05
4.00798e-05
4.00811e-05
4.00825e-05
4.00838e-05
4.00853e-05
4.00868e-05
4.00884e-05
4.00903e-05
4.00922e-05
4.00948e-05
4.0097e-05
4.00113e-05
4.0009e-05
4.00068e-05
4.0005e-05
4.00043e-05
4.00043e-05
4.0005e-05
4.00062e-05
4.00076e-05
4.00091e-05
4.00104e-05
4.00116e-05
4.00127e-05
4.00136e-05
4.00143e-05
4.0015e-05
4.00155e-05
4.0016e-05
4.00165e-05
4.00169e-05
4.00173e-05
4.00177e-05
4.00181e-05
4.00185e-05
4.00189e-05
4.00194e-05
4.00199e-05
4.00206e-05
4.00215e-05
4.00225e-05
4.00237e-05
4.00251e-05
4.00267e-05
4.00286e-05
4.00308e-05
4.00333e-05
4.00365e-05
4.00405e-05
4.0044e-05
4.00135e-05
4.00159e-05
4.00194e-05
4.0023e-05
4.00271e-05
4.00327e-05
4.00361e-05
4.00385e-05
4.00417e-05
4.00458e-05
4.00501e-05
4.00538e-05
4.0057e-05
4.00595e-05
4.00616e-05
4.00633e-05
4.00647e-05
4.0066e-05
4.00671e-05
4.00681e-05
4.0069e-05
4.007e-05
4.0071e-05
4.00721e-05
4.00733e-05
4.00746e-05
4.00758e-05
4.00771e-05
4.00784e-05
4.00797e-05
4.0081e-05
4.00823e-05
4.00838e-05
4.00852e-05
4.00868e-05
4.00886e-05
4.00905e-05
4.00929e-05
4.00951e-05
4.00094e-05
4.00072e-05
4.00052e-05
4.00039e-05
4.00038e-05
4.00047e-05
4.00063e-05
4.00081e-05
4.001e-05
4.00118e-05
4.00134e-05
4.00148e-05
4.00159e-05
4.00168e-05
4.00175e-05
4.00181e-05
4.00185e-05
4.00189e-05
4.00192e-05
4.00194e-05
4.00196e-05
4.00198e-05
4.00199e-05
4.002e-05
4.00201e-05
4.00202e-05
4.00205e-05
4.00208e-05
4.00212e-05
4.00218e-05
4.00226e-05
4.00235e-05
4.00247e-05
4.00261e-05
4.00277e-05
4.00298e-05
4.00323e-05
4.00359e-05
4.00393e-05
4.00118e-05
4.00144e-05
4.00178e-05
4.00216e-05
4.00258e-05
4.00315e-05
4.00345e-05
4.00371e-05
4.00409e-05
4.00455e-05
4.005e-05
4.00537e-05
4.00566e-05
4.0059e-05
4.00609e-05
4.00625e-05
4.00639e-05
4.00651e-05
4.00661e-05
4.00671e-05
4.0068e-05
4.00689e-05
4.007e-05
4.00711e-05
4.00723e-05
4.00736e-05
4.00748e-05
4.00761e-05
4.00774e-05
4.00786e-05
4.008e-05
4.00813e-05
4.00827e-05
4.00841e-05
4.00856e-05
4.00873e-05
4.00891e-05
4.00915e-05
4.00936e-05
4.00077e-05
4.00056e-05
4.0004e-05
4.00035e-05
4.00042e-05
4.0006e-05
4.00084e-05
4.00108e-05
4.00132e-05
4.00153e-05
4.0017e-05
4.00185e-05
4.00196e-05
4.00206e-05
4.00212e-05
4.00217e-05
4.00221e-05
4.00223e-05
4.00225e-05
4.00225e-05
4.00226e-05
4.00225e-05
4.00224e-05
4.00222e-05
4.0022e-05
4.00219e-05
4.00218e-05
4.00218e-05
4.00219e-05
4.00221e-05
4.00225e-05
4.0023e-05
4.00236e-05
4.00245e-05
4.00257e-05
4.00272e-05
4.00291e-05
4.0032e-05
4.00349e-05
4.00101e-05
4.00128e-05
4.00164e-05
4.00202e-05
4.00247e-05
4.00303e-05
4.00329e-05
4.00358e-05
4.00404e-05
4.00454e-05
4.00498e-05
4.00534e-05
4.00562e-05
4.00584e-05
4.00603e-05
4.00619e-05
4.00632e-05
4.00644e-05
4.00655e-05
4.00664e-05
4.00674e-05
4.00683e-05
4.00694e-05
4.00705e-05
4.00718e-05
4.0073e-05
4.00743e-05
4.00755e-05
4.00768e-05
4.0078e-05
4.00793e-05
4.00806e-05
4.00819e-05
4.00832e-05
4.00847e-05
4.00863e-05
4.0088e-05
4.00903e-05
4.00922e-05
4.00062e-05
4.00042e-05
4.00032e-05
4.00037e-05
4.00054e-05
4.00082e-05
4.00111e-05
4.00138e-05
4.00163e-05
4.00184e-05
4.00202e-05
4.00218e-05
4.0023e-05
4.00241e-05
4.0025e-05
4.00256e-05
4.0026e-05
4.00262e-05
4.00262e-05
4.00261e-05
4.00259e-05
4.00257e-05
4.00253e-05
4.00249e-05
4.00245e-05
4.00242e-05
4.00238e-05
4.00235e-05
4.00233e-05
4.00231e-05
4.00231e-05
4.00232e-05
4.00234e-05
4.00239e-05
4.00245e-05
4.00255e-05
4.00269e-05
4.00292e-05
4.00313e-05
4.00086e-05
4.00113e-05
4.00149e-05
4.00189e-05
4.00235e-05
4.00291e-05
4.00313e-05
4.00349e-05
4.004e-05
4.00452e-05
4.00496e-05
4.0053e-05
4.00557e-05
4.0058e-05
4.00599e-05
4.00616e-05
4.0063e-05
4.00642e-05
4.00653e-05
4.00663e-05
4.00672e-05
4.00682e-05
4.00692e-05
4.00703e-05
4.00716e-05
4.00728e-05
4.0074e-05
4.00752e-05
4.00764e-05
4.00776e-05
4.00787e-05
4.00799e-05
4.00811e-05
4.00824e-05
4.00837e-05
4.00852e-05
4.00868e-05
4.00889e-05
4.00907e-05
4.00048e-05
4.00032e-05
4.00031e-05
4.00046e-05
4.00073e-05
4.00106e-05
4.00137e-05
4.00165e-05
4.0019e-05
4.00211e-05
4.00229e-05
4.00246e-05
4.0026e-05
4.00272e-05
4.00282e-05
4.0029e-05
4.00297e-05
4.00301e-05
4.00303e-05
4.00302e-05
4.00299e-05
4.00295e-05
4.00289e-05
4.00282e-05
4.00275e-05
4.00269e-05
4.00263e-05
4.00257e-05
4.00252e-05
4.00247e-05
4.00244e-05
4.00241e-05
4.0024e-05
4.0024e-05
4.00242e-05
4.00247e-05
4.00255e-05
4.00272e-05
4.00286e-05
4.00071e-05
4.00099e-05
4.00136e-05
4.00176e-05
4.00224e-05
4.00279e-05
4.00298e-05
4.00341e-05
4.00398e-05
4.0045e-05
4.00492e-05
4.00526e-05
4.00555e-05
4.00579e-05
4.006e-05
4.00617e-05
4.00632e-05
4.00644e-05
4.00655e-05
4.00665e-05
4.00674e-05
4.00683e-05
4.00692e-05
4.00703e-05
4.00715e-05
4.00726e-05
4.00738e-05
4.00748e-05
4.00759e-05
4.0077e-05
4.0078e-05
4.00791e-05
4.00801e-05
4.00813e-05
4.00825e-05
4.00838e-05
4.00852e-05
4.00872e-05
4.00889e-05
4.00036e-05
4.00026e-05
4.00035e-05
4.00061e-05
4.00093e-05
4.00128e-05
4.00159e-05
4.00187e-05
4.00211e-05
4.00233e-05
4.00253e-05
4.00271e-05
4.00286e-05
4.003e-05
4.00312e-05
4.00322e-05
4.0033e-05
4.00336e-05
4.0034e-05
4.00342e-05
4.00342e-05
4.0034e-05
4.00335e-05
4.0033e-05
4.00323e-05
4.00316e-05
4.00307e-05
4.00298e-05
4.00289e-05
4.0028e-05
4.00272e-05
4.00265e-05
4.00259e-05
4.00255e-05
4.00253e-05
4.00253e-05
4.00255e-05
4.00266e-05
4.00274e-05
4.00058e-05
4.00086e-05
4.00123e-05
4.00164e-05
4.00213e-05
4.00266e-05
4.00283e-05
4.00336e-05
4.00395e-05
4.00446e-05
4.00489e-05
4.00525e-05
4.00556e-05
4.00582e-05
4.00604e-05
4.00622e-05
4.00637e-05
4.00649e-05
4.00659e-05
4.00668e-05
4.00676e-05
4.00684e-05
4.00692e-05
4.00702e-05
4.00712e-05
4.00723e-05
4.00732e-05
4.00742e-05
4.00751e-05
4.0076e-05
4.00769e-05
4.00779e-05
4.00788e-05
4.00798e-05
4.00808e-05
4.0082e-05
4.00833e-05
4.00851e-05
4.00866e-05
4.00028e-05
4.00025e-05
4.00045e-05
4.00078e-05
4.00113e-05
4.00147e-05
4.00177e-05
4.00206e-05
4.00229e-05
4.00252e-05
4.00273e-05
4.00293e-05
4.0031e-05
4.00325e-05
4.00338e-05
4.0035e-05
4.00359e-05
4.00367e-05
4.00374e-05
4.00378e-05
4.0038e-05
4.00381e-05
4.0038e-05
4.00378e-05
4.00375e-05
4.0037e-05
4.00365e-05
4.00357e-05
4.00349e-05
4.00339e-05
4.00328e-05
4.00316e-05
4.00304e-05
4.00292e-05
4.00283e-05
4.00275e-05
4.0027e-05
4.00273e-05
4.00272e-05
4.00045e-05
4.00073e-05
4.00111e-05
4.00152e-05
4.00202e-05
4.00253e-05
4.0027e-05
4.00332e-05
4.00392e-05
4.00443e-05
4.00488e-05
4.00527e-05
4.0056e-05
4.00588e-05
4.0061e-05
4.00627e-05
4.00641e-05
4.00652e-05
4.00661e-05
4.00669e-05
4.00675e-05
4.00682e-05
4.00689e-05
4.00697e-05
4.00706e-05
4.00714e-05
4.00723e-05
4.00731e-05
4.00739e-05
4.00747e-05
4.00756e-05
4.00764e-05
4.00773e-05
4.00782e-05
4.00792e-05
4.00803e-05
4.00816e-05
4.00833e-05
4.00847e-05
4.00023e-05
4.00029e-05
4.00057e-05
4.00093e-05
4.00128e-05
4.00162e-05
4.00191e-05
4.0022e-05
4.00243e-05
4.0027e-05
4.00292e-05
4.00311e-05
4.00329e-05
4.00344e-05
4.00358e-05
4.0037e-05
4.00381e-05
4.0039e-05
4.00397e-05
4.00402e-05
4.00406e-05
4.00409e-05
4.0041e-05
4.00411e-05
4.00411e-05
4.00411e-05
4.00409e-05
4.00406e-05
4.00402e-05
4.00396e-05
4.00388e-05
4.00379e-05
4.00368e-05
4.00355e-05
4.00341e-05
4.00326e-05
4.0031e-05
4.003e-05
4.0029e-05
4.00036e-05
4.00062e-05
4.001e-05
4.00142e-05
4.00192e-05
4.00241e-05
4.00258e-05
4.00328e-05
4.00386e-05
4.0044e-05
4.00489e-05
4.00531e-05
4.00565e-05
4.00593e-05
4.00614e-05
4.0063e-05
4.00643e-05
4.00652e-05
4.00659e-05
4.00665e-05
4.00671e-05
4.00676e-05
4.00681e-05
4.00688e-05
4.00696e-05
4.00703e-05
4.00711e-05
4.00719e-05
4.00727e-05
4.00735e-05
4.00743e-05
4.00752e-05
4.00761e-05
4.00771e-05
4.00782e-05
4.00793e-05
4.00807e-05
4.00824e-05
4.00839e-05
4.00021e-05
4.00035e-05
4.00069e-05
4.00107e-05
4.00141e-05
4.00173e-05
4.00202e-05
4.00231e-05
4.00253e-05
4.00284e-05
4.00305e-05
4.00324e-05
4.00341e-05
4.00357e-05
4.00371e-05
4.00384e-05
4.00396e-05
4.00406e-05
4.00415e-05
4.00422e-05
4.00427e-05
4.00431e-05
4.00435e-05
4.00437e-05
4.00439e-05
4.00439e-05
4.00439e-05
4.00439e-05
4.00437e-05
4.00434e-05
4.00431e-05
4.00426e-05
4.00419e-05
4.00411e-05
4.004e-05
4.00386e-05
4.00368e-05
4.00352e-05
4.00334e-05
4.00027e-05
4.0005e-05
4.00089e-05
4.00131e-05
4.00181e-05
4.00228e-05
4.00247e-05
4.00323e-05
4.00383e-05
4.00441e-05
4.00492e-05
4.00535e-05
4.00568e-05
4.00594e-05
4.00613e-05
4.00627e-05
4.00638e-05
4.00645e-05
4.00651e-05
4.00656e-05
4.0066e-05
4.00663e-05
4.00668e-05
4.00674e-05
4.00681e-05
4.00689e-05
4.00696e-05
4.00704e-05
4.00713e-05
4.00721e-05
4.0073e-05
4.0074e-05
4.00749e-05
4.0076e-05
4.00771e-05
4.00783e-05
4.00797e-05
4.00815e-05
4.0083e-05
4.00021e-05
4.00044e-05
4.00081e-05
4.00118e-05
4.0015e-05
4.00181e-05
4.00209e-05
4.00237e-05
4.00258e-05
4.00289e-05
4.0031e-05
4.00329e-05
4.00347e-05
4.00364e-05
4.0038e-05
4.00395e-05
4.00409e-05
4.00421e-05
4.00432e-05
4.00442e-05
4.0045e-05
4.00458e-05
4.00464e-05
4.00468e-05
4.00472e-05
4.00474e-05
4.00475e-05
4.00475e-05
4.00474e-05
4.00472e-05
4.0047e-05
4.00467e-05
4.00463e-05
4.00458e-05
4.00451e-05
4.00442e-05
4.00429e-05
4.00414e-05
4.00397e-05
4.0002e-05
4.00039e-05
4.00078e-05
4.0012e-05
4.00169e-05
4.00215e-05
4.00236e-05
4.00317e-05
4.00381e-05
4.00443e-05
4.00495e-05
4.00537e-05
4.00568e-05
4.00591e-05
4.00607e-05
4.00619e-05
4.00627e-05
4.00633e-05
4.00638e-05
4.00642e-05
4.00645e-05
4.00649e-05
4.00653e-05
4.0066e-05
4.00667e-05
4.00676e-05
4.00684e-05
4.00694e-05
4.00703e-05
4.00713e-05
4.00724e-05
4.00734e-05
4.00745e-05
4.00756e-05
4.00768e-05
4.00781e-05
4.00796e-05
4.00815e-05
4.0083e-05
4.00025e-05
4.00054e-05
4.00091e-05
4.00126e-05
4.00157e-05
4.00186e-05
4.00212e-05
4.00238e-05
4.00259e-05
4.00287e-05
4.00308e-05
4.00328e-05
4.00348e-05
4.00367e-05
4.00385e-05
4.00402e-05
4.00418e-05
4.00433e-05
4.00446e-05
4.00459e-05
4.00471e-05
4.00482e-05
4.00491e-05
4.00499e-05
4.00506e-05
4.00511e-05
4.00515e-05
4.00518e-05
4.00518e-05
4.00518e-05
4.00517e-05
4.00514e-05
4.00511e-05
4.00507e-05
4.00501e-05
4.00494e-05
4.00484e-05
4.00473e-05
4.0046e-05
4.00016e-05
4.0003e-05
4.00068e-05
4.0011e-05
4.00158e-05
4.00201e-05
4.00226e-05
4.00312e-05
4.00379e-05
4.00444e-05
4.00496e-05
4.00535e-05
4.00563e-05
4.00583e-05
4.00598e-05
4.00608e-05
4.00616e-05
4.00622e-05
4.00627e-05
4.00631e-05
4.00635e-05
4.0064e-05
4.00646e-05
4.00655e-05
4.00666e-05
4.00677e-05
4.00689e-05
4.00701e-05
4.00714e-05
4.00726e-05
4.00739e-05
4.00752e-05
4.00765e-05
4.00779e-05
4.00792e-05
4.00807e-05
4.00823e-05
4.00844e-05
4.0086e-05
4.00032e-05
4.00063e-05
4.00098e-05
4.00131e-05
4.0016e-05
4.00187e-05
4.00211e-05
4.00235e-05
4.00253e-05
4.00277e-05
4.00299e-05
4.0032e-05
4.00343e-05
4.00364e-05
4.00385e-05
4.00404e-05
4.00423e-05
4.0044e-05
4.00457e-05
4.00473e-05
4.00488e-05
4.00503e-05
4.00515e-05
4.00527e-05
4.00537e-05
4.00546e-05
4.00554e-05
4.0056e-05
4.00565e-05
4.00568e-05
4.0057e-05
4.0057e-05
4.00568e-05
4.00565e-05
4.0056e-05
4.00554e-05
4.00544e-05
4.00532e-05
4.0052e-05
4.00014e-05
4.00021e-05
4.00058e-05
4.001e-05
4.00146e-05
4.00188e-05
4.00215e-05
4.00304e-05
4.00376e-05
4.00443e-05
4.00493e-05
4.00528e-05
4.00554e-05
4.00572e-05
4.00587e-05
4.00598e-05
4.00608e-05
4.00616e-05
4.00623e-05
4.0063e-05
4.00636e-05
4.00644e-05
4.00654e-05
4.00667e-05
4.00682e-05
4.00697e-05
4.00713e-05
4.00728e-05
4.00743e-05
4.00758e-05
4.00773e-05
4.00787e-05
4.00801e-05
4.00815e-05
4.00829e-05
4.00844e-05
4.00861e-05
4.00881e-05
4.00897e-05
4.00039e-05
4.00069e-05
4.00102e-05
4.00133e-05
4.00159e-05
4.00183e-05
4.00205e-05
4.00226e-05
4.00241e-05
4.0026e-05
4.00282e-05
4.00306e-05
4.00331e-05
4.00356e-05
4.0038e-05
4.00402e-05
4.00424e-05
4.00445e-05
4.00465e-05
4.00485e-05
4.00504e-05
4.00521e-05
4.00538e-05
4.00553e-05
4.00566e-05
4.00579e-05
4.0059e-05
4.006e-05
4.00609e-05
4.00617e-05
4.00623e-05
4.00627e-05
4.0063e-05
4.00631e-05
4.00629e-05
4.00625e-05
4.00618e-05
4.00604e-05
4.00593e-05
4.00015e-05
4.00014e-05
4.00049e-05
4.0009e-05
4.00134e-05
4.00174e-05
4.00205e-05
4.00295e-05
4.0037e-05
4.00437e-05
4.00483e-05
4.00517e-05
4.00542e-05
4.00564e-05
4.00582e-05
4.00598e-05
4.00612e-05
4.00624e-05
4.00635e-05
4.00646e-05
4.00656e-05
4.00668e-05
4.00681e-05
4.00697e-05
4.00715e-05
4.00732e-05
4.00749e-05
4.00764e-05
4.00779e-05
4.00792e-05
4.00805e-05
4.00816e-05
4.00827e-05
4.00837e-05
4.00847e-05
4.00857e-05
4.00868e-05
4.00882e-05
4.00894e-05
4.00044e-05
4.00073e-05
4.00103e-05
4.00131e-05
4.00154e-05
4.00175e-05
4.00194e-05
4.00211e-05
4.00223e-05
4.00237e-05
4.0026e-05
4.00286e-05
4.00315e-05
4.00344e-05
4.00371e-05
4.00397e-05
4.00422e-05
4.00447e-05
4.00471e-05
4.00494e-05
4.00517e-05
4.00538e-05
4.00558e-05
4.00576e-05
4.00593e-05
4.00609e-05
4.00623e-05
4.00637e-05
4.00649e-05
4.00661e-05
4.00671e-05
4.0068e-05
4.00687e-05
4.00693e-05
4.00696e-05
4.00697e-05
4.00694e-05
4.00684e-05
4.00676e-05
4.00018e-05
4.00008e-05
4.00041e-05
4.00079e-05
4.00121e-05
4.00159e-05
4.00193e-05
4.00282e-05
4.00358e-05
4.00423e-05
4.00469e-05
4.00505e-05
4.00537e-05
4.00566e-05
4.00592e-05
4.00615e-05
4.00634e-05
4.00651e-05
4.00665e-05
4.00678e-05
4.00689e-05
4.00701e-05
4.00714e-05
4.00728e-05
4.00742e-05
4.00755e-05
4.00765e-05
4.00773e-05
4.00779e-05
4.00784e-05
4.00787e-05
4.00789e-05
4.0079e-05
4.0079e-05
4.00789e-05
4.00788e-05
4.00787e-05
4.00787e-05
4.00788e-05
4.00047e-05
4.00074e-05
4.00101e-05
4.00125e-05
4.00145e-05
4.00162e-05
4.00178e-05
4.00191e-05
4.00198e-05
4.00207e-05
4.00232e-05
4.00262e-05
4.00295e-05
4.00328e-05
4.00359e-05
4.00389e-05
4.00418e-05
4.00446e-05
4.00473e-05
4.005e-05
4.00526e-05
4.00551e-05
4.00574e-05
4.00596e-05
4.00617e-05
4.00636e-05
4.00654e-05
4.00672e-05
4.00688e-05
4.00704e-05
4.00718e-05
4.00731e-05
4.00743e-05
4.00754e-05
4.00763e-05
4.00769e-05
4.00773e-05
4.0077e-05
4.00769e-05
4.00021e-05
4.00006e-05
4.00033e-05
4.00069e-05
4.00108e-05
4.00143e-05
4.0018e-05
4.00263e-05
4.00338e-05
4.00403e-05
4.00456e-05
4.00503e-05
4.00547e-05
4.00585e-05
4.00618e-05
4.00643e-05
4.00663e-05
4.00678e-05
4.00689e-05
4.00697e-05
4.00703e-05
4.00708e-05
4.00712e-05
4.00714e-05
4.00715e-05
4.00713e-05
4.00708e-05
4.00701e-05
4.00693e-05
4.00683e-05
4.00673e-05
4.00661e-05
4.00649e-05
4.00636e-05
4.00624e-05
4.00611e-05
4.00598e-05
4.00585e-05
4.00574e-05
4.00048e-05
4.00071e-05
4.00094e-05
4.00114e-05
4.00131e-05
4.00144e-05
4.00156e-05
4.00164e-05
4.00168e-05
4.00174e-05
4.002e-05
4.00233e-05
4.00271e-05
4.00307e-05
4.00342e-05
4.00375e-05
4.00408e-05
4.00439e-05
4.0047e-05
4.00501e-05
4.0053e-05
4.00559e-05
4.00586e-05
4.00611e-05
4.00635e-05
4.00658e-05
4.0068e-05
4.007e-05
4.0072e-05
4.00739e-05
4.00758e-05
4.00775e-05
4.0079e-05
4.00805e-05
4.00818e-05
4.00829e-05
4.00837e-05
4.0084e-05
4.00846e-05
4.00023e-05
4.00005e-05
4.00026e-05
4.00058e-05
4.00093e-05
4.00126e-05
4.00163e-05
4.00236e-05
4.00309e-05
4.00384e-05
4.00453e-05
4.00514e-05
4.00565e-05
4.00603e-05
4.00629e-05
4.00645e-05
4.00654e-05
4.00656e-05
4.00654e-05
4.00648e-05
4.0064e-05
4.0063e-05
4.00618e-05
4.00604e-05
4.00587e-05
4.0057e-05
4.00552e-05
4.00533e-05
4.00516e-05
4.00498e-05
4.00482e-05
4.00467e-05
4.00453e-05
4.00439e-05
4.00427e-05
4.00415e-05
4.00404e-05
4.00392e-05
4.00385e-05
4.00045e-05
4.00064e-05
4.00082e-05
4.00099e-05
4.00111e-05
4.00121e-05
4.00128e-05
4.00133e-05
4.00135e-05
4.00137e-05
4.00164e-05
4.00199e-05
4.0024e-05
4.0028e-05
4.00318e-05
4.00355e-05
4.0039e-05
4.00425e-05
4.00459e-05
4.00492e-05
4.00525e-05
4.00556e-05
4.00587e-05
4.00616e-05
4.00643e-05
4.0067e-05
4.00695e-05
4.00721e-05
4.00745e-05
4.00769e-05
4.00792e-05
4.00814e-05
4.00836e-05
4.00856e-05
4.00875e-05
4.00893e-05
4.00909e-05
4.0092e-05
4.00935e-05
4.00024e-05
4.00006e-05
4.00019e-05
4.00047e-05
4.00077e-05
4.00106e-05
4.00141e-05
4.002e-05
4.00278e-05
4.00374e-05
4.00455e-05
4.00514e-05
4.0055e-05
4.00565e-05
4.00566e-05
4.00558e-05
4.00545e-05
4.00528e-05
4.0051e-05
4.00492e-05
4.00474e-05
4.00455e-05
4.00437e-05
4.0042e-05
4.00405e-05
4.00391e-05
4.00379e-05
4.0037e-05
4.00365e-05
4.00362e-05
4.00362e-05
4.00363e-05
4.00365e-05
4.00368e-05
4.0037e-05
4.00373e-05
4.00374e-05
4.00374e-05
4.00376e-05
4.00038e-05
4.00052e-05
4.00066e-05
4.00078e-05
4.00086e-05
4.00092e-05
4.00096e-05
4.00097e-05
4.00099e-05
4.00098e-05
4.00124e-05
4.00161e-05
4.00205e-05
4.00247e-05
4.00289e-05
4.00329e-05
4.00368e-05
4.00407e-05
4.00445e-05
4.00482e-05
4.00518e-05
4.00554e-05
4.00588e-05
4.0062e-05
4.0065e-05
4.00679e-05
4.00707e-05
4.00734e-05
4.0076e-05
4.00787e-05
4.00812e-05
4.00836e-05
4.0086e-05
4.00882e-05
4.00903e-05
4.00922e-05
4.0094e-05
4.00954e-05
4.00971e-05
4.00021e-05
4.00007e-05
4.00013e-05
4.00035e-05
4.00059e-05
4.00082e-05
4.00112e-05
4.00155e-05
4.0025e-05
4.00356e-05
4.00418e-05
4.0044e-05
4.00434e-05
4.00414e-05
4.00391e-05
4.00369e-05
4.0035e-05
4.00334e-05
4.00321e-05
4.00313e-05
4.0031e-05
4.00311e-05
4.00316e-05
4.00325e-05
4.00337e-05
4.0035e-05
4.00362e-05
4.00371e-05
4.00378e-05
4.00383e-05
4.00385e-05
4.00384e-05
4.00381e-05
4.00377e-05
4.0037e-05
4.00362e-05
4.00353e-05
4.00344e-05
4.00339e-05
4.00026e-05
4.00036e-05
4.00044e-05
4.00051e-05
4.00056e-05
4.00058e-05
4.0006e-05
4.00059e-05
4.0006e-05
4.00056e-05
4.0008e-05
4.00118e-05
4.00164e-05
4.00208e-05
4.00251e-05
4.00291e-05
4.00331e-05
4.00371e-05
4.0041e-05
4.00448e-05
4.00487e-05
4.00525e-05
4.00562e-05
4.00598e-05
4.00633e-05
4.00666e-05
4.00699e-05
4.00733e-05
4.00767e-05
4.00798e-05
4.00829e-05
4.00861e-05
4.00892e-05
4.00923e-05
4.00953e-05
4.00982e-05
4.0101e-05
4.01036e-05
4.01065e-05
4.00016e-05
4.00006e-05
4.00007e-05
4.00022e-05
4.00038e-05
4.00054e-05
4.00075e-05
4.00099e-05
4.00206e-05
4.00269e-05
4.0027e-05
4.0025e-05
4.00228e-05
4.00211e-05
4.00213e-05
4.00226e-05
4.00244e-05
4.00263e-05
4.00282e-05
4.003e-05
4.00316e-05
4.00331e-05
4.00343e-05
4.00352e-05
4.00356e-05
4.00352e-05
4.00342e-05
4.00327e-05
4.00311e-05
4.00295e-05
4.00279e-05
4.00265e-05
4.00253e-05
4.00241e-05
4.0023e-05
4.00223e-05
4.00225e-05
4.00239e-05
4.00261e-05
4.0001e-05
4.00013e-05
4.00016e-05
4.00018e-05
4.0002e-05
4.0002e-05
4.0002e-05
4.00019e-05
4.0002e-05
4.00016e-05
4.00037e-05
4.00076e-05
4.00128e-05
4.00183e-05
4.00238e-05
4.00292e-05
4.00344e-05
4.00395e-05
4.00445e-05
4.00493e-05
4.0054e-05
4.00587e-05
4.00632e-05
4.00676e-05
4.00718e-05
4.00758e-05
4.00798e-05
4.00838e-05
4.00875e-05
4.00917e-05
4.00956e-05
4.00994e-05
4.01031e-05
4.01068e-05
4.01105e-05
4.0114e-05
4.01176e-05
4.01208e-05
4.01251e-05
4.00007e-05
4.00003e-05
4.00002e-05
4.00007e-05
4.00013e-05
4.00019e-05
4.00028e-05
4.00033e-05
4.00096e-05
4.0007e-05
4.00054e-05
4.00073e-05
4.00105e-05
4.0014e-05
4.00168e-05
4.0019e-05
4.00205e-05
4.00214e-05
4.00218e-05
4.00218e-05
4.00213e-05
4.00204e-05
4.0019e-05
4.0017e-05
4.00146e-05
4.00119e-05
4.0009e-05
4.00072e-05
4.00063e-05
4.00062e-05
4.00066e-05
4.00075e-05
4.00088e-05
4.00104e-05
4.00123e-05
4.00145e-05
4.0017e-05
4.00199e-05
4.00222e-05
0.917418
1.3696
1.80228
2.21354
2.60237
2.96781
3.30878
3.62426
3.91394
4.18058
4.42749
4.65918
4.88128
5.10137
5.3341
5.65512
6.07156
6.57996
7.11254
7.63372
8.13444
8.60792
9.04695
9.44311
9.78586
10.0621
10.2568
10.3531
10.3321
10.1731
9.85456
9.35544
8.65747
7.75167
6.64325
5.35976
3.95677
2.55499
1.32887
0.467214
0.0461082
0.00763048
0
0
0
0
0
0
3.29196e-06
1.97251e-05
3.74644e-05
4.25802e-05
4.1531e-05
4.01874e-05
3.9869e-05
3.99861e-05
4.00769e-05
4.00825e-05
4.0064e-05
4.00519e-05
4.00459e-05
4.00412e-05
4.00366e-05
4.00327e-05
4.00296e-05
4.00279e-05
4.00273e-05
4.00286e-05
4.00329e-05
4.00393e-05
4.00459e-05
4.00522e-05
4.00596e-05
4.00682e-05
4.00777e-05
4.00859e-05
4.00952e-05
4.00994e-05
4.01092e-05
4.01293e-05
0.455122
0.0815827
0.0286178
0.00239051
0.000126844
1.4091e-06
8.35036e-06
3.7224e-05
3.95496e-05
4.06573e-05
4.02327e-05
4.02099e-05
4.0225e-05
4.02213e-05
4.02204e-05
4.02182e-05
4.02154e-05
4.02122e-05
4.02085e-05
4.02045e-05
4.02002e-05
4.01957e-05
4.0191e-05
4.01863e-05
4.01819e-05
4.01776e-05
4.01735e-05
4.01696e-05
4.01659e-05
4.01626e-05
4.01597e-05
4.01572e-05
4.0155e-05
4.01531e-05
4.01514e-05
4.01498e-05
4.01484e-05
4.0147e-05
4.01457e-05
4.01443e-05
4.01426e-05
4.01406e-05
4.01382e-05
4.01356e-05
4.01328e-05
4.01297e-05
4.01266e-05
4.01236e-05
4.01209e-05
4.01185e-05
4.01166e-05
4.01151e-05
4.01138e-05
4.01125e-05
4.01109e-05
4.01089e-05
4.01064e-05
4.01036e-05
4.01009e-05
4.00985e-05
4.00965e-05
4.00949e-05
4.00934e-05
4.00918e-05
4.00897e-05
4.00873e-05
4.00853e-05
4.00846e-05
4.00837e-05
4.00839e-05
4.00871e-05
4.00906e-05
4.00894e-05
4.00775e-05
4.00554e-05
4.00377e-05
4.00374e-05
4.00336e-05
4.00283e-05
4.00238e-05
1.90768
2.31975
2.70795
3.07145
3.41081
3.72721
4.02233
4.29844
4.55831
4.80517
5.04259
5.27411
5.50378
5.73676
5.97983
6.2412
6.53211
6.91328
7.38467
7.87611
8.37354
8.86549
9.34074
9.78761
10.1941
10.5484
10.8375
11.0463
11.1578
11.1531
11.0106
10.7068
10.2171
9.5177
8.58975
7.42514
6.03643
4.47222
2.85303
1.39457
0.382944
0.0817059
0
0
0
0
0
0
1.45522e-06
1.05475e-05
3.19323e-05
4.21073e-05
4.24085e-05
4.06181e-05
3.98785e-05
3.99179e-05
4.00523e-05
4.00859e-05
4.00701e-05
4.00547e-05
4.00472e-05
4.00424e-05
4.00378e-05
4.00336e-05
4.00302e-05
4.00283e-05
4.00273e-05
4.00285e-05
4.00329e-05
4.00394e-05
4.00462e-05
4.00527e-05
4.00603e-05
4.0069e-05
4.00788e-05
4.00873e-05
4.00968e-05
4.01013e-05
4.01114e-05
4.01326e-05
1.46733
0.996079
0.515053
0.108392
0.0351462
0.00304526
0.000228409
3.62065e-05
4.79462e-05
3.9033e-05
4.0295e-05
4.02131e-05
4.0213e-05
4.02174e-05
4.02143e-05
4.02129e-05
4.02109e-05
4.02085e-05
4.02057e-05
4.02024e-05
4.01987e-05
4.01947e-05
4.01905e-05
4.01864e-05
4.01823e-05
4.01783e-05
4.01745e-05
4.01707e-05
4.01672e-05
4.0164e-05
4.01611e-05
4.01587e-05
4.01566e-05
4.01547e-05
4.01529e-05
4.01514e-05
4.015e-05
4.01487e-05
4.01474e-05
4.01459e-05
4.01442e-05
4.01422e-05
4.01398e-05
4.01372e-05
4.01343e-05
4.01313e-05
4.01282e-05
4.01252e-05
4.01225e-05
4.01202e-05
4.01183e-05
4.01168e-05
4.01155e-05
4.01141e-05
4.01123e-05
4.01101e-05
4.01075e-05
4.01046e-05
4.01018e-05
4.00994e-05
4.00974e-05
4.00957e-05
4.00941e-05
4.00923e-05
4.00901e-05
4.00876e-05
4.00856e-05
4.00848e-05
4.0084e-05
4.00844e-05
4.00878e-05
4.0091e-05
4.0089e-05
4.0076e-05
4.00535e-05
4.00373e-05
4.00372e-05
4.00335e-05
4.00299e-05
4.00246e-05
2.58672
2.90399
3.21226
3.51049
3.79768
4.07312
4.33633
4.58721
4.82604
5.05357
5.27126
5.48144
5.68767
5.89503
6.11002
6.34066
6.59687
6.89006
7.23666
7.67232
8.14169
8.63168
9.12867
9.61785
10.084
10.5117
10.886
11.1913
11.4111
11.5279
11.5224
11.3736
11.0581
10.5508
9.82665
8.86331
7.64695
6.18254
4.51391
2.76292
1.19114
0.205347
0.0400929
0
0
0
0
0
2.21717e-07
1.57385e-06
2.46367e-05
3.99513e-05
4.30397e-05
4.13187e-05
4.0031e-05
3.98549e-05
4.00074e-05
4.00819e-05
4.00766e-05
4.00585e-05
4.00488e-05
4.00435e-05
4.00389e-05
4.00345e-05
4.00308e-05
4.00287e-05
4.00273e-05
4.00286e-05
4.0033e-05
4.00397e-05
4.00466e-05
4.00534e-05
4.00611e-05
4.007e-05
4.00799e-05
4.00888e-05
4.00985e-05
4.01034e-05
4.01138e-05
4.01359e-05
2.25228
1.88324
1.46533
1.01056
0.558844
0.175966
0.0121107
0.00292173
3.09216e-05
4.57357e-05
3.9617e-05
4.03097e-05
4.01975e-05
4.02162e-05
4.02116e-05
4.02102e-05
4.02085e-05
4.02066e-05
4.02043e-05
4.02015e-05
4.01982e-05
4.01946e-05
4.01908e-05
4.0187e-05
4.01832e-05
4.01795e-05
4.01757e-05
4.01721e-05
4.01686e-05
4.01654e-05
4.01627e-05
4.01603e-05
4.01582e-05
4.01562e-05
4.01544e-05
4.01528e-05
4.01515e-05
4.01502e-05
4.01489e-05
4.01474e-05
4.01456e-05
4.01435e-05
4.01412e-05
4.01385e-05
4.01357e-05
4.01326e-05
4.01296e-05
4.01266e-05
4.0124e-05
4.01218e-05
4.01199e-05
4.01184e-05
4.0117e-05
4.01155e-05
4.01136e-05
4.01112e-05
4.01084e-05
4.01054e-05
4.01026e-05
4.01002e-05
4.00981e-05
4.00964e-05
4.00947e-05
4.00928e-05
4.00904e-05
4.00878e-05
4.00858e-05
4.0085e-05
4.00843e-05
4.0085e-05
4.00885e-05
4.00914e-05
4.00885e-05
4.00743e-05
4.00515e-05
4.00369e-05
4.00371e-05
4.00336e-05
4.00317e-05
4.00254e-05
2.58659
2.85296
3.12657
3.40324
3.67929
3.95143
4.21678
4.47293
4.71818
4.95157
5.17281
5.38239
5.58182
5.77397
5.96326
6.15587
6.35994
6.58568
6.84501
7.1513
7.522
7.96413
8.44704
8.95138
9.45801
9.94752
10.4008
10.7999
11.1274
11.3647
11.4923
11.4891
11.3326
10.9986
10.4628
9.70069
8.69031
7.41735
5.88543
4.13921
2.31691
0.769489
0.0662821
0.0118132
0
0
0
0
0
2.66783e-06
1.77648e-05
3.60646e-05
4.2922e-05
4.21431e-05
4.03846e-05
3.98372e-05
3.99441e-05
4.00657e-05
4.00823e-05
4.00638e-05
4.00508e-05
4.00447e-05
4.004e-05
4.00355e-05
4.00316e-05
4.00292e-05
4.00275e-05
4.00287e-05
4.00332e-05
4.00399e-05
4.00471e-05
4.00541e-05
4.00619e-05
4.00709e-05
4.0081e-05
4.00902e-05
4.01001e-05
4.01054e-05
4.01162e-05
4.0139e-05
2.32332
2.04526
1.74134
1.40276
1.02197
0.606694
0.212164
0.00209121
0.000505074
3.58247e-05
4.19652e-05
4.00953e-05
4.02398e-05
4.021e-05
4.02117e-05
4.02092e-05
4.02077e-05
4.02059e-05
4.02038e-05
4.02013e-05
4.01983e-05
4.0195e-05
4.01916e-05
4.01881e-05
4.01845e-05
4.01809e-05
4.01772e-05
4.01736e-05
4.01702e-05
4.01671e-05
4.01644e-05
4.0162e-05
4.01599e-05
4.01578e-05
4.0156e-05
4.01544e-05
4.0153e-05
4.01518e-05
4.01504e-05
4.01488e-05
4.0147e-05
4.01448e-05
4.01424e-05
4.01398e-05
4.01369e-05
4.01339e-05
4.01309e-05
4.0128e-05
4.01255e-05
4.01233e-05
4.01215e-05
4.012e-05
4.01185e-05
4.01168e-05
4.01147e-05
4.01121e-05
4.01092e-05
4.01062e-05
4.01034e-05
4.01009e-05
4.00989e-05
4.00971e-05
4.00953e-05
4.00932e-05
4.00906e-05
4.00879e-05
4.0086e-05
4.00852e-05
4.00847e-05
4.00857e-05
4.00892e-05
4.00917e-05
4.00877e-05
4.00723e-05
4.00495e-05
4.00367e-05
4.0037e-05
4.00337e-05
4.00337e-05
4.00263e-05
1.99859
2.22593
2.47502
2.7404
3.01751
3.30217
3.5903
3.87782
4.16052
4.43422
4.69553
4.94253
5.17429
5.39079
5.5932
5.78432
5.96891
6.15421
6.3503
6.56956
6.82589
7.13374
7.50988
7.96565
8.46423
8.98022
9.48883
9.96601
10.3896
10.7393
10.9942
11.1325
11.1311
10.966
10.6123
10.0445
9.23863
8.17491
6.84194
5.24719
3.44384
1.61341
0.327069
0.00818998
0.00137193
0
0
0
0
1.6919e-06
1.17921e-05
3.11331e-05
4.18152e-05
4.28949e-05
4.09646e-05
3.99186e-05
3.98729e-05
4.0031e-05
4.0084e-05
4.00707e-05
4.0054e-05
4.0046e-05
4.00412e-05
4.00367e-05
4.00326e-05
4.00298e-05
4.00279e-05
4.00289e-05
4.00334e-05
4.00402e-05
4.00476e-05
4.00548e-05
4.00627e-05
4.00719e-05
4.0082e-05
4.00915e-05
4.01017e-05
4.01073e-05
4.01185e-05
4.01419e-05
1.79265
1.58879
1.37905
1.15037
0.885033
0.566006
0.21546
0.00818185
0.0019506
1.09618e-05
4.56541e-05
3.93843e-05
4.03666e-05
4.019e-05
4.02165e-05
4.02105e-05
4.02089e-05
4.02069e-05
4.02048e-05
4.02023e-05
4.01994e-05
4.01964e-05
4.01932e-05
4.01899e-05
4.01864e-05
4.01828e-05
4.0179e-05
4.01754e-05
4.01721e-05
4.01691e-05
4.01665e-05
4.0164e-05
4.01617e-05
4.01596e-05
4.01577e-05
4.01561e-05
4.01547e-05
4.01534e-05
4.0152e-05
4.01503e-05
4.01483e-05
4.01461e-05
4.01437e-05
4.0141e-05
4.01381e-05
4.01351e-05
4.01322e-05
4.01294e-05
4.01269e-05
4.01248e-05
4.0123e-05
4.01215e-05
4.01199e-05
4.0118e-05
4.01157e-05
4.0113e-05
4.011e-05
4.01069e-05
4.01041e-05
4.01017e-05
4.00996e-05
4.00978e-05
4.00959e-05
4.00936e-05
4.00908e-05
4.00881e-05
4.00862e-05
4.00854e-05
4.00851e-05
4.00864e-05
4.009e-05
4.0092e-05
4.00869e-05
4.00702e-05
4.00476e-05
4.00365e-05
4.0037e-05
4.00341e-05
4.00359e-05
4.00274e-05
1.17138
1.33454
1.52548
1.74096
1.97813
2.23436
2.50701
2.79329
3.09013
3.3941
3.70149
4.00807
4.30901
4.59885
4.87183
5.12454
5.35719
5.57255
5.7758
5.97487
6.18122
6.4085
6.67185
6.98575
7.36371
7.83122
8.3381
8.85222
9.34289
9.78316
10.1488
10.4156
10.5591
10.5542
10.3753
9.99639
9.39208
8.53902
7.41924
6.02633
4.37507
2.53596
0.844303
0.0823916
0.014496
0
0
0
0
5.83386e-07
3.98661e-06
2.46459e-05
3.94578e-05
4.33195e-05
4.17553e-05
4.01701e-05
3.98218e-05
3.9973e-05
4.00759e-05
4.00787e-05
4.00589e-05
4.00478e-05
4.00425e-05
4.0038e-05
4.00337e-05
4.00307e-05
4.00286e-05
4.00293e-05
4.00336e-05
4.00405e-05
4.0048e-05
4.00555e-05
4.00635e-05
4.00727e-05
4.0083e-05
4.00928e-05
4.01032e-05
4.0109e-05
4.01207e-05
4.01445e-05
1.03623
0.905747
0.769877
0.614524
0.428867
0.224927
0.0611172
0.000707036
7.90267e-05
2.91008e-05
4.5543e-05
3.87384e-05
4.05197e-05
4.01781e-05
4.02239e-05
4.02155e-05
4.0213e-05
4.02104e-05
4.02078e-05
4.02051e-05
4.02022e-05
4.01991e-05
4.0196e-05
4.01926e-05
4.0189e-05
4.01852e-05
4.01815e-05
4.01779e-05
4.01746e-05
4.01716e-05
4.01689e-05
4.01662e-05
4.01638e-05
4.01616e-05
4.01597e-05
4.01581e-05
4.01566e-05
4.01552e-05
4.01536e-05
4.01517e-05
4.01497e-05
4.01475e-05
4.0145e-05
4.01423e-05
4.01394e-05
4.01364e-05
4.01335e-05
4.01308e-05
4.01284e-05
4.01263e-05
4.01246e-05
4.0123e-05
4.01213e-05
4.01192e-05
4.01167e-05
4.01138e-05
4.01107e-05
4.01076e-05
4.01048e-05
4.01024e-05
4.01004e-05
4.00985e-05
4.00964e-05
4.00939e-05
4.0091e-05
4.00883e-05
4.00864e-05
4.00857e-05
4.00856e-05
4.00873e-05
4.00909e-05
4.00923e-05
4.00859e-05
4.0068e-05
4.00456e-05
4.00364e-05
4.0037e-05
4.00345e-05
4.00383e-05
4.00285e-05
0.474067
0.562265
0.67099
0.801607
0.954971
1.13136
1.33057
1.55208
1.79507
2.05843
2.3407
2.63988
2.95333
3.27765
3.60884
3.94231
4.27292
4.5946
4.9003
5.18323
5.4439
5.68943
5.93063
6.18296
6.46423
6.79173
7.18081
7.64843
8.15083
8.6445
9.09458
9.4704
9.74331
9.88555
9.86989
9.6694
9.25773
8.60994
7.70424
6.52577
5.07409
3.37328
1.54781
0.282795
0.0056302
0.000957458
0
0
0
0
3.04336e-06
1.80425e-05
3.55886e-05
4.29694e-05
4.26041e-05
4.0648e-05
3.98456e-05
3.98972e-05
4.00494e-05
4.00844e-05
4.00663e-05
4.00508e-05
4.00439e-05
4.00395e-05
4.00351e-05
4.00319e-05
4.00294e-05
4.00299e-05
4.00339e-05
4.00407e-05
4.00484e-05
4.00561e-05
4.00642e-05
4.00736e-05
4.00839e-05
4.00939e-05
4.01046e-05
4.01106e-05
4.01229e-05
4.01469e-05
0.403796
0.329275
0.248692
0.163736
0.084161
0.0272844
0.00270287
0.000661794
1.3288e-06
1.04109e-05
4.29881e-05
3.9217e-05
4.04316e-05
4.02059e-05
4.02307e-05
4.02233e-05
4.02195e-05
4.0216e-05
4.02127e-05
4.02096e-05
4.02064e-05
4.02031e-05
4.01997e-05
4.0196e-05
4.01922e-05
4.01884e-05
4.01846e-05
4.0181e-05
4.01777e-05
4.01746e-05
4.01716e-05
4.01687e-05
4.01662e-05
4.01639e-05
4.0162e-05
4.01603e-05
4.01587e-05
4.01571e-05
4.01553e-05
4.01533e-05
4.01512e-05
4.01489e-05
4.01464e-05
4.01436e-05
4.01407e-05
4.01378e-05
4.01349e-05
4.01322e-05
4.01299e-05
4.01279e-05
4.01262e-05
4.01245e-05
4.01226e-05
4.01204e-05
4.01177e-05
4.01146e-05
4.01115e-05
4.01084e-05
4.01056e-05
4.01033e-05
4.01012e-05
4.00992e-05
4.0097e-05
4.00943e-05
4.00913e-05
4.00885e-05
4.00867e-05
4.00861e-05
4.00863e-05
4.00883e-05
4.00919e-05
4.00925e-05
4.00847e-05
4.00657e-05
4.00438e-05
4.00364e-05
4.00369e-05
4.00351e-05
4.00411e-05
4.00297e-05
0.0924316
0.123437
0.163272
0.214135
0.278667
0.359595
0.45932
0.579848
0.722708
0.889121
1.07996
1.29578
1.53675
1.80276
2.09333
2.40752
2.74374
3.09933
3.47031
3.85121
4.2351
4.61333
4.9758
5.31333
5.62868
5.93576
6.25357
6.60283
7.00183
7.46796
7.95251
8.40564
8.78687
9.06145
9.19762
9.16564
8.93734
8.48625
7.78852
6.82462
5.58535
4.0765
2.33094
0.71071
0.0490348
0.00847485
0
0
0
0
1.69301e-06
1.13706e-05
3.02185e-05
4.14948e-05
4.32887e-05
4.13618e-05
4.00101e-05
3.98252e-05
3.99989e-05
4.00827e-05
4.00755e-05
4.00557e-05
4.0046e-05
4.00411e-05
4.00368e-05
4.00333e-05
4.00306e-05
4.00307e-05
4.00345e-05
4.0041e-05
4.00487e-05
4.00566e-05
4.00649e-05
4.00743e-05
4.00848e-05
4.0095e-05
4.01059e-05
4.01121e-05
4.01249e-05
4.0149e-05
0.068684
0.0435836
0.0222739
0.00732374
0.00288823
0.000376751
3.92586e-05
0
9.58083e-06
4.00135e-05
3.95772e-05
4.01424e-05
4.02851e-05
4.02332e-05
4.02353e-05
4.02294e-05
4.02249e-05
4.0221e-05
4.02173e-05
4.02139e-05
4.02104e-05
4.02069e-05
4.02033e-05
4.01995e-05
4.01956e-05
4.01917e-05
4.0188e-05
4.01844e-05
4.01809e-05
4.01776e-05
4.01745e-05
4.01715e-05
4.01689e-05
4.01666e-05
4.01646e-05
4.01627e-05
4.01609e-05
4.01591e-05
4.01571e-05
4.0155e-05
4.01529e-05
4.01505e-05
4.01479e-05
4.01451e-05
4.01421e-05
4.01392e-05
4.01363e-05
4.01338e-05
4.01315e-05
4.01295e-05
4.01278e-05
4.0126e-05
4.01239e-05
4.01215e-05
4.01186e-05
4.01155e-05
4.01122e-05
4.01092e-05
4.01064e-05
4.01041e-05
4.01021e-05
4.01e-05
4.00976e-05
4.00947e-05
4.00916e-05
4.00888e-05
4.00871e-05
4.00866e-05
4.00872e-05
4.00895e-05
4.00929e-05
4.00927e-05
4.00833e-05
4.00633e-05
4.00422e-05
4.00364e-05
4.00369e-05
4.00357e-05
4.00441e-05
4.0031e-05
0.00140423
0.00197049
0.00567351
0.0124539
0.023756
0.0404034
0.064804
0.099344
0.146819
0.21018
0.292174
0.395319
0.522113
0.674802
0.855485
1.06615
1.30862
1.58459
1.89568
2.24317
2.62737
3.04622
3.49363
3.95815
4.42386
4.87345
5.29317
5.67981
6.05038
6.42923
6.83759
7.30405
7.75676
8.14268
8.41878
8.54837
8.49867
8.24006
7.74605
6.99408
5.96951
4.66913
3.10106
1.37252
0.213638
0.0403256
0
0
0
0
2.75209e-07
1.81422e-06
2.36898e-05
3.87595e-05
4.34425e-05
4.22488e-05
4.03956e-05
3.97929e-05
3.99169e-05
4.00654e-05
4.00861e-05
4.00633e-05
4.00488e-05
4.0043e-05
4.00388e-05
4.00351e-05
4.00322e-05
4.00319e-05
4.00352e-05
4.00415e-05
4.00491e-05
4.00571e-05
4.00655e-05
4.0075e-05
4.00856e-05
4.00959e-05
4.0107e-05
4.01134e-05
4.01269e-05
4.01509e-05
0.000701405
0.000468476
0.000252029
8.7213e-05
0
0
0
7.28359e-06
2.97886e-05
4.17662e-05
3.95657e-05
4.03238e-05
4.02358e-05
4.02345e-05
4.02319e-05
4.02282e-05
4.02249e-05
4.02217e-05
4.02186e-05
4.02155e-05
4.02122e-05
4.02089e-05
4.02054e-05
4.02018e-05
4.01982e-05
4.01945e-05
4.01909e-05
4.01873e-05
4.01838e-05
4.01805e-05
4.01773e-05
4.01744e-05
4.01717e-05
4.01694e-05
4.01672e-05
4.01652e-05
4.01632e-05
4.01612e-05
4.01591e-05
4.01569e-05
4.01546e-05
4.01521e-05
4.01494e-05
4.01466e-05
4.01436e-05
4.01406e-05
4.01379e-05
4.01354e-05
4.01332e-05
4.01312e-05
4.01294e-05
4.01274e-05
4.01252e-05
4.01226e-05
4.01195e-05
4.01163e-05
4.0113e-05
4.011e-05
4.01073e-05
4.0105e-05
4.0103e-05
4.01008e-05
4.00982e-05
4.00952e-05
4.00919e-05
4.00891e-05
4.00875e-05
4.00872e-05
4.00882e-05
4.00908e-05
4.0094e-05
4.00927e-05
4.00817e-05
4.00608e-05
4.00408e-05
4.00365e-05
4.00369e-05
4.00369e-05
4.00473e-05
4.00324e-05
0
2.02139e-05
6.12695e-05
0.000141549
0.000284161
0.000508599
0.000858278
0.00141074
0.000115464
0.00803751
0.02038
0.0412096
0.0741729
0.122214
0.188975
0.278268
0.393821
0.539681
0.720056
0.939724
1.20409
1.51919
1.89107
2.32391
2.81618
3.3557
3.91762
4.47027
4.98746
5.45846
5.88949
6.30395
6.72871
7.16986
7.5575
7.83569
7.96054
7.89505
7.60737
7.07033
6.26596
5.18471
3.82542
2.20206
0.670426
0.0365599
0.00640893
0
0
0
0
2.49621e-06
1.53262e-05
3.40044e-05
4.26885e-05
4.31113e-05
4.10914e-05
3.99155e-05
3.98145e-05
4.00076e-05
4.009e-05
4.0077e-05
4.00543e-05
4.00449e-05
4.00409e-05
4.00375e-05
4.00343e-05
4.00335e-05
4.00363e-05
4.00423e-05
4.00497e-05
4.00575e-05
4.0066e-05
4.00756e-05
4.00862e-05
4.00967e-05
4.01081e-05
4.01145e-05
4.01286e-05
4.01526e-05
0
0
0
0
0
9.5044e-08
7.89727e-06
3.22902e-05
4.13107e-05
3.99219e-05
4.01289e-05
4.02469e-05
4.02161e-05
4.02171e-05
4.02168e-05
4.02165e-05
4.02161e-05
4.02153e-05
4.0214e-05
4.02124e-05
4.02103e-05
4.02078e-05
4.02051e-05
4.02022e-05
4.01991e-05
4.01958e-05
4.01926e-05
4.01893e-05
4.0186e-05
4.01828e-05
4.01798e-05
4.0177e-05
4.01744e-05
4.0172e-05
4.01698e-05
4.01676e-05
4.01655e-05
4.01633e-05
4.01611e-05
4.01589e-05
4.01564e-05
4.01538e-05
4.0151e-05
4.01481e-05
4.01451e-05
4.01422e-05
4.01395e-05
4.01371e-05
4.0135e-05
4.0133e-05
4.0131e-05
4.01289e-05
4.01265e-05
4.01236e-05
4.01204e-05
4.01171e-05
4.01138e-05
4.01109e-05
4.01083e-05
4.01061e-05
4.01039e-05
4.01016e-05
4.00989e-05
4.00956e-05
4.00923e-05
4.00895e-05
4.0088e-05
4.0088e-05
4.00895e-05
4.00923e-05
4.00951e-05
4.00926e-05
4.00799e-05
4.00583e-05
4.00395e-05
4.00366e-05
4.0037e-05
4.00387e-05
4.00509e-05
4.00337e-05
0
0
0
0
0
0
0
0
1.6161e-06
0.000118321
0.000315527
0.00067086
0.00126947
0.0034424
0.00549851
0.0191103
0.0436053
0.0842945
0.145434
0.23286
0.352715
0.512659
0.722145
0.992946
1.33881
1.77249
2.29883
2.90454
3.55283
4.19368
4.78532
5.31086
5.77877
6.21102
6.6333
7.02139
7.3045
7.42845
7.35097
7.03977
6.47074
5.62663
4.49786
3.0812
1.46735
0.276326
0.0562265
0
0
0
0
4.77768e-07
3.09843e-06
2.81601e-05
4.09245e-05
4.36017e-05
4.19337e-05
4.02951e-05
3.98027e-05
3.99149e-05
4.00589e-05
4.00879e-05
4.00664e-05
4.00492e-05
4.00428e-05
4.00398e-05
4.00368e-05
4.00355e-05
4.00377e-05
4.00432e-05
4.00504e-05
4.00581e-05
4.00665e-05
4.00762e-05
4.00868e-05
4.00974e-05
4.0109e-05
4.01155e-05
4.01302e-05
4.0154e-05
0
0
0
1.36647e-07
2.16514e-06
7.92818e-06
3.54444e-05
4.12014e-05
4.05144e-05
4.00541e-05
4.02467e-05
4.02157e-05
4.02029e-05
4.01977e-05
4.01965e-05
4.01974e-05
4.01995e-05
4.02015e-05
4.02031e-05
4.02038e-05
4.02038e-05
4.02031e-05
4.02018e-05
4.02e-05
4.01978e-05
4.01953e-05
4.01927e-05
4.01899e-05
4.01871e-05
4.01843e-05
4.01816e-05
4.01791e-05
4.01766e-05
4.01743e-05
4.0172e-05
4.01698e-05
4.01676e-05
4.01654e-05
4.01632e-05
4.01608e-05
4.01582e-05
4.01555e-05
4.01526e-05
4.01496e-05
4.01467e-05
4.01439e-05
4.01413e-05
4.01389e-05
4.01368e-05
4.01347e-05
4.01327e-05
4.01303e-05
4.01277e-05
4.01246e-05
4.01213e-05
4.0118e-05
4.01147e-05
4.01119e-05
4.01094e-05
4.01071e-05
4.0105e-05
4.01025e-05
4.00996e-05
4.00962e-05
4.00928e-05
4.00901e-05
4.00887e-05
4.00891e-05
4.00909e-05
4.0094e-05
4.00962e-05
4.00923e-05
4.00779e-05
4.00557e-05
4.00385e-05
4.00368e-05
4.00371e-05
4.00412e-05
4.00546e-05
4.0035e-05
1.21811e-07
4.99959e-08
0
0
0
0
0
0
0
0
0
0
0
0
9.9355e-05
0.000362893
0.000870049
0.00226297
0.00222064
0.0150439
0.0405462
0.0860432
0.158524
0.26849
0.428956
0.658099
0.978988
1.4152
1.97791
2.64759
3.36802
4.06858
4.69792
5.23916
5.70399
6.11442
6.49915
6.78979
6.92194
6.84861
6.5346
5.95312
5.08521
3.91996
2.46305
0.95508
0.0941936
0.0184537
0
0
0
0
1.95841e-06
1.0829e-05
3.621e-05
4.4337e-05
4.29592e-05
4.07285e-05
3.99058e-05
3.9893e-05
4.00176e-05
4.00749e-05
4.00748e-05
4.00588e-05
4.00476e-05
4.00425e-05
4.00394e-05
4.0038e-05
4.00395e-05
4.00445e-05
4.00513e-05
4.00588e-05
4.0067e-05
4.00766e-05
4.00874e-05
4.0098e-05
4.01097e-05
4.01163e-05
4.01316e-05
4.01551e-05
1.6839e-07
2.41085e-07
3.41033e-06
1.32264e-05
2.96269e-05
3.87506e-05
4.13452e-05
4.0636e-05
4.02171e-05
4.02542e-05
4.02551e-05
4.02235e-05
4.02052e-05
4.01922e-05
4.01841e-05
4.01806e-05
4.01813e-05
4.01839e-05
4.01874e-05
4.01906e-05
4.0193e-05
4.01946e-05
4.01952e-05
4.0195e-05
4.01942e-05
4.01929e-05
4.01912e-05
4.01892e-05
4.01871e-05
4.01849e-05
4.01827e-05
4.01804e-05
4.01782e-05
4.01761e-05
4.01739e-05
4.01718e-05
4.01696e-05
4.01673e-05
4.0165e-05
4.01625e-05
4.01599e-05
4.01571e-05
4.01542e-05
4.01512e-05
4.01483e-05
4.01456e-05
4.01431e-05
4.01408e-05
4.01386e-05
4.01365e-05
4.01342e-05
4.01317e-05
4.01288e-05
4.01256e-05
4.01222e-05
4.01189e-05
4.01157e-05
4.0113e-05
4.01105e-05
4.01083e-05
4.01061e-05
4.01035e-05
4.01003e-05
4.00968e-05
4.00933e-05
4.00907e-05
4.00896e-05
4.00903e-05
4.00927e-05
4.00958e-05
4.00973e-05
4.00917e-05
4.00757e-05
4.00532e-05
4.00377e-05
4.00369e-05
4.00375e-05
4.00443e-05
4.00587e-05
4.00363e-05
1.44217e-05
5.62096e-06
1.68963e-06
2.69431e-07
2.18999e-07
1.40769e-07
1.48966e-08
0
0
0
0
0
0
0
0
0
0
0
4.675e-05
0.000332624
0.000941292
0.0038927
0.00815675
0.028562
0.0694488
0.144625
0.269998
0.470906
0.781237
1.23559
1.84618
2.57663
3.34543
4.06704
4.69105
5.20858
5.63852
6.00482
6.29894
6.44766
6.39288
6.09245
5.51515
4.63893
3.45011
1.99502
0.654086
0.022826
0.00405093
0
0
0
0
3.9023e-06
1.87459e-05
4.20651e-05
4.5552e-05
4.18397e-05
3.9809e-05
3.97518e-05
4.0029e-05
4.00935e-05
4.00725e-05
4.00601e-05
4.00534e-05
4.00471e-05
4.00426e-05
4.00408e-05
4.00419e-05
4.00461e-05
4.00525e-05
4.00597e-05
4.00676e-05
4.00771e-05
4.00878e-05
4.00985e-05
4.01104e-05
4.0117e-05
4.01328e-05
4.01561e-05
1.99359e-05
2.71039e-05
3.37152e-05
3.90621e-05
4.10312e-05
4.1193e-05
4.06925e-05
4.03834e-05
4.03305e-05
4.0319e-05
4.02797e-05
4.0247e-05
4.02209e-05
4.02002e-05
4.01849e-05
4.01747e-05
4.01694e-05
4.01686e-05
4.0171e-05
4.01749e-05
4.0179e-05
4.01827e-05
4.01855e-05
4.01873e-05
4.01883e-05
4.01885e-05
4.0188e-05
4.01871e-05
4.01858e-05
4.01844e-05
4.01827e-05
4.0181e-05
4.01791e-05
4.01772e-05
4.01753e-05
4.01732e-05
4.01711e-05
4.01689e-05
4.01665e-05
4.0164e-05
4.01613e-05
4.01585e-05
4.01556e-05
4.01527e-05
4.01499e-05
4.01473e-05
4.01449e-05
4.01426e-05
4.01404e-05
4.01382e-05
4.01357e-05
4.0133e-05
4.01299e-05
4.01266e-05
4.01232e-05
4.01198e-05
4.01168e-05
4.01141e-05
4.01118e-05
4.01096e-05
4.01073e-05
4.01045e-05
4.01011e-05
4.00974e-05
4.00939e-05
4.00914e-05
4.00907e-05
4.00919e-05
4.00947e-05
4.00978e-05
4.00983e-05
4.00909e-05
4.00732e-05
4.00508e-05
4.00371e-05
4.0037e-05
4.00381e-05
4.00482e-05
4.00629e-05
4.00375e-05
3.91261e-05
3.7004e-05
3.35343e-05
2.8637e-05
2.21124e-05
1.35018e-05
1.35754e-06
6.7271e-07
2.75278e-07
1.75612e-07
1.57632e-08
0
0
0
0
0
0
0
0
0
0
0
0.000199645
0.000733669
0.00358739
0.00788047
0.0330979
0.0883455
0.195157
0.387325
0.710507
1.20581
1.87432
2.65184
3.43493
4.13722
4.71979
5.18446
5.55174
5.84804
6.01371
5.98393
5.70785
5.14795
4.27744
3.08599
1.67769
0.489468
0.117718
0
0
0
0
0
5.51066e-06
2.43586e-05
4.55068e-05
4.59173e-05
4.09057e-05
3.92199e-05
3.97261e-05
4.01503e-05
4.01392e-05
4.00643e-05
4.0052e-05
4.00545e-05
4.0049e-05
4.00441e-05
4.0044e-05
4.0048e-05
4.00541e-05
4.00609e-05
4.00684e-05
4.00774e-05
4.00882e-05
4.00989e-05
4.01109e-05
4.01176e-05
4.01338e-05
4.01568e-05
4.03248e-05
4.13728e-05
4.17382e-05
4.14288e-05
4.09973e-05
4.06716e-05
4.05181e-05
4.04528e-05
4.041e-05
4.03641e-05
4.03188e-05
4.02802e-05
4.02471e-05
4.02193e-05
4.01968e-05
4.01796e-05
4.01677e-05
4.01608e-05
4.01586e-05
4.01603e-05
4.0164e-05
4.01687e-05
4.01731e-05
4.0177e-05
4.01798e-05
4.01818e-05
4.01829e-05
4.01833e-05
4.01831e-05
4.01825e-05
4.01816e-05
4.01805e-05
4.01791e-05
4.01776e-05
4.01759e-05
4.01741e-05
4.01721e-05
4.017e-05
4.01676e-05
4.01651e-05
4.01625e-05
4.01597e-05
4.01569e-05
4.01542e-05
4.01515e-05
4.0149e-05
4.01467e-05
4.01444e-05
4.01421e-05
4.01398e-05
4.01371e-05
4.01342e-05
4.0131e-05
4.01276e-05
4.01241e-05
4.01209e-05
4.0118e-05
4.01155e-05
4.01132e-05
4.0111e-05
4.01085e-05
4.01055e-05
4.0102e-05
4.00981e-05
4.00946e-05
4.00923e-05
4.0092e-05
4.00938e-05
4.0097e-05
4.00998e-05
4.00991e-05
4.00898e-05
4.00706e-05
4.00484e-05
4.00366e-05
4.00371e-05
4.00389e-05
4.00527e-05
4.00673e-05
4.00385e-05
4.22051e-05
4.24294e-05
4.25252e-05
4.22101e-05
4.12444e-05
3.93105e-05
3.59876e-05
3.0842e-05
2.373e-05
1.43856e-05
1.22748e-06
6.78182e-07
2.83136e-07
1.37126e-07
0
0
0
0
0
0
0
0
0
0
0
0.000213294
0.00166402
0.00334845
0.0211695
0.0675927
0.172238
0.378348
0.741343
1.29757
2.02159
2.81976
3.58102
4.23162
4.74812
5.14329
5.43828
5.61916
5.61707
5.37231
4.8402
3.98901
2.81936
1.4836
0.406245
0.100263
0
0
0
0
0
6.28909e-06
2.59717e-05
4.70075e-05
4.644e-05
4.05445e-05
3.88798e-05
3.96895e-05
4.02229e-05
4.01601e-05
4.00425e-05
4.00367e-05
4.00547e-05
4.00556e-05
4.00499e-05
4.00499e-05
4.00554e-05
4.00622e-05
4.00694e-05
4.0078e-05
4.00886e-05
4.00992e-05
4.01113e-05
4.0118e-05
4.01345e-05
4.01573e-05
4.19102e-05
4.15486e-05
4.12023e-05
4.09275e-05
4.07578e-05
4.06605e-05
4.05922e-05
4.0531e-05
4.04725e-05
4.04169e-05
4.03665e-05
4.03217e-05
4.02821e-05
4.02477e-05
4.02186e-05
4.01947e-05
4.01759e-05
4.01624e-05
4.0154e-05
4.01503e-05
4.0151e-05
4.01544e-05
4.01592e-05
4.01642e-05
4.01688e-05
4.01726e-05
4.01755e-05
4.01774e-05
4.01786e-05
4.01791e-05
4.01791e-05
4.01787e-05
4.01779e-05
4.01769e-05
4.01756e-05
4.01741e-05
4.01723e-05
4.01704e-05
4.01682e-05
4.01658e-05
4.01633e-05
4.01607e-05
4.01581e-05
4.01555e-05
4.0153e-05
4.01506e-05
4.01483e-05
4.01461e-05
4.01437e-05
4.01412e-05
4.01384e-05
4.01353e-05
4.01319e-05
4.01285e-05
4.01252e-05
4.01221e-05
4.01193e-05
4.01169e-05
4.01147e-05
4.01125e-05
4.01098e-05
4.01066e-05
4.01029e-05
4.00989e-05
4.00955e-05
4.00935e-05
4.00936e-05
4.00961e-05
4.00995e-05
4.01019e-05
4.00997e-05
4.00883e-05
4.00677e-05
4.00462e-05
4.00363e-05
4.00372e-05
4.00403e-05
4.0058e-05
4.00718e-05
4.00393e-05
4.15033e-05
4.17212e-05
4.19885e-05
4.23048e-05
4.2646e-05
4.29488e-05
4.31011e-05
4.28652e-05
4.18368e-05
3.9603e-05
3.56371e-05
2.94377e-05
2.08636e-05
9.60741e-06
2.78349e-06
3.60437e-07
2.05458e-07
0
0
0
0
0
0
0
0
0
0
9.54675e-05
0.00113659
0.00234426
0.0188059
0.0679504
0.187722
0.43214
0.858296
1.48214
2.24392
3.03092
3.7399
4.31633
4.75159
5.06027
5.25883
5.28544
5.07659
4.58043
3.76197
2.63564
1.37452
0.372512
0.0939771
0
0
0
0
0
6.05592e-06
2.34418e-05
4.57474e-05
4.64963e-05
4.06263e-05
3.86967e-05
3.96693e-05
4.03451e-05
4.02457e-05
4.00474e-05
4.00149e-05
4.00431e-05
4.00582e-05
4.0058e-05
4.00583e-05
4.00634e-05
4.00705e-05
4.00788e-05
4.00889e-05
4.00995e-05
4.01115e-05
4.01183e-05
4.01351e-05
4.01575e-05
4.13132e-05
4.1142e-05
4.10113e-05
4.09098e-05
4.08256e-05
4.07488e-05
4.06747e-05
4.06043e-05
4.05385e-05
4.04774e-05
4.04216e-05
4.03709e-05
4.03253e-05
4.02847e-05
4.02493e-05
4.0219e-05
4.01938e-05
4.01737e-05
4.01587e-05
4.01487e-05
4.01436e-05
4.0143e-05
4.01457e-05
4.01503e-05
4.01556e-05
4.01608e-05
4.01654e-05
4.01691e-05
4.01719e-05
4.01738e-05
4.01749e-05
4.01754e-05
4.01754e-05
4.0175e-05
4.01742e-05
4.01731e-05
4.01717e-05
4.017e-05
4.01681e-05
4.0166e-05
4.01637e-05
4.01614e-05
4.0159e-05
4.01566e-05
4.01543e-05
4.01521e-05
4.01499e-05
4.01476e-05
4.01451e-05
4.01424e-05
4.01395e-05
4.01363e-05
4.01329e-05
4.01295e-05
4.01263e-05
4.01234e-05
4.01208e-05
4.01186e-05
4.01164e-05
4.01141e-05
4.01113e-05
4.01078e-05
4.01039e-05
4.00999e-05
4.00965e-05
4.00949e-05
4.00957e-05
4.00987e-05
4.01023e-05
4.0104e-05
4.01e-05
4.00864e-05
4.00647e-05
4.00441e-05
4.00361e-05
4.00374e-05
4.00426e-05
4.0064e-05
4.00764e-05
4.00399e-05
4.1393e-05
4.1493e-05
4.16012e-05
4.17293e-05
4.18928e-05
4.21076e-05
4.23857e-05
4.27258e-05
4.30917e-05
4.3392e-05
4.34676e-05
4.29581e-05
4.13164e-05
3.79917e-05
3.22449e-05
2.39053e-05
1.29606e-05
3.6398e-06
4.20541e-07
2.5351e-07
0
0
0
0
0
0
0
0
0
7.03776e-05
0.00138229
0.00370384
0.0242037
0.0871344
0.240372
0.5453
1.04736
1.72976
2.50258
3.24966
3.88515
4.37305
4.7166
4.9314
4.98604
4.81502
4.36032
3.58529
2.5137
1.31989
0.369604
0.0957027
0
0
0
0
0
5.03893e-06
1.83532e-05
4.35385e-05
4.69927e-05
4.13412e-05
3.83438e-05
3.9024e-05
4.01454e-05
4.03372e-05
4.01338e-05
4.00219e-05
4.00273e-05
4.0054e-05
4.00646e-05
4.00672e-05
4.00717e-05
4.00793e-05
4.00892e-05
4.00999e-05
4.01118e-05
4.01186e-05
4.01353e-05
4.01575e-05
4.1287e-05
4.11889e-05
4.1096e-05
4.10065e-05
4.09194e-05
4.08356e-05
4.07557e-05
4.06803e-05
4.06096e-05
4.05437e-05
4.04826e-05
4.04265e-05
4.03754e-05
4.03292e-05
4.02879e-05
4.02516e-05
4.02202e-05
4.01938e-05
4.01725e-05
4.01561e-05
4.01446e-05
4.01379e-05
4.01355e-05
4.01373e-05
4.01414e-05
4.01468e-05
4.01525e-05
4.01577e-05
4.01622e-05
4.01657e-05
4.01683e-05
4.01701e-05
4.01711e-05
4.01716e-05
4.01715e-05
4.01709e-05
4.017e-05
4.01688e-05
4.01672e-05
4.01655e-05
4.01636e-05
4.01616e-05
4.01595e-05
4.01574e-05
4.01553e-05
4.01532e-05
4.0151e-05
4.01487e-05
4.01462e-05
4.01434e-05
4.01403e-05
4.0137e-05
4.01337e-05
4.01304e-05
4.01274e-05
4.01247e-05
4.01224e-05
4.01203e-05
4.01181e-05
4.01157e-05
4.01126e-05
4.0109e-05
4.01049e-05
4.01008e-05
4.00977e-05
4.00965e-05
4.00981e-05
4.01017e-05
4.01052e-05
4.01058e-05
4.00998e-05
4.0084e-05
4.00615e-05
4.00421e-05
4.0036e-05
4.00378e-05
4.0046e-05
4.00706e-05
4.00809e-05
4.00402e-05
4.14911e-05
4.15789e-05
4.16602e-05
4.17389e-05
4.18185e-05
4.19043e-05
4.20047e-05
4.21316e-05
4.23017e-05
4.25337e-05
4.28405e-05
4.32132e-05
4.35698e-05
4.37478e-05
4.3472e-05
4.20627e-05
3.89116e-05
3.32936e-05
2.51244e-05
1.44096e-05
3.91765e-06
4.17051e-07
3.05936e-07
1.45318e-07
0
0
0
0
0
0
0
0.000117032
0.00221567
0.00667552
0.0373859
0.127137
0.33141
0.708375
1.278
1.99006
2.74051
3.42444
3.9758
4.37288
4.61917
4.71004
4.58309
4.17774
3.45714
2.4475
1.31856
0.400278
0.109252
0.00539842
0
0
0
0
3.47654e-06
1.12844e-05
4.01485e-05
4.83758e-05
4.4441e-05
3.98899e-05
3.88828e-05
3.96816e-05
4.02146e-05
4.02329e-05
4.01003e-05
4.00429e-05
4.0053e-05
4.00693e-05
4.00759e-05
4.00811e-05
4.00898e-05
4.01001e-05
4.0112e-05
4.01188e-05
4.01354e-05
4.01573e-05
4.13893e-05
4.12915e-05
4.11951e-05
4.11015e-05
4.10109e-05
4.09239e-05
4.08408e-05
4.07619e-05
4.06873e-05
4.06172e-05
4.05516e-05
4.04906e-05
4.04343e-05
4.03828e-05
4.0336e-05
4.0294e-05
4.02568e-05
4.02244e-05
4.01969e-05
4.01741e-05
4.01563e-05
4.01432e-05
4.01347e-05
4.01306e-05
4.01305e-05
4.01337e-05
4.01386e-05
4.01443e-05
4.01498e-05
4.01547e-05
4.01588e-05
4.01619e-05
4.01642e-05
4.01657e-05
4.01666e-05
4.01669e-05
4.01667e-05
4.01661e-05
4.01652e-05
4.0164e-05
4.01625e-05
4.0161e-05
4.01593e-05
4.01575e-05
4.01557e-05
4.01537e-05
4.01517e-05
4.01494e-05
4.01468e-05
4.0144e-05
4.01409e-05
4.01377e-05
4.01345e-05
4.01314e-05
4.01287e-05
4.01263e-05
4.01241e-05
4.01221e-05
4.012e-05
4.01174e-05
4.01142e-05
4.01103e-05
4.0106e-05
4.0102e-05
4.00992e-05
4.00987e-05
4.0101e-05
4.01052e-05
4.01083e-05
4.01075e-05
4.00992e-05
4.00813e-05
4.00582e-05
4.00403e-05
4.0036e-05
4.00385e-05
4.00507e-05
4.00779e-05
4.00852e-05
4.00401e-05
4.15861e-05
4.16741e-05
4.17554e-05
4.1833e-05
4.19083e-05
4.19815e-05
4.20529e-05
4.21233e-05
4.21951e-05
4.22732e-05
4.23661e-05
4.2487e-05
4.26525e-05
4.28773e-05
4.3161e-05
4.34655e-05
4.36293e-05
4.34081e-05
4.23481e-05
3.9942e-05
3.55494e-05
2.89709e-05
2.02182e-05
9.13719e-06
2.66756e-06
3.63496e-07
2.26036e-07
6.11678e-09
0
0
0
0
0
0.000431261
0.00112376
0.0120996
0.052369
0.160526
0.388664
0.782704
1.34795
2.0307
2.73626
3.37054
3.87047
4.2092
4.38278
4.35313
4.06338
3.47149
2.59289
1.55793
0.628542
0.086787
0.0367997
0
0
0
0
1.00928e-06
5.99302e-06
1.35534e-05
3.87533e-05
4.68489e-05
4.33181e-05
3.9703e-05
3.922e-05
3.98188e-05
4.01798e-05
4.01706e-05
4.00806e-05
4.00587e-05
4.00728e-05
4.00842e-05
4.00918e-05
4.01005e-05
4.01119e-05
4.01186e-05
4.01352e-05
4.01565e-05
4.14849e-05
4.13871e-05
4.12908e-05
4.11969e-05
4.11056e-05
4.10173e-05
4.09321e-05
4.08505e-05
4.07726e-05
4.06987e-05
4.06288e-05
4.05631e-05
4.05018e-05
4.04449e-05
4.03926e-05
4.03447e-05
4.03015e-05
4.02629e-05
4.0229e-05
4.01998e-05
4.01752e-05
4.01553e-05
4.014e-05
4.01294e-05
4.01232e-05
4.01215e-05
4.01239e-05
4.0129e-05
4.01354e-05
4.01421e-05
4.01482e-05
4.01533e-05
4.01574e-05
4.01604e-05
4.01625e-05
4.01639e-05
4.01647e-05
4.0165e-05
4.01649e-05
4.01644e-05
4.01637e-05
4.01627e-05
4.01615e-05
4.01601e-05
4.01585e-05
4.01567e-05
4.01546e-05
4.01523e-05
4.01496e-05
4.01467e-05
4.01437e-05
4.01406e-05
4.01375e-05
4.01347e-05
4.01322e-05
4.01301e-05
4.01281e-05
4.0126e-05
4.01237e-05
4.01207e-05
4.01171e-05
4.01128e-05
4.01084e-05
4.01045e-05
4.01022e-05
4.01025e-05
4.01058e-05
4.01102e-05
4.01124e-05
4.01094e-05
4.00982e-05
4.0078e-05
4.00548e-05
4.00387e-05
4.00359e-05
4.00399e-05
4.00574e-05
4.00864e-05
4.00896e-05
4.00398e-05
4.16712e-05
4.17547e-05
4.18313e-05
4.19045e-05
4.19758e-05
4.20455e-05
4.21136e-05
4.21798e-05
4.22437e-05
4.23048e-05
4.23626e-05
4.24178e-05
4.2473e-05
4.25346e-05
4.26157e-05
4.27359e-05
4.29246e-05
4.31953e-05
4.35356e-05
4.38814e-05
4.40611e-05
4.36287e-05
4.20552e-05
3.88364e-05
3.33546e-05
2.54935e-05
1.50567e-05
3.87071e-07
5.25999e-07
2.75636e-07
1.75823e-08
0
0
0
2.5449e-05
0.000288163
0.00293959
0.00742072
0.0427112
0.141664
0.354568
0.722992
1.25285
1.89677
2.56732
3.1725
3.6472
3.95254
4.0763
3.96382
3.5648
2.86714
1.94471
1.00378
0.338144
0.0984102
0.00494581
0
0
0
0
1.097e-06
6.88928e-06
2.22258e-05
4.12885e-05
4.52827e-05
4.14652e-05
3.9119e-05
3.92778e-05
3.99531e-05
4.01782e-05
4.0118e-05
4.0072e-05
4.00784e-05
4.00926e-05
4.01017e-05
4.01119e-05
4.01185e-05
4.01348e-05
4.01554e-05
4.15753e-05
4.14816e-05
4.13886e-05
4.12971e-05
4.12072e-05
4.11194e-05
4.1034e-05
4.09512e-05
4.08714e-05
4.07948e-05
4.07216e-05
4.06521e-05
4.05863e-05
4.05245e-05
4.04668e-05
4.04132e-05
4.03639e-05
4.0319e-05
4.02784e-05
4.02423e-05
4.02107e-05
4.01835e-05
4.01607e-05
4.01426e-05
4.0129e-05
4.01199e-05
4.01152e-05
4.01147e-05
4.01181e-05
4.01241e-05
4.01313e-05
4.01386e-05
4.01452e-05
4.01507e-05
4.0155e-05
4.01582e-05
4.01605e-05
4.01621e-05
4.01632e-05
4.01638e-05
4.01639e-05
4.01637e-05
4.01632e-05
4.01623e-05
4.01611e-05
4.01595e-05
4.01575e-05
4.01553e-05
4.01527e-05
4.015e-05
4.01471e-05
4.01443e-05
4.01416e-05
4.01392e-05
4.0137e-05
4.01351e-05
4.01332e-05
4.0131e-05
4.01283e-05
4.01249e-05
4.01207e-05
4.01161e-05
4.01115e-05
4.0108e-05
4.01065e-05
4.01079e-05
4.01121e-05
4.01163e-05
4.01167e-05
4.01107e-05
4.0096e-05
4.00737e-05
4.0051e-05
4.00371e-05
4.00361e-05
4.00431e-05
4.00665e-05
4.00962e-05
4.00938e-05
4.00389e-05
4.17364e-05
4.18146e-05
4.18858e-05
4.19533e-05
4.20189e-05
4.20829e-05
4.21455e-05
4.22068e-05
4.22667e-05
4.2325e-05
4.23814e-05
4.24354e-05
4.24866e-05
4.25343e-05
4.2579e-05
4.26231e-05
4.26743e-05
4.27454e-05
4.28557e-05
4.30347e-05
4.33096e-05
4.36729e-05
4.40521e-05
4.4281e-05
4.40928e-05
4.29032e-05
4.0146e-05
3.50924e-05
2.7345e-05
1.65339e-05
1.00227e-06
7.00454e-07
2.45097e-07
0
0
0
0
0.000186348
0.00183109
0.00322443
0.034756
0.129849
0.340006
0.701743
1.21824
1.84121
2.48495
3.05856
3.49615
3.75559
3.80148
3.577
3.0484
2.25413
1.34969
0.550886
0.0800762
0.0295396
0.000370177
0
0
0
0
2.96103e-06
6.6058e-06
3.60645e-05
4.59667e-05
4.40985e-05
4.03502e-05
3.92469e-05
3.97805e-05
4.0151e-05
4.01412e-05
4.00873e-05
4.00871e-05
4.0101e-05
4.01124e-05
4.01186e-05
4.01343e-05
4.01542e-05
4.16468e-05
4.15584e-05
4.147e-05
4.13823e-05
4.12955e-05
4.121e-05
4.1126e-05
4.10439e-05
4.09641e-05
4.08867e-05
4.0812e-05
4.07403e-05
4.06718e-05
4.06067e-05
4.05451e-05
4.04872e-05
4.04331e-05
4.0383e-05
4.03369e-05
4.02949e-05
4.02571e-05
4.02236e-05
4.01943e-05
4.01693e-05
4.01487e-05
4.01325e-05
4.01208e-05
4.01133e-05
4.01099e-05
4.01103e-05
4.0114e-05
4.01206e-05
4.01282e-05
4.01359e-05
4.01428e-05
4.01486e-05
4.01531e-05
4.01565e-05
4.01591e-05
4.01609e-05
4.01621e-05
4.01628e-05
4.0163e-05
4.01628e-05
4.0162e-05
4.01609e-05
4.01593e-05
4.01573e-05
4.01551e-05
4.01527e-05
4.01502e-05
4.01479e-05
4.01458e-05
4.01438e-05
4.01421e-05
4.01403e-05
4.01383e-05
4.01359e-05
4.01328e-05
4.01288e-05
4.01242e-05
4.01194e-05
4.0115e-05
4.01121e-05
4.01117e-05
4.01144e-05
4.01191e-05
4.01223e-05
4.01202e-05
4.01107e-05
4.00926e-05
4.00688e-05
4.00471e-05
4.00356e-05
4.00369e-05
4.00484e-05
4.00774e-05
4.01062e-05
4.00971e-05
4.00374e-05
4.17863e-05
4.18593e-05
4.19253e-05
4.19877e-05
4.2048e-05
4.21066e-05
4.21639e-05
4.22197e-05
4.22741e-05
4.23271e-05
4.23787e-05
4.24289e-05
4.24776e-05
4.25245e-05
4.25693e-05
4.26116e-05
4.2651e-05
4.2688e-05
4.27246e-05
4.2766e-05
4.28248e-05
4.29199e-05
4.3078e-05
4.33216e-05
4.36518e-05
4.40303e-05
4.42813e-05
4.41258e-05
4.30457e-05
4.0309e-05
3.50263e-05
2.62505e-05
1.32409e-05
3.7316e-06
3.49115e-07
0
0
0
0
8.54147e-05
0.00135169
0.0017713
0.0346719
0.134324
0.35175
0.719688
1.23637
1.84904
2.46953
3.00648
3.38988
3.58074
3.51651
3.15037
2.49185
1.64134
0.800926
0.228472
0.00569839
0.00192719
0
0
0
0
5.65889e-07
7.8696e-06
2.94152e-05
4.53744e-05
4.59426e-05
4.15163e-05
3.94324e-05
3.96846e-05
4.01202e-05
4.01574e-05
4.01036e-05
4.00971e-05
4.01106e-05
4.01189e-05
4.01339e-05
4.01528e-05
4.17029e-05
4.16201e-05
4.15368e-05
4.14536e-05
4.13708e-05
4.12886e-05
4.12073e-05
4.11273e-05
4.10488e-05
4.09721e-05
4.08975e-05
4.08251e-05
4.07554e-05
4.06884e-05
4.06244e-05
4.05636e-05
4.05061e-05
4.0452e-05
4.04016e-05
4.03549e-05
4.0312e-05
4.0273e-05
4.0238e-05
4.02071e-05
4.01803e-05
4.01577e-05
4.01393e-05
4.01251e-05
4.01152e-05
4.01091e-05
4.01068e-05
4.01079e-05
4.01118e-05
4.01183e-05
4.0126e-05
4.01339e-05
4.0141e-05
4.0147e-05
4.01516e-05
4.01551e-05
4.01577e-05
4.01595e-05
4.01606e-05
4.01611e-05
4.01611e-05
4.01605e-05
4.01595e-05
4.01582e-05
4.01566e-05
4.01548e-05
4.01531e-05
4.01515e-05
4.015e-05
4.01486e-05
4.01471e-05
4.01455e-05
4.01434e-05
4.01406e-05
4.0137e-05
4.01326e-05
4.01276e-05
4.01228e-05
4.01188e-05
4.0117e-05
4.0118e-05
4.01218e-05
4.01265e-05
4.01277e-05
4.01223e-05
4.0109e-05
4.00879e-05
4.00634e-05
4.00434e-05
4.00347e-05
4.00387e-05
4.00562e-05
4.00899e-05
4.01162e-05
4.00994e-05
4.00353e-05
4.18251e-05
4.18931e-05
4.19543e-05
4.20118e-05
4.20671e-05
4.21207e-05
4.21728e-05
4.22234e-05
4.22725e-05
4.23201e-05
4.23663e-05
4.24109e-05
4.24541e-05
4.24959e-05
4.25362e-05
4.25751e-05
4.26125e-05
4.26479e-05
4.26811e-05
4.27114e-05
4.27389e-05
4.2765e-05
4.27949e-05
4.28406e-05
4.29204e-05
4.30594e-05
4.32846e-05
4.35955e-05
4.39405e-05
4.41684e-05
4.39681e-05
4.26444e-05
3.91546e-05
3.17903e-05
1.78723e-05
4.8553e-06
2.21746e-07
0
0
0
0
4.95091e-05
0.00188086
0.00400517
0.0428037
0.154692
0.389564
0.776715
1.30581
1.91519
2.51016
3.00071
3.31759
3.3997
3.18803
2.66398
1.89035
1.04509
0.37833
0.0130678
0.00681248
0
0
0
0
0
5.61965e-06
1.64101e-05
3.85112e-05
4.57113e-05
4.23073e-05
3.96325e-05
3.96375e-05
4.00831e-05
4.01584e-05
4.01173e-05
4.01105e-05
4.01184e-05
4.01333e-05
4.01513e-05
4.17478e-05
4.16704e-05
4.15922e-05
4.15138e-05
4.14352e-05
4.13568e-05
4.12789e-05
4.12016e-05
4.11253e-05
4.10503e-05
4.09768e-05
4.0905e-05
4.08351e-05
4.07675e-05
4.07023e-05
4.06398e-05
4.058e-05
4.05233e-05
4.04697e-05
4.04193e-05
4.03724e-05
4.0329e-05
4.02892e-05
4.02532e-05
4.0221e-05
4.01928e-05
4.01686e-05
4.01484e-05
4.01322e-05
4.012e-05
4.01117e-05
4.01069e-05
4.01055e-05
4.0107e-05
4.01111e-05
4.01172e-05
4.01249e-05
4.01327e-05
4.01397e-05
4.01456e-05
4.01501e-05
4.01534e-05
4.01557e-05
4.01573e-05
4.01582e-05
4.01585e-05
4.01584e-05
4.0158e-05
4.01573e-05
4.01565e-05
4.01557e-05
4.01549e-05
4.01541e-05
4.01532e-05
4.01521e-05
4.01504e-05
4.01481e-05
4.01449e-05
4.01408e-05
4.0136e-05
4.01309e-05
4.01264e-05
4.01234e-05
4.01229e-05
4.01255e-05
4.01301e-05
4.01337e-05
4.01318e-05
4.01225e-05
4.01054e-05
4.00819e-05
4.00576e-05
4.004e-05
4.00347e-05
4.00425e-05
4.00666e-05
4.01039e-05
4.01258e-05
4.01004e-05
4.00325e-05
4.18521e-05
4.19149e-05
4.19711e-05
4.20236e-05
4.20738e-05
4.21222e-05
4.2169e-05
4.22143e-05
4.22579e-05
4.23e-05
4.23405e-05
4.23795e-05
4.24168e-05
4.24527e-05
4.24871e-05
4.252e-05
4.25516e-05
4.25819e-05
4.26109e-05
4.26386e-05
4.26645e-05
4.26882e-05
4.27091e-05
4.27272e-05
4.27441e-05
4.2765e-05
4.28022e-05
4.2875e-05
4.30065e-05
4.3223e-05
4.35325e-05
4.3869e-05
4.4007e-05
4.34595e-05
4.0769e-05
3.23469e-05
1.07519e-05
3.08464e-06
0
0
0
0
0
0.000118173
0.00264385
0.00616061
0.0565138
0.190708
0.455886
0.876678
1.42903
2.03781
2.60145
3.0267
3.24246
3.17337
2.77803
2.09127
1.25157
0.498179
0.0661853
0.0209747
0
0
0
0
0
2.16871e-06
5.62757e-06
3.4647e-05
4.4989e-05
4.25899e-05
3.97914e-05
3.96491e-05
4.00615e-05
4.01435e-05
4.01192e-05
4.01179e-05
4.01327e-05
4.01498e-05
4.17809e-05
4.17091e-05
4.16362e-05
4.15627e-05
4.14887e-05
4.14145e-05
4.13403e-05
4.12663e-05
4.11929e-05
4.11202e-05
4.10485e-05
4.09781e-05
4.09091e-05
4.08418e-05
4.07765e-05
4.07133e-05
4.06523e-05
4.05939e-05
4.05382e-05
4.04853e-05
4.04353e-05
4.03885e-05
4.0345e-05
4.03049e-05
4.02682e-05
4.02352e-05
4.02059e-05
4.01805e-05
4.01589e-05
4.01411e-05
4.01271e-05
4.01168e-05
4.01099e-05
4.01063e-05
4.01055e-05
4.01074e-05
4.01114e-05
4.01171e-05
4.01244e-05
4.01318e-05
4.01386e-05
4.01441e-05
4.01483e-05
4.01514e-05
4.01536e-05
4.01551e-05
4.01562e-05
4.0157e-05
4.01575e-05
4.01579e-05
4.01582e-05
4.01583e-05
4.01582e-05
4.01577e-05
4.01567e-05
4.0155e-05
4.01523e-05
4.01486e-05
4.01441e-05
4.01392e-05
4.01344e-05
4.01307e-05
4.0129e-05
4.01303e-05
4.01343e-05
4.0139e-05
4.01401e-05
4.0134e-05
4.01204e-05
4.00999e-05
4.00748e-05
4.00517e-05
4.00372e-05
4.00359e-05
4.0049e-05
4.00799e-05
4.01189e-05
4.01344e-05
4.00998e-05
4.00291e-05
4.18663e-05
4.19234e-05
4.19739e-05
4.20207e-05
4.20651e-05
4.21077e-05
4.21485e-05
4.21876e-05
4.2225e-05
4.22608e-05
4.22949e-05
4.23274e-05
4.23583e-05
4.23876e-05
4.24153e-05
4.24416e-05
4.24665e-05
4.249e-05
4.25124e-05
4.25336e-05
4.25538e-05
4.25731e-05
4.25914e-05
4.26084e-05
4.26235e-05
4.26363e-05
4.26467e-05
4.26571e-05
4.26729e-05
4.27061e-05
4.27796e-05
4.29233e-05
4.31638e-05
4.34816e-05
4.37496e-05
4.33566e-05
3.95946e-05
2.6928e-05
7.04791e-06
3.16131e-07
0
0
0
0
0
0.00019197
0.00508292
0.015246
0.0831429
0.249796
0.560441
1.02904
1.61209
2.21449
2.72737
3.06165
3.12307
2.85028
2.24791
1.42901
0.632853
0.129272
0.0366033
0.00057121
0
0
0
0
4.34515e-07
7.91467e-06
3.14125e-05
4.45934e-05
4.27552e-05
3.98015e-05
3.96853e-05
4.01111e-05
4.01674e-05
4.0127e-05
4.01292e-05
4.01478e-05
4.18018e-05
4.17361e-05
4.1669e-05
4.16009e-05
4.15319e-05
4.14623e-05
4.13923e-05
4.13221e-05
4.12521e-05
4.11823e-05
4.11131e-05
4.10447e-05
4.09773e-05
4.09111e-05
4.08464e-05
4.07833e-05
4.0722e-05
4.06629e-05
4.06059e-05
4.05513e-05
4.04994e-05
4.04501e-05
4.04037e-05
4.03603e-05
4.03201e-05
4.02832e-05
4.02497e-05
4.02197e-05
4.01934e-05
4.01707e-05
4.01516e-05
4.01362e-05
4.01241e-05
4.01154e-05
4.01098e-05
4.0107e-05
4.01067e-05
4.01087e-05
4.01125e-05
4.01178e-05
4.01243e-05
4.01312e-05
4.01376e-05
4.01429e-05
4.01471e-05
4.01504e-05
4.0153e-05
4.01551e-05
4.01571e-05
4.01588e-05
4.01602e-05
4.01612e-05
4.01617e-05
4.01615e-05
4.01605e-05
4.01585e-05
4.01555e-05
4.01514e-05
4.01468e-05
4.0142e-05
4.0138e-05
4.01357e-05
4.0136e-05
4.01392e-05
4.01441e-05
4.01477e-05
4.01449e-05
4.01334e-05
4.01155e-05
4.00922e-05
4.00667e-05
4.00458e-05
4.00354e-05
4.00387e-05
4.00585e-05
4.00959e-05
4.01346e-05
4.01416e-05
4.00973e-05
4.00252e-05
4.18534e-05
4.19036e-05
4.19475e-05
4.19877e-05
4.20256e-05
4.20615e-05
4.20956e-05
4.21281e-05
4.21588e-05
4.21879e-05
4.22153e-05
4.22411e-05
4.22652e-05
4.22879e-05
4.2309e-05
4.23287e-05
4.23471e-05
4.23641e-05
4.238e-05
4.23948e-05
4.24086e-05
4.24216e-05
4.2434e-05
4.24459e-05
4.24573e-05
4.24682e-05
4.24783e-05
4.24871e-05
4.24942e-05
4.24996e-05
4.25058e-05
4.25214e-05
4.25629e-05
4.26559e-05
4.28321e-05
4.31252e-05
4.32973e-05
4.21534e-05
3.46794e-05
1.44491e-05
3.99466e-06
1.12481e-08
0
0
0
0
0
0.000881974
0.0017938
0.0307624
0.125945
0.342148
0.718647
1.24888
1.85975
2.43692
2.8689
3.04177
2.87298
2.34412
1.55108
0.729202
0.186207
0.00815964
0.00149243
0
0
0
0
0
7.15346e-06
2.82445e-05
4.50434e-05
4.34027e-05
3.97393e-05
3.94844e-05
4.00355e-05
4.01695e-05
4.01451e-05
4.01443e-05
4.1797e-05
4.17388e-05
4.16788e-05
4.16173e-05
4.15546e-05
4.14907e-05
4.14261e-05
4.13609e-05
4.12953e-05
4.12296e-05
4.1164e-05
4.10987e-05
4.10339e-05
4.09699e-05
4.09069e-05
4.08451e-05
4.07847e-05
4.07259e-05
4.06688e-05
4.06137e-05
4.05608e-05
4.05101e-05
4.04619e-05
4.04164e-05
4.03736e-05
4.03338e-05
4.0297e-05
4.02634e-05
4.02332e-05
4.02063e-05
4.01829e-05
4.01628e-05
4.01461e-05
4.01326e-05
4.01223e-05
4.01149e-05
4.01102e-05
4.0108e-05
4.0108e-05
4.01101e-05
4.01138e-05
4.01191e-05
4.01257e-05
4.01327e-05
4.01394e-05
4.01451e-05
4.01498e-05
4.01537e-05
4.01569e-05
4.01598e-05
4.01622e-05
4.0164e-05
4.0165e-05
4.0165e-05
4.01639e-05
4.01616e-05
4.01584e-05
4.01543e-05
4.015e-05
4.0146e-05
4.01434e-05
4.01429e-05
4.01453e-05
4.01498e-05
4.01544e-05
4.01549e-05
4.01466e-05
4.01294e-05
4.01078e-05
4.00829e-05
4.00585e-05
4.00411e-05
4.00359e-05
4.00453e-05
4.00727e-05
4.01149e-05
4.015e-05
4.01463e-05
4.00925e-05
4.00207e-05
4.18357e-05
4.18789e-05
4.19159e-05
4.19491e-05
4.19797e-05
4.20084e-05
4.20351e-05
4.20601e-05
4.20832e-05
4.21047e-05
4.21244e-05
4.21426e-05
4.21592e-05
4.21743e-05
4.21881e-05
4.22005e-05
4.22118e-05
4.2222e-05
4.22312e-05
4.22395e-05
4.22471e-05
4.22541e-05
4.22606e-05
4.22668e-05
4.22729e-05
4.22792e-05
4.22856e-05
4.22925e-05
4.22996e-05
4.23068e-05
4.23133e-05
4.23188e-05
4.23246e-05
4.2335e-05
4.23607e-05
4.24313e-05
4.25813e-05
4.28639e-05
4.27668e-05
3.95262e-05
2.80765e-05
4.86092e-07
6.63409e-07
0
0
0
0
0
5.94203e-05
0.00250369
0.00682249
0.0574161
0.199171
0.490497
0.962236
1.57672
2.22425
2.76508
3.05298
2.97408
2.48856
1.679
0.790499
0.130899
0.0635684
0.0144175
0.00289363
0
0
0
0
5.77172e-06
2.10263e-05
4.37392e-05
4.48876e-05
4.08803e-05
3.97742e-05
4.00023e-05
4.01413e-05
4.0152e-05
4.17875e-05
4.17369e-05
4.16839e-05
4.16291e-05
4.15726e-05
4.15146e-05
4.14554e-05
4.13951e-05
4.1334e-05
4.12724e-05
4.12104e-05
4.11483e-05
4.10863e-05
4.10246e-05
4.09635e-05
4.09032e-05
4.08438e-05
4.07856e-05
4.07288e-05
4.06735e-05
4.062e-05
4.05683e-05
4.05188e-05
4.04716e-05
4.04267e-05
4.03845e-05
4.0345e-05
4.03084e-05
4.02748e-05
4.02443e-05
4.0217e-05
4.01929e-05
4.0172e-05
4.01543e-05
4.01397e-05
4.01281e-05
4.01193e-05
4.01132e-05
4.01096e-05
4.01084e-05
4.01093e-05
4.01122e-05
4.01166e-05
4.01223e-05
4.0129e-05
4.01365e-05
4.01438e-05
4.01502e-05
4.01556e-05
4.01598e-05
4.01631e-05
4.01653e-05
4.01664e-05
4.01664e-05
4.0165e-05
4.01624e-05
4.01589e-05
4.01548e-05
4.01509e-05
4.01481e-05
4.01473e-05
4.01493e-05
4.01541e-05
4.01602e-05
4.01641e-05
4.0161e-05
4.01463e-05
4.01232e-05
4.00981e-05
4.00721e-05
4.00498e-05
4.00374e-05
4.0037e-05
4.00515e-05
4.00866e-05
4.01331e-05
4.01643e-05
4.015e-05
4.00872e-05
4.00165e-05
4.17033e-05
4.17333e-05
4.17582e-05
4.17797e-05
4.1799e-05
4.18164e-05
4.1832e-05
4.1846e-05
4.18583e-05
4.18689e-05
4.1878e-05
4.18856e-05
4.18916e-05
4.18963e-05
4.18995e-05
4.19015e-05
4.19023e-05
4.1902e-05
4.19008e-05
4.18986e-05
4.18958e-05
4.18924e-05
4.18886e-05
4.18847e-05
4.18807e-05
4.18771e-05
4.18739e-05
4.18716e-05
4.18703e-05
4.18705e-05
4.18721e-05
4.18752e-05
4.18796e-05
4.18848e-05
4.18905e-05
4.18991e-05
4.19187e-05
4.198e-05
4.21466e-05
4.23502e-05
4.17191e-05
3.66758e-05
2.36508e-05
5.4932e-06
0
0
0
0
0
0
0.000239207
0.0048233
0.013016
0.0741673
0.231385
0.536932
1.00721
1.59508
2.18753
2.64134
2.80962
2.59673
2.01849
1.22683
0.576071
0.201976
0.0387341
0.0064042
0
0
0
0
4.0664e-06
1.39792e-05
3.53027e-05
4.14213e-05
4.07776e-05
4.01417e-05
4.01041e-05
4.01464e-05
4.16701e-05
4.16338e-05
4.15948e-05
4.15535e-05
4.151e-05
4.14646e-05
4.14174e-05
4.13685e-05
4.13184e-05
4.1267e-05
4.12147e-05
4.11617e-05
4.11081e-05
4.10542e-05
4.10001e-05
4.09462e-05
4.08925e-05
4.08394e-05
4.07869e-05
4.07353e-05
4.06847e-05
4.06354e-05
4.05875e-05
4.05412e-05
4.04966e-05
4.0454e-05
4.04135e-05
4.03752e-05
4.03393e-05
4.03059e-05
4.02752e-05
4.02472e-05
4.0222e-05
4.01997e-05
4.01802e-05
4.01636e-05
4.01498e-05
4.01387e-05
4.01304e-05
4.01246e-05
4.01213e-05
4.01202e-05
4.0121e-05
4.01236e-05
4.01274e-05
4.01323e-05
4.01377e-05
4.01435e-05
4.01496e-05
4.01553e-05
4.01598e-05
4.01627e-05
4.01643e-05
4.01646e-05
4.01637e-05
4.01621e-05
4.01601e-05
4.01584e-05
4.01578e-05
4.0159e-05
4.01624e-05
4.01675e-05
4.0173e-05
4.01758e-05
4.0172e-05
4.01578e-05
4.01319e-05
4.01024e-05
4.00776e-05
4.00568e-05
4.00429e-05
4.00399e-05
4.00495e-05
4.00777e-05
4.01228e-05
4.01665e-05
4.01802e-05
4.01441e-05
4.00715e-05
4.00083e-05
)
;

boundaryField
{
    inlet
    {
        type            freestream;
        freestreamValue uniform 4e-05;
        value           nonuniform List<scalar> 
134
(
4e-05
4e-05
4e-05
4e-05
4e-05
4e-05
4e-05
4e-05
4e-05
4e-05
4.00037e-05
4.00076e-05
4.00128e-05
4.00183e-05
4.00238e-05
4.00292e-05
4.00344e-05
4.00395e-05
4.00445e-05
4.00493e-05
4e-05
4.0054e-05
4.00587e-05
4.00632e-05
4.00676e-05
4.00718e-05
4.00758e-05
4.00798e-05
4.00838e-05
4.00875e-05
4.00917e-05
4.00956e-05
4.00994e-05
4.01031e-05
4.01068e-05
4.01105e-05
4.0114e-05
4.01176e-05
4.01208e-05
4.01251e-05
4e-05
4e-05
4e-05
4e-05
4e-05
4e-05
4e-05
4.01293e-05
4.01326e-05
4.01359e-05
4.0139e-05
4.01419e-05
4.01445e-05
4.01469e-05
4.0149e-05
4.01509e-05
4.01526e-05
4.0154e-05
4.01551e-05
4.01561e-05
4.01568e-05
4.01573e-05
4.01575e-05
4.01575e-05
4.01573e-05
4.01565e-05
4.01554e-05
4.01542e-05
4.01528e-05
4.01513e-05
4.01498e-05
4.01478e-05
4.01443e-05
4.0152e-05
4.01464e-05
4e-05
4e-05
4e-05
4e-05
4e-05
4e-05
4e-05
4e-05
4e-05
4e-05
4e-05
4e-05
4e-05
4e-05
4e-05
4e-05
4e-05
4e-05
4e-05
4e-05
4e-05
4e-05
4e-05
4e-05
4e-05
4e-05
4e-05
4e-05
4e-05
4e-05
4e-05
4e-05
4e-05
4e-05
4e-05
4e-05
4e-05
4e-05
4e-05
4e-05
4e-05
4e-05
4e-05
4e-05
4e-05
4e-05
4e-05
4e-05
4e-05
4e-05
4e-05
4e-05
4e-05
4e-05
4e-05
4e-05
4e-05
4e-05
4e-05
)
;
    }
    outlet
    {
        type            freestream;
        freestreamValue uniform 4e-05;
        value           nonuniform List<scalar> 
160
(
4.17033e-05
4.16701e-05
4.17333e-05
4.16338e-05
4.17582e-05
4.15948e-05
4.17797e-05
4.15535e-05
4.1799e-05
4.151e-05
4.18164e-05
4.14646e-05
4.1832e-05
4.14174e-05
4.1846e-05
4.13685e-05
4.18583e-05
4.13184e-05
4.18689e-05
4.1267e-05
4.1878e-05
4.12147e-05
4.18856e-05
4.11617e-05
4.18916e-05
4.11081e-05
4.18963e-05
4.10542e-05
4.18995e-05
4.10001e-05
4.19015e-05
4.09462e-05
4.19023e-05
4.08925e-05
4.1902e-05
4.08394e-05
4.19008e-05
4.07869e-05
4.18986e-05
4.07353e-05
4.18958e-05
4.06847e-05
4.18924e-05
4.06354e-05
4.18886e-05
4.05875e-05
4.18847e-05
4.05412e-05
4.18807e-05
4.04966e-05
4.18771e-05
4.0454e-05
4.18739e-05
4.04135e-05
4.18716e-05
4.03752e-05
4.18703e-05
4.03393e-05
4.18705e-05
4.03059e-05
4.18721e-05
4.02752e-05
4.18752e-05
4.02472e-05
4.18796e-05
4.0222e-05
4.18848e-05
4.01997e-05
4.18905e-05
4.01802e-05
4.18991e-05
4.01636e-05
4.19187e-05
4.01498e-05
4.198e-05
4.01387e-05
4.21466e-05
4.01304e-05
4.23502e-05
4.01246e-05
4.17191e-05
4.01213e-05
3.66758e-05
4.01202e-05
2.36508e-05
4.0121e-05
5.4932e-06
4.01236e-05
0
4.01274e-05
0
4.01323e-05
0
4.01377e-05
0
4.01435e-05
0
4.01496e-05
0
4.01553e-05
0.000239207
4.01598e-05
0.0048233
4.01627e-05
0.013016
4.01643e-05
0.0741673
4.01646e-05
0.231385
4.01637e-05
0.536932
4.01621e-05
1.00721
4.01601e-05
1.59508
4.01584e-05
2.18753
4.01578e-05
2.64134
4.0159e-05
2.80962
4.01624e-05
2.59673
4.01675e-05
2.01849
4.0173e-05
1.22683
4.01758e-05
0.576071
4.0172e-05
0.201976
4.01578e-05
0.0387341
4.01319e-05
0.0064042
4.01024e-05
0
4.00776e-05
0
4.00568e-05
0
4.00429e-05
0
4.00399e-05
4.0664e-06
4.00495e-05
1.39792e-05
4.00777e-05
3.53027e-05
4.01228e-05
4.14213e-05
4.01665e-05
4.07776e-05
4.01802e-05
4.01417e-05
4.01441e-05
4.01041e-05
4.00715e-05
4.01464e-05
4.00083e-05
)
;
    }
    walls
    {
        type            fixedValue;
        value           uniform 0;
    }
    frontAndBack
    {
        type            empty;
    }
}


// ************************************************************************* //
