/*--------------------------------*- C++ -*----------------------------------*\
| =========                 |                                                 |
| \\      /  F ield         | OpenFOAM: The Open Source CFD Toolbox           |
|  \\    /   O peration     | Version:  2412                                  |
|   \\  /    A nd           | Website:  www.openfoam.com                      |
|    \\/     M anipulation  |                                                 |
\*---------------------------------------------------------------------------*/
FoamFile
{
    version     2.0;
    format      ascii;
    arch        "LSB;label=32;scalar=64";
    class       volScalarField;
    location    "250";
    object      nuTilda;
}
// * * * * * * * * * * * * * * * * * * * * * * * * * * * * * * * * * * * * * //

dimensions      [0 2 -1 0 0 0 0];

internalField   nonuniform List<scalar> 
10720
(
4.62223e-05
4.82757e-05
5.08134e-05
5.38595e-05
5.76283e-05
6.2317e-05
6.82927e-05
7.5856e-05
8.56521e-05
9.84339e-05
0.000115273
0.00013795
0.000168931
0.000212133
0.000274037
0.000364991
0.000503253
0.000720617
0.00107216
0.00166323
0.00272074
0.00469078
0.00875746
0.0173921
0.038256
0.0829208
0.117971
0.130065
0.131613
0.131042
0.130112
0.128305
0.125489
0.121848
0.11752
0.112579
0.106292
0.099141
0.0808031
4.43692e-05
4.2705e-05
4.14037e-05
4.24035e-05
4.44607e-05
4.72889e-05
5.0954e-05
5.57012e-05
6.19187e-05
7.01888e-05
8.13174e-05
9.64368e-05
0.00011715
0.000146119
0.000187178
0.000246815
0.000335507
0.000471523
0.000686575
0.00104009
0.00164251
0.0027238
0.00473937
0.00877712
0.0171708
0.0356866
0.0718149
0.103513
0.117583
0.121175
0.121494
0.120864
0.119513
0.117489
0.114907
0.111859
0.107881
0.103109
0.0901545
3.95048e-05
3.93122e-05
3.91082e-05
3.88904e-05
3.86379e-05
3.83668e-05
3.80839e-05
3.77711e-05
3.74458e-05
3.70999e-05
3.67217e-05
3.63256e-05
3.59045e-05
3.54586e-05
3.50367e-05
3.46795e-05
3.43513e-05
3.54813e-05
4.46652e-05
7.41101e-05
0.000155904
0.000350087
0.000805824
0.00189807
0.00412709
0.0105209
0.0231236
0.0412704
0.0622317
0.0825148
0.0984578
0.108248
0.112348
0.112758
0.111304
0.109123
0.10664
0.106043
0.102487
3.9653e-05
3.98199e-05
3.9919e-05
3.9838e-05
3.96717e-05
3.94418e-05
3.91662e-05
3.88583e-05
3.85229e-05
3.81782e-05
3.78384e-05
3.75067e-05
3.71859e-05
3.68898e-05
3.65798e-05
3.62772e-05
3.58923e-05
3.54388e-05
3.47599e-05
3.37853e-05
3.23652e-05
3.09595e-05
3.35756e-05
5.22227e-05
0.000198964
0.000758624
0.00449135
0.0149609
0.0310802
0.0487173
0.0637952
0.0739567
0.0794233
0.0819129
0.0830478
0.0838361
0.0844796
0.0872113
0.0887295
4.01361e-05
4.01569e-05
4.01785e-05
4.02008e-05
4.02294e-05
4.02613e-05
4.0297e-05
4.03384e-05
4.03848e-05
4.04366e-05
4.04959e-05
4.05628e-05
4.064e-05
4.0728e-05
4.08295e-05
4.09468e-05
4.10797e-05
4.12481e-05
4.13176e-05
4.29058e-05
3.19551e-05
7.85791e-05
0.000169677
0.000399966
0.000140767
0.000272994
0.000667118
0.00192247
0.00566159
0.0136451
0.0268303
0.0441334
0.0627989
0.0793239
0.0914758
0.099291
0.104004
0.107693
0.110985
4.01135e-05
4.00871e-05
4.00992e-05
4.00963e-05
4.01108e-05
4.0136e-05
4.01658e-05
4.0197e-05
4.0234e-05
4.02748e-05
4.03181e-05
4.03652e-05
4.04173e-05
4.04742e-05
4.05386e-05
4.06104e-05
4.06915e-05
4.07829e-05
4.08849e-05
4.10082e-05
4.1117e-05
4.13992e-05
4.08628e-05
4.19484e-05
1.93567e-05
4.63592e-05
9.60395e-05
0.00024991
0.00092401
0.0034175
0.00887892
0.0174876
0.0281806
0.0394253
0.0497101
0.0582177
0.0647057
0.0708385
0.07746
4.00381e-05
4.00293e-05
4.00235e-05
4.0018e-05
4.00119e-05
4.0007e-05
4.00033e-05
4e-05
3.99989e-05
3.99995e-05
4.00024e-05
4.00084e-05
4.00183e-05
4.00328e-05
4.00538e-05
4.00823e-05
4.01215e-05
4.01734e-05
4.02396e-05
4.03801e-05
4.0164e-05
3.66102e-05
3.01293e-05
2.07378e-06
3.34137e-05
5.89361e-05
0.000143957
0.000420855
0.00129762
0.00129634
0.00185285
0.00398118
0.0110455
0.0233139
0.040158
0.0590134
0.0765494
0.0922549
0.107105
4.00402e-05
4.00399e-05
4.00522e-05
4.00434e-05
4.00375e-05
4.00329e-05
4.00278e-05
4.00225e-05
4.00164e-05
4.00111e-05
4.00075e-05
4.00059e-05
4.00067e-05
4.00105e-05
4.00175e-05
4.00278e-05
4.00419e-05
4.00597e-05
4.00812e-05
4.01064e-05
4.01358e-05
4.017e-05
4.02058e-05
4.02931e-05
4.0046e-05
4.03875e-05
2.81181e-05
4.4669e-06
0.000213372
0.000794122
0.000839332
0.00110189
0.00188515
0.00502563
0.0107169
0.0193116
0.0301357
0.0432558
0.0591359
4.0046e-05
4.00415e-05
4.00408e-05
4.00403e-05
4.00393e-05
4.0039e-05
4.00391e-05
4.004e-05
4.00415e-05
4.00437e-05
4.00469e-05
4.00513e-05
4.00573e-05
4.00653e-05
4.00759e-05
4.009e-05
4.01091e-05
4.01336e-05
4.01701e-05
4.01993e-05
4.03747e-05
4.06519e-05
4.02819e-05
3.50707e-05
1.96135e-05
4.62177e-06
6.7889e-06
4.97427e-06
0
0.000289276
0.000418372
0.000910784
7.63352e-05
0.00137092
0.00525898
0.0145894
0.0310794
0.0557511
0.0867596
4.00457e-05
4.00435e-05
4.0052e-05
4.00467e-05
4.00446e-05
4.00446e-05
4.00446e-05
4.00442e-05
4.00433e-05
4.0043e-05
4.00435e-05
4.00451e-05
4.00479e-05
4.00519e-05
4.00575e-05
4.00647e-05
4.00739e-05
4.0085e-05
4.0098e-05
4.01132e-05
4.01304e-05
4.01499e-05
4.0173e-05
4.01997e-05
4.02431e-05
4.02689e-05
4.03852e-05
3.9288e-05
4.09461e-05
1.31394e-05
0.000194214
0.000253566
0.000441099
0.000289264
0.000431444
0.0011644
0.00426395
0.011774
0.0320946
4.00389e-05
4.00343e-05
4.00336e-05
4.00329e-05
4.00317e-05
4.00313e-05
4.00309e-05
4.00304e-05
4.00301e-05
4.003e-05
4.00301e-05
4.00307e-05
4.00317e-05
4.00333e-05
4.00359e-05
4.00396e-05
4.0045e-05
4.00526e-05
4.00633e-05
4.00796e-05
4.00997e-05
4.0153e-05
4.01714e-05
4.04852e-05
4.00935e-05
3.63377e-05
3.23678e-05
2.40816e-05
8.83552e-06
7.13642e-06
4.51369e-06
0
1.7506e-05
0.000317437
0.00123958
0.000516282
0.00352624
0.0164243
0.0531281
4.00397e-05
4.00394e-05
4.0046e-05
4.00419e-05
4.00398e-05
4.00392e-05
4.00383e-05
4.00371e-05
4.00356e-05
4.00343e-05
4.00333e-05
4.00328e-05
4.00323e-05
4.0032e-05
4.0032e-05
4.00322e-05
4.00329e-05
4.00341e-05
4.00359e-05
4.00385e-05
4.00421e-05
4.00468e-05
4.0053e-05
4.00617e-05
4.00735e-05
4.009e-05
4.0094e-05
4.00169e-05
3.97039e-05
3.58878e-05
2.14862e-05
1.12394e-05
6.90667e-06
6.76607e-05
0.000100666
0.000273935
0.0010193
0.000470954
0.0116139
4.00358e-05
4.00324e-05
4.00323e-05
4.00318e-05
4.0031e-05
4.00306e-05
4.00302e-05
4.00296e-05
4.00292e-05
4.00289e-05
4.0029e-05
4.00293e-05
4.00299e-05
4.00308e-05
4.00322e-05
4.00343e-05
4.00372e-05
4.00413e-05
4.00472e-05
4.00558e-05
4.00664e-05
4.00818e-05
4.00956e-05
4.01591e-05
4.04041e-05
4.07161e-05
4.08457e-05
4.03529e-05
3.80587e-05
3.3892e-05
2.11817e-05
8.3203e-06
4.55643e-06
0
0
0.000121065
0.000851697
0.000974671
0.0240613
4.00368e-05
4.00377e-05
4.00429e-05
4.00398e-05
4.00382e-05
4.00377e-05
4.0037e-05
4.0036e-05
4.00348e-05
4.0034e-05
4.00335e-05
4.00334e-05
4.00336e-05
4.00341e-05
4.00349e-05
4.00361e-05
4.00377e-05
4.00398e-05
4.00423e-05
4.00453e-05
4.00488e-05
4.00528e-05
4.00575e-05
4.00636e-05
4.00715e-05
4.00831e-05
4.0094e-05
4.01235e-05
4.00856e-05
4.0428e-05
4.04109e-05
3.82786e-05
3.03255e-05
3.51943e-06
7.72788e-06
3.47284e-06
0
0.00015402
0.00240907
4.00331e-05
4.00305e-05
4.00306e-05
4.00302e-05
4.00295e-05
4.00292e-05
4.00289e-05
4.00285e-05
4.00284e-05
4.00282e-05
4.00281e-05
4.00281e-05
4.00281e-05
4.00281e-05
4.00282e-05
4.00283e-05
4.00287e-05
4.00293e-05
4.00302e-05
4.00319e-05
4.00342e-05
4.00371e-05
4.00407e-05
4.00406e-05
4.005e-05
4.01275e-05
4.02928e-05
4.05826e-05
4.10556e-05
4.15266e-05
4.04688e-05
3.57309e-05
2.10483e-05
8.41304e-06
4.48294e-06
0
0
0.00037548
0.0079863
4.00342e-05
4.0036e-05
4.00404e-05
4.00379e-05
4.00365e-05
4.0036e-05
4.00353e-05
4.00342e-05
4.00332e-05
4.00325e-05
4.00321e-05
4.00319e-05
4.00319e-05
4.00318e-05
4.00318e-05
4.0032e-05
4.00322e-05
4.00324e-05
4.00327e-05
4.0033e-05
4.00332e-05
4.00332e-05
4.00333e-05
4.00339e-05
4.00352e-05
4.00373e-05
4.00403e-05
4.00452e-05
4.00455e-05
4.00572e-05
4.01497e-05
4.03317e-05
4.06702e-05
3.81822e-05
3.46781e-05
1.5628e-05
7.67982e-06
4.1252e-07
2.25295e-05
4.00313e-05
4.00292e-05
4.00295e-05
4.00292e-05
4.00286e-05
4.00284e-05
4.00281e-05
4.00277e-05
4.00276e-05
4.00274e-05
4.00273e-05
4.00272e-05
4.0027e-05
4.0027e-05
4.00272e-05
4.00275e-05
4.00279e-05
4.00287e-05
4.00298e-05
4.00316e-05
4.00341e-05
4.0037e-05
4.00399e-05
4.00422e-05
4.00406e-05
4.00366e-05
4.00437e-05
4.00768e-05
4.0192e-05
4.04607e-05
4.11106e-05
4.16553e-05
4.02839e-05
3.5984e-05
2.04212e-05
8.0747e-06
0
3.39668e-05
0.00179023
4.00323e-05
4.00346e-05
4.00385e-05
4.00364e-05
4.00352e-05
4.00348e-05
4.00341e-05
4.0033e-05
4.00322e-05
4.00317e-05
4.00314e-05
4.00313e-05
4.00313e-05
4.00312e-05
4.00313e-05
4.00314e-05
4.00317e-05
4.00321e-05
4.00327e-05
4.00335e-05
4.00344e-05
4.00355e-05
4.00368e-05
4.00384e-05
4.00405e-05
4.00433e-05
4.00472e-05
4.00518e-05
4.00575e-05
4.00598e-05
4.00718e-05
4.01196e-05
4.02889e-05
4.06738e-05
4.11856e-05
3.96205e-05
3.28976e-05
6.11307e-06
5.35327e-06
4.00298e-05
4.00283e-05
4.00287e-05
4.00284e-05
4.00279e-05
4.00277e-05
4.00274e-05
4.00272e-05
4.0027e-05
4.00269e-05
4.00268e-05
4.00268e-05
4.00269e-05
4.00269e-05
4.00269e-05
4.00269e-05
4.00268e-05
4.00268e-05
4.00269e-05
4.0027e-05
4.00272e-05
4.00277e-05
4.00289e-05
4.00308e-05
4.0033e-05
4.00338e-05
4.00319e-05
4.00254e-05
4.00164e-05
4.00283e-05
4.01597e-05
4.05176e-05
4.10812e-05
4.19976e-05
3.9951e-05
3.43409e-05
8.72839e-06
0
0.000424686
4.00307e-05
4.00334e-05
4.0037e-05
4.00352e-05
4.00341e-05
4.00338e-05
4.00331e-05
4.0032e-05
4.00314e-05
4.0031e-05
4.00308e-05
4.00307e-05
4.00307e-05
4.00306e-05
4.00305e-05
4.00305e-05
4.00305e-05
4.00306e-05
4.00307e-05
4.00309e-05
4.00312e-05
4.00315e-05
4.00318e-05
4.00321e-05
4.00324e-05
4.00326e-05
4.00328e-05
4.00329e-05
4.00335e-05
4.00347e-05
4.00357e-05
4.00391e-05
4.00396e-05
4.01175e-05
4.04371e-05
4.0672e-05
4.38069e-05
2.42116e-05
6.7149e-07
4.00287e-05
4.00276e-05
4.0028e-05
4.00277e-05
4.00274e-05
4.00272e-05
4.0027e-05
4.00268e-05
4.00267e-05
4.00265e-05
4.00265e-05
4.00265e-05
4.00265e-05
4.00265e-05
4.00265e-05
4.00265e-05
4.00266e-05
4.00267e-05
4.0027e-05
4.00275e-05
4.00283e-05
4.00293e-05
4.00304e-05
4.00316e-05
4.00332e-05
4.00352e-05
4.0037e-05
4.00378e-05
4.00345e-05
4.00247e-05
4.00111e-05
4.00221e-05
4.01266e-05
4.06238e-05
4.13809e-05
4.25802e-05
3.57471e-05
4.77299e-06
0
4.00295e-05
4.00324e-05
4.00357e-05
4.00342e-05
4.00332e-05
4.00329e-05
4.00322e-05
4.00313e-05
4.00307e-05
4.00304e-05
4.00303e-05
4.00303e-05
4.00302e-05
4.00301e-05
4.003e-05
4.00299e-05
4.00299e-05
4.00299e-05
4.00299e-05
4.00301e-05
4.00303e-05
4.00306e-05
4.0031e-05
4.00315e-05
4.00321e-05
4.0033e-05
4.00342e-05
4.00358e-05
4.00376e-05
4.00394e-05
4.00412e-05
4.00427e-05
4.00426e-05
4.00313e-05
4.00598e-05
4.00706e-05
4.07475e-05
4.46008e-05
8.00979e-07
4.00278e-05
4.0027e-05
4.00276e-05
4.00273e-05
4.0027e-05
4.00269e-05
4.00267e-05
4.00265e-05
4.00264e-05
4.00263e-05
4.00262e-05
4.00262e-05
4.00263e-05
4.00264e-05
4.00265e-05
4.00266e-05
4.00267e-05
4.00267e-05
4.00268e-05
4.0027e-05
4.00273e-05
4.00278e-05
4.00285e-05
4.00296e-05
4.0031e-05
4.00328e-05
4.00349e-05
4.00375e-05
4.00399e-05
4.0041e-05
4.00381e-05
4.00236e-05
4.0001e-05
3.99859e-05
4.03492e-05
4.04661e-05
4.63906e-05
1.7799e-05
3.92814e-07
4.00286e-05
4.00316e-05
4.00346e-05
4.00333e-05
4.00324e-05
4.00321e-05
4.00314e-05
4.00306e-05
4.00302e-05
4.00299e-05
4.00299e-05
4.00299e-05
4.00298e-05
4.00297e-05
4.00296e-05
4.00295e-05
4.00295e-05
4.00294e-05
4.00294e-05
4.00294e-05
4.00294e-05
4.00295e-05
4.00297e-05
4.00299e-05
4.00302e-05
4.00305e-05
4.0031e-05
4.00316e-05
4.00325e-05
4.00337e-05
4.00352e-05
4.00373e-05
4.00383e-05
4.00471e-05
4.00007e-05
4.02035e-05
3.90549e-05
4.52591e-05
2.58335e-05
4.00272e-05
4.00266e-05
4.00272e-05
4.00269e-05
4.00267e-05
4.00266e-05
4.00264e-05
4.00263e-05
4.00262e-05
4.00261e-05
4.00261e-05
4.00261e-05
4.00262e-05
4.00263e-05
4.00265e-05
4.00266e-05
4.00267e-05
4.00267e-05
4.00268e-05
4.0027e-05
4.00273e-05
4.00277e-05
4.00283e-05
4.00291e-05
4.00302e-05
4.00316e-05
4.00333e-05
4.00353e-05
4.00378e-05
4.00407e-05
4.00445e-05
4.00445e-05
4.00459e-05
3.99799e-05
4.0118e-05
3.94332e-05
4.2974e-05
3.94047e-05
5.62863e-06
4.00278e-05
4.00309e-05
4.00337e-05
4.00326e-05
4.00318e-05
4.00314e-05
4.00308e-05
4.00301e-05
4.00297e-05
4.00295e-05
4.00295e-05
4.00295e-05
4.00294e-05
4.00293e-05
4.00292e-05
4.00292e-05
4.00292e-05
4.00292e-05
4.00292e-05
4.00291e-05
4.00291e-05
4.00291e-05
4.00292e-05
4.00294e-05
4.00296e-05
4.00299e-05
4.00304e-05
4.00311e-05
4.0032e-05
4.0033e-05
4.00341e-05
4.0036e-05
4.00356e-05
4.00474e-05
4.00067e-05
4.01896e-05
3.94249e-05
4.18982e-05
3.77148e-05
4.00267e-05
4.00263e-05
4.00269e-05
4.00267e-05
4.00265e-05
4.00264e-05
4.00262e-05
4.00261e-05
4.0026e-05
4.0026e-05
4.0026e-05
4.00261e-05
4.00262e-05
4.00264e-05
4.00265e-05
4.00267e-05
4.00268e-05
4.00269e-05
4.00269e-05
4.0027e-05
4.00272e-05
4.00275e-05
4.0028e-05
4.00286e-05
4.00295e-05
4.00306e-05
4.0032e-05
4.00337e-05
4.00357e-05
4.0038e-05
4.00413e-05
4.00439e-05
4.00531e-05
4.00341e-05
4.00794e-05
3.98587e-05
3.9725e-05
4.51115e-05
2.12659e-05
4.00273e-05
4.00303e-05
4.00329e-05
4.00319e-05
4.00312e-05
4.00309e-05
4.00303e-05
4.00296e-05
4.00293e-05
4.00291e-05
4.00291e-05
4.00291e-05
4.00291e-05
4.0029e-05
4.00289e-05
4.00288e-05
4.00288e-05
4.00289e-05
4.00289e-05
4.0029e-05
4.0029e-05
4.0029e-05
4.0029e-05
4.0029e-05
4.00291e-05
4.00293e-05
4.00295e-05
4.003e-05
4.00305e-05
4.00313e-05
4.00322e-05
4.00337e-05
4.00341e-05
4.00401e-05
4.00258e-05
4.00883e-05
3.99114e-05
4.02294e-05
4.04175e-05
4.00263e-05
4.00261e-05
4.00266e-05
4.00265e-05
4.00264e-05
4.00262e-05
4.00261e-05
4.0026e-05
4.0026e-05
4.0026e-05
4.00261e-05
4.00262e-05
4.00264e-05
4.00265e-05
4.00267e-05
4.00268e-05
4.0027e-05
4.00271e-05
4.00271e-05
4.00272e-05
4.00273e-05
4.00275e-05
4.00279e-05
4.00283e-05
4.0029e-05
4.00299e-05
4.00311e-05
4.00325e-05
4.00342e-05
4.00362e-05
4.00385e-05
4.00411e-05
4.00452e-05
4.00525e-05
4.00333e-05
4.01919e-05
3.91222e-05
4.33856e-05
3.41911e-05
4.00268e-05
4.00297e-05
4.00322e-05
4.00313e-05
4.00306e-05
4.00304e-05
4.00298e-05
4.00292e-05
4.00289e-05
4.00288e-05
4.00287e-05
4.00287e-05
4.00287e-05
4.00286e-05
4.00285e-05
4.00285e-05
4.00285e-05
4.00285e-05
4.00286e-05
4.00287e-05
4.00287e-05
4.00288e-05
4.00288e-05
4.00288e-05
4.00288e-05
4.00289e-05
4.00291e-05
4.00294e-05
4.00299e-05
4.00305e-05
4.00313e-05
4.00323e-05
4.00333e-05
4.00352e-05
4.00359e-05
4.00374e-05
4.00663e-05
3.99091e-05
4.04198e-05
4.0026e-05
4.00259e-05
4.00264e-05
4.00264e-05
4.00262e-05
4.0026e-05
4.00259e-05
4.0026e-05
4.0026e-05
4.00262e-05
4.00263e-05
4.00264e-05
4.00265e-05
4.00266e-05
4.00268e-05
4.00269e-05
4.00271e-05
4.00272e-05
4.00273e-05
4.00273e-05
4.00274e-05
4.00275e-05
4.00278e-05
4.00281e-05
4.00287e-05
4.00294e-05
4.00304e-05
4.00316e-05
4.00331e-05
4.00348e-05
4.00367e-05
4.00393e-05
4.00402e-05
4.00524e-05
4.00195e-05
4.01919e-05
3.95622e-05
4.11762e-05
3.9349e-05
4.00265e-05
4.00293e-05
4.00316e-05
4.00308e-05
4.00301e-05
4.00299e-05
4.00294e-05
4.00289e-05
4.00286e-05
4.00284e-05
4.00284e-05
4.00284e-05
4.00284e-05
4.00283e-05
4.00282e-05
4.00281e-05
4.00281e-05
4.00282e-05
4.00283e-05
4.00284e-05
4.00285e-05
4.00286e-05
4.00286e-05
4.00287e-05
4.00287e-05
4.00287e-05
4.00288e-05
4.0029e-05
4.00294e-05
4.00298e-05
4.00304e-05
4.00312e-05
4.00323e-05
4.0033e-05
4.00366e-05
4.00294e-05
4.00662e-05
3.99655e-05
4.01564e-05
4.00257e-05
4.00258e-05
4.00263e-05
4.00263e-05
4.00261e-05
4.00259e-05
4.00259e-05
4.0026e-05
4.00261e-05
4.00263e-05
4.00264e-05
4.00266e-05
4.00267e-05
4.00268e-05
4.00269e-05
4.00271e-05
4.00272e-05
4.00273e-05
4.00274e-05
4.00274e-05
4.00275e-05
4.00276e-05
4.00278e-05
4.0028e-05
4.00285e-05
4.00291e-05
4.00299e-05
4.00309e-05
4.00322e-05
4.00337e-05
4.00353e-05
4.00377e-05
4.00385e-05
4.00469e-05
4.003e-05
4.01031e-05
3.99342e-05
4.01762e-05
4.0439e-05
4.00262e-05
4.00289e-05
4.0031e-05
4.00303e-05
4.00297e-05
4.00295e-05
4.0029e-05
4.00285e-05
4.00283e-05
4.00281e-05
4.00281e-05
4.00281e-05
4.0028e-05
4.0028e-05
4.00278e-05
4.00278e-05
4.00278e-05
4.00278e-05
4.00279e-05
4.0028e-05
4.00281e-05
4.00283e-05
4.00284e-05
4.00285e-05
4.00286e-05
4.00286e-05
4.00286e-05
4.00287e-05
4.00289e-05
4.00293e-05
4.00298e-05
4.00304e-05
4.00313e-05
4.0032e-05
4.00344e-05
4.00321e-05
4.00457e-05
4.00236e-05
4.00503e-05
4.00256e-05
4.00257e-05
4.00261e-05
4.00261e-05
4.0026e-05
4.00258e-05
4.00259e-05
4.00261e-05
4.00262e-05
4.00264e-05
4.00266e-05
4.00267e-05
4.00269e-05
4.0027e-05
4.00271e-05
4.00272e-05
4.00273e-05
4.00274e-05
4.00275e-05
4.00276e-05
4.00276e-05
4.00277e-05
4.00278e-05
4.0028e-05
4.00283e-05
4.00288e-05
4.00295e-05
4.00304e-05
4.00314e-05
4.00327e-05
4.00342e-05
4.00362e-05
4.00377e-05
4.00418e-05
4.00402e-05
4.00517e-05
4.00628e-05
3.99606e-05
4.0341e-05
4.0026e-05
4.00285e-05
4.00305e-05
4.00299e-05
4.00293e-05
4.00291e-05
4.00286e-05
4.00282e-05
4.00279e-05
4.00278e-05
4.00278e-05
4.00277e-05
4.00277e-05
4.00276e-05
4.00275e-05
4.00275e-05
4.00274e-05
4.00275e-05
4.00275e-05
4.00277e-05
4.00278e-05
4.00279e-05
4.00281e-05
4.00282e-05
4.00283e-05
4.00284e-05
4.00284e-05
4.00284e-05
4.00286e-05
4.00288e-05
4.00292e-05
4.00297e-05
4.00304e-05
4.00312e-05
4.00325e-05
4.00333e-05
4.00361e-05
4.00402e-05
4.0033e-05
4.00254e-05
4.00257e-05
4.0026e-05
4.0026e-05
4.00259e-05
4.00258e-05
4.00259e-05
4.00261e-05
4.00264e-05
4.00266e-05
4.00268e-05
4.00269e-05
4.0027e-05
4.00271e-05
4.00272e-05
4.00274e-05
4.00275e-05
4.00276e-05
4.00277e-05
4.00277e-05
4.00277e-05
4.00278e-05
4.00278e-05
4.0028e-05
4.00282e-05
4.00286e-05
4.00292e-05
4.00299e-05
4.00309e-05
4.0032e-05
4.00333e-05
4.00349e-05
4.00368e-05
4.00388e-05
4.00427e-05
4.00385e-05
4.0072e-05
3.99888e-05
4.0151e-05
4.00258e-05
4.00282e-05
4.003e-05
4.00295e-05
4.0029e-05
4.00288e-05
4.00283e-05
4.00279e-05
4.00276e-05
4.00275e-05
4.00274e-05
4.00274e-05
4.00274e-05
4.00273e-05
4.00272e-05
4.00271e-05
4.00271e-05
4.00271e-05
4.00272e-05
4.00273e-05
4.00274e-05
4.00276e-05
4.00277e-05
4.00279e-05
4.0028e-05
4.00282e-05
4.00282e-05
4.00282e-05
4.00283e-05
4.00285e-05
4.00288e-05
4.00292e-05
4.00297e-05
4.00305e-05
4.00314e-05
4.00328e-05
4.00336e-05
4.00398e-05
4.00353e-05
4.00254e-05
4.00256e-05
4.00258e-05
4.00259e-05
4.00258e-05
4.00258e-05
4.0026e-05
4.00263e-05
4.00265e-05
4.00267e-05
4.00269e-05
4.00271e-05
4.00272e-05
4.00273e-05
4.00274e-05
4.00275e-05
4.00276e-05
4.00277e-05
4.00277e-05
4.00278e-05
4.00278e-05
4.00278e-05
4.00279e-05
4.0028e-05
4.00282e-05
4.00285e-05
4.0029e-05
4.00296e-05
4.00304e-05
4.00314e-05
4.00326e-05
4.00339e-05
4.00357e-05
4.00373e-05
4.00412e-05
4.00388e-05
4.00568e-05
4.00315e-05
4.00678e-05
4.00257e-05
4.00279e-05
4.00296e-05
4.00291e-05
4.00286e-05
4.00284e-05
4.0028e-05
4.00276e-05
4.00274e-05
4.00272e-05
4.00271e-05
4.00271e-05
4.0027e-05
4.00269e-05
4.00268e-05
4.00268e-05
4.00267e-05
4.00268e-05
4.00268e-05
4.00269e-05
4.0027e-05
4.00272e-05
4.00274e-05
4.00276e-05
4.00277e-05
4.00279e-05
4.0028e-05
4.0028e-05
4.0028e-05
4.00281e-05
4.00283e-05
4.00287e-05
4.00291e-05
4.00298e-05
4.00306e-05
4.00317e-05
4.00328e-05
4.00369e-05
4.00368e-05
4.00253e-05
4.00256e-05
4.00257e-05
4.00258e-05
4.00258e-05
4.00258e-05
4.00261e-05
4.00264e-05
4.00266e-05
4.00269e-05
4.00271e-05
4.00272e-05
4.00274e-05
4.00275e-05
4.00275e-05
4.00276e-05
4.00277e-05
4.00277e-05
4.00278e-05
4.00279e-05
4.00279e-05
4.00279e-05
4.0028e-05
4.00281e-05
4.00282e-05
4.00285e-05
4.00289e-05
4.00294e-05
4.00301e-05
4.00309e-05
4.00319e-05
4.00332e-05
4.00347e-05
4.00363e-05
4.00391e-05
4.004e-05
4.00466e-05
4.00475e-05
4.00497e-05
4.00256e-05
4.00277e-05
4.00292e-05
4.00288e-05
4.00283e-05
4.00281e-05
4.00277e-05
4.00273e-05
4.00271e-05
4.00269e-05
4.00268e-05
4.00267e-05
4.00267e-05
4.00266e-05
4.00265e-05
4.00264e-05
4.00264e-05
4.00264e-05
4.00265e-05
4.00266e-05
4.00267e-05
4.00269e-05
4.0027e-05
4.00272e-05
4.00274e-05
4.00276e-05
4.00277e-05
4.00278e-05
4.00278e-05
4.00279e-05
4.0028e-05
4.00282e-05
4.00286e-05
4.00291e-05
4.00298e-05
4.00308e-05
4.00321e-05
4.00349e-05
4.00361e-05
4.00253e-05
4.00256e-05
4.00256e-05
4.00257e-05
4.00258e-05
4.00259e-05
4.00262e-05
4.00265e-05
4.00267e-05
4.0027e-05
4.00272e-05
4.00274e-05
4.00275e-05
4.00276e-05
4.00277e-05
4.00277e-05
4.00278e-05
4.00279e-05
4.00279e-05
4.0028e-05
4.0028e-05
4.0028e-05
4.00281e-05
4.00281e-05
4.00282e-05
4.00285e-05
4.00288e-05
4.00292e-05
4.00298e-05
4.00305e-05
4.00314e-05
4.00325e-05
4.00339e-05
4.00354e-05
4.00375e-05
4.00397e-05
4.00427e-05
4.00486e-05
4.00497e-05
4.00255e-05
4.00275e-05
4.00289e-05
4.00284e-05
4.0028e-05
4.00278e-05
4.00275e-05
4.00271e-05
4.00268e-05
4.00266e-05
4.00265e-05
4.00264e-05
4.00264e-05
4.00263e-05
4.00262e-05
4.00261e-05
4.0026e-05
4.00261e-05
4.00261e-05
4.00262e-05
4.00263e-05
4.00265e-05
4.00267e-05
4.00269e-05
4.00271e-05
4.00272e-05
4.00274e-05
4.00275e-05
4.00276e-05
4.00276e-05
4.00277e-05
4.00279e-05
4.00281e-05
4.00286e-05
4.00292e-05
4.003e-05
4.00313e-05
4.00336e-05
4.0035e-05
4.00253e-05
4.00255e-05
4.00255e-05
4.00256e-05
4.00258e-05
4.00259e-05
4.00263e-05
4.00266e-05
4.00268e-05
4.00271e-05
4.00273e-05
4.00275e-05
4.00276e-05
4.00277e-05
4.00278e-05
4.00279e-05
4.00279e-05
4.0028e-05
4.0028e-05
4.00281e-05
4.00281e-05
4.00281e-05
4.00281e-05
4.00282e-05
4.00283e-05
4.00285e-05
4.00287e-05
4.00291e-05
4.00296e-05
4.00302e-05
4.0031e-05
4.0032e-05
4.00332e-05
4.00347e-05
4.00365e-05
4.00387e-05
4.00413e-05
4.00458e-05
4.00504e-05
4.00254e-05
4.00272e-05
4.00286e-05
4.00281e-05
4.00277e-05
4.00276e-05
4.00272e-05
4.00268e-05
4.00265e-05
4.00263e-05
4.00262e-05
4.00261e-05
4.0026e-05
4.00259e-05
4.00258e-05
4.00258e-05
4.00257e-05
4.00257e-05
4.00258e-05
4.00258e-05
4.0026e-05
4.00261e-05
4.00263e-05
4.00265e-05
4.00267e-05
4.00269e-05
4.00271e-05
4.00272e-05
4.00274e-05
4.00274e-05
4.00274e-05
4.00275e-05
4.00278e-05
4.00281e-05
4.00287e-05
4.00294e-05
4.00305e-05
4.00326e-05
4.00339e-05
4.00253e-05
4.00255e-05
4.00254e-05
4.00256e-05
4.00258e-05
4.0026e-05
4.00264e-05
4.00267e-05
4.00269e-05
4.00272e-05
4.00274e-05
4.00276e-05
4.00277e-05
4.00279e-05
4.00279e-05
4.0028e-05
4.00281e-05
4.00281e-05
4.00282e-05
4.00282e-05
4.00282e-05
4.00282e-05
4.00283e-05
4.00283e-05
4.00284e-05
4.00286e-05
4.00288e-05
4.00291e-05
4.00295e-05
4.003e-05
4.00307e-05
4.00316e-05
4.00327e-05
4.0034e-05
4.00356e-05
4.00376e-05
4.00404e-05
4.00434e-05
4.00494e-05
4.00253e-05
4.0027e-05
4.00282e-05
4.00279e-05
4.00275e-05
4.00273e-05
4.0027e-05
4.00266e-05
4.00263e-05
4.0026e-05
4.00259e-05
4.00258e-05
4.00257e-05
4.00256e-05
4.00255e-05
4.00254e-05
4.00254e-05
4.00254e-05
4.00254e-05
4.00255e-05
4.00256e-05
4.00258e-05
4.0026e-05
4.00262e-05
4.00264e-05
4.00266e-05
4.00268e-05
4.00269e-05
4.00271e-05
4.00272e-05
4.00272e-05
4.00273e-05
4.00274e-05
4.00277e-05
4.00281e-05
4.00288e-05
4.00298e-05
4.00316e-05
4.0033e-05
4.00254e-05
4.00255e-05
4.00253e-05
4.00256e-05
4.00258e-05
4.00261e-05
4.00264e-05
4.00267e-05
4.0027e-05
4.00273e-05
4.00275e-05
4.00277e-05
4.00278e-05
4.0028e-05
4.00281e-05
4.00282e-05
4.00282e-05
4.00283e-05
4.00283e-05
4.00284e-05
4.00284e-05
4.00284e-05
4.00285e-05
4.00285e-05
4.00286e-05
4.00287e-05
4.00289e-05
4.00292e-05
4.00295e-05
4.003e-05
4.00306e-05
4.00313e-05
4.00323e-05
4.00334e-05
4.0035e-05
4.00367e-05
4.00395e-05
4.00418e-05
4.00478e-05
4.00253e-05
4.00268e-05
4.0028e-05
4.00276e-05
4.00272e-05
4.00271e-05
4.00267e-05
4.00263e-05
4.0026e-05
4.00257e-05
4.00256e-05
4.00255e-05
4.00254e-05
4.00253e-05
4.00252e-05
4.00251e-05
4.00251e-05
4.00251e-05
4.00251e-05
4.00252e-05
4.00253e-05
4.00254e-05
4.00256e-05
4.00258e-05
4.00261e-05
4.00263e-05
4.00265e-05
4.00266e-05
4.00268e-05
4.00269e-05
4.0027e-05
4.0027e-05
4.00271e-05
4.00273e-05
4.00277e-05
4.00283e-05
4.00292e-05
4.00308e-05
4.00321e-05
4.00254e-05
4.00254e-05
4.00252e-05
4.00256e-05
4.00259e-05
4.00261e-05
4.00265e-05
4.00268e-05
4.00271e-05
4.00273e-05
4.00276e-05
4.00278e-05
4.00279e-05
4.00281e-05
4.00282e-05
4.00283e-05
4.00284e-05
4.00284e-05
4.00285e-05
4.00285e-05
4.00286e-05
4.00286e-05
4.00287e-05
4.00288e-05
4.00288e-05
4.00289e-05
4.00291e-05
4.00293e-05
4.00296e-05
4.003e-05
4.00305e-05
4.00312e-05
4.0032e-05
4.00331e-05
4.00344e-05
4.0036e-05
4.00386e-05
4.00405e-05
4.00462e-05
4.00252e-05
4.00267e-05
4.00277e-05
4.00273e-05
4.0027e-05
4.00268e-05
4.00265e-05
4.00261e-05
4.00257e-05
4.00255e-05
4.00253e-05
4.00252e-05
4.00251e-05
4.0025e-05
4.00249e-05
4.00248e-05
4.00248e-05
4.00248e-05
4.00248e-05
4.00249e-05
4.0025e-05
4.00251e-05
4.00253e-05
4.00255e-05
4.00257e-05
4.00259e-05
4.00261e-05
4.00263e-05
4.00265e-05
4.00267e-05
4.00268e-05
4.00268e-05
4.00269e-05
4.0027e-05
4.00274e-05
4.00278e-05
4.00287e-05
4.003e-05
4.00313e-05
4.00254e-05
4.00254e-05
4.00252e-05
4.00256e-05
4.00259e-05
4.00262e-05
4.00266e-05
4.00269e-05
4.00271e-05
4.00274e-05
4.00276e-05
4.00278e-05
4.0028e-05
4.00282e-05
4.00283e-05
4.00284e-05
4.00285e-05
4.00286e-05
4.00286e-05
4.00287e-05
4.00288e-05
4.00288e-05
4.00289e-05
4.0029e-05
4.0029e-05
4.00291e-05
4.00293e-05
4.00295e-05
4.00297e-05
4.00301e-05
4.00305e-05
4.00311e-05
4.00319e-05
4.00328e-05
4.00341e-05
4.00354e-05
4.00379e-05
4.00395e-05
4.00448e-05
4.00252e-05
4.00265e-05
4.00274e-05
4.00271e-05
4.00267e-05
4.00266e-05
4.00263e-05
4.00258e-05
4.00255e-05
4.00252e-05
4.0025e-05
4.00249e-05
4.00248e-05
4.00247e-05
4.00246e-05
4.00245e-05
4.00245e-05
4.00245e-05
4.00245e-05
4.00246e-05
4.00247e-05
4.00248e-05
4.0025e-05
4.00252e-05
4.00254e-05
4.00256e-05
4.00258e-05
4.0026e-05
4.00262e-05
4.00264e-05
4.00266e-05
4.00266e-05
4.00267e-05
4.00268e-05
4.0027e-05
4.00274e-05
4.00282e-05
4.00293e-05
4.00306e-05
4.00254e-05
4.00253e-05
4.00252e-05
4.00256e-05
4.0026e-05
4.00262e-05
4.00266e-05
4.00269e-05
4.00272e-05
4.00275e-05
4.00277e-05
4.00279e-05
4.00281e-05
4.00282e-05
4.00284e-05
4.00285e-05
4.00286e-05
4.00287e-05
4.00288e-05
4.00289e-05
4.00289e-05
4.0029e-05
4.00291e-05
4.00292e-05
4.00292e-05
4.00293e-05
4.00295e-05
4.00296e-05
4.00298e-05
4.00302e-05
4.00306e-05
4.00311e-05
4.00318e-05
4.00326e-05
4.00338e-05
4.0035e-05
4.00373e-05
4.00387e-05
4.00437e-05
4.00251e-05
4.00263e-05
4.00272e-05
4.00268e-05
4.00265e-05
4.00263e-05
4.0026e-05
4.00256e-05
4.00253e-05
4.0025e-05
4.00248e-05
4.00246e-05
4.00245e-05
4.00244e-05
4.00243e-05
4.00242e-05
4.00242e-05
4.00242e-05
4.00242e-05
4.00243e-05
4.00244e-05
4.00245e-05
4.00247e-05
4.00249e-05
4.00251e-05
4.00253e-05
4.00256e-05
4.00258e-05
4.0026e-05
4.00262e-05
4.00263e-05
4.00265e-05
4.00265e-05
4.00266e-05
4.00267e-05
4.00271e-05
4.00277e-05
4.00287e-05
4.00299e-05
4.00254e-05
4.00253e-05
4.00252e-05
4.00257e-05
4.0026e-05
4.00263e-05
4.00266e-05
4.0027e-05
4.00272e-05
4.00275e-05
4.00278e-05
4.0028e-05
4.00282e-05
4.00283e-05
4.00285e-05
4.00286e-05
4.00287e-05
4.00288e-05
4.00289e-05
4.0029e-05
4.00291e-05
4.00292e-05
4.00293e-05
4.00294e-05
4.00294e-05
4.00295e-05
4.00296e-05
4.00298e-05
4.003e-05
4.00303e-05
4.00306e-05
4.00311e-05
4.00317e-05
4.00325e-05
4.00336e-05
4.00347e-05
4.00369e-05
4.0038e-05
4.00428e-05
4.00251e-05
4.00261e-05
4.00269e-05
4.00266e-05
4.00263e-05
4.00261e-05
4.00258e-05
4.00254e-05
4.0025e-05
4.00247e-05
4.00245e-05
4.00244e-05
4.00242e-05
4.00241e-05
4.0024e-05
4.0024e-05
4.00239e-05
4.00239e-05
4.0024e-05
4.00241e-05
4.00242e-05
4.00243e-05
4.00245e-05
4.00247e-05
4.00249e-05
4.00251e-05
4.00253e-05
4.00255e-05
4.00257e-05
4.00259e-05
4.00261e-05
4.00263e-05
4.00263e-05
4.00264e-05
4.00265e-05
4.00268e-05
4.00274e-05
4.00281e-05
4.00292e-05
4.00253e-05
4.00253e-05
4.00252e-05
4.00257e-05
4.0026e-05
4.00263e-05
4.00267e-05
4.0027e-05
4.00273e-05
4.00276e-05
4.00278e-05
4.0028e-05
4.00282e-05
4.00284e-05
4.00286e-05
4.00287e-05
4.00288e-05
4.00289e-05
4.0029e-05
4.00291e-05
4.00292e-05
4.00293e-05
4.00294e-05
4.00295e-05
4.00296e-05
4.00297e-05
4.00299e-05
4.003e-05
4.00302e-05
4.00304e-05
4.00307e-05
4.00312e-05
4.00317e-05
4.00324e-05
4.00334e-05
4.00345e-05
4.00365e-05
4.00375e-05
4.0042e-05
4.0025e-05
4.0026e-05
4.00267e-05
4.00263e-05
4.0026e-05
4.00259e-05
4.00256e-05
4.00251e-05
4.00248e-05
4.00245e-05
4.00243e-05
4.00241e-05
4.00239e-05
4.00238e-05
4.00237e-05
4.00237e-05
4.00237e-05
4.00237e-05
4.00238e-05
4.00238e-05
4.00239e-05
4.00241e-05
4.00242e-05
4.00244e-05
4.00246e-05
4.00248e-05
4.0025e-05
4.00252e-05
4.00255e-05
4.00257e-05
4.00259e-05
4.0026e-05
4.00262e-05
4.00262e-05
4.00263e-05
4.00265e-05
4.0027e-05
4.00276e-05
4.00286e-05
4.00253e-05
4.00252e-05
4.00252e-05
4.00257e-05
4.0026e-05
4.00263e-05
4.00267e-05
4.0027e-05
4.00273e-05
4.00276e-05
4.00279e-05
4.00281e-05
4.00283e-05
4.00285e-05
4.00286e-05
4.00288e-05
4.00289e-05
4.00291e-05
4.00292e-05
4.00293e-05
4.00294e-05
4.00295e-05
4.00296e-05
4.00297e-05
4.00298e-05
4.00299e-05
4.003e-05
4.00302e-05
4.00303e-05
4.00306e-05
4.00309e-05
4.00313e-05
4.00318e-05
4.00324e-05
4.00333e-05
4.00343e-05
4.00362e-05
4.0037e-05
4.00413e-05
4.00249e-05
4.00258e-05
4.00264e-05
4.00261e-05
4.00258e-05
4.00256e-05
4.00253e-05
4.00249e-05
4.00245e-05
4.00242e-05
4.0024e-05
4.00238e-05
4.00237e-05
4.00236e-05
4.00235e-05
4.00235e-05
4.00235e-05
4.00235e-05
4.00235e-05
4.00236e-05
4.00237e-05
4.00238e-05
4.0024e-05
4.00242e-05
4.00244e-05
4.00246e-05
4.00248e-05
4.0025e-05
4.00252e-05
4.00254e-05
4.00256e-05
4.00258e-05
4.0026e-05
4.0026e-05
4.00261e-05
4.00262e-05
4.00267e-05
4.00272e-05
4.0028e-05
4.00252e-05
4.00252e-05
4.00252e-05
4.00257e-05
4.0026e-05
4.00263e-05
4.00267e-05
4.0027e-05
4.00274e-05
4.00277e-05
4.00279e-05
4.00281e-05
4.00284e-05
4.00285e-05
4.00287e-05
4.00289e-05
4.0029e-05
4.00292e-05
4.00293e-05
4.00294e-05
4.00295e-05
4.00297e-05
4.00298e-05
4.00299e-05
4.003e-05
4.00301e-05
4.00302e-05
4.00304e-05
4.00305e-05
4.00307e-05
4.0031e-05
4.00314e-05
4.00318e-05
4.00324e-05
4.00333e-05
4.00342e-05
4.00359e-05
4.00366e-05
4.00406e-05
4.00249e-05
4.00256e-05
4.00262e-05
4.00259e-05
4.00256e-05
4.00254e-05
4.0025e-05
4.00246e-05
4.00243e-05
4.0024e-05
4.00237e-05
4.00236e-05
4.00234e-05
4.00233e-05
4.00233e-05
4.00232e-05
4.00232e-05
4.00233e-05
4.00233e-05
4.00234e-05
4.00235e-05
4.00236e-05
4.00237e-05
4.00239e-05
4.00241e-05
4.00243e-05
4.00245e-05
4.00247e-05
4.00249e-05
4.00251e-05
4.00253e-05
4.00255e-05
4.00257e-05
4.00258e-05
4.00259e-05
4.0026e-05
4.00264e-05
4.00268e-05
4.00275e-05
4.00252e-05
4.00251e-05
4.00252e-05
4.00257e-05
4.0026e-05
4.00263e-05
4.00267e-05
4.00271e-05
4.00274e-05
4.00277e-05
4.00279e-05
4.00282e-05
4.00284e-05
4.00286e-05
4.00288e-05
4.0029e-05
4.00291e-05
4.00293e-05
4.00294e-05
4.00295e-05
4.00297e-05
4.00298e-05
4.00299e-05
4.00301e-05
4.00302e-05
4.00303e-05
4.00304e-05
4.00305e-05
4.00307e-05
4.00309e-05
4.00312e-05
4.00315e-05
4.00319e-05
4.00325e-05
4.00332e-05
4.00341e-05
4.00357e-05
4.00363e-05
4.00401e-05
4.00248e-05
4.00255e-05
4.0026e-05
4.00256e-05
4.00253e-05
4.00251e-05
4.00248e-05
4.00244e-05
4.0024e-05
4.00237e-05
4.00235e-05
4.00233e-05
4.00232e-05
4.00231e-05
4.0023e-05
4.0023e-05
4.0023e-05
4.0023e-05
4.00231e-05
4.00231e-05
4.00232e-05
4.00233e-05
4.00235e-05
4.00236e-05
4.00238e-05
4.0024e-05
4.00242e-05
4.00244e-05
4.00246e-05
4.00248e-05
4.0025e-05
4.00253e-05
4.00254e-05
4.00256e-05
4.00257e-05
4.00257e-05
4.00261e-05
4.00264e-05
4.0027e-05
4.00251e-05
4.00251e-05
4.00251e-05
4.00256e-05
4.0026e-05
4.00263e-05
4.00267e-05
4.00271e-05
4.00274e-05
4.00277e-05
4.0028e-05
4.00282e-05
4.00284e-05
4.00287e-05
4.00288e-05
4.0029e-05
4.00292e-05
4.00293e-05
4.00295e-05
4.00296e-05
4.00298e-05
4.00299e-05
4.00301e-05
4.00302e-05
4.00303e-05
4.00305e-05
4.00306e-05
4.00307e-05
4.00309e-05
4.00311e-05
4.00313e-05
4.00316e-05
4.0032e-05
4.00325e-05
4.00333e-05
4.0034e-05
4.00356e-05
4.00361e-05
4.00396e-05
4.00247e-05
4.00253e-05
4.00257e-05
4.00254e-05
4.00251e-05
4.00249e-05
4.00245e-05
4.00241e-05
4.00237e-05
4.00235e-05
4.00232e-05
4.0023e-05
4.00229e-05
4.00228e-05
4.00228e-05
4.00228e-05
4.00227e-05
4.00228e-05
4.00228e-05
4.00229e-05
4.00229e-05
4.0023e-05
4.00232e-05
4.00233e-05
4.00235e-05
4.00237e-05
4.00239e-05
4.00241e-05
4.00243e-05
4.00245e-05
4.00247e-05
4.00249e-05
4.00252e-05
4.00253e-05
4.00255e-05
4.00255e-05
4.00258e-05
4.0026e-05
4.00265e-05
4.0025e-05
4.0025e-05
4.00251e-05
4.00256e-05
4.0026e-05
4.00263e-05
4.00267e-05
4.00271e-05
4.00274e-05
4.00277e-05
4.0028e-05
4.00283e-05
4.00285e-05
4.00287e-05
4.00289e-05
4.00291e-05
4.00293e-05
4.00294e-05
4.00296e-05
4.00297e-05
4.00299e-05
4.003e-05
4.00302e-05
4.00304e-05
4.00305e-05
4.00306e-05
4.00308e-05
4.00309e-05
4.00311e-05
4.00313e-05
4.00315e-05
4.00318e-05
4.00322e-05
4.00326e-05
4.00333e-05
4.0034e-05
4.00354e-05
4.00359e-05
4.00392e-05
4.00246e-05
4.00251e-05
4.00255e-05
4.00252e-05
4.00248e-05
4.00246e-05
4.00242e-05
4.00238e-05
4.00235e-05
4.00232e-05
4.00229e-05
4.00227e-05
4.00226e-05
4.00225e-05
4.00225e-05
4.00225e-05
4.00225e-05
4.00225e-05
4.00225e-05
4.00226e-05
4.00227e-05
4.00228e-05
4.00229e-05
4.0023e-05
4.00232e-05
4.00234e-05
4.00235e-05
4.00237e-05
4.00239e-05
4.00242e-05
4.00244e-05
4.00246e-05
4.00248e-05
4.0025e-05
4.00252e-05
4.00253e-05
4.00255e-05
4.00256e-05
4.0026e-05
4.00249e-05
4.00249e-05
4.0025e-05
4.00256e-05
4.0026e-05
4.00263e-05
4.00267e-05
4.00271e-05
4.00274e-05
4.00277e-05
4.0028e-05
4.00283e-05
4.00285e-05
4.00287e-05
4.00289e-05
4.00291e-05
4.00293e-05
4.00295e-05
4.00297e-05
4.00298e-05
4.003e-05
4.00301e-05
4.00303e-05
4.00305e-05
4.00306e-05
4.00308e-05
4.00309e-05
4.00311e-05
4.00312e-05
4.00314e-05
4.00316e-05
4.00319e-05
4.00323e-05
4.00327e-05
4.00334e-05
4.0034e-05
4.00353e-05
4.00357e-05
4.00388e-05
4.00245e-05
4.00249e-05
4.00253e-05
4.00249e-05
4.00246e-05
4.00243e-05
4.00239e-05
4.00235e-05
4.00232e-05
4.00229e-05
4.00226e-05
4.00224e-05
4.00223e-05
4.00222e-05
4.00222e-05
4.00222e-05
4.00222e-05
4.00222e-05
4.00222e-05
4.00223e-05
4.00224e-05
4.00225e-05
4.00226e-05
4.00227e-05
4.00229e-05
4.0023e-05
4.00232e-05
4.00234e-05
4.00236e-05
4.00238e-05
4.00241e-05
4.00243e-05
4.00245e-05
4.00247e-05
4.00249e-05
4.0025e-05
4.00252e-05
4.00253e-05
4.00256e-05
4.00248e-05
4.00248e-05
4.0025e-05
4.00255e-05
4.00259e-05
4.00263e-05
4.00267e-05
4.00271e-05
4.00274e-05
4.00277e-05
4.0028e-05
4.00283e-05
4.00285e-05
4.00288e-05
4.0029e-05
4.00292e-05
4.00294e-05
4.00295e-05
4.00297e-05
4.00299e-05
4.00301e-05
4.00302e-05
4.00304e-05
4.00306e-05
4.00308e-05
4.00309e-05
4.00311e-05
4.00312e-05
4.00314e-05
4.00316e-05
4.00318e-05
4.00321e-05
4.00324e-05
4.00328e-05
4.00334e-05
4.0034e-05
4.00353e-05
4.00356e-05
4.00385e-05
4.00244e-05
4.00248e-05
4.0025e-05
4.00247e-05
4.00243e-05
4.0024e-05
4.00236e-05
4.00232e-05
4.00228e-05
4.00225e-05
4.00223e-05
4.00221e-05
4.0022e-05
4.00219e-05
4.00219e-05
4.00219e-05
4.00219e-05
4.00219e-05
4.00219e-05
4.0022e-05
4.0022e-05
4.00221e-05
4.00223e-05
4.00224e-05
4.00225e-05
4.00227e-05
4.00229e-05
4.0023e-05
4.00232e-05
4.00235e-05
4.00237e-05
4.00239e-05
4.00242e-05
4.00244e-05
4.00246e-05
4.00248e-05
4.00249e-05
4.0025e-05
4.00252e-05
4.00247e-05
4.00248e-05
4.00249e-05
4.00255e-05
4.00259e-05
4.00263e-05
4.00267e-05
4.00271e-05
4.00274e-05
4.00277e-05
4.0028e-05
4.00283e-05
4.00285e-05
4.00288e-05
4.0029e-05
4.00292e-05
4.00294e-05
4.00296e-05
4.00298e-05
4.00299e-05
4.00301e-05
4.00303e-05
4.00305e-05
4.00307e-05
4.00309e-05
4.0031e-05
4.00312e-05
4.00313e-05
4.00315e-05
4.00317e-05
4.00319e-05
4.00322e-05
4.00325e-05
4.0033e-05
4.00335e-05
4.00341e-05
4.00352e-05
4.00355e-05
4.00382e-05
4.00242e-05
4.00246e-05
4.00248e-05
4.00244e-05
4.00241e-05
4.00237e-05
4.00233e-05
4.00229e-05
4.00225e-05
4.00222e-05
4.0022e-05
4.00218e-05
4.00217e-05
4.00216e-05
4.00216e-05
4.00216e-05
4.00216e-05
4.00216e-05
4.00216e-05
4.00217e-05
4.00217e-05
4.00218e-05
4.00219e-05
4.0022e-05
4.00222e-05
4.00223e-05
4.00225e-05
4.00227e-05
4.00229e-05
4.00231e-05
4.00233e-05
4.00236e-05
4.00238e-05
4.0024e-05
4.00243e-05
4.00245e-05
4.00245e-05
4.00247e-05
4.00249e-05
4.00246e-05
4.00246e-05
4.00249e-05
4.00254e-05
4.00258e-05
4.00262e-05
4.00266e-05
4.0027e-05
4.00274e-05
4.00277e-05
4.0028e-05
4.00283e-05
4.00285e-05
4.00288e-05
4.0029e-05
4.00292e-05
4.00294e-05
4.00296e-05
4.00298e-05
4.003e-05
4.00302e-05
4.00304e-05
4.00306e-05
4.00308e-05
4.0031e-05
4.00311e-05
4.00313e-05
4.00315e-05
4.00316e-05
4.00319e-05
4.00321e-05
4.00324e-05
4.00327e-05
4.00331e-05
4.00336e-05
4.00341e-05
4.00352e-05
4.00355e-05
4.00379e-05
4.00241e-05
4.00244e-05
4.00245e-05
4.00242e-05
4.00238e-05
4.00234e-05
4.0023e-05
4.00225e-05
4.00221e-05
4.00219e-05
4.00216e-05
4.00214e-05
4.00213e-05
4.00213e-05
4.00212e-05
4.00212e-05
4.00212e-05
4.00212e-05
4.00213e-05
4.00213e-05
4.00214e-05
4.00214e-05
4.00215e-05
4.00217e-05
4.00218e-05
4.0022e-05
4.00221e-05
4.00223e-05
4.00225e-05
4.00227e-05
4.00229e-05
4.00232e-05
4.00234e-05
4.00237e-05
4.00239e-05
4.00241e-05
4.00242e-05
4.00245e-05
4.00246e-05
4.00244e-05
4.00245e-05
4.00248e-05
4.00253e-05
4.00258e-05
4.00262e-05
4.00266e-05
4.0027e-05
4.00273e-05
4.00277e-05
4.0028e-05
4.00283e-05
4.00285e-05
4.00288e-05
4.0029e-05
4.00292e-05
4.00294e-05
4.00296e-05
4.00298e-05
4.003e-05
4.00302e-05
4.00304e-05
4.00306e-05
4.00308e-05
4.0031e-05
4.00312e-05
4.00314e-05
4.00316e-05
4.00318e-05
4.0032e-05
4.00322e-05
4.00325e-05
4.00328e-05
4.00332e-05
4.00337e-05
4.00342e-05
4.00352e-05
4.00354e-05
4.00377e-05
4.0024e-05
4.00242e-05
4.00243e-05
4.00239e-05
4.00235e-05
4.00231e-05
4.00226e-05
4.00222e-05
4.00218e-05
4.00215e-05
4.00212e-05
4.00211e-05
4.0021e-05
4.00209e-05
4.00209e-05
4.00208e-05
4.00208e-05
4.00209e-05
4.00209e-05
4.00209e-05
4.0021e-05
4.00211e-05
4.00212e-05
4.00213e-05
4.00214e-05
4.00216e-05
4.00217e-05
4.00219e-05
4.00221e-05
4.00223e-05
4.00225e-05
4.00227e-05
4.0023e-05
4.00232e-05
4.00235e-05
4.00237e-05
4.00239e-05
4.00242e-05
4.00243e-05
4.00243e-05
4.00244e-05
4.00247e-05
4.00252e-05
4.00257e-05
4.00261e-05
4.00265e-05
4.00269e-05
4.00273e-05
4.00276e-05
4.00279e-05
4.00282e-05
4.00285e-05
4.00287e-05
4.0029e-05
4.00292e-05
4.00294e-05
4.00296e-05
4.00298e-05
4.003e-05
4.00302e-05
4.00305e-05
4.00307e-05
4.00309e-05
4.00311e-05
4.00313e-05
4.00315e-05
4.00317e-05
4.00319e-05
4.00321e-05
4.00323e-05
4.00326e-05
4.00329e-05
4.00333e-05
4.00337e-05
4.00342e-05
4.00352e-05
4.00354e-05
4.00375e-05
4.00238e-05
4.0024e-05
4.0024e-05
4.00236e-05
4.00232e-05
4.00228e-05
4.00223e-05
4.00218e-05
4.00214e-05
4.00211e-05
4.00209e-05
4.00207e-05
4.00206e-05
4.00205e-05
4.00205e-05
4.00205e-05
4.00205e-05
4.00205e-05
4.00205e-05
4.00205e-05
4.00206e-05
4.00207e-05
4.00207e-05
4.00209e-05
4.0021e-05
4.00211e-05
4.00213e-05
4.00214e-05
4.00216e-05
4.00218e-05
4.0022e-05
4.00223e-05
4.00225e-05
4.00228e-05
4.00231e-05
4.00233e-05
4.00235e-05
4.00239e-05
4.00239e-05
4.00241e-05
4.00243e-05
4.00246e-05
4.00252e-05
4.00256e-05
4.0026e-05
4.00265e-05
4.00269e-05
4.00272e-05
4.00276e-05
4.00279e-05
4.00282e-05
4.00284e-05
4.00287e-05
4.00289e-05
4.00291e-05
4.00294e-05
4.00296e-05
4.00298e-05
4.003e-05
4.00302e-05
4.00305e-05
4.00307e-05
4.00309e-05
4.00311e-05
4.00313e-05
4.00315e-05
4.00317e-05
4.00319e-05
4.00322e-05
4.00324e-05
4.00327e-05
4.0033e-05
4.00334e-05
4.00338e-05
4.00343e-05
4.00352e-05
4.00354e-05
4.00374e-05
4.00236e-05
4.00237e-05
4.00238e-05
4.00233e-05
4.00229e-05
4.00224e-05
4.00219e-05
4.00214e-05
4.0021e-05
4.00207e-05
4.00204e-05
4.00203e-05
4.00202e-05
4.00201e-05
4.00201e-05
4.002e-05
4.002e-05
4.002e-05
4.00201e-05
4.00201e-05
4.00202e-05
4.00202e-05
4.00203e-05
4.00204e-05
4.00205e-05
4.00207e-05
4.00208e-05
4.0021e-05
4.00211e-05
4.00213e-05
4.00215e-05
4.00218e-05
4.0022e-05
4.00223e-05
4.00226e-05
4.00229e-05
4.00231e-05
4.00235e-05
4.00235e-05
4.00239e-05
4.00241e-05
4.00245e-05
4.0025e-05
4.00255e-05
4.00259e-05
4.00264e-05
4.00268e-05
4.00272e-05
4.00275e-05
4.00278e-05
4.00281e-05
4.00284e-05
4.00286e-05
4.00288e-05
4.00291e-05
4.00293e-05
4.00295e-05
4.00298e-05
4.003e-05
4.00302e-05
4.00305e-05
4.00307e-05
4.00309e-05
4.00311e-05
4.00313e-05
4.00316e-05
4.00318e-05
4.0032e-05
4.00322e-05
4.00325e-05
4.00328e-05
4.00331e-05
4.00334e-05
4.00339e-05
4.00343e-05
4.00352e-05
4.00354e-05
4.00373e-05
4.00234e-05
4.00235e-05
4.00235e-05
4.0023e-05
4.00225e-05
4.0022e-05
4.00215e-05
4.0021e-05
4.00206e-05
4.00203e-05
4.002e-05
4.00198e-05
4.00197e-05
4.00196e-05
4.00196e-05
4.00196e-05
4.00196e-05
4.00196e-05
4.00196e-05
4.00196e-05
4.00197e-05
4.00197e-05
4.00198e-05
4.00199e-05
4.002e-05
4.00201e-05
4.00203e-05
4.00204e-05
4.00206e-05
4.00208e-05
4.0021e-05
4.00212e-05
4.00215e-05
4.00218e-05
4.0022e-05
4.00223e-05
4.00226e-05
4.0023e-05
4.00231e-05
4.00238e-05
4.0024e-05
4.00243e-05
4.00249e-05
4.00254e-05
4.00258e-05
4.00263e-05
4.00267e-05
4.00271e-05
4.00274e-05
4.00277e-05
4.0028e-05
4.00283e-05
4.00285e-05
4.00288e-05
4.0029e-05
4.00292e-05
4.00295e-05
4.00297e-05
4.00299e-05
4.00302e-05
4.00304e-05
4.00307e-05
4.00309e-05
4.00311e-05
4.00313e-05
4.00316e-05
4.00318e-05
4.0032e-05
4.00323e-05
4.00325e-05
4.00328e-05
4.00331e-05
4.00335e-05
4.00339e-05
4.00344e-05
4.00352e-05
4.00354e-05
4.00372e-05
4.00232e-05
4.00233e-05
4.00232e-05
4.00227e-05
4.00222e-05
4.00216e-05
4.00211e-05
4.00206e-05
4.00201e-05
4.00198e-05
4.00196e-05
4.00194e-05
4.00193e-05
4.00192e-05
4.00191e-05
4.00191e-05
4.00191e-05
4.00191e-05
4.00191e-05
4.00191e-05
4.00191e-05
4.00192e-05
4.00193e-05
4.00194e-05
4.00195e-05
4.00196e-05
4.00197e-05
4.00198e-05
4.002e-05
4.00202e-05
4.00204e-05
4.00206e-05
4.00209e-05
4.00212e-05
4.00214e-05
4.00218e-05
4.0022e-05
4.00225e-05
4.00227e-05
4.00236e-05
4.00238e-05
4.00242e-05
4.00248e-05
4.00253e-05
4.00257e-05
4.00262e-05
4.00266e-05
4.0027e-05
4.00273e-05
4.00276e-05
4.00279e-05
4.00281e-05
4.00284e-05
4.00287e-05
4.00289e-05
4.00291e-05
4.00294e-05
4.00296e-05
4.00299e-05
4.00301e-05
4.00304e-05
4.00306e-05
4.00309e-05
4.00311e-05
4.00313e-05
4.00315e-05
4.00318e-05
4.0032e-05
4.00323e-05
4.00326e-05
4.00328e-05
4.00332e-05
4.00335e-05
4.0034e-05
4.00344e-05
4.00352e-05
4.00354e-05
4.0037e-05
4.0023e-05
4.0023e-05
4.00229e-05
4.00224e-05
4.00218e-05
4.00212e-05
4.00207e-05
4.00201e-05
4.00197e-05
4.00193e-05
4.00191e-05
4.00189e-05
4.00187e-05
4.00186e-05
4.00186e-05
4.00185e-05
4.00185e-05
4.00185e-05
4.00185e-05
4.00185e-05
4.00186e-05
4.00186e-05
4.00187e-05
4.00187e-05
4.00188e-05
4.00189e-05
4.0019e-05
4.00192e-05
4.00193e-05
4.00195e-05
4.00197e-05
4.002e-05
4.00202e-05
4.00205e-05
4.00208e-05
4.00211e-05
4.00214e-05
4.00218e-05
4.00221e-05
4.00234e-05
4.00236e-05
4.0024e-05
4.00247e-05
4.00251e-05
4.00256e-05
4.00261e-05
4.00265e-05
4.00268e-05
4.00272e-05
4.00275e-05
4.00277e-05
4.0028e-05
4.00283e-05
4.00285e-05
4.00288e-05
4.0029e-05
4.00293e-05
4.00295e-05
4.00298e-05
4.003e-05
4.00303e-05
4.00305e-05
4.00308e-05
4.0031e-05
4.00313e-05
4.00315e-05
4.00317e-05
4.0032e-05
4.00323e-05
4.00325e-05
4.00328e-05
4.00332e-05
4.00335e-05
4.0034e-05
4.00344e-05
4.00352e-05
4.00354e-05
4.00369e-05
4.00228e-05
4.00227e-05
4.00226e-05
4.0022e-05
4.00214e-05
4.00208e-05
4.00202e-05
4.00197e-05
4.00192e-05
4.00188e-05
4.00185e-05
4.00183e-05
4.00182e-05
4.00181e-05
4.0018e-05
4.00179e-05
4.00179e-05
4.00179e-05
4.00179e-05
4.00179e-05
4.00179e-05
4.00179e-05
4.0018e-05
4.0018e-05
4.00181e-05
4.00182e-05
4.00183e-05
4.00185e-05
4.00186e-05
4.00188e-05
4.0019e-05
4.00192e-05
4.00195e-05
4.00197e-05
4.002e-05
4.00204e-05
4.00207e-05
4.00211e-05
4.00215e-05
4.00231e-05
4.00234e-05
4.00239e-05
4.00245e-05
4.0025e-05
4.00255e-05
4.00259e-05
4.00263e-05
4.00267e-05
4.0027e-05
4.00273e-05
4.00276e-05
4.00278e-05
4.00281e-05
4.00284e-05
4.00286e-05
4.00289e-05
4.00291e-05
4.00294e-05
4.00296e-05
4.00299e-05
4.00301e-05
4.00304e-05
4.00307e-05
4.00309e-05
4.00312e-05
4.00314e-05
4.00317e-05
4.00319e-05
4.00322e-05
4.00325e-05
4.00328e-05
4.00332e-05
4.00335e-05
4.0034e-05
4.00344e-05
4.00351e-05
4.00354e-05
4.00368e-05
4.00226e-05
4.00225e-05
4.00223e-05
4.00217e-05
4.0021e-05
4.00204e-05
4.00198e-05
4.00192e-05
4.00187e-05
4.00183e-05
4.0018e-05
4.00177e-05
4.00176e-05
4.00174e-05
4.00173e-05
4.00173e-05
4.00172e-05
4.00172e-05
4.00172e-05
4.00172e-05
4.00172e-05
4.00172e-05
4.00172e-05
4.00173e-05
4.00174e-05
4.00174e-05
4.00175e-05
4.00177e-05
4.00178e-05
4.0018e-05
4.00182e-05
4.00184e-05
4.00186e-05
4.00189e-05
4.00192e-05
4.00195e-05
4.00199e-05
4.00203e-05
4.00207e-05
4.00229e-05
4.00232e-05
4.00237e-05
4.00243e-05
4.00248e-05
4.00253e-05
4.00257e-05
4.00261e-05
4.00265e-05
4.00268e-05
4.00271e-05
4.00274e-05
4.00277e-05
4.00279e-05
4.00282e-05
4.00284e-05
4.00287e-05
4.00289e-05
4.00292e-05
4.00294e-05
4.00297e-05
4.003e-05
4.00302e-05
4.00305e-05
4.00308e-05
4.0031e-05
4.00313e-05
4.00315e-05
4.00318e-05
4.00321e-05
4.00324e-05
4.00327e-05
4.00331e-05
4.00335e-05
4.00339e-05
4.00344e-05
4.00351e-05
4.00354e-05
4.00367e-05
4.00223e-05
4.00222e-05
4.00219e-05
4.00213e-05
4.00206e-05
4.00199e-05
4.00193e-05
4.00187e-05
4.00181e-05
4.00177e-05
4.00174e-05
4.00171e-05
4.00169e-05
4.00167e-05
4.00166e-05
4.00165e-05
4.00165e-05
4.00164e-05
4.00164e-05
4.00164e-05
4.00164e-05
4.00164e-05
4.00164e-05
4.00165e-05
4.00165e-05
4.00166e-05
4.00167e-05
4.00168e-05
4.00169e-05
4.00171e-05
4.00173e-05
4.00175e-05
4.00177e-05
4.0018e-05
4.00183e-05
4.00186e-05
4.00189e-05
4.00194e-05
4.00198e-05
4.00226e-05
4.0023e-05
4.00235e-05
4.00241e-05
4.00246e-05
4.00251e-05
4.00255e-05
4.00259e-05
4.00263e-05
4.00266e-05
4.00269e-05
4.00272e-05
4.00274e-05
4.00277e-05
4.00279e-05
4.00282e-05
4.00284e-05
4.00287e-05
4.00289e-05
4.00292e-05
4.00295e-05
4.00298e-05
4.003e-05
4.00303e-05
4.00306e-05
4.00308e-05
4.00311e-05
4.00314e-05
4.00317e-05
4.0032e-05
4.00323e-05
4.00326e-05
4.0033e-05
4.00334e-05
4.00338e-05
4.00343e-05
4.0035e-05
4.00353e-05
4.00366e-05
4.00221e-05
4.00219e-05
4.00216e-05
4.00209e-05
4.00202e-05
4.00195e-05
4.00188e-05
4.00181e-05
4.00176e-05
4.00171e-05
4.00167e-05
4.00164e-05
4.00161e-05
4.0016e-05
4.00158e-05
4.00157e-05
4.00156e-05
4.00156e-05
4.00156e-05
4.00155e-05
4.00155e-05
4.00155e-05
4.00155e-05
4.00156e-05
4.00156e-05
4.00157e-05
4.00157e-05
4.00158e-05
4.0016e-05
4.00161e-05
4.00163e-05
4.00165e-05
4.00167e-05
4.0017e-05
4.00173e-05
4.00176e-05
4.00179e-05
4.00184e-05
4.00189e-05
4.00224e-05
4.00227e-05
4.00233e-05
4.00239e-05
4.00244e-05
4.00249e-05
4.00253e-05
4.00257e-05
4.0026e-05
4.00264e-05
4.00266e-05
4.00269e-05
4.00272e-05
4.00274e-05
4.00277e-05
4.00279e-05
4.00281e-05
4.00284e-05
4.00287e-05
4.00289e-05
4.00292e-05
4.00295e-05
4.00298e-05
4.00301e-05
4.00304e-05
4.00306e-05
4.00309e-05
4.00312e-05
4.00315e-05
4.00318e-05
4.00321e-05
4.00325e-05
4.00328e-05
4.00332e-05
4.00337e-05
4.00341e-05
4.00348e-05
4.00352e-05
4.00364e-05
4.00218e-05
4.00215e-05
4.00212e-05
4.00205e-05
4.00197e-05
4.0019e-05
4.00182e-05
4.00175e-05
4.00169e-05
4.00164e-05
4.00159e-05
4.00156e-05
4.00153e-05
4.00151e-05
4.0015e-05
4.00148e-05
4.00148e-05
4.00147e-05
4.00146e-05
4.00146e-05
4.00146e-05
4.00146e-05
4.00146e-05
4.00146e-05
4.00146e-05
4.00147e-05
4.00148e-05
4.00148e-05
4.0015e-05
4.00151e-05
4.00153e-05
4.00155e-05
4.00157e-05
4.00159e-05
4.00162e-05
4.00165e-05
4.00169e-05
4.00173e-05
4.00178e-05
4.00221e-05
4.00225e-05
4.0023e-05
4.00237e-05
4.00242e-05
4.00247e-05
4.00251e-05
4.00254e-05
4.00258e-05
4.00261e-05
4.00264e-05
4.00266e-05
4.00269e-05
4.00271e-05
4.00273e-05
4.00276e-05
4.00278e-05
4.00281e-05
4.00283e-05
4.00286e-05
4.00289e-05
4.00292e-05
4.00295e-05
4.00298e-05
4.00301e-05
4.00304e-05
4.00306e-05
4.00309e-05
4.00312e-05
4.00316e-05
4.00319e-05
4.00323e-05
4.00326e-05
4.0033e-05
4.00335e-05
4.0034e-05
4.00346e-05
4.0035e-05
4.00362e-05
4.00215e-05
4.00212e-05
4.00208e-05
4.002e-05
4.00192e-05
4.00185e-05
4.00177e-05
4.00169e-05
4.00163e-05
4.00157e-05
4.00152e-05
4.00148e-05
4.00144e-05
4.00142e-05
4.0014e-05
4.00139e-05
4.00138e-05
4.00137e-05
4.00137e-05
4.00136e-05
4.00136e-05
4.00136e-05
4.00136e-05
4.00136e-05
4.00136e-05
4.00137e-05
4.00137e-05
4.00138e-05
4.00139e-05
4.00141e-05
4.00142e-05
4.00144e-05
4.00146e-05
4.00148e-05
4.00151e-05
4.00154e-05
4.00158e-05
4.00162e-05
4.00167e-05
4.00218e-05
4.00222e-05
4.00228e-05
4.00234e-05
4.00239e-05
4.00244e-05
4.00248e-05
4.00252e-05
4.00255e-05
4.00258e-05
4.0026e-05
4.00263e-05
4.00265e-05
4.00267e-05
4.0027e-05
4.00272e-05
4.00275e-05
4.00277e-05
4.0028e-05
4.00283e-05
4.00286e-05
4.00289e-05
4.00292e-05
4.00295e-05
4.00297e-05
4.003e-05
4.00303e-05
4.00306e-05
4.00309e-05
4.00313e-05
4.00316e-05
4.0032e-05
4.00324e-05
4.00328e-05
4.00333e-05
4.00337e-05
4.00344e-05
4.00348e-05
4.0036e-05
4.00212e-05
4.00209e-05
4.00204e-05
4.00196e-05
4.00187e-05
4.00179e-05
4.00171e-05
4.00163e-05
4.00155e-05
4.00149e-05
4.00143e-05
4.00138e-05
4.00135e-05
4.00133e-05
4.00131e-05
4.00129e-05
4.00128e-05
4.00127e-05
4.00127e-05
4.00126e-05
4.00126e-05
4.00126e-05
4.00126e-05
4.00126e-05
4.00126e-05
4.00126e-05
4.00127e-05
4.00128e-05
4.00129e-05
4.0013e-05
4.00131e-05
4.00133e-05
4.00135e-05
4.00137e-05
4.0014e-05
4.00143e-05
4.00146e-05
4.0015e-05
4.00155e-05
4.00214e-05
4.00219e-05
4.00225e-05
4.00232e-05
4.00237e-05
4.00241e-05
4.00245e-05
4.00248e-05
4.00251e-05
4.00254e-05
4.00257e-05
4.00259e-05
4.00261e-05
4.00263e-05
4.00266e-05
4.00268e-05
4.0027e-05
4.00273e-05
4.00276e-05
4.00278e-05
4.00281e-05
4.00284e-05
4.00287e-05
4.00291e-05
4.00293e-05
4.00296e-05
4.00299e-05
4.00303e-05
4.00306e-05
4.00309e-05
4.00313e-05
4.00317e-05
4.00321e-05
4.00325e-05
4.0033e-05
4.00335e-05
4.00341e-05
4.00345e-05
4.00357e-05
4.00208e-05
4.00205e-05
4.002e-05
4.00191e-05
4.00182e-05
4.00174e-05
4.00165e-05
4.00156e-05
4.00147e-05
4.0014e-05
4.00134e-05
4.00129e-05
4.00125e-05
4.00123e-05
4.00121e-05
4.00119e-05
4.00118e-05
4.00117e-05
4.00117e-05
4.00116e-05
4.00116e-05
4.00115e-05
4.00115e-05
4.00115e-05
4.00115e-05
4.00116e-05
4.00116e-05
4.00117e-05
4.00118e-05
4.00119e-05
4.00121e-05
4.00122e-05
4.00124e-05
4.00126e-05
4.00129e-05
4.00132e-05
4.00135e-05
4.00139e-05
4.00143e-05
4.00211e-05
4.00216e-05
4.00222e-05
4.00229e-05
4.00234e-05
4.00238e-05
4.00242e-05
4.00245e-05
4.00248e-05
4.0025e-05
4.00252e-05
4.00255e-05
4.00257e-05
4.00259e-05
4.00261e-05
4.00263e-05
4.00266e-05
4.00268e-05
4.00271e-05
4.00274e-05
4.00277e-05
4.0028e-05
4.00283e-05
4.00286e-05
4.00289e-05
4.00292e-05
4.00295e-05
4.00298e-05
4.00302e-05
4.00305e-05
4.00309e-05
4.00313e-05
4.00317e-05
4.00321e-05
4.00326e-05
4.00331e-05
4.00338e-05
4.00342e-05
4.00354e-05
4.00205e-05
4.00201e-05
4.00195e-05
4.00186e-05
4.00177e-05
4.00168e-05
4.00158e-05
4.00148e-05
4.00139e-05
4.00131e-05
4.00124e-05
4.00119e-05
4.00115e-05
4.00113e-05
4.0011e-05
4.00109e-05
4.00108e-05
4.00107e-05
4.00106e-05
4.00106e-05
4.00105e-05
4.00105e-05
4.00105e-05
4.00105e-05
4.00105e-05
4.00105e-05
4.00105e-05
4.00106e-05
4.00107e-05
4.00108e-05
4.00109e-05
4.00111e-05
4.00113e-05
4.00115e-05
4.00117e-05
4.0012e-05
4.00123e-05
4.00127e-05
4.00131e-05
4.00207e-05
4.00213e-05
4.00219e-05
4.00225e-05
4.0023e-05
4.00234e-05
4.00238e-05
4.00241e-05
4.00243e-05
4.00246e-05
4.00248e-05
4.0025e-05
4.00252e-05
4.00254e-05
4.00256e-05
4.00258e-05
4.0026e-05
4.00263e-05
4.00265e-05
4.00268e-05
4.00271e-05
4.00274e-05
4.00277e-05
4.00281e-05
4.00284e-05
4.00287e-05
4.0029e-05
4.00293e-05
4.00297e-05
4.003e-05
4.00304e-05
4.00308e-05
4.00312e-05
4.00317e-05
4.00322e-05
4.00327e-05
4.00333e-05
4.00338e-05
4.00349e-05
4.00201e-05
4.00197e-05
4.00191e-05
4.00181e-05
4.00171e-05
4.00162e-05
4.00151e-05
4.0014e-05
4.0013e-05
4.00121e-05
4.00114e-05
4.00109e-05
4.00105e-05
4.00102e-05
4.001e-05
4.00098e-05
4.00097e-05
4.00096e-05
4.00095e-05
4.00095e-05
4.00094e-05
4.00094e-05
4.00094e-05
4.00093e-05
4.00093e-05
4.00094e-05
4.00094e-05
4.00094e-05
4.00095e-05
4.00096e-05
4.00097e-05
4.00099e-05
4.00101e-05
4.00103e-05
4.00105e-05
4.00108e-05
4.00111e-05
4.00114e-05
4.00119e-05
4.00204e-05
4.00209e-05
4.00215e-05
4.00222e-05
4.00226e-05
4.0023e-05
4.00234e-05
4.00237e-05
4.00239e-05
4.00241e-05
4.00243e-05
4.00245e-05
4.00246e-05
4.00248e-05
4.0025e-05
4.00252e-05
4.00254e-05
4.00256e-05
4.00259e-05
4.00262e-05
4.00265e-05
4.00268e-05
4.00271e-05
4.00274e-05
4.00277e-05
4.00281e-05
4.00284e-05
4.00287e-05
4.00291e-05
4.00294e-05
4.00298e-05
4.00302e-05
4.00307e-05
4.00311e-05
4.00317e-05
4.00322e-05
4.00328e-05
4.00334e-05
4.00344e-05
4.00197e-05
4.00192e-05
4.00186e-05
4.00176e-05
4.00166e-05
4.00155e-05
4.00144e-05
4.00132e-05
4.00121e-05
4.00111e-05
4.00104e-05
4.00099e-05
4.00095e-05
4.00092e-05
4.00089e-05
4.00088e-05
4.00086e-05
4.00085e-05
4.00084e-05
4.00083e-05
4.00083e-05
4.00082e-05
4.00082e-05
4.00081e-05
4.00081e-05
4.00081e-05
4.00081e-05
4.00082e-05
4.00082e-05
4.00083e-05
4.00084e-05
4.00086e-05
4.00087e-05
4.00089e-05
4.00091e-05
4.00094e-05
4.00097e-05
4.00101e-05
4.00105e-05
4.00199e-05
4.00205e-05
4.00212e-05
4.00218e-05
4.00222e-05
4.00226e-05
4.00229e-05
4.00232e-05
4.00234e-05
4.00235e-05
4.00237e-05
4.00239e-05
4.0024e-05
4.00242e-05
4.00243e-05
4.00245e-05
4.00247e-05
4.00249e-05
4.00252e-05
4.00255e-05
4.00257e-05
4.00261e-05
4.00264e-05
4.00267e-05
4.0027e-05
4.00273e-05
4.00277e-05
4.0028e-05
4.00284e-05
4.00288e-05
4.00292e-05
4.00296e-05
4.003e-05
4.00305e-05
4.0031e-05
4.00316e-05
4.00323e-05
4.00328e-05
4.00339e-05
4.00193e-05
4.00188e-05
4.00181e-05
4.0017e-05
4.0016e-05
4.00149e-05
4.00136e-05
4.00123e-05
4.00111e-05
4.00101e-05
4.00094e-05
4.00088e-05
4.00084e-05
4.00081e-05
4.00078e-05
4.00076e-05
4.00074e-05
4.00073e-05
4.00072e-05
4.00071e-05
4.0007e-05
4.0007e-05
4.00069e-05
4.00068e-05
4.00068e-05
4.00068e-05
4.00068e-05
4.00068e-05
4.00068e-05
4.00069e-05
4.0007e-05
4.00071e-05
4.00072e-05
4.00074e-05
4.00076e-05
4.00079e-05
4.00082e-05
4.00085e-05
4.0009e-05
4.00195e-05
4.00201e-05
4.00207e-05
4.00214e-05
4.00218e-05
4.00221e-05
4.00224e-05
4.00226e-05
4.00228e-05
4.0023e-05
4.00231e-05
4.00232e-05
4.00233e-05
4.00235e-05
4.00236e-05
4.00238e-05
4.00239e-05
4.00242e-05
4.00244e-05
4.00246e-05
4.00249e-05
4.00252e-05
4.00255e-05
4.00258e-05
4.00261e-05
4.00265e-05
4.00268e-05
4.00272e-05
4.00275e-05
4.00279e-05
4.00283e-05
4.00288e-05
4.00293e-05
4.00298e-05
4.00303e-05
4.00309e-05
4.00315e-05
4.00321e-05
4.00332e-05
4.00188e-05
4.00183e-05
4.00175e-05
4.00164e-05
4.00153e-05
4.00142e-05
4.00127e-05
4.00113e-05
4.00101e-05
4.00091e-05
4.00083e-05
4.00077e-05
4.00073e-05
4.00069e-05
4.00066e-05
4.00064e-05
4.00062e-05
4.0006e-05
4.00059e-05
4.00058e-05
4.00057e-05
4.00056e-05
4.00055e-05
4.00054e-05
4.00054e-05
4.00053e-05
4.00053e-05
4.00053e-05
4.00053e-05
4.00054e-05
4.00054e-05
4.00055e-05
4.00056e-05
4.00058e-05
4.0006e-05
4.00062e-05
4.00065e-05
4.00068e-05
4.00073e-05
4.00191e-05
4.00197e-05
4.00203e-05
4.00209e-05
4.00213e-05
4.00216e-05
4.00219e-05
4.00221e-05
4.00222e-05
4.00223e-05
4.00224e-05
4.00225e-05
4.00226e-05
4.00227e-05
4.00228e-05
4.00229e-05
4.00231e-05
4.00232e-05
4.00234e-05
4.00236e-05
4.00239e-05
4.00242e-05
4.00245e-05
4.00248e-05
4.00251e-05
4.00254e-05
4.00257e-05
4.00261e-05
4.00265e-05
4.00269e-05
4.00273e-05
4.00278e-05
4.00283e-05
4.00288e-05
4.00293e-05
4.00299e-05
4.00307e-05
4.00313e-05
4.00323e-05
4.00183e-05
4.00178e-05
4.0017e-05
4.00158e-05
4.00147e-05
4.00134e-05
4.00118e-05
4.00103e-05
4.00091e-05
4.00081e-05
4.00072e-05
4.00066e-05
4.00061e-05
4.00057e-05
4.00054e-05
4.00051e-05
4.00049e-05
4.00048e-05
4.00046e-05
4.00045e-05
4.00044e-05
4.00043e-05
4.00042e-05
4.00041e-05
4.0004e-05
4.0004e-05
4.0004e-05
4.00039e-05
4.00039e-05
4.0004e-05
4.0004e-05
4.00041e-05
4.00041e-05
4.00042e-05
4.00044e-05
4.00045e-05
4.00048e-05
4.0005e-05
4.00054e-05
4.00186e-05
4.00192e-05
4.00198e-05
4.00204e-05
4.00208e-05
4.00211e-05
4.00213e-05
4.00214e-05
4.00215e-05
4.00216e-05
4.00217e-05
4.00217e-05
4.00217e-05
4.00218e-05
4.00219e-05
4.0022e-05
4.0022e-05
4.00222e-05
4.00223e-05
4.00225e-05
4.00227e-05
4.00229e-05
4.00232e-05
4.00235e-05
4.00238e-05
4.00241e-05
4.00244e-05
4.00248e-05
4.00252e-05
4.00256e-05
4.0026e-05
4.00265e-05
4.0027e-05
4.00275e-05
4.00281e-05
4.00288e-05
4.00295e-05
4.00302e-05
4.00313e-05
4.00178e-05
4.00173e-05
4.00164e-05
4.00152e-05
4.0014e-05
4.00126e-05
4.00109e-05
4.00094e-05
4.0008e-05
4.0007e-05
4.00061e-05
4.00054e-05
4.00049e-05
4.00045e-05
4.00042e-05
4.00039e-05
4.00037e-05
4.00036e-05
4.00035e-05
4.00034e-05
4.00033e-05
4.00032e-05
4.00032e-05
4.00031e-05
4.00031e-05
4.0003e-05
4.0003e-05
4.0003e-05
4.0003e-05
4.0003e-05
4.0003e-05
4.0003e-05
4.00031e-05
4.00031e-05
4.00032e-05
4.00032e-05
4.00034e-05
4.00035e-05
4.00038e-05
4.0018e-05
4.00187e-05
4.00193e-05
4.00199e-05
4.00202e-05
4.00205e-05
4.00207e-05
4.00207e-05
4.00208e-05
4.00208e-05
4.00208e-05
4.00208e-05
4.00208e-05
4.00208e-05
4.00208e-05
4.00208e-05
4.00209e-05
4.00209e-05
4.0021e-05
4.00211e-05
4.00213e-05
4.00215e-05
4.00217e-05
4.0022e-05
4.00223e-05
4.00226e-05
4.00229e-05
4.00232e-05
4.00236e-05
4.0024e-05
4.00245e-05
4.00249e-05
4.00255e-05
4.0026e-05
4.00266e-05
4.00273e-05
4.0028e-05
4.00288e-05
4.00299e-05
4.00173e-05
4.00167e-05
4.00158e-05
4.00145e-05
4.00133e-05
4.00118e-05
4.001e-05
4.00083e-05
4.0007e-05
4.00059e-05
4.0005e-05
4.00043e-05
4.00038e-05
4.00034e-05
4.00032e-05
4.0003e-05
4.00029e-05
4.00028e-05
4.00028e-05
4.00028e-05
4.00027e-05
4.00027e-05
4.00027e-05
4.00027e-05
4.00028e-05
4.00028e-05
4.00028e-05
4.00028e-05
4.00029e-05
4.00029e-05
4.00029e-05
4.00029e-05
4.00029e-05
4.00029e-05
4.00029e-05
4.00029e-05
4.00029e-05
4.00029e-05
4.0003e-05
4.00175e-05
4.00182e-05
4.00188e-05
4.00193e-05
4.00196e-05
4.00198e-05
4.002e-05
4.002e-05
4.002e-05
4.002e-05
4.00199e-05
4.00199e-05
4.00198e-05
4.00197e-05
4.00196e-05
4.00196e-05
4.00195e-05
4.00195e-05
4.00195e-05
4.00196e-05
4.00197e-05
4.00199e-05
4.00201e-05
4.00204e-05
4.00206e-05
4.00209e-05
4.00212e-05
4.00216e-05
4.00219e-05
4.00223e-05
4.00227e-05
4.00232e-05
4.00237e-05
4.00243e-05
4.00249e-05
4.00255e-05
4.00263e-05
4.00271e-05
4.00282e-05
4.00168e-05
4.00161e-05
4.00151e-05
4.00138e-05
4.00126e-05
4.00109e-05
4.0009e-05
4.00073e-05
4.00059e-05
4.00048e-05
4.00039e-05
4.00033e-05
4.0003e-05
4.00028e-05
4.00027e-05
4.00027e-05
4.00027e-05
4.00027e-05
4.00028e-05
4.00028e-05
4.00029e-05
4.0003e-05
4.0003e-05
4.00031e-05
4.00032e-05
4.00033e-05
4.00033e-05
4.00034e-05
4.00035e-05
4.00035e-05
4.00035e-05
4.00036e-05
4.00036e-05
4.00036e-05
4.00035e-05
4.00035e-05
4.00035e-05
4.00034e-05
4.00033e-05
4.00169e-05
4.00176e-05
4.00182e-05
4.00187e-05
4.0019e-05
4.00191e-05
4.00192e-05
4.00192e-05
4.00192e-05
4.0019e-05
4.00189e-05
4.00188e-05
4.00186e-05
4.00185e-05
4.00183e-05
4.00181e-05
4.0018e-05
4.0018e-05
4.00179e-05
4.0018e-05
4.00181e-05
4.00183e-05
4.00185e-05
4.00187e-05
4.00189e-05
4.00192e-05
4.00195e-05
4.00198e-05
4.00202e-05
4.00206e-05
4.0021e-05
4.00214e-05
4.00219e-05
4.00224e-05
4.0023e-05
4.00236e-05
4.00244e-05
4.00251e-05
4.00262e-05
4.00162e-05
4.00155e-05
4.00145e-05
4.00131e-05
4.00118e-05
4.001e-05
4.0008e-05
4.00063e-05
4.00049e-05
4.00038e-05
4.00031e-05
4.00027e-05
4.00026e-05
4.00027e-05
4.00028e-05
4.00029e-05
4.0003e-05
4.00032e-05
4.00033e-05
4.00034e-05
4.00035e-05
4.00036e-05
4.00037e-05
4.00039e-05
4.0004e-05
4.00041e-05
4.00042e-05
4.00043e-05
4.00044e-05
4.00045e-05
4.00045e-05
4.00046e-05
4.00046e-05
4.00046e-05
4.00046e-05
4.00046e-05
4.00045e-05
4.00045e-05
4.00043e-05
4.00163e-05
4.0017e-05
4.00176e-05
4.0018e-05
4.00183e-05
4.00184e-05
4.00184e-05
4.00184e-05
4.00182e-05
4.0018e-05
4.00178e-05
4.00176e-05
4.00173e-05
4.00171e-05
4.00168e-05
4.00166e-05
4.00165e-05
4.00164e-05
4.00163e-05
4.00164e-05
4.00164e-05
4.00166e-05
4.00167e-05
4.0017e-05
4.00172e-05
4.00174e-05
4.00177e-05
4.0018e-05
4.00184e-05
4.00187e-05
4.00191e-05
4.00196e-05
4.002e-05
4.00205e-05
4.00211e-05
4.00217e-05
4.00224e-05
4.00231e-05
4.00242e-05
4.00155e-05
4.00148e-05
4.00138e-05
4.00124e-05
4.0011e-05
4.0009e-05
4.0007e-05
4.00053e-05
4.00039e-05
4.0003e-05
4.00026e-05
4.00026e-05
4.00028e-05
4.00031e-05
4.00033e-05
4.00035e-05
4.00037e-05
4.00039e-05
4.00041e-05
4.00043e-05
4.00044e-05
4.00046e-05
4.00048e-05
4.0005e-05
4.00051e-05
4.00053e-05
4.00055e-05
4.00056e-05
4.00057e-05
4.00058e-05
4.00059e-05
4.0006e-05
4.0006e-05
4.0006e-05
4.0006e-05
4.0006e-05
4.00059e-05
4.00059e-05
4.00057e-05
4.00157e-05
4.00163e-05
4.00169e-05
4.00173e-05
4.00175e-05
4.00176e-05
4.00175e-05
4.00174e-05
4.00172e-05
4.00169e-05
4.00167e-05
4.00163e-05
4.00159e-05
4.00156e-05
4.00153e-05
4.00151e-05
4.00149e-05
4.00147e-05
4.00147e-05
4.00146e-05
4.00147e-05
4.00148e-05
4.00149e-05
4.00151e-05
4.00153e-05
4.00156e-05
4.00158e-05
4.00161e-05
4.00164e-05
4.00168e-05
4.00172e-05
4.00176e-05
4.00181e-05
4.00186e-05
4.00191e-05
4.00197e-05
4.00204e-05
4.00211e-05
4.0022e-05
4.00149e-05
4.00142e-05
4.0013e-05
4.00117e-05
4.00102e-05
4.00081e-05
4.0006e-05
4.00043e-05
4.00031e-05
4.00026e-05
4.00026e-05
4.00029e-05
4.00033e-05
4.00037e-05
4.00041e-05
4.00045e-05
4.00048e-05
4.0005e-05
4.00053e-05
4.00055e-05
4.00058e-05
4.0006e-05
4.00062e-05
4.00065e-05
4.00068e-05
4.0007e-05
4.00072e-05
4.00074e-05
4.00076e-05
4.00077e-05
4.00078e-05
4.00079e-05
4.0008e-05
4.0008e-05
4.0008e-05
4.0008e-05
4.00079e-05
4.00079e-05
4.00077e-05
4.0015e-05
4.00156e-05
4.00162e-05
4.00166e-05
4.00167e-05
4.00167e-05
4.00166e-05
4.00164e-05
4.00161e-05
4.00158e-05
4.00154e-05
4.00149e-05
4.00145e-05
4.00141e-05
4.00137e-05
4.00135e-05
4.00132e-05
4.0013e-05
4.00129e-05
4.00128e-05
4.00128e-05
4.00129e-05
4.0013e-05
4.00131e-05
4.00133e-05
4.00135e-05
4.00138e-05
4.0014e-05
4.00144e-05
4.00147e-05
4.00151e-05
4.00155e-05
4.00159e-05
4.00164e-05
4.00169e-05
4.00175e-05
4.00182e-05
4.00189e-05
4.00198e-05
4.00142e-05
4.00134e-05
4.00123e-05
4.00109e-05
4.00093e-05
4.00071e-05
4.00051e-05
4.00034e-05
4.00026e-05
4.00026e-05
4.0003e-05
4.00036e-05
4.00042e-05
4.00048e-05
4.00053e-05
4.00058e-05
4.00062e-05
4.00066e-05
4.00069e-05
4.00072e-05
4.00076e-05
4.00079e-05
4.00082e-05
4.00085e-05
4.00089e-05
4.00092e-05
4.00095e-05
4.00097e-05
4.001e-05
4.00102e-05
4.00103e-05
4.00104e-05
4.00105e-05
4.00106e-05
4.00106e-05
4.00106e-05
4.00106e-05
4.00105e-05
4.00103e-05
4.00142e-05
4.00149e-05
4.00154e-05
4.00157e-05
4.00159e-05
4.00158e-05
4.00156e-05
4.00153e-05
4.00149e-05
4.00146e-05
4.0014e-05
4.00135e-05
4.0013e-05
4.00125e-05
4.00121e-05
4.00117e-05
4.00114e-05
4.00112e-05
4.0011e-05
4.00108e-05
4.00108e-05
4.00108e-05
4.00109e-05
4.0011e-05
4.00111e-05
4.00113e-05
4.00116e-05
4.00118e-05
4.00121e-05
4.00125e-05
4.00129e-05
4.00133e-05
4.00137e-05
4.00142e-05
4.00147e-05
4.00153e-05
4.00159e-05
4.00166e-05
4.00175e-05
4.00134e-05
4.00127e-05
4.00115e-05
4.00101e-05
4.00084e-05
4.00061e-05
4.00041e-05
4.00027e-05
4.00025e-05
4.00029e-05
4.00036e-05
4.00045e-05
4.00054e-05
4.00062e-05
4.00069e-05
4.00075e-05
4.00081e-05
4.00085e-05
4.0009e-05
4.00094e-05
4.00098e-05
4.00102e-05
4.00106e-05
4.0011e-05
4.00114e-05
4.00118e-05
4.00122e-05
4.00125e-05
4.00128e-05
4.0013e-05
4.00132e-05
4.00134e-05
4.00135e-05
4.00136e-05
4.00137e-05
4.00137e-05
4.00137e-05
4.00136e-05
4.00134e-05
4.00135e-05
4.00142e-05
4.00147e-05
4.0015e-05
4.0015e-05
4.00149e-05
4.00147e-05
4.00142e-05
4.00137e-05
4.00131e-05
4.00125e-05
4.00119e-05
4.00114e-05
4.00109e-05
4.00104e-05
4.001e-05
4.00097e-05
4.00094e-05
4.00091e-05
4.00089e-05
4.00088e-05
4.00088e-05
4.00089e-05
4.00089e-05
4.00091e-05
4.00092e-05
4.00094e-05
4.00097e-05
4.001e-05
4.00103e-05
4.00107e-05
4.00111e-05
4.00115e-05
4.0012e-05
4.00125e-05
4.00131e-05
4.00138e-05
4.00145e-05
4.00154e-05
4.00128e-05
4.0012e-05
4.00108e-05
4.00094e-05
4.00075e-05
4.00052e-05
4.00032e-05
4.00024e-05
4.00026e-05
4.00034e-05
4.00045e-05
4.00057e-05
4.00068e-05
4.00078e-05
4.00086e-05
4.00094e-05
4.001e-05
4.00105e-05
4.0011e-05
4.00115e-05
4.00119e-05
4.00124e-05
4.00128e-05
4.00133e-05
4.00138e-05
4.00143e-05
4.00147e-05
4.00151e-05
4.00154e-05
4.00157e-05
4.00159e-05
4.00162e-05
4.00164e-05
4.00165e-05
4.00166e-05
4.00167e-05
4.00167e-05
4.00167e-05
4.00165e-05
4.0013e-05
4.00136e-05
4.0014e-05
4.00143e-05
4.00142e-05
4.0014e-05
4.00137e-05
4.0013e-05
4.00124e-05
4.00114e-05
4.00107e-05
4.00101e-05
4.00096e-05
4.00092e-05
4.00087e-05
4.00083e-05
4.0008e-05
4.00077e-05
4.00075e-05
4.00073e-05
4.00072e-05
4.00071e-05
4.00071e-05
4.00072e-05
4.00073e-05
4.00074e-05
4.00076e-05
4.00078e-05
4.0008e-05
4.00083e-05
4.00086e-05
4.00089e-05
4.00093e-05
4.00097e-05
4.00102e-05
4.00108e-05
4.00114e-05
4.00121e-05
4.0013e-05
4.00122e-05
4.00114e-05
4.00102e-05
4.00087e-05
4.00067e-05
4.00044e-05
4.00023e-05
4.00024e-05
4.00031e-05
4.00043e-05
4.00057e-05
4.00071e-05
4.00083e-05
4.00094e-05
4.00103e-05
4.00111e-05
4.00118e-05
4.00124e-05
4.00129e-05
4.00134e-05
4.00139e-05
4.00143e-05
4.00148e-05
4.00154e-05
4.00159e-05
4.00164e-05
4.00168e-05
4.00173e-05
4.00176e-05
4.0018e-05
4.00183e-05
4.00186e-05
4.00188e-05
4.00191e-05
4.00192e-05
4.00194e-05
4.00195e-05
4.00196e-05
4.00196e-05
4.00123e-05
4.00129e-05
4.00133e-05
4.00135e-05
4.00134e-05
4.00131e-05
4.00126e-05
4.00117e-05
4.0011e-05
4.00096e-05
4.00087e-05
4.00082e-05
4.00077e-05
4.00073e-05
4.0007e-05
4.00066e-05
4.00063e-05
4.0006e-05
4.00058e-05
4.00056e-05
4.00055e-05
4.00054e-05
4.00054e-05
4.00054e-05
4.00055e-05
4.00056e-05
4.00057e-05
4.00059e-05
4.00061e-05
4.00063e-05
4.00065e-05
4.00068e-05
4.00071e-05
4.00075e-05
4.00079e-05
4.00083e-05
4.00089e-05
4.00095e-05
4.00103e-05
4.00116e-05
4.00108e-05
4.00095e-05
4.0008e-05
4.00059e-05
4.00035e-05
4.00016e-05
4.00026e-05
4.00038e-05
4.00055e-05
4.00072e-05
4.00087e-05
4.00101e-05
4.00112e-05
4.00122e-05
4.0013e-05
4.00138e-05
4.00144e-05
4.00149e-05
4.00154e-05
4.00159e-05
4.00164e-05
4.00169e-05
4.00174e-05
4.0018e-05
4.00185e-05
4.0019e-05
4.00195e-05
4.00199e-05
4.00203e-05
4.00207e-05
4.0021e-05
4.00213e-05
4.00216e-05
4.00219e-05
4.00221e-05
4.00223e-05
4.00225e-05
4.00226e-05
4.00116e-05
4.00122e-05
4.00126e-05
4.00127e-05
4.00125e-05
4.0012e-05
4.00114e-05
4.00104e-05
4.00094e-05
4.00076e-05
4.00068e-05
4.00063e-05
4.00059e-05
4.00055e-05
4.00052e-05
4.00049e-05
4.00046e-05
4.00043e-05
4.00041e-05
4.0004e-05
4.00039e-05
4.00038e-05
4.00038e-05
4.00038e-05
4.00038e-05
4.00039e-05
4.0004e-05
4.00041e-05
4.00042e-05
4.00044e-05
4.00046e-05
4.00048e-05
4.0005e-05
4.00053e-05
4.00056e-05
4.00059e-05
4.00064e-05
4.00068e-05
4.00075e-05
4.00109e-05
4.00101e-05
4.00088e-05
4.00073e-05
4.00051e-05
4.00028e-05
4.00011e-05
4.00031e-05
4.00049e-05
4.00069e-05
4.00088e-05
4.00105e-05
4.0012e-05
4.00132e-05
4.00142e-05
4.0015e-05
4.00158e-05
4.00164e-05
4.0017e-05
4.00175e-05
4.0018e-05
4.00185e-05
4.0019e-05
4.00196e-05
4.00201e-05
4.00207e-05
4.00212e-05
4.00217e-05
4.00222e-05
4.00226e-05
4.0023e-05
4.00234e-05
4.00238e-05
4.00241e-05
4.00245e-05
4.00248e-05
4.00251e-05
4.00254e-05
4.00256e-05
4.00109e-05
4.00114e-05
4.00117e-05
4.00117e-05
4.00115e-05
4.00109e-05
4.00101e-05
4.00089e-05
4.00078e-05
4.00058e-05
4.00049e-05
4.00044e-05
4.00041e-05
4.00038e-05
4.00035e-05
4.00033e-05
4.00031e-05
4.00029e-05
4.00028e-05
4.00027e-05
4.00027e-05
4.00026e-05
4.00026e-05
4.00026e-05
4.00027e-05
4.00027e-05
4.00027e-05
4.00027e-05
4.00028e-05
4.00028e-05
4.00029e-05
4.0003e-05
4.00032e-05
4.00033e-05
4.00035e-05
4.00037e-05
4.0004e-05
4.00044e-05
4.00049e-05
4.00102e-05
4.00093e-05
4.00081e-05
4.00065e-05
4.00042e-05
4.00021e-05
4.00009e-05
4.00039e-05
4.00062e-05
4.00086e-05
4.00106e-05
4.00124e-05
4.00139e-05
4.00151e-05
4.00161e-05
4.0017e-05
4.00177e-05
4.00183e-05
4.00189e-05
4.00194e-05
4.00199e-05
4.00204e-05
4.00209e-05
4.00215e-05
4.00221e-05
4.00227e-05
4.00232e-05
4.00237e-05
4.00242e-05
4.00247e-05
4.00252e-05
4.00256e-05
4.0026e-05
4.00264e-05
4.00268e-05
4.00272e-05
4.00276e-05
4.0028e-05
4.00283e-05
4.001e-05
4.00105e-05
4.00108e-05
4.00107e-05
4.00103e-05
4.00097e-05
4.00087e-05
4.00075e-05
4.00061e-05
4.0004e-05
4.00032e-05
4.00029e-05
4.00027e-05
4.00025e-05
4.00024e-05
4.00023e-05
4.00023e-05
4.00023e-05
4.00024e-05
4.00025e-05
4.00026e-05
4.00027e-05
4.00028e-05
4.00029e-05
4.00029e-05
4.0003e-05
4.0003e-05
4.0003e-05
4.0003e-05
4.0003e-05
4.0003e-05
4.0003e-05
4.0003e-05
4.0003e-05
4.0003e-05
4.0003e-05
4.0003e-05
4.00031e-05
4.00033e-05
4.00093e-05
4.00085e-05
4.00073e-05
4.00057e-05
4.00034e-05
4.00015e-05
4.00011e-05
4.00049e-05
4.00076e-05
4.00102e-05
4.00124e-05
4.00141e-05
4.00156e-05
4.00168e-05
4.00178e-05
4.00187e-05
4.00194e-05
4.002e-05
4.00205e-05
4.0021e-05
4.00215e-05
4.0022e-05
4.00225e-05
4.00231e-05
4.00236e-05
4.00242e-05
4.00248e-05
4.00253e-05
4.00258e-05
4.00263e-05
4.00268e-05
4.00273e-05
4.00277e-05
4.00282e-05
4.00287e-05
4.00291e-05
4.00296e-05
4.00302e-05
4.00306e-05
4.00091e-05
4.00095e-05
4.00097e-05
4.00096e-05
4.00092e-05
4.00084e-05
4.00073e-05
4.0006e-05
4.00044e-05
4.00027e-05
4.00021e-05
4.0002e-05
4.0002e-05
4.00021e-05
4.00023e-05
4.00025e-05
4.00028e-05
4.00031e-05
4.00034e-05
4.00037e-05
4.00039e-05
4.00041e-05
4.00043e-05
4.00045e-05
4.00046e-05
4.00046e-05
4.00047e-05
4.00047e-05
4.00047e-05
4.00048e-05
4.00047e-05
4.00047e-05
4.00046e-05
4.00045e-05
4.00044e-05
4.00042e-05
4.0004e-05
4.00039e-05
4.00037e-05
4.00084e-05
4.00076e-05
4.00064e-05
4.00048e-05
4.00026e-05
4.00011e-05
4.00016e-05
4.00059e-05
4.00088e-05
4.00116e-05
4.00138e-05
4.00156e-05
4.0017e-05
4.00181e-05
4.00191e-05
4.00199e-05
4.00205e-05
4.00211e-05
4.00216e-05
4.00221e-05
4.00226e-05
4.0023e-05
4.00235e-05
4.00241e-05
4.00246e-05
4.00252e-05
4.00257e-05
4.00263e-05
4.00268e-05
4.00273e-05
4.00279e-05
4.00284e-05
4.00289e-05
4.00294e-05
4.00299e-05
4.00304e-05
4.0031e-05
4.00316e-05
4.00321e-05
4.0008e-05
4.00084e-05
4.00085e-05
4.00084e-05
4.00079e-05
4.0007e-05
4.00059e-05
4.00045e-05
4.00028e-05
4.0002e-05
4.00019e-05
4.00021e-05
4.00025e-05
4.00029e-05
4.00033e-05
4.00037e-05
4.00042e-05
4.00046e-05
4.0005e-05
4.00053e-05
4.00056e-05
4.00059e-05
4.00062e-05
4.00064e-05
4.00065e-05
4.00067e-05
4.00068e-05
4.00069e-05
4.0007e-05
4.00071e-05
4.00072e-05
4.00072e-05
4.00073e-05
4.00073e-05
4.00074e-05
4.00074e-05
4.00074e-05
4.00074e-05
4.00073e-05
4.00074e-05
4.00067e-05
4.00055e-05
4.00039e-05
4.00018e-05
4.00009e-05
4.00022e-05
4.00065e-05
4.00097e-05
4.00125e-05
4.00147e-05
4.00164e-05
4.00177e-05
4.00188e-05
4.00197e-05
4.00205e-05
4.00211e-05
4.00216e-05
4.00221e-05
4.00226e-05
4.0023e-05
4.00235e-05
4.0024e-05
4.00245e-05
4.00251e-05
4.00256e-05
4.00262e-05
4.00267e-05
4.00273e-05
4.00278e-05
4.00283e-05
4.00287e-05
4.00292e-05
4.00297e-05
4.00301e-05
4.00306e-05
4.00312e-05
4.00318e-05
4.00324e-05
4.00069e-05
4.00072e-05
4.00073e-05
4.0007e-05
4.00065e-05
4.00056e-05
4.00045e-05
4.00031e-05
4.00015e-05
4.00017e-05
4.00022e-05
4.00027e-05
4.00033e-05
4.00039e-05
4.00045e-05
4.0005e-05
4.00056e-05
4.0006e-05
4.00065e-05
4.00069e-05
4.00073e-05
4.00077e-05
4.0008e-05
4.00083e-05
4.00085e-05
4.00087e-05
4.00089e-05
4.0009e-05
4.00091e-05
4.00093e-05
4.00093e-05
4.00094e-05
4.00094e-05
4.00094e-05
4.00093e-05
4.00092e-05
4.00091e-05
4.0009e-05
4.00089e-05
4.00063e-05
4.00056e-05
4.00046e-05
4.00031e-05
4.00012e-05
4.0001e-05
4.00027e-05
4.00067e-05
4.00099e-05
4.00128e-05
4.00149e-05
4.00165e-05
4.00178e-05
4.00189e-05
4.00198e-05
4.00206e-05
4.00212e-05
4.00218e-05
4.00223e-05
4.00228e-05
4.00233e-05
4.00238e-05
4.00243e-05
4.00249e-05
4.00256e-05
4.00262e-05
4.00269e-05
4.00275e-05
4.00282e-05
4.00288e-05
4.00294e-05
4.00301e-05
4.00307e-05
4.00314e-05
4.00321e-05
4.00328e-05
4.00335e-05
4.00342e-05
4.00348e-05
4.00056e-05
4.00059e-05
4.00059e-05
4.00056e-05
4.00051e-05
4.00042e-05
4.00032e-05
4.00018e-05
4.00008e-05
4.00018e-05
4.00026e-05
4.00034e-05
4.00042e-05
4.00049e-05
4.00056e-05
4.00062e-05
4.00069e-05
4.00074e-05
4.0008e-05
4.00085e-05
4.0009e-05
4.00094e-05
4.00098e-05
4.00101e-05
4.00104e-05
4.00107e-05
4.0011e-05
4.00113e-05
4.00116e-05
4.00118e-05
4.0012e-05
4.00123e-05
4.00126e-05
4.00129e-05
4.00132e-05
4.00136e-05
4.00139e-05
4.00144e-05
4.00147e-05
4.00051e-05
4.00045e-05
4.00036e-05
4.00023e-05
4.00007e-05
4.0001e-05
4.00031e-05
4.00063e-05
4.00094e-05
4.00122e-05
4.00144e-05
4.00162e-05
4.00176e-05
4.00189e-05
4.002e-05
4.0021e-05
4.00218e-05
4.00225e-05
4.00232e-05
4.00239e-05
4.00245e-05
4.00252e-05
4.00259e-05
4.00267e-05
4.00275e-05
4.00283e-05
4.00291e-05
4.00298e-05
4.00305e-05
4.00312e-05
4.00319e-05
4.00324e-05
4.0033e-05
4.00335e-05
4.00339e-05
4.00343e-05
4.00347e-05
4.00352e-05
4.00358e-05
4.00042e-05
4.00044e-05
4.00044e-05
4.00041e-05
4.00036e-05
4.00029e-05
4.00019e-05
4.00008e-05
4.00005e-05
4.00018e-05
4.00027e-05
4.00037e-05
4.00047e-05
4.00056e-05
4.00064e-05
4.00071e-05
4.00078e-05
4.00085e-05
4.00091e-05
4.00097e-05
4.00102e-05
4.00107e-05
4.00112e-05
4.00116e-05
4.00119e-05
4.00122e-05
4.00125e-05
4.00126e-05
4.00126e-05
4.0013e-05
4.00132e-05
4.00133e-05
4.00134e-05
4.00134e-05
4.00134e-05
4.00134e-05
4.00134e-05
4.00137e-05
4.0014e-05
4.00038e-05
4.00033e-05
4.00026e-05
4.00015e-05
4.00004e-05
4.00011e-05
4.00029e-05
4.00051e-05
4.00081e-05
4.00112e-05
4.00139e-05
4.00162e-05
4.00182e-05
4.00199e-05
4.00214e-05
4.00227e-05
4.00238e-05
4.00248e-05
4.00257e-05
4.00266e-05
4.00275e-05
4.00284e-05
4.00293e-05
4.00305e-05
4.00317e-05
4.00329e-05
4.00342e-05
4.00354e-05
4.00367e-05
4.0038e-05
4.00392e-05
4.00406e-05
4.00419e-05
4.00433e-05
4.00447e-05
4.00462e-05
4.00479e-05
4.00497e-05
4.00514e-05
4.00026e-05
4.00028e-05
4.00027e-05
4.00025e-05
4.00022e-05
4.00016e-05
4.00009e-05
4.00003e-05
4.00006e-05
4.00014e-05
4.00023e-05
4.00034e-05
4.00046e-05
4.00056e-05
4.00065e-05
4.00074e-05
4.00082e-05
4.0009e-05
4.00097e-05
4.00103e-05
4.0011e-05
4.00116e-05
4.00122e-05
4.00128e-05
4.00133e-05
4.00139e-05
4.00144e-05
4.00151e-05
4.00159e-05
4.00166e-05
4.00173e-05
4.0018e-05
4.00188e-05
4.00196e-05
4.00204e-05
4.00213e-05
4.00222e-05
4.00235e-05
4.00248e-05
4.00024e-05
4.00021e-05
4.00015e-05
4.00008e-05
4.00002e-05
4.00009e-05
4.00023e-05
4.00033e-05
4.00064e-05
4.00104e-05
4.00138e-05
4.00166e-05
4.00189e-05
4.00209e-05
4.00224e-05
4.00236e-05
4.00247e-05
4.00256e-05
4.00264e-05
4.00271e-05
4.00278e-05
4.00285e-05
4.00293e-05
4.00301e-05
4.00309e-05
4.00317e-05
4.00325e-05
4.00332e-05
4.00339e-05
4.00346e-05
4.00352e-05
4.00357e-05
4.00363e-05
4.00368e-05
4.00372e-05
4.00377e-05
4.00381e-05
4.00385e-05
4.0039e-05
4.00009e-05
4.00009e-05
4.00009e-05
4.00008e-05
4.00007e-05
4.00005e-05
4.00002e-05
4.00001e-05
4.00003e-05
4.00005e-05
4.00015e-05
4.00031e-05
4.00049e-05
4.00066e-05
4.00082e-05
4.00098e-05
4.00114e-05
4.00129e-05
4.00143e-05
4.00157e-05
4.00171e-05
4.00183e-05
4.00194e-05
4.00203e-05
4.00211e-05
4.00218e-05
4.00224e-05
4.00231e-05
4.00235e-05
4.00232e-05
4.00234e-05
4.00236e-05
4.00238e-05
4.00239e-05
4.0024e-05
4.0024e-05
4.00241e-05
4.00243e-05
4.00245e-05
4.00008e-05
4.00007e-05
4.00005e-05
4.00002e-05
4.00001e-05
4.00004e-05
4.00009e-05
4.0001e-05
4.00045e-05
4.00078e-05
4.00097e-05
4.00107e-05
4.00109e-05
4.00107e-05
4.00102e-05
4.00098e-05
4.00096e-05
4.00095e-05
4.00095e-05
4.00096e-05
4.00098e-05
4.001e-05
4.00102e-05
4.00105e-05
4.0011e-05
4.00114e-05
4.0012e-05
4.00125e-05
4.00131e-05
4.00138e-05
4.00144e-05
4.00151e-05
4.00157e-05
4.00164e-05
4.0017e-05
4.00177e-05
4.00184e-05
4.00193e-05
4.00199e-05
0.102317
0.119448
0.121967
0.112267
0.0893283
0.0550959
0.0230622
0.00656597
0.00118535
2.72755e-05
6.33716e-06
3.43583e-10
1.56825e-09
2.12754e-05
3.47486e-05
3.96454e-05
4.05568e-05
4.03815e-05
4.0168e-05
4.00802e-05
4.00617e-05
4.00614e-05
4.00613e-05
4.00592e-05
4.00565e-05
4.0054e-05
4.00519e-05
4.00501e-05
4.00486e-05
4.00472e-05
4.00461e-05
4.0045e-05
4.00441e-05
4.00433e-05
4.00425e-05
4.00419e-05
4.00413e-05
4.00407e-05
4.00403e-05
4.00398e-05
4.00395e-05
4.00391e-05
4.00388e-05
4.00385e-05
4.00382e-05
4.0038e-05
4.00377e-05
4.00375e-05
4.00373e-05
4.0037e-05
4.00367e-05
4.00364e-05
4.0036e-05
4.00356e-05
4.00352e-05
4.00347e-05
4.00342e-05
4.00335e-05
4.00327e-05
4.00317e-05
4.00303e-05
4.00286e-05
4.00267e-05
4.00246e-05
4.00225e-05
4.00202e-05
4.00179e-05
4.00158e-05
4.00134e-05
4.00106e-05
4.00078e-05
4.0005e-05
4.00033e-05
4.00036e-05
4.00073e-05
4.00089e-05
4.00149e-05
4.00141e-05
4.00256e-05
4.00246e-05
0.106437
0.103502
0.0870196
0.0652631
0.037206
0.012449
0.0020463
0.000482652
0
2.86154e-07
1.29297e-06
2.63937e-05
3.83676e-05
4.06497e-05
4.04756e-05
4.01692e-05
4.00595e-05
4.00434e-05
4.00455e-05
4.00459e-05
4.00441e-05
4.00418e-05
4.00398e-05
4.00381e-05
4.00366e-05
4.00352e-05
4.0034e-05
4.00329e-05
4.00319e-05
4.0031e-05
4.00301e-05
4.00294e-05
4.00287e-05
4.0028e-05
4.00274e-05
4.00268e-05
4.00263e-05
4.00258e-05
4.00254e-05
4.0025e-05
4.00246e-05
4.00242e-05
4.00237e-05
4.00232e-05
4.00226e-05
4.00219e-05
4.00211e-05
4.00202e-05
4.00192e-05
4.00181e-05
4.0017e-05
4.00158e-05
4.00146e-05
4.00134e-05
4.00121e-05
4.00107e-05
4.00092e-05
4.00074e-05
4.00055e-05
4.00039e-05
4.0003e-05
4.00033e-05
4.00043e-05
4.00058e-05
4.00077e-05
4.00104e-05
4.00135e-05
4.00167e-05
4.00198e-05
4.00229e-05
4.00259e-05
4.00287e-05
4.00311e-05
4.00325e-05
4.00329e-05
4.00352e-05
4.00364e-05
4.00525e-05
4.00393e-05
4.00205e-05
0.119044
0.130208
0.130669
0.117965
0.0928555
0.0577631
0.0236398
0.00575164
0.000824784
0.000112769
2.63195e-05
5.9133e-07
2.68628e-06
2.35543e-05
3.5861e-05
3.99587e-05
4.05869e-05
4.03641e-05
4.0162e-05
4.0085e-05
4.00697e-05
4.00689e-05
4.00676e-05
4.00645e-05
4.00609e-05
4.00578e-05
4.00551e-05
4.00529e-05
4.00509e-05
4.00493e-05
4.00478e-05
4.00466e-05
4.00454e-05
4.00444e-05
4.00435e-05
4.00427e-05
4.0042e-05
4.00413e-05
4.00408e-05
4.00402e-05
4.00398e-05
4.00394e-05
4.00391e-05
4.00388e-05
4.00385e-05
4.00383e-05
4.0038e-05
4.00378e-05
4.00375e-05
4.00373e-05
4.0037e-05
4.00367e-05
4.00363e-05
4.00359e-05
4.00355e-05
4.0035e-05
4.00345e-05
4.00338e-05
4.0033e-05
4.0032e-05
4.00306e-05
4.00289e-05
4.0027e-05
4.00249e-05
4.00227e-05
4.00204e-05
4.00181e-05
4.0016e-05
4.00136e-05
4.00108e-05
4.00079e-05
4.00051e-05
4.00034e-05
4.00037e-05
4.00072e-05
4.0009e-05
4.0015e-05
4.00142e-05
4.0026e-05
4.00247e-05
0.120011
0.116075
0.0983766
0.073158
0.0432057
0.0150017
0.0021382
0.000505862
0
8.41926e-07
3.7877e-06
2.81846e-05
3.90091e-05
4.07464e-05
4.04609e-05
4.01625e-05
4.00663e-05
4.00535e-05
4.00545e-05
4.00532e-05
4.00501e-05
4.00468e-05
4.0044e-05
4.00416e-05
4.00395e-05
4.00377e-05
4.00361e-05
4.00347e-05
4.00334e-05
4.00323e-05
4.00313e-05
4.00304e-05
4.00296e-05
4.00288e-05
4.00281e-05
4.00274e-05
4.00269e-05
4.00264e-05
4.00259e-05
4.00255e-05
4.0025e-05
4.00246e-05
4.00241e-05
4.00236e-05
4.0023e-05
4.00222e-05
4.00214e-05
4.00205e-05
4.00195e-05
4.00184e-05
4.00172e-05
4.0016e-05
4.00148e-05
4.00135e-05
4.00123e-05
4.00109e-05
4.00093e-05
4.00075e-05
4.00056e-05
4.00039e-05
4.0003e-05
4.00034e-05
4.00044e-05
4.00058e-05
4.00078e-05
4.00105e-05
4.00137e-05
4.00169e-05
4.002e-05
4.00231e-05
4.00262e-05
4.0029e-05
4.00314e-05
4.00328e-05
4.00333e-05
4.00355e-05
4.0037e-05
4.00531e-05
4.00397e-05
4.00209e-05
0.129599
0.136944
0.13689
0.123918
0.0981336
0.0621525
0.0253917
0.00533222
0.000567337
3.05538e-05
7.16199e-06
9.41414e-07
4.25723e-06
2.57217e-05
3.67501e-05
4.01747e-05
4.05915e-05
4.03444e-05
4.01562e-05
4.00886e-05
4.00755e-05
4.00741e-05
4.00717e-05
4.00678e-05
4.00636e-05
4.00599e-05
4.00568e-05
4.00542e-05
4.0052e-05
4.00501e-05
4.00484e-05
4.0047e-05
4.00457e-05
4.00447e-05
4.00438e-05
4.0043e-05
4.00423e-05
4.00417e-05
4.00411e-05
4.00406e-05
4.00401e-05
4.00398e-05
4.00395e-05
4.00392e-05
4.00389e-05
4.00386e-05
4.00384e-05
4.00382e-05
4.00379e-05
4.00376e-05
4.00374e-05
4.0037e-05
4.00367e-05
4.00363e-05
4.00359e-05
4.00354e-05
4.00349e-05
4.00342e-05
4.00334e-05
4.00324e-05
4.0031e-05
4.00293e-05
4.00273e-05
4.00252e-05
4.0023e-05
4.00207e-05
4.00184e-05
4.00163e-05
4.00138e-05
4.00109e-05
4.0008e-05
4.00052e-05
4.00034e-05
4.00037e-05
4.00072e-05
4.00091e-05
4.0015e-05
4.00144e-05
4.00265e-05
4.00248e-05
0.129195
0.124677
0.107781
0.0806438
0.0480194
0.0168131
0.0019915
0.000472914
0
1.28302e-06
5.74848e-06
3.04809e-05
3.96233e-05
4.07863e-05
4.04264e-05
4.01519e-05
4.00719e-05
4.00623e-05
4.0062e-05
4.00592e-05
4.00549e-05
4.00509e-05
4.00474e-05
4.00444e-05
4.00418e-05
4.00396e-05
4.00377e-05
4.0036e-05
4.00345e-05
4.00332e-05
4.00321e-05
4.00311e-05
4.00302e-05
4.00294e-05
4.00286e-05
4.00279e-05
4.00273e-05
4.00268e-05
4.00263e-05
4.00259e-05
4.00254e-05
4.00249e-05
4.00244e-05
4.00239e-05
4.00232e-05
4.00225e-05
4.00217e-05
4.00207e-05
4.00197e-05
4.00185e-05
4.00174e-05
4.00161e-05
4.00149e-05
4.00137e-05
4.00124e-05
4.0011e-05
4.00093e-05
4.00075e-05
4.00056e-05
4.00039e-05
4.0003e-05
4.00034e-05
4.00045e-05
4.00059e-05
4.0008e-05
4.00107e-05
4.00139e-05
4.00172e-05
4.00203e-05
4.00235e-05
4.00266e-05
4.00294e-05
4.00318e-05
4.00331e-05
4.00337e-05
4.00358e-05
4.00376e-05
4.00537e-05
4.00401e-05
4.00214e-05
0.136019
0.141254
0.141609
0.130607
0.106653
0.071322
0.0311988
0.00606895
0.000504755
1.99583e-05
4.69777e-06
1.24557e-06
5.60822e-06
2.71021e-05
3.72704e-05
4.02956e-05
4.0591e-05
4.03327e-05
4.0154e-05
4.00921e-05
4.008e-05
4.0078e-05
4.00747e-05
4.007e-05
4.00653e-05
4.00612e-05
4.00578e-05
4.00549e-05
4.00524e-05
4.00504e-05
4.00485e-05
4.00471e-05
4.00459e-05
4.00449e-05
4.00441e-05
4.00433e-05
4.00426e-05
4.0042e-05
4.00414e-05
4.00409e-05
4.00405e-05
4.00402e-05
4.00399e-05
4.00396e-05
4.00393e-05
4.00391e-05
4.00388e-05
4.00386e-05
4.00383e-05
4.00381e-05
4.00378e-05
4.00375e-05
4.00371e-05
4.00367e-05
4.00363e-05
4.00358e-05
4.00353e-05
4.00346e-05
4.00338e-05
4.00328e-05
4.00314e-05
4.00297e-05
4.00276e-05
4.00255e-05
4.00233e-05
4.00209e-05
4.00187e-05
4.00165e-05
4.0014e-05
4.00111e-05
4.00082e-05
4.00052e-05
4.00035e-05
4.00038e-05
4.00072e-05
4.00093e-05
4.00151e-05
4.00145e-05
4.0027e-05
4.0025e-05
0.135201
0.130454
0.115038
0.0881457
0.0536533
0.0192465
0.00193239
0.000460524
0
2.08358e-06
9.26866e-06
3.27146e-05
4.01243e-05
4.07881e-05
4.03861e-05
4.01413e-05
4.00767e-05
4.00694e-05
4.00679e-05
4.00637e-05
4.00586e-05
4.00538e-05
4.00498e-05
4.00464e-05
4.00435e-05
4.0041e-05
4.00388e-05
4.0037e-05
4.00354e-05
4.0034e-05
4.00327e-05
4.00317e-05
4.00307e-05
4.00298e-05
4.0029e-05
4.00283e-05
4.00277e-05
4.00272e-05
4.00267e-05
4.00262e-05
4.00257e-05
4.00252e-05
4.00247e-05
4.00242e-05
4.00235e-05
4.00228e-05
4.00219e-05
4.0021e-05
4.00199e-05
4.00187e-05
4.00175e-05
4.00163e-05
4.00151e-05
4.00138e-05
4.00125e-05
4.00111e-05
4.00094e-05
4.00076e-05
4.00056e-05
4.00039e-05
4.0003e-05
4.00034e-05
4.00045e-05
4.0006e-05
4.00081e-05
4.00109e-05
4.00141e-05
4.00174e-05
4.00206e-05
4.00238e-05
4.00269e-05
4.00298e-05
4.00322e-05
4.00335e-05
4.00342e-05
4.00361e-05
4.00383e-05
4.00544e-05
4.00405e-05
4.00219e-05
0.140604
0.144358
0.145288
0.137094
0.116712
0.0841083
0.0425603
0.00947647
0.000541994
0.000128997
0
1.25488e-06
5.62663e-06
2.73181e-05
3.73951e-05
4.03341e-05
4.05957e-05
4.03332e-05
4.01573e-05
4.00967e-05
4.00844e-05
4.00814e-05
4.00773e-05
4.0072e-05
4.00668e-05
4.00623e-05
4.00585e-05
4.00553e-05
4.00527e-05
4.00504e-05
4.00486e-05
4.00473e-05
4.00461e-05
4.00452e-05
4.00444e-05
4.00437e-05
4.0043e-05
4.00424e-05
4.00419e-05
4.00414e-05
4.00409e-05
4.00406e-05
4.00403e-05
4.004e-05
4.00398e-05
4.00395e-05
4.00393e-05
4.00391e-05
4.00388e-05
4.00385e-05
4.00382e-05
4.00379e-05
4.00376e-05
4.00371e-05
4.00367e-05
4.00363e-05
4.00357e-05
4.00351e-05
4.00343e-05
4.00332e-05
4.00318e-05
4.00301e-05
4.0028e-05
4.00258e-05
4.00236e-05
4.00212e-05
4.00189e-05
4.00168e-05
4.00142e-05
4.00113e-05
4.00083e-05
4.00053e-05
4.00035e-05
4.00038e-05
4.00072e-05
4.00094e-05
4.00152e-05
4.00147e-05
4.00276e-05
4.00251e-05
0.139398
0.13434
0.120044
0.0944119
0.0594228
0.0223102
0.00200959
0.00048056
1.34858e-07
3.47948e-07
1.25839e-05
3.45828e-05
4.04824e-05
4.07684e-05
4.03505e-05
4.01342e-05
4.00819e-05
4.00759e-05
4.0073e-05
4.00676e-05
4.00617e-05
4.00563e-05
4.00519e-05
4.00481e-05
4.00449e-05
4.00421e-05
4.00398e-05
4.00377e-05
4.0036e-05
4.00345e-05
4.00333e-05
4.00322e-05
4.00312e-05
4.00303e-05
4.00294e-05
4.00287e-05
4.00281e-05
4.00276e-05
4.00271e-05
4.00266e-05
4.00261e-05
4.00256e-05
4.0025e-05
4.00245e-05
4.00238e-05
4.0023e-05
4.00222e-05
4.00212e-05
4.00201e-05
4.00189e-05
4.00177e-05
4.00165e-05
4.00152e-05
4.00139e-05
4.00126e-05
4.00112e-05
4.00095e-05
4.00076e-05
4.00056e-05
4.00038e-05
4.0003e-05
4.00035e-05
4.00046e-05
4.00061e-05
4.00082e-05
4.00111e-05
4.00144e-05
4.00177e-05
4.0021e-05
4.00242e-05
4.00273e-05
4.00302e-05
4.00326e-05
4.00338e-05
4.00346e-05
4.00364e-05
4.00391e-05
4.0055e-05
4.0041e-05
4.00224e-05
0.1441
0.146765
0.148169
0.142705
0.126523
0.0981324
0.0583554
0.0176128
0.00113753
0.000270909
0
9.78739e-07
4.37116e-06
2.63892e-05
3.72148e-05
4.03388e-05
4.06225e-05
4.03505e-05
4.01666e-05
4.01026e-05
4.00888e-05
4.0085e-05
4.00801e-05
4.00742e-05
4.00684e-05
4.00634e-05
4.00592e-05
4.00558e-05
4.00529e-05
4.00505e-05
4.00487e-05
4.00475e-05
4.00464e-05
4.00455e-05
4.00448e-05
4.00441e-05
4.00434e-05
4.00428e-05
4.00423e-05
4.00418e-05
4.00414e-05
4.00411e-05
4.00408e-05
4.00405e-05
4.00402e-05
4.004e-05
4.00398e-05
4.00395e-05
4.00393e-05
4.0039e-05
4.00387e-05
4.00384e-05
4.0038e-05
4.00376e-05
4.00372e-05
4.00368e-05
4.00362e-05
4.00355e-05
4.00347e-05
4.00337e-05
4.00323e-05
4.00305e-05
4.00284e-05
4.00262e-05
4.00239e-05
4.00215e-05
4.00192e-05
4.0017e-05
4.00145e-05
4.00115e-05
4.00085e-05
4.00054e-05
4.00036e-05
4.00039e-05
4.00072e-05
4.00095e-05
4.00152e-05
4.00148e-05
4.00282e-05
4.00253e-05
0.142447
0.136885
0.123105
0.0987002
0.0641165
0.0253241
0.00212904
0.000511526
3.20962e-06
4.09638e-06
1.6141e-05
3.62633e-05
4.07434e-05
4.07324e-05
4.03179e-05
4.01298e-05
4.00878e-05
4.00823e-05
4.00779e-05
4.00714e-05
4.00646e-05
4.00588e-05
4.00538e-05
4.00497e-05
4.00461e-05
4.00431e-05
4.00406e-05
4.00385e-05
4.00366e-05
4.00351e-05
4.00338e-05
4.00326e-05
4.00316e-05
4.00307e-05
4.00298e-05
4.00291e-05
4.00285e-05
4.0028e-05
4.00274e-05
4.00269e-05
4.00264e-05
4.00259e-05
4.00254e-05
4.00248e-05
4.00241e-05
4.00233e-05
4.00224e-05
4.00214e-05
4.00203e-05
4.00191e-05
4.00179e-05
4.00166e-05
4.00154e-05
4.00141e-05
4.00127e-05
4.00113e-05
4.00096e-05
4.00076e-05
4.00056e-05
4.00038e-05
4.0003e-05
4.00035e-05
4.00047e-05
4.00062e-05
4.00084e-05
4.00113e-05
4.00146e-05
4.0018e-05
4.00213e-05
4.00245e-05
4.00277e-05
4.00306e-05
4.0033e-05
4.00342e-05
4.00351e-05
4.00367e-05
4.00398e-05
4.00557e-05
4.00415e-05
4.0023e-05
0.146768
0.148635
0.150379
0.147268
0.135234
0.11181
0.07631
0.0321264
0.00406139
0.00098055
0
3.42681e-07
1.52461e-06
2.41694e-05
3.65894e-05
4.03102e-05
4.06747e-05
4.03854e-05
4.01817e-05
4.01095e-05
4.00934e-05
4.00888e-05
4.00832e-05
4.00766e-05
4.00702e-05
4.00647e-05
4.00601e-05
4.00563e-05
4.00532e-05
4.00506e-05
4.00489e-05
4.00477e-05
4.00467e-05
4.00458e-05
4.00451e-05
4.00445e-05
4.00439e-05
4.00433e-05
4.00428e-05
4.00423e-05
4.00419e-05
4.00416e-05
4.00413e-05
4.0041e-05
4.00407e-05
4.00405e-05
4.00403e-05
4.004e-05
4.00398e-05
4.00395e-05
4.00392e-05
4.00389e-05
4.00385e-05
4.00381e-05
4.00377e-05
4.00373e-05
4.00367e-05
4.0036e-05
4.00352e-05
4.00341e-05
4.00327e-05
4.00309e-05
4.00288e-05
4.00266e-05
4.00243e-05
4.00218e-05
4.00195e-05
4.00173e-05
4.00147e-05
4.00117e-05
4.00086e-05
4.00055e-05
4.00036e-05
4.00039e-05
4.00071e-05
4.00097e-05
4.00153e-05
4.0015e-05
4.00288e-05
4.00256e-05
0.144612
0.138395
0.124653
0.101086
0.067257
0.0277981
0.0022468
0.000542939
9.69932e-06
8.57112e-06
1.99561e-05
3.78136e-05
4.09213e-05
4.06805e-05
4.02863e-05
4.0127e-05
4.00939e-05
4.00884e-05
4.00826e-05
4.00749e-05
4.00675e-05
4.00611e-05
4.00557e-05
4.00512e-05
4.00474e-05
4.00441e-05
4.00414e-05
4.00392e-05
4.00373e-05
4.00356e-05
4.00343e-05
4.00331e-05
4.0032e-05
4.00311e-05
4.00302e-05
4.00295e-05
4.00289e-05
4.00283e-05
4.00278e-05
4.00273e-05
4.00268e-05
4.00263e-05
4.00257e-05
4.00251e-05
4.00244e-05
4.00236e-05
4.00227e-05
4.00217e-05
4.00206e-05
4.00194e-05
4.00181e-05
4.00168e-05
4.00155e-05
4.00142e-05
4.00129e-05
4.00114e-05
4.00097e-05
4.00077e-05
4.00056e-05
4.00038e-05
4.0003e-05
4.00036e-05
4.00048e-05
4.00064e-05
4.00086e-05
4.00115e-05
4.00149e-05
4.00183e-05
4.00217e-05
4.00249e-05
4.00282e-05
4.0031e-05
4.00335e-05
4.00346e-05
4.00355e-05
4.00371e-05
4.00407e-05
4.00564e-05
4.0042e-05
4.00236e-05
0.148619
0.149884
0.151869
0.150719
0.142479
0.124172
0.0941387
0.0520837
0.0125851
0.000593028
0.000141672
0
4.77378e-06
2.11137e-05
3.57011e-05
4.02529e-05
4.07456e-05
4.04332e-05
4.02026e-05
4.01181e-05
4.00984e-05
4.00928e-05
4.00866e-05
4.00793e-05
4.00722e-05
4.00661e-05
4.00611e-05
4.00569e-05
4.00535e-05
4.00507e-05
4.0049e-05
4.00479e-05
4.0047e-05
4.00462e-05
4.00456e-05
4.00449e-05
4.00443e-05
4.00438e-05
4.00433e-05
4.00428e-05
4.00424e-05
4.00421e-05
4.00418e-05
4.00415e-05
4.00413e-05
4.0041e-05
4.00408e-05
4.00406e-05
4.00403e-05
4.00401e-05
4.00398e-05
4.00394e-05
4.00391e-05
4.00387e-05
4.00383e-05
4.00378e-05
4.00372e-05
4.00366e-05
4.00357e-05
4.00346e-05
4.00332e-05
4.00314e-05
4.00293e-05
4.0027e-05
4.00247e-05
4.00222e-05
4.00198e-05
4.00176e-05
4.0015e-05
4.00119e-05
4.00088e-05
4.00056e-05
4.00037e-05
4.0004e-05
4.00071e-05
4.00098e-05
4.00154e-05
4.00151e-05
4.00294e-05
4.00258e-05
0.145936
0.138976
0.124955
0.101819
0.0687406
0.0293651
0.00230902
0.00056043
1.34596e-05
7.38376e-06
2.42199e-05
3.91764e-05
4.10139e-05
4.06159e-05
4.02563e-05
4.01258e-05
4.01003e-05
4.00943e-05
4.0087e-05
4.00783e-05
4.00702e-05
4.00632e-05
4.00574e-05
4.00526e-05
4.00485e-05
4.00451e-05
4.00422e-05
4.00398e-05
4.00378e-05
4.00362e-05
4.00348e-05
4.00335e-05
4.00325e-05
4.00315e-05
4.00307e-05
4.00299e-05
4.00293e-05
4.00288e-05
4.00282e-05
4.00277e-05
4.00272e-05
4.00266e-05
4.00261e-05
4.00255e-05
4.00248e-05
4.00239e-05
4.0023e-05
4.0022e-05
4.00208e-05
4.00196e-05
4.00183e-05
4.0017e-05
4.00157e-05
4.00144e-05
4.0013e-05
4.00115e-05
4.00097e-05
4.00077e-05
4.00056e-05
4.00038e-05
4.0003e-05
4.00037e-05
4.00048e-05
4.00065e-05
4.00087e-05
4.00117e-05
4.00151e-05
4.00187e-05
4.0022e-05
4.00253e-05
4.00286e-05
4.00315e-05
4.00339e-05
4.0035e-05
4.0036e-05
4.00374e-05
4.00415e-05
4.00571e-05
4.00425e-05
4.00242e-05
0.149836
0.15107
0.152878
0.15313
0.14813
0.134655
0.110405
0.0739178
0.0292902
0.00378096
0.00091163
0
2.36007e-06
1.04658e-05
3.27293e-05
3.99936e-05
4.08979e-05
4.0529e-05
4.02348e-05
4.01276e-05
4.01033e-05
4.00971e-05
4.00904e-05
4.00823e-05
4.00744e-05
4.00677e-05
4.00622e-05
4.00576e-05
4.00539e-05
4.00508e-05
4.00492e-05
4.00483e-05
4.00474e-05
4.00467e-05
4.0046e-05
4.00454e-05
4.00448e-05
4.00443e-05
4.00438e-05
4.00433e-05
4.00429e-05
4.00426e-05
4.00423e-05
4.0042e-05
4.00418e-05
4.00416e-05
4.00413e-05
4.00411e-05
4.00409e-05
4.00406e-05
4.00403e-05
4.004e-05
4.00396e-05
4.00392e-05
4.00388e-05
4.00383e-05
4.00378e-05
4.00371e-05
4.00363e-05
4.00352e-05
4.00337e-05
4.00319e-05
4.00297e-05
4.00274e-05
4.00251e-05
4.00225e-05
4.00202e-05
4.00179e-05
4.00153e-05
4.00121e-05
4.0009e-05
4.00057e-05
4.00038e-05
4.0004e-05
4.00071e-05
4.001e-05
4.00155e-05
4.00153e-05
4.00301e-05
4.00262e-05
0.146458
0.138652
0.124127
0.101084
0.0685898
0.029759
0.00222766
0.000542929
1.6039e-05
7.09749e-06
2.84355e-05
4.02731e-05
4.10234e-05
4.05435e-05
4.02293e-05
4.01262e-05
4.01068e-05
4.00999e-05
4.00911e-05
4.00814e-05
4.00727e-05
4.00652e-05
4.00591e-05
4.00539e-05
4.00496e-05
4.0046e-05
4.0043e-05
4.00405e-05
4.00384e-05
4.00367e-05
4.00352e-05
4.0034e-05
4.00329e-05
4.00319e-05
4.00311e-05
4.00304e-05
4.00297e-05
4.00292e-05
4.00286e-05
4.00281e-05
4.00276e-05
4.0027e-05
4.00265e-05
4.00259e-05
4.00251e-05
4.00243e-05
4.00233e-05
4.00222e-05
4.00211e-05
4.00198e-05
4.00185e-05
4.00172e-05
4.00159e-05
4.00146e-05
4.00132e-05
4.00116e-05
4.00098e-05
4.00078e-05
4.00056e-05
4.00038e-05
4.0003e-05
4.00037e-05
4.00049e-05
4.00066e-05
4.00089e-05
4.00119e-05
4.00154e-05
4.0019e-05
4.00224e-05
4.00258e-05
4.00291e-05
4.0032e-05
4.00344e-05
4.00355e-05
4.00365e-05
4.00379e-05
4.00425e-05
4.00579e-05
4.00431e-05
4.00249e-05
0.150549
0.152292
0.153639
0.154702
0.152265
0.143064
0.124429
0.0944361
0.0522806
0.013575
0.000332348
7.9636e-05
0
6.85069e-06
2.95166e-05
3.98483e-05
4.10389e-05
4.06177e-05
4.02802e-05
4.01436e-05
4.01092e-05
4.01015e-05
4.00946e-05
4.00857e-05
4.00771e-05
4.00696e-05
4.00634e-05
4.00584e-05
4.00543e-05
4.0051e-05
4.00495e-05
4.00486e-05
4.00478e-05
4.00471e-05
4.00465e-05
4.00459e-05
4.00454e-05
4.00448e-05
4.00443e-05
4.00439e-05
4.00435e-05
4.00432e-05
4.00429e-05
4.00426e-05
4.00424e-05
4.00421e-05
4.00419e-05
4.00417e-05
4.00415e-05
4.00412e-05
4.00409e-05
4.00406e-05
4.00402e-05
4.00398e-05
4.00394e-05
4.00389e-05
4.00383e-05
4.00377e-05
4.00368e-05
4.00357e-05
4.00343e-05
4.00324e-05
4.00302e-05
4.00278e-05
4.00255e-05
4.00229e-05
4.00205e-05
4.00183e-05
4.00156e-05
4.00123e-05
4.00092e-05
4.00058e-05
4.00038e-05
4.00041e-05
4.00071e-05
4.00101e-05
4.00156e-05
4.00154e-05
4.00309e-05
4.00265e-05
0.146228
0.137434
0.122215
0.0989983
0.0668909
0.0289137
0.00202337
0.000495011
1.68433e-05
1.05698e-05
3.25221e-05
4.10502e-05
4.09598e-05
4.04688e-05
4.02064e-05
4.01283e-05
4.01133e-05
4.01051e-05
4.00949e-05
4.00843e-05
4.0075e-05
4.00671e-05
4.00606e-05
4.00551e-05
4.00506e-05
4.00468e-05
4.00437e-05
4.00411e-05
4.00389e-05
4.00372e-05
4.00357e-05
4.00344e-05
4.00333e-05
4.00323e-05
4.00315e-05
4.00308e-05
4.00302e-05
4.00296e-05
4.00291e-05
4.00285e-05
4.0028e-05
4.00274e-05
4.00269e-05
4.00262e-05
4.00255e-05
4.00246e-05
4.00236e-05
4.00225e-05
4.00213e-05
4.00201e-05
4.00187e-05
4.00174e-05
4.00161e-05
4.00147e-05
4.00133e-05
4.00117e-05
4.00099e-05
4.00078e-05
4.00056e-05
4.00038e-05
4.0003e-05
4.00038e-05
4.0005e-05
4.00067e-05
4.00091e-05
4.00122e-05
4.00157e-05
4.00194e-05
4.00229e-05
4.00262e-05
4.00296e-05
4.00325e-05
4.0035e-05
4.0036e-05
4.00371e-05
4.00383e-05
4.00435e-05
4.00588e-05
4.00437e-05
4.00256e-05
0.150584
0.15303
0.154
0.15546
0.154959
0.149386
0.135907
0.11225
0.076497
0.0327039
0.00434075
0.001057
0
1.86864e-06
8.26038e-06
3.64059e-05
4.17638e-05
4.09634e-05
4.03438e-05
4.01568e-05
4.01151e-05
4.01065e-05
4.00992e-05
4.00897e-05
4.00801e-05
4.00718e-05
4.00649e-05
4.00594e-05
4.00549e-05
4.00513e-05
4.00497e-05
4.00489e-05
4.00482e-05
4.00476e-05
4.00471e-05
4.00465e-05
4.0046e-05
4.00454e-05
4.00449e-05
4.00445e-05
4.00441e-05
4.00437e-05
4.00435e-05
4.00432e-05
4.00429e-05
4.00427e-05
4.00425e-05
4.00423e-05
4.00421e-05
4.00418e-05
4.00415e-05
4.00412e-05
4.00408e-05
4.00404e-05
4.004e-05
4.00395e-05
4.00389e-05
4.00382e-05
4.00374e-05
4.00363e-05
4.00348e-05
4.00329e-05
4.00307e-05
4.00283e-05
4.00259e-05
4.00233e-05
4.00209e-05
4.00186e-05
4.00159e-05
4.00126e-05
4.00094e-05
4.00059e-05
4.00039e-05
4.00042e-05
4.00071e-05
4.00103e-05
4.00157e-05
4.00156e-05
4.00316e-05
4.0027e-05
0.145182
0.135288
0.119231
0.0956385
0.0637194
0.0266778
0.0011725
0.000287494
9.35456e-06
1.44413e-05
3.61715e-05
4.14872e-05
4.08423e-05
4.03979e-05
4.01887e-05
4.01318e-05
4.01196e-05
4.01099e-05
4.00983e-05
4.0087e-05
4.00771e-05
4.00689e-05
4.0062e-05
4.00563e-05
4.00515e-05
4.00476e-05
4.00443e-05
4.00417e-05
4.00395e-05
4.00376e-05
4.00361e-05
4.00349e-05
4.00337e-05
4.00328e-05
4.00319e-05
4.00312e-05
4.00306e-05
4.003e-05
4.00295e-05
4.0029e-05
4.00284e-05
4.00279e-05
4.00273e-05
4.00266e-05
4.00259e-05
4.0025e-05
4.0024e-05
4.00228e-05
4.00216e-05
4.00203e-05
4.0019e-05
4.00176e-05
4.00163e-05
4.00149e-05
4.00135e-05
4.00119e-05
4.001e-05
4.00079e-05
4.00056e-05
4.00038e-05
4.00031e-05
4.00039e-05
4.00052e-05
4.00069e-05
4.00093e-05
4.00124e-05
4.00161e-05
4.00198e-05
4.00233e-05
4.00267e-05
4.00301e-05
4.0033e-05
4.00355e-05
4.00365e-05
4.00376e-05
4.00388e-05
4.00445e-05
4.00596e-05
4.00443e-05
4.00263e-05
0.149864
0.153327
0.154748
0.155931
0.156549
0.153809
0.144815
0.127039
0.0983753
0.0578863
0.017538
0.000876374
0.000212585
0
5.86459e-06
2.52733e-05
4.06118e-05
4.14696e-05
4.05006e-05
4.01826e-05
4.01226e-05
4.01114e-05
4.01043e-05
4.00943e-05
4.00836e-05
4.00743e-05
4.00667e-05
4.00605e-05
4.00555e-05
4.00516e-05
4.005e-05
4.00493e-05
4.00487e-05
4.00481e-05
4.00476e-05
4.00471e-05
4.00466e-05
4.00461e-05
4.00456e-05
4.00451e-05
4.00447e-05
4.00444e-05
4.00441e-05
4.00438e-05
4.00436e-05
4.00433e-05
4.00431e-05
4.00429e-05
4.00427e-05
4.00424e-05
4.00421e-05
4.00418e-05
4.00415e-05
4.0041e-05
4.00406e-05
4.00401e-05
4.00396e-05
4.00389e-05
4.0038e-05
4.00369e-05
4.00354e-05
4.00335e-05
4.00312e-05
4.00288e-05
4.00264e-05
4.00237e-05
4.00213e-05
4.0019e-05
4.00162e-05
4.00128e-05
4.00096e-05
4.0006e-05
4.0004e-05
4.00042e-05
4.0007e-05
4.00104e-05
4.00158e-05
4.00158e-05
4.00325e-05
4.00274e-05
0.143244
0.132157
0.115149
0.0910105
0.0591711
0.0234109
0.000526461
0.000131012
1.0649e-05
1.99751e-05
3.90692e-05
4.15995e-05
4.06973e-05
4.03361e-05
4.01764e-05
4.01366e-05
4.01255e-05
4.01141e-05
4.01013e-05
4.00894e-05
4.00791e-05
4.00705e-05
4.00633e-05
4.00573e-05
4.00524e-05
4.00483e-05
4.0045e-05
4.00422e-05
4.004e-05
4.00381e-05
4.00366e-05
4.00353e-05
4.00342e-05
4.00332e-05
4.00324e-05
4.00317e-05
4.00311e-05
4.00305e-05
4.003e-05
4.00294e-05
4.00289e-05
4.00283e-05
4.00277e-05
4.0027e-05
4.00262e-05
4.00253e-05
4.00243e-05
4.00232e-05
4.00219e-05
4.00206e-05
4.00192e-05
4.00179e-05
4.00165e-05
4.00151e-05
4.00137e-05
4.0012e-05
4.00101e-05
4.00079e-05
4.00056e-05
4.00038e-05
4.00031e-05
4.00039e-05
4.00053e-05
4.00071e-05
4.00095e-05
4.00127e-05
4.00164e-05
4.00202e-05
4.00238e-05
4.00272e-05
4.00306e-05
4.00336e-05
4.00361e-05
4.0037e-05
4.00382e-05
4.00393e-05
4.00456e-05
4.00605e-05
4.00449e-05
4.00271e-05
0.14826
0.152952
0.155167
0.156035
0.157195
0.156533
0.151273
0.138766
0.116732
0.0831634
0.0402596
0.00774073
0.000127979
3.07441e-05
0
8.55027e-06
3.57932e-05
4.27003e-05
4.10018e-05
4.01804e-05
4.01112e-05
4.01175e-05
4.01098e-05
4.00991e-05
4.00878e-05
4.00773e-05
4.00687e-05
4.00619e-05
4.00564e-05
4.0052e-05
4.00503e-05
4.00497e-05
4.00492e-05
4.00487e-05
4.00482e-05
4.00477e-05
4.00472e-05
4.00467e-05
4.00462e-05
4.00458e-05
4.00453e-05
4.0045e-05
4.00447e-05
4.00445e-05
4.00442e-05
4.0044e-05
4.00438e-05
4.00436e-05
4.00433e-05
4.00431e-05
4.00428e-05
4.00425e-05
4.00421e-05
4.00417e-05
4.00413e-05
4.00408e-05
4.00402e-05
4.00395e-05
4.00387e-05
4.00375e-05
4.0036e-05
4.00341e-05
4.00318e-05
4.00293e-05
4.00268e-05
4.00241e-05
4.00217e-05
4.00194e-05
4.00166e-05
4.00131e-05
4.00098e-05
4.00062e-05
4.00041e-05
4.00043e-05
4.0007e-05
4.00106e-05
4.00159e-05
4.00159e-05
4.00333e-05
4.00279e-05
0.140317
0.12797
0.109931
0.0851548
0.053473
0.0197011
0.00048851
9.23587e-06
2.34536e-05
2.50032e-05
4.10715e-05
4.14562e-05
4.05522e-05
4.02869e-05
4.01694e-05
4.01421e-05
4.01308e-05
4.01177e-05
4.01039e-05
4.00914e-05
4.00808e-05
4.00719e-05
4.00644e-05
4.00583e-05
4.00532e-05
4.0049e-05
4.00456e-05
4.00427e-05
4.00405e-05
4.00386e-05
4.0037e-05
4.00357e-05
4.00346e-05
4.00337e-05
4.00328e-05
4.00321e-05
4.00315e-05
4.0031e-05
4.00304e-05
4.00299e-05
4.00293e-05
4.00288e-05
4.00282e-05
4.00275e-05
4.00267e-05
4.00257e-05
4.00247e-05
4.00235e-05
4.00222e-05
4.00209e-05
4.00195e-05
4.00181e-05
4.00167e-05
4.00153e-05
4.00138e-05
4.00122e-05
4.00102e-05
4.00079e-05
4.00056e-05
4.00037e-05
4.00031e-05
4.0004e-05
4.00054e-05
4.00072e-05
4.00098e-05
4.0013e-05
4.00168e-05
4.00207e-05
4.00243e-05
4.00278e-05
4.00312e-05
4.00342e-05
4.00366e-05
4.00376e-05
4.00388e-05
4.00398e-05
4.00467e-05
4.00615e-05
4.00455e-05
4.00279e-05
0.145638
0.151727
0.155105
0.156503
0.157455
0.157959
0.155552
0.147546
0.131477
0.105168
0.0671841
0.0254312
0.00309959
0.000752527
0
2.09102e-06
9.21841e-06
3.9073e-05
4.26041e-05
4.06075e-05
4.00629e-05
4.01023e-05
4.01206e-05
4.01065e-05
4.0092e-05
4.00807e-05
4.00713e-05
4.00635e-05
4.00574e-05
4.00525e-05
4.00506e-05
4.00501e-05
4.00497e-05
4.00493e-05
4.00489e-05
4.00484e-05
4.00479e-05
4.00474e-05
4.00469e-05
4.00465e-05
4.0046e-05
4.00457e-05
4.00454e-05
4.00452e-05
4.00449e-05
4.00447e-05
4.00445e-05
4.00443e-05
4.0044e-05
4.00438e-05
4.00435e-05
4.00432e-05
4.00428e-05
4.00424e-05
4.0042e-05
4.00415e-05
4.00409e-05
4.00402e-05
4.00393e-05
4.00382e-05
4.00367e-05
4.00347e-05
4.00324e-05
4.00299e-05
4.00273e-05
4.00246e-05
4.00221e-05
4.00198e-05
4.0017e-05
4.00134e-05
4.00101e-05
4.00063e-05
4.00041e-05
4.00043e-05
4.0007e-05
4.00107e-05
4.00161e-05
4.00161e-05
4.00343e-05
4.00285e-05
0.136296
0.122645
0.103534
0.0781019
0.0466758
0.0152195
0.00376229
6.6594e-05
3.0326e-05
3.15172e-05
4.21526e-05
4.11561e-05
4.04295e-05
4.02512e-05
4.0167e-05
4.01479e-05
4.01353e-05
4.01206e-05
4.01061e-05
4.00931e-05
4.00822e-05
4.0073e-05
4.00654e-05
4.00591e-05
4.00539e-05
4.00496e-05
4.00461e-05
4.00433e-05
4.00409e-05
4.00391e-05
4.00375e-05
4.00362e-05
4.00351e-05
4.00341e-05
4.00333e-05
4.00326e-05
4.0032e-05
4.00314e-05
4.00309e-05
4.00304e-05
4.00298e-05
4.00292e-05
4.00286e-05
4.00279e-05
4.00271e-05
4.00261e-05
4.0025e-05
4.00238e-05
4.00225e-05
4.00212e-05
4.00198e-05
4.00183e-05
4.00169e-05
4.00155e-05
4.0014e-05
4.00123e-05
4.00103e-05
4.0008e-05
4.00056e-05
4.00037e-05
4.00031e-05
4.00041e-05
4.00055e-05
4.00074e-05
4.001e-05
4.00133e-05
4.00172e-05
4.00211e-05
4.00248e-05
4.00283e-05
4.00318e-05
4.00348e-05
4.00373e-05
4.00381e-05
4.00394e-05
4.00404e-05
4.00479e-05
4.00625e-05
4.00462e-05
4.00288e-05
0.141864
0.149466
0.15427
0.156654
0.157575
0.1585
0.158033
0.153645
0.142775
0.123105
0.0925201
0.0514213
0.0145787
0.000377699
9.09861e-05
0
5.36627e-06
2.29568e-05
4.16226e-05
4.19946e-05
4.03045e-05
4.00259e-05
4.00966e-05
4.01146e-05
4.01007e-05
4.00852e-05
4.00739e-05
4.00654e-05
4.00587e-05
4.00532e-05
4.00509e-05
4.00504e-05
4.00502e-05
4.00499e-05
4.00495e-05
4.00491e-05
4.00487e-05
4.00482e-05
4.00477e-05
4.00472e-05
4.00468e-05
4.00464e-05
4.00462e-05
4.00459e-05
4.00456e-05
4.00454e-05
4.00452e-05
4.0045e-05
4.00448e-05
4.00445e-05
4.00443e-05
4.00439e-05
4.00436e-05
4.00431e-05
4.00427e-05
4.00422e-05
4.00416e-05
4.00409e-05
4.00401e-05
4.00389e-05
4.00374e-05
4.00354e-05
4.0033e-05
4.00305e-05
4.00279e-05
4.00251e-05
4.00226e-05
4.00202e-05
4.00174e-05
4.00137e-05
4.00103e-05
4.00065e-05
4.00042e-05
4.00044e-05
4.0007e-05
4.00109e-05
4.00162e-05
4.00163e-05
4.00352e-05
4.00292e-05
0.131076
0.116102
0.0959048
0.0697928
0.0389233
0.0108199
0.000236532
6.34662e-05
1.98993e-05
3.83133e-05
4.24495e-05
4.08016e-05
4.03413e-05
4.02278e-05
4.01679e-05
4.01533e-05
4.01389e-05
4.01229e-05
4.01077e-05
4.00945e-05
4.00834e-05
4.0074e-05
4.00663e-05
4.00598e-05
4.00545e-05
4.00502e-05
4.00466e-05
4.00437e-05
4.00414e-05
4.00395e-05
4.0038e-05
4.00366e-05
4.00355e-05
4.00346e-05
4.00338e-05
4.00331e-05
4.00325e-05
4.00319e-05
4.00314e-05
4.00309e-05
4.00303e-05
4.00297e-05
4.00291e-05
4.00284e-05
4.00275e-05
4.00265e-05
4.00254e-05
4.00242e-05
4.00229e-05
4.00215e-05
4.002e-05
4.00186e-05
4.00172e-05
4.00157e-05
4.00142e-05
4.00124e-05
4.00104e-05
4.0008e-05
4.00056e-05
4.00037e-05
4.00032e-05
4.00042e-05
4.00057e-05
4.00076e-05
4.00103e-05
4.00137e-05
4.00176e-05
4.00216e-05
4.00254e-05
4.0029e-05
4.00324e-05
4.00355e-05
4.00379e-05
4.00388e-05
4.00401e-05
4.00411e-05
4.00492e-05
4.00635e-05
4.00469e-05
4.00296e-05
0.136815
0.145998
0.152408
0.156157
0.157797
0.158533
0.15911
0.157405
0.150877
0.137076
0.113759
0.0790842
0.0372852
0.00704359
0.00175102
0
0
7.32483e-06
3.05406e-05
4.22071e-05
4.12859e-05
4.01874e-05
4.00887e-05
4.01079e-05
4.01003e-05
4.00904e-05
4.00788e-05
4.0068e-05
4.006e-05
4.0054e-05
4.00513e-05
4.00507e-05
4.00507e-05
4.00505e-05
4.00502e-05
4.00499e-05
4.00494e-05
4.00489e-05
4.00485e-05
4.0048e-05
4.00476e-05
4.00472e-05
4.00469e-05
4.00466e-05
4.00464e-05
4.00462e-05
4.0046e-05
4.00458e-05
4.00455e-05
4.00453e-05
4.0045e-05
4.00447e-05
4.00443e-05
4.00439e-05
4.00435e-05
4.0043e-05
4.00424e-05
4.00417e-05
4.00408e-05
4.00397e-05
4.00381e-05
4.00361e-05
4.00337e-05
4.00311e-05
4.00284e-05
4.00256e-05
4.0023e-05
4.00207e-05
4.00178e-05
4.00141e-05
4.00106e-05
4.00067e-05
4.00043e-05
4.00045e-05
4.0007e-05
4.0011e-05
4.00164e-05
4.00164e-05
4.00363e-05
4.00299e-05
0.124567
0.108278
0.087015
0.0603606
0.0306015
0.00686503
0.000712597
0.00017875
1.44035e-05
4.22906e-05
4.22228e-05
4.04969e-05
4.02881e-05
4.02139e-05
4.0171e-05
4.01578e-05
4.01415e-05
4.01245e-05
4.01089e-05
4.00955e-05
4.00842e-05
4.00748e-05
4.0067e-05
4.00604e-05
4.00551e-05
4.00507e-05
4.00471e-05
4.00442e-05
4.00419e-05
4.004e-05
4.00384e-05
4.00371e-05
4.0036e-05
4.00351e-05
4.00343e-05
4.00336e-05
4.0033e-05
4.00325e-05
4.00319e-05
4.00314e-05
4.00308e-05
4.00302e-05
4.00296e-05
4.00288e-05
4.00279e-05
4.00269e-05
4.00258e-05
4.00245e-05
4.00232e-05
4.00218e-05
4.00203e-05
4.00189e-05
4.00174e-05
4.0016e-05
4.00144e-05
4.00126e-05
4.00105e-05
4.0008e-05
4.00056e-05
4.00037e-05
4.00032e-05
4.00043e-05
4.00058e-05
4.00078e-05
4.00106e-05
4.0014e-05
4.0018e-05
4.00222e-05
4.0026e-05
4.00296e-05
4.00331e-05
4.00361e-05
4.00386e-05
4.00394e-05
4.00408e-05
4.00418e-05
4.00506e-05
4.00646e-05
4.00476e-05
4.00306e-05
0.130364
0.141149
0.149275
0.154664
0.157555
0.158692
0.159428
0.159346
0.156153
0.147333
0.13051
0.103473
0.0654405
0.0250052
0.00343584
0.000834551
0
0
8.69699e-06
3.60097e-05
4.23711e-05
4.04652e-05
3.99308e-05
4.01203e-05
4.01388e-05
4.00935e-05
4.00776e-05
4.00713e-05
4.00629e-05
4.00551e-05
4.00516e-05
4.0051e-05
4.00512e-05
4.00511e-05
4.00509e-05
4.00506e-05
4.00502e-05
4.00498e-05
4.00493e-05
4.00489e-05
4.00484e-05
4.0048e-05
4.00477e-05
4.00475e-05
4.00472e-05
4.0047e-05
4.00468e-05
4.00466e-05
4.00464e-05
4.00461e-05
4.00458e-05
4.00455e-05
4.00452e-05
4.00447e-05
4.00443e-05
4.00438e-05
4.00432e-05
4.00425e-05
4.00416e-05
4.00404e-05
4.00389e-05
4.00368e-05
4.00344e-05
4.00317e-05
4.0029e-05
4.00261e-05
4.00235e-05
4.00212e-05
4.00182e-05
4.00144e-05
4.00109e-05
4.00068e-05
4.00044e-05
4.00045e-05
4.0007e-05
4.00112e-05
4.00165e-05
4.00166e-05
4.00374e-05
4.00306e-05
0.116678
0.0991211
0.0768801
0.0499861
0.0221198
0.0034578
0.000349192
9.10556e-05
2.11416e-05
4.38242e-05
4.15351e-05
4.03143e-05
4.02619e-05
4.02063e-05
4.01749e-05
4.01612e-05
4.0143e-05
4.01253e-05
4.01096e-05
4.00962e-05
4.00848e-05
4.00754e-05
4.00675e-05
4.00609e-05
4.00555e-05
4.00511e-05
4.00475e-05
4.00447e-05
4.00423e-05
4.00404e-05
4.00389e-05
4.00376e-05
4.00365e-05
4.00356e-05
4.00348e-05
4.00341e-05
4.00336e-05
4.0033e-05
4.00325e-05
4.00319e-05
4.00313e-05
4.00307e-05
4.00301e-05
4.00293e-05
4.00284e-05
4.00274e-05
4.00262e-05
4.00249e-05
4.00235e-05
4.00221e-05
4.00206e-05
4.00191e-05
4.00177e-05
4.00162e-05
4.00146e-05
4.00127e-05
4.00105e-05
4.00081e-05
4.00056e-05
4.00037e-05
4.00033e-05
4.00044e-05
4.0006e-05
4.0008e-05
4.00109e-05
4.00144e-05
4.00185e-05
4.00227e-05
4.00266e-05
4.00303e-05
4.00338e-05
4.00369e-05
4.00393e-05
4.00401e-05
4.00415e-05
4.00425e-05
4.0052e-05
4.00658e-05
4.00483e-05
4.00315e-05
0.122496
0.13488
0.144782
0.151995
0.156514
0.1587
0.159456
0.160074
0.159198
0.154432
0.143295
0.123451
0.0928397
0.0523733
0.0159384
0.000324288
7.89254e-05
0
2.93253e-06
1.28985e-05
4.02063e-05
4.38868e-05
4.06253e-05
3.97334e-05
4.00343e-05
4.01486e-05
4.01004e-05
4.00687e-05
4.00621e-05
4.0057e-05
4.00524e-05
4.00513e-05
4.00515e-05
4.00517e-05
4.00516e-05
4.00514e-05
4.00511e-05
4.00506e-05
4.00502e-05
4.00497e-05
4.00493e-05
4.00489e-05
4.00486e-05
4.00483e-05
4.0048e-05
4.00478e-05
4.00476e-05
4.00474e-05
4.00472e-05
4.00469e-05
4.00467e-05
4.00464e-05
4.0046e-05
4.00456e-05
4.00451e-05
4.00446e-05
4.0044e-05
4.00433e-05
4.00424e-05
4.00413e-05
4.00397e-05
4.00376e-05
4.00351e-05
4.00324e-05
4.00297e-05
4.00267e-05
4.00241e-05
4.00217e-05
4.00187e-05
4.00148e-05
4.00112e-05
4.00071e-05
4.00045e-05
4.00046e-05
4.0007e-05
4.00113e-05
4.00167e-05
4.00168e-05
4.00385e-05
4.00315e-05
0.107404
0.088626
0.065493
0.0387027
0.0136589
0.000673192
7.15437e-05
2.52174e-05
3.19938e-05
4.42659e-05
4.06571e-05
4.02555e-05
4.02501e-05
4.02024e-05
4.01788e-05
4.01631e-05
4.01436e-05
4.01256e-05
4.01098e-05
4.00964e-05
4.00851e-05
4.00757e-05
4.00678e-05
4.00613e-05
4.00559e-05
4.00515e-05
4.00479e-05
4.00451e-05
4.00428e-05
4.00409e-05
4.00394e-05
4.00381e-05
4.0037e-05
4.00361e-05
4.00353e-05
4.00347e-05
4.00341e-05
4.00336e-05
4.0033e-05
4.00325e-05
4.00319e-05
4.00313e-05
4.00306e-05
4.00298e-05
4.00289e-05
4.00278e-05
4.00266e-05
4.00253e-05
4.00239e-05
4.00224e-05
4.00209e-05
4.00194e-05
4.00179e-05
4.00164e-05
4.00148e-05
4.00129e-05
4.00106e-05
4.00081e-05
4.00055e-05
4.00036e-05
4.00033e-05
4.00045e-05
4.00061e-05
4.00083e-05
4.00112e-05
4.00148e-05
4.0019e-05
4.00233e-05
4.00273e-05
4.0031e-05
4.00345e-05
4.00376e-05
4.004e-05
4.00408e-05
4.00422e-05
4.00433e-05
4.00535e-05
4.0067e-05
4.0049e-05
4.00324e-05
0.109769
0.124131
0.136307
0.145994
0.15299
0.157311
0.159335
0.159946
0.160346
0.158966
0.153427
0.141273
0.120188
0.0884687
0.0491177
0.0155045
5.54744e-05
2.53055e-05
0
1.72649e-07
8.16099e-06
3.27005e-05
4.36876e-05
4.18496e-05
3.9888e-05
3.98393e-05
4.00953e-05
4.01195e-05
4.00738e-05
4.00548e-05
4.00519e-05
4.00518e-05
4.0052e-05
4.00523e-05
4.00525e-05
4.00524e-05
4.00521e-05
4.00517e-05
4.00512e-05
4.00508e-05
4.00503e-05
4.00499e-05
4.00496e-05
4.00493e-05
4.00491e-05
4.00489e-05
4.00486e-05
4.00484e-05
4.00482e-05
4.0048e-05
4.00477e-05
4.00474e-05
4.00471e-05
4.00466e-05
4.00462e-05
4.00457e-05
4.00451e-05
4.00444e-05
4.00435e-05
4.00423e-05
4.00407e-05
4.00386e-05
4.00361e-05
4.00333e-05
4.00304e-05
4.00274e-05
4.00247e-05
4.00223e-05
4.00193e-05
4.00153e-05
4.00116e-05
4.00073e-05
4.00047e-05
4.00046e-05
4.0007e-05
4.00115e-05
4.00169e-05
4.00169e-05
4.00397e-05
4.00324e-05
0.0929756
0.0727909
0.0489594
0.0239364
0.00528162
0.00133224
2.11915e-06
6.86348e-06
4.16775e-05
4.27506e-05
4.00605e-05
4.02871e-05
4.02372e-05
4.02013e-05
4.01818e-05
4.01631e-05
4.01427e-05
4.01248e-05
4.01093e-05
4.00961e-05
4.0085e-05
4.00757e-05
4.00679e-05
4.00615e-05
4.00562e-05
4.00519e-05
4.00484e-05
4.00456e-05
4.00433e-05
4.00415e-05
4.004e-05
4.00387e-05
4.00377e-05
4.00368e-05
4.0036e-05
4.00354e-05
4.00349e-05
4.00343e-05
4.00338e-05
4.00332e-05
4.00326e-05
4.0032e-05
4.00313e-05
4.00305e-05
4.00295e-05
4.00284e-05
4.00272e-05
4.00258e-05
4.00244e-05
4.00229e-05
4.00213e-05
4.00198e-05
4.00183e-05
4.00168e-05
4.00151e-05
4.00131e-05
4.00108e-05
4.00081e-05
4.00055e-05
4.00036e-05
4.00034e-05
4.00047e-05
4.00063e-05
4.00086e-05
4.00116e-05
4.00153e-05
4.00196e-05
4.00241e-05
4.00281e-05
4.00318e-05
4.00354e-05
4.00386e-05
4.00409e-05
4.00417e-05
4.0043e-05
4.00443e-05
4.00553e-05
4.00684e-05
4.00499e-05
4.00336e-05
0.0910422
0.107598
0.122369
0.135004
0.145167
0.152624
0.15734
0.159644
0.160407
0.160736
0.159471
0.154294
0.142718
0.122341
0.0915211
0.0533038
0.0189889
0.0012327
0.00032834
0
0
5.35776e-06
2.14353e-05
4.17331e-05
4.32517e-05
4.04506e-05
3.97017e-05
3.9975e-05
4.01093e-05
4.00817e-05
4.00532e-05
4.005e-05
4.00524e-05
4.00534e-05
4.00535e-05
4.00535e-05
4.00534e-05
4.00531e-05
4.00527e-05
4.00522e-05
4.00518e-05
4.00513e-05
4.0051e-05
4.00507e-05
4.00505e-05
4.00502e-05
4.005e-05
4.00498e-05
4.00496e-05
4.00494e-05
4.00491e-05
4.00488e-05
4.00484e-05
4.0048e-05
4.00475e-05
4.0047e-05
4.00464e-05
4.00457e-05
4.00448e-05
4.00436e-05
4.0042e-05
4.00398e-05
4.00372e-05
4.00343e-05
4.00314e-05
4.00282e-05
4.00255e-05
4.0023e-05
4.002e-05
4.00159e-05
4.0012e-05
4.00076e-05
4.00048e-05
4.00047e-05
4.0007e-05
4.00116e-05
4.00172e-05
4.00171e-05
4.00411e-05
4.00334e-05
0.0724421
0.0510645
0.0280077
0.00876144
0.000145948
3.6734e-05
6.84632e-06
2.83606e-05
4.4946e-05
4.0553e-05
4.00436e-05
4.03143e-05
4.02207e-05
4.02017e-05
4.01815e-05
4.01604e-05
4.01402e-05
4.01228e-05
4.01079e-05
4.00951e-05
4.00844e-05
4.00753e-05
4.00678e-05
4.00615e-05
4.00564e-05
4.00522e-05
4.00489e-05
4.00461e-05
4.0044e-05
4.00422e-05
4.00407e-05
4.00395e-05
4.00385e-05
4.00377e-05
4.0037e-05
4.00364e-05
4.00358e-05
4.00353e-05
4.00347e-05
4.00342e-05
4.00336e-05
4.00329e-05
4.00322e-05
4.00313e-05
4.00303e-05
4.00291e-05
4.00279e-05
4.00264e-05
4.00249e-05
4.00234e-05
4.00218e-05
4.00203e-05
4.00187e-05
4.00171e-05
4.00154e-05
4.00133e-05
4.00109e-05
4.00081e-05
4.00054e-05
4.00036e-05
4.00035e-05
4.00049e-05
4.00066e-05
4.0009e-05
4.00121e-05
4.00159e-05
4.00204e-05
4.0025e-05
4.00291e-05
4.00329e-05
4.00365e-05
4.00397e-05
4.0042e-05
4.00427e-05
4.0044e-05
4.00455e-05
4.00573e-05
4.00699e-05
4.00507e-05
4.00348e-05
0.0689709
0.0874111
0.104508
0.119876
0.133133
0.143919
0.151964
0.157198
0.159913
0.160906
0.161227
0.160158
0.155419
0.144425
0.124592
0.0944182
0.0567481
0.0218131
0.00255377
0.000667245
0
0
2.51541e-06
9.75793e-06
3.7433e-05
4.39817e-05
4.12667e-05
3.98105e-05
3.98884e-05
4.00755e-05
4.00799e-05
4.0053e-05
4.00492e-05
4.00531e-05
4.00549e-05
4.00551e-05
4.00549e-05
4.00545e-05
4.00542e-05
4.00537e-05
4.00533e-05
4.00529e-05
4.00525e-05
4.00522e-05
4.00519e-05
4.00517e-05
4.00515e-05
4.00513e-05
4.0051e-05
4.00508e-05
4.00505e-05
4.00502e-05
4.00499e-05
4.00494e-05
4.0049e-05
4.00484e-05
4.00478e-05
4.0047e-05
4.00461e-05
4.00449e-05
4.00433e-05
4.00411e-05
4.00384e-05
4.00354e-05
4.00324e-05
4.00291e-05
4.00263e-05
4.00238e-05
4.00207e-05
4.00165e-05
4.00125e-05
4.00079e-05
4.0005e-05
4.00048e-05
4.0007e-05
4.00118e-05
4.00174e-05
4.00172e-05
4.00425e-05
4.00346e-05
0.0491092
0.028144
0.0100765
0.000779903
0.000197339
4.24314e-06
1.77723e-05
4.3424e-05
4.25365e-05
3.96872e-05
4.02591e-05
4.02883e-05
4.0211e-05
4.02001e-05
4.0177e-05
4.01555e-05
4.01363e-05
4.01198e-05
4.01056e-05
4.00935e-05
4.00832e-05
4.00746e-05
4.00673e-05
4.00614e-05
4.00565e-05
4.00525e-05
4.00493e-05
4.00467e-05
4.00446e-05
4.00429e-05
4.00415e-05
4.00404e-05
4.00394e-05
4.00386e-05
4.00379e-05
4.00373e-05
4.00368e-05
4.00363e-05
4.00357e-05
4.00351e-05
4.00345e-05
4.00338e-05
4.00331e-05
4.00321e-05
4.00311e-05
4.00299e-05
4.00285e-05
4.00271e-05
4.00255e-05
4.00239e-05
4.00223e-05
4.00207e-05
4.00191e-05
4.00175e-05
4.00157e-05
4.00135e-05
4.0011e-05
4.00081e-05
4.00054e-05
4.00035e-05
4.00036e-05
4.00051e-05
4.00069e-05
4.00094e-05
4.00127e-05
4.00166e-05
4.00212e-05
4.00259e-05
4.00301e-05
4.0034e-05
4.00377e-05
4.00408e-05
4.00431e-05
4.00438e-05
4.0045e-05
4.00468e-05
4.00595e-05
4.00716e-05
4.00516e-05
4.0036e-05
0.0440881
0.0637304
0.0827794
0.10057
0.116676
0.130694
0.142238
0.151006
0.156884
0.160102
0.161376
0.161709
0.160837
0.156506
0.146007
0.126701
0.0971548
0.0598588
0.0244149
0.00391205
0.00101503
0
0
4.5246e-07
1.45816e-06
3.33198e-05
4.3226e-05
4.17633e-05
3.99828e-05
3.9858e-05
4.00486e-05
4.00815e-05
4.00598e-05
4.00524e-05
4.00539e-05
4.00555e-05
4.00561e-05
4.00562e-05
4.00558e-05
4.00554e-05
4.00549e-05
4.00545e-05
4.00541e-05
4.00538e-05
4.00535e-05
4.00532e-05
4.0053e-05
4.00528e-05
4.00526e-05
4.00523e-05
4.00521e-05
4.00518e-05
4.00514e-05
4.00509e-05
4.00504e-05
4.00499e-05
4.00493e-05
4.00485e-05
4.00476e-05
4.00463e-05
4.00447e-05
4.00424e-05
4.00396e-05
4.00366e-05
4.00334e-05
4.00301e-05
4.00271e-05
4.00246e-05
4.00215e-05
4.00171e-05
4.0013e-05
4.00083e-05
4.00052e-05
4.00048e-05
4.0007e-05
4.00119e-05
4.00177e-05
4.00173e-05
4.00439e-05
4.00358e-05
0.0248959
0.00913882
0.000952306
0.000243754
0
8.7109e-06
3.59436e-05
4.47528e-05
4.01004e-05
3.99216e-05
4.03542e-05
4.02427e-05
4.02082e-05
4.01938e-05
4.01695e-05
4.01492e-05
4.01313e-05
4.01159e-05
4.01026e-05
4.00912e-05
4.00816e-05
4.00735e-05
4.00667e-05
4.00611e-05
4.00565e-05
4.00527e-05
4.00497e-05
4.00473e-05
4.00453e-05
4.00437e-05
4.00423e-05
4.00412e-05
4.00403e-05
4.00396e-05
4.00389e-05
4.00384e-05
4.00378e-05
4.00373e-05
4.00367e-05
4.00361e-05
4.00355e-05
4.00348e-05
4.0034e-05
4.0033e-05
4.00319e-05
4.00306e-05
4.00292e-05
4.00277e-05
4.00261e-05
4.00244e-05
4.00228e-05
4.00212e-05
4.00196e-05
4.00179e-05
4.0016e-05
4.00137e-05
4.0011e-05
4.00081e-05
4.00053e-05
4.00035e-05
4.00038e-05
4.00054e-05
4.00073e-05
4.00098e-05
4.00132e-05
4.00173e-05
4.00221e-05
4.0027e-05
4.00312e-05
4.00351e-05
4.00389e-05
4.00421e-05
4.00442e-05
4.00449e-05
4.00461e-05
4.00482e-05
4.00618e-05
4.00732e-05
4.00524e-05
4.00372e-05
0.0193003
0.0373839
0.0573928
0.0771728
0.0958049
0.112792
0.127706
0.140138
0.149748
0.15637
0.160165
0.161761
0.162117
0.161428
0.157471
0.147458
0.128707
0.0997116
0.0626695
0.0268096
0.00523828
0.00135435
8.52372e-07
0
1.70642e-08
7.43944e-06
3.03573e-05
4.25511e-05
4.1959e-05
4.01055e-05
3.98223e-05
3.99984e-05
4.00618e-05
4.00603e-05
4.00588e-05
4.00589e-05
4.0058e-05
4.00574e-05
4.00573e-05
4.00571e-05
4.00566e-05
4.00562e-05
4.00558e-05
4.00554e-05
4.00551e-05
4.00549e-05
4.00546e-05
4.00544e-05
4.00542e-05
4.00539e-05
4.00537e-05
4.00534e-05
4.0053e-05
4.00525e-05
4.0052e-05
4.00515e-05
4.00508e-05
4.005e-05
4.00491e-05
4.00478e-05
4.00461e-05
4.00438e-05
4.0041e-05
4.00378e-05
4.00346e-05
4.00311e-05
4.0028e-05
4.00255e-05
4.00223e-05
4.00178e-05
4.00135e-05
4.00087e-05
4.00054e-05
4.00049e-05
4.0007e-05
4.00121e-05
4.0018e-05
4.00175e-05
4.00454e-05
4.00371e-05
0.00637933
0.000499826
0.000129972
0
6.77472e-06
2.80106e-05
4.49131e-05
4.14761e-05
3.9631e-05
4.02797e-05
4.03097e-05
4.02152e-05
4.02044e-05
4.01832e-05
4.01606e-05
4.0142e-05
4.01256e-05
4.01114e-05
4.00991e-05
4.00886e-05
4.00797e-05
4.00721e-05
4.00658e-05
4.00606e-05
4.00564e-05
4.00529e-05
4.00501e-05
4.00478e-05
4.0046e-05
4.00445e-05
4.00432e-05
4.00422e-05
4.00413e-05
4.00406e-05
4.004e-05
4.00394e-05
4.00389e-05
4.00384e-05
4.00378e-05
4.00372e-05
4.00365e-05
4.00358e-05
4.00349e-05
4.00339e-05
4.00327e-05
4.00314e-05
4.00299e-05
4.00283e-05
4.00267e-05
4.0025e-05
4.00233e-05
4.00217e-05
4.002e-05
4.00183e-05
4.00163e-05
4.00139e-05
4.00111e-05
4.0008e-05
4.00052e-05
4.00035e-05
4.00039e-05
4.00056e-05
4.00076e-05
4.00103e-05
4.00139e-05
4.00181e-05
4.0023e-05
4.00281e-05
4.00324e-05
4.00364e-05
4.00402e-05
4.00433e-05
4.00454e-05
4.00461e-05
4.00472e-05
4.00498e-05
4.00642e-05
4.0075e-05
4.00532e-05
4.00384e-05
0.00363137
0.0134871
0.0301782
0.0502013
0.0706983
0.0902724
0.108259
0.124185
0.137611
0.148156
0.155601
0.16003
0.161979
0.162367
0.161853
0.158264
0.148745
0.13053
0.101997
0.0651426
0.0289283
0.00650736
8.51456e-05
2.29784e-05
0
0
6.85706e-06
2.80008e-05
4.19707e-05
4.21543e-05
4.03156e-05
3.99278e-05
4.00357e-05
4.00567e-05
4.00434e-05
4.00503e-05
4.00592e-05
4.00607e-05
4.00595e-05
4.00588e-05
4.00584e-05
4.0058e-05
4.00575e-05
4.00572e-05
4.00569e-05
4.00566e-05
4.00563e-05
4.00561e-05
4.00559e-05
4.00556e-05
4.00554e-05
4.0055e-05
4.00547e-05
4.00542e-05
4.00537e-05
4.00531e-05
4.00524e-05
4.00516e-05
4.00506e-05
4.00494e-05
4.00477e-05
4.00453e-05
4.00424e-05
4.00391e-05
4.00357e-05
4.00322e-05
4.0029e-05
4.00264e-05
4.00232e-05
4.00186e-05
4.00141e-05
4.00091e-05
4.00056e-05
4.00049e-05
4.0007e-05
4.00122e-05
4.00183e-05
4.00176e-05
4.0047e-05
4.00384e-05
0.000199999
5.23382e-05
0
4.29283e-06
1.77101e-05
4.32177e-05
4.26195e-05
3.981e-05
4.006e-05
4.03599e-05
4.02408e-05
4.02063e-05
4.01942e-05
4.01706e-05
4.0151e-05
4.01342e-05
4.01194e-05
4.01065e-05
4.00953e-05
4.00857e-05
4.00775e-05
4.00706e-05
4.00649e-05
4.00601e-05
4.00562e-05
4.00531e-05
4.00505e-05
4.00484e-05
4.00467e-05
4.00453e-05
4.00441e-05
4.00431e-05
4.00424e-05
4.00417e-05
4.00411e-05
4.00406e-05
4.004e-05
4.00395e-05
4.00389e-05
4.00383e-05
4.00376e-05
4.00368e-05
4.00359e-05
4.00348e-05
4.00336e-05
4.00322e-05
4.00306e-05
4.0029e-05
4.00273e-05
4.00255e-05
4.00238e-05
4.00221e-05
4.00204e-05
4.00186e-05
4.00166e-05
4.00141e-05
4.00111e-05
4.00079e-05
4.0005e-05
4.00035e-05
4.00041e-05
4.00059e-05
4.0008e-05
4.00109e-05
4.00146e-05
4.0019e-05
4.0024e-05
4.00293e-05
4.00337e-05
4.00377e-05
4.00415e-05
4.00447e-05
4.00467e-05
4.00473e-05
4.00484e-05
4.00515e-05
4.00667e-05
4.00768e-05
4.00539e-05
4.00395e-05
0.000339803
0.00136808
0.00832494
0.022803
0.0423348
0.0634354
0.0840237
0.103139
0.120215
0.134769
0.146376
0.154752
0.159898
0.16225
0.162686
0.162317
0.159064
0.150001
0.132247
0.104062
0.0672872
0.0308546
0.0074211
0.000200749
5.40256e-05
0
0
6.46945e-06
2.64502e-05
4.13524e-05
4.17847e-05
3.99431e-05
3.97872e-05
4.00975e-05
4.01426e-05
4.00773e-05
4.00518e-05
4.00561e-05
4.00608e-05
4.00611e-05
4.00604e-05
4.00598e-05
4.00594e-05
4.0059e-05
4.00586e-05
4.00583e-05
4.00581e-05
4.00578e-05
4.00576e-05
4.00574e-05
4.00571e-05
4.00568e-05
4.00564e-05
4.00559e-05
4.00554e-05
4.00548e-05
4.00541e-05
4.00533e-05
4.00523e-05
4.0051e-05
4.00493e-05
4.00469e-05
4.00439e-05
4.00405e-05
4.0037e-05
4.00333e-05
4.003e-05
4.00273e-05
4.00241e-05
4.00194e-05
4.00147e-05
4.00095e-05
4.00059e-05
4.0005e-05
4.0007e-05
4.00123e-05
4.00186e-05
4.00177e-05
4.00486e-05
4.00399e-05
6.00611e-07
0
3.21155e-06
1.3158e-05
4.0629e-05
4.33536e-05
4.01678e-05
3.99321e-05
4.03269e-05
4.02844e-05
4.02073e-05
4.01988e-05
4.01792e-05
4.01581e-05
4.01413e-05
4.01262e-05
4.01129e-05
4.01013e-05
4.00913e-05
4.00826e-05
4.00753e-05
4.00691e-05
4.00639e-05
4.00596e-05
4.00561e-05
4.00532e-05
4.00509e-05
4.0049e-05
4.00474e-05
4.00461e-05
4.00451e-05
4.00442e-05
4.00434e-05
4.00428e-05
4.00422e-05
4.00417e-05
4.00412e-05
4.00406e-05
4.004e-05
4.00394e-05
4.00387e-05
4.00378e-05
4.00368e-05
4.00357e-05
4.00344e-05
4.00329e-05
4.00313e-05
4.00296e-05
4.00279e-05
4.00261e-05
4.00243e-05
4.00226e-05
4.00209e-05
4.0019e-05
4.00168e-05
4.00142e-05
4.00111e-05
4.00078e-05
4.00049e-05
4.00035e-05
4.00044e-05
4.00063e-05
4.00085e-05
4.00115e-05
4.00153e-05
4.00198e-05
4.00251e-05
4.00305e-05
4.0035e-05
4.00391e-05
4.00429e-05
4.00461e-05
4.0048e-05
4.00486e-05
4.00497e-05
4.00533e-05
4.00695e-05
4.00785e-05
4.00546e-05
4.00407e-05
0
4.0916e-06
0.00104512
0.0042402
0.0158889
0.0341402
0.0554594
0.0769236
0.0970772
0.115207
0.130804
0.143419
0.152717
0.158626
0.161507
0.162318
0.16214
0.159272
0.150725
0.133489
0.105695
0.069184
0.0325927
0.00901691
0.000457353
0.000112567
0
0
6.42419e-06
2.63411e-05
4.37898e-05
4.36098e-05
4.00997e-05
3.9314e-05
3.97981e-05
4.00876e-05
4.01016e-05
4.00691e-05
4.00603e-05
4.00616e-05
4.00624e-05
4.0062e-05
4.00614e-05
4.0061e-05
4.00606e-05
4.00603e-05
4.006e-05
4.00598e-05
4.00596e-05
4.00593e-05
4.0059e-05
4.00587e-05
4.00583e-05
4.00579e-05
4.00573e-05
4.00567e-05
4.0056e-05
4.00551e-05
4.00541e-05
4.00528e-05
4.00511e-05
4.00486e-05
4.00456e-05
4.0042e-05
4.00384e-05
4.00345e-05
4.00311e-05
4.00284e-05
4.00252e-05
4.00203e-05
4.00155e-05
4.001e-05
4.00062e-05
4.00051e-05
4.0007e-05
4.00125e-05
4.00189e-05
4.00179e-05
4.00502e-05
4.00414e-05
0
4.0091e-06
1.63951e-05
3.89289e-05
4.35446e-05
4.05171e-05
3.98788e-05
4.02699e-05
4.03083e-05
4.02176e-05
4.0196e-05
4.01843e-05
4.01631e-05
4.0146e-05
4.01313e-05
4.0118e-05
4.01063e-05
4.00961e-05
4.00872e-05
4.00796e-05
4.00731e-05
4.00676e-05
4.0063e-05
4.00592e-05
4.00561e-05
4.00535e-05
4.00514e-05
4.00497e-05
4.00483e-05
4.00471e-05
4.00461e-05
4.00453e-05
4.00446e-05
4.0044e-05
4.00435e-05
4.0043e-05
4.00424e-05
4.00419e-05
4.00413e-05
4.00406e-05
4.00398e-05
4.00389e-05
4.00379e-05
4.00367e-05
4.00353e-05
4.00338e-05
4.00321e-05
4.00303e-05
4.00285e-05
4.00267e-05
4.00249e-05
4.00231e-05
4.00213e-05
4.00194e-05
4.00171e-05
4.00143e-05
4.0011e-05
4.00076e-05
4.00047e-05
4.00035e-05
4.00047e-05
4.00066e-05
4.0009e-05
4.00121e-05
4.00162e-05
4.00209e-05
4.00264e-05
4.00319e-05
4.00365e-05
4.00406e-05
4.00445e-05
4.00476e-05
4.00495e-05
4.005e-05
4.0051e-05
4.00554e-05
4.00723e-05
4.00806e-05
4.00551e-05
4.00416e-05
2.63101e-08
0
0
0.000454176
0.00183434
0.0100525
0.0264322
0.0481373
0.071323
0.0935315
0.113548
0.1307
0.144503
0.15461
0.160933
0.163839
0.164329
0.163664
0.160566
0.151919
0.134439
0.10606
0.068479
0.0306338
0.00398652
0.00120031
7.47108e-05
1.39268e-05
0
2.81865e-06
1.07604e-05
3.9423e-05
4.54945e-05
4.2212e-05
4.00535e-05
3.98048e-05
3.99955e-05
4.00723e-05
4.00717e-05
4.00649e-05
4.00636e-05
4.00635e-05
4.00631e-05
4.00627e-05
4.00623e-05
4.00619e-05
4.00616e-05
4.00614e-05
4.00611e-05
4.00609e-05
4.00606e-05
4.00603e-05
4.00599e-05
4.00594e-05
4.00589e-05
4.00582e-05
4.00575e-05
4.00567e-05
4.00556e-05
4.00543e-05
4.00525e-05
4.00501e-05
4.00469e-05
4.00433e-05
4.00396e-05
4.00356e-05
4.0032e-05
4.00292e-05
4.0026e-05
4.00211e-05
4.0016e-05
4.00105e-05
4.00064e-05
4.00051e-05
4.0007e-05
4.00125e-05
4.00193e-05
4.00178e-05
4.0052e-05
4.00428e-05
5.7395e-06
2.34686e-05
3.95065e-05
4.32992e-05
4.08293e-05
3.98703e-05
4.02201e-05
4.03151e-05
4.02318e-05
4.01947e-05
4.01861e-05
4.01682e-05
4.01502e-05
4.01358e-05
4.01227e-05
4.01109e-05
4.01006e-05
4.00915e-05
4.00837e-05
4.00769e-05
4.00711e-05
4.00662e-05
4.00622e-05
4.00588e-05
4.0056e-05
4.00537e-05
4.00518e-05
4.00503e-05
4.0049e-05
4.00479e-05
4.0047e-05
4.00463e-05
4.00456e-05
4.00451e-05
4.00446e-05
4.0044e-05
4.00435e-05
4.00429e-05
4.00423e-05
4.00416e-05
4.00408e-05
4.00398e-05
4.00387e-05
4.00375e-05
4.0036e-05
4.00344e-05
4.00327e-05
4.00309e-05
4.0029e-05
4.00272e-05
4.00254e-05
4.00236e-05
4.00217e-05
4.00197e-05
4.00173e-05
4.00144e-05
4.0011e-05
4.00075e-05
4.00046e-05
4.00036e-05
4.00049e-05
4.0007e-05
4.00094e-05
4.00127e-05
4.00169e-05
4.00217e-05
4.00274e-05
4.00331e-05
4.00377e-05
4.00419e-05
4.00458e-05
4.00489e-05
4.00507e-05
4.00512e-05
4.00523e-05
4.00571e-05
4.00751e-05
4.00818e-05
4.00556e-05
4.00429e-05
1.02493e-05
2.60333e-06
0
0
5.82953e-06
0.000848461
0.00339343
0.0125221
0.0282551
0.0484007
0.0702361
0.0917011
0.111442
0.128526
0.142285
0.152323
0.158674
0.161943
0.162695
0.161471
0.15588
0.142803
0.119718
0.0871872
0.0507058
0.0225122
0.00735051
0.00130028
0.000319152
0
3.70077e-07
1.01578e-06
2.74531e-05
3.95048e-05
4.11222e-05
4.04076e-05
4.00566e-05
4.00369e-05
4.00625e-05
4.0069e-05
4.00681e-05
4.00673e-05
4.00669e-05
4.00664e-05
4.0066e-05
4.00656e-05
4.00653e-05
4.0065e-05
4.00647e-05
4.00645e-05
4.00642e-05
4.00639e-05
4.00635e-05
4.0063e-05
4.00624e-05
4.00617e-05
4.0061e-05
4.00601e-05
4.0059e-05
4.00576e-05
4.00558e-05
4.00533e-05
4.005e-05
4.00462e-05
4.00422e-05
4.00379e-05
4.00341e-05
4.00311e-05
4.00279e-05
4.00227e-05
4.00174e-05
4.00114e-05
4.0007e-05
4.00054e-05
4.0007e-05
4.00129e-05
4.00195e-05
4.00185e-05
4.00541e-05
4.0046e-05
3.49389e-05
4.15606e-05
4.25707e-05
4.06779e-05
3.99442e-05
4.01834e-05
4.02844e-05
4.02175e-05
4.01811e-05
4.01722e-05
4.01592e-05
4.01436e-05
4.01308e-05
4.01195e-05
4.01091e-05
4.00999e-05
4.00917e-05
4.00846e-05
4.00783e-05
4.0073e-05
4.00684e-05
4.00646e-05
4.00613e-05
4.00586e-05
4.00564e-05
4.00546e-05
4.0053e-05
4.00517e-05
4.00507e-05
4.00498e-05
4.0049e-05
4.00484e-05
4.00478e-05
4.00473e-05
4.00468e-05
4.00463e-05
4.00457e-05
4.00451e-05
4.00445e-05
4.00437e-05
4.00428e-05
4.00417e-05
4.00405e-05
4.00391e-05
4.00375e-05
4.00358e-05
4.0034e-05
4.0032e-05
4.00301e-05
4.00282e-05
4.00263e-05
4.00245e-05
4.00225e-05
4.00203e-05
4.00176e-05
4.00144e-05
4.00108e-05
4.00071e-05
4.00044e-05
4.00038e-05
4.00055e-05
4.00077e-05
4.00104e-05
4.0014e-05
4.00185e-05
4.00236e-05
4.00297e-05
4.00357e-05
4.00404e-05
4.00447e-05
4.00486e-05
4.00517e-05
4.00532e-05
4.00537e-05
4.00546e-05
4.00615e-05
4.00799e-05
4.00854e-05
4.00572e-05
4.00438e-05
)
;

boundaryField
{
    inlet
    {
        type            freestream;
        freestreamValue uniform 4e-05;
        value           nonuniform List<scalar> 
134
(
4e-05
4e-05
4e-05
4e-05
4e-05
4e-05
4e-05
4e-05
4e-05
4e-05
4.00015e-05
4.00031e-05
4.00049e-05
4.00066e-05
4.00082e-05
4.00098e-05
4.00114e-05
4.00129e-05
4.00143e-05
4.00157e-05
4e-05
4.00171e-05
4.00183e-05
4.00194e-05
4.00203e-05
4.00211e-05
4.00218e-05
4.00224e-05
4.00231e-05
4.00235e-05
4e-05
4.00234e-05
4.00236e-05
4.00238e-05
4.00239e-05
4.0024e-05
4.0024e-05
4.00241e-05
4.00243e-05
4.00245e-05
4e-05
4e-05
4e-05
4e-05
4e-05
4e-05
4e-05
4.00246e-05
4.00247e-05
4.00248e-05
4.0025e-05
4.00251e-05
4.00253e-05
4.00256e-05
4.00258e-05
4.00262e-05
4.00265e-05
4.0027e-05
4.00274e-05
4.00279e-05
4.00285e-05
4.00292e-05
4.00299e-05
4.00306e-05
4.00315e-05
4.00324e-05
4.00334e-05
4.00346e-05
4.00358e-05
4.00371e-05
4.00384e-05
4.00399e-05
4.00414e-05
4.00428e-05
4.0046e-05
4e-05
4e-05
4e-05
4e-05
4e-05
4e-05
4e-05
4e-05
4e-05
4e-05
4e-05
4e-05
4e-05
4e-05
4e-05
4e-05
4e-05
4e-05
4e-05
4e-05
4e-05
4e-05
4e-05
4e-05
4e-05
4e-05
4e-05
4e-05
4e-05
4e-05
4e-05
4e-05
4e-05
4e-05
4e-05
4e-05
4e-05
4e-05
4e-05
4e-05
4e-05
4e-05
4e-05
4e-05
4e-05
4e-05
4e-05
4e-05
4e-05
4e-05
4e-05
4e-05
4e-05
4e-05
4e-05
4e-05
4e-05
4e-05
4e-05
)
;
    }
    outlet
    {
        type            freestream;
        freestreamValue uniform 4e-05;
        value           nonuniform List<scalar> 
160
(
1.02493e-05
3.49389e-05
2.60333e-06
4.15606e-05
0
4.25707e-05
0
4.06779e-05
5.82953e-06
3.99442e-05
0.000848461
4.01834e-05
0.00339343
4.02844e-05
0.0125221
4.02175e-05
0.0282551
4.01811e-05
0.0484007
4.01722e-05
0.0702361
4.01592e-05
0.0917011
4.01436e-05
0.111442
4.01308e-05
0.128526
4.01195e-05
0.142285
4.01091e-05
0.152323
4.00999e-05
0.158674
4.00917e-05
0.161943
4.00846e-05
0.162695
4.00783e-05
0.161471
4.0073e-05
0.15588
4.00684e-05
0.142803
4.00646e-05
0.119718
4.00613e-05
0.0871872
4.00586e-05
0.0507058
4.00564e-05
0.0225122
4.00546e-05
0.00735051
4.0053e-05
0.00130028
4.00517e-05
0.000319152
4.00507e-05
0
4.00498e-05
3.70077e-07
4.0049e-05
1.01578e-06
4.00484e-05
2.74531e-05
4.00478e-05
3.95048e-05
4.00473e-05
4.11222e-05
4.00468e-05
4.04076e-05
4.00463e-05
4.00566e-05
4.00457e-05
4.00369e-05
4.00451e-05
4.00625e-05
4.00445e-05
4.0069e-05
4.00437e-05
4.00681e-05
4.00428e-05
4.00673e-05
4.00417e-05
4.00669e-05
4.00405e-05
4.00664e-05
4.00391e-05
4.0066e-05
4.00375e-05
4.00656e-05
4.00358e-05
4.00653e-05
4.0034e-05
4.0065e-05
4.0032e-05
4.00647e-05
4.00301e-05
4.00645e-05
4.00282e-05
4.00642e-05
4.00263e-05
4.00639e-05
4.00245e-05
4.00635e-05
4.00225e-05
4.0063e-05
4.00203e-05
4.00624e-05
4.00176e-05
4.00617e-05
4.00144e-05
4.0061e-05
4.00108e-05
4.00601e-05
4.00071e-05
4.0059e-05
4.00044e-05
4.00576e-05
4.00038e-05
4.00558e-05
4.00055e-05
4.00533e-05
4.00077e-05
4.005e-05
4.00104e-05
4.00462e-05
4.0014e-05
4.00422e-05
4.00185e-05
4.00379e-05
4.00236e-05
4.00341e-05
4.00297e-05
4.00311e-05
4.00357e-05
4.00279e-05
4.00404e-05
4.00227e-05
4.00447e-05
4.00174e-05
4.00486e-05
4.00114e-05
4.00517e-05
4.0007e-05
4.00532e-05
4.00054e-05
4.00537e-05
4.0007e-05
4.00546e-05
4.00129e-05
4.00615e-05
4.00195e-05
4.00799e-05
4.00185e-05
4.00854e-05
4.00541e-05
4.00572e-05
4.0046e-05
4.00438e-05
)
;
    }
    walls
    {
        type            fixedValue;
        value           uniform 0;
    }
    frontAndBack
    {
        type            empty;
    }
}


// ************************************************************************* //
