/*--------------------------------*- C++ -*----------------------------------*\
| =========                 |                                                 |
| \\      /  F ield         | OpenFOAM: The Open Source CFD Toolbox           |
|  \\    /   O peration     | Version:  2412                                  |
|   \\  /    A nd           | Website:  www.openfoam.com                      |
|    \\/     M anipulation  |                                                 |
\*---------------------------------------------------------------------------*/
FoamFile
{
    version     2.0;
    format      ascii;
    arch        "LSB;label=32;scalar=64";
    class       surfaceScalarField;
    location    "250";
    object      phi;
}
// * * * * * * * * * * * * * * * * * * * * * * * * * * * * * * * * * * * * * //

dimensions      [0 3 -1 0 0 0 0];

oriented        oriented;

internalField   nonuniform List<scalar> 
21254
(
0.172714
-0.147588
-0.0251267
-0.121444
-0.0261433
-0.0914782
-0.029966
-0.06096
-0.0305181
-0.030337
-0.030623
-0.000417197
-0.0299198
0.0283836
-0.0288009
0.0565532
-0.0281696
0.0831014
-0.0265482
0.107916
-0.0248151
0.130789
-0.0228728
0.151492
-0.0207026
0.170177
-0.0186851
0.186933
-0.0167564
0.201736
-0.0148028
0.214723
-0.0129867
0.225803
-0.0110798
0.235026
-0.00922311
0.24228
-0.0072542
0.247675
-0.00539446
0.250979
-0.00330444
0.252322
-0.00134302
0.251323
0.000999369
0.248533
0.00278982
0.245215
0.00331816
0.241814
0.00340111
0.238689
0.00312453
0.236523
0.0021661
0.235079
0.00144398
0.233706
0.00137302
0.231773
0.00193307
0.228887
0.00288608
0.224913
0.00397412
0.219826
0.00508633
0.213557
0.00626928
0.205708
0.00784907
0.194934
0.0107739
0.17495
0.0199837
0.151164
0.0237847
0.194997
-0.022283
0.220441
-0.0254438
0.245599
-0.0251578
0.269462
-0.0238628
0.291861
-0.022399
0.310764
-0.0189033
0.323761
-0.0129965
0.330591
-0.00683049
0.331882
-0.0012913
0.325924
0.00595869
0.313545
0.0123788
0.296606
0.0169394
0.276305
0.0203008
0.253506
0.0227988
0.229737
0.0237691
0.205369
0.0243675
0.18145
0.0239192
0.158731
0.0227196
0.138624
0.0201064
0.12263
0.0159946
0.113261
0.00936814
0.114505
-0.00124324
0.1274
-0.012895
0.144634
-0.0172348
0.159953
-0.0153185
0.172286
-0.0123331
0.181875
-0.00958866
0.189183
-0.00730835
0.194336
-0.00515269
0.197432
-0.00309629
0.198366
-0.000933852
0.197034
0.00133219
0.193646
0.00338794
0.188516
0.00512934
0.181514
0.00700223
0.171832
0.00968177
0.157506
0.0143262
0.131926
0.0255808
0.112304
0.0196216
0.155707
-0.132645
-0.0481897
-0.108112
-0.050676
-0.08077
-0.0573078
-0.053392
-0.0578961
-0.0250319
-0.0589832
0.00434131
-0.059293
0.0330352
-0.0574949
0.0603547
-0.0554891
0.0863434
-0.052537
0.110804
-0.0492759
0.13381
-0.0458781
0.155266
-0.0421593
0.175128
-0.0385473
0.1934
-0.035028
0.210071
-0.0314738
0.22507
-0.0279855
0.23837
-0.0243805
0.25009
-0.0209427
0.259972
-0.0171364
0.268212
-0.0136343
0.27455
-0.00964272
0.279325
-0.0061182
0.282907
-0.00258232
0.285729
-3.19676e-05
0.288141
0.000905967
0.289744
0.00179761
0.289736
0.00313325
0.287749
0.00415209
0.28387
0.00532335
0.278651
0.0065918
0.272664
0.00791916
0.266398
0.00915196
0.260008
0.0103646
0.253476
0.0116176
0.246564
0.0131815
0.238649
0.0157634
0.229563
0.0198597
0.212552
0.0369951
0.186112
0.0502238
0.178097
-0.0446726
0.201477
-0.0488238
0.227397
-0.0510774
0.253092
-0.0495584
0.278123
-0.0474292
0.301804
-0.0425844
0.322827
-0.0340202
0.339826
-0.0238287
0.35423
-0.0156958
0.367028
-0.00683869
0.37766
0.0017464
0.385881
0.00871875
0.391255
0.0149262
0.393345
0.0207087
0.392437
0.0246774
0.388648
0.0281564
0.382271
0.0302963
0.374029
0.0309619
0.364862
0.0292733
0.355957
0.0248993
0.348958
0.0163677
0.34351
0.00420413
0.337789
-0.00717334
0.330932
-0.0103785
0.322385
-0.0067712
0.312239
-0.00218655
0.300662
0.00198825
0.288252
0.0051021
0.275869
0.00723066
0.264386
0.00838648
0.254404
0.00904898
0.245991
0.00974448
0.238367
0.0110125
0.230518
0.0129776
0.221629
0.0158921
0.210769
0.0205419
0.197002
0.0280934
0.17174
0.0508434
0.133674
0.0576873
0.14956
-0.126292
-0.0714579
-0.101372
-0.0755959
-0.0732154
-0.0854643
-0.0459431
-0.0851684
-0.0178754
-0.0870509
0.0107114
-0.0878798
0.0384718
-0.0852553
0.0654143
-0.0824316
0.0913764
-0.0784992
0.115977
-0.0738762
0.139257
-0.0691584
0.161129
-0.0640308
0.18142
-0.0588384
0.200197
-0.053805
0.217248
-0.048525
0.232739
-0.0434762
0.24644
-0.0380822
0.258469
-0.0329712
0.268636
-0.0273038
0.276935
-0.0219328
0.283345
-0.0160529
0.287898
-0.0106718
0.29077
-0.00545424
0.292344
-0.00160582
0.293305
-5.451e-05
0.293813
0.00128927
0.293781
0.00316564
0.293245
0.00468838
0.292213
0.00635547
0.290581
0.00822387
0.288252
0.0102474
0.285073
0.0123313
0.280929
0.0145085
0.275757
0.0167895
0.269461
0.0194774
0.261611
0.0236136
0.251866
0.0296044
0.23506
0.0538011
0.208731
0.0765527
0.172204
-0.0673166
0.19512
-0.0717392
0.221533
-0.0774907
0.247181
-0.0752067
0.272189
-0.0724368
0.295973
-0.0663683
0.316805
-0.0548526
0.33389
-0.0409132
0.346558
-0.0283643
0.355111
-0.0153918
0.360625
-0.00376713
0.364374
0.00496973
0.367533
0.0117667
0.370846
0.0173956
0.374511
0.0210127
0.378684
0.0239831
0.383094
0.025887
0.38737
0.0266857
0.390961
0.025682
0.393356
0.0225049
0.393987
0.0157366
0.39235
0.00584067
0.389055
-0.00387797
0.385262
-0.00658547
0.381239
-0.00274867
0.376778
0.00227492
0.371385
0.00738043
0.364428
0.0120596
0.355309
0.0163496
0.34359
0.0201056
0.329433
0.0232057
0.313533
0.0256447
0.297042
0.0275034
0.280864
0.0291558
0.265173
0.0315824
0.248969
0.0367461
0.230664
0.0463985
0.202979
0.0785283
0.160169
0.100498
0.142682
-0.119118
-0.0950226
-0.0939968
-0.100717
-0.065406
-0.114055
-0.0382612
-0.112313
-0.0103523
-0.11496
0.0180655
-0.116298
0.0454439
-0.112634
0.072149
-0.109137
0.0979393
-0.104289
0.122428
-0.0983645
0.145732
-0.0924633
0.167748
-0.0860467
0.188379
-0.0794686
0.207571
-0.0729971
0.225334
-0.0662883
0.241497
-0.0596393
0.256063
-0.0526482
0.268853
-0.0457614
0.279949
-0.0383991
0.289201
-0.0311854
0.29658
-0.0234316
0.302151
-0.0162435
0.305985
-0.00928807
0.308495
-0.0041155
0.310188
-0.00174808
0.311276
0.000201601
0.311624
0.00281781
0.311265
0.00504678
0.310231
0.00738954
0.308518
0.00993723
0.306189
0.0125761
0.303236
0.0152835
0.299611
0.0181335
0.295153
0.0212472
0.289653
0.0249776
0.282494
0.0307729
0.272923
0.0391745
0.256336
0.0703884
0.229357
0.103531
0.16579
-0.0904245
0.189145
-0.0950938
0.216525
-0.104871
0.2432
-0.101881
0.269374
-0.0986112
0.294655
-0.091649
0.317486
-0.0776839
0.336567
-0.0599946
0.351739
-0.043536
0.363529
-0.0271815
0.372345
-0.0125835
0.378476
-0.00116072
0.382374
0.00786831
0.384572
0.0151981
0.385797
0.0197878
0.386428
0.0233522
0.387216
0.0250986
0.388306
0.025596
0.38975
0.0242373
0.391111
0.0211444
0.391619
0.0152285
0.390433
0.00702701
0.387566
-0.00101152
0.383923
-0.00294186
0.380146
0.00102796
0.376457
0.00596389
0.372882
0.0109552
0.369364
0.0155779
0.365686
0.0200279
0.361506
0.0242864
0.356232
0.0284795
0.349071
0.032806
0.339187
0.037387
0.326089
0.0422542
0.309793
0.0478783
0.290506
0.056033
0.267872
0.0690331
0.236409
0.109991
0.19127
0.145637
0.138429
-0.113942
-0.11951
-0.0880799
-0.126579
-0.0585004
-0.143635
-0.0308439
-0.13997
-0.0026252
-0.143179
0.0260188
-0.144942
0.0533758
-0.139991
0.0800415
-0.135802
0.105812
-0.13006
0.130291
-0.122843
0.153671
-0.115844
0.175834
-0.108209
0.19677
-0.100405
0.216363
-0.09259
0.234527
-0.0844523
0.251193
-0.0763051
0.266301
-0.0677566
0.279772
-0.0592321
0.291406
-0.0500336
0.301251
-0.0410304
0.309176
-0.0313564
0.315213
-0.0222806
0.319506
-0.0135807
0.322346
-0.0069559
0.324234
-0.00363579
0.325404
-0.000968296
0.325801
0.00242093
0.325447
0.00540037
0.324372
0.00846487
0.322633
0.0116764
0.32024
0.0149685
0.317222
0.0183016
0.313606
0.0217494
0.309336
0.0255179
0.30425
0.0300628
0.297899
0.0371244
0.28942
0.047654
0.274815
0.0849932
0.248322
0.130022
0.16222
-0.114215
0.186259
-0.119133
0.214811
-0.133423
0.242594
-0.129664
0.269855
-0.125872
0.2964
-0.118195
0.320429
-0.101713
0.340564
-0.0801298
0.356904
-0.0598752
0.369912
-0.0401899
0.379548
-0.0222197
0.386557
-0.00816951
0.39147
0.00295559
0.394683
0.0119848
0.396762
0.0177088
0.39804
0.0220738
0.398756
0.0243828
0.399158
0.0251947
0.399435
0.0239597
0.399503
0.0210763
0.398978
0.0157535
0.397332
0.0086735
0.394413
0.00190684
0.390751
0.000720026
0.386793
0.00498677
0.382649
0.0101071
0.378245
0.0153595
0.373615
0.0202082
0.368782
0.0248601
0.363802
0.0292668
0.358752
0.0335289
0.353662
0.0378967
0.348263
0.0427853
0.341865
0.0486525
0.333264
0.0564793
0.320533
0.0687646
0.301416
0.0881499
0.270405
0.141002
0.224646
0.191395
0.134976
-0.109461
-0.145025
-0.0828034
-0.153236
-0.0519918
-0.174446
-0.0236402
-0.168321
0.00522692
-0.172046
0.0343647
-0.174079
0.0620355
-0.167662
0.0888843
-0.162651
0.114775
-0.155951
0.139312
-0.14738
0.162794
-0.139326
0.1851
-0.130515
0.206204
-0.121508
0.226098
-0.112484
0.244634
-0.102988
0.261839
-0.0935103
0.277471
-0.0833886
0.291472
-0.0732328
0.303799
-0.0623608
0.314284
-0.0515156
0.322871
-0.0399429
0.329609
-0.0290189
0.334562
-0.0185339
0.33801
-0.0104035
0.340388
-0.00601437
0.34197
-0.00255023
0.342721
0.0016702
0.34264
0.00548079
0.341766
0.0093387
0.340118
0.0133253
0.337752
0.0173335
0.33465
0.0214041
0.330825
0.0255747
0.326232
0.0301104
0.320754
0.035541
0.313933
0.0439453
0.30507
0.0565165
0.291322
0.0987407
0.265607
0.155737
0.159759
-0.138998
0.184736
-0.14411
0.214701
-0.163388
0.243697
-0.15866
0.272238
-0.154413
0.300223
-0.14618
0.325711
-0.1272
0.347181
-0.1016
0.3648
-0.0774943
0.379042
-0.0544314
0.389988
-0.033166
0.398331
-0.0165126
0.404623
-0.0033363
0.409291
0.00731705
0.412658
0.014342
0.415022
0.0197095
0.416589
0.0228156
0.417691
0.0240934
0.418348
0.0233024
0.418581
0.0208432
0.4182
0.0161346
0.416829
0.0100443
0.414328
0.00440809
0.411093
0.00395498
0.407328
0.00875236
0.403102
0.0143328
0.398388
0.0200735
0.393095
0.0255011
0.387223
0.0307325
0.380769
0.0357203
0.373809
0.0404895
0.366461
0.0452446
0.358862
0.0503842
0.351168
0.0563468
0.343216
0.0644317
0.334216
0.0777638
0.321819
0.100548
0.298147
0.164674
0.256811
0.232731
0.132605
-0.10597
-0.171659
-0.0781032
-0.181103
-0.0459035
-0.206646
-0.0166085
-0.197616
0.0130833
-0.201738
0.04305
-0.204046
0.071249
-0.195861
0.0985101
-0.189912
0.124677
-0.182118
0.149408
-0.172111
0.173039
-0.162956
0.195528
-0.153005
0.216818
-0.142798
0.236965
-0.132631
0.255869
-0.121892
0.273406
-0.111047
0.28953
-0.0995133
0.304082
-0.0877849
0.316958
-0.0752368
0.328034
-0.062591
0.337233
-0.0491423
0.344521
-0.0363061
0.350064
-0.0240768
0.354012
-0.0143519
0.356789
-0.00879165
0.35866
-0.00442039
0.359625
0.000704778
0.359691
0.00541504
0.358933
0.0100962
0.357357
0.0149018
0.355004
0.0196861
0.351899
0.0245098
0.348036
0.0294369
0.343325
0.0348223
0.337655
0.0412101
0.330577
0.0510236
0.321213
0.0658804
0.307503
0.112451
0.282442
0.180798
0.1585
-0.164893
0.184523
-0.170133
0.216118
-0.194983
0.246569
-0.189111
0.276607
-0.184451
0.306066
-0.17564
0.333014
-0.154148
0.355721
-0.124307
0.374428
-0.0962012
0.389615
-0.0696182
0.401617
-0.0451685
0.4109
-0.0257953
0.418082
-0.010518
0.423596
0.00180309
0.427785
0.0101524
0.430879
0.0166154
0.433253
0.020442
0.435005
0.0223412
0.436247
0.0220607
0.436921
0.0201689
0.436887
0.0161686
0.435824
0.0111077
0.433647
0.00658491
0.430532
0.00707038
0.426913
0.0123708
0.422833
0.0184126
0.418215
0.0246915
0.413044
0.0306724
0.407232
0.0365438
0.400762
0.0421903
0.39355
0.0477015
0.385619
0.0531756
0.37695
0.0590535
0.367509
0.065788
0.357379
0.0745615
0.346348
0.0887949
0.334481
0.112415
0.316828
0.182327
0.282995
0.266564
0.130938
-0.103008
-0.19959
-0.073927
-0.210184
-0.0401801
-0.240393
-0.00969938
-0.228097
0.0210656
-0.232503
0.0520195
-0.235
0.0809583
-0.224799
0.108785
-0.217739
0.135424
-0.208757
0.16046
-0.197148
0.184352
-0.186848
0.207056
-0.175709
0.228556
-0.164298
0.248945
-0.15302
0.268135
-0.141082
0.286044
-0.128956
0.30258
-0.11605
0.317621
-0.102826
0.331004
-0.0886202
0.342634
-0.074221
0.352431
-0.0589392
0.360331
-0.044206
0.36642
-0.0301662
0.370927
-0.0188582
0.374148
-0.0120132
0.376377
-0.00664888
0.377656
-0.000574292
0.377972
0.00509829
0.377365
0.0107035
0.375912
0.0163545
0.373596
0.0220028
0.370476
0.0276298
0.366505
0.0334071
0.36167
0.0396579
0.355753
0.0471265
0.348379
0.0583981
0.338533
0.0757261
0.324485
0.126498
0.299992
0.20529
0.158127
-0.192081
0.185406
-0.197413
0.218652
-0.228229
0.25065
-0.221109
0.282263
-0.216064
0.313408
-0.206784
0.341889
-0.18263
0.365809
-0.148227
0.385648
-0.116041
0.401918
-0.085888
0.414726
-0.0579767
0.424824
-0.0358928
0.432849
-0.0185426
0.439211
-0.00455985
0.444149
0.00521467
0.448123
0.012642
0.451175
0.0173895
0.453549
0.019967
0.455279
0.0203311
0.456379
0.0190689
0.456671
0.0158769
0.456002
0.0117763
0.454198
0.00838905
0.451444
0.00982494
0.448032
0.0157822
0.444084
0.022361
0.439539
0.0292356
0.434375
0.0358365
0.428527
0.042392
0.421976
0.0487417
0.414706
0.0549712
0.406653
0.0612291
0.397762
0.0679444
0.387867
0.0756826
0.376745
0.0856845
0.363895
0.101644
0.349275
0.127035
0.331899
0.199702
0.302057
0.296407
0.130015
-0.100619
-0.228987
-0.0701369
-0.240666
-0.03467
-0.27586
-0.00289189
-0.259875
0.0290937
-0.264488
0.0612231
-0.267129
0.0910889
-0.254665
0.119703
-0.246353
0.146941
-0.235995
0.172424
-0.222631
0.196653
-0.211077
0.219647
-0.198703
0.241395
-0.186047
0.26204
-0.173664
0.281516
-0.160558
0.299775
-0.147215
0.316695
-0.13297
0.332151
-0.118281
0.346022
-0.102492
0.358159
-0.0863577
0.368497
-0.0692772
0.376972
-0.0526813
0.383626
-0.0368207
0.388622
-0.0238537
0.392302
-0.0156936
0.394899
-0.00924527
0.396451
-0.00212603
0.396989
0.00455977
0.396566
0.011127
0.395203
0.0177176
0.39294
0.0242656
0.389808
0.0307622
0.385786
0.037429
0.380808
0.0446363
0.374702
0.0532319
0.367053
0.0660474
0.356851
0.0859275
0.342554
0.140795
0.318618
0.229226
0.158527
-0.220592
0.187135
-0.226021
0.222228
-0.263321
0.256037
-0.254918
0.289306
-0.249333
0.322177
-0.239656
0.35217
-0.212622
0.377513
-0.17357
0.398424
-0.136952
0.41561
-0.103074
0.429281
-0.0716468
0.440089
-0.0467017
0.4488
-0.0272533
0.455841
-0.011601
0.461492
-0.000436288
0.466034
0.00810073
0.469781
0.0136417
0.472653
0.0170956
0.474826
0.0181576
0.476307
0.0175879
0.476994
0.0151896
0.476612
0.0121585
0.475152
0.00984889
0.472687
0.0122899
0.469496
0.0189734
0.465648
0.0262095
0.461179
0.033704
0.456001
0.0410151
0.450138
0.0482541
0.443529
0.0553512
0.436146
0.0623535
0.427984
0.0693914
0.41895
0.0769782
0.40892
0.0857126
0.397602
0.0970027
0.38433
0.114917
0.368005
0.143359
0.348688
0.21902
0.318415
0.32668
0.129569
-0.0986823
-0.259873
-0.0666763
-0.272672
-0.0293875
-0.313149
0.00388666
-0.293149
0.0372896
-0.297891
0.0707554
-0.300595
0.101678
-0.285588
0.131194
-0.275868
0.159184
-0.263985
0.185235
-0.248682
0.209928
-0.23577
0.233285
-0.22206
0.255335
-0.208096
0.276259
-0.194588
0.296036
-0.180335
0.314586
-0.165765
0.331852
-0.150236
0.347708
-0.134138
0.362033
-0.116816
0.374685
-0.0990091
0.385515
-0.0801079
0.394525
-0.0616907
0.401718
-0.0440143
0.407243
-0.029379
0.411363
-0.0198137
0.414299
-0.0121806
0.416175
-0.0040028
0.416993
0.00374194
0.416741
0.0113794
0.415525
0.0189336
0.413337
0.026453
0.410192
0.0339073
0.406095
0.0415258
0.400989
0.0497429
0.394694
0.0595268
0.386745
0.0739963
0.376191
0.0964811
0.361669
0.155318
0.33836
0.252534
0.159653
-0.250677
0.189718
-0.256086
0.226737
-0.300341
0.262313
-0.290493
0.29749
-0.284511
0.332139
-0.274304
0.363881
-0.244364
0.390568
-0.200257
0.412665
-0.159049
0.43076
-0.12117
0.445205
-0.0860917
0.456722
-0.0582191
0.466045
-0.0365754
0.473606
-0.0191623
0.479852
-0.0066827
0.485054
0.00289929
0.489268
0.0094274
0.492709
0.0136553
0.495392
0.0154739
0.497286
0.0156945
0.498273
0.0142021
0.498314
0.0121177
0.497237
0.0109257
0.495096
0.014431
0.492135
0.0219344
0.488464
0.0298812
0.484042
0.0381258
0.478886
0.0461708
0.47294
0.0542003
0.466196
0.0620948
0.458646
0.0699037
0.45022
0.0778174
0.440917
0.0862817
0.430589
0.0960406
0.418958
0.108634
0.40546
0.128415
0.388713
0.160105
0.368106
0.239627
0.336911
0.357875
0.129689
-0.0971166
-0.292446
-0.0634355
-0.306353
-0.024162
-0.352422
0.0106413
-0.327953
0.0455852
-0.332835
0.0805377
-0.335548
0.112721
-0.317771
0.143283
-0.306431
0.172147
-0.292849
0.198902
-0.275436
0.224162
-0.261031
0.247952
-0.245849
0.270381
-0.230526
0.291645
-0.215853
0.311697
-0.200386
0.330576
-0.184644
0.348189
-0.167849
0.364427
-0.150375
0.379148
-0.131538
0.39225
-0.11211
0.403585
-0.0914427
0.413077
-0.0711835
0.420774
-0.0517107
0.426781
-0.0353863
0.431337
-0.0243695
0.434689
-0.0155324
0.436884
-0.00619776
0.437932
0.00269332
0.437919
0.0113926
0.436818
0.0200349
0.434704
0.0285671
0.431589
0.0370221
0.427444
0.0456708
0.42221
0.0549774
0.415699
0.0660378
0.407492
0.0822032
0.396589
0.107385
0.381941
0.169966
0.359268
0.275207
0.161319
-0.282307
0.192998
-0.287764
0.232077
-0.33942
0.269617
-0.328033
0.306666
-0.32156
0.343316
-0.310954
0.37683
-0.277877
0.404998
-0.228425
0.428216
-0.182267
0.447382
-0.140335
0.462574
-0.101284
0.474663
-0.0703079
0.484514
-0.0464263
0.492664
-0.0273118
0.499438
-0.0134574
0.505063
-0.00272525
0.509814
0.00467616
0.513697
0.00977204
0.516793
0.0123783
0.519088
0.0133995
0.520527
0.0127634
0.520937
0.0117078
0.520175
0.0116877
0.518395
0.0162107
0.515683
0.0246465
0.512175
0.0333887
0.50788
0.0424213
0.502748
0.0513025
0.496791
0.0601567
0.48995
0.068936
0.482213
0.0776408
0.473583
0.086447
0.46396
0.0959045
0.453261
0.10674
0.441184
0.120711
0.427265
0.142333
0.410254
0.177117
0.389236
0.260645
0.358262
0.388848
0.130174
-0.09589
-0.32673
-0.0604542
-0.341789
-0.0190806
-0.393796
0.0174981
-0.364531
0.0541042
-0.369441
0.0906662
-0.37211
0.124199
-0.351303
0.155949
-0.338181
0.185846
-0.322746
0.213407
-0.302997
0.239323
-0.286947
0.263672
-0.270197
0.286523
-0.253378
0.308156
-0.237485
0.328566
-0.220797
0.347776
-0.203854
0.36571
-0.185783
0.382292
-0.166958
0.397404
-0.14665
0.410925
-0.125631
0.422722
-0.10324
0.432705
-0.0811666
0.440884
-0.0598895
0.447352
-0.0418545
0.452323
-0.029341
0.456049
-0.0192586
0.458571
-0.00871955
0.459923
0.00134152
0.46011
0.011206
0.459184
0.0209603
0.457164
0.0305875
0.454064
0.0401218
0.449897
0.0498376
0.444545
0.0603292
0.437839
0.0727442
0.429368
0.090674
0.418132
0.118621
0.403334
0.184764
0.381361
0.297179
0.163541
-0.315674
0.196853
-0.321076
0.238166
-0.380733
0.277739
-0.367606
0.316858
-0.360679
0.355593
-0.349689
0.390977
-0.313261
0.420709
-0.258157
0.445214
-0.206772
0.465346
-0.160467
0.481254
-0.117192
0.493948
-0.0830023
0.504387
-0.0568646
0.512912
-0.0358375
0.520106
-0.0206509
0.526224
-0.00884318
0.53136
-0.000460199
0.535702
0.00543071
0.53923
0.0088501
0.541923
0.0107062
0.543738
0.0109489
0.544504
0.0109411
0.544177
0.0120152
0.542736
0.0176514
0.540318
0.0270649
0.537013
0.0366934
0.532831
0.0466037
0.527776
0.0563572
0.521772
0.0661609
0.514861
0.0758467
0.50698
0.0855218
0.498111
0.0953165
0.488209
0.105807
0.477105
0.117844
0.464574
0.133242
0.450092
0.156816
0.432628
0.194581
0.41149
0.281783
0.381355
0.418984
0.131122
-0.0949088
-0.362943
-0.0576065
-0.379091
-0.0140096
-0.437393
0.0244022
-0.402943
0.0628173
-0.407856
0.101147
-0.410439
0.136161
-0.386318
0.169223
-0.371244
0.200262
-0.353785
0.228748
-0.331483
0.255449
-0.313647
0.280428
-0.295176
0.303799
-0.276749
0.32587
-0.259556
0.346655
-0.241582
0.366196
-0.223396
0.384473
-0.20406
0.401424
-0.183909
0.41691
-0.162136
0.430799
-0.139519
0.443021
-0.115462
0.453437
-0.0915823
0.462061
-0.068514
0.468978
-0.0487714
0.474401
-0.0347641
0.478488
-0.0233447
0.481355
-0.0115873
0.482975
-0.000278451
0.48339
0.0107912
0.482643
0.021708
0.480743
0.0324873
0.47769
0.0431749
0.473475
0.0540526
0.468013
0.0657907
0.461127
0.0796304
0.452398
0.0994032
0.4409
0.130119
0.425975
0.199689
0.404704
0.318449
0.166218
-0.35077
0.201402
-0.35626
0.244992
-0.424323
0.286813
-0.409427
0.328027
-0.401893
0.368902
-0.390564
0.406347
-0.350706
0.437683
-0.289493
0.463495
-0.232584
0.484668
-0.18164
0.50142
-0.133944
0.514732
-0.0963151
0.52556
-0.067692
0.534568
-0.0448459
0.54208
-0.0281629
0.548539
-0.0153024
0.554089
-0.00600971
0.558853
0.000666991
0.562768
0.00493444
0.565836
0.00763857
0.568003
0.00878139
0.56916
0.00978414
0.569216
0.0119597
0.568156
0.0187114
0.566017
0.0292035
0.562934
0.0397769
0.558903
0.0506342
0.553895
0.0613653
0.547918
0.0721381
0.540945
0.0828195
0.532942
0.0935248
0.523884
0.104374
0.51369
0.116
0.502233
0.129301
0.489238
0.146237
0.474234
0.17182
0.456196
0.212619
0.434827
0.303152
0.40574
0.448071
0.132369
-0.0941914
-0.401121
-0.0549082
-0.418375
-0.00894477
-0.483356
0.0314402
-0.443328
0.0717902
-0.448206
0.112004
-0.450653
0.148632
-0.422946
0.183163
-0.405774
0.215444
-0.386066
0.24497
-0.361009
0.272545
-0.341222
0.298245
-0.320876
0.32221
-0.300715
0.344785
-0.282131
0.365972
-0.262769
0.3859
-0.243324
0.404539
-0.222699
0.421829
-0.201199
0.437676
-0.177984
0.451969
-0.153812
0.46457
-0.128064
0.475406
-0.102418
0.484465
-0.0775736
0.491789
-0.0560946
0.497592
-0.0405678
0.502054
-0.0278063
0.505268
-0.0148017
0.507195
-0.00220506
0.507849
0.0101368
0.50728
0.0222772
0.50549
0.0342777
0.502498
0.0461664
0.498249
0.0583012
0.492712
0.0713282
0.485655
0.0866868
0.476686
0.108373
0.464886
0.141919
0.449922
0.214652
0.429345
0.339027
0.169455
-0.387856
0.206424
-0.39323
0.25251
-0.470409
0.296587
-0.453505
0.340177
-0.445482
0.383354
-0.433741
0.42284
-0.390192
0.455954
-0.322607
0.483094
-0.259724
0.505396
-0.203942
0.522925
-0.151473
0.536814
-0.110205
0.548162
-0.0790393
0.557505
-0.0541891
0.565414
-0.0360725
0.572235
-0.0221227
0.578116
-0.0118904
0.583159
-0.0043762
0.587421
0.000671767
0.590879
0.00418069
0.593407
0.00625359
0.594944
0.00824683
0.595382
0.0115226
0.594674
0.0194188
0.592851
0.0310267
0.590005
0.0426223
0.586145
0.0544949
0.581254
0.0662563
0.575305
0.0780867
0.568286
0.0898388
0.560159
0.101652
0.550895
0.113638
0.540439
0.126457
0.528627
0.141112
0.515197
0.159668
0.499683
0.187334
0.481095
0.231207
0.459459
0.324788
0.431339
0.476192
0.133948
-0.0937252
-0.441344
-0.0523068
-0.459793
-0.00385898
-0.531804
0.0386517
-0.485839
0.081076
-0.490631
0.123282
-0.492859
0.161674
-0.461338
0.197736
-0.441836
0.231395
-0.419725
0.262083
-0.391697
0.290634
-0.369773
0.317148
-0.34739
0.341793
-0.32536
0.364919
-0.305257
0.386619
-0.284469
0.406966
-0.26367
0.425983
-0.241716
0.443618
-0.218833
0.4598
-0.194166
0.474446
-0.168457
0.487434
-0.141052
0.498638
-0.113622
0.508088
-0.0870238
0.515813
-0.0638197
0.521996
-0.0467506
0.526843
-0.0326535
0.530359
-0.0183177
0.532583
-0.00442927
0.533516
0.00920403
0.533138
0.0226552
0.531487
0.0359291
0.528546
0.0491079
0.524321
0.0625256
0.518693
0.076957
0.511458
0.0939219
0.502263
0.117567
0.490248
0.153934
0.475217
0.229684
0.455386
0.358857
0.173056
-0.426964
0.21212
-0.432293
0.260722
-0.519011
0.30728
-0.500063
0.353248
-0.49145
0.398824
-0.479317
0.440559
-0.431926
0.475415
-0.357464
0.504088
-0.288397
0.527524
-0.227378
0.545947
-0.169896
0.560455
-0.124713
0.572216
-0.0908003
0.581976
-0.0639495
0.590129
-0.044225
0.597252
-0.0292458
0.603403
-0.0180415
0.608753
-0.00972612
0.613329
-0.00390446
0.617099
0.000410485
0.620003
0.0033499
0.621932
0.0063182
0.622754
0.0107004
0.622377
0.0197956
0.620906
0.0324974
0.618311
0.0452172
0.614638
0.0581684
0.609852
0.0710419
0.603953
0.083986
0.596892
0.0968992
0.588677
0.109866
0.579256
0.12306
0.568519
0.137193
0.556381
0.153251
0.54253
0.173518
0.526529
0.203334
0.507439
0.250297
0.485475
0.346752
0.458224
0.503443
0.13589
-0.0934672
-0.483766
-0.0498103
-0.50345
0.00130904
-0.582923
0.0460489
-0.530579
0.0906488
-0.535231
0.135017
-0.537227
0.175263
-0.501583
0.213038
-0.479611
0.248181
-0.454868
0.280113
-0.423629
0.30975
-0.39941
0.337185
-0.374826
0.362582
-0.350757
0.386359
-0.329034
0.408574
-0.306683
0.429382
-0.284478
0.448799
-0.261133
0.466813
-0.236847
0.483376
-0.210729
0.49837
-0.183452
0.511697
-0.154378
0.523286
-0.125211
0.533084
-0.096822
0.541154
-0.0718899
0.547694
-0.0532906
0.552881
-0.0378397
0.556749
-0.0221864
0.559272
-0.00695225
0.560448
0.00802857
0.560274
0.0228286
0.558776
0.0374273
0.55593
0.0519541
0.551691
0.0667644
0.545991
0.0826568
0.538623
0.10129
0.529246
0.126944
0.517001
0.16618
0.501951
0.244733
0.482877
0.377931
0.177106
-0.46818
0.218267
-0.473454
0.269624
-0.570368
0.318736
-0.549175
0.367267
-0.539981
0.415388
-0.527438
0.459447
-0.475985
0.496245
-0.394262
0.526416
-0.318568
0.551039
-0.252002
0.570361
-0.189218
0.585497
-0.139848
0.59783
-0.103134
0.607847
-0.0739666
0.616391
-0.0527687
0.623675
-0.0365299
0.630127
-0.024493
0.635711
-0.015311
0.640581
-0.00877409
0.644666
-0.00367483
0.647862
0.000154564
0.650137
0.00404282
0.651331
0.00950675
0.651398
0.0197284
0.650212
0.0336834
0.64788
0.0475489
0.644408
0.0616411
0.63976
0.075689
0.633931
0.0898159
0.626881
0.103949
0.61858
0.118167
0.608971
0.132669
0.598018
0.148146
0.585537
0.165732
0.571281
0.187775
0.554813
0.219802
0.535247
0.269863
0.513022
0.368978
0.486568
0.529897
0.138093
-0.0933239
-0.528535
-0.0473106
-0.549463
0.00656171
-0.636796
0.0536867
-0.577703
0.100591
-0.582135
0.147266
-0.583903
0.189506
-0.543824
0.229056
-0.519161
0.265831
-0.491643
0.299136
-0.456935
0.329944
-0.430217
0.358373
-0.403255
0.384623
-0.377007
0.409113
-0.353524
0.431926
-0.329496
0.45324
-0.305793
0.473112
-0.281005
0.491533
-0.255268
0.508439
-0.227636
0.523787
-0.1988
0.537458
-0.168049
0.549354
-0.137107
0.559508
-0.106976
0.567899
-0.0802813
0.574774
-0.0601659
0.580292
-0.043357
0.584475
-0.0263702
0.587295
-0.00977189
0.588719
0.00660516
0.588772
0.022775
0.587429
0.0387704
0.58468
0.0547037
0.580471
0.0709731
0.574717
0.0884106
0.56724
0.108767
0.557649
0.136535
0.545259
0.17857
0.530233
0.25976
0.511864
0.396299
0.181571
-0.511658
0.224989
-0.516873
0.279191
-0.624569
0.331006
-0.600989
0.382247
-0.591223
0.433054
-0.578245
0.479526
-0.522457
0.518393
-0.433129
0.550144
-0.350319
0.576086
-0.277944
0.59634
-0.209471
0.612182
-0.155691
0.624915
-0.115866
0.635381
-0.0844335
0.6441
-0.0614873
0.651701
-0.0441305
0.658303
-0.0310953
0.664154
-0.0211623
0.669247
-0.013867
0.673603
-0.00803053
0.677157
-0.00339939
0.679744
0.00145537
0.681294
0.0079575
0.681644
0.0193783
0.680819
0.0345084
0.678789
0.0495785
0.675531
0.0648988
0.671055
0.0801656
0.665298
0.0955727
0.658263
0.110984
0.649898
0.126532
0.640169
0.142398
0.628971
0.159343
0.616166
0.178537
0.601526
0.202415
0.584599
0.236729
0.564633
0.28983
0.542137
0.391473
0.516414
0.55562
0.140626
-0.0934105
-0.575751
-0.0449231
-0.597951
0.0119449
-0.693664
0.0615286
-0.627287
0.110965
-0.631571
0.16002
-0.632958
0.204396
-0.588199
0.245884
-0.560649
0.284375
-0.530133
0.319139
-0.491699
0.351242
-0.46232
0.380777
-0.432789
0.407955
-0.404185
0.433223
-0.378792
0.456725
-0.352997
0.478608
-0.327676
0.498956
-0.301353
0.517794
-0.274107
0.5351
-0.244941
0.550786
-0.214486
0.56478
-0.182043
0.57702
-0.149348
0.587452
-0.117408
0.596155
-0.0889838
0.603317
-0.0673285
0.609133
-0.0491724
0.613633
-0.0308701
0.616743
-0.0128825
0.618459
0.00488939
0.618721
0.0225126
0.617544
0.0399478
0.614893
0.0573544
0.610721
0.0751449
0.604947
0.0941853
0.59733
0.116384
0.587611
0.146253
0.575083
0.191098
0.560073
0.27477
0.542449
0.413923
0.18649
-0.557522
0.232264
-0.562647
0.289465
-0.681771
0.344154
-0.655678
0.398191
-0.645261
0.451844
-0.631897
0.50093
-0.571543
0.541848
-0.474047
0.57534
-0.383811
0.602635
-0.30524
0.623879
-0.230715
0.640387
-0.172198
0.653669
-0.129148
0.664444
-0.0952085
0.673482
-0.0705259
0.681254
-0.0519025
0.688067
-0.0379083
0.694101
-0.0271956
0.699433
-0.0191997
0.704012
-0.0126094
0.707826
-0.00721366
0.710751
-0.00146949
0.712658
0.00605077
0.713377
0.0186596
0.712873
0.0350122
0.711108
0.0513432
0.708075
0.0679321
0.703752
0.0844883
0.698118
0.101207
0.691102
0.118
0.682709
0.134925
0.672835
0.152272
0.661446
0.170732
0.648369
0.191614
0.633323
0.217462
0.616008
0.254043
0.595628
0.31021
0.572938
0.414163
0.547891
0.580668
0.143431
-0.0936372
-0.625545
-0.042488
-0.6491
0.017436
-0.753588
0.0697093
-0.67956
0.121712
-0.683574
0.173359
-0.684605
0.21997
-0.63481
0.263545
-0.604224
0.303859
-0.570448
0.340229
-0.52807
0.373717
-0.495808
0.404451
-0.463523
0.432625
-0.43236
0.458778
-0.404945
0.483006
-0.377226
0.505512
-0.350182
0.526392
-0.322233
0.545691
-0.293406
0.563383
-0.262633
0.579437
-0.23054
0.593775
-0.196381
0.606288
-0.16186
0.61701
-0.12813
0.625982
-0.0979557
0.633415
-0.0747616
0.639544
-0.0553017
0.64433
-0.0356555
0.64771
-0.0162624
0.649661
0.00293868
0.650165
0.0220086
0.649163
0.040949
0.646628
0.0598902
0.642509
0.0792633
0.636711
0.0999836
0.62903
0.124065
0.619175
0.156109
0.606551
0.203721
0.591614
0.289708
0.574727
0.430809
0.191814
-0.605904
0.240076
-0.610909
0.300429
-0.742123
0.358168
-0.713417
0.415178
-0.702272
0.471804
-0.688523
0.523592
-0.623331
0.566775
-0.51723
0.602059
-0.419094
0.630771
-0.333952
0.653056
-0.252999
0.670315
-0.189457
0.684139
-0.142972
0.695283
-0.106352
0.704542
-0.079785
0.71253
-0.0598908
0.7195
-0.0448785
0.725684
-0.0333798
0.731193
-0.0247081
0.736042
-0.0174583
0.740071
-0.0112432
0.743274
-0.00467245
0.745482
0.00384276
0.746596
0.0175461
0.746403
0.0352046
0.744908
0.0528382
0.742136
0.0707045
0.737994
0.0886303
0.73245
0.106751
0.725521
0.124929
0.71709
0.143356
0.707124
0.162238
0.69552
0.182336
0.682167
0.204967
0.666803
0.232826
0.649074
0.271772
0.628366
0.330918
0.605461
0.437068
0.581071
0.605058
0.146544
-0.0940046
-0.678084
-0.0400728
-0.703032
0.0231237
-0.816784
0.0781815
-0.734618
0.132965
-0.738357
0.187307
-0.738947
0.236338
-0.68384
0.282068
-0.649954
0.324371
-0.61275
0.36243
-0.566129
0.397398
-0.530776
0.429427
-0.495552
0.458718
-0.461651
0.485811
-0.432037
0.510843
-0.402258
0.534052
-0.373391
0.555518
-0.343699
0.575303
-0.313191
0.593427
-0.280757
0.609841
-0.246954
0.624502
-0.211042
0.637309
-0.174668
0.648304
-0.139125
0.65751
-0.107162
0.665196
-0.0824473
0.671571
-0.0616765
0.676622
-0.0407074
0.680301
-0.0199412
0.68251
0.000729527
0.683217
0.0213019
0.68239
0.0417756
0.679995
0.0622853
0.675952
0.0833069
0.670148
0.105787
0.662411
0.131801
0.652455
0.166064
0.639772
0.216405
0.624941
0.304539
0.608748
0.447002
0.197554
-0.656914
0.248441
-0.661797
0.312147
-0.805829
0.373037
-0.774307
0.433236
-0.762471
0.492965
-0.748252
0.547624
-0.67799
0.593165
-0.562771
0.630336
-0.456265
0.660521
-0.364137
0.683897
-0.276375
0.701986
-0.207546
0.716331
-0.157317
0.727863
-0.117884
0.737371
-0.0892937
0.745546
-0.0680652
0.752685
-0.0520179
0.75906
-0.0397545
0.764702
-0.0303498
0.769671
-0.0224277
0.773979
-0.0155512
0.777453
-0.00814647
0.780005
0.00129047
0.781375
0.0161767
0.781488
0.0350917
0.780306
0.0540196
0.777749
0.0732621
0.773797
0.0925819
0.768421
0.112127
0.761517
0.131833
0.753086
0.151787
0.743052
0.172272
0.731306
0.194082
0.717702
0.21857
0.701993
0.248535
0.683917
0.289848
0.662898
0.351937
0.639821
0.460145
0.616016
0.628862
0.149889
-0.0945123
-0.733461
-0.0376887
-0.759855
0.0289855
-0.883459
0.0870137
-0.792646
0.144698
-0.796042
0.201922
-0.796171
0.253492
-0.73541
0.301554
-0.698017
0.34593
-0.657126
0.3858
-0.605999
0.422374
-0.567349
0.455787
-0.528965
0.486282
-0.492146
0.514411
-0.460166
0.540324
-0.428171
0.564271
-0.397338
0.58637
-0.365798
0.606703
-0.333524
0.625283
-0.299337
0.642093
-0.263764
0.657067
-0.226016
0.670161
-0.187762
0.681444
-0.150408
0.690813
-0.11653
0.69872
-0.0903546
0.70534
-0.0682963
0.710581
-0.0459488
0.714571
-0.0239307
0.717018
-0.00171748
0.71797
0.0203498
0.717321
0.0424243
0.715069
0.0645375
0.711102
0.0872742
0.705322
0.111567
0.697541
0.139583
0.687534
0.176072
0.674846
0.229093
0.660125
0.31926
0.644621
0.462506
0.203725
-0.71075
0.257397
-0.71547
0.324612
-0.873044
0.38886
-0.838554
0.452308
-0.825919
0.515364
-0.811309
0.573004
-0.735629
0.621009
-0.610777
0.660195
-0.495451
0.692007
-0.395949
0.716529
-0.300898
0.735387
-0.226403
0.750345
-0.172275
0.762263
-0.129803
0.772098
-0.0991281
0.780452
-0.076419
0.787742
-0.0593085
0.794209
-0.0462213
0.799977
-0.0361174
0.805157
-0.027608
0.809602
-0.0199957
0.813357
-0.0119017
0.816142
-0.0014944
0.81783
0.0144886
0.818264
0.0346575
0.817337
0.0549462
0.815028
0.0755717
0.811286
0.0963238
0.806043
0.11737
0.799245
0.138631
0.790834
0.160198
0.78074
0.182366
0.768833
0.205989
0.755011
0.232392
0.739035
0.264511
0.720608
0.308274
0.69934
0.373205
0.676118
0.483367
0.652839
0.652141
0.153582
-0.0951606
-0.791882
-0.0352128
-0.819803
0.035051
-0.953722
0.0961988
-0.853794
0.156968
-0.85681
0.217227
-0.856431
0.271492
-0.789675
0.32199
-0.748514
0.368602
-0.703737
0.410409
-0.647806
0.44871
-0.605651
0.483614
-0.563869
0.51537
-0.523902
0.544624
-0.489421
0.571501
-0.455048
0.596261
-0.422098
0.619073
-0.38861
0.639989
-0.354441
0.65905
-0.318398
0.676254
-0.280968
0.691587
-0.241348
0.704949
-0.201125
0.716419
-0.161878
0.726031
-0.126142
0.734089
-0.0984121
0.740952
-0.0751596
0.746497
-0.0514939
0.750697
-0.0281304
0.753401
-0.00442141
0.75447
0.0192803
0.754048
0.0428466
0.75199
0.0665957
0.748132
0.091132
0.742331
0.117368
0.734539
0.147375
0.724496
0.186114
0.711836
0.241753
0.697286
0.33381
0.682447
0.477346
0.210342
-0.76751
0.266936
-0.772064
0.337848
-0.943956
0.405621
-0.906327
0.472568
-0.892866
0.53905
-0.877791
0.599896
-0.796475
0.650515
-0.661396
0.69179
-0.536725
0.725204
-0.429363
0.75098
-0.326673
0.77073
-0.246153
0.786318
-0.187864
0.798673
-0.142157
0.808749
-0.109204
0.817308
-0.0849778
0.82474
-0.0667403
0.831301
-0.0527823
0.837204
-0.0420202
0.842484
-0.0328882
0.847149
-0.0246606
0.851061
-0.0158139
0.854124
-0.00455698
0.856118
0.0124943
0.856809
0.0339665
0.856143
0.0556119
0.854088
0.0776271
0.850543
0.0998689
0.845441
0.122472
0.838748
0.145324
0.830362
0.168585
0.820219
0.192508
0.808226
0.217983
0.794203
0.246415
0.777955
0.280759
0.75928
0.32695
0.737769
0.394716
0.714436
0.506701
0.691662
0.674915
0.157551
-0.0959234
-0.85351
-0.0327511
-0.882975
0.0413743
-1.02785
0.105825
-0.918245
0.169835
-0.920821
0.23331
-0.919906
0.290381
-0.846746
0.343513
-0.801646
0.392476
-0.7527
0.43634
-0.691671
0.476437
-0.645747
0.512941
-0.600373
0.546097
-0.557058
0.576544
-0.519867
0.604468
-0.482972
0.630125
-0.447754
0.65367
-0.412155
0.67525
-0.376021
0.6948
-0.337948
0.712516
-0.298684
0.728175
-0.257007
0.741838
-0.214788
0.753473
-0.173514
0.763279
-0.135948
0.771568
-0.106701
0.778578
-0.0821694
0.784319
-0.0572352
0.788613
-0.032425
0.791575
-0.00738277
0.792908
0.0179468
0.792742
0.0430125
0.790654
0.0686844
0.786911
0.0948749
0.78125
0.123029
0.773481
0.155143
0.763481
0.196115
0.750898
0.254336
0.736497
0.348211
0.722285
0.491558
0.21737
-0.827329
0.277063
-0.831756
0.351888
-1.01878
0.423358
-0.977797
0.493961
-0.963469
0.564108
-0.947939
0.628254
-0.860621
0.681696
-0.714838
0.725138
-0.580167
0.76034
-0.464565
0.787395
-0.353729
0.808047
-0.266806
0.824224
-0.204041
0.837048
-0.154981
0.847435
-0.119591
0.856195
-0.0937379
0.863746
-0.0742915
0.870419
-0.0594547
0.876438
-0.0480391
0.881856
-0.0383065
0.886632
-0.0294371
0.890746
-0.019928
0.894054
-0.00786434
0.896235
0.0103131
0.897196
0.0330058
0.896901
0.0559063
0.894903
0.0796254
0.891601
0.103171
0.886739
0.127333
0.880102
0.151961
0.871761
0.176926
0.8617
0.20257
0.849604
0.230079
0.835386
0.260632
0.818923
0.297222
0.799989
0.345884
0.778317
0.416387
0.754888
0.53013
0.732537
0.697266
0.161805
-0.0968244
-0.91849
-0.0302071
-0.949593
0.0479407
-1.106
0.115851
-0.986155
0.183309
-0.988279
0.250154
-0.986751
0.310254
-0.906845
0.366121
-0.857514
0.417595
-0.804174
0.463623
-0.737699
0.505679
-0.687803
0.543883
-0.638577
0.578525
-0.5917
0.610268
-0.55161
0.639287
-0.511992
0.665869
-0.474336
0.690316
-0.436602
0.71254
-0.398245
0.732767
-0.358175
0.75076
-0.316678
0.766923
-0.27317
0.780849
-0.228714
0.79277
-0.185435
0.802745
-0.145923
0.811104
-0.11506
0.818235
-0.0892999
0.824146
-0.0631469
0.828652
-0.036931
0.831718
-0.0104484
0.833446
0.016219
0.833258
0.0432001
0.831549
0.0703934
0.82788
0.0985436
0.822234
0.128675
0.814577
0.1628
0.804517
0.206175
0.792097
0.266755
0.777929
0.362379
0.764312
0.505174
0.224929
-0.890454
0.287839
-0.894666
0.366723
-1.09766
0.442098
-1.05317
0.516603
-1.03797
0.590585
-1.02192
0.658292
-0.928328
0.714522
-0.771069
0.760316
-0.625961
0.797363
-0.501612
0.825785
-0.382151
0.847407
-0.288428
0.864337
-0.22097
0.877607
-0.168251
0.888275
-0.130259
0.897251
-0.102714
0.904947
-0.0819875
0.911736
-0.0662437
0.917799
-0.0541028
0.923351
-0.0438582
0.928292
-0.0343783
0.932491
-0.0241264
0.935938
-0.0113119
0.938512
0.00773881
0.939627
0.0318918
0.939452
0.0560806
0.937966
0.0811113
0.934712
0.106426
0.929847
0.132198
0.923522
0.158286
0.915274
0.185175
0.904941
0.212902
0.892806
0.242213
0.878669
0.27477
0.861977
0.313914
0.842862
0.364999
0.821078
0.438171
0.797569
0.553639
0.775628
0.719207
0.166355
-0.0978648
-0.98698
-0.0276164
-1.01984
0.0547937
-1.18841
0.126353
-1.05771
0.197436
-1.05936
0.267863
-1.05718
0.331117
-0.970099
0.389918
-0.916315
0.444021
-0.858277
0.492384
-0.786063
0.536475
-0.731894
0.576495
-0.678597
0.612719
-0.627924
0.645856
-0.584746
0.676069
-0.542205
0.703742
-0.502008
0.729019
-0.461879
0.751915
-0.421142
0.772769
-0.379028
0.79139
-0.335299
0.807802
-0.289582
0.822116
-0.243028
0.834174
-0.197492
0.844302
-0.156051
0.852839
-0.123597
0.860201
-0.0966618
0.866259
-0.0692047
0.870954
-0.0416263
0.874244
-0.0137384
0.875943
0.0145199
0.876147
0.0429956
0.874409
0.0721315
0.870833
0.10212
0.865526
0.133982
0.857784
0.170543
0.847945
0.216015
0.835585
0.279114
0.821626
0.376338
0.808578
0.518222
0.232887
-0.956985
0.299257
-0.961036
0.382493
-1.1809
0.461992
-1.13267
0.54055
-1.11653
0.618562
-1.09993
0.689899
-0.999665
0.749216
-0.830386
0.797468
-0.674213
0.83646
-0.540604
0.866301
-0.411992
0.888933
-0.311059
0.90659
-0.238627
0.920373
-0.182034
0.931344
-0.14123
0.940584
-0.111954
0.948337
-0.089741
0.955294
-0.0732005
0.961462
-0.0602707
0.966911
-0.0493071
0.971911
-0.0393782
0.97639
-0.0286059
0.980245
-0.0151663
0.982712
0.00527189
0.984254
0.0303496
0.984196
0.0561382
0.982862
0.0824458
0.979929
0.109359
0.975381
0.136746
0.968902
0.164765
0.960776
0.1933
0.950678
0.223001
0.938429
0.254463
0.923997
0.289201
0.907341
0.33057
0.887997
0.384344
0.866168
0.46
0.842603
0.577203
0.821019
0.740792
0.171233
-0.0989961
-1.05922
-0.024931
-1.09391
0.0619603
-1.2753
0.13738
-1.13313
0.212281
-1.13426
0.286464
-1.13136
0.35308
-1.03672
0.414962
-0.978198
0.471852
-0.915166
0.522664
-0.836875
0.568968
-0.778198
0.6109
-0.720529
0.648807
-0.665831
0.683471
-0.619411
0.714936
-0.573671
0.74377
-0.530841
0.769843
-0.487952
0.793771
-0.44507
0.815143
-0.4004
0.834402
-0.354559
0.851198
-0.306378
0.865768
-0.257598
0.878222
-0.209946
0.888355
-0.166184
0.897053
-0.132294
0.904347
-0.103957
0.91066
-0.0755171
0.915522
-0.0464882
0.919017
-0.0172341
0.920813
0.012724
0.920993
0.0428163
0.919643
0.0734811
0.916308
0.105455
0.91082
0.139471
0.903432
0.17793
0.893572
0.225875
0.881412
0.291275
0.867795
0.389955
0.855234
0.530783
0.241408
-1.02716
0.311372
-1.031
0.399162
-1.26869
0.482975
-1.21648
0.565807
-1.19936
0.648113
-1.18224
0.723314
-1.07487
0.785848
-0.89292
0.836652
-0.725017
0.877682
-0.581634
0.909027
-0.443337
0.932764
-0.334797
0.951204
-0.257066
0.965496
-0.196327
0.976934
-0.152667
0.986195
-0.121215
0.994307
-0.0978537
1.0012
-0.0800916
1.00749
-0.0665644
1.01309
-0.0549093
1.01831
-0.0445909
1.02286
-0.0331558
1.02652
-0.0188302
1.02948
0.00230834
1.03109
0.0287441
1.03129
0.0559411
1.02993
0.0838016
1.02715
0.11214
1.02276
0.141132
1.01659
0.170937
1.00845
0.201439
0.998461
0.232992
0.986278
0.266645
0.971726
0.303753
0.954922
0.347374
0.935519
0.403747
0.913596
0.481922
0.890148
0.600652
0.868842
0.762097
0.176426
-0.100244
-1.1354
-0.022191
-1.17196
0.0694473
-1.36694
0.148937
-1.21262
0.22787
-1.2132
0.306032
-1.20952
0.376185
-1.10687
0.441311
-1.04332
0.501173
-0.975028
0.554571
-0.890274
0.603179
-0.826805
0.647164
-0.764515
0.686943
-0.70561
0.722977
-0.655444
0.756061
-0.606755
0.785984
-0.560764
0.813251
-0.515219
0.837852
-0.469671
0.860012
-0.42256
0.879793
-0.37434
0.897106
-0.32369
0.911931
-0.272423
0.924511
-0.222526
0.93503
-0.176703
0.943604
-0.140869
0.951219
-0.111572
0.95736
-0.0816577
0.962499
-0.0516276
0.966044
-0.0207793
0.968197
0.0105715
0.968618
0.0423946
0.967112
0.0749874
0.964031
0.108536
0.958792
0.144709
0.951257
0.185466
0.94166
0.235472
0.929871
0.303064
0.916365
0.403461
0.904406
0.542743
0.250418
-1.10115
0.32418
-1.10476
0.416728
-1.36124
0.505161
-1.30492
0.592475
-1.28668
0.679231
-1.269
0.758574
-1.15421
0.824462
-0.958808
0.877982
-0.778537
0.921147
-0.6248
0.954092
-0.476282
0.978961
-0.359666
0.998236
-0.276341
1.01299
-0.211081
1.02476
-0.164438
1.03452
-0.130975
1.04251
-0.105842
1.04966
-0.0872422
1.05588
-0.072782
1.06177
-0.0607993
1.06686
-0.0496789
1.07133
-0.0376273
1.0754
-0.0229031
1.07836
-0.000650006
1.08012
0.0269793
1.08055
0.0555117
1.07961
0.0847428
1.07697
0.114784
1.07258
0.145519
1.06642
0.177103
1.05858
0.20928
1.04856
0.243006
1.03633
0.278877
1.02199
0.318094
1.00494
0.36442
0.98559
0.4231
0.963791
0.503722
0.940183
0.624259
0.919161
0.78312
0.181964
-0.101646
-1.21572
-0.0193228
-1.25428
0.077258
-1.46352
0.161072
-1.29644
0.244231
-1.29635
0.326593
-1.29189
0.400493
-1.18077
0.469046
-1.11188
0.532039
-1.03802
0.588183
-0.946418
0.639215
-0.877838
0.685482
-0.810781
0.726916
-0.747044
0.764988
-0.693516
0.799213
-0.640981
0.830501
-0.592052
0.858861
-0.543579
0.884408
-0.495217
0.907365
-0.445517
0.927686
-0.394662
0.945652
-0.341656
0.960874
-0.287644
0.973702
-0.235355
0.98421
-0.18721
0.993045
-0.149704
1.00055
-0.119079
1.00704
-0.0881421
1.01203
-0.0566193
1.01574
-0.0244906
1.01796
0.00835121
1.01848
0.041875
1.01736
0.0761042
1.01414
0.11176
1.00917
0.149676
1.00192
0.192716
0.992527
0.244867
0.980754
0.314836
0.967722
0.416494
0.956259
0.554205
0.25996
-1.17915
0.337714
-1.18252
0.435347
-1.45887
0.528544
-1.39811
0.620627
-1.37876
0.712136
-1.3605
0.795756
-1.23783
0.865198
-1.02825
0.921558
-0.834897
0.966971
-0.670212
1.00165
-0.510964
1.02761
-0.385627
1.04775
-0.296475
1.06323
-0.226562
1.07531
-0.176521
1.08521
-0.140875
1.09357
-0.114195
1.10061
-0.0942869
1.10709
-0.0792592
1.11281
-0.0665223
1.11801
-0.0548823
1.12284
-0.042449
1.12683
-0.0268946
1.13003
-0.00384904
1.13196
0.0250442
1.13243
0.055038
1.13143
0.0857486
1.12905
0.117158
1.12496
0.149611
1.1191
0.182962
1.11097
0.217413
1.1011
0.252874
1.08914
0.290835
1.07462
0.332621
1.05781
0.381228
1.03842
0.44249
1.01638
0.525762
0.992975
0.647662
0.972236
0.803858
0.187817
-0.103142
-1.30039
-0.0163596
-1.34106
0.0854786
-1.56535
0.173807
-1.38477
0.261481
-1.38403
0.348253
-1.37866
0.426071
-1.25859
0.498274
-1.18408
0.56456
-1.10431
0.623648
-1.00551
0.677329
-0.931518
0.725713
-0.859166
0.769481
-0.790811
0.809002
-0.733037
0.845022
-0.677001
0.877575
-0.624605
0.907045
-0.573048
0.933685
-0.521858
0.957592
-0.469425
0.978585
-0.415654
0.996838
-0.359909
1.01258
-0.303383
1.02554
-0.248317
1.03616
-0.197827
1.0451
-0.158651
1.05262
-0.126601
1.05916
-0.0946815
1.06439
-0.0618452
1.06811
-0.0282123
1.07039
0.0060775
1.07113
0.041132
1.07013
0.0771056
1.06731
0.114577
1.06223
0.154755
1.0553
0.19965
1.046
0.254165
1.03479
0.326049
1.0219
0.429381
1.01074
0.565362
0.27008
-1.26141
0.352074
-1.26451
0.455013
-1.56181
0.553284
-1.49638
0.65037
-1.47585
0.746796
-1.45693
0.834971
-1.326
0.908146
-1.10143
0.967551
-0.894302
1.01536
-0.718024
1.05163
-0.547234
1.07907
-0.413068
1.09998
-0.317378
1.11616
-0.24275
1.12868
-0.18904
1.13892
-0.151112
1.1473
-0.122576
1.1547
-0.101685
1.16109
-0.085654
1.1669
-0.072323
1.1721
-0.0600847
1.17691
-0.0472655
1.1811
-0.031083
1.18439
-0.00713322
1.18627
0.0231604
1.18707
0.0542377
1.18628
0.0865438
1.18385
0.119586
1.17974
0.153723
1.17388
0.188822
1.16635
0.224937
1.15635
0.262876
1.1444
0.302785
1.13002
0.347002
1.11307
0.398178
1.0937
0.46186
1.07203
0.547438
1.04858
0.671103
1.02817
0.824277
0.194055
-0.104756
-1.38969
-0.0132798
-1.43254
0.0940992
-1.67273
0.1872
-1.47787
0.279573
-1.4764
0.371032
-1.47012
0.453004
-1.34056
0.529042
-1.26012
0.598819
-1.17408
0.660834
-1.06752
0.717361
-0.988044
0.768261
-0.910066
0.814035
-0.836585
0.855646
-0.774648
0.893225
-0.714579
0.927315
-0.658696
0.958173
-0.603906
0.985803
-0.549487
1.01043
-0.494048
1.03224
-0.437471
1.05117
-0.378836
1.06706
-0.31927
1.08053
-0.261792
1.09139
-0.208684
1.10018
-0.167446
1.10797
-0.13439
1.11442
-0.101127
1.11959
-0.067018
1.12357
-0.0321955
1.12602
0.00363181
1.12684
0.0403112
1.12582
0.0781276
1.12301
0.117383
1.11837
0.159395
1.11151
0.206507
1.10247
0.26321
1.09138
0.337142
1.07901
0.44175
1.0684
0.575963
0.280788
-1.34814
0.367225
-1.35095
0.47574
-1.67033
0.579365
-1.60001
0.681728
-1.57821
0.7834
-1.5586
0.876333
-1.41894
0.953445
-1.17854
1.01594
-0.956794
1.06626
-0.768344
1.1046
-0.585579
1.13326
-0.441721
1.1551
-0.339224
1.17179
-0.25944
1.18487
-0.20212
1.19524
-0.16148
1.20411
-0.131442
1.2114
-0.108981
1.21786
-0.0921104
1.22375
-0.0782156
1.22921
-0.0655467
1.23401
-0.0520646
1.23819
-0.0352664
1.24153
-0.0104657
1.24367
0.0210196
1.24445
0.0534599
1.24368
0.0873068
1.24148
0.121787
1.23763
0.157574
1.23192
0.194537
1.22411
0.232743
1.21443
0.272553
1.20237
0.314847
1.18817
0.361199
1.17142
0.414936
1.15212
0.481156
1.13057
0.568983
1.10727
0.694409
1.08702
0.844521
0.200648
-0.106513
-1.48383
-0.0100644
-1.52899
0.103136
-1.78593
0.201278
-1.57601
0.29865
-1.57377
0.395014
-1.56648
0.481388
-1.42693
0.561458
-1.34019
0.634884
-1.24751
0.700334
-1.13297
0.759569
-1.04728
0.813151
-0.963649
0.861184
-0.884618
0.904786
-0.81825
0.944208
-0.754002
0.979734
-0.694221
1.01188
-0.636054
1.04077
-0.578373
1.06637
-0.519648
1.0889
-0.460004
1.10839
-0.398322
1.12495
-0.335828
1.13843
-0.275272
1.1494
-0.219656
1.15855
-0.176596
1.1662
-0.142043
1.17267
-0.107595
1.17804
-0.0723899
1.18187
-0.0360196
1.18433
0.00116608
1.18522
0.0394235
1.18457
0.0787719
1.18192
0.120041
1.17733
0.163978
1.17071
0.213129
1.16209
0.271827
1.15137
0.347869
1.13919
0.453924
1.12899
0.586166
0.292082
-1.43958
0.383217
-1.44208
0.497652
-1.78476
0.606892
-1.70925
0.714798
-1.68612
0.822003
-1.66581
0.919932
-1.51686
1.00118
-1.25979
1.06697
-1.02258
1.12002
-0.821396
1.16007
-0.625622
1.19012
-0.471774
1.21331
-0.362416
1.23068
-0.276808
1.24416
-0.215603
1.25497
-0.172292
1.26369
-0.140157
1.27132
-0.116607
1.27798
-0.0987714
1.28379
-0.0840307
1.28917
-0.0709285
1.29394
-0.0568351
1.29827
-0.0395934
1.30176
-0.0139569
1.30397
0.018809
1.3047
0.0527356
1.30424
0.0877673
1.30209
0.123936
1.29818
0.161478
1.29245
0.200267
1.28496
0.240235
1.27547
0.282044
1.26361
0.326705
1.24934
0.375468
1.23282
0.431458
1.21365
0.500331
1.19214
0.59049
1.169
0.717546
1.1488
0.864726
0.207646
-0.108393
-1.58308
-0.00671645
-1.63067
0.112651
-1.9053
0.216105
-1.67946
0.318723
-1.67639
0.420282
-1.66804
0.511293
-1.51794
0.59563
-1.42452
0.673014
-1.32489
0.741749
-1.20171
0.804209
-1.10974
0.860363
-1.0198
0.910811
-0.935065
0.956557
-0.863996
0.997838
-0.795283
1.0352
-0.73158
1.06864
-0.6695
1.09869
-0.60842
1.1253
-0.546259
1.14881
-0.483515
1.16889
-0.418396
1.18587
-0.352811
1.19987
-0.289276
1.21095
-0.230737
1.22009
-0.185729
1.22785
-0.149805
1.23446
-0.114212
1.23962
-0.0775436
1.24367
-0.0400708
1.24614
-0.00130701
1.24722
0.0383461
1.24641
0.0795808
1.24404
0.122414
1.23966
0.168359
1.23329
0.219494
1.22474
0.280377
1.21455
0.358062
1.20282
0.465654
1.19275
0.596233
0.304029
-1.53596
0.400123
-1.53818
0.520792
-1.90543
0.635952
-1.82441
0.749713
-1.79988
0.862701
-1.7788
0.965875
-1.62004
1.05159
-1.34551
1.12096
-1.09195
1.17669
-0.87712
1.21892
-0.667854
1.25039
-0.503242
1.27433
-0.386359
1.29264
-0.295116
1.30651
-0.229475
1.31777
-0.18355
1.32691
-0.1493
1.33442
-0.124115
1.3411
-0.105452
1.34712
-0.0900544
1.35246
-0.0762633
1.35746
-0.0618389
1.36175
-0.0438864
1.36524
-0.017442
1.36759
0.0164614
1.36841
0.0519135
1.36777
0.0884011
1.36565
0.126058
1.36183
0.165304
1.35651
0.205582
1.34903
0.247715
1.33944
0.291632
1.32781
0.338339
1.31379
0.389488
1.29726
0.447986
1.27826
0.519333
1.25711
0.61164
1.23417
0.740486
1.21413
0.884762
0.215038
-0.110393
-1.68772
-0.00319735
-1.73786
0.122636
-2.03113
0.231688
-1.78852
0.339854
-1.78456
0.446895
-1.77508
0.542766
-1.61381
0.631644
-1.5134
0.713035
-1.40629
0.785425
-1.2741
0.851145
-1.17546
0.910267
-1.07893
0.963294
-0.988093
1.01132
-0.912026
1.05449
-0.838444
1.09358
-0.770675
1.12861
-0.704531
1.15996
-0.639769
1.18785
-0.574153
1.21199
-0.507647
1.2329
-0.439312
1.25046
-0.370367
1.26462
-0.303441
1.27595
-0.242062
1.28504
-0.194822
1.29292
-0.157683
1.29954
-0.120834
1.30487
-0.082869
1.30873
-0.0439342
1.31133
-0.00390732
1.31232
0.0373586
1.31187
0.0800247
1.30952
0.124767
1.30535
0.172531
1.29913
0.225715
1.29119
0.288316
1.28105
0.368205
1.26966
0.477045
1.26022
0.60567
0.316673
-1.6376
0.417953
-1.63946
0.545176
-2.03265
0.666611
-1.94584
0.786534
-1.9198
0.905612
-1.89787
1.01454
-1.72896
1.10459
-1.43556
1.17755
-1.16492
1.23623
-0.9358
1.28064
-0.712259
1.3138
-0.536406
1.33902
-0.411574
1.35795
-0.314048
1.37252
-0.244044
1.38398
-0.195015
1.39331
-0.158629
1.40112
-0.131918
1.40784
-0.112174
1.41376
-0.0959773
1.41928
-0.0817797
1.4242
-0.0667612
1.42859
-0.04828
1.43219
-0.0210371
1.43442
0.0142284
1.43541
0.0509219
1.43473
0.0890822
1.43261
0.128177
1.42899
0.168929
1.42349
0.211085
1.41616
0.255038
1.40677
0.30102
1.39524
0.349878
1.38135
0.403372
1.365
0.464336
1.34649
0.53784
1.32546
0.632671
1.30248
0.763467
1.28289
0.904349
0.222857
-0.112544
-1.79804
0.000471003
-1.85088
0.133146
-2.16381
0.248087
-1.90346
0.362128
-1.8986
0.474923
-1.88788
0.575967
-1.71486
0.669571
-1.60701
0.755303
-1.49202
0.831621
-1.35042
0.900622
-1.24446
0.962743
-1.14105
1.01848
-1.04383
1.06896
-0.962505
1.11442
-0.883901
1.15513
-0.811391
1.1919
-0.741303
1.2247
-0.672567
1.25351
-0.602964
1.27893
-0.53306
1.30045
-0.46084
1.31846
-0.388374
1.33317
-0.318149
1.34462
-0.253517
1.35397
-0.204165
1.36182
-0.165537
1.36831
-0.127322
1.37366
-0.0882232
1.3776
-0.0478664
1.38018
-0.00648912
1.38133
0.036204
1.38085
0.0805113
1.37865
0.126967
1.37469
0.176483
1.36876
0.231646
1.36093
0.296151
1.35136
0.377771
1.34033
0.488079
1.33115
0.614849
0.330013
-1.74475
0.436794
-1.74624
0.570905
-2.16676
0.698921
-2.07386
0.825321
-2.0462
0.950882
-2.02343
1.06546
-1.84354
1.16059
-1.53069
1.23753
-1.24186
1.29927
-0.997537
1.34593
-0.75892
1.38072
-0.571189
1.40695
-0.437812
1.42678
-0.33387
1.44182
-0.259094
1.45387
-0.207057
1.46331
-0.168068
1.47141
-0.140017
1.47815
-0.118921
1.48439
-0.102211
1.48967
-0.0870627
1.49466
-0.0717564
1.49924
-0.052858
1.50263
-0.0244242
1.50498
0.0118777
1.50585
0.0500481
1.50539
0.0895471
1.50339
0.130174
1.49965
0.172667
1.4941
0.216641
1.48692
0.262216
1.47759
0.310352
1.46616
0.361307
1.45258
0.416954
1.43658
0.480337
1.41791
0.556508
1.39731
0.653273
1.37458
0.786194
1.35505
0.923875
0.231146
-0.114812
-1.91437
0.00433448
-1.97002
0.144206
-2.30368
0.265399
-2.02465
0.385574
-2.01877
0.504478
-2.00678
0.610981
-1.82136
0.709483
-1.70551
0.799954
-1.58249
0.880095
-1.43056
0.9529
-1.31726
1.0183
-1.20645
1.07691
-1.10244
1.12972
-1.01531
1.17736
-0.93154
1.22036
-0.854401
1.25876
-0.779694
1.29291
-0.706722
1.32318
-0.633229
1.34937
-0.559259
1.37193
-0.48339
1.3904
-0.406845
1.40542
-0.333174
1.41727
-0.265366
1.42659
-0.213481
1.43442
-0.173372
1.44104
-0.133942
1.44629
-0.0934697
1.45041
-0.0519905
1.45296
-0.00904212
1.45401
0.0351586
1.45361
0.0809141
1.45156
0.129018
1.44769
0.180346
1.4422
0.237141
1.43461
0.303739
1.42551
0.386873
1.4147
0.498881
1.40591
0.623648
0.344122
-1.85773
0.456689
-1.8588
0.598099
-2.30817
0.733037
-2.2088
0.866299
-2.17946
0.998665
-2.1558
1.11941
-1.96429
1.21952
-1.63079
1.30055
-1.32289
1.36541
-1.06239
1.41462
-0.808139
1.45101
-0.607579
1.47875
-0.465553
1.49931
-0.354431
1.51517
-0.274949
1.52731
-0.219199
1.53729
-0.178048
1.54539
-0.148114
1.5523
-0.125836
1.5584
-0.10831
1.56401
-0.0926656
1.56904
-0.076787
1.57341
-0.0572291
1.57699
-0.0280097
1.57929
0.00958392
1.58016
0.0491791
1.57973
0.0899732
1.57754
0.132363
1.57382
0.176393
1.56862
0.221835
1.56129
0.269546
1.55216
0.319484
1.54085
0.372618
1.52731
0.430497
1.51155
0.496097
1.49344
0.57461
1.47289
0.673823
1.45058
0.808505
1.43126
0.943199
0.239864
-0.117237
-2.037
0.00837206
-2.09563
0.155855
-2.45116
0.283589
-2.15238
0.410292
-2.14548
0.535604
-2.13209
0.647715
-1.93347
0.751705
-1.8095
0.846939
-1.67772
0.931462
-1.51508
1.00784
-1.39364
1.07679
-1.2754
1.13842
-1.16407
1.1941
-1.07099
1.24408
-0.981516
1.28902
-0.899343
1.32932
-0.819993
1.3651
-0.7425
1.39658
-0.664712
1.42398
-0.586655
1.44717
-0.506586
1.46653
-0.4262
1.48199
-0.348637
1.49386
-0.277236
1.50343
-0.223049
1.51139
-0.18133
1.51801
-0.140562
1.52328
-0.0987369
1.52719
-0.0559018
1.5297
-0.0115595
1.5309
0.0339643
1.53057
0.0812389
1.52854
0.131054
1.52503
0.183853
1.51958
0.242595
1.51239
0.31093
1.50349
0.39577
1.49319
0.509179
1.48477
0.632074
0.358964
-1.97683
0.477664
-1.9775
0.626745
-2.45726
0.768997
-2.35105
0.90947
-2.31993
1.04891
-2.29524
1.17638
-2.09176
1.28172
-1.73613
1.36704
-1.40821
1.43543
-1.13078
1.48697
-0.859683
1.52537
-0.645976
1.55422
-0.494405
1.57592
-0.376133
1.59223
-0.291259
1.60502
-0.231989
1.61513
-0.188151
1.62337
-0.156356
1.63056
-0.133027
1.63683
-0.114578
1.64232
-0.0981587
1.64737
-0.0818334
1.65177
-0.0616274
1.65555
-0.0317973
1.65775
0.00738548
1.65859
0.0483371
1.6579
0.0906692
1.65578
0.134479
1.65219
0.179986
1.64676
0.227263
1.63955
0.276751
1.63062
0.328421
1.61957
0.383662
1.60623
0.443846
1.59073
0.511595
1.57281
0.592531
1.55274
0.693887
1.53032
0.830924
1.51123
0.962294
0.249093
-0.119794
-2.1663
0.0126554
-2.22808
0.168119
-2.60663
0.302785
-2.28705
0.436341
-2.27903
0.568426
-2.26418
0.68671
-2.05176
0.79626
-1.91905
0.896439
-1.7779
0.985447
-1.60409
1.06607
-1.47427
1.13849
-1.34782
1.20315
-1.22874
1.26174
-1.12957
1.31419
-1.03398
1.36148
-0.946627
1.40358
-0.862093
1.44114
-0.780057
1.474
-0.697576
1.50247
-0.615128
1.52686
-0.530969
1.54671
-0.44606
1.56265
-0.364577
1.57495
-0.289533
1.58451
-0.232609
1.5926
-0.189414
1.59922
-0.147186
1.60451
-0.104026
1.60834
-0.0597318
1.61095
-0.0141676
1.61215
0.0327605
1.61176
0.0816255
1.61
0.132815
1.60646
0.1874
1.60131
0.247738
1.59453
0.317717
1.58611
0.404188
1.57605
0.519236
1.56787
0.640252
0.374679
-2.10241
0.499795
-2.10262
0.656975
-2.61444
0.806951
-2.50103
0.955023
-2.46801
1.10207
-2.44229
1.2362
-2.22589
1.34743
-1.84737
1.43729
-1.49806
1.50916
-1.20265
1.56343
-0.913953
1.60352
-0.686071
1.63397
-0.524852
1.65652
-0.398684
1.67345
-0.308189
1.68688
-0.245413
1.69723
-0.198505
1.70588
-0.165008
1.71306
-0.1402
1.71921
-0.120734
1.72497
-0.10392
1.73005
-0.0869104
1.7346
-0.0661761
1.73811
-0.0353072
1.74039
0.00510788
1.74116
0.0475613
1.7406
0.0912287
1.73839
0.136692
1.73476
0.183613
1.72923
0.232798
1.72227
0.283704
1.71324
0.337457
1.70218
0.394722
1.68918
0.456846
1.67382
0.526951
1.65624
0.610112
1.63642
0.713712
1.61445
0.852886
1.5956
0.981148
0.258858
-0.122536
-2.30262
0.0170945
-2.36771
0.181034
-2.77057
0.323015
-2.42903
0.46379
-2.41981
0.60309
-2.40348
0.727736
-2.1764
0.843007
-2.03432
0.948635
-1.88353
1.04246
-1.69791
1.12735
-1.55916
1.20349
-1.42395
1.27174
-1.29699
1.33312
-1.19095
1.38847
-1.08933
1.43786
-0.996018
1.48218
-0.906405
1.52142
-0.8193
1.55591
-0.732071
1.58564
-0.644851
1.61085
-0.556186
1.63149
-0.466698
1.64792
-0.381
1.66065
-0.302263
1.67035
-0.242315
1.67844
-0.197507
1.68508
-0.15382
1.69039
-0.109339
1.69427
-0.0636139
1.69684
-0.0167306
1.69778
0.0318164
1.69759
0.0818147
1.69584
0.134569
1.69251
0.190728
1.68768
0.252569
1.68102
0.324376
1.67282
0.412385
1.66314
0.528917
1.65546
0.647935
0.39123
-2.23479
0.523164
-2.23455
0.688867
-2.78014
0.846959
-2.65912
1.00306
-2.62411
1.15803
-2.59726
1.29947
-2.36733
1.41651
-1.96441
1.51099
-1.59254
1.58688
-1.27854
1.64397
-0.971051
1.68617
-0.728264
1.71792
-0.556606
1.74157
-0.422331
1.75936
-0.325985
1.77299
-0.259041
1.784
-0.209514
1.79261
-0.173622
1.80009
-0.147673
1.80649
-0.12714
1.81213
-0.109558
1.81722
-0.0920012
1.82176
-0.0707146
1.82529
-0.0388337
1.82757
0.00282887
1.82842
0.0467076
1.82754
0.0921053
1.82536
0.138877
1.82153
0.187438
1.81616
0.238174
1.80901
0.290849
1.80015
0.346315
1.78936
0.405518
1.77657
0.469637
1.7615
0.542015
1.74429
0.62733
1.72485
0.733152
1.70294
0.87479
1.68422
0.99987
0.269138
-0.125397
-2.44636
0.0218039
-2.51491
0.194641
-2.9434
0.34434
-2.57873
0.492751
-2.56822
0.639506
-2.55023
0.770917
-2.30781
0.892463
-2.15587
1.00383
-1.99489
1.1026
-1.79669
1.19191
-1.64847
1.27219
-1.50424
1.34381
-1.3686
1.40863
-1.25577
1.46654
-1.14724
1.51856
-1.04805
1.56499
-0.952829
1.60618
-0.860497
1.64224
-0.76813
1.67335
-0.675954
1.69953
-0.582365
1.72111
-0.48828
1.73816
-0.398055
1.75097
-0.315068
1.76097
-0.25232
1.7692
-0.205738
1.77586
-0.160475
1.78107
-0.114552
1.78487
-0.0674157
1.78739
-0.0192491
1.7886
0.0306056
1.78821
0.082206
1.78646
0.136323
1.78335
0.193838
1.77869
0.257225
1.77244
0.330629
1.7647
0.420121
1.75527
0.538351
1.74769
0.655511
0.408722
-2.37437
0.547789
-2.37362
0.722512
-2.95486
0.889178
-2.82578
1.05372
-2.78865
1.21692
-2.76046
1.36606
-2.51646
1.48941
-2.08776
1.58905
-1.69217
1.66884
-1.35833
1.72873
-1.03095
1.77325
-0.772778
1.80659
-0.589947
1.8313
-0.447042
1.84981
-0.344496
1.86406
-0.273295
1.87514
-0.220594
1.88428
-0.182761
1.89173
-0.15512
1.89828
-0.133689
1.90406
-0.115343
1.90914
-0.0970766
1.91381
-0.0753829
1.91746
-0.0424861
1.9196
0.0006828
1.92022
0.0460965
1.91943
0.0928891
1.91711
0.141204
1.9132
0.191339
1.90782
0.243554
1.90062
0.298058
1.89178
0.35515
1.8811
0.416197
1.86838
0.482357
1.85376
0.556638
1.83677
0.644322
1.81759
0.752328
1.79591
0.896476
1.7776
1.01818
0.279996
-0.128458
-2.5979
0.0267664
-2.67014
0.208995
-3.12563
0.366791
-2.73653
0.523222
-2.72465
0.67804
-2.70505
0.816376
-2.44615
0.944576
-2.28406
1.06186
-2.11218
1.16585
-1.90067
1.26
-1.74262
1.34459
-1.58884
1.42008
-1.44409
1.48802
-1.3237
1.54912
-1.20834
1.60383
-1.10276
1.65253
-1.00152
1.69557
-0.903538
1.73333
-0.805892
1.76599
-0.708611
1.79329
-0.609673
1.81558
-0.510564
1.83317
-0.415644
1.84644
-0.328337
1.85674
-0.262622
1.86501
-0.214008
1.87183
-0.167294
1.87695
-0.119672
1.88081
-0.0712777
1.88315
-0.0215927
1.88423
0.0295262
1.88403
0.0824067
1.88241
0.137949
1.87937
0.196871
1.87489
0.261713
1.86889
0.336622
1.86137
0.427649
1.8523
0.54742
1.84495
0.662857
0.42715
-2.52152
0.573795
-2.52027
0.757985
-3.13905
0.93369
-3.00149
1.10707
-2.96204
1.27933
-2.93272
1.43635
-2.67348
1.56625
-2.21767
1.67124
-1.79716
1.75509
-1.44218
1.81828
-1.09414
1.86481
-0.819308
1.89981
-0.624945
1.92573
-0.47296
1.94507
-0.363831
1.96004
-0.288269
1.97163
-0.232183
1.98088
-0.192013
1.98857
-0.162811
1.99525
-0.140369
2.00101
-0.121105
2.0062
-0.102265
2.01073
-0.0799126
2.01448
-0.0462327
2.01663
-0.00146682
2.01711
0.0456146
2.01625
0.0937464
2.01377
0.143688
2.00977
0.195336
2.00423
0.2491
1.99722
0.305066
1.98825
0.364115
1.97768
0.426769
1.96531
0.49473
1.95084
0.571101
1.93423
0.660938
1.91532
0.771231
1.89399
0.917811
1.87585
1.03631
0.291457
-0.13168
-2.75767
0.031968
-2.83379
0.224128
-3.31779
0.390506
-2.9029
0.555502
-2.88965
0.718534
-2.86808
0.864597
-2.59221
0.999624
-2.41909
1.12321
-2.23576
1.23287
-2.01034
1.33202
-1.84176
1.42092
-1.67774
1.50048
-1.52364
1.57204
-1.39527
1.63613
-1.27243
1.69367
-1.16029
1.74491
-1.05277
1.7901
-0.948725
1.82971
-0.845506
1.86356
-0.742461
1.89229
-0.638396
1.91542
-0.533697
1.93381
-0.434038
1.94744
-0.341968
1.95782
-0.272995
1.96627
-0.22246
1.97313
-0.174158
1.9783
-0.124844
1.9821
-0.0750738
1.98454
-0.0240309
1.98562
0.0284444
1.98521
0.0828169
1.98371
0.139451
1.98075
0.199831
1.97629
0.266172
1.97067
0.342238
1.96347
0.434855
1.95451
0.55638
1.94753
0.669829
0.446642
-2.67671
0.601196
-2.67482
0.795403
-3.33326
0.980639
-3.18672
1.16346
-3.14485
1.34485
-3.11411
1.5105
-2.83913
1.64733
-2.35449
1.75788
-1.90771
1.84627
-1.53058
1.91259
-1.16046
1.96166
-0.868373
1.99832
-0.661607
2.02538
-0.500024
2.04569
-0.384132
2.06111
-0.303691
2.07304
-0.244114
2.08264
-0.201612
2.09072
-0.170889
2.09736
-0.147016
2.10325
-0.12699
2.10872
-0.107737
2.11332
-0.0845167
2.11676
-0.0496659
2.11901
-0.00371854
2.11951
0.0451142
2.11842
0.0948311
2.1159
0.14621
2.11179
0.19945
2.1062
0.254689
2.09881
0.312456
2.09012
0.372808
2.07964
0.437248
2.06732
0.507047
2.05315
0.585271
2.03677
0.677323
2.01827
0.789727
1.99702
0.939064
1.97921
1.05413
0.303551
-0.135089
-2.92614
0.0374723
-3.00635
0.240061
-3.52038
0.41548
-3.07832
0.589436
-3.0636
0.761383
-3.04003
0.915182
-2.74601
1.05761
-2.56152
1.18792
-2.36607
1.30338
-2.1258
1.40779
-1.94617
1.50159
-1.77155
1.5852
-1.60725
1.66058
-1.47065
1.72806
-1.33991
1.78846
-1.22069
1.84214
-1.10645
1.88977
-0.996356
1.93114
-0.886877
1.96684
-0.778162
1.99674
-0.668292
2.02103
-0.557985
2.03986
-0.452872
2.05402
-0.356125
2.06473
-0.283708
2.07324
-0.230968
2.08017
-0.181084
2.08554
-0.130213
2.08928
-0.0788161
2.09155
-0.0263071
2.09251
0.0274898
2.09229
0.083038
2.09064
0.141098
2.08774
0.202728
2.0837
0.270218
2.07819
0.347748
2.07117
0.44187
2.06254
0.565009
2.05578
0.676589
0.46714
-2.8403
0.630155
-2.83784
0.834879
-3.53798
1.03012
-3.38196
1.22288
-3.33762
1.41415
-3.30538
1.58855
-3.01353
1.73289
-2.49883
1.84914
-2.02396
1.94215
-1.62359
2.01211
-1.23042
2.06351
-0.919773
2.1022
-0.700298
2.13057
-0.528392
2.15165
-0.405219
2.16779
-0.319825
2.18031
-0.256639
2.19014
-0.211442
2.19818
-0.178928
2.20523
-0.154066
2.21137
-0.133126
2.21663
-0.113005
2.22134
-0.0892242
2.225
-0.0533198
2.22693
-0.00564957
2.22742
0.0446229
2.22622
0.0960297
2.2235
0.148929
2.21925
0.203699
2.21346
0.260479
2.20623
0.319685
2.19737
0.381665
2.18697
0.447649
2.17484
0.519181
2.16082
0.599295
2.1448
0.693342
2.12656
0.807965
2.1054
0.960222
2.08792
1.07161
0.316321
-0.138674
-3.10378
0.0432438
-3.18827
0.256878
-3.73401
0.441836
-3.26328
0.625148
-3.24691
0.806559
-3.22144
0.96878
-2.90823
1.11884
-2.71158
1.25605
-2.50328
1.37786
-2.24761
1.48786
-2.05617
1.58655
-1.87024
1.67467
-1.69538
1.75401
-1.54998
1.82504
-1.41094
1.88845
-1.2841
1.94502
-1.16302
1.99483
-1.04616
2.03838
-0.930433
2.07584
-0.81562
2.10696
-0.699408
2.13227
-0.583298
2.15196
-0.472566
2.16653
-0.370689
2.1776
-0.294781
2.18647
-0.239835
2.19334
-0.187959
2.19866
-0.135531
2.20236
-0.0825166
2.20474
-0.0286927
2.20558
0.0266554
2.20528
0.0833362
2.20362
0.14276
2.20091
0.205437
2.19687
0.274262
2.19146
0.353151
2.18485
0.448487
2.17619
0.573666
2.16978
0.682998
0.488804
-3.01278
0.660652
-3.00968
0.876522
-3.75385
1.08244
-3.58788
1.28561
-3.54079
1.48726
-3.50704
1.67105
-3.19731
1.82286
-2.65065
1.94566
-2.14675
2.04352
-1.72146
2.11707
-1.30396
2.17109
-0.973801
2.21163
-0.740835
2.24138
-0.55814
2.26352
-0.427355
2.28034
-0.336645
2.29318
-0.269487
2.30351
-0.221768
2.31192
-0.187334
2.31904
-0.161189
2.32514
-0.139226
2.33053
-0.118396
2.33533
-0.0940229
2.33902
-0.0570157
2.34104
-0.00766742
2.34136
0.0443016
2.33991
0.0974855
2.33711
0.151724
2.33271
0.208099
2.32684
0.266353
2.31947
0.327052
2.31057
0.390566
2.30023
0.457993
2.28812
0.531287
2.27436
0.613052
2.25856
0.709145
2.24072
0.825809
2.21977
0.981171
2.20236
1.08902
0.329781
-0.142484
-3.29108
0.0493582
-3.38011
0.274614
-3.95927
0.469598
-3.45827
0.663006
-3.44032
0.854147
-3.41258
1.02508
-3.07917
1.18324
-2.86973
1.32815
-2.64819
1.45636
-2.37581
1.57232
-2.17214
1.67622
-1.97414
1.76912
-1.78828
1.85258
-1.63344
1.92732
-1.48569
1.99417
-1.35095
2.05363
-1.22248
2.10594
-1.09848
2.15169
-0.976182
2.19068
-0.854614
2.22342
-0.732143
2.24979
-0.609674
2.27026
-0.493027
2.28552
-0.38595
2.29685
-0.306119
2.30582
-0.248797
2.31292
-0.195065
2.31821
-0.140814
2.32201
-0.0863213
2.32412
-0.0308053
2.32511
0.0256718
2.3246
0.0838383
2.32319
0.144178
2.32039
0.208229
2.31648
0.278175
2.31126
0.358369
2.30482
0.45493
2.29647
0.582014
2.29002
0.689453
0.511665
-3.19466
0.692848
-3.19087
0.920467
-3.98147
1.13752
-3.80493
1.35171
-3.75497
1.56411
-3.71944
1.75784
-3.39104
1.91817
-2.81098
2.0472
-2.27579
2.15029
-1.82454
2.22764
-1.38131
2.28463
-1.03079
2.327
-0.783207
2.35839
-0.589532
2.38129
-0.450255
2.39891
-0.354264
2.41248
-0.283061
2.42313
-0.232413
2.43175
-0.19596
2.439
-0.168433
2.44533
-0.145557
2.45093
-0.123996
2.45564
-0.0987387
2.45927
-0.060643
2.46134
-0.00973437
2.46149
0.0441507
2.46003
0.0989408
2.45687
0.154886
2.4523
0.212673
2.44632
0.272327
2.4388
0.334577
2.42997
0.399393
2.41953
0.468437
2.40757
0.543248
2.39392
0.6267
2.37844
0.724624
2.3607
0.843549
2.33983
1.00204
2.3229
1.10595
0.343987
-0.146498
-3.48857
0.0557795
-3.58239
0.293301
-4.19679
0.499017
-3.66398
0.702855
-3.64416
0.904289
-3.61402
1.08475
-3.25962
1.25141
-3.03639
1.40392
-2.8007
1.53918
-2.51108
1.66131
-2.29426
1.77095
-2.08377
1.86867
-1.886
1.95668
-1.72146
2.0353
-1.56431
2.10549
-1.42113
2.16801
-1.285
2.22322
-1.15369
2.27108
-1.02404
2.31216
-0.895693
2.34643
-0.766406
2.37403
-0.637281
2.39539
-0.514386
2.41112
-0.401674
2.42273
-0.317734
2.43196
-0.258023
2.43918
-0.202292
2.44458
-0.146214
2.44838
-0.0901145
2.45062
-0.0330512
2.45137
0.024925
2.45106
0.084146
2.44923
0.146011
2.44648
0.21098
2.44268
0.281971
2.43779
0.363261
2.4312
0.46152
2.42304
0.590176
2.4169
0.695587
0.535769
-3.38645
0.7268
-3.3819
0.96677
-4.22144
1.19557
-4.03373
1.4214
-3.9808
1.64545
-3.94349
1.84965
-3.59524
2.01827
-2.9796
2.15432
-2.41183
2.26295
-1.93317
2.34423
-1.46259
2.40413
-1.0907
2.44886
-0.827934
2.48159
-0.622267
2.50577
-0.474427
2.52404
-0.372535
2.53817
-0.297198
2.54915
-0.243384
2.55813
-0.204948
2.56559
-0.175886
2.572
-0.151974
2.57769
-0.129686
2.58275
-0.103791
2.58642
-0.0643176
2.58826
-0.0115745
2.58834
0.0440666
2.58673
0.100552
2.58346
0.158156
2.5787
0.217435
2.57247
0.278561
2.5649
0.34214
2.55571
0.408583
2.54528
0.478867
2.53358
0.554952
2.52002
0.640261
2.50471
0.739935
2.48706
0.861198
2.46638
1.02272
2.44968
1.12265
0.358984
-0.150737
-3.69682
0.0625813
-3.7957
0.31304
-4.44725
0.529819
-3.88076
0.744805
-3.85915
0.957341
-3.82655
1.14735
-3.44964
1.32319
-3.21224
1.48411
-2.96162
1.62661
-2.65358
1.75545
-2.4231
1.87087
-2.19919
1.97371
-1.98884
2.06629
-1.81403
2.14922
-1.64724
2.2233
-1.49522
2.28891
-1.3506
2.34682
-1.2116
2.39721
-1.07443
2.44026
-0.938744
2.47608
-0.802235
2.50495
-0.666149
2.5274
-0.53683
2.54359
-0.417872
2.55578
-0.329916
2.56529
-0.267534
2.57266
-0.209662
2.57819
-0.151748
2.58186
-0.0937839
2.58399
-0.0351826
2.58491
0.0240099
2.58427
0.0847812
2.58268
0.147601
2.57997
0.213694
2.57614
0.285801
2.57103
0.368369
2.56494
0.467608
2.55668
0.59844
2.55073
0.701539
0.561189
-3.58865
0.762623
-3.58333
1.01564
-4.47446
1.25696
-4.27505
1.49493
-4.21878
1.73093
-4.17948
1.94621
-3.81052
2.12404
-3.15743
2.26727
-2.55507
2.3817
-2.0476
2.46735
-1.54824
2.53031
-1.15366
2.57718
-0.874807
2.61165
-0.656729
2.63694
-0.499723
2.65614
-0.391736
2.67069
-0.311738
2.68212
-0.254823
2.69143
-0.21425
2.69923
-0.183691
2.70588
-0.15862
2.71164
-0.135444
2.71659
-0.108743
2.72043
-0.0681561
2.72217
-0.0133181
2.72219
0.0440483
2.7204
0.102335
2.71701
0.161549
2.71204
0.222401
2.70554
0.285071
2.69763
0.350042
2.68861
0.417605
2.67803
0.489444
2.66615
0.566836
2.65292
0.653488
2.63762
0.755233
2.6203
0.878522
2.59953
1.04349
2.58304
1.13914
0.374787
-0.155178
-3.91643
0.0697328
-4.02061
0.333823
-4.71134
0.56253
-4.10947
0.789101
-4.08572
1.01328
-4.05073
1.21365
-3.65001
1.3991
-3.39769
1.56849
-3.131
1.71878
-2.80388
1.85448
-2.5588
1.97612
-2.32083
2.08462
-2.09734
2.1822
-1.91161
2.26933
-1.73437
2.3472
-1.57309
2.41647
-1.41987
2.47735
-1.27248
2.53019
-1.12727
2.57552
-0.984076
2.61321
-0.839919
2.64348
-0.696426
2.66663
-0.55998
2.68375
-0.434985
2.69625
-0.342422
2.70594
-0.277226
2.71361
-0.217328
2.71917
-0.157312
2.723
-0.097611
2.72517
-0.0373468
2.72573
0.0234427
2.7253
0.0852094
2.72356
0.14934
2.72075
0.216512
2.717
0.289546
2.71205
0.373323
2.70579
0.473866
2.69755
0.60668
2.69177
0.707318
0.588023
-3.80189
0.80041
-3.79572
1.06723
-4.74128
1.32152
-4.52933
1.57251
-4.46977
1.82141
-4.42838
2.04822
-4.03733
2.23557
-3.34478
2.38651
-2.70602
2.50693
-2.16801
2.59721
-1.63852
2.66327
-1.21971
2.7127
-0.924237
2.74871
-0.692743
2.7754
-0.526407
2.79534
-0.411678
2.81068
-0.327084
2.82256
-0.266694
2.83222
-0.22391
2.84008
-0.191553
2.84693
-0.165473
2.85301
-0.141527
2.85802
-0.113752
2.86185
-0.0719871
2.86377
-0.0152317
2.86356
0.0442548
2.86159
0.104306
2.85792
0.165217
2.85273
0.227591
2.84593
0.291875
2.83808
0.357886
2.82865
0.427036
2.81818
0.499918
2.80622
0.57879
2.79288
0.66683
2.77784
0.77028
2.76054
0.895818
2.73992
1.0641
2.72352
1.15554
0.39147
-0.159909
-4.14799
0.0772657
-4.25779
0.355804
-4.98988
0.596874
-4.35054
0.835945
-4.32479
1.07221
-4.28699
1.28364
-3.86144
1.47899
-3.59304
1.65777
-3.30978
1.81602
-2.96212
1.95917
-2.70195
2.08729
-2.44895
2.20164
-2.21169
2.30452
-2.0145
2.39629
-1.82614
2.47839
-1.65519
2.55109
-1.49256
2.61512
-1.33651
2.6708
-1.18296
2.71832
-1.0316
2.75789
-0.879487
2.78937
-0.727901
2.81392
-0.584535
2.83158
-0.45264
2.84457
-0.355415
2.85473
-0.28738
2.86258
-0.225184
2.86819
-0.162924
2.87193
-0.101352
2.87415
-0.0395608
2.87491
0.0226806
2.87404
0.0860811
2.87241
0.150967
2.86962
0.219303
2.86569
0.293474
2.86089
0.378129
2.85469
0.480061
2.84646
0.614913
2.8407
0.713076
0.616304
-4.02672
0.84028
-4.0197
1.12159
-5.02259
1.3897
-4.79745
1.65437
-4.73444
1.91671
-4.69072
2.15583
-4.27645
2.35334
-3.54229
2.51231
-2.86499
2.63904
-2.29474
2.73403
-1.73351
2.80372
-1.2894
2.85552
-0.976036
2.89333
-0.730555
2.92122
-0.554289
2.94231
-0.432776
2.95818
-0.342953
2.97061
-0.279125
2.98057
-0.233868
2.98892
-0.199903
2.99598
-0.172527
3.00199
-0.147539
3.00727
-0.119035
3.01111
-0.0758283
3.01288
-0.0169959
3.01259
0.0445453
3.01056
0.106336
3.00673
0.16904
3.00117
0.233157
2.99432
0.298718
2.98596
0.366245
2.97652
0.436482
2.96571
0.510729
2.95379
0.590708
2.94046
0.680163
2.92548
0.785255
2.90819
0.913108
2.88757
1.08472
2.8715
1.17161
0.409087
-0.164881
-4.39219
0.0852284
-4.5079
0.378924
-5.28357
0.633199
-4.60481
0.885193
-4.57678
1.13449
-4.53629
1.35726
-4.08421
1.56336
-3.79914
1.75171
-3.49814
1.91873
-3.12914
2.06947
-2.85269
2.20481
-2.58429
2.32515
-2.33204
2.43338
-2.12273
2.5302
-1.92296
2.61645
-1.74144
2.69313
-1.56924
2.76059
-1.40398
2.8192
-1.24156
2.86894
-1.08134
2.91044
-0.920989
2.94379
-0.761246
2.96911
-0.609864
2.98773
-0.47126
3.00126
-0.368942
3.01176
-0.297883
3.01984
-0.233256
3.02565
-0.168739
3.02959
-0.105292
3.03161
-0.0415804
3.03219
0.0221062
3.03154
0.0867284
3.02951
0.153
3.02661
0.222201
3.02288
0.297201
3.01793
0.383082
3.01168
0.486311
3.00355
0.623045
2.99768
0.718946
0.646183
-4.26382
0.882324
-4.25584
1.17884
-5.3191
1.46181
-5.08042
1.74061
-5.01323
2.01731
-4.96743
2.26933
-4.52847
2.47731
-3.75027
2.64492
-3.03261
2.77849
-2.42831
2.8784
-1.83342
2.95166
-1.36266
3.00619
-1.03057
3.04605
-0.770415
3.07524
-0.583482
3.09719
-0.45472
3.11385
-0.359611
3.12683
-0.292108
3.13709
-0.244131
3.14577
-0.208581
3.15313
-0.179887
3.15945
-0.15386
3.16476
-0.124348
3.16858
-0.0796485
3.1705
-0.0189125
3.17021
0.0448374
3.16769
0.108849
3.16356
0.173171
3.15788
0.238841
3.15071
0.305892
3.14209
0.374864
3.13246
0.446109
3.12156
0.521629
3.10951
0.602757
3.09613
0.693542
3.08108
0.800304
3.06403
0.930163
3.0431
1.10565
3.02721
1.1875
0.427644
-0.17014
-4.6497
0.093629
-4.77167
0.403404
-5.59335
0.671474
-4.87288
0.93735
-4.84266
1.20008
-4.79902
1.43503
-4.31916
1.65228
-4.01639
1.85104
-3.6969
2.02715
-3.30525
2.18604
-3.01158
2.32836
-2.7266
2.4554
-2.45908
2.56955
-2.23687
2.67148
-2.02489
2.76241
-1.83237
2.84312
-1.64994
2.91408
-1.47494
2.97562
-1.30309
3.02815
-1.13387
3.07174
-0.964585
3.10663
-0.796129
3.13328
-0.636518
3.15251
-0.490492
3.1667
-0.383126
3.17759
-0.308781
3.18591
-0.241569
3.19195
-0.174785
3.19572
-0.109061
3.19796
-0.0438174
3.19849
0.0215704
3.19769
0.0875363
3.19578
0.154909
3.19277
0.225208
3.18872
0.301247
3.18375
0.388055
3.17765
0.49241
3.1691
0.631595
3.16349
0.724557
0.677652
-4.51383
0.926672
-4.50486
1.23946
-5.63189
1.5376
-5.37856
1.83156
-5.30719
2.12324
-5.25911
2.38887
-4.7941
2.6082
-3.9696
2.78465
-3.20906
2.92538
-2.56904
3.03056
-1.9386
3.10789
-1.43999
3.16513
-1.08781
3.20698
-0.812269
3.23763
-0.614127
3.26079
-0.477882
3.27807
-0.376885
3.29172
-0.305758
3.30256
-0.254975
3.3114
-0.217419
3.31882
-0.187309
3.32532
-0.160359
3.33103
-0.130057
3.33496
-0.083578
3.33669
-0.0206422
3.33616
0.0453671
3.33368
0.111328
3.32936
0.177487
3.32327
0.244933
3.31575
0.313418
3.30712
0.38349
3.29702
0.456214
3.28586
0.532782
3.27365
0.614968
3.26034
0.706851
3.24515
0.815497
3.22789
0.947418
3.20704
1.12651
3.19132
1.20322
0.447225
-0.175664
-4.92126
0.102489
-5.04982
0.429054
-5.91991
0.711933
-5.15576
0.992243
-5.12297
1.26925
-5.07603
1.51706
-4.56696
1.7463
-4.24563
1.95588
-3.90648
2.14138
-3.49075
2.30901
-3.17921
2.45914
-2.87673
2.59292
-2.59286
2.71312
-2.35707
2.8206
-2.13237
2.91641
-1.92818
3.00144
-1.73498
3.07608
-1.54957
3.14086
-1.36788
3.19608
-1.18909
3.24194
-1.01044
3.27838
-0.832569
3.30655
-0.664688
3.3268
-0.510737
3.34143
-0.397754
3.35275
-0.320101
3.36133
-0.250151
3.3675
-0.180953
3.37151
-0.113073
3.37359
-0.0459012
3.37397
0.0211906
3.37315
0.0883595
3.37111
0.15695
3.36799
0.228328
3.36399
0.305241
3.359
0.393048
3.35253
0.498877
3.34408
0.640045
3.33832
0.730325
0.71089
-4.77749
0.973487
-4.76745
1.30327
-5.96167
1.61765
-5.69293
1.92779
-5.61733
2.23503
-5.56635
2.51516
-5.07423
2.74617
-4.20062
2.93234
-3.39523
3.08056
-2.71726
3.19136
-2.0494
3.27243
-1.52106
3.33286
-1.14824
3.37682
-0.85623
3.40899
-0.646296
3.43312
-0.502009
3.45141
-0.395175
3.46545
-0.319796
3.47669
-0.26622
3.48598
-0.226708
3.49398
-0.195308
3.50061
-0.166994
3.50631
-0.135759
3.51048
-0.0877462
3.51218
-0.0223385
3.51162
0.0459252
3.50891
0.114041
3.50425
0.182143
3.49801
0.251179
3.49011
0.321312
3.48091
0.392693
3.47058
0.466545
3.45942
0.543944
3.44701
0.627373
3.43332
0.72054
3.41811
0.830712
3.40088
0.964647
3.37964
1.14774
3.36395
1.21892
0.467898
-0.181511
-5.20765
0.111829
-5.34316
0.456381
-6.26447
0.754531
-5.45391
1.05008
-5.41852
1.34245
-5.36839
1.60369
-4.82821
1.84534
-4.48729
2.0662
-4.12734
2.26192
-3.68647
2.43859
-3.35588
2.59696
-3.03509
2.73806
-2.73397
2.86479
-2.4838
2.97797
-2.24555
3.07896
-2.02917
3.16838
-1.8244
3.24696
-1.62815
3.3153
-1.43621
3.37339
-1.24719
3.42143
-1.05849
3.46
-0.871139
3.48931
-0.694002
3.5105
-0.531926
3.52573
-0.412986
3.53762
-0.331988
3.54663
-0.259161
3.55294
-0.187268
3.55709
-0.117223
3.55918
-0.0479826
3.55968
0.0206839
3.55859
0.0894474
3.5563
0.159247
3.55308
0.231541
3.549
0.309325
3.54385
0.398202
3.53738
0.505342
3.52849
0.648934
3.52281
0.73601
0.745925
-5.05552
1.02284
-5.04437
1.37063
-6.30946
1.70198
-6.02429
2.02891
-5.94426
2.35312
-5.89056
2.64822
-5.36933
2.8919
-4.44429
3.08785
-3.59118
3.24403
-2.87344
3.36078
-2.16615
3.44622
-1.60649
3.50967
-1.21169
3.55585
-0.90241
3.58967
-0.680115
3.61512
-0.527459
3.63425
-0.414311
3.64892
-0.33446
3.66073
-0.27803
3.67042
-0.236404
3.67843
-0.20332
3.6855
-0.174065
3.69145
-0.141707
3.69553
-0.0918273
3.69733
-0.0241309
3.69661
0.0466443
3.69377
0.116879
3.68876
0.187153
3.68207
0.25787
3.67406
0.329321
3.66453
0.40222
3.65395
0.477129
3.6422
0.55569
3.62957
0.640004
3.61574
0.734373
3.60059
0.845857
3.58294
0.982296
3.56157
1.16911
3.546
1.23449
0.489703
-0.187685
-5.50967
0.121685
-5.65253
0.485003
-6.62778
0.79949
-5.7684
1.11137
-5.73039
1.41953
-5.67655
1.69515
-5.10383
1.94981
-4.74195
2.18291
-4.36044
2.38927
-3.89283
2.57556
-3.54217
2.74247
-3.20201
2.89119
-2.88269
3.02475
-2.61736
3.14397
-2.36477
3.25044
-2.13564
3.34466
-1.91863
3.42753
-1.71102
3.49933
-1.50801
3.56047
-1.30833
3.61112
-1.10914
3.65147
-0.911486
3.68237
-0.724901
3.70452
-0.554076
3.72065
-0.429114
3.73301
-0.344347
3.74221
-0.268364
3.74883
-0.193892
3.75301
-0.121402
3.75512
-0.0500847
3.7555
0.0202957
3.7543
0.090655
3.75202
0.161527
3.7487
0.234861
3.7444
0.313616
3.73894
0.403667
3.73236
0.51192
3.72339
0.657902
3.71754
0.741865
0.78291
-5.34872
1.07494
-5.3364
1.44169
-6.67621
1.79118
-6.37378
2.13593
-6.28902
2.47757
-6.2322
2.78874
-5.6805
3.04542
-4.70097
3.25201
-3.79777
3.41647
-3.03791
3.53939
-2.28908
3.62942
-1.69652
3.69611
-1.27838
3.74486
-0.951165
3.78043
-0.715685
3.8069
-0.553927
3.82701
-0.43442
3.84259
-0.350038
3.85476
-0.290202
3.86488
-0.246523
3.87332
-0.211758
3.88063
-0.181382
3.88667
-0.147747
3.89096
-0.0961104
3.89267
-0.0258419
3.89192
0.0473955
3.88879
0.120005
3.88368
0.192265
3.87666
0.264887
3.86811
0.337876
3.85823
0.412094
3.84724
0.488127
3.83529
0.567637
3.8224
0.652892
3.8084
0.748377
3.79273
0.861524
3.77504
0.999987
3.75322
1.19093
3.73759
1.25012
0.512716
-0.194191
-5.82819
0.13208
-5.9788
0.515244
-7.01095
0.847015
-6.10017
1.17579
-6.05917
1.50085
-6.00161
1.79154
-5.39453
2.0603
-5.0107
2.30594
-4.60608
2.52341
-4.1103
2.72001
-3.73877
2.89593
-3.37792
3.05273
-3.03949
3.19353
-2.75817
3.31934
-2.49058
3.43135
-2.24765
3.53071
-2.01798
3.61803
-1.79834
3.69361
-1.58359
3.75784
-1.37256
3.81129
-1.16259
3.85373
-0.953923
3.8861
-0.757273
3.90938
-0.577359
3.92618
-0.445914
3.93905
-0.357208
3.94887
-0.278184
3.95556
-0.200589
3.95993
-0.12577
3.96207
-0.0522297
3.96236
0.0200054
3.96118
0.0918345
3.9588
0.16391
3.95525
0.238414
3.95064
0.318228
3.94525
0.409056
3.93826
0.518911
3.92898
0.667182
3.92292
0.747923
0.821939
-5.65795
1.12988
-5.64434
1.51665
-7.06298
1.88517
-6.7423
2.24857
-6.65242
2.6088
-6.59243
2.93688
-6.00858
3.20755
-4.97163
3.42521
-4.01543
3.59858
-3.21128
3.728
-2.41849
3.82268
-1.7912
3.89312
-1.34882
3.94412
-1.00216
3.98155
-0.753117
4.00956
-0.581934
4.0305
-0.455359
4.04666
-0.366202
4.05963
-0.30317
4.07
-0.256888
4.07896
-0.220727
4.08642
-0.188838
4.0928
-0.154121
4.09726
-0.100577
4.099
-0.0275784
4.09805
0.0483441
4.09463
0.123421
4.08927
0.197633
4.0819
0.272249
4.07292
0.346859
4.06268
0.422337
4.05138
0.499428
4.03893
0.580086
4.02561
0.666206
4.01125
0.762743
3.99546
0.877314
3.97751
1.01793
3.95521
1.21323
3.93966
1.26567
0.536986
-0.201059
-6.16412
0.143062
-6.32292
0.547218
-7.4151
0.897104
-6.45006
1.24385
-6.40591
1.5866
-6.34436
1.89311
-5.70104
2.17652
-5.29411
2.43568
-4.86525
2.66522
-4.33984
2.87234
-3.94588
3.05796
-3.56354
3.22312
-3.20465
3.37165
-2.9067
3.50411
-2.62304
3.62237
-2.36591
3.72703
-2.12264
3.81898
-1.89029
3.89851
-1.66312
3.96642
-1.44046
4.02244
-1.21862
4.06714
-0.998618
4.10117
-0.79131
4.12564
-0.601824
4.14326
-0.463537
4.15666
-0.370605
4.16686
-0.288388
4.17405
-0.207779
4.17837
-0.130089
4.18071
-0.0545718
4.1808
0.0199236
4.17953
0.093101
4.17679
0.166644
4.17316
0.242047
4.16845
0.322939
4.16276
0.414746
4.15564
0.526032
4.14589
0.676936
4.13989
0.75392
0.863097
-5.98406
1.18786
-5.9691
1.59567
-7.47079
1.98434
-7.13097
2.36758
-7.03566
2.74735
-6.9722
3.09308
-6.35432
3.3783
-5.25686
3.60793
-4.24505
3.79049
-3.39385
3.92689
-2.55489
4.02673
-1.89103
4.10056
-1.42265
4.15448
-1.05608
4.1937
-0.792341
4.2231
-0.611335
4.24522
-0.477476
4.26211
-0.383092
4.27557
-0.316632
4.28659
-0.267908
4.29582
-0.22996
4.30376
-0.196775
4.31022
-0.160576
4.31495
-0.10531
4.31673
-0.0293563
4.31555
0.049519
4.31209
0.126879
4.30618
0.203545
4.29859
0.279843
4.28916
0.356291
4.27852
0.432973
4.26648
0.511464
4.25377
0.592794
4.24014
0.679842
4.22553
0.777352
4.20926
0.89358
4.19094
1.03626
4.16824
1.23593
4.15258
1.28133
0.562598
-0.208305
-6.51841
0.154614
-6.68584
0.580845
-7.84133
0.949783
-6.81899
1.3156
-6.77173
1.6773
-6.70605
2.00056
-6.0243
2.29948
-5.59303
2.57274
-5.13851
2.81481
-4.5819
3.03326
-4.16433
3.22891
-3.7592
3.40317
-3.37891
3.55973
-3.06326
3.69942
-2.76274
3.82382
-2.49031
3.93426
-2.23308
4.03115
-1.98718
4.1151
-1.74707
4.18646
-1.51182
4.24551
-1.27767
4.29237
-1.04548
4.32824
-0.82718
4.3539
-0.627487
4.3724
-0.482029
4.3865
-0.384704
4.39699
-0.298882
4.40444
-0.215229
4.40913
-0.13478
4.4113
-0.0567437
4.41159
0.0196351
4.41013
0.0945665
4.40731
0.169456
4.40334
0.246025
4.39858
0.327697
4.39243
0.420892
4.38504
0.53342
4.37495
0.687032
4.3686
0.760268
0.906519
-6.32798
1.24896
-6.31154
1.67905
-7.90088
2.08893
-7.54085
2.49298
-7.43971
2.89342
-7.37263
3.25804
-6.71894
3.55869
-5.5575
3.80042
-4.48679
3.99292
-3.58634
4.13674
-2.69871
4.24165
-1.99595
4.31966
-1.50066
4.37628
-1.1127
4.41758
-0.833641
4.44847
-0.642219
4.47162
-0.500627
4.48948
-0.400957
4.50354
-0.330692
4.51507
-0.279441
4.52465
-0.239539
4.53283
-0.204949
4.53985
-0.167598
4.54446
-0.10992
4.54635
-0.0312473
4.54522
0.0506457
4.54129
0.130816
4.53535
0.209485
4.5271
0.288092
4.51733
0.366061
4.50614
0.44416
4.49389
0.52372
4.48062
0.60606
4.46636
0.694102
4.45134
0.792373
4.43485
0.910069
4.41593
1.05517
4.39266
1.2592
4.37673
1.29726
0.589619
-0.215946
-6.89208
0.166828
-7.06861
0.616358
-8.29087
1.00557
-7.20821
1.39139
-7.15756
1.77276
-7.08741
2.11376
-6.3653
2.42902
-5.90829
2.71738
-5.42686
2.97253
-4.83706
3.20291
-4.39472
3.40916
-3.96545
3.59309
-3.56284
3.75801
-3.22818
3.90537
-2.9101
4.03668
-2.62162
4.15291
-2.3493
4.25496
-2.08923
4.34349
-1.8356
4.41861
-1.58694
4.48074
-1.33979
4.53035
-1.09509
4.56797
-0.864801
4.59489
-0.654408
4.6144
-0.501539
4.62911
-0.399409
4.64016
-0.309939
4.64777
-0.222841
4.6526
-0.139609
4.65489
-0.0590326
4.65515
0.0193787
4.6535
0.0962125
4.6505
0.172458
4.64633
0.250197
4.64123
0.332793
4.63493
0.427191
4.62724
0.541109
4.61669
0.697585
4.61013
0.766833
0.952353
-6.69071
1.31359
-6.67277
1.76703
-8.35433
2.19923
-7.97305
2.62522
-7.8657
3.04757
-7.79498
3.43194
-7.10331
3.74894
-5.87451
4.00378
-4.74162
4.20667
-3.78923
4.35797
-2.85001
4.46871
-2.10668
4.55069
-1.58264
4.61027
-1.17228
4.65383
-0.877203
4.68617
-0.674552
4.71061
-0.525072
4.72927
-0.419619
4.74406
-0.345476
4.75606
-0.291445
4.76615
-0.249626
4.77479
-0.213589
4.78182
-0.174629
4.78694
-0.115042
4.78856
-0.0328625
4.78743
0.0517766
4.78341
0.134836
4.77688
0.216012
4.76836
0.296616
4.75809
0.376325
4.74633
0.455922
4.73343
0.536624
4.71971
0.619777
4.7052
0.708607
4.68958
0.807998
4.67243
0.927221
4.65316
1.07444
4.62927
1.28308
4.61332
1.31321
0.618145
-0.224049
-7.28618
0.179686
-7.47235
0.653965
-8.76514
1.06439
-7.61864
1.47135
-7.56452
1.87359
-7.48965
2.23328
-6.72499
2.56588
-6.2409
2.86976
-5.73074
3.13888
-5.10618
3.3819
-4.63773
3.59962
-4.18317
3.79328
-3.7565
3.9674
-3.40231
4.12265
-3.06534
4.26113
-2.7601
4.38376
-2.47194
4.49127
-2.19673
4.58443
-1.92876
4.66366
-1.66617
4.72917
-1.4053
4.78117
-1.1471
4.82086
-0.904493
4.84919
-0.682733
4.86951
-0.521864
4.8851
-0.414995
4.89665
-0.32149
4.90471
-0.230903
4.9097
-0.144604
4.91201
-0.0613343
4.91212
0.0192632
4.91045
0.097886
4.90727
0.175639
4.90291
0.254553
4.8975
0.338202
4.89089
0.433804
4.88283
0.549172
4.87181
0.708599
4.86502
0.773629
1.00069
-7.07326
1.38155
-7.05363
1.85999
-8.83277
2.31567
-8.42872
2.76502
-8.31505
3.21014
-8.2401
3.61531
-7.50848
3.94954
-6.20874
4.21818
-5.01026
4.43188
-4.00294
4.5914
-3.00954
4.70802
-2.2233
4.79448
-1.6691
4.8572
-1.23501
4.90288
-0.922883
4.93703
-0.708706
4.96258
-0.550621
4.98231
-0.43935
4.99767
-0.360831
5.0104
-0.30418
5.02095
-0.260178
5.02991
-0.222542
5.03735
-0.182078
5.04255
-0.120241
5.04452
-0.0348244
5.04297
0.053323
5.0387
0.139101
5.03184
0.22288
5.02301
0.305438
5.0121
0.387241
4.99987
0.468148
4.98643
0.550069
4.97209
0.63411
4.95689
0.723808
4.94079
0.824099
4.92333
0.944682
4.90341
1.09436
4.87873
1.30776
4.86243
1.32952
0.648232
-0.232567
-7.70184
0.193239
-7.89815
0.693324
-9.26523
1.12645
-8.05177
1.55562
-7.99368
1.97998
-7.91401
2.35936
-7.10437
2.71001
-6.59155
3.03067
-6.05139
3.31473
-5.39024
3.57087
-4.89387
3.80035
-4.41265
4.00475
-3.9609
4.18838
-3.58593
4.35208
-3.22905
4.49797
-2.906
4.62719
-2.60115
4.74072
-2.31026
4.83887
-2.02691
4.92222
-1.74953
4.9913
-1.47438
5.04605
-1.20184
5.08783
-0.946271
5.1176
-0.71251
5.13904
-0.543301
5.1553
-0.431256
5.16749
-0.333675
5.1759
-0.23932
5.1811
-0.149797
5.18344
-0.0636755
5.18344
0.0192643
5.18163
0.0996964
5.17829
0.178974
5.17377
0.259071
5.16792
0.344051
5.16116
0.440569
5.15255
0.557782
5.14108
0.720069
5.13393
0.780781
1.0517
-7.47673
1.45357
-7.45549
1.95779
-9.33699
2.43846
-8.9094
2.91213
-8.78872
3.38152
-8.70949
3.8089
-7.93585
4.16115
-6.561
4.44443
-5.29353
4.66965
-4.22816
4.83772
-3.1776
4.96054
-2.34612
5.05151
-1.76007
5.11762
-1.30112
5.16578
-0.971037
5.20172
-0.744646
5.2285
-0.577399
5.24912
-0.459971
5.26543
-0.377139
5.27874
-0.317491
5.28974
-0.271178
5.29913
-0.231934
5.30708
-0.190027
5.31233
-0.125488
5.31422
-0.0367215
5.31277
0.0547757
5.30823
0.14364
5.301
0.230113
5.29145
0.314985
5.28026
0.398432
5.26728
0.481133
5.2534
0.563949
5.23829
0.649218
5.22265
0.739447
5.20602
0.840734
5.18783
0.962868
5.16733
1.11486
5.1418
1.33329
5.12513
1.34619
0.679999
-0.24159
-8.14025
0.207604
-8.34735
0.735157
-9.79278
1.19182
-8.50843
1.64457
-8.44643
2.09216
-8.36161
2.49235
-7.50456
2.86229
-6.96149
3.20059
-6.38969
3.49992
-5.68956
3.77039
-5.16435
4.01242
-4.65467
4.22797
-4.17645
4.42133
-3.77929
4.59407
-3.40179
4.74794
-3.05987
4.8842
-2.73741
5.00371
-2.42977
5.10714
-2.13034
5.1951
-1.83748
5.26782
-1.5471
5.32558
-1.25961
5.36938
-0.990075
5.40095
-0.744082
5.42339
-0.565736
5.44048
-0.448351
5.45322
-0.34641
5.46202
-0.248122
5.46744
-0.155215
5.46998
-0.0662175
5.47002
0.019223
5.4681
0.101622
5.46437
0.182704
5.45942
0.264014
5.45342
0.350051
5.44609
0.447896
5.43725
0.566625
5.42519
0.732126
5.41768
0.788293
1.10553
-7.90226
1.52917
-7.87914
2.06125
-9.86908
2.56807
-9.41622
3.06773
-9.28838
3.56261
-9.20437
4.0131
-8.38634
4.38436
-6.93226
4.68283
-5.59201
4.9203
-4.46563
5.09746
-3.35477
5.22697
-2.47563
5.32281
-1.85591
5.39224
-1.37055
5.44296
-1.02175
5.48078
-0.782474
5.50915
-0.605766
5.53077
-0.481586
5.54801
-0.394381
5.56173
-0.331216
5.57343
-0.282874
5.58322
-0.241723
5.5914
-0.198211
5.59708
-0.131168
5.59901
-0.0386479
5.59735
0.0564335
5.59251
0.148476
5.58502
0.237604
5.575
0.325012
5.5631
0.410325
5.5496
0.494634
5.53486
0.578692
5.51934
0.664731
5.50296
0.755834
5.48564
0.858053
5.46679
0.981714
5.44556
1.13609
5.41916
1.35969
5.40221
1.36315
0.713514
-0.251082
-8.60269
0.222649
-8.82108
0.779159
-10.3493
1.26085
-8.99012
1.73854
-8.92412
2.21061
-8.83367
2.63269
-7.92664
3.02306
-7.35186
3.37971
-6.74635
3.69556
-6.00541
3.98062
-5.44941
4.23586
-4.90991
4.46319
-4.40377
4.66741
-3.98351
4.84952
-3.5839
5.01169
-3.22204
5.15532
-2.88104
5.28138
-2.55584
5.39043
-2.23939
5.48318
-1.93023
5.55972
-1.62364
5.62058
-1.32047
5.66687
-1.03636
5.69984
-0.77706
5.72346
-0.589349
5.74143
-0.466326
5.75476
-0.359735
5.76411
-0.257477
5.76966
-0.160764
5.7723
-0.0688562
5.77228
0.0192431
5.77013
0.103769
5.76642
0.18642
5.76121
0.269224
5.75493
0.356329
5.74721
0.45561
5.73785
0.575993
5.72496
0.745015
5.71721
0.796044
1.16234
-8.35108
1.60924
-8.32603
2.17031
-10.4301
2.70467
-9.95058
3.23156
-9.81527
3.75355
-9.72636
4.22841
-8.8612
4.62
-7.32386
4.93462
-5.90662
5.18487
-4.71588
5.37158
-3.54148
5.50796
-2.61201
5.60887
-1.95682
5.68224
-1.44392
5.73559
-1.0751
5.77541
-0.822292
5.80506
-0.635421
5.82794
-0.504466
5.84581
-0.412247
5.86061
-0.346016
5.87258
-0.294845
5.88302
-0.252161
5.89152
-0.206713
5.89734
-0.136994
5.89938
-0.0406864
5.89765
0.0581698
5.89262
0.153507
5.88457
0.245651
5.87416
0.335417
5.86154
0.422949
5.84749
0.50868
5.83199
0.594194
5.81578
0.680944
5.79861
0.773001
5.78056
0.876103
5.76091
1.00136
5.73903
1.15798
5.71157
1.38715
5.69416
1.38055
0.748858
-0.261111
-9.09043
0.238618
-9.32081
0.825515
-10.9362
1.33369
-9.4983
1.83743
-9.42786
2.33548
-9.33172
2.78076
-8.37191
3.19239
-7.7635
3.56868
-7.12263
3.90191
-6.33864
4.20264
-5.75015
4.472
-5.17927
4.7117
-4.64348
4.92694
-4.19875
5.11889
-3.77586
5.29008
-3.39323
5.44141
-3.03237
5.57438
-2.68881
5.68938
-2.35438
5.787
-2.02785
5.8677
-1.70433
5.93185
-1.38462
5.98052
-1.08503
6.01523
-0.811764
6.04022
-0.614337
6.0591
-0.485207
6.07317
-0.373807
6.08285
-0.267158
6.08882
-0.166735
6.09133
-0.0713631
6.0914
0.0191675
6.08906
0.106114
6.08498
0.190496
6.07953
0.27468
6.07273
0.36313
6.06475
0.463585
6.05476
0.585985
6.04147
0.758309
6.03322
0.804289
1.22228
-8.82451
1.69358
-8.79733
2.28516
-11.0217
2.84899
-10.5144
3.40447
-10.3708
3.95483
-10.2767
4.45565
-9.36201
4.86839
-7.7366
5.20009
-6.23832
5.46396
-4.97975
5.66066
-3.73818
5.80435
-2.7557
5.91079
-2.06326
5.98792
-1.52105
6.04415
-1.13133
6.08602
-0.864156
6.11749
-0.666893
6.14143
-0.528413
6.16031
-0.431118
6.17561
-0.361325
6.18837
-0.307597
6.19918
-0.26297
6.20823
-0.21577
6.21443
-0.143193
6.21645
-0.0427064
6.21456
0.0600582
6.20918
0.158889
6.2007
0.254136
6.18962
0.346494
6.1765
0.436064
6.16162
0.523568
6.14559
0.610216
6.12838
0.698157
6.11053
0.790853
6.09173
0.8949
6.0715
1.0216
6.04851
1.18096
6.02008
1.41559
6.00207
1.39857
0.786236
-0.27185
-9.60482
0.255236
-9.84789
0.874372
-11.5553
1.41062
-10.0345
1.94195
-9.95919
2.46727
-9.85705
2.93709
-8.84173
3.37127
-8.19768
3.76818
-7.51954
4.11968
-6.69014
4.43684
-6.06731
4.7209
-5.46333
4.97369
-4.89627
5.20069
-4.42575
5.40322
-3.97838
5.58353
-3.57355
5.74343
-3.19226
5.88336
-2.82874
6.00463
-2.47565
6.10758
-2.1308
6.19277
-1.78953
6.26028
-1.45213
6.31167
-1.13642
6.34829
-0.848383
6.37452
-0.640572
6.39424
-0.504929
6.40911
-0.388667
6.41915
-0.277199
6.42545
-0.173035
6.42824
-0.0741614
6.42805
0.019359
6.42567
0.108495
6.4214
0.19477
6.41559
0.280485
6.40854
0.370183
6.39994
0.472188
6.38959
0.596332
6.37536
0.772541
6.36663
0.813014
1.28548
-9.32375
1.78254
-9.29439
2.40669
-11.6459
3.00111
-11.1088
3.58697
-10.9566
4.16714
-10.8569
4.69525
-9.89012
5.13046
-8.17181
5.48021
-6.58807
5.75823
-5.25777
5.96578
-3.94573
6.11711
-2.90703
6.22928
-2.17543
6.31063
-1.6024
6.36981
-1.19051
6.41387
-0.908215
6.4468
-0.699823
6.47207
-0.553684
6.49194
-0.450987
6.50812
-0.377513
6.52163
-0.321098
6.53303
-0.274377
6.54237
-0.225107
6.54876
-0.14958
6.55098
-0.0449349
6.54895
0.0620958
6.54317
0.164666
6.53433
0.262976
6.52269
0.35814
6.50878
0.449967
6.49316
0.539192
6.47632
0.627054
6.45848
0.715999
6.43966
0.809672
6.42006
0.914496
6.39894
1.04272
6.37509
1.20481
6.34538
1.4453
6.32682
1.41712
0.825603
-0.282929
-10.1475
0.273041
-10.4039
0.926157
-12.2084
1.49148
-10.5999
2.05218
-10.5199
2.6065
-10.4114
3.1018
-9.33703
3.55992
-8.6558
3.97872
-7.93833
4.34947
-7.06088
4.68407
-6.40192
4.98354
-5.7628
5.2503
-5.16302
5.48967
-4.66512
5.70324
-4.19196
5.89354
-3.76385
6.06181
-3.36054
6.20959
-2.97652
6.33751
-2.60356
6.44598
-2.23928
6.53572
-1.87927
6.60691
-1.52331
6.66093
-1.19045
6.69952
-0.886971
6.72708
-0.668131
6.74804
-0.525888
6.76361
-0.404238
6.77431
-0.287902
6.78071
-0.179434
6.78357
-0.0770242
6.78341
0.0195252
6.78076
0.111148
6.77617
0.199351
6.77015
0.286507
6.76262
0.37771
6.75353
0.48128
6.74259
0.60727
6.72771
0.787422
6.71865
0.822073
1.35221
-9.85036
1.87668
-9.81886
2.53466
-12.3039
3.16159
-11.7358
3.77931
-11.5743
4.39136
-11.4689
4.94811
-10.4469
5.40683
-8.63053
5.77567
-6.95691
6.06884
-5.55094
6.28737
-4.16426
6.44719
-3.06684
6.56529
-2.29353
6.65093
-1.68804
6.71326
-1.25284
6.75983
-0.954788
6.7945
-0.734492
6.82105
-0.580235
6.84199
-0.471919
6.8589
-0.394426
6.87301
-0.335206
6.88498
-0.28635
6.89494
-0.235071
6.90177
-0.156402
6.90402
-0.0471861
6.90179
0.0643228
6.89572
0.170732
6.88638
0.272323
6.87413
0.370384
6.85955
0.464553
6.84316
0.555582
6.82534
0.644872
6.80657
0.734765
6.78702
0.829225
6.7666
0.934913
6.74428
1.06505
6.71954
1.22955
6.68847
1.47637
6.66938
1.43621
0.867162
-0.294805
-10.7198
0.291558
-10.9902
0.980634
-12.8975
1.57714
-11.1964
2.16836
-11.1111
2.75293
-10.9959
3.27573
-9.85984
3.75892
-9.13899
4.2006
-8.38001
4.59177
-7.45206
4.94466
-6.75481
5.26056
-6.07869
5.54188
-5.44434
5.79439
-4.91763
6.01974
-4.41731
6.22037
-3.96448
6.39805
-3.53822
6.55388
-3.13235
6.68796
-2.73764
6.80323
-2.35455
6.89784
-1.97388
6.97238
-1.59785
7.03003
-1.24811
7.06983
-0.92677
7.09941
-0.697703
7.12115
-0.547633
7.13732
-0.420408
7.14912
-0.299699
7.15552
-0.185837
7.15901
-0.080509
7.1585
0.0200267
7.15587
0.113782
7.15114
0.20408
7.14402
0.293624
7.13591
0.385824
7.12661
0.490579
7.11485
0.619034
7.09948
0.802794
7.0898
0.831745
1.42269
-10.4059
1.97555
-10.3717
2.6698
-12.9981
3.33107
-12.397
3.98259
-12.2259
4.62779
-12.1141
5.2149
-11.034
5.69857
-9.1142
6.08721
-7.34555
6.39646
-5.86019
6.62696
-4.39475
6.79516
-3.23505
6.91974
-2.41812
7.01014
-1.77844
7.07572
-1.31842
7.12461
-1.00368
7.16121
-0.771095
7.18928
-0.608297
7.21114
-0.493782
7.22953
-0.412818
7.2442
-0.349876
7.25631
-0.298457
7.26635
-0.245109
7.2745
-0.164552
7.27581
-0.0484962
7.27374
0.06639
7.26777
0.176705
7.25787
0.282223
7.24499
0.383259
7.22889
0.480655
7.21237
0.572099
7.19368
0.663564
7.1741
0.754348
7.15377
0.84955
7.13236
0.956322
7.10909
1.08832
7.08327
1.25537
7.04992
1.50972
7.03049
1.45563
0.911104
-0.30739
-11.3236
0.311312
-11.6089
1.03794
-13.6241
1.66723
-11.8257
2.29108
-11.735
2.90781
-11.6127
3.45921
-10.4112
3.96897
-9.64875
4.43496
-8.84599
4.84756
-7.86466
5.21985
-7.1271
5.55307
-6.41192
5.84984
-5.74111
6.11609
-5.18388
6.35375
-4.65497
6.5653
-4.17603
6.75246
-3.72537
6.91705
-3.29694
7.05949
-2.88008
7.17992
-2.47498
7.27937
-2.07334
7.35849
-1.67697
7.41799
-1.30761
7.46223
-0.971009
7.49189
-0.727359
7.5151
-0.570842
7.53232
-0.437635
7.54341
-0.31079
7.55104
-0.193467
7.55387
-0.0833391
7.55451
0.0193859
7.55035
0.117949
7.54537
0.209056
7.53969
0.299309
7.53086
0.394646
7.52061
0.500834
7.50803
0.631617
7.49167
0.819154
7.48114
0.842275
1.49697
-10.9918
2.08025
-10.955
2.8124
-13.7303
3.5096
-13.0942
4.19668
-12.9129
4.87726
-12.7947
5.4964
-11.6531
6.00633
-9.62413
6.41621
-7.75543
6.74209
-6.18606
6.98507
-4.63773
7.16246
-3.41244
7.29373
-2.54938
7.38919
-1.8739
7.45874
-1.38797
7.50924
-1.05418
7.5484
-0.810255
7.57701
-0.636906
7.60081
-0.517587
7.61932
-0.431326
7.63532
-0.365878
7.64808
-0.311212
7.65935
-0.256379
7.66638
-0.171587
7.66925
-0.0513607
7.66744
0.0681943
7.65962
0.184528
7.64983
0.292017
7.63535
0.397732
7.62024
0.495768
7.60183
0.590511
7.58143
0.683958
7.56166
0.774118
7.53975
0.87147
7.51679
0.979281
7.4924
1.11271
7.46614
1.28162
7.43284
1.54302
7.41119
1.47728
0.957414
-0.320522
-11.9605
0.331972
-12.2614
1.09863
-14.3908
1.76241
-12.4894
2.42058
-12.3931
3.07097
-12.2631
3.65269
-10.993
4.19051
-10.1866
4.68204
-9.33752
5.11726
-8.29988
5.51001
-7.51985
5.86154
-6.76344
6.17441
-6.05399
6.45543
-5.46489
6.70636
-4.9059
6.9287
-4.39837
7.12657
-3.92323
7.30005
-3.47042
7.45053
-3.03056
7.57644
-2.60089
7.68131
-2.17821
7.76577
-1.76143
7.82914
-1.37098
7.87314
-1.01501
7.90634
-0.760555
7.93043
-0.594931
7.94847
-0.455675
7.96165
-0.323979
7.96871
-0.200521
7.97223
-0.0868645
7.9709
0.0207209
7.96866
0.120184
7.96293
0.214786
7.95514
0.3071
7.94682
0.402964
7.93576
0.511894
7.92372
0.643663
7.90534
0.837536
7.89504
0.852573
1.57535
-11.6097
2.19056
-11.5702
2.96282
-14.5025
3.69819
-13.8296
4.42291
-13.6377
5.14045
-13.5123
5.79338
-12.306
6.33092
-10.1617
6.76298
-8.18749
7.10666
-6.52975
7.36293
-4.89401
7.55007
-3.59958
7.6875
-2.68681
7.78743
-1.97383
7.86019
-1.46074
7.91627
-1.11025
7.95647
-0.850461
7.98812
-0.66855
8.01182
-0.541293
8.03097
-0.450475
8.0476
-0.382503
8.06228
-0.325896
8.07407
-0.268174
8.08156
-0.179068
8.08487
-0.0546705
8.08087
0.0721855
8.07494
0.19046
8.06305
0.303908
8.04921
0.41157
8.03212
0.512862
8.01178
0.610846
7.99218
0.703558
7.96927
0.797031
7.94692
0.893819
7.92359
1.00262
7.89885
1.13745
7.86957
1.31089
7.83457
1.57803
7.81373
1.49812
0.690642
-0.230248
-12.4208
0.24585
-12.7375
0.835864
-14.9808
1.39831
-13.0519
2.03148
-13.0263
2.76665
-12.9982
3.55652
-11.7828
4.44567
-11.0757
5.44888
-10.3407
6.98562
-9.83662
6.7762
-7.31043
6.61731
-6.60455
6.4714
-5.90808
6.3368
-5.33029
6.21628
-4.78538
6.11001
-4.2921
6.01639
-3.82962
5.9365
-3.39053
5.86977
-2.96383
5.81943
-2.55055
5.7805
-2.13928
5.75436
-1.73529
5.73969
-1.3563
5.73489
-1.01021
5.73555
-0.761214
5.73909
-0.598473
5.75247
-0.469061
5.75995
-0.331452
5.76547
-0.206048
5.80999
-0.131377
5.83683
-0.00612377
5.86845
0.0885704
5.90228
0.180953
5.93973
0.269651
5.98232
0.360375
6.03043
0.463777
6.0845
0.589598
6.15232
0.769715
6.2016
0.803289
1.14971
-12.0688
1.63541
-12.0559
2.31648
-15.1836
3.08373
-14.5968
4.01959
-14.5735
5.22943
-14.7221
6.74071
-13.8173
8.2635
-11.6845
7.72649
-7.65048
7.31887
-6.12213
7.01128
-4.58642
6.78059
-3.36888
6.60366
-2.50988
6.46965
-1.83982
6.3652
-1.3563
6.28277
-1.02782
6.21593
-0.783614
6.16224
-0.61486
6.11558
-0.494635
6.07391
-0.408812
6.03402
-0.34261
5.99655
-0.288428
5.95948
-0.2311
5.92276
-0.142355
5.8902
-0.0221078
5.86638
0.0960106
5.84589
0.210951
5.83133
0.318469
5.82265
0.420247
5.81716
0.518346
5.81751
0.610502
5.8223
0.698763
5.83015
0.789184
5.84227
0.881694
5.8598
0.985089
5.87972
1.11753
5.90562
1.285
5.93905
1.5446
5.9747
1.46247
0.757846
-0.251532
-12.9272
0.272186
-13.2612
0.92121
-15.6298
1.54023
-13.6709
2.23682
-13.7229
3.04596
-13.8074
3.91506
-12.6519
4.89357
-12.0542
5.99778
-11.4449
7.68953
-11.5284
7.45828
-7.07919
7.28241
-6.42868
7.12107
-5.74674
6.97401
-5.18323
6.84049
-4.65186
6.72278
-4.17439
6.61981
-3.72665
6.53147
-3.30218
6.45989
-2.89225
6.40174
-2.49239
6.36001
-2.09755
6.33208
-1.70735
6.31667
-1.34089
6.3095
-1.00304
6.31017
-0.761886
6.31364
-0.601943
6.32689
-0.482314
6.33811
-0.342671
6.34469
-0.212633
6.39155
-0.178228
6.42199
-0.0365643
6.45584
0.054713
6.49317
0.143625
6.53542
0.2274
6.58149
0.314305
6.63311
0.412163
6.69472
0.527988
6.76764
0.696795
6.82159
0.749334
1.26252
-12.5734
1.79667
-12.5901
2.5454
-15.9323
3.38909
-15.4405
4.41775
-15.6022
5.74731
-16.0516
7.40756
-15.4776
9.08069
-13.3576
8.49209
-7.06188
8.04504
-5.67508
7.7078
-4.24918
7.45332
-3.1144
7.2593
-2.31585
7.11042
-1.69094
6.99836
-1.24424
6.90741
-0.93687
6.83504
-0.711241
6.77342
-0.553245
6.72162
-0.442832
6.67624
-0.36343
6.63399
-0.300359
6.59283
-0.247271
6.55196
-0.19023
6.51135
-0.101742
6.47755
0.0116845
6.44858
0.124988
6.42698
0.232548
6.41138
0.334065
6.40038
0.431245
6.39529
0.523438
6.39608
0.609719
6.40003
0.694814
6.40973
0.779482
6.42374
0.86768
6.44052
0.968314
6.46366
1.09438
6.49272
1.25594
6.52914
1.50818
6.56946
1.42214
0.831453
-0.274507
-13.4841
0.301666
-13.8374
1.01568
-16.3439
1.69658
-14.3518
2.46325
-14.4896
3.35334
-14.6975
4.3099
-13.6085
5.38693
-13.1313
6.60213
-12.6601
8.46462
-13.3909
8.20835
-6.82291
8.01525
-6.23558
7.83731
-5.56881
7.67431
-5.02024
7.52784
-4.50539
7.3978
-4.04435
7.28456
-3.61341
7.18808
-3.20571
7.10799
-2.81216
7.04362
-2.42803
6.99798
-2.05191
6.96585
-1.67523
6.94724
-1.32228
6.94179
-0.997593
6.94262
-0.762714
6.94612
-0.605442
6.96199
-0.498185
6.97312
-0.3538
6.97823
-0.217746
7.03279
-0.23278
7.0656
-0.069378
7.10177
0.0185445
7.14402
0.101373
7.18983
0.181588
7.24078
0.263355
7.29861
0.354337
7.36388
0.462715
7.44595
0.614729
7.50467
0.690612
1.38665
-13.1286
1.97397
-13.1774
2.7973
-16.7557
3.72451
-16.3677
4.85524
-16.7329
6.31639
-17.5128
8.14082
-17.302
9.97834
-15.1951
9.33198
-6.41552
8.84268
-5.18578
8.47016
-3.87666
8.19299
-2.83723
7.9802
-2.10306
7.81747
-1.52822
7.69226
-1.11902
7.59262
-0.837231
7.51325
-0.631871
7.44753
-0.487528
7.3905
-0.385799
7.33997
-0.312896
7.29394
-0.254329
7.24765
-0.200984
7.20152
-0.144104
7.15824
-0.05846
7.12043
0.0494899
7.08886
0.156564
7.06473
0.256673
7.04799
0.350811
7.0359
0.443328
7.03111
0.528228
7.03093
0.609907
7.03528
0.690456
7.04545
0.76932
7.06127
0.851854
7.08122
0.948365
7.1075
1.0681
7.13831
1.22513
7.17897
1.46752
7.22128
1.37983
0.912165
-0.299672
-14.0966
0.334041
-14.4711
1.11964
-17.1295
1.8687
-15.1009
2.71234
-15.3332
3.69185
-15.677
4.74441
-14.6611
5.92946
-14.3163
7.26693
-13.9976
9.3157
-15.4396
9.03448
-6.54169
8.82164
-6.02274
8.62313
-5.3703
8.44351
-4.84062
8.28336
-4.34523
8.1388
-3.89979
8.01436
-3.48897
7.90749
-3.09884
7.81919
-2.72385
7.7502
-2.35904
7.69829
-2
7.66349
-1.64042
7.64581
-1.30461
7.637
-0.988777
7.63812
-0.763843
7.64181
-0.609126
7.66041
-0.516783
7.67025
-0.363642
7.67795
-0.225444
7.73636
-0.291193
7.77297
-0.105988
7.8142
-0.0226882
7.85882
0.0567519
7.90961
0.130804
7.9655
0.20746
8.02836
0.291485
8.10266
0.388406
8.19007
0.52732
8.25757
0.623117
1.52258
-13.7391
2.16857
-13.8234
3.07371
-17.6608
4.09315
-17.3872
5.33627
-17.976
6.94204
-19.1186
8.94723
-19.3072
10.967
-17.2148
10.2583
-5.7069
9.7194
-4.64685
9.31217
-3.46943
9.00644
-2.53151
8.77179
-1.86841
8.59358
-1.35001
8.45496
-0.980396
8.34642
-0.728696
8.25855
-0.543999
8.18728
-0.416259
8.12486
-0.323378
8.06908
-0.257112
8.01652
-0.201769
7.96895
-0.153421
7.91882
-0.0939703
7.87004
-0.00967979
7.82809
0.0914345
7.79378
0.190879
7.76832
0.282138
7.74766
0.371468
7.73571
0.455281
7.72978
0.534156
7.72984
0.609844
7.73584
0.684454
7.74637
0.758792
7.76261
0.83561
7.7843
0.926677
7.81233
1.04008
7.84747
1.18999
7.89088
1.4241
7.94039
1.33033
1.00072
-0.326969
-14.7704
0.370053
-15.1681
1.23427
-17.9937
2.05836
-15.9249
2.98656
-16.2614
4.06428
-16.7547
5.22254
-15.8193
6.52647
-15.6202
7.99847
-15.4696
10.2536
-17.6947
9.94381
-6.23192
9.70687
-5.7858
9.49126
-5.15469
9.2931
-4.64246
9.11325
-4.16538
8.95735
-3.74389
8.81821
-3.34983
8.70133
-2.98196
8.60388
-2.6264
8.52794
-2.2831
8.47003
-1.94209
8.43283
-1.60322
8.40975
-1.28152
8.403
-0.982031
8.40325
-0.764096
8.40725
-0.613124
8.42609
-0.535626
8.44004
-0.377588
8.44782
-0.233221
8.51153
-0.354905
8.55072
-0.145179
8.5958
-0.0677663
8.64683
0.00571913
8.70136
0.0762688
8.76233
0.146496
8.83288
0.220938
8.91369
0.307597
9.01177
0.429232
9.08283
0.552065
1.67212
-14.4105
2.38232
-14.5336
3.37776
-18.6562
4.49849
-18.5079
5.86496
-19.3425
7.6301
-20.8837
9.83306
-21.5102
12.0523
-19.4341
11.2748
-4.92944
10.6835
-4.0555
10.2368
-3.0227
9.90186
-2.1966
9.64223
-1.60877
9.44684
-1.15462
9.29587
-0.829427
9.17689
-0.609718
9.08033
-0.447439
8.99935
-0.335276
8.93145
-0.255481
8.87026
-0.195923
8.81369
-0.145199
8.75945
-0.0991781
8.70381
-0.0383322
8.65207
0.0420602
8.60454
0.138962
8.5687
0.22672
8.53914
0.311703
8.51844
0.392168
8.50519
0.46853
8.49803
0.541312
8.49693
0.610943
8.50316
0.678229
8.51662
0.745331
8.53317
0.819057
8.55919
0.900654
8.58887
1.0104
8.62822
1.15064
8.67705
1.37527
8.72982
1.27756
1.09784
-0.356847
-15.5113
0.409807
-15.9348
1.36035
-18.9442
2.2674
-16.832
3.28815
-17.2822
4.47414
-17.9407
5.74834
-17.0935
7.18335
-17.0553
8.80207
-17.0883
11.2832
-20.1758
10.9423
-5.89108
10.6821
-5.52553
10.4437
-4.91637
10.2253
-4.424
10.0291
-3.96914
9.85447
-3.56931
9.70378
-3.19914
9.5734
-2.85158
9.46584
-2.51885
9.38068
-2.19794
9.31842
-1.87983
9.27644
-1.56124
9.25344
-1.25852
9.24369
-0.972285
9.24457
-0.764969
9.24905
-0.617606
9.26958
-0.556155
9.28382
-0.391828
9.29312
-0.242525
9.36489
-0.426673
9.40812
-0.188407
9.45716
-0.116803
9.51211
-0.0492406
9.57318
0.0152083
9.64063
0.0790391
9.71773
0.143835
9.80522
0.220115
9.9143
0.320151
9.9931
0.473265
1.83624
-15.1489
2.61717
-15.3145
3.71172
-19.7508
4.94404
-19.7402
6.44606
-20.8445
8.38666
-22.8243
10.8092
-23.9327
13.2487
-21.8736
12.3937
-4.07445
11.7435
-3.40528
11.2523
-2.53147
10.8835
-1.82784
10.601
-1.32628
10.3854
-0.939007
10.2191
-0.663129
10.0868
-0.477379
9.98131
-0.341991
9.89446
-0.248425
9.81953
-0.180549
9.75151
-0.1279
9.69078
-0.0844673
9.62835
-0.0367507
9.56972
0.0202964
9.51085
0.100928
9.46016
0.18965
9.41862
0.268265
9.38745
0.342875
9.36387
0.415748
9.34915
0.483247
9.34193
0.548529
9.34218
0.610698
9.3485
0.671913
9.36212
0.731707
9.38288
0.798296
9.40782
0.87571
9.44302
0.975209
9.48515
1.1085
9.5377
1.32272
9.5973
1.21796
1.20449
-0.389543
-16.3263
0.453874
-16.7782
1.49969
-19.99
2.49703
-17.8293
3.62049
-18.4056
4.92499
-19.2452
6.32723
-18.4958
7.90595
-18.634
9.68815
-18.8705
12.418
-22.9057
12.0415
-5.5146
11.7559
-5.23988
11.4921
-4.65256
11.2515
-4.18341
11.0356
-3.75332
10.843
-3.37669
10.6748
-3.03087
10.5327
-2.70948
10.4155
-2.40164
10.3215
-2.10395
10.2525
-1.81089
10.2061
-1.51478
10.1808
-1.23325
10.1696
-0.961093
10.17
-0.765337
10.1764
-0.624034
10.1988
-0.57857
10.2148
-0.407833
10.2231
-0.250862
10.3005
-0.503987
10.3491
-0.23707
10.4035
-0.171208
10.4638
-0.109475
10.5314
-0.0523837
10.6066
0.00374796
10.6903
0.0601759
10.7871
0.123365
10.9055
0.201669
10.9918
0.387023
2.01646
-15.9608
2.87551
-16.1735
4.07873
-20.954
5.43367
-21.0952
7.08537
-22.4962
9.21835
-24.9573
11.8814
-26.5957
14.5631
-24.5554
13.6238
-3.13514
12.9105
-2.69193
12.3697
-1.99067
11.965
-1.42312
11.6537
-1.01504
11.4161
-0.701366
11.2355
-0.482499
11.0895
-0.331392
10.9736
-0.226118
10.8767
-0.151504
10.7933
-0.0971883
10.7209
-0.0555232
10.652
-0.015506
10.5866
0.0286493
10.5208
0.08604
10.456
0.165709
10.4008
0.24489
10.3562
0.312916
10.3206
0.378416
10.2955
0.440909
10.2792
0.499471
10.2706
0.557176
10.2708
0.610481
10.2785
0.664231
10.2922
0.717999
10.3144
0.776073
10.3448
0.84532
10.3814
0.938559
10.4277
1.06228
10.4883
1.2621
10.5527
1.15352
1.32133
-0.425051
-17.2226
0.502638
-17.7059
1.65287
-21.1403
2.75012
-18.9266
3.98594
-19.6414
5.42134
-20.6806
6.96369
-20.0381
8.70048
-20.3708
10.6604
-20.8304
13.6646
-25.91
13.2491
-5.09903
12.9338
-4.92466
12.6445
-4.36319
12.3788
-3.91772
12.1418
-3.51632
11.9306
-3.1655
11.7467
-2.84698
11.5895
-2.55229
11.4592
-2.2713
11.3567
-2.00152
11.2802
-1.73433
11.2295
-1.46415
11.1996
-1.20327
11.1884
-0.949946
11.1898
-0.766676
11.1944
-0.628673
11.2202
-0.604336
11.2368
-0.424487
11.247
-0.261066
11.3327
-0.589704
11.3858
-0.29012
11.4458
-0.231261
11.5117
-0.17533
11.5849
-0.125532
11.667
-0.0784373
11.7603
-0.0330803
11.8682
0.0154685
11.9986
0.0712727
12.0959
0.289668
2.2145
-16.854
3.15889
-17.1179
4.48245
-22.2776
5.97223
-22.5849
7.78794
-24.3119
10.1335
-27.3028
13.061
-29.5233
16.0098
-27.5041
14.978
-2.10337
14.193
-1.90694
13.5988
-1.39643
13.1532
-0.977544
12.8112
-0.673042
12.5524
-0.442548
12.3504
-0.280478
12.1931
-0.174066
12.0637
-0.0968108
11.9578
-0.0455482
11.8683
-0.00769783
11.786
0.0267466
11.7112
0.0593201
11.6386
0.101247
11.5655
0.159158
11.4958
0.235432
11.4343
0.306398
11.3848
0.362386
11.3459
0.417323
11.3174
0.469348
11.2994
0.517544
11.2903
0.566239
11.2902
0.610576
11.299
0.655425
11.3153
0.701735
11.3401
0.751215
11.3719
0.813572
11.4125
0.89796
11.4637
1.01104
11.5285
1.19732
11.5989
1.08319
1.44971
-0.463834
-18.2085
0.556558
-18.7263
1.82183
-22.4055
3.02875
-20.1335
4.38813
-21.0008
5.96668
-22.2591
7.66386
-21.7353
9.57452
-22.2814
11.7304
-22.9863
15.0337
-29.2133
14.5789
-4.64419
14.2325
-4.57829
13.9136
-4.04431
13.6231
-3.62715
13.3603
-3.25352
13.1274
-2.93258
12.9246
-2.64418
12.7502
-2.37793
12.6072
-2.12831
12.4941
-1.88846
12.409
-1.64923
12.3533
-1.40839
12.3216
-1.17162
12.3095
-0.93778
12.3093
-0.766515
12.3161
-0.635513
12.3427
-0.630859
12.3612
-0.443042
12.372
-0.271796
12.4673
-0.68502
12.5245
-0.347374
12.5887
-0.295394
12.6624
-0.249105
12.7435
-0.206554
12.8334
-0.168428
12.9345
-0.134139
13.0514
-0.101432
13.1941
-0.071456
13.2981
0.185722
2.43188
-17.8362
3.47053
-18.1566
4.92589
-23.7329
6.56396
-24.223
8.56095
-26.3089
11.1404
-29.8823
14.3592
-32.7421
17.6048
-30.7497
16.4678
-0.966368
15.6037
-1.0429
14.952
-0.744737
14.4606
-0.486132
14.0858
-0.298188
13.7986
-0.155345
13.5788
-0.0607018
13.4033
0.00139193
13.2646
0.0419566
13.1483
0.0707135
13.0475
0.0931304
12.958
0.116261
12.8759
0.14135
12.7961
0.181111
12.7168
0.238366
12.6383
0.31399
12.572
0.372689
12.5179
0.41648
12.4759
0.459378
12.4457
0.499507
12.4247
0.538559
12.4154
0.575505
12.4152
0.6108
12.4252
0.645367
12.4441
0.682862
12.4703
0.725046
12.506
0.777847
12.5519
0.85202
12.6087
0.954254
12.6812
1.12482
12.7602
1.00423
1.59039
-0.506108
-19.2927
0.615946
-19.8484
2.00747
-23.7971
3.33506
-21.4611
4.8302
-22.496
6.56677
-23.9957
8.43291
-23.6014
10.534
-24.3825
12.9062
-25.3585
16.5395
-32.8466
16.0395
-4.14418
15.6586
-4.19735
15.3082
-3.69397
14.9871
-3.30606
14.6987
-2.96507
14.4435
-2.67735
14.2198
-2.42053
14.0288
-2.18694
13.8709
-1.97044
13.7449
-1.76241
13.6527
-1.55707
13.5894
-1.34502
13.5535
-1.1358
13.5394
-0.92363
13.5408
-0.767943
13.5465
-0.641179
13.577
-0.661397
13.5983
-0.464287
13.6101
-0.283616
13.713
-0.787929
13.7779
-0.412276
13.8509
-0.368421
13.9309
-0.329062
14.0207
-0.296318
14.1194
-0.267167
14.2321
-0.24681
14.3613
-0.230649
14.5216
-0.231761
14.6402
0.0670661
2.67048
-18.9163
3.81302
-19.2991
5.41336
-25.3333
7.21502
-26.0247
9.41119
-28.5051
12.2476
-32.7187
15.7904
-36.2848
19.3578
-34.3171
18.1074
0.284027
17.1554
-0.090832
16.4378
-0.0271514
15.8995
0.0521557
15.4857
0.115634
15.1706
0.159738
14.9281
0.181752
14.7361
0.193422
14.5801
0.197931
14.4512
0.199608
14.3422
0.202153
14.2435
0.214938
14.1525
0.232332
14.0664
0.267273
13.978
0.32679
13.8925
0.399484
13.8178
0.447326
13.7568
0.477472
13.7106
0.505579
13.6765
0.533653
13.6556
0.55946
13.6439
0.587164
13.6441
0.610604
13.6534
0.636051
13.6731
0.663201
13.7028
0.695315
13.7422
0.738493
13.7916
0.802642
13.8537
0.892097
13.9317
1.04683
14.0156
0.920371
1.74483
-0.552295
-20.4853
0.681812
-21.0825
2.21239
-25.3276
3.67243
-22.9211
5.31664
-24.1402
7.2268
-25.9058
9.27856
-25.6532
11.5902
-26.6942
14.1976
-27.966
18.1949
-36.8438
17.6448
-3.5941
17.2279
-3.78052
16.8424
-3.30842
16.4898
-2.95349
16.1724
-2.64767
15.8907
-2.39564
15.643
-2.1728
15.4334
-1.97733
15.2586
-1.79566
15.1214
-1.62522
15.0174
-1.453
14.9477
-1.27542
14.9087
-1.09674
14.8918
-0.90672
14.8913
-0.767499
14.8976
-0.647442
14.9298
-0.6936
14.9498
-0.484315
14.9647
-0.298542
15.077
-0.900203
15.1458
-0.481053
15.2239
-0.446555
15.3129
-0.418009
15.409
-0.392421
15.5166
-0.374804
15.6391
-0.369319
15.7811
-0.372633
15.9488
-0.399483
16.0729
-0.0570168
2.93281
-20.1042
4.18915
-20.5555
5.94929
-27.0934
7.93112
-28.0065
10.3467
-30.9207
13.4666
-35.8387
17.3642
-40.1824
21.289
-38.2419
19.9116
1.66143
18.8645
0.956218
18.074
0.763372
17.4821
0.644048
17.0259
0.571805
16.6805
0.505168
16.4149
0.447339
16.2036
0.404683
16.0345
0.367127
15.8952
0.338814
15.7733
0.324056
15.667
0.321253
15.567
0.332393
15.469
0.365283
15.3727
0.42309
15.2808
0.491289
15.1989
0.529231
15.1349
0.54149
15.0846
0.5559
15.0491
0.569137
15.0244
0.584216
15.0142
0.597291
15.0147
0.61016
15.0269
0.623825
15.0494
0.64069
15.082
0.662737
15.1256
0.694936
15.1821
0.746081
15.2524
0.821767
15.3435
0.95579
15.4405
0.823397
1.91391
-0.602672
-21.7965
0.754668
-22.4398
2.43744
-27.0104
4.04302
-24.5267
5.8512
-25.9484
7.95091
-28.0056
10.2072
-27.9095
12.7484
-29.2354
15.6167
-30.8343
20.0126
-41.2397
19.4101
-2.99157
18.9517
-3.32217
18.529
-2.88564
18.1418
-2.56633
17.7927
-2.29859
17.48
-2.08291
17.2102
-1.90307
16.9773
-1.74443
16.7862
-1.60454
16.632
-1.47104
16.5199
-1.34086
16.4436
-1.19911
16.4006
-1.05373
16.3841
-0.89025
16.3843
-0.76768
16.3934
-0.656538
16.4297
-0.729901
16.4552
-0.509853
16.4683
-0.311628
16.5946
-1.02653
16.6723
-0.55874
16.7604
-0.534601
16.8564
-0.514075
16.9648
-0.500768
17.0861
-0.496078
17.2217
-0.504989
17.3792
-0.530114
17.5771
-0.597397
17.7223
-0.202155
3.22054
-21.4109
4.60244
-21.9374
6.53865
-29.0296
8.71861
-30.1865
11.3765
-33.5786
14.8102
-39.2724
19.0969
-44.4691
23.4172
-42.5622
21.8959
3.1828
20.7442
2.10792
19.8733
1.63427
19.2209
1.29641
18.7187
1.07402
18.3383
0.885599
18.0429
0.742669
17.8083
0.639263
17.6212
0.554294
17.464
0.495984
17.3318
0.456265
17.2119
0.441106
17.1028
0.441572
16.997
0.471084
16.8909
0.529164
16.7869
0.59532
16.6975
0.618583
16.6235
0.615549
16.5658
0.61353
16.5245
0.610434
16.4968
0.611965
16.4839
0.610192
16.4832
0.610888
16.4945
0.61246
16.5178
0.617367
16.5541
0.626448
16.6014
0.647639
16.6597
0.68778
16.7338
0.747701
16.8231
0.866479
16.9242
0.722282
2.09928
-0.657058
0.835226
2.68557
4.45048
6.43799
8.7466
11.2277
14.021
17.1743
22.0117
21.3504
20.8491
20.3856
19.9601
19.5778
19.2385
18.94
18.6857
18.4724
18.3031
18.1747
18.0878
18.0352
18.0128
18.0125
18.0192
18.0582
18.0825
18.0938
18.2342
18.3169
18.4119
18.5189
18.6367
18.7672
18.9148
19.0834
19.2834
19.4279
3.53635
5.05638
7.18682
9.58546
12.5094
16.2876
21.0069
25.7587
24.0829
22.8098
21.8506
21.1335
20.5859
20.1693
19.8505
19.5972
19.3924
19.2235
19.0764
18.9465
18.8245
18.7088
18.5925
18.4813
18.386
18.3105
18.253
18.2107
18.186
18.1749
18.1785
18.1954
18.2254
18.267
18.3225
18.3942
18.4832
18.6009
18.7224
0.148946
-0.175123
0.177343
-0.192681
0.20367
-0.208844
0.224894
-0.223517
0.24403
-0.236907
0.261714
-0.249366
0.278065
-0.261041
0.294117
-0.271941
0.310893
-0.282023
0.3287
-0.291263
0.3476
-0.299644
0.36765
-0.30717
0.388887
-0.313844
0.411378
-0.319682
0.435183
-0.324699
0.460403
-0.328919
0.487097
-0.332376
0.515321
-0.335105
0.545177
-0.337144
0.576767
-0.338544
0.610147
-0.339355
0.645432
-0.339614
0.682706
-0.339414
0.722085
-0.338769
0.763668
-0.337749
0.807558
-0.336401
0.853886
-0.334776
0.902781
-0.33292
0.954403
-0.330874
1.0087
-0.328678
1.06621
-0.32637
1.12668
-0.323984
1.19037
-0.321551
1.25779
-0.3191
1.3287
-0.316657
1.40346
-0.31425
1.48236
-0.3119
1.56552
-0.30963
1.65319
-0.307459
1.74552
-0.305405
1.8429
-0.303471
1.9456
-0.301703
2.05402
-0.300079
2.16815
-0.298616
2.28856
-0.297319
2.41561
-0.296191
2.5496
-0.295229
2.69081
-0.294432
2.8399
-0.293794
2.99704
-0.293308
3.16301
-0.292956
3.33796
-0.292757
3.52261
-0.29267
3.71745
-0.292695
3.92294
-0.292819
4.14001
-0.29303
4.36881
-0.293316
4.61041
-0.293666
4.86537
-0.294068
5.13433
-0.294504
5.41812
-0.294994
5.7177
-0.2955
6.03373
-0.296024
6.36716
-0.296559
6.71919
-0.297098
7.09034
-0.297636
7.48167
-0.298168
7.89557
-0.298557
6.20199
-0.298958
6.82199
-0.299359
7.50507
-0.299787
8.258
-0.300205
9.08324
-0.300622
9.99351
-0.301089
10.9922
-0.301386
12.0962
-0.301979
13.2987
-0.301819
14.6401
-0.302863
16.074
-0.301654
17.7211
19.4311
0.107202
0.154048
0.0855949
0.155282
0.0746205
0.171143
0.0691068
0.196784
0.0661382
0.227615
0.062679
0.260271
0.0551969
0.290477
0.0431208
0.314133
0.0297011
0.331835
0.0176107
0.349001
0.0072745
0.368598
-0.00142855
0.390058
-0.00832745
0.412638
-0.0133523
0.436364
-0.0166644
0.461536
-0.0184121
0.488316
-0.0187481
0.51675
-0.0178011
0.546944
-0.015708
0.578978
-0.0125863
0.612895
-0.00855108
0.648804
-0.00370419
0.686815
0.00186369
0.726969
0.00808879
0.769403
0.014902
0.814206
0.0222226
0.861522
0.0299766
0.911407
0.038104
0.964109
0.0465517
1.01972
0.0552717
1.0783
0.0642191
1.13985
0.0733521
1.205
0.0826399
1.27361
0.0920332
1.34566
0.101498
1.42179
0.110995
1.50173
0.120484
1.58611
0.129926
1.67478
0.139283
1.76824
0.148516
1.86662
0.157587
1.97013
0.166462
2.07904
0.175107
2.19372
0.183487
2.31452
0.191586
2.44158
0.199383
2.57525
0.206844
2.71606
0.21396
2.86438
0.220721
3.02045
0.227119
3.18492
0.23315
3.35792
0.238814
3.54033
0.244115
3.73229
0.249059
3.93472
0.253655
4.14799
0.257913
4.37247
0.261847
4.60938
0.26547
4.8588
0.268798
5.1218
0.271845
5.39916
0.27462
5.69139
0.277166
5.99952
0.279472
6.32452
0.281564
6.66729
0.283454
7.0286
0.285157
7.40949
0.286687
7.8122
0.287696
5.97369
0.288679
6.56848
0.289605
7.22036
0.290516
7.93948
0.291338
8.729
0.292129
9.59651
0.292809
10.552
0.293418
11.5982
0.294019
12.7596
0.294152
14.0154
0.295096
15.4395
0.293876
16.9254
18.7206
0.163376
-0.179172
0.193139
-0.190108
0.214606
-0.198864
0.233651
-0.205767
0.250933
-0.21121
0.267156
-0.216025
0.28288
-0.220928
0.29902
-0.226171
0.316136
-0.231699
0.334227
-0.237469
0.35337
-0.243412
0.373592
-0.249471
0.394947
-0.255586
0.417493
-0.261697
0.441293
-0.267741
0.466447
-0.273655
0.493011
-0.27938
0.521047
-0.284861
0.550658
-0.290041
0.581948
-0.294878
0.614984
-0.299332
0.649886
-0.303379
0.686753
-0.306968
0.725674
-0.310114
0.766814
-0.312805
0.810248
-0.315041
0.856123
-0.316838
0.904577
-0.318222
0.955787
-0.31919
1.00966
-0.319801
1.06682
-0.32008
1.12696
-0.320064
1.19035
-0.31979
1.25751
-0.319296
1.3282
-0.31862
1.40279
-0.31781
1.48155
-0.316869
1.56458
-0.315863
1.65218
-0.314813
1.74447
-0.313757
1.84184
-0.3127
1.94454
-0.311666
2.05298
-0.310696
2.16718
-0.309797
2.28766
-0.308983
2.41479
-0.308265
2.54888
-0.307651
2.6902
-0.307146
2.8394
-0.306754
2.99665
-0.306474
3.16273
-0.306314
3.3378
-0.306239
3.52253
-0.306275
3.71749
-0.306404
3.92307
-0.306618
4.14023
-0.306909
4.3691
-0.307266
4.61077
-0.307682
4.86578
-0.308146
5.13479
-0.30866
5.41863
-0.309195
5.71823
-0.309745
6.03428
-0.310323
6.36773
-0.310911
6.71978
-0.311502
7.09093
-0.312092
7.48226
-0.312675
7.89615
-0.313101
6.20242
-0.313542
6.82243
-0.314005
7.50553
-0.314454
8.25845
-0.314938
9.08373
-0.315378
9.99395
-0.315895
10.9928
-0.316242
12.0966
-0.316891
13.2993
-0.316749
14.6399
-0.317883
16.0751
-0.316814
17.72
19.4343
0.13989
0.177534
0.120018
0.175153
0.10967
0.181492
0.107736
0.198718
0.11117
0.224181
0.117137
0.254303
0.122345
0.285269
0.123766
0.312712
0.121599
0.334002
0.118571
0.352029
0.115835
0.371334
0.11296
0.392932
0.109553
0.416046
0.105691
0.440226
0.101636
0.465592
0.0975927
0.492358
0.0937196
0.520623
0.0901674
0.550496
0.0870554
0.58209
0.0844919
0.615458
0.0825637
0.650732
0.0813411
0.688038
0.0808646
0.727446
0.081145
0.769122
0.0821887
0.813162
0.0839954
0.859715
0.0865453
0.908857
0.0898086
0.960845
0.0937451
1.01578
0.0983072
1.07374
0.103442
1.13471
0.109098
1.19935
0.115209
1.26749
0.121727
1.33914
0.128594
1.41493
0.135751
1.49457
0.143143
1.57872
0.150717
1.6672
0.158419
1.76054
0.166197
1.85884
0.174002
1.96233
0.181785
2.07126
0.189501
2.186
0.197115
2.30691
0.204574
2.43412
0.211843
2.56798
0.218902
2.709
0.225719
2.85756
0.23227
3.0139
0.238537
3.17866
0.244504
3.35195
0.250162
3.53468
0.255504
3.72695
0.260528
3.92969
0.265234
4.14328
0.269626
4.36808
0.27372
4.60529
0.277507
4.85502
0.280995
5.11831
0.284216
5.39594
0.287182
5.68842
0.28988
5.99682
0.292351
6.32205
0.294611
6.66503
0.296643
7.02657
0.298488
7.40765
0.300152
7.81054
0.301263
5.97258
0.302327
6.56742
0.303363
7.21932
0.304346
7.9385
0.305253
8.7281
0.306131
9.59563
0.306886
10.5513
0.307574
11.5976
0.308247
12.7589
0.308447
14.0152
0.309479
15.4385
0.308377
16.9265
18.7187
0.190977
-0.203893
0.206056
-0.213951
0.224663
-0.222067
0.241767
-0.228651
0.257517
-0.234112
0.272617
-0.239078
0.287847
-0.243889
0.303831
-0.248566
0.320813
-0.25311
0.338771
-0.257502
0.357763
-0.261746
0.377836
-0.265848
0.399049
-0.269818
0.421463
-0.273665
0.44514
-0.277406
0.470188
-0.281023
0.496627
-0.284547
0.524571
-0.287982
0.554093
-0.2913
0.585266
-0.294525
0.618208
-0.297649
0.653011
-0.300634
0.689738
-0.303505
0.728545
-0.306207
0.769516
-0.308763
0.812805
-0.311118
0.858477
-0.313293
0.906753
-0.315237
0.957732
-0.316979
1.01141
-0.318473
1.06831
-0.319746
1.12823
-0.320791
1.19139
-0.321626
1.25835
-0.322241
1.32882
-0.322662
1.40321
-0.322897
1.48178
-0.322988
1.56467
-0.322947
1.65214
-0.322798
1.74432
-0.322565
1.84161
-0.322271
1.94425
-0.321951
2.05266
-0.321604
2.16684
-0.32125
2.2873
-0.320927
2.41447
-0.320651
2.5486
-0.320414
2.68996
-0.320236
2.83922
-0.320125
2.99653
-0.320077
3.16268
-0.320114
3.33784
-0.320227
3.52265
-0.320415
3.71768
-0.320686
3.92334
-0.321015
4.14055
-0.321406
4.36949
-0.321853
4.61122
-0.322339
4.86627
-0.322877
5.13533
-0.323449
5.4192
-0.32405
5.71883
-0.324683
6.03491
-0.325311
6.36836
-0.325957
6.72042
-0.326606
7.09158
-0.327262
7.48292
-0.32789
7.89678
-0.328357
6.20288
-0.328839
6.82292
-0.329336
7.50603
-0.329841
8.25895
-0.330364
9.08425
-0.330857
9.99445
-0.331448
10.9934
-0.331803
12.0969
-0.332556
13.3001
-0.332413
14.6398
-0.333693
16.0764
-0.332663
17.719
19.4377
0.174199
0.194311
0.155318
0.194034
0.140534
0.196276
0.133395
0.205857
0.133306
0.22427
0.137764
0.249845
0.14357
0.279464
0.147065
0.309216
0.146161
0.334906
0.14279
0.3554
0.139854
0.37427
0.137948
0.394838
0.136469
0.417525
0.135074
0.441621
0.133775
0.46689
0.132612
0.493522
0.131579
0.521655
0.130651
0.551424
0.129838
0.582904
0.129149
0.616147
0.128614
0.651268
0.128254
0.688398
0.128122
0.727578
0.12826
0.768985
0.128704
0.812717
0.129502
0.858917
0.130702
0.907658
0.132334
0.959213
0.134427
1.01369
0.136997
1.07117
0.140052
1.13166
0.14359
1.19581
0.147598
1.26349
0.152059
1.33468
0.156937
1.41005
0.1622
1.48931
0.167809
1.57311
0.173721
1.66129
0.179885
1.75438
0.18627
1.85245
0.192803
1.9558
0.199455
2.06461
0.206179
2.17928
0.212908
2.30018
0.219618
2.42741
0.226259
2.56134
0.232802
2.70246
0.239195
2.85117
0.245415
3.00768
0.251426
3.17264
0.25722
3.34616
0.262778
3.52912
0.26806
3.72167
0.27308
3.92467
0.277832
4.13853
0.282285
4.36363
0.286466
4.60111
0.290369
4.85112
0.293997
5.11468
0.297358
5.39258
0.300462
5.68532
0.303318
5.99397
0.305938
6.31942
0.308335
6.66264
0.310529
7.02438
0.312511
7.40566
0.314295
7.80876
0.315486
5.97139
0.316661
6.56624
0.317769
7.21821
0.318859
7.93741
0.319849
8.72711
0.32081
9.59467
0.321671
10.5504
0.3224
11.5968
0.323196
12.7581
0.323401
14.015
0.32458
15.4373
0.323519
16.9276
18.7167
0.218322
-0.226414
0.214148
-0.232629
0.230878
-0.237389
0.246527
-0.241179
0.261308
-0.244557
0.275994
-0.24795
0.29124
-0.251482
0.307362
-0.255119
0.324451
-0.258826
0.342478
-0.262575
0.361513
-0.266346
0.381607
-0.27012
0.402823
-0.273875
0.425218
-0.2776
0.448865
-0.281251
0.473839
-0.284836
0.500212
-0.28833
0.528066
-0.291721
0.557484
-0.295007
0.588552
-0.298153
0.621354
-0.30118
0.656037
-0.304075
0.692633
-0.306835
0.731305
-0.309459
0.772141
-0.311947
0.815292
-0.314307
0.860837
-0.31651
0.908955
-0.318582
0.959804
-0.320512
1.01334
-0.322307
1.07011
-0.323936
1.12986
-0.325425
1.19288
-0.326765
1.25969
-0.327955
1.33001
-0.328998
1.40425
-0.329898
1.48268
-0.330662
1.56544
-0.331299
1.65278
-0.33182
1.74484
-0.332239
1.84203
-0.332571
1.94458
-0.332832
2.05292
-0.333037
2.16704
-0.333204
2.28747
-0.333347
2.41461
-0.333483
2.54874
-0.333625
2.6901
-0.333784
2.83938
-0.333971
2.99672
-0.334204
3.16291
-0.334461
3.3381
-0.334774
3.52296
-0.335147
3.71805
-0.33555
3.92375
-0.336012
4.14102
-0.336521
4.37
-0.337073
4.61177
-0.337674
4.86687
-0.338288
5.13595
-0.33894
5.41986
-0.339616
5.71951
-0.340309
6.0356
-0.341024
6.36908
-0.341725
6.72112
-0.342437
7.0923
-0.343145
7.48363
-0.343843
7.89748
-0.344355
6.2034
-0.344883
6.82345
-0.345428
7.50657
-0.345982
8.25951
-0.346557
9.08482
-0.347113
9.995
-0.34774
10.994
-0.348161
12.0974
-0.348976
13.3009
-0.348877
14.6397
-0.350238
16.0777
-0.349354
17.7181
19.4412
0.207989
0.204644
0.194906
0.207117
0.181941
0.209242
0.173248
0.214549
0.171098
0.22642
0.174936
0.246007
0.182351
0.272049
0.189783
0.301784
0.193395
0.331294
0.191912
0.356883
0.187894
0.378288
0.1841
0.398632
0.181064
0.420561
0.178322
0.444363
0.175687
0.469526
0.173229
0.495979
0.17106
0.523825
0.169197
0.553287
0.16764
0.58446
0.166391
0.617396
0.165449
0.65221
0.164816
0.689031
0.164475
0.727919
0.164438
0.769022
0.164698
0.812457
0.165257
0.858358
0.16612
0.906795
0.167294
0.958039
0.168789
1.01219
0.170616
1.06934
0.172786
1.12949
0.175309
1.19328
0.178191
1.2606
0.181437
1.33144
0.185042
1.40645
0.188998
1.48535
0.193293
1.56881
0.197907
1.65668
0.202819
1.74946
0.207982
1.84729
0.213379
1.9504
0.218969
2.05902
0.22471
2.17354
0.230561
2.29433
0.236482
2.42149
0.242431
2.55539
0.248368
2.69653
0.254254
2.84528
0.260054
3.00188
0.265735
3.16696
0.271266
3.34062
0.276623
3.52376
0.281782
3.71651
0.286725
3.91973
0.291438
4.13382
0.29592
4.35915
0.300136
4.59689
0.304109
4.84714
0.307839
5.11095
0.311309
5.38911
0.314524
5.6821
0.317508
5.99098
0.320261
6.31667
0.322792
6.66011
0.325109
7.02206
0.327222
7.40355
0.329142
7.80684
0.330423
5.97011
0.331677
6.56499
0.332888
7.217
0.334057
7.93624
0.335152
8.72601
0.336184
9.59364
0.337142
10.5495
0.337937
11.596
0.338847
12.7572
0.339099
14.0148
0.340377
15.436
0.339448
16.9285
18.7146
0.244899
-0.250507
0.219755
-0.254517
0.234889
-0.257272
0.249281
-0.259357
0.263393
-0.261289
0.277926
-0.263321
0.293272
-0.265476
0.309517
-0.26773
0.326705
-0.270076
0.344824
-0.272522
0.363958
-0.275044
0.384129
-0.277672
0.405451
-0.280372
0.427917
-0.283161
0.451654
-0.286023
0.476702
-0.288948
0.503137
-0.291933
0.53105
-0.294937
0.560487
-0.297969
0.591585
-0.301006
0.624391
-0.304028
0.65906
-0.307018
0.695623
-0.309959
0.734246
-0.312833
0.775015
-0.315627
0.818085
-0.318325
0.863535
-0.320917
0.911547
-0.323394
0.96228
-0.325747
1.01569
-0.327971
1.07233
-0.330063
1.13195
-0.332018
1.19484
-0.333838
1.26151
-0.335523
1.33169
-0.337072
1.4058
-0.338491
1.4841
-0.339781
1.56673
-0.340949
1.65395
-0.342011
1.7459
-0.342945
1.84296
-0.343791
1.94543
-0.34455
2.05368
-0.345232
2.16772
-0.34585
2.28809
-0.346417
2.41518
-0.346945
2.54927
-0.347448
2.6906
-0.347936
2.83987
-0.348421
2.99721
-0.348912
3.1634
-0.349417
3.3386
-0.349942
3.52349
-0.350494
3.7186
-0.351074
3.92433
-0.351684
4.14163
-0.352325
4.37064
-0.352995
4.61244
-0.353692
4.86756
-0.354413
5.13667
-0.355154
5.4206
-0.355913
5.72027
-0.356684
6.03637
-0.357463
6.36986
-0.358246
6.72191
-0.359027
7.09308
-0.359801
7.4844
-0.360576
7.89826
-0.361125
6.20395
-0.361713
6.82403
-0.3623
7.50716
-0.362908
8.26011
-0.363537
9.08545
-0.364143
9.99561
-0.364837
10.9947
-0.365329
12.0979
-0.366193
13.3018
-0.366186
14.6397
-0.367575
16.0791
-0.36691
17.7174
19.4447
0.237502
0.212041
0.22763
0.21699
0.216267
0.220605
0.206105
0.224711
0.200296
0.232229
0.200508
0.245794
0.206186
0.266371
0.215037
0.292933
0.223466
0.322865
0.227941
0.352409
0.22772
0.378509
0.225228
0.401124
0.222788
0.423001
0.220824
0.446327
0.218908
0.471442
0.216883
0.498003
0.214826
0.525882
0.212825
0.555288
0.210917
0.586367
0.209128
0.619185
0.20749
0.653848
0.206035
0.690485
0.204797
0.729157
0.203805
0.770014
0.203081
0.813181
0.202647
0.858792
0.20252
0.906922
0.202711
0.957848
0.203229
1.01168
0.204082
1.06849
0.205274
1.1283
0.206807
1.19175
0.208683
1.25873
0.210901
1.32922
0.213458
1.40389
0.21635
1.48246
0.21957
1.56559
0.223105
1.65314
0.226943
1.74563
0.231065
1.84317
0.235448
1.94602
0.240072
2.05439
0.244889
2.16872
0.249885
2.28933
0.255019
2.41635
0.260255
2.55015
0.265555
2.69122
0.270883
2.83996
0.276202
2.99656
0.281477
3.16169
0.286683
3.33542
0.291767
3.51868
0.296724
3.71155
0.301522
3.91493
0.306143
4.1292
0.310567
4.35472
0.314784
4.59268
0.318781
4.84315
0.322554
5.10718
0.326098
5.38556
0.329413
5.67879
0.332511
5.98788
0.335368
6.31382
0.338017
6.65746
0.340457
7.01962
0.342691
7.40132
0.344732
7.8048
0.346099
5.96874
0.347442
6.56365
0.348744
7.2157
0.350003
7.93498
0.351191
8.72482
0.352311
9.59252
0.353362
10.5484
0.354242
11.5952
0.355234
12.7562
0.355587
14.0144
0.356907
15.4347
0.35617
16.9293
18.7126
0.270711
-0.274611
0.223656
-0.277186
0.237464
-0.278917
0.251011
-0.280367
0.264844
-0.281864
0.279423
-0.283449
0.294858
-0.285117
0.311184
-0.286843
0.32843
-0.288631
0.346613
-0.290461
0.365788
-0.292364
0.386032
-0.294309
0.407397
-0.296329
0.429937
-0.298392
0.453717
-0.300521
0.478831
-0.302717
0.505333
-0.304953
0.533286
-0.307252
0.562787
-0.309604
0.593937
-0.312013
0.626799
-0.314447
0.661494
-0.316925
0.698101
-0.319429
0.73675
-0.321958
0.777544
-0.324474
0.820601
-0.32699
0.866052
-0.329485
0.914042
-0.331945
0.96474
-0.334354
1.0181
-0.336702
1.07468
-0.338985
1.13424
-0.341173
1.19703
-0.343259
1.26359
-0.345253
1.33368
-0.34714
1.40769
-0.348919
1.48588
-0.350596
1.5684
-0.352155
1.65551
-0.353595
1.74734
-0.354941
1.84431
-0.356188
1.94668
-0.357344
2.05483
-0.358415
2.1688
-0.35942
2.28909
-0.360349
2.41611
-0.361212
2.55013
-0.362039
2.69143
-0.36283
2.84066
-0.363595
2.99797
-0.364343
3.16415
-0.365092
3.33935
-0.36583
3.52422
-0.366564
3.71933
-0.367317
3.92508
-0.368083
4.14239
-0.368865
4.37143
-0.369661
4.61324
-0.370474
4.86838
-0.37131
5.1375
-0.372148
5.42144
-0.372987
5.72111
-0.373843
6.03723
-0.374703
6.37072
-0.375573
6.72278
-0.376428
7.09393
-0.377264
7.48524
-0.378099
7.89909
-0.37872
6.20457
-0.379341
6.82466
-0.379994
7.50781
-0.38067
8.26079
-0.381359
9.08614
-0.382019
9.99627
-0.382774
10.9954
-0.383341
12.0984
-0.384273
13.3027
-0.384349
14.6398
-0.385791
16.0806
-0.385305
17.7169
19.4482
0.26525
0.217502
0.257564
0.224676
0.247881
0.230288
0.2375
0.235091
0.228865
0.240865
0.224545
0.250114
0.225864
0.265052
0.232225
0.286572
0.241381
0.313709
0.249821
0.343969
0.254409
0.37392
0.254743
0.40079
0.253049
0.424696
0.251374
0.448002
0.250128
0.472688
0.248972
0.499159
0.247734
0.52712
0.246463
0.55656
0.245202
0.587628
0.243973
0.620414
0.242774
0.655047
0.241633
0.691626
0.24057
0.73022
0.23959
0.770994
0.238738
0.814033
0.23804
0.85949
0.237511
0.907452
0.237183
0.958176
0.237083
1.01178
0.237234
1.06834
0.237656
1.12788
0.238367
1.19104
0.23938
1.25772
0.240699
1.3279
0.242343
1.40224
0.244307
1.4805
0.246591
1.56331
0.24919
1.65055
0.252096
1.74272
0.255296
1.83997
0.258784
1.94253
0.262519
2.05066
0.2665
2.16474
0.270702
2.28513
0.275084
2.41197
0.279621
2.54562
0.284273
2.68657
0.289023
2.83521
0.293829
2.99176
0.298664
3.15685
0.303471
3.33061
0.308243
3.51391
0.312949
3.70685
0.317546
3.91033
0.322008
4.12473
0.326331
4.3504
0.330488
4.58852
0.334463
4.83917
0.338246
5.1034
0.341828
5.38198
0.345202
5.67541
0.348367
5.98472
0.351333
6.31085
0.354073
6.65472
0.356619
7.01707
0.358965
7.39897
0.361127
7.80263
0.362566
5.9673
0.363994
6.56222
0.365384
7.21431
0.366732
7.93363
0.368023
8.72353
0.369223
9.59132
0.370366
10.5473
0.371336
11.5942
0.372424
12.7551
0.37287
14.014
0.374243
15.4333
0.373697
16.9298
18.7107
0.295998
-0.298368
0.226027
-0.299847
0.238943
-0.300963
0.252128
-0.302082
0.265963
-0.303302
0.280643
-0.3046
0.296156
-0.305954
0.312538
-0.307358
0.329834
-0.308813
0.348069
-0.310321
0.367296
-0.311882
0.387593
-0.313496
0.40901
-0.315162
0.431603
-0.316879
0.455434
-0.318646
0.480598
-0.320461
0.507148
-0.322322
0.535148
-0.324228
0.564693
-0.326176
0.595885
-0.328164
0.628787
-0.330189
0.663519
-0.332248
0.70016
-0.334339
0.73884
-0.336456
0.779662
-0.338597
0.822742
-0.340755
0.86821
-0.342926
0.916212
-0.345101
0.966915
-0.347274
1.02027
-0.349435
1.07684
-0.351577
1.13638
-0.353688
1.19914
-0.355761
1.26567
-0.357786
1.33571
-0.359753
1.40966
-0.361656
1.48778
-0.363488
1.57024
-0.365244
1.65726
-0.36692
1.74902
-0.368514
1.8459
-0.370027
1.94819
-0.371459
2.05627
-0.372814
2.17015
-0.374096
2.29037
-0.375311
2.41732
-0.376464
2.55128
-0.377562
2.69253
-0.378614
2.84171
-0.379627
2.99898
-0.380609
3.16513
-0.381566
3.34031
-0.382507
3.52517
-0.383437
3.72026
-0.384361
3.926
-0.385285
4.14332
-0.38621
4.37235
-0.387138
4.61417
-0.38807
4.86931
-0.389008
5.13844
-0.389949
5.42238
-0.390894
5.72205
-0.391841
6.03818
-0.392787
6.37166
-0.393729
6.72372
-0.394663
7.09487
-0.395586
7.48616
-0.396495
7.9
-0.397161
6.20523
-0.39785
6.82534
-0.398572
7.50854
-0.399289
8.26151
-0.400042
9.0869
-0.400781
9.99701
-0.401603
10.9963
-0.40225
12.0991
-0.403237
13.3037
-0.403415
14.6399
-0.404909
16.0821
-0.404615
17.7166
19.4518
0.292339
0.22116
0.286687
0.230328
0.278931
0.238044
0.269584
0.244439
0.260063
0.250386
0.252597
0.25758
0.249402
0.268247
0.251552
0.284422
0.25842
0.306842
0.267733
0.334656
0.276131
0.365523
0.280772
0.396148
0.281373
0.424095
0.279985
0.44939
0.27852
0.474153
0.277444
0.500235
0.276495
0.528069
0.275508
0.557547
0.274504
0.588631
0.273535
0.621383
0.272613
0.655969
0.271742
0.692498
0.270927
0.731035
0.270181
0.77174
0.269517
0.814697
0.268948
0.860059
0.268488
0.907911
0.268155
0.958509
0.267965
1.01197
0.267938
1.06837
0.268094
1.12772
0.268452
1.19068
0.269029
1.25714
0.269845
1.32708
0.270913
1.40118
0.272247
1.47916
0.273855
1.5617
0.275744
1.64866
0.277916
1.74055
0.280368
1.83752
0.283095
1.9398
0.286086
2.04767
0.28933
2.16149
0.292808
2.28165
0.296499
2.40828
0.300381
2.54173
0.304426
2.68253
0.308608
2.83102
0.312895
2.98747
0.317256
3.15249
0.32166
3.32621
0.326076
3.50949
0.330473
3.70245
0.334821
3.90598
0.339095
4.12046
0.343268
4.34623
0.34732
4.58447
0.35123
4.83526
0.354982
5.09965
0.358563
5.3784
0.361973
5.672
0.365177
5.98152
0.368198
6.30783
0.371027
6.65189
0.373662
7.01444
0.376104
7.39653
0.378358
7.80038
0.379882
5.96578
0.381389
6.56071
0.382864
7.21283
0.384299
7.9322
0.385671
8.72216
0.386969
9.59002
0.388208
10.546
0.389266
11.5931
0.390439
12.754
0.390992
14.0134
0.392447
15.4319
0.392037
16.9302
18.7087
0.320996
-0.322234
0.227265
-0.323073
0.239781
-0.323872
0.252928
-0.32478
0.26687
-0.325747
0.281611
-0.326779
0.297188
-0.327843
0.313601
-0.328949
0.33094
-0.330092
0.349211
-0.331289
0.368494
-0.332535
0.38884
-0.333831
0.410306
-0.335178
0.432949
-0.336575
0.456831
-0.338033
0.482055
-0.339525
0.50864
-0.341077
0.5367
-0.342688
0.566304
-0.344331
0.597528
-0.34603
0.630486
-0.347783
0.665271
-0.349569
0.701946
-0.351395
0.740666
-0.353248
0.781515
-0.355149
0.824644
-0.35706
0.870121
-0.359012
0.918164
-0.360973
0.968876
-0.362947
1.02224
-0.364919
1.07882
-0.366902
1.13836
-0.36888
1.20112
-0.370857
1.26764
-0.372807
1.33766
-0.374733
1.41158
-0.376628
1.48968
-0.378477
1.57209
-0.380293
1.65908
-0.382059
1.75079
-0.383782
1.84762
-0.385439
1.94985
-0.387038
2.05787
-0.388576
2.17169
-0.390044
2.29184
-0.391464
2.41874
-0.392838
2.55266
-0.394149
2.69384
-0.395413
2.84298
-0.396633
3.0002
-0.397806
3.1663
-0.398956
3.34146
-0.400081
3.52629
-0.401184
3.72137
-0.402281
3.9271
-0.403356
4.14439
-0.404422
4.37342
-0.405481
4.61522
-0.406526
4.87035
-0.407577
5.13949
-0.408625
5.42343
-0.40968
5.72311
-0.410722
6.03922
-0.411748
6.37269
-0.412776
6.72475
-0.413794
7.09588
-0.414808
7.48717
-0.415785
7.90098
-0.416509
6.20596
-0.417259
6.82609
-0.418034
7.50931
-0.418827
8.2623
-0.419648
9.08772
-0.420461
9.99782
-0.421367
10.9972
-0.422098
12.0998
-0.423145
13.3047
-0.423433
14.6402
-0.424984
16.0836
-0.424872
17.7165
19.4554
0.318936
0.22322
0.315196
0.234068
0.309422
0.243818
0.301672
0.252188
0.29263
0.259429
0.28375
0.26646
0.277116
0.274881
0.274722
0.286815
0.277474
0.30409
0.284718
0.327412
0.294205
0.356035
0.302695
0.387659
0.307547
0.419242
0.308483
0.448454
0.3074
0.475236
0.306132
0.501503
0.305199
0.529001
0.304402
0.558345
0.303582
0.589451
0.302734
0.622231
0.30191
0.656793
0.301105
0.693303
0.300348
0.731791
0.299649
0.772439
0.299006
0.815341
0.298432
0.860633
0.297954
0.908389
0.29758
0.958884
0.297321
1.01222
0.297193
1.0685
0.297208
1.1277
0.29738
1.19051
0.297725
1.25679
0.298263
1.32655
0.298993
1.40045
0.299936
1.47822
0.301103
1.56053
0.302505
1.64725
0.304141
1.73891
0.30604
1.83562
0.308172
1.93767
0.31056
2.04528
0.313198
2.15886
0.316055
2.2788
0.319141
2.40519
0.322432
2.53844
0.325919
2.67904
0.329562
2.82738
0.333345
2.98369
0.337234
3.1486
0.341218
3.32222
0.345266
3.50544
0.349326
3.69839
0.353394
3.90192
0.357442
4.11641
0.361418
4.34225
0.365332
4.58055
0.369137
4.83146
0.37281
5.09597
0.376356
5.37485
0.379749
5.66861
0.382979
5.97829
0.38604
6.30477
0.388934
6.64899
0.391639
7.01173
0.394162
7.39401
0.396494
7.79805
0.398095
5.96418
0.399676
6.55913
0.40123
7.21128
0.402748
7.93068
0.404198
8.72071
0.405594
9.58862
0.406928
10.5447
0.408074
11.592
0.409335
12.7527
0.409997
14.0128
0.411509
15.4304
0.411261
16.9305
18.7067
0.345886
-0.34651
0.227889
-0.347106
0.240376
-0.347792
0.253614
-0.348535
0.267613
-0.349328
0.282403
-0.35015
0.298011
-0.351003
0.314455
-0.351891
0.331828
-0.352816
0.350136
-0.353787
0.369465
-0.354781
0.389833
-0.355833
0.411358
-0.35691
0.434027
-0.358048
0.457969
-0.359215
0.483222
-0.360436
0.509862
-0.361713
0.537977
-0.363021
0.567612
-0.364396
0.598903
-0.365802
0.631893
-0.367267
0.666736
-0.36878
0.703459
-0.37034
0.742226
-0.371946
0.783121
-0.373597
0.826294
-0.375297
0.871821
-0.377017
0.919885
-0.37878
0.970639
-0.380572
1.02404
-0.382398
1.08064
-0.384226
1.14019
-0.386085
1.20298
-0.387935
1.26949
-0.389797
1.33952
-0.391655
1.41344
-0.393505
1.49153
-0.39534
1.57392
-0.397164
1.6609
-0.398954
1.75258
-0.400703
1.84937
-0.402428
1.95157
-0.404114
2.05955
-0.405759
2.17333
-0.40736
2.29344
-0.408917
2.4203
-0.410428
2.55417
-0.411896
2.69531
-0.413321
2.8444
-0.414705
3.00159
-0.416062
3.16766
-0.417366
3.34276
-0.418659
3.52758
-0.419916
3.72262
-0.421141
3.92833
-0.422357
4.14561
-0.423557
4.37462
-0.424743
4.61641
-0.425928
4.87154
-0.427092
5.14066
-0.428237
5.42457
-0.429384
5.72425
-0.430522
6.04036
-0.431662
6.37383
-0.43277
6.72585
-0.433874
7.09699
-0.434962
7.48826
-0.436043
7.90206
-0.436828
6.20674
-0.437642
6.82691
-0.438473
7.51014
-0.439337
8.26316
-0.440231
9.08861
-0.441133
9.99872
-0.442095
10.9981
-0.442918
12.1006
-0.44405
13.3059
-0.444435
14.6406
-0.446063
16.0852
-0.446154
17.7166
19.459
0.344948
0.224159
0.342919
0.236097
0.339111
0.247626
0.333238
0.258061
0.32548
0.267186
0.316635
0.275305
0.308154
0.283362
0.302043
0.292927
0.300138
0.305995
0.303271
0.324279
0.310741
0.348564
0.320337
0.378063
0.328949
0.410631
0.334057
0.443347
0.335331
0.473961
0.334515
0.50232
0.333419
0.530097
0.332646
0.559118
0.332043
0.590054
0.331425
0.622849
0.330771
0.657448
0.330122
0.693952
0.329475
0.732438
0.328861
0.773053
0.328279
0.815923
0.327741
0.861171
0.327261
0.908869
0.326851
0.959294
0.326524
1.01255
0.326295
1.06872
0.326185
1.12781
0.326186
1.19051
0.326333
1.25665
0.326633
1.32625
0.327098
1.39998
0.327741
1.47758
0.328573
1.5597
0.329605
1.64622
0.330854
1.73766
0.332303
1.83417
0.333988
1.93598
0.335891
2.04338
0.338011
2.15674
0.34036
2.27645
0.342926
2.40263
0.3457
2.53567
0.348668
2.67607
0.351817
2.82423
0.355127
2.98038
0.358577
3.14515
0.362153
3.31865
0.365804
3.50179
0.369539
3.69466
0.373304
3.89815
0.377074
4.11264
0.380847
4.33848
0.384564
4.57684
0.388228
4.82779
0.391816
5.09238
0.395291
5.37138
0.398635
5.66526
0.401863
5.97506
0.404926
6.30171
0.407842
6.64608
0.410596
7.00898
0.413182
7.39142
0.415607
7.79562
0.417247
5.96254
0.418893
6.55748
0.42052
7.20965
0.422114
7.92908
0.423669
8.71915
0.42513
9.58716
0.426558
10.5433
0.427794
11.5907
0.429162
12.7513
0.429917
14.012
0.431515
15.4288
0.431419
16.9306
18.7047
0.371039
-0.371496
0.228346
-0.372017
0.240897
-0.372613
0.254211
-0.373246
0.268246
-0.37391
0.283067
-0.374581
0.298681
-0.375286
0.315161
-0.376021
0.332563
-0.376794
0.350909
-0.377582
0.370253
-0.37842
0.390671
-0.379276
0.412213
-0.380184
0.434935
-0.381112
0.458897
-0.382087
0.484197
-0.383111
0.510885
-0.384158
0.539024
-0.385256
0.56871
-0.386397
0.600044
-0.387592
0.633087
-0.388814
0.667958
-0.3901
0.704745
-0.391414
0.74354
-0.392792
0.784499
-0.394198
0.8277
-0.395659
0.873282
-0.397163
0.921389
-0.398711
0.972186
-0.400298
1.02562
-0.401922
1.08227
-0.40359
1.14186
-0.40527
1.20466
-0.406985
1.27121
-0.408721
1.34126
-0.410473
1.41519
-0.412236
1.49329
-0.414014
1.5757
-0.415773
1.66266
-0.417536
1.75434
-0.419288
1.85113
-0.421025
1.95331
-0.422743
2.06127
-0.424437
2.17503
-0.426113
2.29512
-0.427751
2.42194
-0.429347
2.55577
-0.43092
2.69688
-0.432459
2.84594
-0.433966
3.0031
-0.43544
3.16913
-0.436893
3.34421
-0.438297
3.52899
-0.439685
3.72401
-0.441049
3.92969
-0.442391
4.14695
-0.443714
4.37594
-0.445018
4.61772
-0.446306
4.87283
-0.447579
5.14193
-0.448849
5.42584
-0.450087
5.72549
-0.451323
6.04159
-0.452547
6.37505
-0.453766
6.72707
-0.45496
7.09818
-0.456126
7.48943
-0.457283
7.90321
-0.458132
6.20759
-0.459012
6.82779
-0.459934
7.51106
-0.460872
8.2641
-0.461843
9.08958
-0.462808
9.99969
-0.463863
10.9992
-0.464784
12.1015
-0.466004
13.3071
-0.466494
14.6411
-0.468204
16.0869
-0.468494
17.7169
19.4628
0.370659
0.224538
0.369828
0.236928
0.367843
0.249611
0.364014
0.261891
0.358079
0.273121
0.3503
0.283083
0.341563
0.292099
0.333321
0.301169
0.327527
0.311788
0.325917
0.32589
0.329264
0.345217
0.336876
0.370452
0.346569
0.400937
0.355321
0.434595
0.360657
0.468625
0.362203
0.500774
0.361589
0.530711
0.360614
0.560093
0.359947
0.590722
0.359483
0.623312
0.359017
0.657914
0.358521
0.694448
0.358024
0.732935
0.357524
0.773554
0.357051
0.816396
0.356611
0.86161
0.356197
0.909282
0.355828
0.959663
0.355515
1.01286
0.355268
1.06897
0.355093
1.12799
0.355025
1.19058
0.355053
1.25662
0.355192
1.32611
0.35547
1.3997
0.355891
1.47716
0.356468
1.55912
0.357213
1.64548
0.358136
1.73674
0.359247
1.83306
0.360552
1.93468
0.362059
2.04187
0.363769
2.15503
0.365695
2.27452
0.367817
2.40051
0.37014
2.53335
0.372649
2.67356
0.375351
2.82153
0.378225
2.9775
0.381264
3.14211
0.384423
3.31549
0.387709
3.49851
0.39109
3.69127
0.394543
3.8947
0.398043
4.10914
0.401565
4.33495
0.405085
4.57332
0.408579
4.8243
0.412023
5.08894
0.415397
5.368
0.41869
5.66197
0.421858
5.97189
0.424924
6.29864
0.427838
6.64316
0.430619
7.0062
0.433248
7.38879
0.43572
7.79315
0.437418
5.96084
0.439121
6.55578
0.440821
7.20795
0.442476
7.92743
0.4441
8.71753
0.445651
9.58561
0.447171
10.5418
0.448496
11.5894
0.44997
12.7498
0.450822
14.0112
0.452505
15.4271
0.452559
16.9305
18.7027
0.396964
-0.397377
0.228759
-0.397867
0.241388
-0.398379
0.254723
-0.398909
0.268775
-0.399448
0.283605
-0.400024
0.299257
-0.400615
0.315751
-0.40123
0.333178
-0.401862
0.351541
-0.40253
0.37092
-0.403226
0.391367
-0.40395
0.412938
-0.404706
0.43569
-0.405502
0.459694
-0.406323
0.485018
-0.407171
0.511732
-0.408063
0.539917
-0.409002
0.569649
-0.409971
0.601013
-0.410971
0.634087
-0.41203
0.669017
-0.413114
0.705829
-0.414259
0.744685
-0.415429
0.78567
-0.416662
0.828933
-0.41793
0.87455
-0.419242
0.922701
-0.420598
0.973542
-0.421996
1.02702
-0.423437
1.08371
-0.424909
1.14333
-0.426427
1.20618
-0.427991
1.27277
-0.429578
1.34284
-0.431194
1.41681
-0.432836
1.49493
-0.43449
1.57735
-0.43617
1.66434
-0.437862
1.75603
-0.439571
1.85284
-0.441273
1.95501
-0.442973
2.06297
-0.444667
2.17672
-0.446342
2.29679
-0.448011
2.42361
-0.449674
2.55743
-0.451307
2.69851
-0.452918
2.84755
-0.454506
3.00468
-0.45607
3.1707
-0.4576
3.34574
-0.459116
3.5305
-0.460619
3.72552
-0.46209
3.93116
-0.46354
4.1484
-0.46497
4.37737
-0.46638
4.61913
-0.467773
4.87422
-0.469138
5.14329
-0.470498
5.4272
-0.471854
5.72685
-0.473186
6.04293
-0.474504
6.37637
-0.475795
6.72837
-0.477079
7.09946
-0.478354
7.4907
-0.47959
7.90445
-0.480505
6.2085
-0.481455
6.82874
-0.48244
7.51205
-0.483455
8.26512
-0.484507
9.09063
-0.485582
10.0008
-0.486725
11.0003
-0.487749
12.1026
-0.489032
13.3084
-0.489664
14.6417
-0.491441
16.0887
-0.491849
17.7173
19.4666
0.396707
0.224795
0.396416
0.237219
0.395675
0.250352
0.393757
0.263809
0.38995
0.276928
0.384004
0.289029
0.376214
0.299889
0.367524
0.309859
0.359401
0.319911
0.353761
0.33153
0.352313
0.346664
0.355796
0.366969
0.363512
0.393221
0.373313
0.424793
0.382249
0.459689
0.387827
0.495196
0.389608
0.52893
0.389129
0.560571
0.388214
0.591637
0.38761
0.623916
0.38725
0.658274
0.386906
0.694793
0.386512
0.733328
0.38612
0.773946
0.385729
0.816787
0.385348
0.861991
0.384999
0.909632
0.384679
0.959982
0.3844
1.01314
0.384169
1.0692
0.383997
1.12816
0.383893
1.19068
0.383869
1.25664
0.383944
1.32603
0.384112
1.39953
0.384394
1.47687
0.384801
1.55872
0.385344
1.64493
0.386035
1.73605
0.386884
1.83221
0.387892
1.93367
0.389083
2.04068
0.390464
2.15364
0.392016
2.27297
0.393764
2.39876
0.395701
2.53141
0.397834
2.67143
0.40014
2.81923
0.402619
2.97502
0.405253
3.13948
0.408046
3.3127
0.410982
3.49557
0.414016
3.68824
0.417155
3.89156
0.420378
4.10592
0.423644
4.33169
0.42694
4.57002
0.430241
4.821
0.433516
5.08566
0.436771
5.36475
0.439948
5.65879
0.443066
5.96877
0.446071
6.29563
0.448987
6.64025
0.451773
7.00341
0.454424
7.38614
0.456925
7.79065
0.458671
5.95909
0.460419
6.55403
0.462154
7.20622
0.463891
7.92569
0.465577
8.71584
0.467214
9.58397
0.468821
10.5401
0.470234
11.588
0.471783
12.7483
0.47276
14.0102
0.474501
15.4253
0.474699
16.9303
18.7006
0.423882
-0.424277
0.229154
-0.424696
0.241807
-0.425128
0.255155
-0.425573
0.26922
-0.426042
0.284075
-0.426513
0.299728
-0.427012
0.31625
-0.427531
0.333697
-0.428081
0.352091
-0.428644
0.371484
-0.429232
0.391954
-0.429844
0.41355
-0.430483
0.436329
-0.43114
0.460351
-0.431835
0.485713
-0.43257
0.512467
-0.433328
0.540674
-0.43411
0.570432
-0.434937
0.601839
-0.435808
0.634959
-0.4367
0.669908
-0.437639
0.706768
-0.438619
0.745665
-0.439649
0.7867
-0.440703
0.829987
-0.44181
0.875656
-0.442959
0.923851
-0.444153
0.974736
-0.44539
1.02826
-0.44667
1.08499
-0.448002
1.14466
-0.449366
1.20754
-0.450762
1.27417
-0.452205
1.34429
-0.453684
1.41829
-0.455198
1.49645
-0.456752
1.57891
-0.458324
1.66591
-0.459922
1.75763
-0.46153
1.85444
-0.463165
1.95664
-0.464814
2.06462
-0.46647
2.17838
-0.468142
2.29847
-0.469804
2.42527
-0.471455
2.55908
-0.473109
2.70017
-0.474754
2.8492
-0.476387
3.00632
-0.478007
3.17232
-0.479621
3.34736
-0.48121
3.53209
-0.482772
3.72708
-0.484327
3.93272
-0.485864
4.14994
-0.487384
4.37889
-0.488886
4.62063
-0.490371
4.8757
-0.49185
5.14477
-0.493293
5.42864
-0.494731
5.72828
-0.496155
6.04435
-0.497564
6.37778
-0.498966
6.72977
-0.50034
7.10084
-0.501685
7.49205
-0.503031
7.9058
-0.504014
6.20949
-0.505036
6.82976
-0.506087
7.5131
-0.507193
8.26622
-0.50833
9.09177
-0.509477
10.0019
-0.510713
11.0016
-0.511868
12.1037
-0.513207
13.3097
-0.513989
14.6425
-0.51585
16.0906
-0.516542
17.718
19.4705
0.423612
0.225064
0.423404
0.237428
0.423196
0.250559
0.422566
0.264439
0.420753
0.278741
0.417007
0.292775
0.411078
0.305819
0.403273
0.317664
0.394575
0.328609
0.386479
0.339626
0.380869
0.352274
0.379459
0.368379
0.382996
0.389683
0.390805
0.416985
0.400746
0.449749
0.409882
0.48606
0.415712
0.5231
0.417716
0.558567
0.417363
0.591989
0.416495
0.624784
0.415929
0.65884
0.415637
0.695085
0.415391
0.733574
0.415085
0.774252
0.414765
0.817106
0.414459
0.862297
0.414161
0.90993
0.413883
0.96026
0.413633
1.01339
0.413417
1.06942
0.413246
1.12833
0.413119
1.19081
0.413072
1.25669
0.413078
1.32602
0.413175
1.39944
0.413363
1.47669
0.413652
1.55843
0.414053
1.64453
0.414575
1.73553
0.41523
1.83155
0.416035
1.93286
0.416982
2.03973
0.418078
2.15255
0.419348
2.2717
0.420797
2.39731
0.422409
2.5298
0.424188
2.66965
0.426148
2.81727
0.428277
2.97289
0.430578
3.13718
0.433025
3.31025
0.435606
3.49299
0.438334
3.68551
0.441166
3.88873
0.444085
4.103
0.447089
4.32868
0.450148
4.56696
0.453241
4.8179
0.456355
5.08255
0.459441
5.36166
0.462506
5.65573
0.465522
5.96576
0.468479
6.29268
0.471335
6.63739
0.474102
7.00064
0.476756
7.38349
0.479297
7.78811
0.481048
5.95734
0.482829
6.55225
0.484618
7.20443
0.486398
7.92391
0.488168
8.71407
0.489855
9.58229
0.491543
10.5385
0.493041
11.5865
0.494702
12.7466
0.495764
14.0091
0.497595
15.4235
0.497959
16.9299
18.6985
0.451878
-0.452233
0.22951
-0.452588
0.242163
-0.452945
0.255511
-0.453332
0.269607
-0.453716
0.28446
-0.454134
0.300146
-0.45456
0.316676
-0.455002
0.33414
-0.455454
0.352543
-0.455934
0.371964
-0.456435
0.392455
-0.456956
0.414072
-0.457501
0.436873
-0.458069
0.460919
-0.458671
0.486315
-0.459282
0.513078
-0.459929
0.541322
-0.460616
0.571118
-0.461315
0.602538
-0.462056
0.635699
-0.462839
0.670692
-0.463649
0.707578
-0.464496
0.746512
-0.465373
0.787576
-0.466307
0.830921
-0.467263
0.876613
-0.468279
0.924867
-0.469329
0.975785
-0.470422
1.02935
-0.471549
1.08611
-0.472728
1.14584
-0.473951
1.20876
-0.475226
1.27544
-0.476534
1.34559
-0.477882
1.41964
-0.47927
1.49784
-0.480686
1.58032
-0.482147
1.66737
-0.483641
1.75912
-0.485175
1.85598
-0.486726
1.9582
-0.488302
2.06619
-0.489898
2.17997
-0.491502
2.30007
-0.493129
2.4269
-0.494767
2.56072
-0.49642
2.70182
-0.498068
2.85084
-0.499706
3.00795
-0.501351
3.17396
-0.502992
3.349
-0.504626
3.53373
-0.506251
3.7287
-0.507867
3.93433
-0.509471
4.15154
-0.511062
4.38048
-0.51265
4.62222
-0.514204
4.87726
-0.515754
5.14632
-0.517301
5.43019
-0.518825
5.72981
-0.520325
6.04585
-0.52182
6.37927
-0.523301
6.73125
-0.524764
7.1023
-0.526219
7.4935
-0.527636
7.90721
-0.528687
6.21054
-0.529782
6.83086
-0.530931
7.51425
-0.532101
8.26739
-0.533327
9.093
-0.534603
10.0032
-0.535958
11.0029
-0.537176
12.1049
-0.53865
13.3112
-0.539534
14.6434
-0.541488
16.0925
-0.542396
17.7189
19.4746
0.451624
0.225318
0.45137
0.237682
0.451196
0.250733
0.451042
0.264592
0.450516
0.279267
0.448834
0.294457
0.445207
0.309445
0.439325
0.323546
0.431503
0.336432
0.422742
0.348386
0.414579
0.360437
0.408921
0.374037
0.407465
0.39114
0.410992
0.413457
0.418864
0.441877
0.42898
0.475944
0.438349
0.513731
0.444426
0.55249
0.446619
0.589797
0.446362
0.625041
0.445535
0.659667
0.445003
0.695617
0.444773
0.733805
0.444595
0.77443
0.444379
0.817322
0.444118
0.862558
0.443868
0.91018
0.443632
0.960496
0.443415
1.01361
0.443221
1.06961
0.443059
1.1285
0.442945
1.19092
0.442862
1.25677
0.442843
1.32604
0.442889
1.39939
0.443008
1.47657
0.44321
1.55823
0.443512
1.64423
0.443898
1.73514
0.444404
1.83105
0.445029
1.93224
0.445783
2.03898
0.446683
2.15165
0.447718
2.27066
0.448895
2.39613
0.450236
2.52845
0.451737
2.66815
0.453407
2.8156
0.455229
2.97107
0.4572
3.13521
0.459333
3.30812
0.461612
3.49071
0.464027
3.6831
0.466565
3.88619
0.469213
4.10035
0.471955
4.32594
0.474781
4.56413
0.477656
4.81503
0.480558
5.07965
0.483485
5.35874
0.486418
5.6528
0.48931
5.96287
0.492169
6.28982
0.49498
6.63458
0.497707
6.99792
0.500333
7.38086
0.502866
7.78558
0.504649
5.95556
0.506452
6.55045
0.508274
7.20261
0.510086
7.9221
0.511901
8.71226
0.51367
9.58052
0.515432
10.5367
0.517011
11.5849
0.518742
12.7449
0.519883
14.008
0.521819
15.4216
0.522296
16.9295
18.6964
0.480988
-0.481274
0.229795
-0.481577
0.242465
-0.481899
0.255834
-0.482216
0.269924
-0.482554
0.284798
-0.482906
0.300498
-0.483271
0.317042
-0.483652
0.334521
-0.484048
0.352939
-0.484469
0.372385
-0.48489
0.392876
-0.485339
0.41452
-0.485806
0.437341
-0.486304
0.461417
-0.486805
0.486817
-0.487339
0.513612
-0.487897
0.54188
-0.488481
0.571702
-0.489102
0.603159
-0.489733
0.636331
-0.490404
0.671363
-0.491107
0.708281
-0.491843
0.747248
-0.492614
0.788347
-0.493421
0.831729
-0.494276
0.877467
-0.495151
0.925742
-0.496075
0.97671
-0.49704
1.03032
-0.498057
1.08713
-0.499098
1.14688
-0.500191
1.20986
-0.501328
1.27658
-0.502508
1.34677
-0.503731
1.42086
-0.504997
1.4991
-0.506304
1.58163
-0.507652
1.66872
-0.509048
1.76052
-0.510462
1.85739
-0.511921
1.95965
-0.513412
2.06768
-0.514933
2.1815
-0.516482
2.30162
-0.518054
2.42847
-0.519657
2.56232
-0.521258
2.70342
-0.522884
2.85247
-0.524531
3.0096
-0.526176
3.17561
-0.527818
3.35064
-0.529473
3.53538
-0.531138
3.73037
-0.532792
3.93598
-0.534443
4.15319
-0.536088
4.38212
-0.537715
4.62384
-0.539353
4.8789
-0.540962
5.14793
-0.542572
5.4318
-0.544171
5.73141
-0.545771
6.04745
-0.547348
6.38085
-0.548902
6.7328
-0.550452
7.10385
-0.551985
7.49504
-0.553512
7.90874
-0.554623
6.21165
-0.555761
6.83199
-0.557011
7.5155
-0.558319
8.2687
-0.559575
9.09425
-0.560932
10.0045
-0.562369
11.0043
-0.563738
12.1063
-0.565311
13.3127
-0.566334
14.6444
-0.568395
16.0946
-0.569628
17.7201
19.4787
0.480753
0.225553
0.480519
0.237917
0.480282
0.25097
0.480132
0.264742
0.48003
0.279369
0.479616
0.294871
0.478078
0.310984
0.474598
0.327025
0.468786
0.342244
0.460958
0.356215
0.452114
0.369281
0.443808
0.382344
0.437994
0.396954
0.436415
0.415036
0.43991
0.438381
0.447838
0.468017
0.458122
0.503446
0.467745
0.542867
0.474087
0.583455
0.47646
0.622668
0.476279
0.659848
0.475468
0.696428
0.474956
0.734316
0.474783
0.774603
0.474659
0.817446
0.474496
0.862721
0.474299
0.910377
0.474102
0.960693
0.473917
1.0138
0.473749
1.06978
0.473604
1.12864
0.473487
1.19104
0.473406
1.25685
0.473378
1.32607
0.473392
1.39938
0.473464
1.4765
0.473603
1.55809
0.473809
1.64403
0.474116
1.73483
0.474506
1.83066
0.474988
1.93176
0.475598
2.03837
0.476307
2.15094
0.477151
2.26982
0.478127
2.39516
0.479241
2.52734
0.480508
2.66688
0.481904
2.8142
0.483459
2.96952
0.485163
3.1335
0.487023
3.30626
0.489018
3.48871
0.491141
3.68097
0.493402
3.88393
0.495791
4.09796
0.498276
4.32346
0.500843
4.56157
0.503494
4.81238
0.506212
5.07693
0.508959
5.35599
0.511717
5.65004
0.514494
5.96009
0.517236
6.28707
0.519954
6.63186
0.522621
6.99525
0.525229
7.37825
0.527734
7.78307
0.529507
5.95378
0.531319
6.54864
0.533162
7.20076
0.535025
7.92024
0.536874
8.71041
0.538656
9.57874
0.540506
10.5348
0.542209
11.5832
0.544036
12.7431
0.545341
14.0067
0.54725
15.4197
0.547809
16.9289
18.6941
0.511249
-0.511511
0.230057
-0.511772
0.242727
-0.512034
0.256096
-0.512316
0.270206
-0.512618
0.2851
-0.512914
0.300793
-0.51323
0.317358
-0.513559
0.33485
-0.513911
0.353291
-0.514259
0.372733
-0.51464
0.393256
-0.515027
0.414908
-0.515432
0.437746
-0.515846
0.461831
-0.516288
0.487259
-0.51676
0.514083
-0.517244
0.542364
-0.517742
0.5722
-0.518273
0.60369
-0.51884
0.636897
-0.519415
0.671938
-0.520037
0.708903
-0.520672
0.747882
-0.521356
0.789031
-0.522055
0.832428
-0.522798
0.87821
-0.523577
0.926521
-0.524394
0.977526
-0.525249
1.03117
-0.526144
1.08803
-0.52709
1.14783
-0.528067
1.21083
-0.529079
1.27759
-0.530142
1.34784
-0.531249
1.42197
-0.532409
1.50026
-0.533603
1.58282
-0.534841
1.66996
-0.536111
1.76179
-0.537432
1.85871
-0.538793
1.96102
-0.540193
2.06908
-0.54163
2.18293
-0.543111
2.3031
-0.544615
2.42997
-0.546139
2.56384
-0.5477
2.70498
-0.549286
2.85406
-0.550893
3.01121
-0.552519
3.17724
-0.55417
3.35229
-0.555825
3.53704
-0.55748
3.73202
-0.559153
3.93766
-0.560831
4.15487
-0.562511
4.3838
-0.564191
4.62552
-0.565868
4.88057
-0.567553
5.14962
-0.569224
5.43347
-0.57088
5.73306
-0.57254
6.04911
-0.574192
6.3825
-0.575825
6.73443
-0.577487
7.10551
-0.579056
7.49661
-0.580671
7.91036
-0.581861
6.21284
-0.583187
6.83332
-0.584385
7.5167
-0.58574
8.27005
-0.587257
9.09577
-0.588718
10.006
-0.590161
11.0058
-0.591655
12.1078
-0.593438
13.3145
-0.594603
14.6456
-0.596688
16.0967
-0.598031
17.7215
19.4831
0.511062
0.22574
0.510854
0.238125
0.510635
0.251189
0.510419
0.264958
0.510285
0.279503
0.510216
0.29494
0.509904
0.311296
0.508534
0.328395
0.505244
0.345534
0.499542
0.361917
0.491697
0.377126
0.482727
0.391313
0.474236
0.405445
0.46821
0.421063
0.466435
0.440156
0.469842
0.464609
0.477824
0.495465
0.48831
0.532381
0.498205
0.57356
0.50481
0.616062
0.50735
0.657309
0.507239
0.696539
0.506439
0.735116
0.505938
0.775104
0.505787
0.817597
0.505723
0.862785
0.505604
0.910496
0.505449
0.960848
0.505294
1.01395
0.505151
1.06992
0.505023
1.12877
0.504915
1.19115
0.504835
1.25693
0.50478
1.32613
0.504774
1.39938
0.504815
1.47645
0.50491
1.55799
0.505067
1.64387
0.505292
1.73461
0.505594
1.83036
0.50599
1.93136
0.506461
2.0379
0.50704
2.15036
0.507737
2.26912
0.50854
2.39435
0.509465
2.52642
0.510509
2.66584
0.511695
2.81301
0.513018
2.96819
0.514488
3.13203
0.51608
3.30466
0.517818
3.48698
0.519701
3.67909
0.521704
3.88192
0.523821
4.09585
0.526059
4.32122
0.528399
4.55923
0.530827
4.80995
0.533328
5.07443
0.535887
5.35343
0.538495
5.64743
0.541107
5.95748
0.543744
6.28444
0.546351
6.62926
0.548939
6.99266
0.551481
7.37571
0.553971
7.78058
0.55577
5.95199
0.55756
6.54685
0.559361
7.19896
0.561224
7.91837
0.563146
8.70849
0.565061
9.57682
0.566952
10.533
0.568569
11.5816
0.570484
12.7412
0.571825
14.0053
0.574046
15.4175
0.574571
16.9284
18.6916
0.542776
-0.542995
0.230276
-0.543223
0.242954
-0.543459
0.256332
-0.543705
0.270451
-0.543959
0.285355
-0.544233
0.301067
-0.544499
0.317624
-0.544794
0.335145
-0.545083
0.35358
-0.545393
0.373043
-0.545717
0.39358
-0.546054
0.415246
-0.546407
0.438098
-0.546775
0.462199
-0.54716
0.487644
-0.547563
0.514486
-0.547985
0.542787
-0.548437
0.572652
-0.548892
0.604146
-0.549379
0.637384
-0.5499
0.672459
-0.550429
0.709432
-0.551003
0.748456
-0.551587
0.789616
-0.552211
0.833052
-0.552867
0.878866
-0.553556
0.92721
-0.554289
0.978259
-0.555049
1.03193
-0.555837
1.08881
-0.556673
1.14866
-0.557549
1.21171
-0.558465
1.27851
-0.559424
1.3488
-0.560435
1.42298
-0.561471
1.5013
-0.56256
1.58391
-0.563693
1.67109
-0.56487
1.76297
-0.5661
1.85994
-0.567364
1.96228
-0.568671
2.07039
-0.57001
2.18427
-0.571399
2.30449
-0.572827
2.4314
-0.574291
2.56531
-0.575791
2.70648
-0.577323
2.85559
-0.578885
3.01277
-0.580475
3.17883
-0.582091
3.35391
-0.583728
3.53867
-0.585386
3.73368
-0.58706
3.93933
-0.588748
4.15656
-0.590447
4.3855
-0.592154
4.62723
-0.593847
4.88227
-0.595544
5.15131
-0.597274
5.4352
-0.598986
5.73478
-0.600778
6.0509
-0.602467
6.38419
-0.604163
6.73613
-0.605872
7.10722
-0.607675
7.49841
-0.609266
7.91195
-0.610626
6.2142
-0.611843
6.83454
-0.613328
7.51818
-0.61467
8.2714
-0.616182
9.09728
-0.617753
10.0076
-0.619517
11.0076
-0.621139
12.1094
-0.622832
13.3162
-0.624138
14.6469
-0.626589
16.0991
-0.628031
17.7229
19.4877
0.542628
0.225888
0.542448
0.238305
0.542256
0.251382
0.542041
0.265173
0.541834
0.27971
0.54171
0.295065
0.541682
0.311324
0.541458
0.32862
0.540276
0.346716
0.537185
0.365007
0.531623
0.382688
0.523793
0.399143
0.514694
0.414545
0.505977
0.429779
0.499681
0.446452
0.497692
0.466598
0.500984
0.492173
0.509024
0.524341
0.519692
0.562892
0.52984
0.605914
0.536667
0.650482
0.539343
0.693863
0.539273
0.735187
0.538476
0.775902
0.538026
0.818047
0.53792
0.86289
0.537897
0.910519
0.537812
0.960933
0.537684
1.01408
0.537556
1.07005
0.537445
1.12888
0.53735
1.19124
0.537273
1.25701
0.537221
1.32618
0.537201
1.3994
0.53722
1.47644
0.537282
1.55793
0.537394
1.64376
0.537564
1.73444
0.537798
1.83012
0.538102
1.93106
0.538485
2.03752
0.538953
2.14989
0.539513
2.26856
0.540174
2.39369
0.540941
2.52565
0.541821
2.66496
0.54282
2.81201
0.543942
2.96707
0.545191
3.13078
0.546569
3.30329
0.548078
3.48547
0.549717
3.67745
0.551482
3.88016
0.55337
4.09396
0.555374
4.31922
0.557494
4.55711
0.559704
4.80774
0.561989
5.07214
0.564355
5.35106
0.566778
5.64501
0.569271
5.95498
0.571685
6.28202
0.574262
6.62668
0.576717
6.99021
0.579157
7.37327
0.581576
7.77816
0.583341
5.95022
0.585134
6.54505
0.58698
7.19712
0.588958
7.9164
0.590775
8.70667
0.592662
9.57493
0.594608
10.531
0.596374
11.5798
0.598384
12.7392
0.599771
14.004
0.602043
15.4152
0.602771
16.9277
18.6889
0.575638
-0.57583
0.230467
-0.576028
0.243153
-0.576234
0.256538
-0.576458
0.270674
-0.576671
0.285568
-0.576902
0.301298
-0.577151
0.317873
-0.577392
0.335386
-0.577652
0.35384
-0.577922
0.373314
-0.578205
0.393862
-0.5785
0.41554
-0.578807
0.438406
-0.579129
0.46252
-0.579475
0.48799
-0.579819
0.51483
-0.580189
0.543156
-0.580577
0.57304
-0.580984
0.604553
-0.581412
0.637813
-0.581862
0.672909
-0.582335
0.709905
-0.582833
0.748954
-0.583357
0.79014
-0.583918
0.833613
-0.584489
0.879437
-0.58511
0.927831
-0.585744
0.978893
-0.586421
1.03261
-0.587142
1.08954
-0.587881
1.1494
-0.588667
1.2125
-0.589501
1.27934
-0.590366
1.34966
-0.591264
1.42388
-0.592213
1.50225
-0.593205
1.58491
-0.594242
1.67213
-0.595323
1.76405
-0.596449
1.86107
-0.59762
1.96345
-0.598836
2.07161
-0.600107
2.18554
-0.601402
2.30578
-0.60275
2.43275
-0.604151
2.56671
-0.605582
2.70791
-0.607052
2.85706
-0.608589
3.01431
-0.610074
3.18031
-0.611641
3.35548
-0.613238
3.54027
-0.614884
3.73533
-0.616594
3.94104
-0.618278
4.15824
-0.619932
4.38716
-0.621642
4.62894
-0.623396
4.88402
-0.625242
5.15316
-0.6269
5.43686
-0.628767
5.73664
-0.630441
6.05258
-0.63222
6.38597
-0.634102
6.73801
-0.635782
7.1089
-0.637562
7.50019
-0.639441
7.91383
-0.640664
6.21542
-0.642058
6.83593
-0.643522
7.51965
-0.645161
8.27304
-0.646672
9.09879
-0.648353
10.0093
-0.650136
11.0093
-0.651884
12.1112
-0.653821
13.3182
-0.65525
14.6483
-0.657811
16.1017
-0.659515
17.7246
19.4927
0.575504
0.226022
0.57536
0.23845
0.575202
0.25154
0.575023
0.265351
0.57482
0.279913
0.574621
0.295265
0.5745
0.311444
0.574506
0.328614
0.574364
0.346858
0.57337
0.366001
0.570524
0.385534
0.565122
0.404545
0.557273
0.422394
0.547947
0.439106
0.538872
0.455527
0.532181
0.473288
0.529897
0.494457
0.533083
0.521155
0.541286
0.554689
0.552323
0.594877
0.562912
0.639892
0.570068
0.686707
0.572858
0.732397
0.572715
0.776044
0.571778
0.818985
0.571241
0.863427
0.571166
0.910593
0.571214
0.960886
0.571189
1.01411
0.571095
1.07014
0.57099
1.12899
0.570902
1.19133
0.570833
1.25708
0.570783
1.32623
0.570766
1.39942
0.570769
1.47643
0.570807
1.55789
0.570886
1.64368
0.571003
1.73432
0.571192
1.82993
0.571421
1.93083
0.571726
2.03721
0.572112
2.14951
0.572559
2.26812
0.573102
2.39315
0.573737
2.52501
0.57448
2.66422
0.575319
2.81117
0.576269
2.96612
0.577324
3.12973
0.578507
3.3021
0.579803
3.48417
0.581257
3.676
0.582759
3.87866
0.584447
4.09227
0.58625
4.31741
0.588098
4.55526
0.590105
4.80573
0.592272
5.06998
0.594389
5.34895
0.596624
5.64277
0.598925
5.95268
0.601365
6.27958
0.603642
6.6244
0.606028
6.98782
0.608507
7.37079
0.610869
7.7758
0.612472
5.94862
0.614238
6.54329
0.616168
7.19519
0.617943
7.91462
0.619973
8.70464
0.621774
9.57313
0.623779
10.529
0.625561
11.5781
0.627802
12.7369
0.62906
14.0027
0.631583
15.4127
0.632056
16.9272
18.6856
0.609955
-0.610121
0.230633
-0.610294
0.243325
-0.610472
0.256717
-0.610658
0.27086
-0.610851
0.285761
-0.611052
0.301498
-0.611251
0.318073
-0.611478
0.335612
-0.611705
0.354066
-0.611941
0.37355
-0.612187
0.394109
-0.612444
0.415798
-0.612714
0.438675
-0.612995
0.462802
-0.61329
0.488285
-0.613599
0.515139
-0.613924
0.543481
-0.614265
0.57338
-0.614623
0.604911
-0.615
0.638189
-0.615396
0.673306
-0.615805
0.710313
-0.616226
0.749375
-0.61668
0.790594
-0.617216
0.834149
-0.617722
0.879943
-0.618228
0.928337
-0.61881
0.979476
-0.619414
1.03321
-0.620088
1.09021
-0.620702
1.15001
-0.621474
1.21327
-0.62216
1.28003
-0.622997
1.3505
-0.623828
1.42471
-0.62468
1.5031
-0.625584
1.58581
-0.626559
1.6731
-0.627532
1.76502
-0.628511
1.86205
-0.629612
1.96455
-0.630741
2.07274
-0.631897
2.1867
-0.633176
2.30706
-0.634367
2.43394
-0.635739
2.56808
-0.637089
2.70926
-0.638473
2.85844
-0.63992
3.01575
-0.641409
3.1818
-0.642938
3.357
-0.644603
3.54194
-0.646207
3.73693
-0.647747
3.94258
-0.649415
4.15991
-0.65121
4.38895
-0.652931
4.63066
-0.654676
4.88576
-0.656342
5.15483
-0.658227
5.43874
-0.65993
5.73835
-0.661748
6.05439
-0.663578
6.3878
-0.665419
6.73985
-0.667368
7.11085
-0.669121
7.50194
-0.670979
7.91568
-0.67237
6.21681
-0.673838
6.8374
-0.675386
7.52119
-0.677014
8.27466
-0.678733
9.10051
-0.680526
10.011
-0.682446
11.0113
-0.684308
12.113
-0.686424
13.3203
-0.687939
14.6498
-0.690812
16.1046
-0.692678
17.7265
19.4982
0.609841
0.226136
0.609718
0.238573
0.609585
0.251673
0.60944
0.265497
0.609275
0.280078
0.609085
0.295454
0.608893
0.311636
0.60877
0.328737
0.608764
0.346864
0.608686
0.366079
0.607889
0.386331
0.605442
0.406992
0.60058
0.427255
0.593193
0.446493
0.584077
0.464643
0.574839
0.482527
0.567616
0.50168
0.564515
0.524256
0.566821
0.552383
0.574312
0.587386
0.585038
0.629167
0.595803
0.675942
0.6036
0.7246
0.607189
0.772455
0.607567
0.818607
0.606751
0.864242
0.606105
0.911239
0.605924
0.961067
0.605949
1.01408
0.605912
1.07018
0.605895
1.129
0.605789
1.19144
0.605779
1.25709
0.60565
1.32636
0.605616
1.39946
0.605652
1.4764
0.605697
1.55785
0.605701
1.64367
0.605799
1.73422
0.605913
1.82982
0.606104
1.93064
0.606379
2.03694
0.606668
2.14922
0.607007
2.26778
0.607493
2.39266
0.607958
2.52455
0.608583
2.66359
0.609291
2.81047
0.610069
2.96534
0.611006
3.12879
0.611986
3.30112
0.613086
3.48307
0.61432
3.67477
0.615761
3.87721
0.617131
4.0909
0.618708
4.31584
0.62049
4.55348
0.622189
4.80404
0.624082
5.06808
0.626064
5.34696
0.628127
5.64071
0.63026
5.95055
0.632451
6.27739
0.634687
6.62217
0.63705
6.98546
0.639237
7.3686
0.641518
7.77352
0.643174
5.94696
0.6449
6.54156
0.646711
7.19337
0.648558
7.91277
0.650511
8.70269
0.652387
9.57126
0.654486
10.5269
0.656309
11.5762
0.658574
12.7346
0.659855
14.0014
0.662721
15.4098
0.662766
16.9271
18.6817
1.02459
-1.02453
0.23058
-1.02439
0.243178
-1.02432
0.256653
-1.02422
0.270759
-1.02419
0.285725
-1.024
0.301314
-1.02395
0.318021
-1.02381
0.335468
-1.02367
0.353934
-1.02343
0.373309
-1.02335
0.394023
-1.02312
0.415575
-1.02293
0.438478
-1.02275
0.462621
-1.02245
0.48799
-1.02223
0.51492
-1.02196
0.543207
-1.0217
0.573118
-1.02144
0.604653
-1.02114
0.63789
-1.02078
0.672948
-1.02054
0.710068
-1.02018
0.749018
-1.01976
0.790174
-1.01937
0.833762
-1.01893
0.879497
-1.01852
0.927928
-1.01805
0.979011
-1.01753
1.03269
-1.01696
1.08964
-1.01644
1.14949
-1.01577
1.2126
-1.01515
1.27941
-1.01449
1.34984
-1.01379
1.424
-1.01304
1.50235
-1.01216
1.58493
-1.01134
1.67228
-1.01039
1.76407
-1.0095
1.86116
-1.00838
1.96343
-1.00732
2.07168
-1.00613
2.18551
-1.00472
2.30565
-1.00337
2.43259
-1.00179
2.5665
-1.00018
2.70765
-0.998426
2.85669
-0.99644
3.01377
-0.994411
3.17977
-0.992239
3.35483
-0.989626
3.53932
-0.986958
3.73426
-0.984132
3.93976
-0.980946
4.15672
-0.977491
4.3855
-0.973761
4.62693
-0.969751
4.88175
-0.965355
5.15043
-0.960567
5.43396
-0.955481
5.73326
-0.949889
6.0488
-0.943884
6.3818
-0.937255
6.73322
-0.930196
7.10379
-0.9226
7.49435
-0.914357
7.90744
-0.90758
6.21003
-0.899958
6.82978
-0.891488
7.51272
-0.881955
8.26513
-0.871358
9.08992
-0.859471
9.99916
-0.846299
10.9981
-0.831486
12.0982
-0.814989
13.3038
-0.795922
14.6308
-0.776092
16.0847
-0.752438
17.7028
19.479
1.02422
0.226501
1.02379
0.239005
1.02335
0.252109
1.02291
0.265937
1.02236
0.28063
1.02187
0.295949
1.02131
0.312195
1.0206
0.329443
1.02011
0.347352
1.01963
0.366566
1.01918
0.386776
1.01804
0.408133
1.01491
0.430386
1.00839
0.453011
0.998023
0.475011
0.984412
0.496138
0.969371
0.516721
0.956241
0.537386
0.948214
0.56041
0.948006
0.587595
0.956051
0.621122
0.970243
0.66175
0.986277
0.708565
0.999412
0.75932
1.0067
0.811319
1.00849
0.862454
1.00703
0.912703
1.00487
0.963219
1.00318
1.01577
1.00201
1.07135
1.00084
1.13017
0.999726
1.19255
0.99826
1.25855
0.996861
1.32776
0.995386
1.40093
0.993759
1.47802
0.992168
1.55944
0.99052
1.64532
0.988825
1.73592
0.987089
1.83156
0.985319
1.93241
0.983524
2.03873
0.981615
2.15112
0.979789
2.2696
0.977773
2.39468
0.975854
2.52647
0.97376
2.66569
0.97178
2.81245
0.969639
2.96749
0.967532
3.1309
0.96537
3.30328
0.963158
3.48528
0.960899
3.67702
0.958501
3.87961
0.956152
4.09325
0.953566
4.31842
0.950928
4.55611
0.948231
4.80673
0.945277
5.07104
0.942243
5.35
0.939019
5.64393
0.935398
5.95417
0.931554
6.28124
0.927468
6.62625
0.922926
6.99
0.918098
7.37343
0.912763
7.77885
0.908359
5.95136
0.903447
6.54647
0.897836
7.19899
0.891478
7.91913
0.884315
8.70985
0.876192
9.57938
0.867122
10.536
0.856522
11.5868
0.845076
12.7461
0.831079
14.0154
0.81705
15.4238
0.798407
16.9458
18.699
1.0873
-1.0871
0.230378
-1.0871
0.243172
-1.08691
0.256466
-1.08673
0.270579
-1.08646
0.285459
-1.08639
0.301244
-1.08615
0.317772
-1.08591
0.335229
-1.08568
0.353705
-1.08546
0.373089
-1.08515
0.393721
-1.08496
0.41538
-1.08459
0.438106
-1.08432
0.462358
-1.08398
0.487646
-1.08365
0.514592
-1.08334
0.542896
-1.08296
0.572731
-1.08249
0.60419
-1.08205
0.637448
-1.08163
0.672527
-1.08104
0.709482
-1.08048
0.748456
-1.08004
0.789734
-1.07934
0.833065
-1.07877
0.878924
-1.07813
0.927292
-1.07744
0.978314
-1.07677
1.03203
-1.07605
1.08892
-1.07528
1.14871
-1.07445
1.21177
-1.07356
1.27852
-1.07253
1.34881
-1.07155
1.42302
-1.07052
1.50132
-1.06955
1.58395
-1.06824
1.67097
-1.06708
1.76291
-1.06579
1.85986
-1.06436
1.96201
-1.0629
2.07022
-1.0613
2.18392
-1.05967
2.30402
-1.05791
2.43083
-1.05602
2.56461
-1.054
2.70563
-1.05175
2.85444
-1.04947
3.01148
-1.04705
3.17735
-1.0443
3.35208
-1.04141
3.53644
-1.03838
3.73124
-1.03502
3.93639
-1.0315
4.15321
-1.02763
4.38163
-1.0235
4.6228
-1.019
4.87726
-1.01424
5.14567
-1.00911
5.42882
-1.0035
5.72765
-0.997499
6.0428
-0.991003
6.3753
-0.984104
6.72632
-0.976592
7.09628
-0.968559
7.48631
-0.959895
7.89878
-0.952686
6.20282
-0.944748
6.82184
-0.935771
7.50375
-0.925747
8.25511
-0.914676
9.07885
-0.90233
9.98682
-0.888506
10.9843
-0.87295
12.0827
-0.8557
13.2865
-0.835921
14.611
-0.815078
16.0639
-0.790503
17.6783
19.4591
1.0869
0.226907
1.08648
0.239421
1.08615
0.25244
1.08562
0.26647
1.08526
0.280986
1.0847
0.296509
1.08412
0.312777
1.0836
0.329963
1.08287
0.348084
1.08225
0.367179
1.08175
0.387284
1.08121
0.408668
1.08034
0.431258
1.0782
0.455149
1.07355
0.479662
1.0652
0.504485
1.05346
0.528468
1.0392
0.551644
1.02516
0.57445
1.01452
0.598232
1.01045
0.625187
1.01431
0.657891
1.02535
0.697527
1.04022
0.744454
1.05439
0.797141
1.06428
0.852571
1.06865
0.908333
1.06869
0.963178
1.06672
1.01774
1.06462
1.07345
1.06295
1.13184
1.06158
1.19392
1.0603
1.25983
1.05887
1.32919
1.05719
1.40261
1.0556
1.47962
1.05375
1.56129
1.05202
1.64704
1.05015
1.7378
1.04822
1.83349
1.04623
1.93439
1.04402
2.04095
1.04195
2.15319
1.03976
2.27179
1.03745
2.39699
1.03513
2.52879
1.03279
2.66802
1.03026
2.81497
1.02783
2.96992
1.02513
3.1336
1.02254
3.30588
1.01978
3.48804
1.01685
3.67995
1.01396
3.8825
1.01092
4.0963
1.00781
4.32153
1.00445
4.55947
1.00103
4.81015
0.997452
5.07462
0.9937
5.35375
0.989578
5.64805
0.985361
5.95839
0.980847
6.28575
0.976021
6.63108
0.970866
6.99515
0.965266
7.37903
0.959293
7.78483
0.954443
5.95622
0.948997
6.55192
0.942874
7.20511
0.936022
7.92598
0.928304
8.71757
0.919637
9.58805
0.909889
10.5457
0.898595
11.5981
0.886552
12.7581
0.871888
14.0301
0.857025
15.4387
0.837553
16.9653
18.717
1.15184
-1.1517
0.230234
-1.15146
0.242939
-1.15124
0.256239
-1.15102
0.270358
-1.1508
0.285245
-1.1505
0.300943
-1.1503
0.317574
-1.15002
0.334942
-1.14974
0.353427
-1.14947
0.372821
-1.14912
0.393367
-1.14868
0.414941
-1.14834
0.437773
-1.14793
0.461943
-1.14752
0.487242
-1.14704
0.514107
-1.14657
0.542425
-1.14602
0.57218
-1.14558
0.603751
-1.14496
0.636835
-1.14437
0.671934
-1.1438
0.708908
-1.14315
0.747808
-1.14243
0.789013
-1.14173
0.832368
-1.14097
0.878158
-1.14023
0.926553
-1.13932
0.977412
-1.13845
1.03116
-1.13742
1.08789
-1.13643
1.14772
-1.13537
1.21071
-1.13436
1.27751
-1.13319
1.34764
-1.13196
1.4218
-1.13069
1.50005
-1.12927
1.58253
-1.1279
1.6696
-1.12638
1.76139
-1.12473
1.85821
-1.12303
1.96031
-1.12119
2.06838
-1.11932
2.18204
-1.11732
2.30201
-1.11518
2.42869
-1.11291
2.56234
-1.1105
2.70322
-1.10797
2.85191
-1.10531
3.00882
-1.10233
3.17437
-1.09931
3.34907
-1.09606
3.53319
-1.09258
3.72776
-1.08887
3.93267
-1.08482
4.14916
-1.08062
4.37743
-1.07609
4.61826
-1.0712
4.87238
-1.06587
5.14033
-1.06027
5.42323
-1.05422
5.72159
-1.0478
6.03638
-1.0409
6.3684
-1.03351
6.71894
-1.02553
7.0883
-1.01694
7.47773
-1.00774
7.88958
-1.0002
6.19528
-0.991831
6.81348
-0.982341
7.49426
-0.972028
8.24479
-0.960377
9.06719
-0.947371
9.97381
-0.93289
10.9698
-0.91672
12.0665
-0.898589
13.2684
-0.87798
14.5904
-0.856177
16.0421
-0.830776
17.6529
19.4382
1.15145
0.227295
1.15115
0.239721
1.15066
0.252938
1.15034
0.266788
1.14982
0.281505
1.14929
0.29704
1.14874
0.313321
1.14828
0.330429
1.14759
0.348769
1.14697
0.367801
1.14625
0.388006
1.1457
0.409222
1.14508
0.431872
1.14453
0.455697
1.14325
0.480946
1.14021
0.50752
1.13408
0.534603
1.12421
0.561513
1.11106
0.587605
1.09652
0.612769
1.08356
0.638145
1.07563
0.665822
1.07511
0.698046
1.08244
0.737123
1.09559
0.783997
1.11046
0.837702
1.12263
0.896154
1.12955
0.956266
1.13136
1.01593
1.12995
1.07487
1.12752
1.13427
1.12543
1.19601
1.12368
1.26158
1.12219
1.33069
1.12068
1.40412
1.11881
1.48149
1.117
1.5631
1.11501
1.64903
1.11296
1.73984
1.11085
1.8356
1.10858
1.93666
1.10644
2.04309
1.10406
2.15557
1.10154
2.27432
1.09907
2.39946
1.09638
2.53149
1.09366
2.67074
1.09082
2.81781
1.08787
2.97287
1.08482
3.13666
1.08167
3.30903
1.07843
3.49129
1.0751
3.68327
1.07159
3.88601
1.06791
4.09998
1.06416
4.32528
1.06034
4.56329
1.05625
4.81424
1.052
5.07887
1.04749
5.35827
1.04279
5.65275
1.03792
5.96326
1.03267
6.29101
1.02712
6.63663
1.02127
7.00101
1.015
7.3853
1.00819
7.79163
1.00289
5.96152
0.996905
6.5579
0.990255
7.21176
0.982807
7.93343
0.974604
8.72577
0.96521
9.59744
0.954919
10.556
0.943098
11.61
0.930234
12.771
0.914986
14.0453
0.899171
15.4545
0.878838
16.9856
18.7358
1.2185
-1.21833
0.230063
-1.21807
0.242677
-1.21781
0.255981
-1.21756
0.270107
-1.21732
0.285
-1.21698
0.300607
-1.21665
0.317245
-1.21633
0.33462
-1.21592
0.353017
-1.21552
0.372418
-1.21512
0.392973
-1.21474
0.414555
-1.21427
0.437301
-1.21381
0.461482
-1.21335
0.486791
-1.21282
0.513572
-1.2122
0.541807
-1.2116
0.571574
-1.21091
0.603064
-1.21033
0.636259
-1.20968
0.671278
-1.20885
0.708078
-1.20813
0.747092
-1.20734
0.788222
-1.20647
0.831501
-1.20553
0.877217
-1.20452
0.92554
-1.20363
0.976521
-1.20248
1.03001
-1.20145
1.08686
-1.20026
1.14653
-1.199
1.20946
-1.19768
1.27619
-1.19631
1.34626
-1.19487
1.42036
-1.19328
1.49846
-1.19173
1.58098
-1.19003
1.6679
-1.18819
1.75955
-1.18639
1.85641
-1.18446
1.95837
-1.18228
2.06621
-1.18006
2.17983
-1.17781
2.29976
-1.17532
2.4262
-1.17269
2.55972
-1.16994
2.70047
-1.16705
2.84902
-1.16394
3.00571
-1.1607
3.17113
-1.15724
3.3456
-1.15354
3.5295
-1.14963
3.72384
-1.14548
3.92853
-1.14111
4.14478
-1.1364
4.37273
-1.13136
4.61322
-1.12598
4.867
-1.12037
5.13472
-1.11421
5.41707
-1.10781
5.71519
-1.10086
6.02942
-1.09344
6.36099
-1.08546
6.71095
-1.077
7.07984
-1.06795
7.46868
-1.05831
7.87994
-1.05032
6.18728
-1.04142
6.80458
-1.03162
7.48446
-1.02061
8.23378
-1.00848
9.05507
-0.994918
9.96025
-0.979791
10.9547
-0.962694
12.0494
-0.943825
13.2495
-0.92239
14.569
-0.899519
16.0192
-0.873316
17.6267
19.4162
1.21823
0.227573
1.21785
0.240101
1.21736
0.253422
1.21697
0.267182
1.21647
0.282004
1.21606
0.297453
1.21554
0.31384
1.21491
0.331056
1.21446
0.34922
1.2138
0.368467
1.2131
0.388705
1.21228
0.410036
1.21161
0.432546
1.21098
0.456324
1.2105
0.481433
1.20971
0.508303
1.20796
0.53636
1.20373
0.565735
1.19595
0.595386
1.18422
0.624504
1.1696
0.652764
1.15512
0.680304
1.14389
0.709272
1.13938
0.741632
1.14297
0.780405
1.15362
0.827059
1.16819
0.881585
1.18197
0.942484
1.19133
1.00657
1.19509
1.07111
1.19463
1.13473
1.19212
1.19852
1.18965
1.26405
1.18756
1.33277
1.18578
1.40589
1.18409
1.48319
1.18212
1.56506
1.18
1.65115
1.17778
1.74207
1.17549
1.83789
1.17313
1.93901
1.17052
2.0457
1.16794
2.15815
1.1652
2.27705
1.16241
2.40225
1.15948
2.53442
1.15641
2.67381
1.1532
2.82102
1.14997
2.9761
1.14661
3.14001
1.14304
3.3126
1.13937
3.49496
1.13549
3.68715
1.13152
3.88998
1.12745
4.10404
1.12311
4.32962
1.11859
4.56782
1.11389
4.81894
1.10892
5.08384
1.10388
5.36331
1.09857
5.65806
1.09288
5.96894
1.08702
6.29687
1.08078
6.64287
1.07415
7.00763
1.06723
7.39222
1.05989
7.79897
1.05404
5.96737
1.04752
6.56442
1.04025
7.21903
1.0322
7.94148
1.02331
8.73466
1.01337
9.60738
1.00236
10.567
0.989778
11.6225
0.976249
12.7845
0.96015
14.0614
0.943535
15.4711
0.922525
17.0066
18.7555
1.28748
-1.28719
0.229775
-1.28691
0.242393
-1.28663
0.255702
-1.28636
0.269832
-1.28599
0.284634
-1.28563
0.300247
-1.28528
0.316892
-1.28483
0.334175
-1.28449
0.352676
-1.28406
0.371987
-1.28354
0.392453
-1.28303
0.414043
-1.28262
0.436894
-1.28203
0.460891
-1.28145
0.48621
-1.28078
0.512904
-1.28022
0.541247
-1.27958
0.570929
-1.27885
0.602335
-1.27803
0.635447
-1.27724
0.670481
-1.27645
0.707295
-1.27549
0.746132
-1.27455
0.78728
-1.27363
0.830578
-1.27263
0.876216
-1.27155
0.924465
-1.27031
0.975274
-1.26918
1.02888
-1.26789
1.08557
-1.26652
1.14516
-1.26519
1.20812
-1.26369
1.27469
-1.26212
1.3447
-1.2605
1.41873
-1.25871
1.49668
-1.25687
1.57914
-1.25497
1.66601
-1.25302
1.7576
-1.25082
1.85421
-1.24857
1.95612
-1.24627
2.06391
-1.24374
2.17729
-1.24106
2.29708
-1.23834
2.42348
-1.23539
2.55677
-1.23231
2.69739
-1.22909
2.84581
-1.22555
3.00217
-1.22199
3.16756
-1.218
3.34161
-1.21408
3.52558
-1.20964
3.7194
-1.20508
3.92397
-1.20029
4.13999
-1.19508
4.36752
-1.18965
4.60779
-1.18389
4.86124
-1.1777
5.12853
-1.17119
5.41056
-1.16414
5.70814
-1.15675
6.02204
-1.14882
6.35306
-1.14044
6.70257
-1.1314
7.0708
-1.12179
7.45908
-1.11161
7.86975
-1.10317
6.17884
-1.09374
6.79515
-1.08342
7.47414
-1.07191
8.22227
-1.059
9.04215
-1.04478
9.94603
-1.02891
10.9388
-1.01131
12.0318
-0.991421
13.2296
-0.969083
14.5466
-0.945335
15.9955
-0.918295
17.5996
19.3935
1.28712
0.227938
1.28665
0.240569
1.28637
0.253702
1.28579
0.267757
1.2854
0.282393
1.28491
0.297946
1.28441
0.314343
1.2839
0.331567
1.28328
0.349839
1.28264
0.369099
1.28199
0.389357
1.28121
0.410815
1.2805
0.433255
1.27971
0.457115
1.27894
0.482204
1.27847
0.508779
1.27787
0.536951
1.27687
0.566742
1.27409
0.598162
1.26813
0.630468
1.25824
0.662655
1.2445
0.694037
1.22926
0.724517
1.21559
0.755302
1.20733
0.788667
1.20701
0.82737
1.21478
0.873816
1.22814
0.929132
1.24278
0.991922
1.25415
1.05973
1.26015
1.12873
1.26088
1.19779
1.25864
1.26629
1.25567
1.33574
1.2532
1.40837
1.25108
1.4853
1.24907
1.56707
1.24692
1.6533
1.2446
1.74439
1.24206
1.84043
1.23954
1.94154
1.23685
2.04839
1.23399
2.16101
1.23106
2.27998
1.22797
2.40533
1.22482
2.53757
1.22143
2.67721
1.21798
2.82446
1.2143
2.97978
1.21049
3.14383
1.20654
3.31654
1.20247
3.49903
1.19819
3.69143
1.19379
3.89438
1.1891
4.10873
1.18431
4.33441
1.17923
4.57289
1.17406
4.8241
1.16862
5.08928
1.16281
5.36913
1.15681
5.66405
1.15055
5.97521
1.14402
6.30341
1.13711
6.64977
1.12983
7.01491
1.12208
7.39998
1.11404
7.80702
1.10765
5.97375
1.1006
6.57147
1.09281
7.22682
1.08417
7.95013
1.07461
8.74422
1.06393
9.61806
1.05229
10.5787
1.03905
11.6358
1.02459
12.799
1.00793
14.0781
0.990512
15.4885
0.968482
17.0286
18.7758
1.35883
-1.35842
0.229372
-1.35812
0.242092
-1.35783
0.255405
-1.35744
0.269443
-1.35705
0.28425
-1.35667
0.299867
-1.3562
0.316421
-1.35583
0.333807
-1.35528
0.352119
-1.35482
0.371534
-1.35438
0.392007
-1.35384
0.413507
-1.35322
0.436269
-1.3526
0.460274
-1.35189
0.485504
-1.3513
0.512305
-1.35051
0.540464
-1.34984
0.570255
-1.34898
0.601477
-1.34823
0.634699
-1.3473
0.669551
-1.34639
0.70638
-1.34549
0.745232
-1.34441
0.786201
-1.34325
0.829418
-1.34211
0.875075
-1.34089
0.923246
-1.33969
0.974075
-1.33832
1.02751
-1.33687
1.08412
-1.33545
1.14374
-1.33387
1.20654
-1.33221
1.27303
-1.33048
1.34297
-1.32859
1.41685
-1.32684
1.49492
-1.32473
1.57703
-1.32265
1.66393
-1.32033
1.75527
-1.31794
1.85183
-1.31551
1.95369
-1.31283
2.06123
-1.3101
2.17456
-1.30723
2.29421
-1.30412
2.42037
-1.30087
2.55352
-1.29749
2.694
-1.29388
2.8422
-1.29013
2.99843
-1.28607
3.16349
-1.28187
3.33742
-1.27736
3.52106
-1.27272
3.71476
-1.26776
3.91901
-1.26239
4.13462
-1.25679
4.36192
-1.25088
4.60188
-1.24465
4.85501
-1.23801
5.12189
-1.23094
5.4035
-1.22346
5.70066
-1.21555
6.01413
-1.20711
6.34462
-1.19813
6.6936
-1.18861
7.06128
-1.17844
7.44891
-1.16751
7.85882
-1.15862
6.16995
-1.14886
6.78539
-1.13793
7.4632
-1.12572
8.21006
-1.11234
9.02877
-1.09747
9.93116
-1.08088
10.9222
-1.06227
12.0132
-1.04149
13.2089
-1.0183
14.5234
-0.993543
15.9707
-0.965797
17.5719
19.3702
1.35837
0.228395
1.35801
0.240933
1.35754
0.254167
1.35717
0.268131
1.35669
0.28287
1.35611
0.298527
1.35562
0.314833
1.35503
0.332162
1.35442
0.350442
1.35381
0.369713
1.35318
0.389982
1.35254
0.411456
1.35168
0.434116
1.35089
0.45791
1.34998
0.483106
1.34915
0.509608
1.34852
0.537589
1.348
0.567258
1.34729
0.598878
1.34565
0.632102
1.34147
0.666836
1.33337
0.702137
1.32096
0.73693
1.30572
0.770536
1.29038
0.804008
1.27899
0.83876
1.2748
0.87801
1.27926
0.924675
1.29072
0.980457
1.30553
1.04493
1.31849
1.11577
1.32654
1.18974
1.32873
1.2641
1.32706
1.33741
1.32385
1.41158
1.3208
1.48835
1.31837
1.5695
1.31606
1.65561
1.31366
1.74679
1.31098
1.84311
1.30819
1.94433
1.30522
2.05136
1.30219
2.16404
1.29909
2.28308
1.29572
2.4087
1.29228
2.54101
1.28868
2.68081
1.28492
2.82822
1.28092
2.98379
1.27686
3.14788
1.27257
3.32083
1.26805
3.50355
1.2634
3.69608
1.25843
3.89934
1.25345
4.11372
1.24806
4.3398
1.24256
4.57839
1.23668
4.82998
1.23071
5.09526
1.22436
5.37548
1.21783
5.67058
1.21093
5.9821
1.20357
6.31077
1.19604
6.6573
1.18805
7.0229
1.17979
7.40824
1.17096
7.81584
1.16406
5.98066
1.1564
6.57913
1.14801
7.23521
1.13877
7.95937
1.12855
8.75444
1.11724
9.62937
1.1048
10.5911
1.09081
11.6498
1.07574
12.8141
1.05815
14.0957
1.03978
15.5069
1.01702
17.0514
18.7966
1.4325
-1.43228
0.229156
-1.43187
0.241685
-1.43157
0.255099
-1.43117
0.269044
-1.43077
0.283855
-1.43038
0.299477
-1.4299
0.315938
-1.42933
0.333232
-1.42895
0.351745
-1.42839
0.370971
-1.42774
0.391353
-1.42719
0.412957
-1.42655
0.435628
-1.42582
0.459543
-1.42519
0.48488
-1.42448
0.511592
-1.42368
0.539662
-1.42279
0.569365
-1.42201
0.600696
-1.42104
0.633734
-1.42009
0.668598
-1.41905
0.705341
-1.41802
0.744207
-1.41692
0.785093
-1.41573
0.828228
-1.41455
0.873902
-1.4132
0.921894
-1.41177
0.972645
-1.41026
1.026
-1.40878
1.08264
-1.40712
1.14208
-1.40538
1.2048
-1.40358
1.27123
-1.40171
1.3411
-1.39976
1.4149
-1.39756
1.49271
-1.39549
1.57496
-1.39306
1.6615
-1.39067
1.75288
-1.38802
1.84919
-1.38533
1.95099
-1.38248
2.05838
-1.37948
2.17156
-1.37624
2.29097
-1.37285
2.41699
-1.36943
2.55009
-1.36567
2.69025
-1.36168
2.83821
-1.35757
2.99431
-1.35322
3.15914
-1.34875
3.33295
-1.34386
3.51618
-1.33875
3.70966
-1.33333
3.91358
-1.32769
4.12898
-1.32163
4.35587
-1.31526
4.59551
-1.30849
4.84824
-1.3014
5.1148
-1.29381
5.3959
-1.2859
5.69276
-1.27739
6.00561
-1.26845
6.33568
-1.25879
6.68394
-1.2487
7.05119
-1.23798
7.43818
-1.22651
7.84735
-1.21719
6.16063
-1.2068
6.775
-1.19525
7.45166
-1.18255
8.19736
-1.16851
9.01473
-1.15279
9.91545
-1.13538
10.9048
-1.11597
11.9938
-1.09433
13.1872
-1.07023
14.4993
-1.04466
15.9451
-1.01596
17.5432
19.347
1.43214
0.228755
1.43177
0.241297
1.43131
0.254633
1.43084
0.268602
1.43036
0.283345
1.42988
0.299007
1.4293
0.315417
1.42871
0.332753
1.42811
0.351041
1.4275
0.370319
1.42679
0.390695
1.42607
0.412179
1.42533
0.434853
1.42447
0.458766
1.42359
0.483994
1.42267
0.510523
1.42169
0.538572
1.42076
0.568189
1.42018
0.599451
1.41958
0.632712
1.4186
0.667815
1.41577
0.704965
1.40949
0.74321
1.39872
0.781309
1.38412
0.818599
1.36786
0.855029
1.35385
0.892021
1.34611
0.932408
1.34696
0.979606
1.35603
1.03586
1.37012
1.10168
1.38409
1.17577
1.39382
1.25437
1.39754
1.33369
1.39641
1.41271
1.39325
1.49152
1.38982
1.57293
1.38709
1.65834
1.38469
1.74919
1.38211
1.84569
1.37919
1.94726
1.37617
2.05438
1.37295
2.16726
1.36947
2.28656
1.36593
2.41225
1.36221
2.54472
1.35833
2.68469
1.35418
2.83237
1.34997
2.988
1.34551
3.15235
1.3408
3.32554
1.33595
3.50841
1.33095
3.70108
1.32564
3.90466
1.32
4.11936
1.31434
4.34546
1.30828
4.58445
1.30201
4.83625
1.29536
5.10191
1.28852
5.38232
1.2813
5.6778
1.27381
5.9896
1.26596
6.31862
1.25774
6.66552
1.24917
7.03147
1.24005
7.41735
1.23067
7.82522
1.22318
5.98816
1.21493
6.58737
1.20606
7.24409
1.19616
7.96926
1.1853
8.76531
1.17327
9.64139
1.16006
10.6043
1.14534
11.6645
1.12939
12.83
1.11099
14.1141
1.09209
15.5258
1.06818
17.0753
18.8173
1.50854
-1.50822
0.228833
-1.5079
0.241365
-1.50739
0.254588
-1.50698
0.268634
-1.50657
0.28345
-1.50607
0.298979
-1.50558
0.315445
-1.50509
0.332744
-1.50451
0.351165
-1.50394
0.370396
-1.50337
0.390785
-1.50271
0.412298
-1.50206
0.434977
-1.50132
0.458801
-1.50058
0.484146
-1.49976
0.510769
-1.49895
0.538849
-1.49805
0.568464
-1.49715
0.599805
-1.49618
0.632756
-1.49511
0.667535
-1.49406
0.704291
-1.49283
0.742975
-1.49161
0.783875
-1.49041
0.827026
-1.48903
0.87252
-1.48757
0.920432
-1.48612
0.971202
-1.4846
1.02448
-1.4829
1.08094
-1.48123
1.14041
-1.47938
1.20296
-1.47747
1.26931
-1.47548
1.33911
-1.47332
1.41275
-1.471
1.49039
-1.46861
1.57257
-1.46616
1.65905
-1.46345
1.75017
-1.46078
1.84652
-1.45776
1.94797
-1.45468
2.0553
-1.45146
2.16834
-1.44808
2.2876
-1.44447
2.41338
-1.44062
2.54624
-1.43662
2.68625
-1.4325
2.83408
-1.42804
2.98985
-1.42336
3.15446
-1.41836
3.32794
-1.41323
3.51105
-1.40769
3.70411
-1.40193
3.90782
-1.39586
4.12291
-1.38938
4.34939
-1.38259
4.58872
-1.37539
4.84104
-1.3678
5.10721
-1.3598
5.38791
-1.35131
5.68426
-1.3423
5.99661
-1.33269
6.32607
-1.32267
6.67392
-1.31194
7.04046
-1.30058
7.42683
-1.28859
7.83536
-1.27862
6.15066
-1.26771
6.76409
-1.25567
7.43961
-1.24229
8.18398
-1.22748
8.99992
-1.21102
9.899
-1.19279
10.8865
-1.17251
11.9735
-1.14991
13.1646
-1.12497
14.4744
-1.09842
15.9186
-1.06867
17.5134
19.3255
1.50818
0.229111
1.50773
0.241754
1.50726
0.255095
1.5068
0.269067
1.50623
0.283913
1.50576
0.299483
1.50527
0.315898
1.50469
0.333338
1.504
0.35173
1.5033
0.371016
1.5026
0.391399
1.50189
0.412893
1.50107
0.435674
1.50023
0.459599
1.49938
0.484846
1.4984
0.511502
1.49738
0.539587
1.49627
0.569309
1.49524
0.600478
1.49445
0.633498
1.49376
0.668505
1.49301
0.705714
1.49117
0.745053
1.4865
0.785977
1.47748
0.827621
1.46389
0.868616
1.44736
0.90855
1.43153
0.948241
1.42088
0.990253
1.41863
1.03811
1.42572
1.0946
1.43936
1.16212
1.45471
1.23902
1.46632
1.32208
1.47152
1.40751
1.47064
1.49239
1.46655
1.57703
1.46197
1.66292
1.45801
1.75314
1.45503
1.84867
1.4521
1.95019
1.44904
2.05744
1.44558
2.17072
1.44197
2.29016
1.43828
2.41594
1.43423
2.54877
1.4302
2.68873
1.4259
2.83667
1.42133
2.99257
1.4166
3.15708
1.41161
3.33053
1.40646
3.51355
1.40088
3.70666
1.39525
3.91029
1.3893
4.12531
1.38302
4.35174
1.37653
4.59094
1.36973
4.84305
1.36263
5.10901
1.35524
5.3897
1.34748
5.68556
1.33934
5.99773
1.33094
6.32703
1.32209
6.67437
1.31279
7.04077
1.30324
7.4269
1.29296
7.8355
1.285
5.99612
1.27639
6.59598
1.26667
7.2538
1.25614
7.97979
1.24465
8.77679
1.23195
9.65409
1.21807
10.6182
1.20248
11.6801
1.18585
12.8466
1.1666
14.1333
1.14688
15.5455
1.12198
17.1002
18.8367
1.58848
-1.58805
0.228407
-1.58763
0.240943
-1.58721
0.254169
-1.5868
0.268219
-1.58629
0.282941
-1.58578
0.298474
-1.58519
0.314846
-1.58469
0.332248
-1.5841
0.350576
-1.58352
0.369812
-1.58284
0.390108
-1.58207
0.411529
-1.58131
0.434214
-1.58065
0.458143
-1.5798
0.483298
-1.57896
0.509929
-1.57803
0.537918
-1.57711
0.567542
-1.5761
0.598794
-1.575
0.631657
-1.57391
0.666445
-1.57273
0.703115
-1.57147
0.741712
-1.57022
0.782625
-1.56879
0.825593
-1.56727
0.871004
-1.56587
0.91903
-1.56419
0.969522
-1.56243
1.02272
-1.56069
1.0792
-1.55877
1.13849
-1.55678
1.20097
-1.55472
1.26725
-1.55248
1.33687
-1.55008
1.41034
-1.54781
1.48812
-1.54507
1.56984
-1.54237
1.65635
-1.53962
1.74741
-1.5366
1.8435
-1.53343
1.9448
-1.53011
2.05199
-1.52665
2.16487
-1.52294
2.28389
-1.51908
2.40952
-1.51509
2.54225
-1.51077
2.68193
-1.50622
2.82953
-1.50154
2.98517
-1.49654
3.14946
-1.49132
3.32272
-1.48568
3.50541
-1.47993
3.69836
-1.47367
3.90156
-1.46719
4.11643
-1.46042
4.34261
-1.45314
4.58145
-1.44547
4.83337
-1.4374
5.09914
-1.42893
5.37944
-1.41988
5.6752
-1.41042
5.98715
-1.40037
6.31602
-1.38971
6.66326
-1.37845
7.0292
-1.36638
7.41475
-1.35358
7.82256
-1.3433
6.14038
-1.33167
6.75247
-1.31903
7.42697
-1.30498
8.16993
-1.28941
8.98435
-1.27222
9.88181
-1.25317
10.8675
-1.23186
11.9522
-1.20813
13.1409
-1.18185
14.4481
-1.15526
15.892
-1.12253
17.4807
19.3094
1.58802
0.229566
1.58756
0.242212
1.5871
0.255556
1.58664
0.269532
1.58607
0.28448
1.5855
0.300054
1.58492
0.316472
1.58425
0.334015
1.58366
0.352314
1.58298
0.371703
1.58228
0.392092
1.58149
0.413689
1.58068
0.436477
1.57987
0.46041
1.57896
0.485762
1.57803
0.512431
1.57698
0.540637
1.57589
0.570395
1.57478
0.601591
1.57351
0.634766
1.57243
0.669584
1.57169
0.706454
1.57119
0.745553
1.57003
0.787142
1.56689
0.830756
1.55979
0.875718
1.54744
0.920895
1.53045
0.965238
1.51139
1.00931
1.49495
1.05454
1.4856
1.10394
1.48632
1.16141
1.49646
1.22888
1.51197
1.30657
1.52726
1.39222
1.53771
1.48194
1.54183
1.57291
1.54071
1.66404
1.53713
1.75672
1.533
1.8528
1.52918
1.95401
1.52554
2.06108
1.52181
2.17444
1.51798
2.294
1.51373
2.42018
1.50949
2.55301
1.5049
2.69332
1.50024
2.84132
1.49543
2.99738
1.49026
3.16224
1.48494
3.33585
1.47929
3.51921
1.47348
3.71246
1.46735
3.91642
1.46099
4.13167
1.45441
4.35832
1.44742
4.59793
1.44012
4.85034
1.43253
5.1166
1.42466
5.39758
1.4164
5.69382
1.40778
6.00635
1.3987
6.33611
1.38927
6.6838
1.3794
7.05064
1.36901
7.43729
1.35828
7.84622
1.3499
6.00451
1.34058
6.6053
1.33046
7.26393
1.31933
7.99092
1.30709
8.78904
1.2936
9.66757
1.27899
10.6328
1.26263
11.6965
1.24539
12.8639
1.22453
14.1542
1.20585
15.5642
1.1767
17.1293
18.8503
1.66833
-1.6679
-1.66747
-1.66704
-1.66652
-1.666
-1.66549
-1.66499
-1.66439
-1.6637
-1.66302
-1.66234
-1.66167
-1.66091
-1.66006
-1.65922
-1.65829
-1.65737
-1.65637
-1.65527
-1.65419
-1.65303
-1.65178
-1.65054
-1.64912
-1.64773
-1.64625
-1.64459
-1.64295
-1.64124
-1.63935
-1.63739
-1.63536
-1.63315
-1.63088
-1.62854
-1.62593
-1.62336
-1.62053
-1.61754
-1.6144
-1.6112
-1.60775
-1.60405
-1.60021
-1.59622
-1.5919
-1.58744
-1.58275
-1.57773
-1.57249
-1.56693
-1.56115
-1.55496
-1.54855
-1.54165
-1.53443
-1.52682
-1.51882
-1.51033
-1.50134
-1.49186
-1.4818
-1.47124
-1.45998
-1.44803
-1.43547
-1.42211
-1.41109
-1.39907
-1.38564
-1.37091
-1.35459
-1.33656
-1.31649
-1.29411
-1.26966
-1.2413
-1.21633
-1.1764
1.66788
1.66742
1.66697
1.66641
1.66594
1.66537
1.66469
1.66411
1.66343
1.66273
1.66193
1.66113
1.66031
1.65938
1.65845
1.6574
1.65634
1.65525
1.65394
1.65268
1.65134
1.65001
1.64883
1.64786
1.64651
1.6437
1.63812
1.62865
1.61588
1.60179
1.58963
1.58266
1.58263
1.5891
1.59891
1.60813
1.61365
1.61479
1.61277
1.60923
1.60539
1.60163
1.59796
1.59402
1.58996
1.58558
1.581
1.57614
1.57099
1.56567
1.56007
1.55421
1.54809
1.54163
1.53493
1.5278
1.52045
1.51279
1.50473
1.49629
1.48747
1.47829
1.46875
1.45868
1.44827
1.43735
1.42592
1.41693
1.4071
1.39642
1.38459
1.37189
1.35751
1.34258
1.32451
1.3079
1.28335
1.26839
1.22934
)
;

boundaryField
{
    inlet
    {
        type            calculated;
        value           nonuniform List<scalar> 
134
(
-23.2387
-23.9321
-28.8608
-26.2916
-27.9359
-30.3142
-30.3906
-32.0287
-33.9875
-46.0771
-2.3303
-2.82079
-2.42216
-2.14087
-1.91623
-1.74361
-1.60458
-1.49011
-1.39128
-1.30174
-22.8479
-1.21248
-1.11215
-1.00117
-0.867848
-0.767384
-0.663228
-0.768867
-0.53415
-0.322946
-1.16694
-0.641491
-0.629576
-0.621043
-0.618628
-0.626556
-0.652528
-0.69876
-0.79742
-0.346604
-23.4574
-31.16
-32.5851
-36.5025
-43.0506
-49.1884
-47.314
-0.304847
-0.320047
-0.336074
-0.352836
-0.370389
-0.388828
-0.408178
-0.428492
-0.449801
-0.472269
-0.495672
-0.520457
-0.546426
-0.573802
-0.602394
-0.632646
-0.664487
-0.698165
-0.733288
-0.770563
-0.809864
-0.85138
-0.895555
-0.942471
-0.992788
-1.0472
-1.10636
-1.13332
4.85862
3.381
2.59349
2.01355
1.62158
1.30217
1.06147
0.892574
0.759167
0.664867
0.603364
0.570956
0.563547
0.586839
0.645501
0.706474
0.713846
0.691125
0.671022
0.652739
0.636635
0.62131
0.607255
0.595549
0.587356
0.584865
0.592143
0.616115
0.658644
0.748823
0.600765
0.295714
0.310271
0.325534
0.341482
0.358166
0.375661
0.394016
0.413258
0.433417
0.454565
0.476756
0.500055
0.524469
0.550099
0.577039
0.605515
0.635263
0.666717
0.78113
0.819522
0.860025
0.902873
0.948125
0.996275
1.04745
1.10255
1.16314
1.22993
)
;
    }
    outlet
    {
        type            calculated;
        value           nonuniform List<scalar> 
160
(
0.227974
0.230016
0.240513
0.242667
0.253744
0.256014
0.2677
0.270093
0.282426
0.284948
0.297964
0.300624
0.314341
0.317146
0.33165
0.334597
0.349886
0.353
0.369129
0.372396
0.389431
0.392891
0.41086
0.414497
0.433454
0.437294
0.457293
0.461335
0.482458
0.486698
0.509
0.513478
0.536999
0.541699
0.566535
0.571481
0.597701
0.602909
0.630576
0.636021
0.665279
0.670929
0.701864
0.707779
0.740477
0.746732
0.781209
0.788117
0.824194
0.832108
0.869525
0.878529
0.917373
0.92647
0.967885
0.974706
1.02101
1.02208
1.07731
1.06863
1.13653
1.11611
1.19893
1.16838
1.26504
1.22892
1.3346
1.3001
1.408
1.38241
1.48551
1.47272
1.56727
1.5674
1.65352
1.66289
1.74442
1.75875
1.84036
1.85634
1.9416
1.95785
2.04854
2.06485
2.16117
2.17812
2.28004
2.29793
2.40554
2.42425
2.53793
2.55739
2.67747
2.6979
2.82484
2.84619
2.98016
3.00253
3.14422
3.16757
3.31716
3.34144
3.49963
3.52507
3.69217
3.71858
3.89516
3.92288
4.10952
4.13838
4.3354
4.36545
4.57384
4.60528
4.82537
4.858
5.09064
5.12465
5.37046
5.40602
5.66572
5.70263
5.97709
6.01553
6.30546
6.34564
6.65201
6.69388
7.01724
7.06105
7.40219
7.44821
7.8092
7.85766
6.12936
6.01351
6.74045
6.61512
7.41354
7.27461
8.1552
8.00275
8.96803
8.80173
9.86378
9.68196
10.8474
10.6477
11.9298
11.7145
13.1164
12.8805
14.4198
14.1787
15.867
15.5791
17.4408
17.1684
19.2663
18.8497
)
;
    }
    walls
    {
        type            calculated;
        value           uniform 0;
    }
    frontAndBack
    {
        type            empty;
    }
}


// ************************************************************************* //
