/*--------------------------------*- C++ -*----------------------------------*\
| =========                 |                                                 |
| \\      /  F ield         | OpenFOAM: The Open Source CFD Toolbox           |
|  \\    /   O peration     | Version:  2412                                  |
|   \\  /    A nd           | Website:  www.openfoam.com                      |
|    \\/     M anipulation  |                                                 |
\*---------------------------------------------------------------------------*/
FoamFile
{
    version     2.0;
    format      ascii;
    arch        "LSB;label=32;scalar=64";
    class       volVectorField;
    location    "300";
    object      U;
}
// * * * * * * * * * * * * * * * * * * * * * * * * * * * * * * * * * * * * * //

dimensions      [0 1 -1 0 0 0 0];

internalField   nonuniform List<vector> 
10720
(
(1.31555 18.6668 -3.44482e-17)
(2.44727 20.7859 3.08009e-17)
(3.95978 22.8579 0)
(5.76745 24.5731 1.34917e-17)
(7.81842 25.9697 -1.45303e-17)
(10.0537 26.9925 3.72013e-17)
(12.3387 27.5481 1.41024e-16)
(14.5772 27.654 0)
(16.6781 27.3456 0)
(18.5411 26.6672 0)
(20.058 25.6474 8.56204e-17)
(21.083 24.2259 0)
(21.4833 22.3578 1.05064e-15)
(21.0516 19.9754 0)
(19.4399 16.9575 0)
(16.209 13.1501 0)
(11.0436 8.4261 -2.07836e-15)
(4.20256 3.00815 -5.69667e-15)
(-1.81452 -1.13222 1.08837e-14)
(-2.73731 -0.994619 0)
(-3.65773 -0.584097 9.65171e-15)
(-3.96038 -0.509116 -1.63142e-14)
(-4.59791 -0.408449 7.44224e-15)
(-5.09181 -0.313326 -2.02613e-16)
(-5.5207 -0.221078 0)
(-5.8455 -0.0860772 2.74619e-15)
(-6.17301 0.0803267 4.24499e-17)
(-6.47805 0.237366 -1.33523e-15)
(-6.59326 0.358215 -5.25513e-15)
(-6.38516 0.442915 -2.02467e-14)
(-5.96816 0.510317 1.00134e-14)
(-5.6145 0.584835 2.01263e-14)
(-5.5483 0.704815 1.88855e-14)
(-5.9379 0.888294 6.84282e-14)
(-6.89043 1.1513 -3.00983e-14)
(-8.07202 1.44255 -2.16315e-16)
(-8.5775 1.56063 1.83787e-16)
(-6.85656 0.692444 7.38627e-14)
(-4.36689 -0.24287 -6.26188e-14)
(0.503135 16.4506 -2.69986e-17)
(-0.0446592 14.0018 -7.30473e-17)
(-0.25061 11.2787 2.00293e-16)
(-0.0250148 8.22055 -5.37239e-16)
(0.734528 5.16999 -1.83216e-15)
(1.91452 2.37949 3.52965e-15)
(3.33034 -0.10264 9.08988e-15)
(5.16872 -2.51338 1.58244e-15)
(7.3739 -4.55353 0)
(9.63906 -5.99789 0)
(11.7524 -6.8734 1.23611e-15)
(13.6469 -7.31991 4.64961e-16)
(15.3142 -7.46173 -8.04979e-16)
(16.7551 -7.39376 6.65546e-16)
(17.9939 -7.20086 1.10259e-15)
(19.0729 -6.93812 7.06534e-16)
(20.0292 -6.64327 8.60326e-16)
(20.8953 -6.33555 5.4811e-16)
(21.7022 -6.02697 0)
(22.4707 -5.71375 0)
(23.2183 -5.39254 -5.56937e-16)
(23.955 -5.04937 -1.45283e-17)
(24.681 -4.66611 1.31305e-16)
(25.361 -4.21423 9.09943e-17)
(25.9208 -3.6913 3.10071e-17)
(26.3426 -3.14622 0)
(26.6645 -2.61119 -2.58386e-16)
(26.9282 -2.02463 0)
(27.1483 -1.3279 0)
(27.3203 -0.562374 -3.39953e-16)
(27.4437 0.20018 0)
(27.5172 0.913833 1.52684e-15)
(27.5438 1.56073 3.02858e-15)
(27.5336 2.14033 1.57068e-14)
(27.5058 2.6631 -6.42187e-15)
(27.4909 3.14677 2.52882e-17)
(27.5026 3.62041 0)
(27.7175 4.12897 -1.45528e-14)
(27.8129 4.72005 -1.58821e-14)
(6.08956 16.1709 -3.72948e-17)
(7.33284 17.7677 3.48938e-17)
(8.9141 19.2683 0)
(10.7937 20.5814 0)
(12.8741 21.6354 1.02042e-17)
(15.1514 22.3721 -3.5783e-17)
(17.5311 22.7416 0)
(19.899 22.7464 0)
(22.1981 22.3929 1.82635e-16)
(24.3378 21.7097 0)
(26.2648 20.8185 9.35466e-16)
(28.0078 19.8892 0)
(29.4629 19.0392 3.14877e-16)
(30.5348 18.3598 -3.00939e-16)
(31.0434 17.8979 5.28789e-16)
(30.6014 17.5007 -9.4209e-16)
(28.4115 16.4643 9.26125e-16)
(23.4385 13.5549 1.05366e-15)
(15.5814 8.58316 1.58753e-15)
(6.86431 3.28886 1.95977e-16)
(-0.829805 -0.127625 -6.58916e-15)
(-2.59317 -0.248872 6.5687e-15)
(-3.84117 -0.274446 -3.03263e-16)
(-4.5036 -0.236068 0)
(-4.97374 -0.209787 0)
(-5.37427 -0.138249 0)
(-5.82749 0.0103043 2.16478e-16)
(-6.24021 0.173328 -5.29098e-17)
(-6.45281 0.289614 3.39354e-15)
(-6.40222 0.372825 2.62355e-18)
(-6.17032 0.464675 -3.40541e-18)
(-6.05833 0.593048 -1.02053e-16)
(-6.28803 0.794574 1.04993e-14)
(-6.85512 1.04196 -1.84271e-14)
(-7.69893 1.29682 -1.33452e-16)
(-8.5815 1.53129 -3.09317e-14)
(-8.86007 1.78323 0)
(-6.40791 0.925112 -1.58447e-14)
(-3.66177 -0.391486 -2.38597e-14)
(5.10945 14.5016 5.37196e-17)
(4.32936 12.6784 -1.40751e-16)
(3.77877 10.5682 -1.42469e-15)
(3.52758 8.22394 1.82508e-15)
(3.73817 5.76155 0)
(4.42816 3.34195 -3.44756e-15)
(5.49558 0.998616 -1.4817e-15)
(6.92822 -1.14383 -6.42209e-15)
(8.69298 -2.83895 1.70999e-15)
(10.6035 -4.0162 -1.2714e-15)
(12.4926 -4.74334 1.65938e-15)
(14.2678 -5.1269 -4.76227e-16)
(15.8928 -5.25637 0)
(17.3489 -5.20473 -2.99393e-16)
(18.6358 -5.05003 7.24265e-17)
(19.7794 -4.83612 -6.27032e-16)
(20.8061 -4.59647 0)
(21.7438 -4.34512 0)
(22.6188 -4.09198 -5.63938e-17)
(23.4556 -3.82626 5.46676e-17)
(24.2703 -3.53995 -5.38643e-16)
(25.0754 -3.20961 -4.50557e-17)
(25.8723 -2.80861 1.61437e-17)
(26.6365 -2.28928 -1.33206e-17)
(27.3104 -1.65794 2.22013e-16)
(27.8655 -0.98273 2.95065e-16)
(28.3116 -0.292688 0)
(28.6423 0.369018 0)
(28.8537 0.95789 0)
(28.9572 1.46347 1.07386e-17)
(28.9735 1.90493 0)
(28.9287 2.30707 0)
(28.8494 2.68826 -5.28296e-15)
(28.7595 3.05737 -5.4233e-15)
(28.6807 3.42321 5.50946e-15)
(28.6386 3.79771 -5.54814e-15)
(28.6468 4.21021 1.13251e-14)
(28.832 4.68914 1.19677e-14)
(29.0657 5.37342 1.19955e-14)
(7.83061 14.9973 -1.04326e-17)
(8.6737 16.3942 -1.50819e-16)
(9.74637 17.78 1.0862e-16)
(11.0222 19.0891 7.33886e-17)
(12.4691 20.2185 6.25135e-17)
(14.0798 21.147 -9.10794e-17)
(15.7925 21.8337 3.03017e-17)
(17.5402 22.2418 -5.38377e-17)
(19.2645 22.3685 9.52503e-18)
(20.9011 22.22 -1.84617e-16)
(22.3915 21.8037 1.63731e-16)
(23.6577 21.1638 -5.83769e-16)
(24.7536 20.3192 -2.49868e-16)
(25.7493 19.3621 0)
(26.7554 18.4999 -5.49029e-16)
(27.9493 18.0585 9.27897e-16)
(29.3307 18.1716 0)
(29.8991 17.9002 -1.50393e-15)
(27.6024 15.6915 -8.70342e-16)
(21.1833 11.1333 1.38353e-16)
(11.1753 5.41754 -2.14479e-16)
(2.39449 1.37149 -1.98956e-16)
(-1.37869 0.340661 -3.77307e-15)
(-2.79746 0.112781 1.62951e-15)
(-3.68138 0.00528248 0)
(-4.35707 -0.00467274 1.24111e-15)
(-5.01996 0.0924885 -1.47858e-16)
(-5.62292 0.220414 0)
(-6.00355 0.301743 2.27232e-15)
(-6.09084 0.355729 4.42219e-15)
(-5.98879 0.447821 -8.41467e-15)
(-5.98733 0.599882 -7.72787e-15)
(-6.27774 0.83643 -1.18642e-16)
(-6.83503 1.10664 -1.21255e-14)
(-7.63354 1.35521 -1.0942e-14)
(-8.49081 1.52604 2.01263e-14)
(-8.72305 1.69088 0)
(-6.3747 0.65887 -9.56982e-15)
(-3.78411 -0.990908 2.80251e-14)
(7.18951 13.5513 -5.04942e-17)
(6.67088 12.0016 -1.31503e-16)
(6.33012 10.2013 5.89396e-16)
(6.15897 8.21801 0)
(6.28039 6.1376 9.28773e-16)
(6.71947 4.04659 0)
(7.48929 1.99834 3.87889e-15)
(8.5824 0.110229 1.58642e-15)
(9.93565 -1.4853 1.31945e-15)
(11.4345 -2.74883 0)
(12.9673 -3.6924 -1.83704e-15)
(14.4578 -4.35108 -3.76667e-16)
(15.8664 -4.77083 1.7127e-15)
(17.1686 -5.0016 0)
(18.3538 -5.09426 -7.47585e-16)
(19.4312 -5.08767 -2.23647e-16)
(20.4167 -5.01254 8.74771e-16)
(21.3297 -4.88776 4.33371e-16)
(22.1901 -4.72573 1.06477e-16)
(23.0175 -4.52605 -6.29866e-17)
(23.8256 -4.28617 4.91183e-16)
(24.6238 -3.99336 0)
(25.412 -3.6301 0)
(26.1689 -3.17213 3.07369e-17)
(26.8471 -2.63441 0)
(27.4206 -2.06943 -5.60628e-16)
(27.9016 -1.49937 1.02696e-17)
(28.3063 -0.925785 1.15313e-16)
(28.6422 -0.341957 0)
(28.9123 0.255552 3.07508e-16)
(29.1207 0.861923 -6.41269e-16)
(29.2734 1.46277 0)
(29.3784 2.04346 2.84499e-15)
(29.4472 2.59522 0)
(29.4957 3.11983 0)
(29.5467 3.62801 5.85905e-17)
(29.6279 4.15638 -1.59528e-16)
(29.8139 4.72188 -1.2992e-14)
(30.2196 5.58928 -2.57913e-14)
(9.92015 13.854 -4.02741e-17)
(10.6804 15.0425 -6.11661e-17)
(11.6363 16.2273 9.60249e-17)
(12.7764 17.3434 8.00276e-17)
(14.0729 18.3078 0)
(15.5258 19.106 0)
(17.0905 19.6944 8.75471e-17)
(18.7154 20.0372 3.07796e-17)
(20.3536 20.1249 0)
(21.9509 19.9552 -2.17619e-16)
(23.4466 19.5428 -4.22216e-16)
(24.796 18.9217 -3.82484e-16)
(25.9327 18.1642 5.29306e-16)
(26.7597 17.3855 4.45082e-16)
(27.2601 16.6899 0)
(27.5493 16.2198 6.08233e-16)
(28.0651 16.2689 1.90297e-16)
(29.3634 16.8968 1.39066e-15)
(30.6293 17.1797 8.66706e-17)
(29.4338 15.7255 -8.68024e-17)
(23.4386 11.6841 9.61585e-16)
(13.2933 6.18744 -2.38442e-16)
(4.11942 2.18499 2.17257e-15)
(-0.227594 0.765921 1.27236e-15)
(-2.01522 0.348374 -7.05735e-17)
(-3.14189 0.201106 -8.96521e-16)
(-4.08463 0.221377 6.76188e-18)
(-4.88843 0.293904 -6.34037e-18)
(-5.42369 0.326491 -1.60156e-15)
(-5.6332 0.342929 -4.78889e-17)
(-5.62706 0.426229 3.10193e-15)
(-5.69787 0.593089 -5.63736e-15)
(-6.03602 0.85486 -4.69771e-15)
(-6.61772 1.14501 -5.27935e-17)
(-7.43921 1.39997 7.53672e-15)
(-8.33322 1.5375 0)
(-8.63784 1.63119 1.23566e-14)
(-6.47331 0.448171 6.60751e-15)
(-4.18977 -1.50654 -9.94732e-15)
(9.32619 12.629 -5.55221e-17)
(8.83465 11.325 2.07658e-16)
(8.48523 9.80211 7.2845e-16)
(8.28051 8.11293 0)
(8.31771 6.33356 -7.58393e-16)
(8.6127 4.51776 0)
(9.1792 2.7051 -2.74481e-15)
(10.0103 1.00447 -6.00865e-17)
(11.063 -0.477161 1.04156e-15)
(12.2704 -1.69934 8.66104e-16)
(13.5535 -2.64961 1.50554e-17)
(14.847 -3.34061 1.44398e-15)
(16.1102 -3.80545 -8.66232e-16)
(17.3139 -4.08327 2.80887e-16)
(18.4406 -4.21414 9.19554e-16)
(19.4874 -4.23557 9.75576e-16)
(20.4611 -4.17775 -8.36716e-16)
(21.3723 -4.06272 1.49931e-17)
(22.2351 -3.90535 0)
(23.064 -3.70987 7.27995e-16)
(23.8706 -3.47476 2.8565e-17)
(24.6623 -3.18964 -3.98681e-16)
(25.4388 -2.83858 0)
(26.1828 -2.39893 3.1515e-17)
(26.8557 -1.87437 0)
(27.4321 -1.30461 2.44322e-16)
(27.9184 -0.713193 0)
(28.3283 -0.110545 -1.10205e-16)
(28.6684 0.493062 5.90178e-18)
(28.944 1.08211 -4.1083e-18)
(29.1638 1.64259 6.0561e-16)
(29.3392 2.16655 1.98351e-17)
(29.4819 2.65415 0)
(29.6046 3.11044 -2.8417e-15)
(29.7226 3.54694 -4.57799e-17)
(29.8523 3.97983 6.211e-15)
(30.0234 4.44686 -2.56618e-14)
(30.2511 4.97195 -5.03699e-17)
(30.7951 5.82384 0)
(11.4106 13.0225 -5.24387e-17)
(12.0308 14.0754 -4.84108e-17)
(12.8145 15.1421 1.68156e-16)
(13.7433 16.1672 -5.55344e-16)
(14.7942 17.0759 1.17805e-16)
(15.977 17.8674 1.47298e-16)
(17.2555 18.504 -6.2616e-17)
(18.5896 18.9528 0)
(19.9461 19.2057 1.00834e-16)
(21.2782 19.2579 1.46787e-16)
(22.5397 19.1167 0)
(23.6855 18.8065 3.66871e-16)
(24.6733 18.3642 -2.0626e-16)
(25.5128 17.7949 5.20644e-16)
(26.1962 17.1444 0)
(26.7177 16.4874 -7.99257e-16)
(27.1346 15.9406 6.9837e-16)
(27.8315 15.7581 -3.3099e-17)
(29.3081 16.1088 0)
(30.8995 16.4431 6.66633e-16)
(30.04 15.1978 -7.10537e-16)
(23.9403 11.2939 -4.7406e-17)
(13.6649 6.10008 -1.05337e-15)
(4.83448 2.43144 -1.45654e-15)
(0.475742 0.983601 0)
(-1.53455 0.528535 0)
(-2.93635 0.413644 -1.75077e-16)
(-4.01849 0.403431 -1.99985e-17)
(-4.74276 0.369492 1.23843e-15)
(-5.08388 0.337461 -3.63114e-17)
(-5.16794 0.404915 3.54024e-17)
(-5.30103 0.583159 4.08371e-15)
(-5.68594 0.867589 0)
(-6.30624 1.17652 1.27258e-14)
(-7.17045 1.43896 -4.27248e-17)
(-8.12051 1.54883 0)
(-8.54548 1.57535 1.81142e-17)
(-6.6228 0.273171 0)
(-4.72483 -1.92951 7.90633e-15)
(10.9213 11.9431 7.66559e-17)
(10.5136 10.8053 -3.84367e-16)
(10.2113 9.47441 -4.53731e-17)
(10.0159 7.99836 1.4706e-15)
(10.0114 6.44488 -2.29371e-15)
(10.2109 4.84339 -2.34509e-15)
(10.6363 3.22725 2.08081e-15)
(11.2838 1.69496 -1.87977e-15)
(12.1207 0.331288 -8.06603e-16)
(13.1035 -0.834196 -6.99757e-16)
(14.174 -1.78555 1.33328e-15)
(15.2798 -2.52393 -1.23027e-15)
(16.3861 -3.07014 -5.19238e-16)
(17.466 -3.45096 5.0727e-16)
(18.5 -3.69299 -1.04072e-15)
(19.4803 -3.82525 1.99544e-16)
(20.4072 -3.87156 0)
(21.2857 -3.85023 -6.42272e-16)
(22.1248 -3.77363 2.16662e-16)
(22.935 -3.64708 -7.72749e-16)
(23.7255 -3.46962 0)
(24.5017 -3.23375 3.45803e-16)
(25.2628 -2.92725 2.06859e-16)
(25.9936 -2.53568 -3.71137e-17)
(26.6616 -2.06385 0)
(27.2422 -1.54499 1.76554e-16)
(27.7374 -1.00491 0)
(28.1581 -0.455344 0)
(28.5102 0.0957865 0)
(28.7983 0.639918 -2.53328e-16)
(29.0296 1.17174 0)
(29.214 1.68938 0)
(29.3632 2.19332 2.60382e-15)
(29.4908 2.68506 2.7919e-15)
(29.6141 3.17106 0)
(29.7512 3.66289 6.04508e-15)
(29.9382 4.19581 1.38404e-16)
(30.1751 4.79949 0)
(30.7325 5.71924 1.35733e-14)
(12.7355 12.314 7.309e-17)
(13.2793 13.2502 -5.25685e-17)
(13.965 14.2052 0)
(14.7756 15.1274 1.09334e-17)
(15.6894 15.9495 3.15158e-16)
(16.7222 16.6769 -1.36855e-16)
(17.844 17.2742 2.99192e-17)
(19.0233 17.7119 1.72564e-16)
(20.2368 17.9802 -5.23678e-17)
(21.4475 18.0707 1.34813e-16)
(22.6182 17.9843 -6.53727e-17)
(23.7129 17.7346 2.17241e-16)
(24.7014 17.3439 1.17574e-16)
(25.5412 16.8728 4.82616e-17)
(26.2032 16.3964 0)
(26.7028 15.9736 -1.71835e-16)
(27.0869 15.6165 -3.4905e-16)
(27.4409 15.2875 -1.25485e-15)
(28.078 15.116 3.69483e-16)
(29.5007 15.4439 -4.43684e-16)
(31.1407 15.7808 -6.56389e-17)
(29.9956 14.3852 0)
(23.233 10.3873 6.4763e-16)
(12.9727 5.54933 5.82235e-17)
(4.8606 2.36599 -3.92019e-17)
(0.771352 1.10032 -6.24502e-16)
(-1.42021 0.713791 1.36515e-16)
(-2.93893 0.56744 2.72008e-16)
(-3.93901 0.44094 -1.00565e-15)
(-4.45495 0.345395 -5.83876e-17)
(-4.6423 0.387735 1.87166e-15)
(-4.8359 0.574166 3.1435e-15)
(-5.26497 0.879981 0)
(-5.92436 1.2069 2.84508e-17)
(-6.83411 1.477 -4.42546e-15)
(-7.84754 1.56036 0)
(-8.42026 1.51883 -1.43918e-14)
(-6.78655 0.121896 0)
(-5.32004 -2.27685 -6.5403e-15)
(12.3023 11.3569 -7.2054e-17)
(11.939 10.3549 1.5718e-16)
(11.6604 9.17896 -3.52596e-16)
(11.4688 7.87258 0)
(11.4358 6.49838 9.28372e-16)
(11.5713 5.06895 3.61225e-15)
(11.8976 3.61457 0)
(12.4116 2.2252 -1.4308e-15)
(13.0875 0.969701 -1.32529e-15)
(13.8965 -0.129237 1.2794e-15)
(14.7959 -1.0542 -3.95085e-17)
(15.7444 -1.7986 5.38417e-16)
(16.7146 -2.37472 4.10367e-17)
(17.6832 -2.80068 1.32071e-15)
(18.6314 -3.09404 1.13501e-15)
(19.549 -3.27654 -1.03378e-15)
(20.4322 -3.36734 1.36739e-16)
(21.2813 -3.38262 -2.48612e-16)
(22.1005 -3.33439 1.12163e-16)
(22.8963 -3.2294 5.92816e-16)
(23.6748 -3.06885 7.21015e-17)
(24.4392 -2.84826 -3.63159e-17)
(25.1877 -2.55829 -1.65475e-16)
(25.9069 -2.18784 0)
(26.5693 -1.73944 -5.96465e-18)
(27.152 -1.23904 -3.00634e-16)
(27.653 -0.710365 4.49744e-18)
(28.0807 -0.164828 -4.48077e-18)
(28.4405 0.389837 0)
(28.7363 0.944211 2.38705e-16)
(28.9751 1.48979 0)
(29.1667 2.01988 0)
(29.323 2.53043 -2.41758e-15)
(29.4574 3.02026 -2.59054e-15)
(29.5869 3.4948 0)
(29.7285 3.96647 -5.71357e-15)
(29.9171 4.47044 2.39854e-14)
(30.1473 5.04141 -9.36904e-17)
(30.6618 5.91514 -1.29268e-14)
(13.8444 11.7297 1.03604e-17)
(14.3182 12.5742 -4.6481e-17)
(14.9157 13.4427 1.32719e-16)
(15.6191 14.2868 -1.2888e-16)
(16.4069 15.046 -1.87401e-16)
(17.2983 15.7314 0)
(18.2668 16.3126 1.91903e-16)
(19.2864 16.7634 -1.24939e-17)
(20.3412 17.0769 -2.3742e-17)
(21.4005 17.2451 -6.57707e-17)
(22.4345 17.2676 0)
(23.4154 17.1545 -3.65498e-16)
(24.3113 16.9275 -3.97332e-16)
(25.1029 16.6104 -1.01307e-15)
(25.7854 16.2313 0)
(26.3621 15.8396 -5.73036e-16)
(26.8635 15.49 -5.69432e-16)
(27.3183 15.167 5.95991e-16)
(27.7265 14.7912 -5.86551e-16)
(28.3488 14.5849 5.37918e-16)
(29.8409 14.955 6.49339e-17)
(31.3629 15.1512 -5.32724e-16)
(29.3678 13.3513 0)
(21.6797 9.19705 -6.71965e-16)
(11.6763 4.81738 5.2768e-17)
(4.46136 2.20342 5.20907e-16)
(0.672315 1.20051 0)
(-1.53375 0.819095 -1.59132e-17)
(-2.94627 0.556552 4.12724e-17)
(-3.72099 0.374083 1.59578e-15)
(-4.05223 0.378976 -1.46919e-15)
(-4.31759 0.568701 -2.58344e-15)
(-4.78998 0.894476 2.26145e-15)
(-5.48372 1.23843 -1.08057e-17)
(-6.43498 1.51613 3.57317e-15)
(-7.51204 1.57459 6.48114e-15)
(-8.24887 1.46541 5.93757e-15)
(-6.94196 -0.00952981 -6.19353e-17)
(-5.93442 -2.56017 1.91559e-17)
(13.4638 10.8685 2.96795e-17)
(13.1426 9.97254 2.78014e-16)
(12.8891 8.91897 3.12075e-16)
(12.706 7.7472 -6.58359e-16)
(12.6553 6.51641 -2.25562e-15)
(12.7471 5.22731 6.22064e-16)
(13.0022 3.90876 1.2426e-15)
(13.4175 2.64267 2.98705e-15)
(13.9725 1.4863 1.13962e-15)
(14.647 0.456568 -1.05783e-15)
(15.4085 -0.430071 -1.03034e-17)
(16.2242 -1.16463 -4.66487e-16)
(17.0733 -1.75536 0)
(17.9366 -2.21484 -1.41095e-17)
(18.7977 -2.55449 -7.06659e-16)
(19.6462 -2.79018 2.9447e-16)
(20.4764 -2.93634 -2.89183e-16)
(21.2854 -3.00573 0)
(22.0742 -3.00808 3.89931e-16)
(22.8459 -2.94944 -6.21276e-16)
(23.6041 -2.83104 0)
(24.3502 -2.64956 3.58374e-16)
(25.0816 -2.39769 0)
(25.7863 -2.06764 -2.61208e-18)
(26.4407 -1.66199 2.59917e-18)
(27.023 -1.2018 1.2721e-16)
(27.5288 -0.709136 1.21715e-18)
(27.9638 -0.196458 3.91479e-18)
(28.3323 0.327442 -3.07632e-18)
(28.6382 0.852602 2.11774e-16)
(28.8877 1.3702 4.71254e-16)
(29.0899 1.87425 -1.00101e-15)
(29.2562 2.36229 -3.39049e-17)
(29.3991 2.83542 4.05707e-17)
(29.5348 3.30099 0)
(29.6795 3.77338 -8.5716e-17)
(29.8665 4.28706 -1.1032e-14)
(30.0876 4.88979 9.51558e-18)
(30.5548 5.77801 -1.19625e-14)
(14.8126 11.2291 1.18882e-17)
(15.2339 11.9967 7.70092e-17)
(15.7647 12.7903 0)
(16.3877 13.5645 -1.37021e-17)
(17.0817 14.2638 -1.91323e-16)
(17.8672 14.9032 0)
(18.7212 15.4548 9.4926e-17)
(19.6219 15.8956 -2.94379e-16)
(20.5586 16.2203 1.92804e-16)
(21.5068 16.4206 -7.06073e-17)
(22.443 16.4942 3.69723e-17)
(23.3456 16.4471 3.77831e-16)
(24.1904 16.2919 3.38044e-16)
(24.9585 16.0494 5.14881e-16)
(25.6319 15.7599 1.34307e-16)
(26.2099 15.4611 4.30068e-16)
(26.7183 15.1838 5.50937e-16)
(27.2047 14.936 5.1114e-16)
(27.6646 14.6442 -3.74411e-16)
(28.0279 14.2614 -1.15878e-15)
(28.6823 14.1385 0)
(30.3308 14.5779 1.65482e-17)
(31.4211 14.4588 4.34054e-16)
(28.1095 12.1136 5.2792e-16)
(19.5361 7.90134 -3.74587e-17)
(10.0738 4.09672 -3.80173e-16)
(3.77339 2.05346 3.4409e-18)
(0.351704 1.21128 -2.52362e-16)
(-1.672 0.742184 2.54381e-17)
(-2.82783 0.436528 -2.87295e-15)
(-3.37453 0.383873 -1.20149e-18)
(-3.74258 0.568825 -3.55881e-17)
(-4.26678 0.912053 -1.94976e-15)
(-4.99245 1.27193 -1.04436e-17)
(-5.97862 1.55748 -2.98456e-15)
(-7.11416 1.59309 -1.08327e-14)
(-8.02302 1.41873 5.00313e-15)
(-7.07177 -0.120321 3.0722e-15)
(-6.54569 -2.78683 -5.13903e-15)
(14.4717 10.4479 -1.10182e-16)
(14.183 9.63911 -3.69646e-16)
(13.9499 8.68643 -2.39951e-16)
(13.7753 7.62513 -5.77187e-16)
(13.7135 6.51165 1.22542e-15)
(13.7748 5.33954 -6.3353e-17)
(13.9777 4.13633 -3.11303e-15)
(14.3187 2.97636 -1.00523e-15)
(14.7812 1.90884 3.1299e-17)
(15.3504 0.946196 0)
(16.0004 0.103624 -8.82854e-16)
(16.7053 -0.609247 8.04395e-16)
(17.4492 -1.1985 -7.52334e-16)
(18.2175 -1.67305 -3.74219e-16)
(18.9962 -2.03985 2.98524e-16)
(19.7765 -2.31014 2.96879e-16)
(20.5521 -2.49398 1.00404e-15)
(21.3182 -2.60064 -2.32352e-16)
(22.0738 -2.63765 -3.63233e-16)
(22.8194 -2.61023 0)
(23.5559 -2.51972 -4.73949e-16)
(24.2832 -2.36401 -2.99104e-16)
(24.9977 -2.1376 -1.40698e-17)
(25.6884 -1.8351 -2.1091e-17)
(26.3342 -1.4588 2.6328e-18)
(26.915 -1.02532 -8.5561e-17)
(27.4241 -0.554565 6.76358e-18)
(27.8647 -0.059215 -6.86729e-17)
(28.2405 0.451758 -2.25717e-17)
(28.5545 0.968709 -1.94097e-16)
(28.8124 1.48292 -1.45824e-17)
(29.0225 1.98814 1.9599e-15)
(29.1957 2.48127 1.99539e-15)
(29.3441 2.96226 2.23808e-15)
(29.4837 3.43673 7.32231e-17)
(29.6298 3.91725 -3.72656e-17)
(29.8147 4.43639 1.03004e-14)
(30.0271 5.03997 1.07587e-14)
(30.4536 5.92158 1.12001e-14)
(15.6594 10.7975 -3.92154e-17)
(16.0366 11.5008 -3.46922e-17)
(16.5116 12.2313 -2.10636e-16)
(17.0671 12.9465 7.7841e-16)
(17.6825 13.5947 -3.31951e-16)
(18.3786 14.1942 2.53505e-16)
(19.1348 14.72 -3.86011e-16)
(19.9323 15.1514 0)
(20.764 15.4856 -6.55947e-17)
(21.6099 15.7149 1.45131e-17)
(22.4514 15.8368 -8.78908e-18)
(23.2723 15.8556 -3.28741e-16)
(24.0523 15.7802 -2.01623e-16)
(24.7748 15.627 0)
(25.4312 15.4157 0)
(26.0186 15.1729 0)
(26.5489 14.9255 0)
(27.0502 14.6904 -4.95149e-16)
(27.5511 14.4554 4.93175e-16)
(27.9854 14.1419 4.89065e-16)
(28.2983 13.776 -3.9627e-16)
(29.1188 13.8004 3.39174e-16)
(30.8872 14.2315 -3.42185e-16)
(31.0986 13.6127 -2.51826e-17)
(26.2084 10.7295 -1.48306e-17)
(17.0148 6.63476 3.06737e-16)
(8.36715 3.47586 8.57721e-17)
(2.99735 1.8545 0)
(0.0083237 1.03758 0)
(-1.70094 0.553161 1.04317e-18)
(-2.56966 0.411965 0)
(-3.09287 0.577818 2.00026e-15)
(-3.69015 0.933858 -1.75947e-15)
(-4.45244 1.30801 -2.89521e-15)
(-5.47002 1.60157 5.09477e-15)
(-6.65581 1.61722 4.66665e-15)
(-7.73677 1.38183 -4.32939e-15)
(-7.15999 -0.20918 -5.56286e-15)
(-7.1368 -2.96425 4.7299e-15)
(15.3523 10.0831 0)
(15.0912 9.34652 1.06682e-16)
(14.8763 8.47767 4.49111e-16)
(14.7109 7.50845 -1.89368e-15)
(14.6429 6.49262 1.47345e-15)
(14.6824 5.41962 -9.52891e-16)
(14.8463 4.31503 2.63116e-17)
(15.1306 3.24706 8.28683e-16)
(15.5215 2.25911 8.23533e-16)
(16.0074 1.36027 0)
(16.5673 0.563856 3.6592e-16)
(17.1798 -0.12067 -1.10161e-15)
(17.8333 -0.698556 1.6833e-15)
(18.5165 -1.17664 2.95114e-16)
(19.2185 -1.5595 -5.84886e-16)
(19.9323 -1.85491 -5.26092e-16)
(20.6517 -2.06969 -4.65151e-16)
(21.3718 -2.21018 0)
(22.09 -2.28162 0)
(22.805 -2.28783 0)
(23.5159 -2.2298 4.43243e-16)
(24.221 -2.10578 0)
(24.9161 -1.91137 -2.10086e-16)
(25.5908 -1.6428 -2.18065e-17)
(26.2262 -1.3022 -3.14194e-17)
(26.8034 -0.902992 7.79694e-17)
(27.3141 -0.462905 0)
(27.7594 0.00533307 5.83318e-17)
(28.1419 0.492423 2.36463e-17)
(28.4642 0.988671 -4.97331e-18)
(28.731 1.48507 -7.98598e-16)
(28.9503 1.97498 -2.49852e-17)
(29.1321 2.45485 -1.91584e-15)
(29.2883 2.92454 2.00741e-15)
(29.434 3.38975 0)
(29.5837 3.86402 7.43299e-17)
(29.7679 4.3793 -2.07012e-16)
(29.9721 4.99054 -1.02203e-14)
(30.3585 5.86181 7.60973e-17)
(16.4104 10.42 3.67836e-17)
(16.7513 11.068 0)
(17.1803 11.7439 3.8098e-16)
(17.6804 12.4074 -3.62779e-16)
(18.2317 13.0102 1.46636e-16)
(18.8549 13.5725 -2.35163e-16)
(19.5311 14.0714 1.82657e-16)
(20.2438 14.489 1.36475e-16)
(20.9889 14.8236 0)
(21.7497 15.0682 1.09673e-17)
(22.5118 15.2203 -2.30209e-17)
(23.263 15.2828 2.15595e-17)
(23.987 15.2613 2.81823e-16)
(24.6712 15.1665 1.73227e-16)
(25.306 15.0157 -5.2278e-16)
(25.8857 14.8314 -3.87874e-16)
(26.4175 14.6327 2.96938e-16)
(26.9186 14.4283 2.16733e-16)
(27.411 14.2186 -1.04649e-16)
(27.8986 13.9859 1.1315e-16)
(28.2652 13.6548 2.83139e-16)
(28.5816 13.3569 5.11609e-17)
(29.6932 13.5522 -5.06333e-17)
(31.3379 13.8189 -3.24817e-16)
(30.2175 12.5831 0)
(23.7292 9.27143 -2.233e-16)
(14.3709 5.48951 -1.35739e-16)
(6.79364 2.90306 -1.5676e-16)
(2.28969 1.51342 -6.68222e-16)
(-0.238795 0.756391 2.59271e-15)
(-1.58254 0.478876 1.03049e-15)
(-2.34176 0.601656 2.11078e-17)
(-3.04737 0.961706 7.27771e-18)
(-3.85869 1.34723 0)
(-4.90986 1.64874 -2.27613e-15)
(-6.13926 1.64778 0)
(-7.38587 1.35721 0)
(-7.19085 -0.274509 2.56399e-15)
(-7.68631 -3.09582 -2.98942e-17)
(16.1314 9.7624 -1.18926e-16)
(15.8936 9.08681 3.51653e-16)
(15.6947 8.2892 1.89538e-17)
(15.5382 7.39819 4.25664e-16)
(15.4672 6.46511 -1.26912e-15)
(15.4912 5.47704 7.68778e-16)
(15.6255 4.45762 3.5311e-18)
(15.8659 3.47015 -6.99025e-16)
(16.2007 2.55334 -6.60311e-16)
(16.6201 1.71374 -6.75789e-16)
(17.1066 0.963244 -1.27821e-15)
(17.6422 0.310598 0)
(18.2182 -0.24936 -6.128e-16)
(18.8264 -0.722362 -1.75421e-17)
(19.4582 -1.11131 0)
(20.1087 -1.42196 -4.71458e-16)
(20.7727 -1.65844 -2.21133e-16)
(21.4455 -1.82472 -1.99005e-16)
(22.124 -1.924 6.39952e-16)
(22.8059 -1.9585 5.35293e-16)
(23.4888 -1.92839 -4.77585e-17)
(24.1699 -1.83203 3.41255e-16)
(24.8444 -1.66583 4.40971e-17)
(25.5022 -1.42694 -2.22529e-17)
(26.1261 -1.11745 2.96736e-17)
(26.698 -0.748193 -1.53979e-19)
(27.2087 -0.334582 0)
(27.6574 0.111021 0)
(28.0455 0.57916 4.44937e-18)
(28.3749 1.06031 -1.50064e-17)
(28.6498 1.54544 7.38044e-16)
(28.8772 2.02775 -2.44678e-17)
(29.0666 2.50345 -1.78232e-15)
(29.2292 2.97222 -1.89767e-15)
(29.3793 3.43938 -6.53707e-17)
(29.5308 3.91804 -4.71647e-18)
(29.7122 4.43908 -1.78936e-14)
(29.9069 5.05691 9.34734e-15)
(30.253 5.92746 -7.07226e-17)
(17.0815 10.0865 1.5267e-17)
(17.3915 10.6871 0)
(17.7815 11.3154 -1.78563e-16)
(18.235 11.9337 0)
(18.7323 12.4964 2.41826e-16)
(19.2939 13.0252 -2.35395e-16)
(19.9025 13.4991 -1.72553e-16)
(20.5433 13.9021 -1.27467e-16)
(21.2141 14.2338 0)
(21.9008 14.4882 7.45825e-17)
(22.5923 14.6629 3.562e-17)
(23.2795 14.7601 -9.85562e-17)
(23.9497 14.7834 -8.46556e-17)
(24.5921 14.7407 -1.0412e-16)
(25.1995 14.6432 3.43785e-16)
(25.7669 14.5063 3.7603e-16)
(26.2964 14.3452 -3.95796e-16)
(26.7988 14.1696 -3.80308e-16)
(27.2836 13.978 0)
(27.7645 13.7758 1.04417e-16)
(28.2187 13.5354 -1.99683e-16)
(28.5047 13.1942 4.49963e-17)
(28.9447 13.0264 -2.3639e-18)
(30.3622 13.3425 7.88053e-16)
(31.4816 13.2691 -4.37833e-17)
(28.6582 11.3556 2.81235e-17)
(20.8497 7.80923 1.09374e-16)
(11.9038 4.44486 1.46063e-16)
(5.4643 2.28037 5.24836e-16)
(1.70546 1.09661 -1.16838e-15)
(-0.337643 0.609735 -9.48159e-16)
(-1.45328 0.650627 -3.52813e-15)
(-2.32159 0.999125 2.92436e-15)
(-3.2024 1.3906 -3.72714e-17)
(-4.29375 1.6993 2.10244e-15)
(-5.5637 1.68529 -8.67341e-17)
(-6.96751 1.3471 5.11325e-17)
(-7.14913 -0.315025 -4.24e-17)
(-8.17362 -3.18472 4.21905e-15)
(16.8265 9.47811 6.59518e-17)
(16.6088 8.85468 -1.69246e-16)
(16.4242 8.1182 3.14934e-16)
(16.2765 7.29445 0)
(16.2046 6.43261 7.26956e-16)
(16.2175 5.51806 0)
(16.3291 4.57315 0)
(16.5352 3.65656 0)
(16.8253 2.80348 1.20617e-15)
(17.1912 2.01854 -5.67612e-16)
(17.6177 1.3124 6.32173e-16)
(18.0891 0.693146 0)
(18.599 0.155313 0)
(19.1414 -0.306527 -5.15544e-16)
(19.7098 -0.694384 0)
(20.301 -1.0126 4.38539e-16)
(20.9113 -1.26377 7.11637e-18)
(21.5368 -1.44994 0)
(22.1742 -1.57248 -4.5939e-16)
(22.8207 -1.63228 -6.37765e-16)
(23.4733 -1.62869 -4.08943e-16)
(24.1283 -1.55981 -3.08934e-16)
(24.7804 -1.42222 4.43096e-16)
(25.42 -1.21367 0)
(26.0307 -0.936091 5.67171e-17)
(26.5956 -0.598192 -2.02586e-17)
(27.1046 -0.213288 -4.69855e-17)
(27.5554 0.206821 0)
(27.9482 0.652646 1.38454e-17)
(28.2842 1.11477 1.38001e-16)
(28.5668 1.58422 -6.61381e-16)
(28.8023 2.05397 -2.36068e-17)
(28.9995 2.51996 1.60409e-15)
(29.169 2.98162 -1.63445e-15)
(29.3244 3.44389 4.14548e-18)
(29.4786 3.9199 -5.98346e-17)
(29.658 4.43941 1.66322e-14)
(29.8439 5.06008 -8.6889e-15)
(30.1529 5.91848 -1.7499e-14)
(17.686 9.78954 1.21889e-17)
(17.9696 10.3485 -4.91281e-17)
(18.3263 10.935 0)
(18.7401 11.5131 -2.72924e-16)
(19.1918 12.0401 0)
(19.7015 12.5382 0)
(20.2529 12.9884 1.86342e-17)
(20.8328 13.376 -1.05789e-16)
(21.4403 13.7017 -1.77865e-16)
(22.0635 13.9602 -2.00007e-16)
(22.6937 14.1496 -3.61535e-17)
(23.3243 14.2716 3.59826e-17)
(23.9453 14.3282 0)
(24.5483 14.3249 2.99535e-16)
(25.1271 14.2692 -1.19508e-16)
(25.6768 14.1734 0)
(26.1967 14.049 3.24817e-16)
(26.6933 13.904 3.68257e-16)
(27.1734 13.7383 0)
(27.638 13.5521 3.6117e-16)
(28.1038 13.3581 -3.62062e-16)
(28.499 13.0974 0)
(28.7363 12.7807 -4.64373e-17)
(29.437 12.7865 9.13955e-18)
(31.0139 13.1062 2.01838e-17)
(31.1132 12.4992 3.3114e-16)
(26.4323 9.94362 -1.05645e-18)
(17.8894 6.38062 -1.34879e-17)
(9.76497 3.44053 -1.53299e-17)
(4.34723 1.65301 3.25899e-17)
(1.27477 0.842858 9.69168e-16)
(-0.377663 0.741891 3.26011e-15)
(-1.49035 1.05209 3.49528e-17)
(-2.47305 1.44 -2.2693e-15)
(-3.61557 1.7537 -1.8709e-15)
(-4.92448 1.73005 -3.39145e-15)
(-6.47832 1.35285 -3.16487e-15)
(-7.02057 -0.329342 7.55321e-17)
(-8.57892 -3.23269 -4.01797e-15)
(17.4516 9.22385 -1.27547e-16)
(17.2514 8.64581 -4.12325e-16)
(17.0796 7.96246 7.7215e-16)
(16.9404 7.1974 0)
(16.869 6.3974 1.1667e-15)
(16.8741 5.54739 0)
(16.9682 4.66813 -5.11125e-16)
(17.1472 3.81442 2.0054e-15)
(17.4015 3.01852 -1.49737e-15)
(17.7238 2.28398 0)
(18.1007 1.62008 1.02276e-15)
(18.5184 1.03424 9.61508e-16)
(18.972 0.520673 0)
(19.4569 0.0741494 -8.90959e-16)
(19.9685 -0.30701 2.05334e-16)
(20.5051 -0.626641 -2.04951e-16)
(21.0644 -0.886249 1.91181e-16)
(21.6433 -1.08651 3.18693e-16)
(22.2392 -1.22742 -1.86721e-17)
(22.8491 -1.30858 3.42116e-16)
(23.4697 -1.32843 8.43218e-17)
(24.0968 -1.28464 -8.53809e-17)
(24.7251 -1.17381 -2.13128e-16)
(25.3452 -0.993814 1.42803e-16)
(25.9416 -0.746254 -5.08959e-17)
(26.4977 -0.438178 1.66141e-17)
(27.0035 -0.0808821 4.42669e-17)
(27.4549 0.314638 1.33986e-18)
(27.8512 0.739021 -1.44057e-17)
(28.1928 1.18311 -1.30279e-16)
(28.4824 1.63806 1.24034e-17)
(28.7254 2.09677 -2.28771e-17)
(28.93 2.55494 -1.48409e-15)
(29.1058 3.01179 1.64907e-15)
(29.2659 3.47196 -5.635e-17)
(29.4221 3.94834 3.70893e-15)
(29.5986 4.46974 -7.82696e-15)
(29.7749 5.09359 0)
(30.0472 5.94565 1.67413e-14)
(18.2339 9.52303 2.46841e-17)
(18.4947 10.0453 0)
(18.8227 10.5947 0)
(19.2022 11.137 4.8659e-16)
(19.615 11.6319 -1.77811e-17)
(20.0801 12.1022 0)
(20.5826 12.5301 0)
(21.1104 12.9021 4.63746e-16)
(21.6634 13.2202 -5.00629e-18)
(22.2316 13.4795 -9.96946e-18)
(22.8078 13.6784 8.79655e-17)
(23.3878 13.8183 -3.93004e-17)
(23.9634 13.9006 7.97012e-17)
(24.5284 13.9288 -2.62937e-17)
(25.0773 13.9083 0)
(25.6063 13.8472 0)
(26.1131 13.7546 -8.93074e-16)
(26.6005 13.6369 -1.69906e-16)
(27.0736 13.497 1.56836e-16)
(27.5307 13.3315 -3.50089e-16)
(27.9769 13.1532 6.86196e-16)
(28.4217 12.9585 3.34976e-16)
(28.7351 12.6738 -3.3347e-16)
(29.0172 12.4382 -3.82314e-16)
(30.0654 12.6142 5.92773e-17)
(31.4762 12.7398 -3.24869e-16)
(30.0559 11.4377 -4.03947e-17)
(23.7234 8.3955 1.13946e-17)
(15.0727 4.99791 -1.28094e-17)
(7.90521 2.51748 5.57138e-17)
(3.41583 1.2363 -8.65081e-18)
(0.957507 0.90245 -1.62054e-15)
(-0.522859 1.13066 -4.97348e-17)
(-1.6572 1.49872 4.31605e-17)
(-2.86843 1.81272 0)
(-4.21579 1.78214 3.14598e-15)
(-5.91279 1.37522 2.88766e-15)
(-6.79214 -0.316349 0)
(-8.88298 -3.24049 0)
(18.0177 8.99499 0)
(17.8326 8.45667 3.66143e-16)
(17.6726 7.82006 -1.13689e-15)
(17.5414 7.10668 -4.99045e-16)
(17.4716 6.36117 -1.03894e-15)
(17.4713 5.56817 0)
(17.5517 4.74726 0)
(17.709 3.94973 -8.98947e-16)
(17.9342 3.20556 9.00834e-16)
(18.2209 2.51722 0)
(18.5567 1.893 -4.29836e-16)
(18.9293 1.33981 -4.46401e-16)
(19.3347 0.851706 4.11272e-16)
(19.7696 0.423161 4.11038e-16)
(20.2307 0.0524761 -7.54406e-16)
(20.7175 -0.263775 0)
(21.2289 -0.526634 -1.55679e-16)
(21.7628 -0.735944 1.57261e-17)
(22.3174 -0.890779 6.46689e-16)
(22.8901 -0.989679 -1.04514e-16)
(23.4775 -1.03019 9.90733e-17)
(24.0755 -1.00948 -6.3323e-17)
(24.6787 -0.923995 8.4604e-17)
(25.2781 -0.771541 -2.99847e-16)
(25.8586 -0.553167 -6.92551e-17)
(26.4045 -0.27444 1.65912e-19)
(26.9052 0.055082 1.86534e-18)
(27.3558 0.425374 0)
(27.7545 0.827366 1.06956e-17)
(28.1008 1.25218 -1.02733e-16)
(28.3967 1.69114 2.69811e-16)
(28.6469 2.13711 -6.32983e-16)
(28.8585 2.58563 2.76506e-15)
(29.0407 3.03569 -3.02018e-15)
(29.2055 3.49161 4.8413e-17)
(29.3637 3.96607 -3.45398e-15)
(29.5373 4.48679 -1.17295e-16)
(29.7042 5.1112 2.33887e-16)
(29.9424 5.95152 1.48011e-14)
(18.7335 9.28237 -2.17573e-17)
(18.9743 9.77185 0)
(19.2772 10.288 0)
(19.6271 10.7982 -2.0843e-16)
(20.0062 11.2641 8.45914e-18)
(20.433 11.7089 1.4645e-16)
(20.8934 12.1158 -1.48158e-16)
(21.3762 12.4725 -2.16804e-16)
(21.8821 12.7817 1.60692e-16)
(22.4025 13.0391 1.03988e-16)
(22.9315 13.2433 -4.57339e-17)
(23.4664 13.3957 0)
(24.0007 13.497 -7.49844e-17)
(24.5296 13.5495 -1.38137e-16)
(25.0491 13.5571 -4.71388e-16)
(25.5556 13.5251 -2.19297e-16)
(26.0463 13.4606 4.38065e-16)
(26.5217 13.3686 0)
(26.9845 13.2525 1.59888e-16)
(27.4352 13.1111 -6.74597e-16)
(27.8682 12.947 -7.92261e-16)
(28.3028 12.778 -2.48692e-16)
(28.7058 12.5673 2.82688e-16)
(28.9464 12.279 3.82834e-17)
(29.4119 12.1824 1.96736e-17)
(30.7741 12.4343 -1.38288e-17)
(31.5064 12.1116 -3.33411e-17)
(28.2684 10.0834 -2.36783e-18)
(20.7438 6.79153 3.49092e-16)
(12.4287 3.74035 0)
(6.26895 1.8644 -8.45807e-16)
(2.66719 1.17484 4.60819e-17)
(0.625096 1.25075 7.12182e-17)
(-0.736883 1.57228 4.15481e-15)
(-2.04439 1.87781 5.73172e-17)
(-3.43154 1.8417 -4.53703e-17)
(-5.2644 1.41478 0)
(-6.45247 -0.275596 0)
(-9.06637 -3.2078 -3.72925e-15)
(18.5332 8.78768 1.20957e-16)
(18.3617 8.28462 1.11167e-16)
(18.2122 7.68941 2.13798e-16)
(18.0887 7.02188 8.96625e-16)
(18.0212 6.32473 -4.22437e-16)
(18.0172 5.58265 3.93082e-16)
(18.0869 4.81412 1.0902e-15)
(18.2267 4.0671 0)
(18.4282 3.36978 0)
(18.6853 2.72389 0)
(18.9868 2.13693 -7.52073e-16)
(19.3213 1.61532 1.12617e-15)
(19.6855 1.15275 -7.52434e-16)
(20.077 0.743671 3.3939e-16)
(20.4932 0.386158 2.59423e-17)
(20.9349 0.0767893 0)
(21.4019 -0.18524 -5.85862e-16)
(21.893 -0.399273 0)
(22.4072 -0.56382 -8.44859e-18)
(22.9427 -0.676769 -4.11063e-16)
(23.4964 -0.734968 4.19597e-16)
(24.0643 -0.735039 -3.50844e-16)
(24.6413 -0.673048 -2.07672e-16)
(25.2187 -0.546413 1.21487e-16)
(25.7822 -0.355682 -1.43308e-18)
(26.3163 -0.105179 4.33975e-19)
(26.8103 0.197201 1.28317e-18)
(27.2587 0.542505 -2.32658e-18)
(27.6584 0.922112 -7.56948e-19)
(28.0084 1.32749 1.98273e-17)
(28.3098 1.75027 -3.04066e-17)
(28.5665 2.18336 -2.09477e-17)
(28.7847 2.62217 -1.25045e-15)
(28.9728 3.06552 2.80977e-15)
(29.142 3.51741 -4.83675e-17)
(29.302 3.99021 4.76433e-17)
(29.4722 4.51056 -1.0876e-16)
(29.6296 5.1346 2.16771e-16)
(29.835 5.96395 -1.44099e-14)
(19.1912 9.06371 -1.79343e-17)
(19.4145 9.52382 3.36727e-17)
(19.6954 10.01 -1.06697e-16)
(20.0193 10.4911 -2.95278e-16)
(20.3691 10.9308 3.32557e-16)
(20.7625 11.3521 0)
(21.1863 11.7393 0)
(21.6301 12.0812 -2.22429e-17)
(22.0951 12.3808 -1.77846e-16)
(22.5736 12.6344 0)
(23.061 12.8407 0)
(23.5556 13.0014 -1.86688e-17)
(24.0523 13.1167 9.03743e-17)
(24.5476 13.188 -7.3781e-17)
(25.0383 13.2183 3.86645e-17)
(25.5213 13.2104 3.25457e-16)
(25.994 13.1702 -2.21148e-17)
(26.4554 13.1015 7.62583e-16)
(26.9064 13.0069 4.06598e-16)
(27.3478 12.8878 5.89075e-16)
(27.775 12.7435 2.23781e-16)
(28.1897 12.5848 7.08107e-17)
(28.6121 12.4177 -3.28603e-16)
(28.9478 12.1815 3.58707e-17)
(29.1814 11.9348 1.63513e-16)
(29.9681 11.9898 1.35425e-16)
(31.3879 12.1126 2.8419e-17)
(30.8691 11.1462 -1.98869e-17)
(25.805 8.52369 -2.89811e-16)
(17.6024 5.26917 0)
(9.95829 2.79208 -6.54161e-16)
(4.8952 1.61444 -4.23437e-17)
(2.02715 1.43975 -1.11704e-15)
(0.313323 1.66958 -4.16003e-15)
(-1.13291 1.95145 -5.61249e-17)
(-2.56552 1.90899 4.40632e-17)
(-4.52691 1.47154 -2.59688e-15)
(-5.99127 -0.206795 -3.15411e-17)
(-9.10947 -3.13375 7.32659e-15)
(19.0051 8.59907 0)
(18.8457 8.12726 -1.86767e-16)
(18.7058 7.56919 -1.83361e-16)
(18.5896 6.94266 3.70279e-16)
(18.5248 6.28894 0)
(18.5185 5.59271 0)
(18.5797 4.87131 -2.59203e-15)
(18.7053 4.17001 -1.27852e-15)
(18.8873 3.51532 1.95502e-15)
(19.1198 2.90848 -1.97949e-15)
(19.3925 2.35628 6.95531e-16)
(19.6946 1.86472 -6.96471e-16)
(20.0235 1.42737 3.03586e-17)
(20.3771 1.0385 -6.64171e-16)
(20.7538 0.695995 9.42254e-16)
(21.1548 0.396279 5.83765e-16)
(21.5808 0.138424 2.68102e-16)
(22.0316 -0.0767594 0)
(22.5071 -0.24748 -3.38631e-16)
(23.0059 -0.371136 -1.01623e-16)
(23.5257 -0.444098 0)
(24.0629 -0.462486 3.1606e-16)
(24.6129 -0.421984 9.62187e-17)
(25.1674 -0.319553 -8.44574e-17)
(25.7126 -0.15504 6.06511e-17)
(26.2333 0.0683129 0)
(26.7192 0.344111 0)
(27.1638 0.664516 -1.71123e-18)
(27.5632 1.02149 -7.0981e-18)
(27.9159 1.40695 9.29616e-17)
(28.2219 1.81286 -2.30708e-16)
(28.4844 2.23225 -4.90434e-16)
(28.7088 2.66047 1.14218e-15)
(28.9026 3.09619 1.21681e-15)
(29.0759 3.54309 -2.77033e-15)
(29.2375 4.01318 -7.1364e-18)
(29.4041 4.53194 9.30541e-17)
(29.552 5.15379 -6.36008e-15)
(29.7269 5.96968 0)
(19.6125 8.86401 -4.68469e-17)
(19.8203 9.29761 -5.1641e-17)
(20.0816 9.75653 1.06669e-16)
(20.3826 10.2111 1.78706e-16)
(20.7067 10.6269 -3.09613e-16)
(21.0709 11.0265 -2.53979e-16)
(21.4628 11.3953 2.02074e-16)
(21.8725 11.7228 3.23696e-16)
(22.3018 12.0124 -1.64416e-16)
(22.7435 12.2607 0)
(23.1941 12.4669 1.21956e-16)
(23.6527 12.6326 -2.80518e-17)
(24.1152 12.7578 -7.96532e-18)
(24.5792 12.8434 1.03436e-16)
(25.0422 12.8914 1.75242e-16)
(25.5016 12.9035 3.52953e-16)
(25.9551 12.884 -4.09785e-16)
(26.401 12.8359 -3.25486e-17)
(26.839 12.7614 -5.17542e-16)
(27.2692 12.6621 0)
(27.6896 12.5386 -5.97375e-16)
(28.0943 12.3933 -5.65622e-18)
(28.4989 12.2411 7.75506e-17)
(28.8943 12.0624 -3.57202e-17)
(29.1584 11.8086 -1.25424e-16)
(29.5116 11.6508 1.65783e-17)
(30.6418 11.7734 0)
(31.6336 11.5329 -6.31931e-17)
(29.4039 9.87785 2.98847e-16)
(22.7391 6.92209 -6.11961e-16)
(14.4029 4.02982 6.19905e-16)
(7.78643 2.2827 7.59562e-17)
(3.78652 1.73614 1.04428e-15)
(1.53572 1.80591 2.05389e-15)
(-0.118971 2.03771 -5.15427e-17)
(-1.61082 1.98473 4.73765e-17)
(-3.69419 1.5453 2.49324e-15)
(-5.39834 -0.109955 2.01436e-15)
(-8.99289 -3.01712 -3.5892e-15)
(19.439 8.42654 4.29347e-17)
(19.2905 7.983 1.56706e-16)
(19.1595 7.45823 0)
(19.0501 6.86878 0)
(18.9883 6.25422 6.38693e-16)
(18.9805 5.59947 5.57264e-16)
(19.0351 4.9209 2.24476e-15)
(19.1492 4.26119 6.2757e-16)
(19.3148 3.64555 -1.19994e-15)
(19.5267 3.0747 3.41255e-17)
(19.7749 2.55497 6.05076e-16)
(20.0495 2.09195 0)
(20.3479 1.67905 6.09539e-16)
(20.6687 1.31057 5.6879e-16)
(21.0104 0.984036 -1.1176e-15)
(21.3749 0.695739 0)
(21.7635 0.444519 -4.8245e-16)
(22.1767 0.231094 4.41774e-16)
(22.6152 0.05732 -2.06729e-16)
(23.0785 -0.073965 7.8474e-17)
(23.5647 -0.158793 3.77594e-16)
(24.071 -0.192912 0)
(24.5933 -0.171683 0)
(25.1241 -0.0916246 -4.65628e-18)
(25.6499 0.0481909 -6.9827e-18)
(26.1561 0.245687 -2.52465e-17)
(26.6322 0.495736 -2.86453e-18)
(27.0715 0.79163 -3.04123e-17)
(27.4694 1.12604 0)
(27.8235 1.49137 -8.84985e-17)
(28.1332 1.88001 2.15127e-16)
(28.4008 2.28524 1.95081e-17)
(28.6308 2.70237 -2.12329e-15)
(28.8298 3.12995 -2.42226e-15)
(29.0069 3.57138 2.6513e-15)
(29.1697 4.03823 8.81516e-17)
(29.3326 4.55481 5.68017e-15)
(29.471 5.1731 5.94294e-15)
(29.6172 5.97463 1.19572e-14)
(20.0018 8.68088 1.23621e-17)
(20.1956 9.09031 4.57815e-17)
(20.4396 9.52434 8.34249e-17)
(20.7202 9.95473 0)
(21.0216 10.3484 0)
(21.3601 10.7279 4.64594e-16)
(21.7239 11.0794 -1.8336e-16)
(22.1037 11.393 1.59732e-17)
(22.5015 11.6724 3.7485e-16)
(22.9109 11.9146 -1.16023e-16)
(23.3289 12.119 -7.51614e-17)
(23.7552 12.2871 3.7504e-17)
(24.1866 12.419 -2.59339e-20)
(24.6215 12.5152 -1.20186e-16)
(25.0582 12.5771 0)
(25.4943 12.6054 -1.56284e-16)
(25.9282 12.6034 3.31087e-16)
(26.3575 12.5733 -5.34809e-16)
(26.7817 12.5169 1.21489e-16)
(27.1998 12.4355 3.55313e-16)
(27.6106 12.3307 5.10034e-16)
(28.0099 12.2028 0)
(28.3974 12.0591 2.63292e-16)
(28.7936 11.9082 3.35153e-17)
(29.141 11.7052 1.91461e-18)
(29.3762 11.4589 9.61847e-17)
(29.9806 11.3964 3.10709e-17)
(31.2592 11.4313 4.6246e-17)
(31.2239 10.6695 -2.64075e-16)
(27.0319 8.44034 5.82258e-16)
(19.2232 5.4975 -3.39326e-17)
(11.4008 3.22099 1.01756e-15)
(6.03049 2.18877 -9.84316e-16)
(2.99771 2.0055 0)
(1.02162 2.14337 1.68692e-15)
(-0.559367 2.07052 -4.72072e-17)
(-2.76021 1.63542 -4.13502e-17)
(-4.66427 0.0138267 -1.91734e-15)
(-8.69846 -2.85778 -5.00507e-17)
(19.8396 8.26805 3.49693e-17)
(19.7008 7.85011 -2.90518e-16)
(19.5779 7.35561 0)
(19.4751 6.79982 -5.53167e-16)
(19.4164 6.22087 1.06402e-15)
(19.408 5.60391 -1.03058e-15)
(19.4573 4.96438 -5.10141e-17)
(19.5618 4.34276 1.02252e-15)
(19.7138 3.76294 0)
(19.9082 3.22532 1.5169e-15)
(20.1356 2.73585 -5.34101e-16)
(20.3866 2.29972 5.24524e-16)
(20.6587 1.91046 -7.9899e-16)
(20.9507 1.5621 -1.30801e-17)
(21.2615 1.25212 -2.35457e-16)
(21.5934 0.976431 0)
(21.9479 0.733701 6.76129e-16)
(22.3264 0.524395 -2.02417e-16)
(22.73 0.350249 1.03209e-17)
(23.1591 0.214123 -6.48349e-16)
(23.6125 0.120054 -2.15593e-16)
(24.088 0.0725743 -6.31415e-17)
(24.5824 0.0766602 -3.93197e-17)
(25.0888 0.136394 1.68074e-16)
(25.5943 0.253377 7.40523e-18)
(26.0847 0.426406 5.90002e-17)
(26.5496 0.651621 1.46546e-18)
(26.9822 0.923471 3.14329e-17)
(27.3772 1.2354 6.0292e-18)
(27.7315 1.58043 6.31996e-17)
(28.044 1.95141 9.95139e-18)
(28.3158 2.3419 1.86223e-17)
(28.5508 2.74729 9.86602e-16)
(28.7545 3.16603 -3.64971e-17)
(28.9351 3.60125 -6.39725e-18)
(29.0989 4.06403 7.51278e-17)
(29.2579 4.57744 -5.28742e-15)
(29.3868 5.19057 5.36231e-15)
(29.5065 5.97604 -1.1403e-14)
(20.3626 8.51226 5.18941e-17)
(20.544 8.89952 -1.75288e-16)
(20.7724 9.31068 7.65375e-17)
(21.0348 9.71874 0)
(21.316 10.0921 -2.27159e-16)
(21.6317 10.453 4.18117e-16)
(21.9706 10.7881 1.65876e-16)
(22.324 11.0883 -3.22182e-17)
(22.694 11.3575 -1.43663e-16)
(23.0748 11.5929 -1.79934e-16)
(23.4637 11.7941 -7.59987e-17)
(23.8611 11.9627 -8.31814e-17)
(24.2644 12.0987 -3.14238e-17)
(24.6725 12.2025 4.87052e-17)
(25.0843 12.2751 0)
(25.4979 12.3165 0)
(25.9121 12.329 -5.15217e-16)
(26.3244 12.3144 1.73295e-16)
(26.7337 12.2742 4.02908e-16)
(27.1391 12.2091 -4.52184e-16)
(27.5389 12.1207 5.67414e-16)
(27.9309 12.0103 -5.11872e-16)
(28.3101 11.8789 -1.19818e-16)
(28.6866 11.7373 2.72452e-17)
(29.0673 11.5759 2.70926e-16)
(29.3565 11.3439 -1.32447e-16)
(29.6501 11.1302 -2.33286e-17)
(30.5464 11.1202 0)
(31.5617 10.9168 -2.22988e-16)
(29.9026 9.58335 2.86258e-17)
(23.8089 7.02079 -2.97636e-17)
(15.6129 4.41787 -9.21075e-16)
(8.8762 2.84631 1.6103e-18)
(4.79421 2.30125 -5.58743e-17)
(2.33152 2.28132 -2.41287e-18)
(0.598706 2.16954 -2.85602e-15)
(-1.7181 1.74093 2.46084e-15)
(-3.78094 0.162674 -4.7521e-18)
(-8.21006 -2.65606 1.00878e-16)
(20.2107 8.12196 1.4815e-16)
(20.0807 7.72737 1.21362e-16)
(19.9654 7.26049 2.34311e-16)
(19.8686 6.73549 2.65046e-16)
(19.8131 6.18906 -1.44925e-15)
(19.8045 5.60675 8.68958e-16)
(19.8497 5.00302 3.61846e-16)
(19.9463 4.41643 0)
(20.0869 3.86962 4.43056e-16)
(20.2664 3.36283 -5.04685e-16)
(20.4759 2.90161 9.11278e-16)
(20.7065 2.49088 -9.25865e-16)
(20.9558 2.1241 0)
(21.2226 1.79542 0)
(21.5062 1.50204 6.82329e-16)
(21.8089 1.2397 2.20739e-16)
(22.1326 1.00673 -2.1676e-16)
(22.4791 0.803334 1.71885e-16)
(22.8501 0.630982 3.4202e-16)
(23.2465 0.492382 3.02248e-16)
(23.6681 0.391612 2.55046e-16)
(24.1133 0.333246 0)
(24.5798 0.322469 -1.70609e-16)
(25.0614 0.363789 -2.63492e-17)
(25.5459 0.459601 2.63698e-17)
(26.0193 0.609658 8.17767e-18)
(26.4718 0.811171 -3.78052e-18)
(26.8962 1.05965 1.54528e-18)
(27.287 1.34941 -5.69679e-18)
(27.6403 1.67411 0)
(27.9544 2.02716 1.55056e-16)
(28.2296 2.40247 3.66484e-16)
(28.4688 2.79557 8.91034e-16)
(28.6768 3.20484 1.97176e-15)
(28.8604 3.63319 2.1229e-15)
(29.0249 4.09112 -2.28347e-15)
(29.1797 4.60043 4.84078e-15)
(29.2994 5.20697 -5.33581e-15)
(29.3947 5.97512 1.57032e-16)
(20.6981 8.35636 -1.00888e-16)
(20.8683 8.72322 4.60039e-17)
(21.0826 9.11331 -5.62192e-17)
(21.3287 9.50063 3.6277e-16)
(21.5919 9.85517 -4.38811e-16)
(21.8873 10.1986 -3.80965e-16)
(22.2041 10.5183 -1.49685e-16)
(22.534 10.8057 -1.18788e-16)
(22.8793 11.0647 -2.25254e-16)
(23.2345 11.2929 1.69107e-16)
(23.5975 11.4899 3.85975e-17)
(23.9688 11.6575 -4.07845e-17)
(24.3465 11.7957 0)
(24.7299 11.9047 1.50104e-16)
(25.1184 11.9852 -6.1393e-17)
(25.5105 12.0371 0)
(25.9051 12.0616 3.15834e-16)
(26.3003 12.0602 0)
(26.6945 12.034 -3.88794e-16)
(27.0866 11.9836 -3.92402e-16)
(27.4748 11.91 9.02991e-17)
(27.8571 11.8149 3.99805e-16)
(28.2303 11.6986 1.65586e-16)
(28.5923 11.5646 -5.8886e-17)
(28.9622 11.4207 -1.79063e-16)
(29.3135 11.2338 -1.48087e-17)
(29.5555 10.9765 1.75955e-17)
(30.0048 10.817 -3.41689e-18)
(31.0869 10.7997 1.91191e-16)
(31.2447 10.2338 4.39594e-16)
(27.5365 8.38268 0)
(20.0735 5.78884 0)
(12.3608 3.73589 0)
(7.04189 2.73422 -5.65743e-17)
(3.87323 2.47122 -1.46858e-15)
(1.88324 2.28794 2.86107e-15)
(-0.558507 1.86044 -5.10142e-15)
(-2.74253 0.334163 -6.59287e-17)
(-7.51275 -2.41292 -3.56575e-15)
(20.5555 7.98684 1.28213e-16)
(20.4336 7.61363 -3.33283e-16)
(20.3251 7.17211 -3.93458e-16)
(20.2341 6.67545 8.40251e-16)
(20.1818 6.15889 8.01811e-16)
(20.1734 5.60847 0)
(20.2154 5.03782 -1.52382e-15)
(20.3053 4.48353 -1.48803e-15)
(20.4362 3.96728 -1.53185e-15)
(20.6029 3.48911 3.54655e-16)
(20.7971 3.05424 -1.26644e-15)
(21.01 2.66735 8.64735e-16)
(21.2393 2.32197 4.12383e-16)
(21.4841 2.01227 -1.76571e-17)
(21.7436 1.73532 -8.27436e-16)
(22.0202 1.48667 0)
(22.3161 1.26431 0)
(22.6333 1.06818 -3.44303e-16)
(22.9739 0.899411 0)
(23.3396 0.760432 0)
(23.7306 0.655133 -3.51501e-16)
(24.1463 0.588127 -8.9563e-17)
(24.5852 0.564722 1.9675e-16)
(25.0417 0.589737 -3.53682e-17)
(25.5045 0.666256 1.55921e-17)
(25.9601 0.794931 -1.06924e-17)
(26.399 0.973952 0)
(26.814 1.19986 0)
(27.1991 1.46784 0)
(27.5502 1.77229 -5.25671e-17)
(27.8647 2.10721 -1.27045e-16)
(28.1424 2.46692 2.68402e-17)
(28.3851 2.84716 -8.12075e-16)
(28.5967 3.24632 -1.79698e-15)
(28.7828 3.66705 -2.06855e-15)
(28.9477 4.11928 4.33372e-15)
(29.0983 4.62346 -1.94475e-16)
(29.209 5.22194 0)
(29.282 5.97132 -9.44543e-15)
(21.0109 8.21178 3.89355e-17)
(21.1708 8.55981 -3.65285e-17)
(21.3724 8.93025 -2.2501e-16)
(21.6039 9.29838 -2.08417e-16)
(21.8509 9.63535 4.00178e-16)
(22.1281 9.96242 0)
(22.4251 10.2675 0)
(22.7341 10.5426 3.65375e-16)
(23.0573 10.7915 -3.13028e-16)
(23.3897 11.0122 -1.52806e-16)
(23.7294 11.2044 6.56166e-17)
(24.0772 11.3698 9.02051e-17)
(24.4316 11.5085 1.82224e-17)
(24.7922 11.6208 4.57018e-17)
(25.1589 11.707 -8.32381e-17)
(25.5306 11.7669 -3.31475e-17)
(25.9062 11.8011 -1.4443e-16)
(26.2843 11.8109 0)
(26.6632 11.7969 -3.34171e-16)
(27.0417 11.7595 3.78684e-16)
(27.4179 11.6995 -3.9788e-16)
(27.7895 11.6178 1.0557e-16)
(28.1546 11.516 -5.15031e-16)
(28.5089 11.3936 2.08827e-16)
(28.8588 11.256 0)
(29.2228 11.1001 1.06673e-16)
(29.5229 10.8721 0)
(29.7545 10.6124 0)
(30.4437 10.5401 0)
(31.3965 10.4307 -3.9833e-16)
(30 9.39428 4.85048e-17)
(24.2766 7.18007 7.32683e-16)
(16.3687 4.84008 5.20441e-17)
(9.84703 3.3438 -5.01132e-17)
(5.73547 2.74199 0)
(3.32902 2.43647 0)
(0.732837 1.99257 7.92524e-17)
(-1.54658 0.525878 -4.43312e-15)
(-6.59476 -2.13132 3.66968e-15)
(20.8767 7.86146 1.13323e-16)
(20.7622 7.50798 9.44831e-17)
(20.6601 7.08987 3.63963e-16)
(20.5745 6.61938 -4.21152e-16)
(20.5253 6.13043 -3.83538e-16)
(20.5175 5.6095 1.29406e-15)
(20.5569 5.06943 -1.59131e-15)
(20.6413 4.54515 1.37747e-15)
(20.7637 4.0573 1.42494e-15)
(20.9195 3.6058 -2.09646e-17)
(21.1002 3.19557 -3.69828e-16)
(21.2977 2.8311 0)
(21.5096 2.50602 -7.31927e-16)
(21.735 2.21453 3.62871e-16)
(21.9732 1.95359 0)
(22.2264 1.71865 3.40131e-16)
(22.4972 1.50742 1.59102e-16)
(22.7877 1.31949 -6.06334e-16)
(23.1003 1.15564 -1.28866e-16)
(23.4371 1.01801 -2.47101e-16)
(23.799 0.910187 2.16706e-16)
(24.1862 0.836608 2.86828e-16)
(24.5978 0.802573 -6.62856e-17)
(25.0294 0.813301 1.15785e-16)
(25.4701 0.87247 1.56129e-17)
(25.9072 0.981441 -1.49188e-17)
(26.3314 1.1393 3.31854e-18)
(26.7356 1.34357 -1.24226e-17)
(27.1139 1.59034 0)
(27.4615 1.87475 4.97058e-17)
(27.7754 2.19145 0)
(28.0545 2.53525 6.06414e-16)
(28.2998 2.90214 0)
(28.5143 3.29056 7.84184e-16)
(28.7025 3.70294 5.37575e-17)
(28.8673 4.14859 -1.99127e-15)
(29.0136 4.64658 -4.23295e-15)
(29.1156 5.23555 0)
(29.1685 5.9649 9.02477e-15)
(21.3032 8.07731 -3.44774e-17)
(21.4538 8.4078 3.11799e-17)
(21.6438 8.75996 1.03165e-16)
(21.862 9.11012 -1.90446e-16)
(22.0944 9.43072 0)
(22.3552 9.74236 -2.91401e-16)
(22.6344 10.0337 -1.21154e-16)
(22.9246 10.2968 5.44692e-16)
(23.228 10.536 1.4083e-16)
(23.54 10.7489 4.3287e-20)
(23.8587 10.9357 1.21159e-16)
(24.1854 11.0981 -4.7943e-17)
(24.5185 11.236 -2.79866e-19)
(24.8582 11.3499 -6.08269e-17)
(25.2046 11.4401 1.11598e-16)
(25.5568 11.5061 -1.05509e-16)
(25.9141 11.548 3.61358e-16)
(26.2755 11.567 0)
(26.6391 11.5635 3.22001e-16)
(27.0036 11.5374 3.29314e-16)
(27.3675 11.4895 -9.42581e-17)
(27.7281 11.4202 -3.74515e-16)
(28.0833 11.331 3.39385e-16)
(28.4307 11.222 -1.06895e-16)
(28.7677 11.0919 4.88403e-17)
(29.1136 10.9481 -3.5958e-18)
(29.4582 10.7641 -2.5036e-17)
(29.6809 10.4928 0)
(29.9968 10.2993 0)
(30.9319 10.3281 4.70545e-17)
(31.1548 9.96728 -7.52697e-16)
(27.7129 8.40812 -1.48029e-15)
(20.6011 6.08209 4.57337e-17)
(13.2474 4.1508 0)
(8.02804 3.12944 1.6341e-15)
(4.99518 2.6302 2.72789e-15)
(2.17953 2.13882 5.25059e-15)
(-0.193181 0.735709 8.7665e-15)
(-5.44765 -1.81607 0)
(21.1767 7.74481 7.73377e-17)
(21.069 7.40961 -1.76273e-16)
(20.9727 7.01321 0)
(20.8922 6.56698 -1.32234e-15)
(20.8461 6.10367 -9.05528e-16)
(20.839 5.61012 -3.47739e-16)
(20.8763 5.09851 6.0034e-16)
(20.956 4.60213 -5.60838e-16)
(21.0713 4.14073 0)
(21.2174 3.71411 1.22014e-15)
(21.3865 3.32693 6.32766e-16)
(21.5704 2.98355 3.27268e-16)
(21.767 2.67766 3.46886e-16)
(21.9752 2.40354 -6.65145e-16)
(22.1944 2.1581 0)
(22.4269 1.93669 -3.2191e-16)
(22.6751 1.73681 -5.95992e-16)
(22.9412 1.55774 2.8343e-16)
(23.228 1.39988 2.59812e-16)
(23.5379 1.26495 2.33485e-16)
(23.8724 1.15628 -4.03807e-16)
(24.2322 1.07808 -8.31277e-17)
(24.6172 1.03553 2.20361e-16)
(25.0241 1.03398 8.00181e-21)
(25.4425 1.07763 -7.8205e-17)
(25.8605 1.16857 -4.30998e-17)
(26.2691 1.30668 0)
(26.6615 1.49036 1.17458e-17)
(27.0317 1.71659 0)
(27.3745 1.98129 0)
(27.6866 2.27978 0)
(27.966 2.60742 -5.73762e-16)
(28.2132 2.9605 6.44068e-16)
(28.4299 3.33757 7.34896e-16)
(28.6196 3.74084 1.08594e-16)
(28.784 4.179 -2.2441e-16)
(28.9258 4.66969 3.89102e-15)
(29.0194 5.24779 0)
(29.0544 5.95586 0)
(21.5768 7.95188 -4.75729e-17)
(21.7189 8.26599 6.64736e-18)
(21.8984 8.60103 -7.86338e-17)
(22.1044 8.93438 3.59317e-16)
(22.3236 9.23957 0)
(22.5696 9.53668 2.7278e-16)
(22.8327 9.81484 0)
(23.106 10.0666 3.70543e-16)
(23.3916 10.2961 1.39023e-16)
(23.6851 10.5014 -1.31241e-16)
(23.9849 10.6824 -6.72681e-17)
(24.2923 10.841 6.93932e-17)
(24.6061 10.9773 2.63636e-19)
(24.9266 11.0915 -4.5025e-17)
(25.254 11.1841 -1.05062e-16)
(25.588 11.2545 -9.27779e-17)
(25.9277 11.3025 9.64103e-17)
(26.2727 11.3289 -1.40683e-16)
(26.6212 11.3341 -2.3569e-17)
(26.9719 11.3179 -4.7588e-16)
(27.3231 11.2806 0)
(27.6724 11.2226 2.62266e-16)
(28.0171 11.1447 -3.5901e-16)
(28.3555 11.048 -1.48117e-16)
(28.6851 10.9294 -1.40458e-16)
(29.0111 10.7912 -1.09883e-16)
(29.3559 10.635 3.90585e-17)
(29.6412 10.4052 -2.90179e-18)
(29.803 10.1395 -1.85286e-16)
(30.3692 10.1066 0)
(31.2919 10.1373 1.35177e-15)
(30.0332 9.31295 1.32629e-15)
(24.6177 7.32872 0)
(17.1459 5.13902 0)
(10.853 3.66801 -1.57292e-15)
(6.96686 2.89238 -2.70058e-15)
(3.81661 2.30479 -2.50845e-15)
(1.32024 0.962128 -4.46639e-15)
(-4.06549 -1.47358 -5.90783e-17)
(21.4574 7.636 -1.06292e-16)
(21.3559 7.31781 1.54732e-16)
(21.2652 6.94162 6.821e-16)
(21.1894 6.51801 3.11139e-16)
(21.1462 6.07856 8.5025e-16)
(21.1399 5.61052 -7.95283e-16)
(21.1757 5.12545 0)
(21.2514 4.65514 1.06683e-15)
(21.3604 4.21847 5.34325e-16)
(21.4981 3.81517 -2.22693e-15)
(21.6569 3.44963 -1.74033e-15)
(21.8289 3.12601 5.99351e-16)
(22.0119 2.83822 2.92431e-16)
(22.2049 2.58062 2.93318e-16)
(22.4072 2.3501 -2.97287e-16)
(22.621 2.14194 5.61689e-16)
(22.8488 1.95343 -1.09721e-18)
(23.0928 1.78359 4.87471e-16)
(23.356 1.63245 -4.6725e-16)
(23.641 1.50138 0)
(23.9497 1.39329 2.75099e-16)
(24.2834 1.31212 -3.20462e-16)
(24.6428 1.26285 -5.79554e-17)
(25.0253 1.25088 -1.03503e-16)
(25.4215 1.28087 7.39496e-17)
(25.8199 1.35549 -7.72727e-18)
(26.2121 1.47536 7.76385e-18)
(26.5918 1.63963 -5.98929e-18)
(26.9526 1.84613 0)
(27.2896 2.09159 -3.45263e-17)
(27.5986 2.372 1.92185e-16)
(27.8774 2.68331 0)
(28.1253 3.0222 -6.49486e-16)
(28.3435 3.38733 -3.37519e-17)
(28.5341 3.78076 1.4409e-16)
(28.6977 4.2105 -2.0561e-16)
(28.835 4.69276 -3.36492e-15)
(28.9206 5.25863 -1.10819e-16)
(28.9398 5.94429 0)
(21.8335 7.83459 5.65031e-17)
(21.9678 8.13336 0)
(22.1376 8.45231 -3.13812e-16)
(22.3325 8.76985 0)
(22.5397 9.06052 -1.28713e-16)
(22.7722 9.34388 1.26668e-16)
(23.0208 9.60952 -1.9483e-16)
(23.2787 9.85029 -3.36179e-16)
(23.5482 10.0704 -7.12757e-18)
(23.825 10.2679 -1.3546e-16)
(24.1077 10.4429 9.82191e-17)
(24.3976 10.5973 1.50779e-16)
(24.6937 10.7311 1.74364e-17)
(24.9964 10.8447 2.43548e-17)
(25.3063 10.9384 1.69616e-16)
(25.6231 11.0118 0)
(25.9462 11.0644 -1.93267e-16)
(26.2754 11.0968 0)
(26.6091 11.1092 0)
(26.9459 11.1013 5.67703e-16)
(27.2844 11.0733 0)
(27.622 11.0254 0)
(27.9561 10.9579 6.64784e-16)
(28.2842 10.872 1.68926e-16)
(28.6062 10.766 2.03488e-16)
(28.9208 10.6361 -2.16862e-17)
(29.2442 10.4914 -5.78145e-18)
(29.5683 10.3086 -8.29272e-17)
(29.7505 10.0454 1.8093e-16)
(29.9935 9.89774 0)
(30.8916 10.0351 -5.46385e-17)
(31.1727 9.81584 -5.89618e-16)
(27.9478 8.41902 2.51561e-15)
(21.272 6.24103 0)
(14.2492 4.3766 -1.40431e-15)
(9.34926 3.25231 9.02841e-17)
(5.69158 2.50305 -7.65166e-17)
(3.00339 1.20411 0)
(-2.44366 -1.11103 0)
(21.7206 7.53425 -8.78638e-17)
(21.6248 7.23198 0)
(21.5392 6.87467 -9.71396e-16)
(21.4679 6.47221 -9.9463e-16)
(21.4275 6.05507 0)
(21.4222 5.61088 0)
(21.4567 5.15068 1.71812e-15)
(21.529 4.70481 8.92528e-16)
(21.6325 4.29131 0)
(21.7628 3.90983 5.36737e-16)
(21.9124 3.56462 -5.15846e-16)
(22.0737 3.25962 0)
(22.2447 2.98891 0)
(22.4241 2.74701 2.59873e-16)
(22.6113 2.53072 -5.21021e-16)
(22.8085 2.33535 5.04078e-16)
(23.0179 2.15806 -2.47478e-16)
(23.2419 1.99759 -1.31315e-17)
(23.4835 1.85366 -2.04632e-16)
(23.7454 1.72729 3.86291e-16)
(24.03 1.62099 -8.67711e-17)
(24.339 1.53834 -7.86611e-17)
(24.6738 1.48405 1.88965e-16)
(25.0325 1.46351 9.71641e-17)
(25.4066 1.48167 -4.23511e-17)
(25.7852 1.54171 0)
(26.1606 1.64481 -1.94645e-17)
(26.5266 1.7909 2.11951e-18)
(26.8771 1.97858 0)
(27.2069 2.20533 3.26724e-17)
(27.5118 2.46791 -1.81893e-16)
(27.7888 2.76284 -1.8646e-16)
(28.0366 3.0872 -3.06366e-17)
(28.2553 3.43982 -2.73027e-17)
(28.4462 3.82267 9.06801e-17)
(28.6086 4.24306 -1.67014e-15)
(28.7415 4.71575 9.67186e-17)
(28.8195 5.26813 -3.31672e-15)
(28.8249 5.93038 0)
(22.0746 7.72466 -7.29011e-17)
(22.2017 8.009 4.53457e-17)
(22.3627 8.3128 1.44985e-17)
(22.5474 8.61542 0)
(22.7436 8.89237 -2.37458e-16)
(22.9638 9.16268 0)
(23.1992 9.41636 3.69979e-16)
(23.4432 9.64661 -1.70611e-16)
(23.698 9.85749 -4.12827e-16)
(23.9596 10.0473 -2.95029e-16)
(24.2267 10.2161 8.5366e-17)
(24.5007 10.3659 -8.17869e-17)
(24.7805 10.4966 0)
(25.0669 10.6087 6.67268e-17)
(25.3605 10.7026 -6.22522e-17)
(25.6612 10.7778 -6.08319e-18)
(25.9686 10.8338 3.35482e-16)
(26.2827 10.8708 -2.97516e-16)
(26.6019 10.889 -1.08619e-16)
(26.9251 10.8882 -5.20702e-16)
(27.2508 10.8682 1.47553e-16)
(27.5766 10.8291 -6.14349e-17)
(27.8998 10.7711 -4.68044e-16)
(28.2174 10.695 -8.68695e-17)
(28.5301 10.6004 0)
(28.8378 10.4822 0)
(29.1425 10.3441 0)
(29.4647 10.1907 6.43815e-17)
(29.7187 9.97234 2.04683e-17)
(29.8406 9.75421 3.66534e-16)
(30.3989 9.81766 -6.7116e-16)
(31.362 9.94501 5.10993e-16)
(30.2393 9.21012 -2.3168e-15)
(25.2054 7.33915 8.13267e-17)
(18.1243 5.2412 1.25229e-15)
(12.24 3.73896 0)
(7.87707 2.75437 -2.5746e-15)
(4.87585 1.46192 -1.4968e-16)
(-0.581447 -0.734479 -4.53632e-15)
(21.9678 7.4389 5.66955e-18)
(21.8772 7.15156 -1.02269e-17)
(21.7964 6.81197 4.3121e-16)
(21.7292 6.42933 1.14294e-15)
(21.6915 6.03311 3.9803e-16)
(21.6872 5.61131 3.89702e-16)
(21.7207 5.17445 -1.98459e-15)
(21.79 4.75156 7.46031e-16)
(21.8887 4.35981 4.22109e-16)
(22.0123 3.99888 1.32195e-15)
(22.1538 3.6728 -4.57939e-16)
(22.3057 3.38533 4.56325e-16)
(22.4658 3.13068 0)
(22.6331 2.90357 0)
(22.8068 2.70084 0)
(22.989 2.51779 -2.20724e-16)
(23.1819 2.35146 1.08907e-17)
(23.3877 2.20039 1.97668e-16)
(23.6095 2.064 -3.7919e-16)
(23.8503 1.94299 4.01417e-18)
(24.1124 1.83945 1.57644e-16)
(24.3981 1.75656 -6.25568e-17)
(24.7094 1.69872 -1.04099e-16)
(25.0451 1.67124 1.11172e-17)
(25.3975 1.67925 3.98244e-17)
(25.7563 1.7264 0)
(26.1144 1.81428 1.84214e-17)
(26.4659 1.9435 3.35729e-18)
(26.8052 2.11336 1.70217e-18)
(27.1269 2.32212 -8.08516e-18)
(27.4264 2.5672 -1.40574e-16)
(27.7005 2.84575 3.98702e-16)
(27.9472 3.15535 -6.49477e-17)
(28.1657 3.495 -5.08083e-16)
(28.3561 3.86652 0)
(28.5169 4.27664 1.31625e-15)
(28.6453 4.73862 2.98925e-15)
(28.7163 5.27629 3.15903e-15)
(28.7099 5.91422 6.21578e-15)
(22.3014 7.62138 1.12834e-17)
(22.4219 7.89214 0)
(22.5747 8.18163 1.29988e-17)
(22.7501 8.47009 1.16692e-16)
(22.9362 8.73407 1.08466e-16)
(23.1451 8.99197 3.69099e-16)
(23.3684 9.2342 -3.47458e-16)
(23.5996 9.45427 1.6695e-16)
(23.8411 9.65624 3.81651e-16)
(24.0889 9.83841 1.14535e-16)
(24.3418 10.0009 -5.44804e-17)
(24.6011 10.1458 0)
(24.8661 10.273 0)
(25.1375 10.383 -6.29062e-17)
(25.4159 10.4761 0)
(25.7015 10.5522 -9.75576e-17)
(25.9941 10.6104 -4.44572e-16)
(26.2936 10.6508 3.98102e-16)
(26.5989 10.6737 0)
(26.9089 10.6787 3.50102e-16)
(27.222 10.6655 1.19773e-16)
(27.536 10.6341 -7.15068e-17)
(27.8481 10.5847 1.42298e-16)
(28.1553 10.5176 7.48407e-17)
(28.4575 10.4329 0)
(28.7581 10.3272 2.02837e-17)
(29.0529 10.1981 -2.43099e-17)
(29.3557 10.058 -7.34216e-17)
(29.6536 9.88652 -1.96194e-16)
(29.8098 9.66451 -5.86967e-16)
(30.0689 9.60393 -7.67319e-17)
(31.0237 9.81628 6.01561e-17)
(31.394 9.62812 0)
(28.4752 8.28805 0)
(22.21 6.20158 1.24477e-15)
(15.6727 4.3679 2.56345e-15)
(10.4647 3.08495 2.55896e-15)
(6.98835 1.74208 4.69107e-15)
(1.51246 -0.349519 4.72787e-15)
(22.2001 7.34942 1.96061e-16)
(22.1145 7.07607 -4.23711e-16)
(22.038 6.75316 1.92943e-16)
(21.9749 6.38918 2.07239e-16)
(21.9397 6.01263 -4.06124e-16)
(21.9364 5.61191 0)
(21.9691 5.19705 1.67848e-15)
(22.0357 4.79574 -1.46967e-15)
(22.1301 4.42449 1.07828e-15)
(22.2478 4.0829 0)
(22.382 3.77483 0)
(22.5253 3.50385 -4.28526e-16)
(22.6757 3.26441 4.14501e-16)
(22.8321 3.05133 -1.81037e-17)
(22.9937 2.86145 4.07316e-16)
(23.1624 2.69017 0)
(23.3403 2.53443 1.99944e-16)
(23.5297 2.39264 0)
(23.7336 2.26394 2.516e-18)
(23.9548 2.14869 4.67479e-16)
(24.1962 2.04865 -2.81627e-16)
(24.4601 1.9666 7.40301e-17)
(24.7491 1.9066 5.66304e-17)
(25.0626 1.87372 0)
(25.3937 1.87322 6.36783e-17)
(25.7329 1.90904 0)
(26.0734 1.98326 -2.06078e-17)
(26.41 2.09694 -9.18821e-19)
(26.7371 2.25005 1.51442e-18)
(27.0496 2.44155 4.15248e-17)
(27.3427 2.66958 1.40805e-16)
(27.6128 2.93188 -1.8296e-16)
(27.8574 3.22651 0)
(28.0747 3.55274 4.93328e-16)
(28.2641 3.91228 0)
(28.4228 4.31119 -1.22997e-15)
(28.5467 4.76137 -2.75636e-15)
(28.6112 5.2832 1.80499e-16)
(28.5949 5.89603 -6.12543e-15)
(22.5149 7.52419 1.79573e-17)
(22.6294 7.7821 -3.58273e-17)
(22.7746 8.05804 2.31292e-16)
(22.9414 8.33305 -4.88576e-18)
(23.1182 8.58471 -5.80104e-16)
(23.3167 8.83076 -3.46338e-16)
(23.5289 9.06203 0)
(23.7485 9.27233 -2.53241e-16)
(23.9777 9.46558 0)
(24.2128 9.64022 0)
(24.4527 9.79643 4.5921e-17)
(24.6986 9.93611 -2.88658e-17)
(24.9499 10.0594 -1.9236e-17)
(25.2074 10.1668 0)
(25.4718 10.2586 0)
(25.7432 10.3345 1.93396e-16)
(26.0219 10.3941 2.89769e-16)
(26.3075 10.4369 3.46971e-16)
(26.5995 10.4634 2.82647e-16)
(26.8965 10.4731 -2.40682e-16)
(27.1973 10.4657 -1.50944e-17)
(27.4995 10.4409 3.63957e-16)
(27.8006 10.3989 0)
(28.0974 10.3402 -1.41134e-16)
(28.3894 10.2644 3.71807e-17)
(28.681 10.1697 3.67139e-17)
(28.9705 10.0524 0)
(29.2573 9.91988 1.49663e-16)
(29.5596 9.77771 1.516e-16)
(29.7938 9.59079 2.99964e-16)
(29.939 9.44577 -5.71905e-16)
(30.575 9.57463 -1.10921e-15)
(31.6098 9.69689 0)
(30.7144 8.95633 -1.44457e-16)
(26.0777 7.14969 -1.04343e-15)
(19.5464 5.12491 -2.17508e-17)
(13.5349 3.51949 2.64495e-15)
(9.41065 2.05662 -4.68514e-15)
(3.84098 0.0397226 0)
(22.4189 7.26524 -6.8077e-17)
(22.3378 7.00512 9.76645e-18)
(22.2655 6.69794 0)
(22.206 6.35157 -3.54468e-16)
(22.1732 5.99356 -1.97597e-17)
(22.171 5.61271 -3.03103e-16)
(22.203 5.21858 -1.244e-15)
(22.2672 4.83768 -1.23147e-15)
(22.3577 4.48578 2.5603e-16)
(22.4701 4.16246 -1.346e-15)
(22.5976 3.87138 1.05804e-15)
(22.7333 3.61595 3.64858e-16)
(22.8749 3.39081 -3.81763e-16)
(23.0215 3.19095 -1.82285e-17)
(23.1721 3.01326 -7.65309e-16)
(23.3286 2.85317 0)
(23.4931 2.70761 0)
(23.6676 2.57487 1.60627e-16)
(23.855 2.45388 -3.18804e-16)
(24.0584 2.3447 -4.20668e-16)
(24.2806 2.24873 2.55951e-16)
(24.5242 2.1684 -1.45324e-17)
(24.7921 2.10737 -5.98673e-17)
(25.0844 2.07043 -7.81653e-17)
(25.3948 2.06295 3.40413e-17)
(25.7145 2.089 -4.1342e-17)
(26.0374 2.15102 -1.57025e-18)
(26.3586 2.25052 0)
(26.6729 2.38803 -3.07064e-18)
(26.9753 2.56314 -3.95774e-17)
(27.261 2.77464 0)
(27.5261 3.02093 -1.95455e-16)
(27.7675 3.30051 -3.32721e-16)
(27.9828 3.61291 -9.1157e-16)
(28.1704 3.95983 0)
(28.3266 4.34667 2.28435e-15)
(28.446 4.78395 -2.40844e-15)
(28.5046 5.28889 -2.52948e-15)
(28.4802 5.876 -5.35854e-15)
(22.7163 7.43257 1.77738e-17)
(22.8251 7.67829 0)
(22.9632 7.94135 0)
(23.122 8.20359 1.99459e-16)
(23.2903 8.44351 5.26729e-16)
(23.4792 8.67825 1.60013e-16)
(23.6811 8.89901 1.24e-16)
(23.8901 9.09986 1.11584e-16)
(24.108 9.28464 8.44084e-17)
(24.3315 9.45188 -8.75697e-17)
(24.5594 9.60176 0)
(24.793 9.73616 0)
(25.0317 9.85526 9.97431e-18)
(25.2763 9.95958 -5.86971e-17)
(25.5276 10.0495 -7.00299e-17)
(25.7858 10.1246 -1.09146e-16)
(26.0513 10.1847 1.43651e-16)
(26.3238 10.229 -1.59571e-16)
(26.6029 10.2582 -1.76179e-16)
(26.8875 10.2715 -1.86235e-16)
(27.1762 10.2688 0)
(27.4669 10.2497 -2.3661e-16)
(27.7569 10.2143 -6.40071e-17)
(28.0433 10.163 6.13009e-17)
(28.3255 10.0954 3.46184e-17)
(28.6075 10.0102 -3.56055e-17)
(28.8913 9.90488 0)
(29.1706 9.78093 -5.34602e-17)
(29.4595 9.65185 8.52021e-17)
(29.7439 9.5031 -3.73513e-17)
(29.9195 9.33596 6.26253e-16)
(30.2659 9.3331 5.4251e-16)
(31.2934 9.52468 1.02954e-15)
(31.8148 9.27653 -1.3752e-16)
(29.2453 7.95174 -8.18152e-16)
(23.5762 5.95305 -4.80129e-15)
(17.099 4.06963 -4.84021e-15)
(12.2237 2.42423 -4.30562e-15)
(6.43434 0.431023 -4.94757e-15)
(22.625 7.18593 5.99689e-17)
(22.5481 6.9383 9.68602e-17)
(22.4797 6.64603 -7.22245e-16)
(22.4237 6.31632 0)
(22.3932 5.9758 -2.92686e-16)
(22.3919 5.61376 -4.31334e-18)
(22.4234 5.23925 2.65904e-16)
(22.4855 4.87765 1.1501e-15)
(22.5724 4.54402 -1.20287e-15)
(22.6799 4.23795 6.22955e-16)
(22.8015 3.96293 -3.50155e-17)
(22.9301 3.72219 0)
(23.0638 3.51053 0)
(23.2014 3.32312 2.32256e-18)
(23.3422 3.15696 -1.34123e-17)
(23.4877 3.00751 -3.32742e-16)
(23.6399 2.87171 0)
(23.8009 2.74773 0)
(23.9734 2.63436 0)
(24.1605 2.53142 1.3173e-16)
(24.3649 2.43995 0)
(24.5896 2.36201 0)
(24.8377 2.30089 -8.06505e-17)
(25.1098 2.26113 7.98841e-17)
(25.4002 2.24801 2.30391e-17)
(25.7009 2.26577 1.51232e-17)
(26.0062 2.31706 -2.80768e-18)
(26.3117 2.40371 3.99363e-18)
(26.6127 2.52677 8.3116e-19)
(26.9042 2.6864 -2.09782e-17)
(27.1816 2.88202 -1.05314e-17)
(27.4406 3.11259 3.16741e-16)
(27.6778 3.3771 6.53524e-16)
(27.8902 3.67538 8.19443e-16)
(28.0753 4.00906 -6.16222e-17)
(28.2286 4.38301 -9.99112e-16)
(28.3436 4.80638 2.47391e-16)
(28.3968 5.29345 2.26884e-15)
(28.366 5.85437 4.96946e-15)
(22.9062 7.34604 8.32235e-20)
(23.0097 7.58019 -7.90229e-17)
(23.1414 7.83098 0)
(23.2927 8.08105 3.36911e-16)
(23.4531 8.30978 -6.13594e-16)
(23.6332 8.53368 -2.60635e-16)
(23.8256 8.74434 1.29911e-17)
(24.0246 8.93608 3.94362e-17)
(24.2322 9.11261 -1.41594e-16)
(24.445 9.27257 -1.31072e-16)
(24.6618 9.41614 0)
(24.884 9.54518 -2.14448e-17)
(25.1111 9.65991 -5.2805e-17)
(25.3437 9.76083 6.53287e-17)
(25.5828 9.84834 6.34817e-17)
(25.8287 9.92218 -6.62188e-17)
(26.0818 9.98203 -2.24734e-16)
(26.3418 10.0272 -3.05266e-16)
(26.6086 10.0581 -1.83128e-16)
(26.8812 10.0742 1.7134e-16)
(27.1581 10.0753 2.86291e-16)
(27.4375 10.0609 3.10324e-16)
(27.7167 10.031 5.92556e-17)
(27.9928 9.98621 -5.68459e-17)
(28.2652 9.92601 0)
(28.538 9.84906 -8.16561e-17)
(28.8145 9.75423 1.15155e-17)
(29.0904 9.64067 6.86971e-17)
(29.3675 9.51796 -1.34505e-16)
(29.6634 9.39215 0)
(29.9115 9.24147 5.1629e-16)
(30.1384 9.14289 -5.10025e-16)
(30.8586 9.2497 -2.01628e-15)
(31.9817 9.27516 0)
(31.3444 8.48753 1.95256e-15)
(27.3153 6.75204 1.80818e-16)
(21.0271 4.71885 2.3436e-15)
(15.4857 2.86255 4.41354e-15)
(9.33941 0.828602 4.76268e-15)
(22.8194 7.11108 1.33829e-16)
(22.7465 6.8753 4.41198e-16)
(22.6816 6.59712 2.71447e-16)
(22.6289 6.28322 7.97087e-16)
(22.6006 5.95928 0)
(22.6002 5.61505 -9.3286e-16)
(22.6312 5.25914 -9.22411e-16)
(22.6914 4.91583 9.65202e-16)
(22.7751 4.59951 0)
(22.8781 4.30978 -1.04675e-15)
(22.9941 4.04994 -3.13736e-17)
(23.1164 3.82306 5.71603e-16)
(23.2428 3.62415 8.74708e-16)
(23.3723 3.44851 -2.89081e-16)
(23.504 3.2932 0)
(23.6396 3.15382 -2.84755e-16)
(23.7807 3.02728 1.40526e-17)
(23.9294 2.91174 -2.59859e-16)
(24.0883 2.80581 2.5929e-16)
(24.2605 2.70913 2.2457e-16)
(24.4486 2.62243 -3.13148e-16)
(24.6558 2.54744 2.81429e-16)
(24.8853 2.48708 0)
(25.1382 2.44558 -1.0089e-16)
(25.4095 2.42808 -8.24444e-17)
(25.6916 2.43887 0)
(25.9794 2.48078 1.76914e-17)
(26.2691 2.55592 4.33583e-18)
(26.5563 2.66571 -7.8763e-19)
(26.8363 2.81083 2.9799e-17)
(27.1045 2.99123 -1.31357e-17)
(27.3565 3.20648 -3.01206e-17)
(27.5886 3.45601 -8.80506e-16)
(27.7972 3.73993 -3.77903e-16)
(27.9792 4.05986 0)
(28.1291 4.42013 -9.13581e-16)
(28.2396 4.82863 2.21088e-15)
(28.2881 5.297 -2.21758e-15)
(28.2525 5.83139 0)
(23.0856 7.2642 2.66528e-17)
(23.1842 7.48734 1.007e-16)
(23.3097 7.72642 -1.50857e-16)
(23.4541 7.96488 -4.55524e-16)
(23.6071 8.18291 2.80523e-16)
(23.779 8.39642 4.66279e-16)
(23.9626 8.59738 -8.6645e-16)
(24.1525 8.7803 1.65688e-16)
(24.3505 8.94883 4.39265e-16)
(24.5533 9.10164 2.23828e-16)
(24.7599 9.23896 -2.65308e-16)
(24.9716 9.36259 4.69926e-17)
(25.1878 9.47277 -1.21623e-17)
(25.4093 9.57003 6.12658e-17)
(25.6371 9.6548 -2.06164e-16)
(25.8715 9.72682 1.20632e-16)
(26.1128 9.78588 2.9818e-16)
(26.361 9.83113 1.22645e-16)
(26.6161 9.86304 0)
(26.8771 9.88117 -1.83346e-16)
(27.1427 9.8851 -4.68866e-16)
(27.4111 9.87452 -1.90371e-16)
(27.6796 9.84939 1.04233e-17)
(27.9454 9.81013 -1.05382e-16)
(28.2083 9.75643 0)
(28.4721 9.68686 5.83929e-17)
(28.7406 9.60064 -3.91827e-18)
(29.0127 9.49727 1.50625e-18)
(29.2847 9.38072 -6.38226e-17)
(29.573 9.26335 3.69172e-16)
(29.8688 9.1352 -5.63405e-16)
(30.1105 8.99909 4.99378e-16)
(30.5506 8.97832 2.32246e-17)
(31.6345 9.05869 -1.26444e-16)
(32.292 8.70103 -1.01874e-15)
(30.2746 7.39992 2.37484e-15)
(25.0018 5.41185 2.18631e-15)
(19.1732 3.37773 -1.30146e-16)
(12.6067 1.24381 0)
(23.003 7.04036 -1.60769e-16)
(22.9337 6.8158 -3.98521e-16)
(22.8722 6.55102 2.15786e-16)
(22.8226 6.25211 -1.19432e-15)
(22.7963 5.94393 0)
(22.7968 5.6166 4.45131e-16)
(22.8273 5.27835 1.27851e-15)
(22.8857 4.9524 -9.03055e-16)
(22.9664 4.6525 8.95842e-16)
(23.0652 4.37826 5.10735e-16)
(23.1761 4.13278 4.8526e-16)
(23.2925 3.919 -1.57579e-15)
(23.4123 3.7321 -8.09213e-16)
(23.5344 3.56756 2.86112e-16)
(23.6579 3.42249 1.21541e-17)
(23.7843 3.29261 -5.08416e-16)
(23.9154 3.17488 2.71636e-16)
(24.0529 3.06739 2.47289e-16)
(24.1995 2.96871 2.32916e-16)
(24.358 2.87824 -2.07833e-16)
(24.5312 2.79648 1.97017e-16)
(24.7222 2.72487 7.19572e-17)
(24.9343 2.66592 -1.09074e-17)
(25.1691 2.62356 -6.26648e-17)
(25.422 2.60277 0)
(25.6861 2.60785 0)
(25.9569 2.64168 3.53435e-18)
(26.2308 2.70658 -2.85327e-18)
(26.5039 2.80428 -1.94802e-18)
(26.7718 2.93588 1.95972e-18)
(27.03 3.10185 5.12693e-17)
(27.2741 3.30222 -8.8909e-17)
(27.5002 3.53694 1.09505e-15)
(27.7042 3.80634 0)
(27.8823 4.11206 7.36261e-16)
(28.0285 4.45796 8.67944e-16)
(28.1347 4.85073 1.78989e-15)
(28.1789 5.29963 4.0046e-15)
(28.1398 5.80728 3.90028e-15)
(23.255 7.18669 -3.81841e-17)
(23.349 7.39932 8.43042e-17)
(23.4689 7.62724 -7.31456e-17)
(23.6068 7.85458 -1.15536e-16)
(23.7529 8.06237 1.34597e-17)
(23.9171 8.26591 1.12918e-16)
(24.0926 8.4575 5.66394e-16)
(24.2739 8.63191 -1.78806e-16)
(24.463 8.79266 -3.9688e-16)
(24.6565 8.93846 1.22813e-16)
(24.8537 9.06959 1.52709e-16)
(25.0556 9.1878 7.37492e-17)
(25.2617 9.29333 -2.14957e-18)
(25.4729 9.38674 -1.79453e-16)
(25.6901 9.46846 4.20047e-17)
(25.9136 9.5383 1.35343e-16)
(26.144 9.59607 -3.55752e-16)
(26.381 9.64093 2.46151e-16)
(26.625 9.6732 0)
(26.8748 9.69254 0)
(27.1295 9.69858 3.47727e-16)
(27.3871 9.69096 -9.62128e-17)
(27.6452 9.66964 2.81569e-16)
(27.9009 9.63504 0)
(28.1542 9.5869 5.55927e-17)
(28.4093 9.52377 -1.24041e-16)
(28.6698 9.44473 -7.55168e-18)
(28.9363 9.34992 -5.17895e-17)
(29.2062 9.24048 -1.74593e-16)
(29.486 9.12521 -1.8144e-16)
(29.7937 9.00859 0)
(30.0904 8.87206 -4.61754e-16)
(30.4083 8.75769 1.99303e-15)
(31.1865 8.75829 -1.12297e-16)
(32.3335 8.62751 0)
(32.1087 7.79305 0)
(28.5527 6.05606 -2.12536e-15)
(23.1087 3.95129 0)
(16.2519 1.68925 4.56836e-15)
(23.1763 6.97343 1.265e-16)
(23.1105 6.75957 2.40726e-16)
(23.0521 6.5075 -2.17723e-17)
(23.0054 6.22287 1.08809e-15)
(22.9809 5.92967 -1.97517e-16)
(22.9823 5.6184 1.46125e-15)
(23.0124 5.29694 -1.44672e-15)
(23.0691 4.9875 0)
(23.147 4.7032 -8.39949e-16)
(23.242 4.44364 1.24321e-15)
(23.3482 4.21178 4.17287e-16)
(23.4591 4.0104 9.31092e-16)
(23.5727 3.83483 2.32673e-16)
(23.688 3.68074 -4.77999e-16)
(23.804 3.54533 2.30779e-17)
(23.9222 3.42441 7.05577e-16)
(24.044 3.31503 2.0852e-16)
(24.1714 3.21524 -2.38115e-17)
(24.3067 3.12351 -1.15125e-17)
(24.4527 3.03912 0)
(24.6121 2.96238 0)
(24.7881 2.89443 -3.06771e-16)
(24.9842 2.83743 0)
(25.2019 2.795 4.21657e-18)
(25.4373 2.77189 1.9415e-17)
(25.6841 2.77237 -5.206e-17)
(25.9381 2.79932 -2.05817e-17)
(26.1964 2.85519 -3.44599e-18)
(26.4552 2.94194 0)
(26.7105 3.06103 6.55554e-18)
(26.9581 3.21336 -7.69587e-17)
(27.1937 3.3994 0)
(27.4129 3.61952 -7.35914e-16)
(27.6115 3.87435 0)
(27.7851 4.16549 -1.3579e-15)
(27.9271 4.4964 0)
(28.029 4.87269 1.64843e-17)
(28.0695 5.30149 -1.90864e-15)
(28.0284 5.78234 -2.03886e-16)
(23.4152 7.11318 -1.11564e-17)
(23.5049 7.31578 0)
(23.6194 7.53302 0)
(23.7512 7.74971 1.3474e-16)
(23.8909 7.94768 3.17298e-16)
(24.0479 8.14164 -7.42247e-16)
(24.2157 8.32421 -1.46454e-16)
(24.3891 8.49038 -1.30379e-16)
(24.5698 8.64355 1.3427e-16)
(24.7548 8.78252 0)
(24.9431 8.90753 0)
(25.1359 9.02032 -5.37182e-17)
(25.3326 9.12113 2.17578e-18)
(25.5342 9.21053 5.57619e-17)
(25.7414 9.28897 0)
(25.9548 9.35629 3.50853e-18)
(26.1748 9.41232 0)
(26.4013 9.4563 -2.31803e-16)
(26.6346 9.48838 0)
(26.8739 9.50832 0)
(27.118 9.51576 -3.08364e-16)
(27.3652 9.51037 8.88317e-17)
(27.6131 9.49205 -2.67358e-16)
(27.859 9.46121 4.93566e-17)
(28.1027 9.41767 -1.45143e-16)
(28.3489 9.36 1.33151e-17)
(28.6015 9.28703 1.36805e-17)
(28.8614 9.19891 0)
(29.1284 9.0962 1.11298e-16)
(29.4039 8.9826 -2.73432e-16)
(29.7049 8.86649 5.37544e-17)
(30.0357 8.73746 4.50683e-16)
(30.3526 8.58221 8.86268e-17)
(30.8653 8.47061 -1.08003e-16)
(31.916 8.37562 8.87589e-16)
(32.7923 7.89417 0)
(31.1961 6.54439 0)
(26.9279 4.53267 3.78544e-15)
(20.191 2.1677 -4.27218e-15)
(23.3401 6.91003 -1.04399e-16)
(23.2775 6.70634 2.03032e-16)
(23.2221 6.46638 3.34868e-16)
(23.178 6.19537 0)
(23.1554 5.91642 0)
(23.1574 5.62044 -7.17293e-17)
(23.1871 5.31497 1.35392e-15)
(23.2423 5.02123 3.43363e-16)
(23.3175 4.75175 1.04691e-15)
(23.4089 4.50616 -1.13575e-15)
(23.5106 4.28721 -1.21783e-15)
(23.6165 4.09756 -2.3764e-17)
(23.7245 3.93271 0)
(23.8334 3.78848 0)
(23.9425 3.66215 4.2688e-16)
(24.0531 3.54966 -2.12401e-16)
(24.1666 3.44815 -2.07781e-16)
(24.2846 3.35564 -3.86152e-16)
(24.4097 3.27058 1.03592e-19)
(24.5442 3.19213 0)
(24.6911 3.12042 -1.47829e-16)
(24.8533 3.05631 2.2262e-16)
(25.0343 3.00167 6.44596e-17)
(25.236 2.9598 4.14006e-18)
(25.4549 2.93522 -9.85188e-17)
(25.6851 2.93207 6.01246e-18)
(25.9229 2.95325 3.22023e-17)
(26.1657 3.00124 1.42422e-19)
(26.4102 3.07816 1.29052e-18)
(26.6527 3.18574 -1.23945e-18)
(26.8892 3.32525 5.49161e-17)
(27.1154 3.49757 0)
(27.327 3.7034 2.21964e-16)
(27.5194 3.94365 5.73962e-16)
(27.6879 4.21996 5.55464e-16)
(27.8254 4.53536 -8.92427e-17)
(27.923 4.89449 2.93963e-18)
(27.9604 5.30269 0)
(27.9184 5.75681 -3.37293e-15)
(23.5666 7.04339 -3.65651e-17)
(23.6522 7.2364 -3.11933e-17)
(23.7617 7.4434 5.78494e-17)
(23.8879 7.64989 -4.17573e-16)
(24.0215 7.83844 3.83456e-16)
(24.1718 8.02318 1.66181e-16)
(24.3324 8.19704 -1.19775e-16)
(24.4984 8.35525 1.41024e-16)
(24.6713 8.50105 1.12851e-16)
(24.8482 8.63333 9.57984e-17)
(25.0282 8.75232 4.11623e-17)
(25.2125 8.85972 -2.96885e-18)
(25.4005 8.95578 1.27479e-17)
(25.593 9.04105 -1.98842e-17)
(25.7909 9.11602 3.50966e-17)
(25.9947 9.18055 -7.06526e-17)
(26.2048 9.2345 -1.368e-16)
(26.4215 9.27718 -2.28054e-16)
(26.6446 9.30858 4.60593e-16)
(26.8737 9.32855 0)
(27.1077 9.33676 2.95667e-16)
(27.3448 9.33286 8.20136e-17)
(27.5828 9.3168 -1.65103e-16)
(27.819 9.28894 8.36535e-17)
(28.0534 9.24908 9.39662e-17)
(28.2907 9.19587 2.47312e-17)
(28.5352 9.12794 -3.6204e-17)
(28.788 9.04504 2.59162e-17)
(29.0501 8.94762 2.79023e-17)
(29.3229 8.83655 -1.49213e-16)
(29.6149 8.71668 5.11299e-16)
(29.9487 8.58807 -1.08172e-16)
(30.2989 8.42461 -7.57281e-16)
(30.6947 8.23457 0)
(31.4403 8.06673 -1.10681e-15)
(32.6374 7.7544 2.09618e-16)
(32.6439 6.79628 -1.55329e-15)
(30.1339 5.04288 -3.96379e-15)
(24.1727 2.65987 -3.83071e-15)
(23.495 6.84988 -1.09278e-16)
(23.4354 6.65593 -3.79254e-16)
(23.3828 6.4275 -6.69208e-16)
(23.3412 6.16948 -1.73734e-16)
(23.3202 5.90411 3.10067e-16)
(23.3229 5.62271 -1.21135e-15)
(23.3522 5.33246 -2.9151e-16)
(23.4059 5.05367 6.11148e-16)
(23.4786 4.79831 -1.64773e-15)
(23.5665 4.56599 6.88299e-16)
(23.6641 4.35931 0)
(23.7652 4.18077 -7.4088e-16)
(23.8679 4.02605 7.46806e-16)
(23.971 3.89111 0)
(24.0738 3.77332 3.70974e-16)
(24.1773 3.66878 -7.41424e-16)
(24.2831 3.57468 1.84291e-16)
(24.3927 3.48906 -5.20353e-20)
(24.5083 3.41036 3.25869e-16)
(24.6325 3.33765 -1.55712e-16)
(24.7678 3.27088 1.47521e-16)
(24.9172 3.21071 1.31501e-16)
(25.0843 3.15873 -5.57973e-17)
(25.271 3.11793 4.4149e-17)
(25.4743 3.09261 7.64443e-17)
(25.6886 3.08673 2.87242e-17)
(25.9107 3.10313 -1.86038e-17)
(26.1383 3.14428 4.32998e-18)
(26.3686 3.21242 2.66433e-20)
(26.5981 3.30949 0)
(26.8231 3.43702 -5.20882e-17)
(27.0394 3.59625 6.90011e-17)
(27.2427 3.78818 5.20953e-17)
(27.4284 4.01396 -1.46863e-16)
(27.5911 4.27525 6.23935e-17)
(27.7238 4.57472 5.11883e-16)
(27.8171 4.9162 -1.1268e-15)
(27.8519 5.30342 -1.55094e-15)
(27.81 5.73101 0)
(23.7098 6.97706 5.10832e-17)
(23.7916 7.16089 -3.16631e-17)
(23.8964 7.35808 -1.92356e-16)
(24.0172 7.55476 6.51429e-18)
(24.1451 7.73426 -1.80205e-16)
(24.2891 7.91013 0)
(24.443 8.07559 1.52912e-16)
(24.6019 8.22608 1.25049e-16)
(24.7675 8.36473 -1.93209e-16)
(24.9369 8.49048 0)
(25.1091 8.60355 1.27664e-16)
(25.2853 8.7056 -8.54072e-17)
(25.4651 8.79689 0)
(25.6491 8.87796 -1.24739e-18)
(25.8382 8.94932 -8.32281e-17)
(26.033 9.01083 2.95848e-16)
(26.2339 9.06239 2.82679e-16)
(26.441 9.10339 0)
(26.6545 9.13367 -7.98006e-18)
(26.8739 9.15318 2.42517e-16)
(27.0981 9.16162 0)
(27.3255 9.1586 -1.51367e-16)
(27.5539 9.14407 2.94715e-16)
(27.7806 9.11842 0)
(28.0057 9.08145 0)
(28.2341 9.03176 2.29416e-17)
(28.4703 8.96786 -2.20022e-17)
(28.7156 8.88908 0)
(28.9712 8.79542 0)
(29.2398 8.68678 7.24915e-18)
(29.5252 8.56371 -3.99267e-16)
(29.8468 8.42846 1.01975e-16)
(30.2113 8.26407 6.8779e-16)
(30.594 8.04143 -7.93934e-16)
(31.1001 7.78413 1.61136e-15)
(32.1184 7.48513 0)
(32.9721 6.80051 3.2203e-15)
(32.2731 5.39875 4.30589e-16)
(27.7641 3.11941 3.58238e-15)
(23.6414 6.79277 0)
(23.5846 6.6081 1.67922e-16)
(23.5346 6.3907 -6.9668e-16)
(23.4954 6.14508 0)
(23.4759 5.89268 2.81278e-16)
(23.4793 5.62517 4.96801e-16)
(23.5081 5.34946 2.57763e-16)
(23.5603 5.08494 0)
(23.6306 4.84301 -2.82783e-16)
(23.7153 4.6233 1.45514e-15)
(23.809 4.42827 3.01137e-16)
(23.9056 4.26026 3.31901e-16)
(24.0033 4.1151 -6.69782e-16)
(24.101 3.98894 0)
(24.1979 3.87919 -3.28191e-16)
(24.295 3.78213 1.70973e-16)
(24.3938 3.69499 1.56399e-16)
(24.4956 3.61587 -9.12716e-18)
(24.6026 3.5432 1.41534e-16)
(24.7171 3.47597 -2.81217e-16)
(24.8418 3.41404 -2.48582e-16)
(24.9795 3.35787 2.28047e-16)
(25.1337 3.30877 4.95331e-18)
(25.3065 3.26946 1.20213e-16)
(25.495 3.24397 -1.05461e-16)
(25.6943 3.2361 1.09992e-17)
(25.9013 3.24859 -1.09014e-17)
(26.1141 3.28388 -4.10914e-18)
(26.3303 3.34424 -1.37115e-19)
(26.5468 3.43176 1.01629e-17)
(26.76 3.54817 0)
(26.9659 3.69497 -6.54805e-17)
(27.1604 3.87345 0)
(27.3386 4.08493 -8.51769e-17)
(27.4951 4.33111 5.5309e-17)
(27.6227 4.61438 -5.62573e-16)
(27.7118 4.93777 0)
(27.7444 5.30378 1.3155e-15)
(27.7035 5.70517 0)
(23.8453 6.91395 1.49006e-17)
(23.9235 7.08898 -8.42909e-19)
(24.0238 7.27676 8.92497e-17)
(24.1395 7.46402 3.53555e-16)
(24.2621 7.63483 1.52668e-16)
(24.4 7.80214 3.97662e-16)
(24.5475 7.95948 -1.07976e-16)
(24.6998 8.1025 9.56824e-17)
(24.8585 8.2342 -4.36424e-17)
(25.0208 8.35356 -2.68439e-17)
(25.1857 8.46083 -1.46727e-16)
(25.3544 8.55761 2.71125e-17)
(25.5264 8.64414 0)
(25.7024 8.72097 6.60552e-17)
(25.8833 8.7886 -7.71999e-17)
(26.0695 8.84693 8.02954e-17)
(26.2616 8.89587 -7.53259e-18)
(26.4598 8.93487 -1.89154e-16)
(26.664 8.96367 -2.46029e-16)
(26.8741 8.98229 -1.43268e-16)
(27.0889 8.99042 1.15376e-16)
(27.3068 8.9877 0)
(27.5258 8.9741 -1.43793e-16)
(27.7433 8.94997 -1.46819e-16)
(27.9592 8.91511 -7.73483e-17)
(28.1787 8.86809 -8.04568e-17)
(28.4063 8.8073 1.0379e-17)
(28.6436 8.7317 8.7579e-17)
(28.8918 8.64069 -4.30293e-17)
(29.1538 8.53364 4.55573e-16)
(29.4331 8.40883 -8.90294e-17)
(29.7406 8.26542 -9.58144e-17)
(30.0943 8.0955 7.99171e-16)
(30.488 7.86627 7.77881e-16)
(30.8928 7.55439 -1.58857e-15)
(31.605 7.19435 1.32478e-15)
(32.5858 6.62561 -1.13389e-16)
(33.1691 5.55415 3.45636e-15)
(30.4645 3.48691 -3.4517e-15)
(23.7799 6.7385 -3.34583e-16)
(23.7258 6.56271 7.18687e-17)
(23.6783 6.35583 1.27421e-15)
(23.6412 6.12208 -5.21182e-16)
(23.6231 5.88205 2.43926e-16)
(23.627 5.62781 -9.53667e-16)
(23.6554 5.36597 -1.35411e-15)
(23.7062 5.11504 4.83572e-16)
(23.7742 4.88593 0)
(23.8558 4.67823 -1.08703e-15)
(23.9457 4.49428 -5.74086e-16)
(24.0381 4.33626 -5.66001e-16)
(24.1311 4.20014 1.4971e-17)
(24.2238 4.08224 3.09261e-16)
(24.3152 3.98006 3.92001e-18)
(24.4064 3.89001 1.45403e-16)
(24.4986 3.80941 -4.41955e-16)
(24.5933 3.73642 -1.42216e-16)
(24.6924 3.66944 0)
(24.7982 3.60746 -1.17791e-16)
(24.9131 3.5502 1.16786e-16)
(25.04 3.49797 -2.98987e-16)
(25.1822 3.45189 1.86046e-16)
(25.342 3.41438 -1.12533e-16)
(25.5166 3.38923 9.8524e-17)
(25.7016 3.38004 4.7452e-17)
(25.8942 3.38941 2.3485e-19)
(26.0928 3.41971 0)
(26.2951 3.47322 -1.13546e-19)
(26.4986 3.55208 -9.64592e-18)
(26.6998 3.6582 3.39264e-17)
(26.8951 3.79325 -1.34814e-16)
(27.0802 3.95877 2.10562e-16)
(27.2505 4.15623 -4.13986e-16)
(27.4003 4.38732 -1.13268e-16)
(27.5225 4.65419 1.13198e-16)
(27.6075 4.95926 0)
(27.6382 5.30396 0)
(27.5991 5.67959 0)
(23.9734 6.85386 -1.40115e-17)
(24.0483 7.02045 1.94379e-16)
(24.1443 7.1992 3.71332e-16)
(24.2552 7.3774 -1.46818e-17)
(24.3727 7.53984 -4.20811e-16)
(24.505 7.6989 -2.41668e-16)
(24.6464 7.84841 2.15123e-16)
(24.7925 7.9842 7.24782e-16)
(24.9446 8.10914 2.7924e-16)
(25.1002 8.22228 -1.14514e-16)
(25.2582 8.32386 -1.81691e-17)
(25.4198 8.41542 -1.90154e-17)
(25.5844 8.49721 0)
(25.7529 8.56978 0)
(25.9259 8.63362 -7.17307e-17)
(26.104 8.68864 1.76321e-16)
(26.2878 8.73476 -3.50869e-16)
(26.4774 8.77151 1.36799e-16)
(26.6728 8.79853 1.75303e-16)
(26.8738 8.81587 -2.0656e-16)
(27.0796 8.82324 0)
(27.2884 8.82032 2.39531e-16)
(27.4982 8.80705 -1.27577e-16)
(27.7065 8.7838 3.48617e-16)
(27.9134 8.75036 4.42751e-18)
(28.1239 8.70528 5.78614e-17)
(28.3428 8.64679 8.90013e-18)
(28.5715 8.57357 -8.29381e-17)
(28.8114 8.48446 4.00158e-17)
(29.0651 8.37818 -6.91177e-18)
(29.3365 8.25228 -2.47958e-16)
(29.6316 8.10273 9.50272e-17)
(29.9638 7.92354 -9.20906e-16)
(30.3503 7.6927 5.14356e-16)
(30.7361 7.36422 1.75647e-16)
(31.2367 6.94554 -8.12763e-17)
(31.9742 6.37919 -2.99356e-15)
(33.0501 5.53041 -2.8497e-15)
(31.9481 3.72535 3.05881e-15)
(23.911 6.68688 1.31259e-16)
(23.8593 6.51959 0)
(23.8141 6.32277 -2.45394e-17)
(23.779 6.10037 0)
(23.7623 5.87216 8.55339e-16)
(23.7667 5.63061 0)
(23.7946 5.38201 8.4015e-16)
(23.844 5.14408 4.09165e-16)
(23.9097 4.92718 4.53593e-16)
(23.9883 4.73092 0)
(24.0746 4.55749 4.75941e-16)
(24.163 4.40893 1.05938e-15)
(24.2517 4.28138 0)
(24.3395 4.17127 1.39734e-17)
(24.4258 4.07621 1.0723e-17)
(24.5115 3.99272 4.04877e-16)
(24.5977 3.91827 0)
(24.6858 3.85103 2.39638e-16)
(24.7777 3.78941 -2.40065e-16)
(24.8754 3.73241 0)
(24.9814 3.67963 -9.65842e-17)
(25.0983 3.6313 2.75526e-16)
(25.2295 3.5883 -1.63214e-16)
(25.3771 3.55281 6.69755e-17)
(25.5388 3.52838 0)
(25.7102 3.5184 -4.50523e-17)
(25.8891 3.52533 1.55539e-17)
(26.0739 3.55142 0)
(26.2628 3.59892 4.49937e-20)
(26.4534 3.66999 -6.48091e-18)
(26.6426 3.76662 -3.2206e-17)
(26.8269 3.89064 1.25428e-16)
(27.0024 4.04373 -3.08509e-18)
(27.1643 4.22749 -3.5361e-17)
(27.3072 4.44362 3.61192e-16)
(27.4237 4.69404 0)
(27.5047 4.98066 9.14554e-16)
(27.5339 5.3041 0)
(27.4971 5.6545 -1.30567e-16)
(24.0946 6.79659 1.30595e-17)
(24.1663 6.9551 0)
(24.2582 7.12515 -2.86003e-16)
(24.3646 7.29464 2.64153e-16)
(24.4772 7.44903 2.33162e-16)
(24.6042 7.60014 -2.11688e-16)
(24.7399 7.74208 -3.93297e-16)
(24.88 7.87087 -2.91408e-16)
(25.026 7.98925 -1.1936e-16)
(25.1751 8.09632 -1.83387e-16)
(25.3266 8.19234 1.05193e-16)
(25.4814 8.27877 -4.26313e-17)
(25.6391 8.35588 1.93148e-17)
(25.8003 8.42419 6.25206e-17)
(25.966 8.48418 0)
(26.1364 8.53578 -1.61353e-16)
(26.3121 8.57892 0)
(26.4936 8.61321 -4.49452e-16)
(26.6805 8.63817 1.6215e-16)
(26.8729 8.65393 1.97542e-16)
(27.0699 8.66017 0)
(27.2698 8.6566 -2.29455e-16)
(27.4706 8.64318 2.47979e-16)
(27.67 8.62025 -2.5202e-16)
(27.8679 8.58764 0)
(28.0693 8.54384 0)
(28.2791 8.48694 0)
(28.4989 8.4154 3.86245e-17)
(28.7298 8.32764 -3.71358e-17)
(28.974 8.22173 -1.60373e-16)
(29.235 8.09479 3.26781e-16)
(29.518 7.94148 0)
(29.8285 7.75386 -6.74241e-16)
(30.1887 7.51837 -8.56296e-16)
(30.5677 7.19179 1.48545e-15)
(30.9789 6.74966 -1.41147e-15)
(31.4435 6.14684 1.4372e-15)
(32.4125 5.40486 0)
(32.3028 3.8537 -2.64064e-15)
(24.0349 6.63773 -2.03656e-17)
(23.9856 6.47858 -1.18496e-16)
(23.9426 6.2914 -3.13784e-16)
(23.9094 6.07986 0)
(23.8939 5.86297 -8.02169e-16)
(23.8986 5.63353 -1.42325e-15)
(23.9261 5.39759 3.61652e-16)
(23.974 5.17206 -1.16685e-15)
(24.0376 4.96681 0)
(24.1133 4.78145 8.1037e-16)
(24.1961 4.61803 -9.07607e-16)
(24.2807 4.47844 4.52009e-16)
(24.3652 4.35898 -2.47973e-16)
(24.4486 4.25621 -4.77049e-16)
(24.5301 4.16784 1.14691e-17)
(24.6106 4.09052 -1.54667e-18)
(24.6913 4.02182 1.22651e-16)
(24.7733 3.95995 0)
(24.8585 3.90339 0)
(24.9489 3.85108 0)
(25.0466 3.8026 0)
(25.1544 3.75804 7.76604e-17)
(25.2753 3.71813 6.79353e-17)
(25.4116 3.68483 -3.20793e-18)
(25.5611 3.66143 0)
(25.7198 3.6511 0)
(25.8856 3.65617 0)
(26.0572 3.67874 -6.01196e-19)
(26.2331 3.721 1.13995e-19)
(26.411 3.78508 1.11477e-17)
(26.5882 3.873 1.94839e-17)
(26.7616 3.98669 0)
(26.9271 4.12792 -1.147e-16)
(27.0804 4.29838 0)
(27.216 4.49976 -3.43268e-16)
(27.3267 4.73381 0)
(27.4036 5.002 -8.70765e-16)
(27.4316 5.30434 1.13847e-16)
(27.3978 5.63018 -1.15939e-16)
(24.2093 6.74198 -3.08118e-17)
(24.2779 6.89272 3.98018e-17)
(24.366 7.05443 -2.40268e-16)
(24.468 7.21553 -1.40529e-17)
(24.5761 7.36217 -6.3382e-16)
(24.6979 7.50561 3.80443e-16)
(24.8281 7.64024 -4.88186e-16)
(24.9626 7.76224 1.53206e-16)
(25.1026 7.87425 -2.14453e-16)
(25.2457 7.97543 1.73241e-16)
(25.3909 8.06602 -3.36564e-17)
(25.5393 8.14741 3.48977e-17)
(25.6904 8.21989 -1.82612e-17)
(25.8448 8.28396 -1.98854e-16)
(26.0033 8.34009 8.26062e-17)
(26.1664 8.38821 4.74923e-16)
(26.3345 8.42827 -3.81479e-16)
(26.5081 8.45993 1.14865e-16)
(26.6869 8.48264 3.26504e-16)
(26.871 8.49652 1.85319e-16)
(27.0594 8.50131 1.89779e-16)
(27.2507 8.49671 2.03294e-16)
(27.4428 8.4827 1.15691e-16)
(27.6333 8.45963 -2.27453e-16)
(27.8222 8.42732 -1.21483e-16)
(28.0145 8.38424 -8.00921e-17)
(28.215 8.32836 1.61631e-17)
(28.4253 8.25795 0)
(28.6464 8.17114 0)
(28.8803 8.06547 0)
(29.1294 7.93761 1.5285e-16)
(29.3986 7.78206 -5.81405e-16)
(29.6896 7.58925 1.20652e-15)
(30.0174 7.34793 -1.50765e-16)
(30.3728 7.02581 -1.29459e-15)
(30.7518 6.5893 0)
(31.0629 5.96739 1.23247e-15)
(31.7014 5.25917 -3.0819e-16)
(31.9589 3.92747 5.29064e-15)
(24.1521 6.59091 5.32303e-18)
(24.1051 6.43956 0)
(24.0641 6.26161 6.92113e-16)
(24.0327 6.06048 -1.08055e-15)
(24.0182 5.8544 1.01587e-15)
(24.0234 5.63655 1.33634e-15)
(24.0503 5.41272 0)
(24.0968 5.19903 1.65465e-15)
(24.1582 5.00489 -2.09592e-15)
(24.2311 4.82991 -1.47382e-15)
(24.3106 4.676 3.96513e-16)
(24.3915 4.54492 0)
(24.4721 4.43311 4.10536e-16)
(24.5512 4.33728 -4.32694e-16)
(24.6282 4.25518 1.31419e-17)
(24.704 4.18365 -4.20238e-16)
(24.7795 4.12031 4.12077e-16)
(24.8559 4.06348 0)
(24.9349 4.01165 0)
(25.0185 3.96376 -1.68757e-16)
(25.1087 3.91936 2.45865e-16)
(25.2079 3.87845 0)
(25.3194 3.8416 -1.90535e-16)
(25.4452 3.81058 5.71174e-17)
(25.5834 3.78843 0)
(25.73 3.77811 3.61893e-17)
(25.8834 3.78179 0)
(26.0425 3.80144 -3.87083e-18)
(26.2057 3.83914 2.77022e-19)
(26.3713 3.89696 3.39188e-18)
(26.5368 3.97692 -4.02476e-17)
(26.6991 4.08096 -6.41958e-18)
(26.8546 4.21093 2.03444e-17)
(26.999 4.36854 0)
(27.1271 4.55548 -7.73448e-17)
(27.2319 4.77335 1.64941e-16)
(27.3048 5.02326 5.28459e-16)
(27.3319 5.30481 1.96632e-16)
(27.3012 5.60682 1.03226e-16)
(24.3177 6.68988 1.00827e-18)
(24.3834 6.83316 -6.63237e-17)
(24.4679 6.98683 2.83503e-16)
(24.5657 7.13987 -1.19519e-16)
(24.6694 7.27905 2.90268e-16)
(24.7863 7.41509 0)
(24.9113 7.54264 -1.31575e-16)
(25.0404 7.65809 1.35249e-16)
(25.1748 7.76393 1.50204e-17)
(25.3121 7.85937 -8.07306e-17)
(25.4513 7.94465 -5.83602e-17)
(25.5936 8.02112 2.06257e-17)
(25.7383 8.08904 -4.47498e-17)
(25.8862 8.14891 1.72265e-16)
(26.0379 8.20118 0)
(26.194 8.24579 -2.89864e-18)
(26.3548 8.28269 1.8997e-16)
(26.5208 8.31158 -2.44352e-16)
(26.6918 8.33189 2.94959e-16)
(26.8678 8.34371 -8.35923e-16)
(27.048 8.34675 -1.44991e-17)
(27.2308 8.34081 -1.94578e-16)
(27.4142 8.32586 -3.05574e-16)
(27.596 8.30224 2.13839e-16)
(27.7761 8.26983 5.74638e-17)
(27.9592 8.22703 9.08605e-17)
(28.1502 8.17173 -2.26792e-17)
(28.3506 8.10204 -2.52147e-17)
(28.5612 8.01588 2.27713e-16)
(28.7838 7.91049 -1.34459e-16)
(29.0201 7.78212 6.66539e-17)
(29.2737 7.62532 7.1782e-16)
(29.5458 7.43038 -1.30492e-15)
(29.8434 7.18567 0)
(30.1627 6.86651 1.12899e-15)
(30.5111 6.44656 -8.31001e-16)
(30.7703 5.83861 -1.49755e-15)
(31.1253 5.14123 2.14802e-15)
(31.3731 3.99266 -2.33098e-15)
(24.263 6.54627 -1.0343e-16)
(24.2181 6.40241 9.03302e-17)
(24.179 6.23329 -1.26488e-15)
(24.1493 6.04213 1.29827e-15)
(24.1359 5.84641 -1.83134e-15)
(24.1413 5.63965 -1.12328e-15)
(24.1676 5.42738 -2.85352e-16)
(24.2128 5.22501 -9.38621e-16)
(24.272 5.04147 1.3046e-15)
(24.3422 4.87638 3.85627e-17)
(24.4184 4.73152 0)
(24.4958 4.60851 -3.57072e-16)
(24.5726 4.50393 3.78978e-16)
(24.6477 4.41462 3.07195e-18)
(24.7205 4.33842 -3.7518e-16)
(24.7917 4.2723 5.52466e-16)
(24.8624 4.21399 -2.79071e-16)
(24.9336 4.16186 -8.53271e-17)
(25.0069 4.11444 2.51162e-16)
(25.0842 4.0707 0)
(25.1674 4.03015 -7.44578e-17)
(25.2589 3.99271 -6.36998e-17)
(25.3617 3.95885 1.14526e-16)
(25.4777 3.93014 -1.51953e-16)
(25.6052 3.90941 4.6277e-17)
(25.7406 3.8994 -1.98149e-17)
(25.8823 3.9021 -1.46251e-17)
(26.0294 3.91934 3.67701e-18)
(26.1805 3.95308 0)
(26.3342 4.00531 2.83444e-18)
(26.4881 4.07799 -1.65318e-17)
(26.6394 4.17307 0)
(26.7849 4.29237 -7.77167e-17)
(26.9204 4.43766 0)
(27.0408 4.61055 0)
(27.1396 4.81252 0)
(27.2086 5.04445 -6.7762e-16)
(27.2349 5.30564 6.73691e-16)
(27.2076 5.58464 0)
(24.4202 6.64013 6.74884e-17)
(24.4832 6.77625 2.74605e-17)
(24.5642 6.9222 -1.48104e-16)
(24.658 7.06748 -4.70974e-16)
(24.7575 7.19946 3.26225e-16)
(24.8697 7.32837 0)
(24.9897 7.4491 -3.64174e-16)
(25.1136 7.5582 1.19308e-16)
(25.2426 7.65806 -5.82585e-17)
(25.3743 7.74793 2.04488e-16)
(25.5079 7.82805 -2.1539e-17)
(25.6442 7.8997 2.2421e-17)
(25.7829 7.96315 2.62757e-17)
(25.9245 8.01888 -1.48267e-16)
(26.0698 8.0673 -1.8003e-16)
(26.219 8.1084 1.65778e-17)
(26.3729 8.1421 -1.53454e-16)
(26.5316 8.16812 2.40367e-16)
(26.695 8.18593 -3.83212e-16)
(26.8632 8.1955 1.68072e-16)
(27.0353 8.19662 -3.21309e-16)
(27.2098 8.1891 0)
(27.3848 8.17292 3.73667e-16)
(27.5579 8.14846 -1.03334e-16)
(27.7291 8.1156 5.2644e-17)
(27.903 8.07274 5.67813e-17)
(28.0843 8.01769 -1.45351e-17)
(28.2745 7.94845 2.86812e-17)
(28.4742 7.86281 -6.81392e-17)
(28.6848 7.75782 1.87776e-16)
(28.9075 7.62951 -1.23054e-16)
(29.1446 7.47244 0)
(29.3969 7.27756 -1.34539e-16)
(29.6673 7.03319 4.00958e-16)
(29.9493 6.7179 -1.36477e-15)
(30.2545 6.31453 8.34387e-16)
(30.4958 5.74252 1.27969e-15)
(30.6943 5.06423 7.46413e-17)
(30.8147 4.06629 1.83819e-15)
(24.3679 6.50369 7.84052e-17)
(24.325 6.36701 -1.67451e-16)
(24.2877 6.20636 7.14885e-16)
(24.2595 6.02476 -8.8421e-16)
(24.247 5.83894 1.39538e-15)
(24.2527 5.64279 5.7457e-17)
(24.2784 5.44159 -2.53571e-16)
(24.3221 5.25003 -7.73264e-16)
(24.3793 5.0766 1.0947e-15)
(24.4468 4.92093 3.15411e-16)
(24.5199 4.78466 6.17104e-16)
(24.5938 4.66931 -3.28887e-16)
(24.667 4.57156 3.21636e-16)
(24.7383 4.48839 6.76319e-16)
(24.807 4.41773 -6.72099e-16)
(24.8741 4.35667 3.27788e-16)
(24.9403 4.30305 1.56675e-16)
(25.0066 4.25529 -8.03781e-17)
(25.0747 4.21199 -7.6491e-17)
(25.1462 4.17213 2.02129e-16)
(25.223 4.1352 -1.33647e-16)
(25.3072 4.10106 3.53201e-18)
(25.4019 4.07009 4.90585e-17)
(25.5088 4.0437 -4.84568e-17)
(25.6264 4.02448 3.71099e-17)
(25.7513 4.01498 0)
(25.882 4.01702 6.51024e-18)
(26.0177 4.03228 4.01174e-18)
(26.1573 4.0626 6.01006e-19)
(26.2995 4.10984 -7.08439e-19)
(26.4421 4.17589 5.2471e-17)
(26.5827 4.26264 -9.75751e-18)
(26.7182 4.3719 -9.88708e-17)
(26.8447 4.5054 3.9925e-17)
(26.9574 4.66471 5.88415e-17)
(27.0502 4.8512 -5.90031e-17)
(27.1154 5.06555 5.45279e-16)
(27.141 5.30694 -1.23247e-15)
(27.1173 5.56382 0)
(24.5172 6.59262 -1.56913e-17)
(24.5775 6.72185 -9.40948e-19)
(24.6551 6.86038 8.81933e-17)
(24.7452 6.99818 3.49811e-16)
(24.8406 7.12324 -1.68394e-16)
(24.9483 7.24528 -2.02575e-17)
(25.0635 7.35942 8.64508e-18)
(25.1824 7.46239 -1.59838e-16)
(25.3062 7.55646 2.40295e-16)
(25.4325 7.64093 -1.01333e-16)
(25.5606 7.71604 -5.54642e-17)
(25.6913 7.78299 -1.19082e-17)
(25.8242 7.84207 4.40583e-17)
(25.9597 7.89372 1.05423e-16)
(26.0987 7.93836 3.38542e-16)
(26.2415 7.97595 -1.0091e-16)
(26.3886 8.00642 1.70899e-16)
(26.5402 8.02952 -2.19574e-16)
(26.6963 8.04474 4.99157e-16)
(26.8569 8.05195 -2.60308e-16)
(27.0212 8.05102 6.02153e-16)
(27.1876 8.04174 0)
(27.3542 8.02413 -1.75128e-16)
(27.5188 7.9986 -5.61224e-18)
(27.6811 7.96507 1.91079e-16)
(27.8458 7.92191 -5.14388e-17)
(28.0173 7.8669 0)
(28.1969 7.79796 -8.17251e-17)
(28.3853 7.71282 2.12881e-17)
(28.5834 7.60846 0)
(28.7919 7.48086 2.2706e-16)
(29.012 7.32462 0)
(29.244 7.13147 2.21643e-16)
(29.4885 6.89058 7.10078e-16)
(29.7373 6.58246 -1.19642e-15)
(29.9949 6.19439 -7.00421e-16)
(30.2122 5.66484 -2.15716e-15)
(30.3432 5.02144 -1.67496e-15)
(30.3583 4.14778 -3.46807e-15)
(24.4671 6.46306 0)
(24.4261 6.33326 -2.85147e-16)
(24.3905 6.18073 2.54079e-16)
(24.3638 6.00828 -2.5125e-16)
(24.3521 5.83196 9.46474e-16)
(24.3579 5.64594 2.05496e-15)
(24.383 5.45533 -6.55464e-16)
(24.4253 5.27409 5.0334e-16)
(24.4804 5.11031 -1.03146e-15)
(24.5452 4.9636 1.01124e-15)
(24.6153 4.83551 -5.3418e-16)
(24.6859 4.7274 2.82022e-16)
(24.7555 4.63611 -8.92294e-16)
(24.8232 4.55872 3.04728e-16)
(24.8882 4.49325 4.37873e-16)
(24.9512 4.43693 -4.53325e-16)
(25.0132 4.38767 1.31967e-16)
(25.0751 4.34399 -2.8384e-16)
(25.1382 4.30451 0)
(25.2044 4.26826 -1.84248e-16)
(25.2752 4.23471 1.752e-16)
(25.3528 4.2037 5.41477e-17)
(25.44 4.1755 -4.53874e-17)
(25.5385 4.15138 3.75371e-17)
(25.6468 4.13373 -4.17118e-17)
(25.7619 4.12489 -3.11814e-17)
(25.8822 4.12652 -1.05431e-17)
(26.0072 4.14017 4.45795e-18)
(26.1358 4.16752 -1.17291e-18)
(26.267 4.2103 -1.8856e-18)
(26.3987 4.27032 -3.66525e-17)
(26.5289 4.34937 0)
(26.6545 4.4492 2.05451e-16)
(26.7721 4.57149 1.38998e-16)
(26.8772 4.71775 -1.88606e-16)
(26.9641 4.88926 5.11652e-17)
(27.0255 5.08656 -8.6507e-16)
(27.0505 5.30878 5.46115e-17)
(27.0304 5.54451 -1.36792e-15)
(24.6088 6.54722 -2.78534e-17)
(24.6665 6.66984 2.88554e-16)
(24.741 6.80123 7.31816e-17)
(24.8274 6.93184 -2.21667e-16)
(24.9189 7.05024 -1.16487e-16)
(25.0223 7.16565 0)
(25.1328 7.27343 1.80031e-16)
(25.2469 7.37048 -4.78049e-16)
(25.3657 7.45895 2.90924e-16)
(25.4869 7.53819 1.21534e-16)
(25.6097 7.60843 -1.8052e-17)
(25.7349 7.67082 2.62259e-17)
(25.8622 7.72564 0)
(25.9919 7.77331 5.43372e-19)
(26.1249 7.81421 9.06931e-17)
(26.2614 7.84833 -9.12257e-17)
(26.4019 7.8756 -2.95346e-16)
(26.5467 7.89575 2.00468e-16)
(26.6957 7.90833 -2.10019e-16)
(26.8488 7.91312 -2.51812e-16)
(27.0054 7.91003 -5.52642e-16)
(27.1638 7.89889 0)
(27.3223 7.87972 -8.20627e-17)
(27.4784 7.85299 -8.68982e-17)
(27.6319 7.81865 8.6069e-17)
(27.7873 7.77507 0)
(27.9489 7.71998 0)
(28.118 7.65132 2.53268e-17)
(28.2948 7.56678 -1.04466e-16)
(28.4799 7.46335 0)
(28.6738 7.33711 -2.19757e-16)
(28.8768 7.18283 0)
(29.0884 6.99295 -6.80834e-16)
(29.3078 6.75781 4.15419e-16)
(29.5269 6.46036 7.05817e-16)
(29.7417 6.08866 9.17998e-16)
(29.9239 5.59995 1.72853e-15)
(30.0206 5.00195 0)
(29.981 4.23291 1.56274e-16)
(24.5608 6.42427 2.9447e-17)
(24.5216 6.30107 4.01604e-16)
(24.4877 6.15632 -5.40495e-16)
(24.4623 5.99265 -8.85451e-16)
(24.4514 5.8254 -1.7317e-15)
(24.4573 5.6491 -4.57644e-17)
(24.4817 5.4686 2.79582e-15)
(24.5226 5.29722 -8.44104e-16)
(24.5756 5.14263 4.48612e-16)
(24.6378 5.00446 -9.53784e-16)
(24.7049 4.88413 2.93726e-17)
(24.7723 4.78289 2.50642e-16)
(24.8386 4.69769 -2.66708e-16)
(24.9027 4.62574 2.58105e-16)
(24.9641 4.56513 -1.3754e-16)
(25.0234 4.51322 1.27228e-16)
(25.0814 4.46803 0)
(25.1391 4.42812 0)
(25.1977 4.3922 0)
(25.2589 4.3593 1.0717e-16)
(25.3242 4.32891 -2.09478e-16)
(25.3957 4.30083 -8.96074e-17)
(25.4759 4.27526 9.30372e-17)
(25.5666 4.25334 -2.66712e-17)
(25.6663 4.23727 3.37245e-17)
(25.7722 4.22919 2.46245e-17)
(25.8828 4.23062 0)
(25.9976 4.24294 -6.22413e-18)
(26.1159 4.26771 -3.55595e-19)
(26.2366 4.30651 0)
(26.3579 4.36104 1.91025e-17)
(26.4779 4.43297 8.622e-17)
(26.594 4.52398 -1.76644e-16)
(26.7029 4.63567 -1.4031e-16)
(26.8004 4.76947 8.37427e-17)
(26.8814 4.92658 1.89285e-16)
(26.9391 5.10744 4.618e-16)
(26.9636 5.31124 3.78307e-16)
(26.947 5.52682 1.03709e-15)
(24.6953 6.50383 -1.30553e-17)
(24.7507 6.6201 -9.39564e-17)
(24.822 6.74462 0)
(24.9048 6.86832 2.60142e-16)
(24.9927 6.98031 1.45863e-17)
(25.0918 7.08933 1.83623e-16)
(25.1979 7.19099 -1.92928e-16)
(25.3073 7.28233 1.48274e-16)
(25.4213 7.36539 -3.65982e-16)
(25.5375 7.43958 8.20312e-17)
(25.6552 7.50511 4.2783e-17)
(25.7751 7.56307 2.39151e-17)
(25.8969 7.61374 4.46647e-17)
(26.0211 7.65753 -1.66862e-16)
(26.1482 7.69479 -1.22558e-16)
(26.2786 7.72549 -1.73711e-16)
(26.4127 7.74959 0)
(26.5509 7.76681 0)
(26.6929 7.77674 -2.0316e-16)
(26.8388 7.77911 2.60393e-16)
(26.9878 7.77382 4.01943e-16)
(27.1385 7.76075 -5.34477e-16)
(27.2888 7.73995 2.77533e-16)
(27.4365 7.71194 7.80882e-17)
(27.5814 7.67672 -8.24815e-17)
(27.7276 7.63268 0)
(27.8793 7.57751 -5.61551e-18)
(28.0376 7.50919 5.45956e-18)
(28.2026 7.42544 9.54753e-17)
(28.3747 7.32334 9.27515e-17)
(28.5539 7.19912 1.89384e-16)
(28.7399 7.04788 -5.88216e-16)
(28.9314 6.86273 1.96386e-16)
(29.1266 6.63513 -4.19335e-16)
(29.3182 6.35086 7.80733e-16)
(29.4973 5.9981 0)
(29.6421 5.54729 -6.17644e-16)
(29.7098 4.99831 -1.83366e-16)
(29.6464 4.31947 1.41655e-15)
(24.6494 6.38722 -2.9324e-16)
(24.6119 6.27035 3.39992e-16)
(24.5795 6.13306 2.05557e-16)
(24.5554 5.97779 2.44019e-16)
(24.5452 5.81925 7.91842e-16)
(24.5511 5.65223 -1.10428e-15)
(24.5748 5.4814 -2.51076e-15)
(24.6143 5.31943 -3.72902e-16)
(24.6653 5.1736 7.89432e-16)
(24.7249 5.04355 7.86996e-16)
(24.789 4.93058 4.33124e-16)
(24.8533 4.83584 -4.62912e-16)
(24.9163 4.75639 6.79926e-16)
(24.9771 4.68955 -4.83749e-16)
(25.0351 4.6335 -2.41607e-16)
(25.0908 4.5857 -3.48506e-16)
(25.1451 4.54429 3.43381e-16)
(25.1988 4.50788 2.14078e-16)
(25.2533 4.47524 -2.15173e-16)
(25.3098 4.44544 1.43503e-16)
(25.3701 4.41798 -3.05788e-18)
(25.4358 4.39263 0)
(25.5096 4.36954 3.4156e-17)
(25.5931 4.34973 6.73067e-17)
(25.6848 4.33521 2.71646e-17)
(25.7821 4.32795 -3.24365e-18)
(25.8836 4.32932 -2.0254e-17)
(25.989 4.34056 2.94285e-18)
(26.0975 4.36308 3.37974e-19)
(26.2081 4.39833 2.01313e-18)
(26.3195 4.44785 -1.70881e-17)
(26.4298 4.51322 -4.41697e-17)
(26.5366 4.59601 -1.24817e-17)
(26.637 4.69771 -6.27596e-17)
(26.7272 4.81968 6.30341e-17)
(26.8024 4.96304 -8.70355e-17)
(26.8565 5.12818 8.75159e-17)
(26.8804 5.31439 0)
(26.8673 5.51087 8.22549e-16)
(24.777 6.46235 -7.37304e-17)
(24.83 6.57252 -1.13507e-16)
(24.8984 6.69045 3.00859e-16)
(24.9778 6.80749 -3.64263e-16)
(25.0621 6.91332 5.08416e-16)
(25.1571 7.0162 -5.06486e-16)
(25.2589 7.11195 -1.30193e-16)
(25.3638 7.19779 5.11427e-16)
(25.4731 7.27564 -1.87696e-16)
(25.5844 7.34495 0)
(25.6972 7.40592 0)
(25.812 7.45961 1.03282e-17)
(25.9286 7.50626 -4.61709e-17)
(26.0472 7.54628 6.9185e-17)
(26.1687 7.57999 2.9791e-16)
(26.2932 7.60738 2.55381e-17)
(26.4211 7.62836 0)
(26.5528 7.6427 0)
(26.6881 7.65 3.59187e-16)
(26.8268 7.64995 4.22222e-16)
(26.9684 7.64248 7.96665e-18)
(27.1114 7.62747 -1.11362e-16)
(27.2537 7.60504 -9.01759e-18)
(27.3931 7.57576 1.35824e-16)
(27.5294 7.53969 4.27383e-18)
(27.6665 7.49522 -7.40282e-17)
(27.8084 7.44005 1.02209e-17)
(27.956 7.3722 -9.95195e-18)
(28.1093 7.28951 -8.68307e-17)
(28.2683 7.18916 -3.51913e-16)
(28.4328 7.06764 7.53999e-17)
(28.602 6.92041 3.72863e-16)
(28.7742 6.74132 -5.39075e-16)
(28.9466 6.52279 -6.22534e-18)
(29.1124 6.2533 -5.7996e-16)
(29.2612 5.92181 -8.69272e-16)
(29.3732 5.50708 -4.89876e-16)
(29.4123 5.00688 0)
(29.3362 4.40713 1.12295e-15)
(24.7331 6.35182 1.04234e-16)
(24.6972 6.24103 -4.24438e-16)
(24.6663 6.11087 1.71502e-16)
(24.6433 5.96367 4.05592e-17)
(24.6337 5.81344 0)
(24.6397 5.6553 1.24933e-15)
(24.6627 5.49371 7.28791e-17)
(24.7007 5.34072 0)
(24.7496 5.20324 3.47035e-16)
(24.8067 5.08091 -1.83593e-15)
(24.868 4.97493 0)
(24.9292 4.88633 7.89083e-16)
(24.989 4.81229 -8.49799e-16)
(25.0466 4.75025 2.17297e-16)
(25.1013 4.69845 2.04381e-16)
(25.1536 4.6545 2.0274e-16)
(25.2045 4.61659 -3.12115e-16)
(25.2545 4.58341 -1.90649e-16)
(25.305 4.5538 1.91703e-16)
(25.3573 4.52687 1.25059e-16)
(25.4128 4.50212 -2.51619e-16)
(25.4733 4.4793 0)
(25.5411 4.45853 -3.99122e-18)
(25.6179 4.44071 -5.70631e-17)
(25.7021 4.4277 -2.91617e-18)
(25.7914 4.42129 -2.30037e-17)
(25.8845 4.4227 -6.75711e-18)
(25.981 4.43305 6.79294e-18)
(26.0803 4.45359 0)
(26.1815 4.48564 0)
(26.2835 4.53062 6.45188e-18)
(26.3845 4.58995 -2.17998e-17)
(26.4824 4.66509 9.24001e-17)
(26.5746 4.75742 -7.41098e-17)
(26.6577 4.86822 -1.09901e-17)
(26.7273 4.99853 6.48219e-17)
(26.7779 5.14873 0)
(26.8013 5.31822 -8.91912e-17)
(26.7914 5.49669 -6.92317e-16)
(24.8542 6.42268 3.83843e-17)
(24.9049 6.527 0)
(24.9704 6.63859 8.97151e-17)
(25.0466 6.74924 7.2567e-18)
(25.1273 6.84914 -2.83282e-16)
(25.2184 6.94612 3.25154e-16)
(25.316 7.03619 1.90569e-17)
(25.4166 7.11674 -1.36044e-16)
(25.5212 7.18957 7.74106e-17)
(25.6279 7.25417 1.0718e-16)
(25.7358 7.31076 -3.77886e-17)
(25.8457 7.36032 6.24605e-18)
(25.9571 7.4031 -4.47097e-17)
(26.0705 7.43948 0)
(26.1864 7.46976 0)
(26.3052 7.49392 -1.71162e-16)
(26.4271 7.51189 2.46399e-16)
(26.5524 7.52342 1.80472e-17)
(26.6811 7.52816 -3.49094e-16)
(26.8129 7.52575 0)
(26.9472 7.51615 0)
(27.0825 7.49926 1.01961e-16)
(27.2169 7.47526 1.22168e-16)
(27.3482 7.44477 -1.86066e-16)
(27.4761 7.4079 4.0644e-18)
(27.6042 7.36309 0)
(27.7363 7.30805 8.76789e-18)
(27.8733 7.24089 0)
(28.0149 7.15956 0)
(28.1611 7.06143 -7.07807e-17)
(28.3112 6.94325 7.65553e-17)
(28.4641 6.8009 -1.59618e-16)
(28.6179 6.62898 3.42163e-16)
(28.769 6.42086 0)
(28.9111 6.1672 0)
(29.0336 5.85843 1.28834e-15)
(29.1184 5.47874 3.58601e-16)
(29.1327 5.02569 -2.89934e-16)
(29.0468 4.49612 -1.09335e-15)
(24.8121 6.31799 4.89103e-18)
(24.7778 6.21302 1.79647e-16)
(24.7483 6.0897 -6.08576e-16)
(24.7264 5.95022 -2.8772e-16)
(24.7174 5.80796 -6.16885e-18)
(24.7233 5.65831 -8.93497e-16)
(24.7455 5.50554 6.4976e-17)
(24.782 5.36112 0)
(24.8289 5.23158 0)
(24.8835 5.11657 6.71167e-16)
(24.9419 5.01722 3.36695e-16)
(25.0002 4.93442 -1.08759e-15)
(25.057 4.86548 0)
(25.1114 4.80795 -3.65621e-16)
(25.163 4.76012 1.88949e-16)
(25.2121 4.71973 1.80396e-16)
(25.2596 4.68506 -1.84573e-16)
(25.3062 4.65488 -8.45474e-17)
(25.3531 4.62806 0)
(25.4014 4.60376 0)
(25.4525 4.58149 -1.0329e-16)
(25.5082 4.56101 7.44305e-17)
(25.5705 4.5424 -6.19166e-17)
(25.641 4.52646 -4.60718e-17)
(25.7183 4.51489 6.97034e-17)
(25.8002 4.50933 -4.06481e-18)
(25.8853 4.51083 -2.3905e-18)
(25.9735 4.52043 0)
(26.0642 4.53922 8.22597e-19)
(26.1566 4.56841 -8.27413e-19)
(26.2497 4.60923 -3.73331e-18)
(26.3419 4.66301 -1.42292e-17)
(26.4314 4.73106 -4.1986e-18)
(26.5158 4.81466 0)
(26.5921 4.91497 0)
(26.6562 5.03298 -2.26724e-16)
(26.7034 5.16906 0)
(26.7263 5.32278 -5.71217e-16)
(26.7193 5.48435 -4.50887e-16)
(24.9269 6.38474 1.54782e-17)
(24.9755 6.48345 -3.14708e-17)
(25.0382 6.58896 -2.89992e-16)
(25.1112 6.69347 9.88403e-17)
(25.1885 6.78768 0)
(25.2759 6.87898 -1.26438e-16)
(25.3693 6.9636 6.17124e-16)
(25.4657 7.03905 2.73389e-16)
(25.5659 7.10706 -8.73172e-17)
(25.668 7.16715 -1.01395e-16)
(25.7712 7.21952 4.32438e-17)
(25.8763 7.26511 0)
(25.9827 7.30417 -1.49969e-16)
(26.091 7.33704 6.2896e-17)
(26.2015 7.36401 0)
(26.3146 7.38508 1.62028e-16)
(26.4307 7.40014 -2.01423e-16)
(26.5498 7.40897 -5.35965e-16)
(26.672 7.41122 -1.81758e-16)
(26.7969 7.40656 7.78286e-18)
(26.9241 7.39491 -1.82043e-16)
(27.052 7.37624 -2.10099e-16)
(27.1786 7.35077 1.11427e-16)
(27.3019 7.31918 -1.12077e-16)
(27.4214 7.28166 5.89487e-17)
(27.5407 7.23666 0)
(27.6633 7.18195 -1.52354e-20)
(27.7898 7.11573 -4.28202e-17)
(27.92 7.0361 3.3776e-17)
(28.0536 6.94063 9.2466e-18)
(28.1897 6.82639 0)
(28.3271 6.6897 0)
(28.4634 6.52587 -2.86554e-16)
(28.5949 6.3292 0)
(28.7155 6.0921 -2.9532e-16)
(28.8151 5.80663 -3.14292e-16)
(28.8777 5.46099 1.61808e-15)
(28.8727 5.05304 0)
(28.7793 4.58624 -8.61767e-16)
(24.8866 6.28565 5.93e-19)
(24.8538 6.18626 -8.90534e-17)
(24.8256 6.0695 -1.10096e-16)
(24.8048 5.93742 4.60242e-16)
(24.7963 5.80276 -1.32242e-15)
(24.8021 5.66123 0)
(24.8235 5.51688 1.29074e-15)
(24.8586 5.38061 -4.07451e-18)
(24.9034 5.25863 5.28327e-16)
(24.9555 5.15059 2.93515e-16)
(25.0111 5.0575 0)
(25.0665 4.98018 3.30564e-16)
(25.1204 4.91603 -3.18216e-16)
(25.1718 4.86272 -3.25209e-16)
(25.2203 4.8186 6.66342e-16)
(25.2665 4.78151 -4.95719e-16)
(25.3109 4.74985 0)
(25.3542 4.72243 8.02471e-17)
(25.3976 4.69816 0)
(25.4422 4.67628 1.35806e-16)
(25.4894 4.6563 -1.98507e-16)
(25.5405 4.63796 6.18429e-17)
(25.5977 4.62133 5.22924e-17)
(25.6624 4.60714 4.86796e-17)
(25.7334 4.59693 0)
(25.8083 4.59217 0)
(25.8861 4.59382 -1.94866e-17)
(25.9666 4.60278 5.81319e-18)
(26.0493 4.62002 -8.88821e-19)
(26.1334 4.6466 -3.17224e-19)
(26.2181 4.68365 3.92249e-18)
(26.3021 4.73232 3.32377e-17)
(26.3836 4.79382 -3.72251e-18)
(26.4606 4.86929 -3.76636e-17)
(26.5303 4.95981 3.78543e-17)
(26.5893 5.06631 2.1572e-16)
(26.6332 5.18914 -2.19915e-16)
(26.6555 5.32805 5.43851e-16)
(26.6512 5.47383 5.81808e-16)
(24.9955 6.34847 -4.50682e-17)
(25.042 6.44178 1.32303e-16)
(25.1021 6.54145 -8.86593e-18)
(25.1719 6.64007 -8.78772e-17)
(25.246 6.72882 1.34753e-16)
(25.3296 6.81467 -1.33442e-16)
(25.4191 6.89406 -2.20806e-16)
(25.5113 6.96463 -1.78788e-16)
(25.6072 7.02801 -1.22448e-16)
(25.7048 7.08376 2.71978e-17)
(25.8035 7.13208 -2.92479e-17)
(25.9039 7.17387 7.6187e-19)
(26.0055 7.20936 5.62723e-17)
(26.1086 7.23889 -1.47968e-16)
(26.214 7.2627 2.15255e-16)
(26.3216 7.2808 0)
(26.4319 7.29309 3.74287e-16)
(26.545 7.29934 2.27113e-16)
(26.6609 7.29924 3.13121e-16)
(26.7791 7.29244 2.02231e-16)
(26.8993 7.27888 -3.50455e-16)
(27.0198 7.25857 3.58856e-16)
(27.1389 7.23178 2.94555e-16)
(27.2543 7.19925 3.03364e-19)
(27.3656 7.16124 -6.81242e-18)
(27.4763 7.11624 5.53129e-17)
(27.5895 7.06208 0)
(27.7059 6.99707 -2.95165e-17)
(27.825 6.91949 6.06035e-17)
(27.9464 6.82714 8.67853e-18)
(28.0691 6.71737 6.92521e-18)
(28.1917 6.58699 -2.50486e-16)
(28.3117 6.43196 2.81062e-16)
(28.4254 6.24748 1.36874e-16)
(28.5269 6.0274 -2.60145e-16)
(28.6066 5.76527 0)
(28.6509 5.45235 -9.24037e-17)
(28.6318 5.08716 -2.09546e-16)
(28.5342 4.6768 1.79874e-15)
(24.9569 6.25474 1.65082e-17)
(24.9256 6.1607 1.4948e-16)
(24.8987 6.05021 8.71806e-16)
(24.8788 5.9252 -7.20914e-16)
(24.8708 5.79783 1.23231e-15)
(24.8765 5.66404 -8.81395e-16)
(24.897 5.52772 -2.2339e-16)
(24.9306 5.39923 9.23117e-16)
(24.9734 5.28443 -1.73841e-15)
(25.023 5.18298 0)
(25.0759 5.09582 2.66379e-16)
(25.1285 5.02366 -2.90332e-16)
(25.1794 4.96402 3.01157e-16)
(25.228 4.91465 0)
(25.2737 4.87399 2.89955e-16)
(25.3169 4.83997 -1.47998e-16)
(25.3584 4.81108 0)
(25.3987 4.78618 6.71639e-17)
(25.4389 4.76427 6.44562e-17)
(25.4801 4.74459 -1.28696e-16)
(25.5234 4.72669 3.56978e-18)
(25.5704 4.71032 1.54919e-16)
(25.6229 4.69551 -1.50875e-16)
(25.6822 4.68294 0)
(25.7472 4.67399 0)
(25.8157 4.66999 -1.39075e-17)
(25.8868 4.6718 1.39824e-17)
(25.9601 4.6802 -4.49201e-18)
(26.0353 4.69604 0)
(26.1118 4.72026 7.99076e-19)
(26.1887 4.75385 3.82823e-18)
(26.2649 4.79784 1.16923e-17)
(26.3389 4.85329 -3.70881e-17)
(26.4089 4.92125 0)
(26.4724 5.00268 0)
(26.5265 5.09844 0)
(26.5672 5.20891 2.09293e-16)
(26.5889 5.33401 0)
(26.5871 5.46512 0)
(25.0601 6.31377 -3.93912e-17)
(25.1046 6.40192 1.17772e-16)
(25.1621 6.496 -7.99555e-17)
(25.2289 6.58897 -1.39486e-16)
(25.2998 6.67248 1.37442e-16)
(25.3798 6.7531 0)
(25.4654 6.82747 3.62908e-16)
(25.5536 6.89337 -2.90294e-16)
(25.6453 6.95231 1.1583e-16)
(25.7386 7.00391 0)
(25.8328 7.04837 0)
(25.9286 7.08653 2.59981e-17)
(26.0254 7.11862 -5.40489e-17)
(26.1237 7.14494 3.33755e-16)
(26.2239 7.16576 -3.18717e-16)
(26.3262 7.18104 -1.44091e-16)
(26.4309 7.1907 -1.73858e-16)
(26.5381 7.19452 -4.41848e-16)
(26.6478 7.19222 4.97243e-16)
(26.7595 7.18342 0)
(26.8728 7.16812 -4.7783e-16)
(26.9861 7.14633 1.63945e-16)
(27.0977 7.11839 -4.46994e-16)
(27.2054 7.08512 -6.07891e-18)
(27.3088 7.04683 0)
(27.4111 7.00206 -2.64173e-17)
(27.5153 6.9487 2.58396e-17)
(27.6219 6.88521 5.48394e-17)
(27.7303 6.81002 -3.81512e-18)
(27.8401 6.72117 1.19186e-16)
(27.9501 6.61636 8.5815e-18)
(28.0588 6.4928 2.46239e-16)
(28.1638 6.34711 0)
(28.2613 6.17527 2.38339e-16)
(28.346 5.97236 1.26724e-18)
(28.4088 5.73325 2.05569e-16)
(28.4381 5.45147 -1.10259e-15)
(28.4091 5.12633 1.98624e-16)
(28.3105 4.76679 -7.30782e-16)
(25.0233 6.22518 -6.18234e-17)
(24.9933 6.13627 4.51581e-16)
(24.9676 6.03177 -5.62256e-16)
(24.9486 5.91354 5.12865e-17)
(24.941 5.79313 8.36588e-16)
(24.9466 5.66673 2.01984e-15)
(24.9663 5.53807 -7.97556e-16)
(24.9982 5.41697 3.74282e-16)
(25.039 5.30899 2.20643e-15)
(25.0862 5.21379 -6.90403e-16)
(25.1364 5.13223 -2.24442e-16)
(25.1862 5.06493 -4.92963e-16)
(25.2344 5.00951 0)
(25.2802 4.96384 2.56198e-16)
(25.3232 4.92638 -2.58195e-16)
(25.3637 4.89521 2.66692e-16)
(25.4024 4.86887 0)
(25.4398 4.84629 -1.23658e-16)
(25.477 4.82652 1.18502e-16)
(25.515 4.80885 -2.23254e-16)
(25.5549 4.79284 1.10967e-16)
(25.598 4.77827 -4.05201e-18)
(25.6461 4.76512 -4.85947e-17)
(25.7005 4.75402 0)
(25.76 4.74623 -1.81582e-18)
(25.8226 4.74294 -3.0819e-17)
(25.8873 4.7449 0)
(25.954 4.75279 -1.6887e-18)
(26.0223 4.76737 1.75521e-18)
(26.0917 4.78944 -1.2487e-18)
(26.1613 4.81986 6.53685e-19)
(26.2303 4.85956 4.34845e-18)
(26.2973 4.90946 -4.09482e-17)
(26.3607 4.97048 0)
(26.4185 5.0435 5.46528e-17)
(26.4679 5.12933 -7.63918e-17)
(26.5056 5.22835 -9.79795e-18)
(26.5265 5.34062 4.35143e-16)
(26.5269 5.45816 0)
(25.121 6.28059 1.24372e-17)
(25.1636 6.3638 8.35893e-17)
(25.2185 6.45251 -2.63433e-16)
(25.2824 6.54006 -1.23839e-16)
(25.3501 6.61857 3.43735e-16)
(25.4266 6.69419 0)
(25.5084 6.76374 -6.63075e-16)
(25.5927 6.82516 2.74566e-16)
(25.6803 6.87987 -1.83937e-16)
(25.7694 6.92751 0)
(25.8592 6.96829 0)
(25.9505 7.00299 3.00475e-17)
(26.0427 7.03184 1.01208e-16)
(26.1362 7.05514 -2.35208e-16)
(26.2315 7.07311 -1.81754e-16)
(26.3285 7.08573 2.49317e-16)
(26.4277 7.09293 3.03443e-16)
(26.5292 7.09449 -3.91498e-16)
(26.6328 7.09014 2.14226e-16)
(26.7381 7.07954 0)
(26.8447 7.06266 1.517e-17)
(26.951 7.03959 0)
(27.0553 7.01072 -1.56523e-16)
(27.1556 6.97692 5.20831e-18)
(27.2513 6.93858 -8.63589e-17)
(27.3455 6.89427 2.10905e-17)
(27.441 6.84199 1.71175e-17)
(27.5382 6.78029 -4.5927e-17)
(27.6365 6.70782 -1.54508e-16)
(27.7352 6.62285 1.00663e-16)
(27.8333 6.52338 1.0865e-16)
(27.9291 6.40704 -2.03131e-16)
(28.0204 6.27102 4.16992e-16)
(28.1035 6.11204 -1.60069e-17)
(28.1734 5.92619 3.94782e-16)
(28.2222 5.70943 -2.18241e-16)
(28.2394 5.45704 -7.12504e-16)
(28.2037 5.16906 8.01063e-16)
(28.1069 4.85522 -7.30385e-16)
(25.0858 6.19692 1.04813e-16)
(25.0571 6.11292 -3.59055e-16)
(25.0326 6.01415 9.58773e-17)
(25.0144 5.9024 8.27768e-16)
(25.0072 5.78863 -7.88871e-16)
(25.0126 5.6693 1.01809e-15)
(25.0314 5.54792 -3.56201e-16)
(25.0618 5.43385 -2.23198e-15)
(25.1005 5.33234 -4.60144e-17)
(25.1453 5.24305 1.19507e-15)
(25.1929 5.16678 4.28099e-16)
(25.2401 5.10405 5.66781e-18)
(25.2856 5.05259 0)
(25.3287 5.01035 -1.43873e-17)
(25.369 4.97588 -2.3005e-16)
(25.4069 4.94733 1.24801e-16)
(25.443 4.92334 0)
(25.4778 4.90288 5.68665e-17)
(25.5122 4.88506 -4.81556e-17)
(25.5472 4.86922 1.51184e-16)
(25.5839 4.85494 4.81848e-17)
(25.6234 4.84197 1.27e-16)
(25.6675 4.83034 -1.21337e-16)
(25.7173 4.82057 3.22995e-17)
(25.7717 4.81383 2.63811e-17)
(25.8288 4.81118 -2.7959e-17)
(25.8877 4.81328 -1.02984e-17)
(25.9483 4.82071 7.96188e-18)
(26.0102 4.83412 -1.99262e-18)
(26.073 4.85421 3.19223e-18)
(26.1359 4.88175 -4.10299e-18)
(26.1982 4.91751 5.32521e-18)
(26.2587 4.96232 1.2202e-17)
(26.316 5.01697 1.52156e-17)
(26.3684 5.08227 -5.19882e-17)
(26.4134 5.15894 -1.10073e-16)
(26.4482 5.24739 0)
(26.4684 5.34784 -4.10454e-16)
(26.4706 5.45288 3.98601e-16)
(25.1783 6.24887 -4.16097e-17)
(25.2189 6.32734 -3.93313e-17)
(25.2714 6.41091 2.48816e-16)
(25.3324 6.49328 0)
(25.3971 6.56699 1.83864e-16)
(25.4702 6.63782 -1.53739e-16)
(25.5483 6.70279 4.64607e-16)
(25.6288 6.75993 0)
(25.7123 6.81059 1.74049e-16)
(25.7973 6.85446 -9.23251e-17)
(25.8829 6.89174 1.87811e-17)
(25.9698 6.92316 -5.86351e-17)
(26.0575 6.94895 1.66884e-16)
(26.1464 6.96939 2.00452e-17)
(26.2367 6.9847 3.38454e-16)
(26.3287 6.99484 -2.83003e-17)
(26.4226 6.99975 -3.10424e-17)
(26.5184 6.99922 1.76397e-16)
(26.6161 6.99301 1.86544e-17)
(26.7152 6.98079 -4.68638e-16)
(26.8152 6.96254 1.42719e-17)
(26.9148 6.93841 0)
(27.012 6.90882 1.49337e-16)
(27.105 6.87473 7.87244e-17)
(27.1934 6.83657 4.10696e-17)
(27.2798 6.79298 -8.31796e-17)
(27.367 6.74201 0)
(27.4553 6.6824 -2.27658e-17)
(27.5439 6.61295 4.66809e-17)
(27.6323 6.53215 0)
(27.7193 6.43832 8.95064e-17)
(27.8034 6.32948 1.9561e-16)
(27.8822 6.20331 -1.96122e-16)
(27.9526 6.05717 -7.45897e-16)
(28.0098 5.888 -3.81877e-16)
(28.0469 5.69271 0)
(28.0547 5.46784 3.72472e-16)
(28.015 5.21402 -5.94788e-16)
(27.9219 4.94116 5.89944e-16)
(25.1446 6.16991 -1.0384e-16)
(25.1173 6.09059 3.03866e-16)
(25.0939 5.99731 0)
(25.0765 5.89175 -6.96701e-16)
(25.0696 5.78433 -6.64198e-16)
(25.0748 5.67171 -1.64034e-15)
(25.0927 5.55728 3.17508e-16)
(25.1215 5.44989 4.07347e-16)
(25.1582 5.3545 -1.07833e-15)
(25.2006 5.2708 -1.10233e-15)
(25.2457 5.1995 -3.91524e-16)
(25.2902 5.14107 0)
(25.3331 5.09332 2.01166e-16)
(25.3737 5.05428 -4.30258e-16)
(25.4115 5.02258 -2.0413e-16)
(25.4469 4.99645 2.08816e-16)
(25.4805 4.97461 -2.07716e-16)
(25.5128 4.95609 4.7784e-17)
(25.5446 4.94005 -1.83447e-16)
(25.5769 4.92586 -3.58649e-17)
(25.6105 4.91312 1.72665e-16)
(25.6468 4.90162 7.42192e-17)
(25.6871 4.89134 -7.3051e-17)
(25.7327 4.88278 0)
(25.7824 4.87698 -2.66393e-17)
(25.8344 4.8749 -2.1291e-17)
(25.888 4.8771 3.12022e-17)
(25.9429 4.88409 -3.76091e-18)
(25.9989 4.89643 0)
(26.0556 4.91472 -1.50567e-18)
(26.1124 4.93961 8.03884e-19)
(26.1685 4.97177 8.63638e-18)
(26.223 5.01191 -1.18076e-17)
(26.2747 5.06074 1.91596e-17)
(26.322 5.11895 -6.97356e-17)
(26.3629 5.18725 1.57041e-16)
(26.395 5.26601 -5.27116e-17)
(26.4144 5.35559 -6.66483e-17)
(26.4182 5.44919 -1.6194e-16)
(25.2322 6.21854 3.8366e-17)
(25.271 6.29248 -1.32663e-16)
(25.321 6.37114 -1.01098e-16)
(25.3793 6.44855 1.09953e-16)
(25.441 6.51767 -2.27389e-17)
(25.5107 6.58394 0)
(25.5853 6.64451 0)
(25.662 6.69759 8.51473e-17)
(25.7416 6.7444 -8.83088e-17)
(25.8225 6.78469 1.65245e-16)
(25.904 6.81865 -1.77829e-17)
(25.9866 6.84697 8.80512e-17)
(26.0699 6.86988 -6.87605e-17)
(26.1542 6.88764 -2.41205e-16)
(26.2398 6.90045 -1.98052e-16)
(26.3269 6.90829 3.96552e-16)
(26.4155 6.91109 -2.32414e-16)
(26.5059 6.90865 3.03127e-16)
(26.5978 6.90077 3.55739e-16)
(26.6909 6.88714 6.46656e-16)
(26.7846 6.86774 2.23416e-16)
(26.8775 6.84276 4.76877e-16)
(26.9679 6.81271 0)
(27.054 6.77857 -4.18833e-18)
(27.1352 6.74082 6.95535e-17)
(27.2143 6.69818 0)
(27.2937 6.64879 0)
(27.3735 6.59151 1.88893e-17)
(27.4531 6.52532 -4.29098e-17)
(27.5319 6.44895 -7.68686e-17)
(27.6087 6.36097 7.25654e-17)
(27.682 6.25977 0)
(27.7498 6.14346 1.58883e-16)
(27.809 6.00997 6.5743e-16)
(27.8555 5.85693 -1.58778e-16)
(27.883 5.682 1.54271e-16)
(27.8838 5.4827 0)
(27.8422 5.26006 -2.41271e-16)
(27.7543 5.02385 2.40925e-16)
(25.2 6.14408 -1.96766e-16)
(25.1739 6.06926 7.99536e-17)
(25.1516 5.98121 -6.07626e-16)
(25.1349 5.88156 6.57127e-16)
(25.1284 5.78019 9.32924e-16)
(25.1333 5.67398 -2.83477e-16)
(25.1502 5.56614 -2.81448e-16)
(25.1775 5.46508 1.52787e-15)
(25.2122 5.37549 -3.07654e-16)
(25.2523 5.29707 9.98955e-16)
(25.2948 5.23047 0)
(25.3368 5.17606 6.99687e-16)
(25.3772 5.13177 -7.32632e-16)
(25.4154 5.09572 0)
(25.4508 5.06657 1.93501e-16)
(25.4839 5.04268 5.56746e-18)
(25.5152 5.0228 -2.65206e-16)
(25.5451 5.00605 4.91403e-17)
(25.5745 4.99161 -2.05175e-16)
(25.6042 4.97892 -2.99142e-17)
(25.635 4.96757 -2.70131e-17)
(25.6682 4.95738 1.43781e-16)
(25.7051 4.94832 0)
(25.7467 4.94083 8.01752e-17)
(25.7921 4.93587 -2.74768e-17)
(25.8394 4.93428 0)
(25.8881 4.93655 -7.95534e-18)
(25.9378 4.94312 8.00296e-18)
(25.9884 4.95446 0)
(26.0395 4.97108 4.6126e-18)
(26.0906 4.99354 -1.14169e-19)
(26.1411 5.02241 -1.02004e-17)
(26.19 5.0583 -1.33079e-17)
(26.2365 5.10181 4.31308e-17)
(26.2792 5.15358 3.41302e-17)
(26.3163 5.21422 0)
(26.3458 5.28415 4.9631e-17)
(26.3644 5.3638 -5.01078e-17)
(26.3695 5.44697 0)
(25.2828 6.18955 -1.76153e-17)
(25.3198 6.25916 1.25377e-16)
(25.3675 6.33313 0)
(25.4231 6.4058 0)
(25.482 6.47054 -3.30164e-16)
(25.5484 6.53244 2.58862e-16)
(25.6194 6.58884 9.96413e-17)
(25.6924 6.63804 -2.74643e-16)
(25.7682 6.6812 0)
(25.8451 6.7181 -7.37039e-17)
(25.9226 6.74892 0)
(26.0011 6.77432 -5.63247e-17)
(26.0801 6.79453 0)
(26.1599 6.80979 -9.91454e-17)
(26.2409 6.82028 0)
(26.3231 6.826 -8.40431e-18)
(26.4068 6.82688 0)
(26.4918 6.82273 1.28039e-17)
(26.5782 6.81337 -9.8152e-16)
(26.6653 6.79854 -2.02367e-16)
(26.7529 6.77821 3.64186e-18)
(26.8394 6.75263 -4.41497e-16)
(26.9233 6.72234 -2.33649e-16)
(27.0027 6.68839 -6.69554e-17)
(27.0772 6.6513 6.21587e-17)
(27.1493 6.60983 0)
(27.2213 6.56224 0)
(27.2932 6.50751 -5.35208e-17)
(27.3645 6.44479 3.20416e-17)
(27.4344 6.37301 1.5042e-16)
(27.5019 6.29101 -1.59743e-16)
(27.5657 6.19747 4.29887e-18)
(27.6237 6.09092 -1.52951e-16)
(27.6732 5.96972 -1.58603e-16)
(27.7107 5.83208 -4.07725e-16)
(27.7306 5.67627 0)
(27.7264 5.50055 0)
(27.6845 5.30619 4.21326e-16)
(27.6029 5.10258 3.73388e-16)
(25.2522 6.11939 -1.48653e-16)
(25.2272 6.04886 -1.70484e-16)
(25.2059 5.9658 4.31659e-16)
(25.19 5.87181 6.93073e-16)
(25.1838 5.7762 2.73063e-16)
(25.1884 5.67608 7.3874e-16)
(25.2043 5.57451 -9.83664e-16)
(25.23 5.47945 1.03444e-15)
(25.2627 5.39535 1.08609e-15)
(25.3005 5.32191 -8.4671e-16)
(25.3406 5.25971 9.06362e-16)
(25.3802 5.20909 -1.88509e-17)
(25.4182 5.16803 3.38334e-16)
(25.454 5.13475 1.62203e-16)
(25.4871 5.10796 0)
(25.518 5.08611 4.89665e-18)
(25.5471 5.06804 8.36651e-17)
(25.5748 5.05288 -7.23275e-17)
(25.6019 5.0399 4.65939e-17)
(25.6292 5.02854 1.84328e-16)
(25.6575 5.01845 1.65226e-16)
(25.6878 5.00942 -1.29226e-16)
(25.7216 5.00144 0)
(25.7595 4.99491 -2.59991e-17)
(25.8008 4.99068 0)
(25.8439 4.98951 0)
(25.888 4.99181 0)
(25.933 4.99797 -3.29315e-18)
(25.9786 5.00837 2.33869e-18)
(26.0246 5.02346 -7.34519e-18)
(26.0705 5.04369 1.38666e-18)
(26.1158 5.06955 3.37025e-18)
(26.1597 5.10156 -7.91944e-18)
(26.2014 5.14025 0)
(26.2398 5.18615 -2.76845e-17)
(26.2734 5.23985 6.2263e-17)
(26.3005 5.30176 -3.46643e-17)
(26.3181 5.37239 1.62209e-16)
(26.3243 5.44608 2.79163e-16)
(25.3304 6.16185 2.9461e-17)
(25.3657 6.22733 7.73165e-17)
(25.4111 6.29681 -8.00052e-17)
(25.464 6.36496 -6.71929e-17)
(25.52 6.42552 1.52155e-16)
(25.5832 6.48327 -2.4483e-16)
(25.6508 6.53569 0)
(25.7202 6.58121 9.751e-17)
(25.7923 6.62091 2.6777e-17)
(25.8654 6.6546 8.30913e-17)
(25.9389 6.68247 2.8446e-17)
(26.0132 6.70513 2.92934e-17)
(26.0881 6.72282 7.21536e-17)
(26.1636 6.73575 1.66969e-16)
(26.2401 6.74411 -1.3139e-17)
(26.3176 6.7479 -1.69996e-16)
(26.3964 6.74704 2.01613e-16)
(26.4763 6.74138 -2.69015e-16)
(26.5572 6.73074 7.47352e-16)
(26.6388 6.71491 -1.65929e-16)
(26.7204 6.69388 -1.97802e-16)
(26.8008 6.66792 1.903e-16)
(26.8783 6.63764 1.07695e-16)
(26.9514 6.6041 1.62021e-16)
(27.0196 6.56787 -5.49486e-17)
(27.0852 6.52779 2.83245e-17)
(27.1502 6.48219 4.18897e-19)
(27.2148 6.4302 2.38038e-17)
(27.2784 6.37111 1.84753e-19)
(27.3403 6.30403 -1.9167e-16)
(27.3995 6.22804 -7.5615e-18)
(27.4546 6.14209 5.30129e-18)
(27.5041 6.04503 4.72011e-18)
(27.5454 5.93564 2.40766e-16)
(27.5754 5.81256 2.57768e-16)
(27.5894 5.67454 -2.21894e-16)
(27.5818 5.52039 -2.0232e-16)
(27.5411 5.3515 -6.06897e-16)
(27.4664 5.17679 -3.61035e-16)
(25.3012 6.0958 -6.1957e-17)
(25.2774 6.02936 3.59535e-16)
(25.2571 5.95106 -1.26474e-16)
(25.2418 5.86246 9.57458e-17)
(25.2358 5.77234 -2.43597e-16)
(25.2402 5.67802 -7.10654e-16)
(25.2551 5.58239 9.29024e-16)
(25.2792 5.49302 1.80064e-16)
(25.3099 5.4141 -1.27846e-15)
(25.3455 5.34535 5.32565e-16)
(25.3833 5.2873 -1.09389e-15)
(25.4205 5.24021 -5.74067e-16)
(25.4562 5.20216 5.85027e-16)
(25.4898 5.17145 -4.58253e-16)
(25.5207 5.14684 1.45621e-16)
(25.5495 5.12687 -6.82059e-17)
(25.5765 5.11043 1.48455e-16)
(25.6021 5.09672 0)
(25.6271 5.08505 0)
(25.6521 5.07489 -1.56655e-16)
(25.6781 5.06591 1.24808e-16)
(25.7058 5.05791 -2.7418e-17)
(25.7365 5.05088 0)
(25.7711 5.04519 0)
(25.8087 5.04159 0)
(25.8478 5.04077 -3.41801e-17)
(25.8877 5.04307 1.66535e-17)
(25.9284 5.04881 3.13045e-18)
(25.9695 5.05833 -2.30901e-18)
(26.0108 5.072 2.02644e-18)
(26.052 5.09019 0)
(26.0925 5.11332 1.11725e-18)
(26.1318 5.14181 3.31865e-19)
(26.1691 5.17611 0)
(26.2036 5.21672 0)
(26.2339 5.26414 1.75791e-17)
(26.2587 5.3188 -2.8167e-17)
(26.2755 5.38126 5.06556e-17)
(26.2824 5.44641 -1.00517e-16)
(25.3751 6.13539 2.62758e-17)
(25.4086 6.19692 -1.2469e-16)
(25.4518 6.26213 0)
(25.5021 6.32596 -2.84731e-16)
(25.5554 6.38254 -1.16047e-16)
(25.6154 6.43634 2.09077e-16)
(25.6796 6.48499 -1.76732e-16)
(25.7456 6.52702 1.36965e-16)
(25.8139 6.56345 -1.29427e-16)
(25.8833 6.59411 2.1212e-17)
(25.9529 6.61921 0)
(26.0233 6.63931 0)
(26.0941 6.65465 -2.16753e-16)
(26.1654 6.66544 -1.71415e-16)
(26.2376 6.67185 -2.37475e-16)
(26.3105 6.67388 1.34846e-16)
(26.3845 6.67148 -1.91058e-16)
(26.4595 6.66449 2.18774e-16)
(26.5352 6.65278 0)
(26.6113 6.63615 -1.64754e-16)
(26.6872 6.61463 3.24712e-16)
(26.7617 6.58852 1.71678e-16)
(26.8333 6.55846 8.97248e-17)
(26.9004 6.52555 -2.00262e-16)
(26.9626 6.4904 1.50892e-16)
(27.0221 6.45188 -1.96077e-18)
(27.0807 6.40843 6.56464e-18)
(27.1386 6.35931 -2.09806e-17)
(27.1952 6.30394 2.72264e-17)
(27.2498 6.2416 1.67133e-16)
(27.3015 6.17157 -2.19718e-16)
(27.3492 6.09305 0)
(27.3913 6.00515 1.17728e-16)
(27.4256 5.90696 -2.31646e-16)
(27.4496 5.79751 -2.10614e-16)
(27.4591 5.6759 4.19089e-16)
(27.4495 5.54134 3.96493e-16)
(27.411 5.39525 0)
(27.3437 5.246 1.43939e-16)
(25.3472 6.07326 6.92734e-17)
(25.3245 6.01073 -4.70541e-16)
(25.3052 5.93696 1.07945e-16)
(25.2905 5.85351 4.14966e-16)
(25.2848 5.7686 0)
(25.2888 5.67978 7.89896e-16)
(25.3027 5.58978 1.56754e-15)
(25.3253 5.50579 -8.72456e-16)
(25.3541 5.43177 0)
(25.3875 5.36744 -8.98161e-16)
(25.423 5.31327 7.40728e-16)
(25.4579 5.26949 -2.60733e-16)
(25.4914 5.23424 2.54813e-16)
(25.5228 5.2059 2.60192e-16)
(25.5517 5.1833 -4.1176e-16)
(25.5785 5.16504 -2.589e-16)
(25.6035 5.15009 5.83568e-16)
(25.6271 5.13769 -2.58663e-16)
(25.6501 5.12719 0)
(25.6731 5.11809 5.80357e-17)
(25.6968 5.11009 0)
(25.7221 5.10301 2.60479e-17)
(25.7501 5.09682 -4.52689e-17)
(25.7816 5.09185 0)
(25.8158 5.08879 3.50334e-17)
(25.8512 5.08824 -1.8499e-17)
(25.8873 5.09051 0)
(25.9239 5.09584 5.55172e-18)
(25.9608 5.10453 -2.63976e-18)
(25.9979 5.11688 5.34179e-18)
(26.0348 5.1332 -1.05008e-18)
(26.071 5.15383 7.44259e-19)
(26.1061 5.17913 -1.26998e-18)
(26.1395 5.20949 1.59128e-18)
(26.1703 5.24531 -1.31577e-17)
(26.1977 5.28709 -8.06472e-20)
(26.2203 5.33522 -8.52566e-17)
(26.2362 5.39033 -1.3173e-16)
(26.2437 5.44776 3.96131e-17)
(25.4169 6.11012 2.34445e-17)
(25.4488 6.16789 -1.0622e-16)
(25.4898 6.22902 0)
(25.5376 6.28874 3.91414e-16)
(25.5882 6.34154 -1.20448e-16)
(25.6452 6.39158 3.61388e-16)
(25.706 6.43665 0)
(25.7686 6.47537 0)
(25.8333 6.50872 0)
(25.899 6.53655 0)
(25.9649 6.55905 0)
(26.0314 6.57677 0)
(26.0983 6.58994 1.01062e-16)
(26.1655 6.59876 1.48774e-16)
(26.2334 6.6034 3.31196e-16)
(26.302 6.60385 2.60169e-17)
(26.3714 6.60008 -1.71144e-16)
(26.4416 6.59196 -2.01089e-17)
(26.5123 6.57936 4.83749e-16)
(26.5832 6.56214 6.13944e-18)
(26.6536 6.54034 -1.55905e-16)
(26.7226 6.51429 -1.52342e-16)
(26.7885 6.48466 -4.09437e-16)
(26.8499 6.45257 1.71936e-16)
(26.9066 6.41865 -8.72925e-17)
(26.9604 6.38184 -2.39289e-17)
(27.0131 6.34067 -1.21041e-17)
(27.0649 6.29451 5.89034e-18)
(27.1151 6.2429 4.92844e-17)
(27.1632 6.18529 -1.47188e-16)
(27.2084 6.1211 1.98299e-16)
(27.2495 6.04974 -9.43724e-17)
(27.2853 5.97057 1.86676e-16)
(27.3139 5.88292 1.90399e-16)
(27.3331 5.78609 -1.01137e-17)
(27.3394 5.67948 0)
(27.3289 5.56259 0)
(27.2934 5.43679 -1.35168e-16)
(27.2335 5.30989 -1.68682e-17)
(25.3904 6.05172 1.62011e-16)
(25.3689 5.99292 5.74768e-17)
(25.3504 5.92347 0)
(25.3363 5.84492 -8.3182e-16)
(25.3309 5.76497 1.94111e-16)
(25.3345 5.68137 -1.2883e-15)
(25.3474 5.5967 -1.12163e-15)
(25.3683 5.5178 -1.47328e-15)
(25.3953 5.44839 7.7375e-16)
(25.4266 5.38821 4.66786e-17)
(25.4599 5.33769 0)
(25.4927 5.29699 0)
(25.524 5.26434 -1.2745e-17)
(25.5534 5.2382 -2.44388e-16)
(25.5803 5.21744 2.45179e-16)
(25.6051 5.20074 0)
(25.6282 5.18713 -6.01202e-17)
(25.65 5.17591 0)
(25.6711 5.16645 5.33484e-17)
(25.6922 5.1583 -7.75115e-17)
(25.7138 5.15116 1.0126e-16)
(25.7368 5.14488 -4.48114e-17)
(25.7623 5.13941 4.30082e-17)
(25.7909 5.13506 -3.71741e-17)
(25.8219 5.13246 3.21273e-17)
(25.854 5.13212 -3.23313e-17)
(25.8865 5.13431 -6.51997e-18)
(25.9195 5.13924 -2.8256e-19)
(25.9526 5.14714 -3.08075e-18)
(25.9858 5.15826 3.44865e-18)
(26.0188 5.17287 -4.11393e-18)
(26.0511 5.19123 0)
(26.0824 5.21365 0)
(26.1122 5.24045 -6.64139e-18)
(26.1398 5.27199 4.6878e-17)
(26.1644 5.30871 -2.39543e-17)
(26.185 5.35099 8.1742e-17)
(26.1999 5.39949 -8.813e-17)
(26.2078 5.45003 -1.16811e-16)
(25.4561 6.08599 0)
(25.4864 6.14018 3.29845e-18)
(25.5253 6.19743 -1.76474e-16)
(25.5706 6.25324 -2.11531e-16)
(25.6185 6.30245 -2.80533e-16)
(25.6725 6.34892 -2.07745e-17)
(25.7301 6.3906 0)
(25.7893 6.42621 0)
(25.8506 6.45666 5.28048e-17)
(25.9127 6.48182 -5.55276e-17)
(25.9749 6.5019 7.73482e-18)
(26.0377 6.51741 0)
(26.1007 6.52858 8.8363e-17)
(26.1639 6.5356 -1.41004e-16)
(26.2278 6.53863 -1.82736e-16)
(26.2921 6.53769 0)
(26.3571 6.53273 -4.42649e-16)
(26.4227 6.52366 -1.91408e-16)
(26.4886 6.51036 -2.44023e-16)
(26.5545 6.49273 -2.80898e-16)
(26.6198 6.47084 2.55971e-16)
(26.6835 6.44504 9.92028e-18)
(26.744 6.41603 2.16903e-16)
(26.8002 6.38493 -7.80167e-17)
(26.8517 6.35238 7.71763e-17)
(26.9003 6.31739 1.13057e-18)
(26.9477 6.27858 -1.53473e-17)
(26.9939 6.23542 -5.27975e-17)
(27.0385 6.18757 4.20928e-17)
(27.0808 6.13459 1.31937e-16)
(27.1202 6.07606 -8.94248e-17)
(27.1557 6.01155 8.71136e-17)
(27.1862 5.9406 -1.79151e-16)
(27.2101 5.86275 -1.58592e-16)
(27.2256 5.77752 -1.69591e-16)
(27.2296 5.68451 1.48314e-16)
(27.2192 5.58345 -1.4398e-16)
(27.1872 5.47557 2.35339e-16)
(27.1349 5.36817 2.09454e-16)
(25.431 6.03115 -5.5041e-18)
(25.4105 5.97591 1.07386e-16)
(25.3929 5.91056 -7.73664e-16)
(25.3794 5.83668 0)
(25.3742 5.76144 -3.46807e-16)
(25.3774 5.68279 3.21378e-16)
(25.3892 5.60316 1.25165e-15)
(25.4086 5.52906 1.72655e-15)
(25.4337 5.46399 -7.42071e-16)
(25.4631 5.40772 7.45667e-16)
(25.4943 5.36061 -3.9733e-16)
(25.525 5.32277 0)
(25.5542 5.29253 0)
(25.5815 5.26841 -2.20236e-16)
(25.6065 5.24933 -1.04894e-16)
(25.6295 5.23405 1.04016e-16)
(25.6508 5.22166 -5.11704e-17)
(25.6709 5.21148 4.98476e-17)
(25.6902 5.20295 -5.06499e-17)
(25.7094 5.19563 -9.43037e-17)
(25.7291 5.18925 8.64917e-17)
(25.75 5.18366 -4.31053e-17)
(25.7732 5.17882 0)
(25.7991 5.175 -3.05581e-17)
(25.8272 5.17278 3.63512e-17)
(25.8561 5.17259 2.97139e-17)
(25.8855 5.17467 -5.15051e-18)
(25.9151 5.17919 1.40347e-17)
(25.9448 5.18635 1.07871e-18)
(25.9745 5.19634 1.62199e-19)
(26.0039 5.20938 0)
(26.0327 5.22569 6.27016e-18)
(26.0606 5.24551 0)
(26.0871 5.26911 -1.00468e-17)
(26.1117 5.29682 1.49454e-17)
(26.1338 5.32902 1.00463e-18)
(26.1526 5.36608 -2.4476e-17)
(26.1666 5.40868 -6.18262e-17)
(26.1747 5.45305 -7.29096e-17)
(25.4929 6.06297 0)
(25.5215 6.11375 -5.79444e-17)
(25.5583 6.1673 2.65551e-16)
(25.6012 6.2194 1.22319e-17)
(25.6465 6.26519 5.30129e-16)
(25.6976 6.30829 -7.51447e-16)
(25.7521 6.34676 -1.32313e-16)
(25.808 6.37944 -1.88375e-16)
(25.8658 6.40716 2.49773e-16)
(25.9244 6.42983 -4.84635e-17)
(25.9831 6.44766 -7.32801e-18)
(26.0422 6.46113 8.20563e-17)
(26.1015 6.47046 -8.37452e-17)
(26.1609 6.47585 0)
(26.2208 6.47745 3.61257e-16)
(26.2811 6.47527 -4.30631e-16)
(26.3419 6.4693 5.18751e-16)
(26.403 6.45944 0)
(26.4644 6.44562 -1.67491e-17)
(26.5255 6.42776 2.07633e-16)
(26.5859 6.40595 -2.47998e-16)
(26.6446 6.38058 6.16194e-16)
(26.7002 6.35233 -1.34798e-16)
(26.7514 6.32236 -6.47263e-17)
(26.7981 6.2913 -7.08874e-17)
(26.842 6.25821 1.0567e-16)
(26.8845 6.22181 -4.74325e-18)
(26.9258 6.18165 2.73502e-17)
(26.9653 6.13749 -1.1115e-16)
(27.0025 6.089 3.84469e-17)
(27.037 6.03589 0)
(27.0677 5.97785 7.10225e-17)
(27.0938 5.91457 -2.94799e-16)
(27.114 5.84575 1.67368e-17)
(27.1266 5.77108 1.35684e-16)
(27.1293 5.6903 1.33574e-16)
(27.1196 5.6033 -2.29743e-16)
(27.0915 5.51118 -2.26598e-16)
(27.0466 5.42068 -2.02001e-16)
(25.469 6.01152 -9.37508e-17)
(25.4495 5.95966 9.1792e-17)
(25.4328 5.8982 6.49697e-16)
(25.4198 5.82878 1.63172e-16)
(25.4149 5.758 -4.61931e-16)
(25.4177 5.68403 -1.12966e-15)
(25.4283 5.60917 2.23647e-16)
(25.4462 5.53961 0)
(25.4696 5.47862 0)
(25.4971 5.426 6.42988e-16)
(25.5263 5.38207 -3.39209e-16)
(25.5549 5.3469 -3.73969e-16)
(25.5821 5.31889 3.67264e-16)
(25.6074 5.29661 -5.79488e-16)
(25.6305 5.27906 1.07966e-16)
(25.6517 5.26506 2.84791e-16)
(25.6714 5.25376 -1.44363e-16)
(25.6897 5.24452 -4.73125e-17)
(25.7074 5.23681 -1.73711e-16)
(25.7249 5.23022 3.83782e-16)
(25.7428 5.2245 -1.26015e-16)
(25.7618 5.21951 7.30206e-17)
(25.7827 5.21521 -7.18877e-17)
(25.8062 5.21184 6.02958e-17)
(25.8316 5.20991 -4.88285e-18)
(25.8577 5.20983 -2.73625e-17)
(25.8841 5.21178 -1.13479e-17)
(25.9106 5.2159 -2.09836e-19)
(25.9372 5.22235 -6.55257e-18)
(25.9637 5.2313 5.02305e-19)
(25.9899 5.2429 0)
(26.0156 5.25735 -2.33842e-18)
(26.0404 5.27483 1.55507e-18)
(26.0639 5.29558 -2.75418e-19)
(26.0859 5.31987 -5.59181e-19)
(26.1058 5.34804 -6.32453e-18)
(26.1228 5.38047 2.32648e-17)
(26.1359 5.4178 5.87529e-17)
(26.144 5.45669 6.9257e-17)
(25.5272 6.04101 -1.68511e-17)
(25.5543 6.08855 1.26527e-16)
(25.5891 6.13858 -1.10104e-17)
(25.6296 6.18715 1.90776e-16)
(25.6723 6.22971 -3.08217e-16)
(25.7205 6.26962 2.70437e-16)
(25.7719 6.30507 2.26729e-16)
(25.8246 6.33498 -6.86512e-17)
(25.8792 6.36015 2.30708e-17)
(25.9343 6.3805 -9.52087e-18)
(25.9895 6.39624 1.16768e-17)
(26.0451 6.40783 -9.94817e-17)
(26.1008 6.41549 1.43256e-16)
(26.1566 6.41941 0)
(26.2126 6.41972 -1.45852e-16)
(26.269 6.41647 1.86046e-16)
(26.3257 6.40964 -2.54201e-16)
(26.3827 6.39916 -9.6165e-18)
(26.4397 6.38497 -5.09822e-16)
(26.4964 6.36704 1.83648e-16)
(26.5521 6.34547 0)
(26.6061 6.32066 -5.64959e-19)
(26.6571 6.29332 -2.29029e-16)
(26.7038 6.26459 6.16354e-17)
(26.7462 6.23508 2.93806e-17)
(26.7857 6.20392 -1.63285e-17)
(26.8238 6.16993 0)
(26.8606 6.13274 -1.68911e-17)
(26.8957 6.09217 6.53356e-17)
(26.9286 6.04798 3.43736e-17)
(26.9587 5.99999 -1.31218e-16)
(26.9854 5.948 1.29558e-16)
(27.0079 5.89181 -5.38968e-18)
(27.0251 5.83124 2.572e-16)
(27.0357 5.76609 -8.89515e-18)
(27.0378 5.69624 -1.15366e-16)
(27.0293 5.62164 4.21689e-16)
(27.0053 5.54327 -1.90334e-17)
(26.9675 5.46732 -3.32175e-16)
(25.5046 5.99278 -4.33463e-18)
(25.4861 5.94414 0)
(25.4703 5.88639 0)
(25.4578 5.8212 0)
(25.4531 5.75465 0)
(25.4554 5.6851 1.06573e-15)
(25.4649 5.61474 -1.31353e-15)
(25.4813 5.54946 5.39667e-16)
(25.5031 5.4923 -8.2897e-18)
(25.5287 5.4431 -6.22008e-16)
(25.5559 5.40214 9.62867e-16)
(25.5825 5.36944 3.21102e-16)
(25.6077 5.34346 -3.44833e-16)
(25.6311 5.32288 -3.36918e-16)
(25.6524 5.30672 5.25017e-16)
(25.6719 5.29388 -1.76341e-16)
(25.6899 5.28355 8.34042e-17)
(25.7067 5.27514 -1.69732e-16)
(25.7228 5.26814 3.92911e-17)
(25.7387 5.2622 -1.50326e-16)
(25.7549 5.25705 2.1904e-16)
(25.7721 5.25257 -1.41023e-16)
(25.791 5.24873 0)
(25.8123 5.24573 -5.53015e-17)
(25.8352 5.24405 2.84863e-17)
(25.8586 5.24403 -1.1826e-17)
(25.8823 5.24582 -9.82873e-18)
(25.9061 5.24956 1.69138e-17)
(25.9299 5.25535 -2.18224e-18)
(25.9536 5.26332 9.25796e-18)
(25.9769 5.27362 -5.93443e-18)
(25.9997 5.28639 -3.4433e-18)
(26.0217 5.30178 -5.2146e-18)
(26.0427 5.31998 -2.91638e-18)
(26.0623 5.34122 5.06275e-18)
(26.08 5.36583 -1.12109e-17)
(26.0955 5.39414 -2.22956e-17)
(26.1076 5.42682 4.12936e-17)
(26.1158 5.46084 -4.21668e-17)
(25.5593 6.02008 8.62754e-19)
(25.5849 6.06453 1.61321e-16)
(25.6177 6.11123 -5.09586e-17)
(25.6558 6.15645 -2.42057e-16)
(25.6961 6.19594 8.48936e-16)
(25.7414 6.23284 -1.28598e-16)
(25.7898 6.26544 0)
(25.8394 6.29276 1.44728e-16)
(25.8907 6.31554 -1.99532e-16)
(25.9425 6.33373 9.51818e-17)
(25.9944 6.34755 -1.90004e-17)
(26.0466 6.35741 1.97689e-17)
(26.0987 6.36355 -1.35789e-16)
(26.1509 6.36614 3.05961e-16)
(26.2034 6.36532 3.94101e-17)
(26.256 6.36115 -6.82409e-16)
(26.3089 6.3536 1.93316e-16)
(26.3618 6.34264 5.26462e-16)
(26.4147 6.32823 -4.09551e-16)
(26.4671 6.31036 -1.78495e-16)
(26.5186 6.28916 1.78108e-16)
(26.5682 6.26504 2.86292e-16)
(26.6149 6.23872 5.69551e-18)
(26.6574 6.21129 5.46302e-17)
(26.6958 6.18339 -1.33097e-16)
(26.7315 6.15418 -2.77588e-17)
(26.7657 6.12256 2.40582e-17)
(26.7986 6.08824 1.34717e-17)
(26.8297 6.05111 -8.68947e-17)
(26.8588 6.01101 5.64711e-17)
(26.8853 5.96782 -5.95216e-17)
(26.9087 5.92142 1.12367e-16)
(26.9282 5.87172 -2.2224e-16)
(26.9432 5.81861 0)
(26.9524 5.762 2.03424e-16)
(26.9544 5.7018 -8.83828e-18)
(26.9475 5.63807 -1.85076e-16)
(26.9277 5.5716 -1.49983e-16)
(26.8965 5.50811 5.71523e-16)
(25.538 5.97491 -7.14323e-17)
(25.5205 5.92934 0)
(25.5055 5.87509 0)
(25.4934 5.81394 -2.61012e-16)
(25.4889 5.75138 2.43159e-16)
(25.4907 5.68602 -9.03223e-16)
(25.4991 5.6199 8.97248e-16)
(25.5142 5.55864 -2.39368e-16)
(25.5344 5.50508 2.58024e-16)
(25.5582 5.45906 -2.85728e-16)
(25.5833 5.42085 5.36061e-16)
(25.6079 5.39043 -3.01099e-16)
(25.6312 5.36632 -2.98564e-19)
(25.6527 5.34728 3.16752e-16)
(25.6723 5.33237 0)
(25.6901 5.32057 0)
(25.7065 5.31111 7.88974e-17)
(25.7219 5.30344 0)
(25.7365 5.29708 -3.73017e-17)
(25.7509 5.29169 1.36461e-16)
(25.7656 5.28705 -6.95865e-17)
(25.7811 5.28301 3.06064e-17)
(25.7982 5.27955 0)
(25.8173 5.27687 -2.47616e-17)
(25.8379 5.27537 5.08349e-17)
(25.8591 5.27537 3.22693e-17)
(25.8803 5.27701 -1.10977e-17)
(25.9016 5.28036 -4.44313e-18)
(25.9228 5.28553 -4.8377e-19)
(25.9439 5.29262 2.69042e-18)
(25.9646 5.30173 -5.92818e-18)
(25.9849 5.31297 -8.54304e-18)
(26.0044 5.32648 1.11316e-17)
(26.023 5.34242 2.28682e-18)
(26.0405 5.36096 7.36297e-18)
(26.0564 5.38242 3.99955e-18)
(26.0704 5.4071 8.90588e-18)
(26.0816 5.43565 2.07885e-17)
(26.0896 5.46538 0)
(25.5893 6.00013 7.63535e-19)
(25.6133 6.04164 -1.08316e-16)
(25.6442 6.08518 -8.08788e-17)
(25.68 6.12723 1.3795e-16)
(25.7179 6.16382 -3.96666e-16)
(25.7605 6.19787 2.02892e-16)
(25.8059 6.22779 7.54588e-17)
(25.8524 6.25269 -2.69334e-16)
(25.9005 6.27324 1.47795e-16)
(25.9491 6.28944 -4.34603e-17)
(25.9978 6.30147 8.26114e-18)
(26.0466 6.30976 0)
(26.0954 6.31452 -7.18856e-17)
(26.1442 6.31592 -6.01406e-18)
(26.1932 6.31412 3.79758e-16)
(26.2422 6.30915 3.8013e-17)
(26.2914 6.30102 -1.7113e-16)
(26.3405 6.28971 2.13701e-16)
(26.3895 6.27521 5.43268e-16)
(26.438 6.25752 -1.28547e-16)
(26.4854 6.2368 1.71128e-16)
(26.531 6.21347 -1.65805e-16)
(26.5737 6.18823 -1.71009e-16)
(26.6124 6.16216 -9.13041e-17)
(26.6472 6.13587 4.50027e-17)
(26.6794 6.10858 0)
(26.7102 6.07928 3.17381e-18)
(26.7396 6.04772 -1.12895e-18)
(26.7674 6.01385 4.95832e-17)
(26.7932 5.97757 -4.90471e-17)
(26.8166 5.93882 4.65811e-17)
(26.8372 5.89756 -1.94314e-16)
(26.8545 5.85374 1.96808e-16)
(26.8677 5.80732 0)
(26.8761 5.75827 8.48088e-17)
(26.8784 5.70655 0)
(26.8733 5.65225 0)
(26.8576 5.59602 -1.30431e-16)
(26.8327 5.5431 -1.30924e-16)
(25.5692 5.95787 -1.84758e-16)
(25.5526 5.91522 4.66278e-16)
(25.5384 5.86429 -5.50229e-16)
(25.5269 5.80699 0)
(25.5225 5.74818 -8.60239e-16)
(25.5238 5.68678 8.53984e-16)
(25.531 5.62466 -8.48486e-16)
(25.5448 5.56719 0)
(25.5636 5.51698 8.92077e-16)
(25.5855 5.47393 -9.27857e-16)
(25.6087 5.43826 -5.18468e-16)
(25.6312 5.40992 2.59377e-16)
(25.6525 5.38753 -5.59383e-16)
(25.6722 5.36988 0)
(25.6901 5.35611 1.38061e-16)
(25.7064 5.34525 2.06628e-16)
(25.7214 5.33656 -3.51609e-16)
(25.7353 5.32954 1.33294e-16)
(25.7486 5.32374 -1.6709e-16)
(25.7616 5.31884 0)
(25.7748 5.31463 -3.09056e-17)
(25.7888 5.31097 -1.39869e-16)
(25.8042 5.30783 1.09095e-16)
(25.8214 5.30541 -7.15498e-17)
(25.84 5.30406 4.6813e-17)
(25.8589 5.30405 0)
(25.878 5.30551 0)
(25.897 5.30849 6.15846e-18)
(25.9159 5.31308 2.37565e-18)
(25.9347 5.31935 -6.68624e-18)
(25.9531 5.32738 5.46815e-18)
(25.971 5.33726 1.70512e-17)
(25.9883 5.3491 -1.66252e-17)
(26.0048 5.36301 1.04402e-17)
(26.0203 5.37917 3.80699e-18)
(26.0346 5.39785 1.60496e-18)
(26.0472 5.41933 1.167e-17)
(26.0576 5.44423 -1.97482e-17)
(26.0654 5.47017 -1.79214e-17)
(25.6172 5.98112 2.48731e-17)
(25.6398 6.01985 -8.423e-17)
(25.6687 6.06039 7.24194e-17)
(25.7023 6.09942 2.5767e-16)
(25.7378 6.13328 1.03606e-16)
(25.7777 6.16465 -2.94837e-16)
(25.8202 6.19206 0)
(25.8638 6.21469 9.69695e-17)
(25.9088 6.23317 -1.98307e-16)
(25.9543 6.24751 -5.97278e-17)
(25.9997 6.25792 0)
(26.0454 6.26477 7.74119e-17)
(26.091 6.26828 -2.07875e-16)
(26.1365 6.26864 1.31986e-16)
(26.1821 6.26597 -2.17806e-16)
(26.2277 6.26033 1.38489e-16)
(26.2733 6.25175 0)
(26.3189 6.2402 -4.09747e-16)
(26.3643 6.22571 2.15769e-16)
(26.409 6.2083 -1.16003e-16)
(26.4527 6.18815 -7.90703e-20)
(26.4945 6.16567 -1.44198e-16)
(26.5335 6.14156 -7.4125e-17)
(26.5689 6.11687 -3.95381e-17)
(26.6005 6.09217 -4.31798e-17)
(26.6295 6.06674 4.10695e-17)
(26.6572 6.03966 0)
(26.6837 6.01072 -1.11716e-17)
(26.7085 5.9799 -2.04252e-17)
(26.7316 5.94717 8.56863e-17)
(26.7525 5.91249 -8.4832e-17)
(26.7709 5.87589 8.37025e-17)
(26.7863 5.83734 -2.46334e-16)
(26.7983 5.79687 -7.28012e-17)
(26.8062 5.75447 1.40536e-18)
(26.8091 5.71013 -1.41016e-16)
(26.806 5.66395 1.37428e-16)
(26.7942 5.61645 1.26095e-17)
(26.7751 5.57244 0)
(25.5983 5.94163 2.23066e-16)
(25.5827 5.90175 -2.48625e-16)
(25.5693 5.85397 8.10737e-16)
(25.5582 5.80032 0)
(25.5541 5.74506 1.01241e-15)
(25.5547 5.68739 -1.63569e-15)
(25.5609 5.62904 3.6729e-16)
(25.5735 5.57513 -7.27097e-18)
(25.5907 5.52803 -1.25946e-15)
(25.6108 5.48772 1.92143e-15)
(25.632 5.4544 -2.30864e-16)
(25.6525 5.42797 0)
(25.6719 5.40714 0)
(25.6899 5.39076 -2.46734e-16)
(25.7061 5.37802 1.29379e-16)
(25.7209 5.368 4.39069e-16)
(25.7345 5.36001 -1.92259e-16)
(25.7471 5.35357 -6.04964e-17)
(25.7591 5.34826 -1.16266e-16)
(25.7709 5.34378 8.96481e-17)
(25.7828 5.33994 2.70842e-17)
(25.7954 5.3366 1.01456e-16)
(25.8092 5.33374 -9.98997e-17)
(25.8247 5.33151 0)
(25.8413 5.33027 0)
(25.8583 5.33023 -1.90157e-17)
(25.8753 5.3315 0)
(25.8923 5.33413 -3.98142e-18)
(25.9091 5.33817 -4.41208e-19)
(25.9257 5.34369 3.06813e-18)
(25.942 5.35074 2.50531e-19)
(25.9579 5.35939 -2.43854e-17)
(25.9732 5.36973 1.59999e-17)
(25.9878 5.38185 -2.07643e-17)
(26.0016 5.3959 1.02603e-17)
(26.0143 5.41213 -7.04335e-18)
(26.0257 5.4308 -9.42509e-18)
(26.0352 5.45248 3.50568e-18)
(26.0427 5.47509 3.23715e-17)
(25.6433 5.96302 -1.14491e-17)
(25.6644 5.99911 0)
(25.6914 6.0368 0)
(25.7228 6.07299 -1.28822e-17)
(25.7559 6.10427 -3.02149e-16)
(25.7931 6.13311 -1.66455e-16)
(25.8328 6.15816 7.87117e-17)
(25.8735 6.17867 0)
(25.9155 6.19524 1.46138e-16)
(25.958 6.20788 0)
(26.0004 6.21679 0)
(26.043 6.22233 2.25853e-17)
(26.0854 6.22473 -7.08207e-17)
(26.1278 6.22415 -2.90058e-16)
(26.1702 6.22074 3.42304e-16)
(26.2125 6.21454 0)
(26.2549 6.2056 -1.57696e-17)
(26.2971 6.19392 1.60458e-16)
(26.339 6.17953 2.10835e-16)
(26.3803 6.16248 2.05623e-17)
(26.4204 6.14296 -1.31825e-16)
(26.4589 6.12138 0)
(26.4946 6.09842 7.0496e-17)
(26.5268 6.07509 6.67153e-17)
(26.5555 6.05194 3.16867e-18)
(26.5818 6.0283 0)
(26.6068 6.00332 0)
(26.6307 5.97682 3.7155e-17)
(26.653 5.94883 3.76948e-19)
(26.6737 5.91934 0)
(26.6925 5.88837 3.83051e-17)
(26.7092 5.85594 -1.41698e-16)
(26.7232 5.82209 -6.76277e-17)
(26.7344 5.78685 2.44448e-18)
(26.7422 5.75023 7.43328e-17)
(26.7458 5.71226 1.27276e-16)
(26.7447 5.67301 0)
(26.7366 5.6329 1.08186e-16)
(26.7229 5.59633 8.60093e-17)
(25.6256 5.92616 -3.16887e-19)
(25.6109 5.88891 -1.05717e-16)
(25.5982 5.84412 -3.73038e-16)
(25.5876 5.79395 0)
(25.5836 5.742 -6.91584e-16)
(25.5835 5.68787 1.37234e-15)
(25.5887 5.63306 0)
(25.6003 5.58249 -1.36629e-15)
(25.616 5.53826 0)
(25.6342 5.50048 -4.12755e-16)
(25.6533 5.46931 -4.15497e-16)
(25.6718 5.44464 4.2076e-16)
(25.6894 5.42523 0)
(25.7057 5.41001 0)
(25.7204 5.3982 2.26256e-16)
(25.7338 5.38894 -2.40208e-16)
(25.7461 5.38157 0)
(25.7575 5.37564 5.74145e-17)
(25.7683 5.37076 2.7918e-17)
(25.7789 5.36664 2.69129e-17)
(25.7896 5.3631 -2.57193e-17)
(25.8008 5.36003 2.34737e-17)
(25.8132 5.35739 8.65364e-17)
(25.827 5.35533 -1.65229e-16)
(25.8419 5.35414 7.98526e-17)
(25.857 5.35405 1.80639e-17)
(25.8721 5.35513 -1.57265e-17)
(25.8872 5.35741 1.20783e-17)
(25.9021 5.36094 0)
(25.9168 5.36577 -1.13129e-17)
(25.9313 5.37193 8.25054e-19)
(25.9453 5.37948 -9.32217e-18)
(25.9588 5.38847 0)
(25.9717 5.399 1.08987e-17)
(25.9838 5.41119 0)
(25.9951 5.42526 0)
(26.0054 5.44146 2.51992e-18)
(26.0141 5.46032 0)
(26.0212 5.48001 0)
(25.6675 5.9458 -1.94899e-17)
(25.6872 5.97938 -6.77546e-17)
(25.7124 6.01437 1.61615e-16)
(25.7416 6.04786 -2.32461e-16)
(25.7724 6.07671 3.59245e-16)
(25.807 6.10319 -8.26087e-17)
(25.8439 6.12602 1.08621e-16)
(25.8818 6.14457 -1.1237e-16)
(25.9209 6.15936 0)
(25.9604 6.17042 1.34648e-17)
(25.9999 6.17797 -2.98066e-17)
(26.0394 6.18233 2.68833e-17)
(26.0789 6.18373 7.66929e-17)
(26.1183 6.18234 1.25285e-16)
(26.1576 6.17829 -1.69142e-16)
(26.1969 6.17164 1.98578e-16)
(26.2361 6.16243 -1.31368e-16)
(26.2751 6.1507 0)
(26.3138 6.13647 1.84466e-16)
(26.3519 6.11984 -1.92382e-16)
(26.3888 6.10099 9.78839e-17)
(26.4241 6.08032 2.28198e-16)
(26.4568 6.05851 -1.14644e-16)
(26.4862 6.03651 -6.3456e-17)
(26.5123 6.01485 3.25391e-17)
(26.5362 5.99289 0)
(26.5589 5.96986 0)
(26.5805 5.94562 -3.21543e-17)
(26.6008 5.92023 1.49931e-17)
(26.6195 5.89367 0)
(26.6366 5.86601 6.36265e-17)
(26.6518 5.83729 1.24682e-18)
(26.6649 5.80756 1.29485e-16)
(26.6755 5.77688 -6.27842e-18)
(26.6833 5.74526 0)
(26.6879 5.71271 -1.04618e-16)
(26.6888 5.67933 1.0212e-16)
(26.6841 5.64543 0)
(26.6751 5.615 8.57845e-17)
(25.6509 5.91144 8.74238e-17)
(25.6372 5.87669 0)
(25.6252 5.83471 0)
(25.615 5.78787 -1.68363e-16)
(25.6113 5.73902 4.9056e-16)
(25.6104 5.68825 2.97284e-16)
(25.6147 5.63675 0)
(25.6253 5.5893 9.82041e-16)
(25.6395 5.54769 1.63063e-15)
(25.6556 5.51223 -6.75603e-16)
(25.6726 5.48305 0)
(25.6893 5.45998 -1.82636e-17)
(25.7051 5.44187 -2.12885e-16)
(25.7198 5.4277 2.10115e-16)
(25.7331 5.41674 2.13257e-16)
(25.7452 5.40815 -1.07135e-16)
(25.7562 5.40133 0)
(25.7665 5.39584 2.00665e-16)
(25.7761 5.39133 -4.47553e-16)
(25.7856 5.38752 1.49058e-16)
(25.7951 5.38424 -9.0435e-17)
(25.8051 5.38138 1.745e-16)
(25.8161 5.37891 -1.24716e-16)
(25.8284 5.37696 3.77078e-17)
(25.8416 5.3758 -1.67562e-17)
(25.855 5.37563 3.46846e-17)
(25.8684 5.3765 0)
(25.8817 5.37845 3.57303e-18)
(25.8948 5.38151 4.08262e-19)
(25.9078 5.3857 0)
(25.9205 5.39105 5.12298e-18)
(25.9328 5.3976 8.8584e-18)
(25.9447 5.40541 -8.11183e-18)
(25.956 5.41453 -9.60648e-18)
(25.9668 5.42509 2.34391e-17)
(25.9768 5.43726 -1.28902e-17)
(25.9859 5.45129 2.07807e-17)
(25.9939 5.46768 -1.82195e-17)
(26.0007 5.48482 4.22501e-18)
(25.69 5.92942 1.94483e-17)
(25.7083 5.96062 -6.08715e-17)
(25.7317 5.99306 5.23224e-17)
(25.7587 6.02399 -1.86492e-16)
(25.7872 6.05054 3.18928e-16)
(25.8193 6.0748 -3.83264e-16)
(25.8535 6.09557 2.25055e-16)
(25.8886 6.1123 6.77497e-17)
(25.9249 6.12544 0)
(25.9616 6.13506 0)
(25.9982 6.14136 -5.86678e-18)
(26.0349 6.14466 -1.41471e-17)
(26.0715 6.14517 -1.93904e-17)
(26.108 6.14307 0)
(26.1444 6.13848 1.36464e-16)
(26.1808 6.13146 -3.61816e-16)
(26.217 6.12207 -2.36678e-16)
(26.2531 6.11035 2.46122e-16)
(26.2888 6.09635 0)
(26.3239 6.08017 0)
(26.3578 6.06201 -2.0196e-16)
(26.3902 6.04226 0)
(26.4202 6.02156 -9.83204e-17)
(26.4471 6.00083 0)
(26.4709 5.98056 -5.45727e-17)
(26.4927 5.96018 4.09455e-17)
(26.5134 5.93895 0)
(26.533 5.91677 0)
(26.5515 5.89371 6.86829e-17)
(26.5687 5.86978 9.38369e-20)
(26.5844 5.84506 -1.09525e-16)
(26.5984 5.8196 5.01334e-17)
(26.6107 5.79346 -2.04836e-16)
(26.621 5.7667 1.49974e-16)
(26.6291 5.73934 -6.19637e-18)
(26.6346 5.71139 0)
(26.6374 5.68292 0)
(26.6358 5.65416 1.46211e-16)
(26.631 5.62876 -1.48989e-16)
(25.6746 5.89743 -1.02278e-16)
(25.6618 5.86506 1.70597e-16)
(25.6505 5.82577 0)
(25.6408 5.78208 5.82521e-16)
(25.6372 5.73612 0)
(25.6355 5.68854 1.05076e-15)
(25.639 5.64012 2.66173e-16)
(25.6486 5.59558 8.20515e-16)
(25.6611 5.55632 -1.22605e-15)
(25.6752 5.523 9.45495e-16)
(25.6902 5.49565 -9.87049e-16)
(25.705 5.47406 3.35354e-19)
(25.7191 5.45713 -7.4235e-16)
(25.7323 5.44392 -8.19372e-18)
(25.7442 5.43371 -7.1613e-18)
(25.755 5.42571 0)
(25.7648 5.41937 1.85929e-16)
(25.7739 5.41426 -1.43952e-16)
(25.7825 5.41005 4.64631e-17)
(25.7908 5.40649 8.83617e-17)
(25.7992 5.40341 0)
(25.808 5.40072 -2.04842e-17)
(25.8177 5.39837 3.8413e-17)
(25.8285 5.3965 -3.58112e-17)
(25.8401 5.39533 -3.32378e-17)
(25.8519 5.39506 0)
(25.8637 5.39573 -7.2624e-18)
(25.8754 5.39736 0)
(25.8869 5.39996 -7.78504e-19)
(25.8983 5.40357 1.07798e-17)
(25.9094 5.4082 -1.08567e-17)
(25.9202 5.41387 0)
(25.9306 5.42062 -2.20169e-17)
(25.9406 5.4285 2.50867e-18)
(25.95 5.43761 -2.07311e-17)
(25.9588 5.44813 4.57741e-18)
(25.967 5.46026 1.63555e-17)
(25.9742 5.47449 7.14172e-18)
(25.9806 5.48941 0)
(25.711 5.91384 -1.45602e-17)
(25.7279 5.94277 1.4149e-16)
(25.7494 5.97278 0)
(25.7743 6.00131 5.12355e-16)
(25.8006 6.0257 -3.02015e-16)
(25.8302 6.04787 2.4919e-16)
(25.8618 6.06672 0)
(25.8942 6.08177 -2.2457e-16)
(25.9277 6.09339 6.70037e-17)
(25.9616 6.10171 0)
(25.9954 6.10688 0)
(26.0294 6.10921 0)
(26.0633 6.10894 -7.40859e-17)
(26.0971 6.10623 7.68786e-17)
(26.1307 6.10118 -1.29412e-16)
(26.1643 6.09386 1.84972e-16)
(26.1978 6.08435 -1.56407e-16)
(26.231 6.07269 2.81079e-17)
(26.2639 6.05894 -1.24732e-16)
(26.2962 6.04324 1.46965e-16)
(26.3275 6.02577 1.74243e-16)
(26.3572 6.00691 -2.573e-16)
(26.3847 5.98729 1.80419e-16)
(26.4094 5.96776 4.64761e-17)
(26.4312 5.94878 -4.61309e-17)
(26.4512 5.92983 3.63074e-17)
(26.4701 5.91023 -2.67675e-17)
(26.4881 5.8899 -2.37707e-17)
(26.5051 5.86892 -5.94423e-17)
(26.5209 5.84731 4.74806e-17)
(26.5354 5.82516 -2.00436e-17)
(26.5487 5.80252 -1.36247e-16)
(26.5604 5.77947 1.82426e-16)
(26.5706 5.75605 4.18797e-17)
(26.579 5.73228 -2.54872e-16)
(26.5854 5.70818 3.18622e-16)
(26.5899 5.68377 -1.52248e-16)
(26.5911 5.65923 0)
(26.59 5.63788 0)
(25.6967 5.8841 -2.15662e-16)
(25.6847 5.85398 -8.47907e-17)
(25.6742 5.81723 -1.34007e-16)
(25.6648 5.77655 -1.21493e-15)
(25.6614 5.73328 2.53431e-16)
(25.6589 5.68876 -9.94137e-16)
(25.6618 5.64317 -2.39489e-16)
(25.6703 5.60136 -7.898e-16)
(25.681 5.5642 0)
(25.693 5.53282 -8.25976e-16)
(25.706 5.50717 1.50722e-15)
(25.7191 5.48693 6.37007e-16)
(25.7316 5.47107 -3.35272e-16)
(25.7432 5.45871 -3.32961e-16)
(25.7537 5.44915 3.44591e-16)
(25.7632 5.44167 1.70338e-16)
(25.7719 5.43572 -2.60523e-16)
(25.7798 5.43093 -2.53014e-16)
(25.7873 5.42697 4.66908e-17)
(25.7945 5.4236 1.23528e-16)
(25.8019 5.42069 -3.84092e-17)
(25.8095 5.41811 0)
(25.8179 5.41585 -6.82681e-17)
(25.8274 5.41402 3.49523e-17)
(25.8375 5.41283 1.56231e-17)
(25.8478 5.41244 0)
(25.858 5.4129 -1.31848e-17)
(25.8682 5.41423 1.01302e-17)
(25.8783 5.41643 3.71107e-19)
(25.8882 5.41951 -5.53325e-18)
(25.8979 5.42348 1.90606e-17)
(25.9073 5.42836 -2.04135e-18)
(25.9164 5.43418 -2.55961e-17)
(25.9251 5.44097 -1.16328e-18)
(25.9333 5.44883 -1.29664e-17)
(25.9411 5.45789 0)
(25.9484 5.46838 1.85198e-17)
(25.9549 5.48072 1.48087e-17)
(25.9609 5.4937 -1.1655e-17)
(25.7303 5.899 -2.80417e-17)
(25.7459 5.92578 -1.28338e-16)
(25.7656 5.9535 -1.96082e-16)
(25.7885 5.97973 -5.44826e-16)
(25.8126 6.00212 1.42824e-16)
(25.8397 6.02231 0)
(25.8688 6.03939 -1.00241e-16)
(25.8985 6.0529 -8.29482e-17)
(25.9293 6.06311 9.63023e-17)
(25.9605 6.07026 0)
(25.9917 6.07443 4.23702e-18)
(26.0231 6.07591 -3.70244e-17)
(26.0543 6.07496 3.8591e-17)
(26.0855 6.07172 9.12316e-17)
(26.1165 6.06628 7.93927e-18)
(26.1474 6.05872 1.43251e-16)
(26.1783 6.04913 1.752e-16)
(26.2089 6.03755 0)
(26.2392 6.02409 1.00949e-16)
(26.2689 6.00885 -6.93741e-19)
(26.2976 5.99205 -1.40821e-16)
(26.325 5.97403 0)
(26.3503 5.95541 0)
(26.373 5.93699 0)
(26.393 5.9192 -2.15634e-17)
(26.4114 5.90155 4.05389e-17)
(26.4288 5.88342 4.92638e-18)
(26.4454 5.86475 -4.62468e-18)
(26.4611 5.8456 4.13837e-17)
(26.4758 5.82603 -1.95437e-17)
(26.4895 5.80611 8.14534e-17)
(26.5021 5.7859 4.10105e-18)
(26.5135 5.76547 -7.84216e-17)
(26.5236 5.74486 -4.00108e-17)
(26.5324 5.72409 -1.42853e-16)
(26.5397 5.70315 3.40858e-16)
(26.5458 5.68207 -3.17289e-16)
(26.5494 5.66095 9.22942e-18)
(26.5515 5.64282 -1.04615e-16)
(25.7172 5.87141 7.32934e-17)
(25.7061 5.84343 -6.903e-17)
(25.6962 5.8091 -4.62119e-16)
(25.6873 5.77129 4.95458e-16)
(25.684 5.73051 -2.32868e-16)
(25.6806 5.68894 2.16106e-16)
(25.683 5.64589 0)
(25.6905 5.6067 0)
(25.6992 5.57132 1.18687e-15)
(25.7091 5.54175 2.63404e-16)
(25.7203 5.51768 -2.45865e-17)
(25.7316 5.49864 2.82458e-16)
(25.7425 5.48373 2.82123e-16)
(25.7525 5.4721 -3.14004e-16)
(25.7616 5.46311 -3.15581e-16)
(25.7697 5.45606 4.77259e-16)
(25.7772 5.45044 -2.26291e-18)
(25.784 5.4459 3.97774e-17)
(25.7904 5.44214 -1.26937e-18)
(25.7966 5.43893 3.66727e-17)
(25.8029 5.43613 3.64676e-17)
(25.8094 5.43364 0)
(25.8167 5.43144 6.3319e-17)
(25.8248 5.42962 -3.16961e-17)
(25.8335 5.42838 0)
(25.8424 5.42788 0)
(25.8513 5.42815 1.94132e-17)
(25.8601 5.42919 5.984e-18)
(25.8688 5.43101 -2.95859e-18)
(25.8774 5.43362 5.25738e-18)
(25.8858 5.43702 1.87019e-17)
(25.894 5.4412 -1.88305e-17)
(25.9019 5.4462 7.9191e-18)
(25.9095 5.45204 -1.00405e-18)
(25.9167 5.4588 -1.17163e-18)
(25.9235 5.46661 -2.08826e-17)
(25.93 5.47566 3.40816e-18)
(25.9358 5.48637 -1.40635e-17)
(25.9414 5.49766 2.84959e-18)
(25.7482 5.88487 0)
(25.7624 5.90961 0)
(25.7804 5.93516 2.96975e-16)
(25.8011 5.95924 0)
(25.8232 5.97974 -2.34605e-16)
(25.8478 5.99809 0)
(25.8745 6.01356 1.70895e-16)
(25.9016 6.02561 0)
(25.9299 6.03453 -9.12615e-17)
(25.9585 6.04067 0)
(25.9872 6.04389 -4.01655e-18)
(26.016 6.04456 -3.09527e-17)
(26.0447 6.04303 1.14492e-16)
(26.0733 6.03936 -1.28911e-16)
(26.1018 6.03359 6.09972e-18)
(26.1302 6.02584 -1.07397e-16)
(26.1585 6.01622 0)
(26.1866 6.00478 1.82988e-16)
(26.2145 5.99161 -2.08964e-16)
(26.2418 5.97684 1.20103e-16)
(26.2683 5.96067 9.11181e-18)
(26.2935 5.94345 -1.26703e-16)
(26.3168 5.92574 6.41138e-17)
(26.3377 5.9083 0)
(26.3562 5.89155 -1.8413e-17)
(26.3732 5.87504 2.62678e-17)
(26.3893 5.85818 -2.21036e-17)
(26.4047 5.84093 4.68943e-18)
(26.4194 5.82336 5.23633e-17)
(26.4333 5.80552 1.84776e-17)
(26.4463 5.78749 -1.06876e-16)
(26.4583 5.76933 3.62806e-17)
(26.4695 5.7511 3.55004e-17)
(26.4796 5.73282 1.28754e-16)
(26.4888 5.71452 -4.07876e-18)
(26.497 5.69617 -2.41127e-16)
(26.5044 5.67777 5.85873e-17)
(26.5102 5.65939 9.08517e-18)
(26.5149 5.64377 2.0049e-16)
(25.7361 5.85933 6.03355e-17)
(25.7259 5.83338 -6.81234e-17)
(25.7167 5.80136 5.40984e-16)
(25.7083 5.76627 2.20225e-16)
(25.7051 5.7278 -1.0194e-15)
(25.7007 5.6891 -1.96373e-16)
(25.7029 5.6483 -1.33255e-15)
(25.709 5.61168 0)
(25.7158 5.57768 -8.97415e-16)
(25.7237 5.54981 -8.99396e-16)
(25.733 5.52722 -5.03615e-16)
(25.7426 5.50924 -2.55938e-16)
(25.7517 5.49512 -2.87299e-16)
(25.7601 5.48411 2.66586e-16)
(25.7676 5.47559 -4.38558e-16)
(25.7745 5.4689 0)
(25.7807 5.46355 -7.36802e-17)
(25.7864 5.45922 -7.05745e-17)
(25.7918 5.45561 -2.09004e-16)
(25.797 5.45252 2.73107e-16)
(25.8023 5.44981 -1.02003e-16)
(25.8078 5.44739 3.13686e-17)
(25.8139 5.44522 -1.47396e-16)
(25.8209 5.4434 1.16132e-16)
(25.8283 5.44212 0)
(25.8359 5.4415 0)
(25.8435 5.44159 -2.44615e-17)
(25.8511 5.44238 0)
(25.8586 5.44387 0)
(25.866 5.44606 -3.93456e-17)
(25.8732 5.44894 5.7911e-17)
(25.8803 5.45252 -2.73761e-17)
(25.8872 5.4568 0)
(25.8937 5.46182 1.43325e-17)
(25.9 5.46763 2.42419e-17)
(25.906 5.47435 -2.53847e-17)
(25.9117 5.48217 -3.89884e-17)
(25.9169 5.49146 3.92283e-17)
(25.9221 5.5013 1.43647e-17)
(25.7646 5.8714 0)
(25.7774 5.8942 0)
(25.7936 5.91771 1.22882e-16)
(25.8124 5.93976 -1.34478e-16)
(25.8323 5.95851 9.51172e-18)
(25.8545 5.97514 0)
(25.8789 5.9892 0)
(25.9034 5.99981 2.33355e-16)
(25.9295 6.0077 0)
(25.9555 6.01289 0)
(25.9818 6.01509 -1.05297e-17)
(26.0083 6.01493 0)
(26.0345 6.01293 -7.79721e-17)
(26.0606 6.00892 1.22254e-16)
(26.0866 6.00289 -8.91454e-17)
(26.1127 5.99502 2.87278e-16)
(26.1386 5.98542 1.19639e-16)
(26.1645 5.97415 0)
(26.1901 5.96127 -1.82659e-16)
(26.2152 5.94695 0)
(26.2395 5.93139 8.58138e-18)
(26.2627 5.91491 -1.09624e-16)
(26.2842 5.89804 -6.09145e-17)
(26.3035 5.88153 -2.83438e-17)
(26.3206 5.86573 0)
(26.3363 5.85024 -3.79631e-17)
(26.3513 5.83452 1.33861e-17)
(26.3657 5.81852 -2.69326e-17)
(26.3795 5.80231 4.51243e-17)
(26.3926 5.78596 4.6145e-17)
(26.405 5.76953 -6.02931e-17)
(26.4167 5.75307 0)
(26.4276 5.73665 2.76154e-17)
(26.4379 5.72028 -5.36842e-17)
(26.4475 5.70397 -1.06552e-16)
(26.4564 5.6877 2.11041e-16)
(26.4649 5.67142 -1.45094e-16)
(26.4725 5.65518 8.50656e-17)
(26.4794 5.64146 -1.75503e-16)
(25.7536 5.84781 -5.44648e-17)
(25.7443 5.82379 -1.69212e-16)
(25.7358 5.79399 0)
(25.7279 5.7615 0)
(25.7248 5.72518 9.59356e-16)
(25.7195 5.68928 -1.75509e-16)
(25.7216 5.65039 1.4461e-15)
(25.7261 5.61646 0)
(25.7309 5.58329 0)
(25.7367 5.557 8.51849e-16)
(25.7442 5.53578 4.37963e-16)
(25.7519 5.51867 4.85632e-16)
(25.7591 5.50519 2.43037e-16)
(25.7657 5.49469 -5.14125e-16)
(25.7718 5.48656 1.29277e-16)
(25.7773 5.48015 0)
(25.7824 5.47503 3.26963e-16)
(25.7871 5.47086 -2.00234e-16)
(25.7915 5.46738 1.60664e-16)
(25.7958 5.46438 -3.5837e-17)
(25.8002 5.46174 -1.55568e-16)
(25.8048 5.45937 -6.72493e-19)
(25.8099 5.45723 5.64145e-19)
(25.8157 5.45541 0)
(25.822 5.45408 -4.92638e-17)
(25.8284 5.45337 2.60848e-17)
(25.8349 5.45329 3.5332e-17)
(25.8413 5.45386 -1.08364e-17)
(25.8478 5.45506 9.76988e-18)
(25.8541 5.45688 -1.31833e-19)
(25.8604 5.45932 -9.34613e-18)
(25.8665 5.46237 1.72867e-17)
(25.8724 5.46604 0)
(25.8781 5.47035 -2.84271e-17)
(25.8836 5.47535 4.17203e-17)
(25.8888 5.48115 0)
(25.8938 5.48791 0)
(25.8984 5.49598 0)
(25.9032 5.50457 5.13211e-17)
(25.7775 5.86056 1.17435e-17)
(25.7892 5.88174 -8.04053e-17)
(25.8041 5.90346 -5.96194e-17)
(25.8213 5.92358 6.58133e-17)
(25.8396 5.9405 5.19924e-16)
(25.8599 5.95511 -9.49238e-17)
(25.8822 5.96723 1.25561e-16)
(25.9042 5.97552 -3.45153e-16)
(25.9283 5.98179 5.69567e-17)
(25.951 5.98371 -2.50182e-17)
(25.9744 5.98505 6.2011e-17)
(25.9987 5.98547 0)
(26.0231 5.98445 0)
(26.0473 5.98122 0)
(26.0716 5.97581 1.42832e-16)
(26.0961 5.96854 -4.06391e-16)
(26.1205 5.95955 -1.08273e-17)
(26.1448 5.94889 0)
(26.1689 5.93665 1.91004e-16)
(26.1925 5.92302 0)
(26.2155 5.90819 6.83251e-17)
(26.2374 5.89242 -3.87899e-18)
(26.2578 5.87627 6.85532e-17)
(26.2761 5.86044 3.73701e-17)
(26.2924 5.84531 0)
(26.3074 5.83051 2.82072e-17)
(26.3216 5.81554 -2.24622e-18)
(26.3354 5.80036 0)
(26.3487 5.78505 -3.68268e-17)
(26.3613 5.76965 7.27035e-17)
(26.3732 5.75427 -1.27977e-18)
(26.3846 5.73892 6.90759e-17)
(26.3954 5.72367 -7.05357e-17)
(26.4057 5.70855 3.32159e-18)
(26.4155 5.69354 1.24279e-16)
(26.4248 5.67862 -5.55583e-17)
(26.4342 5.66372 -4.97e-17)
(26.443 5.64887 1.00775e-16)
(26.4513 5.63639 -9.00532e-17)
(25.7674 5.83853 8.69523e-17)
(25.759 5.81601 2.1855e-16)
(25.7512 5.7879 2.58965e-16)
(25.7442 5.75744 8.90381e-17)
(25.7416 5.72279 0)
(25.7364 5.68934 0)
(25.7396 5.65205 -1.21981e-15)
(25.7431 5.62146 6.29236e-16)
(25.746 5.58882 -1.37633e-15)
(25.7486 5.56361 7.47979e-16)
(25.7533 5.54324 -4.3532e-16)
(25.759 5.52652 -2.32001e-16)
(25.7643 5.51332 -2.67122e-16)
(25.7693 5.50306 3.64727e-19)
(25.7741 5.4951 -1.46828e-16)
(25.7785 5.48882 1.47847e-16)
(25.7826 5.48379 -2.33906e-16)
(25.7865 5.47969 0)
(25.7901 5.47626 1.15083e-16)
(25.7937 5.47329 -1.94424e-16)
(25.7974 5.47067 7.43493e-17)
(25.8013 5.4683 -2.19154e-16)
(25.8056 5.46615 1.74681e-16)
(25.8106 5.4643 -6.78999e-17)
(25.816 5.46292 -3.19898e-17)
(25.8216 5.46212 0)
(25.8272 5.46192 -2.96666e-17)
(25.8328 5.46232 2.9303e-17)
(25.8385 5.46329 1.72892e-18)
(25.844 5.46485 -6.55563e-18)
(25.8495 5.46696 4.91385e-17)
(25.8548 5.46963 -5.87262e-17)
(25.86 5.47286 2.28725e-17)
(25.8651 5.47665 0)
(25.8699 5.48106 -5.5669e-17)
(25.8745 5.48619 7.19261e-17)
(25.8789 5.49217 3.24209e-17)
(25.8831 5.49934 2.66116e-17)
(25.8873 5.50701 -5.13488e-17)
(25.7876 5.85118 1.03759e-17)
(25.7985 5.87103 7.65665e-17)
(25.8123 5.89112 0)
(25.8282 5.90943 -1.05258e-16)
(25.8451 5.92445 -3.80367e-18)
(25.8639 5.93683 -3.86729e-16)
(25.8843 5.94663 2.48428e-16)
(25.9039 5.95204 -8.02838e-17)
(25.9259 5.95608 7.85725e-17)
(25.945 5.9533 -2.17481e-17)
(25.9654 5.95399 -5.81808e-17)
(25.988 5.956 -2.86251e-17)
(26.0111 5.95681 3.35999e-17)
(26.0339 5.95503 0)
(26.0568 5.95084 9.45811e-18)
(26.0801 5.94469 -1.40711e-16)
(26.1035 5.93673 -3.50759e-16)
(26.1267 5.92699 1.32426e-16)
(26.1497 5.91562 -1.40321e-17)
(26.1723 5.9028 0)
(26.1943 5.88869 -1.05296e-16)
(26.2155 5.87362 1.1025e-16)
(26.2352 5.85817 -3.28071e-18)
(26.2529 5.84299 6.02415e-17)
(26.2687 5.82847 0)
(26.2831 5.81428 -8.23458e-18)
(26.2969 5.79993 2.06656e-18)
(26.3103 5.78541 -5.87484e-19)
(26.3232 5.77081 3.21294e-17)
(26.3355 5.75611 -1.63163e-17)
(26.3471 5.74147 -3.19272e-17)
(26.3583 5.7269 0)
(26.369 5.71246 -6.00548e-17)
(26.3792 5.69817 5.70633e-17)
(26.3891 5.68402 0)
(26.3987 5.66998 5.30164e-17)
(26.4084 5.65597 4.59212e-17)
(26.4179 5.64204 -8.3512e-17)
(26.4271 5.63036 1.65696e-16)
(25.7784 5.83046 4.47622e-17)
(25.7708 5.80916 5.30862e-17)
(25.7639 5.78251 -3.31362e-16)
(25.758 5.75379 -8.18174e-17)
(25.7563 5.72075 6.17465e-16)
(25.7518 5.68986 -8.37478e-16)
(25.7566 5.6544 8.44117e-16)
(25.7598 5.62758 -5.21158e-16)
(25.7611 5.59458 1.24342e-15)
(25.7594 5.56993 -7.22568e-16)
(25.761 5.54988 0)
(25.7645 5.53323 4.43708e-16)
(25.7681 5.52006 0)
(25.7717 5.50983 0)
(25.7753 5.5019 -2.61341e-16)
(25.7789 5.49564 2.77642e-16)
(25.7823 5.49062 -1.38443e-16)
(25.7856 5.48653 2.83599e-16)
(25.7887 5.4831 -1.07747e-16)
(25.7918 5.48014 -6.82238e-17)
(25.7949 5.4775 1.39374e-16)
(25.7983 5.47511 -3.20407e-17)
(25.8021 5.47294 6.49006e-17)
(25.8065 5.47106 2.94181e-17)
(25.8113 5.46964 -5.94146e-17)
(25.8162 5.46877 2.92459e-17)
(25.8213 5.46848 1.38451e-17)
(25.8263 5.46875 -6.6537e-18)
(25.8313 5.46958 -1.59648e-18)
(25.8363 5.47094 0)
(25.8412 5.47282 -2.31893e-17)
(25.8459 5.47522 -1.01767e-17)
(25.8506 5.47812 4.44434e-19)
(25.855 5.48155 -3.73037e-17)
(25.8593 5.48553 5.49491e-17)
(25.8634 5.49015 -6.41709e-17)
(25.8673 5.49556 2.36191e-18)
(25.871 5.50205 0)
(25.8748 5.50901 0)
(25.7977 5.84187 -3.23901e-19)
(25.8076 5.86033 -3.30962e-17)
(25.8203 5.87878 2.37905e-16)
(25.835 5.89528 -1.05459e-16)
(25.8504 5.90843 -1.35969e-17)
(25.8674 5.91872 2.03142e-16)
(25.8858 5.92633 -5.43295e-16)
(25.903 5.92922 9.5647e-17)
(25.9225 5.93129 0)
(25.938 5.92459 5.9379e-17)
(25.9554 5.92476 5.64017e-17)
(25.9763 5.92817 -1.41392e-17)
(25.9983 5.93049 1.8335e-17)
(26.0198 5.92987 9.33228e-18)
(26.0414 5.9267 0)
(26.0635 5.9215 3.02606e-16)
(26.0858 5.91442 1.96433e-16)
(26.108 5.90549 1.16723e-16)
(26.13 5.89489 -1.55003e-16)
(26.1516 5.88276 8.82835e-17)
(26.1728 5.86927 9.43553e-17)
(26.1931 5.85479 -1.46991e-18)
(26.2119 5.83988 -1.49196e-16)
(26.2289 5.82522 -5.245e-17)
(26.2439 5.81116 5.25428e-17)
(26.2578 5.79744 -7.06854e-18)
(26.271 5.7836 1.34583e-17)
(26.2839 5.76963 -2.05997e-17)
(26.2964 5.75565 5.27635e-17)
(26.3083 5.74155 -1.39841e-17)
(26.3196 5.72757 0)
(26.3306 5.71369 2.63583e-17)
(26.3412 5.69997 -1.02375e-16)
(26.3514 5.68641 4.91194e-17)
(26.3614 5.67301 0)
(26.3712 5.65971 0)
(26.3814 5.64645 -4.29693e-17)
(26.3915 5.63323 7.29918e-17)
(26.4015 5.62215 -5.19347e-18)
(25.7894 5.82248 -8.79411e-17)
(25.7826 5.80243 9.41587e-17)
(25.7765 5.77729 -2.2803e-16)
(25.7716 5.75029 3.03554e-16)
(25.7706 5.71881 -1.64228e-16)
(25.7667 5.69037 1.04514e-15)
(25.7729 5.65638 4.65942e-16)
(25.7752 5.63265 4.8864e-16)
(25.7747 5.59979 -1.18431e-15)
(25.7688 5.57564 0)
(25.7672 5.5559 -3.59405e-16)
(25.7686 5.53935 1.13341e-17)
(25.7706 5.52627 4.25164e-16)
(25.7729 5.51613 -2.33011e-16)
(25.7755 5.50826 1.19452e-16)
(25.7782 5.50205 -2.52904e-16)
(25.7809 5.49708 0)
(25.7836 5.49302 1.91223e-16)
(25.7862 5.48961 2.88358e-17)
(25.7888 5.48665 -1.61234e-16)
(25.7914 5.48402 -1.54482e-16)
(25.7943 5.48162 3.44009e-18)
(25.7976 5.47944 1.18472e-16)
(25.8014 5.47753 2.80639e-17)
(25.8056 5.47607 7.98829e-17)
(25.8099 5.47514 -5.36332e-17)
(25.8143 5.47475 0)
(25.8188 5.47491 6.14247e-18)
(25.8232 5.47557 -5.7545e-18)
(25.8275 5.47673 2.24659e-17)
(25.8318 5.47837 1.04682e-17)
(25.8359 5.48048 -2.04537e-17)
(25.8399 5.48305 5.66104e-17)
(25.8438 5.4861 -3.75897e-17)
(25.8475 5.48964 0)
(25.8511 5.49379 -3.04905e-17)
(25.8545 5.49863 -2.57032e-17)
(25.8576 5.50449 5.57095e-17)
(25.861 5.51077 0)
(25.8076 5.83247 -9.10864e-18)
(25.8166 5.84951 -1.85498e-16)
(25.828 5.86631 -1.46557e-16)
(25.8413 5.88103 1.88085e-16)
(25.8552 5.89239 -1.40877e-16)
(25.8704 5.90071 1.3374e-16)
(25.8866 5.90631 1.99495e-16)
(25.9014 5.90702 0)
(25.9183 5.90735 8.104e-17)
(25.9301 5.89753 -2.15369e-16)
(25.9448 5.89734 -3.03676e-17)
(25.964 5.90192 3.06835e-17)
(25.9849 5.90545 2.85308e-17)
(26.0051 5.90576 -6.53019e-17)
(26.0255 5.90343 -1.90893e-16)
(26.0465 5.89904 -1.64699e-16)
(26.0677 5.8927 6.35003e-17)
(26.0889 5.88449 1.50966e-18)
(26.1099 5.87452 -1.16595e-16)
(26.1306 5.86296 0)
(26.1509 5.85 -2.26203e-16)
(26.1703 5.83606 7.6551e-17)
(26.1883 5.82166 3.98555e-17)
(26.2045 5.80746 -6.47912e-17)
(26.2188 5.79382 2.16179e-17)
(26.2319 5.78052 2.20009e-17)
(26.2445 5.7671 2.87484e-18)
(26.2567 5.75359 -1.4302e-17)
(26.2688 5.74013 -1.07342e-18)
(26.2801 5.72653 -9.75393e-19)
(26.291 5.7131 0)
(26.3016 5.69981 6.65996e-17)
(26.3119 5.6867 1.93068e-17)
(26.3221 5.67379 -8.40489e-17)
(26.3321 5.66103 0)
(26.3421 5.64838 -7.4783e-17)
(26.3526 5.63573 1.42973e-16)
(26.3633 5.62312 -3.27393e-16)
(26.3739 5.61252 1.30305e-16)
(25.8001 5.81446 0)
(25.7941 5.79569 -8.68616e-17)
(25.7889 5.77215 -7.34465e-17)
(25.785 5.74688 1.36915e-16)
(25.7844 5.71703 -1.02721e-15)
(25.781 5.69108 -2.24299e-16)
(25.7885 5.65832 6.09859e-16)
(25.789 5.63736 -1.17455e-17)
(25.7865 5.60449 -1.05037e-15)
(25.7767 5.58064 5.88688e-16)
(25.772 5.56119 3.31288e-16)
(25.7714 5.54477 3.67559e-18)
(25.7719 5.53181 -2.01084e-16)
(25.773 5.52179 0)
(25.7746 5.51404 -1.06118e-16)
(25.7766 5.50793 4.54643e-16)
(25.7787 5.50302 -2.91936e-16)
(25.7807 5.499 -3.48654e-16)
(25.7828 5.49562 6.23121e-17)
(25.785 5.49268 1.17099e-16)
(25.7872 5.49006 5.68999e-17)
(25.7896 5.48766 -8.16858e-17)
(25.7923 5.48547 1.0802e-16)
(25.7955 5.48354 0)
(25.799 5.48203 -7.34582e-17)
(25.8027 5.48103 6.11897e-17)
(25.8064 5.48054 0)
(25.8102 5.48056 -5.64143e-18)
(25.8139 5.48106 -3.27486e-18)
(25.8175 5.48202 -1.03546e-17)
(25.8211 5.48342 -1.99966e-17)
(25.8246 5.48524 1.90625e-17)
(25.8279 5.48749 0)
(25.8312 5.49016 0)
(25.8342 5.4933 0)
(25.8371 5.49697 0)
(25.8399 5.5013 2.86674e-17)
(25.8424 5.50655 -7.58816e-17)
(25.8454 5.51224 1.21337e-16)
(25.8172 5.82302 4.86194e-17)
(25.8252 5.83862 8.79637e-17)
(25.8354 5.85376 0)
(25.8471 5.86673 0)
(25.8594 5.87635 0)
(25.8727 5.88287 0)
(25.8866 5.88664 -1.52934e-16)
(25.899 5.88555 2.71923e-16)
(25.9132 5.88438 1.6196e-17)
(25.9214 5.87227 1.54445e-16)
(25.9336 5.87192 -6.27449e-18)
(25.9512 5.87743 0)
(25.971 5.88189 -4.42596e-17)
(25.99 5.88291 0)
(26.0091 5.88124 1.24777e-17)
(26.029 5.8775 9.85423e-17)
(26.0492 5.87178 0)
(26.0693 5.86412 -8.13964e-17)
(26.0894 5.85464 -9.47257e-17)
(26.1092 5.84352 1.0893e-17)
(26.1286 5.83102 -1.10176e-16)
(26.1471 5.81751 6.20761e-17)
(26.1643 5.80355 -3.62005e-17)
(26.1797 5.78974 3.62066e-17)
(26.1933 5.77644 -1.88542e-17)
(26.2058 5.76348 -2.5936e-19)
(26.2178 5.75038 9.55111e-18)
(26.2294 5.7372 1.88258e-17)
(26.2409 5.72411 1.92134e-17)
(26.2517 5.71082 -5.36984e-17)
(26.262 5.69773 1.81225e-17)
(26.2721 5.68479 7.40054e-17)
(26.2821 5.67203 -9.08744e-17)
(26.292 5.65948 0)
(26.3018 5.64709 0)
(26.3118 5.63482 3.12933e-17)
(26.3224 5.62253 0)
(26.3334 5.61023 1.14443e-16)
(26.3446 5.59973 1.07711e-16)
(25.8106 5.80644 -1.78046e-17)
(25.8054 5.78899 0)
(25.8009 5.76713 2.51986e-16)
(25.7979 5.74359 0)
(25.7977 5.71547 2.42054e-16)
(25.7947 5.69202 9.8128e-16)
(25.803 5.66014 6.94543e-16)
(25.8011 5.64179 -6.7181e-16)
(25.7965 5.60852 3.90351e-17)
(25.783 5.58476 5.29709e-16)
(25.7753 5.56565 -6.02137e-16)
(25.7728 5.54939 -3.33645e-16)
(25.772 5.53657 3.64105e-16)
(25.772 5.52673 1.89281e-16)
(25.7727 5.51917 1.9874e-16)
(25.774 5.5132 -3.10706e-16)
(25.7755 5.50841 5.32835e-17)
(25.777 5.50447 5.36776e-17)
(25.7786 5.50114 2.36689e-16)
(25.7802 5.49822 -2.12311e-16)
(25.7819 5.4956 -2.60468e-17)
(25.7837 5.4932 -3.42126e-19)
(25.7858 5.49098 0)
(25.7883 5.48902 2.32658e-17)
(25.7911 5.48744 -6.72374e-17)
(25.794 5.48633 7.73896e-17)
(25.7969 5.48572 -2.27132e-17)
(25.7998 5.48557 -2.63319e-17)
(25.8027 5.48588 -5.33106e-18)
(25.8055 5.4866 1.95057e-17)
(25.8083 5.48774 3.616e-17)
(25.8109 5.48926 -4.51976e-17)
(25.8135 5.49117 3.30549e-17)
(25.8159 5.49347 1.33332e-17)
(25.8182 5.49618 -6.25904e-17)
(25.8204 5.49939 -7.02096e-17)
(25.8224 5.5032 4.75649e-18)
(25.8242 5.50787 7.52813e-17)
(25.8265 5.513 1.60612e-18)
(25.8265 5.81353 -2.90273e-17)
(25.8334 5.82763 7.95922e-17)
(25.8422 5.84111 -7.52441e-17)
(25.8524 5.85237 2.27605e-16)
(25.8629 5.86034 1.20606e-16)
(25.8743 5.86522 -1.53326e-17)
(25.8859 5.86737 -2.0323e-17)
(25.8959 5.86484 -1.13365e-16)
(25.9074 5.86245 -1.36917e-18)
(25.9123 5.84885 1.50197e-19)
(25.9223 5.84858 5.23277e-17)
(25.9383 5.8548 0)
(25.9568 5.85989 1.76803e-17)
(25.9745 5.86142 -9.23707e-17)
(25.9924 5.86024 3.04353e-16)
(26.0111 5.857 -3.38344e-16)
(26.0303 5.85174 -2.25527e-17)
(26.0495 5.84447 1.98574e-16)
(26.0686 5.83534 1.6837e-16)
(26.0875 5.82456 5.23763e-17)
(26.106 5.81239 5.20286e-17)
(26.1236 5.79923 -1.10903e-16)
(26.1399 5.78561 5.50478e-17)
(26.1546 5.77212 -1.57167e-17)
(26.1675 5.75913 0)
(26.1793 5.74649 8.33054e-18)
(26.1907 5.73376 -1.19577e-17)
(26.2016 5.72097 -7.8725e-18)
(26.2126 5.70832 0)
(26.2228 5.69544 -2.81744e-17)
(26.2325 5.68279 1.51331e-17)
(26.2422 5.67029 -6.20979e-17)
(26.2517 5.65797 1.38589e-16)
(26.2612 5.64583 -6.02531e-17)
(26.2707 5.63383 0)
(26.2805 5.62191 -1.11606e-16)
(26.291 5.60994 2.35686e-16)
(26.3019 5.59798 -5.52723e-17)
(26.3128 5.58785 -1.20581e-16)
(25.8208 5.7984 6.62317e-17)
(25.8163 5.78234 0)
(25.8126 5.76225 -3.58029e-16)
(25.8103 5.74047 1.13353e-16)
(25.8102 5.71422 -4.10624e-16)
(25.8077 5.69326 3.20417e-16)
(25.8164 5.66194 -6.34442e-16)
(25.8112 5.64632 0)
(25.8045 5.61188 1.2475e-15)
(25.7876 5.58791 4.73202e-16)
(25.7772 5.56922 5.74264e-16)
(25.7731 5.55325 -6.18091e-16)
(25.7711 5.54062 3.26455e-16)
(25.77 5.53096 -8.75353e-16)
(25.7698 5.52354 7.29548e-16)
(25.7703 5.5177 -2.83238e-16)
(25.7711 5.513 -2.3635e-16)
(25.772 5.50915 1.94117e-16)
(25.7729 5.50588 0)
(25.7739 5.503 -2.36606e-17)
(25.775 5.50038 0)
(25.7761 5.49796 -2.30534e-17)
(25.7775 5.4957 -2.20471e-17)
(25.7791 5.49367 -2.14493e-17)
(25.7809 5.49199 4.1603e-17)
(25.7827 5.49076 0)
(25.7846 5.48999 -9.51556e-18)
(25.7865 5.48966 1.71163e-17)
(25.7884 5.48974 -9.68039e-18)
(25.7903 5.49022 2.66988e-17)
(25.792 5.49106 -4.70482e-18)
(25.7937 5.49226 -4.07963e-17)
(25.7953 5.4938 4.04623e-17)
(25.7968 5.4957 1.48887e-17)
(25.7982 5.49797 -5.61289e-17)
(25.7995 5.50069 6.91224e-17)
(25.8006 5.50396 1.26445e-18)
(25.8015 5.50804 0)
(25.803 5.51253 8.93969e-17)
(25.8352 5.80397 -1.41721e-17)
(25.841 5.81655 -4.90764e-17)
(25.8485 5.82835 6.81999e-17)
(25.8571 5.83794 -3.42373e-16)
(25.8659 5.84435 -2.19224e-16)
(25.8751 5.84776 6.17855e-18)
(25.8845 5.84851 -1.36275e-16)
(25.8922 5.84492 8.62703e-17)
(25.901 5.84164 -3.3446e-16)
(25.9032 5.82733 5.96139e-17)
(25.9111 5.82744 2.42252e-17)
(25.9254 5.83417 -9.03052e-17)
(25.9426 5.83966 0)
(25.959 5.84149 -6.79154e-17)
(25.9757 5.84065 1.78103e-16)
(25.9932 5.83774 -1.11067e-16)
(26.0113 5.83276 9.46162e-17)
(26.0294 5.82573 -2.09976e-16)
(26.0476 5.81682 1.15232e-16)
(26.0655 5.80626 -7.08051e-17)
(26.0831 5.79432 3.6885e-17)
(26.0998 5.78137 -1.28716e-16)
(26.1153 5.76793 1.10893e-16)
(26.1293 5.75457 0)
(26.1416 5.74165 0)
(26.1529 5.72903 3.42844e-18)
(26.1638 5.71628 -3.31837e-18)
(26.1743 5.70343 1.0303e-17)
(26.1848 5.69073 0)
(26.1946 5.67771 0)
(26.2039 5.66492 5.28626e-17)
(26.2131 5.65228 -5.26576e-17)
(26.2222 5.6398 1.21679e-17)
(26.2313 5.6275 0)
(26.2404 5.61532 0)
(26.2497 5.60322 -4.70146e-17)
(26.2599 5.591 -2.35533e-17)
(26.2708 5.57858 2.01256e-17)
(26.2821 5.56761 2.16277e-17)
(25.8304 5.79036 1.52563e-17)
(25.8267 5.77576 6.98093e-17)
(25.8237 5.75756 -1.05002e-16)
(25.8221 5.73756 -4.08274e-16)
(25.822 5.71343 0)
(25.8201 5.6949 -3.13988e-17)
(25.8287 5.66389 5.15355e-16)
(25.8195 5.65142 -5.08266e-16)
(25.811 5.61465 -7.73395e-16)
(25.7908 5.58994 -4.52663e-16)
(25.7778 5.57166 5.13093e-16)
(25.7723 5.55611 -8.35835e-16)
(25.7693 5.54387 -1.46963e-16)
(25.7671 5.53452 0)
(25.7657 5.52724 -8.15294e-17)
(25.765 5.5214 -3.37112e-16)
(25.7647 5.51665 7.35458e-16)
(25.7647 5.51272 -1.78584e-16)
(25.7647 5.50938 -1.7586e-16)
(25.7649 5.50643 2.18044e-17)
(25.7652 5.50374 2.11919e-17)
(25.7655 5.50123 1.85912e-16)
(25.7658 5.49886 -1.4325e-16)
(25.7663 5.4967 0)
(25.7669 5.49486 5.60784e-17)
(25.7676 5.49345 -1.12416e-16)
(25.7683 5.49249 1.45188e-17)
(25.7691 5.49195 1.7965e-17)
(25.7698 5.49181 -2.69919e-19)
(25.7706 5.49206 0)
(25.7714 5.49266 2.34611e-17)
(25.772 5.4936 3.67599e-17)
(25.7727 5.49485 -1.33659e-16)
(25.7733 5.49643 7.25696e-17)
(25.7737 5.49833 -1.38482e-17)
(25.7741 5.50065 0)
(25.7744 5.50346 -2.37768e-17)
(25.7744 5.50705 0)
(25.7751 5.51107 4.11828e-17)
(25.8433 5.79432 -2.42404e-17)
(25.8481 5.80532 2.2798e-17)
(25.8542 5.81544 6.40759e-18)
(25.8611 5.82339 2.52845e-16)
(25.8681 5.82834 -1.75903e-16)
(25.8754 5.83048 1.82461e-16)
(25.8825 5.83008 2.35744e-16)
(25.888 5.82582 1.37163e-16)
(25.8945 5.82202 -7.89699e-17)
(25.8942 5.80776 0)
(25.9005 5.80859 5.49444e-17)
(25.9131 5.81568 0)
(25.9285 5.8213 3.15522e-17)
(25.9436 5.82326 -3.41132e-17)
(25.959 5.8226 -7.54413e-17)
(25.9753 5.81986 9.83945e-17)
(25.9922 5.81499 -1.12519e-16)
(26.0093 5.80803 2.30575e-16)
(26.0263 5.79917 -1.31812e-16)
(26.0433 5.78867 2.96804e-17)
(26.0598 5.77681 -3.32674e-17)
(26.0756 5.76398 -1.79315e-17)
(26.0902 5.75075 5.15389e-17)
(26.1032 5.73768 -9.17002e-18)
(26.1147 5.72514 0)
(26.1253 5.713 1.05226e-17)
(26.1354 5.7008 -1.18472e-17)
(26.1451 5.68859 0)
(26.1551 5.67658 -2.14731e-17)
(26.1641 5.66432 2.33871e-17)
(26.1728 5.6523 4.28294e-17)
(26.1816 5.64041 -4.2712e-17)
(26.1903 5.62864 -9.44336e-17)
(26.1991 5.61698 1.34602e-18)
(26.2079 5.60538 1.55605e-18)
(26.2169 5.59377 9.88056e-17)
(26.2267 5.58202 0)
(26.2366 5.57033 -1.37584e-18)
(26.2461 5.56046 0)
(25.8394 5.78231 -5.76913e-17)
(25.8364 5.76929 1.7868e-16)
(25.8341 5.7531 0)
(25.8331 5.73498 7.20721e-18)
(25.8329 5.71331 6.55123e-16)
(25.8318 5.6971 -1.0883e-15)
(25.8394 5.66635 -4.46902e-16)
(25.8263 5.65767 0)
(25.8168 5.61723 6.85113e-16)
(25.7934 5.59106 -7.71329e-16)
(25.7776 5.57268 4.74792e-16)
(25.7701 5.55714 2.59469e-16)
(25.7654 5.54519 1.38029e-16)
(25.7618 5.53633 0)
(25.7592 5.52953 1.69972e-18)
(25.7572 5.52398 -3.80248e-17)
(25.7556 5.5193 3.86749e-17)
(25.7542 5.51529 0)
(25.7531 5.51178 -3.13179e-16)
(25.7521 5.50862 3.15874e-16)
(25.7513 5.50572 -1.95012e-17)
(25.7505 5.503 -1.88453e-16)
(25.7498 5.50044 2.98655e-18)
(25.7491 5.49808 9.18332e-17)
(25.7485 5.49603 1.48596e-16)
(25.7479 5.49437 -6.94608e-17)
(25.7475 5.49313 3.82333e-21)
(25.7472 5.49228 1.2142e-17)
(25.747 5.49183 -7.83313e-18)
(25.7469 5.49175 0)
(25.7468 5.49202 3.70339e-18)
(25.7468 5.49264 5.69691e-17)
(25.7468 5.49358 -9.78738e-17)
(25.7469 5.49484 4.15671e-17)
(25.7469 5.49642 1.26088e-17)
(25.7469 5.4984 -1.25017e-17)
(25.7468 5.50082 9.1516e-17)
(25.7465 5.50403 1.83211e-17)
(25.7469 5.50762 -1.49106e-16)
(25.8508 5.78457 -4.42319e-17)
(25.8544 5.79392 2.10627e-18)
(25.8591 5.80233 4.9013e-17)
(25.8644 5.80868 -1.16089e-16)
(25.8696 5.81229 1.73982e-16)
(25.875 5.81335 0)
(25.88 5.8121 2.83721e-16)
(25.8837 5.80758 -2.46261e-16)
(25.8879 5.80369 8.80702e-17)
(25.886 5.79012 2.57775e-17)
(25.891 5.79209 -2.16643e-16)
(25.9016 5.79944 3.85613e-18)
(25.9151 5.80499 -3.43138e-17)
(25.9286 5.80694 -4.74668e-17)
(25.9426 5.80635 5.48207e-17)
(25.9575 5.80362 -1.82642e-17)
(25.973 5.79874 -1.27424e-16)
(25.9888 5.79175 1.30801e-16)
(26.0047 5.78287 5.53506e-17)
(26.0205 5.7723 -1.90395e-17)
(26.0361 5.76031 -9.98073e-17)
(26.0511 5.74724 3.20236e-17)
(26.0652 5.73359 1.15295e-16)
(26.078 5.71987 -9.09807e-17)
(26.0893 5.70647 3.21472e-17)
(26.0998 5.69331 0)
(26.1098 5.67995 1.1578e-18)
(26.1194 5.66649 -1.37329e-17)
(26.1293 5.65322 2.56574e-17)
(26.1382 5.63944 -1.21741e-18)
(26.1467 5.62592 0)
(26.1552 5.61256 0)
(26.1635 5.59936 0)
(26.1718 5.58633 7.88083e-18)
(26.18 5.57341 -6.13668e-17)
(26.1886 5.56049 -6.65772e-17)
(26.198 5.54731 1.47284e-16)
(26.209 5.53347 1.12004e-16)
(26.2208 5.52058 -2.58014e-16)
(25.8478 5.77426 2.54727e-17)
(25.8455 5.76297 1.12352e-16)
(25.8438 5.74895 1.8082e-16)
(25.8431 5.7329 3.39728e-18)
(25.8428 5.71411 -1.17773e-15)
(25.8423 5.69994 7.3209e-16)
(25.8481 5.66975 4.07813e-16)
(25.8316 5.66579 0)
(25.8228 5.62014 0)
(25.7967 5.59215 -3.37989e-16)
(25.7773 5.57321 0)
(25.7662 5.55662 0)
(25.7582 5.54366 1.20581e-16)
(25.7516 5.53429 -5.23385e-16)
(25.7469 5.52748 5.49744e-16)
(25.7436 5.52231 7.01313e-17)
(25.7411 5.51817 -2.81227e-16)
(25.739 5.51469 5.69564e-16)
(25.737 5.5116 -5.51582e-16)
(25.7351 5.50875 2.8508e-16)
(25.7333 5.50605 0)
(25.7317 5.50345 2.59962e-17)
(25.73 5.50096 0)
(25.7285 5.49867 -1.63763e-17)
(25.7273 5.49672 5.5025e-17)
(25.7262 5.4952 -1.48326e-18)
(25.7255 5.49411 -3.56098e-17)
(25.7249 5.49342 -3.21932e-17)
(25.7246 5.49308 -1.44051e-17)
(25.7244 5.49308 -1.36304e-17)
(25.7244 5.4934 -1.94237e-17)
(25.7246 5.49402 8.41164e-18)
(25.7249 5.49492 -4.84288e-18)
(25.7253 5.49612 5.09715e-17)
(25.7258 5.49764 6.16329e-18)
(25.7265 5.49957 1.13718e-17)
(25.7272 5.50196 0)
(25.7281 5.50508 -2.04061e-17)
(25.7292 5.50806 -1.4979e-16)
(25.8572 5.77463 -4.03907e-17)
(25.8598 5.78223 7.45869e-17)
(25.863 5.7889 -5.484e-17)
(25.8667 5.79372 -4.82644e-17)
(25.8702 5.79614 -2.20872e-16)
(25.8737 5.79637 2.82105e-16)
(25.8769 5.7946 -2.93104e-16)
(25.8791 5.79028 -1.13798e-16)
(25.8816 5.78667 6.13404e-17)
(25.8791 5.77436 0)
(25.8831 5.77799 -1.86885e-17)
(25.8915 5.78553 9.65939e-17)
(25.9026 5.79087 -7.52231e-17)
(25.9142 5.7928 -4.55905e-18)
(25.9266 5.79216 -6.13674e-17)
(25.94 5.78921 7.21604e-17)
(25.954 5.78393 -1.30406e-17)
(25.9683 5.77652 5.01287e-17)
(25.9828 5.76725 -1.08088e-16)
(25.9973 5.75647 1.7141e-17)
(26.0115 5.7445 -7.97901e-18)
(26.025 5.73183 -7.32469e-17)
(26.0374 5.71903 1.23343e-16)
(26.0484 5.70665 -5.98452e-17)
(26.0581 5.69493 2.40119e-17)
(26.0671 5.68372 0)
(26.0758 5.67252 -3.22493e-18)
(26.0843 5.66135 2.76213e-18)
(26.0932 5.65034 -8.45769e-19)
(26.1009 5.63929 3.42691e-18)
(26.1086 5.62842 5.18176e-17)
(26.1164 5.61754 -5.17779e-17)
(26.1244 5.60665 3.36282e-18)
(26.1325 5.59578 -3.92263e-18)
(26.1406 5.58487 -7.12649e-18)
(26.149 5.57392 0)
(26.1576 5.56284 7.6746e-17)
(26.1653 5.55236 -7.55064e-17)
(26.1714 5.54387 0)
(25.8551 5.76613 -5.8824e-19)
(25.8535 5.7567 0)
(25.8523 5.745 -1.65834e-16)
(25.8518 5.73135 3.08825e-16)
(25.8514 5.71585 5.26124e-16)
(25.8511 5.70332 -4.2942e-16)
(25.8538 5.67492 0)
(25.8363 5.67672 5.4688e-16)
(25.8295 5.62296 -1.56328e-15)
(25.7997 5.59325 1.47191e-15)
(25.776 5.57468 0)
(25.7613 5.55795 9.15861e-16)
(25.7494 5.54412 -1.08813e-15)
(25.7387 5.53315 0)
(25.7303 5.52445 3.32419e-17)
(25.7243 5.51756 -5.47567e-16)
(25.7202 5.51215 7.58223e-16)
(25.7175 5.50789 -2.51235e-16)
(25.7155 5.50443 2.47997e-16)
(25.714 5.50147 -3.59296e-18)
(25.7127 5.49879 -2.63358e-16)
(25.7115 5.49627 -1.59299e-17)
(25.7105 5.49385 0)
(25.7096 5.49163 0)
(25.709 5.48983 -1.11471e-16)
(25.709 5.48861 1.15655e-16)
(25.7094 5.488 -3.65064e-18)
(25.7104 5.48795 1.79516e-18)
(25.7117 5.48841 -2.202e-19)
(25.7133 5.48932 0)
(25.7152 5.49064 -3.04644e-18)
(25.7173 5.49232 4.05683e-17)
(25.7196 5.4943 4.7039e-17)
(25.722 5.49654 -9.65692e-17)
(25.7246 5.49906 -5.60621e-18)
(25.7274 5.50194 0)
(25.7306 5.50537 -1.65294e-16)
(25.735 5.51002 7.75124e-18)
(25.7402 5.51612 9.44318e-18)
(25.8622 5.76437 0)
(25.8638 5.77014 1.26622e-16)
(25.8657 5.77503 -1.04182e-16)
(25.868 5.77837 4.4686e-17)
(25.8701 5.77979 -1.60213e-16)
(25.8722 5.77945 1.66653e-16)
(25.874 5.7775 1.00965e-16)
(25.8752 5.77382 -1.27405e-16)
(25.8765 5.77076 3.90827e-17)
(25.8742 5.76036 0)
(25.8774 5.76622 1.63671e-17)
(25.8832 5.7739 -9.84659e-18)
(25.8915 5.77911 6.53247e-18)
(25.9008 5.78117 6.9408e-18)
(25.9112 5.78079 -3.9071e-17)
(25.9224 5.77809 8.51151e-17)
(25.9344 5.77299 -5.42315e-18)
(25.9471 5.76553 -3.56845e-17)
(25.9604 5.75579 0)
(25.9741 5.74397 9.2469e-17)
(25.988 5.73028 -8.73489e-17)
(26.0018 5.71513 -8.21991e-18)
(26.0153 5.69901 -3.04493e-17)
(26.0278 5.68256 3.33364e-17)
(26.039 5.66631 1.97682e-17)
(26.0491 5.65033 -2.08772e-17)
(26.0587 5.6341 5.3028e-19)
(26.068 5.61776 -5.08652e-18)
(26.0775 5.60186 -1.58388e-18)
(26.0866 5.58482 -3.14598e-18)
(26.0947 5.56836 5.14548e-17)
(26.1024 5.55222 -5.14633e-17)
(26.1102 5.53631 -3.09124e-18)
(26.1178 5.52061 1.02655e-16)
(26.1254 5.50503 7.11745e-19)
(26.1335 5.48941 -1.04979e-16)
(26.143 5.47331 4.29715e-18)
(26.1562 5.45568 -1.58052e-17)
(26.1712 5.43891 8.23844e-18)
(25.8608 5.75782 6.68303e-17)
(25.8597 5.75048 9.80252e-17)
(25.859 5.74135 -2.21518e-16)
(25.8588 5.73054 1.35622e-16)
(25.8585 5.7186 1.18372e-16)
(25.8583 5.70759 0)
(25.8583 5.68367 1.38392e-16)
(25.8435 5.69119 -1.01219e-16)
(25.837 5.62417 4.50642e-16)
(25.7987 5.58843 -1.7961e-15)
(25.7683 5.56853 4.55788e-16)
(25.7506 5.5543 7.10686e-16)
(25.7387 5.54506 9.90082e-17)
(25.7293 5.53859 -1.1897e-15)
(25.7218 5.53296 -2.5526e-18)
(25.7159 5.52744 4.42923e-16)
(25.7112 5.52196 4.35088e-16)
(25.7076 5.51673 -4.70972e-16)
(25.7052 5.51187 0)
(25.704 5.50749 -2.34489e-16)
(25.7038 5.50364 2.34902e-16)
(25.7044 5.50038 1.39914e-17)
(25.7057 5.49785 -2.32662e-16)
(25.7074 5.49609 2.23965e-16)
(25.7095 5.49483 -5.48143e-19)
(25.712 5.49382 5.74889e-17)
(25.715 5.49308 -5.08177e-17)
(25.7185 5.49265 -1.64014e-18)
(25.7225 5.49255 2.01009e-19)
(25.7268 5.49279 5.13158e-17)
(25.7314 5.49334 -1.04681e-16)
(25.7363 5.49425 -4.54841e-17)
(25.7416 5.49551 9.83686e-17)
(25.747 5.49718 2.60996e-18)
(25.7528 5.4993 0)
(25.7586 5.50196 1.7644e-16)
(25.7643 5.505 -1.74259e-16)
(25.7691 5.50842 1.67506e-16)
(25.7718 5.50964 -1.78681e-16)
(25.8657 5.75353 3.77077e-17)
(25.8667 5.75728 -7.51723e-18)
(25.868 5.76032 -1.65397e-16)
(25.8693 5.76225 1.692e-16)
(25.8706 5.76285 6.03154e-17)
(25.8718 5.76225 0)
(25.8728 5.76058 4.92597e-17)
(25.8735 5.75797 0)
(25.8741 5.75574 0)
(25.8725 5.74832 0)
(25.8745 5.75648 3.20954e-18)
(25.8771 5.76453 8.67915e-18)
(25.8823 5.76963 -3.64396e-17)
(25.8894 5.77096 3.02014e-17)
(25.8979 5.76917 2.00316e-17)
(25.9071 5.76474 -1.5187e-17)
(25.9168 5.75821 0)
(25.9268 5.75 6.44499e-18)
(25.937 5.74058 0)
(25.9472 5.7303 -5.82342e-17)
(25.9572 5.71964 5.68903e-17)
(25.9665 5.70904 0)
(25.9748 5.69903 0)
(25.9821 5.68982 0)
(25.9886 5.68139 -8.79158e-18)
(25.9952 5.6732 9.75829e-18)
(26.0017 5.66517 -4.85276e-19)
(26.0081 5.657 3.83415e-18)
(26.0154 5.64852 -2.63435e-17)
(26.0207 5.64187 3.78288e-17)
(26.0266 5.63428 -1.76576e-17)
(26.033 5.62604 3.36496e-17)
(26.0396 5.61782 -3.3646e-17)
(26.0464 5.60964 -3.21031e-17)
(26.0532 5.60137 3.19913e-17)
(26.0599 5.5931 0)
(26.0663 5.58486 -5.03459e-17)
(26.0688 5.57852 1.94898e-17)
(26.0682 5.57328 2.55559e-17)
(25.8649 5.74919 -3.9163e-17)
(25.8642 5.7443 1.75786e-16)
(25.864 5.73824 -6.64779e-17)
(25.8642 5.73098 -5.66019e-16)
(25.8648 5.72302 3.21342e-16)
(25.8657 5.71452 0)
(25.8661 5.69872 -1.26191e-16)
(25.8579 5.70819 9.1923e-17)
(25.8484 5.62682 1.07227e-16)
(25.7981 5.5736 1.42024e-16)
(25.7573 5.53803 1.53716e-16)
(25.7333 5.51572 6.4248e-16)
(25.7202 5.50603 -8.20031e-16)
(25.7146 5.50503 0)
(25.7145 5.50867 4.35874e-16)
(25.7175 5.51405 -4.02871e-16)
(25.7216 5.5197 1.24837e-17)
(25.7252 5.52484 3.70523e-16)
(25.7279 5.52909 -9.88664e-18)
(25.7297 5.53245 -3.66243e-16)
(25.731 5.53493 3.97986e-18)
(25.7324 5.53669 1.66474e-16)
(25.7347 5.53786 -1.68933e-16)
(25.7392 5.53886 0)
(25.7457 5.54053 -5.78483e-18)
(25.7531 5.54319 0)
(25.7604 5.54654 0)
(25.7676 5.55024 0)
(25.7746 5.55422 1.84756e-17)
(25.7815 5.55834 1.78335e-17)
(25.7881 5.56256 3.28637e-17)
(25.7945 5.56676 -6.92148e-17)
(25.8004 5.57089 0)
(25.8061 5.57493 -1.32595e-16)
(25.8117 5.57897 1.22888e-16)
(25.8177 5.58321 -1.18139e-16)
(25.825 5.58819 5.66923e-18)
(25.8366 5.59489 1.08647e-16)
(25.8508 5.60463 -5.66752e-18)
(25.8694 5.74168 -1.01708e-18)
(25.87 5.74305 -9.67252e-17)
(25.8707 5.7441 2.30248e-16)
(25.8715 5.74471 -3.98568e-16)
(25.8722 5.7448 2.00587e-16)
(25.8728 5.74444 1.25716e-16)
(25.8733 5.7437 -3.05363e-16)
(25.8736 5.74272 1.57984e-16)
(25.8738 5.74183 -5.55581e-17)
(25.8731 5.73902 4.32782e-17)
(25.8745 5.74802 -2.83406e-18)
(25.8737 5.75696 0)
(25.8739 5.76579 3.31572e-17)
(25.8764 5.77184 -3.78276e-17)
(25.8811 5.7741 0)
(25.8878 5.77213 0)
(25.8964 5.76582 0)
(25.9068 5.75523 3.02705e-17)
(25.9188 5.74058 -6.3476e-18)
(25.9324 5.72222 -2.45829e-17)
(25.9476 5.7007 0)
(25.9641 5.67688 3.5411e-17)
(25.9813 5.6519 -8.08915e-17)
(25.9978 5.62702 4.57468e-17)
(26.0123 5.60308 0)
(26.0254 5.57961 -3.88734e-19)
(26.0382 5.55624 0)
(26.051 5.5326 -2.60659e-18)
(26.0659 5.50816 -3.97269e-17)
(26.0795 5.48541 8.78244e-17)
(26.0891 5.4626 -4.70698e-17)
(26.0999 5.43992 0)
(26.1119 5.41727 1.04871e-16)
(26.1235 5.39478 -2.12637e-16)
(26.1349 5.37235 1.07511e-16)
(26.1473 5.34965 2.34376e-16)
(26.1623 5.32602 -2.3195e-16)
(26.185 5.30065 2.19484e-18)
(26.2119 5.27724 0)
(25.869 5.74008 1.50033e-16)
(25.8688 5.73829 1.64892e-16)
(25.8689 5.73609 -4.97465e-16)
(25.8694 5.73343 2.87666e-16)
(25.8704 5.73048 -3.50702e-16)
(25.8721 5.72693 2.85241e-16)
(25.8745 5.72172 -2.78438e-16)
(25.874 5.72573 6.03963e-16)
(25.8664 5.6578 -6.76473e-16)
(25.8234 5.60114 8.36873e-17)
(25.7876 5.54924 0)
(25.7623 5.50573 6.65825e-16)
(25.7439 5.47306 -1.47608e-15)
(25.7308 5.44988 8.56798e-16)
(25.7238 5.43396 1.03992e-15)
(25.7227 5.42307 -5.34625e-16)
(25.7263 5.41551 1.17485e-17)
(25.7337 5.40995 -1.20424e-15)
(25.7437 5.40545 6.10646e-16)
(25.7551 5.40154 0)
(25.7673 5.39793 -3.53027e-18)
(25.7795 5.39451 -2.90439e-16)
(25.7908 5.39133 2.90484e-16)
(25.7992 5.38871 2.845e-16)
(25.8045 5.38702 -4.26144e-16)
(25.8089 5.38629 1.42828e-16)
(25.814 5.38633 0)
(25.8196 5.38703 0)
(25.8253 5.38832 0)
(25.8309 5.39014 6.93852e-17)
(25.8367 5.3924 6.87723e-17)
(25.8425 5.39503 -1.37146e-16)
(25.8485 5.39794 0)
(25.8543 5.40106 2.86388e-18)
(25.8599 5.40436 -2.49973e-16)
(25.8643 5.40785 2.49891e-16)
(25.8667 5.41177 -2.41639e-16)
(25.863 5.41646 7.15202e-16)
(25.8556 5.42323 -4.82354e-16)
(25.0802 7.06747 -9.53239e-18)
(20.1991 6.14239 -1.7875e-18)
(15.9751 5.23624 1.59493e-17)
(12.3747 4.39728 0)
(9.25946 3.58755 0)
(6.52327 2.8064 -2.44642e-18)
(4.08981 2.05993 0)
(1.90954 1.35076 0)
(-0.0480297 0.682171 0)
(-1.80797 0.0550387 0)
(-3.38826 -0.529179 -4.41091e-18)
(-4.79807 -1.06672 0)
(-6.04483 -1.55506 0)
(-7.12794 -1.99008 0)
(-8.03745 -2.36687 -2.85263e-17)
(-8.75499 -2.67973 0)
(-9.25508 -2.92286 9.33085e-18)
(-9.50677 -3.09055 -9.69439e-18)
(-9.4768 -3.17707 0)
(-9.13988 -3.17965 0)
(-8.47945 -3.10024 0)
(-7.48391 -2.94352 0)
(-6.15014 -2.7181 0)
(-4.48099 -2.43536 2.51668e-17)
(-2.48098 -2.10858 0)
(-0.149942 -1.74801 0)
(2.50791 -1.36083 0)
(5.46994 -0.949146 0)
(8.73526 -0.509736 0)
(12.3179 -0.0318714 -6.44137e-17)
(16.2169 0.497584 0)
(20.3459 1.08045 0)
(24.4422 1.68611 2.50006e-16)
(28.0271 2.23825 0)
(30.5154 2.64629 0)
(31.6004 2.88594 0)
(31.5899 3.02405 0)
(31.0881 3.14314 0)
(30.524 3.27982 -6.21777e-17)
(30.0554 3.43466 0)
(29.6822 3.5978 2.30438e-16)
(29.3642 3.76069 -3.98712e-16)
(29.0741 3.91911 0)
(28.8041 4.07183 0)
(28.5549 4.21875 0)
(28.3275 4.35972 0)
(28.1214 4.49434 1.90476e-16)
(27.9352 4.6221 0)
(27.7673 4.74258 5.18663e-17)
(27.6161 4.85546 0)
(27.4804 4.96045 0)
(27.3588 5.0574 1.80427e-16)
(27.2501 5.14623 2.58663e-17)
(27.1529 5.22691 -2.15672e-17)
(27.0663 5.29948 0)
(26.9889 5.36404 0)
(26.9197 5.42077 0)
(26.8577 5.46991 -2.02602e-17)
(26.8018 5.51176 1.30297e-16)
(26.7512 5.54665 0)
(26.7051 5.57497 -2.20204e-16)
(26.6626 5.5971 0)
(26.6231 5.6135 0)
(26.5859 5.62459 0)
(26.5505 5.63094 0)
(26.5166 5.63282 1.11544e-16)
(26.4832 5.63106 0)
(26.4564 5.62632 7.29907e-18)
(26.4332 5.62041 0)
(26.4084 5.61212 -1.65591e-16)
(26.3814 5.60245 0)
(26.3526 5.58915 -6.2388e-18)
(26.3207 5.57743 0)
(26.2905 5.55572 0)
(26.2531 5.54998 0)
(26.2294 5.50619 3.77713e-18)
(26.1764 5.53476 7.81759e-17)
(26.181 5.42026 0)
(26.07 5.56764 -5.99218e-18)
(26.2284 5.25413 0)
(29.8439 7.62838 1.43228e-17)
(30.5919 7.56478 0)
(30.7952 7.55821 -1.34406e-19)
(30.8013 7.52966 0)
(30.6834 7.47611 0)
(30.5779 7.45338 -4.89381e-19)
(30.4621 7.3883 0)
(30.3505 7.36726 0)
(30.2371 7.30521 0)
(30.1218 7.27292 0)
(30.0072 7.21855 0)
(29.8908 7.17631 -1.63138e-18)
(29.7746 7.12553 1.70138e-18)
(29.6576 7.07786 0)
(29.5405 7.02716 0)
(29.4233 6.97656 0)
(29.3062 6.92458 -3.92977e-17)
(29.1893 6.87204 0)
(29.0728 6.81863 0)
(28.9569 6.76452 0)
(28.8416 6.70975 0)
(28.7272 6.6544 0)
(28.6138 6.59861 0)
(28.5015 6.54244 0)
(28.3905 6.48601 0)
(28.2808 6.42949 5.94512e-18)
(28.1727 6.37304 0)
(28.0662 6.31681 0)
(27.9614 6.261 -7.72179e-17)
(27.8585 6.20583 0)
(27.7577 6.15151 0)
(27.6589 6.09828 0)
(27.5623 6.04633 0)
(27.4681 5.99592 9.39262e-17)
(27.3763 5.94725 5.34964e-18)
(27.2872 5.90055 0)
(27.2006 5.85599 -8.17286e-18)
(27.1169 5.81376 0)
(27.0361 5.77401 0)
(26.9582 5.73686 5.04399e-18)
(26.8834 5.70241 8.90739e-17)
(26.8118 5.67074 0)
(26.7434 5.64188 6.94452e-17)
(26.6783 5.61584 -4.3547e-18)
(26.6165 5.59259 0)
(26.5581 5.57208 -9.2307e-17)
(26.503 5.55424 0)
(26.4513 5.53895 0)
(26.4028 5.52608 -5.91287e-17)
(26.3575 5.51548 0)
(26.3152 5.50696 -7.13348e-20)
(26.2758 5.50035 6.94346e-17)
(26.239 5.49546 0)
(26.2049 5.49209 4.5823e-17)
(26.1731 5.49006 0)
(26.1435 5.48918 0)
(26.116 5.4893 0)
(26.0905 5.49024 -3.44193e-17)
(26.0667 5.49183 0)
(26.0443 5.49393 -3.00874e-17)
(26.0229 5.49634 0)
(26.0024 5.49893 -4.61181e-18)
(25.9823 5.50157 0)
(25.9624 5.50415 0)
(25.9428 5.50661 3.45357e-18)
(25.9234 5.50893 -3.15779e-18)
(25.9043 5.51107 -3.02992e-17)
(25.8883 5.51264 0)
(25.8756 5.51394 0)
(25.8615 5.51506 -4.18027e-17)
(25.8456 5.5159 -8.60444e-17)
(25.8262 5.51606 0)
(25.8021 5.51497 -8.59635e-17)
(25.7738 5.513 -8.40665e-17)
(25.7458 5.50933 2.79756e-18)
(25.7293 5.50923 1.60988e-16)
(25.7432 5.51961 4.85304e-18)
(25.775 5.50974 0)
(25.8574 5.6102 0)
(25.8557 5.42737 -5.08595e-16)
(29.6402 8.89225 1.48518e-17)
(28.2541 8.70225 -2.36849e-18)
(25.98 8.3797 -2.59283e-17)
(23.2893 7.9559 0)
(20.4475 7.43135 0)
(17.5922 6.8279 -1.13867e-17)
(14.7979 6.16841 0)
(12.1065 5.46865 0)
(9.54178 4.74133 1.56968e-17)
(7.11621 3.99826 0)
(4.83567 3.25054 -3.78249e-17)
(2.7021 2.50675 0)
(0.723557 1.77707 0)
(-1.09029 1.07048 0)
(-2.72804 0.395715 0)
(-4.17473 -0.238527 0)
(-5.409 -0.823506 1.18245e-17)
(-6.39889 -1.34854 -1.18348e-17)
(-7.10287 -1.80275 0)
(-7.47189 -2.176 0)
(-7.45612 -2.45965 0)
(-7.01667 -2.64617 -7.62406e-17)
(-6.13654 -2.73404 0)
(-4.81705 -2.72764 2.69513e-17)
(-3.08026 -2.63514 0)
(-0.964465 -2.46688 0)
(1.4846 -2.23398 0)
(4.2604 -1.94463 8.96766e-17)
(7.35554 -1.60511 0)
(10.7587 -1.21351 -2.47475e-16)
(14.4503 -0.759033 0)
(18.3745 -0.225545 0)
(22.3824 0.389067 -2.5624e-16)
(26.1379 1.04137 0)
(29.0764 1.62657 0)
(30.6478 2.05058 3.30077e-16)
(30.9103 2.32776 0)
(30.5011 2.54201 0)
(29.9656 2.74923 -8.6311e-17)
(29.5209 2.96283 1.99417e-16)
(29.1827 3.17975 -6.40958e-17)
(28.9084 3.39344 7.05982e-16)
(28.664 3.59929 0)
(28.4373 3.79525 0)
(28.2275 3.98089 0)
(28.0361 4.15625 0)
(27.8632 4.3212 -1.91405e-16)
(27.7075 4.47558 0)
(27.5675 4.61928 6.55134e-17)
(27.4418 4.75224 0)
(27.3293 4.87454 0)
(27.2286 4.98632 -3.78247e-17)
(27.1387 5.08776 1.54951e-16)
(27.0584 5.1791 -2.59095e-17)
(26.9867 5.26058 0)
(26.9225 5.33253 0)
(26.865 5.39532 0)
(26.8132 5.44937 -2.3707e-17)
(26.7661 5.49513 -1.29581e-16)
(26.7231 5.53308 0)
(26.6835 5.56373 0)
(26.6464 5.58759 0)
(26.6115 5.60523 1.33235e-16)
(26.5781 5.61713 0)
(26.5457 5.62397 -1.04771e-16)
(26.5142 5.62607 0)
(26.4827 5.62433 0)
(26.4573 5.61953 8.74988e-18)
(26.435 5.61353 0)
(26.411 5.605 7.99564e-17)
(26.3845 5.59517 0)
(26.3562 5.58136 -7.994e-18)
(26.3244 5.56971 0)
(26.2943 5.54689 -8.39492e-17)
(26.2569 5.54206 0)
(26.2326 5.49577 7.23249e-18)
(26.1806 5.52739 -7.79517e-17)
(26.1823 5.40778 0)
(26.076 5.56173 0)
(26.2297 5.24031 0)
(29.76 8.83414 0)
(29.8148 8.79989 0)
(29.7356 8.73585 -3.35765e-18)
(29.6637 8.66248 0)
(29.5901 8.59 2.19895e-17)
(29.5187 8.5119 -5.94915e-18)
(29.445 8.43627 0)
(29.3707 8.35693 0)
(29.2943 8.27699 0)
(29.217 8.19664 0)
(29.1382 8.11374 0)
(29.0583 8.03125 -8.87869e-18)
(28.9773 7.94659 8.39752e-18)
(28.8953 7.8619 0)
(28.8123 7.77592 0)
(28.7286 7.68959 0)
(28.6443 7.60261 3.61441e-17)
(28.5595 7.51533 0)
(28.4743 7.42787 -5.39862e-17)
(28.3889 7.34036 0)
(28.3034 7.25302 -4.88628e-17)
(28.218 7.166 0)
(28.1328 7.07955 0)
(28.0479 6.99382 0)
(27.9636 6.90899 0)
(27.88 6.82529 8.62941e-17)
(27.797 6.74292 0)
(27.7151 6.66204 0)
(27.6341 6.58285 0)
(27.5542 6.50554 0)
(27.4756 6.43031 0)
(27.3984 6.35734 0)
(27.3226 6.28679 0)
(27.2482 6.21887 -1.14597e-17)
(27.1756 6.1537 8.30491e-17)
(27.1046 6.09147 0)
(27.0353 6.0323 -1.36183e-16)
(26.968 5.97634 0)
(26.9025 5.92367 0)
(26.8391 5.8744 9.82647e-17)
(26.7778 5.82856 -8.74237e-17)
(26.7187 5.78621 -7.04757e-17)
(26.6618 5.74734 -6.83021e-17)
(26.6073 5.71195 -9.53897e-18)
(26.5551 5.67997 0)
(26.5053 5.65134 9.10269e-17)
(26.4581 5.62594 0)
(26.4133 5.60364 6.37709e-17)
(26.3709 5.58428 5.48095e-17)
(26.331 5.5677 0)
(26.2933 5.55369 -3.07253e-18)
(26.2579 5.54205 -6.87403e-17)
(26.2247 5.53256 0)
(26.1934 5.525 0)
(26.164 5.51917 0)
(26.1365 5.51487 2.97091e-17)
(26.1107 5.51189 0)
(26.0865 5.51005 6.95913e-17)
(26.0637 5.50915 2.59066e-17)
(26.0422 5.509 1.61479e-17)
(26.0215 5.50942 0)
(26.0014 5.51023 -1.7236e-18)
(25.9816 5.51129 0)
(25.9619 5.51247 7.68832e-18)
(25.9424 5.5137 3.12153e-18)
(25.9231 5.51493 -2.93878e-18)
(25.9042 5.51613 2.4545e-17)
(25.8882 5.51698 1.83787e-17)
(25.8755 5.51771 0)
(25.8614 5.51827 4.15987e-17)
(25.8452 5.51857 8.08736e-17)
(25.8255 5.51822 0)
(25.801 5.51664 7.82129e-17)
(25.7726 5.51422 7.72815e-17)
(25.7451 5.51047 3.11442e-18)
(25.73 5.51008 -1.51027e-16)
(25.7452 5.52162 4.58681e-18)
(25.7807 5.51085 -1.65151e-16)
(25.8575 5.61204 0)
(25.8633 5.43184 5.0706e-16)
(28.5393 9.44053 3.43742e-18)
(28.6599 9.50754 -3.07053e-18)
(28.4447 9.50984 1.61118e-17)
(27.7053 9.4291 0)
(26.4546 9.25769 7.5056e-18)
(24.7949 8.99049 0)
(22.8344 8.62582 0)
(20.664 8.16931 0)
(18.3562 7.63175 -6.05277e-18)
(15.9693 7.02535 0)
(13.5497 6.36192 2.61318e-17)
(11.1354 5.65272 0)
(8.75908 4.90924 0)
(6.45035 4.14295 0)
(4.23788 3.36549 0)
(2.15207 2.58785 0)
(0.228147 1.82199 1.33532e-17)
(-1.49397 1.08038 -3.69494e-17)
(-2.96894 0.376469 0)
(-4.14535 -0.275404 0)
(-4.96878 -0.85897 0)
(-5.37697 -1.35611 7.9379e-17)
(-5.30672 -1.75178 0)
(-4.71101 -2.03338 1.30123e-16)
(-3.57445 -2.19627 -4.91924e-17)
(-1.90656 -2.24513 0)
(0.262156 -2.19523 0)
(2.87206 -2.06228 -8.9815e-17)
(5.85676 -1.8577 0)
(9.16098 -1.58882 -1.06998e-16)
(12.7355 -1.2557 0)
(16.5189 -0.849554 0)
(20.4026 -0.355818 0)
(24.1663 0.225334 0)
(27.3798 0.834818 0)
(29.4038 1.3606 -3.44131e-16)
(30.0016 1.75438 0)
(29.7416 2.06378 0)
(29.2715 2.34483 -9.00861e-17)
(28.8728 2.61703 -2.05707e-16)
(28.5832 2.8822 -1.77006e-16)
(28.3633 3.13714 -4.97679e-16)
(28.1753 3.37907 0)
(28.0023 3.60666 0)
(27.8418 3.81998 1.2772e-16)
(27.6952 4.01952 -1.11722e-16)
(27.563 4.20561 9.78975e-17)
(27.4444 4.37845 0)
(27.3382 4.53816 6.63154e-17)
(27.243 4.68496 0)
(27.1579 4.81914 0)
(27.0818 4.94103 -3.82008e-17)
(27.0139 5.051 0)
(26.953 5.14945 -1.0714e-16)
(26.8985 5.2368 0)
(26.8495 5.31352 0)
(26.8051 5.38014 0)
(26.7647 5.4372 -2.25916e-16)
(26.7275 5.48525 9.01849e-17)
(26.693 5.5249 0)
(26.6604 5.55674 0)
(26.6293 5.58137 0)
(26.5993 5.59945 -1.32477e-16)
(26.57 5.61152 0)
(26.5409 5.61832 1.04204e-16)
(26.512 5.62022 0)
(26.4824 5.61818 0)
(26.4585 5.61308 8.18573e-18)
(26.4371 5.60679 0)
(26.4138 5.59787 6.80995e-17)
(26.3879 5.58777 1.18578e-16)
(26.3599 5.57337 -7.39176e-18)
(26.3284 5.5617 0)
(26.2981 5.53781 8.36239e-17)
(26.261 5.53368 0)
(26.2353 5.48524 1.30834e-16)
(26.1853 5.51932 0)
(26.1826 5.39552 0)
(26.083 5.55501 0)
(26.2292 5.22659 0)
(28.3859 9.33691 -1.50623e-17)
(28.3519 9.29077 0)
(28.3031 9.20555 -3.31774e-18)
(28.273 9.129 0)
(28.2433 9.04754 -2.04279e-17)
(28.2129 8.96422 -6.02045e-18)
(28.1816 8.88013 0)
(28.149 8.79263 1.3374e-17)
(28.1153 8.70498 -1.30799e-17)
(28.0807 8.61447 0)
(28.0448 8.52329 0)
(28.0079 8.43022 -9.42541e-18)
(27.9699 8.33612 8.98106e-18)
(27.9307 8.24082 -2.29345e-17)
(27.8905 8.14453 0)
(27.8492 8.04742 0)
(27.8069 7.94965 -2.07962e-17)
(27.7636 7.85132 0)
(27.7194 7.7527 5.1338e-17)
(27.6742 7.6539 0)
(27.6282 7.55516 8.21858e-17)
(27.5815 7.45664 0)
(27.534 7.35859 0)
(27.4858 7.26122 6.17686e-17)
(27.4372 7.16474 0)
(27.388 7.0694 -5.55603e-17)
(27.3384 6.97545 0)
(27.2885 6.88311 0)
(27.2384 6.79264 0)
(27.1881 6.70426 0)
(27.1378 6.61822 0)
(27.0876 6.53473 0)
(27.0375 6.45401 0)
(26.9876 6.37623 -1.27713e-17)
(26.9381 6.30159 -5.99519e-17)
(26.8889 6.23025 5.50982e-17)
(26.8403 6.16235 1.00911e-16)
(26.7923 6.09801 0)
(26.745 6.03732 0)
(26.6985 5.98037 0)
(26.6528 5.9272 6.83511e-17)
(26.6081 5.87783 6.93018e-17)
(26.5646 5.83228 0)
(26.5222 5.7905 -1.08703e-16)
(26.4811 5.75244 0)
(26.4414 5.71802 0)
(26.4031 5.68713 6.69083e-17)
(26.3664 5.65963 -4.64816e-18)
(26.3312 5.63536 -3.61472e-18)
(26.2975 5.61414 0)
(26.2654 5.59578 -7.84679e-17)
(26.2348 5.58007 6.30558e-17)
(26.2056 5.5668 0)
(26.1778 5.55572 0)
(26.1514 5.54665 0)
(26.1264 5.53935 -5.86899e-17)
(26.1027 5.53363 0)
(26.0803 5.52929 -7.10116e-17)
(26.0589 5.52611 1.0454e-18)
(26.0385 5.52388 0)
(26.0186 5.52242 0)
(25.9992 5.52153 -1.48882e-18)
(25.9798 5.52105 0)
(25.9606 5.52087 -7.64544e-18)
(25.9414 5.52089 2.89697e-18)
(25.9223 5.52104 -2.76895e-18)
(25.9035 5.5213 -2.44275e-17)
(25.8877 5.52141 -1.63875e-18)
(25.8751 5.52156 0)
(25.8609 5.52155 -3.6007e-17)
(25.8445 5.52131 -7.57082e-17)
(25.8245 5.52042 -7.3947e-17)
(25.7998 5.51834 -7.79099e-17)
(25.7712 5.51547 -3.37049e-18)
(25.7444 5.51163 3.06566e-18)
(25.731 5.51109 5.35618e-18)
(25.7473 5.52342 1.39465e-16)
(25.7872 5.51268 1.64701e-16)
(25.8574 5.61332 0)
(25.8716 5.43639 0)
(27.0479 9.4169 2.98861e-18)
(27.1031 9.48675 -2.98189e-18)
(27.2146 9.5567 0)
(27.3146 9.62494 0)
(27.2892 9.66704 -5.00167e-18)
(27.017 9.6563 0)
(26.4136 9.57717 0)
(25.4533 9.42123 0)
(24.1565 9.18102 -6.42761e-18)
(22.5667 8.85112 0)
(20.7364 8.43116 -1.81325e-17)
(18.719 7.92597 0)
(16.5663 7.34369 -5.41861e-18)
(14.3276 6.69367 5.18733e-18)
(12.0498 5.98571 0)
(9.77868 5.22999 0)
(7.56004 4.43786 1.15581e-17)
(5.44039 3.62189 0)
(3.46759 2.79602 0)
(1.693 1.9758 0)
(0.17903 1.18004 0)
(-1.00375 0.429568 0)
(-1.77721 -0.252945 -2.06863e-17)
(-2.06004 -0.843658 -3.10727e-17)
(-1.78066 -1.31825 3.18636e-17)
(-0.897694 -1.66081 0)
(0.586129 -1.86523 0)
(2.63164 -1.93516 0)
(5.17282 -1.88139 -3.80005e-17)
(8.12951 -1.71767 1.45443e-16)
(11.4177 -1.45543 0)
(14.9488 -1.10146 0)
(18.6146 -0.657183 3.75646e-17)
(22.2466 -0.125216 0)
(25.551 0.46499 0)
(27.9413 1.0224 -7.64978e-17)
(28.9238 1.47134 0)
(28.8728 1.825 0)
(28.5044 2.13737 -2.15638e-16)
(28.1737 2.43586 0)
(27.9454 2.72521 -4.97314e-17)
(27.7873 3.00235 1.07502e-16)
(27.6607 3.26431 0)
(27.5457 3.50962 0)
(27.4382 3.73838 -6.42245e-17)
(27.3394 3.95132 1.1213e-16)
(27.2504 4.14901 -4.54317e-17)
(27.171 4.33187 0)
(27.1002 4.50024 6.38699e-17)
(27.0372 4.65443 0)
(26.9809 4.79489 0)
(26.9306 4.92203 -3.7012e-17)
(26.8856 5.03632 0)
(26.8452 5.13824 5.52011e-17)
(26.8087 5.22832 0)
(26.7754 5.30715 0)
(26.7448 5.3753 0)
(26.7163 5.43341 1.77858e-16)
(26.6893 5.48211 -1.60387e-16)
(26.6635 5.52205 0)
(26.6383 5.55391 0)
(26.6134 5.57834 0)
(26.5884 5.59605 9.84929e-17)
(26.5632 5.60762 0)
(26.5375 5.61385 0)
(26.5111 5.61512 0)
(26.4836 5.61246 0)
(26.461 5.6068 7.56851e-18)
(26.4405 5.60007 0)
(26.4179 5.59061 -5.01468e-18)
(26.3924 5.58012 -1.17964e-16)
(26.3647 5.56508 -6.55898e-18)
(26.3334 5.55329 -8.2653e-17)
(26.3028 5.52839 -7.40838e-17)
(26.2659 5.52485 1.16667e-16)
(26.239 5.47444 0)
(26.1905 5.51081 0)
(26.1842 5.38307 0)
(26.089 5.54815 0)
(26.2308 5.21233 0)
(27.0466 9.33285 1.02244e-17)
(27.0377 9.28219 0)
(27.0366 9.20762 -2.76653e-18)
(27.0374 9.13847 0)
(27.0377 9.06418 8.46218e-18)
(27.0379 8.98877 -5.10119e-18)
(27.0377 8.91083 0)
(27.0371 8.83085 -4.79474e-18)
(27.0362 8.74897 4.63648e-18)
(27.0347 8.66487 0)
(27.0326 8.57912 0)
(27.0299 8.49141 -8.28969e-18)
(27.0265 8.40214 7.95297e-18)
(27.0223 8.31126 7.61321e-18)
(27.0172 8.21897 0)
(27.0113 8.12547 0)
(27.0044 8.03087 6.58267e-18)
(26.9965 7.9354 0)
(26.9877 7.83922 -2.56317e-17)
(26.9777 7.74255 0)
(26.9667 7.6456 -3.44958e-17)
(26.9545 7.54862 0)
(26.9413 7.45177 0)
(26.9269 7.35534 -6.00517e-17)
(26.9113 7.25954 0)
(26.8945 7.1646 1.45021e-17)
(26.8766 7.07075 0)
(26.8576 6.97827 0)
(26.8374 6.88734 0)
(26.8161 6.79823 0)
(26.7937 6.71117 0)
(26.7703 6.62639 0)
(26.7458 6.54409 0)
(26.7204 6.46449 -1.30667e-17)
(26.6941 6.3878 5.8726e-17)
(26.6671 6.31418 -1.01979e-17)
(26.6392 6.2438 -9.89838e-17)
(26.6108 6.17681 0)
(26.5817 6.11331 0)
(26.5523 6.05341 0)
(26.5225 5.99718 -1.24537e-16)
(26.4925 5.94465 -5.20031e-17)
(26.4625 5.89584 4.69725e-17)
(26.4325 5.85076 0)
(26.4027 5.80935 -7.55595e-17)
(26.3732 5.77157 0)
(26.3442 5.7373 -6.51047e-18)
(26.3158 5.70645 -5.21419e-18)
(26.2879 5.67886 -4.11675e-18)
(26.2608 5.6544 0)
(26.2344 5.63287 0)
(26.2088 5.6141 -3.60247e-18)
(26.184 5.59787 0)
(26.1599 5.58398 0)
(26.1368 5.57223 3.47257e-17)
(26.1145 5.56241 5.73696e-17)
(26.0931 5.55433 0)
(26.0725 5.54777 -2.06015e-19)
(26.0528 5.54254 -2.65664e-17)
(26.0336 5.53842 0)
(26.0147 5.53521 0)
(25.996 5.53272 -1.26538e-18)
(25.9773 5.53078 0)
(25.9586 5.52928 0)
(25.9397 5.52812 2.66082e-18)
(25.921 5.52722 -2.58105e-18)
(25.9024 5.52654 0)
(25.8867 5.52591 -1.55049e-18)
(25.8742 5.52547 0)
(25.86 5.52489 2.53078e-18)
(25.8435 5.52409 2.26933e-18)
(25.8232 5.52266 4.06325e-18)
(25.7982 5.52007 0)
(25.7696 5.51673 -3.25033e-18)
(25.7435 5.51279 2.91212e-18)
(25.7319 5.51224 5.11254e-18)
(25.7497 5.52518 1.30473e-16)
(25.7932 5.51481 -1.54374e-16)
(25.8588 5.61467 0)
(25.8781 5.4407 0)
(25.9209 8.97025 2.51225e-18)
(25.8845 9.01307 -2.51265e-18)
(25.8668 9.05642 3.7195e-18)
(25.8886 9.1114 0)
(25.9551 9.17415 -8.33169e-18)
(26.0452 9.2368 -3.15132e-18)
(26.1087 9.28986 0)
(26.0711 9.31792 0)
(25.8476 9.30202 -1.18035e-17)
(25.3627 9.22484 0)
(24.5717 9.07468 1.13238e-17)
(23.4666 8.84353 1.94122e-18)
(22.0698 8.52515 6.86328e-18)
(20.4227 8.11659 -6.22299e-18)
(18.5758 7.6202 0)
(16.5828 7.04328 0)
(14.4975 6.39531 9.6007e-18)
(12.3738 5.68613 1.62133e-19)
(10.2655 4.92615 0)
(8.22781 4.12726 0)
(6.31987 3.30383 0)
(4.60727 2.47363 2.79165e-18)
(3.16561 1.65876 1.54071e-17)
(2.08399 0.885987 -2.43679e-17)
(1.46531 0.185793 2.02739e-17)
(1.41434 -0.410558 0)
(2.00816 -0.872713 0)
(3.26826 -1.18078 0)
(5.15819 -1.33178 3.90617e-17)
(7.59675 -1.33283 -5.66557e-17)
(10.4766 -1.19579 1.89892e-17)
(13.6776 -0.933066 0)
(17.0705 -0.556297 -6.01231e-17)
(20.5015 -0.0797178 0)
(23.7552 0.472383 0)
(26.3812 1.03023 7.58925e-17)
(27.7604 1.50026 0)
(27.9711 1.86278 0)
(27.7224 2.16789 4.24327e-17)
(27.4607 2.45605 0)
(27.2927 2.73781 5.01606e-17)
(27.1969 3.01096 1.01845e-16)
(27.1334 3.27167 6.19634e-18)
(27.0784 3.51706 0)
(27.0255 3.74629 -6.43262e-17)
(26.9759 3.95975 0)
(26.9313 4.15798 -4.34829e-17)
(26.8921 4.34135 0)
(26.8578 4.51012 6.14133e-17)
(26.8277 4.66458 0)
(26.801 4.80511 0)
(26.7772 4.93212 -3.58583e-17)
(26.7558 5.04606 0)
(26.7362 5.14746 -2.47315e-17)
(26.7181 5.23684 0)
(26.701 5.31482 0)
(26.6844 5.38199 0)
(26.6681 5.43901 -2.27168e-17)
(26.6515 5.48653 1.85652e-17)
(26.6346 5.52525 0)
(26.6169 5.55585 0)
(26.5982 5.57901 0)
(26.5784 5.59546 -9.78684e-17)
(26.5574 5.60581 0)
(26.535 5.61088 0)
(26.5112 5.61104 0)
(26.4856 5.60739 0)
(26.4644 5.6009 7.95506e-17)
(26.4448 5.59354 -6.44645e-17)
(26.4228 5.58339 -1.19758e-16)
(26.3978 5.57238 0)
(26.3704 5.55662 -6.33607e-18)
(26.3392 5.54462 5.06456e-18)
(26.3083 5.51871 7.37713e-17)
(26.2714 5.51566 -6.32392e-18)
(26.2434 5.46341 0)
(26.1959 5.50196 6.20228e-17)
(26.1867 5.37045 0)
(26.0947 5.54115 4.50435e-18)
(26.2337 5.19783 0)
(25.9555 8.90846 2.44186e-18)
(25.9709 8.86804 0)
(25.9924 8.81108 -4.34069e-18)
(26.0127 8.75671 0)
(26.0338 8.69874 -1.24429e-17)
(26.0552 8.63952 -1.23194e-17)
(26.0769 8.57814 3.96557e-18)
(26.099 8.51496 -8.09789e-18)
(26.1213 8.44988 4.02155e-18)
(26.1437 8.38288 0)
(26.1661 8.31408 -7.82868e-18)
(26.1885 8.24345 -1.50698e-17)
(26.2107 8.17108 1.47592e-17)
(26.2326 8.09701 1.44361e-17)
(26.2542 8.02133 -7.63418e-18)
(26.2752 7.94416 0)
(26.2957 7.86554 5.9069e-18)
(26.3155 7.78567 0)
(26.3345 7.70462 2.52918e-17)
(26.3525 7.62257 0)
(26.3696 7.53968 0)
(26.3855 7.45616 0)
(26.4001 7.37218 0)
(26.4135 7.28793 0)
(26.4255 7.2037 0)
(26.436 7.11963 3.89176e-17)
(26.445 7.036 0)
(26.4524 6.95305 0)
(26.458 6.871 -2.29361e-17)
(26.462 6.79008 0)
(26.4642 6.71055 0)
(26.4646 6.63262 0)
(26.4632 6.55653 0)
(26.46 6.48245 -4.96958e-17)
(26.455 6.41064 0)
(26.4483 6.34125 -4.30657e-17)
(26.4398 6.27447 0)
(26.4296 6.21045 0)
(26.4179 6.14935 0)
(26.4047 6.09127 0)
(26.3901 6.03633 5.64279e-17)
(26.3743 5.98458 5.12194e-17)
(26.3574 5.93612 -4.62848e-17)
(26.3395 5.89094 0)
(26.3208 5.84905 7.45192e-17)
(26.3015 5.81044 0)
(26.2817 5.77505 -5.87658e-17)
(26.2616 5.74282 -5.90301e-18)
(26.2412 5.71365 -4.52837e-17)
(26.2208 5.68744 -7.12274e-17)
(26.2003 5.66404 0)
(26.1799 5.64331 -1.11892e-16)
(26.1596 5.62507 0)
(26.1395 5.60915 0)
(26.1198 5.59538 -3.44037e-17)
(26.1004 5.58358 -2.81406e-17)
(26.0815 5.57358 4.40591e-17)
(26.0631 5.56518 4.33625e-19)
(26.0451 5.55818 0)
(26.0273 5.55239 -2.01163e-17)
(26.0096 5.5476 0)
(25.9919 5.54364 -9.86785e-19)
(25.9739 5.54034 8.26549e-18)
(25.9557 5.5376 -4.06927e-19)
(25.9374 5.53532 8.68516e-18)
(25.9191 5.53339 -2.3645e-18)
(25.9009 5.5318 0)
(25.8854 5.53044 -1.48751e-17)
(25.873 5.52943 0)
(25.8588 5.52828 2.43166e-18)
(25.8421 5.52691 2.19298e-18)
(25.8216 5.52492 6.92343e-17)
(25.7963 5.52182 0)
(25.7678 5.51804 -6.9845e-17)
(25.7425 5.51401 2.83239e-18)
(25.7329 5.51354 1.39174e-16)
(25.7524 5.52704 -1.30066e-16)
(25.7989 5.51719 1.53913e-16)
(25.8611 5.61609 0)
(25.8839 5.44517 0)
(25.1621 8.32474 1.81977e-18)
(25.1169 8.34833 -1.80887e-18)
(25.0667 8.36976 -3.59144e-18)
(25.0169 8.39704 0)
(24.9788 8.42989 -3.23416e-20)
(24.9671 8.46748 3.3094e-18)
(24.9929 8.51095 0)
(25.0558 8.55983 0)
(25.1364 8.60884 0)
(25.1941 8.64864 0)
(25.1653 8.66527 -5.82103e-18)
(24.9713 8.64042 -5.27924e-18)
(24.5346 8.55565 0)
(23.8014 8.39695 0)
(22.7583 8.15568 0)
(21.4331 7.82757 0)
(19.8787 7.41176 6.71564e-18)
(18.1542 6.91162 -6.44338e-18)
(16.3191 6.33374 0)
(14.4301 5.68546 0)
(12.5421 4.97504 7.11641e-18)
(10.71 4.21309 1.24238e-17)
(8.99419 3.41442 3.31816e-18)
(7.46581 2.59942 2.14827e-17)
(6.2124 1.79577 0)
(5.34065 1.03888 0)
(4.97248 0.370291 0)
(5.22748 -0.167708 0)
(6.17296 -0.538932 5.38279e-17)
(7.79653 -0.724073 -3.79161e-17)
(10.0204 -0.724989 -1.93051e-17)
(12.7193 -0.557059 0)
(15.7409 -0.243617 2.23676e-17)
(18.9173 0.187424 0)
(22.0432 0.708493 0)
(24.7881 1.26691 1.28508e-16)
(26.5572 1.75899 1.19855e-16)
(27.0977 2.12402 1.06092e-16)
(26.9951 2.40399 2.06996e-17)
(26.7981 2.6611 0)
(26.6763 2.91516 6.17497e-17)
(26.6286 3.16413 8.85681e-17)
(26.6192 3.40443 -6.16458e-18)
(26.6202 3.63322 0)
(26.6202 3.84859 0)
(26.6184 4.04991 4.03973e-17)
(26.6169 4.23732 -3.9709e-17)
(26.6169 4.41115 0)
(26.6184 4.57156 5.6773e-17)
(26.6207 4.71863 0)
(26.6233 4.85258 0)
(26.6258 4.97367 -3.36447e-17)
(26.6278 5.08228 0)
(26.629 5.17882 -2.33919e-17)
(26.6293 5.26379 0)
(26.6282 5.33772 0)
(26.6256 5.40117 0)
(26.6213 5.45478 -2.17844e-17)
(26.6152 5.49918 5.13386e-17)
(26.607 5.53501 0)
(26.5967 5.56297 6.83645e-17)
(26.5842 5.58371 0)
(26.5695 5.59797 0)
(26.5525 5.60632 0)
(26.5333 5.6096 0)
(26.5121 5.60814 0)
(26.4884 5.60311 0)
(26.4684 5.59551 -6.42021e-17)
(26.4497 5.58733 6.40371e-17)
(26.4283 5.57633 4.84768e-18)
(26.4037 5.56466 -9.29349e-17)
(26.3765 5.54808 -6.26925e-18)
(26.3454 5.53577 7.68387e-17)
(26.3142 5.50886 0)
(26.2773 5.5062 -6.20489e-18)
(26.2482 5.45226 0)
(26.2016 5.49279 -6.18108e-17)
(26.1894 5.35784 0)
(26.1006 5.53386 -4.49128e-18)
(26.2366 5.1834 0)
(25.2009 8.28422 1.77834e-18)
(25.2287 8.25548 0)
(25.2598 8.21614 3.17398e-19)
(25.2906 8.17801 0)
(25.3223 8.13746 3.32818e-18)
(25.3547 8.09578 4.83261e-18)
(25.3877 8.05248 -4.87163e-18)
(25.4214 8.00767 0)
(25.4557 7.96132 4.00128e-18)
(25.4906 7.91339 0)
(25.526 7.8639 7.91789e-18)
(25.5618 7.81285 0)
(25.5981 7.76024 0)
(25.6346 7.70611 2.45105e-18)
(25.6713 7.65049 5.11567e-18)
(25.708 7.59342 0)
(25.7447 7.53493 4.74132e-18)
(25.7813 7.47514 0)
(25.8175 7.41407 0)
(25.8533 7.35187 0)
(25.8885 7.28859 0)
(25.9229 7.22438 0)
(25.9564 7.15935 0)
(25.989 7.09363 0)
(26.0202 7.02742 -1.32711e-17)
(26.0502 6.96082 0)
(26.0786 6.89404 0)
(26.1054 6.82726 0)
(26.1304 6.76064 2.26708e-17)
(26.1536 6.69441 0)
(26.1747 6.62874 0)
(26.1937 6.56385 0)
(26.2105 6.49992 0)
(26.225 6.43715 2.43601e-17)
(26.2372 6.37574 0)
(26.2471 6.31584 2.27644e-17)
(26.2547 6.25767 0)
(26.26 6.20136 0)
(26.263 6.14709 0)
(26.2638 6.09499 0)
(26.2625 6.04518 3.52336e-17)
(26.2591 5.99779 -3.29486e-17)
(26.254 5.95292 0)
(26.247 5.91062 0)
(26.2386 5.87096 0)
(26.2287 5.83394 0)
(26.2176 5.7996 4.32173e-17)
(26.2054 5.76794 -6.28679e-18)
(26.1922 5.73892 3.493e-17)
(26.1783 5.71248 7.04016e-17)
(26.1636 5.68854 0)
(26.1484 5.66699 5.31368e-17)
(26.1327 5.64773 0)
(26.1167 5.63063 0)
(26.1005 5.61557 0)
(26.0843 5.6024 2.53742e-17)
(26.0681 5.59098 -4.36747e-17)
(26.0519 5.58114 1.06213e-18)
(26.0358 5.57272 0)
(26.0197 5.56553 1.99634e-17)
(26.0033 5.55938 0)
(25.9866 5.55412 -6.88399e-19)
(25.9695 5.5496 -8.21104e-18)
(25.9521 5.54571 4.04374e-19)
(25.9344 5.54238 -4.19635e-18)
(25.9166 5.53949 -2.11905e-18)
(25.8988 5.53702 1.46095e-17)
(25.8835 5.53497 0)
(25.8714 5.5334 0)
(25.8572 5.53168 2.32994e-18)
(25.8404 5.52976 3.16874e-17)
(25.8196 5.52721 0)
(25.7941 5.52359 6.25589e-17)
(25.7657 5.51938 6.32834e-17)
(25.7415 5.5153 6.66015e-17)
(25.734 5.51502 0)
(25.7555 5.52902 0)
(25.8049 5.51992 0)
(25.8636 5.61744 0)
(25.89 5.44993 0)
(24.6683 7.64055 1.27863e-18)
(24.6228 7.6512 -1.26447e-18)
(24.5735 7.65823 -2.50025e-18)
(24.519 7.66739 0)
(24.4586 7.67893 -2.45289e-18)
(24.3951 7.69133 0)
(24.3355 7.70516 0)
(24.2917 7.72233 0)
(24.2773 7.74465 0)
(24.3022 7.77271 0)
(24.3654 7.80494 -4.35823e-18)
(24.4472 7.83595 2.93829e-18)
(24.5036 7.85628 7.41499e-18)
(24.4674 7.85097 0)
(24.2653 7.80336 0)
(23.8038 7.6937 0)
(23.0162 7.50819 5.05407e-18)
(21.9344 7.24627 -4.36195e-18)
(20.6372 6.90823 0)
(19.1934 6.49245 0)
(17.6544 5.99925 3.3347e-18)
(16.0633 5.43176 6.4712e-18)
(14.4611 4.79612 0)
(12.8937 4.10266 6.57748e-18)
(11.4191 3.36733 0)
(10.1142 2.61403 0)
(9.08044 1.87609 -2.75973e-17)
(8.44463 1.19728 0)
(8.34675 0.628936 1.95755e-17)
(8.90752 0.221965 5.33181e-17)
(10.1785 0.0128102 0)
(12.1117 0.0124028 0)
(14.5758 0.207462 0)
(17.388 0.568231 0)
(20.3274 1.05514 0)
(23.1152 1.61719 5.54361e-17)
(25.2712 2.15503 -1.12546e-16)
(26.2729 2.55202 -1.01064e-16)
(26.3723 2.80753 0)
(26.2267 3.01394 0)
(26.1389 3.22448 3.91846e-17)
(26.1297 3.43939 6.85299e-17)
(26.1604 3.64879 0)
(26.2041 3.84856 0)
(26.2483 4.03798 0)
(26.289 4.21658 3.87337e-17)
(26.3264 4.38383 -3.33111e-17)
(26.3618 4.53948 0)
(26.3956 4.68358 4.87691e-17)
(26.4276 4.81614 0)
(26.4573 4.93718 0)
(26.4842 5.04679 -2.97336e-17)
(26.5082 5.14516 0)
(26.529 5.23259 -2.09849e-17)
(26.5466 5.30942 0)
(26.5608 5.37608 0)
(26.5715 5.43307 0)
(26.5787 5.48091 -1.99894e-17)
(26.5824 5.52017 0)
(26.5826 5.55144 0)
(26.5793 5.57534 -2.21174e-17)
(26.5727 5.59248 0)
(26.5627 5.60357 5.02041e-17)
(26.5495 5.60913 0)
(26.5333 5.60999 0)
(26.5144 5.6064 0)
(26.4923 5.59959 0)
(26.4735 5.59059 6.95351e-18)
(26.4555 5.58141 0)
(26.4346 5.56939 9.91851e-17)
(26.4103 5.55692 1.77347e-16)
(26.3832 5.53945 -8.26653e-17)
(26.3522 5.52673 0)
(26.3205 5.49884 0)
(26.2836 5.49645 -5.9298e-18)
(26.2532 5.44101 0)
(26.2076 5.48327 0)
(26.1924 5.34531 0)
(26.1068 5.52628 0)
(26.2393 5.16901 0)
(24.7101 7.61532 1.25505e-18)
(24.7459 7.59592 0)
(24.7835 7.57017 -1.22389e-18)
(24.8212 7.5451 0)
(24.8596 7.51857 2.37541e-18)
(24.8986 7.49132 -2.33545e-18)
(24.9383 7.46304 2.29315e-18)
(24.9786 7.43381 0)
(25.0196 7.40353 0)
(25.0613 7.37222 0)
(25.1037 7.33986 0)
(25.1467 7.30639 0)
(25.1903 7.27184 0)
(25.2345 7.23616 -3.85989e-18)
(25.2791 7.19941 3.73915e-18)
(25.3241 7.16156 0)
(25.3693 7.12263 3.48645e-18)
(25.4147 7.08263 0)
(25.46 7.04163 0)
(25.5053 6.99962 0)
(25.5503 6.95669 0)
(25.5949 6.91283 0)
(25.6389 6.86814 0)
(25.6821 6.82268 0)
(25.7244 6.77652 9.55484e-18)
(25.7655 6.72971 0)
(25.8054 6.68238 0)
(25.8438 6.63459 0)
(25.8805 6.58646 0)
(25.9155 6.53809 0)
(25.9485 6.4896 0)
(25.9793 6.44111 0)
(26.008 6.39277 0)
(26.0343 6.3447 -2.40679e-17)
(26.0582 6.29705 0)
(26.0796 6.24997 -8.04592e-18)
(26.0985 6.20362 0)
(26.1149 6.15814 0)
(26.1286 6.1137 0)
(26.1399 6.07044 0)
(26.1487 6.02852 -9.0675e-18)
(26.1551 5.98806 7.94587e-18)
(26.1593 5.94921 0)
(26.1613 5.91206 0)
(26.1612 5.8767 0)
(26.1593 5.84323 0)
(26.1556 5.81174 -7.38115e-18)
(26.1504 5.78229 -6.17502e-18)
(26.1436 5.75491 -5.11512e-18)
(26.1355 5.72958 0)
(26.1262 5.70628 0)
(26.1158 5.68499 0)
(26.1045 5.66564 0)
(26.0924 5.64818 0)
(26.0797 5.63252 0)
(26.0666 5.61858 -2.5136e-17)
(26.0531 5.60626 0)
(26.0393 5.59542 1.55152e-18)
(26.0252 5.58592 0)
(26.0107 5.57762 -1.95681e-17)
(25.9958 5.57036 0)
(25.9803 5.56399 -4.10154e-19)
(25.9642 5.5584 0)
(25.9476 5.5535 0)
(25.9306 5.54921 1.74784e-18)
(25.9134 5.54543 -1.85694e-18)
(25.8961 5.54215 -1.90848e-18)
(25.8812 5.53943 0)
(25.8693 5.53734 0)
(25.8552 5.53508 2.19793e-18)
(25.8383 5.53261 -2.73762e-17)
(25.8173 5.5295 -5.71182e-17)
(25.7916 5.52536 -3.38441e-18)
(25.7635 5.52078 -6.30164e-17)
(25.7405 5.51669 0)
(25.7354 5.5167 0)
(25.759 5.53113 0)
(25.8112 5.52302 0)
(25.8664 5.61873 0)
(25.8962 5.45491 0)
(24.4405 6.87742 8.88053e-19)
(24.3954 6.87741 -8.79953e-19)
(24.346 6.87326 6.48129e-18)
(24.294 6.86666 0)
(24.2402 6.85929 -1.6742e-18)
(24.1848 6.8519 0)
(24.1285 6.84491 0)
(24.0718 6.8388 0)
(24.0168 6.83441 0)
(23.9692 6.83324 0)
(23.9399 6.8374 7.15099e-18)
(23.9439 6.84853 -1.01218e-17)
(23.9913 6.86721 2.42728e-18)
(24.0773 6.89146 0)
(24.1688 6.91856 0)
(24.1621 6.93555 0)
(23.9391 6.92263 2.41029e-18)
(23.4653 6.86649 1.22009e-17)
(22.772 6.75779 0)
(21.9041 6.58888 0)
(20.8991 6.35346 -1.00948e-17)
(19.7858 6.04678 2.3432e-18)
(18.5886 5.66613 0)
(17.3326 5.21145 -4.24457e-17)
(16.0477 4.68633 0)
(14.7755 4.09959 0)
(13.5747 3.46747 2.30809e-17)
(12.5284 2.81615 0)
(11.7489 2.18416 6.78292e-18)
(11.3753 1.62198 0)
(11.5552 1.18755 0)
(12.3997 0.936076 0)
(13.9278 0.901393 -8.76294e-17)
(16.0486 1.08517 0)
(18.5756 1.46039 0)
(21.25 1.97832 -1.58524e-16)
(23.6956 2.55408 0)
(25.3387 3.04525 0)
(25.8956 3.34623 1.60762e-16)
(25.833 3.5083 0)
(25.7136 3.64596 2.6052e-17)
(25.7105 3.80553 4.65861e-17)
(25.7785 3.97726 0)
(25.8604 4.1445 0)
(25.9374 4.30133 -1.26831e-16)
(26.0091 4.44874 -7.7128e-17)
(26.0774 4.58796 -2.52634e-17)
(26.1421 4.71876 0)
(26.2031 4.84053 3.83267e-17)
(26.2601 4.95289 0)
(26.3128 5.05577 0)
(26.3609 5.14911 -2.44326e-17)
(26.4041 5.23297 0)
(26.4421 5.30746 1.43808e-17)
(26.475 5.37278 0)
(26.5028 5.42922 0)
(26.5254 5.47716 0)
(26.543 5.517 -1.74644e-17)
(26.5555 5.54921 0)
(26.5632 5.57428 0)
(26.5663 5.59274 -4.53415e-17)
(26.5648 5.60514 0)
(26.559 5.61211 -4.98191e-17)
(26.5492 5.61411 0)
(26.5356 5.6119 -4.05138e-17)
(26.5187 5.60568 0)
(26.4979 5.59671 3.99923e-17)
(26.48 5.58603 6.34643e-18)
(26.4626 5.57566 0)
(26.442 5.56248 -4.20846e-18)
(26.4179 5.54907 -8.44367e-17)
(26.3907 5.53063 0)
(26.3596 5.51741 0)
(26.3274 5.48859 0)
(26.2905 5.48637 -9.64485e-17)
(26.2587 5.42963 9.6227e-17)
(26.2139 5.47338 5.21529e-17)
(26.1956 5.33281 0)
(26.1129 5.5184 0)
(26.2423 5.15457 0)
(24.4816 6.86619 8.66901e-19)
(24.5203 6.8582 0)
(24.5596 6.84774 -8.32082e-19)
(24.5997 6.83765 0)
(24.6403 6.82714 1.59154e-18)
(24.6814 6.81633 -1.55465e-18)
(24.7232 6.80508 -1.49053e-18)
(24.7656 6.79341 0)
(24.8086 6.7812 2.71457e-18)
(24.8524 6.76849 0)
(24.8967 6.75518 4.82054e-18)
(24.9417 6.74126 0)
(24.9873 6.72667 0)
(25.0334 6.71141 1.40264e-18)
(25.08 6.69542 2.39579e-18)
(25.127 6.67868 0)
(25.1743 6.66112 2.23194e-18)
(25.2218 6.64275 0)
(25.2694 6.62353 0)
(25.317 6.60342 0)
(25.3644 6.5824 0)
(25.4115 6.56044 2.89352e-18)
(25.4582 6.53753 0)
(25.5043 6.51366 0)
(25.5496 6.48882 6.34072e-18)
(25.5941 6.46301 0)
(25.6374 6.43625 0)
(25.6796 6.40856 2.78087e-20)
(25.7204 6.37996 -7.23767e-19)
(25.7596 6.3505 0)
(25.7971 6.32023 0)
(25.8328 6.28922 0)
(25.8665 6.25754 -6.07769e-18)
(25.8982 6.22529 6.88327e-18)
(25.9277 6.19257 0)
(25.9549 6.1595 -6.16133e-18)
(25.9798 6.12621 0)
(26.0023 6.09283 0)
(26.0223 6.05952 0)
(26.04 6.02643 0)
(26.0552 5.99371 -4.31465e-17)
(26.068 5.96153 6.67818e-18)
(26.0785 5.93002 1.70794e-17)
(26.0868 5.89929 0)
(26.0929 5.86952 0)
(26.097 5.84086 0)
(26.0991 5.81345 -3.48289e-17)
(26.0993 5.78738 -5.68989e-18)
(26.0977 5.76271 -4.78832e-18)
(26.0945 5.7395 0)
(26.0897 5.71779 -4.03294e-17)
(26.0836 5.6976 3.62665e-17)
(26.0761 5.67895 0)
(26.0676 5.66183 0)
(26.0582 5.64621 2.47308e-17)
(26.0479 5.63205 0)
(26.037 5.6193 0)
(26.0255 5.60786 1.88316e-18)
(26.0135 5.59765 2.40147e-17)
(26.0007 5.58854 6.04207e-19)
(25.9872 5.58041 0)
(25.9729 5.57315 -1.70465e-19)
(25.9579 5.56665 0)
(25.9422 5.56087 0)
(25.926 5.55573 1.44162e-18)
(25.9095 5.55113 -1.5994e-18)
(25.8928 5.5471 -1.69488e-18)
(25.8784 5.54377 9.4085e-18)
(25.8667 5.5412 2.14446e-17)
(25.8528 5.53841 2.04521e-18)
(25.8358 5.53542 2.72191e-17)
(25.8145 5.53176 5.68184e-17)
(25.7887 5.52712 -5.86041e-17)
(25.7611 5.52221 0)
(25.7396 5.51815 0)
(25.7369 5.51859 0)
(25.763 5.53335 0)
(25.8176 5.52645 0)
(25.8698 5.62 0)
(25.9021 5.46005 0)
(24.6269 6.0956 2.09037e-19)
(24.6129 6.08055 -2.04763e-19)
(24.5925 6.06449 -8.26469e-18)
(24.5531 6.04564 0)
(24.4897 6.02702 -2.5761e-19)
(24.4039 6.0112 0)
(24.3005 5.99896 0)
(24.1839 5.99004 0)
(24.0589 5.98414 0)
(23.9311 5.98125 0)
(23.8078 5.98205 -4.40156e-18)
(23.6975 5.98789 -2.30483e-19)
(23.6071 6.0011 -4.15623e-18)
(23.5378 6.02433 0)
(23.4803 6.05945 0)
(23.4102 6.10486 0)
(23.2941 6.15391 1.20502e-19)
(23.1026 6.19614 -8.88188e-18)
(22.8185 6.21997 0)
(22.4347 6.21446 -8.9588e-18)
(21.9503 6.16989 0)
(21.3675 6.07772 -7.33936e-20)
(20.6901 5.93048 0)
(19.924 5.72188 7.32012e-20)
(19.0783 5.44726 0)
(18.1679 5.10439 0)
(17.2167 4.69489 0)
(16.2635 4.22618 0)
(15.3679 3.71427 -1.0873e-19)
(14.6166 3.18667 -5.51453e-17)
(14.1276 2.68478 0)
(14.0425 2.26333 0)
(14.4988 1.98326 7.16138e-17)
(15.5802 1.89671 0)
(17.2663 2.02895 0)
(19.4177 2.36984 0)
(21.7727 2.86978 0)
(23.892 3.42014 0)
(25.2289 3.86112 1.31448e-17)
(25.6285 4.09459 0)
(25.5397 4.18708 1.37737e-17)
(25.4397 4.26063 2.59209e-17)
(25.4742 4.36522 0)
(25.5841 4.49118 0)
(25.6988 4.61661 -2.03461e-17)
(25.7973 4.73201 0)
(25.8856 4.83859 -1.6778e-17)
(25.9701 4.93904 0)
(26.0513 5.03377 2.68551e-17)
(26.1277 5.12191 0)
(26.1984 5.20283 0)
(26.2632 5.27631 -1.82979e-17)
(26.3216 5.34229 0)
(26.3736 5.40075 -4.53533e-17)
(26.4191 5.45178 0)
(26.458 5.49551 0)
(26.4905 5.53218 0)
(26.5166 5.56208 5.83101e-18)
(26.5366 5.58553 0)
(26.5506 5.60293 0)
(26.5588 5.61471 8.6664e-18)
(26.5617 5.62131 0)
(26.5594 5.62328 0)
(26.5523 5.62099 -2.95259e-17)
(26.5408 5.61516 7.74627e-18)
(26.5253 5.60583 0)
(26.5056 5.59432 -3.97213e-17)
(26.4883 5.58172 5.65569e-18)
(26.4712 5.56998 0)
(26.4508 5.5555 -8.11685e-17)
(26.4266 5.54102 0)
(26.3992 5.52156 0)
(26.3679 5.50776 -5.76258e-17)
(26.335 5.47804 0)
(26.2978 5.47589 0)
(26.2646 5.41805 -4.32849e-18)
(26.2205 5.46309 -2.58387e-18)
(26.1992 5.32027 0)
(26.1191 5.51026 1.07627e-17)
(26.2455 5.14002 0)
(24.6479 6.10554 2.01721e-19)
(24.678 6.11301 -2.12446e-18)
(24.708 6.12369 -1.88185e-19)
(24.7375 6.13322 0)
(24.7676 6.14279 3.58e-19)
(24.7986 6.15193 6.91518e-18)
(24.8302 6.1608 -3.47352e-18)
(24.8625 6.16933 0)
(24.8955 6.17749 3.4296e-19)
(24.9293 6.18528 0)
(24.9637 6.1926 6.87126e-19)
(24.9989 6.19946 0)
(25.0348 6.20576 0)
(25.0713 6.21148 -4.66182e-18)
(25.1085 6.2165 7.09479e-19)
(25.1462 6.22079 0)
(25.1844 6.22426 7.24845e-19)
(25.2231 6.22685 0)
(25.2621 6.22846 0)
(25.3014 6.22906 0)
(25.3408 6.22853 0)
(25.3804 6.22685 -2.90057e-18)
(25.4199 6.22392 0)
(25.4593 6.21971 0)
(25.4984 6.21415 2.98418e-18)
(25.5372 6.20722 0)
(25.5754 6.19887 0)
(25.613 6.18911 2.86921e-18)
(25.6498 6.17791 2.80914e-18)
(25.6856 6.16528 0)
(25.7204 6.15125 0)
(25.754 6.13586 4.93023e-20)
(25.7863 6.11915 4.92133e-18)
(25.8172 6.10119 -4.6999e-18)
(25.8464 6.08206 0)
(25.874 6.06186 -4.2155e-18)
(25.8999 6.0407 0)
(25.9238 6.01871 0)
(25.9459 5.99602 0)
(25.9659 5.97277 0)
(25.9839 5.94912 2.93773e-17)
(25.9999 5.92522 5.23645e-18)
(26.0139 5.90117 -1.68414e-17)
(26.0258 5.87717 0)
(26.0357 5.85343 0)
(26.0437 5.8301 0)
(26.0496 5.80732 0)
(26.0538 5.78521 -4.98049e-18)
(26.056 5.76388 -4.26454e-18)
(26.0566 5.74341 0)
(26.0554 5.72392 3.98503e-17)
(26.0527 5.70546 -3.58492e-17)
(26.0485 5.68809 0)
(26.0431 5.67184 0)
(26.0365 5.65676 -2.44748e-17)
(26.0289 5.64285 1.90402e-17)
(26.0204 5.63008 0)
(26.0111 5.61842 2.08027e-18)
(26.0009 5.60782 -2.38031e-17)
(25.9898 5.59818 1.86457e-17)
(25.9777 5.58943 0)
(25.9647 5.58147 3.02916e-20)
(25.9508 5.57424 0)
(25.9361 5.56772 0)
(25.9208 5.56184 9.58673e-19)
(25.9051 5.55652 -6.22511e-18)
(25.889 5.55182 -1.07834e-17)
(25.875 5.54794 -9.33603e-18)
(25.8637 5.54492 -1.96861e-18)
(25.8498 5.54165 1.89011e-18)
(25.8328 5.53814 0)
(25.8114 5.53395 0)
(25.7856 5.52885 5.19309e-17)
(25.7585 5.52366 0)
(25.7387 5.51971 0)
(25.7387 5.52068 0)
(25.7673 5.5357 0)
(25.8241 5.53015 0)
(25.8736 5.6213 0)
(25.9078 5.46538 0)
(25.0022 5.69238 -1.15652e-18)
(24.8934 5.68421 1.87797e-19)
(24.7546 5.68095 3.12849e-19)
(24.6007 5.68113 0)
(24.4418 5.68335 2.3614e-19)
(24.2847 5.68701 0)
(24.1326 5.69146 0)
(23.9864 5.69591 0)
(23.8453 5.6997 0)
(23.7075 5.70251 0)
(23.5711 5.70443 2.8315e-19)
(23.4344 5.70609 2.73879e-19)
(23.2964 5.70859 2.45319e-18)
(23.1567 5.71344 0)
(23.0146 5.72218 0)
(22.8691 5.73579 0)
(22.7169 5.75407 -6.02737e-19)
(22.5524 5.77524 6.18181e-19)
(22.3684 5.79599 0)
(22.1568 5.81182 1.36074e-17)
(21.91 5.81731 6.76832e-18)
(21.6205 5.80635 -1.54804e-17)
(21.2816 5.77229 0)
(20.8871 5.70806 3.23931e-17)
(20.4325 5.60646 0)
(19.9154 5.46056 0)
(19.3376 5.26439 0)
(18.7075 5.01405 0)
(18.0445 4.70947 -3.5856e-18)
(17.3841 4.35672 4.71763e-17)
(16.7849 3.97124 0)
(16.3339 3.5811 0)
(16.147 3.22865 0)
(16.3556 2.96822 0)
(17.071 2.85655 0)
(18.3332 2.93547 0)
(20.071 3.21542 0)
(22.0623 3.65846 0)
(23.8906 4.15607 -1.08439e-18)
(25.0826 4.55105 0)
(25.4996 4.75099 -1.20251e-16)
(25.4554 4.80468 7.96162e-18)
(25.3635 4.82569 0)
(25.3964 4.8767 0)
(25.517 4.9566 -8.96539e-18)
(25.6484 5.04217 0)
(25.76 5.1198 -8.61238e-18)
(25.8571 5.18919 0)
(25.9488 5.25377 1.53764e-17)
(26.0371 5.31465 0)
(26.1203 5.37115 0)
(26.1967 5.42248 7.38788e-17)
(26.2661 5.46832 0)
(26.3281 5.50859 -9.39254e-18)
(26.3827 5.54328 0)
(26.4299 5.57242 6.24722e-17)
(26.4697 5.59611 0)
(26.5022 5.61451 -3.07328e-17)
(26.5277 5.62784 0)
(26.5463 5.63636 0)
(26.5584 5.64043 -8.58207e-18)
(26.5644 5.64036 0)
(26.5646 5.63659 1.53133e-17)
(26.5595 5.6294 2.92808e-17)
(26.5493 5.61942 6.46783e-18)
(26.5348 5.60657 0)
(26.5155 5.59223 0)
(26.4985 5.57747 4.87294e-18)
(26.4815 5.56421 0)
(26.4609 5.54833 7.35295e-17)
(26.4365 5.53269 6.51194e-17)
(26.4087 5.51216 6.05447e-17)
(26.377 5.49769 5.72987e-17)
(26.3433 5.46715 0)
(26.3058 5.46498 8.07178e-17)
(26.271 5.40624 -9.10969e-17)
(26.2274 5.45239 -4.91682e-17)
(26.2032 5.30767 0)
(26.1253 5.50181 -1.07261e-17)
(26.249 5.12534 0)
(25.0688 5.7088 -3.1099e-19)
(25.092 5.72558 1.84264e-18)
(25.0954 5.74629 4.28815e-19)
(25.1086 5.76213 0)
(25.1238 5.77771 -7.95728e-19)
(25.1379 5.79316 -6.51291e-18)
(25.1529 5.80844 3.47008e-18)
(25.1683 5.82364 0)
(25.1843 5.83874 -3.14297e-18)
(25.2009 5.85368 0)
(25.2182 5.86842 -5.62596e-18)
(25.2362 5.8829 0)
(25.2549 5.89705 0)
(25.2744 5.9108 7.30652e-19)
(25.2947 5.92411 -4.31253e-18)
(25.3158 5.93687 -3.44363e-18)
(25.3376 5.94903 -4.58541e-19)
(25.3603 5.96049 0)
(25.3836 5.97119 0)
(25.4078 5.98104 0)
(25.4325 5.98997 0)
(25.4579 5.99789 0)
(25.4839 6.00475 0)
(25.5104 6.01045 0)
(25.5373 6.01494 -5.57332e-18)
(25.5646 6.01815 0)
(25.592 6.02005 0)
(25.6196 6.02057 -2.85984e-18)
(25.6472 6.01968 -2.06367e-18)
(25.6747 6.01735 0)
(25.702 6.01358 0)
(25.7289 6.00836 -4.86074e-20)
(25.7553 6.0017 1.0708e-18)
(25.7811 5.99362 -2.53602e-18)
(25.8062 5.98418 0)
(25.8303 5.97341 -3.70464e-18)
(25.8534 5.9614 0)
(25.8754 5.94822 0)
(25.8962 5.93398 0)
(25.9156 5.91879 0)
(25.9336 5.90276 -4.08356e-18)
(25.9501 5.88594 3.80796e-18)
(25.965 5.86852 0)
(25.9783 5.85069 0)
(25.9899 5.83259 -1.74294e-17)
(25.9998 5.81438 0)
(26.0081 5.79616 1.70096e-17)
(26.0146 5.77806 -4.1422e-18)
(26.0194 5.76021 -3.61557e-18)
(26.0225 5.74275 0)
(26.024 5.72576 0)
(26.0239 5.70936 -2.59914e-17)
(26.0223 5.69362 0)
(26.0194 5.67864 0)
(26.0152 5.66447 0)
(26.0099 5.65114 -1.92125e-18)
(26.0035 5.63869 0)
(25.9961 5.62712 2.16124e-18)
(25.9877 5.61641 0)
(25.9782 5.60651 0)
(25.9675 5.59735 0)
(25.9558 5.58889 1.9082e-19)
(25.943 5.58109 0)
(25.9293 5.57397 0)
(25.9149 5.56747 1.11584e-18)
(25.9 5.56154 0)
(25.8846 5.55626 0)
(25.8712 5.55189 0)
(25.8601 5.54846 -1.78146e-18)
(25.8464 5.54473 1.73784e-18)
(25.8294 5.54075 0)
(25.8078 5.53606 -4.61635e-17)
(25.7821 5.53054 -2.9989e-18)
(25.7558 5.52514 5.04915e-17)
(25.7379 5.52136 0)
(25.7408 5.52298 0)
(25.7722 5.53818 0)
(25.8308 5.53412 0)
(25.8779 5.62261 0)
(25.9133 5.47093 0)
(24.9661 5.71935 4.45032e-19)
(24.7778 5.72378 1.37063e-19)
(24.6002 5.72836 2.42492e-19)
(24.4416 5.73341 0)
(24.3049 5.73678 2.05956e-19)
(24.1884 5.73754 0)
(24.0873 5.73518 0)
(23.9952 5.7293 0)
(23.9052 5.7197 1.54589e-18)
(23.8104 5.70645 0)
(23.7052 5.68983 2.0004e-18)
(23.5851 5.6704 3.56087e-19)
(23.4475 5.6489 -2.13309e-18)
(23.2915 5.62624 0)
(23.1177 5.60347 0)
(22.9283 5.5817 0)
(22.726 5.56197 -7.80558e-19)
(22.5137 5.54509 5.24237e-18)
(22.2938 5.53143 0)
(22.0679 5.52076 -5.75376e-18)
(21.8364 5.51213 -6.03776e-18)
(21.5986 5.50374 0)
(21.3522 5.4929 0)
(21.094 5.47594 -2.61824e-17)
(20.8191 5.44823 0)
(20.5221 5.40425 0)
(20.1976 5.33778 0)
(19.8411 5.24234 0)
(19.4517 5.11196 -4.76945e-18)
(19.0347 4.94242 -3.3913e-17)
(18.607 4.73322 0)
(18.2021 4.49031 0)
(17.8771 4.22927 -4.10578e-17)
(17.7162 3.9783 0)
(17.8263 3.77881 0)
(18.3153 3.68077 9.88661e-17)
(19.2527 3.7302 0)
(20.6219 3.95128 0)
(22.2622 4.32174 -9.26166e-18)
(23.8411 4.75195 0)
(24.9716 5.10931 0)
(25.4699 5.29862 -6.44775e-18)
(25.5085 5.33694 0)
(25.4313 5.32097 0)
(25.4447 5.32459 1.41739e-16)
(25.5534 5.36055 0)
(25.6866 5.40882 1.04917e-16)
(25.8033 5.45273 0)
(25.9029 5.48945 4.6007e-18)
(25.9951 5.52216 0)
(26.0832 5.55265 1.08376e-16)
(26.1658 5.58056 0)
(26.2414 5.60515 0)
(26.3093 5.62605 -4.92785e-18)
(26.3692 5.64321 0)
(26.4213 5.65659 8.44723e-18)
(26.4655 5.66618 0)
(26.5018 5.67204 3.0343e-17)
(26.5306 5.67429 0)
(26.552 5.67311 0)
(26.5664 5.66872 -1.38556e-17)
(26.5741 5.66132 0)
(26.5756 5.65126 -1.51706e-17)
(26.5714 5.63869 -1.5468e-17)
(26.5617 5.62419 4.98696e-18)
(26.5474 5.60752 0)
(26.5281 5.59011 0)
(26.5109 5.57302 3.97332e-18)
(26.4937 5.55816 0)
(26.4727 5.54079 -2.75597e-18)
(26.4478 5.52391 -6.46642e-17)
(26.4193 5.50231 -6.01555e-17)
(26.387 5.48713 -5.03521e-17)
(26.3523 5.45583 0)
(26.3143 5.45358 -8.03155e-17)
(26.2779 5.39415 8.31002e-17)
(26.2346 5.44124 4.45871e-17)
(26.2075 5.29496 0)
(26.1314 5.49307 0)
(26.2526 5.1105 0)
(25.1461 5.72023 -2.05155e-19)
(25.2888 5.72156 0)
(25.3534 5.7299 3.6373e-19)
(25.363 5.73985 0)
(25.3723 5.74787 -2.85442e-18)
(25.3824 5.75524 4.77018e-18)
(25.3914 5.7628 -1.93662e-18)
(25.4002 5.77053 0)
(25.4089 5.77852 1.80062e-18)
(25.4176 5.7867 0)
(25.4263 5.79507 0)
(25.4352 5.80358 0)
(25.4444 5.81219 0)
(25.454 5.82085 6.69122e-18)
(25.4641 5.82952 0)
(25.4746 5.83814 7.40488e-19)
(25.4858 5.84666 -3.12962e-18)
(25.4976 5.855 0)
(25.5101 5.86313 0)
(25.5233 5.87096 0)
(25.5372 5.87844 0)
(25.5518 5.88549 -3.4604e-18)
(25.5672 5.89204 0)
(25.5832 5.89804 0)
(25.6 5.90339 5.19736e-18)
(25.6174 5.90804 0)
(25.6354 5.91191 0)
(25.654 5.91495 0)
(25.673 5.91709 0)
(25.6924 5.91827 2.54697e-18)
(25.712 5.91844 0)
(25.7319 5.91756 0)
(25.7518 5.91559 0)
(25.7717 5.91251 4.58614e-19)
(25.7915 5.90831 0)
(25.811 5.90299 -1.11871e-19)
(25.8301 5.89657 0)
(25.8486 5.88906 0)
(25.8665 5.88052 0)
(25.8837 5.87097 0)
(25.9 5.86044 -7.42772e-18)
(25.9153 5.84902 2.55635e-18)
(25.9296 5.83686 5.85827e-18)
(25.9426 5.82403 0)
(25.9545 5.81064 4.29027e-18)
(25.965 5.7968 0)
(25.9741 5.78259 -1.67698e-17)
(25.9818 5.76814 -3.25831e-18)
(25.988 5.75358 -2.82752e-17)
(25.9927 5.739 0)
(25.9959 5.72453 -2.32336e-17)
(25.9976 5.71025 4.75037e-17)
(25.9979 5.6963 0)
(25.9969 5.68276 0)
(25.9946 5.66969 1.6782e-17)
(25.9912 5.65718 -1.67433e-17)
(25.9867 5.6453 0)
(25.981 5.63406 2.13301e-18)
(25.9741 5.62347 1.89455e-17)
(25.966 5.6135 0)
(25.9567 5.60412 0)
(25.9461 5.59533 9.32822e-18)
(25.9345 5.58714 0)
(25.9218 5.57956 0)
(25.9084 5.57257 6.87947e-19)
(25.8943 5.56612 0)
(25.8797 5.56035 6.76591e-18)
(25.8668 5.55555 6.49678e-18)
(25.8561 5.55175 -1.60121e-18)
(25.8426 5.54761 1.58793e-18)
(25.8255 5.54319 0)
(25.8038 5.53804 4.58892e-17)
(25.7783 5.53215 -4.83953e-17)
(25.7529 5.52664 -5.02373e-17)
(25.7372 5.5231 0)
(25.7433 5.52549 0)
(25.7775 5.54082 0)
(25.8377 5.53833 0)
(25.8827 5.62397 0)
(25.9186 5.47669 0)
(24.8817 5.79273 -8.19802e-20)
(24.7078 5.79455 7.4632e-20)
(24.5692 5.79425 1.4187e-19)
(24.4671 5.79308 0)
(24.3978 5.7894 1.35991e-19)
(24.3538 5.7825 0)
(24.325 5.77198 0)
(24.3003 5.75754 0)
(24.2689 5.73898 -1.52308e-18)
(24.2215 5.7163 -1.27544e-18)
(24.1505 5.68964 -1.31378e-18)
(24.0507 5.65937 1.65549e-18)
(23.919 5.62598 1.40617e-18)
(23.7549 5.59012 0)
(23.5595 5.55258 0)
(23.3359 5.51422 0)
(23.0885 5.47604 -6.87589e-19)
(22.8225 5.43905 -3.476e-18)
(22.5437 5.40426 0)
(22.2581 5.37256 0)
(21.9711 5.34465 0)
(21.6877 5.32091 0)
(21.4119 5.3013 0)
(21.1462 5.28517 2.07904e-17)
(20.8916 5.27118 0)
(20.6476 5.25714 -1.05751e-17)
(20.4118 5.23992 1.11707e-17)
(20.1803 5.21543 0)
(19.9486 5.17877 -2.96778e-17)
(19.7128 5.12457 3.13273e-17)
(19.4715 5.0478 2.77623e-17)
(19.23 4.94508 -2.93143e-17)
(19.005 4.81673 3.68273e-17)
(18.8299 4.66963 -3.27177e-17)
(18.761 4.52021 0)
(18.8764 4.39663 -8.56977e-17)
(19.2654 4.33735 0)
(20.001 4.38325 0)
(21.0972 4.56243 -9.24693e-17)
(22.4548 4.86679 0)
(23.8348 5.2331 0)
(24.923 5.55481 -1.60243e-17)
(25.508 5.73916 0)
(25.6437 5.77478 0)
(25.5944 5.7353 0)
(25.5866 5.70055 0)
(25.6713 5.69714 0)
(25.7942 5.71133 0)
(25.908 5.72529 -4.94469e-18)
(26.0045 5.73373 -1.23412e-16)
(26.0917 5.73897 -1.05734e-16)
(26.1739 5.7431 0)
(26.2504 5.74611 0)
(26.3197 5.74745 -5.76752e-19)
(26.3811 5.74678 0)
(26.4345 5.74398 2.43521e-18)
(26.4799 5.739 0)
(26.5173 5.73186 0)
(26.5469 5.72259 0)
(26.569 5.71128 0)
(26.5838 5.69802 -5.02239e-18)
(26.5917 5.68295 0)
(26.5932 5.66628 0)
(26.5886 5.64807 1.5324e-17)
(26.5786 5.62882 3.35023e-18)
(26.5637 5.60815 0)
(26.5436 5.58754 0)
(26.5257 5.56804 2.97212e-18)
(26.5079 5.55152 0)
(26.4861 5.53264 -6.1523e-17)
(26.4604 5.51451 5.60116e-17)
(26.431 5.49184 -5.2885e-17)
(26.3978 5.47594 5.00423e-17)
(26.362 5.444 0)
(26.3233 5.44161 7.25403e-17)
(26.2853 5.38172 -1.62131e-16)
(26.2421 5.42961 -4.43929e-17)
(26.2121 5.28212 0)
(26.1376 5.48398 0)
(26.2563 5.09549 0)
(25.0754 5.79175 -9.65956e-20)
(25.2581 5.78838 0)
(25.3672 5.78759 1.62036e-19)
(25.3954 5.78876 0)
(25.4115 5.78948 1.59378e-18)
(25.4294 5.78969 -3.4699e-18)
(25.4446 5.79023 1.85385e-18)
(25.4589 5.79106 0)
(25.4722 5.79225 -1.72781e-18)
(25.4846 5.79377 0)
(25.4963 5.79562 0)
(25.5073 5.79779 0)
(25.5179 5.80025 0)
(25.5282 5.803 -5.07165e-18)
(25.5382 5.80601 2.16658e-18)
(25.548 5.80924 4.6515e-19)
(25.5579 5.81267 1.95046e-18)
(25.5678 5.81626 0)
(25.5779 5.81998 0)
(25.5882 5.82378 0)
(25.5988 5.82761 0)
(25.6097 5.83143 5.54504e-19)
(25.621 5.83517 2.59522e-18)
(25.6328 5.83881 0)
(25.645 5.84225 -5.0682e-18)
(25.6576 5.84545 0)
(25.6707 5.84834 0)
(25.6842 5.85087 0)
(25.6982 5.85296 0)
(25.7125 5.85456 -1.83528e-19)
(25.7272 5.85559 0)
(25.7422 5.85601 -3.14945e-18)
(25.7574 5.85575 2.46151e-18)
(25.7728 5.85477 0)
(25.7883 5.85302 0)
(25.8038 5.85048 1.09754e-19)
(25.8192 5.84709 0)
(25.8344 5.84287 0)
(25.8493 5.83777 0)
(25.8639 5.83181 0)
(25.878 5.82499 0)
(25.8915 5.81738 9.02326e-18)
(25.9043 5.809 -5.763e-18)
(25.9163 5.79988 0)
(25.9274 5.79008 2.24452e-17)
(25.9376 5.77967 0)
(25.9467 5.76873 0)
(25.9547 5.75734 -1.28195e-17)
(25.9614 5.74559 1.25071e-17)
(25.9669 5.73357 0)
(25.9711 5.72137 3.55947e-18)
(25.9739 5.70911 -3.99752e-17)
(25.9755 5.69689 -1.72948e-17)
(25.9759 5.68478 0)
(25.9751 5.67289 -1.65905e-17)
(25.9732 5.66132 0)
(25.9701 5.65015 0)
(25.9658 5.63939 2.01321e-18)
(25.9603 5.62907 -3.60036e-17)
(25.9535 5.61918 0)
(25.9454 5.60975 0)
(25.936 5.60078 0)
(25.9254 5.59233 0)
(25.9138 5.58442 0)
(25.9013 5.57706 -1.78218e-18)
(25.8881 5.57021 0)
(25.8743 5.56404 -6.71936e-18)
(25.862 5.55888 -6.4406e-18)
(25.8516 5.55477 -1.42804e-18)
(25.8382 5.55025 1.44011e-18)
(25.8211 5.54542 0)
(25.7994 5.53985 0)
(25.7741 5.53368 4.25598e-17)
(25.7501 5.52813 0)
(25.7368 5.52493 0)
(25.7462 5.52818 0)
(25.7834 5.54359 0)
(25.8447 5.54278 0)
(25.8879 5.62536 0)
(25.9237 5.48268 0)
(24.9235 5.80275 2.82963e-19)
(24.7718 5.80017 6.72665e-20)
(24.6616 5.7959 1.27079e-18)
(24.5967 5.7917 5.40017e-19)
(24.5739 5.78657 6.50016e-19)
(24.5841 5.77984 0)
(24.6146 5.77094 0)
(24.6509 5.75926 0)
(24.6787 5.7442 1.03636e-18)
(24.6853 5.72526 2.6834e-19)
(24.6603 5.70213 1.34736e-18)
(24.5962 5.67469 0)
(24.4884 5.64303 -1.41567e-18)
(24.3355 5.60745 0)
(24.1383 5.56841 0)
(23.9001 5.52656 0)
(23.6258 5.48271 -6.41308e-19)
(23.3217 5.43777 3.37263e-18)
(22.9949 5.39276 0)
(22.6531 5.34878 0)
(22.3042 5.30695 0)
(21.956 5.26834 -6.53069e-18)
(21.6157 5.23396 6.87238e-18)
(21.2899 5.20461 -1.6207e-17)
(20.9842 5.18082 0)
(20.703 5.16269 9.96495e-18)
(20.4491 5.14978 -1.0512e-17)
(20.2236 5.14092 0)
(20.0259 5.13413 0)
(19.8536 5.12652 0)
(19.7038 5.11441 -2.59213e-17)
(19.5736 5.09368 2.72381e-17)
(19.4634 5.06055 -2.31118e-17)
(19.3801 5.01299 2.99151e-17)
(19.342 4.95287 -5.06242e-17)
(19.3839 4.88865 0)
(19.5591 4.83776 0)
(19.9345 4.82684 0)
(20.5732 4.88766 0)
(21.5018 5.04594 -5.87276e-17)
(22.666 5.3027 0)
(23.8997 5.61635 -2.06074e-17)
(24.9516 5.90462 0)
(25.6059 6.08222 0)
(25.8318 6.1185 0)
(25.8167 6.06459 0)
(25.7924 6.00044 0)
(25.8493 5.9638 0)
(25.9538 5.94801 -1.40677e-16)
(26.0574 5.93578 1.02358e-17)
(26.1454 5.92011 0)
(26.223 5.90231 0)
(26.2948 5.8844 0)
(26.3607 5.86665 3.42035e-18)
(26.4196 5.84863 0)
(26.4708 5.83003 -3.26903e-18)
(26.5142 5.81075 -5.11491e-17)
(26.5498 5.79077 3.77948e-17)
(26.5777 5.77007 0)
(26.5981 5.74864 0)
(26.6114 5.72652 -7.37214e-19)
(26.6178 5.70373 0)
(26.6178 5.68042 2.54547e-18)
(26.6118 5.65654 0)
(26.6002 5.63252 1.68525e-17)
(26.5838 5.60781 1.90067e-17)
(26.5622 5.58401 0)
(26.5431 5.5621 1.91033e-18)
(26.5242 5.54394 0)
(26.5014 5.52358 2.94402e-17)
(26.4745 5.50423 -2.68059e-18)
(26.4438 5.48057 5.25172e-17)
(26.4096 5.46398 -4.51131e-17)
(26.3725 5.43152 -4.30812e-17)
(26.3329 5.429 -7.21493e-17)
(26.293 5.36888 7.90335e-17)
(26.2498 5.41744 0)
(26.2169 5.26909 0)
(26.1437 5.47456 0)
(26.2602 5.08026 0)
(25.0933 5.8046 -8.3547e-20)
(25.2384 5.80263 -5.53229e-19)
(25.3079 5.8013 7.59126e-19)
(25.3353 5.79973 0)
(25.363 5.79773 -1.5423e-18)
(25.3889 5.79579 2.37917e-19)
(25.4125 5.79408 -1.21252e-18)
(25.4348 5.79258 0)
(25.4554 5.79134 1.12475e-18)
(25.4747 5.79034 0)
(25.4927 5.7896 0)
(25.5094 5.78914 1.98539e-18)
(25.5252 5.78894 0)
(25.54 5.78902 2.19661e-18)
(25.5539 5.78936 -2.09439e-18)
(25.5672 5.78996 3.62443e-18)
(25.5799 5.7908 -3.42841e-19)
(25.592 5.79188 0)
(25.6038 5.79317 0)
(25.6152 5.79466 0)
(25.6265 5.7963 0)
(25.6376 5.79808 2.73106e-18)
(25.6486 5.79997 -4.70311e-19)
(25.6596 5.80191 0)
(25.6707 5.80388 0)
(25.6818 5.80582 3.10804e-18)
(25.6931 5.8077 -2.7866e-18)
(25.7045 5.80945 0)
(25.7161 5.81102 0)
(25.7279 5.81237 -3.88514e-19)
(25.7398 5.81343 3.14993e-18)
(25.7519 5.81416 3.07816e-18)
(25.7642 5.81449 -3.53015e-19)
(25.7766 5.81437 0)
(25.7891 5.81375 0)
(25.8017 5.81257 0)
(25.8142 5.81081 0)
(25.8267 5.80841 0)
(25.8391 5.80534 0)
(25.8513 5.80159 0)
(25.8632 5.79712 -2.36915e-18)
(25.8748 5.79197 -3.66427e-18)
(25.886 5.78611 0)
(25.8966 5.77955 0)
(25.9067 5.77234 -1.74248e-17)
(25.916 5.76447 0)
(25.9246 5.75601 0)
(25.9323 5.747 0)
(25.939 5.7375 0)
(25.9446 5.72757 0)
(25.9492 5.71731 2.68165e-18)
(25.9527 5.7068 2.42406e-18)
(25.9551 5.69609 2.15458e-18)
(25.9564 5.6853 0)
(25.9567 5.67457 0)
(25.9558 5.66395 0)
(25.9539 5.65352 -2.08451e-17)
(25.9507 5.64331 1.82096e-18)
(25.9464 5.63333 3.27267e-17)
(25.9407 5.62362 0)
(25.9337 5.61424 0)
(25.9254 5.60523 -8.02958e-18)
(25.9158 5.59664 0)
(25.9052 5.58853 6.80627e-18)
(25.8937 5.5809 2.58036e-18)
(25.8814 5.57375 0)
(25.8684 5.56727 0)
(25.8567 5.56182 5.09017e-18)
(25.8466 5.55744 -1.39951e-17)
(25.8334 5.5526 1.6237e-17)
(25.8162 5.5474 0)
(25.7945 5.54147 0)
(25.7698 5.53507 -8.20443e-17)
(25.7472 5.5296 0)
(25.7367 5.52686 0)
(25.7496 5.53106 0)
(25.7899 5.54651 0)
(25.852 5.54744 0)
(25.8935 5.62682 0)
(25.9287 5.48888 0)
(25.0454 5.79202 -6.43456e-19)
(24.9127 5.78878 9.66112e-20)
(24.7948 5.78346 -1.33619e-18)
(24.7168 5.77862 -6.78534e-19)
(24.6893 5.77447 0)
(24.7102 5.77101 0)
(24.7687 5.76783 4.36473e-19)
(24.8489 5.7641 0)
(24.9328 5.75877 -1.13869e-18)
(25.0032 5.75073 1.99037e-18)
(25.0444 5.73899 -8.58181e-19)
(25.044 5.72272 0)
(24.9934 5.70136 0)
(24.8876 5.67464 0)
(24.7253 5.64254 0)
(24.5083 5.60533 0)
(24.2407 5.56353 -6.26615e-19)
(23.929 5.51787 0)
(23.5806 5.46928 0)
(23.2042 5.41882 0)
(22.8091 5.36771 0)
(22.4045 5.31727 1.48169e-18)
(21.9999 5.26885 -1.5449e-18)
(21.6041 5.22386 1.61427e-18)
(21.2257 5.18363 0)
(20.8725 5.14941 0)
(20.551 5.12221 6.19521e-18)
(20.2668 5.10274 0)
(20.0239 5.09124 0)
(19.8248 5.08733 0)
(19.6703 5.08989 0)
(19.5596 5.09698 0)
(19.4913 5.10595 4.9551e-18)
(19.4648 5.11384 0)
(19.4828 5.11821 1.06955e-17)
(19.5547 5.11863 0)
(19.7014 5.11869 0)
(19.9573 5.1282 0)
(20.3694 5.16423 0)
(20.9867 5.2493 9.35205e-17)
(21.837 5.40394 0)
(22.8915 5.63275 -2.15525e-17)
(24.0331 5.90851 0)
(25.0606 6.16866 0)
(25.7636 6.33685 0)
(26.0577 6.37193 0)
(26.0734 6.30812 0)
(26.037 6.22201 0)
(26.0671 6.15929 1.0474e-16)
(26.1489 6.11872 1.57939e-17)
(26.2363 6.0846 0)
(26.3108 6.0492 0)
(26.3749 6.01292 5.47661e-17)
(26.4328 5.97748 6.85141e-18)
(26.485 5.94325 0)
(26.5304 5.90992 -8.35795e-18)
(26.5686 5.87729 5.02895e-17)
(26.5995 5.84525 -6.96379e-17)
(26.6232 5.81374 0)
(26.6398 5.78272 0)
(26.6496 5.75214 3.38012e-18)
(26.6527 5.72197 0)
(26.6497 5.69228 1.24925e-18)
(26.641 5.66295 0)
(26.6268 5.63434 0)
(26.608 5.60576 -2.92463e-19)
(26.5841 5.57891 0)
(26.5632 5.5547 2.85479e-17)
(26.5428 5.53499 0)
(26.5184 5.51329 0)
(26.49 5.4928 -5.24914e-17)
(26.4579 5.46827 0)
(26.4223 5.45106 1.52805e-18)
(26.3836 5.41825 8.41356e-17)
(26.3429 5.41563 0)
(26.3012 5.35553 -7.30871e-17)
(26.2576 5.4047 -3.92593e-17)
(26.222 5.25583 0)
(26.1498 5.46473 0)
(26.264 5.06479 0)
(25.1501 5.79416 -1.28224e-19)
(25.2094 5.79264 1.20605e-18)
(25.2448 5.79173 0)
(25.2784 5.78988 0)
(25.3115 5.78809 0)
(25.3425 5.78633 2.16475e-18)
(25.3717 5.78466 2.48713e-19)
(25.3993 5.78309 0)
(25.4253 5.78163 -2.36599e-19)
(25.4497 5.78031 0)
(25.4727 5.77913 0)
(25.4942 5.77811 -4.34489e-19)
(25.5144 5.77726 0)
(25.5334 5.77658 0)
(25.5512 5.7761 -1.27038e-18)
(25.5679 5.77581 -1.57839e-18)
(25.5837 5.7757 -3.62017e-19)
(25.5985 5.77579 0)
(25.6126 5.77605 0)
(25.6261 5.77649 0)
(25.6389 5.7771 0)
(25.6511 5.77785 -1.59562e-18)
(25.663 5.77872 -1.99114e-18)
(25.6744 5.7797 -2.67969e-18)
(25.6856 5.78076 0)
(25.6965 5.78186 -8.3576e-19)
(25.7072 5.78298 7.64335e-19)
(25.7178 5.78408 0)
(25.7283 5.78512 0)
(25.7388 5.78606 -5.53514e-19)
(25.7492 5.78685 -9.71458e-19)
(25.7596 5.78745 0)
(25.77 5.78782 -7.12357e-19)
(25.7804 5.7879 -9.16285e-19)
(25.7908 5.78765 0)
(25.8013 5.78703 0)
(25.8117 5.78597 0)
(25.8221 5.78446 0)
(25.8324 5.78244 0)
(25.8426 5.77988 0)
(25.8527 5.77675 2.32367e-18)
(25.8625 5.77304 0)
(25.8721 5.76872 -2.92457e-18)
(25.8814 5.76379 0)
(25.8902 5.75825 8.76981e-19)
(25.8985 5.7521 0)
(25.9063 5.74535 0)
(25.9133 5.73805 7.43131e-18)
(25.9196 5.7302 0)
(25.9251 5.72187 0)
(25.9297 5.71311 1.89353e-18)
(25.9335 5.70396 1.7704e-18)
(25.9363 5.69451 1.47245e-17)
(25.9382 5.68489 0)
(25.9392 5.67516 1.13942e-17)
(25.9392 5.66541 0)
(25.9381 5.65567 2.06088e-17)
(25.9359 5.64596 1.58598e-18)
(25.9325 5.63636 -1.5494e-17)
(25.9278 5.6269 0)
(25.9218 5.61767 0)
(25.9144 5.6087 4.60448e-19)
(25.9059 5.60007 0)
(25.8962 5.59184 -1.24133e-19)
(25.8857 5.58404 1.88691e-19)
(25.8743 5.57669 0)
(25.8621 5.57 4.23418e-18)
(25.851 5.56431 -5.18142e-19)
(25.8412 5.55972 0)
(25.828 5.55459 0)
(25.8109 5.54908 0)
(25.7893 5.54285 -3.42861e-17)
(25.7652 5.53634 3.94913e-17)
(25.7444 5.53104 0)
(25.737 5.52886 0)
(25.7535 5.5341 0)
(25.7969 5.54957 0)
(25.8596 5.55231 -9.92363e-17)
(25.8995 5.62833 0)
(25.9334 5.4953 0)
(25.0855 5.79113 -1.54787e-19)
(25.0279 5.79031 1.49043e-19)
(24.9472 5.787 1.58216e-18)
(24.8512 5.7835 0)
(24.7742 5.78005 0)
(24.7444 5.77753 -4.05889e-19)
(24.7706 5.77694 -1.72346e-19)
(24.8462 5.77845 0)
(24.9549 5.78131 0)
(25.0759 5.78413 -1.62589e-18)
(25.1876 5.7853 9.55797e-19)
(25.2704 5.78323 0)
(25.3079 5.7765 0)
(25.2884 5.76398 0)
(25.2049 5.74489 0)
(25.0548 5.71885 0)
(24.8393 5.68584 -6.05123e-19)
(24.5631 5.64618 -1.45407e-18)
(24.233 5.60051 0)
(23.8575 5.54973 0)
(23.4464 5.49496 0)
(23.0102 5.43751 4.72716e-18)
(22.5597 5.37885 -4.92328e-18)
(22.1054 5.32058 8.80878e-18)
(21.6581 5.26439 0)
(21.2277 5.212 0)
(20.8237 5.16516 -1.67239e-18)
(20.4549 5.12552 0)
(20.1289 5.09458 0)
(19.8524 5.07357 0)
(19.6304 5.06331 1.03484e-17)
(19.4669 5.06405 -1.08432e-17)
(19.3639 5.07536 1.57314e-17)
(19.3226 5.09609 0)
(19.3435 5.12447 3.39415e-17)
(19.4284 5.15857 0)
(19.5827 5.19724 0)
(19.8185 5.24154 0)
(20.1576 5.29644 0)
(20.6315 5.37213 -3.75552e-17)
(21.2755 5.48339 0)
(22.1123 5.64495 -2.03729e-17)
(23.1244 5.86122 0)
(24.2235 6.11332 0)
(25.2413 6.35189 0)
(25.9747 6.50886 0)
(26.3112 6.53949 0)
(26.3458 6.46743 0)
(26.2985 6.36598 -2.29141e-17)
(26.3042 6.28456 8.78906e-17)
(26.3618 6.22527 0)
(26.4292 6.1742 0)
(26.4865 6.12372 -5.34696e-17)
(26.5343 6.07363 9.53277e-18)
(26.5761 6.02524 0)
(26.6123 5.97891 -5.61767e-17)
(26.6424 5.93447 0)
(26.6661 5.89173 3.19067e-17)
(26.6831 5.85058 0)
(26.6938 5.81094 0)
(26.6981 5.77273 1.54121e-17)
(26.6964 5.73587 0)
(26.689 5.70039 -3.72392e-18)
(26.6761 5.66609 -1.27968e-17)
(26.6583 5.63329 -1.66547e-17)
(26.6362 5.60119 -1.83671e-17)
(26.6093 5.5716 0)
(26.5859 5.5453 0)
(26.5635 5.52424 0)
(26.5373 5.50136 0)
(26.507 5.4799 -4.9586e-17)
(26.473 5.45469 0)
(26.4357 5.43699 1.03693e-18)
(26.3953 5.40405 -4.10547e-17)
(26.3534 5.40139 0)
(26.3096 5.3416 7.27007e-17)
(26.2656 5.39129 3.90672e-17)
(26.2272 5.2423 0)
(26.1558 5.4545 0)
(26.2678 5.04906 0)
(25.1271 5.79172 -1.51816e-19)
(25.1635 5.78959 -5.27638e-19)
(25.1998 5.78862 0)
(25.2366 5.78718 0)
(25.2715 5.78589 0)
(25.305 5.78455 -1.5641e-18)
(25.3371 5.78323 8.83473e-19)
(25.3676 5.78193 0)
(25.3966 5.78067 -8.15e-19)
(25.4242 5.77945 0)
(25.4503 5.7783 -1.02087e-18)
(25.475 5.77721 -4.58176e-19)
(25.4982 5.77619 0)
(25.5202 5.77527 0)
(25.5408 5.77444 1.22483e-18)
(25.5603 5.77371 7.6185e-19)
(25.5786 5.7731 -1.09269e-18)
(25.5958 5.7726 0)
(25.612 5.77222 1.22895e-18)
(25.6272 5.77195 0)
(25.6416 5.77181 0)
(25.6553 5.77176 5.95768e-19)
(25.6682 5.77182 8.5851e-19)
(25.6805 5.77197 2.59658e-18)
(25.6922 5.77219 0)
(25.7034 5.77247 -2.12051e-18)
(25.7142 5.77279 1.88945e-18)
(25.7246 5.77311 0)
(25.7347 5.77343 0)
(25.7446 5.77369 -6.53579e-19)
(25.7542 5.77389 -2.04425e-18)
(25.7636 5.77397 0)
(25.7729 5.77391 -9.33646e-19)
(25.782 5.77366 8.93725e-19)
(25.7911 5.7732 0)
(25.8001 5.77247 0)
(25.809 5.77144 0)
(25.8178 5.77007 0)
(25.8266 5.76833 0)
(25.8353 5.76617 0)
(25.8438 5.76357 0)
(25.8522 5.76049 2.7465e-18)
(25.8604 5.75691 2.86889e-18)
(25.8684 5.75282 0)
(25.8761 5.7482 1.99758e-19)
(25.8834 5.74303 0)
(25.8903 5.73731 0)
(25.8966 5.73106 -7.31067e-18)
(25.9024 5.72429 -6.73879e-18)
(25.9076 5.71703 0)
(25.912 5.7093 1.40906e-17)
(25.9158 5.70115 1.35755e-17)
(25.9188 5.69268 -1.17536e-17)
(25.9211 5.68395 0)
(25.9225 5.67504 -1.00804e-18)
(25.9231 5.66598 0)
(25.9227 5.6568 0)
(25.9213 5.64755 1.3427e-18)
(25.9187 5.63831 0)
(25.9148 5.62913 0)
(25.9096 5.62007 0)
(25.9032 5.6112 7.42315e-18)
(25.8956 5.60259 0)
(25.8869 5.59434 -6.56612e-18)
(25.8772 5.58646 7.77549e-20)
(25.8668 5.57899 0)
(25.8554 5.57217 -4.20146e-18)
(25.8448 5.56632 -4.48077e-18)
(25.8354 5.56156 0)
(25.8223 5.55619 0)
(25.8051 5.55042 0)
(25.7837 5.54396 3.40465e-17)
(25.7605 5.53743 3.45125e-17)
(25.7418 5.53244 0)
(25.7377 5.53096 0)
(25.7582 5.5373 0)
(25.8045 5.55276 0)
(25.8675 5.55738 9.87721e-17)
(25.9059 5.6299 0)
(25.938 5.50193 0)
(25.0486 5.80616 9.09485e-20)
(25.0127 5.80733 1.51273e-19)
(24.9795 5.80693 -3.04462e-19)
(24.9378 5.80637 0)
(24.8789 5.8052 0)
(24.8088 5.80344 6.25891e-19)
(24.7587 5.80221 -5.34419e-19)
(24.7589 5.80313 0)
(24.8196 5.80724 5.0749e-19)
(24.9314 5.81447 3.27211e-19)
(25.0738 5.82366 0)
(25.2218 5.83294 0)
(25.3504 5.84019 0)
(25.4378 5.84334 0)
(25.4669 5.84057 0)
(25.4266 5.8305 0)
(25.3113 5.81222 -5.64943e-19)
(25.1205 5.78533 1.51041e-18)
(24.8578 5.74986 0)
(24.53 5.70626 0)
(24.1462 5.65532 0)
(23.717 5.59815 0)
(23.2538 5.53609 0)
(22.7686 5.4707 -5.8986e-18)
(22.2736 5.4037 0)
(21.7807 5.337 -2.51226e-18)
(21.3015 5.27259 -1.44991e-18)
(20.8472 5.21254 -2.75732e-18)
(20.4282 5.15896 0)
(20.0543 5.11391 0)
(19.7343 5.07934 -3.46642e-18)
(19.476 5.05697 3.62625e-18)
(19.2862 5.04812 0)
(19.1699 5.05361 -7.22851e-18)
(19.1313 5.07364 0)
(19.1733 5.1077 0)
(19.2987 5.15479 0)
(19.5115 5.21393 0)
(19.8194 5.2851 0)
(20.236 5.37052 -1.62338e-17)
(20.7818 5.4758 0)
(21.4803 5.60994 -1.82112e-17)
(22.3466 5.78238 0)
(23.3649 5.99559 0)
(24.4604 6.23431 0)
(25.4807 6.45688 0)
(26.2289 6.6019 0)
(26.582 6.62471 0)
(26.6197 6.54544 -2.50185e-17)
(26.5605 6.43552 -4.42414e-17)
(26.545 6.34355 3.84017e-17)
(26.5784 6.27245 0)
(26.6234 6.2098 0)
(26.661 6.14886 1.14109e-17)
(26.6906 6.08938 0)
(26.7149 6.0324 2.71085e-17)
(26.7342 5.9782 0)
(26.7482 5.9266 -1.32281e-17)
(26.7566 5.87742 0)
(26.7593 5.83056 0)
(26.7565 5.78594 0)
(26.7483 5.74344 0)
(26.7351 5.70306 0)
(26.7171 5.66454 2.96863e-17)
(26.6945 5.62821 1.64826e-17)
(26.6681 5.59315 0)
(26.6374 5.56129 0)
(26.611 5.53325 0)
(26.5862 5.5111 -2.76395e-17)
(26.5577 5.48734 0)
(26.5252 5.46516 4.91682e-17)
(26.4891 5.43952 0)
(26.4499 5.42152 6.02773e-19)
(26.4076 5.38872 3.87533e-17)
(26.3641 5.38612 0)
(26.3183 5.32698 0)
(26.2737 5.37716 0)
(26.2324 5.22845 0)
(26.1618 5.44376 -1.45895e-17)
(26.2714 5.03304 0)
(25.0852 5.80596 -1.4642e-19)
(25.1232 5.80389 -2.19219e-19)
(25.161 5.80303 0)
(25.1978 5.80177 1.98641e-19)
(25.2334 5.80059 0)
(25.2679 5.79931 2.62288e-19)
(25.3012 5.79801 0)
(25.3332 5.79666 0)
(25.364 5.79528 0)
(25.3934 5.79387 0)
(25.4215 5.79245 4.57068e-19)
(25.4483 5.79103 -4.42876e-19)
(25.4738 5.78962 0)
(25.4979 5.78823 0)
(25.5208 5.78686 3.82321e-19)
(25.5424 5.78554 -3.84302e-19)
(25.5628 5.78427 0)
(25.582 5.78305 0)
(25.6001 5.78189 -1.1849e-18)
(25.6171 5.7808 0)
(25.6332 5.77978 0)
(25.6483 5.77883 5.84459e-19)
(25.6625 5.77794 -5.53255e-19)
(25.6759 5.77712 0)
(25.6885 5.77636 0)
(25.7005 5.77564 0)
(25.7118 5.77495 0)
(25.7226 5.77429 0)
(25.7329 5.77362 0)
(25.7427 5.77294 -6.76841e-19)
(25.7522 5.77222 0)
(25.7613 5.77145 -5.49602e-19)
(25.7701 5.77057 -1.01238e-18)
(25.7787 5.76959 0)
(25.787 5.76845 0)
(25.7952 5.76713 0)
(25.8032 5.7656 0)
(25.8111 5.76383 0)
(25.8189 5.76178 0)
(25.8265 5.75942 0)
(25.834 5.75672 0)
(25.8414 5.75365 4.35538e-19)
(25.8486 5.75017 -3.20856e-18)
(25.8556 5.74628 0)
(25.8624 5.74195 -2.33629e-19)
(25.8689 5.73715 0)
(25.875 5.73188 0)
(25.8808 5.72613 0)
(25.8861 5.71992 6.6288e-18)
(25.8909 5.71325 0)
(25.8951 5.70614 -1.19293e-17)
(25.8988 5.69864 0)
(25.902 5.6908 8.11734e-19)
(25.9045 5.6827 0)
(25.9063 5.67435 -1.01074e-17)
(25.9074 5.66578 0)
(25.9075 5.65704 0)
(25.9067 5.64818 1.13724e-18)
(25.9048 5.63925 1.1849e-17)
(25.9016 5.63033 0)
(25.8973 5.62146 0)
(25.8917 5.61272 -6.43777e-18)
(25.8849 5.60419 9.38236e-18)
(25.8772 5.59597 6.00433e-18)
(25.8685 5.58809 -2.77819e-18)
(25.8589 5.58059 0)
(25.8484 5.57371 3.20221e-18)
(25.8383 5.56774 -3.62022e-18)
(25.8291 5.56287 0)
(25.8161 5.55731 0)
(25.7989 5.55135 0)
(25.7779 5.54475 0)
(25.7557 5.53833 -2.19503e-18)
(25.7394 5.53377 0)
(25.7391 5.53311 0)
(25.7635 5.54063 0)
(25.8127 5.55607 0)
(25.8757 5.56265 -8.76793e-17)
(25.9126 5.63147 0)
(25.9425 5.50876 0)
(25.0036 5.83536 -3.59042e-19)
(24.9671 5.83646 1.29709e-19)
(24.9386 5.83673 -2.60606e-19)
(24.9131 5.83767 2.2857e-19)
(24.8859 5.83891 0)
(24.8519 5.83959 0)
(24.8069 5.83917 2.25704e-19)
(24.7548 5.8384 -2.0204e-19)
(24.7221 5.83924 -3.96953e-19)
(24.7418 5.84329 3.49007e-19)
(24.8266 5.85139 0)
(24.9656 5.86334 0)
(25.1339 5.87774 0)
(25.3021 5.89222 2.42052e-19)
(25.4418 5.9041 0)
(25.5292 5.91078 0)
(25.5468 5.9101 -4.99509e-19)
(25.484 5.90046 0)
(25.337 5.88089 0)
(25.1073 5.85102 0)
(24.8008 5.81103 0)
(24.4266 5.76157 -1.13548e-18)
(23.9956 5.70366 1.16992e-18)
(23.5202 5.63865 1.08338e-18)
(23.0136 5.56814 0)
(22.4891 5.49397 2.45859e-18)
(21.96 5.41813 -1.21666e-18)
(21.4392 5.34282 2.66428e-18)
(20.9396 5.27032 0)
(20.4732 5.20305 0)
(20.0515 5.14346 -6.06914e-18)
(19.6855 5.09401 3.08291e-18)
(19.3854 5.05707 -3.37626e-18)
(19.1604 5.03479 6.87177e-18)
(19.0189 5.02899 0)
(18.968 5.04103 0)
(19.0137 5.07158 0)
(19.1608 5.12068 0)
(19.4138 5.18792 0)
(19.7786 5.27306 1.54143e-17)
(20.2641 5.37691 0)
(20.883 5.50222 -1.58775e-17)
(21.6493 5.65393 0)
(22.5694 5.83721 0)
(23.6235 6.05188 0)
(24.7377 6.28328 0)
(25.7641 6.49371 0)
(26.5082 6.62597 0)
(26.8482 6.63806 -2.39094e-17)
(26.8706 6.55244 4.2491e-17)
(26.7982 6.4391 -3.72754e-17)
(26.7672 6.34318 0)
(26.7811 6.2666 0)
(26.805 6.19798 2.1814e-17)
(26.8226 6.13155 0)
(26.8337 6.06716 -2.65913e-17)
(26.8403 6.00571 4.83492e-18)
(26.8428 5.94743 1.19626e-17)
(26.8408 5.89218 0)
(26.8342 5.83984 -5.00498e-18)
(26.8229 5.79031 1.45423e-17)
(26.8071 5.74347 0)
(26.787 5.6993 0)
(26.7627 5.65753 5.76772e-18)
(26.7347 5.61849 0)
(26.7033 5.58116 0)
(26.6682 5.54762 0)
(26.6381 5.5183 0)
(26.6105 5.49539 2.7359e-17)
(26.5793 5.47108 -2.68796e-17)
(26.5444 5.44848 0)
(26.5059 5.42271 0)
(26.4646 5.40464 2.58918e-19)
(26.4201 5.37226 -6.77952e-19)
(26.3751 5.36983 0)
(26.327 5.3117 6.52145e-17)
(26.2817 5.36227 0)
(26.2375 5.21435 0)
(26.1678 5.43248 1.45251e-17)
(26.2746 5.01682 0)
(25.0412 5.83513 -1.26023e-19)
(25.0789 5.8333 1.23511e-19)
(25.1158 5.83238 0)
(25.1521 5.83106 -1.89773e-19)
(25.1877 5.82971 0)
(25.2224 5.82822 2.26073e-19)
(25.2562 5.82665 0)
(25.2891 5.82497 0)
(25.3209 5.8232 7.6542e-20)
(25.3517 5.82136 0)
(25.3813 5.81946 5.01224e-19)
(25.4097 5.8175 -4.66707e-19)
(25.4369 5.81549 -5.99428e-20)
(25.4629 5.81345 0)
(25.4877 5.81139 -3.67115e-19)
(25.5113 5.80931 -3.36899e-19)
(25.5336 5.80722 -2.04422e-20)
(25.5548 5.80514 0)
(25.5749 5.80306 -1.11175e-19)
(25.5938 5.801 0)
(25.6117 5.79896 0)
(25.6285 5.79695 5.23658e-19)
(25.6443 5.79496 -3.57618e-20)
(25.6592 5.793 0)
(25.6732 5.79106 0)
(25.6863 5.78915 0)
(25.6988 5.78726 0)
(25.7105 5.78537 0)
(25.7215 5.78349 0)
(25.732 5.7816 -6.38734e-19)
(25.7419 5.7797 0)
(25.7513 5.77775 5.33896e-19)
(25.7603 5.77576 -9.85593e-19)
(25.769 5.77369 0)
(25.7773 5.77153 0)
(25.7853 5.76925 0)
(25.793 5.76683 0)
(25.8006 5.76424 0)
(25.8079 5.76145 0)
(25.8151 5.75844 0)
(25.822 5.75518 0)
(25.8288 5.75164 5.4982e-19)
(25.8355 5.7478 3.14202e-18)
(25.8419 5.74363 0)
(25.8481 5.7391 -4.78994e-19)
(25.854 5.7342 0)
(25.8597 5.72891 0)
(25.865 5.72322 0)
(25.8699 5.71714 -6.21051e-18)
(25.8745 5.71066 0)
(25.8787 5.70381 3.91195e-19)
(25.8824 5.69662 0)
(25.8856 5.68911 1.06177e-17)
(25.8884 5.68134 -9.37741e-18)
(25.8905 5.67331 -8.63855e-18)
(25.892 5.66506 0)
(25.8926 5.65663 0)
(25.8924 5.64805 9.54991e-19)
(25.891 5.63938 -2.25799e-17)
(25.8885 5.63066 0)
(25.8849 5.62197 0)
(25.8801 5.61337 6.37164e-18)
(25.8742 5.60496 -5.9951e-19)
(25.8674 5.59683 -1.15588e-17)
(25.8596 5.589 0)
(25.8509 5.58154 0)
(25.8412 5.57467 -3.53506e-19)
(25.8316 5.56865 3.58255e-18)
(25.8226 5.5637 0)
(25.8096 5.558 0)
(25.7925 5.55192 0)
(25.7718 5.54529 0)
(25.7511 5.53908 -2.12019e-18)
(25.7376 5.53507 0)
(25.7412 5.5354 0)
(25.7697 5.54412 0)
(25.8216 5.55951 0)
(25.8843 5.56815 8.72301e-17)
(25.9195 5.63302 0)
(25.9469 5.51577 0)
(24.9546 5.86501 -1.21613e-19)
(24.9196 5.8655 1.09878e-19)
(24.8916 5.86536 -2.21047e-19)
(24.8666 5.86598 -2.21989e-19)
(24.8439 5.86727 9.19741e-22)
(24.8226 5.86863 0)
(24.7999 5.86942 -2.33575e-19)
(24.7715 5.86951 2.37849e-19)
(24.7353 5.86924 -4.42649e-19)
(24.6955 5.86935 4.11526e-19)
(24.6745 5.87135 0)
(24.7066 5.87683 0)
(24.808 5.88661 0)
(24.9677 5.90049 -2.99173e-19)
(25.1572 5.9171 0)
(25.3426 5.93405 0)
(25.4915 5.94842 -4.45814e-19)
(25.5778 5.95732 0)
(25.5831 5.95823 0)
(25.4977 5.94929 0)
(25.3192 5.92931 0)
(25.0513 5.89779 8.54811e-19)
(24.7023 5.85488 -8.67373e-19)
(24.2834 5.80123 1.22114e-18)
(23.8079 5.73797 0)
(23.29 5.66658 -3.4216e-19)
(22.7444 5.58884 -1.31829e-18)
(22.1858 5.50679 -3.45158e-19)
(21.6287 5.42273 0)
(21.0874 5.33909 0)
(20.5755 5.25852 0)
(20.1065 5.18378 3.11512e-18)
(19.6931 5.11775 3.90436e-18)
(19.3477 5.06333 0)
(19.0822 5.02342 0)
(18.9079 5.00072 0)
(18.8354 4.99766 0)
(18.8739 5.01611 0)
(19.031 5.05731 0)
(19.313 5.12179 8.03798e-19)
(19.7255 5.20969 -6.31809e-19)
(20.2747 5.32131 -1.28573e-17)
(20.9676 5.45771 0)
(21.8102 5.62095 0)
(22.7999 5.81272 -2.79672e-19)
(23.9081 6.02983 5.43151e-19)
(25.0547 6.25703 6.59404e-19)
(26.0875 6.45884 0)
(26.8123 6.58184 -2.22806e-17)
(27.1192 6.58939 0)
(27.1137 6.50548 0)
(27.022 6.39468 0)
(26.9726 6.29771 0)
(26.966 6.21768 0)
(26.9693 6.14594 0)
(26.9677 6.07756 0)
(26.9606 6.01192 -1.58566e-17)
(26.95 5.94945 1.32529e-17)
(26.936 5.89033 0)
(26.9186 5.8345 4.93229e-18)
(26.8976 5.78184 -1.43436e-17)
(26.8729 5.73225 2.94979e-17)
(26.8448 5.68571 0)
(26.8133 5.64196 7.08569e-18)
(26.7788 5.60131 2.87951e-17)
(26.7416 5.5627 0)
(26.7015 5.52833 0)
(26.6672 5.49837 0)
(26.6363 5.47524 -3.01023e-17)
(26.6022 5.45092 2.66227e-17)
(26.5645 5.42836 0)
(26.5232 5.40294 0)
(26.4796 5.3852 4.0187e-17)
(26.4327 5.35372 -7.45517e-17)
(26.3861 5.35172 0)
(26.3354 5.29514 -2.36124e-18)
(26.2898 5.34616 0)
(26.242 5.19962 0)
(26.174 5.42058 0)
(26.2768 4.99989 0)
(24.9902 5.86497 -1.0617e-19)
(25.0259 5.8633 1.03774e-19)
(25.0613 5.86229 0)
(25.0964 5.86087 -3.07821e-20)
(25.1312 5.85937 0)
(25.1655 5.85769 1.88361e-19)
(25.1992 5.85589 0)
(25.2323 5.85397 0)
(25.2646 5.85192 -1.7371e-19)
(25.2961 5.84977 0)
(25.3266 5.84751 2.26929e-19)
(25.3562 5.84517 -2.38697e-19)
(25.3848 5.84274 5.74785e-20)
(25.4124 5.84023 0)
(25.4388 5.83766 -2.69593e-19)
(25.4642 5.83502 -2.76575e-19)
(25.4884 5.83232 -2.66378e-19)
(25.5115 5.82958 0)
(25.5335 5.8268 1.06949e-19)
(25.5544 5.82399 0)
(25.5742 5.82115 0)
(25.5929 5.81828 -1.96386e-19)
(25.6106 5.81539 -8.53632e-19)
(25.6273 5.81248 0)
(25.643 5.80956 0)
(25.6578 5.80662 1.27632e-18)
(25.6718 5.80367 0)
(25.6849 5.8007 0)
(25.6972 5.79771 -1.26569e-18)
(25.7089 5.79469 1.98616e-18)
(25.7199 5.79164 0)
(25.7302 5.78854 -2.46316e-18)
(25.7401 5.7854 1.61296e-18)
(25.7494 5.7822 -2.39658e-18)
(25.7583 5.77892 -2.35814e-18)
(25.7667 5.77556 0)
(25.7749 5.77209 0)
(25.7827 5.76849 0)
(25.7902 5.76475 0)
(25.7974 5.76085 0)
(25.8044 5.75677 -4.11801e-18)
(25.8112 5.75247 4.69472e-19)
(25.8177 5.74795 -3.87506e-18)
(25.824 5.74318 0)
(25.8301 5.73813 6.8124e-18)
(25.8359 5.7328 0)
(25.8415 5.72716 0)
(25.8467 5.72121 0)
(25.8516 5.71494 5.78472e-20)
(25.8562 5.70836 0)
(25.8605 5.70148 1.11658e-17)
(25.8644 5.69432 -1.00959e-17)
(25.868 5.6869 0)
(25.8711 5.67924 9.24079e-18)
(25.8736 5.67136 8.51753e-18)
(25.8756 5.66328 0)
(25.8768 5.65503 1.28717e-17)
(25.8771 5.64664 1.23649e-17)
(25.8764 5.63815 9.15996e-19)
(25.8746 5.62962 0)
(25.8717 5.62109 0)
(25.8678 5.61265 -5.33396e-18)
(25.8628 5.6044 -8.06592e-19)
(25.8569 5.59641 5.4139e-19)
(25.8501 5.58871 0)
(25.8424 5.58136 0)
(25.8335 5.57459 -1.78213e-19)
(25.8244 5.56856 0)
(25.8155 5.5636 0)
(25.8025 5.55785 0)
(25.7855 5.55174 0)
(25.7655 5.54518 0)
(25.7466 5.53934 -1.967e-18)
(25.7362 5.53609 0)
(25.7441 5.53757 0)
(25.7767 5.54755 0)
(25.8311 5.56291 0)
(25.8935 5.57381 7.55778e-17)
(25.9264 5.63434 0)
(25.9518 5.52282 -2.48931e-16)
(24.897 5.89942 -7.09934e-20)
(24.8663 5.89954 -5.25265e-21)
(24.8422 5.8991 5.96971e-21)
(24.8205 5.89904 2.28051e-21)
(24.8003 5.89964 -5.78507e-22)
(24.7816 5.90057 -1.6533e-19)
(24.7644 5.9012 0)
(24.7482 5.90138 0)
(24.7313 5.90127 -2.05764e-20)
(24.711 5.90099 -2.99746e-19)
(24.6862 5.90056 0)
(24.6608 5.90037 0)
(24.6466 5.90151 0)
(24.6679 5.90568 0)
(24.7488 5.91416 0)
(24.8915 5.92703 0)
(25.0746 5.9433 2.00968e-19)
(25.2647 5.96087 2.69799e-19)
(25.4267 5.97682 0)
(25.5303 5.98795 0)
(25.5534 5.99128 0)
(25.4828 5.98446 4.45045e-19)
(25.314 5.96591 1.80813e-19)
(25.0495 5.93483 4.13762e-19)
(24.6972 5.89113 4.17577e-19)
(24.2689 5.83536 2.334e-19)
(23.7785 5.76859 0)
(23.2415 5.69233 2.3047e-19)
(22.6739 5.60845 4.80835e-19)
(22.092 5.51912 0)
(21.5118 5.42679 1.076e-18)
(20.9492 5.33414 0)
(20.4197 5.24408 7.8184e-19)
(19.9388 5.15969 -1.31219e-18)
(19.5214 5.08429 0)
(19.1828 5.02128 0)
(18.938 4.97416 3.26612e-18)
(18.8018 4.94635 3.51417e-18)
(18.7882 4.94107 0)
(18.9098 4.96097 3.48964e-18)
(19.1768 5.008 4.34973e-19)
(19.5966 5.08338 3.96087e-18)
(20.1746 5.18779 0)
(20.9135 5.32164 -1.02016e-17)
(21.8121 5.48533 -1.04971e-17)
(22.8578 5.67788 -3.92505e-19)
(24.0133 5.89418 -4.79915e-19)
(25.1936 6.119 -1.19556e-17)
(26.2499 6.3196 7.65682e-19)
(26.9992 6.44831 0)
(27.3389 6.47184 0)
(27.3582 6.40728 -2.3374e-17)
(27.263 6.30874 0)
(27.1878 6.21597 2.00966e-17)
(27.1513 6.13694 -1.85615e-17)
(27.1294 6.06631 0)
(27.1069 5.9997 9.60989e-18)
(27.0809 5.93601 1.89272e-17)
(27.0522 5.87542 0)
(27.0212 5.8181 0)
(26.9879 5.76407 -2.38537e-17)
(26.9522 5.71326 -2.6564e-17)
(26.914 5.66566 0)
(26.8736 5.62104 -2.6887e-17)
(26.8311 5.57971 -2.64821e-17)
(26.7867 5.54062 0)
(26.7403 5.50612 0)
(26.7008 5.47595 0)
(26.6659 5.45301 5.92453e-17)
(26.6281 5.42908 0)
(26.587 5.40687 0)
(26.5425 5.38218 4.51644e-17)
(26.4961 5.36488 0)
(26.4464 5.33476 3.56407e-17)
(26.3978 5.33299 5.71191e-17)
(26.3444 5.27873 -6.0872e-17)
(26.298 5.32935 0)
(26.2469 5.18563 0)
(26.1798 5.40741 -1.15006e-17)
(26.2796 4.98415 -2.294e-16)
(24.9285 5.89934 -7.65194e-20)
(24.9607 5.89807 -1.37149e-20)
(24.993 5.89717 8.88181e-20)
(25.0257 5.89594 1.94024e-20)
(25.0584 5.89457 0)
(25.0911 5.89301 -4.95225e-20)
(25.1236 5.89126 0)
(25.1559 5.88934 0)
(25.1879 5.88725 -1.1941e-19)
(25.2193 5.88497 0)
(25.2502 5.88255 3.81728e-20)
(25.2805 5.87996 5.23335e-19)
(25.31 5.87722 -3.68753e-19)
(25.3388 5.87434 0)
(25.3667 5.87132 5.43641e-19)
(25.3937 5.86817 1.82894e-19)
(25.4198 5.8649 1.88957e-19)
(25.4448 5.86151 0)
(25.4689 5.85801 0)
(25.492 5.85442 0)
(25.514 5.85073 0)
(25.5351 5.84695 0)
(25.5551 5.84308 -2.57355e-19)
(25.5741 5.83914 0)
(25.5921 5.83512 1.33351e-18)
(25.6091 5.83104 -8.84889e-19)
(25.6253 5.82689 0)
(25.6405 5.82268 0)
(25.6549 5.8184 2.12855e-18)
(25.6685 5.81406 3.11682e-19)
(25.6814 5.80967 0)
(25.6935 5.80521 -5.14441e-19)
(25.7049 5.80069 2.228e-18)
(25.7158 5.79611 1.75318e-18)
(25.726 5.79146 1.73752e-18)
(25.7358 5.78673 -2.02889e-18)
(25.745 5.78192 0)
(25.7539 5.77702 0)
(25.7623 5.77201 0)
(25.7703 5.76689 0)
(25.778 5.76165 6.53487e-18)
(25.7854 5.75627 -3.1068e-18)
(25.7925 5.75072 3.03483e-18)
(25.7993 5.74501 -5.87075e-18)
(25.8057 5.73911 5.59075e-18)
(25.8119 5.73302 -5.31041e-18)
(25.8178 5.72673 0)
(25.8234 5.72022 4.75448e-18)
(25.8287 5.7135 4.96034e-18)
(25.8337 5.70657 4.20324e-18)
(25.8385 5.69944 0)
(25.8429 5.69213 8.47675e-18)
(25.847 5.68463 0)
(25.8507 5.67696 0)
(25.8539 5.66914 0)
(25.8565 5.66117 0)
(25.8584 5.65307 -1.12081e-17)
(25.8594 5.64486 -8.03093e-18)
(25.8595 5.63657 1.73811e-18)
(25.8586 5.62825 0)
(25.8567 5.61996 0)
(25.8538 5.61177 8.47925e-18)
(25.8499 5.60377 -4.44236e-18)
(25.8452 5.59602 7.73321e-18)
(25.8395 5.58853 1.12435e-18)
(25.8328 5.5814 8.52583e-19)
(25.8248 5.5748 -2.42856e-18)
(25.8162 5.5688 0)
(25.8073 5.56389 7.06072e-18)
(25.7944 5.55811 0)
(25.7777 5.55199 0)
(25.7587 5.54562 -1.10137e-17)
(25.7422 5.54038 -2.61492e-17)
(25.7358 5.53807 0)
(25.7488 5.54092 0)
(25.7859 5.5522 0)
(25.8426 5.56727 6.24151e-17)
(25.9039 5.58083 -7.375e-17)
(25.9344 5.63593 4.84988e-17)
(25.9558 5.53059 2.43875e-16)
(24.8433 5.92064 -1.75945e-19)
(24.8206 5.92057 -1.29985e-19)
(24.8037 5.92009 0)
(24.7889 5.91931 -1.30311e-19)
(24.7753 5.91899 0)
(24.7628 5.91915 4.20378e-19)
(24.7513 5.91909 2.63648e-19)
(24.7409 5.91852 2.64547e-19)
(24.7318 5.91761 0)
(24.7236 5.91658 5.76958e-19)
(24.7149 5.9153 -5.33652e-19)
(24.7031 5.9136 5.35107e-19)
(24.6856 5.9115 5.351e-19)
(24.664 5.90939 5.31451e-19)
(24.6454 5.90814 0)
(24.6445 5.90891 0)
(24.6859 5.91315 -4.7229e-19)
(24.7911 5.92176 3.13806e-19)
(24.9559 5.93441 6.21331e-19)
(25.1515 5.9495 0)
(25.339 5.9643 -5.0503e-19)
(25.4806 5.97537 -2.56483e-19)
(25.5469 5.97932 -4.87495e-19)
(25.5183 5.97325 -1.34256e-18)
(25.3857 5.95516 -1.32078e-18)
(25.1488 5.92392 0)
(24.8143 5.87919 0)
(24.3938 5.82138 0)
(23.9019 5.7515 -4.94707e-19)
(23.3554 5.67104 -1.88261e-18)
(22.7717 5.58187 -1.07547e-18)
(22.169 5.48625 0)
(21.5652 5.38671 9.91682e-19)
(20.9781 5.28608 -1.05118e-18)
(20.4258 5.18749 0)
(19.926 5.09433 0)
(19.4971 5.01028 -3.11333e-18)
(19.1577 4.93932 2.68129e-18)
(18.9273 4.88563 0)
(18.8253 4.85344 -3.87162e-18)
(18.8703 4.84682 -7.27925e-18)
(19.0783 4.86924 3.26606e-18)
(19.4614 4.92337 0)
(20.0268 5.01094 9.85358e-18)
(20.7758 5.13268 2.78171e-17)
(21.7025 5.28824 0)
(22.7881 5.47517 0)
(23.9895 5.68671 1.12307e-17)
(25.2196 5.90736 0)
(26.3307 6.10689 0)
(27.1402 6.24239 -3.98057e-17)
(27.5357 6.28255 2.19461e-17)
(27.5874 6.23886 0)
(27.492 6.15754 1.52161e-17)
(27.395 6.07604 1.81456e-17)
(27.331 6.00497 0)
(27.284 5.94131 5.25238e-17)
(27.2397 5.88145 -2.9001e-17)
(27.1938 5.82429 0)
(27.1465 5.76988 0)
(27.0982 5.71839 2.34169e-17)
(27.0487 5.66986 3.12029e-17)
(26.9982 5.62435 5.58678e-17)
(26.9466 5.58167 -4.98949e-17)
(26.894 5.54219 0)
(26.8407 5.50484 0)
(26.7864 5.47217 0)
(26.7403 5.44332 0)
(26.7003 5.42171 -3.07802e-17)
(26.6578 5.39935 3.08038e-17)
(26.6125 5.37858 2.68761e-17)
(26.5642 5.35567 -9.15378e-17)
(26.5142 5.33977 -4.00287e-17)
(26.4614 5.31192 3.53967e-17)
(26.41 5.3111 -5.64967e-17)
(26.3541 5.25993 5.67156e-17)
(26.3058 5.31073 0)
(26.2526 5.17047 0)
(26.1842 5.39358 1.1401e-17)
(26.2841 4.96806 2.27671e-16)
(24.8673 5.92034 -4.44995e-20)
(24.8926 5.91942 -1.26668e-19)
(24.9188 5.91854 -8.4853e-20)
(24.9459 5.91743 0)
(24.9737 5.91617 0)
(25.0021 5.91473 0)
(25.0309 5.91311 -2.40938e-19)
(25.0601 5.91132 2.38274e-19)
(25.0895 5.90935 1.75704e-19)
(25.119 5.9072 0)
(25.1484 5.90487 -1.76482e-19)
(25.1777 5.90235 -3.53172e-19)
(25.2067 5.89965 -9.42934e-20)
(25.2353 5.89676 0)
(25.2636 5.8937 -3.51722e-19)
(25.2913 5.89044 4.27338e-19)
(25.3184 5.88701 0)
(25.3448 5.88341 0)
(25.3706 5.87963 -4.05133e-19)
(25.3955 5.87569 0)
(25.4197 5.87159 0)
(25.443 5.86733 0)
(25.4655 5.86292 6.6045e-19)
(25.487 5.85837 7.25691e-19)
(25.5077 5.85368 -1.28326e-18)
(25.5276 5.84886 1.37701e-18)
(25.5465 5.84391 -1.3386e-18)
(25.5646 5.83885 0)
(25.5818 5.83366 -1.19022e-18)
(25.5982 5.82837 -1.16347e-18)
(25.6138 5.82298 0)
(25.6287 5.81748 2.21385e-18)
(25.6428 5.81189 3.05886e-20)
(25.6562 5.8062 0)
(25.6689 5.80043 0)
(25.681 5.79456 1.96622e-18)
(25.6926 5.78861 1.84309e-18)
(25.7036 5.78257 -1.75767e-18)
(25.714 5.77643 0)
(25.724 5.77021 0)
(25.7335 5.76389 -3.26805e-18)
(25.7426 5.75747 0)
(25.7513 5.75093 2.68889e-18)
(25.7596 5.74429 5.72405e-18)
(25.7675 5.73753 -5.45562e-18)
(25.775 5.73065 7.30611e-19)
(25.7822 5.72365 0)
(25.7891 5.71653 -8.52787e-18)
(25.7956 5.70929 3.60191e-18)
(25.8019 5.70195 -7.84503e-19)
(25.8078 5.69451 0)
(25.8135 5.68698 5.63492e-18)
(25.8188 5.67936 0)
(25.8237 5.67166 4.65945e-18)
(25.828 5.66388 0)
(25.8318 5.65603 0)
(25.8348 5.64812 0)
(25.837 5.64015 7.91011e-18)
(25.8383 5.63215 6.83346e-18)
(25.8387 5.62418 0)
(25.8381 5.61627 0)
(25.8366 5.6085 -3.63154e-18)
(25.8342 5.60093 -1.13238e-18)
(25.8308 5.59361 -3.12676e-18)
(25.8266 5.58655 -1.11226e-18)
(25.8212 5.57984 -2.68888e-18)
(25.8142 5.5736 3.3074e-18)
(25.806 5.56779 0)
(25.7972 5.56304 -6.98191e-18)
(25.7844 5.55735 8.24226e-18)
(25.7683 5.55143 0)
(25.7511 5.54554 1.09232e-17)
(25.7378 5.54119 0)
(25.7366 5.54016 0)
(25.7555 5.5447 0)
(25.7974 5.55739 -2.68187e-17)
(25.8561 5.57225 -6.21106e-17)
(25.9153 5.58839 0)
(25.9442 5.63823 -4.83358e-17)
(25.9575 5.53892 0)
(24.8367 5.91244 9.16946e-20)
(24.8245 5.91194 1.24636e-19)
(24.8163 5.91129 0)
(24.8099 5.90958 -3.593e-20)
(24.8045 5.90804 0)
(24.8001 5.90709 -5.78948e-19)
(24.7964 5.90603 -5.83064e-19)
(24.7935 5.90438 -2.54017e-19)
(24.7911 5.90218 0)
(24.7895 5.89973 -2.55576e-19)
(24.7884 5.89707 8.51278e-19)
(24.7876 5.89412 -5.14676e-19)
(24.7858 5.8907 -5.16317e-19)
(24.7807 5.88666 -1.20498e-18)
(24.7699 5.88203 0)
(24.7521 5.87695 6.89558e-19)
(24.7315 5.87206 -6.8475e-19)
(24.7187 5.86841 -1.67308e-18)
(24.7335 5.86738 -9.33171e-19)
(24.8037 5.87053 -1.07279e-18)
(24.9424 5.87844 7.1394e-19)
(25.131 5.89006 8.12636e-19)
(25.3287 5.9028 0)
(25.4912 5.91298 3.83783e-19)
(25.582 5.91669 1.00677e-18)
(25.5762 5.91054 1.2298e-18)
(25.4613 5.89206 0)
(25.2352 5.85982 0)
(24.9042 5.81335 0)
(24.4804 5.75297 3.19808e-18)
(23.9795 5.67964 0)
(23.4198 5.59492 0)
(22.8204 5.50075 -2.18309e-18)
(22.2008 5.39948 2.28856e-18)
(21.5811 5.2938 0)
(20.9811 5.18675 0)
(20.4211 5.0817 -3.43609e-18)
(19.9216 4.98242 -5.76514e-18)
(19.5045 4.8931 0)
(19.1924 4.81836 0)
(19.0092 4.76318 1.58005e-17)
(18.9792 4.73262 1.9199e-18)
(19.1244 4.73155 0)
(19.462 4.764 0)
(20.0028 4.83289 -1.70084e-17)
(20.7493 4.9397 0)
(21.6931 5.08412 0)
(22.8103 5.26308 0)
(24.0499 5.46883 0)
(25.3158 5.68529 0)
(26.4535 5.88281 8.36032e-17)
(27.2788 6.02065 0)
(27.6832 6.06953 0)
(27.7399 6.04025 -3.36177e-17)
(27.6426 5.97458 4.0586e-17)
(27.5343 5.90652 -3.70285e-17)
(27.4531 5.8465 1.54418e-17)
(27.3879 5.79264 6.03584e-17)
(27.3266 5.74214 0)
(27.2651 5.69404 4.83545e-17)
(27.2032 5.64832 0)
(27.1412 5.60509 -3.06869e-17)
(27.0792 5.56447 -8.85992e-17)
(27.017 5.52629 4.911e-17)
(26.955 5.49098 5.17418e-17)
(26.893 5.45746 4.51436e-17)
(26.8312 5.42843 0)
(26.7787 5.40234 2.14277e-17)
(26.7335 5.38314 0)
(26.6864 5.36342 2.36334e-18)
(26.637 5.34512 -2.6505e-17)
(26.5849 5.3249 4.63433e-17)
(26.5315 5.31122 3.95312e-17)
(26.4756 5.2863 -3.49809e-17)
(26.4215 5.28715 0)
(26.3634 5.23946 -1.59766e-18)
(26.3128 5.29107 0)
(26.2583 5.15437 0)
(26.1879 5.37966 7.40985e-18)
(26.2885 4.95178 0)
(24.8509 5.9123 1.22645e-19)
(24.867 5.91189 2.71874e-19)
(24.8845 5.91139 1.47515e-19)
(24.9036 5.91079 0)
(24.9239 5.91005 0)
(24.9454 5.90916 0)
(24.968 5.90812 2.31306e-19)
(24.9915 5.90691 -4.95376e-19)
(25.0158 5.90553 0)
(25.0408 5.90396 0)
(25.0663 5.90218 0)
(25.0922 5.90021 0)
(25.1184 5.89803 1.91739e-19)
(25.1447 5.89563 -4.64806e-19)
(25.1711 5.89302 0)
(25.1975 5.89019 -8.5265e-19)
(25.2237 5.88715 0)
(25.2497 5.88388 0)
(25.2753 5.8804 3.89857e-19)
(25.3006 5.87671 0)
(25.3254 5.8728 0)
(25.3496 5.86869 0)
(25.3733 5.86437 0)
(25.3964 5.85985 -6.99538e-19)
(25.4188 5.85515 0)
(25.4405 5.85026 -6.80388e-19)
(25.4615 5.84518 1.29193e-18)
(25.4818 5.83994 0)
(25.5014 5.83453 0)
(25.5202 5.82896 1.10561e-18)
(25.5383 5.82324 0)
(25.5557 5.81737 1.0114e-18)
(25.5723 5.81136 -2.11588e-18)
(25.5883 5.80522 -1.83736e-18)
(25.6036 5.79895 1.7459e-18)
(25.6183 5.79257 0)
(25.6323 5.78606 -2.2192e-19)
(25.6457 5.77945 1.70706e-18)
(25.6586 5.77274 -1.39429e-18)
(25.6709 5.76592 0)
(25.6827 5.759 0)
(25.6939 5.752 0)
(25.7047 5.74491 -4.74094e-19)
(25.715 5.73773 0)
(25.7249 5.73047 -1.85389e-18)
(25.7343 5.72314 9.19408e-19)
(25.7433 5.71574 0)
(25.752 5.70829 3.79247e-18)
(25.7603 5.70078 -3.52495e-18)
(25.7683 5.69324 -5.69784e-18)
(25.7759 5.68567 2.21155e-18)
(25.7831 5.67809 -5.5264e-18)
(25.79 5.67048 3.59115e-18)
(25.7963 5.66287 -4.57584e-18)
(25.8021 5.65524 2.82918e-18)
(25.8072 5.64761 0)
(25.8115 5.63998 0)
(25.815 5.63236 0)
(25.8176 5.62478 0)
(25.8193 5.61729 0)
(25.8201 5.6099 0)
(25.82 5.60269 0)
(25.819 5.59571 -1.43732e-18)
(25.8171 5.589 0)
(25.8142 5.58253 0)
(25.81 5.57641 4.49226e-18)
(25.8037 5.57069 -3.2747e-18)
(25.7958 5.56519 3.03061e-18)
(25.7871 5.56071 0)
(25.7745 5.55527 -2.37898e-19)
(25.7592 5.5498 0)
(25.7442 5.54467 9.57061e-18)
(25.7349 5.5415 0)
(25.7392 5.54201 0)
(25.764 5.54836 0)
(25.8104 5.56243 2.66622e-17)
(25.8705 5.57739 0)
(25.9272 5.59568 -5.52523e-17)
(25.9541 5.64115 4.10412e-17)
(25.9584 5.5477 9.99871e-17)
(24.8824 5.87217 -1.14967e-20)
(24.8817 5.86956 0)
(24.8832 5.86781 0)
(24.8858 5.86494 1.55152e-19)
(24.8892 5.86214 0)
(24.8933 5.85995 3.15492e-19)
(24.898 5.85765 3.18375e-19)
(24.9032 5.85471 0)
(24.9087 5.85118 0)
(24.9144 5.84738 -3.64616e-19)
(24.9201 5.84339 -3.2689e-19)
(24.9259 5.83914 0)
(24.9316 5.83453 0)
(24.937 5.82944 1.41718e-18)
(24.941 5.8238 7.57618e-19)
(24.9418 5.81749 -6.68914e-19)
(24.9365 5.81037 -9.40701e-20)
(24.9228 5.80247 6.72758e-19)
(24.9014 5.79414 0)
(24.8804 5.78647 2.84969e-18)
(24.8765 5.78079 0)
(24.9175 5.7788 -2.48491e-18)
(25.0274 5.78186 -1.14755e-18)
(25.1989 5.78954 9.02856e-19)
(25.3926 5.7994 0)
(25.559 5.80758 -3.12124e-18)
(25.6555 5.80975 0)
(25.653 5.80205 1.45623e-18)
(25.5367 5.78165 0)
(25.3038 5.74696 7.15392e-20)
(24.9613 5.6974 0)
(24.5224 5.63334 0)
(24.0043 5.55584 0)
(23.4267 5.46653 -3.05842e-18)
(22.8106 5.36752 3.19194e-18)
(22.1775 5.26136 0)
(21.5491 5.15092 6.88255e-18)
(20.9477 5.03952 0)
(20.3961 4.93089 0)
(19.9183 4.82927 0)
(19.5399 4.73948 -8.43479e-18)
(19.2885 4.66689 6.13129e-19)
(19.1929 4.61731 -1.00823e-17)
(19.2805 4.59657 1.05705e-17)
(19.5743 4.60996 -1.09979e-17)
(20.0892 4.66157 0)
(20.8294 4.75383 0)
(21.7851 4.88691 2.36943e-17)
(22.9264 5.05756 0)
(24.1925 5.25747 2.41118e-17)
(25.4745 5.46947 -4.42038e-17)
(26.6083 5.66319 4.84539e-17)
(27.4097 5.79865 0)
(27.7852 5.85018 0)
(27.8254 5.8309 5.10449e-18)
(27.7226 5.77975 3.63355e-17)
(27.6086 5.72618 -6.59395e-17)
(27.5171 5.6788 -5.94112e-17)
(27.4394 5.63625 0)
(27.3658 5.59641 -4.75998e-17)
(27.293 5.55858 -4.7338e-17)
(27.2207 5.52273 0)
(27.149 5.48898 6.969e-17)
(27.078 5.4572 0)
(27.0078 5.42782 4.32871e-18)
(26.9386 5.39978 -4.4493e-17)
(26.8702 5.37586 0)
(26.812 5.35376 -2.1089e-17)
(26.7622 5.33793 -1.92139e-17)
(26.7109 5.32176 -6.53146e-17)
(26.6579 5.30682 0)
(26.6027 5.29007 0)
(26.5463 5.2794 0)
(26.4878 5.25804 -3.36794e-17)
(26.4312 5.2612 0)
(26.3712 5.21739 -5.39401e-17)
(26.3186 5.27042 0)
(26.263 5.13745 0)
(26.1908 5.36549 -7.34165e-18)
(26.2917 4.93559 -2.12922e-16)
(24.8854 5.8736 -7.88212e-20)
(24.8907 5.87455 -1.44866e-19)
(24.8979 5.87521 7.14847e-21)
(24.9071 5.87571 0)
(24.9182 5.87598 -1.41073e-19)
(24.9309 5.87608 0)
(24.9452 5.87597 1.32993e-19)
(24.961 5.87565 1.27947e-19)
(24.9781 5.87513 0)
(24.9964 5.8744 0)
(25.0157 5.87345 -2.3463e-19)
(25.0361 5.87229 2.26995e-19)
(25.0573 5.8709 2.29623e-19)
(25.0791 5.86929 6.60238e-19)
(25.1016 5.86745 4.09334e-19)
(25.1245 5.86538 4.2615e-19)
(25.1478 5.86306 -3.80465e-19)
(25.1714 5.86051 0)
(25.1951 5.85772 0)
(25.2189 5.85469 0)
(25.2426 5.85142 0)
(25.2662 5.84791 6.23024e-19)
(25.2896 5.84416 0)
(25.3127 5.84018 -5.70585e-19)
(25.3355 5.83597 0)
(25.3579 5.83153 -6.26676e-19)
(25.3799 5.82688 4.95059e-19)
(25.4014 5.82201 0)
(25.4224 5.81694 -8.93848e-19)
(25.4428 5.81167 -1.07082e-18)
(25.4627 5.8062 0)
(25.482 5.80056 -9.80428e-19)
(25.5008 5.79474 0)
(25.5189 5.78875 1.11147e-18)
(25.5364 5.78261 -1.69478e-18)
(25.5534 5.77632 0)
(25.5698 5.7699 -4.2001e-19)
(25.5855 5.76334 0)
(25.6008 5.75667 4.00381e-19)
(25.6154 5.74988 8.86826e-19)
(25.6295 5.74299 0)
(25.6431 5.73601 0)
(25.6561 5.72895 -2.09283e-18)
(25.6687 5.72182 0)
(25.6808 5.71463 1.81002e-18)
(25.6924 5.7074 3.35235e-18)
(25.7036 5.70013 0)
(25.7143 5.69284 0)
(25.7247 5.68554 0)
(25.7347 5.67825 2.38398e-18)
(25.7442 5.67097 -2.16741e-18)
(25.7533 5.66371 1.12066e-18)
(25.7618 5.65649 -3.52402e-18)
(25.7698 5.6493 0)
(25.7772 5.64214 -2.77978e-18)
(25.7837 5.63502 0)
(25.7895 5.62795 1.03374e-18)
(25.7944 5.62095 8.22565e-19)
(25.7984 5.61404 0)
(25.8015 5.60725 -4.15024e-19)
(25.8036 5.60062 0)
(25.8049 5.59419 0)
(25.8053 5.58801 0)
(25.8048 5.58212 0)
(25.8031 5.57644 0)
(25.7999 5.57108 -2.63784e-18)
(25.7942 5.56602 3.98047e-18)
(25.7864 5.56095 -2.99118e-18)
(25.7775 5.55689 0)
(25.7653 5.55192 -7.83291e-18)
(25.7512 5.54713 0)
(25.7389 5.54303 -9.48525e-18)
(25.7341 5.54133 -9.2331e-18)
(25.7444 5.5436 0)
(25.7751 5.55189 0)
(25.8254 5.56739 -2.14088e-17)
(25.8861 5.58266 0)
(25.94 5.60277 1.03799e-16)
(25.9641 5.64437 -4.08903e-17)
(25.9597 5.55703 -9.95068e-17)
(24.977 5.80188 8.24005e-20)
(24.9881 5.79904 0)
(24.9992 5.79746 -1.5728e-19)
(25.0107 5.7942 -1.60218e-19)
(25.0226 5.79067 0)
(25.035 5.78769 1.66019e-19)
(25.0478 5.7847 -1.6904e-19)
(25.0607 5.78112 0)
(25.0737 5.77692 0)
(25.0866 5.77237 3.53202e-19)
(25.0991 5.76757 3.58186e-19)
(25.1112 5.76248 -3.62575e-19)
(25.1226 5.757 3.6661e-19)
(25.1334 5.75105 -1.10042e-18)
(25.1436 5.74462 1.25735e-20)
(25.1528 5.73771 0)
(25.1603 5.73021 7.41968e-19)
(25.1644 5.72198 0)
(25.1623 5.71282 7.6605e-19)
(25.1505 5.70265 -1.49681e-18)
(25.1279 5.69162 0)
(25.0999 5.6806 1.49355e-18)
(25.082 5.67104 1.4621e-18)
(25.1005 5.66467 -1.38978e-18)
(25.1843 5.6633 0)
(25.3346 5.66706 2.15243e-18)
(25.5144 5.6736 0)
(25.6705 5.67885 -1.76534e-18)
(25.7558 5.6781 -1.6032e-18)
(25.7386 5.66716 -1.59573e-18)
(25.6031 5.64301 0)
(25.3476 5.60397 0)
(24.9801 5.54956 -1.47145e-18)
(24.5155 5.48025 3.1701e-18)
(23.973 5.39729 -6.32415e-18)
(23.3743 5.30253 3.18224e-18)
(22.7421 5.19833 -6.82789e-18)
(22.1001 5.08746 -3.49112e-18)
(21.4724 4.97315 -3.68578e-18)
(20.8839 4.85911 0)
(20.3606 4.74956 0)
(19.9308 4.64941 -9.13865e-18)
(19.625 4.56428 9.66455e-18)
(19.4758 4.50042 -3.05183e-19)
(19.5158 4.46444 2.10013e-17)
(19.7727 4.46262 -1.07653e-17)
(20.2655 4.50014 -2.22035e-17)
(21.0002 4.58034 -2.31725e-17)
(21.965 4.70389 0)
(23.1235 4.86748 -4.67021e-17)
(24.4031 5.06192 0)
(25.6811 5.26863 -4.62865e-17)
(26.7816 5.45557 0)
(27.5244 5.584 0)
(27.8426 5.63361 -8.73149e-17)
(27.8532 5.62179 4.15816e-17)
(27.7441 5.5847 0)
(27.6284 5.54622 3.42486e-17)
(27.5315 5.51244 0)
(27.4458 5.48211 -5.43474e-17)
(27.3639 5.4537 4.66633e-17)
(27.2834 5.42674 0)
(27.2041 5.40131 -7.27966e-17)
(27.1262 5.37731 0)
(27.0496 5.35518 -5.4526e-17)
(26.9745 5.33385 -2.35459e-17)
(26.9011 5.31614 0)
(26.8381 5.29896 2.1417e-17)
(26.7845 5.28724 1.89255e-17)
(26.7298 5.27533 1.01209e-18)
(26.6738 5.26445 2.65733e-17)
(26.6161 5.25183 2.22901e-17)
(26.5574 5.24483 1.82939e-17)
(26.497 5.22754 2.30997e-18)
(26.4384 5.23357 -2.38031e-17)
(26.377 5.194 0)
(26.3227 5.24889 0)
(26.2662 5.11985 0)
(26.1926 5.35104 -1.06721e-17)
(26.2934 4.91976 2.11161e-16)
(24.9684 5.80347 -6.71519e-20)
(24.9623 5.80495 6.91301e-20)
(24.9586 5.80608 -7.79904e-20)
(24.9571 5.80719 -1.28073e-19)
(24.9578 5.80814 1.36607e-19)
(24.9605 5.80899 -1.18205e-19)
(24.9652 5.80968 -1.28793e-19)
(24.9719 5.81023 1.24927e-19)
(24.9803 5.81062 0)
(24.9903 5.81085 0)
(25.002 5.8109 3.72391e-20)
(25.0151 5.81076 -2.19877e-19)
(25.0295 5.81043 0)
(25.0451 5.80991 -2.0538e-19)
(25.0618 5.80917 -2.40395e-19)
(25.0796 5.80823 0)
(25.0981 5.80706 6.49408e-19)
(25.1175 5.80567 0)
(25.1374 5.80405 0)
(25.1579 5.80221 0)
(25.1789 5.80013 0)
(25.2001 5.79781 -3.94892e-19)
(25.2216 5.79525 0)
(25.2433 5.79245 5.53331e-19)
(25.265 5.78941 0)
(25.2867 5.78614 0)
(25.3084 5.78263 -7.76589e-19)
(25.3298 5.7789 0)
(25.3511 5.77493 8.67755e-19)
(25.3721 5.77075 0)
(25.3929 5.76635 0)
(25.4133 5.76174 0)
(25.4333 5.75693 0)
(25.4528 5.75193 6.52568e-19)
(25.472 5.74675 0)
(25.4907 5.74139 0)
(25.5089 5.73587 -1.07333e-18)
(25.5267 5.73019 0)
(25.544 5.72437 9.31321e-19)
(25.5607 5.71842 -8.64338e-19)
(25.577 5.71236 0)
(25.5928 5.70619 0)
(25.608 5.69993 0)
(25.6228 5.6936 3.88067e-19)
(25.6372 5.68721 0)
(25.6511 5.68078 2.81853e-19)
(25.6645 5.67433 0)
(25.6775 5.66787 0)
(25.69 5.66142 0)
(25.702 5.65498 -2.60076e-19)
(25.7136 5.64858 0)
(25.7246 5.64222 -9.43447e-19)
(25.735 5.6359 0)
(25.7447 5.62963 7.25762e-20)
(25.7537 5.62343 0)
(25.7618 5.61728 3.94773e-21)
(25.7691 5.6112 -1.01687e-18)
(25.7754 5.60522 -6.78893e-19)
(25.7808 5.59936 -2.00745e-19)
(25.7854 5.59364 6.84202e-19)
(25.7889 5.58808 0)
(25.7916 5.58274 0)
(25.7934 5.57765 1.07936e-18)
(25.7941 5.57282 0)
(25.7935 5.56816 0)
(25.7909 5.56373 0)
(25.7855 5.55948 -3.93845e-18)
(25.7777 5.555 0)
(25.7687 5.55154 0)
(25.757 5.54724 0)
(25.7447 5.54339 0)
(25.7356 5.54063 0)
(25.736 5.54066 9.15458e-18)
(25.7524 5.54493 8.46735e-18)
(25.7887 5.55534 0)
(25.8423 5.57222 2.12715e-17)
(25.9031 5.58799 0)
(25.9537 5.60968 -4.85638e-17)
(25.9742 5.64782 -3.16018e-17)
(25.9614 5.56699 -8.23521e-17)
(25.1296 5.70276 4.41945e-21)
(25.1513 5.70001 7.05775e-20)
(25.1709 5.69893 2.25713e-19)
(25.1903 5.6957 3.04978e-19)
(25.2098 5.6918 1.52526e-19)
(25.2294 5.68838 -1.61364e-19)
(25.2491 5.68509 3.23747e-19)
(25.2687 5.68136 1.62721e-19)
(25.288 5.67704 1.65773e-19)
(25.307 5.67229 3.37276e-19)
(25.3254 5.66724 -3.48272e-19)
(25.343 5.66186 3.52546e-19)
(25.3597 5.65609 -3.56526e-19)
(25.3753 5.64986 3.60159e-19)
(25.3897 5.64315 -7.26774e-19)
(25.4028 5.63596 -3.64181e-19)
(25.4145 5.62828 7.34386e-19)
(25.4249 5.62007 0)
(25.4334 5.61125 -7.45176e-19)
(25.4383 5.60168 -7.46999e-19)
(25.4367 5.59111 0)
(25.4246 5.57932 0)
(25.3994 5.56634 0)
(25.3647 5.55296 1.50096e-18)
(25.3352 5.54058 -1.47327e-18)
(25.3374 5.53093 0)
(25.4013 5.52604 0)
(25.5314 5.52642 1.08728e-18)
(25.6915 5.52976 2.96645e-18)
(25.8261 5.53169 -1.72905e-18)
(25.8856 5.52716 0)
(25.8376 5.51176 -1.51864e-18)
(25.6676 5.48245 3.08379e-18)
(25.3755 5.43765 0)
(24.9716 5.37706 3.22082e-18)
(24.4733 5.30141 -3.27667e-18)
(23.902 5.21221 6.39009e-18)
(23.2814 5.11166 3.48485e-18)
(22.6368 5.00245 6.90404e-18)
(21.9942 4.88778 -3.43703e-18)
(21.3805 4.77135 0)
(20.824 4.65744 -3.84182e-18)
(20.3553 4.55104 0)
(20.0076 4.45796 -9.4609e-18)
(19.8168 4.3848 -9.95762e-18)
(19.8194 4.33872 1.04104e-17)
(20.0474 4.3268 3.14643e-17)
(20.5228 4.35506 0)
(21.2527 4.42757 0)
(22.2228 4.54524 2.27259e-17)
(23.3896 4.70441 -2.0993e-17)
(24.6679 4.89472 -2.09415e-17)
(25.919 5.09541 -2.08152e-17)
(26.956 5.27251 -2.06e-17)
(27.6094 5.38942 6.26697e-17)
(27.8515 5.43342 -1.98083e-18)
(27.8274 5.42666 -3.55707e-17)
(27.7133 5.40174 -3.37803e-17)
(27.5993 5.37691 0)
(27.5011 5.35592 5.36497e-17)
(27.4118 5.33749 0)
(27.3256 5.3204 3.93065e-17)
(27.2412 5.30431 3.62577e-17)
(27.1584 5.2891 -2.95028e-17)
(27.0774 5.27517 0)
(26.9983 5.26151 4.47762e-17)
(26.9215 5.25087 1.8185e-17)
(26.855 5.23929 -2.10895e-17)
(26.7985 5.23222 1.65731e-17)
(26.7412 5.22508 4.52202e-17)
(26.6832 5.2188 -2.64462e-18)
(26.6239 5.2108 -4.16087e-17)
(26.5638 5.20796 -2.10079e-18)
(26.5021 5.19518 1.71688e-17)
(26.4424 5.20453 4.38736e-17)
(26.3801 5.16943 0)
(26.3246 5.22657 0)
(26.2676 5.10172 0)
(26.1931 5.33613 -2.84708e-18)
(26.2926 4.90467 0)
(25.1104 5.70438 1.39495e-19)
(25.0935 5.70614 -6.72214e-20)
(25.0793 5.70756 -6.47318e-20)
(25.0673 5.70904 1.24554e-19)
(25.0576 5.71044 5.35237e-20)
(25.0503 5.71182 1.3356e-20)
(25.0451 5.71313 9.62725e-20)
(25.0421 5.71437 -9.10441e-20)
(25.0411 5.71553 0)
(25.0422 5.7166 0)
(25.0451 5.71756 1.84839e-19)
(25.0498 5.7184 0)
(25.0563 5.71911 -1.33256e-19)
(25.0644 5.71968 -1.24235e-19)
(25.0739 5.72011 -2.67374e-19)
(25.0849 5.72038 -1.06949e-19)
(25.0972 5.72047 -1.74472e-19)
(25.1106 5.72039 0)
(25.1252 5.72013 0)
(25.1407 5.71968 1.51265e-19)
(25.1571 5.71903 0)
(25.1743 5.71817 -3.26835e-19)
(25.1921 5.71711 0)
(25.2105 5.71585 9.78424e-20)
(25.2293 5.71437 0)
(25.2486 5.71268 1.49502e-19)
(25.2681 5.71077 2.88387e-19)
(25.2879 5.70866 0)
(25.3078 5.70633 0)
(25.3278 5.7038 0)
(25.3477 5.70106 0)
(25.3677 5.69812 0)
(25.3874 5.69499 0)
(25.4071 5.69168 2.85087e-20)
(25.4265 5.68818 0)
(25.4457 5.68451 0)
(25.4646 5.68068 0)
(25.4831 5.67669 0)
(25.5014 5.67257 0)
(25.5192 5.66831 0)
(25.5367 5.66394 0)
(25.5538 5.65946 0)
(25.5705 5.65489 1.91934e-19)
(25.5868 5.65024 1.98351e-20)
(25.6027 5.64553 0)
(25.6182 5.64078 -2.75729e-19)
(25.6333 5.636 0)
(25.6479 5.63121 0)
(25.6621 5.62641 0)
(25.6757 5.62162 6.33024e-19)
(25.6889 5.61685 0)
(25.7014 5.61211 -1.52697e-19)
(25.7132 5.6074 0)
(25.7243 5.60272 -6.75971e-19)
(25.7346 5.59808 0)
(25.744 5.5935 5.21406e-19)
(25.7526 5.58898 -9.78916e-19)
(25.7602 5.58454 -1.28599e-19)
(25.7668 5.58021 1.97646e-19)
(25.7725 5.576 5.51709e-19)
(25.7773 5.57193 7.97066e-19)
(25.7812 5.56805 7.85787e-19)
(25.7841 5.56439 -1.0651e-18)
(25.7858 5.56092 0)
(25.7859 5.55752 0)
(25.7837 5.55425 0)
(25.7783 5.55105 -1.88498e-18)
(25.7703 5.54733 0)
(25.7614 5.54466 0)
(25.7505 5.54126 -2.85013e-18)
(25.7404 5.53864 0)
(25.7354 5.53749 0)
(25.7413 5.53953 -6.56435e-18)
(25.7639 5.54604 -1.53161e-17)
(25.8055 5.55859 0)
(25.8617 5.5768 0)
(25.9218 5.59324 0)
(25.9688 5.61632 0)
(25.9849 5.65142 4.41919e-17)
(25.9637 5.57778 1.53897e-16)
(25.3101 5.58742 1.36659e-20)
(25.3405 5.58438 -6.87476e-20)
(25.3669 5.58337 -1.32915e-20)
(25.3923 5.57995 -1.45422e-19)
(25.4174 5.57564 -8.73125e-20)
(25.4423 5.5718 0)
(25.467 5.5683 -1.55344e-19)
(25.4913 5.56454 -1.58562e-19)
(25.5151 5.56027 -1.61545e-19)
(25.5383 5.55555 -3.28667e-19)
(25.5606 5.5505 0)
(25.582 5.54515 0)
(25.6023 5.53946 0)
(25.6213 5.53338 0)
(25.6389 5.52686 0)
(25.6548 5.5199 3.54955e-19)
(25.669 5.51248 -4.05659e-19)
(25.6814 5.5046 0)
(25.6921 5.49624 0)
(25.7011 5.48737 7.27948e-19)
(25.708 5.47791 0)
(25.7113 5.4677 6.37071e-19)
(25.7078 5.45646 0)
(25.693 5.44392 0)
(25.6633 5.42999 1.45772e-18)
(25.6218 5.41521 1.2596e-18)
(25.5835 5.40115 0)
(25.5746 5.38971 -1.36577e-18)
(25.6248 5.38282 -1.2472e-18)
(25.7375 5.38099 3.1454e-18)
(25.8744 5.38168 0)
(25.9784 5.38012 1.80581e-18)
(25.9999 5.371 -1.68946e-18)
(25.9078 5.34986 -1.28732e-18)
(25.6905 5.31383 0)
(25.351 5.26165 0)
(24.9024 5.19335 -4.37827e-18)
(24.365 5.11 0)
(23.7627 5.01353 -3.28702e-18)
(23.122 4.9065 3.40501e-18)
(22.4708 4.79205 0)
(21.8383 4.67388 3.72298e-18)
(21.2554 4.5563 0)
(20.7551 4.44442 0)
(20.3737 4.34424 -7.02114e-18)
(20.1503 4.26273 0)
(20.1251 4.20763 -1.73123e-17)
(20.3336 4.18685 -8.06853e-18)
(20.8004 4.20735 0)
(21.5324 4.27401 8.45722e-18)
(22.5116 4.38809 3.47849e-18)
(23.6856 4.54553 2.04377e-17)
(24.9549 4.73448 3.15853e-18)
(26.1633 4.93117 1.98233e-17)
(27.1143 5.09937 -2.76004e-18)
(27.6602 5.2062 -3.71557e-17)
(27.8225 5.24783 3.47749e-17)
(27.7676 5.24955 0)
(27.6508 5.23852 0)
(27.5388 5.22745 0)
(27.4403 5.21852 1.91737e-17)
(27.3493 5.21098 -5.55224e-17)
(27.2615 5.20422 0)
(27.1758 5.19789 2.91152e-17)
(27.0922 5.19232 0)
(27.0107 5.18653 -2.12638e-17)
(26.932 5.1832 -1.7943e-17)
(26.8633 5.17751 7.92606e-18)
(26.8048 5.17529 -2.98964e-17)
(26.7458 5.17315 -1.3889e-17)
(26.6865 5.17168 -2.32353e-17)
(26.6264 5.16852 1.93523e-17)
(26.5657 5.17013 -1.57535e-17)
(26.5037 5.16206 2.5461e-18)
(26.4433 5.17493 -2.80483e-17)
(26.3807 5.14444 0)
(26.3244 5.20399 0)
(26.267 5.08353 0)
(26.1919 5.32075 1.32804e-17)
(26.2889 4.89114 0)
(25.2819 5.58935 -2.47375e-20)
(25.2558 5.59162 0)
(25.2322 5.59355 -4.35808e-20)
(25.2108 5.59561 0)
(25.1917 5.59767 -1.42651e-20)
(25.1748 5.59976 9.90371e-20)
(25.1602 5.60184 -1.26294e-19)
(25.1479 5.60392 8.87359e-20)
(25.1377 5.60597 0)
(25.1296 5.60799 0)
(25.1237 5.60996 0)
(25.1197 5.61187 0)
(25.1178 5.61372 1.29875e-19)
(25.1177 5.61549 8.99917e-20)
(25.1194 5.61716 1.66206e-19)
(25.1228 5.61873 1.04224e-19)
(25.1279 5.62019 -1.3389e-19)
(25.1346 5.62153 0)
(25.1427 5.62274 -2.3102e-20)
(25.1521 5.62381 -1.63752e-19)
(25.1629 5.62472 0)
(25.1747 5.62548 1.20228e-19)
(25.1877 5.62609 3.58988e-21)
(25.2016 5.62651 -8.12076e-20)
(25.2164 5.62676 0)
(25.232 5.62683 -1.12718e-19)
(25.2483 5.62672 4.12714e-20)
(25.2652 5.62642 0)
(25.2826 5.62593 0)
(25.3004 5.62525 0)
(25.3185 5.62439 1.33056e-19)
(25.337 5.62334 1.4181e-19)
(25.3556 5.6221 0)
(25.3744 5.62068 2.8201e-19)
(25.3933 5.61909 0)
(25.4122 5.61733 0)
(25.431 5.61542 0)
(25.4498 5.61335 0)
(25.4684 5.61115 -3.27063e-19)
(25.4869 5.60882 0)
(25.5051 5.60637 -6.34282e-19)
(25.5232 5.60382 0)
(25.5409 5.60119 -1.87603e-19)
(25.5584 5.59849 -9.6701e-19)
(25.5756 5.59574 5.51799e-19)
(25.5924 5.59295 0)
(25.6088 5.59014 0)
(25.6248 5.58732 9.30619e-19)
(25.6403 5.5845 0)
(25.6553 5.58169 -3.70585e-19)
(25.6698 5.5789 0)
(25.6835 5.57613 0)
(25.6966 5.57338 0)
(25.7088 5.57066 1.71367e-18)
(25.7202 5.56798 0)
(25.7306 5.56533 -5.16198e-19)
(25.7402 5.56274 9.62452e-19)
(25.7488 5.5602 0)
(25.7564 5.55774 0)
(25.7631 5.55537 -1.97096e-18)
(25.7689 5.5531 -7.85333e-19)
(25.7737 5.55095 1.87882e-19)
(25.7775 5.54895 -8.95162e-19)
(25.7799 5.54703 0)
(25.7803 5.54503 0)
(25.7781 5.54301 1.63384e-18)
(25.7723 5.54091 1.86372e-18)
(25.7639 5.53807 0)
(25.7552 5.53632 1.10513e-18)
(25.7455 5.53403 2.81589e-18)
(25.7382 5.53288 0)
(25.7376 5.53365 2.42501e-18)
(25.7494 5.53798 6.50273e-18)
(25.7781 5.54688 1.59858e-18)
(25.8244 5.56157 0)
(25.8827 5.58112 0)
(25.9415 5.59839 -6.44855e-18)
(25.9845 5.62253 0)
(25.9958 5.65514 -1.26633e-17)
(25.9669 5.58973 -4.16882e-17)
(25.5448 5.44459 2.82686e-20)
(25.5808 5.44124 -2.44561e-20)
(25.6114 5.44026 -3.08034e-20)
(25.6404 5.43692 0)
(25.6689 5.43266 -1.14822e-19)
(25.6968 5.42885 0)
(25.7243 5.4254 5.83158e-20)
(25.7512 5.42176 5.99755e-20)
(25.7774 5.41768 -1.23044e-19)
(25.8028 5.41322 -1.25906e-19)
(25.8274 5.40849 0)
(25.8508 5.40354 0)
(25.8731 5.39833 0)
(25.8942 5.39281 0)
(25.9138 5.38694 1.37453e-19)
(25.9318 5.3807 -2.78291e-19)
(25.9481 5.37406 -3.03277e-19)
(25.9625 5.36701 0)
(25.9749 5.35952 0)
(25.9853 5.35157 0)
(25.9938 5.34315 2.88103e-19)
(26.0006 5.33421 -6.22685e-19)
(26.0053 5.32468 0)
(26.0065 5.31436 5.76217e-19)
(26.0005 5.30292 5.74195e-19)
(25.9824 5.29001 -1.80524e-18)
(25.9482 5.2755 5.67305e-19)
(25.9014 5.25995 0)
(25.8579 5.24479 0)
(25.845 5.23207 -2.18122e-18)
(25.8894 5.22377 0)
(25.9891 5.22005 0)
(26.1015 5.21795 0)
(26.1684 5.21229 1.51198e-18)
(26.1423 5.19756 0)
(25.9962 5.16936 1.14902e-18)
(25.7232 5.12515 2.11681e-19)
(25.3306 5.06417 0)
(24.8358 4.98714 0)
(24.2624 4.89588 0)
(23.6375 4.79312 0)
(22.9905 4.68222 2.44556e-18)
(22.3526 4.56718 0)
(21.7564 4.45257 0)
(21.2369 4.34362 9.55151e-18)
(20.8322 4.24638 2.9353e-18)
(20.5835 4.16776 7.45459e-18)
(20.5333 4.11541 7.77262e-18)
(20.7192 4.09712 -6.36786e-18)
(21.1674 4.11965 -8.21154e-18)
(21.8848 4.18758 1.66201e-17)
(22.8506 4.30169 6.17793e-18)
(24.0045 4.45707 1.05318e-17)
(25.2333 4.64006 0)
(26.3632 4.82379 -2.70624e-17)
(27.1946 4.97108 1.0698e-17)
(27.6179 5.05633 0)
(27.7085 5.08705 0)
(27.6395 5.09158 8.54644e-18)
(27.5337 5.09122 0)
(27.433 5.09262 -1.89533e-17)
(27.3408 5.09553 1.65173e-17)
(27.2533 5.09892 -1.01016e-17)
(27.1683 5.10218 0)
(27.0853 5.10553 0)
(27.0042 5.10803 0)
(26.9261 5.11232 5.13723e-18)
(26.8571 5.11276 -7.80662e-18)
(26.7982 5.1155 1.33694e-17)
(26.7389 5.11842 0)
(26.6796 5.12189 6.43686e-18)
(26.6199 5.12373 0)
(26.56 5.12995 0)
(26.4987 5.12674 1.0569e-17)
(26.4389 5.14335 2.77322e-18)
(26.3767 5.11761 0)
(26.3209 5.17951 1.66824e-18)
(26.2626 5.0642 0)
(26.1908 5.30243 -9.53529e-18)
(26.2754 4.87865 3.41554e-17)
(25.5105 5.44691 2.58832e-21)
(25.4779 5.44946 0)
(25.4474 5.45171 4.26601e-20)
(25.4189 5.45409 1.73668e-20)
(25.3925 5.45647 -3.71047e-20)
(25.3681 5.45892 0)
(25.3458 5.46138 3.17805e-20)
(25.3256 5.46387 0)
(25.3075 5.46637 0)
(25.2915 5.46889 0)
(25.2775 5.47141 1.70614e-20)
(25.2657 5.47393 0)
(25.2558 5.47643 0)
(25.248 5.47893 3.04353e-20)
(25.242 5.48139 -3.53423e-20)
(25.2379 5.48382 1.34199e-20)
(25.2357 5.48622 2.71316e-20)
(25.2352 5.48856 0)
(25.2363 5.49087 2.26199e-20)
(25.2391 5.4931 1.59954e-20)
(25.2433 5.49527 0)
(25.249 5.49738 0)
(25.2561 5.49942 -3.51519e-21)
(25.2644 5.50137 -1.38569e-20)
(25.2738 5.50325 -4.98859e-20)
(25.2843 5.50505 -3.23112e-20)
(25.2958 5.50676 -1.0478e-19)
(25.3082 5.50838 0)
(25.3214 5.50993 0)
(25.3354 5.51139 0)
(25.3499 5.51277 -1.30269e-19)
(25.365 5.51406 3.52292e-20)
(25.3806 5.51529 0)
(25.3965 5.51643 -1.21435e-19)
(25.4128 5.51751 0)
(25.4293 5.51852 0)
(25.4461 5.51948 1.83678e-19)
(25.4629 5.52038 0)
(25.4798 5.52122 3.20256e-19)
(25.4968 5.52203 0)
(25.5137 5.5228 9.61103e-19)
(25.5305 5.52353 0)
(25.5472 5.52422 0)
(25.5638 5.52489 -3.7494e-20)
(25.5802 5.52553 -5.40545e-19)
(25.5963 5.52614 0)
(25.6121 5.52673 0)
(25.6276 5.52729 -9.12099e-19)
(25.6426 5.52781 0)
(25.6571 5.5283 4.00472e-19)
(25.6711 5.52874 7.31535e-19)
(25.6845 5.52914 0)
(25.6971 5.52947 -5.9786e-19)
(25.709 5.52976 -1.09964e-18)
(25.7201 5.52998 0)
(25.7303 5.53014 4.20542e-19)
(25.7397 5.53024 0)
(25.7482 5.5303 0)
(25.7558 5.53032 -5.66592e-19)
(25.7626 5.53032 1.14259e-18)
(25.7684 5.53031 -4.35537e-19)
(25.7733 5.5303 -9.48572e-19)
(25.777 5.5303 1.22915e-18)
(25.7792 5.53021 0)
(25.7791 5.52988 0)
(25.7761 5.5294 -1.61382e-18)
(25.7695 5.52872 5.38156e-19)
(25.7611 5.52705 0)
(25.7529 5.52652 -1.09021e-18)
(25.7453 5.52564 0)
(25.7416 5.5263 0)
(25.7464 5.52926 -3.12528e-18)
(25.7646 5.53598 1.4751e-18)
(25.7994 5.54721 5.21236e-18)
(25.8497 5.5639 0)
(25.909 5.58466 3.22807e-18)
(25.9654 5.6029 6.40698e-18)
(26.0032 5.62775 0)
(26.0093 5.6583 -2.38566e-18)
(25.9737 5.60347 -7.72972e-18)
(25.7278 5.31489 1.63643e-20)
(25.768 5.31166 2.02134e-20)
(25.8012 5.31082 -2.08657e-20)
(25.8323 5.3076 0)
(25.8622 5.30343 4.36526e-20)
(25.8914 5.29966 0)
(25.9197 5.29624 -6.82959e-20)
(25.9471 5.29271 -5.85664e-20)
(25.9736 5.28879 1.45562e-19)
(25.999 5.28454 1.22944e-19)
(26.0234 5.28007 0)
(26.0466 5.27545 -2.87983e-20)
(26.0685 5.27067 0)
(26.0892 5.26572 3.06502e-20)
(26.1084 5.26053 -1.34202e-19)
(26.1262 5.25511 2.07433e-19)
(26.1424 5.24944 0)
(26.157 5.24354 0)
(26.1697 5.23738 -6.72001e-20)
(26.1804 5.23091 0)
(26.1891 5.22417 -2.8106e-19)
(26.1958 5.21712 0)
(26.2007 5.20973 0)
(26.2041 5.20203 -6.97249e-19)
(26.2057 5.19388 -4.24775e-19)
(26.2038 5.18511 4.23155e-19)
(26.1941 5.17539 -4.20971e-19)
(26.1713 5.16423 1.28412e-19)
(26.1317 5.15148 0)
(26.0801 5.13775 1.06789e-18)
(26.0339 5.12444 0)
(26.0207 5.11356 2.15524e-19)
(26.0624 5.10686 0)
(26.1496 5.10399 1.64383e-19)
(26.235 5.10164 0)
(26.2592 5.09447 -1.31386e-18)
(26.1766 5.07658 1.23243e-18)
(25.9639 5.04309 -2.14751e-19)
(25.6182 4.99071 0)
(25.1518 4.91819 0)
(24.5875 4.82609 0)
(23.9543 4.71652 -2.41503e-18)
(23.2857 4.59295 0)
(22.6178 4.46003 0)
(21.9889 4.32353 -2.69267e-18)
(21.4399 4.19033 -3.30541e-18)
(21.0141 4.06841 0)
(20.7578 3.96696 1.15665e-18)
(20.7165 3.89611 4.92497e-18)
(20.929 3.86621 0)
(21.4187 3.88632 0)
(22.1858 3.96248 -6.07986e-18)
(23.1991 4.09566 4.34909e-18)
(24.3829 4.27902 -1.60298e-18)
(25.6031 4.49373 1.08487e-17)
(26.6639 4.70473 -1.03811e-17)
(27.3669 4.86872 0)
(27.6519 4.96168 -2.98954e-18)
(27.6506 4.99691 -8.40137e-18)
(27.5439 5.00554 2.25521e-18)
(27.4302 5.00913 0)
(27.3308 5.01464 0)
(27.241 5.02218 9.96121e-18)
(27.1558 5.03057 2.23991e-18)
(27.0734 5.03943 1.86037e-18)
(26.9931 5.04754 0)
(26.9161 5.05724 -5.06599e-18)
(26.8474 5.06217 0)
(26.7885 5.06872 -1.10676e-18)
(26.7294 5.07562 -9.40832e-19)
(26.6705 5.08304 -6.34331e-18)
(26.6116 5.08891 1.26951e-18)
(26.5526 5.09891 9.92644e-19)
(26.4924 5.09965 0)
(26.4333 5.11927 5.00882e-18)
(26.3719 5.09738 0)
(26.3165 5.16087 -1.64887e-18)
(26.2572 5.05053 0)
(26.1883 5.28611 9.43142e-18)
(26.2578 4.87277 -5.43676e-17)
(25.6888 5.31736 1.86248e-20)
(25.6508 5.32035 -1.92073e-21)
(25.6147 5.32307 0)
(25.5802 5.32605 -1.6964e-20)
(25.5475 5.32915 0)
(25.5166 5.33237 -4.70761e-22)
(25.4875 5.33573 0)
(25.4604 5.33923 0)
(25.4352 5.34283 0)
(25.412 5.34655 0)
(25.3909 5.35037 -1.6658e-20)
(25.3718 5.35429 0)
(25.3547 5.35829 0)
(25.3397 5.36237 0)
(25.3267 5.36653 -8.6285e-22)
(25.3156 5.37074 -1.30947e-20)
(25.3066 5.37501 -8.73553e-21)
(25.2995 5.37931 0)
(25.2942 5.38364 -4.04538e-20)
(25.2908 5.38801 0)
(25.2892 5.39237 -4.34947e-20)
(25.2892 5.39673 -4.46973e-20)
(25.2909 5.40107 0)
(25.2942 5.40541 0)
(25.2989 5.40969 4.86171e-20)
(25.3051 5.41394 9.46555e-20)
(25.3125 5.41813 -3.21734e-20)
(25.3212 5.42224 -9.47114e-20)
(25.3311 5.4263 0)
(25.342 5.43026 0)
(25.3539 5.43414 0)
(25.3667 5.43791 -1.69589e-19)
(25.3802 5.44159 0)
(25.3945 5.44516 -6.35982e-21)
(25.4094 5.44862 1.6538e-19)
(25.4248 5.45197 0)
(25.4407 5.45522 -1.78996e-19)
(25.457 5.45836 -2.91747e-19)
(25.4736 5.46141 0)
(25.4904 5.46437 -2.61852e-19)
(25.5074 5.46723 -3.31578e-19)
(25.5245 5.47002 2.3019e-19)
(25.5416 5.47274 0)
(25.5586 5.4754 5.87988e-19)
(25.5754 5.478 -3.63948e-19)
(25.5921 5.48056 0)
(25.6085 5.48307 0)
(25.6244 5.48554 -2.72614e-19)
(25.64 5.48797 -2.445e-19)
(25.655 5.49037 -8.27337e-19)
(25.6693 5.49272 -3.3043e-19)
(25.683 5.49502 0)
(25.6959 5.49727 5.85718e-19)
(25.708 5.49945 2.56528e-19)
(25.7192 5.50157 2.21166e-19)
(25.7296 5.50362 -6.01862e-19)
(25.7391 5.50561 0)
(25.7477 5.50752 -2.72902e-19)
(25.7554 5.50938 5.56838e-19)
(25.7623 5.51117 0)
(25.7683 5.51289 4.28533e-19)
(25.7733 5.51454 0)
(25.777 5.51606 -3.41341e-19)
(25.779 5.5173 -1.99856e-19)
(25.7784 5.51806 0)
(25.7745 5.51841 0)
(25.767 5.51838 -6.69706e-19)
(25.7581 5.51731 8.84938e-20)
(25.7503 5.51751 0)
(25.7443 5.51771 0)
(25.7437 5.51992 2.00573e-19)
(25.7531 5.52489 3.12146e-19)
(25.7765 5.53396 -1.87197e-18)
(25.8161 5.54756 4.22429e-19)
(25.8695 5.56623 0)
(25.9293 5.58833 -3.20301e-18)
(25.984 5.60779 1.01027e-18)
(26.0176 5.63274 0)
(26.019 5.66069 2.00765e-18)
(25.9817 5.61743 -2.18434e-17)
(26.0977 5.05336 6.15784e-21)
(26.1344 5.05029 3.65702e-21)
(26.1637 5.0498 -4.16947e-21)
(26.1907 5.04787 0)
(26.2163 5.04497 9.87715e-21)
(26.2409 5.04205 0)
(26.2645 5.03941 1.13242e-20)
(26.287 5.03685 0)
(26.3085 5.03416 -2.5336e-20)
(26.3289 5.03126 0)
(26.3481 5.02821 0)
(26.3661 5.02505 2.86904e-20)
(26.3829 5.0218 0)
(26.3986 5.01843 -3.05192e-20)
(26.413 5.01489 0)
(26.4261 5.01121 6.39424e-20)
(26.438 5.00735 0)
(26.4486 5.00333 0)
(26.4579 4.99913 6.68106e-20)
(26.4658 4.99469 0)
(26.4722 4.99003 0)
(26.4771 4.98513 0)
(26.4804 4.97993 0)
(26.4823 4.97444 1.34648e-19)
(26.483 4.96861 -1.33484e-19)
(26.483 4.96238 1.31868e-19)
(26.4823 4.95568 -1.29766e-19)
(26.4794 4.94822 -1.27177e-19)
(26.4705 4.93966 0)
(26.4505 4.9297 0)
(26.4159 4.91837 0)
(26.3708 4.90632 -2.24419e-19)
(26.3302 4.89503 0)
(26.315 4.88585 -2.02449e-19)
(26.3397 4.87895 0)
(26.3968 4.87257 0)
(26.4518 4.86294 0)
(26.4576 4.84596 2.71263e-19)
(26.3735 4.81815 0)
(26.1745 4.77716 0)
(25.853 4.72189 0)
(25.416 4.65247 0)
(24.8818 4.5701 0)
(24.277 4.47701 0)
(23.6343 4.3764 0)
(22.9915 4.27243 4.94937e-19)
(22.3905 4.17023 0)
(21.8779 4.07607 -1.11105e-18)
(21.5041 3.99729 1.18515e-18)
(21.3208 3.94192 0)
(21.3757 3.91813 0)
(21.7032 3.93296 0)
(22.3152 3.99088 1.47987e-18)
(23.1902 4.09221 1.53331e-18)
(24.2606 4.23115 0)
(25.3955 4.39204 0)
(26.3994 4.54774 0)
(27.0814 4.6699 2.88944e-18)
(27.3867 4.74792 0)
(27.4277 4.79364 -2.2317e-18)
(27.3581 4.82477 0)
(27.2673 4.8511 0)
(27.1815 4.87537 0)
(27.1019 4.89785 -2.21837e-18)
(27.0258 4.91881 -1.84126e-18)
(26.9516 4.9375 0)
(26.8808 4.95635 0)
(26.8157 4.96822 0)
(26.7589 4.98002 1.09237e-18)
(26.7014 4.99263 9.28783e-19)
(26.6446 5.006 0)
(26.5883 5.01806 -1.2538e-18)
(26.5328 5.03368 -9.80588e-19)
(26.4753 5.04115 0)
(26.4211 5.06477 0)
(26.3583 5.05171 0)
(26.3142 5.11268 0)
(26.2369 5.0202 0)
(26.2111 5.23268 0)
(26.1927 4.84522 2.03578e-17)
(26.0614 5.05582 2.49443e-21)
(26.0255 5.05843 1.91767e-21)
(25.9906 5.06089 0)
(25.9565 5.06351 0)
(25.9234 5.06626 0)
(25.8914 5.06913 4.70081e-22)
(25.8606 5.07217 0)
(25.8311 5.07538 0)
(25.8028 5.07873 0)
(25.776 5.08226 0)
(25.7505 5.08596 0)
(25.7266 5.08986 0)
(25.7042 5.09394 0)
(25.6834 5.09821 0)
(25.6642 5.10269 -1.59229e-20)
(25.6465 5.10737 0)
(25.6305 5.11227 1.82618e-20)
(25.6161 5.11738 0)
(25.6033 5.12271 4.03884e-20)
(25.592 5.12829 0)
(25.5823 5.13408 4.34066e-20)
(25.5741 5.14012 4.45968e-20)
(25.5674 5.14641 0)
(25.5622 5.15295 0)
(25.5583 5.15975 0)
(25.5557 5.16681 -9.43339e-20)
(25.5545 5.17413 9.4529e-20)
(25.5544 5.18172 9.43094e-20)
(25.5555 5.18959 0)
(25.5576 5.19773 0)
(25.5608 5.20613 0)
(25.5648 5.2148 0)
(25.5698 5.22372 0)
(25.5755 5.23291 -1.69567e-19)
(25.5819 5.24233 -1.64004e-19)
(25.589 5.25198 0)
(25.5967 5.26184 0)
(25.6049 5.2719 2.88735e-19)
(25.6135 5.28213 0)
(25.6224 5.29249 2.58774e-19)
(25.6317 5.30295 0)
(25.6412 5.3135 -2.27181e-19)
(25.6509 5.32407 0)
(25.6607 5.33464 0)
(25.6705 5.34515 3.58544e-19)
(25.6803 5.35556 0)
(25.69 5.36581 0)
(25.6995 5.37587 2.68195e-19)
(25.7088 5.38568 2.40471e-19)
(25.7178 5.3952 4.2828e-19)
(25.7264 5.40439 -3.79043e-19)
(25.7346 5.41322 0)
(25.7424 5.42165 0)
(25.7497 5.42967 -2.52171e-19)
(25.7565 5.43726 -2.17428e-19)
(25.7628 5.44442 1.86084e-19)
(25.7686 5.45114 0)
(25.7739 5.45744 2.68475e-19)
(25.7786 5.46333 0)
(25.7828 5.46881 0)
(25.7862 5.47389 0)
(25.7886 5.47856 0)
(25.7896 5.48279 0)
(25.7885 5.48645 1.97141e-19)
(25.7847 5.48945 0)
(25.778 5.49201 0)
(25.7691 5.49425 1.36471e-19)
(25.7612 5.49534 -8.71738e-20)
(25.756 5.498 0)
(25.7552 5.50116 0)
(25.7622 5.50678 -1.98124e-19)
(25.7805 5.51537 4.01094e-19)
(25.813 5.52792 4.07701e-19)
(25.8595 5.54456 -4.18257e-19)
(25.9158 5.56527 0)
(25.974 5.58823 0)
(26.023 5.6097 -1.00324e-18)
(26.0459 5.63387 0)
(26.039 5.65396 3.65307e-19)
(26.0071 5.63946 0)
)
;

boundaryField
{
    inlet
    {
        type            freestreamVelocity;
        freestreamValue uniform (25.8718 5.7356 0);
        value           nonuniform List<vector> 
134
(
(25.8718 5.73567 -1.20546e-20)
(25.8718 5.73569 -1.14641e-18)
(25.8718 5.7357 2.72896e-18)
(25.8718 5.73571 -4.72394e-18)
(25.8718 5.73571 2.37741e-18)
(25.8718 5.7357 1.49002e-18)
(25.8718 5.7357 -3.61923e-18)
(25.8718 5.73568 1.87245e-18)
(25.8718 5.73567 -6.5848e-19)
(25.8718 5.73564 5.12932e-19)
(25.8734 5.74316 -1.72408e-18)
(25.873 5.74859 0)
(25.8731 5.75397 2.01775e-17)
(25.8746 5.75765 -2.30219e-17)
(25.8774 5.75903 0)
(25.8815 5.75783 0)
(25.8868 5.75399 0)
(25.8931 5.74754 1.84148e-17)
(25.9004 5.73863 -3.8603e-18)
(25.9087 5.72746 -1.49444e-17)
(25.8718 5.73565 1.7782e-18)
(25.9179 5.71439 0)
(25.9279 5.69993 2.15068e-17)
(25.9383 5.68479 -4.91039e-17)
(25.9483 5.66972 2.77557e-17)
(25.957 5.65524 0)
(25.9655 5.64049 -2.37013e-19)
(25.9721 5.62751 0)
(25.9819 5.61089 -1.60135e-18)
(25.9932 5.59339 -2.48404e-17)
(25.9912 5.59182 5.04724e-17)
(26.0032 5.57051 -2.84644e-17)
(26.0097 5.55687 0)
(26.0168 5.54327 6.33618e-17)
(26.0238 5.52977 -1.28415e-16)
(26.0306 5.51633 6.48989e-17)
(26.038 5.50273 1.41417e-16)
(26.047 5.48859 -1.39886e-16)
(26.0606 5.47343 1.32296e-18)
(26.0826 5.45154 0)
(25.8718 5.73563 1.9543e-18)
(25.8718 5.73561 -5.8959e-18)
(25.8718 5.73557 3.40935e-18)
(25.8718 5.73554 -4.15638e-18)
(25.8718 5.7355 3.38051e-18)
(25.8718 5.73544 -3.29981e-18)
(25.8718 5.73548 7.15778e-18)
(26.0865 5.44567 0)
(26.0873 5.43743 0)
(26.0869 5.42924 0)
(26.0878 5.42074 0)
(26.0895 5.4121 0)
(26.0912 5.40351 0)
(26.0928 5.39495 0)
(26.0945 5.38636 0)
(26.0964 5.37771 0)
(26.0984 5.36899 0)
(26.1005 5.36018 0)
(26.1027 5.35127 0)
(26.1049 5.34224 0)
(26.1072 5.33307 0)
(26.1094 5.32375 0)
(26.1114 5.31426 0)
(26.1133 5.30467 0)
(26.1146 5.29465 0)
(26.1162 5.28535 -1.37451e-16)
(26.1187 5.27585 1.36374e-16)
(26.1213 5.26624 0)
(26.1232 5.25669 -1.27462e-16)
(26.1241 5.24735 1.26372e-16)
(26.1236 5.23845 0)
(26.1213 5.23047 0)
(26.1132 5.22308 2.04274e-17)
(26.1027 5.21958 -3.25145e-17)
(26.0637 5.20324 1.21719e-17)
(25.8697 5.70508 -2.65396e-16)
(25.8528 5.6828 3.28605e-17)
(25.8387 5.66237 0)
(25.8287 5.6452 2.6183e-16)
(25.8215 5.6323 -5.80759e-16)
(25.8163 5.62314 3.37228e-16)
(25.8135 5.61685 4.09409e-16)
(25.8131 5.61253 -2.10519e-16)
(25.8145 5.60954 4.62689e-18)
(25.8174 5.60733 -4.74325e-16)
(25.8213 5.60554 2.4055e-16)
(25.8258 5.60399 0)
(25.8306 5.60255 -1.39099e-18)
(25.8354 5.60119 -1.14451e-16)
(25.8399 5.59992 1.1448e-16)
(25.8432 5.59888 1.12131e-16)
(25.8453 5.59821 -1.67967e-16)
(25.847 5.59791 5.6298e-17)
(25.849 5.59793 0)
(25.8512 5.5982 0)
(25.8535 5.59871 0)
(25.8557 5.59943 2.73498e-17)
(25.858 5.60032 2.71077e-17)
(25.8603 5.60136 -5.40571e-17)
(25.8626 5.60251 0)
(25.8649 5.60375 1.12875e-18)
(25.8671 5.60505 -9.85184e-17)
(25.8688 5.60643 9.84814e-17)
(25.8698 5.60799 -9.52238e-17)
(25.8683 5.60985 2.81815e-16)
(25.8654 5.61253 -1.90035e-16)
(25.8655 5.61417 -2.00358e-16)
(25.8685 5.61594 1.99743e-16)
(25.8717 5.61774 0)
(25.8743 5.61945 0)
(25.8766 5.62121 0)
(25.879 5.62309 0)
(25.8814 5.62506 0)
(25.8838 5.62709 0)
(25.886 5.6292 0)
(25.8881 5.63139 0)
(25.8902 5.63367 0)
(25.8922 5.63604 0)
(25.8942 5.63849 0)
(25.896 5.64102 0)
(25.8978 5.64364 0)
(25.8996 5.64634 0)
(25.9014 5.64911 0)
(25.9033 5.65189 -9.79327e-17)
(25.9048 5.65496 9.59317e-17)
(25.9055 5.65825 0)
(25.9059 5.66171 3.93196e-17)
(25.9064 5.66539 -3.91244e-17)
(25.907 5.66932 -3.23738e-17)
(25.9079 5.67357 6.04881e-17)
(25.9092 5.67828 -1.63818e-17)
(25.9118 5.68369 -3.03681e-18)
(25.915 5.68919 -8.57983e-18)
(25.9249 5.69785 0)
)
;
    }
    outlet
    {
        type            freestreamVelocity;
        freestreamValue uniform (25.8718 5.7356 0);
        value           nonuniform List<vector> 
160
(
(26.0957 5.05958 6.10171e-21)
(26.0597 5.06204 2.47161e-21)
(26.132 5.05653 3.62373e-21)
(26.0241 5.06465 1.90006e-21)
(26.1611 5.05602 -4.1316e-21)
(25.9895 5.06711 0)
(26.1878 5.0541 0)
(25.9557 5.06973 0)
(26.2132 5.05121 9.78796e-21)
(25.923 5.07248 0)
(26.2376 5.0483 0)
(25.8913 5.07534 4.65703e-22)
(26.261 5.04566 1.12225e-20)
(25.8607 5.07837 0)
(26.2833 5.04311 0)
(25.8315 5.08157 0)
(26.3046 5.04043 -2.51097e-20)
(25.8035 5.08491 0)
(26.3248 5.03754 0)
(25.7769 5.08843 0)
(26.3438 5.03449 0)
(25.7517 5.09211 0)
(26.3617 5.03135 2.84361e-20)
(25.728 5.096 0)
(26.3784 5.02811 0)
(25.7058 5.10006 0)
(26.3939 5.02476 -3.025e-20)
(25.6852 5.10431 0)
(26.4082 5.02123 0)
(25.6662 5.10876 -1.577e-20)
(26.4213 5.01756 6.33811e-20)
(25.6487 5.11342 0)
(26.4331 5.01373 0)
(25.6328 5.11829 1.80854e-20)
(26.4436 5.00973 0)
(25.6186 5.12337 0)
(26.4528 5.00555 6.62282e-20)
(25.6059 5.12866 3.99959e-20)
(26.4606 5.00114 0)
(25.5947 5.13421 0)
(26.467 4.9965 0)
(25.5851 5.13996 4.29822e-20)
(26.4719 4.99163 0)
(25.577 5.14596 4.41595e-20)
(26.4752 4.98645 0)
(25.5704 5.1522 0)
(26.477 4.981 1.33488e-19)
(25.5652 5.1587 0)
(26.4777 4.9752 -1.32337e-19)
(25.5614 5.16544 0)
(26.4778 4.96901 1.30737e-19)
(25.5589 5.17245 -9.33982e-20)
(26.4771 4.96236 -1.28656e-19)
(25.5576 5.17972 9.35886e-20)
(26.4742 4.95494 -1.26092e-19)
(25.5576 5.18725 9.33685e-20)
(26.4654 4.94643 0)
(25.5586 5.19505 0)
(26.4456 4.93654 0)
(25.5608 5.20313 0)
(26.4113 4.92529 0)
(25.5639 5.21146 0)
(26.3666 4.91333 -2.2252e-19)
(25.5679 5.22005 0)
(26.3263 4.90213 0)
(25.5728 5.2289 0)
(26.3112 4.89301 -2.00743e-19)
(25.5785 5.23801 -1.67845e-19)
(26.3358 4.88614 0)
(25.5849 5.24735 -1.62334e-19)
(26.3925 4.87976 0)
(25.5919 5.25692 0)
(26.447 4.87015 0)
(25.5995 5.2667 0)
(26.4528 4.85326 2.69037e-19)
(25.6076 5.27667 2.85766e-19)
(26.3694 4.82564 0)
(25.6161 5.2868 0)
(26.1721 4.78497 0)
(25.625 5.29707 2.56098e-19)
(25.8532 4.73016 0)
(25.6342 5.30744 0)
(25.4197 4.66135 0)
(25.6436 5.31789 -2.24816e-19)
(24.89 4.57972 0)
(25.6532 5.32837 0)
(24.2903 4.48748 0)
(25.6629 5.33884 0)
(23.6531 4.38779 0)
(25.6726 5.34925 3.54777e-19)
(23.0158 4.28478 4.90758e-19)
(25.6823 5.35957 0)
(22.4201 4.1835 0)
(25.6919 5.36972 0)
(21.9118 4.09015 -1.10162e-18)
(25.7013 5.37968 2.65352e-19)
(21.541 4.01198 1.17514e-18)
(25.7105 5.3894 2.37914e-19)
(21.3589 3.95692 0)
(25.7194 5.39883 4.23715e-19)
(21.4127 3.93308 0)
(25.728 5.40793 -3.74992e-19)
(21.7368 3.94747 0)
(25.7361 5.41667 0)
(22.343 4.00456 1.46826e-18)
(25.7438 5.42502 0)
(23.2107 4.10476 1.5216e-18)
(25.751 5.43296 -2.49456e-19)
(24.2726 4.24237 0)
(25.7578 5.44048 -2.15082e-19)
(25.399 4.4019 0)
(25.764 5.44757 1.84072e-19)
(26.3955 4.55639 0)
(25.7697 5.45422 0)
(27.0726 4.67768 2.86835e-18)
(25.775 5.46046 2.65561e-19)
(27.3755 4.75521 0)
(25.7796 5.46629 0)
(27.416 4.80071 -2.21496e-18)
(25.7838 5.47171 0)
(27.3468 4.83172 0)
(25.7871 5.47674 0)
(27.2564 4.85796 0)
(25.7895 5.48136 0)
(27.1712 4.88215 0)
(25.7905 5.48556 0)
(27.0921 4.90455 -2.20062e-18)
(25.7894 5.48918 1.94981e-19)
(27.0165 4.92543 -1.82633e-18)
(25.7857 5.49215 0)
(26.9428 4.94405 0)
(25.779 5.49469 0)
(26.8724 4.96283 0)
(25.7702 5.4969 1.3497e-19)
(26.8078 4.97466 0)
(25.7624 5.49799 -8.62141e-20)
(26.7514 4.98641 1.08312e-18)
(25.7573 5.50062 0)
(26.6943 4.99898 9.20848e-19)
(25.7565 5.50375 0)
(26.638 5.01229 0)
(25.7634 5.50931 -1.95934e-19)
(26.582 5.0243 -1.24289e-18)
(25.7816 5.51781 3.96653e-19)
(26.527 5.03985 -9.71971e-19)
(25.8137 5.53022 4.03179e-19)
(26.47 5.0473 0)
(25.8596 5.54668 -4.13607e-19)
(26.4162 5.07078 0)
(25.9153 5.56717 0)
(26.354 5.05783 0)
(25.9729 5.58988 0)
(26.3101 5.11841 0)
(26.0213 5.61112 -9.91971e-19)
(26.2336 5.02659 0)
(26.0439 5.63502 0)
(26.2078 5.23756 0)
(26.0371 5.65489 3.61146e-19)
(26.1901 4.85267 2.01874e-17)
(26.0056 5.64055 0)
)
;
    }
    walls
    {
        type            noSlip;
    }
    frontAndBack
    {
        type            empty;
    }
}


// ************************************************************************* //
